Date,oni,dmi,oni_lag3m,oni_lag6m,dmi_lag3m
2015-01-01,0.69,-0.1,,,
2015-01-02,0.69,-0.1,,,
2015-01-03,0.69,-0.1,,,
2015-01-04,0.69,-0.1,,,
2015-01-05,0.69,-0.1,,,
2015-01-06,0.69,-0.1,,,
2015-01-07,0.69,-0.1,,,
2015-01-08,0.69,-0.1,,,
2015-01-09,0.69,-0.1,,,
2015-01-10,0.69,-0.1,,,
2015-01-11,0.69,-0.1,,,
2015-01-12,0.69,-0.1,,,
2015-01-13,0.69,-0.1,,,
2015-01-14,0.69,-0.1,,,
2015-01-15,0.69,-0.1,,,
2015-01-16,0.69,-0.1,,,
2015-01-17,0.69,-0.1,,,
2015-01-18,0.69,-0.1,,,
2015-01-19,0.69,-0.1,,,
2015-01-20,0.69,-0.1,,,
2015-01-21,0.69,-0.1,,,
2015-01-22,0.69,-0.1,,,
2015-01-23,0.69,-0.1,,,
2015-01-24,0.69,-0.1,,,
2015-01-25,0.69,-0.1,,,
2015-01-26,0.69,-0.1,,,
2015-01-27,0.69,-0.1,,,
2015-01-28,0.69,-0.1,,,
2015-01-29,0.69,-0.1,,,
2015-01-30,0.69,-0.1,,,
2015-01-31,0.69,-0.1,,,
2015-02-01,0.61,-0.345,,,
2015-02-02,0.61,-0.345,,,
2015-02-03,0.61,-0.345,,,
2015-02-04,0.61,-0.345,,,
2015-02-05,0.61,-0.345,,,
2015-02-06,0.61,-0.345,,,
2015-02-07,0.61,-0.345,,,
2015-02-08,0.61,-0.345,,,
2015-02-09,0.61,-0.345,,,
2015-02-10,0.61,-0.345,,,
2015-02-11,0.61,-0.345,,,
2015-02-12,0.61,-0.345,,,
2015-02-13,0.61,-0.345,,,
2015-02-14,0.61,-0.345,,,
2015-02-15,0.61,-0.345,,,
2015-02-16,0.61,-0.345,,,
2015-02-17,0.61,-0.345,,,
2015-02-18,0.61,-0.345,,,
2015-02-19,0.61,-0.345,,,
2015-02-20,0.61,-0.345,,,
2015-02-21,0.61,-0.345,,,
2015-02-22,0.61,-0.345,,,
2015-02-23,0.61,-0.345,,,
2015-02-24,0.61,-0.345,,,
2015-02-25,0.61,-0.345,,,
2015-02-26,0.61,-0.345,,,
2015-02-27,0.61,-0.345,,,
2015-02-28,0.61,-0.345,,,
2015-03-01,0.65,-0.241,,,
2015-03-02,0.65,-0.241,,,
2015-03-03,0.65,-0.241,,,
2015-03-04,0.65,-0.241,,,
2015-03-05,0.65,-0.241,,,
2015-03-06,0.65,-0.241,,,
2015-03-07,0.65,-0.241,,,
2015-03-08,0.65,-0.241,,,
2015-03-09,0.65,-0.241,,,
2015-03-10,0.65,-0.241,,,
2015-03-11,0.65,-0.241,,,
2015-03-12,0.65,-0.241,,,
2015-03-13,0.65,-0.241,,,
2015-03-14,0.65,-0.241,,,
2015-03-15,0.65,-0.241,,,
2015-03-16,0.65,-0.241,,,
2015-03-17,0.65,-0.241,,,
2015-03-18,0.65,-0.241,,,
2015-03-19,0.65,-0.241,,,
2015-03-20,0.65,-0.241,,,
2015-03-21,0.65,-0.241,,,
2015-03-22,0.65,-0.241,,,
2015-03-23,0.65,-0.241,,,
2015-03-24,0.65,-0.241,,,
2015-03-25,0.65,-0.241,,,
2015-03-26,0.65,-0.241,,,
2015-03-27,0.65,-0.241,,,
2015-03-28,0.65,-0.241,,,
2015-03-29,0.65,-0.241,,,
2015-03-30,0.65,-0.241,,,
2015-03-31,0.65,-0.241,,,
2015-04-01,0.81,-0.008,0.69,,-0.1
2015-04-02,0.81,-0.008,0.69,,-0.1
2015-04-03,0.81,-0.008,0.69,,-0.1
2015-04-04,0.81,-0.008,0.69,,-0.1
2015-04-05,0.81,-0.008,0.69,,-0.1
2015-04-06,0.81,-0.008,0.69,,-0.1
2015-04-07,0.81,-0.008,0.69,,-0.1
2015-04-08,0.81,-0.008,0.69,,-0.1
2015-04-09,0.81,-0.008,0.69,,-0.1
2015-04-10,0.81,-0.008,0.69,,-0.1
2015-04-11,0.81,-0.008,0.69,,-0.1
2015-04-12,0.81,-0.008,0.69,,-0.1
2015-04-13,0.81,-0.008,0.69,,-0.1
2015-04-14,0.81,-0.008,0.69,,-0.1
2015-04-15,0.81,-0.008,0.69,,-0.1
2015-04-16,0.81,-0.008,0.69,,-0.1
2015-04-17,0.81,-0.008,0.69,,-0.1
2015-04-18,0.81,-0.008,0.69,,-0.1
2015-04-19,0.81,-0.008,0.69,,-0.1
2015-04-20,0.81,-0.008,0.69,,-0.1
2015-04-21,0.81,-0.008,0.69,,-0.1
2015-04-22,0.81,-0.008,0.69,,-0.1
2015-04-23,0.81,-0.008,0.69,,-0.1
2015-04-24,0.81,-0.008,0.69,,-0.1
2015-04-25,0.81,-0.008,0.69,,-0.1
2015-04-26,0.81,-0.008,0.69,,-0.1
2015-04-27,0.81,-0.008,0.69,,-0.1
2015-04-28,0.81,-0.008,0.69,,-0.1
2015-04-29,0.81,-0.008,0.69,,-0.1
2015-04-30,0.81,-0.008,0.69,,-0.1
2015-05-01,1.02,0.24,0.69,,-0.1
2015-05-02,1.02,0.24,0.61,,-0.345
2015-05-03,1.02,0.24,0.61,,-0.345
2015-05-04,1.02,0.24,0.61,,-0.345
2015-05-05,1.02,0.24,0.61,,-0.345
2015-05-06,1.02,0.24,0.61,,-0.345
2015-05-07,1.02,0.24,0.61,,-0.345
2015-05-08,1.02,0.24,0.61,,-0.345
2015-05-09,1.02,0.24,0.61,,-0.345
2015-05-10,1.02,0.24,0.61,,-0.345
2015-05-11,1.02,0.24,0.61,,-0.345
2015-05-12,1.02,0.24,0.61,,-0.345
2015-05-13,1.02,0.24,0.61,,-0.345
2015-05-14,1.02,0.24,0.61,,-0.345
2015-05-15,1.02,0.24,0.61,,-0.345
2015-05-16,1.02,0.24,0.61,,-0.345
2015-05-17,1.02,0.24,0.61,,-0.345
2015-05-18,1.02,0.24,0.61,,-0.345
2015-05-19,1.02,0.24,0.61,,-0.345
2015-05-20,1.02,0.24,0.61,,-0.345
2015-05-21,1.02,0.24,0.61,,-0.345
2015-05-22,1.02,0.24,0.61,,-0.345
2015-05-23,1.02,0.24,0.61,,-0.345
2015-05-24,1.02,0.24,0.61,,-0.345
2015-05-25,1.02,0.24,0.61,,-0.345
2015-05-26,1.02,0.24,0.61,,-0.345
2015-05-27,1.02,0.24,0.61,,-0.345
2015-05-28,1.02,0.24,0.61,,-0.345
2015-05-29,1.02,0.24,0.61,,-0.345
2015-05-30,1.02,0.24,0.65,,-0.241
2015-05-31,1.02,0.24,0.65,,-0.241
2015-06-01,1.25,0.296,0.65,,-0.241
2015-06-02,1.25,0.296,0.65,,-0.241
2015-06-03,1.25,0.296,0.65,,-0.241
2015-06-04,1.25,0.296,0.65,,-0.241
2015-06-05,1.25,0.296,0.65,,-0.241
2015-06-06,1.25,0.296,0.65,,-0.241
2015-06-07,1.25,0.296,0.65,,-0.241
2015-06-08,1.25,0.296,0.65,,-0.241
2015-06-09,1.25,0.296,0.65,,-0.241
2015-06-10,1.25,0.296,0.65,,-0.241
2015-06-11,1.25,0.296,0.65,,-0.241
2015-06-12,1.25,0.296,0.65,,-0.241
2015-06-13,1.25,0.296,0.65,,-0.241
2015-06-14,1.25,0.296,0.65,,-0.241
2015-06-15,1.25,0.296,0.65,,-0.241
2015-06-16,1.25,0.296,0.65,,-0.241
2015-06-17,1.25,0.296,0.65,,-0.241
2015-06-18,1.25,0.296,0.65,,-0.241
2015-06-19,1.25,0.296,0.65,,-0.241
2015-06-20,1.25,0.296,0.65,,-0.241
2015-06-21,1.25,0.296,0.65,,-0.241
2015-06-22,1.25,0.296,0.65,,-0.241
2015-06-23,1.25,0.296,0.65,,-0.241
2015-06-24,1.25,0.296,0.65,,-0.241
2015-06-25,1.25,0.296,0.65,,-0.241
2015-06-26,1.25,0.296,0.65,,-0.241
2015-06-27,1.25,0.296,0.65,,-0.241
2015-06-28,1.25,0.296,0.65,,-0.241
2015-06-29,1.25,0.296,0.65,,-0.241
2015-06-30,1.25,0.296,0.81,0.69,-0.008
2015-07-01,1.57,0.225,0.81,0.69,-0.008
2015-07-02,1.57,0.225,0.81,0.69,-0.008
2015-07-03,1.57,0.225,0.81,0.69,-0.008
2015-07-04,1.57,0.225,0.81,0.69,-0.008
2015-07-05,1.57,0.225,0.81,0.69,-0.008
2015-07-06,1.57,0.225,0.81,0.69,-0.008
2015-07-07,1.57,0.225,0.81,0.69,-0.008
2015-07-08,1.57,0.225,0.81,0.69,-0.008
2015-07-09,1.57,0.225,0.81,0.69,-0.008
2015-07-10,1.57,0.225,0.81,0.69,-0.008
2015-07-11,1.57,0.225,0.81,0.69,-0.008
2015-07-12,1.57,0.225,0.81,0.69,-0.008
2015-07-13,1.57,0.225,0.81,0.69,-0.008
2015-07-14,1.57,0.225,0.81,0.69,-0.008
2015-07-15,1.57,0.225,0.81,0.69,-0.008
2015-07-16,1.57,0.225,0.81,0.69,-0.008
2015-07-17,1.57,0.225,0.81,0.69,-0.008
2015-07-18,1.57,0.225,0.81,0.69,-0.008
2015-07-19,1.57,0.225,0.81,0.69,-0.008
2015-07-20,1.57,0.225,0.81,0.69,-0.008
2015-07-21,1.57,0.225,0.81,0.69,-0.008
2015-07-22,1.57,0.225,0.81,0.69,-0.008
2015-07-23,1.57,0.225,0.81,0.69,-0.008
2015-07-24,1.57,0.225,0.81,0.69,-0.008
2015-07-25,1.57,0.225,0.81,0.69,-0.008
2015-07-26,1.57,0.225,0.81,0.69,-0.008
2015-07-27,1.57,0.225,0.81,0.69,-0.008
2015-07-28,1.57,0.225,0.81,0.69,-0.008
2015-07-29,1.57,0.225,0.81,0.69,-0.008
2015-07-30,1.57,0.225,1.02,0.69,0.24
2015-07-31,1.57,0.225,1.02,0.61,0.24
2015-08-01,1.91,0.568,1.02,0.61,0.24
2015-08-02,1.91,0.568,1.02,0.61,0.24
2015-08-03,1.91,0.568,1.02,0.61,0.24
2015-08-04,1.91,0.568,1.02,0.61,0.24
2015-08-05,1.91,0.568,1.02,0.61,0.24
2015-08-06,1.91,0.568,1.02,0.61,0.24
2015-08-07,1.91,0.568,1.02,0.61,0.24
2015-08-08,1.91,0.568,1.02,0.61,0.24
2015-08-09,1.91,0.568,1.02,0.61,0.24
2015-08-10,1.91,0.568,1.02,0.61,0.24
2015-08-11,1.91,0.568,1.02,0.61,0.24
2015-08-12,1.91,0.568,1.02,0.61,0.24
2015-08-13,1.91,0.568,1.02,0.61,0.24
2015-08-14,1.91,0.568,1.02,0.61,0.24
2015-08-15,1.91,0.568,1.02,0.61,0.24
2015-08-16,1.91,0.568,1.02,0.61,0.24
2015-08-17,1.91,0.568,1.02,0.61,0.24
2015-08-18,1.91,0.568,1.02,0.61,0.24
2015-08-19,1.91,0.568,1.02,0.61,0.24
2015-08-20,1.91,0.568,1.02,0.61,0.24
2015-08-21,1.91,0.568,1.02,0.61,0.24
2015-08-22,1.91,0.568,1.02,0.61,0.24
2015-08-23,1.91,0.568,1.02,0.61,0.24
2015-08-24,1.91,0.568,1.02,0.61,0.24
2015-08-25,1.91,0.568,1.02,0.61,0.24
2015-08-26,1.91,0.568,1.02,0.61,0.24
2015-08-27,1.91,0.568,1.02,0.61,0.24
2015-08-28,1.91,0.568,1.02,0.65,0.24
2015-08-29,1.91,0.568,1.02,0.65,0.24
2015-08-30,1.91,0.568,1.25,0.65,0.296
2015-08-31,1.91,0.568,1.25,0.65,0.296
2015-09-01,2.21,0.294,1.25,0.65,0.296
2015-09-02,2.21,0.294,1.25,0.65,0.296
2015-09-03,2.21,0.294,1.25,0.65,0.296
2015-09-04,2.21,0.294,1.25,0.65,0.296
2015-09-05,2.21,0.294,1.25,0.65,0.296
2015-09-06,2.21,0.294,1.25,0.65,0.296
2015-09-07,2.21,0.294,1.25,0.65,0.296
2015-09-08,2.21,0.294,1.25,0.65,0.296
2015-09-09,2.21,0.294,1.25,0.65,0.296
2015-09-10,2.21,0.294,1.25,0.65,0.296
2015-09-11,2.21,0.294,1.25,0.65,0.296
2015-09-12,2.21,0.294,1.25,0.65,0.296
2015-09-13,2.21,0.294,1.25,0.65,0.296
2015-09-14,2.21,0.294,1.25,0.65,0.296
2015-09-15,2.21,0.294,1.25,0.65,0.296
2015-09-16,2.21,0.294,1.25,0.65,0.296
2015-09-17,2.21,0.294,1.25,0.65,0.296
2015-09-18,2.21,0.294,1.25,0.65,0.296
2015-09-19,2.21,0.294,1.25,0.65,0.296
2015-09-20,2.21,0.294,1.25,0.65,0.296
2015-09-21,2.21,0.294,1.25,0.65,0.296
2015-09-22,2.21,0.294,1.25,0.65,0.296
2015-09-23,2.21,0.294,1.25,0.65,0.296
2015-09-24,2.21,0.294,1.25,0.65,0.296
2015-09-25,2.21,0.294,1.25,0.65,0.296
2015-09-26,2.21,0.294,1.25,0.65,0.296
2015-09-27,2.21,0.294,1.25,0.65,0.296
2015-09-28,2.21,0.294,1.25,0.81,0.296
2015-09-29,2.21,0.294,1.57,0.81,0.225
2015-09-30,2.21,0.294,1.57,0.81,0.225
2015-10-01,2.47,0.482,1.57,0.81,0.225
2015-10-02,2.47,0.482,1.57,0.81,0.225
2015-10-03,2.47,0.482,1.57,0.81,0.225
2015-10-04,2.47,0.482,1.57,0.81,0.225
2015-10-05,2.47,0.482,1.57,0.81,0.225
2015-10-06,2.47,0.482,1.57,0.81,0.225
2015-10-07,2.47,0.482,1.57,0.81,0.225
2015-10-08,2.47,0.482,1.57,0.81,0.225
2015-10-09,2.47,0.482,1.57,0.81,0.225
2015-10-10,2.47,0.482,1.57,0.81,0.225
2015-10-11,2.47,0.482,1.57,0.81,0.225
2015-10-12,2.47,0.482,1.57,0.81,0.225
2015-10-13,2.47,0.482,1.57,0.81,0.225
2015-10-14,2.47,0.482,1.57,0.81,0.225
2015-10-15,2.47,0.482,1.57,0.81,0.225
2015-10-16,2.47,0.482,1.57,0.81,0.225
2015-10-17,2.47,0.482,1.57,0.81,0.225
2015-10-18,2.47,0.482,1.57,0.81,0.225
2015-10-19,2.47,0.482,1.57,0.81,0.225
2015-10-20,2.47,0.482,1.57,0.81,0.225
2015-10-21,2.47,0.482,1.57,0.81,0.225
2015-10-22,2.47,0.482,1.57,0.81,0.225
2015-10-23,2.47,0.482,1.57,0.81,0.225
2015-10-24,2.47,0.482,1.57,0.81,0.225
2015-10-25,2.47,0.482,1.57,0.81,0.225
2015-10-26,2.47,0.482,1.57,0.81,0.225
2015-10-27,2.47,0.482,1.57,0.81,0.225
2015-10-28,2.47,0.482,1.57,1.02,0.225
2015-10-29,2.47,0.482,1.57,1.02,0.225
2015-10-30,2.47,0.482,1.91,1.02,0.568
2015-10-31,2.47,0.482,1.91,1.02,0.568
2015-11-01,2.64,0.347,1.91,1.02,0.568
2015-11-02,2.64,0.347,1.91,1.02,0.568
2015-11-03,2.64,0.347,1.91,1.02,0.568
2015-11-04,2.64,0.347,1.91,1.02,0.568
2015-11-05,2.64,0.347,1.91,1.02,0.568
2015-11-06,2.64,0.347,1.91,1.02,0.568
2015-11-07,2.64,0.347,1.91,1.02,0.568
2015-11-08,2.64,0.347,1.91,1.02,0.568
2015-11-09,2.64,0.347,1.91,1.02,0.568
2015-11-10,2.64,0.347,1.91,1.02,0.568
2015-11-11,2.64,0.347,1.91,1.02,0.568
2015-11-12,2.64,0.347,1.91,1.02,0.568
2015-11-13,2.64,0.347,1.91,1.02,0.568
2015-11-14,2.64,0.347,1.91,1.02,0.568
2015-11-15,2.64,0.347,1.91,1.02,0.568
2015-11-16,2.64,0.347,1.91,1.02,0.568
2015-11-17,2.64,0.347,1.91,1.02,0.568
2015-11-18,2.64,0.347,1.91,1.02,0.568
2015-11-19,2.64,0.347,1.91,1.02,0.568
2015-11-20,2.64,0.347,1.91,1.02,0.568
2015-11-21,2.64,0.347,1.91,1.02,0.568
2015-11-22,2.64,0.347,1.91,1.02,0.568
2015-11-23,2.64,0.347,1.91,1.02,0.568
2015-11-24,2.64,0.347,1.91,1.02,0.568
2015-11-25,2.64,0.347,1.91,1.02,0.568
2015-11-26,2.64,0.347,1.91,1.02,0.568
2015-11-27,2.64,0.347,1.91,1.02,0.568
2015-11-28,2.64,0.347,1.91,1.25,0.568
2015-11-29,2.64,0.347,1.91,1.25,0.568
2015-11-30,2.64,0.347,2.21,1.25,0.294
2015-12-01,2.75,0.272,2.21,1.25,0.294
2015-12-02,2.75,0.272,2.21,1.25,0.294
2015-12-03,2.75,0.272,2.21,1.25,0.294
2015-12-04,2.75,0.272,2.21,1.25,0.294
2015-12-05,2.75,0.272,2.21,1.25,0.294
2015-12-06,2.75,0.272,2.21,1.25,0.294
2015-12-07,2.75,0.272,2.21,1.25,0.294
2015-12-08,2.75,0.272,2.21,1.25,0.294
2015-12-09,2.75,0.272,2.21,1.25,0.294
2015-12-10,2.75,0.272,2.21,1.25,0.294
2015-12-11,2.75,0.272,2.21,1.25,0.294
2015-12-12,2.75,0.272,2.21,1.25,0.294
2015-12-13,2.75,0.272,2.21,1.25,0.294
2015-12-14,2.75,0.272,2.21,1.25,0.294
2015-12-15,2.75,0.272,2.21,1.25,0.294
2015-12-16,2.75,0.272,2.21,1.25,0.294
2015-12-17,2.75,0.272,2.21,1.25,0.294
2015-12-18,2.75,0.272,2.21,1.25,0.294
2015-12-19,2.75,0.272,2.21,1.25,0.294
2015-12-20,2.75,0.272,2.21,1.25,0.294
2015-12-21,2.75,0.272,2.21,1.25,0.294
2015-12-22,2.75,0.272,2.21,1.25,0.294
2015-12-23,2.75,0.272,2.21,1.25,0.294
2015-12-24,2.75,0.272,2.21,1.25,0.294
2015-12-25,2.75,0.272,2.21,1.25,0.294
2015-12-26,2.75,0.272,2.21,1.25,0.294
2015-12-27,2.75,0.272,2.21,1.25,0.294
2015-12-28,2.75,0.272,2.21,1.57,0.294
2015-12-29,2.75,0.272,2.21,1.57,0.294
2015-12-30,2.75,0.272,2.47,1.57,0.482
2015-12-31,2.75,0.272,2.47,1.57,0.482
2016-01-01,2.63,0.265,2.47,1.57,0.482
2016-01-02,2.63,0.265,2.47,1.57,0.482
2016-01-03,2.63,0.265,2.47,1.57,0.482
2016-01-04,2.63,0.265,2.47,1.57,0.482
2016-01-05,2.63,0.265,2.47,1.57,0.482
2016-01-06,2.63,0.265,2.47,1.57,0.482
2016-01-07,2.63,0.265,2.47,1.57,0.482
2016-01-08,2.63,0.265,2.47,1.57,0.482
2016-01-09,2.63,0.265,2.47,1.57,0.482
2016-01-10,2.63,0.265,2.47,1.57,0.482
2016-01-11,2.63,0.265,2.47,1.57,0.482
2016-01-12,2.63,0.265,2.47,1.57,0.482
2016-01-13,2.63,0.265,2.47,1.57,0.482
2016-01-14,2.63,0.265,2.47,1.57,0.482
2016-01-15,2.63,0.265,2.47,1.57,0.482
2016-01-16,2.63,0.265,2.47,1.57,0.482
2016-01-17,2.63,0.265,2.47,1.57,0.482
2016-01-18,2.63,0.265,2.47,1.57,0.482
2016-01-19,2.63,0.265,2.47,1.57,0.482
2016-01-20,2.63,0.265,2.47,1.57,0.482
2016-01-21,2.63,0.265,2.47,1.57,0.482
2016-01-22,2.63,0.265,2.47,1.57,0.482
2016-01-23,2.63,0.265,2.47,1.57,0.482
2016-01-24,2.63,0.265,2.47,1.57,0.482
2016-01-25,2.63,0.265,2.47,1.57,0.482
2016-01-26,2.63,0.265,2.47,1.57,0.482
2016-01-27,2.63,0.265,2.47,1.57,0.482
2016-01-28,2.63,0.265,2.47,1.91,0.482
2016-01-29,2.63,0.265,2.47,1.91,0.482
2016-01-30,2.63,0.265,2.64,1.91,0.347
2016-01-31,2.63,0.265,2.64,1.91,0.347
2016-02-01,2.28,-0.11,2.64,1.91,0.347
2016-02-02,2.28,-0.11,2.64,1.91,0.347
2016-02-03,2.28,-0.11,2.64,1.91,0.347
2016-02-04,2.28,-0.11,2.64,1.91,0.347
2016-02-05,2.28,-0.11,2.64,1.91,0.347
2016-02-06,2.28,-0.11,2.64,1.91,0.347
2016-02-07,2.28,-0.11,2.64,1.91,0.347
2016-02-08,2.28,-0.11,2.64,1.91,0.347
2016-02-09,2.28,-0.11,2.64,1.91,0.347
2016-02-10,2.28,-0.11,2.64,1.91,0.347
2016-02-11,2.28,-0.11,2.64,1.91,0.347
2016-02-12,2.28,-0.11,2.64,1.91,0.347
2016-02-13,2.28,-0.11,2.64,1.91,0.347
2016-02-14,2.28,-0.11,2.64,1.91,0.347
2016-02-15,2.28,-0.11,2.64,1.91,0.347
2016-02-16,2.28,-0.11,2.64,1.91,0.347
2016-02-17,2.28,-0.11,2.64,1.91,0.347
2016-02-18,2.28,-0.11,2.64,1.91,0.347
2016-02-19,2.28,-0.11,2.64,1.91,0.347
2016-02-20,2.28,-0.11,2.64,1.91,0.347
2016-02-21,2.28,-0.11,2.64,1.91,0.347
2016-02-22,2.28,-0.11,2.64,1.91,0.347
2016-02-23,2.28,-0.11,2.64,1.91,0.347
2016-02-24,2.28,-0.11,2.64,1.91,0.347
2016-02-25,2.28,-0.11,2.64,1.91,0.347
2016-02-26,2.28,-0.11,2.64,1.91,0.347
2016-02-27,2.28,-0.11,2.64,1.91,0.347
2016-02-28,2.28,-0.11,2.64,2.21,0.347
2016-02-29,2.28,-0.11,2.75,2.21,0.272
2016-03-01,1.71,-0.008,2.75,2.21,0.272
2016-03-02,1.71,-0.008,2.75,2.21,0.272
2016-03-03,1.71,-0.008,2.75,2.21,0.272
2016-03-04,1.71,-0.008,2.75,2.21,0.272
2016-03-05,1.71,-0.008,2.75,2.21,0.272
2016-03-06,1.71,-0.008,2.75,2.21,0.272
2016-03-07,1.71,-0.008,2.75,2.21,0.272
2016-03-08,1.71,-0.008,2.75,2.21,0.272
2016-03-09,1.71,-0.008,2.75,2.21,0.272
2016-03-10,1.71,-0.008,2.75,2.21,0.272
2016-03-11,1.71,-0.008,2.75,2.21,0.272
2016-03-12,1.71,-0.008,2.75,2.21,0.272
2016-03-13,1.71,-0.008,2.75,2.21,0.272
2016-03-14,1.71,-0.008,2.75,2.21,0.272
2016-03-15,1.71,-0.008,2.75,2.21,0.272
2016-03-16,1.71,-0.008,2.75,2.21,0.272
2016-03-17,1.71,-0.008,2.75,2.21,0.272
2016-03-18,1.71,-0.008,2.75,2.21,0.272
2016-03-19,1.71,-0.008,2.75,2.21,0.272
2016-03-20,1.71,-0.008,2.75,2.21,0.272
2016-03-21,1.71,-0.008,2.75,2.21,0.272
2016-03-22,1.71,-0.008,2.75,2.21,0.272
2016-03-23,1.71,-0.008,2.75,2.21,0.272
2016-03-24,1.71,-0.008,2.75,2.21,0.272
2016-03-25,1.71,-0.008,2.75,2.21,0.272
2016-03-26,1.71,-0.008,2.75,2.21,0.272
2016-03-27,1.71,-0.008,2.75,2.21,0.272
2016-03-28,1.71,-0.008,2.75,2.21,0.272
2016-03-29,1.71,-0.008,2.75,2.47,0.272
2016-03-30,1.71,-0.008,2.75,2.47,0.272
2016-03-31,1.71,-0.008,2.63,2.47,0.265
2016-04-01,1.05,0.146,2.63,2.47,0.265
2016-04-02,1.05,0.146,2.63,2.47,0.265
2016-04-03,1.05,0.146,2.63,2.47,0.265
2016-04-04,1.05,0.146,2.63,2.47,0.265
2016-04-05,1.05,0.146,2.63,2.47,0.265
2016-04-06,1.05,0.146,2.63,2.47,0.265
2016-04-07,1.05,0.146,2.63,2.47,0.265
2016-04-08,1.05,0.146,2.63,2.47,0.265
2016-04-09,1.05,0.146,2.63,2.47,0.265
2016-04-10,1.05,0.146,2.63,2.47,0.265
2016-04-11,1.05,0.146,2.63,2.47,0.265
2016-04-12,1.05,0.146,2.63,2.47,0.265
2016-04-13,1.05,0.146,2.63,2.47,0.265
2016-04-14,1.05,0.146,2.63,2.47,0.265
2016-04-15,1.05,0.146,2.63,2.47,0.265
2016-04-16,1.05,0.146,2.63,2.47,0.265
2016-04-17,1.05,0.146,2.63,2.47,0.265
2016-04-18,1.05,0.146,2.63,2.47,0.265
2016-04-19,1.05,0.146,2.63,2.47,0.265
2016-04-20,1.05,0.146,2.63,2.47,0.265
2016-04-21,1.05,0.146,2.63,2.47,0.265
2016-04-22,1.05,0.146,2.63,2.47,0.265
2016-04-23,1.05,0.146,2.63,2.47,0.265
2016-04-24,1.05,0.146,2.63,2.47,0.265
2016-04-25,1.05,0.146,2.63,2.47,0.265
2016-04-26,1.05,0.146,2.63,2.47,0.265
2016-04-27,1.05,0.146,2.63,2.47,0.265
2016-04-28,1.05,0.146,2.63,2.47,0.265
2016-04-29,1.05,0.146,2.63,2.64,0.265
2016-04-30,1.05,0.146,2.63,2.64,0.265
2016-05-01,0.49,-0.113,2.28,2.64,-0.11
2016-05-02,0.49,-0.113,2.28,2.64,-0.11
2016-05-03,0.49,-0.113,2.28,2.64,-0.11
2016-05-04,0.49,-0.113,2.28,2.64,-0.11
2016-05-05,0.49,-0.113,2.28,2.64,-0.11
2016-05-06,0.49,-0.113,2.28,2.64,-0.11
2016-05-07,0.49,-0.113,2.28,2.64,-0.11
2016-05-08,0.49,-0.113,2.28,2.64,-0.11
2016-05-09,0.49,-0.113,2.28,2.64,-0.11
2016-05-10,0.49,-0.113,2.28,2.64,-0.11
2016-05-11,0.49,-0.113,2.28,2.64,-0.11
2016-05-12,0.49,-0.113,2.28,2.64,-0.11
2016-05-13,0.49,-0.113,2.28,2.64,-0.11
2016-05-14,0.49,-0.113,2.28,2.64,-0.11
2016-05-15,0.49,-0.113,2.28,2.64,-0.11
2016-05-16,0.49,-0.113,2.28,2.64,-0.11
2016-05-17,0.49,-0.113,2.28,2.64,-0.11
2016-05-18,0.49,-0.113,2.28,2.64,-0.11
2016-05-19,0.49,-0.113,2.28,2.64,-0.11
2016-05-20,0.49,-0.113,2.28,2.64,-0.11
2016-05-21,0.49,-0.113,2.28,2.64,-0.11
2016-05-22,0.49,-0.113,2.28,2.64,-0.11
2016-05-23,0.49,-0.113,2.28,2.64,-0.11
2016-05-24,0.49,-0.113,2.28,2.64,-0.11
2016-05-25,0.49,-0.113,2.28,2.64,-0.11
2016-05-26,0.49,-0.113,2.28,2.64,-0.11
2016-05-27,0.49,-0.113,2.28,2.64,-0.11
2016-05-28,0.49,-0.113,2.28,2.64,-0.11
2016-05-29,0.49,-0.113,2.28,2.75,-0.11
2016-05-30,0.49,-0.113,1.71,2.75,-0.008
2016-05-31,0.49,-0.113,1.71,2.75,-0.008
2016-06-01,0.0,-0.443,1.71,2.75,-0.008
2016-06-02,0.0,-0.443,1.71,2.75,-0.008
2016-06-03,0.0,-0.443,1.71,2.75,-0.008
2016-06-04,0.0,-0.443,1.71,2.75,-0.008
2016-06-05,0.0,-0.443,1.71,2.75,-0.008
2016-06-06,0.0,-0.443,1.71,2.75,-0.008
2016-06-07,0.0,-0.443,1.71,2.75,-0.008
2016-06-08,0.0,-0.443,1.71,2.75,-0.008
2016-06-09,0.0,-0.443,1.71,2.75,-0.008
2016-06-10,0.0,-0.443,1.71,2.75,-0.008
2016-06-11,0.0,-0.443,1.71,2.75,-0.008
2016-06-12,0.0,-0.443,1.71,2.75,-0.008
2016-06-13,0.0,-0.443,1.71,2.75,-0.008
2016-06-14,0.0,-0.443,1.71,2.75,-0.008
2016-06-15,0.0,-0.443,1.71,2.75,-0.008
2016-06-16,0.0,-0.443,1.71,2.75,-0.008
2016-06-17,0.0,-0.443,1.71,2.75,-0.008
2016-06-18,0.0,-0.443,1.71,2.75,-0.008
2016-06-19,0.0,-0.443,1.71,2.75,-0.008
2016-06-20,0.0,-0.443,1.71,2.75,-0.008
2016-06-21,0.0,-0.443,1.71,2.75,-0.008
2016-06-22,0.0,-0.443,1.71,2.75,-0.008
2016-06-23,0.0,-0.443,1.71,2.75,-0.008
2016-06-24,0.0,-0.443,1.71,2.75,-0.008
2016-06-25,0.0,-0.443,1.71,2.75,-0.008
2016-06-26,0.0,-0.443,1.71,2.75,-0.008
2016-06-27,0.0,-0.443,1.71,2.75,-0.008
2016-06-28,0.0,-0.443,1.71,2.75,-0.008
2016-06-29,0.0,-0.443,1.71,2.63,-0.008
2016-06-30,0.0,-0.443,1.05,2.63,0.146
2016-07-01,-0.31,-0.757,1.05,2.63,0.146
2016-07-02,-0.31,-0.757,1.05,2.63,0.146
2016-07-03,-0.31,-0.757,1.05,2.63,0.146
2016-07-04,-0.31,-0.757,1.05,2.63,0.146
2016-07-05,-0.31,-0.757,1.05,2.63,0.146
2016-07-06,-0.31,-0.757,1.05,2.63,0.146
2016-07-07,-0.31,-0.757,1.05,2.63,0.146
2016-07-08,-0.31,-0.757,1.05,2.63,0.146
2016-07-09,-0.31,-0.757,1.05,2.63,0.146
2016-07-10,-0.31,-0.757,1.05,2.63,0.146
2016-07-11,-0.31,-0.757,1.05,2.63,0.146
2016-07-12,-0.31,-0.757,1.05,2.63,0.146
2016-07-13,-0.31,-0.757,1.05,2.63,0.146
2016-07-14,-0.31,-0.757,1.05,2.63,0.146
2016-07-15,-0.31,-0.757,1.05,2.63,0.146
2016-07-16,-0.31,-0.757,1.05,2.63,0.146
2016-07-17,-0.31,-0.757,1.05,2.63,0.146
2016-07-18,-0.31,-0.757,1.05,2.63,0.146
2016-07-19,-0.31,-0.757,1.05,2.63,0.146
2016-07-20,-0.31,-0.757,1.05,2.63,0.146
2016-07-21,-0.31,-0.757,1.05,2.63,0.146
2016-07-22,-0.31,-0.757,1.05,2.63,0.146
2016-07-23,-0.31,-0.757,1.05,2.63,0.146
2016-07-24,-0.31,-0.757,1.05,2.63,0.146
2016-07-25,-0.31,-0.757,1.05,2.63,0.146
2016-07-26,-0.31,-0.757,1.05,2.63,0.146
2016-07-27,-0.31,-0.757,1.05,2.63,0.146
2016-07-28,-0.31,-0.757,1.05,2.63,0.146
2016-07-29,-0.31,-0.757,1.05,2.63,0.146
2016-07-30,-0.31,-0.757,0.49,2.28,-0.113
2016-07-31,-0.31,-0.757,0.49,2.28,-0.113
2016-08-01,-0.5,-0.443,0.49,2.28,-0.113
2016-08-02,-0.5,-0.443,0.49,2.28,-0.113
2016-08-03,-0.5,-0.443,0.49,2.28,-0.113
2016-08-04,-0.5,-0.443,0.49,2.28,-0.113
2016-08-05,-0.5,-0.443,0.49,2.28,-0.113
2016-08-06,-0.5,-0.443,0.49,2.28,-0.113
2016-08-07,-0.5,-0.443,0.49,2.28,-0.113
2016-08-08,-0.5,-0.443,0.49,2.28,-0.113
2016-08-09,-0.5,-0.443,0.49,2.28,-0.113
2016-08-10,-0.5,-0.443,0.49,2.28,-0.113
2016-08-11,-0.5,-0.443,0.49,2.28,-0.113
2016-08-12,-0.5,-0.443,0.49,2.28,-0.113
2016-08-13,-0.5,-0.443,0.49,2.28,-0.113
2016-08-14,-0.5,-0.443,0.49,2.28,-0.113
2016-08-15,-0.5,-0.443,0.49,2.28,-0.113
2016-08-16,-0.5,-0.443,0.49,2.28,-0.113
2016-08-17,-0.5,-0.443,0.49,2.28,-0.113
2016-08-18,-0.5,-0.443,0.49,2.28,-0.113
2016-08-19,-0.5,-0.443,0.49,2.28,-0.113
2016-08-20,-0.5,-0.443,0.49,2.28,-0.113
2016-08-21,-0.5,-0.443,0.49,2.28,-0.113
2016-08-22,-0.5,-0.443,0.49,2.28,-0.113
2016-08-23,-0.5,-0.443,0.49,2.28,-0.113
2016-08-24,-0.5,-0.443,0.49,2.28,-0.113
2016-08-25,-0.5,-0.443,0.49,2.28,-0.113
2016-08-26,-0.5,-0.443,0.49,2.28,-0.113
2016-08-27,-0.5,-0.443,0.49,2.28,-0.113
2016-08-28,-0.5,-0.443,0.49,1.71,-0.113
2016-08-29,-0.5,-0.443,0.49,1.71,-0.113
2016-08-30,-0.5,-0.443,0.0,1.71,-0.443
2016-08-31,-0.5,-0.443,0.0,1.71,-0.443
2016-09-01,-0.58,-0.437,0.0,1.71,-0.443
2016-09-02,-0.58,-0.437,0.0,1.71,-0.443
2016-09-03,-0.58,-0.437,0.0,1.71,-0.443
2016-09-04,-0.58,-0.437,0.0,1.71,-0.443
2016-09-05,-0.58,-0.437,0.0,1.71,-0.443
2016-09-06,-0.58,-0.437,0.0,1.71,-0.443
2016-09-07,-0.58,-0.437,0.0,1.71,-0.443
2016-09-08,-0.58,-0.437,0.0,1.71,-0.443
2016-09-09,-0.58,-0.437,0.0,1.71,-0.443
2016-09-10,-0.58,-0.437,0.0,1.71,-0.443
2016-09-11,-0.58,-0.437,0.0,1.71,-0.443
2016-09-12,-0.58,-0.437,0.0,1.71,-0.443
2016-09-13,-0.58,-0.437,0.0,1.71,-0.443
2016-09-14,-0.58,-0.437,0.0,1.71,-0.443
2016-09-15,-0.58,-0.437,0.0,1.71,-0.443
2016-09-16,-0.58,-0.437,0.0,1.71,-0.443
2016-09-17,-0.58,-0.437,0.0,1.71,-0.443
2016-09-18,-0.58,-0.437,0.0,1.71,-0.443
2016-09-19,-0.58,-0.437,0.0,1.71,-0.443
2016-09-20,-0.58,-0.437,0.0,1.71,-0.443
2016-09-21,-0.58,-0.437,0.0,1.71,-0.443
2016-09-22,-0.58,-0.437,0.0,1.71,-0.443
2016-09-23,-0.58,-0.437,0.0,1.71,-0.443
2016-09-24,-0.58,-0.437,0.0,1.71,-0.443
2016-09-25,-0.58,-0.437,0.0,1.71,-0.443
2016-09-26,-0.58,-0.437,0.0,1.71,-0.443
2016-09-27,-0.58,-0.437,0.0,1.71,-0.443
2016-09-28,-0.58,-0.437,0.0,1.05,-0.443
2016-09-29,-0.58,-0.437,-0.31,1.05,-0.757
2016-09-30,-0.58,-0.437,-0.31,1.05,-0.757
2016-10-01,-0.64,-0.371,-0.31,1.05,-0.757
2016-10-02,-0.64,-0.371,-0.31,1.05,-0.757
2016-10-03,-0.64,-0.371,-0.31,1.05,-0.757
2016-10-04,-0.64,-0.371,-0.31,1.05,-0.757
2016-10-05,-0.64,-0.371,-0.31,1.05,-0.757
2016-10-06,-0.64,-0.371,-0.31,1.05,-0.757
2016-10-07,-0.64,-0.371,-0.31,1.05,-0.757
2016-10-08,-0.64,-0.371,-0.31,1.05,-0.757
2016-10-09,-0.64,-0.371,-0.31,1.05,-0.757
2016-10-10,-0.64,-0.371,-0.31,1.05,-0.757
2016-10-11,-0.64,-0.371,-0.31,1.05,-0.757
2016-10-12,-0.64,-0.371,-0.31,1.05,-0.757
2016-10-13,-0.64,-0.371,-0.31,1.05,-0.757
2016-10-14,-0.64,-0.371,-0.31,1.05,-0.757
2016-10-15,-0.64,-0.371,-0.31,1.05,-0.757
2016-10-16,-0.64,-0.371,-0.31,1.05,-0.757
2016-10-17,-0.64,-0.371,-0.31,1.05,-0.757
2016-10-18,-0.64,-0.371,-0.31,1.05,-0.757
2016-10-19,-0.64,-0.371,-0.31,1.05,-0.757
2016-10-20,-0.64,-0.371,-0.31,1.05,-0.757
2016-10-21,-0.64,-0.371,-0.31,1.05,-0.757
2016-10-22,-0.64,-0.371,-0.31,1.05,-0.757
2016-10-23,-0.64,-0.371,-0.31,1.05,-0.757
2016-10-24,-0.64,-0.371,-0.31,1.05,-0.757
2016-10-25,-0.64,-0.371,-0.31,1.05,-0.757
2016-10-26,-0.64,-0.371,-0.31,1.05,-0.757
2016-10-27,-0.64,-0.371,-0.31,1.05,-0.757
2016-10-28,-0.64,-0.371,-0.31,0.49,-0.757
2016-10-29,-0.64,-0.371,-0.31,0.49,-0.757
2016-10-30,-0.64,-0.371,-0.5,0.49,-0.443
2016-10-31,-0.64,-0.371,-0.5,0.49,-0.443
2016-11-01,-0.6,-0.382,-0.5,0.49,-0.443
2016-11-02,-0.6,-0.382,-0.5,0.49,-0.443
2016-11-03,-0.6,-0.382,-0.5,0.49,-0.443
2016-11-04,-0.6,-0.382,-0.5,0.49,-0.443
2016-11-05,-0.6,-0.382,-0.5,0.49,-0.443
2016-11-06,-0.6,-0.382,-0.5,0.49,-0.443
2016-11-07,-0.6,-0.382,-0.5,0.49,-0.443
2016-11-08,-0.6,-0.382,-0.5,0.49,-0.443
2016-11-09,-0.6,-0.382,-0.5,0.49,-0.443
2016-11-10,-0.6,-0.382,-0.5,0.49,-0.443
2016-11-11,-0.6,-0.382,-0.5,0.49,-0.443
2016-11-12,-0.6,-0.382,-0.5,0.49,-0.443
2016-11-13,-0.6,-0.382,-0.5,0.49,-0.443
2016-11-14,-0.6,-0.382,-0.5,0.49,-0.443
2016-11-15,-0.6,-0.382,-0.5,0.49,-0.443
2016-11-16,-0.6,-0.382,-0.5,0.49,-0.443
2016-11-17,-0.6,-0.382,-0.5,0.49,-0.443
2016-11-18,-0.6,-0.382,-0.5,0.49,-0.443
2016-11-19,-0.6,-0.382,-0.5,0.49,-0.443
2016-11-20,-0.6,-0.382,-0.5,0.49,-0.443
2016-11-21,-0.6,-0.382,-0.5,0.49,-0.443
2016-11-22,-0.6,-0.382,-0.5,0.49,-0.443
2016-11-23,-0.6,-0.382,-0.5,0.49,-0.443
2016-11-24,-0.6,-0.382,-0.5,0.49,-0.443
2016-11-25,-0.6,-0.382,-0.5,0.49,-0.443
2016-11-26,-0.6,-0.382,-0.5,0.49,-0.443
2016-11-27,-0.6,-0.382,-0.5,0.49,-0.443
2016-11-28,-0.6,-0.382,-0.5,0.0,-0.443
2016-11-29,-0.6,-0.382,-0.5,0.0,-0.443
2016-11-30,-0.6,-0.382,-0.58,0.0,-0.437
2016-12-01,-0.45,-0.31,-0.58,0.0,-0.437
2016-12-02,-0.45,-0.31,-0.58,0.0,-0.437
2016-12-03,-0.45,-0.31,-0.58,0.0,-0.437
2016-12-04,-0.45,-0.31,-0.58,0.0,-0.437
2016-12-05,-0.45,-0.31,-0.58,0.0,-0.437
2016-12-06,-0.45,-0.31,-0.58,0.0,-0.437
2016-12-07,-0.45,-0.31,-0.58,0.0,-0.437
2016-12-08,-0.45,-0.31,-0.58,0.0,-0.437
2016-12-09,-0.45,-0.31,-0.58,0.0,-0.437
2016-12-10,-0.45,-0.31,-0.58,0.0,-0.437
2016-12-11,-0.45,-0.31,-0.58,0.0,-0.437
2016-12-12,-0.45,-0.31,-0.58,0.0,-0.437
2016-12-13,-0.45,-0.31,-0.58,0.0,-0.437
2016-12-14,-0.45,-0.31,-0.58,0.0,-0.437
2016-12-15,-0.45,-0.31,-0.58,0.0,-0.437
2016-12-16,-0.45,-0.31,-0.58,0.0,-0.437
2016-12-17,-0.45,-0.31,-0.58,0.0,-0.437
2016-12-18,-0.45,-0.31,-0.58,0.0,-0.437
2016-12-19,-0.45,-0.31,-0.58,0.0,-0.437
2016-12-20,-0.45,-0.31,-0.58,0.0,-0.437
2016-12-21,-0.45,-0.31,-0.58,0.0,-0.437
2016-12-22,-0.45,-0.31,-0.58,0.0,-0.437
2016-12-23,-0.45,-0.31,-0.58,0.0,-0.437
2016-12-24,-0.45,-0.31,-0.58,0.0,-0.437
2016-12-25,-0.45,-0.31,-0.58,0.0,-0.437
2016-12-26,-0.45,-0.31,-0.58,0.0,-0.437
2016-12-27,-0.45,-0.31,-0.58,0.0,-0.437
2016-12-28,-0.45,-0.31,-0.58,-0.31,-0.437
2016-12-29,-0.45,-0.31,-0.58,-0.31,-0.437
2016-12-30,-0.45,-0.31,-0.64,-0.31,-0.371
2016-12-31,-0.45,-0.31,-0.64,-0.31,-0.371
2017-01-01,-0.19,-0.086,-0.64,-0.31,-0.371
2017-01-02,-0.19,-0.086,-0.64,-0.31,-0.371
2017-01-03,-0.19,-0.086,-0.64,-0.31,-0.371
2017-01-04,-0.19,-0.086,-0.64,-0.31,-0.371
2017-01-05,-0.19,-0.086,-0.64,-0.31,-0.371
2017-01-06,-0.19,-0.086,-0.64,-0.31,-0.371
2017-01-07,-0.19,-0.086,-0.64,-0.31,-0.371
2017-01-08,-0.19,-0.086,-0.64,-0.31,-0.371
2017-01-09,-0.19,-0.086,-0.64,-0.31,-0.371
2017-01-10,-0.19,-0.086,-0.64,-0.31,-0.371
2017-01-11,-0.19,-0.086,-0.64,-0.31,-0.371
2017-01-12,-0.19,-0.086,-0.64,-0.31,-0.371
2017-01-13,-0.19,-0.086,-0.64,-0.31,-0.371
2017-01-14,-0.19,-0.086,-0.64,-0.31,-0.371
2017-01-15,-0.19,-0.086,-0.64,-0.31,-0.371
2017-01-16,-0.19,-0.086,-0.64,-0.31,-0.371
2017-01-17,-0.19,-0.086,-0.64,-0.31,-0.371
2017-01-18,-0.19,-0.086,-0.64,-0.31,-0.371
2017-01-19,-0.19,-0.086,-0.64,-0.31,-0.371
2017-01-20,-0.19,-0.086,-0.64,-0.31,-0.371
2017-01-21,-0.19,-0.086,-0.64,-0.31,-0.371
2017-01-22,-0.19,-0.086,-0.64,-0.31,-0.371
2017-01-23,-0.19,-0.086,-0.64,-0.31,-0.371
2017-01-24,-0.19,-0.086,-0.64,-0.31,-0.371
2017-01-25,-0.19,-0.086,-0.64,-0.31,-0.371
2017-01-26,-0.19,-0.086,-0.64,-0.31,-0.371
2017-01-27,-0.19,-0.086,-0.64,-0.31,-0.371
2017-01-28,-0.19,-0.086,-0.64,-0.5,-0.371
2017-01-29,-0.19,-0.086,-0.64,-0.5,-0.371
2017-01-30,-0.19,-0.086,-0.6,-0.5,-0.382
2017-01-31,-0.19,-0.086,-0.6,-0.5,-0.382
2017-02-01,-0.02,0.101,-0.6,-0.5,-0.382
2017-02-02,-0.02,0.101,-0.6,-0.5,-0.382
2017-02-03,-0.02,0.101,-0.6,-0.5,-0.382
2017-02-04,-0.02,0.101,-0.6,-0.5,-0.382
2017-02-05,-0.02,0.101,-0.6,-0.5,-0.382
2017-02-06,-0.02,0.101,-0.6,-0.5,-0.382
2017-02-07,-0.02,0.101,-0.6,-0.5,-0.382
2017-02-08,-0.02,0.101,-0.6,-0.5,-0.382
2017-02-09,-0.02,0.101,-0.6,-0.5,-0.382
2017-02-10,-0.02,0.101,-0.6,-0.5,-0.382
2017-02-11,-0.02,0.101,-0.6,-0.5,-0.382
2017-02-12,-0.02,0.101,-0.6,-0.5,-0.382
2017-02-13,-0.02,0.101,-0.6,-0.5,-0.382
2017-02-14,-0.02,0.101,-0.6,-0.5,-0.382
2017-02-15,-0.02,0.101,-0.6,-0.5,-0.382
2017-02-16,-0.02,0.101,-0.6,-0.5,-0.382
2017-02-17,-0.02,0.101,-0.6,-0.5,-0.382
2017-02-18,-0.02,0.101,-0.6,-0.5,-0.382
2017-02-19,-0.02,0.101,-0.6,-0.5,-0.382
2017-02-20,-0.02,0.101,-0.6,-0.5,-0.382
2017-02-21,-0.02,0.101,-0.6,-0.5,-0.382
2017-02-22,-0.02,0.101,-0.6,-0.5,-0.382
2017-02-23,-0.02,0.101,-0.6,-0.5,-0.382
2017-02-24,-0.02,0.101,-0.6,-0.5,-0.382
2017-02-25,-0.02,0.101,-0.6,-0.5,-0.382
2017-02-26,-0.02,0.101,-0.6,-0.5,-0.382
2017-02-27,-0.02,0.101,-0.6,-0.5,-0.382
2017-02-28,-0.02,0.101,-0.6,-0.58,-0.382
2017-03-01,0.18,0.357,-0.45,-0.58,-0.31
2017-03-02,0.18,0.357,-0.45,-0.58,-0.31
2017-03-03,0.18,0.357,-0.45,-0.58,-0.31
2017-03-04,0.18,0.357,-0.45,-0.58,-0.31
2017-03-05,0.18,0.357,-0.45,-0.58,-0.31
2017-03-06,0.18,0.357,-0.45,-0.58,-0.31
2017-03-07,0.18,0.357,-0.45,-0.58,-0.31
2017-03-08,0.18,0.357,-0.45,-0.58,-0.31
2017-03-09,0.18,0.357,-0.45,-0.58,-0.31
2017-03-10,0.18,0.357,-0.45,-0.58,-0.31
2017-03-11,0.18,0.357,-0.45,-0.58,-0.31
2017-03-12,0.18,0.357,-0.45,-0.58,-0.31
2017-03-13,0.18,0.357,-0.45,-0.58,-0.31
2017-03-14,0.18,0.357,-0.45,-0.58,-0.31
2017-03-15,0.18,0.357,-0.45,-0.58,-0.31
2017-03-16,0.18,0.357,-0.45,-0.58,-0.31
2017-03-17,0.18,0.357,-0.45,-0.58,-0.31
2017-03-18,0.18,0.357,-0.45,-0.58,-0.31
2017-03-19,0.18,0.357,-0.45,-0.58,-0.31
2017-03-20,0.18,0.357,-0.45,-0.58,-0.31
2017-03-21,0.18,0.357,-0.45,-0.58,-0.31
2017-03-22,0.18,0.357,-0.45,-0.58,-0.31
2017-03-23,0.18,0.357,-0.45,-0.58,-0.31
2017-03-24,0.18,0.357,-0.45,-0.58,-0.31
2017-03-25,0.18,0.357,-0.45,-0.58,-0.31
2017-03-26,0.18,0.357,-0.45,-0.58,-0.31
2017-03-27,0.18,0.357,-0.45,-0.58,-0.31
2017-03-28,0.18,0.357,-0.45,-0.58,-0.31
2017-03-29,0.18,0.357,-0.45,-0.58,-0.31
2017-03-30,0.18,0.357,-0.45,-0.64,-0.31
2017-03-31,0.18,0.357,-0.45,-0.64,-0.31
2017-04-01,0.31,0.498,-0.19,-0.64,-0.086
2017-04-02,0.31,0.498,-0.19,-0.64,-0.086
2017-04-03,0.31,0.498,-0.19,-0.64,-0.086
2017-04-04,0.31,0.498,-0.19,-0.64,-0.086
2017-04-05,0.31,0.498,-0.19,-0.64,-0.086
2017-04-06,0.31,0.498,-0.19,-0.64,-0.086
2017-04-07,0.31,0.498,-0.19,-0.64,-0.086
2017-04-08,0.31,0.498,-0.19,-0.64,-0.086
2017-04-09,0.31,0.498,-0.19,-0.64,-0.086
2017-04-10,0.31,0.498,-0.19,-0.64,-0.086
2017-04-11,0.31,0.498,-0.19,-0.64,-0.086
2017-04-12,0.31,0.498,-0.19,-0.64,-0.086
2017-04-13,0.31,0.498,-0.19,-0.64,-0.086
2017-04-14,0.31,0.498,-0.19,-0.64,-0.086
2017-04-15,0.31,0.498,-0.19,-0.64,-0.086
2017-04-16,0.31,0.498,-0.19,-0.64,-0.086
2017-04-17,0.31,0.498,-0.19,-0.64,-0.086
2017-04-18,0.31,0.498,-0.19,-0.64,-0.086
2017-04-19,0.31,0.498,-0.19,-0.64,-0.086
2017-04-20,0.31,0.498,-0.19,-0.64,-0.086
2017-04-21,0.31,0.498,-0.19,-0.64,-0.086
2017-04-22,0.31,0.498,-0.19,-0.64,-0.086
2017-04-23,0.31,0.498,-0.19,-0.64,-0.086
2017-04-24,0.31,0.498,-0.19,-0.64,-0.086
2017-04-25,0.31,0.498,-0.19,-0.64,-0.086
2017-04-26,0.31,0.498,-0.19,-0.64,-0.086
2017-04-27,0.31,0.498,-0.19,-0.64,-0.086
2017-04-28,0.31,0.498,-0.19,-0.64,-0.086
2017-04-29,0.31,0.498,-0.19,-0.64,-0.086
2017-04-30,0.31,0.498,-0.19,-0.6,-0.086
2017-05-01,0.4,0.536,-0.19,-0.6,-0.086
2017-05-02,0.4,0.536,-0.02,-0.6,0.101
2017-05-03,0.4,0.536,-0.02,-0.6,0.101
2017-05-04,0.4,0.536,-0.02,-0.6,0.101
2017-05-05,0.4,0.536,-0.02,-0.6,0.101
2017-05-06,0.4,0.536,-0.02,-0.6,0.101
2017-05-07,0.4,0.536,-0.02,-0.6,0.101
2017-05-08,0.4,0.536,-0.02,-0.6,0.101
2017-05-09,0.4,0.536,-0.02,-0.6,0.101
2017-05-10,0.4,0.536,-0.02,-0.6,0.101
2017-05-11,0.4,0.536,-0.02,-0.6,0.101
2017-05-12,0.4,0.536,-0.02,-0.6,0.101
2017-05-13,0.4,0.536,-0.02,-0.6,0.101
2017-05-14,0.4,0.536,-0.02,-0.6,0.101
2017-05-15,0.4,0.536,-0.02,-0.6,0.101
2017-05-16,0.4,0.536,-0.02,-0.6,0.101
2017-05-17,0.4,0.536,-0.02,-0.6,0.101
2017-05-18,0.4,0.536,-0.02,-0.6,0.101
2017-05-19,0.4,0.536,-0.02,-0.6,0.101
2017-05-20,0.4,0.536,-0.02,-0.6,0.101
2017-05-21,0.4,0.536,-0.02,-0.6,0.101
2017-05-22,0.4,0.536,-0.02,-0.6,0.101
2017-05-23,0.4,0.536,-0.02,-0.6,0.101
2017-05-24,0.4,0.536,-0.02,-0.6,0.101
2017-05-25,0.4,0.536,-0.02,-0.6,0.101
2017-05-26,0.4,0.536,-0.02,-0.6,0.101
2017-05-27,0.4,0.536,-0.02,-0.6,0.101
2017-05-28,0.4,0.536,-0.02,-0.6,0.101
2017-05-29,0.4,0.536,-0.02,-0.6,0.101
2017-05-30,0.4,0.536,0.18,-0.45,0.357
2017-05-31,0.4,0.536,0.18,-0.45,0.357
2017-06-01,0.39,0.424,0.18,-0.45,0.357
2017-06-02,0.39,0.424,0.18,-0.45,0.357
2017-06-03,0.39,0.424,0.18,-0.45,0.357
2017-06-04,0.39,0.424,0.18,-0.45,0.357
2017-06-05,0.39,0.424,0.18,-0.45,0.357
2017-06-06,0.39,0.424,0.18,-0.45,0.357
2017-06-07,0.39,0.424,0.18,-0.45,0.357
2017-06-08,0.39,0.424,0.18,-0.45,0.357
2017-06-09,0.39,0.424,0.18,-0.45,0.357
2017-06-10,0.39,0.424,0.18,-0.45,0.357
2017-06-11,0.39,0.424,0.18,-0.45,0.357
2017-06-12,0.39,0.424,0.18,-0.45,0.357
2017-06-13,0.39,0.424,0.18,-0.45,0.357
2017-06-14,0.39,0.424,0.18,-0.45,0.357
2017-06-15,0.39,0.424,0.18,-0.45,0.357
2017-06-16,0.39,0.424,0.18,-0.45,0.357
2017-06-17,0.39,0.424,0.18,-0.45,0.357
2017-06-18,0.39,0.424,0.18,-0.45,0.357
2017-06-19,0.39,0.424,0.18,-0.45,0.357
2017-06-20,0.39,0.424,0.18,-0.45,0.357
2017-06-21,0.39,0.424,0.18,-0.45,0.357
2017-06-22,0.39,0.424,0.18,-0.45,0.357
2017-06-23,0.39,0.424,0.18,-0.45,0.357
2017-06-24,0.39,0.424,0.18,-0.45,0.357
2017-06-25,0.39,0.424,0.18,-0.45,0.357
2017-06-26,0.39,0.424,0.18,-0.45,0.357
2017-06-27,0.39,0.424,0.18,-0.45,0.357
2017-06-28,0.39,0.424,0.18,-0.45,0.357
2017-06-29,0.39,0.424,0.18,-0.45,0.357
2017-06-30,0.39,0.424,0.31,-0.19,0.498
2017-07-01,0.19,0.52,0.31,-0.19,0.498
2017-07-02,0.19,0.52,0.31,-0.19,0.498
2017-07-03,0.19,0.52,0.31,-0.19,0.498
2017-07-04,0.19,0.52,0.31,-0.19,0.498
2017-07-05,0.19,0.52,0.31,-0.19,0.498
2017-07-06,0.19,0.52,0.31,-0.19,0.498
2017-07-07,0.19,0.52,0.31,-0.19,0.498
2017-07-08,0.19,0.52,0.31,-0.19,0.498
2017-07-09,0.19,0.52,0.31,-0.19,0.498
2017-07-10,0.19,0.52,0.31,-0.19,0.498
2017-07-11,0.19,0.52,0.31,-0.19,0.498
2017-07-12,0.19,0.52,0.31,-0.19,0.498
2017-07-13,0.19,0.52,0.31,-0.19,0.498
2017-07-14,0.19,0.52,0.31,-0.19,0.498
2017-07-15,0.19,0.52,0.31,-0.19,0.498
2017-07-16,0.19,0.52,0.31,-0.19,0.498
2017-07-17,0.19,0.52,0.31,-0.19,0.498
2017-07-18,0.19,0.52,0.31,-0.19,0.498
2017-07-19,0.19,0.52,0.31,-0.19,0.498
2017-07-20,0.19,0.52,0.31,-0.19,0.498
2017-07-21,0.19,0.52,0.31,-0.19,0.498
2017-07-22,0.19,0.52,0.31,-0.19,0.498
2017-07-23,0.19,0.52,0.31,-0.19,0.498
2017-07-24,0.19,0.52,0.31,-0.19,0.498
2017-07-25,0.19,0.52,0.31,-0.19,0.498
2017-07-26,0.19,0.52,0.31,-0.19,0.498
2017-07-27,0.19,0.52,0.31,-0.19,0.498
2017-07-28,0.19,0.52,0.31,-0.19,0.498
2017-07-29,0.19,0.52,0.31,-0.19,0.498
2017-07-30,0.19,0.52,0.4,-0.19,0.536
2017-07-31,0.19,0.52,0.4,-0.02,0.536
2017-08-01,-0.07,0.349,0.4,-0.02,0.536
2017-08-02,-0.07,0.349,0.4,-0.02,0.536
2017-08-03,-0.07,0.349,0.4,-0.02,0.536
2017-08-04,-0.07,0.349,0.4,-0.02,0.536
2017-08-05,-0.07,0.349,0.4,-0.02,0.536
2017-08-06,-0.07,0.349,0.4,-0.02,0.536
2017-08-07,-0.07,0.349,0.4,-0.02,0.536
2017-08-08,-0.07,0.349,0.4,-0.02,0.536
2017-08-09,-0.07,0.349,0.4,-0.02,0.536
2017-08-10,-0.07,0.349,0.4,-0.02,0.536
2017-08-11,-0.07,0.349,0.4,-0.02,0.536
2017-08-12,-0.07,0.349,0.4,-0.02,0.536
2017-08-13,-0.07,0.349,0.4,-0.02,0.536
2017-08-14,-0.07,0.349,0.4,-0.02,0.536
2017-08-15,-0.07,0.349,0.4,-0.02,0.536
2017-08-16,-0.07,0.349,0.4,-0.02,0.536
2017-08-17,-0.07,0.349,0.4,-0.02,0.536
2017-08-18,-0.07,0.349,0.4,-0.02,0.536
2017-08-19,-0.07,0.349,0.4,-0.02,0.536
2017-08-20,-0.07,0.349,0.4,-0.02,0.536
2017-08-21,-0.07,0.349,0.4,-0.02,0.536
2017-08-22,-0.07,0.349,0.4,-0.02,0.536
2017-08-23,-0.07,0.349,0.4,-0.02,0.536
2017-08-24,-0.07,0.349,0.4,-0.02,0.536
2017-08-25,-0.07,0.349,0.4,-0.02,0.536
2017-08-26,-0.07,0.349,0.4,-0.02,0.536
2017-08-27,-0.07,0.349,0.4,-0.02,0.536
2017-08-28,-0.07,0.349,0.4,0.18,0.536
2017-08-29,-0.07,0.349,0.4,0.18,0.536
2017-08-30,-0.07,0.349,0.39,0.18,0.424
2017-08-31,-0.07,0.349,0.39,0.18,0.424
2017-09-01,-0.34,0.035,0.39,0.18,0.424
2017-09-02,-0.34,0.035,0.39,0.18,0.424
2017-09-03,-0.34,0.035,0.39,0.18,0.424
2017-09-04,-0.34,0.035,0.39,0.18,0.424
2017-09-05,-0.34,0.035,0.39,0.18,0.424
2017-09-06,-0.34,0.035,0.39,0.18,0.424
2017-09-07,-0.34,0.035,0.39,0.18,0.424
2017-09-08,-0.34,0.035,0.39,0.18,0.424
2017-09-09,-0.34,0.035,0.39,0.18,0.424
2017-09-10,-0.34,0.035,0.39,0.18,0.424
2017-09-11,-0.34,0.035,0.39,0.18,0.424
2017-09-12,-0.34,0.035,0.39,0.18,0.424
2017-09-13,-0.34,0.035,0.39,0.18,0.424
2017-09-14,-0.34,0.035,0.39,0.18,0.424
2017-09-15,-0.34,0.035,0.39,0.18,0.424
2017-09-16,-0.34,0.035,0.39,0.18,0.424
2017-09-17,-0.34,0.035,0.39,0.18,0.424
2017-09-18,-0.34,0.035,0.39,0.18,0.424
2017-09-19,-0.34,0.035,0.39,0.18,0.424
2017-09-20,-0.34,0.035,0.39,0.18,0.424
2017-09-21,-0.34,0.035,0.39,0.18,0.424
2017-09-22,-0.34,0.035,0.39,0.18,0.424
2017-09-23,-0.34,0.035,0.39,0.18,0.424
2017-09-24,-0.34,0.035,0.39,0.18,0.424
2017-09-25,-0.34,0.035,0.39,0.18,0.424
2017-09-26,-0.34,0.035,0.39,0.18,0.424
2017-09-27,-0.34,0.035,0.39,0.18,0.424
2017-09-28,-0.34,0.035,0.39,0.31,0.424
2017-09-29,-0.34,0.035,0.19,0.31,0.52
2017-09-30,-0.34,0.035,0.19,0.31,0.52
2017-10-01,-0.6,0.015,0.19,0.31,0.52
2017-10-02,-0.6,0.015,0.19,0.31,0.52
2017-10-03,-0.6,0.015,0.19,0.31,0.52
2017-10-04,-0.6,0.015,0.19,0.31,0.52
2017-10-05,-0.6,0.015,0.19,0.31,0.52
2017-10-06,-0.6,0.015,0.19,0.31,0.52
2017-10-07,-0.6,0.015,0.19,0.31,0.52
2017-10-08,-0.6,0.015,0.19,0.31,0.52
2017-10-09,-0.6,0.015,0.19,0.31,0.52
2017-10-10,-0.6,0.015,0.19,0.31,0.52
2017-10-11,-0.6,0.015,0.19,0.31,0.52
2017-10-12,-0.6,0.015,0.19,0.31,0.52
2017-10-13,-0.6,0.015,0.19,0.31,0.52
2017-10-14,-0.6,0.015,0.19,0.31,0.52
2017-10-15,-0.6,0.015,0.19,0.31,0.52
2017-10-16,-0.6,0.015,0.19,0.31,0.52
2017-10-17,-0.6,0.015,0.19,0.31,0.52
2017-10-18,-0.6,0.015,0.19,0.31,0.52
2017-10-19,-0.6,0.015,0.19,0.31,0.52
2017-10-20,-0.6,0.015,0.19,0.31,0.52
2017-10-21,-0.6,0.015,0.19,0.31,0.52
2017-10-22,-0.6,0.015,0.19,0.31,0.52
2017-10-23,-0.6,0.015,0.19,0.31,0.52
2017-10-24,-0.6,0.015,0.19,0.31,0.52
2017-10-25,-0.6,0.015,0.19,0.31,0.52
2017-10-26,-0.6,0.015,0.19,0.31,0.52
2017-10-27,-0.6,0.015,0.19,0.31,0.52
2017-10-28,-0.6,0.015,0.19,0.4,0.52
2017-10-29,-0.6,0.015,0.19,0.4,0.52
2017-10-30,-0.6,0.015,-0.07,0.4,0.349
2017-10-31,-0.6,0.015,-0.07,0.4,0.349
2017-11-01,-0.77,0.289,-0.07,0.4,0.349
2017-11-02,-0.77,0.289,-0.07,0.4,0.349
2017-11-03,-0.77,0.289,-0.07,0.4,0.349
2017-11-04,-0.77,0.289,-0.07,0.4,0.349
2017-11-05,-0.77,0.289,-0.07,0.4,0.349
2017-11-06,-0.77,0.289,-0.07,0.4,0.349
2017-11-07,-0.77,0.289,-0.07,0.4,0.349
2017-11-08,-0.77,0.289,-0.07,0.4,0.349
2017-11-09,-0.77,0.289,-0.07,0.4,0.349
2017-11-10,-0.77,0.289,-0.07,0.4,0.349
2017-11-11,-0.77,0.289,-0.07,0.4,0.349
2017-11-12,-0.77,0.289,-0.07,0.4,0.349
2017-11-13,-0.77,0.289,-0.07,0.4,0.349
2017-11-14,-0.77,0.289,-0.07,0.4,0.349
2017-11-15,-0.77,0.289,-0.07,0.4,0.349
2017-11-16,-0.77,0.289,-0.07,0.4,0.349
2017-11-17,-0.77,0.289,-0.07,0.4,0.349
2017-11-18,-0.77,0.289,-0.07,0.4,0.349
2017-11-19,-0.77,0.289,-0.07,0.4,0.349
2017-11-20,-0.77,0.289,-0.07,0.4,0.349
2017-11-21,-0.77,0.289,-0.07,0.4,0.349
2017-11-22,-0.77,0.289,-0.07,0.4,0.349
2017-11-23,-0.77,0.289,-0.07,0.4,0.349
2017-11-24,-0.77,0.289,-0.07,0.4,0.349
2017-11-25,-0.77,0.289,-0.07,0.4,0.349
2017-11-26,-0.77,0.289,-0.07,0.4,0.349
2017-11-27,-0.77,0.289,-0.07,0.4,0.349
2017-11-28,-0.77,0.289,-0.07,0.39,0.349
2017-11-29,-0.77,0.289,-0.07,0.39,0.349
2017-11-30,-0.77,0.289,-0.34,0.39,0.035
2017-12-01,-0.86,0.11,-0.34,0.39,0.035
2017-12-02,-0.86,0.11,-0.34,0.39,0.035
2017-12-03,-0.86,0.11,-0.34,0.39,0.035
2017-12-04,-0.86,0.11,-0.34,0.39,0.035
2017-12-05,-0.86,0.11,-0.34,0.39,0.035
2017-12-06,-0.86,0.11,-0.34,0.39,0.035
2017-12-07,-0.86,0.11,-0.34,0.39,0.035
2017-12-08,-0.86,0.11,-0.34,0.39,0.035
2017-12-09,-0.86,0.11,-0.34,0.39,0.035
2017-12-10,-0.86,0.11,-0.34,0.39,0.035
2017-12-11,-0.86,0.11,-0.34,0.39,0.035
2017-12-12,-0.86,0.11,-0.34,0.39,0.035
2017-12-13,-0.86,0.11,-0.34,0.39,0.035
2017-12-14,-0.86,0.11,-0.34,0.39,0.035
2017-12-15,-0.86,0.11,-0.34,0.39,0.035
2017-12-16,-0.86,0.11,-0.34,0.39,0.035
2017-12-17,-0.86,0.11,-0.34,0.39,0.035
2017-12-18,-0.86,0.11,-0.34,0.39,0.035
2017-12-19,-0.86,0.11,-0.34,0.39,0.035
2017-12-20,-0.86,0.11,-0.34,0.39,0.035
2017-12-21,-0.86,0.11,-0.34,0.39,0.035
2017-12-22,-0.86,0.11,-0.34,0.39,0.035
2017-12-23,-0.86,0.11,-0.34,0.39,0.035
2017-12-24,-0.86,0.11,-0.34,0.39,0.035
2017-12-25,-0.86,0.11,-0.34,0.39,0.035
2017-12-26,-0.86,0.11,-0.34,0.39,0.035
2017-12-27,-0.86,0.11,-0.34,0.39,0.035
2017-12-28,-0.86,0.11,-0.34,0.19,0.035
2017-12-29,-0.86,0.11,-0.34,0.19,0.035
2017-12-30,-0.86,0.11,-0.6,0.19,0.015
2017-12-31,-0.86,0.11,-0.6,0.19,0.015
2018-01-01,-0.77,-0.2,-0.6,0.19,0.015
2018-01-02,-0.77,-0.2,-0.6,0.19,0.015
2018-01-03,-0.77,-0.2,-0.6,0.19,0.015
2018-01-04,-0.77,-0.2,-0.6,0.19,0.015
2018-01-05,-0.77,-0.2,-0.6,0.19,0.015
2018-01-06,-0.77,-0.2,-0.6,0.19,0.015
2018-01-07,-0.77,-0.2,-0.6,0.19,0.015
2018-01-08,-0.77,-0.2,-0.6,0.19,0.015
2018-01-09,-0.77,-0.2,-0.6,0.19,0.015
2018-01-10,-0.77,-0.2,-0.6,0.19,0.015
2018-01-11,-0.77,-0.2,-0.6,0.19,0.015
2018-01-12,-0.77,-0.2,-0.6,0.19,0.015
2018-01-13,-0.77,-0.2,-0.6,0.19,0.015
2018-01-14,-0.77,-0.2,-0.6,0.19,0.015
2018-01-15,-0.77,-0.2,-0.6,0.19,0.015
2018-01-16,-0.77,-0.2,-0.6,0.19,0.015
2018-01-17,-0.77,-0.2,-0.6,0.19,0.015
2018-01-18,-0.77,-0.2,-0.6,0.19,0.015
2018-01-19,-0.77,-0.2,-0.6,0.19,0.015
2018-01-20,-0.77,-0.2,-0.6,0.19,0.015
2018-01-21,-0.77,-0.2,-0.6,0.19,0.015
2018-01-22,-0.77,-0.2,-0.6,0.19,0.015
2018-01-23,-0.77,-0.2,-0.6,0.19,0.015
2018-01-24,-0.77,-0.2,-0.6,0.19,0.015
2018-01-25,-0.77,-0.2,-0.6,0.19,0.015
2018-01-26,-0.77,-0.2,-0.6,0.19,0.015
2018-01-27,-0.77,-0.2,-0.6,0.19,0.015
2018-01-28,-0.77,-0.2,-0.6,-0.07,0.015
2018-01-29,-0.77,-0.2,-0.6,-0.07,0.015
2018-01-30,-0.77,-0.2,-0.77,-0.07,0.289
2018-01-31,-0.77,-0.2,-0.77,-0.07,0.289
2018-02-01,-0.71,0.216,-0.77,-0.07,0.289
2018-02-02,-0.71,0.216,-0.77,-0.07,0.289
2018-02-03,-0.71,0.216,-0.77,-0.07,0.289
2018-02-04,-0.71,0.216,-0.77,-0.07,0.289
2018-02-05,-0.71,0.216,-0.77,-0.07,0.289
2018-02-06,-0.71,0.216,-0.77,-0.07,0.289
2018-02-07,-0.71,0.216,-0.77,-0.07,0.289
2018-02-08,-0.71,0.216,-0.77,-0.07,0.289
2018-02-09,-0.71,0.216,-0.77,-0.07,0.289
2018-02-10,-0.71,0.216,-0.77,-0.07,0.289
2018-02-11,-0.71,0.216,-0.77,-0.07,0.289
2018-02-12,-0.71,0.216,-0.77,-0.07,0.289
2018-02-13,-0.71,0.216,-0.77,-0.07,0.289
2018-02-14,-0.71,0.216,-0.77,-0.07,0.289
2018-02-15,-0.71,0.216,-0.77,-0.07,0.289
2018-02-16,-0.71,0.216,-0.77,-0.07,0.289
2018-02-17,-0.71,0.216,-0.77,-0.07,0.289
2018-02-18,-0.71,0.216,-0.77,-0.07,0.289
2018-02-19,-0.71,0.216,-0.77,-0.07,0.289
2018-02-20,-0.71,0.216,-0.77,-0.07,0.289
2018-02-21,-0.71,0.216,-0.77,-0.07,0.289
2018-02-22,-0.71,0.216,-0.77,-0.07,0.289
2018-02-23,-0.71,0.216,-0.77,-0.07,0.289
2018-02-24,-0.71,0.216,-0.77,-0.07,0.289
2018-02-25,-0.71,0.216,-0.77,-0.07,0.289
2018-02-26,-0.71,0.216,-0.77,-0.07,0.289
2018-02-27,-0.71,0.216,-0.77,-0.07,0.289
2018-02-28,-0.71,0.216,-0.77,-0.34,0.289
2018-03-01,-0.57,-0.12,-0.86,-0.34,0.11
2018-03-02,-0.57,-0.12,-0.86,-0.34,0.11
2018-03-03,-0.57,-0.12,-0.86,-0.34,0.11
2018-03-04,-0.57,-0.12,-0.86,-0.34,0.11
2018-03-05,-0.57,-0.12,-0.86,-0.34,0.11
2018-03-06,-0.57,-0.12,-0.86,-0.34,0.11
2018-03-07,-0.57,-0.12,-0.86,-0.34,0.11
2018-03-08,-0.57,-0.12,-0.86,-0.34,0.11
2018-03-09,-0.57,-0.12,-0.86,-0.34,0.11
2018-03-10,-0.57,-0.12,-0.86,-0.34,0.11
2018-03-11,-0.57,-0.12,-0.86,-0.34,0.11
2018-03-12,-0.57,-0.12,-0.86,-0.34,0.11
2018-03-13,-0.57,-0.12,-0.86,-0.34,0.11
2018-03-14,-0.57,-0.12,-0.86,-0.34,0.11
2018-03-15,-0.57,-0.12,-0.86,-0.34,0.11
2018-03-16,-0.57,-0.12,-0.86,-0.34,0.11
2018-03-17,-0.57,-0.12,-0.86,-0.34,0.11
2018-03-18,-0.57,-0.12,-0.86,-0.34,0.11
2018-03-19,-0.57,-0.12,-0.86,-0.34,0.11
2018-03-20,-0.57,-0.12,-0.86,-0.34,0.11
2018-03-21,-0.57,-0.12,-0.86,-0.34,0.11
2018-03-22,-0.57,-0.12,-0.86,-0.34,0.11
2018-03-23,-0.57,-0.12,-0.86,-0.34,0.11
2018-03-24,-0.57,-0.12,-0.86,-0.34,0.11
2018-03-25,-0.57,-0.12,-0.86,-0.34,0.11
2018-03-26,-0.57,-0.12,-0.86,-0.34,0.11
2018-03-27,-0.57,-0.12,-0.86,-0.34,0.11
2018-03-28,-0.57,-0.12,-0.86,-0.34,0.11
2018-03-29,-0.57,-0.12,-0.86,-0.34,0.11
2018-03-30,-0.57,-0.12,-0.86,-0.6,0.11
2018-03-31,-0.57,-0.12,-0.86,-0.6,0.11
2018-04-01,-0.39,-0.083,-0.77,-0.6,-0.2
2018-04-02,-0.39,-0.083,-0.77,-0.6,-0.2
2018-04-03,-0.39,-0.083,-0.77,-0.6,-0.2
2018-04-04,-0.39,-0.083,-0.77,-0.6,-0.2
2018-04-05,-0.39,-0.083,-0.77,-0.6,-0.2
2018-04-06,-0.39,-0.083,-0.77,-0.6,-0.2
2018-04-07,-0.39,-0.083,-0.77,-0.6,-0.2
2018-04-08,-0.39,-0.083,-0.77,-0.6,-0.2
2018-04-09,-0.39,-0.083,-0.77,-0.6,-0.2
2018-04-10,-0.39,-0.083,-0.77,-0.6,-0.2
2018-04-11,-0.39,-0.083,-0.77,-0.6,-0.2
2018-04-12,-0.39,-0.083,-0.77,-0.6,-0.2
2018-04-13,-0.39,-0.083,-0.77,-0.6,-0.2
2018-04-14,-0.39,-0.083,-0.77,-0.6,-0.2
2018-04-15,-0.39,-0.083,-0.77,-0.6,-0.2
2018-04-16,-0.39,-0.083,-0.77,-0.6,-0.2
2018-04-17,-0.39,-0.083,-0.77,-0.6,-0.2
2018-04-18,-0.39,-0.083,-0.77,-0.6,-0.2
2018-04-19,-0.39,-0.083,-0.77,-0.6,-0.2
2018-04-20,-0.39,-0.083,-0.77,-0.6,-0.2
2018-04-21,-0.39,-0.083,-0.77,-0.6,-0.2
2018-04-22,-0.39,-0.083,-0.77,-0.6,-0.2
2018-04-23,-0.39,-0.083,-0.77,-0.6,-0.2
2018-04-24,-0.39,-0.083,-0.77,-0.6,-0.2
2018-04-25,-0.39,-0.083,-0.77,-0.6,-0.2
2018-04-26,-0.39,-0.083,-0.77,-0.6,-0.2
2018-04-27,-0.39,-0.083,-0.77,-0.6,-0.2
2018-04-28,-0.39,-0.083,-0.77,-0.6,-0.2
2018-04-29,-0.39,-0.083,-0.77,-0.6,-0.2
2018-04-30,-0.39,-0.083,-0.77,-0.77,-0.2
2018-05-01,-0.13,0.122,-0.77,-0.77,-0.2
2018-05-02,-0.13,0.122,-0.71,-0.77,0.216
2018-05-03,-0.13,0.122,-0.71,-0.77,0.216
2018-05-04,-0.13,0.122,-0.71,-0.77,0.216
2018-05-05,-0.13,0.122,-0.71,-0.77,0.216
2018-05-06,-0.13,0.122,-0.71,-0.77,0.216
2018-05-07,-0.13,0.122,-0.71,-0.77,0.216
2018-05-08,-0.13,0.122,-0.71,-0.77,0.216
2018-05-09,-0.13,0.122,-0.71,-0.77,0.216
2018-05-10,-0.13,0.122,-0.71,-0.77,0.216
2018-05-11,-0.13,0.122,-0.71,-0.77,0.216
2018-05-12,-0.13,0.122,-0.71,-0.77,0.216
2018-05-13,-0.13,0.122,-0.71,-0.77,0.216
2018-05-14,-0.13,0.122,-0.71,-0.77,0.216
2018-05-15,-0.13,0.122,-0.71,-0.77,0.216
2018-05-16,-0.13,0.122,-0.71,-0.77,0.216
2018-05-17,-0.13,0.122,-0.71,-0.77,0.216
2018-05-18,-0.13,0.122,-0.71,-0.77,0.216
2018-05-19,-0.13,0.122,-0.71,-0.77,0.216
2018-05-20,-0.13,0.122,-0.71,-0.77,0.216
2018-05-21,-0.13,0.122,-0.71,-0.77,0.216
2018-05-22,-0.13,0.122,-0.71,-0.77,0.216
2018-05-23,-0.13,0.122,-0.71,-0.77,0.216
2018-05-24,-0.13,0.122,-0.71,-0.77,0.216
2018-05-25,-0.13,0.122,-0.71,-0.77,0.216
2018-05-26,-0.13,0.122,-0.71,-0.77,0.216
2018-05-27,-0.13,0.122,-0.71,-0.77,0.216
2018-05-28,-0.13,0.122,-0.71,-0.77,0.216
2018-05-29,-0.13,0.122,-0.71,-0.77,0.216
2018-05-30,-0.13,0.122,-0.57,-0.86,-0.12
2018-05-31,-0.13,0.122,-0.57,-0.86,-0.12
2018-06-01,0.06,0.155,-0.57,-0.86,-0.12
2018-06-02,0.06,0.155,-0.57,-0.86,-0.12
2018-06-03,0.06,0.155,-0.57,-0.86,-0.12
2018-06-04,0.06,0.155,-0.57,-0.86,-0.12
2018-06-05,0.06,0.155,-0.57,-0.86,-0.12
2018-06-06,0.06,0.155,-0.57,-0.86,-0.12
2018-06-07,0.06,0.155,-0.57,-0.86,-0.12
2018-06-08,0.06,0.155,-0.57,-0.86,-0.12
2018-06-09,0.06,0.155,-0.57,-0.86,-0.12
2018-06-10,0.06,0.155,-0.57,-0.86,-0.12
2018-06-11,0.06,0.155,-0.57,-0.86,-0.12
2018-06-12,0.06,0.155,-0.57,-0.86,-0.12
2018-06-13,0.06,0.155,-0.57,-0.86,-0.12
2018-06-14,0.06,0.155,-0.57,-0.86,-0.12
2018-06-15,0.06,0.155,-0.57,-0.86,-0.12
2018-06-16,0.06,0.155,-0.57,-0.86,-0.12
2018-06-17,0.06,0.155,-0.57,-0.86,-0.12
2018-06-18,0.06,0.155,-0.57,-0.86,-0.12
2018-06-19,0.06,0.155,-0.57,-0.86,-0.12
2018-06-20,0.06,0.155,-0.57,-0.86,-0.12
2018-06-21,0.06,0.155,-0.57,-0.86,-0.12
2018-06-22,0.06,0.155,-0.57,-0.86,-0.12
2018-06-23,0.06,0.155,-0.57,-0.86,-0.12
2018-06-24,0.06,0.155,-0.57,-0.86,-0.12
2018-06-25,0.06,0.155,-0.57,-0.86,-0.12
2018-06-26,0.06,0.155,-0.57,-0.86,-0.12
2018-06-27,0.06,0.155,-0.57,-0.86,-0.12
2018-06-28,0.06,0.155,-0.57,-0.86,-0.12
2018-06-29,0.06,0.155,-0.57,-0.86,-0.12
2018-06-30,0.06,0.155,-0.39,-0.77,-0.083
2018-07-01,0.14,0.053,-0.39,-0.77,-0.083
2018-07-02,0.14,0.053,-0.39,-0.77,-0.083
2018-07-03,0.14,0.053,-0.39,-0.77,-0.083
2018-07-04,0.14,0.053,-0.39,-0.77,-0.083
2018-07-05,0.14,0.053,-0.39,-0.77,-0.083
2018-07-06,0.14,0.053,-0.39,-0.77,-0.083
2018-07-07,0.14,0.053,-0.39,-0.77,-0.083
2018-07-08,0.14,0.053,-0.39,-0.77,-0.083
2018-07-09,0.14,0.053,-0.39,-0.77,-0.083
2018-07-10,0.14,0.053,-0.39,-0.77,-0.083
2018-07-11,0.14,0.053,-0.39,-0.77,-0.083
2018-07-12,0.14,0.053,-0.39,-0.77,-0.083
2018-07-13,0.14,0.053,-0.39,-0.77,-0.083
2018-07-14,0.14,0.053,-0.39,-0.77,-0.083
2018-07-15,0.14,0.053,-0.39,-0.77,-0.083
2018-07-16,0.14,0.053,-0.39,-0.77,-0.083
2018-07-17,0.14,0.053,-0.39,-0.77,-0.083
2018-07-18,0.14,0.053,-0.39,-0.77,-0.083
2018-07-19,0.14,0.053,-0.39,-0.77,-0.083
2018-07-20,0.14,0.053,-0.39,-0.77,-0.083
2018-07-21,0.14,0.053,-0.39,-0.77,-0.083
2018-07-22,0.14,0.053,-0.39,-0.77,-0.083
2018-07-23,0.14,0.053,-0.39,-0.77,-0.083
2018-07-24,0.14,0.053,-0.39,-0.77,-0.083
2018-07-25,0.14,0.053,-0.39,-0.77,-0.083
2018-07-26,0.14,0.053,-0.39,-0.77,-0.083
2018-07-27,0.14,0.053,-0.39,-0.77,-0.083
2018-07-28,0.14,0.053,-0.39,-0.77,-0.083
2018-07-29,0.14,0.053,-0.39,-0.77,-0.083
2018-07-30,0.14,0.053,-0.13,-0.77,0.122
2018-07-31,0.14,0.053,-0.13,-0.71,0.122
2018-08-01,0.27,0.121,-0.13,-0.71,0.122
2018-08-02,0.27,0.121,-0.13,-0.71,0.122
2018-08-03,0.27,0.121,-0.13,-0.71,0.122
2018-08-04,0.27,0.121,-0.13,-0.71,0.122
2018-08-05,0.27,0.121,-0.13,-0.71,0.122
2018-08-06,0.27,0.121,-0.13,-0.71,0.122
2018-08-07,0.27,0.121,-0.13,-0.71,0.122
2018-08-08,0.27,0.121,-0.13,-0.71,0.122
2018-08-09,0.27,0.121,-0.13,-0.71,0.122
2018-08-10,0.27,0.121,-0.13,-0.71,0.122
2018-08-11,0.27,0.121,-0.13,-0.71,0.122
2018-08-12,0.27,0.121,-0.13,-0.71,0.122
2018-08-13,0.27,0.121,-0.13,-0.71,0.122
2018-08-14,0.27,0.121,-0.13,-0.71,0.122
2018-08-15,0.27,0.121,-0.13,-0.71,0.122
2018-08-16,0.27,0.121,-0.13,-0.71,0.122
2018-08-17,0.27,0.121,-0.13,-0.71,0.122
2018-08-18,0.27,0.121,-0.13,-0.71,0.122
2018-08-19,0.27,0.121,-0.13,-0.71,0.122
2018-08-20,0.27,0.121,-0.13,-0.71,0.122
2018-08-21,0.27,0.121,-0.13,-0.71,0.122
2018-08-22,0.27,0.121,-0.13,-0.71,0.122
2018-08-23,0.27,0.121,-0.13,-0.71,0.122
2018-08-24,0.27,0.121,-0.13,-0.71,0.122
2018-08-25,0.27,0.121,-0.13,-0.71,0.122
2018-08-26,0.27,0.121,-0.13,-0.71,0.122
2018-08-27,0.27,0.121,-0.13,-0.71,0.122
2018-08-28,0.27,0.121,-0.13,-0.57,0.122
2018-08-29,0.27,0.121,-0.13,-0.57,0.122
2018-08-30,0.27,0.121,0.06,-0.57,0.155
2018-08-31,0.27,0.121,0.06,-0.57,0.155
2018-09-01,0.53,0.604,0.06,-0.57,0.155
2018-09-02,0.53,0.604,0.06,-0.57,0.155
2018-09-03,0.53,0.604,0.06,-0.57,0.155
2018-09-04,0.53,0.604,0.06,-0.57,0.155
2018-09-05,0.53,0.604,0.06,-0.57,0.155
2018-09-06,0.53,0.604,0.06,-0.57,0.155
2018-09-07,0.53,0.604,0.06,-0.57,0.155
2018-09-08,0.53,0.604,0.06,-0.57,0.155
2018-09-09,0.53,0.604,0.06,-0.57,0.155
2018-09-10,0.53,0.604,0.06,-0.57,0.155
2018-09-11,0.53,0.604,0.06,-0.57,0.155
2018-09-12,0.53,0.604,0.06,-0.57,0.155
2018-09-13,0.53,0.604,0.06,-0.57,0.155
2018-09-14,0.53,0.604,0.06,-0.57,0.155
2018-09-15,0.53,0.604,0.06,-0.57,0.155
2018-09-16,0.53,0.604,0.06,-0.57,0.155
2018-09-17,0.53,0.604,0.06,-0.57,0.155
2018-09-18,0.53,0.604,0.06,-0.57,0.155
2018-09-19,0.53,0.604,0.06,-0.57,0.155
2018-09-20,0.53,0.604,0.06,-0.57,0.155
2018-09-21,0.53,0.604,0.06,-0.57,0.155
2018-09-22,0.53,0.604,0.06,-0.57,0.155
2018-09-23,0.53,0.604,0.06,-0.57,0.155
2018-09-24,0.53,0.604,0.06,-0.57,0.155
2018-09-25,0.53,0.604,0.06,-0.57,0.155
2018-09-26,0.53,0.604,0.06,-0.57,0.155
2018-09-27,0.53,0.604,0.06,-0.57,0.155
2018-09-28,0.53,0.604,0.06,-0.39,0.155
2018-09-29,0.53,0.604,0.14,-0.39,0.053
2018-09-30,0.53,0.604,0.14,-0.39,0.053
2018-10-01,0.81,0.684,0.14,-0.39,0.053
2018-10-02,0.81,0.684,0.14,-0.39,0.053
2018-10-03,0.81,0.684,0.14,-0.39,0.053
2018-10-04,0.81,0.684,0.14,-0.39,0.053
2018-10-05,0.81,0.684,0.14,-0.39,0.053
2018-10-06,0.81,0.684,0.14,-0.39,0.053
2018-10-07,0.81,0.684,0.14,-0.39,0.053
2018-10-08,0.81,0.684,0.14,-0.39,0.053
2018-10-09,0.81,0.684,0.14,-0.39,0.053
2018-10-10,0.81,0.684,0.14,-0.39,0.053
2018-10-11,0.81,0.684,0.14,-0.39,0.053
2018-10-12,0.81,0.684,0.14,-0.39,0.053
2018-10-13,0.81,0.684,0.14,-0.39,0.053
2018-10-14,0.81,0.684,0.14,-0.39,0.053
2018-10-15,0.81,0.684,0.14,-0.39,0.053
2018-10-16,0.81,0.684,0.14,-0.39,0.053
2018-10-17,0.81,0.684,0.14,-0.39,0.053
2018-10-18,0.81,0.684,0.14,-0.39,0.053
2018-10-19,0.81,0.684,0.14,-0.39,0.053
2018-10-20,0.81,0.684,0.14,-0.39,0.053
2018-10-21,0.81,0.684,0.14,-0.39,0.053
2018-10-22,0.81,0.684,0.14,-0.39,0.053
2018-10-23,0.81,0.684,0.14,-0.39,0.053
2018-10-24,0.81,0.684,0.14,-0.39,0.053
2018-10-25,0.81,0.684,0.14,-0.39,0.053
2018-10-26,0.81,0.684,0.14,-0.39,0.053
2018-10-27,0.81,0.684,0.14,-0.39,0.053
2018-10-28,0.81,0.684,0.14,-0.13,0.053
2018-10-29,0.81,0.684,0.14,-0.13,0.053
2018-10-30,0.81,0.684,0.27,-0.13,0.121
2018-10-31,0.81,0.684,0.27,-0.13,0.121
2018-11-01,0.97,0.5,0.27,-0.13,0.121
2018-11-02,0.97,0.5,0.27,-0.13,0.121
2018-11-03,0.97,0.5,0.27,-0.13,0.121
2018-11-04,0.97,0.5,0.27,-0.13,0.121
2018-11-05,0.97,0.5,0.27,-0.13,0.121
2018-11-06,0.97,0.5,0.27,-0.13,0.121
2018-11-07,0.97,0.5,0.27,-0.13,0.121
2018-11-08,0.97,0.5,0.27,-0.13,0.121
2018-11-09,0.97,0.5,0.27,-0.13,0.121
2018-11-10,0.97,0.5,0.27,-0.13,0.121
2018-11-11,0.97,0.5,0.27,-0.13,0.121
2018-11-12,0.97,0.5,0.27,-0.13,0.121
2018-11-13,0.97,0.5,0.27,-0.13,0.121
2018-11-14,0.97,0.5,0.27,-0.13,0.121
2018-11-15,0.97,0.5,0.27,-0.13,0.121
2018-11-16,0.97,0.5,0.27,-0.13,0.121
2018-11-17,0.97,0.5,0.27,-0.13,0.121
2018-11-18,0.97,0.5,0.27,-0.13,0.121
2018-11-19,0.97,0.5,0.27,-0.13,0.121
2018-11-20,0.97,0.5,0.27,-0.13,0.121
2018-11-21,0.97,0.5,0.27,-0.13,0.121
2018-11-22,0.97,0.5,0.27,-0.13,0.121
2018-11-23,0.97,0.5,0.27,-0.13,0.121
2018-11-24,0.97,0.5,0.27,-0.13,0.121
2018-11-25,0.97,0.5,0.27,-0.13,0.121
2018-11-26,0.97,0.5,0.27,-0.13,0.121
2018-11-27,0.97,0.5,0.27,-0.13,0.121
2018-11-28,0.97,0.5,0.27,0.06,0.121
2018-11-29,0.97,0.5,0.27,0.06,0.121
2018-11-30,0.97,0.5,0.53,0.06,0.604
2018-12-01,0.92,0.309,0.53,0.06,0.604
2018-12-02,0.92,0.309,0.53,0.06,0.604
2018-12-03,0.92,0.309,0.53,0.06,0.604
2018-12-04,0.92,0.309,0.53,0.06,0.604
2018-12-05,0.92,0.309,0.53,0.06,0.604
2018-12-06,0.92,0.309,0.53,0.06,0.604
2018-12-07,0.92,0.309,0.53,0.06,0.604
2018-12-08,0.92,0.309,0.53,0.06,0.604
2018-12-09,0.92,0.309,0.53,0.06,0.604
2018-12-10,0.92,0.309,0.53,0.06,0.604
2018-12-11,0.92,0.309,0.53,0.06,0.604
2018-12-12,0.92,0.309,0.53,0.06,0.604
2018-12-13,0.92,0.309,0.53,0.06,0.604
2018-12-14,0.92,0.309,0.53,0.06,0.604
2018-12-15,0.92,0.309,0.53,0.06,0.604
2018-12-16,0.92,0.309,0.53,0.06,0.604
2018-12-17,0.92,0.309,0.53,0.06,0.604
2018-12-18,0.92,0.309,0.53,0.06,0.604
2018-12-19,0.92,0.309,0.53,0.06,0.604
2018-12-20,0.92,0.309,0.53,0.06,0.604
2018-12-21,0.92,0.309,0.53,0.06,0.604
2018-12-22,0.92,0.309,0.53,0.06,0.604
2018-12-23,0.92,0.309,0.53,0.06,0.604
2018-12-24,0.92,0.309,0.53,0.06,0.604
2018-12-25,0.92,0.309,0.53,0.06,0.604
2018-12-26,0.92,0.309,0.53,0.06,0.604
2018-12-27,0.92,0.309,0.53,0.06,0.604
2018-12-28,0.92,0.309,0.53,0.14,0.604
2018-12-29,0.92,0.309,0.53,0.14,0.604
2018-12-30,0.92,0.309,0.81,0.14,0.684
2018-12-31,0.92,0.309,0.81,0.14,0.684
2019-01-01,0.89,0.387,0.81,0.14,0.684
2019-01-02,0.89,0.387,0.81,0.14,0.684
2019-01-03,0.89,0.387,0.81,0.14,0.684
2019-01-04,0.89,0.387,0.81,0.14,0.684
2019-01-05,0.89,0.387,0.81,0.14,0.684
2019-01-06,0.89,0.387,0.81,0.14,0.684
2019-01-07,0.89,0.387,0.81,0.14,0.684
2019-01-08,0.89,0.387,0.81,0.14,0.684
2019-01-09,0.89,0.387,0.81,0.14,0.684
2019-01-10,0.89,0.387,0.81,0.14,0.684
2019-01-11,0.89,0.387,0.81,0.14,0.684
2019-01-12,0.89,0.387,0.81,0.14,0.684
2019-01-13,0.89,0.387,0.81,0.14,0.684
2019-01-14,0.89,0.387,0.81,0.14,0.684
2019-01-15,0.89,0.387,0.81,0.14,0.684
2019-01-16,0.89,0.387,0.81,0.14,0.684
2019-01-17,0.89,0.387,0.81,0.14,0.684
2019-01-18,0.89,0.387,0.81,0.14,0.684
2019-01-19,0.89,0.387,0.81,0.14,0.684
2019-01-20,0.89,0.387,0.81,0.14,0.684
2019-01-21,0.89,0.387,0.81,0.14,0.684
2019-01-22,0.89,0.387,0.81,0.14,0.684
2019-01-23,0.89,0.387,0.81,0.14,0.684
2019-01-24,0.89,0.387,0.81,0.14,0.684
2019-01-25,0.89,0.387,0.81,0.14,0.684
2019-01-26,0.89,0.387,0.81,0.14,0.684
2019-01-27,0.89,0.387,0.81,0.14,0.684
2019-01-28,0.89,0.387,0.81,0.27,0.684
2019-01-29,0.89,0.387,0.81,0.27,0.684
2019-01-30,0.89,0.387,0.97,0.27,0.5
2019-01-31,0.89,0.387,0.97,0.27,0.5
2019-02-01,0.86,0.416,0.97,0.27,0.5
2019-02-02,0.86,0.416,0.97,0.27,0.5
2019-02-03,0.86,0.416,0.97,0.27,0.5
2019-02-04,0.86,0.416,0.97,0.27,0.5
2019-02-05,0.86,0.416,0.97,0.27,0.5
2019-02-06,0.86,0.416,0.97,0.27,0.5
2019-02-07,0.86,0.416,0.97,0.27,0.5
2019-02-08,0.86,0.416,0.97,0.27,0.5
2019-02-09,0.86,0.416,0.97,0.27,0.5
2019-02-10,0.86,0.416,0.97,0.27,0.5
2019-02-11,0.86,0.416,0.97,0.27,0.5
2019-02-12,0.86,0.416,0.97,0.27,0.5
2019-02-13,0.86,0.416,0.97,0.27,0.5
2019-02-14,0.86,0.416,0.97,0.27,0.5
2019-02-15,0.86,0.416,0.97,0.27,0.5
2019-02-16,0.86,0.416,0.97,0.27,0.5
2019-02-17,0.86,0.416,0.97,0.27,0.5
2019-02-18,0.86,0.416,0.97,0.27,0.5
2019-02-19,0.86,0.416,0.97,0.27,0.5
2019-02-20,0.86,0.416,0.97,0.27,0.5
2019-02-21,0.86,0.416,0.97,0.27,0.5
2019-02-22,0.86,0.416,0.97,0.27,0.5
2019-02-23,0.86,0.416,0.97,0.27,0.5
2019-02-24,0.86,0.416,0.97,0.27,0.5
2019-02-25,0.86,0.416,0.97,0.27,0.5
2019-02-26,0.86,0.416,0.97,0.27,0.5
2019-02-27,0.86,0.416,0.97,0.27,0.5
2019-02-28,0.86,0.416,0.97,0.53,0.5
2019-03-01,0.84,0.225,0.92,0.53,0.309
2019-03-02,0.84,0.225,0.92,0.53,0.309
2019-03-03,0.84,0.225,0.92,0.53,0.309
2019-03-04,0.84,0.225,0.92,0.53,0.309
2019-03-05,0.84,0.225,0.92,0.53,0.309
2019-03-06,0.84,0.225,0.92,0.53,0.309
2019-03-07,0.84,0.225,0.92,0.53,0.309
2019-03-08,0.84,0.225,0.92,0.53,0.309
2019-03-09,0.84,0.225,0.92,0.53,0.309
2019-03-10,0.84,0.225,0.92,0.53,0.309
2019-03-11,0.84,0.225,0.92,0.53,0.309
2019-03-12,0.84,0.225,0.92,0.53,0.309
2019-03-13,0.84,0.225,0.92,0.53,0.309
2019-03-14,0.84,0.225,0.92,0.53,0.309
2019-03-15,0.84,0.225,0.92,0.53,0.309
2019-03-16,0.84,0.225,0.92,0.53,0.309
2019-03-17,0.84,0.225,0.92,0.53,0.309
2019-03-18,0.84,0.225,0.92,0.53,0.309
2019-03-19,0.84,0.225,0.92,0.53,0.309
2019-03-20,0.84,0.225,0.92,0.53,0.309
2019-03-21,0.84,0.225,0.92,0.53,0.309
2019-03-22,0.84,0.225,0.92,0.53,0.309
2019-03-23,0.84,0.225,0.92,0.53,0.309
2019-03-24,0.84,0.225,0.92,0.53,0.309
2019-03-25,0.84,0.225,0.92,0.53,0.309
2019-03-26,0.84,0.225,0.92,0.53,0.309
2019-03-27,0.84,0.225,0.92,0.53,0.309
2019-03-28,0.84,0.225,0.92,0.53,0.309
2019-03-29,0.84,0.225,0.92,0.53,0.309
2019-03-30,0.84,0.225,0.92,0.81,0.309
2019-03-31,0.84,0.225,0.92,0.81,0.309
2019-04-01,0.77,0.258,0.89,0.81,0.387
2019-04-02,0.77,0.258,0.89,0.81,0.387
2019-04-03,0.77,0.258,0.89,0.81,0.387
2019-04-04,0.77,0.258,0.89,0.81,0.387
2019-04-05,0.77,0.258,0.89,0.81,0.387
2019-04-06,0.77,0.258,0.89,0.81,0.387
2019-04-07,0.77,0.258,0.89,0.81,0.387
2019-04-08,0.77,0.258,0.89,0.81,0.387
2019-04-09,0.77,0.258,0.89,0.81,0.387
2019-04-10,0.77,0.258,0.89,0.81,0.387
2019-04-11,0.77,0.258,0.89,0.81,0.387
2019-04-12,0.77,0.258,0.89,0.81,0.387
2019-04-13,0.77,0.258,0.89,0.81,0.387
2019-04-14,0.77,0.258,0.89,0.81,0.387
2019-04-15,0.77,0.258,0.89,0.81,0.387
2019-04-16,0.77,0.258,0.89,0.81,0.387
2019-04-17,0.77,0.258,0.89,0.81,0.387
2019-04-18,0.77,0.258,0.89,0.81,0.387
2019-04-19,0.77,0.258,0.89,0.81,0.387
2019-04-20,0.77,0.258,0.89,0.81,0.387
2019-04-21,0.77,0.258,0.89,0.81,0.387
2019-04-22,0.77,0.258,0.89,0.81,0.387
2019-04-23,0.77,0.258,0.89,0.81,0.387
2019-04-24,0.77,0.258,0.89,0.81,0.387
2019-04-25,0.77,0.258,0.89,0.81,0.387
2019-04-26,0.77,0.258,0.89,0.81,0.387
2019-04-27,0.77,0.258,0.89,0.81,0.387
2019-04-28,0.77,0.258,0.89,0.81,0.387
2019-04-29,0.77,0.258,0.89,0.81,0.387
2019-04-30,0.77,0.258,0.89,0.97,0.387
2019-05-01,0.64,0.54,0.89,0.97,0.387
2019-05-02,0.64,0.54,0.86,0.97,0.416
2019-05-03,0.64,0.54,0.86,0.97,0.416
2019-05-04,0.64,0.54,0.86,0.97,0.416
2019-05-05,0.64,0.54,0.86,0.97,0.416
2019-05-06,0.64,0.54,0.86,0.97,0.416
2019-05-07,0.64,0.54,0.86,0.97,0.416
2019-05-08,0.64,0.54,0.86,0.97,0.416
2019-05-09,0.64,0.54,0.86,0.97,0.416
2019-05-10,0.64,0.54,0.86,0.97,0.416
2019-05-11,0.64,0.54,0.86,0.97,0.416
2019-05-12,0.64,0.54,0.86,0.97,0.416
2019-05-13,0.64,0.54,0.86,0.97,0.416
2019-05-14,0.64,0.54,0.86,0.97,0.416
2019-05-15,0.64,0.54,0.86,0.97,0.416
2019-05-16,0.64,0.54,0.86,0.97,0.416
2019-05-17,0.64,0.54,0.86,0.97,0.416
2019-05-18,0.64,0.54,0.86,0.97,0.416
2019-05-19,0.64,0.54,0.86,0.97,0.416
2019-05-20,0.64,0.54,0.86,0.97,0.416
2019-05-21,0.64,0.54,0.86,0.97,0.416
2019-05-22,0.64,0.54,0.86,0.97,0.416
2019-05-23,0.64,0.54,0.86,0.97,0.416
2019-05-24,0.64,0.54,0.86,0.97,0.416
2019-05-25,0.64,0.54,0.86,0.97,0.416
2019-05-26,0.64,0.54,0.86,0.97,0.416
2019-05-27,0.64,0.54,0.86,0.97,0.416
2019-05-28,0.64,0.54,0.86,0.97,0.416
2019-05-29,0.64,0.54,0.86,0.97,0.416
2019-05-30,0.64,0.54,0.84,0.92,0.225
2019-05-31,0.64,0.54,0.84,0.92,0.225
2019-06-01,0.52,0.605,0.84,0.92,0.225
2019-06-02,0.52,0.605,0.84,0.92,0.225
2019-06-03,0.52,0.605,0.84,0.92,0.225
2019-06-04,0.52,0.605,0.84,0.92,0.225
2019-06-05,0.52,0.605,0.84,0.92,0.225
2019-06-06,0.52,0.605,0.84,0.92,0.225
2019-06-07,0.52,0.605,0.84,0.92,0.225
2019-06-08,0.52,0.605,0.84,0.92,0.225
2019-06-09,0.52,0.605,0.84,0.92,0.225
2019-06-10,0.52,0.605,0.84,0.92,0.225
2019-06-11,0.52,0.605,0.84,0.92,0.225
2019-06-12,0.52,0.605,0.84,0.92,0.225
2019-06-13,0.52,0.605,0.84,0.92,0.225
2019-06-14,0.52,0.605,0.84,0.92,0.225
2019-06-15,0.52,0.605,0.84,0.92,0.225
2019-06-16,0.52,0.605,0.84,0.92,0.225
2019-06-17,0.52,0.605,0.84,0.92,0.225
2019-06-18,0.52,0.605,0.84,0.92,0.225
2019-06-19,0.52,0.605,0.84,0.92,0.225
2019-06-20,0.52,0.605,0.84,0.92,0.225
2019-06-21,0.52,0.605,0.84,0.92,0.225
2019-06-22,0.52,0.605,0.84,0.92,0.225
2019-06-23,0.52,0.605,0.84,0.92,0.225
2019-06-24,0.52,0.605,0.84,0.92,0.225
2019-06-25,0.52,0.605,0.84,0.92,0.225
2019-06-26,0.52,0.605,0.84,0.92,0.225
2019-06-27,0.52,0.605,0.84,0.92,0.225
2019-06-28,0.52,0.605,0.84,0.92,0.225
2019-06-29,0.52,0.605,0.84,0.92,0.225
2019-06-30,0.52,0.605,0.77,0.89,0.258
2019-07-01,0.33,0.597,0.77,0.89,0.258
2019-07-02,0.33,0.597,0.77,0.89,0.258
2019-07-03,0.33,0.597,0.77,0.89,0.258
2019-07-04,0.33,0.597,0.77,0.89,0.258
2019-07-05,0.33,0.597,0.77,0.89,0.258
2019-07-06,0.33,0.597,0.77,0.89,0.258
2019-07-07,0.33,0.597,0.77,0.89,0.258
2019-07-08,0.33,0.597,0.77,0.89,0.258
2019-07-09,0.33,0.597,0.77,0.89,0.258
2019-07-10,0.33,0.597,0.77,0.89,0.258
2019-07-11,0.33,0.597,0.77,0.89,0.258
2019-07-12,0.33,0.597,0.77,0.89,0.258
2019-07-13,0.33,0.597,0.77,0.89,0.258
2019-07-14,0.33,0.597,0.77,0.89,0.258
2019-07-15,0.33,0.597,0.77,0.89,0.258
2019-07-16,0.33,0.597,0.77,0.89,0.258
2019-07-17,0.33,0.597,0.77,0.89,0.258
2019-07-18,0.33,0.597,0.77,0.89,0.258
2019-07-19,0.33,0.597,0.77,0.89,0.258
2019-07-20,0.33,0.597,0.77,0.89,0.258
2019-07-21,0.33,0.597,0.77,0.89,0.258
2019-07-22,0.33,0.597,0.77,0.89,0.258
2019-07-23,0.33,0.597,0.77,0.89,0.258
2019-07-24,0.33,0.597,0.77,0.89,0.258
2019-07-25,0.33,0.597,0.77,0.89,0.258
2019-07-26,0.33,0.597,0.77,0.89,0.258
2019-07-27,0.33,0.597,0.77,0.89,0.258
2019-07-28,0.33,0.597,0.77,0.89,0.258
2019-07-29,0.33,0.597,0.77,0.89,0.258
2019-07-30,0.33,0.597,0.64,0.89,0.54
2019-07-31,0.33,0.597,0.64,0.86,0.54
2019-08-01,0.19,0.436,0.64,0.86,0.54
2019-08-02,0.19,0.436,0.64,0.86,0.54
2019-08-03,0.19,0.436,0.64,0.86,0.54
2019-08-04,0.19,0.436,0.64,0.86,0.54
2019-08-05,0.19,0.436,0.64,0.86,0.54
2019-08-06,0.19,0.436,0.64,0.86,0.54
2019-08-07,0.19,0.436,0.64,0.86,0.54
2019-08-08,0.19,0.436,0.64,0.86,0.54
2019-08-09,0.19,0.436,0.64,0.86,0.54
2019-08-10,0.19,0.436,0.64,0.86,0.54
2019-08-11,0.19,0.436,0.64,0.86,0.54
2019-08-12,0.19,0.436,0.64,0.86,0.54
2019-08-13,0.19,0.436,0.64,0.86,0.54
2019-08-14,0.19,0.436,0.64,0.86,0.54
2019-08-15,0.19,0.436,0.64,0.86,0.54
2019-08-16,0.19,0.436,0.64,0.86,0.54
2019-08-17,0.19,0.436,0.64,0.86,0.54
2019-08-18,0.19,0.436,0.64,0.86,0.54
2019-08-19,0.19,0.436,0.64,0.86,0.54
2019-08-20,0.19,0.436,0.64,0.86,0.54
2019-08-21,0.19,0.436,0.64,0.86,0.54
2019-08-22,0.19,0.436,0.64,0.86,0.54
2019-08-23,0.19,0.436,0.64,0.86,0.54
2019-08-24,0.19,0.436,0.64,0.86,0.54
2019-08-25,0.19,0.436,0.64,0.86,0.54
2019-08-26,0.19,0.436,0.64,0.86,0.54
2019-08-27,0.19,0.436,0.64,0.86,0.54
2019-08-28,0.19,0.436,0.64,0.84,0.54
2019-08-29,0.19,0.436,0.64,0.84,0.54
2019-08-30,0.19,0.436,0.52,0.84,0.605
2019-08-31,0.19,0.436,0.52,0.84,0.605
2019-09-01,0.23,0.892,0.52,0.84,0.605
2019-09-02,0.23,0.892,0.52,0.84,0.605
2019-09-03,0.23,0.892,0.52,0.84,0.605
2019-09-04,0.23,0.892,0.52,0.84,0.605
2019-09-05,0.23,0.892,0.52,0.84,0.605
2019-09-06,0.23,0.892,0.52,0.84,0.605
2019-09-07,0.23,0.892,0.52,0.84,0.605
2019-09-08,0.23,0.892,0.52,0.84,0.605
2019-09-09,0.23,0.892,0.52,0.84,0.605
2019-09-10,0.23,0.892,0.52,0.84,0.605
2019-09-11,0.23,0.892,0.52,0.84,0.605
2019-09-12,0.23,0.892,0.52,0.84,0.605
2019-09-13,0.23,0.892,0.52,0.84,0.605
2019-09-14,0.23,0.892,0.52,0.84,0.605
2019-09-15,0.23,0.892,0.52,0.84,0.605
2019-09-16,0.23,0.892,0.52,0.84,0.605
2019-09-17,0.23,0.892,0.52,0.84,0.605
2019-09-18,0.23,0.892,0.52,0.84,0.605
2019-09-19,0.23,0.892,0.52,0.84,0.605
2019-09-20,0.23,0.892,0.52,0.84,0.605
2019-09-21,0.23,0.892,0.52,0.84,0.605
2019-09-22,0.23,0.892,0.52,0.84,0.605
2019-09-23,0.23,0.892,0.52,0.84,0.605
2019-09-24,0.23,0.892,0.52,0.84,0.605
2019-09-25,0.23,0.892,0.52,0.84,0.605
2019-09-26,0.23,0.892,0.52,0.84,0.605
2019-09-27,0.23,0.892,0.52,0.84,0.605
2019-09-28,0.23,0.892,0.52,0.77,0.605
2019-09-29,0.23,0.892,0.33,0.77,0.597
2019-09-30,0.23,0.892,0.33,0.77,0.597
2019-10-01,0.39,0.964,0.33,0.77,0.597
2019-10-02,0.39,0.964,0.33,0.77,0.597
2019-10-03,0.39,0.964,0.33,0.77,0.597
2019-10-04,0.39,0.964,0.33,0.77,0.597
2019-10-05,0.39,0.964,0.33,0.77,0.597
2019-10-06,0.39,0.964,0.33,0.77,0.597
2019-10-07,0.39,0.964,0.33,0.77,0.597
2019-10-08,0.39,0.964,0.33,0.77,0.597
2019-10-09,0.39,0.964,0.33,0.77,0.597
2019-10-10,0.39,0.964,0.33,0.77,0.597
2019-10-11,0.39,0.964,0.33,0.77,0.597
2019-10-12,0.39,0.964,0.33,0.77,0.597
2019-10-13,0.39,0.964,0.33,0.77,0.597
2019-10-14,0.39,0.964,0.33,0.77,0.597
2019-10-15,0.39,0.964,0.33,0.77,0.597
2019-10-16,0.39,0.964,0.33,0.77,0.597
2019-10-17,0.39,0.964,0.33,0.77,0.597
2019-10-18,0.39,0.964,0.33,0.77,0.597
2019-10-19,0.39,0.964,0.33,0.77,0.597
2019-10-20,0.39,0.964,0.33,0.77,0.597
2019-10-21,0.39,0.964,0.33,0.77,0.597
2019-10-22,0.39,0.964,0.33,0.77,0.597
2019-10-23,0.39,0.964,0.33,0.77,0.597
2019-10-24,0.39,0.964,0.33,0.77,0.597
2019-10-25,0.39,0.964,0.33,0.77,0.597
2019-10-26,0.39,0.964,0.33,0.77,0.597
2019-10-27,0.39,0.964,0.33,0.77,0.597
2019-10-28,0.39,0.964,0.33,0.64,0.597
2019-10-29,0.39,0.964,0.33,0.64,0.597
2019-10-30,0.39,0.964,0.19,0.64,0.436
2019-10-31,0.39,0.964,0.19,0.64,0.436
2019-11-01,0.58,0.835,0.19,0.64,0.436
2019-11-02,0.58,0.835,0.19,0.64,0.436
2019-11-03,0.58,0.835,0.19,0.64,0.436
2019-11-04,0.58,0.835,0.19,0.64,0.436
2019-11-05,0.58,0.835,0.19,0.64,0.436
2019-11-06,0.58,0.835,0.19,0.64,0.436
2019-11-07,0.58,0.835,0.19,0.64,0.436
2019-11-08,0.58,0.835,0.19,0.64,0.436
2019-11-09,0.58,0.835,0.19,0.64,0.436
2019-11-10,0.58,0.835,0.19,0.64,0.436
2019-11-11,0.58,0.835,0.19,0.64,0.436
2019-11-12,0.58,0.835,0.19,0.64,0.436
2019-11-13,0.58,0.835,0.19,0.64,0.436
2019-11-14,0.58,0.835,0.19,0.64,0.436
2019-11-15,0.58,0.835,0.19,0.64,0.436
2019-11-16,0.58,0.835,0.19,0.64,0.436
2019-11-17,0.58,0.835,0.19,0.64,0.436
2019-11-18,0.58,0.835,0.19,0.64,0.436
2019-11-19,0.58,0.835,0.19,0.64,0.436
2019-11-20,0.58,0.835,0.19,0.64,0.436
2019-11-21,0.58,0.835,0.19,0.64,0.436
2019-11-22,0.58,0.835,0.19,0.64,0.436
2019-11-23,0.58,0.835,0.19,0.64,0.436
2019-11-24,0.58,0.835,0.19,0.64,0.436
2019-11-25,0.58,0.835,0.19,0.64,0.436
2019-11-26,0.58,0.835,0.19,0.64,0.436
2019-11-27,0.58,0.835,0.19,0.64,0.436
2019-11-28,0.58,0.835,0.19,0.52,0.436
2019-11-29,0.58,0.835,0.19,0.52,0.436
2019-11-30,0.58,0.835,0.23,0.52,0.892
2019-12-01,0.66,0.243,0.23,0.52,0.892
2019-12-02,0.66,0.243,0.23,0.52,0.892
2019-12-03,0.66,0.243,0.23,0.52,0.892
2019-12-04,0.66,0.243,0.23,0.52,0.892
2019-12-05,0.66,0.243,0.23,0.52,0.892
2019-12-06,0.66,0.243,0.23,0.52,0.892
2019-12-07,0.66,0.243,0.23,0.52,0.892
2019-12-08,0.66,0.243,0.23,0.52,0.892
2019-12-09,0.66,0.243,0.23,0.52,0.892
2019-12-10,0.66,0.243,0.23,0.52,0.892
2019-12-11,0.66,0.243,0.23,0.52,0.892
2019-12-12,0.66,0.243,0.23,0.52,0.892
2019-12-13,0.66,0.243,0.23,0.52,0.892
2019-12-14,0.66,0.243,0.23,0.52,0.892
2019-12-15,0.66,0.243,0.23,0.52,0.892
2019-12-16,0.66,0.243,0.23,0.52,0.892
2019-12-17,0.66,0.243,0.23,0.52,0.892
2019-12-18,0.66,0.243,0.23,0.52,0.892
2019-12-19,0.66,0.243,0.23,0.52,0.892
2019-12-20,0.66,0.243,0.23,0.52,0.892
2019-12-21,0.66,0.243,0.23,0.52,0.892
2019-12-22,0.66,0.243,0.23,0.52,0.892
2019-12-23,0.66,0.243,0.23,0.52,0.892
2019-12-24,0.66,0.243,0.23,0.52,0.892
2019-12-25,0.66,0.243,0.23,0.52,0.892
2019-12-26,0.66,0.243,0.23,0.52,0.892
2019-12-27,0.66,0.243,0.23,0.52,0.892
2019-12-28,0.66,0.243,0.23,0.33,0.892
2019-12-29,0.66,0.243,0.23,0.33,0.892
2019-12-30,0.66,0.243,0.39,0.33,0.964
2019-12-31,0.66,0.243,0.39,0.33,0.964
2020-01-01,0.64,0.173,0.39,0.33,0.964
2020-01-02,0.64,0.173,0.39,0.33,0.964
2020-01-03,0.64,0.173,0.39,0.33,0.964
2020-01-04,0.64,0.173,0.39,0.33,0.964
2020-01-05,0.64,0.173,0.39,0.33,0.964
2020-01-06,0.64,0.173,0.39,0.33,0.964
2020-01-07,0.64,0.173,0.39,0.33,0.964
2020-01-08,0.64,0.173,0.39,0.33,0.964
2020-01-09,0.64,0.173,0.39,0.33,0.964
2020-01-10,0.64,0.173,0.39,0.33,0.964
2020-01-11,0.64,0.173,0.39,0.33,0.964
2020-01-12,0.64,0.173,0.39,0.33,0.964
2020-01-13,0.64,0.173,0.39,0.33,0.964
2020-01-14,0.64,0.173,0.39,0.33,0.964
2020-01-15,0.64,0.173,0.39,0.33,0.964
2020-01-16,0.64,0.173,0.39,0.33,0.964
2020-01-17,0.64,0.173,0.39,0.33,0.964
2020-01-18,0.64,0.173,0.39,0.33,0.964
2020-01-19,0.64,0.173,0.39,0.33,0.964
2020-01-20,0.64,0.173,0.39,0.33,0.964
2020-01-21,0.64,0.173,0.39,0.33,0.964
2020-01-22,0.64,0.173,0.39,0.33,0.964
2020-01-23,0.64,0.173,0.39,0.33,0.964
2020-01-24,0.64,0.173,0.39,0.33,0.964
2020-01-25,0.64,0.173,0.39,0.33,0.964
2020-01-26,0.64,0.173,0.39,0.33,0.964
2020-01-27,0.64,0.173,0.39,0.33,0.964
2020-01-28,0.64,0.173,0.39,0.19,0.964
2020-01-29,0.64,0.173,0.39,0.19,0.964
2020-01-30,0.64,0.173,0.58,0.19,0.835
2020-01-31,0.64,0.173,0.58,0.19,0.835
2020-02-01,0.63,0.054,0.58,0.19,0.835
2020-02-02,0.63,0.054,0.58,0.19,0.835
2020-02-03,0.63,0.054,0.58,0.19,0.835
2020-02-04,0.63,0.054,0.58,0.19,0.835
2020-02-05,0.63,0.054,0.58,0.19,0.835
2020-02-06,0.63,0.054,0.58,0.19,0.835
2020-02-07,0.63,0.054,0.58,0.19,0.835
2020-02-08,0.63,0.054,0.58,0.19,0.835
2020-02-09,0.63,0.054,0.58,0.19,0.835
2020-02-10,0.63,0.054,0.58,0.19,0.835
2020-02-11,0.63,0.054,0.58,0.19,0.835
2020-02-12,0.63,0.054,0.58,0.19,0.835
2020-02-13,0.63,0.054,0.58,0.19,0.835
2020-02-14,0.63,0.054,0.58,0.19,0.835
2020-02-15,0.63,0.054,0.58,0.19,0.835
2020-02-16,0.63,0.054,0.58,0.19,0.835
2020-02-17,0.63,0.054,0.58,0.19,0.835
2020-02-18,0.63,0.054,0.58,0.19,0.835
2020-02-19,0.63,0.054,0.58,0.19,0.835
2020-02-20,0.63,0.054,0.58,0.19,0.835
2020-02-21,0.63,0.054,0.58,0.19,0.835
2020-02-22,0.63,0.054,0.58,0.19,0.835
2020-02-23,0.63,0.054,0.58,0.19,0.835
2020-02-24,0.63,0.054,0.58,0.19,0.835
2020-02-25,0.63,0.054,0.58,0.19,0.835
2020-02-26,0.63,0.054,0.58,0.19,0.835
2020-02-27,0.63,0.054,0.58,0.19,0.835
2020-02-28,0.63,0.054,0.58,0.23,0.835
2020-02-29,0.63,0.054,0.66,0.23,0.243
2020-03-01,0.53,0.019,0.66,0.23,0.243
2020-03-02,0.53,0.019,0.66,0.23,0.243
2020-03-03,0.53,0.019,0.66,0.23,0.243
2020-03-04,0.53,0.019,0.66,0.23,0.243
2020-03-05,0.53,0.019,0.66,0.23,0.243
2020-03-06,0.53,0.019,0.66,0.23,0.243
2020-03-07,0.53,0.019,0.66,0.23,0.243
2020-03-08,0.53,0.019,0.66,0.23,0.243
2020-03-09,0.53,0.019,0.66,0.23,0.243
2020-03-10,0.53,0.019,0.66,0.23,0.243
2020-03-11,0.53,0.019,0.66,0.23,0.243
2020-03-12,0.53,0.019,0.66,0.23,0.243
2020-03-13,0.53,0.019,0.66,0.23,0.243
2020-03-14,0.53,0.019,0.66,0.23,0.243
2020-03-15,0.53,0.019,0.66,0.23,0.243
2020-03-16,0.53,0.019,0.66,0.23,0.243
2020-03-17,0.53,0.019,0.66,0.23,0.243
2020-03-18,0.53,0.019,0.66,0.23,0.243
2020-03-19,0.53,0.019,0.66,0.23,0.243
2020-03-20,0.53,0.019,0.66,0.23,0.243
2020-03-21,0.53,0.019,0.66,0.23,0.243
2020-03-22,0.53,0.019,0.66,0.23,0.243
2020-03-23,0.53,0.019,0.66,0.23,0.243
2020-03-24,0.53,0.019,0.66,0.23,0.243
2020-03-25,0.53,0.019,0.66,0.23,0.243
2020-03-26,0.53,0.019,0.66,0.23,0.243
2020-03-27,0.53,0.019,0.66,0.23,0.243
2020-03-28,0.53,0.019,0.66,0.23,0.243
2020-03-29,0.53,0.019,0.66,0.39,0.243
2020-03-30,0.53,0.019,0.66,0.39,0.243
2020-03-31,0.53,0.019,0.64,0.39,0.173
2020-04-01,0.3,-0.011,0.64,0.39,0.173
2020-04-02,0.3,-0.011,0.64,0.39,0.173
2020-04-03,0.3,-0.011,0.64,0.39,0.173
2020-04-04,0.3,-0.011,0.64,0.39,0.173
2020-04-05,0.3,-0.011,0.64,0.39,0.173
2020-04-06,0.3,-0.011,0.64,0.39,0.173
2020-04-07,0.3,-0.011,0.64,0.39,0.173
2020-04-08,0.3,-0.011,0.64,0.39,0.173
2020-04-09,0.3,-0.011,0.64,0.39,0.173
2020-04-10,0.3,-0.011,0.64,0.39,0.173
2020-04-11,0.3,-0.011,0.64,0.39,0.173
2020-04-12,0.3,-0.011,0.64,0.39,0.173
2020-04-13,0.3,-0.011,0.64,0.39,0.173
2020-04-14,0.3,-0.011,0.64,0.39,0.173
2020-04-15,0.3,-0.011,0.64,0.39,0.173
2020-04-16,0.3,-0.011,0.64,0.39,0.173
2020-04-17,0.3,-0.011,0.64,0.39,0.173
2020-04-18,0.3,-0.011,0.64,0.39,0.173
2020-04-19,0.3,-0.011,0.64,0.39,0.173
2020-04-20,0.3,-0.011,0.64,0.39,0.173
2020-04-21,0.3,-0.011,0.64,0.39,0.173
2020-04-22,0.3,-0.011,0.64,0.39,0.173
2020-04-23,0.3,-0.011,0.64,0.39,0.173
2020-04-24,0.3,-0.011,0.64,0.39,0.173
2020-04-25,0.3,-0.011,0.64,0.39,0.173
2020-04-26,0.3,-0.011,0.64,0.39,0.173
2020-04-27,0.3,-0.011,0.64,0.39,0.173
2020-04-28,0.3,-0.011,0.64,0.39,0.173
2020-04-29,0.3,-0.011,0.64,0.58,0.173
2020-04-30,0.3,-0.011,0.64,0.58,0.173
2020-05-01,0.01,0.298,0.63,0.58,0.054
2020-05-02,0.01,0.298,0.63,0.58,0.054
2020-05-03,0.01,0.298,0.63,0.58,0.054
2020-05-04,0.01,0.298,0.63,0.58,0.054
2020-05-05,0.01,0.298,0.63,0.58,0.054
2020-05-06,0.01,0.298,0.63,0.58,0.054
2020-05-07,0.01,0.298,0.63,0.58,0.054
2020-05-08,0.01,0.298,0.63,0.58,0.054
2020-05-09,0.01,0.298,0.63,0.58,0.054
2020-05-10,0.01,0.298,0.63,0.58,0.054
2020-05-11,0.01,0.298,0.63,0.58,0.054
2020-05-12,0.01,0.298,0.63,0.58,0.054
2020-05-13,0.01,0.298,0.63,0.58,0.054
2020-05-14,0.01,0.298,0.63,0.58,0.054
2020-05-15,0.01,0.298,0.63,0.58,0.054
2020-05-16,0.01,0.298,0.63,0.58,0.054
2020-05-17,0.01,0.298,0.63,0.58,0.054
2020-05-18,0.01,0.298,0.63,0.58,0.054
2020-05-19,0.01,0.298,0.63,0.58,0.054
2020-05-20,0.01,0.298,0.63,0.58,0.054
2020-05-21,0.01,0.298,0.63,0.58,0.054
2020-05-22,0.01,0.298,0.63,0.58,0.054
2020-05-23,0.01,0.298,0.63,0.58,0.054
2020-05-24,0.01,0.298,0.63,0.58,0.054
2020-05-25,0.01,0.298,0.63,0.58,0.054
2020-05-26,0.01,0.298,0.63,0.58,0.054
2020-05-27,0.01,0.298,0.63,0.58,0.054
2020-05-28,0.01,0.298,0.63,0.58,0.054
2020-05-29,0.01,0.298,0.63,0.66,0.054
2020-05-30,0.01,0.298,0.53,0.66,0.019
2020-05-31,0.01,0.298,0.53,0.66,0.019
2020-06-01,-0.23,0.455,0.53,0.66,0.019
2020-06-02,-0.23,0.455,0.53,0.66,0.019
2020-06-03,-0.23,0.455,0.53,0.66,0.019
2020-06-04,-0.23,0.455,0.53,0.66,0.019
2020-06-05,-0.23,0.455,0.53,0.66,0.019
2020-06-06,-0.23,0.455,0.53,0.66,0.019
2020-06-07,-0.23,0.455,0.53,0.66,0.019
2020-06-08,-0.23,0.455,0.53,0.66,0.019
2020-06-09,-0.23,0.455,0.53,0.66,0.019
2020-06-10,-0.23,0.455,0.53,0.66,0.019
2020-06-11,-0.23,0.455,0.53,0.66,0.019
2020-06-12,-0.23,0.455,0.53,0.66,0.019
2020-06-13,-0.23,0.455,0.53,0.66,0.019
2020-06-14,-0.23,0.455,0.53,0.66,0.019
2020-06-15,-0.23,0.455,0.53,0.66,0.019
2020-06-16,-0.23,0.455,0.53,0.66,0.019
2020-06-17,-0.23,0.455,0.53,0.66,0.019
2020-06-18,-0.23,0.455,0.53,0.66,0.019
2020-06-19,-0.23,0.455,0.53,0.66,0.019
2020-06-20,-0.23,0.455,0.53,0.66,0.019
2020-06-21,-0.23,0.455,0.53,0.66,0.019
2020-06-22,-0.23,0.455,0.53,0.66,0.019
2020-06-23,-0.23,0.455,0.53,0.66,0.019
2020-06-24,-0.23,0.455,0.53,0.66,0.019
2020-06-25,-0.23,0.455,0.53,0.66,0.019
2020-06-26,-0.23,0.455,0.53,0.66,0.019
2020-06-27,-0.23,0.455,0.53,0.66,0.019
2020-06-28,-0.23,0.455,0.53,0.66,0.019
2020-06-29,-0.23,0.455,0.53,0.64,0.019
2020-06-30,-0.23,0.455,0.3,0.64,-0.011
2020-07-01,-0.36,0.319,0.3,0.64,-0.011
2020-07-02,-0.36,0.319,0.3,0.64,-0.011
2020-07-03,-0.36,0.319,0.3,0.64,-0.011
2020-07-04,-0.36,0.319,0.3,0.64,-0.011
2020-07-05,-0.36,0.319,0.3,0.64,-0.011
2020-07-06,-0.36,0.319,0.3,0.64,-0.011
2020-07-07,-0.36,0.319,0.3,0.64,-0.011
2020-07-08,-0.36,0.319,0.3,0.64,-0.011
2020-07-09,-0.36,0.319,0.3,0.64,-0.011
2020-07-10,-0.36,0.319,0.3,0.64,-0.011
2020-07-11,-0.36,0.319,0.3,0.64,-0.011
2020-07-12,-0.36,0.319,0.3,0.64,-0.011
2020-07-13,-0.36,0.319,0.3,0.64,-0.011
2020-07-14,-0.36,0.319,0.3,0.64,-0.011
2020-07-15,-0.36,0.319,0.3,0.64,-0.011
2020-07-16,-0.36,0.319,0.3,0.64,-0.011
2020-07-17,-0.36,0.319,0.3,0.64,-0.011
2020-07-18,-0.36,0.319,0.3,0.64,-0.011
2020-07-19,-0.36,0.319,0.3,0.64,-0.011
2020-07-20,-0.36,0.319,0.3,0.64,-0.011
2020-07-21,-0.36,0.319,0.3,0.64,-0.011
2020-07-22,-0.36,0.319,0.3,0.64,-0.011
2020-07-23,-0.36,0.319,0.3,0.64,-0.011
2020-07-24,-0.36,0.319,0.3,0.64,-0.011
2020-07-25,-0.36,0.319,0.3,0.64,-0.011
2020-07-26,-0.36,0.319,0.3,0.64,-0.011
2020-07-27,-0.36,0.319,0.3,0.64,-0.011
2020-07-28,-0.36,0.319,0.3,0.64,-0.011
2020-07-29,-0.36,0.319,0.3,0.64,-0.011
2020-07-30,-0.36,0.319,0.01,0.63,0.298
2020-07-31,-0.36,0.319,0.01,0.63,0.298
2020-08-01,-0.53,-0.183,0.01,0.63,0.298
2020-08-02,-0.53,-0.183,0.01,0.63,0.298
2020-08-03,-0.53,-0.183,0.01,0.63,0.298
2020-08-04,-0.53,-0.183,0.01,0.63,0.298
2020-08-05,-0.53,-0.183,0.01,0.63,0.298
2020-08-06,-0.53,-0.183,0.01,0.63,0.298
2020-08-07,-0.53,-0.183,0.01,0.63,0.298
2020-08-08,-0.53,-0.183,0.01,0.63,0.298
2020-08-09,-0.53,-0.183,0.01,0.63,0.298
2020-08-10,-0.53,-0.183,0.01,0.63,0.298
2020-08-11,-0.53,-0.183,0.01,0.63,0.298
2020-08-12,-0.53,-0.183,0.01,0.63,0.298
2020-08-13,-0.53,-0.183,0.01,0.63,0.298
2020-08-14,-0.53,-0.183,0.01,0.63,0.298
2020-08-15,-0.53,-0.183,0.01,0.63,0.298
2020-08-16,-0.53,-0.183,0.01,0.63,0.298
2020-08-17,-0.53,-0.183,0.01,0.63,0.298
2020-08-18,-0.53,-0.183,0.01,0.63,0.298
2020-08-19,-0.53,-0.183,0.01,0.63,0.298
2020-08-20,-0.53,-0.183,0.01,0.63,0.298
2020-08-21,-0.53,-0.183,0.01,0.63,0.298
2020-08-22,-0.53,-0.183,0.01,0.63,0.298
2020-08-23,-0.53,-0.183,0.01,0.63,0.298
2020-08-24,-0.53,-0.183,0.01,0.63,0.298
2020-08-25,-0.53,-0.183,0.01,0.63,0.298
2020-08-26,-0.53,-0.183,0.01,0.63,0.298
2020-08-27,-0.53,-0.183,0.01,0.63,0.298
2020-08-28,-0.53,-0.183,0.01,0.53,0.298
2020-08-29,-0.53,-0.183,0.01,0.53,0.298
2020-08-30,-0.53,-0.183,-0.23,0.53,0.455
2020-08-31,-0.53,-0.183,-0.23,0.53,0.455
2020-09-01,-0.85,-0.189,-0.23,0.53,0.455
2020-09-02,-0.85,-0.189,-0.23,0.53,0.455
2020-09-03,-0.85,-0.189,-0.23,0.53,0.455
2020-09-04,-0.85,-0.189,-0.23,0.53,0.455
2020-09-05,-0.85,-0.189,-0.23,0.53,0.455
2020-09-06,-0.85,-0.189,-0.23,0.53,0.455
2020-09-07,-0.85,-0.189,-0.23,0.53,0.455
2020-09-08,-0.85,-0.189,-0.23,0.53,0.455
2020-09-09,-0.85,-0.189,-0.23,0.53,0.455
2020-09-10,-0.85,-0.189,-0.23,0.53,0.455
2020-09-11,-0.85,-0.189,-0.23,0.53,0.455
2020-09-12,-0.85,-0.189,-0.23,0.53,0.455
2020-09-13,-0.85,-0.189,-0.23,0.53,0.455
2020-09-14,-0.85,-0.189,-0.23,0.53,0.455
2020-09-15,-0.85,-0.189,-0.23,0.53,0.455
2020-09-16,-0.85,-0.189,-0.23,0.53,0.455
2020-09-17,-0.85,-0.189,-0.23,0.53,0.455
2020-09-18,-0.85,-0.189,-0.23,0.53,0.455
2020-09-19,-0.85,-0.189,-0.23,0.53,0.455
2020-09-20,-0.85,-0.189,-0.23,0.53,0.455
2020-09-21,-0.85,-0.189,-0.23,0.53,0.455
2020-09-22,-0.85,-0.189,-0.23,0.53,0.455
2020-09-23,-0.85,-0.189,-0.23,0.53,0.455
2020-09-24,-0.85,-0.189,-0.23,0.53,0.455
2020-09-25,-0.85,-0.189,-0.23,0.53,0.455
2020-09-26,-0.85,-0.189,-0.23,0.53,0.455
2020-09-27,-0.85,-0.189,-0.23,0.53,0.455
2020-09-28,-0.85,-0.189,-0.23,0.3,0.455
2020-09-29,-0.85,-0.189,-0.36,0.3,0.319
2020-09-30,-0.85,-0.189,-0.36,0.3,0.319
2020-10-01,-1.12,0.074,-0.36,0.3,0.319
2020-10-02,-1.12,0.074,-0.36,0.3,0.319
2020-10-03,-1.12,0.074,-0.36,0.3,0.319
2020-10-04,-1.12,0.074,-0.36,0.3,0.319
2020-10-05,-1.12,0.074,-0.36,0.3,0.319
2020-10-06,-1.12,0.074,-0.36,0.3,0.319
2020-10-07,-1.12,0.074,-0.36,0.3,0.319
2020-10-08,-1.12,0.074,-0.36,0.3,0.319
2020-10-09,-1.12,0.074,-0.36,0.3,0.319
2020-10-10,-1.12,0.074,-0.36,0.3,0.319
2020-10-11,-1.12,0.074,-0.36,0.3,0.319
2020-10-12,-1.12,0.074,-0.36,0.3,0.319
2020-10-13,-1.12,0.074,-0.36,0.3,0.319
2020-10-14,-1.12,0.074,-0.36,0.3,0.319
2020-10-15,-1.12,0.074,-0.36,0.3,0.319
2020-10-16,-1.12,0.074,-0.36,0.3,0.319
2020-10-17,-1.12,0.074,-0.36,0.3,0.319
2020-10-18,-1.12,0.074,-0.36,0.3,0.319
2020-10-19,-1.12,0.074,-0.36,0.3,0.319
2020-10-20,-1.12,0.074,-0.36,0.3,0.319
2020-10-21,-1.12,0.074,-0.36,0.3,0.319
2020-10-22,-1.12,0.074,-0.36,0.3,0.319
2020-10-23,-1.12,0.074,-0.36,0.3,0.319
2020-10-24,-1.12,0.074,-0.36,0.3,0.319
2020-10-25,-1.12,0.074,-0.36,0.3,0.319
2020-10-26,-1.12,0.074,-0.36,0.3,0.319
2020-10-27,-1.12,0.074,-0.36,0.3,0.319
2020-10-28,-1.12,0.074,-0.36,0.01,0.319
2020-10-29,-1.12,0.074,-0.36,0.01,0.319
2020-10-30,-1.12,0.074,-0.53,0.01,-0.183
2020-10-31,-1.12,0.074,-0.53,0.01,-0.183
2020-11-01,-1.2,0.02,-0.53,0.01,-0.183
2020-11-02,-1.2,0.02,-0.53,0.01,-0.183
2020-11-03,-1.2,0.02,-0.53,0.01,-0.183
2020-11-04,-1.2,0.02,-0.53,0.01,-0.183
2020-11-05,-1.2,0.02,-0.53,0.01,-0.183
2020-11-06,-1.2,0.02,-0.53,0.01,-0.183
2020-11-07,-1.2,0.02,-0.53,0.01,-0.183
2020-11-08,-1.2,0.02,-0.53,0.01,-0.183
2020-11-09,-1.2,0.02,-0.53,0.01,-0.183
2020-11-10,-1.2,0.02,-0.53,0.01,-0.183
2020-11-11,-1.2,0.02,-0.53,0.01,-0.183
2020-11-12,-1.2,0.02,-0.53,0.01,-0.183
2020-11-13,-1.2,0.02,-0.53,0.01,-0.183
2020-11-14,-1.2,0.02,-0.53,0.01,-0.183
2020-11-15,-1.2,0.02,-0.53,0.01,-0.183
2020-11-16,-1.2,0.02,-0.53,0.01,-0.183
2020-11-17,-1.2,0.02,-0.53,0.01,-0.183
2020-11-18,-1.2,0.02,-0.53,0.01,-0.183
2020-11-19,-1.2,0.02,-0.53,0.01,-0.183
2020-11-20,-1.2,0.02,-0.53,0.01,-0.183
2020-11-21,-1.2,0.02,-0.53,0.01,-0.183
2020-11-22,-1.2,0.02,-0.53,0.01,-0.183
2020-11-23,-1.2,0.02,-0.53,0.01,-0.183
2020-11-24,-1.2,0.02,-0.53,0.01,-0.183
2020-11-25,-1.2,0.02,-0.53,0.01,-0.183
2020-11-26,-1.2,0.02,-0.53,0.01,-0.183
2020-11-27,-1.2,0.02,-0.53,0.01,-0.183
2020-11-28,-1.2,0.02,-0.53,-0.23,-0.183
2020-11-29,-1.2,0.02,-0.53,-0.23,-0.183
2020-11-30,-1.2,0.02,-0.85,-0.23,-0.189
2020-12-01,-1.08,0.031,-0.85,-0.23,-0.189
2020-12-02,-1.08,0.031,-0.85,-0.23,-0.189
2020-12-03,-1.08,0.031,-0.85,-0.23,-0.189
2020-12-04,-1.08,0.031,-0.85,-0.23,-0.189
2020-12-05,-1.08,0.031,-0.85,-0.23,-0.189
2020-12-06,-1.08,0.031,-0.85,-0.23,-0.189
2020-12-07,-1.08,0.031,-0.85,-0.23,-0.189
2020-12-08,-1.08,0.031,-0.85,-0.23,-0.189
2020-12-09,-1.08,0.031,-0.85,-0.23,-0.189
2020-12-10,-1.08,0.031,-0.85,-0.23,-0.189
2020-12-11,-1.08,0.031,-0.85,-0.23,-0.189
2020-12-12,-1.08,0.031,-0.85,-0.23,-0.189
2020-12-13,-1.08,0.031,-0.85,-0.23,-0.189
2020-12-14,-1.08,0.031,-0.85,-0.23,-0.189
2020-12-15,-1.08,0.031,-0.85,-0.23,-0.189
2020-12-16,-1.08,0.031,-0.85,-0.23,-0.189
2020-12-17,-1.08,0.031,-0.85,-0.23,-0.189
2020-12-18,-1.08,0.031,-0.85,-0.23,-0.189
2020-12-19,-1.08,0.031,-0.85,-0.23,-0.189
2020-12-20,-1.08,0.031,-0.85,-0.23,-0.189
2020-12-21,-1.08,0.031,-0.85,-0.23,-0.189
2020-12-22,-1.08,0.031,-0.85,-0.23,-0.189
2020-12-23,-1.08,0.031,-0.85,-0.23,-0.189
2020-12-24,-1.08,0.031,-0.85,-0.23,-0.189
2020-12-25,-1.08,0.031,-0.85,-0.23,-0.189
2020-12-26,-1.08,0.031,-0.85,-0.23,-0.189
2020-12-27,-1.08,0.031,-0.85,-0.23,-0.189
2020-12-28,-1.08,0.031,-0.85,-0.36,-0.189
2020-12-29,-1.08,0.031,-0.85,-0.36,-0.189
2020-12-30,-1.08,0.031,-1.12,-0.36,0.074
2020-12-31,-1.08,0.031,-1.12,-0.36,0.074
2021-01-01,-0.91,0.051,-1.12,-0.36,0.074
2021-01-02,-0.91,0.051,-1.12,-0.36,0.074
2021-01-03,-0.91,0.051,-1.12,-0.36,0.074
2021-01-04,-0.91,0.051,-1.12,-0.36,0.074
2021-01-05,-0.91,0.051,-1.12,-0.36,0.074
2021-01-06,-0.91,0.051,-1.12,-0.36,0.074
2021-01-07,-0.91,0.051,-1.12,-0.36,0.074
2021-01-08,-0.91,0.051,-1.12,-0.36,0.074
2021-01-09,-0.91,0.051,-1.12,-0.36,0.074
2021-01-10,-0.91,0.051,-1.12,-0.36,0.074
2021-01-11,-0.91,0.051,-1.12,-0.36,0.074
2021-01-12,-0.91,0.051,-1.12,-0.36,0.074
2021-01-13,-0.91,0.051,-1.12,-0.36,0.074
2021-01-14,-0.91,0.051,-1.12,-0.36,0.074
2021-01-15,-0.91,0.051,-1.12,-0.36,0.074
2021-01-16,-0.91,0.051,-1.12,-0.36,0.074
2021-01-17,-0.91,0.051,-1.12,-0.36,0.074
2021-01-18,-0.91,0.051,-1.12,-0.36,0.074
2021-01-19,-0.91,0.051,-1.12,-0.36,0.074
2021-01-20,-0.91,0.051,-1.12,-0.36,0.074
2021-01-21,-0.91,0.051,-1.12,-0.36,0.074
2021-01-22,-0.91,0.051,-1.12,-0.36,0.074
2021-01-23,-0.91,0.051,-1.12,-0.36,0.074
2021-01-24,-0.91,0.051,-1.12,-0.36,0.074
2021-01-25,-0.91,0.051,-1.12,-0.36,0.074
2021-01-26,-0.91,0.051,-1.12,-0.36,0.074
2021-01-27,-0.91,0.051,-1.12,-0.36,0.074
2021-01-28,-0.91,0.051,-1.12,-0.53,0.074
2021-01-29,-0.91,0.051,-1.12,-0.53,0.074
2021-01-30,-0.91,0.051,-1.2,-0.53,0.02
2021-01-31,-0.91,0.051,-1.2,-0.53,0.02
2021-02-01,-0.79,0.243,-1.2,-0.53,0.02
2021-02-02,-0.79,0.243,-1.2,-0.53,0.02
2021-02-03,-0.79,0.243,-1.2,-0.53,0.02
2021-02-04,-0.79,0.243,-1.2,-0.53,0.02
2021-02-05,-0.79,0.243,-1.2,-0.53,0.02
2021-02-06,-0.79,0.243,-1.2,-0.53,0.02
2021-02-07,-0.79,0.243,-1.2,-0.53,0.02
2021-02-08,-0.79,0.243,-1.2,-0.53,0.02
2021-02-09,-0.79,0.243,-1.2,-0.53,0.02
2021-02-10,-0.79,0.243,-1.2,-0.53,0.02
2021-02-11,-0.79,0.243,-1.2,-0.53,0.02
2021-02-12,-0.79,0.243,-1.2,-0.53,0.02
2021-02-13,-0.79,0.243,-1.2,-0.53,0.02
2021-02-14,-0.79,0.243,-1.2,-0.53,0.02
2021-02-15,-0.79,0.243,-1.2,-0.53,0.02
2021-02-16,-0.79,0.243,-1.2,-0.53,0.02
2021-02-17,-0.79,0.243,-1.2,-0.53,0.02
2021-02-18,-0.79,0.243,-1.2,-0.53,0.02
2021-02-19,-0.79,0.243,-1.2,-0.53,0.02
2021-02-20,-0.79,0.243,-1.2,-0.53,0.02
2021-02-21,-0.79,0.243,-1.2,-0.53,0.02
2021-02-22,-0.79,0.243,-1.2,-0.53,0.02
2021-02-23,-0.79,0.243,-1.2,-0.53,0.02
2021-02-24,-0.79,0.243,-1.2,-0.53,0.02
2021-02-25,-0.79,0.243,-1.2,-0.53,0.02
2021-02-26,-0.79,0.243,-1.2,-0.53,0.02
2021-02-27,-0.79,0.243,-1.2,-0.53,0.02
2021-02-28,-0.79,0.243,-1.2,-0.85,0.02
2021-03-01,-0.71,0.267,-1.08,-0.85,0.031
2021-03-02,-0.71,0.267,-1.08,-0.85,0.031
2021-03-03,-0.71,0.267,-1.08,-0.85,0.031
2021-03-04,-0.71,0.267,-1.08,-0.85,0.031
2021-03-05,-0.71,0.267,-1.08,-0.85,0.031
2021-03-06,-0.71,0.267,-1.08,-0.85,0.031
2021-03-07,-0.71,0.267,-1.08,-0.85,0.031
2021-03-08,-0.71,0.267,-1.08,-0.85,0.031
2021-03-09,-0.71,0.267,-1.08,-0.85,0.031
2021-03-10,-0.71,0.267,-1.08,-0.85,0.031
2021-03-11,-0.71,0.267,-1.08,-0.85,0.031
2021-03-12,-0.71,0.267,-1.08,-0.85,0.031
2021-03-13,-0.71,0.267,-1.08,-0.85,0.031
2021-03-14,-0.71,0.267,-1.08,-0.85,0.031
2021-03-15,-0.71,0.267,-1.08,-0.85,0.031
2021-03-16,-0.71,0.267,-1.08,-0.85,0.031
2021-03-17,-0.71,0.267,-1.08,-0.85,0.031
2021-03-18,-0.71,0.267,-1.08,-0.85,0.031
2021-03-19,-0.71,0.267,-1.08,-0.85,0.031
2021-03-20,-0.71,0.267,-1.08,-0.85,0.031
2021-03-21,-0.71,0.267,-1.08,-0.85,0.031
2021-03-22,-0.71,0.267,-1.08,-0.85,0.031
2021-03-23,-0.71,0.267,-1.08,-0.85,0.031
2021-03-24,-0.71,0.267,-1.08,-0.85,0.031
2021-03-25,-0.71,0.267,-1.08,-0.85,0.031
2021-03-26,-0.71,0.267,-1.08,-0.85,0.031
2021-03-27,-0.71,0.267,-1.08,-0.85,0.031
2021-03-28,-0.71,0.267,-1.08,-0.85,0.031
2021-03-29,-0.71,0.267,-1.08,-0.85,0.031
2021-03-30,-0.71,0.267,-1.08,-1.12,0.031
2021-03-31,-0.71,0.267,-1.08,-1.12,0.031
2021-04-01,-0.55,0.25,-0.91,-1.12,0.051
2021-04-02,-0.55,0.25,-0.91,-1.12,0.051
2021-04-03,-0.55,0.25,-0.91,-1.12,0.051
2021-04-04,-0.55,0.25,-0.91,-1.12,0.051
2021-04-05,-0.55,0.25,-0.91,-1.12,0.051
2021-04-06,-0.55,0.25,-0.91,-1.12,0.051
2021-04-07,-0.55,0.25,-0.91,-1.12,0.051
2021-04-08,-0.55,0.25,-0.91,-1.12,0.051
2021-04-09,-0.55,0.25,-0.91,-1.12,0.051
2021-04-10,-0.55,0.25,-0.91,-1.12,0.051
2021-04-11,-0.55,0.25,-0.91,-1.12,0.051
2021-04-12,-0.55,0.25,-0.91,-1.12,0.051
2021-04-13,-0.55,0.25,-0.91,-1.12,0.051
2021-04-14,-0.55,0.25,-0.91,-1.12,0.051
2021-04-15,-0.55,0.25,-0.91,-1.12,0.051
2021-04-16,-0.55,0.25,-0.91,-1.12,0.051
2021-04-17,-0.55,0.25,-0.91,-1.12,0.051
2021-04-18,-0.55,0.25,-0.91,-1.12,0.051
2021-04-19,-0.55,0.25,-0.91,-1.12,0.051
2021-04-20,-0.55,0.25,-0.91,-1.12,0.051
2021-04-21,-0.55,0.25,-0.91,-1.12,0.051
2021-04-22,-0.55,0.25,-0.91,-1.12,0.051
2021-04-23,-0.55,0.25,-0.91,-1.12,0.051
2021-04-24,-0.55,0.25,-0.91,-1.12,0.051
2021-04-25,-0.55,0.25,-0.91,-1.12,0.051
2021-04-26,-0.55,0.25,-0.91,-1.12,0.051
2021-04-27,-0.55,0.25,-0.91,-1.12,0.051
2021-04-28,-0.55,0.25,-0.91,-1.12,0.051
2021-04-29,-0.55,0.25,-0.91,-1.12,0.051
2021-04-30,-0.55,0.25,-0.91,-1.2,0.051
2021-05-01,-0.39,0.009,-0.91,-1.2,0.051
2021-05-02,-0.39,0.009,-0.79,-1.2,0.243
2021-05-03,-0.39,0.009,-0.79,-1.2,0.243
2021-05-04,-0.39,0.009,-0.79,-1.2,0.243
2021-05-05,-0.39,0.009,-0.79,-1.2,0.243
2021-05-06,-0.39,0.009,-0.79,-1.2,0.243
2021-05-07,-0.39,0.009,-0.79,-1.2,0.243
2021-05-08,-0.39,0.009,-0.79,-1.2,0.243
2021-05-09,-0.39,0.009,-0.79,-1.2,0.243
2021-05-10,-0.39,0.009,-0.79,-1.2,0.243
2021-05-11,-0.39,0.009,-0.79,-1.2,0.243
2021-05-12,-0.39,0.009,-0.79,-1.2,0.243
2021-05-13,-0.39,0.009,-0.79,-1.2,0.243
2021-05-14,-0.39,0.009,-0.79,-1.2,0.243
2021-05-15,-0.39,0.009,-0.79,-1.2,0.243
2021-05-16,-0.39,0.009,-0.79,-1.2,0.243
2021-05-17,-0.39,0.009,-0.79,-1.2,0.243
2021-05-18,-0.39,0.009,-0.79,-1.2,0.243
2021-05-19,-0.39,0.009,-0.79,-1.2,0.243
2021-05-20,-0.39,0.009,-0.79,-1.2,0.243
2021-05-21,-0.39,0.009,-0.79,-1.2,0.243
2021-05-22,-0.39,0.009,-0.79,-1.2,0.243
2021-05-23,-0.39,0.009,-0.79,-1.2,0.243
2021-05-24,-0.39,0.009,-0.79,-1.2,0.243
2021-05-25,-0.39,0.009,-0.79,-1.2,0.243
2021-05-26,-0.39,0.009,-0.79,-1.2,0.243
2021-05-27,-0.39,0.009,-0.79,-1.2,0.243
2021-05-28,-0.39,0.009,-0.79,-1.2,0.243
2021-05-29,-0.39,0.009,-0.79,-1.2,0.243
2021-05-30,-0.39,0.009,-0.71,-1.08,0.267
2021-05-31,-0.39,0.009,-0.71,-1.08,0.267
2021-06-01,-0.3,-0.002,-0.71,-1.08,0.267
2021-06-02,-0.3,-0.002,-0.71,-1.08,0.267
2021-06-03,-0.3,-0.002,-0.71,-1.08,0.267
2021-06-04,-0.3,-0.002,-0.71,-1.08,0.267
2021-06-05,-0.3,-0.002,-0.71,-1.08,0.267
2021-06-06,-0.3,-0.002,-0.71,-1.08,0.267
2021-06-07,-0.3,-0.002,-0.71,-1.08,0.267
2021-06-08,-0.3,-0.002,-0.71,-1.08,0.267
2021-06-09,-0.3,-0.002,-0.71,-1.08,0.267
2021-06-10,-0.3,-0.002,-0.71,-1.08,0.267
2021-06-11,-0.3,-0.002,-0.71,-1.08,0.267
2021-06-12,-0.3,-0.002,-0.71,-1.08,0.267
2021-06-13,-0.3,-0.002,-0.71,-1.08,0.267
2021-06-14,-0.3,-0.002,-0.71,-1.08,0.267
2021-06-15,-0.3,-0.002,-0.71,-1.08,0.267
2021-06-16,-0.3,-0.002,-0.71,-1.08,0.267
2021-06-17,-0.3,-0.002,-0.71,-1.08,0.267
2021-06-18,-0.3,-0.002,-0.71,-1.08,0.267
2021-06-19,-0.3,-0.002,-0.71,-1.08,0.267
2021-06-20,-0.3,-0.002,-0.71,-1.08,0.267
2021-06-21,-0.3,-0.002,-0.71,-1.08,0.267
2021-06-22,-0.3,-0.002,-0.71,-1.08,0.267
2021-06-23,-0.3,-0.002,-0.71,-1.08,0.267
2021-06-24,-0.3,-0.002,-0.71,-1.08,0.267
2021-06-25,-0.3,-0.002,-0.71,-1.08,0.267
2021-06-26,-0.3,-0.002,-0.71,-1.08,0.267
2021-06-27,-0.3,-0.002,-0.71,-1.08,0.267
2021-06-28,-0.3,-0.002,-0.71,-1.08,0.267
2021-06-29,-0.3,-0.002,-0.71,-1.08,0.267
2021-06-30,-0.3,-0.002,-0.55,-0.91,0.25
2021-07-01,-0.35,-0.229,-0.55,-0.91,0.25
2021-07-02,-0.35,-0.229,-0.55,-0.91,0.25
2021-07-03,-0.35,-0.229,-0.55,-0.91,0.25
2021-07-04,-0.35,-0.229,-0.55,-0.91,0.25
2021-07-05,-0.35,-0.229,-0.55,-0.91,0.25
2021-07-06,-0.35,-0.229,-0.55,-0.91,0.25
2021-07-07,-0.35,-0.229,-0.55,-0.91,0.25
2021-07-08,-0.35,-0.229,-0.55,-0.91,0.25
2021-07-09,-0.35,-0.229,-0.55,-0.91,0.25
2021-07-10,-0.35,-0.229,-0.55,-0.91,0.25
2021-07-11,-0.35,-0.229,-0.55,-0.91,0.25
2021-07-12,-0.35,-0.229,-0.55,-0.91,0.25
2021-07-13,-0.35,-0.229,-0.55,-0.91,0.25
2021-07-14,-0.35,-0.229,-0.55,-0.91,0.25
2021-07-15,-0.35,-0.229,-0.55,-0.91,0.25
2021-07-16,-0.35,-0.229,-0.55,-0.91,0.25
2021-07-17,-0.35,-0.229,-0.55,-0.91,0.25
2021-07-18,-0.35,-0.229,-0.55,-0.91,0.25
2021-07-19,-0.35,-0.229,-0.55,-0.91,0.25
2021-07-20,-0.35,-0.229,-0.55,-0.91,0.25
2021-07-21,-0.35,-0.229,-0.55,-0.91,0.25
2021-07-22,-0.35,-0.229,-0.55,-0.91,0.25
2021-07-23,-0.35,-0.229,-0.55,-0.91,0.25
2021-07-24,-0.35,-0.229,-0.55,-0.91,0.25
2021-07-25,-0.35,-0.229,-0.55,-0.91,0.25
2021-07-26,-0.35,-0.229,-0.55,-0.91,0.25
2021-07-27,-0.35,-0.229,-0.55,-0.91,0.25
2021-07-28,-0.35,-0.229,-0.55,-0.91,0.25
2021-07-29,-0.35,-0.229,-0.55,-0.91,0.25
2021-07-30,-0.35,-0.229,-0.39,-0.91,0.009
2021-07-31,-0.35,-0.229,-0.39,-0.79,0.009
2021-08-01,-0.45,-0.099,-0.39,-0.79,0.009
2021-08-02,-0.45,-0.099,-0.39,-0.79,0.009
2021-08-03,-0.45,-0.099,-0.39,-0.79,0.009
2021-08-04,-0.45,-0.099,-0.39,-0.79,0.009
2021-08-05,-0.45,-0.099,-0.39,-0.79,0.009
2021-08-06,-0.45,-0.099,-0.39,-0.79,0.009
2021-08-07,-0.45,-0.099,-0.39,-0.79,0.009
2021-08-08,-0.45,-0.099,-0.39,-0.79,0.009
2021-08-09,-0.45,-0.099,-0.39,-0.79,0.009
2021-08-10,-0.45,-0.099,-0.39,-0.79,0.009
2021-08-11,-0.45,-0.099,-0.39,-0.79,0.009
2021-08-12,-0.45,-0.099,-0.39,-0.79,0.009
2021-08-13,-0.45,-0.099,-0.39,-0.79,0.009
2021-08-14,-0.45,-0.099,-0.39,-0.79,0.009
2021-08-15,-0.45,-0.099,-0.39,-0.79,0.009
2021-08-16,-0.45,-0.099,-0.39,-0.79,0.009
2021-08-17,-0.45,-0.099,-0.39,-0.79,0.009
2021-08-18,-0.45,-0.099,-0.39,-0.79,0.009
2021-08-19,-0.45,-0.099,-0.39,-0.79,0.009
2021-08-20,-0.45,-0.099,-0.39,-0.79,0.009
2021-08-21,-0.45,-0.099,-0.39,-0.79,0.009
2021-08-22,-0.45,-0.099,-0.39,-0.79,0.009
2021-08-23,-0.45,-0.099,-0.39,-0.79,0.009
2021-08-24,-0.45,-0.099,-0.39,-0.79,0.009
2021-08-25,-0.45,-0.099,-0.39,-0.79,0.009
2021-08-26,-0.45,-0.099,-0.39,-0.79,0.009
2021-08-27,-0.45,-0.099,-0.39,-0.79,0.009
2021-08-28,-0.45,-0.099,-0.39,-0.71,0.009
2021-08-29,-0.45,-0.099,-0.39,-0.71,0.009
2021-08-30,-0.45,-0.099,-0.3,-0.71,-0.002
2021-08-31,-0.45,-0.099,-0.3,-0.71,-0.002
2021-09-01,-0.63,-0.058,-0.3,-0.71,-0.002
2021-09-02,-0.63,-0.058,-0.3,-0.71,-0.002
2021-09-03,-0.63,-0.058,-0.3,-0.71,-0.002
2021-09-04,-0.63,-0.058,-0.3,-0.71,-0.002
2021-09-05,-0.63,-0.058,-0.3,-0.71,-0.002
2021-09-06,-0.63,-0.058,-0.3,-0.71,-0.002
2021-09-07,-0.63,-0.058,-0.3,-0.71,-0.002
2021-09-08,-0.63,-0.058,-0.3,-0.71,-0.002
2021-09-09,-0.63,-0.058,-0.3,-0.71,-0.002
2021-09-10,-0.63,-0.058,-0.3,-0.71,-0.002
2021-09-11,-0.63,-0.058,-0.3,-0.71,-0.002
2021-09-12,-0.63,-0.058,-0.3,-0.71,-0.002
2021-09-13,-0.63,-0.058,-0.3,-0.71,-0.002
2021-09-14,-0.63,-0.058,-0.3,-0.71,-0.002
2021-09-15,-0.63,-0.058,-0.3,-0.71,-0.002
2021-09-16,-0.63,-0.058,-0.3,-0.71,-0.002
2021-09-17,-0.63,-0.058,-0.3,-0.71,-0.002
2021-09-18,-0.63,-0.058,-0.3,-0.71,-0.002
2021-09-19,-0.63,-0.058,-0.3,-0.71,-0.002
2021-09-20,-0.63,-0.058,-0.3,-0.71,-0.002
2021-09-21,-0.63,-0.058,-0.3,-0.71,-0.002
2021-09-22,-0.63,-0.058,-0.3,-0.71,-0.002
2021-09-23,-0.63,-0.058,-0.3,-0.71,-0.002
2021-09-24,-0.63,-0.058,-0.3,-0.71,-0.002
2021-09-25,-0.63,-0.058,-0.3,-0.71,-0.002
2021-09-26,-0.63,-0.058,-0.3,-0.71,-0.002
2021-09-27,-0.63,-0.058,-0.3,-0.71,-0.002
2021-09-28,-0.63,-0.058,-0.3,-0.55,-0.002
2021-09-29,-0.63,-0.058,-0.35,-0.55,-0.229
2021-09-30,-0.63,-0.058,-0.35,-0.55,-0.229
2021-10-01,-0.76,-0.091,-0.35,-0.55,-0.229
2021-10-02,-0.76,-0.091,-0.35,-0.55,-0.229
2021-10-03,-0.76,-0.091,-0.35,-0.55,-0.229
2021-10-04,-0.76,-0.091,-0.35,-0.55,-0.229
2021-10-05,-0.76,-0.091,-0.35,-0.55,-0.229
2021-10-06,-0.76,-0.091,-0.35,-0.55,-0.229
2021-10-07,-0.76,-0.091,-0.35,-0.55,-0.229
2021-10-08,-0.76,-0.091,-0.35,-0.55,-0.229
2021-10-09,-0.76,-0.091,-0.35,-0.55,-0.229
2021-10-10,-0.76,-0.091,-0.35,-0.55,-0.229
2021-10-11,-0.76,-0.091,-0.35,-0.55,-0.229
2021-10-12,-0.76,-0.091,-0.35,-0.55,-0.229
2021-10-13,-0.76,-0.091,-0.35,-0.55,-0.229
2021-10-14,-0.76,-0.091,-0.35,-0.55,-0.229
2021-10-15,-0.76,-0.091,-0.35,-0.55,-0.229
2021-10-16,-0.76,-0.091,-0.35,-0.55,-0.229
2021-10-17,-0.76,-0.091,-0.35,-0.55,-0.229
2021-10-18,-0.76,-0.091,-0.35,-0.55,-0.229
2021-10-19,-0.76,-0.091,-0.35,-0.55,-0.229
2021-10-20,-0.76,-0.091,-0.35,-0.55,-0.229
2021-10-21,-0.76,-0.091,-0.35,-0.55,-0.229
2021-10-22,-0.76,-0.091,-0.35,-0.55,-0.229
2021-10-23,-0.76,-0.091,-0.35,-0.55,-0.229
2021-10-24,-0.76,-0.091,-0.35,-0.55,-0.229
2021-10-25,-0.76,-0.091,-0.35,-0.55,-0.229
2021-10-26,-0.76,-0.091,-0.35,-0.55,-0.229
2021-10-27,-0.76,-0.091,-0.35,-0.55,-0.229
2021-10-28,-0.76,-0.091,-0.35,-0.39,-0.229
2021-10-29,-0.76,-0.091,-0.35,-0.39,-0.229
2021-10-30,-0.76,-0.091,-0.45,-0.39,-0.099
2021-10-31,-0.76,-0.091,-0.45,-0.39,-0.099
2021-11-01,-0.91,0.069,-0.45,-0.39,-0.099
2021-11-02,-0.91,0.069,-0.45,-0.39,-0.099
2021-11-03,-0.91,0.069,-0.45,-0.39,-0.099
2021-11-04,-0.91,0.069,-0.45,-0.39,-0.099
2021-11-05,-0.91,0.069,-0.45,-0.39,-0.099
2021-11-06,-0.91,0.069,-0.45,-0.39,-0.099
2021-11-07,-0.91,0.069,-0.45,-0.39,-0.099
2021-11-08,-0.91,0.069,-0.45,-0.39,-0.099
2021-11-09,-0.91,0.069,-0.45,-0.39,-0.099
2021-11-10,-0.91,0.069,-0.45,-0.39,-0.099
2021-11-11,-0.91,0.069,-0.45,-0.39,-0.099
2021-11-12,-0.91,0.069,-0.45,-0.39,-0.099
2021-11-13,-0.91,0.069,-0.45,-0.39,-0.099
2021-11-14,-0.91,0.069,-0.45,-0.39,-0.099
2021-11-15,-0.91,0.069,-0.45,-0.39,-0.099
2021-11-16,-0.91,0.069,-0.45,-0.39,-0.099
2021-11-17,-0.91,0.069,-0.45,-0.39,-0.099
2021-11-18,-0.91,0.069,-0.45,-0.39,-0.099
2021-11-19,-0.91,0.069,-0.45,-0.39,-0.099
2021-11-20,-0.91,0.069,-0.45,-0.39,-0.099
2021-11-21,-0.91,0.069,-0.45,-0.39,-0.099
2021-11-22,-0.91,0.069,-0.45,-0.39,-0.099
2021-11-23,-0.91,0.069,-0.45,-0.39,-0.099
2021-11-24,-0.91,0.069,-0.45,-0.39,-0.099
2021-11-25,-0.91,0.069,-0.45,-0.39,-0.099
2021-11-26,-0.91,0.069,-0.45,-0.39,-0.099
2021-11-27,-0.91,0.069,-0.45,-0.39,-0.099
2021-11-28,-0.91,0.069,-0.45,-0.3,-0.099
2021-11-29,-0.91,0.069,-0.45,-0.3,-0.099
2021-11-30,-0.91,0.069,-0.63,-0.3,-0.058
2021-12-01,-0.87,-0.12,-0.63,-0.3,-0.058
2021-12-02,-0.87,-0.12,-0.63,-0.3,-0.058
2021-12-03,-0.87,-0.12,-0.63,-0.3,-0.058
2021-12-04,-0.87,-0.12,-0.63,-0.3,-0.058
2021-12-05,-0.87,-0.12,-0.63,-0.3,-0.058
2021-12-06,-0.87,-0.12,-0.63,-0.3,-0.058
2021-12-07,-0.87,-0.12,-0.63,-0.3,-0.058
2021-12-08,-0.87,-0.12,-0.63,-0.3,-0.058
2021-12-09,-0.87,-0.12,-0.63,-0.3,-0.058
2021-12-10,-0.87,-0.12,-0.63,-0.3,-0.058
2021-12-11,-0.87,-0.12,-0.63,-0.3,-0.058
2021-12-12,-0.87,-0.12,-0.63,-0.3,-0.058
2021-12-13,-0.87,-0.12,-0.63,-0.3,-0.058
2021-12-14,-0.87,-0.12,-0.63,-0.3,-0.058
2021-12-15,-0.87,-0.12,-0.63,-0.3,-0.058
2021-12-16,-0.87,-0.12,-0.63,-0.3,-0.058
2021-12-17,-0.87,-0.12,-0.63,-0.3,-0.058
2021-12-18,-0.87,-0.12,-0.63,-0.3,-0.058
2021-12-19,-0.87,-0.12,-0.63,-0.3,-0.058
2021-12-20,-0.87,-0.12,-0.63,-0.3,-0.058
2021-12-21,-0.87,-0.12,-0.63,-0.3,-0.058
2021-12-22,-0.87,-0.12,-0.63,-0.3,-0.058
2021-12-23,-0.87,-0.12,-0.63,-0.3,-0.058
2021-12-24,-0.87,-0.12,-0.63,-0.3,-0.058
2021-12-25,-0.87,-0.12,-0.63,-0.3,-0.058
2021-12-26,-0.87,-0.12,-0.63,-0.3,-0.058
2021-12-27,-0.87,-0.12,-0.63,-0.3,-0.058
2021-12-28,-0.87,-0.12,-0.63,-0.35,-0.058
2021-12-29,-0.87,-0.12,-0.63,-0.35,-0.058
2021-12-30,-0.87,-0.12,-0.76,-0.35,-0.091
2021-12-31,-0.87,-0.12,-0.76,-0.35,-0.091
2022-01-01,-0.82,-0.056,-0.76,-0.35,-0.091
2022-01-02,-0.82,-0.056,-0.76,-0.35,-0.091
2022-01-03,-0.82,-0.056,-0.76,-0.35,-0.091
2022-01-04,-0.82,-0.056,-0.76,-0.35,-0.091
2022-01-05,-0.82,-0.056,-0.76,-0.35,-0.091
2022-01-06,-0.82,-0.056,-0.76,-0.35,-0.091
2022-01-07,-0.82,-0.056,-0.76,-0.35,-0.091
2022-01-08,-0.82,-0.056,-0.76,-0.35,-0.091
2022-01-09,-0.82,-0.056,-0.76,-0.35,-0.091
2022-01-10,-0.82,-0.056,-0.76,-0.35,-0.091
2022-01-11,-0.82,-0.056,-0.76,-0.35,-0.091
2022-01-12,-0.82,-0.056,-0.76,-0.35,-0.091
2022-01-13,-0.82,-0.056,-0.76,-0.35,-0.091
2022-01-14,-0.82,-0.056,-0.76,-0.35,-0.091
2022-01-15,-0.82,-0.056,-0.76,-0.35,-0.091
2022-01-16,-0.82,-0.056,-0.76,-0.35,-0.091
2022-01-17,-0.82,-0.056,-0.76,-0.35,-0.091
2022-01-18,-0.82,-0.056,-0.76,-0.35,-0.091
2022-01-19,-0.82,-0.056,-0.76,-0.35,-0.091
2022-01-20,-0.82,-0.056,-0.76,-0.35,-0.091
2022-01-21,-0.82,-0.056,-0.76,-0.35,-0.091
2022-01-22,-0.82,-0.056,-0.76,-0.35,-0.091
2022-01-23,-0.82,-0.056,-0.76,-0.35,-0.091
2022-01-24,-0.82,-0.056,-0.76,-0.35,-0.091
2022-01-25,-0.82,-0.056,-0.76,-0.35,-0.091
2022-01-26,-0.82,-0.056,-0.76,-0.35,-0.091
2022-01-27,-0.82,-0.056,-0.76,-0.35,-0.091
2022-01-28,-0.82,-0.056,-0.76,-0.45,-0.091
2022-01-29,-0.82,-0.056,-0.76,-0.45,-0.091
2022-01-30,-0.82,-0.056,-0.91,-0.45,0.069
2022-01-31,-0.82,-0.056,-0.91,-0.45,0.069
2022-02-01,-0.79,-0.082,-0.91,-0.45,0.069
2022-02-02,-0.79,-0.082,-0.91,-0.45,0.069
2022-02-03,-0.79,-0.082,-0.91,-0.45,0.069
2022-02-04,-0.79,-0.082,-0.91,-0.45,0.069
2022-02-05,-0.79,-0.082,-0.91,-0.45,0.069
2022-02-06,-0.79,-0.082,-0.91,-0.45,0.069
2022-02-07,-0.79,-0.082,-0.91,-0.45,0.069
2022-02-08,-0.79,-0.082,-0.91,-0.45,0.069
2022-02-09,-0.79,-0.082,-0.91,-0.45,0.069
2022-02-10,-0.79,-0.082,-0.91,-0.45,0.069
2022-02-11,-0.79,-0.082,-0.91,-0.45,0.069
2022-02-12,-0.79,-0.082,-0.91,-0.45,0.069
2022-02-13,-0.79,-0.082,-0.91,-0.45,0.069
2022-02-14,-0.79,-0.082,-0.91,-0.45,0.069
2022-02-15,-0.79,-0.082,-0.91,-0.45,0.069
2022-02-16,-0.79,-0.082,-0.91,-0.45,0.069
2022-02-17,-0.79,-0.082,-0.91,-0.45,0.069
2022-02-18,-0.79,-0.082,-0.91,-0.45,0.069
2022-02-19,-0.79,-0.082,-0.91,-0.45,0.069
2022-02-20,-0.79,-0.082,-0.91,-0.45,0.069
2022-02-21,-0.79,-0.082,-0.91,-0.45,0.069
2022-02-22,-0.79,-0.082,-0.91,-0.45,0.069
2022-02-23,-0.79,-0.082,-0.91,-0.45,0.069
2022-02-24,-0.79,-0.082,-0.91,-0.45,0.069
2022-02-25,-0.79,-0.082,-0.91,-0.45,0.069
2022-02-26,-0.79,-0.082,-0.91,-0.45,0.069
2022-02-27,-0.79,-0.082,-0.91,-0.45,0.069
2022-02-28,-0.79,-0.082,-0.91,-0.63,0.069
2022-03-01,-0.86,-0.093,-0.87,-0.63,-0.12
2022-03-02,-0.86,-0.093,-0.87,-0.63,-0.12
2022-03-03,-0.86,-0.093,-0.87,-0.63,-0.12
2022-03-04,-0.86,-0.093,-0.87,-0.63,-0.12
2022-03-05,-0.86,-0.093,-0.87,-0.63,-0.12
2022-03-06,-0.86,-0.093,-0.87,-0.63,-0.12
2022-03-07,-0.86,-0.093,-0.87,-0.63,-0.12
2022-03-08,-0.86,-0.093,-0.87,-0.63,-0.12
2022-03-09,-0.86,-0.093,-0.87,-0.63,-0.12
2022-03-10,-0.86,-0.093,-0.87,-0.63,-0.12
2022-03-11,-0.86,-0.093,-0.87,-0.63,-0.12
2022-03-12,-0.86,-0.093,-0.87,-0.63,-0.12
2022-03-13,-0.86,-0.093,-0.87,-0.63,-0.12
2022-03-14,-0.86,-0.093,-0.87,-0.63,-0.12
2022-03-15,-0.86,-0.093,-0.87,-0.63,-0.12
2022-03-16,-0.86,-0.093,-0.87,-0.63,-0.12
2022-03-17,-0.86,-0.093,-0.87,-0.63,-0.12
2022-03-18,-0.86,-0.093,-0.87,-0.63,-0.12
2022-03-19,-0.86,-0.093,-0.87,-0.63,-0.12
2022-03-20,-0.86,-0.093,-0.87,-0.63,-0.12
2022-03-21,-0.86,-0.093,-0.87,-0.63,-0.12
2022-03-22,-0.86,-0.093,-0.87,-0.63,-0.12
2022-03-23,-0.86,-0.093,-0.87,-0.63,-0.12
2022-03-24,-0.86,-0.093,-0.87,-0.63,-0.12
2022-03-25,-0.86,-0.093,-0.87,-0.63,-0.12
2022-03-26,-0.86,-0.093,-0.87,-0.63,-0.12
2022-03-27,-0.86,-0.093,-0.87,-0.63,-0.12
2022-03-28,-0.86,-0.093,-0.87,-0.63,-0.12
2022-03-29,-0.86,-0.093,-0.87,-0.63,-0.12
2022-03-30,-0.86,-0.093,-0.87,-0.76,-0.12
2022-03-31,-0.86,-0.093,-0.87,-0.76,-0.12
2022-04-01,-0.95,-0.068,-0.82,-0.76,-0.056
2022-04-02,-0.95,-0.068,-0.82,-0.76,-0.056
2022-04-03,-0.95,-0.068,-0.82,-0.76,-0.056
2022-04-04,-0.95,-0.068,-0.82,-0.76,-0.056
2022-04-05,-0.95,-0.068,-0.82,-0.76,-0.056
2022-04-06,-0.95,-0.068,-0.82,-0.76,-0.056
2022-04-07,-0.95,-0.068,-0.82,-0.76,-0.056
2022-04-08,-0.95,-0.068,-0.82,-0.76,-0.056
2022-04-09,-0.95,-0.068,-0.82,-0.76,-0.056
2022-04-10,-0.95,-0.068,-0.82,-0.76,-0.056
2022-04-11,-0.95,-0.068,-0.82,-0.76,-0.056
2022-04-12,-0.95,-0.068,-0.82,-0.76,-0.056
2022-04-13,-0.95,-0.068,-0.82,-0.76,-0.056
2022-04-14,-0.95,-0.068,-0.82,-0.76,-0.056
2022-04-15,-0.95,-0.068,-0.82,-0.76,-0.056
2022-04-16,-0.95,-0.068,-0.82,-0.76,-0.056
2022-04-17,-0.95,-0.068,-0.82,-0.76,-0.056
2022-04-18,-0.95,-0.068,-0.82,-0.76,-0.056
2022-04-19,-0.95,-0.068,-0.82,-0.76,-0.056
2022-04-20,-0.95,-0.068,-0.82,-0.76,-0.056
2022-04-21,-0.95,-0.068,-0.82,-0.76,-0.056
2022-04-22,-0.95,-0.068,-0.82,-0.76,-0.056
2022-04-23,-0.95,-0.068,-0.82,-0.76,-0.056
2022-04-24,-0.95,-0.068,-0.82,-0.76,-0.056
2022-04-25,-0.95,-0.068,-0.82,-0.76,-0.056
2022-04-26,-0.95,-0.068,-0.82,-0.76,-0.056
2022-04-27,-0.95,-0.068,-0.82,-0.76,-0.056
2022-04-28,-0.95,-0.068,-0.82,-0.76,-0.056
2022-04-29,-0.95,-0.068,-0.82,-0.76,-0.056
2022-04-30,-0.95,-0.068,-0.82,-0.91,-0.056
2022-05-01,-0.9,-0.122,-0.82,-0.91,-0.056
2022-05-02,-0.9,-0.122,-0.79,-0.91,-0.082
2022-05-03,-0.9,-0.122,-0.79,-0.91,-0.082
2022-05-04,-0.9,-0.122,-0.79,-0.91,-0.082
2022-05-05,-0.9,-0.122,-0.79,-0.91,-0.082
2022-05-06,-0.9,-0.122,-0.79,-0.91,-0.082
2022-05-07,-0.9,-0.122,-0.79,-0.91,-0.082
2022-05-08,-0.9,-0.122,-0.79,-0.91,-0.082
2022-05-09,-0.9,-0.122,-0.79,-0.91,-0.082
2022-05-10,-0.9,-0.122,-0.79,-0.91,-0.082
2022-05-11,-0.9,-0.122,-0.79,-0.91,-0.082
2022-05-12,-0.9,-0.122,-0.79,-0.91,-0.082
2022-05-13,-0.9,-0.122,-0.79,-0.91,-0.082
2022-05-14,-0.9,-0.122,-0.79,-0.91,-0.082
2022-05-15,-0.9,-0.122,-0.79,-0.91,-0.082
2022-05-16,-0.9,-0.122,-0.79,-0.91,-0.082
2022-05-17,-0.9,-0.122,-0.79,-0.91,-0.082
2022-05-18,-0.9,-0.122,-0.79,-0.91,-0.082
2022-05-19,-0.9,-0.122,-0.79,-0.91,-0.082
2022-05-20,-0.9,-0.122,-0.79,-0.91,-0.082
2022-05-21,-0.9,-0.122,-0.79,-0.91,-0.082
2022-05-22,-0.9,-0.122,-0.79,-0.91,-0.082
2022-05-23,-0.9,-0.122,-0.79,-0.91,-0.082
2022-05-24,-0.9,-0.122,-0.79,-0.91,-0.082
2022-05-25,-0.9,-0.122,-0.79,-0.91,-0.082
2022-05-26,-0.9,-0.122,-0.79,-0.91,-0.082
2022-05-27,-0.9,-0.122,-0.79,-0.91,-0.082
2022-05-28,-0.9,-0.122,-0.79,-0.91,-0.082
2022-05-29,-0.9,-0.122,-0.79,-0.91,-0.082
2022-05-30,-0.9,-0.122,-0.86,-0.87,-0.093
2022-05-31,-0.9,-0.122,-0.86,-0.87,-0.093
2022-06-01,-0.78,-0.335,-0.86,-0.87,-0.093
2022-06-02,-0.78,-0.335,-0.86,-0.87,-0.093
2022-06-03,-0.78,-0.335,-0.86,-0.87,-0.093
2022-06-04,-0.78,-0.335,-0.86,-0.87,-0.093
2022-06-05,-0.78,-0.335,-0.86,-0.87,-0.093
2022-06-06,-0.78,-0.335,-0.86,-0.87,-0.093
2022-06-07,-0.78,-0.335,-0.86,-0.87,-0.093
2022-06-08,-0.78,-0.335,-0.86,-0.87,-0.093
2022-06-09,-0.78,-0.335,-0.86,-0.87,-0.093
2022-06-10,-0.78,-0.335,-0.86,-0.87,-0.093
2022-06-11,-0.78,-0.335,-0.86,-0.87,-0.093
2022-06-12,-0.78,-0.335,-0.86,-0.87,-0.093
2022-06-13,-0.78,-0.335,-0.86,-0.87,-0.093
2022-06-14,-0.78,-0.335,-0.86,-0.87,-0.093
2022-06-15,-0.78,-0.335,-0.86,-0.87,-0.093
2022-06-16,-0.78,-0.335,-0.86,-0.87,-0.093
2022-06-17,-0.78,-0.335,-0.86,-0.87,-0.093
2022-06-18,-0.78,-0.335,-0.86,-0.87,-0.093
2022-06-19,-0.78,-0.335,-0.86,-0.87,-0.093
2022-06-20,-0.78,-0.335,-0.86,-0.87,-0.093
2022-06-21,-0.78,-0.335,-0.86,-0.87,-0.093
2022-06-22,-0.78,-0.335,-0.86,-0.87,-0.093
2022-06-23,-0.78,-0.335,-0.86,-0.87,-0.093
2022-06-24,-0.78,-0.335,-0.86,-0.87,-0.093
2022-06-25,-0.78,-0.335,-0.86,-0.87,-0.093
2022-06-26,-0.78,-0.335,-0.86,-0.87,-0.093
2022-06-27,-0.78,-0.335,-0.86,-0.87,-0.093
2022-06-28,-0.78,-0.335,-0.86,-0.87,-0.093
2022-06-29,-0.78,-0.335,-0.86,-0.87,-0.093
2022-06-30,-0.78,-0.335,-0.95,-0.82,-0.068
2022-07-01,-0.76,-0.195,-0.95,-0.82,-0.068
2022-07-02,-0.76,-0.195,-0.95,-0.82,-0.068
2022-07-03,-0.76,-0.195,-0.95,-0.82,-0.068
2022-07-04,-0.76,-0.195,-0.95,-0.82,-0.068
2022-07-05,-0.76,-0.195,-0.95,-0.82,-0.068
2022-07-06,-0.76,-0.195,-0.95,-0.82,-0.068
2022-07-07,-0.76,-0.195,-0.95,-0.82,-0.068
2022-07-08,-0.76,-0.195,-0.95,-0.82,-0.068
2022-07-09,-0.76,-0.195,-0.95,-0.82,-0.068
2022-07-10,-0.76,-0.195,-0.95,-0.82,-0.068
2022-07-11,-0.76,-0.195,-0.95,-0.82,-0.068
2022-07-12,-0.76,-0.195,-0.95,-0.82,-0.068
2022-07-13,-0.76,-0.195,-0.95,-0.82,-0.068
2022-07-14,-0.76,-0.195,-0.95,-0.82,-0.068
2022-07-15,-0.76,-0.195,-0.95,-0.82,-0.068
2022-07-16,-0.76,-0.195,-0.95,-0.82,-0.068
2022-07-17,-0.76,-0.195,-0.95,-0.82,-0.068
2022-07-18,-0.76,-0.195,-0.95,-0.82,-0.068
2022-07-19,-0.76,-0.195,-0.95,-0.82,-0.068
2022-07-20,-0.76,-0.195,-0.95,-0.82,-0.068
2022-07-21,-0.76,-0.195,-0.95,-0.82,-0.068
2022-07-22,-0.76,-0.195,-0.95,-0.82,-0.068
2022-07-23,-0.76,-0.195,-0.95,-0.82,-0.068
2022-07-24,-0.76,-0.195,-0.95,-0.82,-0.068
2022-07-25,-0.76,-0.195,-0.95,-0.82,-0.068
2022-07-26,-0.76,-0.195,-0.95,-0.82,-0.068
2022-07-27,-0.76,-0.195,-0.95,-0.82,-0.068
2022-07-28,-0.76,-0.195,-0.95,-0.82,-0.068
2022-07-29,-0.76,-0.195,-0.95,-0.82,-0.068
2022-07-30,-0.76,-0.195,-0.9,-0.82,-0.122
2022-07-31,-0.76,-0.195,-0.9,-0.79,-0.122
2022-08-01,-0.87,-0.246,-0.9,-0.79,-0.122
2022-08-02,-0.87,-0.246,-0.9,-0.79,-0.122
2022-08-03,-0.87,-0.246,-0.9,-0.79,-0.122
2022-08-04,-0.87,-0.246,-0.9,-0.79,-0.122
2022-08-05,-0.87,-0.246,-0.9,-0.79,-0.122
2022-08-06,-0.87,-0.246,-0.9,-0.79,-0.122
2022-08-07,-0.87,-0.246,-0.9,-0.79,-0.122
2022-08-08,-0.87,-0.246,-0.9,-0.79,-0.122
2022-08-09,-0.87,-0.246,-0.9,-0.79,-0.122
2022-08-10,-0.87,-0.246,-0.9,-0.79,-0.122
2022-08-11,-0.87,-0.246,-0.9,-0.79,-0.122
2022-08-12,-0.87,-0.246,-0.9,-0.79,-0.122
2022-08-13,-0.87,-0.246,-0.9,-0.79,-0.122
2022-08-14,-0.87,-0.246,-0.9,-0.79,-0.122
2022-08-15,-0.87,-0.246,-0.9,-0.79,-0.122
2022-08-16,-0.87,-0.246,-0.9,-0.79,-0.122
2022-08-17,-0.87,-0.246,-0.9,-0.79,-0.122
2022-08-18,-0.87,-0.246,-0.9,-0.79,-0.122
2022-08-19,-0.87,-0.246,-0.9,-0.79,-0.122
2022-08-20,-0.87,-0.246,-0.9,-0.79,-0.122
2022-08-21,-0.87,-0.246,-0.9,-0.79,-0.122
2022-08-22,-0.87,-0.246,-0.9,-0.79,-0.122
2022-08-23,-0.87,-0.246,-0.9,-0.79,-0.122
2022-08-24,-0.87,-0.246,-0.9,-0.79,-0.122
2022-08-25,-0.87,-0.246,-0.9,-0.79,-0.122
2022-08-26,-0.87,-0.246,-0.9,-0.79,-0.122
2022-08-27,-0.87,-0.246,-0.9,-0.79,-0.122
2022-08-28,-0.87,-0.246,-0.9,-0.86,-0.122
2022-08-29,-0.87,-0.246,-0.9,-0.86,-0.122
2022-08-30,-0.87,-0.246,-0.78,-0.86,-0.335
2022-08-31,-0.87,-0.246,-0.78,-0.86,-0.335
2022-09-01,-0.97,-0.322,-0.78,-0.86,-0.335
2022-09-02,-0.97,-0.322,-0.78,-0.86,-0.335
2022-09-03,-0.97,-0.322,-0.78,-0.86,-0.335
2022-09-04,-0.97,-0.322,-0.78,-0.86,-0.335
2022-09-05,-0.97,-0.322,-0.78,-0.86,-0.335
2022-09-06,-0.97,-0.322,-0.78,-0.86,-0.335
2022-09-07,-0.97,-0.322,-0.78,-0.86,-0.335
2022-09-08,-0.97,-0.322,-0.78,-0.86,-0.335
2022-09-09,-0.97,-0.322,-0.78,-0.86,-0.335
2022-09-10,-0.97,-0.322,-0.78,-0.86,-0.335
2022-09-11,-0.97,-0.322,-0.78,-0.86,-0.335
2022-09-12,-0.97,-0.322,-0.78,-0.86,-0.335
2022-09-13,-0.97,-0.322,-0.78,-0.86,-0.335
2022-09-14,-0.97,-0.322,-0.78,-0.86,-0.335
2022-09-15,-0.97,-0.322,-0.78,-0.86,-0.335
2022-09-16,-0.97,-0.322,-0.78,-0.86,-0.335
2022-09-17,-0.97,-0.322,-0.78,-0.86,-0.335
2022-09-18,-0.97,-0.322,-0.78,-0.86,-0.335
2022-09-19,-0.97,-0.322,-0.78,-0.86,-0.335
2022-09-20,-0.97,-0.322,-0.78,-0.86,-0.335
2022-09-21,-0.97,-0.322,-0.78,-0.86,-0.335
2022-09-22,-0.97,-0.322,-0.78,-0.86,-0.335
2022-09-23,-0.97,-0.322,-0.78,-0.86,-0.335
2022-09-24,-0.97,-0.322,-0.78,-0.86,-0.335
2022-09-25,-0.97,-0.322,-0.78,-0.86,-0.335
2022-09-26,-0.97,-0.322,-0.78,-0.86,-0.335
2022-09-27,-0.97,-0.322,-0.78,-0.86,-0.335
2022-09-28,-0.97,-0.322,-0.78,-0.95,-0.335
2022-09-29,-0.97,-0.322,-0.76,-0.95,-0.195
2022-09-30,-0.97,-0.322,-0.76,-0.95,-0.195
2022-10-01,-0.94,-0.691,-0.76,-0.95,-0.195
2022-10-02,-0.94,-0.691,-0.76,-0.95,-0.195
2022-10-03,-0.94,-0.691,-0.76,-0.95,-0.195
2022-10-04,-0.94,-0.691,-0.76,-0.95,-0.195
2022-10-05,-0.94,-0.691,-0.76,-0.95,-0.195
2022-10-06,-0.94,-0.691,-0.76,-0.95,-0.195
2022-10-07,-0.94,-0.691,-0.76,-0.95,-0.195
2022-10-08,-0.94,-0.691,-0.76,-0.95,-0.195
2022-10-09,-0.94,-0.691,-0.76,-0.95,-0.195
2022-10-10,-0.94,-0.691,-0.76,-0.95,-0.195
2022-10-11,-0.94,-0.691,-0.76,-0.95,-0.195
2022-10-12,-0.94,-0.691,-0.76,-0.95,-0.195
2022-10-13,-0.94,-0.691,-0.76,-0.95,-0.195
2022-10-14,-0.94,-0.691,-0.76,-0.95,-0.195
2022-10-15,-0.94,-0.691,-0.76,-0.95,-0.195
2022-10-16,-0.94,-0.691,-0.76,-0.95,-0.195
2022-10-17,-0.94,-0.691,-0.76,-0.95,-0.195
2022-10-18,-0.94,-0.691,-0.76,-0.95,-0.195
2022-10-19,-0.94,-0.691,-0.76,-0.95,-0.195
2022-10-20,-0.94,-0.691,-0.76,-0.95,-0.195
2022-10-21,-0.94,-0.691,-0.76,-0.95,-0.195
2022-10-22,-0.94,-0.691,-0.76,-0.95,-0.195
2022-10-23,-0.94,-0.691,-0.76,-0.95,-0.195
2022-10-24,-0.94,-0.691,-0.76,-0.95,-0.195
2022-10-25,-0.94,-0.691,-0.76,-0.95,-0.195
2022-10-26,-0.94,-0.691,-0.76,-0.95,-0.195
2022-10-27,-0.94,-0.691,-0.76,-0.95,-0.195
2022-10-28,-0.94,-0.691,-0.76,-0.9,-0.195
2022-10-29,-0.94,-0.691,-0.76,-0.9,-0.195
2022-10-30,-0.94,-0.691,-0.87,-0.9,-0.246
2022-10-31,-0.94,-0.691,-0.87,-0.9,-0.246
2022-11-01,-0.85,-0.269,-0.87,-0.9,-0.246
2022-11-02,-0.85,-0.269,-0.87,-0.9,-0.246
2022-11-03,-0.85,-0.269,-0.87,-0.9,-0.246
2022-11-04,-0.85,-0.269,-0.87,-0.9,-0.246
2022-11-05,-0.85,-0.269,-0.87,-0.9,-0.246
2022-11-06,-0.85,-0.269,-0.87,-0.9,-0.246
2022-11-07,-0.85,-0.269,-0.87,-0.9,-0.246
2022-11-08,-0.85,-0.269,-0.87,-0.9,-0.246
2022-11-09,-0.85,-0.269,-0.87,-0.9,-0.246
2022-11-10,-0.85,-0.269,-0.87,-0.9,-0.246
2022-11-11,-0.85,-0.269,-0.87,-0.9,-0.246
2022-11-12,-0.85,-0.269,-0.87,-0.9,-0.246
2022-11-13,-0.85,-0.269,-0.87,-0.9,-0.246
2022-11-14,-0.85,-0.269,-0.87,-0.9,-0.246
2022-11-15,-0.85,-0.269,-0.87,-0.9,-0.246
2022-11-16,-0.85,-0.269,-0.87,-0.9,-0.246
2022-11-17,-0.85,-0.269,-0.87,-0.9,-0.246
2022-11-18,-0.85,-0.269,-0.87,-0.9,-0.246
2022-11-19,-0.85,-0.269,-0.87,-0.9,-0.246
2022-11-20,-0.85,-0.269,-0.87,-0.9,-0.246
2022-11-21,-0.85,-0.269,-0.87,-0.9,-0.246
2022-11-22,-0.85,-0.269,-0.87,-0.9,-0.246
2022-11-23,-0.85,-0.269,-0.87,-0.9,-0.246
2022-11-24,-0.85,-0.269,-0.87,-0.9,-0.246
2022-11-25,-0.85,-0.269,-0.87,-0.9,-0.246
2022-11-26,-0.85,-0.269,-0.87,-0.9,-0.246
2022-11-27,-0.85,-0.269,-0.87,-0.9,-0.246
2022-11-28,-0.85,-0.269,-0.87,-0.78,-0.246
2022-11-29,-0.85,-0.269,-0.87,-0.78,-0.246
2022-11-30,-0.85,-0.269,-0.97,-0.78,-0.322
2022-12-01,-0.71,-0.091,-0.97,-0.78,-0.322
2022-12-02,-0.71,-0.091,-0.97,-0.78,-0.322
2022-12-03,-0.71,-0.091,-0.97,-0.78,-0.322
2022-12-04,-0.71,-0.091,-0.97,-0.78,-0.322
2022-12-05,-0.71,-0.091,-0.97,-0.78,-0.322
2022-12-06,-0.71,-0.091,-0.97,-0.78,-0.322
2022-12-07,-0.71,-0.091,-0.97,-0.78,-0.322
2022-12-08,-0.71,-0.091,-0.97,-0.78,-0.322
2022-12-09,-0.71,-0.091,-0.97,-0.78,-0.322
2022-12-10,-0.71,-0.091,-0.97,-0.78,-0.322
2022-12-11,-0.71,-0.091,-0.97,-0.78,-0.322
2022-12-12,-0.71,-0.091,-0.97,-0.78,-0.322
2022-12-13,-0.71,-0.091,-0.97,-0.78,-0.322
2022-12-14,-0.71,-0.091,-0.97,-0.78,-0.322
2022-12-15,-0.71,-0.091,-0.97,-0.78,-0.322
2022-12-16,-0.71,-0.091,-0.97,-0.78,-0.322
2022-12-17,-0.71,-0.091,-0.97,-0.78,-0.322
2022-12-18,-0.71,-0.091,-0.97,-0.78,-0.322
2022-12-19,-0.71,-0.091,-0.97,-0.78,-0.322
2022-12-20,-0.71,-0.091,-0.97,-0.78,-0.322
2022-12-21,-0.71,-0.091,-0.97,-0.78,-0.322
2022-12-22,-0.71,-0.091,-0.97,-0.78,-0.322
2022-12-23,-0.71,-0.091,-0.97,-0.78,-0.322
2022-12-24,-0.71,-0.091,-0.97,-0.78,-0.322
2022-12-25,-0.71,-0.091,-0.97,-0.78,-0.322
2022-12-26,-0.71,-0.091,-0.97,-0.78,-0.322
2022-12-27,-0.71,-0.091,-0.97,-0.78,-0.322
2022-12-28,-0.71,-0.091,-0.97,-0.76,-0.322
2022-12-29,-0.71,-0.091,-0.97,-0.76,-0.322
2022-12-30,-0.71,-0.091,-0.94,-0.76,-0.691
2022-12-31,-0.71,-0.091,-0.94,-0.76,-0.691
2023-01-01,-0.54,0.11,-0.94,-0.76,-0.691
2023-01-02,-0.54,0.11,-0.94,-0.76,-0.691
2023-01-03,-0.54,0.11,-0.94,-0.76,-0.691
2023-01-04,-0.54,0.11,-0.94,-0.76,-0.691
2023-01-05,-0.54,0.11,-0.94,-0.76,-0.691
2023-01-06,-0.54,0.11,-0.94,-0.76,-0.691
2023-01-07,-0.54,0.11,-0.94,-0.76,-0.691
2023-01-08,-0.54,0.11,-0.94,-0.76,-0.691
2023-01-09,-0.54,0.11,-0.94,-0.76,-0.691
2023-01-10,-0.54,0.11,-0.94,-0.76,-0.691
2023-01-11,-0.54,0.11,-0.94,-0.76,-0.691
2023-01-12,-0.54,0.11,-0.94,-0.76,-0.691
2023-01-13,-0.54,0.11,-0.94,-0.76,-0.691
2023-01-14,-0.54,0.11,-0.94,-0.76,-0.691
2023-01-15,-0.54,0.11,-0.94,-0.76,-0.691
2023-01-16,-0.54,0.11,-0.94,-0.76,-0.691
2023-01-17,-0.54,0.11,-0.94,-0.76,-0.691
2023-01-18,-0.54,0.11,-0.94,-0.76,-0.691
2023-01-19,-0.54,0.11,-0.94,-0.76,-0.691
2023-01-20,-0.54,0.11,-0.94,-0.76,-0.691
2023-01-21,-0.54,0.11,-0.94,-0.76,-0.691
2023-01-22,-0.54,0.11,-0.94,-0.76,-0.691
2023-01-23,-0.54,0.11,-0.94,-0.76,-0.691
2023-01-24,-0.54,0.11,-0.94,-0.76,-0.691
2023-01-25,-0.54,0.11,-0.94,-0.76,-0.691
2023-01-26,-0.54,0.11,-0.94,-0.76,-0.691
2023-01-27,-0.54,0.11,-0.94,-0.76,-0.691
2023-01-28,-0.54,0.11,-0.94,-0.87,-0.691
2023-01-29,-0.54,0.11,-0.94,-0.87,-0.691
2023-01-30,-0.54,0.11,-0.85,-0.87,-0.269
2023-01-31,-0.54,0.11,-0.85,-0.87,-0.269
2023-02-01,-0.29,0.157,-0.85,-0.87,-0.269
2023-02-02,-0.29,0.157,-0.85,-0.87,-0.269
2023-02-03,-0.29,0.157,-0.85,-0.87,-0.269
2023-02-04,-0.29,0.157,-0.85,-0.87,-0.269
2023-02-05,-0.29,0.157,-0.85,-0.87,-0.269
2023-02-06,-0.29,0.157,-0.85,-0.87,-0.269
2023-02-07,-0.29,0.157,-0.85,-0.87,-0.269
2023-02-08,-0.29,0.157,-0.85,-0.87,-0.269
2023-02-09,-0.29,0.157,-0.85,-0.87,-0.269
2023-02-10,-0.29,0.157,-0.85,-0.87,-0.269
2023-02-11,-0.29,0.157,-0.85,-0.87,-0.269
2023-02-12,-0.29,0.157,-0.85,-0.87,-0.269
2023-02-13,-0.29,0.157,-0.85,-0.87,-0.269
2023-02-14,-0.29,0.157,-0.85,-0.87,-0.269
2023-02-15,-0.29,0.157,-0.85,-0.87,-0.269
2023-02-16,-0.29,0.157,-0.85,-0.87,-0.269
2023-02-17,-0.29,0.157,-0.85,-0.87,-0.269
2023-02-18,-0.29,0.157,-0.85,-0.87,-0.269
2023-02-19,-0.29,0.157,-0.85,-0.87,-0.269
2023-02-20,-0.29,0.157,-0.85,-0.87,-0.269
2023-02-21,-0.29,0.157,-0.85,-0.87,-0.269
2023-02-22,-0.29,0.157,-0.85,-0.87,-0.269
2023-02-23,-0.29,0.157,-0.85,-0.87,-0.269
2023-02-24,-0.29,0.157,-0.85,-0.87,-0.269
2023-02-25,-0.29,0.157,-0.85,-0.87,-0.269
2023-02-26,-0.29,0.157,-0.85,-0.87,-0.269
2023-02-27,-0.29,0.157,-0.85,-0.87,-0.269
2023-02-28,-0.29,0.157,-0.85,-0.97,-0.269
2023-03-01,-0.02,0.414,-0.71,-0.97,-0.091
2023-03-02,-0.02,0.414,-0.71,-0.97,-0.091
2023-03-03,-0.02,0.414,-0.71,-0.97,-0.091
2023-03-04,-0.02,0.414,-0.71,-0.97,-0.091
2023-03-05,-0.02,0.414,-0.71,-0.97,-0.091
2023-03-06,-0.02,0.414,-0.71,-0.97,-0.091
2023-03-07,-0.02,0.414,-0.71,-0.97,-0.091
2023-03-08,-0.02,0.414,-0.71,-0.97,-0.091
2023-03-09,-0.02,0.414,-0.71,-0.97,-0.091
2023-03-10,-0.02,0.414,-0.71,-0.97,-0.091
2023-03-11,-0.02,0.414,-0.71,-0.97,-0.091
2023-03-12,-0.02,0.414,-0.71,-0.97,-0.091
2023-03-13,-0.02,0.414,-0.71,-0.97,-0.091
2023-03-14,-0.02,0.414,-0.71,-0.97,-0.091
2023-03-15,-0.02,0.414,-0.71,-0.97,-0.091
2023-03-16,-0.02,0.414,-0.71,-0.97,-0.091
2023-03-17,-0.02,0.414,-0.71,-0.97,-0.091
2023-03-18,-0.02,0.414,-0.71,-0.97,-0.091
2023-03-19,-0.02,0.414,-0.71,-0.97,-0.091
2023-03-20,-0.02,0.414,-0.71,-0.97,-0.091
2023-03-21,-0.02,0.414,-0.71,-0.97,-0.091
2023-03-22,-0.02,0.414,-0.71,-0.97,-0.091
2023-03-23,-0.02,0.414,-0.71,-0.97,-0.091
2023-03-24,-0.02,0.414,-0.71,-0.97,-0.091
2023-03-25,-0.02,0.414,-0.71,-0.97,-0.091
2023-03-26,-0.02,0.414,-0.71,-0.97,-0.091
2023-03-27,-0.02,0.414,-0.71,-0.97,-0.091
2023-03-28,-0.02,0.414,-0.71,-0.97,-0.091
2023-03-29,-0.02,0.414,-0.71,-0.97,-0.091
2023-03-30,-0.02,0.414,-0.71,-0.94,-0.091
2023-03-31,-0.02,0.414,-0.71,-0.94,-0.091
2023-04-01,0.27,0.56,-0.54,-0.94,0.11
2023-04-02,0.27,0.56,-0.54,-0.94,0.11
2023-04-03,0.27,0.56,-0.54,-0.94,0.11
2023-04-04,0.27,0.56,-0.54,-0.94,0.11
2023-04-05,0.27,0.56,-0.54,-0.94,0.11
2023-04-06,0.27,0.56,-0.54,-0.94,0.11
2023-04-07,0.27,0.56,-0.54,-0.94,0.11
2023-04-08,0.27,0.56,-0.54,-0.94,0.11
2023-04-09,0.27,0.56,-0.54,-0.94,0.11
2023-04-10,0.27,0.56,-0.54,-0.94,0.11
2023-04-11,0.27,0.56,-0.54,-0.94,0.11
2023-04-12,0.27,0.56,-0.54,-0.94,0.11
2023-04-13,0.27,0.56,-0.54,-0.94,0.11
2023-04-14,0.27,0.56,-0.54,-0.94,0.11
2023-04-15,0.27,0.56,-0.54,-0.94,0.11
2023-04-16,0.27,0.56,-0.54,-0.94,0.11
2023-04-17,0.27,0.56,-0.54,-0.94,0.11
2023-04-18,0.27,0.56,-0.54,-0.94,0.11
2023-04-19,0.27,0.56,-0.54,-0.94,0.11
2023-04-20,0.27,0.56,-0.54,-0.94,0.11
2023-04-21,0.27,0.56,-0.54,-0.94,0.11
2023-04-22,0.27,0.56,-0.54,-0.94,0.11
2023-04-23,0.27,0.56,-0.54,-0.94,0.11
2023-04-24,0.27,0.56,-0.54,-0.94,0.11
2023-04-25,0.27,0.56,-0.54,-0.94,0.11
2023-04-26,0.27,0.56,-0.54,-0.94,0.11
2023-04-27,0.27,0.56,-0.54,-0.94,0.11
2023-04-28,0.27,0.56,-0.54,-0.94,0.11
2023-04-29,0.27,0.56,-0.54,-0.94,0.11
2023-04-30,0.27,0.56,-0.54,-0.85,0.11
2023-05-01,0.57,0.443,-0.54,-0.85,0.11
2023-05-02,0.57,0.443,-0.29,-0.85,0.157
2023-05-03,0.57,0.443,-0.29,-0.85,0.157
2023-05-04,0.57,0.443,-0.29,-0.85,0.157
2023-05-05,0.57,0.443,-0.29,-0.85,0.157
2023-05-06,0.57,0.443,-0.29,-0.85,0.157
2023-05-07,0.57,0.443,-0.29,-0.85,0.157
2023-05-08,0.57,0.443,-0.29,-0.85,0.157
2023-05-09,0.57,0.443,-0.29,-0.85,0.157
2023-05-10,0.57,0.443,-0.29,-0.85,0.157
2023-05-11,0.57,0.443,-0.29,-0.85,0.157
2023-05-12,0.57,0.443,-0.29,-0.85,0.157
2023-05-13,0.57,0.443,-0.29,-0.85,0.157
2023-05-14,0.57,0.443,-0.29,-0.85,0.157
2023-05-15,0.57,0.443,-0.29,-0.85,0.157
2023-05-16,0.57,0.443,-0.29,-0.85,0.157
2023-05-17,0.57,0.443,-0.29,-0.85,0.157
2023-05-18,0.57,0.443,-0.29,-0.85,0.157
2023-05-19,0.57,0.443,-0.29,-0.85,0.157
2023-05-20,0.57,0.443,-0.29,-0.85,0.157
2023-05-21,0.57,0.443,-0.29,-0.85,0.157
2023-05-22,0.57,0.443,-0.29,-0.85,0.157
2023-05-23,0.57,0.443,-0.29,-0.85,0.157
2023-05-24,0.57,0.443,-0.29,-0.85,0.157
2023-05-25,0.57,0.443,-0.29,-0.85,0.157
2023-05-26,0.57,0.443,-0.29,-0.85,0.157
2023-05-27,0.57,0.443,-0.29,-0.85,0.157
2023-05-28,0.57,0.443,-0.29,-0.85,0.157
2023-05-29,0.57,0.443,-0.29,-0.85,0.157
2023-05-30,0.57,0.443,-0.02,-0.71,0.414
2023-05-31,0.57,0.443,-0.02,-0.71,0.414
2023-06-01,0.84,0.665,-0.02,-0.71,0.414
2023-06-02,0.84,0.665,-0.02,-0.71,0.414
2023-06-03,0.84,0.665,-0.02,-0.71,0.414
2023-06-04,0.84,0.665,-0.02,-0.71,0.414
2023-06-05,0.84,0.665,-0.02,-0.71,0.414
2023-06-06,0.84,0.665,-0.02,-0.71,0.414
2023-06-07,0.84,0.665,-0.02,-0.71,0.414
2023-06-08,0.84,0.665,-0.02,-0.71,0.414
2023-06-09,0.84,0.665,-0.02,-0.71,0.414
2023-06-10,0.84,0.665,-0.02,-0.71,0.414
2023-06-11,0.84,0.665,-0.02,-0.71,0.414
2023-06-12,0.84,0.665,-0.02,-0.71,0.414
2023-06-13,0.84,0.665,-0.02,-0.71,0.414
2023-06-14,0.84,0.665,-0.02,-0.71,0.414
2023-06-15,0.84,0.665,-0.02,-0.71,0.414
2023-06-16,0.84,0.665,-0.02,-0.71,0.414
2023-06-17,0.84,0.665,-0.02,-0.71,0.414
2023-06-18,0.84,0.665,-0.02,-0.71,0.414
2023-06-19,0.84,0.665,-0.02,-0.71,0.414
2023-06-20,0.84,0.665,-0.02,-0.71,0.414
2023-06-21,0.84,0.665,-0.02,-0.71,0.414
2023-06-22,0.84,0.665,-0.02,-0.71,0.414
2023-06-23,0.84,0.665,-0.02,-0.71,0.414
2023-06-24,0.84,0.665,-0.02,-0.71,0.414
2023-06-25,0.84,0.665,-0.02,-0.71,0.414
2023-06-26,0.84,0.665,-0.02,-0.71,0.414
2023-06-27,0.84,0.665,-0.02,-0.71,0.414
2023-06-28,0.84,0.665,-0.02,-0.71,0.414
2023-06-29,0.84,0.665,-0.02,-0.71,0.414
2023-06-30,0.84,0.665,0.27,-0.54,0.56
2023-07-01,1.12,0.498,0.27,-0.54,0.56
2023-07-02,1.12,0.498,0.27,-0.54,0.56
2023-07-03,1.12,0.498,0.27,-0.54,0.56
2023-07-04,1.12,0.498,0.27,-0.54,0.56
2023-07-05,1.12,0.498,0.27,-0.54,0.56
2023-07-06,1.12,0.498,0.27,-0.54,0.56
2023-07-07,1.12,0.498,0.27,-0.54,0.56
2023-07-08,1.12,0.498,0.27,-0.54,0.56
2023-07-09,1.12,0.498,0.27,-0.54,0.56
2023-07-10,1.12,0.498,0.27,-0.54,0.56
2023-07-11,1.12,0.498,0.27,-0.54,0.56
2023-07-12,1.12,0.498,0.27,-0.54,0.56
2023-07-13,1.12,0.498,0.27,-0.54,0.56
2023-07-14,1.12,0.498,0.27,-0.54,0.56
2023-07-15,1.12,0.498,0.27,-0.54,0.56
2023-07-16,1.12,0.498,0.27,-0.54,0.56
2023-07-17,1.12,0.498,0.27,-0.54,0.56
2023-07-18,1.12,0.498,0.27,-0.54,0.56
2023-07-19,1.12,0.498,0.27,-0.54,0.56
2023-07-20,1.12,0.498,0.27,-0.54,0.56
2023-07-21,1.12,0.498,0.27,-0.54,0.56
2023-07-22,1.12,0.498,0.27,-0.54,0.56
2023-07-23,1.12,0.498,0.27,-0.54,0.56
2023-07-24,1.12,0.498,0.27,-0.54,0.56
2023-07-25,1.12,0.498,0.27,-0.54,0.56
2023-07-26,1.12,0.498,0.27,-0.54,0.56
2023-07-27,1.12,0.498,0.27,-0.54,0.56
2023-07-28,1.12,0.498,0.27,-0.54,0.56
2023-07-29,1.12,0.498,0.27,-0.54,0.56
2023-07-30,1.12,0.498,0.57,-0.54,0.443
2023-07-31,1.12,0.498,0.57,-0.29,0.443
2023-08-01,1.37,0.826,0.57,-0.29,0.443
2023-08-02,1.37,0.826,0.57,-0.29,0.443
2023-08-03,1.37,0.826,0.57,-0.29,0.443
2023-08-04,1.37,0.826,0.57,-0.29,0.443
2023-08-05,1.37,0.826,0.57,-0.29,0.443
2023-08-06,1.37,0.826,0.57,-0.29,0.443
2023-08-07,1.37,0.826,0.57,-0.29,0.443
2023-08-08,1.37,0.826,0.57,-0.29,0.443
2023-08-09,1.37,0.826,0.57,-0.29,0.443
2023-08-10,1.37,0.826,0.57,-0.29,0.443
2023-08-11,1.37,0.826,0.57,-0.29,0.443
2023-08-12,1.37,0.826,0.57,-0.29,0.443
2023-08-13,1.37,0.826,0.57,-0.29,0.443
2023-08-14,1.37,0.826,0.57,-0.29,0.443
2023-08-15,1.37,0.826,0.57,-0.29,0.443
2023-08-16,1.37,0.826,0.57,-0.29,0.443
2023-08-17,1.37,0.826,0.57,-0.29,0.443
2023-08-18,1.37,0.826,0.57,-0.29,0.443
2023-08-19,1.37,0.826,0.57,-0.29,0.443
2023-08-20,1.37,0.826,0.57,-0.29,0.443
2023-08-21,1.37,0.826,0.57,-0.29,0.443
2023-08-22,1.37,0.826,0.57,-0.29,0.443
2023-08-23,1.37,0.826,0.57,-0.29,0.443
2023-08-24,1.37,0.826,0.57,-0.29,0.443
2023-08-25,1.37,0.826,0.57,-0.29,0.443
2023-08-26,1.37,0.826,0.57,-0.29,0.443
2023-08-27,1.37,0.826,0.57,-0.29,0.443
2023-08-28,1.37,0.826,0.57,-0.02,0.443
2023-08-29,1.37,0.826,0.57,-0.02,0.443
2023-08-30,1.37,0.826,0.84,-0.02,0.665
2023-08-31,1.37,0.826,0.84,-0.02,0.665
2023-09-01,1.6,0.946,0.84,-0.02,0.665
2023-09-02,1.6,0.946,0.84,-0.02,0.665
2023-09-03,1.6,0.946,0.84,-0.02,0.665
2023-09-04,1.6,0.946,0.84,-0.02,0.665
2023-09-05,1.6,0.946,0.84,-0.02,0.665
2023-09-06,1.6,0.946,0.84,-0.02,0.665
2023-09-07,1.6,0.946,0.84,-0.02,0.665
2023-09-08,1.6,0.946,0.84,-0.02,0.665
2023-09-09,1.6,0.946,0.84,-0.02,0.665
2023-09-10,1.6,0.946,0.84,-0.02,0.665
2023-09-11,1.6,0.946,0.84,-0.02,0.665
2023-09-12,1.6,0.946,0.84,-0.02,0.665
2023-09-13,1.6,0.946,0.84,-0.02,0.665
2023-09-14,1.6,0.946,0.84,-0.02,0.665
2023-09-15,1.6,0.946,0.84,-0.02,0.665
2023-09-16,1.6,0.946,0.84,-0.02,0.665
2023-09-17,1.6,0.946,0.84,-0.02,0.665
2023-09-18,1.6,0.946,0.84,-0.02,0.665
2023-09-19,1.6,0.946,0.84,-0.02,0.665
2023-09-20,1.6,0.946,0.84,-0.02,0.665
2023-09-21,1.6,0.946,0.84,-0.02,0.665
2023-09-22,1.6,0.946,0.84,-0.02,0.665
2023-09-23,1.6,0.946,0.84,-0.02,0.665
2023-09-24,1.6,0.946,0.84,-0.02,0.665
2023-09-25,1.6,0.946,0.84,-0.02,0.665
2023-09-26,1.6,0.946,0.84,-0.02,0.665
2023-09-27,1.6,0.946,0.84,-0.02,0.665
2023-09-28,1.6,0.946,0.84,0.27,0.665
2023-09-29,1.6,0.946,1.12,0.27,0.498
2023-09-30,1.6,0.946,1.12,0.27,0.498
2023-10-01,1.83,0.804,1.12,0.27,0.498
2023-10-02,1.83,0.804,1.12,0.27,0.498
2023-10-03,1.83,0.804,1.12,0.27,0.498
2023-10-04,1.83,0.804,1.12,0.27,0.498
2023-10-05,1.83,0.804,1.12,0.27,0.498
2023-10-06,1.83,0.804,1.12,0.27,0.498
2023-10-07,1.83,0.804,1.12,0.27,0.498
2023-10-08,1.83,0.804,1.12,0.27,0.498
2023-10-09,1.83,0.804,1.12,0.27,0.498
2023-10-10,1.83,0.804,1.12,0.27,0.498
2023-10-11,1.83,0.804,1.12,0.27,0.498
2023-10-12,1.83,0.804,1.12,0.27,0.498
2023-10-13,1.83,0.804,1.12,0.27,0.498
2023-10-14,1.83,0.804,1.12,0.27,0.498
2023-10-15,1.83,0.804,1.12,0.27,0.498
2023-10-16,1.83,0.804,1.12,0.27,0.498
2023-10-17,1.83,0.804,1.12,0.27,0.498
2023-10-18,1.83,0.804,1.12,0.27,0.498
2023-10-19,1.83,0.804,1.12,0.27,0.498
2023-10-20,1.83,0.804,1.12,0.27,0.498
2023-10-21,1.83,0.804,1.12,0.27,0.498
2023-10-22,1.83,0.804,1.12,0.27,0.498
2023-10-23,1.83,0.804,1.12,0.27,0.498
2023-10-24,1.83,0.804,1.12,0.27,0.498
2023-10-25,1.83,0.804,1.12,0.27,0.498
2023-10-26,1.83,0.804,1.12,0.27,0.498
2023-10-27,1.83,0.804,1.12,0.27,0.498
2023-10-28,1.83,0.804,1.12,0.57,0.498
2023-10-29,1.83,0.804,1.12,0.57,0.498
2023-10-30,1.83,0.804,1.37,0.57,0.826
2023-10-31,1.83,0.804,1.37,0.57,0.826
2023-11-01,1.99,0.92,1.37,0.57,0.826
2023-11-02,1.99,0.92,1.37,0.57,0.826
2023-11-03,1.99,0.92,1.37,0.57,0.826
2023-11-04,1.99,0.92,1.37,0.57,0.826
2023-11-05,1.99,0.92,1.37,0.57,0.826
2023-11-06,1.99,0.92,1.37,0.57,0.826
2023-11-07,1.99,0.92,1.37,0.57,0.826
2023-11-08,1.99,0.92,1.37,0.57,0.826
2023-11-09,1.99,0.92,1.37,0.57,0.826
2023-11-10,1.99,0.92,1.37,0.57,0.826
2023-11-11,1.99,0.92,1.37,0.57,0.826
2023-11-12,1.99,0.92,1.37,0.57,0.826
2023-11-13,1.99,0.92,1.37,0.57,0.826
2023-11-14,1.99,0.92,1.37,0.57,0.826
2023-11-15,1.99,0.92,1.37,0.57,0.826
2023-11-16,1.99,0.92,1.37,0.57,0.826
2023-11-17,1.99,0.92,1.37,0.57,0.826
2023-11-18,1.99,0.92,1.37,0.57,0.826
2023-11-19,1.99,0.92,1.37,0.57,0.826
2023-11-20,1.99,0.92,1.37,0.57,0.826
2023-11-21,1.99,0.92,1.37,0.57,0.826
2023-11-22,1.99,0.92,1.37,0.57,0.826
2023-11-23,1.99,0.92,1.37,0.57,0.826
2023-11-24,1.99,0.92,1.37,0.57,0.826
2023-11-25,1.99,0.92,1.37,0.57,0.826
2023-11-26,1.99,0.92,1.37,0.57,0.826
2023-11-27,1.99,0.92,1.37,0.57,0.826
2023-11-28,1.99,0.92,1.37,0.84,0.826
2023-11-29,1.99,0.92,1.37,0.84,0.826
2023-11-30,1.99,0.92,1.6,0.84,0.946
2023-12-01,2.06,0.852,1.6,0.84,0.946
2023-12-02,2.06,0.852,1.6,0.84,0.946
2023-12-03,2.06,0.852,1.6,0.84,0.946
2023-12-04,2.06,0.852,1.6,0.84,0.946
2023-12-05,2.06,0.852,1.6,0.84,0.946
2023-12-06,2.06,0.852,1.6,0.84,0.946
2023-12-07,2.06,0.852,1.6,0.84,0.946
2023-12-08,2.06,0.852,1.6,0.84,0.946
2023-12-09,2.06,0.852,1.6,0.84,0.946
2023-12-10,2.06,0.852,1.6,0.84,0.946
2023-12-11,2.06,0.852,1.6,0.84,0.946
2023-12-12,2.06,0.852,1.6,0.84,0.946
2023-12-13,2.06,0.852,1.6,0.84,0.946
2023-12-14,2.06,0.852,1.6,0.84,0.946
2023-12-15,2.06,0.852,1.6,0.84,0.946
2023-12-16,2.06,0.852,1.6,0.84,0.946
2023-12-17,2.06,0.852,1.6,0.84,0.946
2023-12-18,2.06,0.852,1.6,0.84,0.946
2023-12-19,2.06,0.852,1.6,0.84,0.946
2023-12-20,2.06,0.852,1.6,0.84,0.946
2023-12-21,2.06,0.852,1.6,0.84,0.946
2023-12-22,2.06,0.852,1.6,0.84,0.946
2023-12-23,2.06,0.852,1.6,0.84,0.946
2023-12-24,2.06,0.852,1.6,0.84,0.946
2023-12-25,2.06,0.852,1.6,0.84,0.946
2023-12-26,2.06,0.852,1.6,0.84,0.946
2023-12-27,2.06,0.852,1.6,0.84,0.946
2023-12-28,2.06,0.852,1.6,1.12,0.946
2023-12-29,2.06,0.852,1.6,1.12,0.946
2023-12-30,2.06,0.852,1.83,1.12,0.804
2023-12-31,2.06,0.852,1.83,1.12,0.804
2024-01-01,1.92,0.765,1.83,1.12,0.804
2024-01-02,1.92,0.765,1.83,1.12,0.804
2024-01-03,1.92,0.765,1.83,1.12,0.804
2024-01-04,1.92,0.765,1.83,1.12,0.804
2024-01-05,1.92,0.765,1.83,1.12,0.804
2024-01-06,1.92,0.765,1.83,1.12,0.804
2024-01-07,1.92,0.765,1.83,1.12,0.804
2024-01-08,1.92,0.765,1.83,1.12,0.804
2024-01-09,1.92,0.765,1.83,1.12,0.804
2024-01-10,1.92,0.765,1.83,1.12,0.804
2024-01-11,1.92,0.765,1.83,1.12,0.804
2024-01-12,1.92,0.765,1.83,1.12,0.804
2024-01-13,1.92,0.765,1.83,1.12,0.804
2024-01-14,1.92,0.765,1.83,1.12,0.804
2024-01-15,1.92,0.765,1.83,1.12,0.804
2024-01-16,1.92,0.765,1.83,1.12,0.804
2024-01-17,1.92,0.765,1.83,1.12,0.804
2024-01-18,1.92,0.765,1.83,1.12,0.804
2024-01-19,1.92,0.765,1.83,1.12,0.804
2024-01-20,1.92,0.765,1.83,1.12,0.804
2024-01-21,1.92,0.765,1.83,1.12,0.804
2024-01-22,1.92,0.765,1.83,1.12,0.804
2024-01-23,1.92,0.765,1.83,1.12,0.804
2024-01-24,1.92,0.765,1.83,1.12,0.804
2024-01-25,1.92,0.765,1.83,1.12,0.804
2024-01-26,1.92,0.765,1.83,1.12,0.804
2024-01-27,1.92,0.765,1.83,1.12,0.804
2024-01-28,1.92,0.765,1.83,1.37,0.804
2024-01-29,1.92,0.765,1.83,1.37,0.804
2024-01-30,1.92,0.765,1.99,1.37,0.92
2024-01-31,1.92,0.765,1.99,1.37,0.92
2024-02-01,1.62,0.327,1.99,1.37,0.92
2024-02-02,1.62,0.327,1.99,1.37,0.92
2024-02-03,1.62,0.327,1.99,1.37,0.92
2024-02-04,1.62,0.327,1.99,1.37,0.92
2024-02-05,1.62,0.327,1.99,1.37,0.92
2024-02-06,1.62,0.327,1.99,1.37,0.92
2024-02-07,1.62,0.327,1.99,1.37,0.92
2024-02-08,1.62,0.327,1.99,1.37,0.92
2024-02-09,1.62,0.327,1.99,1.37,0.92
2024-02-10,1.62,0.327,1.99,1.37,0.92
2024-02-11,1.62,0.327,1.99,1.37,0.92
2024-02-12,1.62,0.327,1.99,1.37,0.92
2024-02-13,1.62,0.327,1.99,1.37,0.92
2024-02-14,1.62,0.327,1.99,1.37,0.92
2024-02-15,1.62,0.327,1.99,1.37,0.92
2024-02-16,1.62,0.327,1.99,1.37,0.92
2024-02-17,1.62,0.327,1.99,1.37,0.92
2024-02-18,1.62,0.327,1.99,1.37,0.92
2024-02-19,1.62,0.327,1.99,1.37,0.92
2024-02-20,1.62,0.327,1.99,1.37,0.92
2024-02-21,1.62,0.327,1.99,1.37,0.92
2024-02-22,1.62,0.327,1.99,1.37,0.92
2024-02-23,1.62,0.327,1.99,1.37,0.92
2024-02-24,1.62,0.327,1.99,1.37,0.92
2024-02-25,1.62,0.327,1.99,1.37,0.92
2024-02-26,1.62,0.327,1.99,1.37,0.92
2024-02-27,1.62,0.327,1.99,1.37,0.92
2024-02-28,1.62,0.327,1.99,1.6,0.92
2024-02-29,1.62,0.327,2.06,1.6,0.852
2024-03-01,1.26,0.421,2.06,1.6,0.852
2024-03-02,1.26,0.421,2.06,1.6,0.852
2024-03-03,1.26,0.421,2.06,1.6,0.852
2024-03-04,1.26,0.421,2.06,1.6,0.852
2024-03-05,1.26,0.421,2.06,1.6,0.852
2024-03-06,1.26,0.421,2.06,1.6,0.852
2024-03-07,1.26,0.421,2.06,1.6,0.852
2024-03-08,1.26,0.421,2.06,1.6,0.852
2024-03-09,1.26,0.421,2.06,1.6,0.852
2024-03-10,1.26,0.421,2.06,1.6,0.852
2024-03-11,1.26,0.421,2.06,1.6,0.852
2024-03-12,1.26,0.421,2.06,1.6,0.852
2024-03-13,1.26,0.421,2.06,1.6,0.852
2024-03-14,1.26,0.421,2.06,1.6,0.852
2024-03-15,1.26,0.421,2.06,1.6,0.852
2024-03-16,1.26,0.421,2.06,1.6,0.852
2024-03-17,1.26,0.421,2.06,1.6,0.852
2024-03-18,1.26,0.421,2.06,1.6,0.852
2024-03-19,1.26,0.421,2.06,1.6,0.852
2024-03-20,1.26,0.421,2.06,1.6,0.852
2024-03-21,1.26,0.421,2.06,1.6,0.852
2024-03-22,1.26,0.421,2.06,1.6,0.852
2024-03-23,1.26,0.421,2.06,1.6,0.852
2024-03-24,1.26,0.421,2.06,1.6,0.852
2024-03-25,1.26,0.421,2.06,1.6,0.852
2024-03-26,1.26,0.421,2.06,1.6,0.852
2024-03-27,1.26,0.421,2.06,1.6,0.852
2024-03-28,1.26,0.421,2.06,1.6,0.852
2024-03-29,1.26,0.421,2.06,1.83,0.852
2024-03-30,1.26,0.421,2.06,1.83,0.852
2024-03-31,1.26,0.421,1.92,1.83,0.765
2024-04-01,0.82,0.44,1.92,1.83,0.765
2024-04-02,0.82,0.44,1.92,1.83,0.765
2024-04-03,0.82,0.44,1.92,1.83,0.765
2024-04-04,0.82,0.44,1.92,1.83,0.765
2024-04-05,0.82,0.44,1.92,1.83,0.765
2024-04-06,0.82,0.44,1.92,1.83,0.765
2024-04-07,0.82,0.44,1.92,1.83,0.765
2024-04-08,0.82,0.44,1.92,1.83,0.765
2024-04-09,0.82,0.44,1.92,1.83,0.765
2024-04-10,0.82,0.44,1.92,1.83,0.765
2024-04-11,0.82,0.44,1.92,1.83,0.765
2024-04-12,0.82,0.44,1.92,1.83,0.765
2024-04-13,0.82,0.44,1.92,1.83,0.765
2024-04-14,0.82,0.44,1.92,1.83,0.765
2024-04-15,0.82,0.44,1.92,1.83,0.765
2024-04-16,0.82,0.44,1.92,1.83,0.765
2024-04-17,0.82,0.44,1.92,1.83,0.765
2024-04-18,0.82,0.44,1.92,1.83,0.765
2024-04-19,0.82,0.44,1.92,1.83,0.765
2024-04-20,0.82,0.44,1.92,1.83,0.765
2024-04-21,0.82,0.44,1.92,1.83,0.765
2024-04-22,0.82,0.44,1.92,1.83,0.765
2024-04-23,0.82,0.44,1.92,1.83,0.765
2024-04-24,0.82,0.44,1.92,1.83,0.765
2024-04-25,0.82,0.44,1.92,1.83,0.765
2024-04-26,0.82,0.44,1.92,1.83,0.765
2024-04-27,0.82,0.44,1.92,1.83,0.765
2024-04-28,0.82,0.44,1.92,1.83,0.765
2024-04-29,0.82,0.44,1.92,1.99,0.765
2024-04-30,0.82,0.44,1.92,1.99,0.765
2024-05-01,0.49,0.298,1.62,1.99,0.327
2024-05-02,0.49,0.298,1.62,1.99,0.327
2024-05-03,0.49,0.298,1.62,1.99,0.327
2024-05-04,0.49,0.298,1.62,1.99,0.327
2024-05-05,0.49,0.298,1.62,1.99,0.327
2024-05-06,0.49,0.298,1.62,1.99,0.327
2024-05-07,0.49,0.298,1.62,1.99,0.327
2024-05-08,0.49,0.298,1.62,1.99,0.327
2024-05-09,0.49,0.298,1.62,1.99,0.327
2024-05-10,0.49,0.298,1.62,1.99,0.327
2024-05-11,0.49,0.298,1.62,1.99,0.327
2024-05-12,0.49,0.298,1.62,1.99,0.327
2024-05-13,0.49,0.298,1.62,1.99,0.327
2024-05-14,0.49,0.298,1.62,1.99,0.327
2024-05-15,0.49,0.298,1.62,1.99,0.327
2024-05-16,0.49,0.298,1.62,1.99,0.327
2024-05-17,0.49,0.298,1.62,1.99,0.327
2024-05-18,0.49,0.298,1.62,1.99,0.327
2024-05-19,0.49,0.298,1.62,1.99,0.327
2024-05-20,0.49,0.298,1.62,1.99,0.327
2024-05-21,0.49,0.298,1.62,1.99,0.327
2024-05-22,0.49,0.298,1.62,1.99,0.327
2024-05-23,0.49,0.298,1.62,1.99,0.327
2024-05-24,0.49,0.298,1.62,1.99,0.327
2024-05-25,0.49,0.298,1.62,1.99,0.327
2024-05-26,0.49,0.298,1.62,1.99,0.327
2024-05-27,0.49,0.298,1.62,1.99,0.327
2024-05-28,0.49,0.298,1.62,1.99,0.327
2024-05-29,0.49,0.298,1.62,2.06,0.327
2024-05-30,0.49,0.298,1.26,2.06,0.421
2024-05-31,0.49,0.298,1.26,2.06,0.421
2024-06-01,0.22,0.197,1.26,2.06,0.421
2024-06-02,0.22,0.197,1.26,2.06,0.421
2024-06-03,0.22,0.197,1.26,2.06,0.421
2024-06-04,0.22,0.197,1.26,2.06,0.421
2024-06-05,0.22,0.197,1.26,2.06,0.421
2024-06-06,0.22,0.197,1.26,2.06,0.421
2024-06-07,0.22,0.197,1.26,2.06,0.421
2024-06-08,0.22,0.197,1.26,2.06,0.421
2024-06-09,0.22,0.197,1.26,2.06,0.421
2024-06-10,0.22,0.197,1.26,2.06,0.421
2024-06-11,0.22,0.197,1.26,2.06,0.421
2024-06-12,0.22,0.197,1.26,2.06,0.421
2024-06-13,0.22,0.197,1.26,2.06,0.421
2024-06-14,0.22,0.197,1.26,2.06,0.421
2024-06-15,0.22,0.197,1.26,2.06,0.421
2024-06-16,0.22,0.197,1.26,2.06,0.421
2024-06-17,0.22,0.197,1.26,2.06,0.421
2024-06-18,0.22,0.197,1.26,2.06,0.421
2024-06-19,0.22,0.197,1.26,2.06,0.421
2024-06-20,0.22,0.197,1.26,2.06,0.421
2024-06-21,0.22,0.197,1.26,2.06,0.421
2024-06-22,0.22,0.197,1.26,2.06,0.421
2024-06-23,0.22,0.197,1.26,2.06,0.421
2024-06-24,0.22,0.197,1.26,2.06,0.421
2024-06-25,0.22,0.197,1.26,2.06,0.421
2024-06-26,0.22,0.197,1.26,2.06,0.421
2024-06-27,0.22,0.197,1.26,2.06,0.421
2024-06-28,0.22,0.197,1.26,2.06,0.421
2024-06-29,0.22,0.197,1.26,1.92,0.421
2024-06-30,0.22,0.197,0.82,1.92,0.44
2024-07-01,0.08,0.033,0.82,1.92,0.44
2024-07-02,0.08,0.033,0.82,1.92,0.44
2024-07-03,0.08,0.033,0.82,1.92,0.44
2024-07-04,0.08,0.033,0.82,1.92,0.44
2024-07-05,0.08,0.033,0.82,1.92,0.44
2024-07-06,0.08,0.033,0.82,1.92,0.44
2024-07-07,0.08,0.033,0.82,1.92,0.44
2024-07-08,0.08,0.033,0.82,1.92,0.44
2024-07-09,0.08,0.033,0.82,1.92,0.44
2024-07-10,0.08,0.033,0.82,1.92,0.44
2024-07-11,0.08,0.033,0.82,1.92,0.44
2024-07-12,0.08,0.033,0.82,1.92,0.44
2024-07-13,0.08,0.033,0.82,1.92,0.44
2024-07-14,0.08,0.033,0.82,1.92,0.44
2024-07-15,0.08,0.033,0.82,1.92,0.44
2024-07-16,0.08,0.033,0.82,1.92,0.44
2024-07-17,0.08,0.033,0.82,1.92,0.44
2024-07-18,0.08,0.033,0.82,1.92,0.44
2024-07-19,0.08,0.033,0.82,1.92,0.44
2024-07-20,0.08,0.033,0.82,1.92,0.44
2024-07-21,0.08,0.033,0.82,1.92,0.44
2024-07-22,0.08,0.033,0.82,1.92,0.44
2024-07-23,0.08,0.033,0.82,1.92,0.44
2024-07-24,0.08,0.033,0.82,1.92,0.44
2024-07-25,0.08,0.033,0.82,1.92,0.44
2024-07-26,0.08,0.033,0.82,1.92,0.44
2024-07-27,0.08,0.033,0.82,1.92,0.44
2024-07-28,0.08,0.033,0.82,1.92,0.44
2024-07-29,0.08,0.033,0.82,1.92,0.44
2024-07-30,0.08,0.033,0.49,1.62,0.298
2024-07-31,0.08,0.033,0.49,1.62,0.298
2024-08-01,-0.07,0.267,0.49,1.62,0.298
2024-08-02,-0.07,0.267,0.49,1.62,0.298
2024-08-03,-0.07,0.267,0.49,1.62,0.298
2024-08-04,-0.07,0.267,0.49,1.62,0.298
2024-08-05,-0.07,0.267,0.49,1.62,0.298
2024-08-06,-0.07,0.267,0.49,1.62,0.298
2024-08-07,-0.07,0.267,0.49,1.62,0.298
2024-08-08,-0.07,0.267,0.49,1.62,0.298
2024-08-09,-0.07,0.267,0.49,1.62,0.298
2024-08-10,-0.07,0.267,0.49,1.62,0.298
2024-08-11,-0.07,0.267,0.49,1.62,0.298
2024-08-12,-0.07,0.267,0.49,1.62,0.298
2024-08-13,-0.07,0.267,0.49,1.62,0.298
2024-08-14,-0.07,0.267,0.49,1.62,0.298
2024-08-15,-0.07,0.267,0.49,1.62,0.298
2024-08-16,-0.07,0.267,0.49,1.62,0.298
2024-08-17,-0.07,0.267,0.49,1.62,0.298
2024-08-18,-0.07,0.267,0.49,1.62,0.298
2024-08-19,-0.07,0.267,0.49,1.62,0.298
2024-08-20,-0.07,0.267,0.49,1.62,0.298
2024-08-21,-0.07,0.267,0.49,1.62,0.298
2024-08-22,-0.07,0.267,0.49,1.62,0.298
2024-08-23,-0.07,0.267,0.49,1.62,0.298
2024-08-24,-0.07,0.267,0.49,1.62,0.298
2024-08-25,-0.07,0.267,0.49,1.62,0.298
2024-08-26,-0.07,0.267,0.49,1.62,0.298
2024-08-27,-0.07,0.267,0.49,1.62,0.298
2024-08-28,-0.07,0.267,0.49,1.26,0.298
2024-08-29,-0.07,0.267,0.49,1.26,0.298
2024-08-30,-0.07,0.267,0.22,1.26,0.197
2024-08-31,-0.07,0.267,0.22,1.26,0.197
2024-09-01,-0.17,0.115,0.22,1.26,0.197
2024-09-02,-0.17,0.115,0.22,1.26,0.197
2024-09-03,-0.17,0.115,0.22,1.26,0.197
2024-09-04,-0.17,0.115,0.22,1.26,0.197
2024-09-05,-0.17,0.115,0.22,1.26,0.197
2024-09-06,-0.17,0.115,0.22,1.26,0.197
2024-09-07,-0.17,0.115,0.22,1.26,0.197
2024-09-08,-0.17,0.115,0.22,1.26,0.197
2024-09-09,-0.17,0.115,0.22,1.26,0.197
2024-09-10,-0.17,0.115,0.22,1.26,0.197
2024-09-11,-0.17,0.115,0.22,1.26,0.197
2024-09-12,-0.17,0.115,0.22,1.26,0.197
2024-09-13,-0.17,0.115,0.22,1.26,0.197
2024-09-14,-0.17,0.115,0.22,1.26,0.197
2024-09-15,-0.17,0.115,0.22,1.26,0.197
2024-09-16,-0.17,0.115,0.22,1.26,0.197
2024-09-17,-0.17,0.115,0.22,1.26,0.197
2024-09-18,-0.17,0.115,0.22,1.26,0.197
2024-09-19,-0.17,0.115,0.22,1.26,0.197
2024-09-20,-0.17,0.115,0.22,1.26,0.197
2024-09-21,-0.17,0.115,0.22,1.26,0.197
2024-09-22,-0.17,0.115,0.22,1.26,0.197
2024-09-23,-0.17,0.115,0.22,1.26,0.197
2024-09-24,-0.17,0.115,0.22,1.26,0.197
2024-09-25,-0.17,0.115,0.22,1.26,0.197
2024-09-26,-0.17,0.115,0.22,1.26,0.197
2024-09-27,-0.17,0.115,0.22,1.26,0.197
2024-09-28,-0.17,0.115,0.22,0.82,0.197
2024-09-29,-0.17,0.115,0.08,0.82,0.033
2024-09-30,-0.17,0.115,0.08,0.82,0.033
2024-10-01,-0.21,-0.196,0.08,0.82,0.033
2024-10-02,-0.21,-0.196,0.08,0.82,0.033
2024-10-03,-0.21,-0.196,0.08,0.82,0.033
2024-10-04,-0.21,-0.196,0.08,0.82,0.033
2024-10-05,-0.21,-0.196,0.08,0.82,0.033
2024-10-06,-0.21,-0.196,0.08,0.82,0.033
2024-10-07,-0.21,-0.196,0.08,0.82,0.033
2024-10-08,-0.21,-0.196,0.08,0.82,0.033
2024-10-09,-0.21,-0.196,0.08,0.82,0.033
2024-10-10,-0.21,-0.196,0.08,0.82,0.033
2024-10-11,-0.21,-0.196,0.08,0.82,0.033
2024-10-12,-0.21,-0.196,0.08,0.82,0.033
2024-10-13,-0.21,-0.196,0.08,0.82,0.033
2024-10-14,-0.21,-0.196,0.08,0.82,0.033
2024-10-15,-0.21,-0.196,0.08,0.82,0.033
2024-10-16,-0.21,-0.196,0.08,0.82,0.033
2024-10-17,-0.21,-0.196,0.08,0.82,0.033
2024-10-18,-0.21,-0.196,0.08,0.82,0.033
2024-10-19,-0.21,-0.196,0.08,0.82,0.033
2024-10-20,-0.21,-0.196,0.08,0.82,0.033
2024-10-21,-0.21,-0.196,0.08,0.82,0.033
2024-10-22,-0.21,-0.196,0.08,0.82,0.033
2024-10-23,-0.21,-0.196,0.08,0.82,0.033
2024-10-24,-0.21,-0.196,0.08,0.82,0.033
2024-10-25,-0.21,-0.196,0.08,0.82,0.033
2024-10-26,-0.21,-0.196,0.08,0.82,0.033
2024-10-27,-0.21,-0.196,0.08,0.82,0.033
2024-10-28,-0.21,-0.196,0.08,0.49,0.033
2024-10-29,-0.21,-0.196,0.08,0.49,0.033
2024-10-30,-0.21,-0.196,-0.07,0.49,0.267
2024-10-31,-0.21,-0.196,-0.07,0.49,0.267
2024-11-01,-0.3,-0.382,-0.07,0.49,0.267
2024-11-02,-0.3,-0.382,-0.07,0.49,0.267
2024-11-03,-0.3,-0.382,-0.07,0.49,0.267
2024-11-04,-0.3,-0.382,-0.07,0.49,0.267
2024-11-05,-0.3,-0.382,-0.07,0.49,0.267
2024-11-06,-0.3,-0.382,-0.07,0.49,0.267
2024-11-07,-0.3,-0.382,-0.07,0.49,0.267
2024-11-08,-0.3,-0.382,-0.07,0.49,0.267
2024-11-09,-0.3,-0.382,-0.07,0.49,0.267
2024-11-10,-0.3,-0.382,-0.07,0.49,0.267
2024-11-11,-0.3,-0.382,-0.07,0.49,0.267
2024-11-12,-0.3,-0.382,-0.07,0.49,0.267
2024-11-13,-0.3,-0.382,-0.07,0.49,0.267
2024-11-14,-0.3,-0.382,-0.07,0.49,0.267
2024-11-15,-0.3,-0.382,-0.07,0.49,0.267
2024-11-16,-0.3,-0.382,-0.07,0.49,0.267
2024-11-17,-0.3,-0.382,-0.07,0.49,0.267
2024-11-18,-0.3,-0.382,-0.07,0.49,0.267
2024-11-19,-0.3,-0.382,-0.07,0.49,0.267
2024-11-20,-0.3,-0.382,-0.07,0.49,0.267
2024-11-21,-0.3,-0.382,-0.07,0.49,0.267
2024-11-22,-0.3,-0.382,-0.07,0.49,0.267
2024-11-23,-0.3,-0.382,-0.07,0.49,0.267
2024-11-24,-0.3,-0.382,-0.07,0.49,0.267
2024-11-25,-0.3,-0.382,-0.07,0.49,0.267
2024-11-26,-0.3,-0.382,-0.07,0.49,0.267
2024-11-27,-0.3,-0.382,-0.07,0.49,0.267
2024-11-28,-0.3,-0.382,-0.07,0.22,0.267
2024-11-29,-0.3,-0.382,-0.07,0.22,0.267
2024-11-30,-0.3,-0.382,-0.17,0.22,0.115
2024-12-01,-0.42,-0.331,-0.17,0.22,0.115
2024-12-02,-0.42,-0.331,-0.17,0.22,0.115
2024-12-03,-0.42,-0.331,-0.17,0.22,0.115
2024-12-04,-0.42,-0.331,-0.17,0.22,0.115
2024-12-05,-0.42,-0.331,-0.17,0.22,0.115
2024-12-06,-0.42,-0.331,-0.17,0.22,0.115
2024-12-07,-0.42,-0.331,-0.17,0.22,0.115
2024-12-08,-0.42,-0.331,-0.17,0.22,0.115
2024-12-09,-0.42,-0.331,-0.17,0.22,0.115
2024-12-10,-0.42,-0.331,-0.17,0.22,0.115
2024-12-11,-0.42,-0.331,-0.17,0.22,0.115
2024-12-12,-0.42,-0.331,-0.17,0.22,0.115
2024-12-13,-0.42,-0.331,-0.17,0.22,0.115
2024-12-14,-0.42,-0.331,-0.17,0.22,0.115
2024-12-15,-0.42,-0.331,-0.17,0.22,0.115
2024-12-16,-0.42,-0.331,-0.17,0.22,0.115
2024-12-17,-0.42,-0.331,-0.17,0.22,0.115
2024-12-18,-0.42,-0.331,-0.17,0.22,0.115
2024-12-19,-0.42,-0.331,-0.17,0.22,0.115
2024-12-20,-0.42,-0.331,-0.17,0.22,0.115
2024-12-21,-0.42,-0.331,-0.17,0.22,0.115
2024-12-22,-0.42,-0.331,-0.17,0.22,0.115
2024-12-23,-0.42,-0.331,-0.17,0.22,0.115
2024-12-24,-0.42,-0.331,-0.17,0.22,0.115
2024-12-25,-0.42,-0.331,-0.17,0.22,0.115
2024-12-26,-0.42,-0.331,-0.17,0.22,0.115
2024-12-27,-0.42,-0.331,-0.17,0.22,0.115
2024-12-28,-0.42,-0.331,-0.17,0.08,0.115
2024-12-29,-0.42,-0.331,-0.17,0.08,0.115
2024-12-30,-0.42,-0.331,-0.21,0.08,-0.196
2024-12-31,-0.42,-0.331,-0.21,0.08,-0.196
2025-01-01,-0.45,-0.196,-0.21,0.08,-0.196
2025-01-02,-0.45,-0.196,-0.21,0.08,-0.196
2025-01-03,-0.45,-0.196,-0.21,0.08,-0.196
2025-01-04,-0.45,-0.196,-0.21,0.08,-0.196
2025-01-05,-0.45,-0.196,-0.21,0.08,-0.196
2025-01-06,-0.45,-0.196,-0.21,0.08,-0.196
2025-01-07,-0.45,-0.196,-0.21,0.08,-0.196
2025-01-08,-0.45,-0.196,-0.21,0.08,-0.196
2025-01-09,-0.45,-0.196,-0.21,0.08,-0.196
2025-01-10,-0.45,-0.196,-0.21,0.08,-0.196
2025-01-11,-0.45,-0.196,-0.21,0.08,-0.196
2025-01-12,-0.45,-0.196,-0.21,0.08,-0.196
2025-01-13,-0.45,-0.196,-0.21,0.08,-0.196
2025-01-14,-0.45,-0.196,-0.21,0.08,-0.196
2025-01-15,-0.45,-0.196,-0.21,0.08,-0.196
2025-01-16,-0.45,-0.196,-0.21,0.08,-0.196
2025-01-17,-0.45,-0.196,-0.21,0.08,-0.196
2025-01-18,-0.45,-0.196,-0.21,0.08,-0.196
2025-01-19,-0.45,-0.196,-0.21,0.08,-0.196
2025-01-20,-0.45,-0.196,-0.21,0.08,-0.196
2025-01-21,-0.45,-0.196,-0.21,0.08,-0.196
2025-01-22,-0.45,-0.196,-0.21,0.08,-0.196
2025-01-23,-0.45,-0.196,-0.21,0.08,-0.196
2025-01-24,-0.45,-0.196,-0.21,0.08,-0.196
2025-01-25,-0.45,-0.196,-0.21,0.08,-0.196
2025-01-26,-0.45,-0.196,-0.21,0.08,-0.196
2025-01-27,-0.45,-0.196,-0.21,0.08,-0.196
2025-01-28,-0.45,-0.196,-0.21,-0.07,-0.196
2025-01-29,-0.45,-0.196,-0.21,-0.07,-0.196
2025-01-30,-0.45,-0.196,-0.3,-0.07,-0.382
2025-01-31,-0.45,-0.196,-0.3,-0.07,-0.382
2025-02-01,-0.24,0.017,-0.3,-0.07,-0.382
2025-02-02,-0.24,0.017,-0.3,-0.07,-0.382
2025-02-03,-0.24,0.017,-0.3,-0.07,-0.382
2025-02-04,-0.24,0.017,-0.3,-0.07,-0.382
2025-02-05,-0.24,0.017,-0.3,-0.07,-0.382
2025-02-06,-0.24,0.017,-0.3,-0.07,-0.382
2025-02-07,-0.24,0.017,-0.3,-0.07,-0.382
2025-02-08,-0.24,0.017,-0.3,-0.07,-0.382
2025-02-09,-0.24,0.017,-0.3,-0.07,-0.382
2025-02-10,-0.24,0.017,-0.3,-0.07,-0.382
2025-02-11,-0.24,0.017,-0.3,-0.07,-0.382
2025-02-12,-0.24,0.017,-0.3,-0.07,-0.382
2025-02-13,-0.24,0.017,-0.3,-0.07,-0.382
2025-02-14,-0.24,0.017,-0.3,-0.07,-0.382
2025-02-15,-0.24,0.017,-0.3,-0.07,-0.382
2025-02-16,-0.24,0.017,-0.3,-0.07,-0.382
2025-02-17,-0.24,0.017,-0.3,-0.07,-0.382
2025-02-18,-0.24,0.017,-0.3,-0.07,-0.382
2025-02-19,-0.24,0.017,-0.3,-0.07,-0.382
2025-02-20,-0.24,0.017,-0.3,-0.07,-0.382
2025-02-21,-0.24,0.017,-0.3,-0.07,-0.382
2025-02-22,-0.24,0.017,-0.3,-0.07,-0.382
2025-02-23,-0.24,0.017,-0.3,-0.07,-0.382
2025-02-24,-0.24,0.017,-0.3,-0.07,-0.382
2025-02-25,-0.24,0.017,-0.3,-0.07,-0.382
2025-02-26,-0.24,0.017,-0.3,-0.07,-0.382
2025-02-27,-0.24,0.017,-0.3,-0.07,-0.382
2025-02-28,-0.24,0.017,-0.3,-0.17,-0.382
2025-03-01,-0.06,0.058,-0.42,-0.17,-0.331
2025-03-02,-0.06,0.058,-0.42,-0.17,-0.331
2025-03-03,-0.06,0.058,-0.42,-0.17,-0.331
2025-03-04,-0.06,0.058,-0.42,-0.17,-0.331
2025-03-05,-0.06,0.058,-0.42,-0.17,-0.331
2025-03-06,-0.06,0.058,-0.42,-0.17,-0.331
2025-03-07,-0.06,0.058,-0.42,-0.17,-0.331
2025-03-08,-0.06,0.058,-0.42,-0.17,-0.331
2025-03-09,-0.06,0.058,-0.42,-0.17,-0.331
2025-03-10,-0.06,0.058,-0.42,-0.17,-0.331
2025-03-11,-0.06,0.058,-0.42,-0.17,-0.331
2025-03-12,-0.06,0.058,-0.42,-0.17,-0.331
2025-03-13,-0.06,0.058,-0.42,-0.17,-0.331
2025-03-14,-0.06,0.058,-0.42,-0.17,-0.331
2025-03-15,-0.06,0.058,-0.42,-0.17,-0.331
2025-03-16,-0.06,0.058,-0.42,-0.17,-0.331
2025-03-17,-0.06,0.058,-0.42,-0.17,-0.331
2025-03-18,-0.06,0.058,-0.42,-0.17,-0.331
2025-03-19,-0.06,0.058,-0.42,-0.17,-0.331
2025-03-20,-0.06,0.058,-0.42,-0.17,-0.331
2025-03-21,-0.06,0.058,-0.42,-0.17,-0.331
2025-03-22,-0.06,0.058,-0.42,-0.17,-0.331
2025-03-23,-0.06,0.058,-0.42,-0.17,-0.331
2025-03-24,-0.06,0.058,-0.42,-0.17,-0.331
2025-03-25,-0.06,0.058,-0.42,-0.17,-0.331
2025-03-26,-0.06,0.058,-0.42,-0.17,-0.331
2025-03-27,-0.06,0.058,-0.42,-0.17,-0.331
2025-03-28,-0.06,0.058,-0.42,-0.17,-0.331
2025-03-29,-0.06,0.058,-0.42,-0.17,-0.331
2025-03-30,-0.06,0.058,-0.42,-0.21,-0.331
2025-03-31,-0.06,0.058,-0.42,-0.21,-0.331
2025-04-01,0.02,0.149,-0.45,-0.21,-0.196
2025-04-02,0.02,0.149,-0.45,-0.21,-0.196
2025-04-03,0.02,0.149,-0.45,-0.21,-0.196
2025-04-04,0.02,0.149,-0.45,-0.21,-0.196
2025-04-05,0.02,0.149,-0.45,-0.21,-0.196
2025-04-06,0.02,0.149,-0.45,-0.21,-0.196
2025-04-07,0.02,0.149,-0.45,-0.21,-0.196
2025-04-08,0.02,0.149,-0.45,-0.21,-0.196
2025-04-09,0.02,0.149,-0.45,-0.21,-0.196
2025-04-10,0.02,0.149,-0.45,-0.21,-0.196
2025-04-11,0.02,0.149,-0.45,-0.21,-0.196
2025-04-12,0.02,0.149,-0.45,-0.21,-0.196
2025-04-13,0.02,0.149,-0.45,-0.21,-0.196
2025-04-14,0.02,0.149,-0.45,-0.21,-0.196
2025-04-15,0.02,0.149,-0.45,-0.21,-0.196
2025-04-16,0.02,0.149,-0.45,-0.21,-0.196
2025-04-17,0.02,0.149,-0.45,-0.21,-0.196
2025-04-18,0.02,0.149,-0.45,-0.21,-0.196
2025-04-19,0.02,0.149,-0.45,-0.21,-0.196
2025-04-20,0.02,0.149,-0.45,-0.21,-0.196
2025-04-21,0.02,0.149,-0.45,-0.21,-0.196
2025-04-22,0.02,0.149,-0.45,-0.21,-0.196
2025-04-23,0.02,0.149,-0.45,-0.21,-0.196
2025-04-24,0.02,0.149,-0.45,-0.21,-0.196
2025-04-25,0.02,0.149,-0.45,-0.21,-0.196
2025-04-26,0.02,0.149,-0.45,-0.21,-0.196
2025-04-27,0.02,0.149,-0.45,-0.21,-0.196
2025-04-28,0.02,0.149,-0.45,-0.21,-0.196
2025-04-29,0.02,0.149,-0.45,-0.21,-0.196
2025-04-30,0.02,0.149,-0.45,-0.3,-0.196
2025-05-01,-0.02,0.107,-0.45,-0.3,-0.196
2025-05-02,-0.02,0.107,-0.24,-0.3,0.017
2025-05-03,-0.02,0.107,-0.24,-0.3,0.017
2025-05-04,-0.02,0.107,-0.24,-0.3,0.017
2025-05-05,-0.02,0.107,-0.24,-0.3,0.017
2025-05-06,-0.02,0.107,-0.24,-0.3,0.017
2025-05-07,-0.02,0.107,-0.24,-0.3,0.017
2025-05-08,-0.02,0.107,-0.24,-0.3,0.017
2025-05-09,-0.02,0.107,-0.24,-0.3,0.017
2025-05-10,-0.02,0.107,-0.24,-0.3,0.017
2025-05-11,-0.02,0.107,-0.24,-0.3,0.017
2025-05-12,-0.02,0.107,-0.24,-0.3,0.017
2025-05-13,-0.02,0.107,-0.24,-0.3,0.017
2025-05-14,-0.02,0.107,-0.24,-0.3,0.017
2025-05-15,-0.02,0.107,-0.24,-0.3,0.017
2025-05-16,-0.02,0.107,-0.24,-0.3,0.017
2025-05-17,-0.02,0.107,-0.24,-0.3,0.017
2025-05-18,-0.02,0.107,-0.24,-0.3,0.017
2025-05-19,-0.02,0.107,-0.24,-0.3,0.017
2025-05-20,-0.02,0.107,-0.24,-0.3,0.017
2025-05-21,-0.02,0.107,-0.24,-0.3,0.017
2025-05-22,-0.02,0.107,-0.24,-0.3,0.017
2025-05-23,-0.02,0.107,-0.24,-0.3,0.017
2025-05-24,-0.02,0.107,-0.24,-0.3,0.017
2025-05-25,-0.02,0.107,-0.24,-0.3,0.017
2025-05-26,-0.02,0.107,-0.24,-0.3,0.017
2025-05-27,-0.02,0.107,-0.24,-0.3,0.017
2025-05-28,-0.02,0.107,-0.24,-0.3,0.017
2025-05-29,-0.02,0.107,-0.24,-0.3,0.017
2025-05-30,-0.02,0.107,-0.06,-0.42,0.058
2025-05-31,-0.02,0.107,-0.06,-0.42,0.058
2025-06-01,-0.04,-0.014,-0.06,-0.42,0.058
2025-06-02,-0.04,-0.014,-0.06,-0.42,0.058
2025-06-03,-0.04,-0.014,-0.06,-0.42,0.058
2025-06-04,-0.04,-0.014,-0.06,-0.42,0.058
2025-06-05,-0.04,-0.014,-0.06,-0.42,0.058
2025-06-06,-0.04,-0.014,-0.06,-0.42,0.058
2025-06-07,-0.04,-0.014,-0.06,-0.42,0.058
2025-06-08,-0.04,-0.014,-0.06,-0.42,0.058
2025-06-09,-0.04,-0.014,-0.06,-0.42,0.058
2025-06-10,-0.04,-0.014,-0.06,-0.42,0.058
2025-06-11,-0.04,-0.014,-0.06,-0.42,0.058
2025-06-12,-0.04,-0.014,-0.06,-0.42,0.058
2025-06-13,-0.04,-0.014,-0.06,-0.42,0.058
2025-06-14,-0.04,-0.014,-0.06,-0.42,0.058
2025-06-15,-0.04,-0.014,-0.06,-0.42,0.058
2025-06-16,-0.04,-0.014,-0.06,-0.42,0.058
2025-06-17,-0.04,-0.014,-0.06,-0.42,0.058
2025-06-18,-0.04,-0.014,-0.06,-0.42,0.058
2025-06-19,-0.04,-0.014,-0.06,-0.42,0.058
2025-06-20,-0.04,-0.014,-0.06,-0.42,0.058
2025-06-21,-0.04,-0.014,-0.06,-0.42,0.058
2025-06-22,-0.04,-0.014,-0.06,-0.42,0.058
2025-06-23,-0.04,-0.014,-0.06,-0.42,0.058
2025-06-24,-0.04,-0.014,-0.06,-0.42,0.058
2025-06-25,-0.04,-0.014,-0.06,-0.42,0.058
2025-06-26,-0.04,-0.014,-0.06,-0.42,0.058
2025-06-27,-0.04,-0.014,-0.06,-0.42,0.058
2025-06-28,-0.04,-0.014,-0.06,-0.42,0.058
2025-06-29,-0.04,-0.014,-0.06,-0.42,0.058
2025-06-30,-0.04,-0.014,0.02,-0.45,0.149
2025-07-01,-0.14,-0.072,0.02,-0.45,0.149
2025-07-02,-0.14,-0.072,0.02,-0.45,0.149
2025-07-03,-0.14,-0.072,0.02,-0.45,0.149
2025-07-04,-0.14,-0.072,0.02,-0.45,0.149
2025-07-05,-0.14,-0.072,0.02,-0.45,0.149
2025-07-06,-0.14,-0.072,0.02,-0.45,0.149
2025-07-07,-0.14,-0.072,0.02,-0.45,0.149
2025-07-08,-0.14,-0.072,0.02,-0.45,0.149
2025-07-09,-0.14,-0.072,0.02,-0.45,0.149
2025-07-10,-0.14,-0.072,0.02,-0.45,0.149
2025-07-11,-0.14,-0.072,0.02,-0.45,0.149
2025-07-12,-0.14,-0.072,0.02,-0.45,0.149
2025-07-13,-0.14,-0.072,0.02,-0.45,0.149
2025-07-14,-0.14,-0.072,0.02,-0.45,0.149
2025-07-15,-0.14,-0.072,0.02,-0.45,0.149
2025-07-16,-0.14,-0.072,0.02,-0.45,0.149
2025-07-17,-0.14,-0.072,0.02,-0.45,0.149
2025-07-18,-0.14,-0.072,0.02,-0.45,0.149
2025-07-19,-0.14,-0.072,0.02,-0.45,0.149
2025-07-20,-0.14,-0.072,0.02,-0.45,0.149
2025-07-21,-0.14,-0.072,0.02,-0.45,0.149
2025-07-22,-0.14,-0.072,0.02,-0.45,0.149
2025-07-23,-0.14,-0.072,0.02,-0.45,0.149
2025-07-24,-0.14,-0.072,0.02,-0.45,0.149
2025-07-25,-0.14,-0.072,0.02,-0.45,0.149
2025-07-26,-0.14,-0.072,0.02,-0.45,0.149
2025-07-27,-0.14,-0.072,0.02,-0.45,0.149
2025-07-28,-0.14,-0.072,0.02,-0.45,0.149
2025-07-29,-0.14,-0.072,0.02,-0.45,0.149
2025-07-30,-0.14,-0.072,-0.02,-0.45,0.107
2025-07-31,-0.14,-0.072,-0.02,-0.24,0.107
2025-08-01,-0.28,-0.42,-0.02,-0.24,0.107
2025-08-02,-0.28,-0.42,-0.02,-0.24,0.107
2025-08-03,-0.28,-0.42,-0.02,-0.24,0.107
2025-08-04,-0.28,-0.42,-0.02,-0.24,0.107
2025-08-05,-0.28,-0.42,-0.02,-0.24,0.107
2025-08-06,-0.28,-0.42,-0.02,-0.24,0.107
2025-08-07,-0.28,-0.42,-0.02,-0.24,0.107
2025-08-08,-0.28,-0.42,-0.02,-0.24,0.107
2025-08-09,-0.28,-0.42,-0.02,-0.24,0.107
2025-08-10,-0.28,-0.42,-0.02,-0.24,0.107
2025-08-11,-0.28,-0.42,-0.02,-0.24,0.107
2025-08-12,-0.28,-0.42,-0.02,-0.24,0.107
2025-08-13,-0.28,-0.42,-0.02,-0.24,0.107
2025-08-14,-0.28,-0.42,-0.02,-0.24,0.107
2025-08-15,-0.28,-0.42,-0.02,-0.24,0.107
2025-08-16,-0.28,-0.42,-0.02,-0.24,0.107
2025-08-17,-0.28,-0.42,-0.02,-0.24,0.107
2025-08-18,-0.28,-0.42,-0.02,-0.24,0.107
2025-08-19,-0.28,-0.42,-0.02,-0.24,0.107
2025-08-20,-0.28,-0.42,-0.02,-0.24,0.107
2025-08-21,-0.28,-0.42,-0.02,-0.24,0.107
2025-08-22,-0.28,-0.42,-0.02,-0.24,0.107
2025-08-23,-0.28,-0.42,-0.02,-0.24,0.107
2025-08-24,-0.28,-0.42,-0.02,-0.24,0.107
2025-08-25,-0.28,-0.42,-0.02,-0.24,0.107
2025-08-26,-0.28,-0.42,-0.02,-0.24,0.107
2025-08-27,-0.28,-0.42,-0.02,-0.24,0.107
2025-08-28,-0.28,-0.42,-0.02,-0.06,0.107
2025-08-29,-0.28,-0.42,-0.02,-0.06,0.107
2025-08-30,-0.28,-0.42,-0.04,-0.06,-0.014
2025-08-31,-0.28,-0.42,-0.04,-0.06,-0.014
2025-09-01,-0.4,-0.467,-0.04,-0.06,-0.014
2025-09-02,-0.4,-0.467,-0.04,-0.06,-0.014
2025-09-03,-0.4,-0.467,-0.04,-0.06,-0.014
2025-09-04,-0.4,-0.467,-0.04,-0.06,-0.014
2025-09-05,-0.4,-0.467,-0.04,-0.06,-0.014
2025-09-06,-0.4,-0.467,-0.04,-0.06,-0.014
2025-09-07,-0.4,-0.467,-0.04,-0.06,-0.014
2025-09-08,-0.4,-0.467,-0.04,-0.06,-0.014
2025-09-09,-0.4,-0.467,-0.04,-0.06,-0.014
2025-09-10,-0.4,-0.467,-0.04,-0.06,-0.014
2025-09-11,-0.4,-0.467,-0.04,-0.06,-0.014
2025-09-12,-0.4,-0.467,-0.04,-0.06,-0.014
2025-09-13,-0.4,-0.467,-0.04,-0.06,-0.014
2025-09-14,-0.4,-0.467,-0.04,-0.06,-0.014
2025-09-15,-0.4,-0.467,-0.04,-0.06,-0.014
2025-09-16,-0.4,-0.467,-0.04,-0.06,-0.014
2025-09-17,-0.4,-0.467,-0.04,-0.06,-0.014
2025-09-18,-0.4,-0.467,-0.04,-0.06,-0.014
2025-09-19,-0.4,-0.467,-0.04,-0.06,-0.014
2025-09-20,-0.4,-0.467,-0.04,-0.06,-0.014
2025-09-21,-0.4,-0.467,-0.04,-0.06,-0.014
2025-09-22,-0.4,-0.467,-0.04,-0.06,-0.014
2025-09-23,-0.4,-0.467,-0.04,-0.06,-0.014
2025-09-24,-0.4,-0.467,-0.04,-0.06,-0.014
2025-09-25,-0.4,-0.467,-0.04,-0.06,-0.014
2025-09-26,-0.4,-0.467,-0.04,-0.06,-0.014
2025-09-27,-0.4,-0.467,-0.04,-0.06,-0.014
2025-09-28,-0.4,-0.467,-0.04,0.02,-0.014
2025-09-29,-0.4,-0.467,-0.14,0.02,-0.072
2025-09-30,-0.4,-0.467,-0.14,0.02,-0.072
2025-10-01,-0.51,-0.448,-0.14,0.02,-0.072
2025-10-02,-0.51,-0.448,-0.14,0.02,-0.072
2025-10-03,-0.51,-0.448,-0.14,0.02,-0.072
2025-10-04,-0.51,-0.448,-0.14,0.02,-0.072
2025-10-05,-0.51,-0.448,-0.14,0.02,-0.072
2025-10-06,-0.51,-0.448,-0.14,0.02,-0.072
2025-10-07,-0.51,-0.448,-0.14,0.02,-0.072
2025-10-08,-0.51,-0.448,-0.14,0.02,-0.072
2025-10-09,-0.51,-0.448,-0.14,0.02,-0.072
2025-10-10,-0.51,-0.448,-0.14,0.02,-0.072
2025-10-11,-0.51,-0.448,-0.14,0.02,-0.072
2025-10-12,-0.51,-0.448,-0.14,0.02,-0.072
2025-10-13,-0.51,-0.448,-0.14,0.02,-0.072
2025-10-14,-0.51,-0.448,-0.14,0.02,-0.072
2025-10-15,-0.51,-0.448,-0.14,0.02,-0.072
2025-10-16,-0.51,-0.448,-0.14,0.02,-0.072
2025-10-17,-0.51,-0.448,-0.14,0.02,-0.072
2025-10-18,-0.51,-0.448,-0.14,0.02,-0.072
2025-10-19,-0.51,-0.448,-0.14,0.02,-0.072
2025-10-20,-0.51,-0.448,-0.14,0.02,-0.072
2025-10-21,-0.51,-0.448,-0.14,0.02,-0.072
2025-10-22,-0.51,-0.448,-0.14,0.02,-0.072
2025-10-23,-0.51,-0.448,-0.14,0.02,-0.072
2025-10-24,-0.51,-0.448,-0.14,0.02,-0.072
2025-10-25,-0.51,-0.448,-0.14,0.02,-0.072
2025-10-26,-0.51,-0.448,-0.14,0.02,-0.072
2025-10-27,-0.51,-0.448,-0.14,0.02,-0.072
2025-10-28,-0.51,-0.448,-0.14,-0.02,-0.072
2025-10-29,-0.51,-0.448,-0.14,-0.02,-0.072
2025-10-30,-0.51,-0.448,-0.28,-0.02,-0.42
2025-10-31,-0.51,-0.448,-0.28,-0.02,-0.42
2025-11-01,-0.55,-0.256,-0.28,-0.02,-0.42
2025-11-02,-0.55,-0.256,-0.28,-0.02,-0.42
2025-11-03,-0.55,-0.256,-0.28,-0.02,-0.42
2025-11-04,-0.55,-0.256,-0.28,-0.02,-0.42
2025-11-05,-0.55,-0.256,-0.28,-0.02,-0.42
2025-11-06,-0.55,-0.256,-0.28,-0.02,-0.42
2025-11-07,-0.55,-0.256,-0.28,-0.02,-0.42
2025-11-08,-0.55,-0.256,-0.28,-0.02,-0.42
2025-11-09,-0.55,-0.256,-0.28,-0.02,-0.42
2025-11-10,-0.55,-0.256,-0.28,-0.02,-0.42
2025-11-11,-0.55,-0.256,-0.28,-0.02,-0.42
2025-11-12,-0.55,-0.256,-0.28,-0.02,-0.42
2025-11-13,-0.55,-0.256,-0.28,-0.02,-0.42
2025-11-14,-0.55,-0.256,-0.28,-0.02,-0.42
2025-11-15,-0.55,-0.256,-0.28,-0.02,-0.42
2025-11-16,-0.55,-0.256,-0.28,-0.02,-0.42
2025-11-17,-0.55,-0.256,-0.28,-0.02,-0.42
2025-11-18,-0.55,-0.256,-0.28,-0.02,-0.42
2025-11-19,-0.55,-0.256,-0.28,-0.02,-0.42
2025-11-20,-0.55,-0.256,-0.28,-0.02,-0.42
2025-11-21,-0.55,-0.256,-0.28,-0.02,-0.42
2025-11-22,-0.55,-0.256,-0.28,-0.02,-0.42
2025-11-23,-0.55,-0.256,-0.28,-0.02,-0.42
2025-11-24,-0.55,-0.256,-0.28,-0.02,-0.42
2025-11-25,-0.55,-0.256,-0.28,-0.02,-0.42
2025-11-26,-0.55,-0.256,-0.28,-0.02,-0.42
2025-11-27,-0.55,-0.256,-0.28,-0.02,-0.42
2025-11-28,-0.55,-0.256,-0.28,-0.04,-0.42
2025-11-29,-0.55,-0.256,-0.28,-0.04,-0.42
2025-11-30,-0.55,-0.256,-0.4,-0.04,-0.467
2025-12-01,-0.54,-0.017,-0.4,-0.04,-0.467
2025-12-02,-0.54,-0.017,-0.4,-0.04,-0.467
2025-12-03,-0.54,-0.017,-0.4,-0.04,-0.467
2025-12-04,-0.54,-0.017,-0.4,-0.04,-0.467
2025-12-05,-0.54,-0.017,-0.4,-0.04,-0.467
2025-12-06,-0.54,-0.017,-0.4,-0.04,-0.467
2025-12-07,-0.54,-0.017,-0.4,-0.04,-0.467
2025-12-08,-0.54,-0.017,-0.4,-0.04,-0.467
2025-12-09,-0.54,-0.017,-0.4,-0.04,-0.467
2025-12-10,-0.54,-0.017,-0.4,-0.04,-0.467
2025-12-11,-0.54,-0.017,-0.4,-0.04,-0.467
2025-12-12,-0.54,-0.017,-0.4,-0.04,-0.467
2025-12-13,-0.54,-0.017,-0.4,-0.04,-0.467
2025-12-14,-0.54,-0.017,-0.4,-0.04,-0.467
2025-12-15,-0.54,-0.017,-0.4,-0.04,-0.467
2025-12-16,-0.54,-0.017,-0.4,-0.04,-0.467
2025-12-17,-0.54,-0.017,-0.4,-0.04,-0.467
2025-12-18,-0.54,-0.017,-0.4,-0.04,-0.467
2025-12-19,-0.54,-0.017,-0.4,-0.04,-0.467
2025-12-20,-0.54,-0.017,-0.4,-0.04,-0.467
2025-12-21,-0.54,-0.017,-0.4,-0.04,-0.467
2025-12-22,-0.54,-0.017,-0.4,-0.04,-0.467
2025-12-23,-0.54,-0.017,-0.4,-0.04,-0.467
2025-12-24,-0.54,-0.017,-0.4,-0.04,-0.467
2025-12-25,-0.54,-0.017,-0.4,-0.04,-0.467
2025-12-26,-0.54,-0.017,-0.4,-0.04,-0.467
2025-12-27,-0.54,-0.017,-0.4,-0.04,-0.467
2025-12-28,-0.54,-0.017,-0.4,-0.14,-0.467
2025-12-29,-0.54,-0.017,-0.4,-0.14,-0.467
2025-12-30,-0.54,-0.017,-0.51,-0.14,-0.448
2025-12-31,-0.54,-0.017,-0.51,-0.14,-0.448
2026-01-01,-0.37,0.123,-0.51,-0.14,-0.448
2026-01-02,-0.37,0.123,-0.51,-0.14,-0.448
2026-01-03,-0.37,0.123,-0.51,-0.14,-0.448
2026-01-04,-0.37,0.123,-0.51,-0.14,-0.448
2026-01-05,-0.37,0.123,-0.51,-0.14,-0.448
2026-01-06,-0.37,0.123,-0.51,-0.14,-0.448
2026-01-07,-0.37,0.123,-0.51,-0.14,-0.448
2026-01-08,-0.37,0.123,-0.51,-0.14,-0.448
2026-01-09,-0.37,0.123,-0.51,-0.14,-0.448
2026-01-10,-0.37,0.123,-0.51,-0.14,-0.448
2026-01-11,-0.37,0.123,-0.51,-0.14,-0.448
2026-01-12,-0.37,0.123,-0.51,-0.14,-0.448
2026-01-13,-0.37,0.123,-0.51,-0.14,-0.448
2026-01-14,-0.37,0.123,-0.51,-0.14,-0.448
2026-01-15,-0.37,0.123,-0.51,-0.14,-0.448
2026-01-16,-0.37,0.123,-0.51,-0.14,-0.448
2026-01-17,-0.37,0.123,-0.51,-0.14,-0.448
2026-01-18,-0.37,0.123,-0.51,-0.14,-0.448
2026-01-19,-0.37,0.123,-0.51,-0.14,-0.448
2026-01-20,-0.37,0.123,-0.51,-0.14,-0.448
2026-01-21,-0.37,0.123,-0.51,-0.14,-0.448
2026-01-22,-0.37,0.123,-0.51,-0.14,-0.448
2026-01-23,-0.37,0.123,-0.51,-0.14,-0.448
2026-01-24,-0.37,0.123,-0.51,-0.14,-0.448
2026-01-25,-0.37,0.123,-0.51,-0.14,-0.448
2026-01-26,-0.37,0.123,-0.51,-0.14,-0.448
2026-01-27,-0.37,0.123,-0.51,-0.14,-0.448
2026-01-28,-0.37,0.123,-0.51,-0.28,-0.448
2026-01-29,-0.37,0.123,-0.51,-0.28,-0.448
2026-01-30,-0.37,0.123,-0.55,-0.28,-0.256
2026-01-31,-0.37,0.123,-0.55,-0.28,-0.256
2026-02-01,-0.14,0.529,-0.55,-0.28,-0.256
2026-02-02,-0.14,0.529,-0.55,-0.28,-0.256
2026-02-03,-0.14,0.529,-0.55,-0.28,-0.256
2026-02-04,-0.14,0.529,-0.55,-0.28,-0.256
2026-02-05,-0.14,0.529,-0.55,-0.28,-0.256
2026-02-06,-0.14,0.529,-0.55,-0.28,-0.256
2026-02-07,-0.14,0.529,-0.55,-0.28,-0.256
2026-02-08,-0.14,0.529,-0.55,-0.28,-0.256
2026-02-09,-0.14,0.529,-0.55,-0.28,-0.256
2026-02-10,-0.14,0.529,-0.55,-0.28,-0.256
2026-02-11,-0.14,0.529,-0.55,-0.28,-0.256
2026-02-12,-0.14,0.529,-0.55,-0.28,-0.256
2026-02-13,-0.14,0.529,-0.55,-0.28,-0.256
2026-02-14,-0.14,0.529,-0.55,-0.28,-0.256
2026-02-15,-0.14,0.529,-0.55,-0.28,-0.256
2026-02-16,-0.14,0.529,-0.55,-0.28,-0.256
2026-02-17,-0.14,0.529,-0.55,-0.28,-0.256
2026-02-18,-0.14,0.529,-0.55,-0.28,-0.256
2026-02-19,-0.14,0.529,-0.55,-0.28,-0.256
2026-02-20,-0.14,0.529,-0.55,-0.28,-0.256
2026-02-21,-0.14,0.529,-0.55,-0.28,-0.256
2026-02-22,-0.14,0.529,-0.55,-0.28,-0.256
2026-02-23,-0.14,0.529,-0.55,-0.28,-0.256
2026-02-24,-0.14,0.529,-0.55,-0.28,-0.256
2026-02-25,-0.14,0.529,-0.55,-0.28,-0.256
2026-02-26,-0.14,0.529,-0.55,-0.28,-0.256
2026-02-27,-0.14,0.529,-0.55,-0.28,-0.256
2026-02-28,-0.14,0.529,-0.55,-0.4,-0.256
2026-03-01,0.13,0.285,-0.54,-0.4,-0.017
2026-03-02,0.13,0.285,-0.54,-0.4,-0.017
2026-03-03,0.13,0.285,-0.54,-0.4,-0.017
2026-03-04,0.13,0.285,-0.54,-0.4,-0.017
2026-03-05,0.13,0.285,-0.54,-0.4,-0.017
2026-03-06,0.13,0.285,-0.54,-0.4,-0.017
2026-03-07,0.13,0.285,-0.54,-0.4,-0.017
2026-03-08,0.13,0.285,-0.54,-0.4,-0.017
2026-03-09,0.13,0.285,-0.54,-0.4,-0.017
2026-03-10,0.13,0.285,-0.54,-0.4,-0.017
2026-03-11,0.13,0.285,-0.54,-0.4,-0.017
2026-03-12,0.13,0.285,-0.54,-0.4,-0.017
2026-03-13,0.13,0.285,-0.54,-0.4,-0.017
2026-03-14,0.13,0.285,-0.54,-0.4,-0.017
2026-03-15,0.13,0.285,-0.54,-0.4,-0.017
2026-03-16,0.13,0.285,-0.54,-0.4,-0.017
2026-03-17,0.13,0.285,-0.54,-0.4,-0.017
2026-03-18,0.13,0.285,-0.54,-0.4,-0.017
2026-03-19,0.13,0.285,-0.54,-0.4,-0.017
2026-03-20,0.13,0.285,-0.54,-0.4,-0.017
2026-03-21,0.13,0.285,-0.54,-0.4,-0.017
2026-03-22,0.13,0.285,-0.54,-0.4,-0.017
2026-03-23,0.13,0.285,-0.54,-0.4,-0.017
2026-03-24,0.13,0.285,-0.54,-0.4,-0.017
2026-03-25,0.13,0.285,-0.54,-0.4,-0.017
2026-03-26,0.13,0.285,-0.54,-0.4,-0.017
2026-03-27,0.13,0.285,-0.54,-0.4,-0.017
2026-03-28,0.13,0.285,-0.54,-0.4,-0.017
2026-03-29,0.13,0.285,-0.54,-0.4,-0.017
2026-03-30,0.13,0.285,-0.54,-0.51,-0.017
2026-03-31,0.13,0.285,-0.54,-0.51,-0.017
2026-04-01,0.51,0.279,-0.37,-0.51,0.123
2026-04-02,0.51,0.279,-0.37,-0.51,0.123
2026-04-03,0.51,0.279,-0.37,-0.51,0.123
2026-04-04,0.51,0.279,-0.37,-0.51,0.123
2026-04-05,0.51,0.279,-0.37,-0.51,0.123
2026-04-06,0.51,0.279,-0.37,-0.51,0.123
2026-04-07,0.51,0.279,-0.37,-0.51,0.123
2026-04-08,0.51,0.279,-0.37,-0.51,0.123
2026-04-09,0.51,0.279,-0.37,-0.51,0.123
2026-04-10,0.51,0.279,-0.37,-0.51,0.123
2026-04-11,0.51,0.279,-0.37,-0.51,0.123
2026-04-12,0.51,0.279,-0.37,-0.51,0.123
2026-04-13,0.51,0.279,-0.37,-0.51,0.123
2026-04-14,0.51,0.279,-0.37,-0.51,0.123
2026-04-15,0.51,0.279,-0.37,-0.51,0.123
2026-04-16,0.51,0.279,-0.37,-0.51,0.123
2026-04-17,0.51,0.279,-0.37,-0.51,0.123
2026-04-18,0.51,0.279,-0.37,-0.51,0.123
2026-04-19,0.51,0.279,-0.37,-0.51,0.123
2026-04-20,0.51,0.279,-0.37,-0.51,0.123
2026-04-21,0.51,0.279,-0.37,-0.51,0.123
2026-04-22,0.51,0.279,-0.37,-0.51,0.123
2026-04-23,0.51,0.279,-0.37,-0.51,0.123
2026-04-24,0.51,0.279,-0.37,-0.51,0.123
2026-04-25,0.51,0.279,-0.37,-0.51,0.123
2026-04-26,0.51,0.279,-0.37,-0.51,0.123
2026-04-27,0.51,0.279,-0.37,-0.51,0.123
2026-04-28,0.51,0.279,-0.37,-0.51,0.123
2026-04-29,0.51,0.279,-0.37,-0.51,0.123
2026-04-30,0.51,0.279,-0.37,-0.55,0.123
2026-05-01,0.98,0.146,-0.37,-0.55,0.123
2026-05-02,0.98,0.146,-0.14,-0.55,0.529
2026-05-03,0.98,0.146,-0.14,-0.55,0.529
2026-05-04,0.98,0.146,-0.14,-0.55,0.529
2026-05-05,0.98,0.146,-0.14,-0.55,0.529
2026-05-06,0.98,0.146,-0.14,-0.55,0.529
2026-05-07,0.98,0.146,-0.14,-0.55,0.529
2026-05-08,0.98,0.146,-0.14,-0.55,0.529
2026-05-09,0.98,0.146,-0.14,-0.55,0.529
2026-05-10,0.98,0.146,-0.14,-0.55,0.529
2026-05-11,0.98,0.146,-0.14,-0.55,0.529
2026-05-12,0.98,0.146,-0.14,-0.55,0.529
2026-05-13,0.98,0.146,-0.14,-0.55,0.529
2026-05-14,0.98,0.146,-0.14,-0.55,0.529
2026-05-15,0.98,0.146,-0.14,-0.55,0.529
2026-05-16,0.98,0.146,-0.14,-0.55,0.529
2026-05-17,0.98,0.146,-0.14,-0.55,0.529
2026-05-18,0.98,0.146,-0.14,-0.55,0.529
2026-05-19,0.98,0.146,-0.14,-0.55,0.529
2026-05-20,0.98,0.146,-0.14,-0.55,0.529
2026-05-21,0.98,0.146,-0.14,-0.55,0.529
2026-05-22,0.98,0.146,-0.14,-0.55,0.529
2026-05-23,0.98,0.146,-0.14,-0.55,0.529
2026-05-24,0.98,0.146,-0.14,-0.55,0.529
2026-05-25,0.98,0.146,-0.14,-0.55,0.529
2026-05-26,0.98,0.146,-0.14,-0.55,0.529
2026-05-27,0.98,0.146,-0.14,-0.55,0.529
2026-05-28,0.98,0.146,-0.14,-0.55,0.529
2026-05-29,0.98,0.146,-0.14,-0.55,0.529
2026-05-30,0.98,0.146,0.13,-0.54,0.285
2026-05-31,0.98,0.146,0.13,-0.54,0.285
2026-06-01,0.98,0.146,0.13,-0.54,0.285
2026-06-02,0.98,0.146,0.13,-0.54,0.285
2026-06-03,0.98,0.146,0.13,-0.54,0.285
2026-06-04,0.98,0.146,0.13,-0.54,0.285
2026-06-05,0.98,0.146,0.13,-0.54,0.285
2026-06-06,0.98,0.146,0.13,-0.54,0.285
2026-06-07,0.98,0.146,0.13,-0.54,0.285
2026-06-08,0.98,0.146,0.13,-0.54,0.285
2026-06-09,0.98,0.146,0.13,-0.54,0.285
2026-06-10,0.98,0.146,0.13,-0.54,0.285
2026-06-11,0.98,0.146,0.13,-0.54,0.285
2026-06-12,0.98,0.146,0.13,-0.54,0.285
2026-06-13,0.98,0.146,0.13,-0.54,0.285
2026-06-14,0.98,0.146,0.13,-0.54,0.285
2026-06-15,0.98,0.146,0.13,-0.54,0.285
2026-06-16,0.98,0.146,0.13,-0.54,0.285
2026-06-17,0.98,0.146,0.13,-0.54,0.285
2026-06-18,0.98,0.146,0.13,-0.54,0.285
2026-06-19,0.98,0.146,0.13,-0.54,0.285
2026-06-20,0.98,0.146,0.13,-0.54,0.285
2026-06-21,0.98,0.146,0.13,-0.54,0.285
2026-06-22,0.98,0.146,0.13,-0.54,0.285
2026-06-23,0.98,0.146,0.13,-0.54,0.285
2026-06-24,0.98,0.146,0.13,-0.54,0.285
2026-06-25,0.98,0.146,0.13,-0.54,0.285
2026-06-26,0.98,0.146,0.13,-0.54,0.285
2026-06-27,0.98,0.146,0.13,-0.54,0.285
2026-06-28,0.98,0.146,0.13,-0.54,0.285
2026-06-29,0.98,0.146,0.13,-0.54,0.285
2026-06-30,0.98,0.146,0.51,-0.37,0.279
