Date,johor_ladang_lim_lim_imerg_mm,johor_ladang_lim_lim_imerg_3x3_mm,johor_sg_tiram_di_kg_bukit_dagang_imerg_mm,johor_sg_tiram_di_kg_bukit_dagang_imerg_3x3_mm,johor_sg_tiram_di_klinik_kesihatan_ulu_tiram_imerg_mm,johor_sg_tiram_di_klinik_kesihatan_ulu_tiram_imerg_3x3_mm,johor_layang_layang_imerg_mm,johor_layang_layang_imerg_3x3_mm,johor_bukit_besar_imerg_mm,johor_bukit_besar_imerg_3x3_mm,johor_kg_semanggar_imerg_mm,johor_kg_semanggar_imerg_3x3_mm,johor_ladang_nam_heng_imerg_mm,johor_ladang_nam_heng_imerg_3x3_mm,johor_ladang_pekan_imerg_mm,johor_ladang_pekan_imerg_3x3_mm,johor_lepau_imerg_mm,johor_lepau_imerg_3x3_mm,johor_pasak_imerg_mm,johor_pasak_imerg_3x3_mm,johor_sg_johor_di_kota_tinggi_imerg_mm,johor_sg_johor_di_kota_tinggi_imerg_3x3_mm,johor_sg_kepala_orang_di_kg_sri_jaya_imerg_mm,johor_sg_kepala_orang_di_kg_sri_jaya_imerg_3x3_mm,johor_sg_linggiu_di_linggiu_imerg_mm,johor_sg_linggiu_di_linggiu_imerg_3x3_mm,johor_sg_sembilang_di_kg_sg_sembilang_imerg_mm,johor_sg_sembilang_di_kg_sg_sembilang_imerg_3x3_mm,johor_ulu_sebol_imerg_mm,johor_ulu_sebol_imerg_3x3_mm,johor_ladang_sedenak_imerg_mm,johor_ladang_sedenak_imerg_3x3_mm,johor_sg_siam_di_kg_sg_siam_imerg_mm,johor_sg_siam_di_kg_sg_siam_imerg_3x3_mm,johor_sg_siku_di_kg_murni_jaya_imerg_mm,johor_sg_siku_di_kg_murni_jaya_imerg_3x3_mm,kedah_sek_keb_felda_bukit_tangga_imerg_mm,kedah_sek_keb_felda_bukit_tangga_imerg_3x3_mm,kedah_sg_badak_di_akademi_binaan_malaysia_abm_imerg_mm,kedah_sg_badak_di_akademi_binaan_malaysia_abm_imerg_3x3_mm,kedah_sg_padang_terap_di_kepala_batas_imerg_mm,kedah_sg_padang_terap_di_kepala_batas_imerg_3x3_mm,kedah_sg_sintok_di_uum_sintok_imerg_mm,kedah_sg_sintok_di_uum_sintok_imerg_3x3_mm,kedah_sg_temin_di_kg_jeragan_imerg_mm,kedah_sg_temin_di_kg_jeragan_imerg_3x3_mm,kedah_felcra_sebapin_imerg_mm,kedah_felcra_sebapin_imerg_3x3_mm,kedah_sek_keb_lamdin_imerg_mm,kedah_sek_keb_lamdin_imerg_3x3_mm,kedah_sg_durian_burung_di_durian_burung_imerg_mm,kedah_sg_durian_burung_di_durian_burung_imerg_3x3_mm,kedah_sg_padang_sanai_di_padang_sanai_imerg_mm,kedah_sg_padang_sanai_di_padang_sanai_imerg_3x3_mm,kedah_sg_sari_di_kilang_gula_padang_terap_imerg_mm,kedah_sg_sari_di_kilang_gula_padang_terap_imerg_3x3_mm,kedah_sek_keb_kampung_bukit_imerg_mm,kedah_sek_keb_kampung_bukit_imerg_3x3_mm,klang_genting_sempah_imerg_mm,klang_genting_sempah_imerg_3x3_mm,klang_empangan_batu_imerg_mm,klang_empangan_batu_imerg_3x3_mm,klang_empangan_klang_gates_imerg_mm,klang_empangan_klang_gates_imerg_3x3_mm,klang_gombak_simpang_3_imerg_mm,klang_gombak_simpang_3_imerg_3x3_mm,klang_kg_sg_tua_empangan_batu_imerg_mm,klang_kg_sg_tua_empangan_batu_imerg_3x3_mm,klang_lembah_jaya_imerg_mm,klang_lembah_jaya_imerg_3x3_mm,klang_pandan_indah_imerg_mm,klang_pandan_indah_imerg_3x3_mm,klang_jps_ampang_imerg_mm,klang_jps_ampang_imerg_3x3_mm,klang_jps_wilayah_imerg_mm,klang_jps_wilayah_imerg_3x3_mm,klang_kg_berembang_smart_imerg_mm,klang_kg_berembang_smart_imerg_3x3_mm,klang_kolam_takungan_batu_imerg_mm,klang_kolam_takungan_batu_imerg_3x3_mm,klang_ladang_edinburgh_imerg_mm,klang_ladang_edinburgh_imerg_3x3_mm,klang_sg_bunus_di_jln_tun_razak_imerg_mm,klang_sg_bunus_di_jln_tun_razak_imerg_3x3_mm,klang_sg_kerayong_di_kg_cheras_baru_imerg_mm,klang_sg_kerayong_di_kg_cheras_baru_imerg_3x3_mm,klang_sg_klang_di_jambatan_petaling_imerg_mm,klang_sg_klang_di_jambatan_petaling_imerg_3x3_mm,klang_sg_klang_di_kg_berembang_imerg_mm,klang_sg_klang_di_kg_berembang_imerg_3x3_mm,klang_sg_klang_di_leboh_pasar_imerg_mm,klang_sg_klang_di_leboh_pasar_imerg_3x3_mm,klang_sg_klang_di_lembah_keramat_imerg_mm,klang_sg_klang_di_lembah_keramat_imerg_3x3_mm,klang_taman_ehsan_imerg_mm,klang_taman_ehsan_imerg_3x3_mm,padas_sg_padas_di_beaufort_jps_imerg_mm,padas_sg_padas_di_beaufort_jps_imerg_3x3_mm,padas_sg_sook_di_biah_imerg_mm,padas_sg_sook_di_biah_imerg_3x3_mm,padas_sg_pegalan_di_keranaan_imerg_mm,padas_sg_pegalan_di_keranaan_imerg_3x3_mm,sarawak_aman_5_bridge_imerg_mm,sarawak_aman_5_bridge_imerg_3x3_mm,sarawak_bako_causeway_imerg_mm,sarawak_bako_causeway_imerg_3x3_mm,sarawak_barrage_imerg_mm,sarawak_barrage_imerg_3x3_mm,sarawak_batu_kawa_bridge_imerg_mm,sarawak_batu_kawa_bridge_imerg_3x3_mm,sarawak_batu_kitang_telemetry_imerg_mm,sarawak_batu_kitang_telemetry_imerg_3x3_mm,sarawak_bau_imerg_mm,sarawak_bau_imerg_3x3_mm,sarawak_bau_bridge_imerg_mm,sarawak_bau_bridge_imerg_3x3_mm,sarawak_buan_bidi_imerg_mm,sarawak_buan_bidi_imerg_3x3_mm,sarawak_buntal_did_imerg_mm,sarawak_buntal_did_imerg_3x3_mm,sarawak_kampung_git_imerg_mm,sarawak_kampung_git_imerg_3x3_mm,sarawak_kampung_monggak_imerg_mm,sarawak_kampung_monggak_imerg_3x3_mm,sarawak_kampung_opar_imerg_mm,sarawak_kampung_opar_imerg_3x3_mm,sarawak_kampung_rayu_imerg_mm,sarawak_kampung_rayu_imerg_3x3_mm,sarawak_kampung_sagah_imerg_mm,sarawak_kampung_sagah_imerg_3x3_mm,sarawak_kampung_similang_imerg_mm,sarawak_kampung_similang_imerg_3x3_mm,sarawak_kuching_airport_imerg_mm,sarawak_kuching_airport_imerg_3x3_mm,sarawak_kuching_city_south_imerg_mm,sarawak_kuching_city_south_imerg_3x3_mm,sarawak_kuching_saberkas_imerg_mm,sarawak_kuching_saberkas_imerg_3x3_mm,sarawak_malihah_imerg_mm,sarawak_malihah_imerg_3x3_mm,sarawak_maong_tengah_kiri_imerg_mm,sarawak_maong_tengah_kiri_imerg_3x3_mm,sarawak_matang_imerg_mm,sarawak_matang_imerg_3x3_mm,sarawak_padawan_imerg_mm,sarawak_padawan_imerg_3x3_mm,sarawak_padungan_imerg_mm,sarawak_padungan_imerg_3x3_mm,sarawak_pang_tebang_imerg_mm,sarawak_pang_tebang_imerg_3x3_mm,sarawak_rampangi_imerg_mm,sarawak_rampangi_imerg_3x3_mm,sarawak_satok_b_imerg_mm,sarawak_satok_b_imerg_3x3_mm,sarawak_sebubut_imerg_mm,sarawak_sebubut_imerg_3x3_mm,sarawak_semariang_fisheries_imerg_mm,sarawak_semariang_fisheries_imerg_3x3_mm,sarawak_semban_imerg_mm,sarawak_semban_imerg_3x3_mm,sarawak_sibu_laut_imerg_mm,sarawak_sibu_laut_imerg_3x3_mm,sarawak_siniawan_imerg_mm,sarawak_siniawan_imerg_3x3_mm,sarawak_siol_jps_imerg_mm,sarawak_siol_jps_imerg_3x3_mm,sarawak_sungai_china_imerg_mm,sarawak_sungai_china_imerg_3x3_mm,sarawak_sungai_opar_imerg_mm,sarawak_sungai_opar_imerg_3x3_mm,sarawak_sungai_pedid_imerg_mm,sarawak_sungai_pedid_imerg_3x3_mm,sarawak_sungai_tengah_imerg_mm,sarawak_sungai_tengah_imerg_3x3_mm,sarawak_telok_assam_imerg_mm,sarawak_telok_assam_imerg_3x3_mm,sarawak_ulu_maong_imerg_mm,sarawak_ulu_maong_imerg_3x3_mm,sarawak_upper_sungai_staat_imerg_mm,sarawak_upper_sungai_staat_imerg_3x3_mm,sarawak_mid_sungai_kuap_imerg_mm,sarawak_mid_sungai_kuap_imerg_3x3_mm,kuantan_sg_kuantan_di_pasir_kemudi_imerg_mm,kuantan_sg_kuantan_di_pasir_kemudi_imerg_3x3_mm,kuantan_felda_panching_utara_imerg_mm,kuantan_felda_panching_utara_imerg_3x3_mm,kuantan_komtur_imerg_mm,kuantan_komtur_imerg_3x3_mm,kuantan_sg_belat_di_sri_damai_imerg_mm,kuantan_sg_belat_di_sri_damai_imerg_3x3_mm,kuantan_sg_cherating_di_cherating_imerg_mm,kuantan_sg_cherating_di_cherating_imerg_3x3_mm
2015-01-01,105.65,112.76,105.65,112.76,111.6,115.24,174.1,171.29,150.29,151.2,150.29,151.2,125.74,130.03,165.91,171.86,94.49,88.37,154.75,152.19,153.26,150.54,153.26,150.54,162.94,169.14,125.74,130.03,162.94,169.14,157.73,157.48,174.1,171.29,157.73,157.48,16.37,17.61,15.62,18.02,27.53,29.1,15.62,18.02,22.32,22.24,15.62,18.02,36.46,36.87,24.55,23.89,24.55,23.89,24.55,23.89,36.46,36.87,142.1,150.37,166.66,157.48,148.06,151.53,148.06,151.53,166.66,157.48,146.57,152.27,146.57,152.27,146.57,152.27,170.38,163.02,146.57,152.27,166.66,157.48,170.38,163.02,146.57,152.27,146.57,152.27,166.66,163.18,146.57,152.27,170.38,163.02,146.57,152.27,166.66,157.48,401.76,395.48,255.94,265.11,248.5,269.66,712.01,700.19,967.94,926.86,967.94,926.86,922.56,941.16,877.92,889.41,912.14,877.18,912.14,877.18,818.4,806.74,877.18,934.3,844.44,819.39,818.4,806.74,831.79,850.64,1031.18,977.2,922.56,941.16,877.92,897.51,874.94,890.15,943.39,939.92,943.39,939.92,922.56,941.16,943.39,939.92,922.56,941.16,712.01,700.19,943.39,939.92,733.58,723.75,971.66,947.94,943.39,939.92,922.56,941.16,971.66,947.94,713.5,744.41,977.62,962.65,877.92,889.41,971.66,947.94,1031.18,977.2,831.79,850.64,733.58,723.75,922.56,941.16,871.97,902.64,943.39,939.92,844.44,819.39,874.94,890.15,195.67,192.45,195.67,192.45,215.02,208.32,229.15,223.94,212.78,197.16
2015-02-01,63.84,64.29,63.84,64.29,62.5,62.5,73.25,75.19,71.9,70.93,71.9,70.93,67.2,70.78,73.92,74.14,63.17,56.07,79.97,76.98,71.9,73.02,71.9,73.02,73.92,74.67,67.2,70.78,73.92,74.67,67.87,71.53,73.25,75.19,67.87,71.53,14.11,15.23,14.11,15.23,21.5,22.4,14.11,15.23,18.82,18.37,14.11,15.23,22.85,24.27,19.49,18.82,19.49,18.82,19.49,18.82,22.85,24.27,94.08,100.58,113.57,112.07,106.85,104.01,106.85,104.01,113.57,112.07,110.88,107.22,110.88,107.22,110.88,107.22,120.29,114.17,110.88,107.22,113.57,112.07,120.29,114.17,110.88,107.22,110.88,107.22,122.98,103.49,110.88,107.22,120.29,114.17,110.88,107.22,113.57,112.07,77.95,73.7,69.22,71.83,53.76,56.37,362.88,369.97,520.13,522.37,520.13,522.37,491.9,506.84,485.18,481.3,477.79,468.98,477.79,468.98,445.54,434.93,512.74,516.47,458.3,449.42,445.54,434.93,455.62,453.3,532.22,528.27,491.9,506.84,500.64,501.01,491.9,493.02,514.08,514.83,514.08,514.83,491.9,506.84,514.08,514.83,491.9,506.84,362.88,369.97,514.08,514.83,377.66,375.72,535.58,525.35,514.08,514.83,491.9,506.84,535.58,525.35,388.42,394.61,547.01,525.95,485.18,481.3,535.58,525.35,532.22,528.27,455.62,453.3,377.66,375.72,491.9,506.84,513.41,496.61,514.08,514.83,458.3,449.42,491.9,493.02,135.74,123.57,135.74,123.57,122.3,123.57,130.37,130.14,100.13,96.77
2015-03-01,95.23,97.13,95.23,97.13,113.83,109.45,127.97,124.33,98.21,102.84,98.21,102.84,95.98,94.32,104.9,113.5,78.86,77.29,88.54,88.7,95.23,95.65,95.23,95.65,97.46,103.33,95.98,94.32,97.46,103.33,130.2,124.0,127.97,124.33,130.2,124.0,54.31,51.01,47.62,45.55,79.61,74.23,47.62,45.55,65.47,64.4,47.62,45.55,71.42,74.81,47.62,52.25,47.62,52.25,47.62,52.25,71.42,74.81,215.02,207.49,242.54,239.98,220.97,217.74,220.97,217.74,242.54,239.98,224.69,228.99,224.69,228.99,224.69,228.99,242.54,253.37,224.69,228.99,242.54,239.98,242.54,253.37,224.69,228.99,224.69,228.99,250.73,248.99,224.69,228.99,242.54,253.37,224.69,228.99,242.54,239.98,63.98,60.1,52.08,52.0,39.43,42.82,182.28,187.16,238.08,236.26,238.08,236.26,223.94,222.62,188.98,201.21,173.35,185.01,173.35,185.01,171.86,174.34,228.41,249.07,191.21,189.39,171.86,174.34,151.03,173.19,250.73,226.92,223.94,222.62,256.68,253.37,205.34,216.01,239.57,232.79,239.57,232.79,223.94,222.62,239.57,232.79,223.94,222.62,182.28,187.16,239.57,232.79,165.17,179.55,246.26,243.21,239.57,232.79,223.94,222.62,246.26,243.21,182.28,179.88,262.63,234.61,188.98,201.21,246.26,243.21,250.73,226.92,151.03,173.19,165.17,179.55,223.94,222.62,245.52,248.33,239.57,232.79,191.21,189.39,205.34,216.01,47.62,49.35,47.62,49.35,46.87,47.7,56.54,51.58,34.97,33.73
2015-04-01,140.4,145.36,140.4,145.36,164.16,164.4,174.24,178.72,154.8,161.12,154.8,161.12,132.48,135.76,159.84,171.12,140.4,136.16,132.48,128.72,131.76,143.92,131.76,143.92,172.08,162.72,132.48,135.76,172.08,162.72,200.16,184.64,174.24,178.72,200.16,184.64,177.12,178.48,159.12,166.96,210.24,212.88,159.12,166.96,188.64,192.48,159.12,166.96,206.64,210.08,164.88,173.6,164.88,173.6,164.88,173.6,206.64,210.08,262.08,257.44,262.8,271.68,252.0,257.84,252.0,257.84,262.8,271.68,255.6,259.84,255.6,259.84,255.6,259.84,267.12,277.6,255.6,259.84,262.8,271.68,267.12,277.6,255.6,259.84,255.6,259.84,264.24,280.72,255.6,259.84,267.12,277.6,255.6,259.84,262.8,271.68,222.48,208.8,149.76,145.04,99.36,105.12,309.6,308.0,290.88,277.76,290.88,277.76,262.08,268.72,272.16,276.0,272.16,270.24,272.16,270.24,303.84,288.64,254.16,238.0,279.36,291.52,303.84,288.64,254.88,266.16,265.68,255.12,262.08,268.72,268.56,258.08,278.64,276.4,272.88,273.28,272.88,273.28,262.08,268.72,272.88,273.28,262.08,268.72,309.6,308.0,272.88,273.28,275.04,281.92,270.72,264.96,272.88,273.28,262.08,268.72,270.72,264.96,345.6,296.16,265.68,258.96,272.16,276.0,270.72,264.96,265.68,255.12,254.88,266.16,275.04,281.92,262.08,268.72,252.0,231.2,272.88,273.28,279.36,291.52,278.64,276.4,108.72,109.68,108.72,109.68,105.12,106.0,108.72,106.88,87.84,82.48
2015-05-01,167.4,171.2,167.4,171.2,173.35,177.4,183.02,180.13,184.51,181.29,184.51,181.29,170.38,172.36,176.33,178.56,159.96,159.79,180.05,174.18,181.54,177.98,181.54,177.98,176.33,176.58,170.38,172.36,176.33,176.58,186.0,179.3,183.02,180.13,186.0,179.3,192.7,195.59,188.98,193.03,211.3,217.91,188.98,193.03,207.58,205.01,188.98,193.03,206.09,210.97,194.18,194.68,194.18,194.68,194.18,194.68,206.09,210.97,166.66,173.27,200.88,181.95,168.14,175.75,168.14,175.75,200.88,181.95,177.07,171.12,177.07,171.12,177.07,171.12,181.54,178.48,177.07,171.12,200.88,181.95,181.54,178.48,177.07,171.12,177.07,171.12,184.51,166.49,177.07,171.12,181.54,178.48,177.07,171.12,200.88,181.95,188.23,186.17,214.27,198.73,125.74,133.67,274.54,264.45,289.42,282.39,289.42,282.39,284.95,279.08,277.51,281.89,295.37,285.45,295.37,285.45,301.32,282.97,265.61,242.71,291.65,274.87,301.32,282.97,273.79,282.47,274.54,261.64,284.95,279.08,279.0,273.96,278.26,278.75,274.54,279.99,274.54,279.99,284.95,279.08,274.54,279.99,284.95,279.08,274.54,264.45,274.54,279.99,287.93,289.91,273.05,270.65,274.54,279.99,284.95,279.08,273.05,270.65,280.49,280.24,268.58,264.62,277.51,281.89,273.05,270.65,274.54,261.64,273.79,282.47,287.93,289.91,284.95,279.08,275.28,248.17,274.54,279.99,291.65,274.87,278.26,278.75,93.0,96.31,93.0,96.31,87.05,92.34,85.56,91.59,78.86,70.18
2015-06-01,133.2,136.08,133.2,136.08,131.76,135.36,116.64,117.92,133.2,123.44,133.2,123.44,123.84,125.52,114.48,118.64,149.76,150.64,116.64,120.96,125.28,124.0,125.28,124.0,119.52,124.4,123.84,125.52,119.52,124.4,116.64,115.36,116.64,117.92,116.64,115.36,154.08,156.56,146.16,149.68,169.92,171.68,146.16,149.68,161.28,163.68,146.16,149.68,169.92,172.56,147.6,151.28,147.6,151.28,147.6,151.28,169.92,172.56,153.36,148.32,152.64,151.28,151.2,144.64,151.2,144.64,152.64,151.28,136.8,140.88,136.8,140.88,136.8,140.88,143.28,146.48,136.8,140.88,152.64,151.28,143.28,146.48,136.8,140.88,136.8,140.88,141.84,137.44,136.8,140.88,143.28,146.48,136.8,140.88,152.64,151.28,217.44,236.32,126.0,123.36,102.24,107.76,300.24,305.2,288.0,294.64,288.0,294.64,291.6,302.0,307.44,297.12,298.08,293.6,298.08,293.6,309.6,301.6,302.4,314.8,298.8,303.68,309.6,301.6,283.68,289.52,310.32,296.48,291.6,302.0,273.6,288.16,293.04,293.92,296.64,302.56,296.64,302.56,291.6,302.0,296.64,302.56,291.6,302.0,300.24,305.2,296.64,302.56,297.36,299.6,317.52,304.0,296.64,302.56,291.6,302.0,317.52,304.0,312.48,301.44,315.36,298.96,307.44,297.12,317.52,304.0,310.32,296.48,283.68,289.52,297.36,299.6,291.6,302.0,324.0,316.24,296.64,302.56,298.8,303.68,293.04,293.92,61.92,63.84,61.92,63.84,62.64,67.28,61.2,66.72,82.08,77.36
2015-07-01,121.27,129.04,121.27,129.04,121.27,129.7,145.08,141.53,149.54,136.57,149.54,136.57,131.69,130.78,126.48,135.41,107.14,105.32,132.43,132.43,133.92,133.84,133.92,133.84,132.43,133.34,131.69,130.78,132.43,133.34,139.13,142.02,145.08,141.53,139.13,142.02,258.91,257.84,243.29,241.47,270.07,269.49,243.29,241.47,260.4,264.95,243.29,241.47,247.75,253.46,225.43,236.51,225.43,236.51,225.43,236.51,247.75,253.46,81.84,85.73,100.44,91.26,82.58,84.4,82.58,84.4,100.44,91.26,78.12,82.67,78.12,82.67,78.12,82.67,93.0,89.45,78.12,82.67,100.44,91.26,93.0,89.45,78.12,82.67,78.12,82.67,87.05,86.06,78.12,82.67,93.0,89.45,78.12,82.67,100.44,91.26,232.13,246.26,179.3,174.01,159.96,167.07,148.8,150.04,186.74,181.04,186.74,181.04,170.38,177.24,194.18,177.49,170.38,173.27,170.38,173.27,173.35,166.99,177.07,191.62,197.16,172.44,173.35,166.99,159.22,164.18,167.4,176.41,170.38,177.24,182.28,180.21,180.79,180.13,170.38,183.6,170.38,183.6,170.38,177.24,170.38,183.6,170.38,177.24,148.8,150.04,170.38,183.6,139.87,149.96,194.93,182.94,170.38,183.6,170.38,177.24,194.93,182.94,162.94,157.56,186.74,176.91,194.18,177.49,194.93,182.94,167.4,176.41,159.22,164.18,139.87,149.96,170.38,177.24,180.05,181.45,170.38,183.6,197.16,172.44,180.79,180.13,60.26,63.9,60.26,63.9,62.5,71.01,72.91,73.66,136.9,117.14
2015-08-01,190.46,201.71,190.46,201.71,203.86,205.34,198.65,206.67,214.27,205.92,214.27,205.92,197.9,205.18,187.49,201.46,209.81,193.19,207.58,209.48,211.3,206.67,211.3,206.67,194.93,201.29,197.9,205.18,194.93,201.29,203.11,207.08,198.65,206.67,203.11,207.08,287.93,286.69,278.26,279.41,290.16,292.64,278.26,279.41,287.18,289.66,278.26,279.41,285.7,284.04,272.3,275.94,272.3,275.94,272.3,275.94,285.7,284.04,212.04,205.34,233.62,217.58,197.16,209.31,197.16,209.31,233.62,217.58,214.27,215.68,214.27,215.68,214.27,215.68,240.31,222.7,214.27,215.68,233.62,217.58,240.31,222.7,214.27,215.68,214.27,215.68,220.22,222.87,214.27,215.68,240.31,222.7,214.27,215.68,233.62,217.58,278.26,267.1,165.91,163.51,174.1,185.5,182.28,187.16,319.18,296.77,319.18,296.77,268.58,267.34,247.01,245.19,229.15,228.74,229.15,228.74,205.34,208.9,272.3,301.49,219.48,219.73,205.34,208.9,241.06,219.31,279.74,270.73,268.58,267.34,293.88,322.98,259.66,261.47,293.14,287.76,293.14,287.76,268.58,267.34,293.14,287.76,268.58,267.34,182.28,187.16,293.14,287.76,169.63,179.06,301.32,297.52,293.14,287.76,268.58,267.34,301.32,297.52,168.14,188.23,291.65,282.31,247.01,245.19,301.32,297.52,279.74,270.73,241.06,219.31,169.63,179.06,268.58,267.34,290.16,311.82,293.14,287.76,219.48,219.73,259.66,261.47,331.82,319.34,331.82,319.34,354.14,337.11,342.98,329.92,327.36,317.27
2015-09-01,115.92,117.12,115.92,117.12,125.28,127.2,133.2,130.72,131.04,133.36,131.04,133.36,141.12,124.72,128.16,129.68,78.48,76.72,121.68,128.56,145.44,133.68,145.44,133.68,126.72,129.68,141.12,124.72,126.72,129.68,130.32,131.2,133.2,130.72,130.32,131.2,316.08,318.8,306.0,301.2,346.32,351.6,306.0,301.2,333.36,337.36,306.0,301.2,303.12,305.12,294.48,294.88,294.48,294.88,294.48,294.88,303.12,305.12,182.16,194.96,215.28,205.68,181.44,190.48,181.44,190.48,215.28,205.68,191.52,189.44,191.52,189.44,191.52,189.44,202.32,201.84,191.52,189.44,215.28,205.68,202.32,201.84,191.52,189.44,191.52,189.44,204.48,202.64,191.52,189.44,202.32,201.84,191.52,189.44,215.28,205.68,122.4,121.84,85.68,86.88,92.16,96.32,139.68,145.52,196.56,184.48,196.56,184.48,162.72,160.08,157.68,158.4,152.64,151.92,152.64,151.92,144.72,145.92,151.92,154.0,144.72,152.0,144.72,145.92,149.04,155.28,143.28,150.56,162.72,160.08,180.72,187.52,171.36,172.16,173.52,174.8,173.52,174.8,162.72,160.08,173.52,174.8,162.72,160.08,139.68,145.52,173.52,174.8,138.96,141.6,169.2,167.76,173.52,174.8,162.72,160.08,169.2,167.76,141.84,139.92,162.0,156.08,157.68,158.4,169.2,167.76,143.28,150.56,149.04,155.28,138.96,141.6,162.72,160.08,163.44,168.96,173.52,174.8,144.72,152.0,171.36,172.16,159.12,141.84,159.12,141.84,152.64,148.0,145.44,144.0,214.56,196.64
2015-10-01,129.46,136.4,129.46,136.4,122.02,130.12,154.75,151.86,125.74,128.63,125.74,128.63,136.15,132.76,134.66,143.43,165.91,159.13,131.69,136.9,126.48,130.37,126.48,130.37,130.94,134.33,136.15,132.76,130.94,134.33,145.08,143.01,154.75,151.86,145.08,143.01,236.59,231.14,211.3,223.28,252.96,262.71,211.3,223.28,252.96,245.44,211.3,223.28,250.73,253.79,215.76,224.85,215.76,224.85,215.76,224.85,250.73,253.79,295.37,291.9,332.57,299.42,317.69,283.05,317.69,283.05,332.57,299.42,261.89,270.07,261.89,270.07,261.89,270.07,287.93,288.75,261.89,270.07,332.57,299.42,287.93,288.75,261.89,270.07,261.89,270.07,267.84,263.05,261.89,270.07,287.93,288.75,261.89,270.07,332.57,299.42,186.0,198.48,130.94,121.52,133.92,127.64,158.47,169.47,279.0,281.65,279.0,281.65,242.54,251.55,226.92,233.37,232.13,220.89,232.13,220.89,217.25,201.87,317.69,359.35,219.48,213.53,217.25,201.87,209.81,208.73,255.19,257.67,242.54,251.55,315.46,341.91,249.24,244.53,255.19,266.52,255.19,266.52,242.54,251.55,255.19,266.52,242.54,251.55,158.47,169.47,255.19,266.52,168.89,179.55,302.06,294.13,255.19,266.52,242.54,251.55,302.06,294.13,171.86,180.71,272.3,276.35,226.92,233.37,302.06,294.13,255.19,257.67,209.81,208.73,168.89,179.55,242.54,251.55,357.86,391.1,255.19,266.52,219.48,213.53,249.24,244.53,260.4,255.27,260.4,255.27,267.1,270.65,255.19,261.97,266.35,273.79
2015-11-01,237.6,242.4,237.6,242.4,238.32,249.44,280.08,274.96,267.12,260.96,267.12,260.96,245.52,246.72,270.72,268.56,245.52,238.32,253.44,260.64,251.28,258.48,251.28,258.48,262.8,264.4,245.52,246.72,262.8,264.4,260.64,271.6,280.08,274.96,260.64,271.6,277.92,287.76,284.4,287.28,323.28,325.76,284.4,287.28,298.8,304.24,284.4,287.28,343.44,341.76,306.72,303.2,306.72,303.2,306.72,303.2,343.44,341.76,376.56,376.16,400.32,397.76,385.92,377.52,385.92,377.52,400.32,397.76,383.04,377.84,383.04,377.84,383.04,377.84,403.2,403.12,383.04,377.84,400.32,397.76,403.2,403.12,383.04,377.84,383.04,377.84,412.56,404.64,383.04,377.84,403.2,403.12,383.04,377.84,400.32,397.76,367.92,363.12,211.68,214.56,185.76,193.52,447.12,446.24,563.04,553.28,563.04,553.28,529.92,531.28,529.2,524.24,514.08,500.88,514.08,500.88,473.76,479.2,475.92,461.6,510.48,501.92,473.76,479.2,460.8,476.24,519.84,510.48,529.92,531.28,537.84,504.72,561.6,536.48,549.36,544.48,549.36,544.48,529.92,531.28,549.36,544.48,529.92,531.28,447.12,446.24,549.36,544.48,443.52,439.92,531.36,525.76,549.36,544.48,529.92,531.28,531.36,525.76,447.12,457.12,529.2,515.6,529.2,524.24,531.36,525.76,519.84,510.48,460.8,476.24,443.52,439.92,529.92,531.28,502.56,459.84,549.36,544.48,510.48,501.92,561.6,536.48,273.6,275.2,273.6,275.2,297.36,301.92,326.88,313.2,334.08,325.12
2015-12-01,235.85,239.32,235.85,239.32,237.34,238.91,193.44,205.34,221.71,225.27,221.71,225.27,239.57,233.2,200.14,206.01,224.69,224.69,229.15,234.69,232.87,230.97,232.87,230.97,215.76,215.26,239.57,233.2,215.76,215.26,199.39,207.58,193.44,205.34,199.39,207.58,44.64,43.4,40.92,48.44,49.85,53.32,40.92,48.44,43.15,46.95,40.92,48.44,70.68,72.25,60.26,58.86,60.26,58.86,60.26,58.86,70.68,72.25,249.24,258.0,279.74,289.91,263.38,268.91,263.38,268.91,279.74,289.91,293.88,277.93,293.88,277.93,293.88,277.93,305.78,302.81,293.88,277.93,279.74,289.91,305.78,302.81,293.88,277.93,293.88,277.93,319.92,303.3,293.88,277.93,305.78,302.81,293.88,277.93,279.74,289.91,281.23,267.34,208.32,201.29,193.44,186.58,403.25,403.25,625.7,564.37,625.7,564.37,496.25,507.33,486.58,487.9,437.47,456.15,437.47,456.15,456.07,434.74,480.62,509.23,476.9,461.03,456.07,434.74,406.22,424.49,485.09,480.21,496.25,507.33,531.96,535.18,512.62,521.63,563.21,548.82,563.21,548.82,496.25,507.33,563.21,548.82,496.25,507.33,403.25,403.25,563.21,548.82,380.18,388.86,584.78,540.06,563.21,548.82,496.25,507.33,584.78,540.06,404.74,415.07,533.45,508.32,486.58,487.9,584.78,540.06,485.09,480.21,406.22,424.49,380.18,388.86,496.25,507.33,492.53,507.99,563.21,548.82,476.9,461.03,512.62,521.63,323.64,318.68,323.64,318.68,339.26,345.38,329.59,339.68,402.5,380.1
2016-01-01,165.17,168.47,165.17,168.47,162.19,158.06,118.3,123.92,127.22,128.71,127.22,128.71,162.19,158.8,116.81,119.7,187.49,181.21,148.06,150.29,137.64,137.06,137.64,137.06,114.58,119.87,162.19,158.8,114.58,119.87,122.02,125.9,118.3,123.92,122.02,125.9,114.58,118.38,122.76,120.53,121.27,117.63,122.76,120.53,126.48,118.71,122.76,120.53,118.3,123.01,113.09,120.53,113.09,120.53,113.09,120.53,118.3,123.01,131.69,133.01,146.57,154.26,149.54,140.45,149.54,140.45,146.57,154.26,149.54,151.11,149.54,151.11,149.54,151.11,159.22,167.15,149.54,151.11,146.57,154.26,159.22,167.15,149.54,151.11,149.54,151.11,177.07,172.44,149.54,151.11,159.22,167.15,149.54,151.11,146.57,154.26,96.72,94.16,65.47,71.26,75.14,78.53,267.1,293.96,430.78,401.59,430.78,401.59,383.16,380.51,338.52,339.35,327.36,324.55,327.36,324.55,296.86,300.25,385.39,446.48,297.6,315.37,296.86,300.25,308.76,308.43,410.69,381.51,383.16,380.51,393.58,413.83,352.66,358.28,376.46,394.98,376.46,394.98,383.16,380.51,376.46,394.98,383.16,380.51,267.1,293.96,376.46,394.98,263.38,281.89,439.7,405.15,376.46,394.98,383.16,380.51,439.7,405.15,292.39,283.38,442.68,396.3,338.52,339.35,439.7,405.15,410.69,381.51,308.76,308.43,263.38,281.89,383.16,380.51,366.05,457.39,376.46,394.98,297.6,315.37,352.66,358.28,104.16,108.95,104.16,108.95,113.83,108.05,102.67,109.45,92.26,86.63
2016-02-01,266.57,268.19,266.57,268.19,249.86,259.84,179.57,185.99,217.15,220.94,217.15,220.94,253.34,251.18,187.22,189.16,302.76,287.06,238.03,239.19,229.68,230.14,229.68,230.14,193.49,195.73,253.34,251.18,193.49,195.73,192.79,203.54,179.57,185.99,192.79,203.54,21.58,23.74,22.97,25.06,29.93,29.62,22.97,25.06,28.54,26.37,22.97,25.06,35.5,36.89,29.23,29.54,29.23,29.54,29.23,29.54,35.5,36.89,84.91,89.17,94.66,90.25,88.39,88.7,88.39,88.7,94.66,90.25,84.91,91.56,84.91,91.56,84.91,91.56,90.48,92.8,84.91,91.56,94.66,90.25,90.48,92.8,84.91,91.56,84.91,91.56,92.57,92.95,84.91,91.56,90.48,92.8,84.91,91.56,94.66,90.25,89.09,86.61,75.86,78.18,81.43,81.66,1014.77,962.88,1088.54,1046.17,1088.54,1046.17,1113.6,1090.09,1075.32,1065.19,1083.67,1068.44,1083.67,1068.44,1049.57,1025.98,938.21,858.25,1046.78,1022.97,1049.57,1025.98,1025.9,1034.57,1104.55,1077.18,1113.6,1090.09,936.12,874.33,1023.82,1057.46,1106.64,1084.45,1106.64,1084.45,1113.6,1090.09,1106.64,1084.45,1113.6,1090.09,1014.77,962.88,1106.64,1084.45,957.7,962.26,1103.86,1049.49,1106.64,1084.45,1113.6,1090.09,1103.86,1049.49,1008.5,1001.31,1115.69,1060.32,1075.32,1065.19,1103.86,1049.49,1104.55,1077.18,1025.9,1034.57,957.7,962.26,1113.6,1090.09,930.55,778.05,1106.64,1084.45,1046.78,1022.97,1023.82,1057.46,108.58,117.47,108.58,117.47,125.28,128.84,128.76,131.85,126.67,125.59
2016-03-01,64.73,62.17,64.73,62.17,66.22,64.48,74.4,79.28,62.5,63.49,62.5,63.49,56.54,58.78,69.19,72.0,58.78,59.11,55.8,55.14,55.8,58.2,55.8,58.2,76.63,66.13,56.54,58.78,76.63,66.13,69.19,72.99,74.4,79.28,69.19,72.99,17.11,18.35,18.6,19.01,26.78,26.45,18.6,19.01,22.32,21.66,18.6,19.01,28.27,28.6,20.83,21.16,20.83,21.16,20.83,21.16,28.27,28.6,88.54,94.32,125.74,118.3,97.46,100.77,97.46,100.77,125.74,118.3,116.06,101.1,116.06,101.1,116.06,101.1,122.02,120.69,116.06,101.1,125.74,118.3,122.02,120.69,116.06,101.1,116.06,101.1,106.39,120.11,116.06,101.1,122.02,120.69,116.06,101.1,125.74,118.3,63.24,65.89,58.03,60.18,44.64,48.28,435.98,438.96,676.3,624.46,676.3,624.46,636.86,605.86,579.58,563.29,559.49,550.89,559.49,550.89,503.69,499.89,556.51,557.42,505.18,512.29,503.69,499.89,517.08,519.48,613.8,589.33,636.86,605.86,579.58,571.23,575.86,579.25,598.18,623.06,598.18,623.06,636.86,605.86,598.18,623.06,636.86,605.86,435.98,438.96,598.18,623.06,437.47,453.43,653.23,615.04,598.18,623.06,636.86,605.86,653.23,615.04,461.28,463.84,628.68,601.98,579.58,563.29,653.23,615.04,613.8,589.33,517.08,519.48,437.47,453.43,636.86,605.86,553.54,528.49,598.18,623.06,505.18,512.29,575.86,579.25,36.46,38.11,36.46,38.11,38.69,42.08,46.13,46.46,30.5,34.55
2016-04-01,119.52,125.04,119.52,125.04,146.88,136.08,129.6,141.36,118.8,127.92,118.8,127.92,115.2,118.08,135.36,136.88,100.08,99.84,111.6,110.96,110.88,119.2,110.88,119.2,142.56,129.36,115.2,118.08,142.56,129.36,138.24,141.6,129.6,141.36,138.24,141.6,46.8,45.44,43.92,45.92,59.04,55.68,43.92,45.92,54.0,50.4,43.92,45.92,65.52,63.76,51.84,50.96,51.84,50.96,51.84,50.96,65.52,63.76,139.68,136.88,151.92,150.56,142.56,144.8,142.56,144.8,151.92,150.56,159.84,150.56,159.84,150.56,159.84,150.56,162.0,152.88,159.84,150.56,151.92,150.56,162.0,152.88,159.84,150.56,159.84,150.56,142.56,149.04,159.84,150.56,162.0,152.88,159.84,150.56,151.92,150.56,268.56,278.72,225.36,215.76,113.04,138.08,523.44,490.72,451.44,458.32,451.44,458.32,424.08,437.76,478.08,463.76,464.4,459.36,464.4,459.36,482.4,475.36,368.64,335.6,484.56,476.96,482.4,475.36,438.48,447.6,396.72,396.0,424.08,437.76,436.32,398.56,479.52,468.16,442.8,446.56,442.8,446.56,424.08,437.76,442.8,446.56,424.08,437.76,523.44,490.72,442.8,446.56,503.28,481.04,416.16,406.48,442.8,446.56,424.08,437.76,416.16,406.48,471.6,488.96,402.48,396.88,478.08,463.76,416.16,406.48,396.72,396.0,438.48,447.6,503.28,481.04,424.08,437.76,380.88,337.28,442.8,446.56,484.56,476.96,479.52,468.16,42.48,43.68,42.48,43.68,41.76,41.12,43.92,44.56,30.24,30.88
2016-05-01,168.14,176.49,168.14,176.49,181.54,176.0,142.1,154.17,170.38,166.66,170.38,166.66,165.91,173.35,139.87,158.06,179.3,174.01,154.75,170.29,163.68,165.91,163.68,165.91,147.31,164.75,165.91,173.35,147.31,164.75,177.82,157.4,142.1,154.17,177.82,157.4,247.75,252.63,238.82,240.97,311.74,281.98,238.82,240.97,278.26,271.81,238.82,240.97,266.35,256.51,235.1,240.81,235.1,240.81,235.1,240.81,266.35,256.51,340.75,327.86,354.14,354.39,342.98,333.39,342.98,333.39,354.14,354.39,316.2,336.7,316.2,336.7,316.2,336.7,378.7,360.43,316.2,336.7,354.14,354.39,378.7,360.43,316.2,336.7,316.2,336.7,380.93,370.68,316.2,336.7,378.7,360.43,316.2,336.7,354.14,354.39,279.0,274.45,160.7,164.92,165.91,166.66,342.98,338.35,331.82,327.53,331.82,327.53,303.55,311.32,299.09,317.36,290.9,307.27,290.9,307.27,352.66,317.03,276.77,258.33,353.4,324.05,352.66,317.03,276.77,292.47,313.97,292.97,303.55,311.32,281.23,295.53,322.15,321.33,309.5,322.81,309.5,322.81,303.55,311.32,309.5,322.81,303.55,311.32,342.98,338.35,309.5,322.81,308.76,329.84,359.35,309.5,309.5,322.81,303.55,311.32,359.35,309.5,327.36,335.54,311.74,301.73,299.09,317.36,359.35,309.5,313.97,292.97,276.77,292.47,308.76,329.84,303.55,311.32,278.26,255.03,309.5,322.81,353.4,324.05,322.15,321.33,137.64,150.54,137.64,150.54,125.74,140.04,144.34,147.73,117.55,134.42
2016-06-01,235.44,243.6,235.44,243.6,246.24,242.72,175.68,179.2,194.4,206.16,194.4,206.16,230.4,232.8,202.32,184.8,265.68,253.6,223.92,224.32,213.84,214.24,213.84,214.24,186.48,189.12,230.4,232.8,186.48,189.12,191.52,192.48,175.68,179.2,191.52,192.48,128.16,134.72,133.92,136.16,148.32,149.84,133.92,136.16,137.52,141.12,133.92,136.16,149.04,152.88,145.44,146.24,145.44,146.24,145.44,146.24,149.04,152.88,162.72,162.72,184.32,181.76,173.52,172.56,173.52,172.56,184.32,181.76,187.92,185.68,187.92,185.68,187.92,185.68,195.84,192.8,187.92,185.68,184.32,181.76,195.84,192.8,187.92,185.68,187.92,185.68,209.52,202.64,187.92,185.68,195.84,192.8,187.92,185.68,184.32,181.76,210.96,219.28,187.2,189.6,182.16,180.24,450.0,441.92,412.56,408.24,412.56,408.24,409.68,406.88,413.28,425.84,438.48,411.76,438.48,411.76,423.36,417.92,334.08,313.68,432.0,435.28,423.36,417.92,399.6,405.92,367.2,373.36,409.68,406.88,354.96,345.28,434.16,426.8,410.4,412.24,410.4,412.24,409.68,406.88,410.4,412.24,409.68,406.88,450.0,441.92,410.4,412.24,399.6,416.16,400.32,382.32,410.4,412.24,409.68,406.88,400.32,382.32,419.76,423.84,389.52,376.56,413.28,425.84,400.32,382.32,367.2,373.36,399.6,405.92,399.6,416.16,409.68,406.88,344.16,312.24,410.4,412.24,432.0,435.28,434.16,426.8,160.56,147.84,160.56,147.84,139.68,153.76,140.4,152.64,244.08,225.52
2016-07-01,187.49,190.79,187.49,190.79,180.79,188.56,113.83,121.11,154.01,149.63,154.01,149.63,169.63,171.37,136.9,127.8,183.02,181.87,153.26,156.82,146.57,153.35,146.57,153.35,146.57,139.46,169.63,171.37,146.57,139.46,127.22,134.42,113.83,121.11,127.22,134.42,202.37,209.73,216.5,208.73,219.48,222.7,216.5,208.73,218.74,216.59,216.5,208.73,214.27,215.84,207.58,211.05,207.58,211.05,207.58,211.05,214.27,215.84,195.67,193.19,207.58,198.15,200.88,191.95,200.88,191.95,207.58,198.15,203.11,188.73,203.11,188.73,203.11,188.73,192.7,193.69,203.11,188.73,207.58,198.15,192.7,193.69,203.11,188.73,203.11,188.73,184.51,182.45,203.11,188.73,192.7,193.69,203.11,188.73,207.58,198.15,246.26,258.91,232.87,229.65,177.07,196.5,215.02,209.81,251.47,248.99,251.47,248.99,207.58,219.73,198.65,210.39,197.16,204.93,197.16,204.93,200.14,202.04,239.57,245.11,213.53,206.09,200.14,202.04,206.09,209.56,220.22,221.3,207.58,219.73,279.74,272.55,226.18,218.57,235.1,232.95,235.1,232.95,207.58,219.73,235.1,232.95,207.58,219.73,215.02,209.81,235.1,232.95,181.54,209.15,254.45,240.15,235.1,232.95,207.58,219.73,254.45,240.15,203.86,205.51,231.38,226.42,198.65,210.39,254.45,240.15,220.22,221.3,206.09,209.56,181.54,209.15,207.58,219.73,255.94,274.21,235.1,232.95,213.53,206.09,226.18,218.57,121.27,132.02,121.27,132.02,146.57,130.45,164.42,125.9,124.99,121.44
2016-08-01,167.4,159.71,167.4,159.71,157.73,159.22,133.92,131.85,144.34,142.19,144.34,142.19,153.26,153.35,130.94,133.09,145.82,148.22,148.06,146.49,143.59,143.59,143.59,143.59,133.92,134.75,153.26,153.35,133.92,134.75,144.34,142.43,133.92,131.85,144.34,142.43,177.07,177.32,167.4,171.45,180.79,178.73,167.4,171.45,172.61,175.75,167.4,171.45,166.66,165.99,162.94,162.69,162.94,162.69,162.94,162.69,166.66,165.99,94.49,97.46,95.23,95.23,98.95,98.79,98.95,98.79,95.23,95.23,98.95,108.87,98.95,108.87,98.95,108.87,100.44,109.62,98.95,108.87,95.23,95.23,100.44,109.62,98.95,108.87,98.95,108.87,142.85,117.3,98.95,108.87,100.44,109.62,98.95,108.87,95.23,95.23,104.16,101.93,88.54,90.77,75.14,76.05,226.18,231.71,292.39,292.97,292.39,292.97,279.0,289.33,313.22,287.27,316.2,280.98,316.2,280.98,273.05,270.65,252.96,230.47,286.44,277.18,273.05,270.65,263.38,265.19,284.21,263.38,279.0,289.33,293.14,259.33,281.98,290.74,287.18,290.82,287.18,290.82,279.0,289.33,287.18,290.82,279.0,289.33,226.18,231.71,287.18,290.82,231.38,232.21,293.88,278.26,287.18,290.82,279.0,289.33,293.88,278.26,254.45,246.18,279.0,270.65,313.22,287.27,293.88,278.26,284.21,263.38,263.38,265.19,231.38,232.21,279.0,289.33,268.58,230.81,287.18,290.82,286.44,277.18,281.98,290.74,204.6,210.39,204.6,210.39,213.53,213.86,180.79,196.42,305.04,303.97
2016-09-01,159.84,166.96,159.84,166.96,173.52,172.32,166.32,164.8,187.2,179.44,187.2,179.44,172.8,167.52,169.2,169.2,149.04,150.72,171.36,167.84,175.68,177.2,175.68,177.2,174.24,177.28,172.8,167.52,174.24,177.28,172.08,172.08,166.32,164.8,172.08,172.08,166.32,171.36,159.84,163.04,192.24,193.76,159.84,163.04,180.72,181.2,159.84,163.04,191.52,191.6,164.88,165.36,164.88,165.36,164.88,165.36,191.52,191.6,185.04,192.08,197.28,195.44,187.2,189.44,187.2,189.44,197.28,195.44,189.36,191.92,189.36,191.92,189.36,191.92,200.16,200.32,189.36,191.92,197.28,195.44,200.16,200.32,189.36,191.92,189.36,191.92,198.0,203.92,189.36,191.92,200.16,200.32,189.36,191.92,197.28,195.44,288.72,287.76,255.6,248.56,221.76,226.4,370.8,359.36,360.0,345.44,360.0,345.44,326.16,336.72,357.84,352.4,344.88,335.36,344.88,335.36,365.76,342.64,235.44,245.2,354.96,356.16,365.76,342.64,318.24,319.76,291.6,293.44,326.16,336.72,265.68,279.04,368.64,358.24,362.88,346.4,362.88,346.4,326.16,336.72,362.88,346.4,326.16,336.72,370.8,359.36,362.88,346.4,316.8,342.24,316.08,307.28,362.88,346.4,326.16,336.72,316.08,307.28,345.6,350.16,338.4,299.92,357.84,352.4,316.08,307.28,291.6,293.44,318.24,319.76,316.8,342.24,326.16,336.72,241.92,231.12,362.88,346.4,354.96,356.16,368.64,358.24,239.76,246.88,239.76,246.88,256.32,249.52,245.52,241.44,323.28,299.04
2016-10-01,258.17,257.67,258.17,257.67,253.7,259.82,231.38,233.12,249.98,251.72,249.98,251.72,247.01,253.04,236.59,238.08,244.78,242.79,268.58,251.22,247.75,252.79,247.75,252.79,235.85,245.19,247.01,253.04,235.85,245.19,237.34,239.9,231.38,233.12,237.34,239.9,276.77,283.38,273.79,275.61,311.74,313.8,273.79,275.61,297.6,296.53,273.79,275.61,302.81,307.02,280.49,282.55,280.49,282.55,280.49,282.55,302.81,307.02,187.49,190.3,191.95,200.88,188.23,194.02,188.23,194.02,191.95,200.88,206.09,196.75,206.09,196.75,206.09,196.75,209.81,203.86,206.09,196.75,191.95,200.88,209.81,203.86,206.09,196.75,206.09,196.75,197.9,201.71,206.09,196.75,209.81,203.86,206.09,196.75,191.95,200.88,252.22,252.13,151.03,156.65,136.9,143.43,346.7,342.49,353.4,340.26,353.4,340.26,325.87,339.02,334.06,340.67,332.57,329.67,332.57,329.67,352.66,335.21,321.41,305.21,354.14,343.73,352.66,335.21,305.04,318.1,348.94,327.77,325.87,339.02,308.02,293.8,345.22,344.97,337.03,343.65,337.03,343.65,325.87,339.02,337.03,343.65,325.87,339.02,346.7,342.49,337.03,343.65,325.13,337.36,368.28,329.76,337.03,343.65,325.87,339.02,368.28,329.76,333.31,345.63,343.73,330.75,334.06,340.67,368.28,329.76,348.94,327.77,305.04,318.1,325.13,337.36,325.87,339.02,286.44,290.74,337.03,343.65,354.14,343.73,345.22,344.97,468.72,461.69,468.72,461.69,511.13,501.29,492.53,509.31,467.23,466.32
2016-11-01,331.92,329.28,331.92,329.28,306.72,310.64,243.36,255.28,291.6,287.52,291.6,287.52,324.0,327.2,253.44,265.36,330.48,334.64,316.8,324.64,289.44,301.68,289.44,301.68,273.6,276.56,324.0,327.2,273.6,276.56,274.32,273.92,243.36,255.28,274.32,273.92,190.08,194.4,196.56,193.84,216.72,216.96,196.56,193.84,203.04,204.48,196.56,193.84,212.4,215.76,205.2,198.08,205.2,198.08,205.2,198.08,212.4,215.76,277.2,288.16,309.6,304.0,283.68,285.12,283.68,285.12,309.6,304.0,287.28,288.56,287.28,288.56,287.28,288.56,318.96,307.2,287.28,288.56,309.6,304.0,318.96,307.2,287.28,288.56,287.28,288.56,306.0,307.92,287.28,288.56,318.96,307.2,287.28,288.56,309.6,304.0,349.92,362.72,185.04,198.72,177.12,188.72,354.96,366.88,414.0,405.92,414.0,405.92,411.12,404.72,385.92,371.04,364.32,369.2,364.32,369.2,333.36,355.12,429.12,443.28,356.4,358.64,333.36,355.12,352.8,355.6,439.92,421.36,411.12,404.72,419.76,434.96,372.96,377.52,380.16,410.88,380.16,410.88,411.12,404.72,380.16,410.88,411.12,404.72,354.96,366.88,380.16,410.88,334.8,334.24,453.6,427.36,380.16,410.88,411.12,404.72,453.6,427.36,354.96,348.08,444.96,422.32,385.92,371.04,453.6,427.36,439.92,421.36,352.8,355.6,334.8,334.24,411.12,404.72,441.36,441.84,380.16,410.88,356.4,358.64,372.96,377.52,360.0,369.12,360.0,369.12,389.52,377.84,354.24,370.4,455.04,456.64
2016-12-01,264.86,261.47,264.86,261.47,250.73,255.85,234.36,241.97,260.4,263.46,260.4,263.46,272.3,276.77,249.98,251.14,242.54,235.52,290.9,294.62,268.58,274.45,268.58,274.45,267.1,263.95,272.3,276.77,267.1,263.95,247.75,257.09,234.36,241.97,247.75,257.09,325.87,334.55,357.12,364.73,297.6,302.31,357.12,364.73,308.76,317.03,357.12,364.73,342.24,340.17,381.67,383.33,381.67,383.33,381.67,383.33,342.24,340.17,261.14,254.37,282.72,265.11,253.7,260.07,253.7,260.07,282.72,265.11,262.63,260.9,262.63,260.9,262.63,260.9,266.35,269.16,262.63,260.9,282.72,265.11,266.35,269.16,262.63,260.9,262.63,260.9,273.05,267.26,262.63,260.9,266.35,269.16,262.63,260.9,282.72,265.11,248.5,238.66,206.09,222.37,206.83,219.98,391.34,388.04,392.09,375.97,392.09,375.97,390.6,398.37,383.9,381.51,377.95,379.03,377.95,379.03,373.49,374.48,371.26,393.25,376.46,377.46,373.49,374.48,367.54,377.46,432.26,416.39,390.6,398.37,310.99,346.95,360.1,375.55,404.74,393.08,404.74,393.08,390.6,398.37,404.74,393.08,390.6,398.37,391.34,388.04,404.74,393.08,365.3,368.03,421.1,399.36,404.74,393.08,390.6,398.37,421.1,399.36,379.44,375.97,425.57,410.61,383.9,381.51,421.1,399.36,432.26,416.39,367.54,377.46,365.3,368.03,390.6,398.37,349.68,357.04,404.74,393.08,376.46,377.46,360.1,375.55,518.57,509.39,518.57,509.39,526.75,546.18,532.7,540.31,625.7,609.34
2017-01-01,299.09,301.32,299.09,301.32,294.62,305.29,297.6,293.71,310.99,313.89,310.99,313.89,315.46,309.75,300.58,302.48,267.84,264.45,313.22,315.62,325.13,315.79,325.13,315.79,310.25,312.98,315.46,309.75,310.25,312.98,304.3,298.51,297.6,293.71,304.3,298.51,353.4,359.35,376.46,380.6,326.62,329.26,376.46,380.6,340.01,344.47,376.46,380.6,351.17,355.8,391.34,390.93,391.34,390.93,391.34,390.93,351.17,355.8,328.1,306.61,293.88,305.29,297.6,301.32,297.6,301.32,293.88,305.29,293.88,290.24,293.88,290.24,293.88,290.24,298.34,293.88,293.88,290.24,293.88,305.29,298.34,293.88,293.88,290.24,293.88,290.24,285.7,279.91,293.88,290.24,298.34,293.88,293.88,290.24,293.88,305.29,203.11,182.28,171.86,160.95,184.51,192.37,377.95,369.35,421.85,411.93,421.85,411.93,439.7,429.62,447.89,427.22,418.87,417.88,418.87,417.88,399.53,395.97,348.19,354.56,432.26,410.85,399.53,395.97,403.25,413.75,445.66,424.16,439.7,429.62,361.58,354.47,444.17,431.69,427.8,425.57,427.8,425.57,439.7,429.62,427.8,425.57,439.7,429.62,377.95,369.35,427.8,425.57,352.66,371.5,406.22,396.06,427.8,425.57,439.7,429.62,406.22,396.06,361.58,373.49,424.08,409.86,447.89,427.22,406.22,396.06,445.66,424.16,403.25,413.75,352.66,371.5,439.7,429.62,331.82,336.62,427.8,425.57,432.26,410.85,444.17,431.69,473.93,468.14,473.93,468.14,485.09,486.74,501.46,493.52,496.25,485.34
2017-02-01,213.7,215.04,213.7,215.04,225.12,221.16,208.32,208.84,219.74,218.92,219.74,218.92,205.63,208.77,216.38,213.32,206.3,200.7,204.29,202.79,215.71,209.96,215.71,209.96,214.37,213.17,205.63,208.77,214.37,213.17,233.86,224.15,208.32,208.84,233.86,224.15,28.22,31.29,30.91,33.08,51.07,50.25,30.91,33.08,38.98,39.13,30.91,33.08,60.48,62.57,40.99,41.59,40.99,41.59,40.99,41.59,60.48,62.57,146.5,150.9,157.25,156.73,156.58,155.16,156.58,155.16,157.25,156.73,154.56,157.85,154.56,157.85,154.56,157.85,165.98,159.71,154.56,157.85,157.25,156.73,165.98,159.71,154.56,157.85,154.56,157.85,159.26,157.1,154.56,157.85,165.98,159.71,154.56,157.85,157.25,156.73,221.09,215.71,165.98,168.75,140.45,153.22,363.55,361.39,505.34,482.87,505.34,482.87,483.17,470.85,450.91,441.35,423.36,422.17,423.36,422.17,381.7,390.06,435.46,434.56,404.54,411.34,381.7,390.06,403.2,401.41,498.62,469.88,483.17,470.85,453.6,468.98,464.35,458.08,484.51,478.39,484.51,478.39,483.17,470.85,484.51,478.39,483.17,470.85,363.55,361.39,484.51,478.39,338.69,354.22,485.18,472.04,484.51,478.39,483.17,470.85,485.18,472.04,364.22,368.26,491.9,472.79,450.91,441.35,485.18,472.04,498.62,469.88,403.2,401.41,338.69,354.22,483.17,470.85,434.11,426.72,484.51,478.39,404.54,411.34,464.35,458.08,143.14,143.43,143.14,143.43,145.15,147.09,152.54,143.21,119.62,123.65
2017-03-01,228.41,233.29,228.41,233.29,235.1,238.91,212.78,218.65,230.64,226.42,230.64,226.42,225.43,226.18,205.34,212.21,200.14,200.22,206.09,215.84,212.04,219.4,212.04,219.4,211.3,211.38,225.43,226.18,211.3,211.38,226.92,227.5,212.78,218.65,226.92,227.5,180.05,182.53,183.02,176.25,175.58,182.2,183.02,176.25,179.3,181.62,183.02,176.25,174.84,176.74,179.3,173.27,179.3,173.27,179.3,173.27,174.84,176.74,246.26,241.47,252.22,250.23,254.45,242.13,254.45,242.13,252.22,250.23,245.52,243.7,245.52,243.7,245.52,243.7,261.89,254.12,245.52,243.7,252.22,250.23,261.89,254.12,245.52,243.7,245.52,243.7,247.01,252.3,245.52,243.7,261.89,254.12,245.52,243.7,252.22,250.23,263.38,275.11,222.46,232.54,215.76,232.29,248.5,237.75,302.81,289.33,302.81,289.33,289.42,281.73,245.52,253.04,255.19,248.91,255.19,248.91,227.66,233.86,323.64,346.13,229.15,234.36,227.66,233.86,254.45,246.76,296.86,290.49,289.42,281.73,308.76,332.07,234.36,256.35,291.65,286.27,291.65,286.27,289.42,281.73,291.65,286.27,289.42,281.73,248.5,237.75,291.65,286.27,209.81,226.09,320.66,313.8,291.65,286.27,289.42,281.73,320.66,313.8,237.34,231.88,336.29,303.72,245.52,253.04,320.66,313.8,296.86,290.49,254.45,246.76,209.81,226.09,289.42,281.73,312.48,346.79,291.65,286.27,229.15,234.36,234.36,256.35,130.2,140.95,130.2,140.95,121.27,131.44,140.62,127.55,108.62,111.68
2017-04-01,280.8,284.8,280.8,284.8,290.88,296.24,290.16,276.0,271.44,280.88,271.44,280.88,275.76,278.48,257.04,270.96,257.76,255.44,254.88,260.8,273.6,267.76,273.6,267.76,261.36,262.48,275.76,278.48,261.36,262.48,295.92,291.76,290.16,276.0,295.92,291.76,264.24,257.04,264.24,256.16,290.16,270.64,264.24,256.16,268.56,267.28,264.24,256.16,288.72,281.52,254.16,258.56,254.16,258.56,254.16,258.56,288.72,281.52,286.56,288.32,292.32,296.08,276.48,280.16,276.48,280.16,292.32,296.08,267.12,274.64,267.12,274.64,267.12,274.64,290.88,294.0,267.12,274.64,292.32,296.08,290.88,294.0,267.12,274.64,267.12,274.64,298.8,291.92,267.12,274.64,290.88,294.0,267.12,274.64,292.32,296.08,244.08,244.64,198.72,193.44,167.04,194.72,354.24,352.08,336.24,325.68,336.24,325.68,349.92,343.68,354.24,348.16,351.36,349.52,351.36,349.52,357.84,346.08,311.04,263.52,352.8,352.0,357.84,346.08,331.2,343.28,352.8,336.56,349.92,343.68,314.64,295.76,341.28,342.16,321.84,336.8,321.84,336.8,349.92,343.68,321.84,336.8,349.92,343.68,354.24,352.08,321.84,336.8,319.68,340.24,336.24,329.12,321.84,336.8,349.92,343.68,336.24,329.12,346.32,347.12,341.28,331.2,354.24,348.16,336.24,329.12,352.8,336.56,331.2,343.28,319.68,340.24,349.92,343.68,312.48,255.52,321.84,336.8,352.8,352.0,341.28,342.16,109.44,127.04,109.44,127.04,123.12,123.84,138.24,131.84,95.76,101.28
2017-05-01,242.54,247.17,242.54,247.17,252.96,248.83,241.8,242.96,273.79,263.62,273.79,263.62,240.31,246.59,255.19,254.94,261.14,255.94,245.52,253.13,257.42,259.57,257.42,259.57,261.14,266.43,240.31,246.59,261.14,266.43,249.98,251.47,241.8,242.96,249.98,251.47,257.42,259.9,258.17,250.31,290.16,285.37,258.17,250.31,273.05,274.78,258.17,250.31,266.35,268.75,244.03,249.82,244.03,249.82,244.03,249.82,266.35,268.75,133.92,135.82,143.59,144.58,140.62,142.02,140.62,142.02,143.59,144.58,159.96,146.98,159.96,146.98,159.96,146.98,154.75,151.2,159.96,146.98,143.59,144.58,154.75,151.2,159.96,146.98,159.96,146.98,153.26,150.45,159.96,146.98,154.75,151.2,159.96,146.98,143.59,144.58,295.37,305.54,258.91,265.69,281.98,305.95,252.22,253.95,290.9,278.26,290.9,278.26,254.45,265.94,273.79,263.13,260.4,255.94,260.4,255.94,259.66,253.62,238.08,237.83,255.19,260.4,259.66,253.62,258.17,255.85,252.96,252.71,254.45,265.94,252.96,270.98,302.06,272.06,270.07,278.59,270.07,278.59,254.45,265.94,270.07,278.59,254.45,265.94,252.22,253.95,270.07,278.59,226.18,248.74,273.05,264.7,270.07,278.59,254.45,265.94,273.05,264.7,244.78,246.68,269.33,252.22,273.79,263.13,273.05,264.7,252.96,252.71,258.17,255.85,226.18,248.74,254.45,265.94,251.47,247.17,270.07,278.59,255.19,260.4,302.06,272.06,171.86,176.49,171.86,176.49,185.26,182.03,200.88,188.65,168.89,187.32
2017-06-01,124.56,118.8,124.56,118.8,120.24,121.36,102.24,106.0,111.6,114.72,111.6,114.72,114.48,115.44,108.0,110.48,109.44,112.96,113.76,110.4,108.72,112.0,108.72,112.0,112.32,111.12,114.48,115.44,112.32,111.12,117.36,115.6,102.24,106.0,117.36,115.6,108.0,107.44,104.4,107.6,101.52,102.56,104.4,107.6,104.4,104.96,104.4,107.6,104.4,106.24,108.72,107.44,108.72,107.44,108.72,107.44,104.4,106.24,82.8,79.2,80.64,83.76,85.68,84.0,85.68,84.0,80.64,83.76,93.6,86.64,93.6,86.64,93.6,86.64,92.16,85.84,93.6,86.64,80.64,83.76,92.16,85.84,93.6,86.64,93.6,86.64,84.24,87.76,93.6,86.64,92.16,85.84,93.6,86.64,80.64,83.76,126.72,128.32,146.88,152.16,133.92,143.2,280.8,264.0,273.6,272.08,273.6,272.08,274.32,268.72,263.52,258.24,249.84,252.64,249.84,252.64,235.44,247.28,257.04,238.64,246.24,250.16,235.44,247.28,255.6,250.0,284.4,263.04,274.32,268.72,258.48,286.48,267.84,264.96,282.24,271.2,282.24,271.2,274.32,268.72,282.24,271.2,274.32,268.72,280.8,264.0,282.24,271.2,235.44,243.36,266.4,266.72,282.24,271.2,274.32,268.72,266.4,266.72,245.52,251.12,278.64,264.56,263.52,258.24,266.4,266.72,284.4,263.04,255.6,250.0,235.44,243.36,274.32,268.72,262.08,249.28,282.24,271.2,246.24,250.16,267.84,264.96,92.16,86.16,92.16,86.16,105.12,100.56,86.4,85.12,126.0,127.44
2017-07-01,110.86,114.25,110.86,114.25,112.34,114.99,122.02,123.01,127.22,124.41,127.22,124.41,110.86,114.66,118.3,128.22,126.48,121.27,119.78,117.97,124.25,122.35,124.25,122.35,133.92,131.03,110.86,114.66,133.92,131.03,117.55,120.53,122.02,123.01,117.55,120.53,107.14,112.76,116.06,120.2,121.27,124.41,116.06,120.2,113.09,118.3,116.06,120.2,137.64,142.1,138.38,138.8,138.38,138.8,138.38,138.8,137.64,142.1,134.66,140.12,124.99,129.79,127.97,135.24,127.97,135.24,124.99,129.79,141.36,132.27,141.36,132.27,141.36,132.27,130.94,129.54,141.36,132.27,124.99,129.79,130.94,129.54,141.36,132.27,141.36,132.27,130.2,128.55,141.36,132.27,130.94,129.54,141.36,132.27,124.99,129.79,320.66,323.56,287.18,291.81,352.66,360.1,220.22,220.64,244.03,244.86,244.03,244.86,230.64,236.76,221.71,232.95,222.46,230.47,222.46,230.47,237.34,232.13,228.41,214.6,237.34,233.95,237.34,232.13,226.18,227.42,263.38,243.04,230.64,236.76,237.34,230.72,237.34,238.16,230.64,239.32,230.64,239.32,230.64,236.76,230.64,239.32,230.64,236.76,220.22,220.64,230.64,239.32,235.85,238.49,245.52,238.08,230.64,239.32,230.64,236.76,245.52,238.08,230.64,232.21,244.78,238.66,221.71,232.95,245.52,238.08,263.38,243.04,226.18,227.42,235.85,238.49,230.64,236.76,226.92,207.58,230.64,239.32,237.34,233.95,237.34,238.16,175.58,182.03,175.58,182.03,173.35,174.76,165.91,181.45,175.58,177.4
2017-08-01,210.55,208.32,210.55,208.32,196.42,202.45,220.22,207.0,203.86,199.14,203.86,199.14,191.95,200.71,219.48,204.6,200.88,196.75,179.3,190.88,190.46,194.35,190.46,194.35,197.9,203.11,191.95,200.71,197.9,203.11,206.83,205.59,220.22,207.0,206.83,205.59,281.23,282.22,270.07,276.44,292.39,304.87,270.07,276.44,285.7,290.57,270.07,276.44,302.06,303.97,280.49,281.65,280.49,281.65,280.49,281.65,302.06,303.97,207.58,209.39,219.48,218.32,216.5,216.26,216.5,216.26,219.48,218.32,223.94,222.13,223.94,222.13,223.94,222.13,225.43,226.26,223.94,222.13,219.48,218.32,225.43,226.26,223.94,222.13,223.94,222.13,236.59,221.55,223.94,222.13,225.43,226.26,223.94,222.13,219.48,218.32,488.81,499.39,398.04,392.83,399.53,405.56,367.54,389.11,415.9,408.37,415.9,408.37,403.25,408.13,385.39,408.95,397.3,396.14,397.3,396.14,423.34,400.52,332.57,353.81,402.5,405.23,423.34,400.52,374.23,396.14,403.99,385.56,403.25,408.13,366.05,381.59,441.19,405.81,414.41,412.42,414.41,412.42,403.25,408.13,414.41,412.42,403.25,408.13,367.54,389.11,414.41,412.42,429.29,409.94,419.62,393.16,414.41,412.42,403.25,408.13,419.62,393.16,438.22,397.13,407.71,386.05,385.39,408.95,419.62,393.16,403.99,385.56,374.23,396.14,429.29,409.94,403.25,408.13,360.1,356.95,414.41,412.42,402.5,405.23,441.19,405.81,144.34,146.24,144.34,146.24,142.85,149.96,159.96,154.67,153.26,151.03
2017-09-01,188.64,191.36,188.64,191.36,196.56,199.6,224.64,220.48,205.92,199.12,205.92,199.12,187.2,187.12,213.12,213.52,175.68,168.88,180.72,183.76,187.92,190.4,187.92,190.4,201.6,207.92,187.2,187.12,201.6,207.92,198.72,206.8,224.64,220.48,198.72,206.8,375.12,377.44,354.96,354.96,393.12,390.24,354.96,354.96,385.2,386.72,354.96,354.96,354.96,356.72,338.4,340.72,338.4,340.72,338.4,340.72,354.96,356.72,269.28,263.28,271.44,278.64,264.24,272.56,264.24,272.56,271.44,278.64,290.88,277.68,290.88,277.68,290.88,277.68,309.6,287.2,290.88,277.68,271.44,278.64,309.6,287.2,290.88,277.68,290.88,277.68,294.48,295.6,290.88,277.68,309.6,287.2,290.88,277.68,271.44,278.64,334.8,351.36,255.6,254.24,254.88,258.48,306.0,290.88,323.28,327.2,323.28,327.2,298.8,302.72,266.4,279.36,250.56,264.48,250.56,264.48,273.6,260.24,308.16,325.84,275.04,271.04,273.6,260.24,231.84,251.44,326.88,301.92,298.8,302.72,325.44,354.96,284.4,291.84,308.88,317.68,308.88,317.68,298.8,302.72,308.88,317.68,298.8,302.72,306.0,290.88,308.88,317.68,262.08,267.04,356.4,328.64,308.88,317.68,298.8,302.72,356.4,328.64,259.92,275.6,353.52,315.28,266.4,279.36,356.4,328.64,326.88,301.92,231.84,251.44,262.08,267.04,298.8,302.72,331.92,341.52,308.88,317.68,275.04,271.04,284.4,291.84,289.44,287.92,289.44,287.92,301.68,289.6,266.4,276.96,314.64,313.92
2017-10-01,248.5,251.39,248.5,251.39,244.78,258.99,253.7,252.3,269.33,261.56,269.33,261.56,267.1,256.1,248.5,254.61,215.02,210.47,267.1,263.21,257.42,262.22,257.42,262.22,258.91,257.18,267.1,256.1,258.91,257.18,262.63,262.55,253.7,252.3,262.63,262.55,213.53,214.77,204.6,208.24,244.78,245.02,204.6,208.24,225.43,229.65,204.6,208.24,235.85,237.67,215.02,215.84,215.02,215.84,215.02,215.84,235.85,237.67,217.25,210.72,204.6,212.7,213.53,216.34,213.53,216.34,204.6,212.7,224.69,217.25,224.69,217.25,224.69,217.25,231.38,215.59,224.69,217.25,204.6,212.7,231.38,215.59,224.69,217.25,224.69,217.25,219.48,215.93,224.69,217.25,231.38,215.59,224.69,217.25,204.6,212.7,400.27,412.84,286.44,285.28,314.71,335.38,309.5,301.98,302.06,296.69,302.06,296.69,288.67,299.75,281.23,288.42,288.67,285.61,288.67,285.61,279.0,286.11,284.21,261.56,288.67,289.66,279.0,286.11,279.0,286.69,334.8,303.22,288.67,299.75,262.63,270.65,295.37,291.98,298.34,300.49,298.34,300.49,288.67,299.75,298.34,300.49,288.67,299.75,309.5,301.98,298.34,300.49,286.44,301.4,319.18,296.19,298.34,300.49,288.67,299.75,319.18,296.19,290.9,296.36,309.5,298.01,281.23,288.42,319.18,296.19,334.8,303.22,279.0,286.69,286.44,301.4,288.67,299.75,273.79,259.16,298.34,300.49,288.67,289.66,295.37,291.98,287.93,295.2,287.93,295.2,309.5,309.01,319.92,311.9,307.27,304.87
2017-11-01,414.0,404.32,414.0,404.32,396.72,399.76,338.4,346.4,379.44,375.92,379.44,375.92,392.4,395.76,339.84,352.8,406.8,400.48,391.68,395.84,374.4,384.56,374.4,384.56,367.92,364.56,392.4,395.76,367.92,364.56,352.08,358.64,338.4,346.4,352.08,358.64,558.72,564.8,583.92,586.0,534.96,541.68,583.92,586.0,540.0,550.0,583.92,586.0,546.48,555.76,581.76,586.08,581.76,586.08,581.76,586.08,546.48,555.76,360.0,352.56,352.08,365.2,380.16,355.44,380.16,355.44,352.08,365.2,351.36,353.84,351.36,353.84,351.36,353.84,372.96,366.64,351.36,353.84,352.08,365.2,372.96,366.64,351.36,353.84,351.36,353.84,372.96,376.88,351.36,353.84,372.96,366.64,351.36,353.84,352.08,365.2,199.44,204.48,162.0,174.64,149.76,160.64,288.72,295.2,342.0,334.4,342.0,334.4,295.2,312.4,313.92,308.24,289.44,302.56,289.44,302.56,332.64,306.08,310.32,336.24,325.44,308.4,332.64,306.08,285.84,303.04,336.24,303.2,295.2,312.4,334.8,356.4,315.36,316.08,313.2,324.0,313.2,324.0,295.2,312.4,313.2,324.0,295.2,312.4,288.72,295.2,313.2,324.0,283.68,313.2,342.72,323.04,313.2,324.0,295.2,312.4,342.72,323.04,294.48,305.36,324.72,313.28,313.92,308.24,342.72,323.04,336.24,303.2,285.84,303.04,283.68,313.2,295.2,312.4,326.88,359.2,313.2,324.0,325.44,308.4,315.36,316.08,449.28,460.48,449.28,460.48,514.08,505.12,504.0,506.16,574.56,571.04
2017-12-01,336.29,316.2,336.29,316.2,314.71,312.89,259.66,269.08,287.18,287.93,287.18,287.93,308.76,311.82,277.51,276.6,291.65,273.96,302.06,307.69,290.9,295.86,290.9,295.86,273.79,281.73,308.76,311.82,273.79,281.73,270.82,280.07,259.66,269.08,270.82,280.07,141.36,140.7,146.57,151.03,133.92,139.95,146.57,151.03,137.64,140.78,146.57,151.03,163.68,165.0,167.4,166.99,167.4,166.99,167.4,166.99,163.68,165.0,168.14,166.33,168.14,166.49,168.14,161.37,168.14,161.37,168.14,166.49,155.5,153.02,155.5,153.02,155.5,153.02,162.94,157.31,155.5,153.02,168.14,166.49,162.94,157.31,155.5,153.02,155.5,153.02,142.85,150.95,155.5,153.02,162.94,157.31,155.5,153.02,168.14,166.49,592.22,599.75,450.86,449.05,477.65,488.48,466.49,477.65,544.61,558.74,544.61,558.74,563.21,545.6,542.38,530.14,508.9,511.21,508.9,511.21,489.55,488.56,538.66,554.78,505.92,507.82,489.55,488.56,486.58,488.39,534.19,537.33,563.21,545.6,519.31,548.25,546.84,541.96,560.98,557.09,560.98,557.09,563.21,545.6,560.98,557.09,563.21,545.6,466.49,477.65,560.98,557.09,434.5,462.02,578.09,555.77,560.98,557.09,563.21,545.6,578.09,555.77,469.46,474.01,557.26,546.76,542.38,530.14,578.09,555.77,534.19,537.33,486.58,488.39,434.5,462.02,563.21,545.6,543.12,561.39,560.98,557.09,505.92,507.82,546.84,541.96,471.7,471.94,471.7,471.94,502.2,511.87,494.02,504.85,563.95,545.68
2018-01-01,394.32,401.35,394.32,401.35,383.16,394.98,432.26,438.05,447.89,447.89,447.89,447.89,424.82,430.45,453.1,455.58,351.17,352.49,461.28,468.89,452.35,456.65,452.35,456.65,465.0,471.37,424.82,430.45,465.0,471.37,419.62,420.11,432.26,438.05,419.62,420.11,158.47,165.58,162.94,166.24,203.11,200.96,162.94,166.24,176.33,181.04,162.94,166.24,225.43,227.58,185.26,188.07,185.26,188.07,185.26,188.07,225.43,227.58,433.75,428.96,414.41,424.99,420.36,427.63,420.36,427.63,414.41,424.99,429.29,427.8,429.29,427.8,429.29,427.8,430.78,428.21,429.29,427.8,414.41,424.99,430.78,428.21,429.29,427.8,429.29,427.8,436.73,433.01,429.29,427.8,430.78,428.21,429.29,427.8,414.41,424.99,358.61,350.51,227.66,236.43,217.25,238.82,331.08,334.39,477.65,460.7,477.65,460.7,453.1,465.91,415.9,419.29,401.02,407.79,401.02,407.79,374.23,379.19,456.82,516.17,387.62,389.19,374.23,379.19,378.7,406.06,522.29,497.57,453.1,465.91,428.54,482.03,418.87,425.4,473.18,469.22,473.18,469.22,453.1,465.91,473.18,469.22,453.1,465.91,331.08,334.39,473.18,469.22,354.89,364.73,518.57,484.92,473.18,469.22,453.1,465.91,518.57,484.92,372.74,359.43,539.4,491.45,415.9,419.29,518.57,484.92,522.29,497.57,378.7,406.06,354.89,364.73,453.1,465.91,451.61,517.33,473.18,469.22,387.62,389.19,418.87,425.4,791.62,792.61,791.62,792.61,814.68,823.53,859.32,862.05,751.44,735.73
2018-02-01,98.11,107.07,98.11,107.07,106.18,105.35,121.63,122.83,125.66,125.37,125.66,125.37,123.65,125.96,120.29,124.77,82.66,76.61,145.15,143.96,133.73,133.43,133.73,133.43,124.32,131.64,123.65,125.96,124.32,131.64,112.22,116.55,121.63,122.83,112.22,116.55,36.29,36.96,36.96,38.45,44.35,43.98,36.96,38.45,40.32,40.25,36.96,38.45,49.73,47.64,41.66,42.26,41.66,42.26,41.66,42.26,49.73,47.64,79.3,77.06,90.05,88.63,81.98,77.65,81.98,77.65,90.05,88.63,83.33,76.09,83.33,76.09,83.33,76.09,88.03,89.67,83.33,76.09,90.05,88.63,88.03,89.67,83.33,76.09,83.33,76.09,78.62,89.82,83.33,76.09,88.03,89.67,83.33,76.09,90.05,88.63,243.26,246.03,200.93,194.73,186.82,195.33,313.82,322.78,521.47,477.42,521.47,477.42,472.42,467.94,436.13,437.32,411.94,420.6,411.94,420.6,381.02,379.68,488.54,512.21,401.18,396.85,381.02,379.68,400.51,409.17,526.18,500.49,472.42,467.94,413.95,432.17,450.91,457.86,492.58,477.94,492.58,477.94,472.42,467.94,492.58,477.94,472.42,467.94,313.82,322.78,492.58,477.94,325.92,337.19,501.31,489.14,492.58,477.94,472.42,467.94,501.31,489.14,348.1,345.78,461.66,501.01,436.13,437.32,501.31,489.14,526.18,500.49,400.51,409.17,325.92,337.19,472.42,467.94,451.58,481.97,492.58,477.94,401.18,396.85,450.91,457.86,66.53,61.67,66.53,61.67,59.14,60.93,60.48,63.54,51.07,51.45
2018-03-01,145.82,143.26,145.82,143.26,148.8,148.22,135.41,141.28,131.69,138.05,131.69,138.05,133.18,140.2,125.74,136.23,136.9,130.7,125.74,134.17,138.38,133.84,138.38,133.84,128.71,130.94,133.18,140.2,128.71,130.94,137.64,142.43,135.41,141.28,137.64,142.43,73.66,76.14,76.63,75.14,94.49,105.23,76.63,75.14,86.3,89.28,76.63,75.14,115.32,110.69,83.33,87.79,83.33,87.79,83.33,87.79,115.32,110.69,203.86,210.14,273.05,252.96,218.74,222.79,218.74,222.79,273.05,252.96,229.9,227.75,229.9,227.75,229.9,227.75,271.56,259.49,229.9,227.75,273.05,252.96,271.56,259.49,229.9,227.75,229.9,227.75,250.73,266.1,229.9,227.75,271.56,259.49,229.9,227.75,273.05,252.96,248.5,240.81,213.53,214.69,215.02,217.99,388.37,375.55,412.18,396.3,412.18,396.3,357.86,362.0,363.07,368.94,348.19,348.03,348.19,348.03,372.0,347.12,302.06,303.97,375.72,374.31,372.0,347.12,325.13,337.61,336.29,321.66,357.86,362.0,366.79,364.56,395.81,388.62,381.67,384.07,381.67,384.07,357.86,362.0,381.67,384.07,357.86,362.0,388.37,375.55,381.67,384.07,290.16,331.99,384.65,358.44,381.67,384.07,357.86,362.0,384.65,358.44,331.82,349.68,364.56,339.26,363.07,368.94,384.65,358.44,336.29,321.66,325.13,337.61,290.16,331.99,357.86,362.0,325.13,312.4,381.67,384.07,375.72,374.31,395.81,388.62,83.33,71.59,83.33,71.59,78.86,71.42,74.4,69.27,61.75,59.19
2018-04-01,201.6,192.8,201.6,192.8,200.16,211.12,221.04,216.96,218.16,216.4,218.16,216.4,195.84,194.24,205.2,211.68,162.0,164.16,185.76,191.2,211.68,203.68,211.68,203.68,203.04,207.04,195.84,194.24,203.04,207.04,230.4,229.92,221.04,216.96,230.4,229.92,115.2,117.28,108.0,115.68,141.12,140.24,108.0,115.68,120.96,125.92,108.0,115.68,148.32,148.16,122.4,125.28,122.4,125.28,122.4,125.28,148.32,148.16,155.52,161.84,193.68,189.36,166.32,169.84,166.32,169.84,193.68,189.36,177.12,182.4,177.12,182.4,177.12,182.4,218.16,200.96,177.12,182.4,193.68,189.36,218.16,200.96,177.12,182.4,177.12,182.4,230.4,203.2,177.12,182.4,218.16,200.96,177.12,182.4,193.68,189.36,209.52,222.32,172.08,175.2,136.08,148.16,352.08,347.92,434.88,413.36,434.88,413.36,393.84,386.0,373.68,371.52,363.6,353.44,363.6,353.44,372.96,343.68,374.4,370.4,348.48,361.52,372.96,343.68,319.68,326.32,374.4,366.32,393.84,386.0,377.28,390.48,375.12,386.56,409.68,408.56,409.68,408.56,393.84,386.0,409.68,408.56,393.84,386.0,352.08,347.92,409.68,408.56,308.16,312.08,439.92,406.64,409.68,408.56,393.84,386.0,439.92,406.64,342.0,335.92,405.36,384.88,373.68,371.52,439.92,406.64,374.4,366.32,319.68,326.32,308.16,312.08,393.84,386.0,385.92,369.12,409.68,408.56,348.48,361.52,375.12,386.56,97.92,96.24,97.92,96.24,105.84,102.0,110.16,104.64,84.24,98.48
2018-05-01,225.43,222.21,225.43,222.21,234.36,229.9,230.64,225.76,217.99,218.41,217.99,218.41,203.11,210.88,210.55,217.25,208.32,213.78,196.42,195.18,222.46,206.17,222.46,206.17,225.43,209.31,203.11,210.88,225.43,209.31,230.64,229.07,230.64,225.76,230.64,229.07,297.6,297.02,285.7,292.89,336.29,339.35,285.7,292.89,315.46,314.55,285.7,292.89,356.38,349.1,305.04,308.1,305.04,308.1,305.04,308.1,356.38,349.1,349.68,345.05,361.58,367.62,336.29,346.87,336.29,346.87,361.58,367.62,349.68,341.66,349.68,341.66,349.68,341.66,367.54,364.81,349.68,341.66,361.58,367.62,367.54,364.81,349.68,341.66,349.68,341.66,372.0,352.08,349.68,341.66,367.54,364.81,349.68,341.66,361.58,367.62,411.43,411.68,321.41,296.36,268.58,280.65,249.98,260.65,344.47,343.15,344.47,343.15,308.02,315.37,290.16,299.17,270.82,285.03,270.82,285.03,290.9,269.25,345.96,414.49,277.51,282.47,290.9,269.25,265.61,280.32,318.43,320.66,308.02,315.37,352.66,385.47,318.43,315.21,326.62,334.14,326.62,334.14,308.02,315.37,326.62,334.14,308.02,315.37,249.98,260.65,326.62,334.14,252.96,271.56,347.45,348.77,326.62,334.14,308.02,315.37,347.45,348.77,249.98,265.77,352.66,333.48,290.16,299.17,347.45,348.77,318.43,320.66,265.61,280.32,252.96,271.56,308.02,315.37,370.51,451.11,326.62,334.14,277.51,282.47,318.43,315.21,144.34,146.24,144.34,146.24,148.06,155.0,168.14,159.55,159.22,150.12
2018-06-01,205.2,196.4,205.2,196.4,190.8,189.44,164.88,175.36,168.48,167.92,168.48,167.92,186.48,184.4,167.04,170.64,185.04,179.84,167.04,172.96,167.76,168.24,167.76,168.24,162.72,167.84,186.48,184.4,162.72,167.84,173.52,172.88,164.88,175.36,173.52,172.88,133.2,136.0,128.88,131.68,132.48,134.56,128.88,131.68,131.04,133.6,128.88,131.68,125.28,129.36,123.84,126.64,123.84,126.64,123.84,126.64,125.28,129.36,177.84,185.52,189.36,193.12,192.96,193.92,192.96,193.92,189.36,193.12,210.24,198.0,210.24,198.0,210.24,198.0,203.76,196.32,210.24,198.0,189.36,193.12,203.76,196.32,210.24,198.0,210.24,198.0,198.72,193.36,210.24,198.0,203.76,196.32,210.24,198.0,189.36,193.12,246.24,246.48,175.68,186.88,218.16,214.24,264.96,255.84,316.08,294.56,316.08,294.56,319.68,294.24,296.64,281.76,273.6,274.88,273.6,274.88,260.64,262.0,244.08,234.48,252.0,265.52,260.64,262.0,271.44,268.56,286.56,273.52,319.68,294.24,257.04,277.12,283.68,288.08,308.16,301.2,308.16,301.2,319.68,294.24,308.16,301.2,319.68,294.24,264.96,255.84,308.16,301.2,248.4,247.52,295.92,287.04,308.16,301.2,319.68,294.24,295.92,287.04,258.48,253.12,295.92,279.76,296.64,281.76,295.92,287.04,286.56,273.52,271.44,268.56,248.4,247.52,319.68,294.24,250.56,236.16,308.16,301.2,252.0,265.52,283.68,288.08,168.48,175.28,168.48,175.28,205.2,182.48,178.56,187.76,177.84,174.88
2018-07-01,128.71,128.55,128.71,128.55,124.25,124.58,131.69,130.86,126.48,125.57,126.48,125.57,125.74,128.71,134.66,134.09,132.43,131.36,131.69,131.19,127.22,127.22,127.22,127.22,131.69,134.17,125.74,128.71,131.69,134.17,123.5,125.24,131.69,130.86,123.5,125.24,188.23,193.36,179.3,181.37,199.39,194.43,179.3,181.37,186.74,191.62,179.3,181.37,179.3,181.04,176.33,174.34,176.33,174.34,176.33,174.34,179.3,181.04,131.69,128.22,124.25,123.92,124.99,123.92,124.99,123.92,124.25,123.92,122.02,117.22,122.02,117.22,122.02,117.22,119.78,117.39,122.02,117.22,124.25,123.92,119.78,117.39,122.02,117.22,122.02,117.22,109.37,112.34,122.02,117.22,119.78,117.39,122.02,117.22,124.25,123.92,127.97,132.02,110.86,106.23,120.53,118.54,197.9,206.17,249.98,241.88,249.98,241.88,232.87,232.71,210.55,223.78,209.06,213.36,209.06,213.36,206.09,201.95,265.61,249.49,224.69,214.19,206.09,201.95,205.34,205.34,241.8,234.36,232.87,232.71,249.98,248.41,227.66,231.3,246.26,239.65,246.26,239.65,232.87,232.71,246.26,239.65,232.87,232.71,197.9,206.17,246.26,239.65,175.58,182.94,250.73,252.96,246.26,239.65,232.87,232.71,250.73,252.96,192.7,196.42,253.7,242.05,210.55,223.78,250.73,252.96,241.8,234.36,205.34,205.34,175.58,182.94,232.87,232.71,264.86,252.55,246.26,239.65,224.69,214.19,227.66,231.3,139.13,132.6,139.13,132.6,143.59,140.7,127.97,125.41,200.14,192.78
2018-08-01,110.11,108.46,110.11,108.46,105.65,108.87,114.58,109.62,127.22,120.61,127.22,120.61,108.62,109.62,119.04,117.97,104.16,106.39,112.34,112.34,118.3,118.63,118.3,118.63,127.97,124.08,108.62,109.62,127.97,124.08,106.39,109.53,114.58,109.62,106.39,109.53,124.25,125.65,120.53,121.93,135.41,141.69,120.53,121.93,129.46,131.94,120.53,121.93,142.1,144.5,125.74,128.55,125.74,128.55,125.74,128.55,142.1,144.5,87.79,90.6,95.23,93.74,102.67,91.68,102.67,91.68,95.23,93.74,90.02,94.07,90.02,94.07,90.02,94.07,90.77,97.13,90.02,94.07,95.23,93.74,90.77,97.13,90.02,94.07,90.02,94.07,98.21,94.98,90.02,94.07,90.77,97.13,90.02,94.07,95.23,93.74,107.14,106.72,119.04,118.13,97.46,101.93,109.37,114.49,145.08,148.3,145.08,148.3,130.2,134.99,130.2,130.53,126.48,125.49,126.48,125.49,134.66,119.78,147.31,132.35,111.6,123.92,134.66,119.78,125.74,123.42,131.69,124.66,130.2,134.99,160.7,143.92,136.9,135.57,143.59,142.1,143.59,142.1,130.2,134.99,143.59,142.1,130.2,134.99,109.37,114.49,143.59,142.1,104.16,116.23,145.08,142.19,143.59,142.1,130.2,134.99,145.08,142.19,115.32,114.41,139.87,134.58,130.2,130.53,145.08,142.19,131.69,124.66,125.74,123.42,104.16,116.23,130.2,134.99,152.52,132.93,143.59,142.1,111.6,123.92,136.9,135.57,87.79,94.16,87.79,94.16,97.46,97.71,84.07,85.23,161.45,156.98
2018-09-01,192.24,193.84,192.24,193.84,196.56,198.08,190.8,190.08,189.36,187.52,189.36,187.52,193.68,186.0,192.24,190.16,178.56,179.28,179.28,181.04,178.56,184.32,178.56,184.32,176.4,186.48,193.68,186.0,176.4,186.48,196.56,195.44,190.8,190.08,196.56,195.44,222.48,227.12,221.04,221.76,223.2,228.72,221.04,221.76,226.08,227.36,221.04,221.76,224.64,222.64,216.0,221.28,216.0,221.28,216.0,221.28,224.64,222.64,270.0,266.08,273.6,272.8,267.12,265.52,267.12,265.52,273.6,272.8,280.8,260.88,280.8,260.88,280.8,260.88,259.92,264.72,280.8,260.88,273.6,272.8,259.92,264.72,280.8,260.88,280.8,260.88,260.64,251.44,280.8,260.88,259.92,264.72,280.8,260.88,273.6,272.8,210.96,217.36,175.68,183.52,155.52,169.52,257.04,262.16,272.16,267.36,272.16,267.36,259.92,269.12,270.72,260.24,274.32,262.48,274.32,262.48,263.52,264.32,298.08,296.96,259.92,261.12,263.52,264.32,255.6,264.32,285.84,274.72,259.92,269.12,290.88,290.24,249.84,257.04,253.44,266.72,253.44,266.72,259.92,269.12,253.44,266.72,259.92,269.12,257.04,262.16,253.44,266.72,262.8,262.8,275.76,278.0,253.44,266.72,259.92,269.12,275.76,278.0,277.92,264.08,288.0,276.48,270.72,260.24,275.76,278.0,285.84,274.72,255.6,264.32,262.8,262.8,259.92,269.12,288.0,301.28,253.44,266.72,259.92,261.12,249.84,257.04,177.12,174.8,177.12,174.8,183.6,179.84,172.08,172.16,163.44,164.64
2018-10-01,252.96,249.9,252.96,249.9,275.28,261.06,236.59,245.35,253.7,246.59,253.7,246.59,225.43,235.43,241.06,241.97,232.87,229.57,211.3,221.22,226.92,232.13,226.92,232.13,235.1,241.88,225.43,235.43,235.1,241.88,250.73,255.44,236.59,245.35,250.73,255.44,322.9,321.08,312.48,311.32,360.1,345.71,312.48,311.32,328.85,336.04,312.48,311.32,332.57,332.32,311.74,313.06,311.74,313.06,311.74,313.06,332.57,332.32,395.06,398.62,400.27,405.81,393.58,387.87,393.58,387.87,400.27,405.81,374.98,380.02,374.98,380.02,374.98,380.02,410.69,402.42,374.98,380.02,400.27,405.81,410.69,402.42,374.98,380.02,374.98,380.02,403.25,398.29,374.98,380.02,410.69,402.42,374.98,380.02,400.27,405.81,248.5,253.21,203.11,182.61,112.34,130.2,387.62,400.93,425.57,414.33,425.57,414.33,406.97,412.75,404.74,398.45,395.06,400.35,395.06,400.35,391.34,395.64,414.41,407.96,395.06,389.61,391.34,395.64,397.3,393.82,453.84,417.22,406.97,412.75,418.13,445.57,389.86,397.71,405.48,412.34,405.48,412.34,406.97,412.75,405.48,412.34,406.97,412.75,387.62,400.93,405.48,412.34,409.94,408.21,419.62,418.54,405.48,412.34,406.97,412.75,419.62,418.54,385.39,398.87,435.24,417.63,404.74,398.45,419.62,418.54,453.84,417.22,397.3,393.82,409.94,408.21,406.97,412.75,417.38,438.96,405.48,412.34,395.06,389.61,389.86,397.71,404.74,417.63,404.74,417.63,436.73,435.98,442.68,447.39,393.58,384.9
2018-11-01,277.2,282.8,277.2,282.8,272.16,280.0,216.72,220.8,245.52,246.0,245.52,246.0,269.28,269.84,210.96,221.2,298.8,288.8,247.68,256.0,247.68,249.28,247.68,249.28,219.6,227.2,269.28,269.84,219.6,227.2,236.88,237.76,216.72,220.8,236.88,237.76,162.72,169.28,167.04,175.44,197.28,198.96,167.04,175.44,187.92,181.92,167.04,175.44,213.84,216.72,190.8,193.36,190.8,193.36,190.8,193.36,213.84,216.72,324.72,331.68,347.04,348.64,331.2,334.4,331.2,334.4,347.04,348.64,334.8,335.2,334.8,335.2,334.8,335.2,360.0,358.32,334.8,335.2,347.04,348.64,360.0,358.32,334.8,335.2,334.8,335.2,375.84,354.08,334.8,335.2,360.0,358.32,334.8,335.2,347.04,348.64,279.36,288.08,195.12,198.16,144.0,149.28,350.64,357.92,435.6,423.76,435.6,423.76,433.44,416.48,390.24,388.72,357.12,364.64,357.12,364.64,334.08,344.64,457.2,459.44,363.6,365.28,334.08,344.64,335.52,346.96,429.12,407.52,433.44,416.48,431.28,465.2,416.16,403.84,435.6,428.24,435.6,428.24,433.44,416.48,435.6,428.24,433.44,416.48,350.64,357.92,435.6,428.24,313.92,321.92,452.88,444.4,435.6,428.24,433.44,416.48,452.88,444.4,326.88,338.48,451.44,425.52,390.24,388.72,452.88,444.4,429.12,407.52,335.52,346.96,313.92,321.92,433.44,416.48,478.8,491.28,435.6,428.24,363.6,365.28,416.16,403.84,332.64,343.84,332.64,343.84,378.0,381.92,385.2,377.2,409.68,404.24
2018-12-01,210.55,216.67,210.55,216.67,209.81,212.95,200.14,211.54,210.55,213.94,210.55,213.94,218.74,222.62,207.58,208.57,217.99,207.99,239.57,226.84,223.2,218.9,223.2,218.9,208.32,210.97,218.74,222.62,208.32,210.97,214.27,210.8,200.14,211.54,214.27,210.8,241.06,246.51,258.91,261.47,226.18,232.29,258.91,261.47,234.36,237.01,258.91,261.47,261.14,261.72,273.05,275.61,273.05,275.61,273.05,275.61,261.14,261.72,255.19,251.14,263.38,269.82,247.01,252.71,247.01,252.71,263.38,269.82,261.89,255.61,261.89,255.61,261.89,255.61,264.12,280.65,261.89,255.61,263.38,269.82,264.12,280.65,261.89,255.61,261.89,255.61,294.62,296.11,261.89,255.61,264.12,280.65,261.89,255.61,263.38,269.82,217.99,228.74,124.99,125.65,181.54,174.92,490.3,479.22,549.07,542.38,549.07,542.38,537.17,522.95,508.15,507.33,491.78,484.43,491.78,484.43,462.02,465.66,470.21,478.97,476.16,486.41,462.02,465.66,473.93,468.89,514.1,494.35,537.17,522.95,499.22,511.87,523.03,525.68,568.42,538.24,568.42,538.24,537.17,522.95,568.42,538.24,537.17,522.95,490.3,479.22,568.42,538.24,416.64,457.15,543.12,526.5,568.42,538.24,537.17,522.95,543.12,526.5,447.89,459.96,530.47,512.45,508.15,507.33,543.12,526.5,514.1,494.35,473.93,468.89,416.64,457.15,537.17,522.95,505.18,488.56,568.42,538.24,476.16,486.41,523.03,525.68,455.33,433.42,455.33,433.42,491.78,476.41,453.84,466.16,613.06,562.71
2019-01-01,153.26,150.21,153.26,150.21,153.26,154.17,139.13,137.81,151.03,149.05,151.03,149.05,149.54,146.9,133.92,137.56,135.41,127.97,147.31,142.6,145.08,148.72,145.08,148.72,138.38,142.02,149.54,146.9,138.38,142.02,139.13,139.46,139.13,137.81,139.13,139.46,110.86,112.59,122.02,122.18,105.65,107.38,122.02,122.18,109.37,109.95,122.02,122.18,119.04,119.62,129.46,129.37,129.46,129.37,129.46,129.37,119.04,119.62,149.54,155.83,183.77,180.71,151.78,160.79,151.78,160.79,183.77,180.71,171.12,168.39,171.12,168.39,171.12,168.39,203.11,189.47,171.12,168.39,183.77,180.71,203.11,189.47,171.12,168.39,171.12,168.39,191.21,186.99,171.12,168.39,203.11,189.47,171.12,168.39,183.77,180.71,171.12,172.53,145.08,148.97,148.8,149.71,318.43,330.5,621.98,556.76,621.98,556.76,569.16,567.01,416.64,464.34,432.26,455.82,432.26,455.82,386.14,388.86,660.67,784.18,426.31,396.8,386.14,388.86,406.22,446.73,738.05,675.63,569.16,567.01,522.29,568.83,438.22,475.66,569.9,579.41,569.9,579.41,569.16,567.01,569.9,579.41,569.16,567.01,318.43,330.5,569.9,579.41,338.52,348.69,666.62,657.37,569.9,579.41,569.16,567.01,666.62,657.37,360.84,358.11,724.66,669.77,416.64,464.34,666.62,657.37,738.05,675.63,406.22,446.73,338.52,348.69,569.16,567.01,619.75,721.35,569.9,579.41,426.31,396.8,438.22,475.66,121.27,125.07,121.27,125.07,134.66,128.55,116.06,122.26,156.98,144.91
2019-02-01,43.68,45.47,43.68,45.47,49.06,53.83,56.45,53.31,54.43,51.97,54.43,51.97,45.7,44.58,49.73,53.39,32.26,32.85,45.02,45.17,49.06,48.91,49.06,48.91,48.38,53.01,45.7,44.58,48.38,53.01,56.45,58.39,56.45,53.31,56.45,58.39,28.9,24.12,24.86,26.06,34.27,34.2,24.86,26.06,31.58,30.39,24.86,26.06,43.01,40.02,36.96,34.65,36.96,34.65,36.96,34.65,43.01,40.02,104.83,110.73,130.37,123.27,112.9,111.55,112.9,111.55,130.37,123.27,125.66,112.3,125.66,112.3,125.66,112.3,131.71,122.23,125.66,112.3,130.37,123.27,131.71,122.23,125.66,112.3,125.66,112.3,108.86,116.48,125.66,112.3,131.71,122.23,125.66,112.3,130.37,123.27,41.66,45.47,42.34,43.53,38.3,39.27,333.98,327.41,426.72,420.97,426.72,420.97,395.14,403.87,393.12,371.32,376.32,367.88,376.32,367.88,309.12,332.04,379.01,426.42,314.5,335.93,309.12,332.04,368.93,366.24,408.58,404.32,395.14,403.87,425.38,453.15,376.99,377.89,408.58,407.08,408.58,407.08,395.14,403.87,408.58,407.08,395.14,403.87,333.98,327.41,408.58,407.08,298.37,309.42,433.44,407.31,408.58,407.08,395.14,403.87,433.44,407.31,303.74,312.85,403.2,406.56,393.12,371.32,433.44,407.31,408.58,404.32,368.93,366.24,298.37,309.42,395.14,403.87,386.4,456.89,408.58,407.08,314.5,335.93,376.99,377.89,53.76,54.28,53.76,54.28,53.09,54.13,53.09,51.89,54.43,53.01
2019-03-01,94.49,95.81,94.49,95.81,103.42,103.5,139.13,132.1,110.86,109.53,110.86,109.53,89.28,92.5,126.48,127.97,93.0,92.09,90.02,89.45,95.23,97.88,95.23,97.88,116.06,115.9,89.28,92.5,116.06,115.9,133.18,132.68,139.13,132.1,133.18,132.68,56.54,55.72,52.08,52.74,71.42,69.19,52.08,52.74,63.24,62.25,52.08,52.74,63.24,63.24,52.82,54.23,52.82,54.23,52.82,54.23,63.24,63.24,140.62,136.23,151.78,150.12,170.38,145.33,170.38,145.33,151.78,150.12,171.12,148.22,171.12,148.22,171.12,148.22,146.57,151.69,171.12,148.22,151.78,150.12,146.57,151.69,171.12,148.22,171.12,148.22,142.1,151.03,171.12,148.22,146.57,151.69,171.12,148.22,151.78,150.12,128.71,133.59,147.31,141.53,108.62,111.85,200.88,185.92,213.53,208.32,213.53,208.32,197.16,197.57,183.02,186.5,171.86,175.58,171.86,175.58,172.61,175.83,173.35,177.4,178.56,178.48,172.61,175.83,161.45,168.39,206.83,193.69,197.16,197.57,197.9,195.34,189.72,195.67,224.69,205.1,224.69,205.1,197.16,197.57,224.69,205.1,197.16,197.57,200.88,185.92,224.69,205.1,182.28,184.84,215.02,203.53,224.69,205.1,197.16,197.57,215.02,203.53,179.3,186.08,211.3,201.21,183.02,186.5,215.02,203.53,206.83,193.69,161.45,168.39,182.28,184.84,197.16,197.57,174.84,171.29,224.69,205.1,178.56,178.48,189.72,195.67,36.46,45.38,36.46,45.38,40.92,43.48,46.87,48.53,26.04,23.31
2019-04-01,220.32,219.6,220.32,219.6,221.76,225.76,206.64,216.4,235.44,223.92,235.44,223.92,209.52,211.84,215.28,217.84,221.04,222.08,200.88,204.32,213.12,212.88,213.12,212.88,226.08,218.16,209.52,211.84,226.08,218.16,228.96,232.88,206.64,216.4,228.96,232.88,172.8,168.88,164.16,164.64,214.56,198.88,164.16,164.64,187.92,184.64,164.16,164.64,192.24,193.68,169.2,167.36,169.2,167.36,169.2,167.36,192.24,193.68,251.28,247.28,254.88,256.72,257.04,244.96,257.04,244.96,254.88,256.72,239.76,238.0,239.76,238.0,239.76,238.0,254.16,251.84,239.76,238.0,254.88,256.72,254.16,251.84,239.76,238.0,239.76,238.0,239.76,239.04,239.76,238.0,254.16,251.84,239.76,238.0,254.88,256.72,215.28,214.08,172.8,163.6,96.48,103.44,275.76,274.24,241.2,248.32,241.2,248.32,228.96,239.68,225.36,232.56,239.04,228.8,239.04,228.8,235.44,234.0,236.16,253.76,234.72,242.24,235.44,234.0,223.2,225.68,244.08,231.52,228.96,239.68,243.36,247.84,239.76,234.72,234.72,243.84,234.72,243.84,228.96,239.68,234.72,243.84,228.96,239.68,275.76,274.24,234.72,243.84,228.24,232.56,263.52,245.2,234.72,243.84,228.96,239.68,263.52,245.2,234.72,245.6,261.36,238.72,225.36,232.56,263.52,245.2,244.08,231.52,223.2,225.68,228.24,232.56,228.96,239.68,239.76,258.24,234.72,243.84,234.72,242.24,239.76,234.72,145.44,145.36,145.44,145.36,153.36,149.12,154.8,155.28,129.6,130.8
2019-05-01,191.95,187.07,191.95,187.07,200.14,206.5,200.14,200.88,194.93,197.9,194.93,197.9,183.77,180.54,203.86,202.53,151.78,155.58,171.86,172.19,183.77,186.66,183.77,186.66,200.88,199.14,183.77,180.54,200.88,199.14,208.32,211.54,200.14,200.88,208.32,211.54,226.18,231.55,223.2,227.83,280.49,272.14,223.2,227.83,251.47,251.06,223.2,227.83,275.28,278.17,242.54,239.73,242.54,239.73,242.54,239.73,275.28,278.17,225.43,214.6,210.55,216.92,216.5,213.36,216.5,213.36,210.55,216.92,231.38,204.77,231.38,204.77,231.38,204.77,223.94,209.73,231.38,204.77,210.55,216.92,223.94,209.73,231.38,204.77,231.38,204.77,182.28,200.14,231.38,204.77,223.94,209.73,231.38,204.77,210.55,216.92,203.11,200.88,229.15,214.52,205.34,208.49,180.79,188.4,206.09,210.3,206.09,210.3,197.16,203.36,210.55,206.17,206.83,201.29,206.83,201.29,197.9,203.36,200.14,195.42,213.53,202.7,197.9,203.36,198.65,194.76,191.95,188.98,197.16,203.36,211.3,205.92,220.97,210.72,217.25,207.41,217.25,207.41,197.16,203.36,217.25,207.41,197.16,203.36,180.79,188.4,217.25,207.41,206.83,197.57,199.39,201.21,217.25,207.41,197.16,203.36,199.39,201.21,192.7,197.49,195.67,196.17,210.55,206.17,199.39,201.21,191.95,188.98,198.65,194.76,206.83,197.57,197.16,203.36,209.06,209.56,217.25,207.41,213.53,202.7,220.97,210.72,186.74,186.83,186.74,186.83,174.84,180.38,184.51,179.55,177.82,175.34
2019-06-01,298.8,274.8,298.8,274.8,262.8,270.96,225.36,225.76,250.56,240.0,250.56,240.0,252.72,260.24,215.28,224.0,298.08,282.0,242.64,245.36,238.32,243.2,238.32,243.2,217.44,227.6,252.72,260.24,217.44,227.6,232.56,231.36,225.36,225.76,232.56,231.36,187.92,189.44,180.0,182.8,180.0,183.04,180.0,182.8,185.04,185.84,180.0,182.8,172.8,174.48,175.68,176.8,175.68,176.8,175.68,176.8,172.8,174.48,185.76,188.96,212.4,201.2,198.0,196.32,198.0,196.32,212.4,201.2,199.44,202.0,199.44,202.0,199.44,202.0,215.28,206.64,199.44,202.0,212.4,201.2,215.28,206.64,199.44,202.0,199.44,202.0,215.28,203.2,199.44,202.0,215.28,206.64,199.44,202.0,212.4,201.2,399.6,410.72,307.44,310.64,272.88,292.16,264.24,266.56,285.84,276.4,285.84,276.4,261.36,264.08,266.4,266.72,249.84,256.88,249.84,256.88,272.16,260.32,237.6,258.64,282.96,267.68,272.16,260.32,237.6,247.6,276.48,245.92,261.36,264.08,275.04,264.64,290.16,275.44,260.64,271.36,260.64,271.36,261.36,264.08,260.64,271.36,261.36,264.08,264.24,266.56,260.64,271.36,263.52,266.72,271.44,257.68,260.64,271.36,261.36,264.08,271.44,257.68,265.68,267.76,252.0,250.64,266.4,266.72,271.44,257.68,276.48,245.92,237.6,247.6,263.52,266.72,261.36,264.08,259.2,263.6,260.64,271.36,282.96,267.68,290.16,275.44,169.2,170.96,169.2,170.96,177.84,171.84,169.92,170.8,182.88,175.36
2019-07-01,89.28,89.28,89.28,89.28,90.02,92.01,101.18,102.67,98.95,101.6,98.95,101.6,93.0,92.01,109.37,108.13,84.07,88.12,100.44,97.13,93.74,99.2,93.74,99.2,106.39,109.04,93.0,92.01,106.39,109.04,106.39,106.72,101.18,102.67,106.39,106.72,153.26,152.35,145.82,149.71,160.7,164.59,145.82,149.71,150.29,156.82,145.82,149.71,163.68,159.63,147.31,150.62,147.31,150.62,147.31,150.62,163.68,159.63,100.44,98.46,104.9,101.93,98.95,96.14,98.95,96.14,104.9,101.93,93.74,92.42,93.74,92.42,93.74,92.42,98.95,96.22,93.74,92.42,104.9,101.93,98.95,96.22,93.74,92.42,93.74,92.42,87.05,88.45,93.74,92.42,98.95,96.22,93.74,92.42,104.9,101.93,212.04,202.95,164.42,178.31,172.61,183.85,153.26,157.23,188.98,189.89,188.98,189.89,186.0,187.24,192.7,181.04,171.86,173.43,171.86,173.43,168.14,168.06,203.11,207.33,182.28,176.74,168.14,168.06,163.68,165.91,190.46,188.07,186.0,187.24,171.12,174.51,187.49,188.65,183.77,192.28,183.77,192.28,186.0,187.24,183.77,192.28,186.0,187.24,153.26,157.23,183.77,192.28,146.57,150.29,201.62,193.61,183.77,192.28,186.0,187.24,201.62,193.61,165.91,157.73,194.18,191.13,192.7,181.04,201.62,193.61,190.46,188.07,163.68,165.91,146.57,150.29,186.0,187.24,194.18,207.16,183.77,192.28,182.28,176.74,187.49,188.65,87.05,88.29,87.05,88.29,84.07,86.14,83.33,82.75,134.66,122.51
2019-08-01,59.52,61.59,59.52,61.59,63.98,68.94,83.33,87.71,103.42,91.59,103.42,91.59,63.98,68.2,93.74,92.5,52.82,51.17,74.4,74.07,79.61,83.25,79.61,83.25,110.11,98.54,63.98,68.2,110.11,98.54,93.0,87.71,83.33,87.71,93.0,87.71,218.74,223.28,205.34,205.76,204.6,211.87,205.34,205.76,212.78,217.66,205.34,205.76,187.49,186.99,189.72,192.37,189.72,192.37,189.72,192.37,187.49,186.99,125.74,122.18,123.5,121.85,125.74,120.86,125.74,120.86,123.5,121.85,112.34,115.24,112.34,115.24,112.34,115.24,128.71,117.22,112.34,115.24,123.5,121.85,128.71,117.22,112.34,115.24,112.34,115.24,109.37,110.03,112.34,115.24,128.71,117.22,112.34,115.24,123.5,121.85,197.9,205.26,162.94,176.16,226.92,229.23,232.87,212.7,195.67,198.48,195.67,198.48,179.3,196.17,221.71,199.39,224.69,200.8,224.69,200.8,212.78,204.68,151.78,163.6,186.74,203.28,212.78,204.68,215.02,196.25,191.21,177.07,179.3,196.17,169.63,173.35,191.21,199.72,190.46,195.18,190.46,195.18,179.3,196.17,190.46,195.18,179.3,196.17,232.87,212.7,190.46,195.18,205.34,214.44,186.74,177.24,190.46,195.18,179.3,196.17,186.74,177.24,197.16,210.06,192.7,176.25,221.71,199.39,186.74,177.24,191.21,177.07,215.02,196.25,205.34,214.44,179.3,196.17,159.22,155.33,190.46,195.18,186.74,203.28,191.21,199.72,247.01,235.19,247.01,235.19,239.57,232.13,217.25,229.4,307.27,254.37
2019-09-01,79.2,76.64,79.2,76.64,81.36,82.48,93.6,98.0,86.4,87.36,86.4,87.36,76.32,77.36,88.56,95.84,66.24,63.28,77.04,77.68,78.48,82.4,78.48,82.4,87.84,94.08,76.32,77.36,87.84,94.08,90.0,92.88,93.6,98.0,90.0,92.88,138.24,142.48,137.52,141.52,138.96,143.68,137.52,141.52,139.68,142.0,137.52,141.52,149.04,148.4,145.44,144.72,145.44,144.72,145.44,144.72,149.04,148.4,125.28,128.64,144.72,131.2,138.24,129.92,138.24,129.92,144.72,131.2,128.88,128.64,128.88,128.64,128.88,128.64,129.6,129.84,128.88,128.64,144.72,131.2,129.6,129.84,128.88,128.64,128.88,128.64,121.68,125.28,128.88,128.64,129.6,129.84,128.88,128.64,144.72,131.2,170.64,160.72,121.68,124.8,110.16,122.96,144.0,138.48,210.96,209.84,210.96,209.84,190.08,195.44,168.48,170.64,162.0,161.6,162.0,161.6,154.08,148.8,208.08,258.64,149.04,152.72,154.08,148.8,151.2,161.44,216.0,201.36,190.08,195.44,208.08,230.24,176.4,179.2,210.24,204.48,210.24,204.48,190.08,195.44,210.24,204.48,190.08,195.44,144.0,138.48,210.24,204.48,131.04,141.2,236.88,218.4,210.24,204.48,190.08,195.44,236.88,218.4,133.92,138.56,224.64,213.44,168.48,170.64,236.88,218.4,216.0,201.36,151.2,161.44,131.04,141.2,190.08,195.44,203.76,264.16,210.24,204.48,149.04,152.72,176.4,179.2,129.6,125.04,129.6,125.04,128.16,132.64,136.8,135.68,131.04,139.12
2019-10-01,244.78,238.25,244.78,238.25,256.68,248.58,252.96,259.57,255.19,251.97,255.19,251.97,229.9,233.7,256.68,256.02,196.42,204.19,224.69,225.68,235.1,237.58,235.1,237.58,257.42,250.98,229.9,233.7,257.42,250.98,270.07,271.73,252.96,259.57,270.07,271.73,372.0,381.26,372.0,371.34,429.29,421.1,372.0,371.34,398.78,401.84,372.0,371.34,403.99,406.06,372.74,374.31,372.74,374.31,372.74,374.31,403.99,406.06,427.8,436.07,472.44,464.09,433.01,430.45,433.01,430.45,472.44,464.09,433.01,423.17,433.01,423.17,433.01,423.17,466.49,455.91,433.01,423.17,472.44,464.09,466.49,455.91,433.01,423.17,433.01,423.17,438.96,426.81,433.01,423.17,466.49,455.91,433.01,423.17,472.44,464.09,316.94,329.67,261.14,255.44,155.5,172.61,387.62,357.7,412.92,398.45,412.92,398.45,406.22,401.35,390.6,382.75,377.21,384.73,377.21,384.73,395.81,368.94,427.8,443.67,354.89,362.58,395.81,368.94,366.79,381.59,417.38,395.73,406.22,401.35,405.48,416.14,374.98,376.22,399.53,403.0,399.53,403.0,406.22,401.35,399.53,403.0,406.22,401.35,387.62,357.7,399.53,403.0,351.91,370.02,423.34,417.22,399.53,403.0,406.22,401.35,423.34,417.22,366.05,370.51,415.9,405.31,390.6,382.75,423.34,417.22,417.38,395.73,366.79,381.59,351.91,370.02,406.22,401.35,453.1,478.31,399.53,403.0,354.89,362.58,374.98,376.22,164.42,168.56,164.42,168.56,157.73,171.12,176.33,175.91,197.9,196.91
2019-11-01,190.08,194.56,190.08,194.56,187.92,196.56,200.88,205.36,203.76,206.72,203.76,206.72,201.6,199.12,207.36,208.24,198.72,187.2,203.04,209.92,208.08,208.08,208.08,208.08,210.24,214.32,201.6,199.12,210.24,214.32,198.0,201.04,200.88,205.36,198.0,201.04,181.44,187.12,192.96,196.32,202.32,205.04,192.96,196.32,195.12,194.96,192.96,196.32,221.04,221.52,211.68,210.16,211.68,210.16,211.68,210.16,221.04,221.52,237.6,246.32,257.76,255.2,239.04,242.0,239.04,242.0,257.76,255.2,244.08,244.08,244.08,244.08,244.08,244.08,257.04,259.2,244.08,244.08,257.76,255.2,257.04,259.2,244.08,244.08,244.08,244.08,259.2,264.32,244.08,244.08,257.04,259.2,244.08,244.08,257.76,255.2,317.52,319.6,248.4,257.36,262.08,264.24,393.84,374.24,436.32,428.32,436.32,428.32,364.32,384.64,376.56,386.32,370.8,367.12,370.8,367.12,392.4,374.72,367.92,413.84,400.32,389.12,392.4,374.72,335.52,356.0,370.8,360.72,364.32,384.64,414.72,449.52,416.88,405.28,414.72,409.36,414.72,409.36,364.32,384.64,414.72,409.36,364.32,384.64,393.84,374.24,414.72,409.36,337.68,371.84,420.48,402.4,414.72,409.36,364.32,384.64,420.48,402.4,399.6,378.0,387.36,376.56,376.56,386.32,420.48,402.4,370.8,360.72,335.52,356.0,337.68,371.84,364.32,384.64,403.2,452.16,414.72,409.36,400.32,389.12,416.88,405.28,293.76,309.76,293.76,309.76,326.16,329.04,331.2,318.48,320.4,319.84
2019-12-01,462.02,474.92,462.02,474.92,453.1,449.05,401.76,399.78,462.77,450.2,462.77,450.2,474.67,479.71,421.85,418.54,498.48,486.0,477.65,480.95,466.49,466.65,466.49,466.65,432.26,438.3,474.67,479.71,432.26,438.3,401.02,407.05,401.76,399.78,401.02,407.05,30.5,35.05,38.69,42.49,54.31,53.98,38.69,42.49,41.66,43.48,38.69,42.49,77.38,77.54,59.52,59.02,59.52,59.02,59.52,59.02,77.38,77.54,232.87,243.04,274.54,258.0,241.06,242.54,241.06,242.54,274.54,258.0,233.62,239.57,233.62,239.57,233.62,239.57,253.7,255.03,233.62,239.57,274.54,258.0,253.7,255.03,233.62,239.57,233.62,239.57,244.78,240.31,233.62,239.57,253.7,255.03,233.62,239.57,274.54,258.0,450.86,454.67,370.51,345.22,285.7,300.91,601.9,611.73,839.23,832.29,839.23,832.29,812.45,834.19,736.56,755.57,723.17,747.72,723.17,747.72,717.96,691.67,896.52,1040.69,723.17,697.71,717.96,691.67,725.4,730.36,935.21,910.49,812.45,834.19,822.86,935.04,752.18,763.84,810.96,841.05,810.96,841.05,812.45,834.19,810.96,841.05,812.45,834.19,601.9,611.73,810.96,841.05,633.14,646.87,945.62,903.63,810.96,841.05,812.45,834.19,945.62,903.63,640.58,653.07,979.1,904.46,736.56,755.57,945.62,903.63,935.21,910.49,725.4,730.36,633.14,646.87,812.45,834.19,929.26,1061.85,810.96,841.05,723.17,697.71,752.18,763.84,331.08,329.43,331.08,329.43,374.98,357.45,343.73,343.98,383.16,376.13
2020-01-01,117.55,117.8,117.55,117.8,114.58,124.25,128.71,135.49,115.32,116.23,115.32,116.23,118.3,114.99,126.48,129.13,99.7,94.65,110.86,112.01,107.14,111.35,107.14,111.35,115.32,119.12,118.3,114.99,115.32,119.12,148.8,141.53,128.71,135.49,148.8,141.53,11.16,12.32,11.9,13.31,22.32,22.07,11.9,13.31,16.37,16.7,11.9,13.31,29.76,29.84,19.34,19.18,19.34,19.18,19.34,19.18,29.76,29.84,162.94,165.42,184.51,183.11,179.3,170.05,179.3,170.05,184.51,183.11,174.84,178.15,174.84,178.15,174.84,178.15,203.11,190.13,174.84,178.15,184.51,183.11,203.11,190.13,174.84,178.15,174.84,178.15,190.46,197.24,174.84,178.15,203.11,190.13,174.84,178.15,184.51,183.11,132.43,148.3,115.32,121.02,94.49,102.67,343.73,334.3,446.4,442.1,446.4,442.1,439.7,452.27,412.92,410.94,395.06,398.29,395.06,398.29,361.58,369.35,440.45,464.59,377.95,374.15,361.58,369.35,376.46,391.92,489.55,460.12,439.7,452.27,415.15,412.09,427.06,415.9,471.7,452.77,471.7,452.77,439.7,452.27,471.7,452.77,439.7,452.27,343.73,334.3,471.7,452.77,342.98,350.75,500.71,461.94,471.7,452.77,439.7,452.27,500.71,461.94,346.7,352.08,500.71,464.17,412.92,410.94,500.71,461.94,489.55,460.12,376.46,391.92,342.98,350.75,439.7,452.27,436.73,437.22,471.7,452.77,377.95,374.15,427.06,415.9,84.07,84.65,84.07,84.65,87.05,85.97,81.84,83.25,84.07,81.1
2020-02-01,121.8,120.64,121.8,120.64,125.28,126.59,179.57,174.15,162.86,168.9,162.86,168.9,130.85,134.1,178.18,183.67,93.96,91.87,153.12,152.42,153.82,159.46,153.82,159.46,190.01,187.77,130.85,134.1,190.01,187.77,175.39,168.82,179.57,174.15,175.39,168.82,42.46,43.69,44.54,45.86,52.9,54.37,44.54,45.86,47.33,48.18,44.54,45.86,64.73,64.11,53.59,52.51,53.59,52.51,53.59,52.51,64.73,64.11,109.27,111.21,115.54,115.85,112.06,114.61,112.06,114.61,115.54,115.85,116.23,118.55,116.23,118.55,116.23,118.55,123.19,119.25,116.23,118.55,115.54,115.85,123.19,119.25,116.23,118.55,116.23,118.55,122.5,118.94,116.23,118.55,123.19,119.25,116.23,118.55,115.54,115.85,48.72,46.25,55.68,56.22,61.94,59.86,320.86,320.08,422.47,421.39,422.47,421.39,389.06,402.52,388.37,388.83,377.93,372.67,377.93,372.67,364.01,354.81,383.5,348.93,375.14,368.11,364.01,354.81,359.14,353.03,404.38,392.08,389.06,402.52,404.38,371.97,414.82,401.67,418.3,413.27,418.3,413.27,389.06,402.52,418.3,413.27,389.06,402.52,320.86,320.08,418.3,413.27,320.86,320.55,428.74,406.31,418.3,413.27,389.06,402.52,428.74,406.31,329.21,334.62,418.99,400.66,388.37,388.83,428.74,406.31,404.38,392.08,359.14,353.03,320.86,320.55,389.06,402.52,385.58,331.68,418.3,413.27,375.14,368.11,414.82,401.67,157.99,161.86,157.99,161.86,164.95,166.89,176.09,173.23,155.9,148.09
2020-03-01,87.79,85.56,87.79,85.56,93.74,94.65,89.28,94.82,86.3,89.11,86.3,89.11,80.35,81.01,94.49,93.25,78.12,76.3,78.86,77.05,81.1,82.75,81.1,82.75,87.79,90.27,80.35,81.01,87.79,90.27,99.7,97.55,89.28,94.82,99.7,97.55,61.01,59.27,58.78,55.14,62.5,64.07,58.78,55.14,58.78,61.92,58.78,55.14,58.03,59.85,54.31,53.73,54.31,53.73,54.31,53.73,58.03,59.85,186.74,187.57,197.16,204.6,183.77,185.67,183.77,185.67,197.16,204.6,180.05,181.95,180.05,181.95,180.05,181.95,200.14,200.47,180.05,181.95,197.16,204.6,200.14,200.47,180.05,181.95,180.05,181.95,195.67,190.71,180.05,181.95,200.14,200.47,180.05,181.95,197.16,204.6,125.74,136.23,118.3,118.87,79.61,92.01,300.58,297.6,392.83,392.75,392.83,392.75,378.7,382.25,385.39,369.44,361.58,347.2,361.58,347.2,334.8,321.74,379.44,366.54,337.03,345.38,334.8,321.74,331.82,321.57,385.39,363.24,378.7,382.25,405.48,386.8,396.55,379.27,392.83,388.12,392.83,388.12,378.7,382.25,392.83,388.12,378.7,382.25,300.58,297.6,392.83,388.12,264.86,277.18,383.9,385.06,392.83,388.12,378.7,382.25,383.9,385.06,293.14,294.87,396.55,378.28,385.39,369.44,383.9,385.06,385.39,363.24,331.82,321.57,264.86,277.18,378.7,382.25,381.67,354.64,392.83,388.12,337.03,345.38,396.55,379.27,64.73,60.43,64.73,60.43,64.73,60.35,63.24,57.21,72.91,61.01
2020-04-01,190.8,192.16,190.8,192.16,201.6,204.08,210.24,212.0,190.8,192.08,190.8,192.08,177.84,183.44,202.32,205.84,195.84,194.08,186.48,175.2,188.64,183.44,188.64,183.44,194.4,196.56,177.84,183.44,194.4,196.56,199.44,203.68,210.24,212.0,199.44,203.68,174.24,179.52,169.2,173.2,198.72,204.64,169.2,173.2,208.08,192.64,169.2,173.2,205.92,207.52,183.6,182.4,183.6,182.4,183.6,182.4,205.92,207.52,348.48,346.8,377.28,381.44,336.24,347.92,336.24,347.92,377.28,381.44,349.2,337.92,349.2,337.92,349.2,337.92,365.04,373.84,349.2,337.92,377.28,381.44,365.04,373.84,349.2,337.92,349.2,337.92,358.56,356.56,349.2,337.92,365.04,373.84,349.2,337.92,377.28,381.44,201.6,195.28,120.24,118.0,91.44,99.52,316.8,313.36,321.84,316.0,321.84,316.0,295.2,294.88,285.12,300.8,278.64,291.84,278.64,291.84,326.88,303.04,292.32,286.88,323.28,307.2,326.88,303.04,266.4,280.24,298.8,295.76,295.2,294.88,315.36,316.8,307.44,305.12,299.52,306.4,299.52,306.4,295.2,294.88,299.52,306.4,295.2,294.88,316.8,313.36,299.52,306.4,303.84,312.72,297.36,307.92,299.52,306.4,295.2,294.88,297.36,307.92,317.52,315.28,306.0,300.64,285.12,300.8,297.36,307.92,298.8,295.76,266.4,280.24,303.84,312.72,295.2,294.88,306.72,281.04,299.52,306.4,323.28,307.2,307.44,305.12,174.24,170.72,174.24,170.72,170.64,181.84,174.24,170.8,208.8,216.16
2020-05-01,221.71,229.57,221.71,229.57,225.43,230.14,194.18,198.65,206.09,206.91,206.09,206.91,226.92,217.33,180.79,195.09,234.36,234.19,214.27,208.73,206.83,209.15,206.83,209.15,188.23,192.61,226.92,217.33,188.23,192.61,200.14,204.93,194.18,198.65,200.14,204.93,289.42,287.02,275.28,271.73,317.69,306.11,275.28,271.73,302.06,297.35,275.28,271.73,287.18,288.34,263.38,266.93,263.38,266.93,263.38,266.93,287.18,288.34,279.74,271.48,287.18,281.07,258.91,267.84,258.91,267.84,287.18,281.07,254.45,255.03,254.45,255.03,254.45,255.03,283.46,269.41,254.45,255.03,287.18,281.07,283.46,269.41,254.45,255.03,254.45,255.03,248.5,257.01,254.45,255.03,283.46,269.41,254.45,255.03,287.18,281.07,354.14,347.78,212.04,229.9,266.35,259.99,270.07,267.76,306.53,303.47,306.53,303.47,307.27,294.46,293.88,296.61,265.61,286.52,265.61,286.52,258.91,276.93,267.84,248.5,312.48,281.73,258.91,276.93,276.02,276.77,275.28,278.5,307.27,294.46,288.67,282.14,305.78,304.71,334.06,302.73,334.06,302.73,307.27,294.46,334.06,302.73,307.27,294.46,270.07,267.76,334.06,302.73,261.14,276.69,297.6,292.06,334.06,302.73,307.27,294.46,297.6,292.06,261.89,277.18,284.21,283.55,293.88,296.61,297.6,292.06,275.28,278.5,276.02,276.77,261.14,276.69,307.27,294.46,276.02,248.66,334.06,302.73,312.48,281.73,305.78,304.71,132.43,140.78,132.43,140.78,133.92,138.14,145.82,145.66,115.32,118.63
2020-06-01,321.12,316.56,321.12,316.56,313.92,313.76,266.4,268.32,277.92,283.2,277.92,283.2,295.2,303.84,266.4,270.8,308.16,312.48,286.56,289.2,280.08,284.4,280.08,284.4,276.48,272.24,295.2,303.84,276.48,272.24,277.92,279.84,266.4,268.32,277.92,279.84,194.4,196.24,200.88,201.04,200.16,206.16,200.88,201.04,192.24,198.08,200.88,201.04,223.92,223.84,210.96,211.92,210.96,211.92,210.96,211.92,223.92,223.84,207.36,206.56,201.6,205.36,208.8,203.52,208.8,203.52,201.6,205.36,206.64,200.08,206.64,200.08,206.64,200.08,203.76,204.64,206.64,200.08,201.6,205.36,203.76,204.64,206.64,200.08,206.64,200.08,199.44,198.0,206.64,200.08,203.76,204.64,206.64,200.08,201.6,205.36,350.64,366.88,280.8,268.64,270.0,269.92,359.28,358.32,359.28,364.0,359.28,364.0,344.16,350.88,336.24,339.76,316.8,325.36,316.8,325.36,328.32,330.88,393.12,380.48,328.32,343.84,328.32,330.88,305.28,323.6,378.72,348.88,344.16,350.88,376.56,395.68,341.28,346.0,354.24,357.28,354.24,357.28,344.16,350.88,354.24,357.28,344.16,350.88,359.28,358.32,354.24,357.28,331.2,338.8,383.76,371.04,354.24,357.28,344.16,350.88,383.76,371.04,347.04,341.92,375.12,360.88,336.24,339.76,383.76,371.04,378.72,348.88,305.28,323.6,331.2,338.8,344.16,350.88,390.96,396.64,354.24,357.28,328.32,343.84,341.28,346.0,246.96,250.32,246.96,250.32,257.04,254.8,277.92,251.44,228.96,217.92
2020-07-01,242.54,242.13,242.54,242.13,247.75,248.99,252.22,248.91,263.38,256.02,263.38,256.02,229.9,242.46,262.63,253.29,225.43,220.97,234.36,243.37,245.52,246.76,245.52,246.76,255.19,256.6,229.9,242.46,255.19,256.6,264.86,261.47,252.22,248.91,264.86,261.47,278.26,281.23,279.74,274.95,282.72,289.0,279.74,274.95,282.72,285.7,279.74,274.95,269.33,268.91,273.05,270.9,273.05,270.9,273.05,270.9,269.33,268.91,293.88,303.8,319.92,323.39,305.78,302.89,305.78,302.89,319.92,323.39,308.02,305.21,308.02,305.21,308.02,305.21,326.62,329.1,308.02,305.21,319.92,323.39,326.62,329.1,308.02,305.21,308.02,305.21,332.57,327.69,308.02,305.21,326.62,329.1,308.02,305.21,319.92,323.39,406.22,423.58,325.87,344.72,322.15,331.99,281.98,292.64,337.03,331.91,337.03,331.91,328.85,335.38,299.09,308.02,304.3,310.5,304.3,310.5,294.62,303.97,392.09,440.61,302.06,292.72,294.62,303.97,300.58,314.96,382.42,374.81,328.85,335.38,351.91,391.01,295.37,309.59,322.9,334.88,322.9,334.88,328.85,335.38,322.9,334.88,328.85,335.38,281.98,292.64,322.9,334.88,357.86,316.7,377.95,366.46,322.9,334.88,328.85,335.38,377.95,366.46,290.16,304.46,382.42,366.87,299.09,308.02,377.95,366.46,382.42,374.81,300.58,314.96,357.86,316.7,328.85,335.38,395.06,470.87,322.9,334.88,302.06,292.72,295.37,309.59,249.24,253.46,249.24,253.46,274.54,260.15,252.22,255.61,265.61,259.57
2020-08-01,166.66,170.13,166.66,170.13,165.91,167.9,154.01,150.87,154.01,156.07,154.01,156.07,163.68,166.66,153.26,151.69,168.89,169.22,162.94,165.0,158.47,159.22,158.47,159.22,156.98,150.7,163.68,166.66,156.98,150.7,148.06,152.77,154.01,150.87,148.06,152.77,155.5,155.33,152.52,155.41,143.59,145.41,152.52,155.41,151.78,151.53,152.52,155.41,140.62,143.26,154.01,157.07,154.01,157.07,154.01,157.07,140.62,143.26,90.77,87.46,93.74,93.0,90.77,90.27,90.77,90.27,93.74,93.0,96.72,90.77,96.72,90.77,96.72,90.77,96.72,93.25,96.72,90.77,93.74,93.0,96.72,93.25,96.72,90.77,96.72,90.77,93.0,92.26,96.72,90.77,96.72,93.25,96.72,90.77,93.74,93.0,220.22,231.47,184.51,192.53,181.54,191.04,300.58,287.1,320.66,317.69,320.66,317.69,305.04,303.55,286.44,292.64,273.79,283.3,273.79,283.3,276.77,278.59,349.68,357.86,289.42,287.27,276.77,278.59,272.3,271.23,316.2,308.84,305.04,303.55,322.9,330.58,293.88,303.55,318.43,311.74,318.43,311.74,305.04,303.55,318.43,311.74,305.04,303.55,300.58,287.1,318.43,311.74,264.86,265.94,318.43,322.73,318.43,311.74,305.04,303.55,318.43,322.73,284.95,282.22,328.1,315.37,286.44,292.64,318.43,322.73,316.2,308.84,272.3,271.23,264.86,265.94,305.04,303.55,343.73,364.73,318.43,311.74,289.42,287.27,293.88,303.55,114.58,122.35,114.58,122.35,118.3,127.31,154.01,131.11,138.38,137.89
2020-09-01,251.28,257.12,251.28,257.12,264.96,260.56,231.84,232.08,235.44,239.84,235.44,239.84,249.12,248.72,232.56,232.88,259.92,260.88,237.6,238.4,241.92,239.68,241.92,239.68,228.24,231.36,249.12,248.72,228.24,231.36,240.48,243.76,231.84,232.08,240.48,243.76,277.92,287.2,275.76,280.88,303.12,302.8,275.76,280.88,289.44,293.6,275.76,280.88,288.72,287.44,282.24,284.32,282.24,284.32,282.24,284.32,288.72,287.44,268.56,265.12,280.08,274.32,252.0,258.72,252.0,258.72,280.08,274.32,254.16,252.8,254.16,252.8,254.16,252.8,267.12,268.4,254.16,252.8,280.08,274.32,267.12,268.4,254.16,252.8,254.16,252.8,267.12,266.48,254.16,252.8,267.12,268.4,254.16,252.8,280.08,274.32,294.48,304.64,238.32,238.48,228.96,243.76,391.68,390.16,480.24,470.08,480.24,470.08,462.24,455.04,414.0,429.44,417.6,419.28,417.6,419.28,399.6,399.84,525.6,530.32,400.32,403.84,399.6,399.84,406.08,414.08,473.76,458.88,462.24,455.04,527.04,521.44,428.4,433.2,483.84,462.64,483.84,462.64,462.24,455.04,483.84,462.64,462.24,455.04,391.68,390.16,483.84,462.64,383.04,398.64,486.0,490.48,483.84,462.64,462.24,455.04,486.0,490.48,402.48,394.88,476.64,474.56,414.0,429.44,486.0,490.48,473.76,458.88,406.08,414.08,383.04,398.64,462.24,455.04,537.84,552.08,483.84,462.64,400.32,403.84,428.4,433.2,129.6,134.48,129.6,134.48,128.16,130.56,121.68,127.28,149.76,142.48
2020-10-01,155.5,153.84,155.5,153.84,151.78,154.83,126.48,127.55,130.2,131.11,130.2,131.11,139.13,141.44,125.74,126.98,179.3,169.55,131.69,130.2,132.43,130.94,132.43,130.94,128.71,126.81,139.13,141.44,128.71,126.81,127.97,132.68,126.48,127.55,127.97,132.68,301.32,305.87,291.65,294.95,320.66,322.32,291.65,294.95,308.02,310.58,291.65,294.95,313.22,309.5,287.93,291.57,287.93,291.57,287.93,291.57,313.22,309.5,176.33,178.39,174.84,179.63,171.86,172.28,171.86,172.28,174.84,179.63,167.4,165.66,167.4,165.66,167.4,165.66,177.07,174.67,167.4,165.66,174.84,179.63,177.07,174.67,167.4,165.66,167.4,165.66,168.89,169.05,167.4,165.66,177.07,174.67,167.4,165.66,174.84,179.63,434.5,443.67,295.37,301.49,340.01,360.34,287.93,292.47,328.1,319.34,328.1,319.34,325.13,323.97,329.59,322.48,334.8,322.73,334.8,322.73,323.64,314.71,302.06,281.81,313.22,309.75,323.64,314.71,319.92,315.04,308.76,300.74,325.13,323.97,315.46,306.45,322.9,316.61,329.59,322.15,329.59,322.15,325.13,323.97,329.59,322.15,325.13,323.97,287.93,292.47,329.59,322.15,296.86,309.09,319.18,312.89,329.59,322.15,325.13,323.97,319.18,312.89,297.6,303.47,319.18,307.02,329.59,322.48,319.18,312.89,308.76,300.74,319.92,315.04,296.86,309.09,325.13,323.97,307.27,283.46,329.59,322.15,313.22,309.75,322.9,316.61,164.42,162.44,164.42,162.44,168.89,166.16,148.8,151.28,189.72,182.11
2020-11-01,341.28,347.68,341.28,347.68,345.6,348.0,316.08,314.32,323.28,329.28,323.28,329.28,331.92,339.04,306.72,316.24,351.36,345.84,337.68,339.28,334.08,335.36,334.08,335.36,311.76,322.48,331.92,339.04,311.76,322.48,307.44,319.52,316.08,314.32,307.44,319.52,335.52,340.72,329.76,336.72,349.92,341.04,329.76,336.72,345.6,340.8,329.76,336.72,318.96,327.6,325.44,332.32,325.44,332.32,325.44,332.32,318.96,327.6,335.52,335.36,347.76,345.6,346.32,336.72,346.32,336.72,347.76,345.6,339.84,337.36,339.84,337.36,339.84,337.36,342.72,348.4,339.84,337.36,347.76,345.6,342.72,348.4,339.84,337.36,339.84,337.36,351.36,345.6,339.84,337.36,342.72,348.4,339.84,337.36,347.76,345.6,330.48,336.8,274.32,273.6,319.68,314.96,382.32,385.84,473.76,457.36,473.76,457.36,447.84,448.24,416.88,432.72,428.4,424.56,428.4,424.56,426.96,401.68,466.56,473.04,421.92,411.04,426.96,401.68,400.32,417.92,483.12,452.88,447.84,448.24,442.08,473.92,421.92,436.32,440.64,451.92,440.64,451.92,447.84,448.24,440.64,451.92,447.84,448.24,382.32,385.84,440.64,451.92,374.4,384.24,467.28,462.16,440.64,451.92,447.84,448.24,467.28,462.16,372.96,389.44,480.24,456.64,416.88,432.72,467.28,462.16,483.12,452.88,400.32,417.92,374.4,384.24,447.84,448.24,444.24,471.84,440.64,451.92,421.92,411.04,421.92,436.32,544.32,520.64,544.32,520.64,566.64,555.68,532.8,536.32,599.76,600.24
2020-12-01,255.19,251.72,255.19,251.72,258.17,257.92,275.28,275.94,270.82,271.64,270.82,271.64,252.22,257.92,281.98,279.25,236.59,223.53,276.02,272.55,268.58,272.88,268.58,272.88,274.54,281.73,252.22,257.92,274.54,281.73,265.61,271.39,275.28,275.94,265.61,271.39,231.38,241.39,257.42,265.03,235.1,239.57,257.42,265.03,230.64,237.58,257.42,265.03,281.98,280.98,285.7,289.25,285.7,289.25,285.7,289.25,281.98,280.98,238.08,241.97,239.57,239.57,243.29,240.15,243.29,240.15,239.57,239.57,247.01,236.26,247.01,236.26,247.01,236.26,235.85,236.43,247.01,236.26,239.57,239.57,235.85,236.43,247.01,236.26,247.01,236.26,227.66,225.43,247.01,236.26,235.85,236.43,247.01,236.26,239.57,239.57,363.82,368.69,245.52,265.44,222.46,238.99,344.47,338.77,428.54,419.45,428.54,419.45,409.94,411.1,398.78,393.58,380.93,377.21,380.93,377.21,363.82,357.2,422.59,422.84,369.77,372.17,363.82,357.2,355.63,362.25,427.06,410.77,409.94,411.1,428.54,431.77,387.62,399.78,418.87,417.38,418.87,417.38,409.94,411.1,418.87,417.38,409.94,411.1,344.47,338.77,418.87,417.38,323.64,325.71,440.45,427.14,418.87,417.38,409.94,411.1,440.45,427.14,336.29,340.42,428.54,418.38,398.78,393.58,440.45,427.14,427.06,410.77,355.63,362.25,323.64,325.71,409.94,411.1,435.98,435.07,418.87,417.38,369.77,372.17,387.62,399.78,501.46,508.48,501.46,508.48,538.66,545.1,514.85,531.46,651.0,630.0
2021-01-01,557.26,554.53,557.26,554.53,537.91,542.54,476.16,471.7,511.87,514.35,511.87,514.35,542.38,544.11,487.32,486.49,598.18,587.43,537.91,536.51,525.26,526.34,525.26,526.34,500.71,498.73,542.38,544.11,500.71,498.73,482.86,488.31,476.16,471.7,482.86,488.31,124.25,125.24,132.43,132.85,132.43,132.93,132.43,132.85,130.2,128.96,132.43,132.85,148.8,149.71,144.34,143.67,144.34,143.67,144.34,143.67,148.8,149.71,318.43,315.21,281.23,284.04,283.46,290.49,283.46,290.49,281.23,284.04,267.84,270.57,267.84,270.57,267.84,270.57,258.91,267.18,267.84,270.57,281.23,284.04,258.91,267.18,267.84,270.57,267.84,270.57,247.01,252.3,267.84,270.57,258.91,267.18,267.84,270.57,281.23,284.04,445.66,445.08,348.19,363.4,463.51,469.79,572.88,598.18,830.3,826.42,830.3,826.42,831.79,828.9,797.57,785.58,755.16,763.26,755.16,763.26,712.75,702.91,762.6,780.79,752.93,731.02,712.75,702.91,728.38,730.53,856.34,838.07,831.79,828.9,784.18,782.27,788.64,797.07,852.62,837.66,852.62,837.66,831.79,828.9,852.62,837.66,831.79,828.9,572.88,598.18,852.62,837.66,595.94,620.91,893.54,833.86,852.62,837.66,831.79,828.9,893.54,833.86,642.07,640.91,884.62,836.59,797.57,785.58,893.54,833.86,856.34,838.07,728.38,730.53,595.94,620.91,831.79,828.9,763.34,750.61,852.62,837.66,752.93,731.02,788.64,797.07,502.94,501.62,502.94,501.62,511.87,502.37,518.57,512.95,417.38,429.87
2021-02-01,44.35,44.5,44.35,44.5,46.37,48.38,59.81,60.26,55.1,52.49,55.1,52.49,44.35,44.87,56.45,56.22,34.94,32.93,46.37,46.14,49.06,49.88,49.06,49.88,51.74,54.13,44.35,44.87,51.74,54.13,56.45,58.91,59.81,60.26,56.45,58.91,7.39,8.51,8.06,9.41,16.13,15.61,8.06,9.41,11.42,11.65,8.06,9.41,20.16,20.53,12.77,13.51,12.77,13.51,12.77,13.51,20.16,20.53,42.34,46.14,58.46,47.26,54.43,49.13,54.43,49.13,58.46,47.26,49.06,47.94,49.06,47.94,49.06,47.94,47.04,46.52,49.06,47.94,58.46,47.26,47.04,46.52,49.06,47.94,49.06,47.94,36.96,48.31,49.06,47.94,47.04,46.52,49.06,47.94,58.46,47.26,151.2,150.6,131.04,135.07,132.38,135.97,393.79,401.63,509.38,495.19,509.38,495.19,509.38,508.55,499.97,493.99,501.31,496.91,501.31,496.91,485.86,477.12,483.84,474.58,477.79,467.49,485.86,477.12,493.25,495.34,522.14,521.02,509.38,508.55,450.91,460.47,499.97,490.11,510.72,506.46,510.72,506.46,509.38,508.55,510.72,506.46,509.38,508.55,393.79,401.63,510.72,506.46,460.99,448.07,514.08,505.05,510.72,506.46,509.38,508.55,514.08,505.05,458.3,444.34,511.39,511.84,499.97,493.99,514.08,505.05,522.14,521.02,493.25,495.34,460.99,448.07,509.38,508.55,478.46,438.67,510.72,506.46,477.79,467.49,499.97,490.11,32.93,33.0,32.93,33.0,31.58,31.81,32.26,30.69,29.57,29.57
2021-03-01,182.28,191.95,182.28,191.95,199.39,201.95,235.1,232.21,216.5,210.88,216.5,210.88,192.7,193.52,223.94,222.95,159.96,158.31,198.65,196.5,200.14,203.44,200.14,203.44,216.5,218.65,192.7,193.52,216.5,218.65,213.53,219.98,235.1,232.21,213.53,219.98,135.41,133.84,129.46,133.42,138.38,141.03,129.46,133.42,140.62,135.49,129.46,133.42,144.34,138.96,137.64,135.66,137.64,135.66,137.64,135.66,144.34,138.96,311.74,312.48,319.92,319.75,308.76,313.72,308.76,313.72,319.92,319.75,308.02,311.32,308.02,311.32,308.02,311.32,328.1,320.83,308.02,311.32,319.92,319.75,328.1,320.83,308.02,311.32,308.02,311.32,312.48,312.81,308.02,311.32,328.1,320.83,308.02,311.32,319.92,319.75,175.58,180.96,152.52,157.65,155.5,157.65,380.93,376.55,464.26,452.1,464.26,452.1,445.66,445.9,424.82,426.06,417.38,416.81,417.38,416.81,414.41,403.0,485.83,459.71,398.04,403.66,414.41,403.0,406.97,414.16,451.61,435.57,445.66,445.9,462.77,466.82,433.75,429.45,466.49,453.84,466.49,453.84,445.66,445.9,466.49,453.84,445.66,445.9,380.93,376.55,466.49,453.84,390.6,391.26,479.88,463.93,466.49,453.84,445.66,445.9,479.88,463.93,393.58,389.53,468.72,454.75,424.82,426.06,479.88,463.93,451.61,435.57,406.97,414.16,390.6,391.26,445.66,445.9,459.79,460.95,466.49,453.84,398.04,403.66,433.75,429.45,498.48,496.66,498.48,496.66,502.2,500.88,510.38,506.58,479.14,455.25
2021-04-01,259.2,262.96,259.2,262.96,267.84,273.92,238.32,251.2,259.92,261.36,259.92,261.36,251.28,252.96,246.96,250.56,249.12,247.2,243.36,241.6,246.24,251.04,246.24,251.04,257.04,253.12,251.28,252.96,257.04,253.12,263.52,261.6,238.32,251.2,263.52,261.6,215.28,218.24,202.32,206.96,226.08,222.96,202.32,206.96,225.36,222.08,202.32,206.96,207.36,206.56,201.6,200.56,201.6,200.56,201.6,200.56,207.36,206.56,281.52,282.0,325.44,305.68,294.48,295.52,294.48,295.52,325.44,305.68,300.24,295.04,300.24,295.04,300.24,295.04,317.52,302.72,300.24,295.04,325.44,305.68,317.52,302.72,300.24,295.04,300.24,295.04,291.6,285.52,300.24,295.04,317.52,302.72,300.24,295.04,325.44,305.68,118.8,126.32,109.44,117.84,113.76,123.2,225.36,228.48,251.28,230.4,251.28,230.4,199.44,201.28,198.0,199.68,176.4,183.36,176.4,183.36,172.08,193.84,208.8,217.12,197.28,207.76,172.08,193.84,174.96,174.48,186.48,194.24,199.44,201.28,218.16,231.84,234.72,220.32,221.04,220.4,221.04,220.4,199.44,201.28,221.04,220.4,199.44,201.28,225.36,228.48,221.04,220.4,194.4,198.72,210.24,214.64,221.04,220.4,199.44,201.28,210.24,214.64,227.52,205.76,203.76,200.8,198.0,199.68,210.24,214.64,186.48,194.24,174.96,174.48,194.4,198.72,199.44,201.28,209.52,223.12,221.04,220.4,197.28,207.76,234.72,220.32,239.04,227.2,239.04,227.2,223.2,215.68,213.84,222.88,164.88,171.76
2021-05-01,232.87,238.25,232.87,238.25,223.2,236.51,236.59,240.73,256.68,248.83,256.68,248.83,241.06,241.39,243.29,249.9,226.18,215.93,243.29,247.67,241.8,244.61,241.8,244.61,266.35,255.03,241.06,241.39,266.35,255.03,237.34,244.86,236.59,240.73,237.34,244.86,230.64,238.58,226.18,233.45,250.73,258.58,226.18,233.45,242.54,247.09,226.18,233.45,255.94,252.05,237.34,236.26,237.34,236.26,237.34,236.26,255.94,252.05,348.19,319.92,328.1,328.77,308.76,319.67,308.76,319.67,328.1,328.77,302.81,316.45,302.81,316.45,302.81,316.45,346.7,329.92,302.81,316.45,328.1,328.77,346.7,329.92,302.81,316.45,302.81,316.45,337.78,336.45,302.81,316.45,346.7,329.92,302.81,316.45,328.1,328.77,383.9,398.12,334.8,341.33,340.01,335.05,229.15,239.32,267.84,262.88,267.84,262.88,241.06,248.74,240.31,245.27,235.1,238.49,235.1,238.49,242.54,237.75,252.96,246.02,236.59,240.73,242.54,237.75,233.62,244.28,249.98,234.61,241.06,248.74,278.26,280.41,254.45,248.66,261.14,254.45,261.14,254.45,241.06,248.74,261.14,254.45,241.06,248.74,229.15,239.32,261.14,254.45,231.38,249.41,263.38,254.61,261.14,254.45,241.06,248.74,263.38,254.61,238.08,239.57,252.96,243.95,240.31,245.27,263.38,254.61,249.98,234.61,233.62,244.28,231.38,249.41,241.06,248.74,265.61,267.92,261.14,254.45,236.59,240.73,254.45,248.66,216.5,220.06,216.5,220.06,244.03,235.1,255.94,236.92,212.78,206.58
2021-06-01,180.72,183.92,180.72,183.92,192.24,191.04,215.28,190.08,179.28,186.96,179.28,186.96,182.16,182.24,194.4,191.6,163.44,169.44,175.68,182.32,174.96,183.52,174.96,183.52,195.12,189.12,182.16,182.24,195.12,189.12,178.56,191.12,215.28,190.08,178.56,191.12,162.72,167.84,182.16,169.84,177.12,179.68,182.16,169.84,173.52,173.28,182.16,169.84,188.64,189.44,180.0,182.4,180.0,182.4,180.0,182.4,188.64,189.44,159.84,154.0,156.96,163.2,154.08,161.2,154.08,161.2,156.96,163.2,156.96,157.92,156.96,157.92,156.96,157.92,181.44,160.0,156.96,157.92,156.96,163.2,181.44,160.0,156.96,157.92,156.96,157.92,144.72,151.28,156.96,157.92,181.44,160.0,156.96,157.92,156.96,163.2,184.32,189.28,187.2,173.28,115.2,139.52,247.68,250.48,288.0,280.32,288.0,280.32,240.48,246.08,242.64,250.0,234.0,235.36,234.0,235.36,240.48,238.24,221.04,215.36,259.92,250.0,240.48,238.24,225.36,224.72,232.56,223.04,240.48,246.08,254.16,269.92,257.04,264.88,259.2,265.52,259.2,265.52,240.48,246.08,259.2,265.52,240.48,246.08,247.68,250.48,259.2,265.52,228.24,234.32,269.28,254.24,259.2,265.52,240.48,246.08,269.28,254.24,243.36,240.96,247.68,236.96,242.64,250.0,269.28,254.24,232.56,223.04,225.36,224.72,228.24,234.32,240.48,246.08,238.32,225.12,259.2,265.52,259.92,250.0,257.04,264.88,171.36,168.88,171.36,168.88,180.72,171.68,180.72,169.52,127.44,136.88
2021-07-01,180.79,180.54,180.79,180.54,178.56,183.11,146.57,150.87,163.68,166.74,163.68,166.74,171.86,174.84,147.31,152.27,166.66,168.39,173.35,173.52,161.45,170.21,161.45,170.21,154.75,155.66,171.86,174.84,154.75,155.66,170.38,161.7,146.57,150.87,170.38,161.7,195.67,193.27,181.54,181.54,186.74,188.89,181.54,181.54,190.46,191.79,181.54,181.54,168.14,167.98,170.38,171.62,170.38,171.62,170.38,171.62,168.14,167.98,120.53,123.01,130.2,126.98,125.74,123.34,125.74,123.34,130.2,126.98,124.25,123.75,124.25,123.75,124.25,123.75,125.74,126.23,124.25,123.75,130.2,126.98,125.74,126.23,124.25,123.75,124.25,123.75,121.27,122.51,124.25,123.75,125.74,126.23,124.25,123.75,130.2,126.98,229.9,238.99,174.1,180.38,184.51,191.21,279.0,277.18,281.23,271.73,281.23,271.73,318.43,289.91,290.16,294.05,298.34,295.37,298.34,295.37,288.67,283.71,270.07,198.65,287.18,284.79,288.67,283.71,289.42,279.66,268.58,277.18,318.43,289.91,237.34,207.91,273.79,289.09,293.88,284.54,293.88,284.54,318.43,289.91,293.88,284.54,318.43,289.91,279.0,277.18,293.88,284.54,270.07,262.88,274.54,275.36,293.88,284.54,318.43,289.91,274.54,275.36,288.67,276.77,279.0,278.75,290.16,294.05,274.54,275.36,268.58,277.18,289.42,279.66,270.07,262.88,318.43,289.91,244.78,175.42,293.88,284.54,287.18,284.79,273.79,289.09,129.46,131.11,129.46,131.11,133.92,137.47,136.9,135.74,148.06,141.86
2021-08-01,290.9,297.93,290.9,297.93,294.62,297.77,229.15,242.21,298.34,287.51,298.34,287.51,293.14,290.08,245.52,254.86,303.55,294.13,276.77,280.98,284.21,284.13,284.21,284.13,261.14,272.47,293.14,290.08,261.14,272.47,256.68,264.37,229.15,242.21,256.68,264.37,255.94,259.08,249.98,252.55,275.28,280.24,249.98,252.55,263.38,266.93,249.98,252.55,278.26,273.96,255.19,256.43,255.19,256.43,255.19,256.43,278.26,273.96,208.32,203.61,196.42,205.84,198.65,199.64,198.65,199.64,196.42,205.84,197.16,192.2,197.16,192.2,197.16,192.2,197.9,199.97,197.16,192.2,196.42,205.84,197.9,199.97,197.16,192.2,197.16,192.2,192.7,192.12,197.16,192.2,197.9,199.97,197.16,192.2,196.42,205.84,417.38,422.59,328.85,341.41,297.6,303.8,374.23,376.88,427.8,406.06,427.8,406.06,411.43,406.14,372.0,386.05,363.07,382.66,363.07,382.66,380.18,371.67,399.53,399.61,377.95,374.15,380.18,371.67,374.23,374.81,441.19,427.14,411.43,406.14,384.65,399.86,380.18,386.38,413.66,408.62,413.66,408.62,411.43,406.14,413.66,408.62,411.43,406.14,374.23,376.88,413.66,408.62,364.56,364.73,438.96,418.46,413.66,408.62,411.43,406.14,438.96,418.46,375.72,374.4,428.54,423.34,372.0,386.05,438.96,418.46,441.19,427.14,374.23,374.81,364.56,364.73,411.43,406.14,392.83,385.64,413.66,408.62,377.95,374.15,380.18,386.38,225.43,223.94,225.43,223.94,240.31,234.19,236.59,238.58,258.17,245.11
2021-09-01,292.32,294.8,292.32,294.8,299.52,300.96,288.72,290.96,294.48,288.4,294.48,288.4,284.4,289.04,297.36,287.84,266.4,268.08,280.08,278.8,288.0,284.08,288.0,284.08,286.56,284.48,284.4,289.04,286.56,284.48,301.68,298.48,288.72,290.96,301.68,298.48,270.0,269.44,258.48,257.36,291.6,286.32,258.48,257.36,271.44,279.36,258.48,257.36,266.4,268.4,254.16,258.96,254.16,258.96,254.16,258.96,266.4,268.4,245.52,252.0,276.48,269.76,257.76,254.64,257.76,254.64,276.48,269.76,262.8,255.68,262.8,255.68,262.8,255.68,277.2,270.08,262.8,255.68,276.48,269.76,277.2,270.08,262.8,255.68,262.8,255.68,264.96,272.72,262.8,255.68,277.2,270.08,262.8,255.68,276.48,269.76,375.12,370.64,285.12,290.88,313.92,316.08,286.56,291.36,328.32,328.4,328.32,328.4,302.4,311.04,285.84,297.36,302.4,293.44,302.4,293.44,306.72,291.36,318.96,359.44,298.8,292.8,306.72,291.36,274.32,287.44,323.28,315.76,302.4,311.04,312.48,337.76,296.64,303.68,307.44,321.68,307.44,321.68,302.4,311.04,307.44,321.68,302.4,311.04,286.56,291.36,307.44,321.68,274.32,306.16,356.4,328.08,307.44,321.68,302.4,311.04,356.4,328.08,299.52,296.0,335.52,319.52,285.84,297.36,356.4,328.08,323.28,315.76,274.32,287.44,274.32,306.16,302.4,311.04,335.52,367.52,307.44,321.68,298.8,292.8,296.64,303.68,179.28,179.52,179.28,179.52,180.0,178.88,171.36,177.2,194.4,187.92
2021-10-01,238.82,238.0,238.82,238.0,237.34,239.98,237.34,242.63,233.62,233.7,233.62,233.7,223.2,231.14,244.03,237.83,218.74,219.4,223.94,225.68,233.62,229.07,233.62,229.07,226.18,233.62,223.2,231.14,226.18,233.62,241.06,241.22,237.34,242.63,241.06,241.22,279.0,288.18,273.05,277.76,325.13,324.22,273.05,277.76,299.83,304.54,273.05,277.76,298.34,300.58,287.18,280.16,287.18,280.16,287.18,280.16,298.34,300.58,171.12,171.45,176.33,177.32,171.12,174.84,171.12,174.84,176.33,177.32,183.77,180.87,183.77,180.87,183.77,180.87,184.51,182.78,183.77,180.87,176.33,177.32,184.51,182.78,183.77,180.87,183.77,180.87,191.21,187.16,183.77,180.87,184.51,182.78,183.77,180.87,176.33,177.32,317.69,323.56,215.76,225.18,254.45,252.05,264.12,272.88,342.98,314.3,342.98,314.3,279.0,282.97,260.4,267.26,249.24,256.51,249.24,256.51,246.26,251.31,276.02,286.03,261.14,258.0,246.26,251.31,234.36,244.28,300.58,282.22,279.0,282.97,337.03,331.58,267.1,280.32,289.42,298.84,289.42,298.84,279.0,282.97,289.42,298.84,279.0,282.97,264.12,272.88,289.42,298.84,271.56,255.69,312.48,304.79,289.42,298.84,279.0,282.97,312.48,304.79,255.19,259.57,302.06,287.43,260.4,267.26,312.48,304.79,300.58,282.22,234.36,244.28,271.56,255.69,279.0,282.97,299.83,303.88,289.42,298.84,261.14,258.0,267.1,280.32,229.15,228.66,229.15,228.66,236.59,236.18,239.57,234.03,235.85,237.25
2021-11-01,331.2,332.96,331.2,332.96,325.44,328.8,241.92,257.2,315.36,300.16,315.36,300.16,316.08,319.84,267.84,267.04,318.24,313.04,303.12,306.88,299.52,303.04,299.52,303.04,279.36,283.12,316.08,319.84,279.36,283.12,290.16,280.88,241.92,257.2,290.16,280.88,369.36,376.88,369.36,378.4,373.68,371.36,369.36,378.4,367.92,371.76,369.36,378.4,368.64,364.8,380.16,372.24,380.16,372.24,380.16,372.24,368.64,364.8,282.96,283.04,293.04,290.56,285.84,277.28,285.84,277.28,293.04,290.56,268.56,271.84,268.56,271.84,268.56,271.84,282.24,282.64,268.56,271.84,293.04,290.56,282.24,282.64,268.56,271.84,268.56,271.84,276.48,272.4,268.56,271.84,282.24,282.64,268.56,271.84,293.04,290.56,267.84,266.08,225.36,228.08,227.52,221.04,403.2,402.24,433.44,421.92,433.44,421.92,424.08,417.52,429.12,422.8,402.48,403.84,402.48,403.84,416.88,403.44,399.6,407.6,437.04,421.92,416.88,403.44,369.36,381.12,413.28,413.12,424.08,417.52,374.4,387.92,436.32,436.72,419.04,429.68,419.04,429.68,424.08,417.52,419.04,429.68,424.08,417.52,403.2,402.24,419.04,429.68,370.8,385.84,421.2,422.0,419.04,429.68,424.08,417.52,421.2,422.0,403.2,400.32,421.2,412.24,429.12,422.8,421.2,422.0,413.28,413.12,369.36,381.12,370.8,385.84,424.08,417.52,422.64,398.16,419.04,429.68,437.04,421.92,436.32,436.72,322.56,321.6,322.56,321.6,336.96,344.88,330.48,337.12,385.2,380.16
2021-12-01,220.97,228.49,220.97,228.49,213.53,221.63,233.62,233.62,236.59,233.45,236.59,233.45,240.31,235.02,234.36,236.51,252.22,235.68,248.5,246.43,235.1,238.41,235.1,238.41,249.98,242.13,240.31,235.02,249.98,242.13,219.48,227.25,233.62,233.62,219.48,227.25,126.48,133.18,138.38,142.02,145.82,150.62,138.38,142.02,134.66,138.47,138.38,142.02,177.07,176.08,159.96,162.11,159.96,162.11,159.96,162.11,177.07,176.08,468.72,469.79,484.34,483.77,465.0,467.89,465.0,467.89,484.34,483.77,480.62,474.09,480.62,474.09,480.62,474.09,493.27,495.5,480.62,474.09,484.34,483.77,493.27,495.5,480.62,474.09,480.62,474.09,510.38,495.75,480.62,474.09,493.27,495.5,480.62,474.09,484.34,483.77,178.56,177.82,142.85,137.31,141.36,143.59,316.2,319.42,487.32,479.38,487.32,479.38,485.09,469.22,421.85,428.05,389.86,394.24,389.86,394.24,375.72,356.38,469.46,507.16,391.34,388.78,375.72,356.38,344.47,369.27,523.78,488.23,485.09,469.22,430.78,504.27,462.02,452.02,491.04,483.77,491.04,483.77,485.09,469.22,491.04,483.77,485.09,469.22,316.2,319.42,491.04,483.77,291.65,311.07,525.26,499.14,491.04,483.77,485.09,469.22,525.26,499.14,331.82,330.25,506.66,498.65,421.85,428.05,525.26,499.14,523.78,488.23,344.47,369.27,291.65,311.07,485.09,469.22,471.7,513.53,491.04,483.77,391.34,388.78,462.02,452.02,727.63,731.85,727.63,731.85,732.84,750.86,723.17,728.87,717.96,699.77
2022-01-01,186.74,161.37,186.74,161.37,174.84,164.42,186.74,179.63,177.07,185.42,177.07,185.42,172.61,176.74,173.35,184.1,114.58,110.77,185.26,186.99,188.98,187.16,188.98,187.16,192.7,188.65,172.61,176.74,192.7,188.65,162.94,168.56,186.74,179.63,162.94,168.56,18.6,22.15,20.83,23.06,29.76,31.5,20.83,23.06,24.55,25.05,20.83,23.06,37.94,39.1,26.78,27.53,26.78,27.53,26.78,27.53,37.94,39.1,195.67,200.71,226.92,222.87,204.6,208.15,204.6,208.15,226.92,222.87,215.76,207.33,215.76,207.33,215.76,207.33,223.94,222.04,215.76,207.33,226.92,222.87,223.94,222.04,215.76,207.33,215.76,207.33,200.14,214.77,215.76,207.33,223.94,222.04,215.76,207.33,226.92,222.87,220.97,219.89,174.1,176.58,173.35,178.23,480.62,470.7,735.07,715.4,735.07,715.4,702.34,699.77,630.17,625.13,592.22,602.64,592.22,602.64,558.0,540.14,714.98,775.25,549.82,558.99,558.0,540.14,565.44,588.83,773.76,740.11,702.34,699.77,682.99,728.05,639.84,646.87,711.26,716.97,711.26,716.97,702.34,699.77,711.26,716.97,702.34,699.77,480.62,470.7,711.26,716.97,467.23,467.15,781.2,749.04,711.26,716.97,702.34,699.77,781.2,749.04,479.14,494.26,802.78,748.3,630.17,625.13,781.2,749.04,773.76,740.11,565.44,588.83,467.23,467.15,702.34,699.77,695.64,745.9,711.26,716.97,549.82,558.99,639.84,646.87,200.88,191.21,200.88,191.21,199.39,205.34,212.04,226.26,161.45,166.16
2022-02-01,295.68,297.7,295.68,297.7,294.34,294.19,311.14,318.15,321.89,320.32,321.89,320.32,298.37,303.97,332.64,329.28,308.45,293.22,322.56,320.54,317.86,319.13,317.86,319.13,337.34,337.27,298.37,303.97,337.34,337.27,311.81,316.36,311.14,318.15,311.81,316.36,257.38,259.91,264.77,272.76,248.64,247.97,264.77,272.76,254.69,253.12,264.77,272.76,263.42,263.05,278.88,277.24,278.88,277.24,278.88,277.24,263.42,263.05,218.4,224.82,219.74,216.83,220.42,224.37,220.42,224.37,219.74,216.83,223.1,224.75,223.1,224.75,223.1,224.75,220.42,217.95,223.1,224.75,219.74,216.83,220.42,217.95,223.1,224.75,223.1,224.75,214.37,215.71,223.1,224.75,220.42,217.95,223.1,224.75,219.74,216.83,188.83,191.07,190.18,190.25,226.46,228.63,338.69,324.05,348.77,355.26,348.77,355.26,346.08,362.73,345.41,357.58,350.78,342.12,350.78,342.12,348.77,337.79,362.21,394.84,356.83,351.68,348.77,337.79,327.94,328.76,379.68,370.79,346.08,362.73,342.72,358.1,368.93,356.16,349.44,360.42,349.44,360.42,346.08,362.73,349.44,360.42,346.08,362.73,338.69,324.05,349.44,360.42,314.5,320.32,380.35,365.34,349.44,360.42,346.08,362.73,380.35,365.34,333.98,333.61,384.38,370.05,345.41,357.58,380.35,365.34,379.68,370.79,327.94,328.76,314.5,320.32,346.08,362.73,357.5,379.9,349.44,360.42,356.83,351.68,368.93,356.16,573.89,573.51,573.89,573.51,619.58,602.71,599.42,592.85,618.24,608.31
2022-03-01,209.81,199.47,209.81,199.47,217.99,216.34,229.15,224.61,217.25,218.49,217.25,218.49,206.09,199.06,240.31,226.51,157.73,155.17,194.18,186.5,200.14,202.04,200.14,202.04,233.62,219.31,206.09,199.06,233.62,219.31,244.78,237.25,229.15,224.61,244.78,237.25,257.42,254.78,250.73,248.08,268.58,266.43,250.73,248.08,258.91,262.63,250.73,248.08,255.94,257.51,259.66,250.4,259.66,250.4,259.66,250.4,255.94,257.51,284.21,282.8,290.16,288.84,289.42,279.91,289.42,279.91,290.16,288.84,267.84,270.73,267.84,270.73,267.84,270.73,275.28,278.26,267.84,270.73,290.16,288.84,275.28,278.26,267.84,270.73,267.84,270.73,258.17,259.49,267.84,270.73,275.28,278.26,267.84,270.73,290.16,288.84,318.43,326.7,339.26,320.58,266.35,272.47,283.46,270.57,260.4,270.4,260.4,270.4,262.63,266.35,260.4,258.25,237.34,249.9,237.34,249.9,239.57,239.98,239.57,231.38,261.14,250.81,239.57,239.98,232.13,250.98,289.42,257.59,262.63,266.35,279.0,250.4,266.35,262.3,281.23,268.25,281.23,268.25,262.63,266.35,281.23,268.25,262.63,266.35,283.46,270.57,281.23,268.25,211.3,242.05,273.79,259.08,281.23,268.25,262.63,266.35,273.79,259.08,225.43,248.5,266.35,257.92,260.4,258.25,273.79,259.08,289.42,257.59,232.13,250.98,211.3,242.05,262.63,266.35,235.1,233.7,281.23,268.25,261.14,250.81,266.35,262.3,181.54,170.21,181.54,170.21,177.07,168.81,160.7,171.2,146.57,141.19
2022-04-01,262.08,262.4,262.08,262.4,275.04,277.92,265.68,264.08,275.04,268.24,275.04,268.24,250.56,257.84,278.64,263.2,249.12,250.48,256.32,259.36,259.92,266.96,259.92,266.96,250.56,265.36,250.56,257.84,250.56,265.36,269.28,264.16,265.68,264.08,269.28,264.16,223.92,220.08,212.4,219.12,247.68,243.68,212.4,219.12,226.08,230.32,212.4,219.12,236.16,235.44,224.64,220.08,224.64,220.08,224.64,220.08,236.16,235.44,226.8,228.16,229.68,233.84,233.28,231.12,233.28,231.12,229.68,233.84,225.36,234.64,225.36,234.64,225.36,234.64,231.84,236.4,225.36,234.64,229.68,233.84,231.84,236.4,225.36,234.64,225.36,234.64,260.64,237.44,225.36,234.64,231.84,236.4,225.36,234.64,229.68,233.84,316.08,326.32,256.32,258.24,267.12,279.36,276.48,266.32,246.24,255.12,246.24,255.12,254.88,257.04,250.56,245.92,250.56,243.36,250.56,243.36,234.0,239.92,234.0,223.68,221.76,240.64,234.0,239.92,239.76,248.64,271.44,251.52,254.88,257.04,248.4,244.0,260.64,248.24,246.96,256.08,246.96,256.08,254.88,257.04,246.96,256.08,254.88,257.04,276.48,266.32,246.96,256.08,241.92,258.16,253.44,246.96,246.96,256.08,254.88,257.04,253.44,246.96,235.44,248.72,269.28,249.68,250.56,245.92,253.44,246.96,271.44,251.52,239.76,248.64,241.92,258.16,254.88,257.04,226.8,215.04,246.96,256.08,221.76,240.64,260.64,248.24,226.8,235.28,226.8,235.28,253.44,252.32,252.72,261.04,263.52,258.96
2022-05-01,206.09,204.19,206.09,204.19,217.99,214.69,229.15,234.11,228.41,221.3,228.41,221.3,195.67,201.95,220.22,228.82,181.54,180.13,194.18,198.57,205.34,207.91,205.34,207.91,212.04,221.55,195.67,201.95,212.04,221.55,244.03,237.91,229.15,234.11,244.03,237.91,259.66,261.47,261.89,261.89,276.77,266.35,261.89,261.89,261.14,263.71,261.89,261.89,255.19,256.6,261.89,258.66,261.89,258.66,261.89,258.66,255.19,256.6,203.11,210.3,230.64,214.02,207.58,208.49,207.58,208.49,230.64,214.02,203.11,203.19,203.11,203.19,203.11,203.19,220.22,213.11,203.11,203.19,230.64,214.02,220.22,213.11,203.11,203.19,203.11,203.19,204.6,208.82,203.11,203.19,220.22,213.11,203.11,203.19,230.64,214.02,278.26,296.69,278.26,266.77,220.97,231.88,296.86,275.11,220.97,221.3,220.97,221.3,270.07,228.41,226.92,240.89,249.24,233.86,249.24,233.86,229.9,236.26,194.93,200.47,235.85,249.41,229.9,236.26,224.69,233.2,209.81,210.47,270.07,228.41,191.21,200.47,246.26,242.46,217.99,225.6,217.99,225.6,270.07,228.41,217.99,225.6,270.07,228.41,296.86,275.11,217.99,225.6,233.62,240.15,199.39,209.81,217.99,225.6,270.07,228.41,199.39,209.81,233.62,247.75,211.3,212.95,226.92,240.89,199.39,209.81,209.81,210.47,224.69,233.2,233.62,240.15,270.07,228.41,202.37,201.46,217.99,225.6,235.85,249.41,246.26,242.46,275.28,269.33,275.28,269.33,276.02,279.33,282.72,277.02,290.9,303.63
2022-06-01,257.76,253.52,257.76,253.52,245.52,254.08,254.16,243.12,240.48,247.92,240.48,247.92,234.0,241.28,239.76,245.36,263.52,266.16,231.84,236.16,252.72,242.96,252.72,242.96,258.48,244.56,234.0,241.28,258.48,244.56,231.84,245.84,254.16,243.12,231.84,245.84,210.24,213.76,208.8,211.28,237.6,238.4,208.8,211.28,220.32,223.36,208.8,211.28,264.96,258.96,213.84,220.08,213.84,220.08,213.84,220.08,264.96,258.96,231.12,234.88,239.04,246.8,229.68,234.4,229.68,234.4,239.04,246.8,235.44,243.12,235.44,243.12,235.44,243.12,264.24,258.8,235.44,243.12,239.04,246.8,264.24,258.8,235.44,243.12,235.44,243.12,285.84,269.76,235.44,243.12,264.24,258.8,235.44,243.12,239.04,246.8,234.72,261.04,232.56,239.84,213.84,220.24,288.72,268.56,333.36,311.6,333.36,311.6,300.24,296.0,264.96,265.6,252.0,255.52,252.0,255.52,241.2,242.72,317.52,360.8,257.04,249.52,241.2,242.72,241.2,237.68,310.32,304.16,300.24,296.0,327.6,346.32,252.72,274.32,317.52,311.28,317.52,311.28,300.24,296.0,317.52,311.28,300.24,296.0,288.72,268.56,317.52,311.28,221.76,241.6,361.44,333.28,317.52,311.28,300.24,296.0,361.44,333.28,243.36,251.44,337.68,318.96,264.96,265.6,361.44,333.28,310.32,304.16,241.2,237.68,221.76,241.6,300.24,296.0,336.24,372.8,317.52,311.28,257.04,249.52,252.72,274.32,199.44,192.0,199.44,192.0,200.16,206.0,216.0,203.36,204.48,212.64
2022-07-01,168.14,161.86,168.14,161.86,162.94,165.83,139.13,144.17,163.68,160.79,163.68,160.79,156.24,152.85,148.06,149.96,145.08,141.77,145.08,149.05,149.54,157.65,149.54,157.65,159.22,157.56,156.24,152.85,159.22,157.56,147.31,153.68,139.13,144.17,147.31,153.68,191.21,192.7,193.44,191.37,199.39,197.99,193.44,191.37,195.67,195.34,193.44,191.37,194.18,194.85,190.46,192.45,190.46,192.45,190.46,192.45,194.18,194.85,115.32,118.96,122.76,111.6,113.09,115.65,113.09,115.65,122.76,111.6,111.6,113.17,111.6,113.17,111.6,113.17,105.65,110.19,111.6,113.17,122.76,111.6,105.65,110.19,111.6,113.17,111.6,113.17,109.37,109.29,111.6,113.17,105.65,110.19,111.6,113.17,122.76,111.6,331.82,330.09,298.34,286.69,318.43,318.1,232.13,233.95,228.41,225.02,228.41,225.02,221.71,228.82,226.18,226.01,226.18,220.72,226.18,220.72,217.25,218.32,188.23,179.88,222.46,226.75,217.25,218.32,217.99,214.85,228.41,212.37,221.71,228.82,190.46,186.99,229.9,229.23,226.92,230.14,226.92,230.14,221.71,228.82,226.92,230.14,221.71,228.82,232.13,233.95,226.92,230.14,203.11,212.62,235.85,217.41,226.92,230.14,221.71,228.82,235.85,217.41,215.02,219.23,243.29,216.42,226.18,226.01,235.85,217.41,228.41,212.37,217.99,214.85,203.11,212.62,221.71,228.82,193.44,173.43,226.92,230.14,222.46,226.75,229.9,229.23,165.91,163.35,165.91,163.35,156.98,156.9,151.03,149.38,216.5,201.46
2022-08-01,230.64,236.92,230.64,236.92,241.8,240.89,206.09,209.97,231.38,226.84,231.38,226.84,235.85,232.38,209.06,215.43,209.81,213.69,228.41,228.16,224.69,227.83,224.69,227.83,215.76,221.22,235.85,232.38,215.76,221.22,228.41,219.07,206.09,209.97,228.41,219.07,189.72,187.49,183.77,184.43,179.3,186.33,183.77,184.43,182.28,186.0,183.77,184.43,180.05,181.7,183.02,182.78,183.02,182.78,183.02,182.78,180.05,181.7,234.36,239.65,241.8,246.43,232.13,239.57,232.13,239.57,241.8,246.43,235.85,238.25,235.85,238.25,235.85,238.25,238.82,250.65,235.85,238.25,241.8,246.43,238.82,250.65,235.85,238.25,235.85,238.25,255.19,254.45,235.85,238.25,238.82,250.65,235.85,238.25,241.8,246.43,273.05,265.19,187.49,199.47,186.0,197.9,306.53,325.05,397.3,382.66,397.3,382.66,369.02,377.7,375.72,365.63,357.12,366.46,357.12,366.46,372.0,355.63,331.82,352.9,366.79,351.58,372.0,355.63,363.82,368.03,396.55,380.68,369.02,377.7,355.63,369.52,363.07,366.96,372.0,382.58,372.0,382.58,369.02,377.7,372.0,382.58,369.02,377.7,306.53,325.05,372.0,382.58,345.96,354.89,396.55,374.15,372.0,382.58,369.02,377.7,396.55,374.15,350.42,345.13,398.78,373.41,375.72,365.63,396.55,374.15,396.55,380.68,363.82,368.03,345.96,354.89,369.02,377.7,342.98,350.75,372.0,382.58,366.79,351.58,363.07,366.96,190.46,189.39,190.46,189.39,206.09,193.27,183.02,183.85,163.68,170.62
2022-09-01,224.64,223.2,224.64,223.2,227.52,225.84,210.96,208.4,209.52,208.8,209.52,208.8,205.2,210.64,208.8,210.08,220.32,217.28,195.84,198.96,201.6,202.16,201.6,202.16,213.12,208.64,205.2,210.64,213.12,208.64,218.88,217.68,210.96,208.4,218.88,217.68,188.64,189.68,181.44,182.32,195.84,196.8,181.44,182.32,192.96,193.84,181.44,182.32,183.6,186.8,180.0,182.96,180.0,182.96,180.0,182.96,183.6,186.8,190.8,173.76,178.56,180.0,173.52,175.12,173.52,175.12,178.56,180.0,174.96,175.36,174.96,175.36,174.96,175.36,181.44,181.68,174.96,175.36,178.56,180.0,181.44,181.68,174.96,175.36,174.96,175.36,182.88,184.16,174.96,175.36,181.44,181.68,174.96,175.36,178.56,180.0,320.4,327.6,315.36,305.52,308.16,315.76,298.08,305.04,320.4,320.56,320.4,320.56,318.24,321.04,308.88,309.36,313.2,310.96,313.2,310.96,308.16,299.68,297.36,289.68,294.48,297.36,308.16,299.68,312.48,318.4,337.68,323.04,318.24,321.04,311.04,297.28,312.48,308.96,318.96,320.96,318.96,320.96,318.24,321.04,318.96,320.96,318.24,321.04,298.08,305.04,318.96,320.96,275.04,313.52,324.72,316.48,318.96,320.96,318.24,321.04,324.72,316.48,289.44,299.84,336.96,320.08,308.88,309.36,324.72,316.48,337.68,323.04,312.48,318.4,275.04,313.52,318.24,321.04,292.32,271.76,318.96,320.96,294.48,297.36,312.48,308.96,194.4,197.36,194.4,197.36,204.48,191.84,198.0,197.12,210.24,193.6
2022-10-01,280.49,286.94,280.49,286.94,279.0,282.47,228.41,239.9,258.91,253.37,258.91,253.37,270.07,276.27,229.9,239.57,288.67,284.21,273.05,272.63,261.89,262.14,261.89,262.14,242.54,244.78,270.07,276.27,242.54,244.78,238.08,246.26,228.41,239.9,238.08,246.26,283.46,286.61,279.74,281.89,287.18,287.68,279.74,281.89,282.72,286.11,279.74,281.89,267.1,271.48,273.79,273.63,273.79,273.63,273.79,273.63,267.1,271.48,290.9,288.42,264.12,280.49,288.67,289.75,288.67,289.75,264.12,280.49,289.42,295.04,289.42,295.04,289.42,295.04,289.42,290.9,289.42,295.04,264.12,280.49,289.42,290.9,289.42,295.04,289.42,295.04,303.55,305.62,289.42,295.04,289.42,290.9,289.42,295.04,264.12,280.49,452.35,456.24,323.64,318.93,313.22,318.6,398.04,390.02,398.78,397.05,398.78,397.05,401.76,402.17,390.6,385.31,363.07,369.77,363.07,369.77,371.26,362.0,393.58,423.91,373.49,374.15,371.26,362.0,335.54,357.04,409.94,401.43,401.76,402.17,371.26,395.64,395.06,387.13,408.46,407.88,408.46,407.88,401.76,402.17,408.46,407.88,401.76,402.17,398.04,390.02,408.46,407.88,347.45,357.53,443.42,413.25,408.46,407.88,401.76,402.17,443.42,413.25,365.3,368.94,427.8,407.88,390.6,385.31,443.42,413.25,409.94,401.43,335.54,357.04,347.45,357.53,401.76,402.17,387.62,422.84,408.46,407.88,373.49,374.15,395.06,387.13,427.06,438.79,427.06,438.79,435.24,458.47,450.86,462.27,454.58,462.6
2022-11-01,335.52,346.32,335.52,346.32,335.52,340.96,313.92,326.8,329.76,342.72,329.76,342.72,344.88,347.76,325.44,330.64,310.32,299.76,365.76,355.84,345.6,345.68,345.6,345.68,339.12,336.56,344.88,347.76,339.12,336.56,331.92,334.0,313.92,326.8,331.92,334.0,212.4,223.44,226.08,233.6,229.68,233.04,226.08,233.6,218.88,223.6,226.08,233.6,249.12,246.88,249.12,244.96,249.12,244.96,249.12,244.96,249.12,246.88,374.4,367.76,367.92,372.64,364.32,365.92,364.32,365.92,367.92,372.64,378.72,363.44,378.72,363.44,378.72,363.44,369.36,378.24,378.72,363.44,367.92,372.64,369.36,378.24,378.72,363.44,378.72,363.44,384.48,380.96,378.72,363.44,369.36,378.24,378.72,363.44,367.92,372.64,311.76,322.96,269.28,262.48,228.96,236.16,434.88,422.8,455.04,457.84,455.04,457.84,455.76,458.72,442.08,454.8,460.8,449.52,460.8,449.52,454.32,438.48,471.6,460.88,455.76,447.52,454.32,438.48,437.04,440.72,484.56,460.08,455.76,458.72,454.32,473.68,449.28,456.96,447.12,456.64,447.12,456.64,455.76,458.72,447.12,456.64,455.76,458.72,434.88,422.8,447.12,456.64,406.08,420.48,463.68,461.76,447.12,456.64,455.76,458.72,463.68,461.76,411.84,429.04,465.12,461.36,442.08,454.8,463.68,461.76,484.56,460.08,437.04,440.72,406.08,420.48,455.76,458.72,478.08,474.64,447.12,456.64,455.76,447.52,449.28,456.96,419.76,404.72,419.76,404.72,437.04,432.72,423.36,434.32,462.24,451.12
2022-12-01,299.09,321.16,299.09,321.16,289.42,296.94,261.14,264.86,305.78,305.12,305.78,305.12,307.27,331.25,276.77,279.5,305.04,297.68,340.01,346.62,328.1,323.31,328.1,323.31,306.53,299.17,307.27,331.25,306.53,299.17,254.45,264.29,261.14,264.86,254.45,264.29,367.54,371.5,389.86,394.07,331.82,338.93,389.86,394.07,351.17,353.23,389.86,394.07,366.05,367.7,401.02,400.35,401.02,400.35,401.02,400.35,366.05,367.7,304.3,317.36,351.91,333.56,327.36,316.78,327.36,316.78,351.91,333.56,316.2,314.38,316.2,314.38,316.2,314.38,349.68,338.35,316.2,314.38,351.91,333.56,349.68,338.35,316.2,314.38,316.2,314.38,340.75,317.27,316.2,314.38,349.68,338.35,316.2,314.38,351.91,333.56,312.48,323.97,211.3,218.49,214.27,228.33,456.82,464.17,590.74,571.72,590.74,571.72,548.33,564.61,512.62,527.99,526.01,522.62,526.01,522.62,504.43,498.56,566.18,579.49,496.99,499.39,504.43,498.56,526.01,519.15,597.43,579.49,548.33,564.61,534.94,551.63,531.22,531.22,569.9,572.71,569.9,572.71,548.33,564.61,569.9,572.71,548.33,564.61,456.82,464.17,569.9,572.71,472.44,475.25,636.86,589.74,569.9,572.71,548.33,564.61,636.86,589.74,485.09,480.87,597.43,585.11,512.62,527.99,636.86,589.74,597.43,579.49,526.01,519.15,472.44,475.25,548.33,564.61,560.98,559.07,569.9,572.71,496.99,499.39,531.22,531.22,807.24,802.36,807.24,802.36,812.45,847.58,878.66,840.97,895.78,882.3
2023-01-01,439.7,435.32,439.7,435.32,406.97,419.04,370.51,379.52,439.7,437.47,439.7,437.47,455.33,447.81,398.04,404.9,439.7,427.8,453.84,465.74,446.4,451.36,446.4,451.36,438.22,431.93,455.33,447.81,438.22,431.93,394.32,391.51,370.51,379.52,394.32,391.51,196.42,202.37,219.48,219.15,175.58,181.21,219.48,219.15,191.21,190.71,219.48,219.15,201.62,200.8,225.43,224.77,225.43,224.77,225.43,224.77,201.62,200.8,207.58,205.43,197.9,200.38,206.09,202.37,206.09,202.37,197.9,200.38,191.95,197.74,191.95,197.74,191.95,197.74,188.23,197.49,191.95,197.74,197.9,200.38,188.23,197.49,191.95,197.74,191.95,197.74,183.02,194.43,191.95,197.74,188.23,197.49,191.95,197.74,197.9,200.38,348.94,338.85,284.95,299.34,373.49,360.43,428.54,425.07,534.94,527.5,534.94,527.5,555.02,558.08,532.7,531.79,532.7,539.57,532.7,539.57,502.2,490.87,503.69,491.7,493.27,490.3,502.2,490.87,528.24,550.97,595.2,576.6,555.02,558.08,448.63,481.86,529.73,519.31,550.56,542.87,550.56,542.87,555.02,558.08,550.56,542.87,555.02,558.08,428.54,425.07,550.56,542.87,433.01,448.14,552.79,535.02,550.56,542.87,555.02,558.08,552.79,535.02,450.12,455.99,567.67,555.19,532.7,531.79,552.79,535.02,595.2,576.6,528.24,550.97,433.01,448.14,555.02,558.08,481.37,469.71,550.56,542.87,493.27,490.3,529.73,519.31,343.73,344.8,343.73,344.8,329.59,349.51,357.86,356.21,340.01,334.14
2023-02-01,340.7,332.86,340.7,332.86,340.7,349.29,352.13,353.25,366.91,358.77,366.91,358.77,327.26,329.43,349.44,360.27,327.94,313.45,331.97,327.34,352.13,346.15,352.13,346.15,366.24,363.78,327.26,329.43,366.24,363.78,359.52,361.46,352.13,353.25,359.52,361.46,73.92,76.31,78.62,82.28,87.36,86.17,78.62,82.28,81.31,80.27,78.62,82.28,100.8,101.4,89.38,90.05,89.38,90.05,89.38,90.05,100.8,101.4,235.87,233.03,234.53,236.54,237.89,235.5,237.89,235.5,234.53,236.54,233.86,232.74,233.86,232.74,233.86,232.74,241.25,233.78,233.86,232.74,234.53,236.54,241.25,233.78,233.86,232.74,233.86,232.74,215.71,226.02,233.86,232.74,241.25,233.78,233.86,232.74,234.53,236.54,191.52,194.58,168.0,172.03,184.8,191.59,391.78,407.9,569.18,552.98,569.18,552.98,558.43,554.62,520.13,528.12,516.1,524.38,516.1,524.38,502.66,490.49,532.22,549.4,498.62,488.25,502.66,490.49,513.41,515.35,577.92,577.32,558.43,554.62,516.77,547.61,524.83,531.48,568.51,557.61,568.51,557.61,558.43,554.62,568.51,557.61,558.43,554.62,391.78,407.9,568.51,557.61,475.78,444.94,582.62,564.33,568.51,557.61,558.43,554.62,582.62,564.33,476.45,449.42,575.23,569.33,520.13,528.12,582.62,564.33,577.92,577.32,513.41,515.35,475.78,444.94,558.43,554.62,544.32,550.67,568.51,557.61,498.62,488.25,524.83,531.48,374.3,376.99,374.3,376.99,373.63,373.86,410.59,403.27,275.52,277.69
2023-03-01,296.11,299.83,296.11,299.83,302.81,306.61,309.5,307.52,284.95,288.42,284.95,288.42,287.18,289.33,287.18,293.88,312.48,293.55,281.98,284.13,283.46,286.03,283.46,286.03,279.74,284.46,287.18,289.33,279.74,284.46,299.09,303.14,309.5,307.52,299.09,303.14,57.29,59.11,60.26,57.62,69.19,72.99,60.26,57.62,63.24,63.98,60.26,57.62,78.12,78.04,62.5,62.66,62.5,62.66,62.5,62.66,78.12,78.04,235.1,227.33,232.87,240.23,220.22,227.0,220.22,227.0,232.87,240.23,220.22,216.75,220.22,216.75,220.22,216.75,238.08,230.56,220.22,216.75,232.87,240.23,238.08,230.56,220.22,216.75,220.22,216.75,217.25,225.51,220.22,216.75,238.08,230.56,220.22,216.75,232.87,240.23,185.26,190.46,158.47,153.84,120.53,123.42,491.04,506.66,675.55,694.15,675.55,694.15,719.45,729.12,651.74,648.02,622.73,644.8,622.73,644.8,566.93,575.94,761.11,787.9,588.5,583.21,566.93,575.94,642.07,632.81,839.23,779.55,719.45,729.12,714.98,677.87,650.26,638.93,698.62,714.16,698.62,714.16,719.45,729.12,698.62,714.16,719.45,729.12,491.04,506.66,698.62,714.16,523.78,529.73,797.57,755.41,698.62,714.16,719.45,729.12,797.57,755.41,508.15,525.84,838.49,778.72,651.74,648.02,797.57,755.41,839.23,779.55,642.07,632.81,523.78,529.73,719.45,729.12,719.45,729.86,698.62,714.16,588.5,583.21,650.26,638.93,116.06,119.62,116.06,119.62,119.04,122.02,136.15,135.08,91.51,90.11
2023-04-01,159.84,157.12,159.84,157.12,168.48,173.84,153.36,170.8,166.32,169.04,166.32,169.04,137.52,148.72,159.12,172.48,147.6,136.24,126.0,140.08,139.68,150.64,139.68,150.64,164.16,168.56,137.52,148.72,164.16,168.56,178.56,177.92,153.36,170.8,178.56,177.92,146.88,148.48,141.84,141.6,182.88,180.88,141.84,141.6,160.56,163.44,141.84,141.6,175.68,175.04,144.0,146.56,144.0,146.56,144.0,146.56,175.68,175.04,194.4,197.28,245.52,228.48,216.0,212.4,216.0,212.4,245.52,228.48,229.68,218.64,229.68,218.64,229.68,218.64,217.44,234.24,229.68,218.64,245.52,228.48,217.44,234.24,229.68,218.64,229.68,218.64,227.52,224.8,229.68,218.64,217.44,234.24,229.68,218.64,245.52,228.48,144.0,141.84,119.52,120.48,108.72,114.32,244.8,264.8,302.4,298.08,302.4,298.08,249.84,254.88,263.52,267.12,253.44,251.36,253.44,251.36,259.92,257.52,220.32,193.28,281.52,270.96,259.92,257.52,244.08,239.84,225.36,221.44,249.84,254.88,308.88,270.96,300.24,284.96,274.32,277.36,274.32,277.36,249.84,254.88,274.32,277.36,249.84,254.88,244.8,264.8,274.32,277.36,248.4,248.64,253.44,254.64,274.32,277.36,249.84,254.88,253.44,254.64,254.88,257.6,236.88,232.56,263.52,267.12,253.44,254.64,225.36,221.44,244.08,239.84,248.4,248.64,249.84,254.88,241.92,208.48,274.32,277.36,281.52,270.96,300.24,284.96,79.2,78.56,79.2,78.56,84.24,85.52,90.72,91.28,58.32,62.96
2023-05-01,152.52,148.8,152.52,148.8,154.75,149.3,136.15,135.24,150.29,148.47,150.29,148.47,143.59,145.25,131.69,143.01,144.34,145.41,132.43,141.69,145.08,143.84,145.08,143.84,139.87,145.99,143.59,145.25,139.87,145.99,145.08,141.86,136.15,135.24,145.08,141.86,195.67,198.9,191.95,194.51,220.22,224.77,191.95,194.51,211.3,211.79,191.95,194.51,208.32,213.61,200.14,201.87,200.14,201.87,200.14,201.87,208.32,213.61,180.79,176.25,185.26,187.74,169.63,177.07,169.63,177.07,185.26,187.74,174.1,179.63,174.1,179.63,174.1,179.63,197.16,192.61,174.1,179.63,185.26,187.74,197.16,192.61,174.1,179.63,174.1,179.63,196.42,196.0,174.1,179.63,197.16,192.61,174.1,179.63,185.26,187.74,187.49,189.06,172.61,169.3,171.12,172.28,267.84,245.35,319.92,286.85,319.92,286.85,257.42,247.75,257.42,256.18,233.62,233.95,233.62,233.95,235.1,227.25,217.99,197.9,256.68,251.39,235.1,227.25,197.16,213.53,226.92,224.69,257.42,247.75,276.77,278.5,281.23,275.11,262.63,267.1,262.63,267.1,257.42,247.75,262.63,267.1,257.42,247.75,267.84,245.35,262.63,267.1,197.9,202.37,232.87,246.1,262.63,267.1,257.42,247.75,232.87,246.1,226.18,229.32,228.41,230.72,257.42,256.18,232.87,246.1,226.92,224.69,197.16,213.53,197.9,202.37,257.42,247.75,221.71,210.8,262.63,267.1,256.68,251.39,281.23,275.11,151.03,154.17,151.03,154.17,154.01,153.51,145.82,147.56,209.81,201.71
2023-06-01,201.6,200.0,201.6,200.0,203.04,207.76,195.12,192.16,210.96,201.2,210.96,201.2,190.08,191.52,201.6,194.24,212.4,200.08,188.64,184.72,188.64,195.44,188.64,195.44,191.52,195.76,190.08,191.52,191.52,195.76,206.64,207.2,195.12,192.16,206.64,207.2,177.84,179.04,174.24,176.48,200.88,196.56,174.24,176.48,185.76,187.2,174.24,176.48,187.92,189.68,178.56,181.68,178.56,181.68,178.56,181.68,187.92,189.68,138.24,137.36,132.48,133.52,134.64,134.16,134.64,134.16,132.48,133.52,138.24,134.0,138.24,134.0,138.24,134.0,141.12,137.76,138.24,134.0,132.48,133.52,141.12,137.76,138.24,134.0,138.24,134.0,131.76,135.76,138.24,134.0,141.12,137.76,138.24,134.0,132.48,133.52,132.48,129.12,146.88,141.36,117.36,126.48,174.24,173.68,167.04,167.36,167.04,167.36,163.44,167.6,159.84,165.12,162.72,162.48,162.72,162.48,175.68,164.32,162.72,162.16,167.76,166.08,175.68,164.32,165.6,157.68,180.72,169.76,163.44,167.6,168.48,172.88,158.4,163.52,163.44,167.36,163.44,167.36,163.44,167.6,163.44,167.36,163.44,167.6,174.24,173.68,163.44,167.36,160.56,171.36,177.12,171.36,163.44,167.36,163.44,167.6,177.12,171.36,168.48,172.16,180.72,170.56,159.84,165.12,177.12,171.36,180.72,169.76,165.6,157.68,160.56,171.36,163.44,167.6,172.8,160.16,163.44,167.36,167.76,166.08,158.4,163.52,118.8,119.12,118.8,119.12,132.48,126.96,117.36,123.68,136.8,130.08
2023-07-01,177.82,179.88,177.82,179.88,180.79,177.15,138.38,149.38,180.05,166.99,180.05,166.99,170.38,175.5,136.15,146.98,173.35,167.65,161.45,168.39,172.61,167.81,172.61,167.81,140.62,153.76,170.38,175.5,140.62,153.76,158.47,157.4,138.38,149.38,158.47,157.4,223.2,222.04,213.53,217.17,244.03,244.94,213.53,217.17,228.41,233.7,213.53,217.17,241.8,241.8,224.69,224.44,224.69,224.44,224.69,224.44,241.8,241.8,188.98,191.21,191.21,199.56,197.9,194.85,197.9,194.85,191.21,199.56,202.37,201.46,202.37,201.46,202.37,201.46,195.67,203.11,202.37,201.46,191.21,199.56,195.67,203.11,202.37,201.46,202.37,201.46,226.18,214.6,202.37,201.46,195.67,203.11,202.37,201.46,191.21,199.56,357.12,334.39,284.95,285.61,272.3,274.54,180.05,193.36,235.1,239.15,235.1,239.15,216.5,222.79,208.32,208.9,194.18,202.29,194.18,202.29,203.86,196.66,189.72,205.26,195.67,199.81,203.86,196.66,177.07,192.7,241.06,227.33,216.5,222.79,216.5,216.67,220.97,216.59,229.15,230.89,229.15,230.89,216.5,222.79,229.15,230.89,216.5,222.79,180.05,193.36,229.15,230.89,201.62,190.71,241.06,223.78,229.15,230.89,216.5,222.79,241.06,223.78,186.0,193.94,243.29,223.03,208.32,208.9,241.06,223.78,241.06,227.33,177.07,192.7,201.62,190.71,216.5,222.79,201.62,193.52,229.15,230.89,195.67,199.81,220.97,216.59,227.66,232.46,227.66,232.46,214.27,229.81,209.06,207.25,264.86,256.6
2023-08-01,253.7,249.82,253.7,249.82,251.47,246.59,190.46,196.09,232.87,236.26,232.87,236.26,250.73,252.13,194.18,205.01,234.36,208.73,241.8,244.94,260.4,242.46,260.4,242.46,218.74,217.83,250.73,252.13,218.74,217.83,204.6,210.06,190.46,196.09,204.6,210.06,187.49,190.55,183.77,183.77,191.21,191.62,183.77,183.77,188.98,190.79,183.77,183.77,188.23,188.4,180.05,182.86,180.05,182.86,180.05,182.86,188.23,188.4,200.14,198.73,200.14,195.18,194.93,196.83,194.93,196.83,200.14,195.18,185.26,187.98,185.26,187.98,185.26,187.98,183.02,190.46,185.26,187.98,200.14,195.18,183.02,190.46,185.26,187.98,185.26,187.98,174.1,178.97,185.26,187.98,183.02,190.46,185.26,187.98,200.14,195.18,150.29,148.97,137.64,148.47,105.65,117.97,226.18,231.55,308.02,307.44,308.02,307.44,305.78,291.65,257.42,278.42,273.05,266.68,273.05,266.68,249.98,243.04,268.58,277.84,270.82,254.12,249.98,243.04,222.46,257.59,281.23,281.23,305.78,291.65,329.59,341.99,253.7,279.74,306.53,296.61,306.53,296.61,305.78,291.65,306.53,296.61,305.78,291.65,226.18,231.55,306.53,296.61,212.04,220.64,320.66,301.07,306.53,296.61,305.78,291.65,320.66,301.07,224.69,229.4,309.5,291.98,257.42,278.42,320.66,301.07,281.23,281.23,222.46,257.59,212.04,220.64,305.78,291.65,282.72,298.26,306.53,296.61,270.82,254.12,253.7,279.74,255.94,246.1,255.94,246.1,244.78,239.98,238.08,235.6,252.22,262.71
2023-09-01,200.88,203.28,200.88,203.28,185.76,198.24,221.76,208.4,199.44,200.32,199.44,200.32,194.4,197.52,211.68,209.84,190.8,193.76,190.08,195.28,195.84,195.84,195.84,195.84,208.8,204.64,194.4,197.52,208.8,204.64,212.4,211.92,221.76,208.4,212.4,211.92,347.04,344.4,321.84,324.96,357.84,356.88,321.84,324.96,349.2,351.04,321.84,324.96,324.72,325.44,314.64,315.76,314.64,315.76,314.64,315.76,324.72,325.44,190.08,193.92,187.2,195.04,186.48,187.76,186.48,187.76,187.2,195.04,185.76,186.0,185.76,186.0,185.76,186.0,185.76,193.52,185.76,186.0,187.2,195.04,185.76,193.52,185.76,186.0,185.76,186.0,195.12,191.44,185.76,186.0,185.76,193.52,185.76,186.0,187.2,195.04,362.16,376.32,344.16,341.52,279.36,298.48,272.88,275.52,338.4,339.44,338.4,339.44,328.32,338.56,311.04,312.16,307.44,304.48,307.44,304.48,299.52,289.28,348.48,369.6,298.08,293.44,299.52,289.28,278.64,300.16,362.88,348.24,328.32,338.56,317.52,352.16,306.0,314.24,343.44,342.72,343.44,342.72,328.32,338.56,343.44,342.72,328.32,338.56,272.88,275.52,343.44,342.72,267.12,286.16,382.32,357.28,343.44,342.72,328.32,338.56,382.32,357.28,274.32,282.32,380.16,356.88,311.04,312.16,382.32,357.28,362.88,348.24,278.64,300.16,267.12,286.16,328.32,338.56,353.52,377.2,343.44,342.72,298.08,293.44,306.0,314.24,213.84,202.96,213.84,202.96,216.0,210.0,221.04,211.76,210.96,201.2
2023-10-01,171.86,166.9,171.86,166.9,171.12,172.11,165.91,173.27,162.19,164.84,162.19,164.84,152.52,157.07,161.45,167.23,158.47,158.8,150.29,151.45,156.24,159.71,156.24,159.71,159.22,165.66,152.52,157.07,159.22,165.66,173.35,172.28,165.91,173.27,173.35,172.28,317.69,323.56,310.99,315.13,357.12,354.72,310.99,315.13,339.26,337.28,310.99,315.13,328.85,334.22,313.97,315.04,313.97,315.04,313.97,315.04,328.85,334.22,278.26,280.16,305.04,305.87,296.86,284.37,296.86,284.37,305.04,305.87,276.77,287.18,276.77,287.18,276.77,287.18,306.53,309.42,276.77,287.18,305.04,305.87,306.53,309.42,276.77,287.18,276.77,287.18,310.25,293.8,276.77,287.18,306.53,309.42,276.77,287.18,305.04,305.87,186.0,182.94,137.64,130.03,110.11,107.47,321.41,311.98,365.3,376.96,365.3,376.96,343.73,356.62,380.18,346.95,322.9,326.53,322.9,326.53,309.5,316.28,337.03,360.01,342.98,338.35,309.5,316.28,296.86,308.02,377.95,358.03,343.73,356.62,383.9,395.81,384.65,363.4,345.22,367.95,345.22,367.95,343.73,356.62,345.22,367.95,343.73,356.62,321.41,311.98,345.22,367.95,292.39,296.19,348.94,358.28,345.22,367.95,343.73,356.62,348.94,358.28,295.37,306.86,377.21,355.3,380.18,346.95,348.94,358.28,377.95,358.03,296.86,308.02,292.39,296.19,343.73,356.62,346.7,387.21,345.22,367.95,342.98,338.35,384.65,363.4,142.85,151.53,142.85,151.53,158.47,155.33,147.31,147.48,177.07,174.1
2023-11-01,423.36,418.72,423.36,418.72,415.44,420.56,380.88,384.64,433.44,422.8,433.44,422.8,416.16,418.88,398.88,394.0,402.48,390.96,403.2,418.88,418.32,418.32,418.32,418.32,401.04,409.76,416.16,418.88,401.04,409.76,413.28,409.04,380.88,384.64,413.28,409.04,364.32,372.88,380.16,384.64,359.28,360.24,380.16,384.64,360.0,364.32,380.16,384.64,372.24,377.12,400.32,393.76,400.32,393.76,400.32,393.76,372.24,377.12,293.76,310.64,313.2,325.6,315.36,317.76,315.36,317.76,313.2,325.6,311.04,329.84,311.04,329.84,311.04,329.84,334.8,344.4,311.04,329.84,313.2,325.6,334.8,344.4,311.04,329.84,311.04,329.84,365.04,357.44,311.04,329.84,334.8,344.4,311.04,329.84,313.2,325.6,195.12,201.04,174.24,175.84,161.28,165.04,329.76,328.64,433.44,423.76,433.44,423.76,412.56,407.6,375.12,387.2,378.0,368.56,378.0,368.56,356.4,348.4,515.52,514.08,373.68,357.68,356.4,348.4,334.8,355.68,421.92,404.08,412.56,407.6,488.88,492.88,386.64,389.68,445.68,414.24,445.68,414.24,412.56,407.6,445.68,414.24,412.56,407.6,329.76,328.64,445.68,414.24,321.12,335.76,437.76,450.64,445.68,414.24,412.56,407.6,437.76,450.64,342.72,337.68,417.6,429.76,375.12,387.2,437.76,450.64,421.92,404.08,334.8,355.68,321.12,335.76,412.56,407.6,510.48,540.32,445.68,414.24,373.68,357.68,386.64,389.68,584.64,582.88,584.64,582.88,622.08,643.76,581.76,616.08,779.76,777.76
2023-12-01,385.39,397.3,385.39,397.3,379.44,397.38,389.11,384.15,412.92,414.41,412.92,414.41,401.76,406.31,383.16,393.41,392.09,380.76,421.85,425.73,421.85,418.46,421.85,418.46,397.3,407.71,401.76,406.31,397.3,407.71,389.86,392.67,389.11,384.15,389.86,392.67,217.25,224.69,239.57,245.85,232.13,235.02,239.57,245.85,223.2,227.91,239.57,245.85,277.51,279.33,274.54,274.29,274.54,274.29,274.54,274.29,277.51,279.33,340.01,342.74,344.47,372.0,339.26,339.84,339.26,339.84,344.47,372.0,335.54,341.5,335.54,341.5,335.54,341.5,363.82,386.05,335.54,341.5,344.47,372.0,363.82,386.05,335.54,341.5,335.54,341.5,387.62,405.4,335.54,341.5,363.82,386.05,335.54,341.5,344.47,372.0,197.9,198.57,162.94,164.42,141.36,147.56,469.46,455.0,520.8,520.14,520.8,520.14,511.13,513.53,472.44,482.28,498.48,470.37,498.48,470.37,438.22,444.5,554.28,563.79,448.63,453.92,438.22,444.5,456.07,465.66,514.85,507.66,511.13,513.53,531.22,548.66,485.83,484.84,518.57,517.58,518.57,517.58,511.13,513.53,518.57,517.58,511.13,513.53,469.46,455.0,518.57,517.58,417.38,432.59,578.09,535.51,518.57,517.58,511.13,513.53,578.09,535.51,418.87,441.27,529.73,520.97,472.44,482.28,578.09,535.51,514.85,507.66,456.07,465.66,417.38,432.59,511.13,513.53,548.33,589.91,518.57,517.58,448.63,453.92,485.83,484.84,612.31,613.72,612.31,613.72,619.01,643.73,633.89,634.14,709.03,713.58
2024-01-01,615.29,628.93,615.29,628.93,616.78,626.7,558.0,538.57,619.75,609.83,619.75,609.83,616.03,619.26,553.54,564.94,627.94,592.47,621.98,621.07,624.22,615.95,624.22,615.95,584.78,580.9,616.03,619.26,584.78,580.9,572.14,576.02,558.0,538.57,572.14,576.02,43.9,46.71,49.1,51.75,58.03,57.7,49.1,51.75,49.1,51.17,49.1,51.75,74.4,75.06,62.5,62.58,62.5,62.58,62.5,62.58,74.4,75.06,234.36,248.99,261.14,260.73,232.13,247.59,232.13,247.59,261.14,260.73,238.82,253.79,238.82,253.79,238.82,253.79,281.23,273.71,238.82,253.79,261.14,260.73,281.23,273.71,238.82,253.79,238.82,253.79,293.88,278.92,238.82,253.79,281.23,273.71,238.82,253.79,261.14,260.73,168.14,165.99,118.3,123.01,121.27,123.83,543.86,544.19,771.53,751.61,771.53,751.61,815.42,775.5,694.15,716.31,656.95,677.21,656.95,677.21,604.87,607.1,744.74,834.6,659.93,645.05,604.87,607.1,613.8,638.85,854.86,802.61,815.42,775.5,676.3,732.43,730.61,733.67,788.64,774.92,788.64,774.92,815.42,775.5,788.64,774.92,815.42,775.5,543.86,544.19,788.64,774.92,523.78,552.38,811.7,791.12,788.64,774.92,815.42,775.5,811.7,791.12,549.07,568.17,846.67,811.21,694.15,716.31,811.7,791.12,854.86,802.61,613.8,638.85,523.78,552.38,815.42,775.5,723.91,778.31,788.64,774.92,659.93,645.05,730.61,733.67,378.7,406.97,378.7,406.97,423.34,424.41,484.34,460.37,415.9,413.42
2024-02-01,90.48,86.61,90.48,86.61,82.82,84.53,70.3,74.94,73.08,72.23,73.08,72.23,77.26,80.43,69.6,71.15,103.01,94.58,73.08,75.94,73.78,73.16,73.78,73.16,66.82,69.75,77.26,80.43,66.82,69.75,75.86,77.33,70.3,74.94,75.86,77.33,11.14,12.61,11.83,12.61,22.97,22.97,11.83,12.61,16.01,17.48,11.83,12.61,31.32,30.47,17.4,18.02,17.4,18.02,17.4,18.02,31.32,30.47,107.88,113.68,150.34,151.96,128.76,125.9,128.76,125.9,150.34,151.96,147.55,139.28,147.55,139.28,147.55,139.28,163.56,162.55,147.55,139.28,150.34,151.96,163.56,162.55,147.55,139.28,147.55,139.28,189.31,160.0,147.55,139.28,163.56,162.55,147.55,139.28,150.34,151.96,107.18,107.8,94.66,95.82,89.09,91.87,476.06,476.45,561.67,546.05,561.67,546.05,556.8,549.69,547.06,541.1,535.92,535.22,535.92,535.22,517.82,512.87,443.35,420.69,526.18,514.89,517.82,512.87,524.09,522.85,547.75,542.65,556.8,549.69,469.8,454.8,551.23,545.66,560.98,553.09,560.98,553.09,556.8,549.69,560.98,553.09,556.8,549.69,476.06,476.45,560.98,553.09,489.29,490.22,543.58,522.15,560.98,553.09,556.8,549.69,543.58,522.15,488.59,497.64,548.45,528.81,547.06,541.1,543.58,522.15,547.75,542.65,524.09,522.85,489.29,490.22,556.8,549.69,444.05,383.34,560.98,553.09,526.18,514.89,551.23,545.66,43.85,47.1,43.85,47.1,50.81,51.35,44.54,46.48,53.59,54.37
2024-03-01,145.82,144.5,145.82,144.5,151.03,152.77,139.87,141.36,124.25,126.56,124.25,126.56,127.97,130.53,130.2,130.37,123.5,126.81,122.76,121.44,116.06,123.17,116.06,123.17,119.04,122.35,127.97,130.53,119.04,122.35,143.59,141.53,139.87,141.36,143.59,141.53,103.42,96.89,94.49,92.42,104.16,109.95,94.49,92.42,98.95,103.83,94.49,92.42,96.72,96.72,95.98,92.75,95.98,92.75,95.98,92.75,96.72,96.72,183.77,182.45,220.22,223.61,192.7,192.78,192.7,192.78,220.22,223.61,198.65,194.43,198.65,194.43,198.65,194.43,247.75,227.33,198.65,194.43,220.22,223.61,247.75,227.33,198.65,194.43,198.65,194.43,240.31,225.76,198.65,194.43,247.75,227.33,198.65,194.43,220.22,223.61,65.47,62.33,46.87,47.95,23.06,25.79,398.04,411.68,450.12,453.51,450.12,453.51,449.38,439.46,424.08,434.99,417.38,417.47,417.38,417.47,417.38,407.88,383.16,375.89,422.59,427.55,417.38,407.88,384.65,395.56,434.5,420.53,449.38,439.46,437.47,424.66,465.74,442.93,447.14,446.9,447.14,446.9,449.38,439.46,447.14,446.9,449.38,439.46,398.04,411.68,447.14,446.9,378.7,389.44,441.94,423.58,447.14,446.9,449.38,439.46,441.94,423.58,423.34,402.83,438.22,423.58,424.08,434.99,441.94,423.58,434.5,420.53,384.65,395.56,378.7,389.44,449.38,439.46,383.16,372.99,447.14,446.9,422.59,427.55,465.74,442.93,88.54,89.69,88.54,89.69,82.58,85.56,94.49,95.98,67.7,65.72
2024-04-01,264.24,268.48,264.24,268.48,262.08,266.16,240.48,248.72,254.88,254.16,254.88,254.16,253.44,254.16,252.72,251.12,271.44,272.32,241.2,247.6,239.04,247.36,239.04,247.36,272.16,252.08,253.44,254.16,272.16,252.08,256.32,258.4,240.48,248.72,256.32,258.4,125.28,131.92,118.8,123.52,169.92,161.92,118.8,123.52,149.04,147.44,118.8,123.52,148.32,151.76,132.48,128.4,132.48,128.4,132.48,128.4,148.32,151.76,248.4,248.8,268.56,271.68,259.92,255.84,259.92,255.84,268.56,271.68,259.2,256.48,259.2,256.48,259.2,256.48,269.28,273.28,259.2,256.48,268.56,271.68,269.28,273.28,259.2,256.48,259.2,256.48,270.72,276.16,259.2,256.48,269.28,273.28,259.2,256.48,268.56,271.68,234.72,242.48,186.48,186.24,144.0,149.12,270.0,262.08,277.92,274.64,277.92,274.64,246.24,251.6,230.4,236.32,221.76,229.36,221.76,229.36,227.52,231.44,326.88,305.92,236.88,235.2,227.52,231.44,216.72,221.52,270.72,254.24,246.24,251.6,329.04,327.12,236.88,245.44,254.16,261.28,254.16,261.28,246.24,251.6,254.16,261.28,246.24,251.6,270.0,262.08,254.16,261.28,239.76,246.96,285.84,284.48,254.16,261.28,246.24,251.6,285.84,284.48,237.6,246.96,283.68,269.68,230.4,236.32,285.84,284.48,270.72,254.24,216.72,221.52,239.76,246.96,246.24,251.6,332.64,327.76,254.16,261.28,236.88,235.2,236.88,245.44,151.92,167.92,151.92,167.92,159.12,172.0,179.28,175.6,136.08,151.92
2024-05-01,358.61,363.73,358.61,363.73,386.88,379.27,336.29,346.62,358.61,362.82,358.61,362.82,337.78,345.63,364.56,350.84,352.66,344.97,325.87,339.1,339.26,348.85,339.26,348.85,347.45,353.4,337.78,345.63,347.45,353.4,379.44,370.76,336.29,346.62,379.44,370.76,237.34,241.14,226.92,231.8,271.56,267.67,226.92,231.8,249.24,254.12,226.92,231.8,257.42,255.85,231.38,231.71,231.38,231.71,231.38,231.71,257.42,255.85,324.38,316.53,316.2,319.59,293.88,310.74,293.88,310.74,316.2,319.59,305.04,311.74,305.04,311.74,305.04,311.74,311.74,323.72,305.04,311.74,316.2,319.59,311.74,323.72,305.04,311.74,305.04,311.74,334.06,338.27,305.04,311.74,311.74,323.72,305.04,311.74,316.2,319.59,435.24,435.07,372.0,358.69,274.54,288.09,488.81,483.02,564.7,563.7,564.7,563.7,502.94,524.19,525.26,526.09,470.95,486.58,470.95,486.58,480.62,488.64,538.66,586.85,573.62,520.06,480.62,488.64,449.38,453.43,495.5,488.56,502.94,524.19,551.3,562.63,589.99,550.89,551.3,554.11,551.3,554.11,502.94,524.19,551.3,554.11,502.94,524.19,488.81,483.02,551.3,554.11,462.77,461.28,587.76,553.62,551.3,554.11,502.94,524.19,587.76,553.62,472.44,485.67,526.75,521.79,525.26,526.09,587.76,553.62,495.5,488.56,449.38,453.43,462.77,461.28,502.94,524.19,559.49,613.22,551.3,554.11,573.62,520.06,589.99,550.89,170.38,182.45,170.38,182.45,187.49,197.41,220.97,199.06,214.27,198.15
2024-06-01,293.04,281.04,293.04,281.04,288.0,295.92,263.52,276.64,274.32,282.96,274.32,282.96,282.96,278.32,266.4,275.2,265.68,257.84,272.16,268.56,267.84,277.04,267.84,277.04,262.08,269.92,282.96,278.32,262.08,269.92,288.0,288.32,263.52,276.64,288.0,288.32,188.64,188.8,185.76,184.8,200.16,199.44,185.76,184.8,194.4,195.04,185.76,184.8,191.52,191.04,185.76,190.08,185.76,190.08,185.76,190.08,191.52,191.04,239.04,253.92,267.12,265.92,267.84,262.48,267.84,262.48,267.12,265.92,280.8,276.24,280.8,276.24,280.8,276.24,298.8,282.32,280.8,276.24,267.12,265.92,298.8,282.32,280.8,276.24,280.8,276.24,301.68,291.84,280.8,276.24,298.8,282.32,280.8,276.24,267.12,265.92,353.52,356.48,301.68,297.2,281.52,282.32,284.4,282.88,336.96,341.68,336.96,341.68,320.4,339.6,294.48,314.08,283.68,304.8,283.68,304.8,280.8,286.8,361.44,360.48,318.96,297.2,280.8,286.8,277.2,313.28,387.36,372.16,320.4,339.6,325.44,338.08,332.64,327.76,336.96,343.68,336.96,343.68,320.4,339.6,336.96,343.68,320.4,339.6,284.4,282.88,336.96,343.68,290.88,287.76,385.92,361.36,336.96,343.68,320.4,339.6,385.92,361.36,262.8,285.68,385.92,367.12,294.48,314.08,385.92,361.36,387.36,372.16,277.2,313.28,290.88,287.76,320.4,339.6,347.76,338.24,336.96,343.68,318.96,297.2,332.64,327.76,212.4,201.84,212.4,201.84,224.64,204.08,199.44,200.56,181.44,178.32
2024-07-01,89.28,89.86,89.28,89.86,84.82,89.53,81.1,80.6,84.07,85.39,84.07,85.39,86.3,87.05,78.12,80.85,92.26,90.85,81.1,89.36,84.07,85.64,84.07,85.64,85.56,82.25,86.3,87.05,85.56,82.25,77.38,83.0,81.1,80.6,77.38,83.0,110.11,111.93,105.65,107.55,107.88,108.95,105.65,107.55,107.14,109.37,105.65,107.55,103.42,104.66,102.67,103.99,102.67,103.99,102.67,103.99,103.42,104.66,93.0,95.23,107.88,104.74,100.44,99.2,100.44,99.2,107.88,104.74,110.11,104.08,110.11,104.08,110.11,104.08,111.6,111.35,110.11,104.08,107.88,104.74,111.6,111.35,110.11,104.08,110.11,104.08,116.06,115.98,110.11,104.08,111.6,111.35,110.11,104.08,107.88,104.74,225.43,230.23,217.25,220.22,200.14,206.83,145.08,152.27,199.39,194.43,199.39,194.43,236.59,222.04,199.39,201.29,210.55,202.04,210.55,202.04,176.33,177.57,169.63,193.27,174.84,175.83,176.33,177.57,193.44,200.05,241.06,228.66,236.59,222.04,156.98,164.92,190.46,191.46,222.46,210.14,222.46,210.14,236.59,222.04,222.46,210.14,236.59,222.04,145.08,152.27,222.46,210.14,155.5,162.61,227.66,207.08,222.46,210.14,236.59,222.04,227.66,207.08,162.19,161.03,230.64,222.62,199.39,201.29,227.66,207.08,241.06,228.66,193.44,200.05,155.5,162.61,236.59,222.04,156.24,166.9,222.46,210.14,174.84,175.83,190.46,191.46,93.74,92.92,93.74,92.92,104.16,101.1,104.16,101.76,102.67,102.92
2024-08-01,246.26,237.01,246.26,237.01,228.41,240.56,279.0,280.32,239.57,241.88,239.57,241.88,236.59,234.53,260.4,272.14,235.1,215.93,230.64,231.3,231.38,236.18,231.38,236.18,257.42,258.0,236.59,234.53,257.42,258.0,279.74,268.01,279.0,280.32,279.74,268.01,288.67,296.28,299.09,291.4,305.78,308.1,299.09,291.4,299.09,300.25,299.09,291.4,282.72,285.03,281.23,285.86,281.23,285.86,281.23,285.86,282.72,285.03,260.4,252.71,267.1,261.72,241.8,250.4,241.8,250.4,267.1,261.72,237.34,245.02,237.34,245.02,237.34,245.02,267.1,258.09,237.34,245.02,267.1,261.72,267.1,258.09,237.34,245.02,237.34,245.02,263.38,256.93,237.34,245.02,267.1,258.09,237.34,245.02,267.1,261.72,366.79,369.85,324.38,310.5,278.26,280.41,491.78,502.53,629.42,613.72,629.42,613.72,573.62,577.26,563.95,562.96,534.94,544.69,534.94,544.69,541.63,529.31,539.4,533.7,550.56,539.65,541.63,529.31,536.42,517.99,580.32,563.37,573.62,577.26,596.69,585.36,579.58,579.49,616.03,599.25,616.03,599.25,573.62,577.26,616.03,599.25,573.62,577.26,491.78,502.53,616.03,599.25,505.92,501.54,613.06,589.5,616.03,599.25,573.62,577.26,613.06,589.5,505.92,514.68,584.78,575.77,563.95,562.96,613.06,589.5,580.32,563.37,536.42,517.99,505.92,501.54,573.62,577.26,538.66,537.42,616.03,599.25,550.56,539.65,579.58,579.49,185.26,203.69,185.26,203.69,190.46,187.49,176.33,177.98,189.72,186.17
2024-09-01,195.84,194.72,195.84,194.72,203.76,206.8,197.28,202.16,226.08,220.24,226.08,220.24,195.12,197.52,207.36,209.36,165.6,170.24,204.48,202.16,203.04,212.72,203.04,212.72,219.6,216.0,195.12,197.52,219.6,216.0,226.08,219.92,197.28,202.16,226.08,219.92,330.48,334.16,321.84,319.2,360.72,359.2,321.84,319.2,346.32,348.88,321.84,319.2,338.4,338.16,316.08,323.28,316.08,323.28,316.08,323.28,338.4,338.16,212.4,204.4,209.52,215.68,197.28,203.52,197.28,203.52,209.52,215.68,208.08,206.08,208.08,206.08,208.08,206.08,210.24,221.92,208.08,206.08,209.52,215.68,210.24,221.92,208.08,206.08,208.08,206.08,236.16,224.8,208.08,206.08,210.24,221.92,208.08,206.08,209.52,215.68,246.24,258.64,234.72,227.28,214.56,227.76,214.56,225.44,247.68,242.32,247.68,242.32,252.0,243.28,272.16,241.12,218.16,227.6,218.16,227.6,221.04,223.92,200.88,226.8,239.76,234.8,221.04,223.92,189.36,208.88,229.68,223.44,252.0,243.28,236.16,248.72,237.6,244.24,249.12,248.24,249.12,248.24,252.0,243.28,249.12,248.24,252.0,243.28,214.56,225.44,249.12,248.24,208.08,206.96,242.64,235.6,249.12,248.24,252.0,243.28,242.64,235.6,226.08,216.64,246.96,230.56,272.16,241.12,242.64,235.6,229.68,223.44,189.36,208.88,208.08,206.96,252.0,243.28,219.6,236.32,249.12,248.24,239.76,234.8,237.6,244.24,195.12,210.56,195.12,210.56,212.4,219.68,213.84,208.88,213.12,225.2
2024-10-01,211.3,216.01,211.3,216.01,201.62,211.71,237.34,231.63,222.46,224.27,222.46,224.27,209.81,214.93,230.64,232.71,209.06,216.26,214.27,218.32,212.78,216.17,212.78,216.17,232.87,227.42,209.81,214.93,232.87,227.42,245.52,241.06,237.34,231.63,245.52,241.06,299.83,304.21,305.04,297.35,321.41,325.62,305.04,297.35,310.99,316.37,305.04,297.35,313.22,317.19,308.02,300.58,308.02,300.58,308.02,300.58,313.22,317.19,350.42,330.17,329.59,321.82,342.24,316.7,342.24,316.7,329.59,321.82,285.7,285.03,285.7,285.03,285.7,285.03,292.39,297.02,285.7,285.03,329.59,321.82,292.39,297.02,285.7,285.03,285.7,285.03,261.14,263.95,285.7,285.03,292.39,297.02,285.7,285.03,329.59,321.82,346.7,349.27,262.63,263.05,260.4,267.76,320.66,336.7,390.6,395.15,390.6,395.15,414.41,414.41,396.55,393.82,404.74,389.28,404.74,389.28,386.14,363.32,428.54,451.61,351.91,366.38,386.14,363.32,377.95,372.25,453.1,419.45,414.41,414.41,395.06,408.79,389.11,386.88,395.81,403.41,395.81,403.41,414.41,414.41,395.81,403.41,414.41,414.41,320.66,336.7,395.81,403.41,332.57,333.64,423.34,416.14,395.81,403.41,414.41,414.41,423.34,416.14,339.26,340.59,430.03,423.5,396.55,393.82,423.34,416.14,453.1,419.45,377.95,372.25,332.57,333.64,414.41,414.41,435.24,438.96,395.81,403.41,351.91,366.38,389.11,386.88,200.88,223.61,200.88,223.61,217.25,225.76,231.38,238.0,210.55,212.62
2024-11-01,362.88,362.16,362.88,362.16,349.92,364.64,340.56,343.44,357.84,359.68,357.84,359.68,351.36,359.28,336.96,347.2,332.64,322.24,347.04,364.32,357.12,359.52,357.12,359.52,345.6,352.48,351.36,359.28,345.6,352.48,352.08,346.08,340.56,343.44,352.08,346.08,530.64,539.52,559.44,566.88,505.44,506.16,559.44,566.88,520.56,522.8,559.44,566.88,525.6,530.56,576.72,576.48,576.72,576.48,576.72,576.48,525.6,530.56,321.84,330.16,324.0,329.2,331.2,327.28,331.2,327.28,324.0,329.2,324.0,324.88,324.0,324.88,324.0,324.88,329.76,335.84,324.0,324.88,324.0,329.2,329.76,335.84,324.0,324.88,324.0,324.88,328.32,345.36,324.0,324.88,329.76,335.84,324.0,324.88,324.0,329.2,269.28,269.04,237.6,235.44,233.28,236.24,331.92,326.48,306.72,314.24,306.72,314.24,287.28,303.76,285.12,297.84,287.28,286.8,287.28,286.8,311.04,293.44,342.0,347.68,298.8,303.28,311.04,293.44,272.88,281.44,315.36,296.0,287.28,303.76,350.64,329.6,296.64,298.56,310.32,308.4,310.32,308.4,287.28,303.76,310.32,308.4,287.28,303.76,331.92,326.48,310.32,308.4,294.48,303.04,335.52,321.68,310.32,308.4,287.28,303.76,335.52,321.68,302.4,307.36,332.64,310.88,285.12,297.84,335.52,321.68,315.36,296.0,272.88,281.44,294.48,303.04,287.28,303.76,341.28,344.24,310.32,308.4,298.8,303.28,296.64,298.56,605.52,622.16,605.52,622.16,640.8,671.52,636.48,646.24,815.04,816.88
2024-12-01,223.94,218.57,223.94,218.57,206.83,211.96,238.82,244.86,232.87,240.56,232.87,240.56,241.06,241.8,246.26,254.78,186.0,181.7,265.61,272.88,247.75,254.61,247.75,254.61,254.45,265.94,241.06,241.8,254.45,265.94,228.41,225.68,238.82,244.86,228.41,225.68,113.83,121.85,124.99,132.35,123.5,125.74,124.99,132.35,117.55,120.69,124.99,132.35,145.08,148.63,140.62,142.52,140.62,142.52,140.62,142.52,145.08,148.63,264.86,254.37,246.26,256.43,246.26,251.72,246.26,251.72,246.26,256.43,256.68,245.19,256.68,245.19,256.68,245.19,250.73,258.83,256.68,245.19,246.26,256.43,250.73,258.83,256.68,245.19,256.68,245.19,259.66,263.87,256.68,245.19,250.73,258.83,256.68,245.19,246.26,256.43,269.33,269.66,218.74,225.76,200.88,210.22,340.75,343.23,462.02,457.73,462.02,457.73,440.45,442.76,403.99,408.37,393.58,394.49,393.58,394.49,380.93,367.45,469.46,487.9,374.23,376.55,380.93,367.45,366.05,381.75,486.58,454.5,440.45,442.76,461.28,479.47,423.34,417.38,458.3,451.94,458.3,451.94,440.45,442.76,458.3,451.94,440.45,442.76,340.75,343.23,458.3,451.94,342.24,349.85,482.86,466.16,458.3,451.94,440.45,442.76,482.86,466.16,343.73,351.09,477.65,460.12,403.99,408.37,482.86,466.16,486.58,454.5,366.05,381.75,342.24,349.85,440.45,442.76,460.54,490.13,458.3,451.94,374.23,376.55,423.34,417.38,616.03,593.96,616.03,593.96,616.03,624.05,620.5,614.63,626.45,645.87
2025-01-01,492.53,504.02,492.53,504.02,499.22,500.46,409.2,410.03,470.21,463.59,470.21,463.59,485.09,486.58,418.87,423.75,521.54,514.52,478.39,476.49,472.44,471.86,472.44,471.86,438.96,436.89,485.09,486.58,438.96,436.89,432.26,437.97,409.2,410.03,432.26,437.97,110.86,113.5,118.3,120.86,123.5,123.09,118.3,120.86,116.81,117.88,118.3,120.86,143.59,142.93,136.9,135.82,136.9,135.82,136.9,135.82,143.59,142.93,234.36,226.01,235.1,243.78,233.62,226.67,233.62,226.67,235.1,243.78,215.02,220.97,215.02,220.97,215.02,220.97,225.43,248.83,215.02,220.97,235.1,243.78,225.43,248.83,215.02,220.97,215.02,220.97,235.85,247.34,215.02,220.97,225.43,248.83,215.02,220.97,235.1,243.78,408.46,407.88,378.7,389.69,436.73,436.23,768.55,750.28,1031.93,969.76,1031.93,969.76,980.59,976.46,881.64,910.24,887.59,901.4,887.59,901.4,832.54,825.92,892.8,941.9,839.98,837.17,832.54,825.92,876.43,902.14,1077.31,1024.9,980.59,976.46,873.46,926.2,911.4,921.65,1003.66,975.22,1003.66,975.22,980.59,976.46,1003.66,975.22,980.59,976.46,768.55,750.28,1003.66,975.22,732.84,763.76,1014.82,983.9,1003.66,975.22,980.59,976.46,1014.82,983.9,744.74,779.96,1043.09,997.29,881.64,910.24,1014.82,983.9,1077.31,1024.9,876.43,902.14,732.84,763.76,980.59,976.46,914.38,901.89,1003.66,975.22,839.98,837.17,911.4,921.65,210.55,211.54,210.55,211.54,220.97,211.46,215.76,213.03,213.53,212.54
2025-02-01,135.74,137.98,135.74,137.98,145.82,147.84,148.51,149.41,166.66,153.89,166.66,153.89,130.37,135.89,149.86,149.48,118.27,113.94,140.45,136.27,145.82,146.72,145.82,146.72,153.89,151.57,130.37,135.89,153.89,151.57,147.17,153.22,148.51,149.41,147.17,153.22,51.74,53.54,54.43,56.0,53.76,53.91,54.43,56.0,53.76,52.79,54.43,56.0,54.43,54.88,55.78,55.55,55.78,55.55,55.78,55.55,54.43,54.88,172.7,185.17,221.76,203.47,177.41,187.79,177.41,187.79,221.76,203.47,193.54,192.27,193.54,192.27,193.54,192.27,215.04,210.71,193.54,192.27,221.76,203.47,215.04,210.71,193.54,192.27,193.54,192.27,200.93,199.29,193.54,192.27,215.04,210.71,193.54,192.27,221.76,203.47,291.65,290.38,246.62,250.51,272.83,285.23,273.5,275.15,420.67,421.87,420.67,421.87,422.02,428.21,360.19,370.79,360.19,362.13,360.19,362.13,318.53,317.78,420.67,497.5,319.2,322.56,318.53,317.78,338.69,357.28,477.12,443.52,422.02,428.21,411.26,427.09,368.26,376.62,437.47,432.62,437.47,432.62,422.02,428.21,437.47,432.62,422.02,428.21,273.5,275.15,437.47,432.62,277.54,285.08,509.38,453.08,437.47,432.62,422.02,428.21,509.38,453.08,291.65,287.62,499.97,448.82,360.19,370.79,509.38,453.08,477.12,443.52,338.69,357.28,277.54,285.08,422.02,428.21,427.39,476.07,437.47,432.62,319.2,322.56,368.26,376.62,61.15,62.94,61.15,62.94,59.81,62.5,60.48,64.06,53.76,55.48
2025-03-01,576.6,568.91,576.6,568.91,572.14,578.25,500.71,504.85,538.66,548.74,538.66,548.74,550.56,554.11,495.5,508.32,554.28,542.29,537.17,530.39,553.54,543.62,553.54,543.62,508.9,510.22,550.56,554.11,508.9,510.22,526.75,537.66,500.71,504.85,526.75,537.66,118.3,117.8,121.27,117.06,122.76,123.34,121.27,117.06,119.78,120.94,121.27,117.06,116.81,119.78,115.32,116.39,115.32,116.39,115.32,116.39,116.81,119.78,189.72,191.13,211.3,213.36,200.88,195.42,200.88,195.42,211.3,213.36,204.6,201.62,204.6,201.62,204.6,201.62,207.58,217.91,204.6,201.62,211.3,213.36,207.58,217.91,204.6,201.62,204.6,201.62,209.81,218.65,204.6,201.62,207.58,217.91,204.6,201.62,211.3,213.36,313.97,318.76,296.11,296.03,291.65,289.91,523.78,538.08,593.71,597.43,593.71,597.43,591.48,579.91,552.79,552.46,531.22,528.82,531.22,528.82,492.53,506.33,588.5,580.98,519.31,527.0,492.53,506.33,505.92,508.81,615.29,576.02,591.48,579.91,637.61,609.42,561.72,568.58,583.3,586.44,583.3,586.44,591.48,579.91,583.3,586.44,591.48,579.91,523.78,538.08,583.3,586.44,466.49,495.26,621.98,591.4,583.3,586.44,591.48,579.91,621.98,591.4,515.59,508.32,601.9,583.46,552.79,552.46,621.98,591.4,615.29,576.02,505.92,508.81,466.49,495.26,591.48,579.91,596.69,582.55,583.3,586.44,519.31,527.0,561.72,568.58,100.44,105.57,100.44,105.57,95.23,104.74,100.44,108.46,76.63,78.78
2025-04-01,297.36,286.24,297.36,286.24,313.2,310.88,371.52,361.52,333.36,323.36,333.36,323.36,285.12,288.88,364.32,347.76,236.88,231.28,289.44,289.04,305.28,307.68,305.28,307.68,321.12,332.4,285.12,288.88,321.12,332.4,340.56,354.0,371.52,361.52,340.56,354.0,187.2,191.84,186.48,192.48,218.88,212.64,186.48,192.48,196.56,199.28,186.48,192.48,221.04,222.64,195.84,198.4,195.84,198.4,195.84,198.4,221.04,222.64,379.44,369.6,384.48,387.6,367.2,368.24,367.2,368.24,384.48,387.6,366.48,375.52,366.48,375.52,366.48,375.52,379.44,394.32,366.48,375.52,384.48,387.6,379.44,394.32,366.48,375.52,366.48,375.52,391.68,395.92,366.48,375.52,379.44,394.32,366.48,375.52,384.48,387.6,277.92,286.96,273.6,276.56,252.0,256.32,413.28,423.84,370.08,380.0,370.08,380.0,400.32,384.88,411.12,407.04,434.88,409.6,434.88,409.6,439.92,413.84,316.08,297.12,407.52,412.48,439.92,413.84,403.2,417.2,362.16,348.72,400.32,384.88,389.52,350.64,401.04,397.28,367.2,375.52,367.2,375.52,400.32,384.88,367.2,375.52,400.32,384.88,413.28,423.84,367.2,375.52,408.24,436.16,338.4,344.24,367.2,375.52,400.32,384.88,338.4,344.24,421.92,421.68,347.76,347.12,411.12,407.04,338.4,344.24,362.16,348.72,403.2,417.2,408.24,436.16,400.32,384.88,316.8,307.44,367.2,375.52,407.52,412.48,401.04,397.28,225.36,229.92,225.36,229.92,207.36,212.32,208.08,214.4,229.68,217.12
2025-05-01,206.83,207.08,206.83,207.08,209.81,212.12,211.3,213.86,208.32,210.22,208.32,210.22,205.34,203.61,208.32,217.74,199.39,217.17,194.18,203.69,197.16,203.53,197.16,203.53,224.69,217.5,205.34,203.61,224.69,217.5,206.83,215.93,211.3,213.86,206.83,215.93,223.94,222.79,215.76,215.76,229.15,230.64,215.76,215.76,220.97,227.66,215.76,215.76,218.74,222.37,218.74,220.97,218.74,220.97,218.74,220.97,218.74,222.37,160.7,163.27,164.42,162.94,148.06,157.07,148.06,157.07,164.42,162.94,156.24,155.99,156.24,155.99,156.24,155.99,158.47,160.87,156.24,155.99,164.42,162.94,158.47,160.87,156.24,155.99,156.24,155.99,156.98,157.56,156.24,155.99,158.47,160.87,156.24,155.99,164.42,162.94,281.98,289.09,286.44,289.75,260.4,269.08,292.39,282.97,269.33,270.9,269.33,270.9,275.28,266.19,274.54,275.45,269.33,267.67,269.33,267.67,286.44,272.55,224.69,229.48,293.14,278.34,286.44,272.55,261.14,253.62,249.98,237.5,275.28,266.19,247.75,261.31,284.95,279.08,279.74,272.14,279.74,272.14,275.28,266.19,279.74,272.14,275.28,266.19,292.39,282.97,279.74,272.14,258.17,270.9,246.26,258.09,279.74,272.14,275.28,266.19,246.26,258.09,279.0,276.02,272.3,248.25,274.54,275.45,246.26,258.09,249.98,237.5,261.14,253.62,258.17,270.9,275.28,266.19,241.8,234.28,279.74,272.14,293.14,278.34,284.95,279.08,229.9,237.58,229.9,237.58,221.71,221.05,223.2,225.68,217.99,215.43
2025-06-01,127.44,130.72,127.44,130.72,130.32,131.76,109.44,110.48,132.48,126.64,132.48,126.64,140.4,136.0,107.28,110.56,108.0,108.08,144.0,134.88,139.68,133.44,139.68,133.44,110.16,112.72,140.4,136.0,110.16,112.72,115.92,115.36,109.44,110.48,115.92,115.36,183.6,182.56,180.0,179.12,198.0,198.8,180.0,179.12,186.48,190.48,180.0,179.12,196.56,192.0,179.28,184.16,179.28,184.16,179.28,184.16,196.56,192.0,114.48,116.72,107.28,116.4,122.4,116.96,122.4,116.96,107.28,116.4,119.52,115.84,119.52,115.84,119.52,115.84,113.76,116.48,119.52,115.84,107.28,116.4,113.76,116.48,119.52,115.84,119.52,115.84,108.72,117.84,119.52,115.84,113.76,116.48,119.52,115.84,107.28,116.4,169.2,172.88,177.84,180.8,175.68,179.12,253.44,254.08,293.76,278.48,293.76,278.48,267.12,271.2,262.8,267.92,262.08,257.04,262.08,257.04,257.04,251.04,300.24,260.24,258.48,261.36,257.04,251.04,243.36,244.64,260.64,254.08,267.12,271.2,280.08,265.2,274.32,277.12,283.68,276.4,283.68,276.4,267.12,271.2,283.68,276.4,267.12,271.2,253.44,254.08,283.68,276.4,244.08,232.32,288.72,279.6,283.68,276.4,267.12,271.2,288.72,279.6,251.28,245.84,272.16,270.24,262.8,267.92,288.72,279.6,260.64,254.08,243.36,244.64,244.08,232.32,267.12,271.2,282.96,254.56,283.68,276.4,258.48,261.36,274.32,277.12,107.28,105.44,107.28,105.44,114.48,113.04,109.44,102.88,143.28,138.08
2025-07-01,129.46,128.13,129.46,128.13,122.76,127.97,101.93,109.78,118.3,120.45,118.3,120.45,127.22,122.93,116.81,116.48,125.74,126.65,116.06,117.63,124.25,119.7,124.25,119.7,121.27,119.29,127.22,122.93,121.27,119.29,126.48,119.37,101.93,109.78,126.48,119.37,84.07,84.82,78.86,82.83,106.39,101.85,78.86,82.83,92.26,93.41,78.86,82.83,109.37,107.96,89.28,89.78,89.28,89.78,89.28,89.78,109.37,107.96,81.84,87.46,93.0,91.18,84.82,86.88,84.82,86.88,93.0,91.18,90.02,85.06,90.02,85.06,90.02,85.06,95.98,90.85,90.02,85.06,93.0,91.18,95.98,90.85,90.02,85.06,90.02,85.06,81.1,87.46,90.02,85.06,95.98,90.85,90.02,85.06,93.0,91.18,125.74,127.39,108.62,108.13,99.7,102.34,157.73,152.35,168.89,159.05,168.89,159.05,173.35,174.43,184.51,172.86,153.26,171.2,153.26,171.2,159.96,158.14,130.2,122.84,174.1,161.53,159.96,158.14,154.01,163.1,158.47,152.52,173.35,174.43,135.41,131.77,161.45,167.48,168.89,169.14,168.89,169.14,173.35,174.43,168.89,169.14,173.35,174.43,157.73,152.35,168.89,169.14,142.85,160.46,174.84,154.75,168.89,169.14,173.35,174.43,174.84,154.75,154.01,159.63,183.77,157.31,184.51,172.86,174.84,154.75,158.47,152.52,154.01,163.1,142.85,160.46,173.35,174.43,130.2,116.15,168.89,169.14,174.1,161.53,161.45,167.48,129.46,164.84,129.46,164.84,150.29,156.57,166.66,165.42,125.74,125.98
2025-08-01,151.78,158.47,151.78,158.47,153.26,161.7,165.91,161.61,176.33,164.26,176.33,164.26,160.7,154.34,163.68,162.85,170.38,164.51,158.47,156.16,153.26,162.11,153.26,162.11,165.17,165.99,160.7,154.34,165.17,165.99,162.94,162.77,165.91,161.61,162.94,162.77,196.42,196.0,192.7,192.28,202.37,207.08,192.7,192.28,196.42,199.56,192.7,192.28,212.04,207.99,191.95,194.1,191.95,194.1,191.95,194.1,212.04,207.99,196.42,189.55,195.67,192.37,184.51,185.59,184.51,185.59,195.67,192.37,180.05,180.63,180.05,180.63,180.05,180.63,188.23,190.38,180.05,180.63,195.67,192.37,188.23,190.38,180.05,180.63,180.05,180.63,187.49,185.34,180.05,180.63,188.23,190.38,180.05,180.63,195.67,192.37,351.91,350.01,267.84,271.48,238.82,242.46,315.46,320.99,366.79,360.67,366.79,360.67,372.0,377.87,347.45,362.82,359.35,352.57,359.35,352.57,354.14,342.9,348.19,348.52,375.72,354.39,354.14,342.9,325.87,337.28,403.25,377.95,372.0,377.87,325.13,329.92,347.45,357.78,375.72,374.31,375.72,374.31,372.0,377.87,375.72,374.31,372.0,377.87,315.46,320.99,375.72,374.31,311.74,318.51,419.62,377.13,375.72,374.31,372.0,377.87,419.62,377.13,348.94,336.95,406.97,381.18,347.45,362.82,419.62,377.13,403.25,377.95,325.87,337.28,311.74,318.51,372.0,377.87,339.26,327.11,375.72,374.31,375.72,354.39,347.45,357.78,191.21,193.52,191.21,193.52,191.21,190.88,199.39,188.73,238.08,226.01
2025-09-01,216.72,217.52,216.72,217.52,223.92,226.16,205.2,210.96,214.56,211.84,214.56,211.84,212.4,208.32,198.72,205.12,213.84,206.48,205.2,200.56,208.08,207.76,208.08,207.76,194.4,201.6,212.4,208.32,194.4,201.6,219.6,221.2,205.2,210.96,219.6,221.2,252.0,246.88,234.0,236.08,254.16,253.76,234.0,236.08,252.0,251.04,234.0,236.08,225.36,230.64,220.32,225.44,220.32,225.44,220.32,225.44,225.36,230.64,238.32,238.0,239.76,240.48,240.48,242.8,240.48,242.8,239.76,240.48,248.4,251.76,248.4,251.76,248.4,251.76,247.68,251.6,248.4,251.76,239.76,240.48,247.68,251.6,248.4,251.76,248.4,251.76,268.56,262.56,248.4,251.76,247.68,251.6,248.4,251.76,239.76,240.48,434.16,454.64,376.56,376.32,393.12,394.88,371.52,362.32,388.8,381.68,388.8,381.68,374.4,377.6,359.28,370.48,357.12,362.0,357.12,362.0,374.4,359.44,329.76,339.84,367.92,368.32,374.4,359.44,338.4,355.44,388.8,366.96,374.4,377.6,337.68,340.16,367.92,374.56,395.28,384.24,395.28,384.24,374.4,377.6,395.28,384.24,374.4,377.6,371.52,362.32,395.28,384.24,328.32,347.2,393.84,374.24,395.28,384.24,374.4,377.6,393.84,374.24,358.56,360.32,404.64,370.32,359.28,370.48,393.84,374.24,388.8,366.96,338.4,355.44,328.32,347.2,374.4,377.6,335.52,330.96,395.28,384.24,367.92,368.32,367.92,374.56,262.8,252.56,262.8,252.56,272.88,258.08,254.16,247.52,299.52,291.6
