Date,johor_ladang_lim_lim,johor_sg_tiram_di_kg_bukit_dagang,johor_sg_tiram_di_klinik_kesihatan_ulu_tiram,johor_layang_layang,johor_bukit_besar,johor_kg_semanggar,johor_ladang_nam_heng,johor_ladang_pekan,johor_lepau,johor_pasak,johor_sg_johor_di_kota_tinggi,johor_sg_kepala_orang_di_kg_sri_jaya,johor_sg_linggiu_di_linggiu,johor_sg_sembilang_di_kg_sg_sembilang,johor_ulu_sebol,johor_ladang_sedenak,johor_sg_siam_di_kg_sg_siam,johor_sg_siku_di_kg_murni_jaya
2015-05-01,,,,,,,,,,,,,,,,,,1.0
2015-05-02,,,,,,,,,,,,,,,,,,10.0
2015-05-03,,,,,,,,,,,,,,,,,,1.0
2015-05-04,,,,,,,,,,,,,,,,,,0.0
2015-05-05,,,,,,,,,,,21.0,,,,,,,1.0
2015-05-06,,,,,,,,,,,0.0,,,,,,,1.0
2015-05-07,,,,,,,,,,,,,,,,,,0.0
2015-05-08,,,,,,,,,,,0.0,,,,,,,0.0
2015-05-09,,,,,,,,,,,0.0,,,,,,,0.0
2015-05-10,,,,,,,,,,,10.0,,,,,,,25.0
2015-05-11,,,,,,,,,,,0.0,,,,,,,0.0
2015-05-12,,,,,,,,,,,0.0,,,,,,,0.0
2015-05-13,,,,,,,,,,,0.0,,,,,,,0.0
2015-05-14,,,,,,,,,,,,,,,,,,0.0
2015-05-15,,,,,,,,,,,,,,,,,,0.0
2015-05-16,,,,,,,,,,,0.0,,,,,,,0.0
2015-05-17,,,,,,,,,,,1.0,,,,,,,1.0
2015-05-18,,,,,,,,,,,,,,,,,,2.0
2015-05-19,,,,,,,,,,,2.0,,,,,,,2.0
2015-05-20,,,,,,,,,,,0.0,,,,,,,22.0
2015-05-21,,,,,,,,,,,1.0,,,,,,,2.0
2015-05-22,,,,,,,,,,,4.0,,,,,,,22.0
2015-05-23,,,,,,,,,,,3.0,,,,,,,1.0
2015-05-24,,,,,,,,,,,0.0,,,,,,,0.0
2015-05-25,,,,,,,,,,,1.0,,,,,,,2.0
2015-05-26,,,,,,,,,,,5.0,,,,,,,33.0
2015-05-27,,,,,,,,,,,1.0,,,,,,,0.0
2015-05-28,,,,,,,,,,,11.0,,,,,,,10.0
2015-05-29,,,,,,,,,,,0.0,,,,,,,1.0
2015-05-30,,,,,,,,,,,0.0,,,,,,,0.0
2015-05-31,,,,,,,,,,,0.0,,,,,,,1.0
2015-06-01,,,,,,,,,,,0.0,,,,,,,1.0
2015-06-02,,,,,,,,,,,3.0,,,,,,,5.0
2015-06-03,,,,,,,,,,,0.0,,,,,,,4.0
2015-06-04,,,,,,,,,,,3.0,,,,,,,14.0
2015-06-05,,,,,,,,,,,0.0,,,,,,,5.0
2015-06-06,,,,,,,,,,,0.0,,,,,,,7.0
2015-06-07,,,,,,,,,,,,,,,,,,1.0
2015-06-08,,,,,,,,,,,,,,,,,,7.0
2015-06-09,,,,,,,,,,,0.0,,,,,,,0.0
2015-06-10,,,,,,,,,,,0.0,,,,,,,7.0
2015-06-11,,,,,,,,,,,,,,,,,,2.0
2015-06-12,,,,,,,,,,,,,,,,,,1.0
2015-06-13,,,,,,,,,,,,,,,,,,0.0
2015-06-14,,,,,,,,,,,,,,,,,,6.0
2015-06-15,,,,,,,,,,,,,,,,,,0.0
2015-06-16,,,,,,,,,,,,,,,,,,4.0
2015-06-17,,,,,,,,,,,,,,,,,,7.0
2015-06-18,,,,,,,,,,,,,,,,,,0.0
2015-06-19,,,,,,,,,,,,,,,,,,0.0
2015-06-20,,,,,,,,,,,,,,,,,,0.0
2015-06-21,,,,,,,,,,,,,,,,,,0.0
2015-06-22,,,,,,,,,,,,,,,,,,0.0
2015-06-23,,,,,,,,,,,,,,,,,,0.0
2015-06-24,,,,,,,,,,,,,,,,,,0.0
2015-06-25,,,,0.0,0.0,,,,,,,,,,0.0,,,0.0
2015-06-26,,,,,0.0,,,,,,,,,,0.0,,,0.0
2015-06-27,,,,,,,,,,,,,,,,,,0.0
2015-06-28,,,,0.0,26.0,,,,,,,,,,23.0,,,7.0
2015-06-29,,,,0.0,0.0,,,,,,,,,,0.0,,,0.0
2015-06-30,,,,,,,,,,,,,,,,,,0.0
2015-07-01,,,,,,,,,,,,,,,,,,3.0
2015-07-02,,,,0.0,0.0,,,,,,,,,,0.0,,,0.0
2015-07-03,,,,0.0,0.0,,,,,,,,,,0.0,,,0.0
2015-07-04,,,,24.0,14.0,,,,,,,,,,16.0,,,18.0
2015-07-05,,,,0.0,0.0,,,,,,,,,,0.0,,,0.0
2015-07-06,,,,,0.0,,,,,,0.0,,,,0.0,,,0.0
2015-07-07,,,,0.0,0.0,,,,,,16.0,,,,0.0,,,0.0
2015-07-08,,,,0.0,0.0,,,,,,0.0,,,,0.0,,,1.0
2015-07-09,,,,0.0,0.0,,,,,,0.0,,,,0.0,,,1.0
2015-07-10,,,,0.0,0.0,,,,,,0.0,,,,0.0,,,0.0
2015-07-11,,,,3.0,1.0,,,,,,2.0,,,,1.0,,,4.0
2015-07-12,,,,0.0,6.0,,,,,,2.0,,,,0.0,,,14.0
2015-07-13,,,,1.0,2.0,,,,,,11.0,,,,0.0,,,1.0
2015-07-14,,,,0.0,9.0,,,,,,1.0,,,,13.0,,,4.0
2015-07-15,,,,0.0,0.0,,,,,,0.0,,,,0.0,,,0.0
2015-07-16,,,,57.0,0.0,,,,,,0.0,,,,5.0,,,2.0
2015-07-17,,,,0.0,11.0,,,,,,10.0,,,,10.0,,,1.0
2015-07-18,,,,0.0,0.0,,,,,,0.0,,,,0.0,,,0.0
2015-07-19,,,,1.0,24.0,,,,,,0.0,,,,24.0,,,7.0
2015-07-20,,,,38.0,0.0,,,,,,0.0,,,,0.0,,,0.0
2015-07-21,,,,6.0,4.0,,,,,,0.0,,,,5.0,,,8.0
2015-07-22,,,,0.0,0.0,,,,,,0.0,,,,0.0,,,1.0
2015-07-23,,,,0.0,0.0,,,,,,7.0,,,,1.0,,,0.0
2015-07-24,,,,0.0,5.0,,,,,,1.0,,,,0.0,,,1.0
2015-07-25,,,,0.0,3.0,,,,,,0.0,,,,7.0,,,0.0
2015-07-26,,,,1.0,1.0,,,,,,19.0,,,,1.0,,,24.0
2015-07-27,,,,59.0,6.0,,,,,,1.0,,,,12.0,,,1.0
2015-07-28,,,,0.0,0.0,,,,,,2.0,,,,0.0,,,0.0
2015-07-29,,,,7.0,0.0,,,,,,1.0,,,,3.0,,,2.0
2015-07-30,,,,3.0,0.0,,,,,,0.0,,,,36.0,,,12.0
2015-07-31,,,,6.0,10.0,,,,,,1.0,,,,1.0,,,6.0
2015-08-01,,,,4.0,13.0,,,,,,9.0,,,,10.0,,,10.0
2015-08-02,,,,,,,,,,,10.0,,,,,,,0.0
2015-08-03,,,,,25.0,,,,,,19.0,,,,,,,9.0
2015-08-04,,,,0.0,0.0,,,,,,0.0,,,,0.0,,,0.0
2015-08-05,,,,0.0,0.0,,,,,,11.0,,,,0.0,,,16.0
2015-08-06,,,,9.0,1.0,,,,,,0.0,,,,23.0,,,2.0
2015-08-07,,,,0.0,12.0,,,,,,3.0,,,,15.0,,,9.0
2015-08-08,,,,0.0,,,,,,,0.0,,,,0.0,,,2.0
2015-08-09,,,,1.0,,,,,,,0.0,,,,0.0,,,1.0
2015-08-10,,,,3.0,,,,,,,6.0,,,,0.0,,,0.0
2015-08-11,,,,42.0,,,,,,,1.0,,,,12.0,,,91.0
2015-08-12,,,,42.0,150.0,,,,,,1.0,,,,0.0,,,1.0
2015-08-13,,,,6.0,1.0,,,,,,0.0,,,,0.0,,,1.0
2015-08-14,,,,0.0,0.0,,,,,,0.0,,,,0.0,,,2.0
2015-08-15,,,,5.0,,,,,,,0.0,,,,0.0,,,2.0
2015-08-16,,,,5.0,,,,,,,13.0,,,,0.0,,,1.0
2015-08-17,,,,3.0,,,,,,,0.0,,,,0.0,,,1.0
2015-08-18,,,,3.0,,,,,,,0.0,,,,0.0,,,0.0
2015-08-19,,,,0.0,,,,,,,0.0,,,,0.0,,,0.0
2015-08-20,,,,0.0,1.0,,,,,,0.0,,,,0.0,,,0.0
2015-08-21,,,,24.0,20.0,,,,,,3.0,,,,11.0,,,12.0
2015-08-22,,,,24.0,20.0,,,,,,7.0,,,,0.0,,,0.0
2015-08-23,,,,0.0,0.0,,,,,,0.0,,,,5.0,,,0.0
2015-08-24,,,,0.0,0.0,,,,,,0.0,,,,17.0,,,1.0
2015-08-25,,,,13.0,1.0,,,,,,1.0,,,,2.0,,,0.0
2015-08-26,,,,13.0,13.0,,,,,,21.0,,,,21.0,,,7.0
2015-08-27,,,,1.0,13.0,,,,,,0.0,,,,0.0,,,0.0
2015-08-28,,,,0.0,0.0,,,,,,0.0,,,,0.0,,,0.0
2015-08-29,,,,7.0,0.0,,,,,,0.0,,,,0.0,,,5.0
2015-08-30,,,,7.0,0.0,,,,,,0.0,,,,0.0,,,0.0
2015-08-31,,,,0.0,0.0,,,,,,0.0,,,,0.0,,,6.0
2015-09-01,,,,4.0,0.0,,,,,,0.0,,,,1.0,,,1.0
2015-09-02,,,0.0,4.0,0.0,,,,,,0.0,,,,0.0,,,2.0
2015-09-03,,,0.0,3.0,2.0,,,,,,6.0,,,,0.0,,,5.0
2015-09-04,,,1.0,6.0,21.0,,,,,,16.0,,,,0.0,,,2.0
2015-09-05,,,1.0,20.0,21.0,,,,,,0.0,,,,0.0,,,27.0
2015-09-06,,,1.0,20.0,1.0,,,,,,0.0,,,,0.0,,,0.0
2015-09-07,,,0.0,0.0,0.0,,,,,,0.0,,,,0.0,,,0.0
2015-09-08,,,0.0,0.0,0.0,,,,,,0.0,,,,0.0,,,0.0
2015-09-09,,,9.0,5.0,18.0,,,,,,1.0,,,,6.0,,,19.0
2015-09-10,,,0.0,5.0,18.0,,,,,,0.0,,,,13.0,,,1.0
2015-09-11,,,0.0,0.0,0.0,,,,,,0.0,,,,0.0,,,0.0
2015-09-12,,,0.0,0.0,0.0,,,,,,0.0,,,,0.0,,,0.0
2015-09-13,,,49.0,0.0,0.0,,,,,,32.0,,,,0.0,,,0.0
2015-09-14,,,0.0,0.0,0.0,,,,,,0.0,,,,0.0,,,0.0
2015-09-15,,,24.0,3.0,64.0,,,,,,19.0,,,,2.0,,,2.0
2015-09-16,,,44.0,37.0,64.0,,,,,,30.0,,,,16.0,,,9.0
2015-09-17,,,1.0,37.0,11.0,,,,,,0.0,,,,0.0,,,0.0
2015-09-18,,,0.0,,,,,,,,0.0,,,,,,,0.0
2015-09-19,,,0.0,,,,,,,,,,,,,,,0.0
2015-09-20,,,0.0,,,,,,,,,,,,,,,0.0
2015-09-21,,,0.0,,,,,,,,,,,,,,,0.0
2015-09-22,,,1.0,,,,,,,,,,,,,,,52.0
2015-09-23,,,0.0,,,,,,,,,,,,,,,0.0
2015-09-24,,,0.0,,,,,,,,,,,,,,,0.0
2015-09-25,,,0.0,,,,,,,,,,,,,,,0.0
2015-09-26,,,0.0,,,,,,,,,,,,,,,0.0
2015-09-27,,,3.0,,,,,,,,,,,,,,,0.0
2015-09-28,,,20.0,,,,,,,,,,,,,,,18.0
2015-09-29,,,1.0,,,,,,,,,,,,,,,0.0
2015-09-30,,,19.0,,,,,,,,,,,,,,,1.0
2015-10-01,,,0.0,0.0,29.0,,,,,,0.0,,,,4.0,,,7.0
2015-10-02,,,3.0,,8.0,,,,,,0.0,,,,0.0,,,2.0
2015-10-03,,,0.0,,0.0,,,,,,0.0,,,,9.0,,,0.0
2015-10-04,,,0.0,,0.0,,,,,,0.0,,,,0.0,,,0.0
2015-10-05,,,1.0,,0.0,,,,,,2.0,,,,0.0,,,1.0
2015-10-06,,,0.0,,1.0,,,,,,5.0,,,,9.0,,,0.0
2015-10-07,,,0.0,2.0,1.0,,,,,,4.0,,,,2.0,,,0.0
2015-10-08,,,0.0,0.0,,,,,,,0.0,,,,0.0,,,0.0
2015-10-09,,,0.0,0.0,,,,,,,0.0,,,,0.0,,,0.0
2015-10-10,,,0.0,0.0,,,,,,,0.0,,,,0.0,,,0.0
2015-10-11,,,0.0,0.0,,,,,,,0.0,,,,0.0,,,0.0
2015-10-12,,,0.0,0.0,,,,,,,0.0,,,,0.0,,,0.0
2015-10-13,,,0.0,0.0,,,,,,,0.0,,,,0.0,,,0.0
2015-10-14,,,0.0,0.0,,,,,,,1.0,,,,0.0,,,3.0
2015-10-15,,,0.0,13.0,,,,,,,0.0,,,,0.0,,,16.0
2015-10-16,,,0.0,13.0,,,,,,,0.0,,,,0.0,,,0.0
2015-10-17,,,0.0,0.0,,,,,,,0.0,,,,0.0,,,0.0
2015-10-18,,,0.0,0.0,,,,,,,0.0,,,,0.0,,,0.0
2015-10-19,,,0.0,0.0,,,,,,,0.0,,,,0.0,,,0.0
2015-10-20,,,0.0,0.0,,,,,,,0.0,,,,0.0,,,0.0
2015-10-21,,,0.0,0.0,,,,,,,0.0,,,,0.0,,,0.0
2015-10-22,,,0.0,0.0,,,,,,,0.0,,,,0.0,,,0.0
2015-10-23,,,0.0,0.0,,,,,,,0.0,,,,0.0,,,0.0
2015-10-24,,,6.0,9.0,,,,,,,0.0,,,,2.0,,,0.0
2015-10-25,,,1.0,9.0,,,,,,,0.0,,,,8.0,,,0.0
2015-10-26,,,0.0,2.0,,,,,,,0.0,,,,0.0,,,2.0
2015-10-27,,,0.0,16.0,,,,,,,0.0,,,,4.0,,,15.0
2015-10-28,,,13.0,16.0,,,,,,,16.0,,,,3.0,,,6.0
2015-10-29,,,0.0,5.0,,,,,,,0.0,,,,0.0,,,0.0
2015-10-30,,,0.0,24.0,,,,,,,0.0,,,,21.0,,,4.0
2015-10-31,,,0.0,24.0,,,,,,,8.0,,,,14.0,,,2.0
2015-11-01,,,20.0,4.0,,,,,,,30.0,,,,1.0,,,24.0
2015-11-02,,,34.0,0.0,,,,,,,17.0,,,,0.0,,,33.0
2015-11-03,,,13.0,0.0,,,,,,,8.0,,,,0.0,,,16.0
2015-11-04,,,7.0,0.0,,,,,,,0.0,,,,0.0,,,23.0
2015-11-05,,,6.0,0.0,,,,,,,0.0,,,,0.0,,,0.0
2015-11-06,,,27.0,0.0,,,,,,,2.0,,,,2.0,,,0.0
2015-11-07,,,31.0,30.0,,,,,,,4.0,,,,0.0,,,56.0
2015-11-08,,,0.0,30.0,,,,,,,7.0,,,,5.0,,,27.0
2015-11-09,,,0.0,9.0,,,,,,,0.0,,,,0.0,,,0.0
2015-11-10,,,5.0,1.0,,,,,,,0.0,,,,30.0,,,5.0
2015-11-11,,,1.0,13.0,,,,,,,12.0,,,,3.0,,,28.0
2015-11-12,,,54.0,13.0,18.0,,,,,,8.0,,,,10.0,,,1.0
2015-11-13,,,1.0,1.0,4.0,,,,,,0.0,,,,13.0,,,1.0
2015-11-14,,,0.0,0.0,1.0,,,,,,0.0,,,,0.0,,,1.0
2015-11-15,,,16.0,24.0,3.0,,,,,,12.0,,,,22.0,,,15.0
2015-11-16,,,8.0,41.0,84.0,,,,,,16.0,,,,21.0,,,64.0
2015-11-17,,,1.0,41.0,1.0,,,,,,6.0,,,,21.0,,,1.0
2015-11-18,,,0.0,1.0,0.0,,,,,,0.0,,,,0.0,,,0.0
2015-11-19,,,1.0,3.0,0.0,,0.0,,,,0.0,,,,0.0,,,0.0
2015-11-20,,,11.0,0.0,13.0,,,,,,0.0,,,,0.0,,,7.0
2015-11-21,,,2.0,0.0,11.0,,,,,,0.0,,,,3.0,,,0.0
2015-11-22,,,0.0,0.0,0.0,,,,,,1.0,,,,2.0,,,0.0
2015-11-23,,,5.0,4.0,5.0,,,,,,41.0,,,,1.0,,,2.0
2015-11-24,,,77.0,21.0,21.0,,,,,,11.0,,,,21.0,,,11.0
2015-11-25,,,12.0,34.0,26.0,,,,,,3.0,,,,14.0,,,16.0
2015-11-26,,,2.0,37.0,5.0,,,,,,11.0,,,,1.0,,,1.0
2015-11-27,,,0.0,6.0,1.0,,,,,,0.0,,,,0.0,,,1.0
2015-11-28,,,1.0,43.0,4.0,,,,,,15.0,,,,0.0,,,72.0
2015-11-29,,,9.0,43.0,0.0,,,,,,25.0,,,,0.0,,,0.0
2015-11-30,,,12.0,40.0,108.0,,,,,,47.0,,,,40.0,,,48.0
2015-12-01,,,30.0,40.0,8.0,,,,,,17.0,,,,1.0,,,29.0
2015-12-02,,,15.0,24.0,2.0,,,,,,19.0,,,,3.0,,,0.0
2015-12-03,,,1.0,6.0,0.0,,,,,,0.0,,,,0.0,,,0.0
2015-12-04,,,0.0,40.0,0.0,,,,,,0.0,,,,0.0,,,11.0
2015-12-05,,,25.0,40.0,1.0,,,,,,0.0,,,,0.0,,,5.0
2015-12-06,,,18.0,6.0,13.0,,,,,,0.0,,,,14.0,,,13.0
2015-12-07,,,1.0,6.0,4.0,,,,,,0.0,,,,0.0,,,1.0
2015-12-08,,,1.0,15.0,7.0,,,,,,1.0,,,,0.0,,,1.0
2015-12-09,,,8.0,34.0,15.0,,,,,,27.0,,,,7.0,,,57.0
2015-12-10,,,11.0,34.0,0.0,,,,,,11.0,,,,3.0,,,15.0
2015-12-11,,,50.0,33.0,9.0,,218.0,,0.0,,36.0,,,,7.0,,,4.0
2015-12-12,,,7.0,33.0,9.0,,34.0,,68.0,,45.0,,,,5.0,,,23.0
2015-12-13,,,26.0,23.0,42.0,,44.0,,24.0,,35.0,,,,33.0,,,86.0
2015-12-14,,,1.0,23.0,2.0,,0.0,,0.0,,0.0,,,,0.0,,,1.0
2015-12-15,,,0.0,7.0,0.0,,,,0.0,,0.0,,,,0.0,,,0.0
2015-12-16,,,0.0,0.0,0.0,,,,0.0,,0.0,,,,0.0,,,0.0
2015-12-17,,,0.0,16.0,0.0,,,,0.0,,0.0,,,,1.0,,,1.0
2015-12-18,,,9.0,16.0,0.0,,,,0.0,,0.0,,,,0.0,,,1.0
2015-12-19,,,0.0,,,,,,0.0,,,,,,,,,0.0
2015-12-20,,,0.0,0.0,0.0,,,,0.0,,0.0,,0.0,,0.0,,,0.0
2015-12-21,,,0.0,0.0,0.0,,,,0.0,,0.0,,0.0,,0.0,,,0.0
2015-12-22,,,0.0,0.0,0.0,,,,0.0,,0.0,,,,0.0,,,0.0
2015-12-23,,,14.0,0.0,1.0,,,,0.0,,1.0,,,,0.0,,,8.0
2015-12-24,,,1.0,0.0,0.0,,,,5.0,,0.0,,,,0.0,,,16.0
2015-12-25,,,3.0,19.0,10.0,,,,7.0,,0.0,,,,16.0,,,2.0
2015-12-26,,,2.0,19.0,0.0,,,,0.0,,0.0,,,,0.0,,,0.0
2015-12-27,,,0.0,0.0,0.0,,,,0.0,,0.0,,,,0.0,,,0.0
2015-12-28,,,4.0,0.0,0.0,,,,0.0,,1.0,,,,0.0,,,0.0
2015-12-29,,,111.0,6.0,40.0,,,,0.0,,62.0,,,,18.0,,,2.0
2015-12-30,,,1.0,6.0,0.0,,,,10.0,,30.0,,0.0,,0.0,,,0.0
2015-12-31,,,4.0,30.0,31.0,,,,54.0,,12.0,,14.0,,15.0,,,13.0
2016-01-01,,,23.0,31.0,44.0,,,,8.0,,21.0,,38.0,,19.0,,,34.0
2016-01-02,,,4.0,23.0,1.0,,,,66.0,,22.0,,9.0,,2.0,,,1.0
2016-01-03,,,4.0,1.0,7.0,,,,12.0,,5.0,,8.0,,4.0,,,3.0
2016-01-04,,,0.0,4.0,0.0,,,,0.0,,4.0,,0.0,,1.0,,,1.0
2016-01-05,,,0.0,13.0,0.0,,,,0.0,,0.0,,0.0,,0.0,,,0.0
2016-01-06,,,0.0,13.0,0.0,,,,0.0,,0.0,,0.0,,0.0,,,0.0
2016-01-07,,,0.0,8.0,0.0,,,,0.0,,0.0,,0.0,,0.0,,,0.0
2016-01-08,,,0.0,1.0,0.0,,,,0.0,,0.0,,2.0,,0.0,,,0.0
2016-01-09,,,0.0,1.0,0.0,,,,0.0,,1.0,,0.0,,0.0,,,0.0
2016-01-10,,,0.0,1.0,0.0,,,,1.0,,0.0,,0.0,,0.0,,,0.0
2016-01-11,,,0.0,0.0,0.0,,0.0,,0.0,,0.0,,0.0,,0.0,,,0.0
2016-01-12,,,0.0,0.0,0.0,,0.0,,0.0,,0.0,,0.0,,0.0,,,0.0
2016-01-13,,,0.0,1.0,0.0,,,,0.0,,0.0,,0.0,,0.0,,,0.0
2016-01-14,,,0.0,1.0,0.0,,,,0.0,,0.0,,0.0,,0.0,,,0.0
2016-01-15,,,33.0,4.0,10.0,,,,6.0,,0.0,,12.0,,2.0,,,7.0
2016-01-16,,,32.0,4.0,0.0,,,,0.0,,1.0,,1.0,,4.0,,,4.0
2016-01-17,,,11.0,2.0,11.0,,,,0.0,,9.0,,2.0,,0.0,,,29.0
2016-01-18,,,0.0,14.0,19.0,,,,0.0,,0.0,,6.0,,0.0,,,14.0
2016-01-19,,,0.0,14.0,0.0,,,,0.0,,0.0,,0.0,,0.0,,,0.0
2016-01-20,,,1.0,0.0,0.0,,,,1.0,,0.0,,7.0,,8.0,,,2.0
2016-01-21,,,0.0,0.0,0.0,,,,0.0,,0.0,,0.0,,0.0,,,0.0
2016-01-22,,,0.0,3.0,1.0,,,,0.0,,0.0,,0.0,,0.0,,,2.0
2016-01-23,,,0.0,3.0,0.0,,,,0.0,,0.0,,0.0,,0.0,,,4.0
2016-01-24,,,0.0,0.0,0.0,,,,0.0,,0.0,,0.0,,0.0,,,1.0
2016-01-25,,,10.0,15.0,27.0,,,,10.0,,8.0,,9.0,,8.0,,,7.0
2016-01-26,,,9.0,15.0,20.0,,,,4.0,,29.0,,15.0,,15.0,,,10.0
2016-01-27,,,2.0,7.0,0.0,,,,2.0,,4.0,,0.0,,0.0,,,1.0
2016-01-28,,,0.0,2.0,25.0,,,,10.0,,0.0,,0.0,,0.0,,,1.0
2016-01-29,,,0.0,3.0,0.0,,,,2.0,,9.0,,0.0,,0.0,,,0.0
2016-01-30,,,0.0,3.0,0.0,,,,0.0,,0.0,,0.0,,0.0,,,0.0
2016-01-31,,,0.0,0.0,0.0,,,,0.0,,0.0,,0.0,,0.0,,,2.0
2016-02-01,,,0.0,0.0,0.0,,0.0,,0.0,,0.0,,0.0,,0.0,,,0.0
2016-02-02,,,17.0,0.0,0.0,,16.0,,44.0,,36.0,,1.0,,0.0,,,0.0
2016-02-03,,,0.0,0.0,0.0,,0.0,,2.0,,0.0,,0.0,,0.0,,,0.0
2016-02-04,,,2.0,5.0,0.0,,0.0,,0.0,,0.0,,0.0,,0.0,,,11.0
2016-02-05,,,0.0,5.0,0.0,,0.0,,2.0,,0.0,,11.0,,2.0,,,1.0
2016-02-06,,,9.0,3.0,0.0,,14.0,,4.0,,9.0,,13.0,,4.0,,,7.0
2016-02-07,,,29.0,20.0,53.0,,30.0,,51.0,,33.0,,12.0,,10.0,,,7.0
2016-02-08,,,1.0,20.0,0.0,,0.0,,0.0,,0.0,,0.0,,0.0,,,0.0
2016-02-09,,,0.0,,0.0,,0.0,,0.0,,0.0,,0.0,,0.0,,,0.0
2016-02-10,,,0.0,,0.0,,0.0,,0.0,,0.0,,3.0,,0.0,,,0.0
2016-02-11,,,0.0,,0.0,,0.0,,,,0.0,,0.0,,0.0,,,0.0
2016-02-12,,,20.0,0.0,0.0,,0.0,,,,17.0,,0.0,,0.0,,,0.0
2016-02-13,,,1.0,0.0,0.0,,,,,,0.0,,0.0,,0.0,,,0.0
2016-02-14,,,0.0,12.0,5.0,,,,,,0.0,,,,1.0,,,43.0
2016-02-15,,,0.0,12.0,0.0,,,,,,0.0,,0.0,,0.0,,,0.0
2016-02-16,,,0.0,1.0,0.0,,,,,,0.0,,,,0.0,,,0.0
2016-02-17,,,0.0,0.0,0.0,,,,,,0.0,,,,0.0,,,0.0
2016-02-18,,,0.0,9.0,0.0,,,,,,2.0,,,,0.0,,,7.0
2016-02-19,,,93.0,,,,,,,,,,,,47.0,,,86.0
2016-02-20,,,3.0,,,,,,,,3.0,,,,15.0,,,8.0
2016-02-21,,,0.0,5.0,,,,,,,0.0,,,,0.0,,,0.0
2016-02-22,,,0.0,0.0,0.0,,,,,,0.0,,,,0.0,,,0.0
2016-02-23,,,0.0,4.0,0.0,,,,,,0.0,,,,0.0,,,2.0
2016-02-24,,,24.0,4.0,12.0,,,,,,59.0,,,,6.0,,,5.0
2016-02-25,,,1.0,2.0,0.0,,,,,,0.0,,,,1.0,,,0.0
2016-02-26,,,0.0,1.0,1.0,,,,,,0.0,,,,0.0,,,0.0
2016-02-27,,,0.0,7.0,0.0,,,,,,0.0,,,,0.0,,,0.0
2016-02-28,,,0.0,7.0,0.0,,,,,,0.0,,,,0.0,,,0.0
2016-02-29,,,0.0,1.0,0.0,,,,,,0.0,,,,0.0,,,0.0
2016-03-01,,,0.0,2.0,0.0,,,,,,0.0,,,,0.0,,,0.0
2016-03-02,,,0.0,0.0,0.0,,,,,,0.0,,,,0.0,,,0.0
2016-03-03,,,0.0,1.0,0.0,,,,,,0.0,,,,0.0,,,0.0
2016-03-04,,,1.0,8.0,0.0,,,,,,2.0,,,,1.0,,,0.0
2016-03-05,,,0.0,8.0,0.0,,,,,,0.0,,,,1.0,,,0.0
2016-03-06,,,0.0,4.0,0.0,,,,,,0.0,,,,0.0,,,1.0
2016-03-07,,,1.0,0.0,0.0,,,,,,0.0,,,,0.0,,,0.0
2016-03-08,,,1.0,1.0,0.0,,1.0,,1.0,,0.0,,1.0,,5.0,,,4.0
2016-03-09,,,0.0,1.0,0.0,,1.0,,1.0,,0.0,,1.0,,0.0,,,0.0
2016-03-10,,,0.0,4.0,0.0,,0.0,,0.0,,0.0,,2.0,,0.0,,,5.0
2016-03-11,,,0.0,4.0,0.0,,0.0,,0.0,,0.0,,2.0,,0.0,,,1.0
2016-03-12,,,0.0,0.0,0.0,,0.0,,0.0,,0.0,,0.0,,0.0,,,0.0
2016-03-13,,,1.0,,,,0.0,,0.0,,,,2.0,,,,,31.0
2016-03-14,,,0.0,10.0,0.0,,0.0,,2.0,,0.0,,2.0,,8.0,,,1.0
2016-03-15,,,0.0,10.0,0.0,,0.0,,2.0,,0.0,,0.0,,0.0,,,0.0
2016-03-16,,,0.0,0.0,0.0,,0.0,,0.0,,0.0,,0.0,,0.0,,,0.0
2016-03-17,,,0.0,0.0,0.0,,0.0,,0.0,,0.0,,0.0,,0.0,,,0.0
2016-03-18,,,0.0,0.0,0.0,,0.0,,0.0,,0.0,,0.0,,0.0,,,0.0
2016-03-19,,,0.0,0.0,0.0,,0.0,,0.0,,0.0,,0.0,,0.0,,,0.0
2016-03-20,,,3.0,0.0,1.0,,0.0,,0.0,,0.0,,8.0,,0.0,,,3.0
2016-03-21,,,0.0,6.0,0.0,,0.0,,0.0,,0.0,,0.0,,0.0,,,16.0
2016-03-22,,,10.0,6.0,1.0,,82.0,,18.0,,61.0,,2.0,,0.0,,,0.0
2016-03-23,,,1.0,0.0,0.0,,82.0,,18.0,,0.0,,2.0,,0.0,,,0.0
2016-03-24,,,0.0,0.0,0.0,,0.0,,0.0,,0.0,,0.0,,0.0,,,1.0
2016-03-25,,,43.0,108.0,9.0,,0.0,,0.0,,0.0,,2.0,,7.0,,,108.0
2016-03-26,,,0.0,108.0,0.0,,0.0,,0.0,,0.0,,0.0,,0.0,,,0.0
2016-03-27,,,0.0,0.0,0.0,,0.0,,0.0,,0.0,,0.0,,0.0,,,0.0
2016-03-28,,,0.0,0.0,0.0,,0.0,,0.0,,0.0,,0.0,,0.0,,,0.0
2016-03-29,,,0.0,0.0,0.0,,0.0,,0.0,,0.0,,0.0,,0.0,,,0.0
2016-03-30,,,0.0,0.0,0.0,,0.0,,,,0.0,,0.0,,0.0,,,0.0
2016-03-31,,,0.0,,0.0,,0.0,,,,0.0,,0.0,,0.0,,,0.0
2016-04-01,,,0.0,,0.0,,0.0,,,,0.0,,0.0,,0.0,,,0.0
2016-04-02,,,0.0,,0.0,,0.0,,,,0.0,,0.0,,0.0,,,0.0
2016-04-03,,,5.0,,2.0,,0.0,,,,0.0,,10.0,,1.0,,,1.0
2016-04-04,,,0.0,,0.0,,0.0,,,,0.0,,10.0,,0.0,,,15.0
2016-04-05,,,0.0,,0.0,,0.0,,,,0.0,,0.0,,0.0,,,13.0
2016-04-06,,,0.0,,0.0,,0.0,,,,0.0,,0.0,,0.0,,,1.0
2016-04-07,,,0.0,0.0,0.0,,0.0,,,,0.0,,0.0,,0.0,,,0.0
2016-04-08,,,0.0,0.0,0.0,,0.0,,,,0.0,,0.0,,0.0,,,0.0
2016-04-09,,,93.0,7.0,35.0,,20.0,,,,0.0,,0.0,,0.0,,,9.0
2016-04-10,,,0.0,7.0,0.0,,0.0,,,,0.0,,0.0,,0.0,,,0.0
2016-04-11,,,0.0,0.0,0.0,,1.0,,,,24.0,,4.0,,0.0,,,0.0
2016-04-12,,,0.0,,,,3.0,,,,,,12.0,,,,,0.0
2016-04-13,,,3.0,,,,40.0,,,,,,29.0,,,,,2.0
2016-04-14,,,4.0,0.0,0.0,,40.0,,,,0.0,,29.0,,0.0,,,0.0
2016-04-15,,,1.0,0.0,0.0,,1.0,,,,0.0,,8.0,,0.0,,,0.0
2016-04-16,,,2.0,12.0,0.0,,1.0,,,,0.0,,8.0,,20.0,,,28.0
2016-04-17,,,0.0,34.0,0.0,,,,,,0.0,,,,0.0,,,1.0
2016-04-18,,,0.0,34.0,0.0,,0.0,,,,0.0,,0.0,,0.0,,,0.0
2016-04-19,,,0.0,0.0,0.0,,0.0,,,,0.0,,0.0,,0.0,,,0.0
2016-04-20,,,0.0,13.0,0.0,,0.0,,,,0.0,,0.0,,0.0,,,0.0
2016-04-21,,,0.0,13.0,0.0,,0.0,,,,0.0,,0.0,,0.0,,,0.0
2016-04-22,,,3.0,0.0,0.0,,16.0,,,,1.0,,0.0,,0.0,,,0.0
2016-04-23,,,32.0,0.0,0.0,,29.0,,,,23.0,,48.0,,56.0,,,0.0
2016-04-24,,,0.0,7.0,5.0,,29.0,,,,0.0,,48.0,,1.0,,,2.0
2016-04-25,,,6.0,16.0,13.0,,2.0,,,,7.0,,0.0,,1.0,,,1.0
2016-04-26,,,1.0,16.0,0.0,,4.0,,,,36.0,,12.0,,7.0,,,0.0
2016-04-27,,,16.0,5.0,16.0,,22.0,,,,0.0,,0.0,,8.0,,,12.0
2016-04-28,,,10.0,2.0,56.0,,22.0,,,,1.0,,0.0,,1.0,,,13.0
2016-04-29,,,0.0,9.0,0.0,,4.0,,,,6.0,,0.0,,0.0,,,46.0
2016-04-30,,,1.0,9.0,51.0,,4.0,,,,20.0,,6.0,,20.0,,,2.0
2016-05-01,,,0.0,0.0,1.0,,0.0,,,,0.0,,0.0,,0.0,,,0.0
2016-05-02,,,47.0,0.0,71.0,,54.0,,,,2.0,,23.0,,0.0,,,0.0
2016-05-03,,,1.0,2.0,5.0,,54.0,,,,0.0,,23.0,,4.0,,,1.0
2016-05-04,,,0.0,2.0,0.0,,0.0,,,,0.0,,0.0,,0.0,,,0.0
2016-05-05,,,0.0,0.0,1.0,,12.0,,,,2.0,,58.0,,16.0,,,1.0
2016-05-06,,,12.0,7.0,1.0,,1.0,,,,0.0,,1.0,,1.0,,,43.0
2016-05-07,,,0.0,26.0,0.0,,0.0,,,,4.0,,7.0,,3.0,,,9.0
2016-05-08,,,35.0,26.0,1.0,,4.0,,,,4.0,,7.0,,0.0,,,6.0
2016-05-09,,,0.0,1.0,0.0,,4.0,,,,0.0,,4.0,,0.0,,,0.0
2016-05-10,,,0.0,7.0,0.0,,0.0,,,,0.0,,0.0,,0.0,,,2.0
2016-05-11,,,20.0,7.0,19.0,,27.0,,,,0.0,,0.0,,6.0,,,10.0
2016-05-12,,,6.0,40.0,1.0,,27.0,,,,3.0,,6.0,,0.0,,,43.0
2016-05-13,,,12.0,40.0,20.0,,8.0,,,,2.0,,8.0,,15.0,,,6.0
2016-05-14,,,6.0,2.0,0.0,,8.0,,,,0.0,,8.0,,0.0,,,0.0
2016-05-15,,,9.0,35.0,1.0,,1.0,,,,26.0,,0.0,,0.0,,,46.0
2016-05-16,,,3.0,35.0,3.0,,3.0,,,,0.0,,6.0,,0.0,,,0.0
2016-05-17,,,0.0,10.0,0.0,,22.0,,,,93.0,,6.0,,8.0,,,1.0
2016-05-18,,,1.0,10.0,14.0,,14.0,,,,2.0,,24.0,,8.0,,,23.0
2016-05-19,,,6.0,10.0,4.0,,14.0,,,,6.0,,24.0,,5.0,,,0.0
2016-05-20,,,0.0,0.0,0.0,,5.0,,,,0.0,,16.0,,0.0,,,1.0
2016-05-21,,,0.0,0.0,0.0,,2.0,,,,0.0,,0.0,,0.0,,,1.0
2016-05-22,,,15.0,2.0,4.0,,64.0,,,,46.0,,33.0,,19.0,,,1.0
2016-05-23,,,0.0,2.0,0.0,,64.0,,,,4.0,,33.0,,0.0,,,0.0
2016-05-24,,,0.0,0.0,0.0,,2.0,,,,0.0,,0.0,,0.0,,,0.0
2016-05-25,,,3.0,0.0,0.0,,40.0,,3.0,,28.0,,10.0,,16.0,,,14.0
2016-05-26,,,1.0,0.0,0.0,,40.0,,3.0,,0.0,,10.0,,0.0,,,0.0
2016-05-27,,,0.0,0.0,0.0,,0.0,,2.0,,8.0,,0.0,,0.0,,,0.0
2016-05-28,,,19.0,14.0,26.0,,4.0,,2.0,,21.0,,16.0,,0.0,,,11.0
2016-05-29,,,1.0,14.0,0.0,,4.0,,2.0,,0.0,,16.0,,0.0,,,0.0
2016-05-30,,,17.0,0.0,74.0,,0.0,,2.0,,1.0,,8.0,,0.0,,,3.0
2016-05-31,,,1.0,1.0,0.0,,0.0,,2.0,,0.0,,8.0,,0.0,,,0.0
2016-06-01,,,49.0,74.0,14.0,,9.0,,48.0,,3.0,,14.0,,0.0,,,11.0
2016-06-02,,,3.0,74.0,18.0,,0.0,,0.0,,12.0,,16.0,,0.0,,,0.0
2016-06-03,,,5.0,27.0,7.0,,32.0,,0.0,,22.0,,16.0,,0.0,,,1.0
2016-06-04,,,1.0,27.0,0.0,,32.0,,1.0,,0.0,,6.0,,0.0,,,1.0
2016-06-05,,,2.0,0.0,0.0,,0.0,,0.0,,0.0,,0.0,,0.0,,,0.0
2016-06-06,,,2.0,2.0,0.0,,32.0,,1.0,,2.0,,8.0,,0.0,,,1.0
2016-06-07,,,33.0,38.0,0.0,,32.0,,1.0,,0.0,,8.0,,0.0,,,3.0
2016-06-08,,,5.0,38.0,29.0,,22.0,,0.0,,0.0,,7.0,,0.0,,,4.0
2016-06-09,,,2.0,1.0,2.0,,4.0,,0.0,,0.0,,1.0,,0.0,,,1.0
2016-06-10,,,3.0,1.0,0.0,,0.0,,0.0,,0.0,,0.0,,0.0,,,0.0
2016-06-11,,,25.0,0.0,0.0,,10.0,,0.0,,0.0,,1.0,,0.0,,,1.0
2016-06-12,,,28.0,1.0,1.0,,13.0,,0.0,,0.0,,19.0,,0.0,,,1.0
2016-06-13,,,5.0,20.0,13.0,,13.0,,0.0,,0.0,,21.0,,0.0,,,9.0
2016-06-14,,,0.0,20.0,6.0,,8.0,,0.0,,0.0,,2.0,,0.0,,,1.0
2016-06-15,,,0.0,0.0,2.0,,0.0,,0.0,,0.0,,0.0,,0.0,,,0.0
2016-06-16,,,1.0,18.0,0.0,,28.0,,3.0,,0.0,,0.0,,0.0,,,42.0
2016-06-17,,,10.0,18.0,5.0,,10.0,,10.0,,0.0,,4.0,,0.0,,,2.0
2016-06-18,,,1.0,2.0,0.0,,0.0,,0.0,,0.0,,0.0,,0.0,,,0.0
2016-06-19,,,0.0,0.0,0.0,,0.0,,0.0,,0.0,,0.0,,0.0,,,0.0
2016-06-20,,,0.0,0.0,0.0,,0.0,,0.0,,0.0,,0.0,,0.0,,,0.0
2016-06-21,,,0.0,0.0,0.0,,0.0,,0.0,,0.0,,0.0,,0.0,,,0.0
2016-06-22,,,1.0,,0.0,,2.0,,0.0,,0.0,,0.0,,0.0,,,1.0
2016-06-23,,,1.0,2.0,0.0,,0.0,,0.0,,0.0,,0.0,,0.0,,,0.0
2016-06-24,,,18.0,12.0,15.0,,16.0,,32.0,,0.0,,12.0,,0.0,,,20.0
2016-06-25,,,0.0,12.0,3.0,,0.0,,0.0,,0.0,,0.0,,0.0,,,0.0
2016-06-26,,,32.0,0.0,0.0,,34.0,,35.0,,0.0,,0.0,,0.0,,,2.0
2016-06-27,,,1.0,0.0,0.0,,0.0,,0.0,,0.0,,0.0,,0.0,,,1.0
2016-06-28,,,0.0,0.0,0.0,,0.0,,0.0,,0.0,,0.0,,0.0,,,0.0
2016-06-29,,,0.0,0.0,0.0,,0.0,,0.0,,0.0,,0.0,,0.0,,,0.0
2016-06-30,,,6.0,0.0,0.0,,14.0,,0.0,,0.0,,0.0,,0.0,,,0.0
2016-07-01,,,15.0,0.0,0.0,,14.0,,0.0,,0.0,,0.0,,0.0,,,0.0
2016-07-02,,,0.0,0.0,0.0,,0.0,,0.0,,0.0,,0.0,,0.0,,,0.0
2016-07-03,,,0.0,0.0,0.0,,0.0,,0.0,,0.0,,0.0,,0.0,,,0.0
2016-07-04,,,1.0,0.0,0.0,,,,,,0.0,,,,0.0,,,0.0
2016-07-05,,,0.0,0.0,0.0,,,,,,0.0,,,,0.0,,,0.0
2016-07-06,,,0.0,0.0,29.0,,,,,,0.0,,,,0.0,,,0.0
2016-07-07,,,0.0,0.0,0.0,,,,,,0.0,,,,0.0,,,0.0
2016-07-08,,,1.0,2.0,0.0,,,,,,0.0,,,,0.0,,,4.0
2016-07-09,,,0.0,2.0,0.0,,,,,,0.0,,,,0.0,,,0.0
2016-07-10,,,0.0,3.0,0.0,,30.0,,0.0,,0.0,,,,0.0,,,17.0
2016-07-11,,,3.0,3.0,0.0,,0.0,,0.0,,0.0,,0.0,,0.0,,,0.0
2016-07-12,,,0.0,0.0,0.0,,6.0,,0.0,,0.0,,13.0,,0.0,,,0.0
2016-07-13,,,8.0,0.0,4.0,,10.0,,2.0,,0.0,,13.0,,0.0,,,1.0
2016-07-14,,,15.0,0.0,0.0,,2.0,,1.0,,0.0,,2.0,,0.0,,,3.0
2016-07-15,,,19.0,3.0,7.0,,30.0,,30.0,,0.0,,5.0,,0.0,,,3.0
2016-07-16,,,0.0,4.0,31.0,,30.0,,30.0,,0.0,,89.0,,0.0,,,6.0
2016-07-17,,,3.0,43.0,11.0,,12.0,,13.0,,0.0,,89.0,,0.0,,,6.0
2016-07-18,,,23.0,43.0,0.0,,12.0,,34.0,,0.0,,4.0,,0.0,,,1.0
2016-07-19,,,1.0,0.0,1.0,,0.0,,34.0,,0.0,,1.0,,0.0,,,2.0
2016-07-20,,,4.0,0.0,1.0,,2.0,,2.0,,0.0,,2.0,,0.0,,,1.0
2016-07-21,,,6.0,0.0,4.0,,2.0,,22.0,,0.0,,2.0,,0.0,,,1.0
2016-07-22,,,3.0,0.0,0.0,,2.0,,22.0,,0.0,,1.0,,0.0,,,1.0
2016-07-23,,,0.0,2.0,0.0,,8.0,,1.0,,0.0,,1.0,,0.0,,,22.0
2016-07-24,,,8.0,2.0,0.0,,1.0,,0.0,,0.0,,4.0,,0.0,,,31.0
2016-07-25,,,1.0,51.0,0.0,,16.0,,1.0,,0.0,,4.0,,0.0,,,9.0
2016-07-26,,,3.0,0.0,0.0,,16.0,,8.0,,0.0,,0.0,,0.0,,,0.0
2016-07-27,,,7.0,0.0,0.0,,8.0,,8.0,,0.0,,0.0,,0.0,,,0.0
2016-07-28,,,10.0,2.0,2.0,,22.0,,6.0,,0.0,,0.0,,0.0,,,13.0
2016-07-29,,,0.0,2.0,0.0,,22.0,,0.0,,0.0,,0.0,,0.0,,,0.0
2016-07-30,,,0.0,0.0,0.0,,0.0,,0.0,,0.0,,0.0,,0.0,,,0.0
2016-07-31,,,6.0,0.0,15.0,,18.0,,0.0,,0.0,,27.0,,0.0,,,0.0
2016-08-01,,,0.0,0.0,0.0,,18.0,,0.0,,0.0,,27.0,,0.0,,,0.0
2016-08-02,,,0.0,0.0,0.0,,0.0,,0.0,,0.0,,0.0,,0.0,,,0.0
2016-08-03,,,1.0,0.0,0.0,,,,,,0.0,,,,0.0,,,0.0
2016-08-04,,,0.0,0.0,0.0,,,,,,0.0,,,,0.0,,,0.0
2016-08-05,,,0.0,0.0,1.0,,,,,,0.0,,,,0.0,,,0.0
2016-08-06,,,0.0,4.0,3.0,,,,,,0.0,,,,0.0,,,15.0
2016-08-07,,,7.0,4.0,0.0,,,,,,0.0,,,,0.0,,,0.0
2016-08-08,,,0.0,0.0,0.0,,0.0,,0.0,,0.0,,0.0,,0.0,,,0.0
2016-08-09,,,0.0,0.0,0.0,,0.0,,0.0,,0.0,,0.0,,0.0,,,0.0
2016-08-10,,,0.0,0.0,0.0,,0.0,,0.0,,0.0,,0.0,,0.0,,,3.0
2016-08-11,,,1.0,0.0,0.0,,19.0,,1.0,,0.0,,0.0,,0.0,,,0.0
2016-08-12,,,4.0,0.0,11.0,,19.0,,1.0,,0.0,,2.0,,0.0,,,1.0
2016-08-13,,,2.0,0.0,0.0,,3.0,,0.0,,0.0,,2.0,,0.0,,,0.0
2016-08-14,,,0.0,0.0,3.0,,0.0,,0.0,,0.0,,0.0,,0.0,,,0.0
2016-08-15,,,1.0,0.0,2.0,,2.0,,0.0,,0.0,,0.0,,0.0,,,0.0
2016-08-16,,,0.0,0.0,0.0,,0.0,,0.0,,0.0,,0.0,,0.0,,,0.0
2016-08-17,,,24.0,2.0,6.0,,56.0,,0.0,,2.0,,7.0,,0.0,,,4.0
2016-08-18,,,0.0,3.0,3.0,,0.0,,0.0,,0.0,,16.0,,10.0,,,4.0
2016-08-19,,,34.0,3.0,20.0,,16.0,,0.0,,22.0,,4.0,,0.0,,,1.0
2016-08-20,,,,0.0,0.0,,,,,,0.0,,,,3.0,,,
2016-08-21,,,,5.0,32.0,,,,,,3.0,,,,4.0,,,
2016-08-22,,,0.0,5.0,2.0,,14.0,,0.0,,4.0,,0.0,,0.0,,,1.0
2016-08-23,,,0.0,0.0,0.0,,0.0,,0.0,,0.0,,0.0,,0.0,,,0.0
2016-08-24,,,14.0,4.0,6.0,,16.0,,0.0,,11.0,,2.0,,2.0,,,5.0
2016-08-25,,,0.0,4.0,0.0,,0.0,,0.0,,0.0,,0.0,,0.0,,,0.0
2016-08-26,,,0.0,0.0,0.0,,0.0,,0.0,,0.0,,0.0,,0.0,,,0.0
2016-08-27,,,0.0,0.0,0.0,,0.0,,0.0,,0.0,,0.0,,0.0,,,0.0
2016-08-28,,,2.0,7.0,57.0,,18.0,,0.0,,2.0,,1.0,,0.0,,,0.0
2016-08-29,,,14.0,18.0,4.0,,1.0,,0.0,,3.0,,1.0,,1.0,,,23.0
2016-08-30,,,4.0,18.0,11.0,,2.0,,0.0,,14.0,,14.0,,5.0,,,38.0
2016-08-31,,,3.0,25.0,7.0,,7.0,,0.0,,4.0,,30.0,,13.0,,,21.0
2016-09-01,,,47.0,58.0,20.0,,20.0,,0.0,,59.0,,61.0,,29.0,,,8.0
2016-09-02,,,1.0,58.0,0.0,,0.0,,0.0,,0.0,,0.0,,0.0,,,1.0
2016-09-03,,,14.0,0.0,0.0,,2.0,,0.0,,0.0,,0.0,,0.0,,,0.0
2016-09-04,,,0.0,12.0,0.0,,0.0,,0.0,,4.0,,6.0,,2.0,,,51.0
2016-09-05,,,0.0,12.0,0.0,,0.0,,0.0,,0.0,,2.0,,0.0,,,0.0
2016-09-06,,,1.0,0.0,0.0,,5.0,,0.0,,0.0,,0.0,,0.0,,,0.0
2016-09-07,,,17.0,0.0,1.0,,12.0,,0.0,,6.0,,0.0,,0.0,,,1.0
2016-09-08,,,0.0,0.0,2.0,,0.0,,0.0,,4.0,,8.0,,0.0,,,0.0
2016-09-09,,,22.0,4.0,19.0,,38.0,,0.0,,65.0,,68.0,,27.0,,,11.0
2016-09-10,,,1.0,4.0,0.0,,0.0,,0.0,,0.0,,0.0,,0.0,,,0.0
2016-09-11,,,4.0,0.0,1.0,,0.0,,0.0,,4.0,,0.0,,0.0,,,2.0
2016-09-12,,,0.0,11.0,3.0,,5.0,,0.0,,0.0,,14.0,,10.0,,,43.0
2016-09-13,,,0.0,11.0,0.0,,0.0,,0.0,,0.0,,0.0,,0.0,,,0.0
2016-09-14,,,8.0,0.0,0.0,,11.0,,0.0,,2.0,,4.0,,1.0,,,0.0
2016-09-15,,,0.0,0.0,0.0,,3.0,,0.0,,0.0,,0.0,,0.0,,,0.0
2016-09-16,,,1.0,2.0,3.0,,2.0,,0.0,,2.0,,3.0,,0.0,,,1.0
2016-09-17,,,0.0,2.0,0.0,,0.0,,0.0,,0.0,,0.0,,0.0,,,0.0
2016-09-18,,,1.0,0.0,0.0,,0.0,,0.0,,0.0,,0.0,,0.0,,,0.0
2016-09-19,,,0.0,0.0,0.0,,0.0,,0.0,,0.0,,2.0,,4.0,,,0.0
2016-09-20,,,0.0,0.0,0.0,,0.0,,0.0,,0.0,,0.0,,0.0,,,0.0
2016-09-21,,,35.0,2.0,0.0,,52.0,,0.0,,,,6.0,,4.0,,,34.0
2016-09-22,,,0.0,2.0,0.0,,0.0,,0.0,,,,40.0,,9.0,,,0.0
2016-09-23,,,0.0,1.0,0.0,,0.0,,0.0,,13.0,,2.0,,1.0,,,0.0
2016-09-24,,,0.0,0.0,0.0,,0.0,,0.0,,0.0,,0.0,,0.0,,,1.0
2016-09-25,,,2.0,0.0,0.0,,0.0,,0.0,,0.0,,0.0,,0.0,,,0.0
2016-09-26,,,0.0,,0.0,,8.0,,0.0,,0.0,,0.0,,0.0,,,3.0
2016-09-27,,,0.0,0.0,0.0,,0.0,,0.0,,0.0,,0.0,,0.0,,,0.0
2016-09-28,,,0.0,0.0,0.0,,0.0,,0.0,,0.0,,0.0,,0.0,,,0.0
2016-09-29,,,0.0,9.0,0.0,,0.0,,0.0,,0.0,,0.0,,0.0,,,5.0
2016-09-30,,,1.0,9.0,0.0,,13.0,,0.0,,8.0,,43.0,,0.0,,,2.0
2016-10-01,,,0.0,0.0,0.0,,4.0,,0.0,,0.0,,0.0,,0.0,,,0.0
2016-10-02,,,0.0,0.0,0.0,,0.0,,0.0,,0.0,,0.0,,0.0,,,0.0
2016-10-03,,,2.0,0.0,0.0,,0.0,,0.0,,0.0,,0.0,,0.0,,,0.0
2016-10-04,,,19.0,0.0,0.0,,10.0,,0.0,,1.0,,0.0,,0.0,,,0.0
2016-10-05,,,0.0,0.0,0.0,,0.0,,0.0,,0.0,,16.0,,0.0,,,0.0
2016-10-06,,,0.0,0.0,0.0,,0.0,,0.0,,0.0,,0.0,,0.0,,,0.0
2016-10-07,,,29.0,6.0,8.0,,14.0,,0.0,,8.0,,2.0,,0.0,,,15.0
2016-10-08,,,0.0,6.0,0.0,,0.0,,0.0,,0.0,,0.0,,0.0,,,0.0
2016-10-09,,,0.0,0.0,0.0,,0.0,,0.0,,0.0,,0.0,,0.0,,,0.0
2016-10-10,,,0.0,1.0,0.0,,0.0,,0.0,,0.0,,4.0,,0.0,,,0.0
2016-10-11,,,2.0,1.0,2.0,,0.0,,0.0,,0.0,,10.0,,0.0,,,1.0
2016-10-12,,,0.0,0.0,0.0,,0.0,,0.0,,17.0,,0.0,,0.0,,,0.0
2016-10-13,,,0.0,0.0,0.0,,0.0,,,,3.0,,0.0,,0.0,,,2.0
2016-10-14,,,0.0,0.0,0.0,,0.0,,,,1.0,,0.0,,0.0,,,0.0
2016-10-15,,,1.0,7.0,0.0,,0.0,,,,0.0,,0.0,,0.0,,,3.0
2016-10-16,,,0.0,7.0,0.0,,0.0,,,,0.0,,17.0,,0.0,,,0.0
2016-10-17,,,0.0,0.0,0.0,,0.0,,,,0.0,,0.0,,0.0,,,0.0
2016-10-18,,,2.0,7.0,1.0,,0.0,,,,0.0,,0.0,,0.0,,,4.0
2016-10-19,,,44.0,7.0,0.0,,19.0,,,,5.0,,0.0,,0.0,,,0.0
2016-10-20,,,0.0,0.0,0.0,,0.0,,,,0.0,,0.0,,0.0,,,0.0
2016-10-21,,,11.0,0.0,0.0,,74.0,,,,0.0,,2.0,,0.0,,,2.0
2016-10-22,,,1.0,0.0,0.0,,0.0,,,,0.0,,2.0,,0.0,,,1.0
2016-10-23,,,0.0,0.0,0.0,,0.0,,,,0.0,,0.0,,0.0,,,0.0
2016-10-24,,,3.0,1.0,0.0,,5.0,,,,11.0,,22.0,,0.0,,,1.0
2016-10-25,,,55.0,3.0,0.0,,46.0,,,,21.0,,38.0,,0.0,,,24.0
2016-10-26,,,1.0,3.0,0.0,,4.0,,,,18.0,,17.0,,0.0,,,0.0
2016-10-27,,,76.0,3.0,0.0,,92.0,,,,34.0,,38.0,,0.0,,,7.0
2016-10-28,,,1.0,3.0,0.0,,2.0,,,,7.0,,18.0,,0.0,,,4.0
2016-10-29,,,2.0,2.0,0.0,,0.0,,,,0.0,,22.0,,0.0,,,0.0
2016-10-30,,,21.0,40.0,0.0,,49.0,,,,35.0,,32.0,,0.0,,,31.0
2016-10-31,,,0.0,40.0,0.0,,0.0,,,,0.0,,0.0,,0.0,,,1.0
2016-11-01,,,22.0,43.0,0.0,,33.0,,,,6.0,,4.0,,0.0,,,27.0
2016-11-02,,,9.0,43.0,0.0,,0.0,,,,0.0,,1.0,,0.0,,,0.0
2016-11-03,,,10.0,22.0,0.0,,22.0,,,,74.0,,10.0,,0.0,,,8.0
2016-11-04,,,2.0,22.0,0.0,,0.0,,,,9.0,,32.0,,0.0,,,6.0
2016-11-05,,,1.0,1.0,0.0,,0.0,,,,0.0,,0.0,,0.0,,,1.0
2016-11-06,,,0.0,0.0,0.0,,0.0,,,,0.0,,0.0,,0.0,,,0.0
2016-11-07,,,4.0,1.0,0.0,,25.0,,,,31.0,,3.0,,0.0,,,2.0
2016-11-08,,,2.0,1.0,0.0,,25.0,,,,0.0,,3.0,,0.0,,,0.0
2016-11-09,,,5.0,0.0,0.0,,21.0,,,,0.0,,1.0,,0.0,,,1.0
2016-11-10,,,0.0,3.0,0.0,,21.0,,,,20.0,,30.0,,0.0,,,1.0
2016-11-11,,,1.0,3.0,0.0,,12.0,,26.0,,1.0,,30.0,,0.0,,,1.0
2016-11-12,,,0.0,21.0,0.0,,1.0,,26.0,,0.0,,3.0,,0.0,,,8.0
2016-11-13,,,11.0,21.0,0.0,,12.0,,4.0,,0.0,,2.0,,0.0,,,2.0
2016-11-14,,,22.0,5.0,0.0,,21.0,,75.0,,20.0,,42.0,,0.0,,,94.0
2016-11-15,,,0.0,6.0,0.0,,21.0,,75.0,,0.0,,42.0,,0.0,,,0.0
2016-11-16,,,17.0,9.0,0.0,,2.0,,74.0,,9.0,,21.0,,0.0,,,30.0
2016-11-17,,,0.0,9.0,0.0,,2.0,,74.0,,10.0,,21.0,,0.0,,,0.0
2016-11-18,,,0.0,0.0,0.0,,30.0,,28.0,,43.0,,2.0,,12.0,,,0.0
2016-11-19,,,1.0,0.0,0.0,,30.0,,28.0,,0.0,,16.0,,18.0,,,1.0
2016-11-20,,,18.0,17.0,9.0,,8.0,,21.0,,1.0,,24.0,,16.0,,,11.0
2016-11-21,,,28.0,31.0,0.0,,8.0,,2.0,,0.0,,24.0,,0.0,,,2.0
2016-11-22,,,0.0,31.0,0.0,,0.0,,0.0,,0.0,,0.0,,0.0,,,0.0
2016-11-23,,,1.0,,0.0,,0.0,,2.0,,0.0,,0.0,,0.0,,,1.0
2016-11-24,,,39.0,20.0,8.0,,6.0,,2.0,,51.0,,11.0,,3.0,,,4.0
2016-11-25,,,4.0,20.0,3.0,,6.0,,0.0,,0.0,,15.0,,4.0,,,1.0
2016-11-26,,,1.0,14.0,0.0,,0.0,,1.0,,0.0,,15.0,,0.0,,,1.0
2016-11-27,,,0.0,14.0,0.0,,0.0,,1.0,,0.0,,12.0,,22.0,,,2.0
2016-11-28,,,0.0,0.0,0.0,,1.0,,0.0,,0.0,,12.0,,0.0,,,0.0
2016-11-29,,,0.0,0.0,0.0,,2.0,,2.0,,2.0,,1.0,,0.0,,,1.0
2016-11-30,,,0.0,0.0,0.0,,2.0,,2.0,,0.0,,0.0,,0.0,,,0.0
2016-12-01,,,12.0,0.0,8.0,,12.0,,18.0,,16.0,,12.0,,6.0,,,6.0
2016-12-02,,,2.0,5.0,0.0,,13.0,,18.0,,1.0,,12.0,,7.0,,,9.0
2016-12-03,,,1.0,1.0,0.0,,4.0,,5.0,,0.0,,0.0,,0.0,,,0.0
2016-12-04,,,0.0,0.0,0.0,,2.0,,5.0,,0.0,,0.0,,0.0,,,0.0
2016-12-05,,,38.0,0.0,0.0,,16.0,,0.0,,5.0,,0.0,,0.0,,,6.0
2016-12-06,,,14.0,10.0,25.0,,17.0,,1.0,,9.0,,16.0,,14.0,,,20.0
2016-12-07,,,1.0,0.0,4.0,,16.0,,15.0,,6.0,,16.0,,0.0,,,0.0
2016-12-08,,,0.0,0.0,0.0,,16.0,,15.0,,0.0,,12.0,,0.0,,,0.0
2016-12-09,,,0.0,0.0,0.0,,0.0,,1.0,,0.0,,4.0,,2.0,,,1.0
2016-12-10,,,3.0,21.0,33.0,,1.0,,6.0,,6.0,,5.0,,4.0,,,11.0
2016-12-11,,,5.0,,0.0,,18.0,,6.0,,0.0,,20.0,,0.0,,,18.0
2016-12-12,,,0.0,3.0,0.0,,18.0,,6.0,,0.0,,20.0,,0.0,,,0.0
2016-12-13,,,,13.0,15.0,,,,,,40.0,,,,2.0,,,
2016-12-14,,,5.0,24.0,11.0,,18.0,,3.0,,30.0,,11.0,,26.0,,,5.0
2016-12-15,,,0.0,24.0,0.0,,18.0,,3.0,,0.0,,11.0,,0.0,,,1.0
2016-12-16,,,0.0,0.0,0.0,,0.0,,8.0,,0.0,,0.0,,0.0,,,0.0
2016-12-17,,,23.0,0.0,0.0,,2.0,,8.0,,0.0,,0.0,,0.0,,,15.0
2016-12-18,,,11.0,24.0,12.0,,30.0,,20.0,,19.0,,9.0,,7.0,,,6.0
2016-12-19,,,2.0,6.0,4.0,,30.0,,20.0,,5.0,,10.0,,4.0,,,25.0
2016-12-20,,,1.0,4.0,0.0,,3.0,,17.0,,0.0,,10.0,,0.0,,,0.0
2016-12-21,,,0.0,2.0,1.0,,1.0,,0.0,,21.0,,16.0,,1.0,,,0.0
2016-12-22,,,36.0,60.0,17.0,,20.0,,2.0,,19.0,,16.0,,17.0,,,29.0
2016-12-23,,,24.0,60.0,14.0,,20.0,,8.0,,0.0,,1.0,,2.0,,,0.0
2016-12-24,,,24.0,1.0,0.0,,16.0,,14.0,,1.0,,0.0,,0.0,,,7.0
2016-12-25,,,8.0,4.0,74.0,,10.0,,16.0,,2.0,,24.0,,27.0,,,0.0
2016-12-26,,,0.0,6.0,1.0,,0.0,,0.0,,1.0,,0.0,,0.0,,,0.0
2016-12-27,,,4.0,2.0,2.0,,6.0,,0.0,,0.0,,3.0,,0.0,,,0.0
2016-12-28,,,5.0,2.0,5.0,,9.0,,6.0,,4.0,,10.0,,4.0,,,0.0
2016-12-29,,,0.0,1.0,0.0,,9.0,,6.0,,1.0,,10.0,,0.0,,,0.0
2016-12-30,,,2.0,0.0,0.0,,0.0,,0.0,,0.0,,0.0,,0.0,,,0.0
2016-12-31,,,18.0,0.0,3.0,,4.0,,0.0,,0.0,,1.0,,3.0,,,0.0
2017-01-01,,,0.0,17.0,0.0,,4.0,,0.0,,0.0,,2.0,,0.0,,,0.0
2017-01-02,,,6.0,53.0,7.0,,56.0,,1.0,,0.0,,28.0,,43.0,,,0.0
2017-01-03,,,1.0,54.0,3.0,,56.0,,1.0,,0.0,,28.0,,11.0,,,11.0
2017-01-04,,,2.0,3.0,0.0,,24.0,,2.0,,0.0,,6.0,,1.0,,,0.0
2017-01-05,,,1.0,3.0,0.0,,1.0,,2.0,,0.0,,0.0,,0.0,,,0.0
2017-01-06,,,0.0,,0.0,,1.0,,1.0,,0.0,,0.0,,1.0,,,0.0
2017-01-07,,,0.0,,0.0,,0.0,,1.0,,0.0,,0.0,,0.0,,,0.0
2017-01-08,,,0.0,,0.0,,8.0,,2.0,,0.0,,1.0,,0.0,,,0.0
2017-01-09,,,0.0,,0.0,,8.0,,36.0,,0.0,,1.0,,0.0,,,0.0
2017-01-10,,,0.0,,0.0,,0.0,,36.0,,0.0,,0.0,,0.0,,,0.0
2017-01-11,,,1.0,,0.0,,7.0,,44.0,,1.0,,0.0,,1.0,,,0.0
2017-01-12,,,1.0,,0.0,,7.0,,44.0,,1.0,,0.0,,0.0,,,0.0
2017-01-13,,,5.0,,19.0,,34.0,,11.0,,0.0,,14.0,,3.0,,,0.0
2017-01-14,,,1.0,,0.0,,34.0,,11.0,,0.0,,14.0,,0.0,,,0.0
2017-01-15,,,0.0,,0.0,,0.0,,0.0,,1.0,,9.0,,1.0,,,0.0
2017-01-16,,,0.0,,1.0,,10.0,,6.0,,0.0,,9.0,,0.0,,,7.0
2017-01-17,,,18.0,,76.0,,10.0,,6.0,,0.0,,15.0,,9.0,,,1.0
2017-01-18,,,0.0,120.0,3.0,,4.0,,5.0,,0.0,,15.0,,10.0,,,20.0
2017-01-19,,,0.0,121.0,6.0,,4.0,,20.0,,0.0,,25.0,,15.0,,,1.0
2017-01-20,,,1.0,2.0,19.0,,2.0,,20.0,,1.0,,25.0,,0.0,,,0.0
2017-01-21,,,6.0,2.0,0.0,,2.0,,0.0,,0.0,,2.0,,0.0,,,0.0
2017-01-22,,,10.0,3.0,16.0,,16.0,,4.0,,0.0,,8.0,,6.0,,,0.0
2017-01-23,,,127.0,49.0,133.0,,218.0,,56.0,,1.0,,54.0,,43.0,,,0.0
2017-01-24,,,35.0,56.0,41.0,,38.0,,25.0,,7.0,,102.0,,83.0,,,0.0
2017-01-25,,,1.0,17.0,1.0,,0.0,,0.0,,0.0,,2.0,,0.0,,,50.0
2017-01-26,,,18.0,17.0,0.0,,51.0,,0.0,,4.0,,2.0,,0.0,,,0.0
2017-01-27,,,1.0,11.0,1.0,,51.0,,0.0,,0.0,,4.0,,4.0,,,0.0
2017-01-28,,,6.0,0.0,0.0,,7.0,,2.0,,1.0,,4.0,,0.0,,,7.0
2017-01-29,,,0.0,0.0,0.0,,7.0,,2.0,,0.0,,2.0,,0.0,,,0.0
2017-01-30,,,8.0,0.0,10.0,,10.0,,0.0,,0.0,,5.0,,4.0,,,15.0
2017-01-31,,,0.0,1.0,0.0,,10.0,,0.0,,0.0,,5.0,,0.0,,,0.0
2017-02-01,,,0.0,2.0,0.0,,0.0,,0.0,,0.0,,0.0,,0.0,,,0.0
2017-02-02,,,0.0,0.0,0.0,,0.0,,0.0,,0.0,,0.0,,0.0,,,0.0
2017-02-03,,,2.0,0.0,0.0,,0.0,,0.0,,0.0,,0.0,,0.0,,,0.0
2017-02-04,,,3.0,1.0,2.0,,2.0,,22.0,,2.0,,0.0,,0.0,,,9.0
2017-02-05,,,3.0,1.0,7.0,,6.0,,22.0,,28.0,,18.0,,11.0,,,1.0
2017-02-06,,,11.0,8.0,11.0,,22.0,,18.0,,58.0,,18.0,,3.0,,,0.0
2017-02-07,,,27.0,8.0,17.0,,31.0,,118.0,,27.0,,56.0,,52.0,,,0.0
2017-02-08,,,0.0,5.0,3.0,,31.0,,118.0,,1.0,,56.0,,0.0,,,0.0
2017-02-09,,,1.0,,,,0.0,,0.0,,,,0.0,,,,,0.0
2017-02-10,,,0.0,0.0,0.0,,0.0,,0.0,,0.0,,0.0,,0.0,,,0.0
2017-02-11,,,0.0,2.0,0.0,,0.0,,0.0,,0.0,,5.0,,0.0,,,0.0
2017-02-12,,,5.0,2.0,7.0,,2.0,,3.0,,13.0,,13.0,,1.0,,,0.0
2017-02-13,,,9.0,5.0,3.0,,4.0,,6.0,,5.0,,13.0,,12.0,,,0.0
2017-02-14,,,8.0,5.0,6.0,,7.0,,6.0,,14.0,,8.0,,6.0,,,0.0
2017-02-15,,,6.0,10.0,7.0,,9.0,,9.0,,10.0,,19.0,,19.0,,,0.0
2017-02-16,,,0.0,10.0,0.0,,9.0,,9.0,,0.0,,19.0,,0.0,,,0.0
2017-02-17,,,0.0,0.0,0.0,,0.0,,0.0,,0.0,,0.0,,0.0,,,0.0
2017-02-18,,,0.0,1.0,0.0,,0.0,,0.0,,0.0,,0.0,,0.0,,,0.0
2017-02-19,,,0.0,18.0,0.0,,0.0,,0.0,,0.0,,0.0,,0.0,,,0.0
2017-02-20,,,1.0,18.0,0.0,,0.0,,0.0,,0.0,,0.0,,0.0,,,0.0
2017-02-21,,,0.0,1.0,0.0,,0.0,,0.0,,0.0,,0.0,,0.0,,,0.0
2017-02-22,,,0.0,1.0,0.0,,0.0,,0.0,,0.0,,0.0,,0.0,,,0.0
2017-02-23,,,55.0,1.0,1.0,,0.0,,0.0,,0.0,,14.0,,13.0,,,0.0
2017-02-24,,,14.0,43.0,40.0,,40.0,,56.0,,69.0,,23.0,,22.0,,,0.0
2017-02-25,,,6.0,43.0,0.0,,40.0,,0.0,,10.0,,0.0,,0.0,,,0.0
2017-02-26,,,1.0,2.0,0.0,,0.0,,8.0,,0.0,,0.0,,0.0,,,0.0
2017-02-27,,,0.0,0.0,0.0,,0.0,,8.0,,0.0,,0.0,,0.0,,,0.0
2017-02-28,,,13.0,11.0,27.0,,6.0,,4.0,,8.0,,10.0,,14.0,,,0.0
2017-03-01,,,22.0,12.0,47.0,,40.0,,33.0,,39.0,,22.0,,11.0,,,0.0
2017-03-02,,,1.0,12.0,4.0,,2.0,,0.0,,1.0,,22.0,,2.0,,,0.0
2017-03-03,,,11.0,9.0,18.0,,10.0,,9.0,,1.0,,25.0,,16.0,,,0.0
2017-03-04,,,39.0,39.0,17.0,,49.0,,50.0,,7.0,,4.0,,0.0,,,0.0
2017-03-05,,,0.0,39.0,0.0,,0.0,,0.0,,0.0,,4.0,,0.0,,,0.0
2017-03-06,,,0.0,0.0,0.0,,0.0,,0.0,,0.0,,0.0,,0.0,,,0.0
2017-03-07,,,0.0,0.0,0.0,,0.0,,0.0,,0.0,,9.0,,0.0,,,0.0
2017-03-08,,,0.0,0.0,0.0,,0.0,,0.0,,0.0,,0.0,,0.0,,,0.0
2017-03-09,,,0.0,0.0,0.0,,0.0,,0.0,,0.0,,0.0,,0.0,,,0.0
2017-03-10,,,0.0,0.0,0.0,,0.0,,0.0,,0.0,,0.0,,0.0,,,0.0
2017-03-11,,,0.0,,,,0.0,,,,,,0.0,,,,,0.0
2017-03-12,,,10.0,0.0,3.0,,8.0,,,,6.0,,1.0,,0.0,,,0.0
2017-03-13,,,0.0,0.0,0.0,,8.0,,0.0,,0.0,,1.0,,0.0,,,0.0
2017-03-14,,,1.0,0.0,0.0,,0.0,,0.0,,0.0,,0.0,,0.0,,,0.0
2017-03-15,,,0.0,0.0,0.0,,0.0,,0.0,,0.0,,0.0,,0.0,,,0.0
2017-03-16,,,8.0,0.0,23.0,,0.0,,0.0,,4.0,,0.0,,33.0,,,0.0
2017-03-17,,,9.0,0.0,10.0,,14.0,,16.0,,0.0,,0.0,,4.0,,,0.0
2017-03-18,,,0.0,7.0,0.0,,0.0,,0.0,,0.0,,0.0,,0.0,,,0.0
2017-03-19,,,44.0,18.0,0.0,,0.0,,0.0,,0.0,,2.0,,37.0,,,26.0
2017-03-20,,,0.0,18.0,0.0,,0.0,,0.0,,,,0.0,,0.0,,,0.0
2017-03-21,,,,,,,,,,,,,,,,,,
2017-03-22,,,,,,,,,,,,,,,,,,
2017-03-23,,,,,,,,,,,,,,,,,,
2017-03-24,,,,,,,,,,,,,,,,,,
2017-03-25,,,,,,,,,,,,,,,,,,
2017-03-26,,,,,,,,,,,,,,,,,,
2017-03-27,,,0.0,,,,,,,,,,,,0.0,,,0.0
2017-03-28,,,33.0,,,,,,,,,,,,2.0,,,0.0
2017-03-29,,,32.0,0.0,9.0,,,,,,42.0,,,,1.0,,,0.0
2017-03-30,,,42.0,,12.0,,,,,,28.0,,,,4.0,,,0.0
2017-03-31,,,1.0,,0.0,,,,,,0.0,,,,0.0,,,0.0
2017-04-01,,,19.0,,2.0,,,,,,78.0,,,,12.0,,,0.0
2017-04-02,,,2.0,,10.0,,,,,,9.0,,,,0.0,,,0.0
2017-04-03,,,3.0,,0.0,,,,,,0.0,,,,0.0,,,0.0
2017-04-04,,,2.0,,9.0,,,,,,0.0,,,,1.0,,,0.0
2017-04-05,,,0.0,,3.0,,,,,,0.0,,,,0.0,,,0.0
2017-04-06,,,0.0,,0.0,,0.0,,6.0,,4.0,,0.0,,3.0,,,0.0
2017-04-07,,,21.0,,24.0,,18.0,,11.0,,2.0,,18.0,,3.0,,,0.0
2017-04-08,,,1.0,,0.0,,0.0,,3.0,,3.0,,8.0,,4.0,,,0.0
2017-04-09,,,24.0,,4.0,,33.0,,0.0,,1.0,,0.0,,0.0,,,0.0
2017-04-10,,,38.0,,0.0,,0.0,,0.0,,39.0,,7.0,,1.0,,,0.0
2017-04-11,,,10.0,,0.0,,18.0,,19.0,,3.0,,0.0,,0.0,,,0.0
2017-04-12,,,14.0,,0.0,,0.0,,0.0,,0.0,,0.0,,0.0,,,0.0
2017-04-13,,,3.0,,34.0,,,,,,3.0,,,,15.0,,,0.0
2017-04-14,,,0.0,,0.0,,,,,,0.0,,,,10.0,,,0.0
2017-04-15,,,1.0,,0.0,,,,,,0.0,,,,0.0,,,0.0
2017-04-16,,,0.0,,0.0,,,,,,17.0,,,,0.0,,,0.0
2017-04-17,,,0.0,,0.0,,,,,,0.0,,,,11.0,,,0.0
2017-04-18,,,16.0,,17.0,,,,,,63.0,,,,10.0,,,0.0
2017-04-19,,,53.0,,22.0,,,,,,3.0,,,,0.0,,,0.0
2017-04-20,,,0.0,,0.0,,,,,,6.0,,,,0.0,,,1.0
2017-04-21,,,3.0,,0.0,,,,,,4.0,,,,0.0,,,0.0
2017-04-22,,,5.0,,42.0,,,,,,0.0,,,,0.0,,,0.0
2017-04-23,,,5.0,,0.0,,,,,,0.0,,,,3.0,,,0.0
2017-04-24,,,11.0,,0.0,,,,,,68.0,,,,1.0,,,4.0
2017-04-25,,,36.0,,4.0,,,,,,1.0,,,,1.0,,,43.0
2017-04-26,,,0.0,,1.0,,,,,,1.0,,,,28.0,,,0.0
2017-04-27,,,21.0,,3.0,,,,,,1.0,,,,39.0,,,56.0
2017-04-28,,,15.0,,17.0,,,,,,0.0,,,,9.0,,,4.0
2017-04-29,,,0.0,,23.0,,,,,,2.0,,,,0.0,,,0.0
2017-04-30,,,0.0,,0.0,,,,,,0.0,,,,0.0,,,0.0
2017-05-01,,,0.0,,36.0,,,,,,0.0,,,,0.0,,,29.0
2017-05-02,,,0.0,,0.0,,,,,,0.0,,,,0.0,,,12.0
2017-05-03,,,1.0,,0.0,,,,,,3.0,,,,0.0,,,0.0
2017-05-04,,,0.0,,0.0,,,,,,1.0,,,,0.0,,,3.0
2017-05-05,,,35.0,,24.0,,,,,,1.0,,,,0.0,,,0.0
2017-05-06,,,2.0,,0.0,,,,,,10.0,,,,0.0,,,25.0
2017-05-07,,,0.0,,0.0,,,,,,0.0,,,,0.0,,,0.0
2017-05-08,,,0.0,,0.0,,,,,,0.0,,,,0.0,,,0.0
2017-05-09,,,0.0,,0.0,,,,,,39.0,,,,23.0,,,0.0
2017-05-10,,,6.0,,1.0,,,,,,65.0,,,,1.0,,,8.0
2017-05-11,,,0.0,,0.0,,,,,,0.0,,,,0.0,,,0.0
2017-05-12,,,0.0,,0.0,,,,,,1.0,,,,0.0,,,1.0
2017-05-13,,,14.0,,21.0,,,,,,5.0,,,,0.0,,,7.0
2017-05-14,,,26.0,,2.0,,,,,,0.0,,,,0.0,,,6.0
2017-05-15,,,3.0,1.0,1.0,,,,,,39.0,,,,21.0,,,5.0
2017-05-16,,,0.0,1.0,0.0,,,,,,0.0,,,,0.0,,,0.0
2017-05-17,,,0.0,5.0,9.0,,,,,,0.0,,,,16.0,,,0.0
2017-05-18,,,19.0,5.0,0.0,,0.0,,0.0,,0.0,,0.0,,0.0,,,6.0
2017-05-19,,,0.0,1.0,5.0,,,,,,0.0,,,,0.0,,,0.0
2017-05-20,,,14.0,2.0,0.0,,,,,,0.0,,,,0.0,,,0.0
2017-05-21,,,1.0,2.0,29.0,,,,,,2.0,,,,36.0,,,1.0
2017-05-22,,,1.0,,,,,,,,,,,,0.0,,,0.0
2017-05-23,,,,,,,,,,,,,,,,,,
2017-05-24,,,,,,,,,,,,,,,,,,
2017-05-25,,,,,,,,,,,,,,,,,,
2017-05-26,,,23.0,,,,,,,,,,,,,,,34.0
2017-05-27,,,17.0,,,,,,,,,,,,,,,19.0
2017-05-28,,,0.0,,,,,,,,,,,,,,,0.0
2017-05-29,,,6.0,2.0,1.0,,,,,,2.0,,,,12.0,,,1.0
2017-05-30,,,6.0,13.0,8.0,,40.0,,9.0,,51.0,,5.0,,2.0,,,16.0
2017-05-31,,,45.0,43.0,13.0,,0.0,,38.0,,41.0,,4.0,,17.0,,,78.0
2017-06-01,,,7.0,44.0,1.0,,3.0,,23.0,,2.0,,0.0,,1.0,,,2.0
2017-06-02,,,0.0,1.0,0.0,,0.0,,0.0,,0.0,,0.0,,0.0,,,0.0
2017-06-03,,,0.0,,0.0,,0.0,,0.0,,,,0.0,,0.0,,,0.0
2017-06-04,,,0.0,0.0,0.0,,0.0,,0.0,,0.0,,0.0,,0.0,,,0.0
2017-06-05,,,0.0,3.0,0.0,,18.0,,0.0,,0.0,,11.0,,2.0,,,2.0
2017-06-06,,,0.0,3.0,0.0,,0.0,,0.0,,0.0,,0.0,,0.0,,,0.0
2017-06-07,,,0.0,0.0,0.0,,2.0,,0.0,,0.0,,0.0,,0.0,,,0.0
2017-06-08,,,0.0,0.0,0.0,,0.0,,0.0,,0.0,,0.0,,0.0,,,0.0
2017-06-09,,,0.0,0.0,0.0,,0.0,,0.0,,0.0,,0.0,,0.0,,,0.0
2017-06-10,,,56.0,9.0,9.0,,,,,,0.0,,,,21.0,,,3.0
2017-06-11,,,0.0,9.0,0.0,,,,,,0.0,,,,0.0,,,1.0
2017-06-12,,,0.0,0.0,2.0,,,,,,0.0,,,,0.0,,,0.0
2017-06-13,,,7.0,51.0,98.0,,60.0,,38.0,,76.0,,24.0,,3.0,,,21.0
2017-06-14,,,0.0,51.0,0.0,,0.0,,0.0,,6.0,,0.0,,10.0,,,0.0
2017-06-15,,,36.0,1.0,3.0,,0.0,,0.0,,8.0,,18.0,,4.0,,,0.0
2017-06-16,,,8.0,15.0,0.0,,0.0,,0.0,,0.0,,2.0,,1.0,,,21.0
2017-06-17,,,9.0,15.0,0.0,,0.0,,0.0,,0.0,,25.0,,1.0,,,1.0
2017-06-18,,,3.0,0.0,13.0,,29.0,,0.0,,1.0,,4.0,,0.0,,,0.0
2017-06-19,,,0.0,0.0,0.0,,0.0,,0.0,,0.0,,0.0,,0.0,,,0.0
2017-06-20,,,1.0,0.0,0.0,,0.0,,0.0,,0.0,,0.0,,0.0,,,0.0
2017-06-21,,,1.0,18.0,24.0,,2.0,,0.0,,8.0,,13.0,,0.0,,,14.0
2017-06-22,,,1.0,18.0,7.0,,5.0,,0.0,,0.0,,0.0,,0.0,,,0.0
2017-06-23,,,0.0,9.0,0.0,,0.0,,12.0,,0.0,,0.0,,0.0,,,0.0
2017-06-24,,,1.0,9.0,0.0,,0.0,,0.0,,0.0,,0.0,,0.0,,,0.0
2017-06-25,,,0.0,0.0,0.0,,0.0,,0.0,,0.0,,0.0,,0.0,,,0.0
2017-06-26,,,0.0,,0.0,,9.0,,0.0,,15.0,,0.0,,1.0,,,3.0
2017-06-27,,,0.0,,0.0,,2.0,,0.0,,2.0,,0.0,,1.0,,,0.0
2017-06-28,,,,,0.0,,,,,,0.0,,,,0.0,,,
2017-06-29,,,49.0,,0.0,,15.0,,2.0,,2.0,,0.0,,0.0,,,0.0
2017-06-30,,,0.0,,0.0,,0.0,,0.0,,0.0,,0.0,,0.0,,,0.0
2017-07-01,,,0.0,,5.0,,,,,,0.0,,,,1.0,,,21.0
2017-07-02,,,0.0,,9.0,,0.0,,7.0,,0.0,,64.0,,1.0,,,3.0
2017-07-03,,,0.0,,0.0,,0.0,,0.0,,0.0,,0.0,,0.0,,,2.0
2017-07-04,,,0.0,,0.0,,0.0,,0.0,,0.0,,0.0,,0.0,,,0.0
2017-07-05,,,36.0,,3.0,,34.0,,4.0,,42.0,,7.0,,0.0,,,3.0
2017-07-06,,,1.0,,0.0,,0.0,,0.0,,0.0,,15.0,,0.0,,,1.0
2017-07-07,,,0.0,0.0,4.0,,0.0,,4.0,,1.0,,0.0,,0.0,,,0.0
2017-07-08,,,0.0,0.0,1.0,,0.0,,0.0,,1.0,,4.0,,0.0,,,0.0
2017-07-09,,,0.0,0.0,0.0,,0.0,,,,0.0,,1.0,,0.0,,,0.0
2017-07-10,,,0.0,0.0,0.0,,0.0,,,,0.0,,0.0,,0.0,,,0.0
2017-07-11,,,0.0,0.0,0.0,,0.0,,,,1.0,,0.0,,0.0,,,0.0
2017-07-12,,,12.0,13.0,37.0,,12.0,,,,17.0,,28.0,,0.0,,,17.0
2017-07-13,,,,0.0,0.0,,2.0,,,,0.0,,0.0,,0.0,,,
2017-07-14,,,14.0,6.0,5.0,,12.0,,,,49.0,,15.0,,0.0,,,14.0
2017-07-15,,,3.0,0.0,0.0,,0.0,,,,0.0,,0.0,,0.0,,,1.0
2017-07-16,,,0.0,0.0,0.0,,0.0,,0.0,,0.0,,0.0,,0.0,,,0.0
2017-07-17,,,0.0,0.0,0.0,,0.0,,0.0,,0.0,,0.0,,0.0,,,2.0
2017-07-18,,,0.0,0.0,0.0,,0.0,,6.0,,0.0,,8.0,,0.0,,,1.0
2017-07-19,,,0.0,0.0,0.0,,4.0,,0.0,,0.0,,3.0,,0.0,,,0.0
2017-07-20,,,0.0,0.0,8.0,,50.0,,0.0,,6.0,,13.0,,21.0,,,0.0
2017-07-21,,,1.0,0.0,0.0,,50.0,,0.0,,0.0,,13.0,,0.0,,,0.0
2017-07-22,,,0.0,0.0,0.0,,0.0,,0.0,,0.0,,0.0,,0.0,,,0.0
2017-07-23,,,0.0,0.0,0.0,,0.0,,0.0,,0.0,,0.0,,0.0,,,0.0
2017-07-24,,,0.0,0.0,0.0,,0.0,,0.0,,0.0,,0.0,,0.0,,,0.0
2017-07-25,,,0.0,0.0,0.0,,0.0,,0.0,,0.0,,0.0,,0.0,,,0.0
2017-07-26,,,1.0,1.0,1.0,,22.0,,32.0,,18.0,,8.0,,1.0,,,0.0
2017-07-27,,,0.0,0.0,0.0,,0.0,,0.0,,0.0,,1.0,,0.0,,,3.0
2017-07-28,,,0.0,0.0,0.0,,0.0,,0.0,,0.0,,0.0,,0.0,,,1.0
2017-07-29,,,0.0,0.0,0.0,,0.0,,0.0,,0.0,,1.0,,3.0,,,0.0
2017-07-30,,,3.0,0.0,10.0,,0.0,,0.0,,0.0,,5.0,,2.0,,,0.0
2017-07-31,,,2.0,0.0,0.0,,0.0,,6.0,,0.0,,0.0,,0.0,,,1.0
2017-08-01,,,14.0,1.0,2.0,,0.0,,0.0,,33.0,,20.0,,30.0,,,15.0
2017-08-02,,,0.0,11.0,0.0,,2.0,,0.0,,1.0,,0.0,,3.0,,,2.0
2017-08-03,,,0.0,0.0,0.0,,0.0,,0.0,,0.0,,0.0,,0.0,,,1.0
2017-08-04,,,0.0,0.0,0.0,,0.0,,0.0,,0.0,,0.0,,0.0,,,0.0
2017-08-05,,,2.0,0.0,0.0,,0.0,,0.0,,0.0,,0.0,,0.0,,,2.0
2017-08-06,,,13.0,4.0,72.0,,10.0,,0.0,,53.0,,55.0,,62.0,,,4.0
2017-08-07,,,0.0,10.0,0.0,,3.0,,0.0,,0.0,,0.0,,9.0,,,25.0
2017-08-08,,,9.0,9.0,17.0,,20.0,,2.0,,44.0,,0.0,,13.0,,,29.0
2017-08-09,,,2.0,4.0,25.0,,1.0,,17.0,,0.0,,,,11.0,,,14.0
2017-08-10,,,0.0,0.0,0.0,,0.0,,0.0,,0.0,,0.0,,0.0,,,10.0
2017-08-11,,,20.0,36.0,0.0,,0.0,,18.0,,2.0,,0.0,,0.0,,,4.0
2017-08-12,,,1.0,0.0,7.0,,9.0,,15.0,,0.0,,0.0,,0.0,,,1.0
2017-08-13,,,0.0,1.0,21.0,,1.0,,2.0,,2.0,,,,1.0,,,4.0
2017-08-14,,,7.0,0.0,0.0,,0.0,,0.0,,0.0,,,,0.0,,,0.0
2017-08-15,,,14.0,19.0,8.0,,11.0,,19.0,,1.0,,,,51.0,,,80.0
2017-08-16,,,0.0,0.0,0.0,,0.0,,0.0,,13.0,,0.0,,0.0,,,4.0
2017-08-17,,,18.0,2.0,5.0,,126.0,,20.0,,70.0,,0.0,,0.0,,,7.0
2017-08-18,,,0.0,7.0,0.0,,0.0,,0.0,,0.0,,0.0,,0.0,,,0.0
2017-08-19,,,0.0,0.0,0.0,,0.0,,0.0,,0.0,,0.0,,0.0,,,0.0
2017-08-20,,,0.0,0.0,1.0,,0.0,,0.0,,0.0,,0.0,,0.0,,,20.0
2017-08-21,,,0.0,0.0,1.0,,0.0,,0.0,,7.0,,,,0.0,,,0.0
2017-08-22,,,0.0,0.0,0.0,,,,,,0.0,,,,0.0,,,1.0
2017-08-23,,,0.0,0.0,0.0,,,,,,0.0,,,,0.0,,,0.0
2017-08-24,,,66.0,2.0,1.0,,,,,,0.0,,,,0.0,,,12.0
2017-08-25,,,40.0,1.0,24.0,,38.0,,0.0,,13.0,,,,0.0,,,7.0
2017-08-26,,,22.0,2.0,0.0,,0.0,,0.0,,0.0,,0.0,,0.0,,,0.0
2017-08-27,,,1.0,14.0,9.0,,16.0,,2.0,,11.0,,,,0.0,,,7.0
2017-08-28,,,40.0,3.0,5.0,,6.0,,0.0,,16.0,,0.0,,0.0,,,12.0
2017-08-29,,,1.0,0.0,0.0,,0.0,,0.0,,0.0,,0.0,,0.0,,,1.0
2017-08-30,,,0.0,3.0,30.0,,5.0,,4.0,,5.0,,30.0,,0.0,,,23.0
2017-08-31,,,0.0,2.0,0.0,,0.0,,0.0,,0.0,,2.0,,0.0,,,12.0
2017-09-01,,,1.0,0.0,0.0,,2.0,,0.0,,0.0,,15.0,,0.0,,,4.0
2017-09-02,,,0.0,3.0,0.0,,0.0,,0.0,,0.0,,0.0,,0.0,,,4.0
2017-09-03,,,0.0,0.0,0.0,,0.0,,0.0,,0.0,,3.0,,0.0,,,0.0
2017-09-04,,,0.0,0.0,0.0,,0.0,,0.0,,7.0,,0.0,,0.0,,,3.0
2017-09-05,,,3.0,54.0,9.0,,0.0,,0.0,,0.0,,0.0,,0.0,,,25.0
2017-09-06,,,9.0,27.0,0.0,,2.0,,2.0,,1.0,,0.0,,0.0,,,4.0
2017-09-07,,,0.0,24.0,12.0,,0.0,,3.0,,0.0,,8.0,,0.0,,,45.0
2017-09-08,,,5.0,1.0,0.0,,34.0,,0.0,,15.0,,6.0,,0.0,,,1.0
2017-09-09,,,5.0,15.0,2.0,,1.0,,0.0,,2.0,,4.0,,0.0,,,5.0
2017-09-10,,,1.0,,,,2.0,,2.0,,,,0.0,,,,,17.0
2017-09-11,,,12.0,6.0,14.0,,8.0,,11.0,,4.0,,0.0,,0.0,,,8.0
2017-09-12,,,0.0,6.0,2.0,,8.0,,11.0,,0.0,,0.0,,0.0,,,22.0
2017-09-13,,,0.0,0.0,44.0,,1.0,,0.0,,0.0,,0.0,,0.0,,,0.0
2017-09-14,,,6.0,4.0,8.0,,1.0,,0.0,,1.0,,0.0,,0.0,,,7.0
2017-09-15,,,0.0,1.0,7.0,,1.0,,0.0,,9.0,,1.0,,0.0,,,7.0
2017-09-16,,,3.0,7.0,1.0,,21.0,,8.0,,5.0,,0.0,,0.0,,,1.0
2017-09-17,,,19.0,32.0,13.0,,21.0,,8.0,,6.0,,,,0.0,,,25.0
2017-09-18,,,12.0,0.0,0.0,,22.0,,0.0,,7.0,,0.0,,0.0,,,0.0
2017-09-19,,,12.0,0.0,16.0,,42.0,,15.0,,28.0,,0.0,,0.0,,,5.0
2017-09-20,,,48.0,6.0,0.0,,42.0,,16.0,,0.0,,0.0,,0.0,,,5.0
2017-09-21,,,8.0,16.0,18.0,,9.0,,11.0,,22.0,,0.0,,0.0,,,10.0
2017-09-22,,,0.0,0.0,0.0,,9.0,,11.0,,3.0,,0.0,,0.0,,,0.0
2017-09-23,,,1.0,13.0,1.0,,2.0,,0.0,,0.0,,0.0,,0.0,,,8.0
2017-09-24,,,0.0,0.0,0.0,,0.0,,0.0,,0.0,,0.0,,0.0,,,0.0
2017-09-25,,,3.0,0.0,0.0,,2.0,,0.0,,13.0,,0.0,,0.0,,,0.0
2017-09-26,,,25.0,0.0,1.0,,40.0,,57.0,,61.0,,0.0,,0.0,,,0.0
2017-09-27,,,1.0,0.0,0.0,,1.0,,11.0,,8.0,,0.0,,6.0,,,1.0
2017-09-28,,,0.0,0.0,0.0,,1.0,,41.0,,0.0,,0.0,,0.0,,,0.0
2017-09-29,,,0.0,0.0,0.0,,6.0,,4.0,,0.0,,,,0.0,,,1.0
2017-09-30,,,0.0,0.0,0.0,,,,0.0,,0.0,,,,0.0,,,0.0
2017-10-01,,,26.0,0.0,4.0,,5.0,,6.0,,59.0,,0.0,,1.0,,,1.0
2017-10-02,,,0.0,0.0,0.0,,58.0,,6.0,,9.0,,0.0,,0.0,,,0.0
2017-10-03,,,6.0,20.0,9.0,,16.0,,9.0,,10.0,,0.0,,27.0,,,14.0
2017-10-04,,,18.0,12.0,50.0,,2.0,,4.0,,3.0,,2.0,,21.0,,,16.0
2017-10-05,,,2.0,1.0,6.0,,1.0,,4.0,,0.0,,38.0,,5.0,,,1.0
2017-10-06,,,0.0,7.0,1.0,,1.0,,1.0,,0.0,,38.0,,0.0,,,0.0
2017-10-07,,,0.0,17.0,24.0,,0.0,,26.0,,0.0,,4.0,,9.0,,,73.0
2017-10-08,,,5.0,2.0,4.0,,4.0,,26.0,,43.0,,42.0,,2.0,,,1.0
2017-10-09,,,33.0,0.0,0.0,,4.0,,0.0,,5.0,,42.0,,0.0,,,1.0
2017-10-10,,,6.0,4.0,8.0,,18.0,,13.0,,12.0,,3.0,,0.0,,,8.0
2017-10-11,,,22.0,10.0,18.0,,18.0,,13.0,,1.0,,42.0,,34.0,,,13.0
2017-10-12,,,14.0,3.0,13.0,,5.0,,2.0,,14.0,,42.0,,51.0,,,2.0
2017-10-13,,,6.0,6.0,8.0,,4.0,,25.0,,5.0,,14.0,,2.0,,,8.0
2017-10-14,,,0.0,0.0,0.0,,0.0,,0.0,,0.0,,0.0,,0.0,,,0.0
2017-10-15,,,0.0,0.0,0.0,,0.0,,0.0,,0.0,,0.0,,0.0,,,0.0
2017-10-16,,,0.0,0.0,0.0,,0.0,,0.0,,0.0,,0.0,,0.0,,,0.0
2017-10-17,,,1.0,0.0,0.0,,0.0,,0.0,,0.0,,0.0,,0.0,,,0.0
2017-10-18,,,0.0,0.0,0.0,,0.0,,0.0,,0.0,,0.0,,0.0,,,0.0
2017-10-19,,,0.0,5.0,0.0,,0.0,,0.0,,0.0,,0.0,,0.0,,,0.0
2017-10-20,,,0.0,0.0,0.0,,0.0,,0.0,,0.0,,0.0,,0.0,,,0.0
2017-10-21,,,0.0,0.0,0.0,,0.0,,0.0,,3.0,,0.0,,0.0,,,1.0
2017-10-22,,,0.0,0.0,0.0,,1.0,,0.0,,1.0,,0.0,,0.0,,,1.0
2017-10-23,,,3.0,0.0,0.0,,1.0,,2.0,,0.0,,0.0,,0.0,,,2.0
2017-10-24,,,25.0,2.0,2.0,,0.0,,0.0,,1.0,,0.0,,0.0,,,0.0
2017-10-25,,,5.0,0.0,0.0,,,,,,2.0,,,,1.0,,,16.0
2017-10-26,,,0.0,0.0,1.0,,,,,,2.0,,,,1.0,,,82.0
2017-10-27,,,0.0,7.0,6.0,,7.0,,0.0,,38.0,,1.0,,0.0,,,24.0
2017-10-28,,,,0.0,0.0,,7.0,,0.0,,0.0,,1.0,,0.0,,,
2017-10-29,,,,0.0,0.0,,47.0,,16.0,,0.0,,2.0,,0.0,,,
2017-10-30,,,3.0,21.0,0.0,,47.0,,16.0,,0.0,,2.0,,0.0,,,2.0
2017-10-31,,,2.0,0.0,9.0,,4.0,,0.0,,0.0,,0.0,,1.0,,,9.0
2017-11-01,,,0.0,0.0,5.0,,4.0,,0.0,,0.0,,26.0,,0.0,,,0.0
2017-11-02,,,1.0,0.0,0.0,,9.0,,0.0,,0.0,,26.0,,8.0,,,19.0
2017-11-03,,,5.0,6.0,0.0,,16.0,,0.0,,0.0,,12.0,,0.0,,,
2017-11-04,,,11.0,25.0,17.0,,16.0,,4.0,,13.0,,32.0,,14.0,,,
2017-11-05,,,1.0,1.0,6.0,,15.0,,4.0,,16.0,,32.0,,0.0,,,
2017-11-06,,,12.0,1.0,21.0,,16.0,,22.0,,27.0,,4.0,,0.0,,,
2017-11-07,,,72.0,0.0,7.0,,14.0,,29.0,,2.0,,20.0,,0.0,,,
2017-11-08,,,1.0,25.0,17.0,,14.0,,29.0,,1.0,,44.0,,0.0,,,
2017-11-09,,,41.0,59.0,1.0,,10.0,,48.0,,3.0,,44.0,,0.0,,,
2017-11-10,,,38.0,9.0,83.0,,41.0,,48.0,,29.0,,16.0,,0.0,,,
2017-11-11,,,16.0,5.0,3.0,,41.0,,21.0,,3.0,,16.0,,0.0,,,
2017-11-12,,,1.0,0.0,2.0,,4.0,,6.0,,0.0,,8.0,,0.0,,,
2017-11-13,,,1.0,0.0,0.0,,4.0,,22.0,,0.0,,66.0,,0.0,,,
2017-11-14,,,37.0,44.0,48.0,,70.0,,29.0,,36.0,,14.0,,0.0,,,
2017-11-15,,,1.0,14.0,49.0,,70.0,,29.0,,72.0,,14.0,,0.0,,,14.0
2017-11-16,,,0.0,0.0,0.0,,34.0,,0.0,,0.0,,4.0,,0.0,,,0.0
2017-11-17,,,1.0,6.0,1.0,,8.0,,12.0,,1.0,,3.0,,0.0,,,0.0
2017-11-18,,,0.0,0.0,15.0,,8.0,,12.0,,3.0,,3.0,,0.0,,,0.0
2017-11-19,,,0.0,0.0,0.0,,0.0,,2.0,,0.0,,0.0,,0.0,,,0.0
2017-11-20,,,0.0,0.0,49.0,,0.0,,10.0,,19.0,,16.0,,0.0,,,4.0
2017-11-21,,,2.0,3.0,11.0,,3.0,,10.0,,1.0,,57.0,,0.0,,,26.0
2017-11-22,,,2.0,1.0,0.0,,3.0,,0.0,,0.0,,57.0,,0.0,,,3.0
2017-11-23,,,21.0,1.0,5.0,,8.0,,5.0,,5.0,,7.0,,0.0,,,2.0
2017-11-24,,,5.0,6.0,2.0,,8.0,,5.0,,12.0,,8.0,,0.0,,,0.0
2017-11-25,,,0.0,3.0,0.0,,2.0,,0.0,,0.0,,4.0,,0.0,,,1.0
2017-11-26,,,22.0,7.0,48.0,,6.0,,2.0,,6.0,,7.0,,0.0,,,20.0
2017-11-27,,,3.0,1.0,6.0,,6.0,,10.0,,9.0,,8.0,,0.0,,,3.0
2017-11-28,,,0.0,1.0,12.0,,6.0,,26.0,,5.0,,28.0,,0.0,,,3.0
2017-11-29,,,3.0,0.0,0.0,,3.0,,26.0,,0.0,,0.0,,0.0,,,0.0
2017-11-30,,,14.0,0.0,0.0,,3.0,,6.0,,0.0,,10.0,,0.0,,,0.0
2017-12-01,,,1.0,,0.0,,2.0,,1.0,,0.0,,10.0,,,,,2.0
2017-12-02,,,0.0,0.0,0.0,,1.0,,0.0,,0.0,,0.0,,0.0,,,0.0
2017-12-03,,,0.0,0.0,0.0,,0.0,,0.0,,0.0,,0.0,,0.0,,,0.0
2017-12-04,,,21.0,0.0,2.0,,4.0,,1.0,,5.0,,1.0,,0.0,,,0.0
2017-12-05,,,0.0,0.0,0.0,,0.0,,0.0,,0.0,,0.0,,0.0,,,0.0
2017-12-06,,,1.0,0.0,0.0,,0.0,,0.0,,2.0,,0.0,,0.0,,,0.0
2017-12-07,,,20.0,10.0,15.0,,2.0,,20.0,,13.0,,8.0,,0.0,,,0.0
2017-12-08,,,1.0,0.0,0.0,,2.0,,20.0,,0.0,,8.0,,0.0,,,0.0
2017-12-09,,,1.0,0.0,1.0,,2.0,,2.0,,2.0,,0.0,,0.0,,,0.0
2017-12-10,,,1.0,0.0,0.0,,2.0,,0.0,,0.0,,0.0,,0.0,,,0.0
2017-12-11,,,7.0,2.0,9.0,,,,,,0.0,,,,0.0,,,0.0
2017-12-12,,,20.0,13.0,11.0,,8.0,,24.0,,8.0,,2.0,,0.0,,,73.0
2017-12-13,,,23.0,13.0,14.0,,0.0,,24.0,,32.0,,29.0,,14.0,,,12.0
2017-12-14,,,1.0,0.0,0.0,,0.0,,24.0,,5.0,,29.0,,0.0,,,16.0
2017-12-15,,,42.0,0.0,22.0,,0.0,,15.0,,0.0,,0.0,,3.0,,,1.0
2017-12-16,,,9.0,0.0,17.0,,0.0,,0.0,,0.0,,0.0,,0.0,,,0.0
2017-12-17,,,0.0,1.0,1.0,,0.0,,0.0,,3.0,,2.0,,0.0,,,2.0
2017-12-18,,,0.0,0.0,0.0,,0.0,,0.0,,0.0,,2.0,,1.0,,,1.0
2017-12-19,,,1.0,0.0,0.0,,4.0,,2.0,,0.0,,1.0,,1.0,,,2.0
2017-12-20,,,0.0,0.0,0.0,,4.0,,2.0,,0.0,,0.0,,0.0,,,0.0
2017-12-21,,,0.0,0.0,0.0,,0.0,,0.0,,0.0,,0.0,,0.0,,,0.0
2017-12-22,,,40.0,9.0,25.0,,29.0,,22.0,,31.0,,0.0,,0.0,,,12.0
2017-12-23,,,8.0,1.0,4.0,,30.0,,23.0,,5.0,,1.0,,1.0,,,4.0
2017-12-24,,,1.0,0.0,0.0,,5.0,,6.0,,1.0,,1.0,,0.0,,,0.0
2017-12-25,,,7.0,9.0,0.0,,22.0,,16.0,,19.0,,20.0,,26.0,,,2.0
2017-12-26,,,8.0,20.0,27.0,,22.0,,16.0,,18.0,,50.0,,33.0,,,22.0
2017-12-27,,,4.0,3.0,13.0,,14.0,,42.0,,6.0,,50.0,,13.0,,,4.0
2017-12-28,,,0.0,0.0,14.0,,39.0,,42.0,,16.0,,13.0,,0.0,,,0.0
2017-12-29,,,2.0,2.0,2.0,,39.0,,8.0,,0.0,,13.0,,2.0,,,10.0
2017-12-30,,,1.0,3.0,1.0,,12.0,,7.0,,11.0,,10.0,,7.0,,,10.0
2017-12-31,,,36.0,31.0,54.0,,98.0,,84.0,,105.0,,50.0,,19.0,,,12.0
2018-01-01,,,32.0,2.0,15.0,,106.0,,84.0,,41.0,,50.0,,6.0,,,7.0
2018-01-02,,,4.0,23.0,2.0,,52.0,,50.0,,20.0,,3.0,,1.0,,,16.0
2018-01-03,,,0.0,0.0,0.0,,15.0,,2.0,,0.0,,18.0,,0.0,,,3.0
2018-01-04,,,0.0,0.0,0.0,,0.0,,1.0,,0.0,,0.0,,0.0,,,1.0
2018-01-05,,,8.0,1.0,4.0,,21.0,,0.0,,23.0,,,,2.0,,,18.0
2018-01-06,,,0.0,0.0,0.0,,0.0,,0.0,,0.0,,0.0,,0.0,,,1.0
2018-01-07,,,9.0,4.0,2.0,,51.0,,0.0,,21.0,,2.0,,1.0,,,1.0
2018-01-08,,,21.0,0.0,0.0,,51.0,,0.0,,2.0,,2.0,,0.0,,,0.0
2018-01-09,,,0.0,11.0,0.0,,2.0,,0.0,,0.0,,4.0,,10.0,,,4.0
2018-01-10,,,34.0,18.0,23.0,,,,,,37.0,,,,26.0,,,26.0
2018-01-11,,,23.0,27.0,36.0,,,,,,34.0,,,,33.0,,,30.0
2018-01-12,,,22.0,21.0,26.0,,,,,,31.0,,,,34.0,,,27.0
2018-01-13,,,20.0,10.0,19.0,,36.0,,26.0,,38.0,,26.0,,15.0,,,11.0
2018-01-14,,,10.0,5.0,11.0,,36.0,,26.0,,19.0,,26.0,,8.0,,,10.0
2018-01-15,,,1.0,3.0,0.0,,2.0,,2.0,,4.0,,0.0,,0.0,,,1.0
2018-01-16,,,0.0,0.0,0.0,,0.0,,0.0,,0.0,,0.0,,0.0,,,0.0
2018-01-17,,,0.0,0.0,0.0,,0.0,,0.0,,0.0,,0.0,,0.0,,,0.0
2018-01-18,,,0.0,0.0,0.0,,0.0,,0.0,,0.0,,0.0,,0.0,,,0.0
2018-01-19,,,0.0,0.0,14.0,,6.0,,4.0,,,,0.0,,0.0,,,0.0
2018-01-20,,,46.0,23.0,8.0,,24.0,,4.0,,,,4.0,,27.0,,,66.0
2018-01-21,,,0.0,4.0,1.0,,24.0,,1.0,,,,4.0,,0.0,,,0.0
2018-01-22,,,0.0,0.0,3.0,,0.0,,0.0,,,,0.0,,10.0,,,0.0
2018-01-23,,,0.0,0.0,1.0,,0.0,,2.0,,0.0,,0.0,,0.0,,,0.0
2018-01-24,,,5.0,3.0,19.0,,23.0,,2.0,,68.0,,14.0,,16.0,,,5.0
2018-01-25,,,1.0,0.0,0.0,,23.0,,0.0,,0.0,,14.0,,0.0,,,23.0
2018-01-26,,,22.0,2.0,4.0,,3.0,,30.0,,15.0,,4.0,,26.0,,,12.0
2018-01-27,,,0.0,0.0,0.0,,3.0,,30.0,,0.0,,4.0,,0.0,,,0.0
2018-01-28,,,6.0,19.0,4.0,,18.0,,0.0,,29.0,,12.0,,17.0,,,6.0
2018-01-29,,,0.0,0.0,0.0,,0.0,,0.0,,0.0,,0.0,,0.0,,,0.0
2018-01-30,,,0.0,0.0,0.0,,0.0,,20.0,,0.0,,0.0,,0.0,,,0.0
2018-01-31,,,0.0,0.0,0.0,,0.0,,20.0,,0.0,,0.0,,0.0,,,0.0
2018-02-01,,,5.0,0.0,0.0,,0.0,,0.0,,0.0,,0.0,,0.0,,,0.0
2018-02-02,,,12.0,8.0,11.0,,22.0,,24.0,,21.0,,18.0,,18.0,,,9.0
2018-02-03,,,0.0,2.0,0.0,,22.0,,24.0,,0.0,,18.0,,0.0,,,0.0
2018-02-04,,,1.0,3.0,0.0,,2.0,,0.0,,5.0,,6.0,,8.0,,,3.0
2018-02-05,,,0.0,0.0,0.0,,2.0,,0.0,,0.0,,2.0,,0.0,,,0.0
2018-02-06,,,0.0,0.0,0.0,,0.0,,0.0,,0.0,,0.0,,0.0,,,0.0
2018-02-07,,,0.0,0.0,0.0,,0.0,,0.0,,0.0,,0.0,,0.0,,,0.0
2018-02-08,,,0.0,0.0,0.0,,0.0,,0.0,,0.0,,0.0,,0.0,,,0.0
2018-02-09,,,0.0,0.0,0.0,,,,,,0.0,,,,0.0,,,0.0
2018-02-10,,,0.0,0.0,0.0,,,,,,0.0,,,,0.0,,,0.0
2018-02-11,,,0.0,0.0,0.0,,,,,,0.0,,,,0.0,,,0.0
2018-02-12,,,0.0,0.0,0.0,,,,,,0.0,,,,0.0,,,0.0
2018-02-13,,,0.0,0.0,0.0,,,,,,0.0,,,,0.0,,,0.0
2018-02-14,,,2.0,0.0,0.0,,,,,,0.0,,,,0.0,,,0.0
2018-02-15,,,0.0,0.0,0.0,,,,,,0.0,,,,0.0,,,0.0
2018-02-16,,,0.0,0.0,2.0,,,,,,0.0,,,,0.0,,,0.0
2018-02-17,,,0.0,0.0,0.0,,,,,,0.0,,,,0.0,,,2.0
2018-02-18,,,0.0,0.0,0.0,,,,,,0.0,,,,0.0,,,0.0
2018-02-19,,,0.0,3.0,0.0,,,,,,0.0,,,,0.0,,,0.0
2018-02-20,,,0.0,0.0,0.0,,,,,,0.0,,,,0.0,,,0.0
2018-02-21,,,0.0,0.0,0.0,,,,,,0.0,,,,0.0,,,0.0
2018-02-22,,,0.0,0.0,0.0,,0.0,,0.0,,0.0,,0.0,,0.0,,,0.0
2018-02-23,,,1.0,17.0,0.0,,0.0,,0.0,,0.0,,40.0,,2.0,,,1.0
2018-02-24,,,13.0,12.0,13.0,,0.0,,0.0,,16.0,,40.0,,15.0,,,11.0
2018-02-25,,,1.0,0.0,0.0,,0.0,,0.0,,0.0,,0.0,,1.0,,,1.0
2018-02-26,,,0.0,0.0,0.0,,0.0,,0.0,,0.0,,0.0,,0.0,,,0.0
2018-02-27,,,0.0,0.0,0.0,,0.0,,0.0,,0.0,,0.0,,0.0,,,0.0
2018-02-28,,,0.0,0.0,0.0,,0.0,,0.0,,0.0,,0.0,,0.0,,,0.0
2018-03-01,,,1.0,0.0,0.0,,0.0,,0.0,,0.0,,0.0,,0.0,,,0.0
2018-03-02,,,17.0,0.0,0.0,,0.0,,0.0,,0.0,,0.0,,0.0,,,0.0
2018-03-03,,,1.0,5.0,0.0,,0.0,,0.0,,0.0,,0.0,,0.0,,,16.0
2018-03-04,,,0.0,0.0,0.0,,0.0,,8.0,,0.0,,0.0,,0.0,,,21.0
2018-03-05,,,0.0,12.0,0.0,,0.0,,8.0,,0.0,,0.0,,0.0,,,1.0
2018-03-06,,,,0.0,0.0,,0.0,,0.0,,0.0,,0.0,,0.0,,,
2018-03-07,,,0.0,4.0,32.0,,22.0,,14.0,,74.0,,66.0,,18.0,,,13.0
2018-03-08,,,0.0,0.0,0.0,,,,,,1.0,,,,0.0,,,1.0
2018-03-09,,,0.0,0.0,0.0,,0.0,,2.0,,0.0,,0.0,,0.0,,,0.0
2018-03-10,,,0.0,1.0,20.0,,22.0,,4.0,,5.0,,9.0,,10.0,,,3.0
2018-03-11,,,0.0,2.0,0.0,,0.0,,0.0,,0.0,,0.0,,0.0,,,3.0
2018-03-12,,,0.0,0.0,0.0,,0.0,,0.0,,0.0,,0.0,,0.0,,,0.0
2018-03-13,,,0.0,0.0,0.0,,0.0,,0.0,,0.0,,0.0,,0.0,,,0.0
2018-03-14,,,0.0,0.0,0.0,,0.0,,0.0,,0.0,,0.0,,0.0,,,0.0
2018-03-15,,,0.0,0.0,0.0,,0.0,,0.0,,0.0,,0.0,,0.0,,,0.0
2018-03-16,,,0.0,22.0,0.0,,0.0,,0.0,,0.0,,0.0,,0.0,,,0.0
2018-03-17,,,,0.0,0.0,,,,,,0.0,,,,4.0,,,
2018-03-18,,,,0.0,0.0,,0.0,,0.0,,0.0,,0.0,,0.0,,,
2018-03-19,,,0.0,0.0,0.0,,0.0,,0.0,,0.0,,0.0,,0.0,,,0.0
2018-03-20,,,0.0,0.0,0.0,,0.0,,0.0,,0.0,,0.0,,0.0,,,0.0
2018-03-21,,,,,,,,,,,,,,,,,,
2018-03-22,,,,,,,,,,,,,,,,,,
2018-03-23,,,,,,,,,,,,,,,,,,
2018-03-24,,,,,,,,,,,,,,,,,,
2018-03-25,,,,,,,,,,,,,,,,,,
2018-03-26,,,,,,,,,,,,,,,,,,
2018-03-27,,,0.0,,,,56.0,,51.0,,,,52.0,,,,,97.0
2018-03-28,,,0.0,,,,2.0,,13.0,,,,0.0,,,,,2.0
2018-03-29,,,0.0,0.0,2.0,,8.0,,2.0,,11.0,,24.0,,1.0,,,1.0
2018-03-30,,,0.0,19.0,1.0,,8.0,,2.0,,5.0,,24.0,,1.0,,,28.0
2018-03-31,,,0.0,1.0,12.0,,32.0,,11.0,,0.0,,4.0,,29.0,,,0.0
2018-04-01,,,0.0,0.0,0.0,,32.0,,11.0,,3.0,,0.0,,4.0,,,3.0
2018-04-02,,,0.0,0.0,0.0,,0.0,,0.0,,0.0,,0.0,,0.0,,,0.0
2018-04-03,,,0.0,0.0,0.0,,0.0,,0.0,,0.0,,0.0,,0.0,,,0.0
2018-04-04,,,0.0,0.0,0.0,,0.0,,0.0,,0.0,,0.0,,0.0,,,0.0
2018-04-05,,,0.0,0.0,0.0,,0.0,,0.0,,0.0,,0.0,,0.0,,,2.0
2018-04-06,,,0.0,0.0,0.0,,0.0,,2.0,,0.0,,17.0,,0.0,,,0.0
2018-04-07,,,0.0,0.0,0.0,,0.0,,0.0,,0.0,,0.0,,0.0,,,0.0
2018-04-08,,,0.0,1.0,0.0,,0.0,,0.0,,0.0,,4.0,,0.0,,,0.0
2018-04-09,,,0.0,0.0,0.0,,0.0,,0.0,,0.0,,2.0,,0.0,,,0.0
2018-04-10,,,0.0,0.0,0.0,,0.0,,0.0,,0.0,,0.0,,0.0,,,0.0
2018-04-11,,,0.0,3.0,0.0,,0.0,,0.0,,0.0,,0.0,,0.0,,,0.0
2018-04-12,,,0.0,0.0,0.0,,0.0,,0.0,,0.0,,0.0,,0.0,,,0.0
2018-04-13,,,0.0,0.0,6.0,,0.0,,0.0,,0.0,,0.0,,0.0,,,8.0
2018-04-14,,,0.0,6.0,12.0,,4.0,,0.0,,7.0,,44.0,,29.0,,,16.0
2018-04-15,,,0.0,4.0,3.0,,,,,,89.0,,,,3.0,,,3.0
2018-04-16,,,0.0,8.0,8.0,,0.0,,26.0,,3.0,,2.0,,19.0,,,17.0
2018-04-17,,,0.0,19.0,0.0,,0.0,,0.0,,0.0,,2.0,,0.0,,,1.0
2018-04-18,,,0.0,0.0,0.0,,0.0,,0.0,,0.0,,0.0,,0.0,,,0.0
2018-04-19,,,0.0,2.0,2.0,,,,,,0.0,,,,0.0,,,8.0
2018-04-20,,,0.0,38.0,41.0,,,,,,0.0,,,,51.0,,,54.0
2018-04-21,,,0.0,17.0,0.0,,,,,,24.0,,,,6.0,,,11.0
2018-04-22,,,0.0,15.0,3.0,,,,,,0.0,,,,54.0,,,1.0
2018-04-23,,,0.0,5.0,1.0,,,,,,8.0,,,,31.0,,,37.0
2018-04-24,,,0.0,2.0,0.0,,,,,,0.0,,,,0.0,,,5.0
2018-04-25,,,0.0,0.0,0.0,,,,,,0.0,,,,0.0,,,0.0
2018-04-26,,,0.0,2.0,0.0,,,,,,18.0,,,,0.0,,,0.0
2018-04-27,,,0.0,9.0,13.0,,,,,,24.0,,,,57.0,,,5.0
2018-04-28,,,0.0,0.0,0.0,,,,,,16.0,,,,2.0,,,8.0
2018-04-29,,,0.0,0.0,0.0,,,,,,6.0,,,,1.0,,,9.0
2018-04-30,,,0.0,10.0,6.0,,,,,,0.0,,,,5.0,,,6.0
2018-05-01,,,0.0,11.0,22.0,,,,,,24.0,,,,36.0,,,19.0
2018-05-02,,,0.0,0.0,29.0,,,,,,30.0,,,,2.0,,,1.0
2018-05-03,,,0.0,0.0,1.0,,,,,,17.0,,,,0.0,,,16.0
2018-05-04,,,0.0,0.0,1.0,,,,,,4.0,,,,0.0,,,0.0
2018-05-05,,,0.0,2.0,17.0,,,,,,4.0,,,,9.0,,,55.0
2018-05-06,,,0.0,1.0,22.0,,,,,,2.0,,,,4.0,,,5.0
2018-05-07,,,0.0,2.0,1.0,,,,,,1.0,,,,5.0,,,1.0
2018-05-08,,,0.0,0.0,0.0,,,,,,0.0,,,,0.0,,,0.0
2018-05-09,,,0.0,0.0,0.0,,,,,,0.0,,,,0.0,,,0.0
2018-05-10,,,0.0,16.0,19.0,,,,,,0.0,,,,11.0,,,17.0
2018-05-11,,,0.0,24.0,2.0,,,,,,0.0,,,,0.0,,,8.0
2018-05-12,,,0.0,1.0,0.0,,,,,,34.0,,,,0.0,,,4.0
2018-05-13,,,0.0,0.0,0.0,,,,,,15.0,,,,0.0,,,0.0
2018-05-14,,,0.0,2.0,72.0,,,,,,15.0,,,,25.0,,,2.0
2018-05-15,,,0.0,19.0,1.0,,,,,,4.0,,,,8.0,,,11.0
2018-05-16,,,0.0,35.0,12.0,,,,,,11.0,,,,18.0,,,67.0
2018-05-17,,,0.0,17.0,7.0,,,,,,7.0,,,,0.0,,,7.0
2018-05-18,,,0.0,4.0,54.0,,,,,,11.0,,,,4.0,,,7.0
2018-05-19,,,0.0,12.0,15.0,,,,,,4.0,,,,2.0,,,10.0
2018-05-20,,,0.0,0.0,0.0,,,,,,3.0,,,,0.0,,,0.0
2018-05-21,,,0.0,0.0,0.0,,,,,,3.0,,,,0.0,,,0.0
2018-05-22,,,0.0,4.0,95.0,,,,,,3.0,,,,33.0,,,8.0
2018-05-23,,,12.0,9.0,15.0,,,,,,1.0,,,,5.0,,,16.0
2018-05-24,,,1.0,0.0,0.0,,,,,,1.0,,0.0,,0.0,,,1.0
2018-05-25,,,0.0,0.0,0.0,,0.0,,0.0,,1.0,,0.0,,0.0,,,0.0
2018-05-26,,,2.0,4.0,5.0,,1.0,,2.0,,0.0,,4.0,,11.0,,,12.0
2018-05-27,,,2.0,3.0,1.0,,5.0,,11.0,,0.0,,22.0,,15.0,,,1.0
2018-05-28,,,2.0,0.0,3.0,,5.0,,12.0,,1.0,,22.0,,1.0,,,1.0
2018-05-29,,,0.0,17.0,1.0,,0.0,,6.0,,0.0,,5.0,,8.0,,,0.0
2018-05-30,,,6.0,5.0,25.0,,0.0,,2.0,,0.0,,13.0,,6.0,,,7.0
2018-05-31,,,0.0,11.0,0.0,,2.0,,8.0,,0.0,,26.0,,6.0,,,9.0
2018-06-01,,,1.0,6.0,2.0,,2.0,,26.0,,0.0,,9.0,,7.0,,,8.0
2018-06-02,,,4.0,9.0,0.0,,3.0,,10.0,,1.0,,2.0,,0.0,,,11.0
2018-06-03,,,0.0,2.0,0.0,,32.0,,0.0,,0.0,,8.0,,1.0,,,1.0
2018-06-04,,,0.0,0.0,0.0,,0.0,,0.0,,0.0,,0.0,,0.0,,,0.0
2018-06-05,,,0.0,0.0,0.0,,0.0,,0.0,,1.0,,0.0,,0.0,,,0.0
2018-06-06,,,0.0,0.0,2.0,,0.0,,0.0,,0.0,,0.0,,13.0,,,0.0
2018-06-07,,,1.0,0.0,0.0,,0.0,,0.0,,1.0,,0.0,,8.0,,,8.0
2018-06-08,,,7.0,0.0,0.0,,0.0,,0.0,,0.0,,0.0,,2.0,,,0.0
2018-06-09,,,0.0,0.0,0.0,,0.0,,0.0,,0.0,,,,0.0,,,0.0
2018-06-10,,,0.0,0.0,0.0,,0.0,,1.0,,0.0,,0.0,,0.0,,,0.0
2018-06-11,,,0.0,0.0,0.0,,0.0,,0.0,,0.0,,0.0,,0.0,,,0.0
2018-06-12,,,0.0,0.0,0.0,,0.0,,0.0,,0.0,,0.0,,0.0,,,0.0
2018-06-13,,,2.0,28.0,10.0,,,,,,1.0,,0.0,,0.0,,,10.0
2018-06-14,,,17.0,0.0,0.0,,0.0,,14.0,,0.0,,0.0,,0.0,,,0.0
2018-06-15,,,2.0,5.0,6.0,,6.0,,0.0,,0.0,,0.0,,19.0,,,13.0
2018-06-16,,,0.0,0.0,0.0,,0.0,,0.0,,0.0,,,,4.0,,,0.0
2018-06-17,,,5.0,0.0,0.0,,,,,,0.0,,,,31.0,,,0.0
2018-06-18,,,35.0,1.0,0.0,,,,,,0.0,,,,2.0,,,0.0
2018-06-19,,,2.0,2.0,0.0,,,,,,0.0,,,,3.0,,,3.0
2018-06-20,,,2.0,11.0,43.0,,,,,,0.0,,,,91.0,,,24.0
2018-06-21,,,66.0,2.0,3.0,,,,,,0.0,,,,3.0,,,15.0
2018-06-22,,,23.0,1.0,0.0,,,,,,0.0,,,,0.0,,,0.0
2018-06-23,,,18.0,25.0,48.0,,,,,,0.0,,,,34.0,,,26.0
2018-06-24,,,0.0,0.0,0.0,,,,,,0.0,,,,0.0,,,1.0
2018-06-25,,,1.0,0.0,0.0,,,,,,0.0,,,,0.0,,,
2018-06-26,,,2.0,2.0,0.0,,2.0,,1.0,,0.0,,0.0,,0.0,,,
2018-06-27,,,15.0,0.0,10.0,,,,,,0.0,,0.0,,3.0,,,7.0
2018-06-28,,,1.0,2.0,1.0,,,,,,0.0,,,,4.0,,,
2018-06-29,,,1.0,10.0,0.0,,,,,,0.0,,,,0.0,,,10.0
2018-06-30,,,0.0,0.0,0.0,,,,,,0.0,,,,0.0,,,0.0
2018-07-01,,,3.0,0.0,16.0,,4.0,,1.0,,0.0,,0.0,,0.0,,,2.0
2018-07-02,,,0.0,0.0,0.0,,0.0,,2.0,,0.0,,0.0,,0.0,,,0.0
2018-07-03,,,2.0,0.0,0.0,,2.0,,2.0,,0.0,,0.0,,0.0,,,0.0
2018-07-04,,,1.0,0.0,0.0,,2.0,,2.0,,0.0,,0.0,,9.0,,,1.0
2018-07-05,,,0.0,0.0,0.0,,0.0,,0.0,,0.0,,0.0,,0.0,,,0.0
2018-07-06,,,0.0,0.0,0.0,,0.0,,0.0,,0.0,,0.0,,0.0,,,0.0
2018-07-07,,,31.0,12.0,0.0,,12.0,,0.0,,15.0,,0.0,,0.0,,,0.0
2018-07-08,,,0.0,0.0,0.0,,0.0,,18.0,,0.0,,0.0,,0.0,,,1.0
2018-07-09,,,1.0,0.0,0.0,,2.0,,5.0,,3.0,,0.0,,0.0,,,0.0
2018-07-10,,,8.0,1.0,0.0,,0.0,,6.0,,0.0,,0.0,,0.0,,,1.0
2018-07-11,,,0.0,0.0,0.0,,0.0,,0.0,,0.0,,0.0,,0.0,,,0.0
2018-07-12,,,0.0,0.0,0.0,,0.0,,0.0,,0.0,,0.0,,0.0,,,0.0
2018-07-13,,,0.0,0.0,0.0,,0.0,,2.0,,0.0,,0.0,,0.0,,,0.0
2018-07-14,,,1.0,5.0,1.0,,3.0,,0.0,,4.0,,0.0,,15.0,,,
2018-07-15,,,5.0,7.0,1.0,,2.0,,32.0,,8.0,,0.0,,3.0,,,11.0
2018-07-16,,,0.0,0.0,1.0,,2.0,,32.0,,0.0,,0.0,,0.0,,,0.0
2018-07-17,,,0.0,0.0,0.0,,0.0,,0.0,,0.0,,0.0,,0.0,,,0.0
2018-07-18,,,2.0,5.0,0.0,,0.0,,0.0,,0.0,,0.0,,13.0,,,1.0
2018-07-19,,,4.0,14.0,1.0,,8.0,,6.0,,26.0,,0.0,,3.0,,,9.0
2018-07-20,,,0.0,0.0,0.0,,0.0,,0.0,,0.0,,0.0,,0.0,,,0.0
2018-07-21,,,0.0,0.0,0.0,,0.0,,0.0,,0.0,,0.0,,0.0,,,0.0
2018-07-22,,,0.0,6.0,0.0,,0.0,,0.0,,0.0,,0.0,,1.0,,,10.0
2018-07-23,,,17.0,0.0,0.0,,0.0,,0.0,,0.0,,0.0,,3.0,,,0.0
2018-07-24,,,1.0,0.0,41.0,,0.0,,0.0,,0.0,,0.0,,42.0,,,0.0
2018-07-25,,,0.0,31.0,0.0,,0.0,,0.0,,3.0,,0.0,,2.0,,,0.0
2018-07-26,,,0.0,0.0,46.0,,0.0,,0.0,,0.0,,0.0,,2.0,,,0.0
2018-07-27,,,0.0,0.0,0.0,,0.0,,0.0,,0.0,,0.0,,0.0,,,0.0
2018-07-28,,,0.0,,,,0.0,,0.0,,,,0.0,,,,,0.0
2018-07-29,,,9.0,1.0,,,14.0,,0.0,,9.0,,0.0,,14.0,,,5.0
2018-07-30,,,1.0,2.0,46.0,,,,,,0.0,,,,4.0,,,5.0
2018-07-31,,,0.0,2.0,46.0,,,,,,0.0,,,,0.0,,,0.0
2018-08-01,,,1.0,0.0,46.0,,,,,,0.0,,,,0.0,,,0.0
2018-08-02,,,0.0,0.0,46.0,,,,,,0.0,,,,0.0,,,0.0
2018-08-03,,,0.0,0.0,46.0,,,,,,0.0,,,,3.0,,,0.0
2018-08-04,,,31.0,1.0,49.0,,,,,,10.0,,,,0.0,,,11.0
2018-08-05,,,1.0,0.0,49.0,,,,,,8.0,,,,0.0,,,0.0
2018-08-06,,,,0.0,59.0,,,,,,5.0,,,,0.0,,,
2018-08-07,,,15.0,6.0,0.0,,4.0,,0.0,,1.0,,0.0,,6.0,,,0.0
2018-08-08,,,8.0,2.0,0.0,,1.0,,17.0,,6.0,,8.0,,0.0,,,7.0
2018-08-09,,,0.0,0.0,0.0,,0.0,,0.0,,0.0,,0.0,,0.0,,,0.0
2018-08-10,,,0.0,0.0,0.0,,0.0,,0.0,,0.0,,0.0,,0.0,,,0.0
2018-08-11,,,0.0,0.0,,,0.0,,,,0.0,,0.0,,0.0,,,0.0
2018-08-12,,,0.0,0.0,,,0.0,,,,0.0,,0.0,,0.0,,,0.0
2018-08-13,,,0.0,0.0,,,0.0,,,,0.0,,0.0,,0.0,,,0.0
2018-08-14,,,0.0,0.0,,,6.0,,,,0.0,,0.0,,0.0,,,0.0
2018-08-15,,,0.0,0.0,,,,,,,0.0,,,,0.0,,,5.0
2018-08-16,,,0.0,0.0,0.0,,,,,,0.0,,,,0.0,,,0.0
2018-08-17,,,0.0,3.0,0.0,,,,,,18.0,,,,12.0,,,1.0
2018-08-18,,,1.0,24.0,0.0,,,,,,0.0,,,,0.0,,,0.0
2018-08-19,,,4.0,0.0,3.0,,,,,,0.0,,,,8.0,,,1.0
2018-08-20,,,2.0,7.0,7.0,,,,,,0.0,,,,6.0,,,21.0
2018-08-21,,,22.0,14.0,10.0,,,,,,0.0,,,,4.0,,,3.0
2018-08-22,,,5.0,,,,,,,,,,,,,,,4.0
2018-08-23,,,2.0,2.0,0.0,,,,,,2.0,,,,0.0,,,2.0
2018-08-24,,,17.0,2.0,0.0,,,,,,0.0,,,,16.0,,,3.0
2018-08-25,,,0.0,8.0,0.0,,,,,,0.0,,,,5.0,,,6.0
2018-08-26,,,0.0,0.0,0.0,,,,,,0.0,,,,0.0,,,0.0
2018-08-27,,,1.0,0.0,40.0,,,,,,2.0,,,,1.0,,,3.0
2018-08-28,,,13.0,0.0,1.0,,,,,,2.0,,,,0.0,,,0.0
2018-08-29,,,5.0,0.0,3.0,,,,,,12.0,,,,0.0,,,0.0
2018-08-30,,,4.0,0.0,24.0,,,,,,1.0,,,,1.0,,,14.0
2018-08-31,,,6.0,16.0,7.0,,,,,,36.0,,,,7.0,,,14.0
2018-09-01,,,0.0,0.0,0.0,,,,,,3.0,,,,0.0,,,1.0
2018-09-02,,,4.0,0.0,0.0,,,,,,0.0,,,,0.0,,,0.0
2018-09-03,,,0.0,0.0,0.0,,,,,,0.0,,,,0.0,,,2.0
2018-09-04,,,13.0,1.0,0.0,,8.0,,,,9.0,,0.0,,0.0,,,4.0
2018-09-05,,,45.0,0.0,0.0,,0.0,,,,0.0,,,,0.0,,,0.0
2018-09-06,,,24.0,2.0,12.0,,0.0,,,,15.0,,0.0,,0.0,,,1.0
2018-09-07,,,78.0,0.0,7.0,,,,,,12.0,,3.0,,1.0,,,0.0
2018-09-08,,,12.0,38.0,1.0,,24.0,,,,2.0,,16.0,,9.0,,,73.0
2018-09-09,,,28.0,14.0,,,2.0,,,,16.0,,0.0,,0.0,,,6.0
2018-09-10,,,0.0,5.0,,,0.0,,,,1.0,,38.0,,1.0,,,6.0
2018-09-11,,,1.0,5.0,,,0.0,,,,0.0,,0.0,,1.0,,,7.0
2018-09-12,,,0.0,0.0,0.0,,,,,,0.0,,,,1.0,,,0.0
2018-09-13,,,,0.0,0.0,,,,,,0.0,,,,5.0,,,
2018-09-14,,,0.0,0.0,0.0,,,,,,0.0,,,,1.0,,,0.0
2018-09-15,,,0.0,0.0,0.0,,0.0,,,,0.0,,,,1.0,,,
2018-09-16,,,0.0,9.0,4.0,,0.0,,,,0.0,,11.0,,0.0,,,2.0
2018-09-17,,,0.0,0.0,0.0,,0.0,,,,0.0,,11.0,,0.0,,,0.0
2018-09-18,,,5.0,6.0,30.0,,24.0,,,,26.0,,4.0,,0.0,,,
2018-09-19,,,17.0,15.0,14.0,,24.0,,,,1.0,,9.0,,0.0,,,69.0
2018-09-20,,,22.0,27.0,40.0,,26.0,,,,0.0,,9.0,,0.0,,,0.0
2018-09-21,,,0.0,38.0,0.0,,26.0,,,,6.0,,,,0.0,,,1.0
2018-09-22,,,9.0,0.0,12.0,,16.0,,,,21.0,,2.0,,0.0,,,0.0
2018-09-23,,,0.0,0.0,0.0,,,,,,0.0,,0.0,,0.0,,,0.0
2018-09-24,,,,,,,,,,,,,,,,,,
2018-09-25,,,0.0,0.0,9.0,,,,,,0.0,,,,15.0,,,
2018-09-26,,,0.0,30.0,0.0,,,,,,0.0,,,,0.0,,,1.0
2018-09-27,,,2.0,0.0,0.0,,,,,,0.0,,,,0.0,,,1.0
2018-09-28,,,0.0,0.0,0.0,,,,,,0.0,,,,0.0,,,0.0
2018-09-29,,,0.0,0.0,0.0,,,,,,4.0,,,,0.0,,,0.0
2018-09-30,,,0.0,0.0,0.0,,,,,,0.0,,,,12.0,,,1.0
2018-10-01,,,0.0,0.0,0.0,,,,,,0.0,,,,0.0,,,0.0
2018-10-02,,,4.0,9.0,0.0,,,,,,0.0,,,,0.0,,,0.0
2018-10-03,,,59.0,0.0,35.0,,,,,,0.0,,,,0.0,,,1.0
2018-10-04,,,1.0,0.0,0.0,,0.0,,,,0.0,,,,0.0,,,
2018-10-05,,,0.0,0.0,0.0,,,,,,0.0,,0.0,,0.0,,,0.0
2018-10-06,,,12.0,12.0,85.0,,3.0,,,,35.0,,42.0,,42.0,,,17.0
2018-10-07,,,69.0,18.0,36.0,,53.0,,,,39.0,,34.0,,54.0,,,1.0
2018-10-08,,,24.0,5.0,1.0,,54.0,,,,0.0,,40.0,,0.0,,,1.0
2018-10-09,,,35.0,6.0,12.0,,0.0,,,,11.0,,10.0,,6.0,,,31.0
2018-10-10,,,7.0,0.0,3.0,,0.0,,,,0.0,,0.0,,0.0,,,8.0
2018-10-11,,,27.0,7.0,11.0,,85.0,,,,48.0,,10.0,,11.0,,,10.0
2018-10-12,,,6.0,0.0,1.0,,0.0,,,,8.0,,0.0,,0.0,,,1.0
2018-10-13,,,1.0,0.0,1.0,,,,,,1.0,,,,1.0,,,1.0
2018-10-14,,,6.0,14.0,0.0,,,,,,3.0,,,,1.0,,,2.0
2018-10-15,,,2.0,0.0,0.0,,,,,,33.0,,,,3.0,,,0.0
2018-10-16,,,39.0,4.0,5.0,,,,,,12.0,,,,19.0,,,2.0
2018-10-17,,,9.0,17.0,8.0,,,,,,12.0,,,,0.0,,,3.0
2018-10-18,,,17.0,38.0,0.0,,,,,,0.0,,,,8.0,,,16.0
2018-10-19,,,8.0,0.0,0.0,,,,,,0.0,,,,0.0,,,2.0
2018-10-20,,,0.0,0.0,0.0,,,,,,7.0,,,,0.0,,,0.0
2018-10-21,,,6.0,2.0,32.0,,2.0,,,,24.0,,12.0,,25.0,,,4.0
2018-10-22,,,0.0,0.0,0.0,,0.0,,,,0.0,,4.0,,0.0,,,1.0
2018-10-23,,,0.0,2.0,2.0,,0.0,,,,21.0,,,,6.0,,,0.0
2018-10-24,,,,0.0,0.0,,4.0,,,,5.0,,7.0,,0.0,,,
2018-10-25,,,74.0,0.0,0.0,,0.0,,,,0.0,,0.0,,0.0,,,4.0
2018-10-26,,,0.0,5.0,5.0,,0.0,,,,0.0,,0.0,,31.0,,,0.0
2018-10-27,,,5.0,0.0,7.0,,,,,,0.0,,,,0.0,,,1.0
2018-10-28,,,25.0,26.0,31.0,,,,,,26.0,,,,71.0,,,1.0
2018-10-29,,,12.0,4.0,4.0,,,,,,0.0,,,,1.0,,,26.0
2018-10-30,,,1.0,0.0,3.0,,,,,,5.0,,,,0.0,,,0.0
2018-10-31,,,0.0,0.0,0.0,,,,,,0.0,,,,1.0,,,0.0
2018-11-01,,,0.0,4.0,0.0,,,,,,0.0,,,,1.0,,,1.0
2018-11-02,,,1.0,0.0,2.0,,,,,,6.0,,,,0.0,,,1.0
2018-11-03,,,1.0,36.0,4.0,,,,,,6.0,,,,40.0,,,13.0
2018-11-04,,,1.0,8.0,0.0,,,,,,0.0,,,,10.0,,,5.0
2018-11-05,,,3.0,3.0,6.0,,,,,,19.0,,,,42.0,,,30.0
2018-11-06,,,29.0,0.0,3.0,,,,,,58.0,,,,2.0,,,0.0
2018-11-07,,,1.0,2.0,0.0,,,,,,0.0,,,,0.0,,,12.0
2018-11-08,,,6.0,3.0,26.0,,,,,,23.0,,,,14.0,,,9.0
2018-11-09,,,3.0,6.0,0.0,,,,,,34.0,,,,0.0,,,0.0
2018-11-10,,,0.0,3.0,22.0,,,,,,32.0,,,,5.0,,,1.0
2018-11-11,,,57.0,7.0,15.0,,,,,,30.0,,,,19.0,,,28.0
2018-11-12,,,18.0,13.0,0.0,,,,,,8.0,,,,0.0,,,14.0
2018-11-13,,,1.0,0.0,13.0,,,,,,4.0,,,,1.0,,,6.0
2018-11-14,,,0.0,0.0,0.0,,,,,,0.0,,,,0.0,,,0.0
2018-11-15,,,36.0,0.0,27.0,,,,,,19.0,,,,20.0,,,17.0
2018-11-16,,,0.0,0.0,0.0,,,,,,0.0,,,,0.0,,,0.0
2018-11-17,,,10.0,0.0,2.0,,,,,,13.0,,,,2.0,,,1.0
2018-11-18,,,0.0,0.0,0.0,,,,,,0.0,,,,0.0,,,0.0
2018-11-19,,,50.0,0.0,0.0,,,,,,2.0,,,,6.0,,,0.0
2018-11-20,,,1.0,0.0,0.0,,,,,,0.0,,,,5.0,,,1.0
2018-11-21,,,14.0,0.0,19.0,,,,,,58.0,,,,2.0,,,4.0
2018-11-22,,,3.0,0.0,0.0,,,,,,0.0,,,,2.0,,,18.0
2018-11-23,,,3.0,0.0,0.0,,,,,,8.0,,,,2.0,,,0.0
2018-11-24,,,1.0,0.0,2.0,,,,,,1.0,,,,2.0,,,3.0
2018-11-25,,,0.0,0.0,0.0,,,,,,0.0,,,,1.0,,,1.0
2018-11-26,,,0.0,0.0,0.0,,,,,,0.0,,,,0.0,,,1.0
2018-11-27,,,0.0,0.0,4.0,,,,,,1.0,,,,1.0,,,3.0
2018-11-28,,,0.0,0.0,0.0,,,,,,0.0,,,,0.0,,,30.0
2018-11-29,,,0.0,0.0,7.0,,,,,,2.0,,,,0.0,,,15.0
2018-11-30,,,0.0,0.0,0.0,,,,,,1.0,,,,0.0,,,0.0
2018-12-01,,,21.0,1.0,3.0,,,,,,6.0,,,,1.0,,,25.0
2018-12-02,,,2.0,0.0,4.0,,,,,,5.0,,,,4.0,,,15.0
2018-12-03,,,2.0,64.0,6.0,,,,,,36.0,,,,16.0,,,33.0
2018-12-04,,,0.0,33.0,0.0,,,,,,0.0,,,,0.0,,,3.0
2018-12-05,,,0.0,2.0,2.0,,,,,,0.0,,,,3.0,,,4.0
2018-12-06,,,64.0,18.0,48.0,,,,,,11.0,,,,16.0,,,21.0
2018-12-07,,,20.0,0.0,0.0,,,,,,0.0,,,,0.0,,,1.0
2018-12-08,,,0.0,10.0,7.0,,,,,,0.0,,,,97.0,,,38.0
2018-12-09,,,0.0,0.0,0.0,,,,,,2.0,,,,0.0,,,0.0
2018-12-10,,,1.0,26.0,6.0,,,,,,19.0,,,,54.0,,,1.0
2018-12-11,,,15.0,6.0,11.0,,,,,,83.0,,,,9.0,,,7.0
2018-12-12,,,2.0,11.0,2.0,,,,,,33.0,,,,3.0,,,4.0
2018-12-13,,,0.0,0.0,1.0,,,,,,1.0,,,,36.0,,,1.0
2018-12-14,,,3.0,15.0,1.0,,,,,,1.0,,,,1.0,,,3.0
2018-12-15,,,57.0,62.0,5.0,,,,,,0.0,,,,42.0,,,15.0
2018-12-16,,,2.0,91.0,1.0,,,,,,2.0,,,,24.0,,,1.0
2018-12-17,,,0.0,1.0,0.0,,,,,,0.0,,,,0.0,,,7.0
2018-12-18,,,0.0,0.0,0.0,,,,,,0.0,,,,0.0,,,0.0
2018-12-19,,,15.0,0.0,0.0,,,,,,0.0,,,,0.0,,,0.0
2018-12-20,,,30.0,0.0,0.0,,,,,,0.0,,,,0.0,,,0.0
2018-12-21,,,3.0,0.0,0.0,,,,,,0.0,,,,0.0,,,0.0
2018-12-22,,,0.0,0.0,0.0,,,,,,0.0,,,,0.0,,,0.0
2018-12-23,,,0.0,0.0,0.0,,,,,,0.0,,,,0.0,,,0.0
2018-12-24,,,2.0,0.0,0.0,,,,,,0.0,,,,0.0,,,0.0
2018-12-25,,,0.0,4.0,0.0,,,,,,0.0,,,,1.0,,,1.0
2018-12-26,,,0.0,2.0,0.0,,,,,,0.0,,,,2.0,,,7.0
2018-12-27,,,0.0,0.0,0.0,,,,,,0.0,,,,0.0,,,0.0
2018-12-28,,,0.0,0.0,0.0,,,,,,0.0,,,,0.0,,,0.0
2018-12-29,,,0.0,5.0,0.0,,,,,,0.0,,,,0.0,,,5.0
2018-12-30,,,0.0,5.0,34.0,,,,,,24.0,,,,5.0,,,9.0
2018-12-31,,,0.0,0.0,0.0,,,,,,0.0,,,,0.0,,,1.0
2019-01-01,,,0.0,0.0,3.0,,,,,,9.0,,,,16.0,,,0.0
2019-01-02,,,0.0,0.0,0.0,,,,,,0.0,,,,0.0,,,0.0
2019-01-03,,,0.0,0.0,0.0,,,,,,0.0,,,,0.0,,,0.0
2019-01-04,,,0.0,0.0,0.0,,,,,,0.0,,,,0.0,,,0.0
2019-01-05,,,0.0,33.0,0.0,,,,,,34.0,,,,0.0,,,10.0
2019-01-06,,,0.0,0.0,0.0,,,,,,0.0,,,,0.0,,,0.0
2019-01-07,,,0.0,0.0,0.0,,,,,,0.0,,,,0.0,,,0.0
2019-01-08,,,0.0,0.0,1.0,,,,,,5.0,,,,0.0,,,7.0
2019-01-09,,,0.0,0.0,0.0,,,,,,0.0,,,,0.0,,,1.0
2019-01-10,,,0.0,0.0,0.0,,,,,,0.0,,,,0.0,,,0.0
2019-01-11,,,0.0,3.0,0.0,,,,,,0.0,,,,0.0,,,0.0
2019-01-12,,,0.0,0.0,0.0,,,,,,0.0,,,,0.0,,,0.0
2019-01-13,,,0.0,0.0,0.0,,,,,,0.0,,,,0.0,,,0.0
2019-01-14,,,0.0,0.0,0.0,,,,,,0.0,,,,0.0,,,0.0
2019-01-15,,,0.0,0.0,0.0,,,,,,0.0,,,,0.0,,,0.0
2019-01-16,,,0.0,0.0,0.0,,,,,,0.0,,,,0.0,,,0.0
2019-01-17,,,0.0,4.0,27.0,,,,,,68.0,,,,4.0,,,4.0
2019-01-18,,,0.0,89.0,125.0,,,,,,120.0,,,,93.0,,,169.0
2019-01-19,,,0.0,0.0,0.0,,,,,,0.0,,,,0.0,,,0.0
2019-01-20,,,0.0,0.0,0.0,,,,,,0.0,,,,0.0,,,2.0
2019-01-21,,,0.0,0.0,0.0,,,,,,0.0,,,,0.0,,,0.0
2019-01-22,,,0.0,0.0,0.0,,,,,,0.0,,,,0.0,,,0.0
2019-01-23,,,0.0,0.0,0.0,,,,,,0.0,,,,3.0,,,1.0
2019-01-24,,,0.0,0.0,0.0,,,,,,0.0,,,,0.0,,,0.0
2019-01-25,,,0.0,0.0,0.0,,,,,,0.0,,,,0.0,,,0.0
2019-01-26,,,0.0,0.0,0.0,,,,,,0.0,,,,0.0,,,0.0
2019-01-27,,,0.0,0.0,0.0,,,,,,0.0,,,,0.0,,,0.0
2019-01-28,,,0.0,0.0,2.0,,,,,,6.0,,,,0.0,,,1.0
2019-01-29,,,0.0,0.0,0.0,,,,,,1.0,,,,1.0,,,0.0
2019-01-30,,,0.0,0.0,0.0,,,,,,0.0,,,,0.0,,,0.0
2019-01-31,,,0.0,0.0,0.0,,,,,,0.0,,,,17.0,,,12.0
2019-02-01,,,0.0,0.0,0.0,,,,,,0.0,,,,0.0,,,0.0
2019-02-02,,,0.0,0.0,0.0,,,,,,0.0,,,,0.0,,,0.0
2019-02-03,,,0.0,0.0,0.0,,,,,,0.0,,,,0.0,,,0.0
2019-02-04,,,0.0,0.0,0.0,,,,,,0.0,,,,0.0,,,0.0
2019-02-05,,,0.0,0.0,0.0,,,,,,0.0,,,,0.0,,,0.0
2019-02-06,,,0.0,0.0,0.0,,,,,,0.0,,,,0.0,,,0.0
2019-02-07,,,0.0,0.0,0.0,,,,,,0.0,,,,0.0,,,1.0
2019-02-08,,,0.0,0.0,0.0,,0.0,,,,0.0,,,,0.0,,,0.0
2019-02-09,,,0.0,0.0,0.0,,0.0,,,,0.0,,0.0,,0.0,,,0.0
2019-02-10,,,0.0,0.0,0.0,,0.0,,,,0.0,,0.0,,0.0,,,0.0
2019-02-11,,,0.0,0.0,0.0,,0.0,,,,0.0,,0.0,,0.0,,,0.0
2019-02-12,,,0.0,0.0,0.0,,0.0,,,,0.0,,0.0,,0.0,,,0.0
2019-02-13,,,0.0,0.0,0.0,,0.0,,,,0.0,,0.0,,0.0,,,0.0
2019-02-14,,,0.0,0.0,0.0,,0.0,,,,0.0,,0.0,,0.0,,,0.0
2019-02-15,,,0.0,0.0,0.0,,0.0,,,,0.0,,0.0,,0.0,,,0.0
2019-02-16,,,0.0,0.0,0.0,,0.0,,,,0.0,,0.0,,0.0,,,0.0
2019-02-17,,,9.0,1.0,0.0,,2.0,,,,0.0,,16.0,,11.0,,,13.0
2019-02-18,,,11.0,,22.0,,53.0,,,,16.0,,10.0,,4.0,,,29.0
2019-02-19,,,0.0,,0.0,,0.0,,4.0,,0.0,,0.0,,1.0,,,2.0
2019-02-20,,,0.0,,12.0,,18.0,,4.0,,0.0,,31.0,,1.0,,,0.0
2019-02-21,,,0.0,,0.0,,0.0,,0.0,,0.0,,0.0,,0.0,,,0.0
2019-02-22,,,0.0,,0.0,,0.0,,0.0,,0.0,,0.0,,0.0,,,0.0
2019-02-23,,,0.0,,0.0,,0.0,,0.0,,0.0,,0.0,,0.0,,,0.0
2019-02-24,,,0.0,,0.0,,0.0,,0.0,,0.0,,0.0,,0.0,,,0.0
2019-02-25,,,0.0,0.0,0.0,,0.0,,0.0,,0.0,,0.0,,0.0,,,0.0
2019-02-26,,,0.0,3.0,0.0,,0.0,,0.0,,2.0,,0.0,,4.0,,,0.0
2019-02-27,,,0.0,0.0,0.0,,0.0,,1.0,,0.0,,0.0,,0.0,,,0.0
2019-02-28,,,0.0,3.0,0.0,,0.0,,0.0,,0.0,,,,1.0,,,0.0
2019-03-01,,,0.0,0.0,1.0,,0.0,,0.0,,0.0,,0.0,,0.0,,,0.0
2019-03-02,,,0.0,0.0,0.0,,0.0,,0.0,,0.0,,0.0,,0.0,,,0.0
2019-03-03,,,0.0,0.0,0.0,,0.0,,0.0,,0.0,,0.0,,0.0,,,0.0
2019-03-04,,,0.0,0.0,0.0,,0.0,,0.0,,0.0,,0.0,,0.0,,,0.0
2019-03-05,,,0.0,9.0,0.0,,0.0,,0.0,,0.0,,0.0,,0.0,,,0.0
2019-03-06,,,0.0,0.0,0.0,,0.0,,0.0,,0.0,,0.0,,0.0,,,0.0
2019-03-07,,,0.0,0.0,0.0,,,,,,0.0,,,,3.0,,,3.0
2019-03-08,,,0.0,0.0,0.0,,,,,,0.0,,,,12.0,,,0.0
2019-03-09,,,0.0,0.0,0.0,,,,,,0.0,,,,0.0,,,1.0
2019-03-10,,,0.0,29.0,1.0,,,,,,0.0,,,,10.0,,,71.0
2019-03-11,,,0.0,0.0,8.0,,0.0,,0.0,,51.0,,,,1.0,,,1.0
2019-03-12,,,0.0,4.0,0.0,,1.0,,1.0,,1.0,,26.0,,0.0,,,2.0
2019-03-13,,,0.0,0.0,0.0,,,,,,0.0,,,,0.0,,,0.0
2019-03-14,,,0.0,0.0,0.0,,,,,,0.0,,,,0.0,,,0.0
2019-03-15,,,0.0,0.0,0.0,,,,,,0.0,,,,0.0,,,0.0
2019-03-16,,,0.0,0.0,0.0,,,,,,0.0,,,,0.0,,,9.0
2019-03-17,,,0.0,0.0,0.0,,,,,,0.0,,,,0.0,,,1.0
2019-03-18,,,0.0,0.0,0.0,,,,,,0.0,,,,0.0,,,0.0
2019-03-19,,,0.0,0.0,0.0,,0.0,,0.0,,0.0,,,,0.0,,,0.0
2019-03-20,,,0.0,0.0,0.0,,0.0,,0.0,,0.0,,0.0,,0.0,,,
2019-03-21,,,0.0,0.0,35.0,,0.0,,0.0,,0.0,,2.0,,28.0,,,0.0
2019-03-22,,,1.0,9.0,0.0,,13.0,,8.0,,4.0,,1.0,,0.0,,,1.0
2019-03-23,,,0.0,0.0,0.0,,0.0,,2.0,,0.0,,0.0,,0.0,,,1.0
2019-03-24,,,1.0,0.0,0.0,,0.0,,2.0,,8.0,,4.0,,4.0,,,0.0
2019-03-25,,,0.0,0.0,0.0,,5.0,,0.0,,0.0,,0.0,,0.0,,,3.0
2019-03-26,,,0.0,0.0,0.0,,0.0,,0.0,,0.0,,0.0,,0.0,,,0.0
2019-03-27,,,0.0,0.0,0.0,,0.0,,0.0,,0.0,,0.0,,0.0,,,0.0
2019-03-28,,,0.0,0.0,4.0,,26.0,,1.0,,16.0,,62.0,,9.0,,,2.0
2019-03-29,,,0.0,0.0,39.0,,0.0,,0.0,,0.0,,62.0,,9.0,,,0.0
2019-03-30,,,0.0,0.0,0.0,,0.0,,0.0,,0.0,,10.0,,0.0,,,0.0
2019-03-31,,,0.0,0.0,0.0,,16.0,,0.0,,13.0,,0.0,,2.0,,,7.0
2019-04-01,,,0.0,0.0,,,2.0,,48.0,,0.0,,0.0,,0.0,,,10.0
2019-04-02,,,0.0,21.0,,,3.0,,48.0,,8.0,,7.0,,2.0,,,58.0
2019-04-03,,,0.0,15.0,,,7.0,,32.0,,7.0,,8.0,,25.0,,,16.0
2019-04-04,,,0.0,0.0,0.0,,7.0,,32.0,,0.0,,8.0,,0.0,,,1.0
2019-04-05,,,0.0,0.0,0.0,,0.0,,0.0,,0.0,,0.0,,0.0,,,0.0
2019-04-06,,,0.0,0.0,0.0,,0.0,,0.0,,0.0,,0.0,,0.0,,,0.0
2019-04-07,,,0.0,0.0,0.0,,0.0,,0.0,,0.0,,0.0,,0.0,,,0.0
2019-04-08,,,0.0,0.0,0.0,,0.0,,0.0,,0.0,,0.0,,3.0,,,5.0
2019-04-09,,,0.0,24.0,45.0,,0.0,,0.0,,0.0,,22.0,,26.0,,,77.0
2019-04-10,,,0.0,24.0,13.0,,1.0,,2.0,,2.0,,22.0,,0.0,,,54.0
2019-04-11,,,0.0,0.0,0.0,,1.0,,4.0,,2.0,,0.0,,0.0,,,
2019-04-12,,,0.0,15.0,3.0,,2.0,,0.0,,13.0,,15.0,,57.0,,,
2019-04-13,,,0.0,0.0,3.0,,2.0,,0.0,,0.0,,26.0,,14.0,,,
2019-04-14,,,0.0,1.0,0.0,,15.0,,0.0,,6.0,,26.0,,18.0,,,
2019-04-15,,,0.0,12.0,0.0,,15.0,,0.0,,0.0,,18.0,,18.0,,,0.0
2019-04-16,,,0.0,0.0,0.0,,0.0,,0.0,,0.0,,0.0,,5.0,,,
2019-04-17,,,0.0,0.0,0.0,,0.0,,0.0,,0.0,,0.0,,0.0,,,
2019-04-18,,,0.0,0.0,0.0,,0.0,,0.0,,0.0,,0.0,,0.0,,,
2019-04-19,,,0.0,0.0,21.0,,16.0,,59.0,,11.0,,12.0,,36.0,,,
2019-04-20,,,0.0,88.0,55.0,,0.0,,21.0,,2.0,,12.0,,6.0,,,36.0
2019-04-21,,,0.0,0.0,0.0,,0.0,,21.0,,0.0,,0.0,,0.0,,,0.0
2019-04-22,,,0.0,8.0,11.0,,,,,,2.0,,,,47.0,,,
2019-04-23,,,,27.0,5.0,,,,,,0.0,,,,8.0,,,
2019-04-24,,,,0.0,1.0,,,,,,5.0,,,,0.0,,,
2019-04-25,,,0.0,0.0,1.0,,,,,,65.0,,,,0.0,,,1.0
2019-04-26,,,0.0,14.0,28.0,,,,,,38.0,,,,41.0,,,9.0
2019-04-27,,,0.0,0.0,3.0,,,,,,2.0,,,,2.0,,,0.0
2019-04-28,,,0.0,0.0,0.0,,,,,,0.0,,,,0.0,,,
2019-04-29,,,0.0,5.0,12.0,,,,,,49.0,,,,3.0,,,
2019-04-30,,,0.0,0.0,9.0,,,,,,0.0,,,,0.0,,,4.0
2019-05-01,,,0.0,0.0,0.0,,,,,,0.0,,,,0.0,,,
2019-05-02,,,0.0,0.0,0.0,,,,,,0.0,,,,0.0,,,
2019-05-03,,,0.0,1.0,15.0,,,,,,39.0,,,,47.0,,,
2019-05-04,,,0.0,0.0,9.0,,,,,,0.0,,,,0.0,,,
2019-05-05,,,0.0,9.0,0.0,,,,,,0.0,,,,0.0,,,
2019-05-06,,,0.0,0.0,0.0,,,,,,0.0,,,,0.0,,,
2019-05-07,,,0.0,0.0,0.0,,,,,,0.0,,,,0.0,,,
2019-05-08,,,0.0,0.0,0.0,,,,,,0.0,,,,0.0,,,
2019-05-09,,,0.0,6.0,0.0,,,,,,0.0,,,,0.0,,,
2019-05-10,,,0.0,0.0,0.0,,,,,,0.0,,,,0.0,,,
2019-05-11,,,0.0,0.0,0.0,,,,,,0.0,,,,0.0,,,0.0
2019-05-12,,,15.0,0.0,14.0,,,,,,0.0,,,,0.0,,,0.0
2019-05-13,,,0.0,0.0,1.0,,,,,,3.0,,,,1.0,,,0.0
2019-05-14,,,41.0,0.0,56.0,,0.0,,0.0,,7.0,,5.0,,1.0,,,0.0
2019-05-15,,,2.0,25.0,47.0,,0.0,,0.0,,0.0,,8.0,,0.0,,,1.0
2019-05-16,,,2.0,0.0,2.0,,3.0,,0.0,,0.0,,0.0,,6.0,,,9.0
2019-05-17,,,0.0,35.0,0.0,,0.0,,0.0,,0.0,,0.0,,16.0,,,0.0
2019-05-18,,,0.0,0.0,0.0,,2.0,,0.0,,0.0,,0.0,,0.0,,,1.0
2019-05-19,,,1.0,0.0,0.0,,0.0,,0.0,,0.0,,0.0,,0.0,,,0.0
2019-05-20,,,0.0,0.0,8.0,,6.0,,0.0,,0.0,,46.0,,4.0,,,0.0
2019-05-21,,,,2.0,0.0,,,,,,47.0,,,,14.0,,,
2019-05-22,,,,5.0,45.0,,,,,,10.0,,,,5.0,,,
2019-05-23,,,,0.0,2.0,,,,,,0.0,,,,0.0,,,
2019-05-24,,,,0.0,0.0,,,,,,0.0,,,,0.0,,,
2019-05-25,,,,0.0,0.0,,,,,,2.0,,,,10.0,,,
2019-05-26,,,,1.0,51.0,,,,,,31.0,,,,15.0,,,
2019-05-27,,,,13.0,0.0,,,,,,0.0,,,,76.0,,,
2019-05-28,,,,0.0,0.0,,,,,,1.0,,,,7.0,,,
2019-05-29,,,0.0,10.0,4.0,,,,,,12.0,,,,2.0,,,
2019-05-30,,,0.0,0.0,5.0,,,,,,0.0,,,,5.0,,,
2019-05-31,,,0.0,14.0,5.0,,,,,,10.0,,,,23.0,,,
2019-06-01,,,0.0,13.0,4.0,,,,,,8.0,,,,3.0,,,6.0
2019-06-02,,,0.0,0.0,0.0,,,,,,13.0,,,,2.0,,,
2019-06-03,,,0.0,0.0,3.0,,,,,,18.0,,,,0.0,,,1.0
2019-06-04,,,0.0,1.0,0.0,,,,,,3.0,,,,29.0,,,
2019-06-05,,,0.0,8.0,1.0,,,,,,1.0,,,,6.0,,,
2019-06-06,,,0.0,51.0,12.0,,,,,,8.0,,,,14.0,,,
2019-06-07,,,0.0,3.0,3.0,,,,,,18.0,,,,0.0,,,
2019-06-08,,,0.0,5.0,0.0,,,,,,3.0,,,,5.0,,,4.0
2019-06-09,,,0.0,0.0,0.0,,,,,,0.0,,,,0.0,,,18.0
2019-06-10,,,0.0,0.0,0.0,,,,,,0.0,,,,0.0,,,0.0
2019-06-11,,,0.0,4.0,11.0,,,,,,0.0,,,,4.0,,,9.0
2019-06-12,,,0.0,24.0,22.0,,,,,,1.0,,,,7.0,,,33.0
2019-06-13,,,0.0,0.0,0.0,,,,,,1.0,,,,0.0,,,0.0
2019-06-14,,,0.0,1.0,1.0,,,,,,2.0,,,,2.0,,,1.0
2019-06-15,,,0.0,0.0,0.0,,,,,,1.0,,,,0.0,,,0.0
2019-06-16,,,0.0,0.0,0.0,,,,,,0.0,,,,0.0,,,0.0
2019-06-17,,,0.0,8.0,1.0,,,,,,1.0,,,,35.0,,,0.0
2019-06-18,,,0.0,2.0,0.0,,,,,,21.0,,,,6.0,,,4.0
2019-06-19,,,0.0,6.0,0.0,,,,,,0.0,,,,0.0,,,1.0
2019-06-20,,,0.0,0.0,8.0,,,,0.0,,45.0,,0.0,,2.0,,,2.0
2019-06-21,,,0.0,0.0,0.0,,,,0.0,,42.0,,0.0,,4.0,,,69.0
2019-06-22,,,0.0,29.0,12.0,,,,0.0,,14.0,,0.0,,2.0,,,22.0
2019-06-23,,,0.0,0.0,0.0,,,,,,0.0,,,,0.0,,,0.0
2019-06-24,,,0.0,3.0,14.0,,,,,,17.0,,,,0.0,,,1.0
2019-06-25,,,0.0,0.0,0.0,,,,,,0.0,,,,0.0,,,4.0
2019-06-26,,,0.0,12.0,0.0,,,,,,6.0,,,,1.0,,,10.0
2019-06-27,,,0.0,0.0,8.0,,,,,,0.0,,,,0.0,,,0.0
2019-06-28,,,0.0,0.0,0.0,,,,,,0.0,,,,0.0,,,0.0
2019-06-29,,,0.0,1.0,3.0,,,,,,60.0,,,,2.0,,,1.0
2019-06-30,,,0.0,0.0,0.0,,,,,,11.0,,,,0.0,,,2.0
2019-07-01,,,0.0,0.0,2.0,,,,,,0.0,,,,1.0,,,4.0
2019-07-02,,,0.0,0.0,0.0,,,,,,4.0,,,,0.0,,,0.0
2019-07-03,,,0.0,0.0,16.0,,,,,,1.0,,,,0.0,,,0.0
2019-07-04,,,0.0,0.0,0.0,,,,,,67.0,,,,2.0,,,0.0
2019-07-05,,,0.0,21.0,0.0,,,,,,0.0,,,,0.0,,,0.0
2019-07-06,,,0.0,17.0,0.0,,,,,,1.0,,,,16.0,,,0.0
2019-07-07,,,0.0,0.0,35.0,,,,,,10.0,,,,0.0,,,30.0
2019-07-08,,,0.0,7.0,39.0,,,,,,0.0,,,,20.0,,,19.0
2019-07-09,,,0.0,0.0,6.0,,,,,,0.0,,,,1.0,,,14.0
2019-07-10,,,0.0,0.0,0.0,,,,,,0.0,,,,0.0,,,1.0
2019-07-11,,,0.0,0.0,0.0,,,,,,0.0,,,,0.0,,,0.0
2019-07-12,,,0.0,0.0,0.0,,,,,,0.0,,,,0.0,,,0.0
2019-07-13,,,0.0,0.0,19.0,,,,,,0.0,,,,0.0,,,0.0
2019-07-14,,,0.0,1.0,0.0,,,,,,0.0,,,,0.0,,,1.0
2019-07-15,,,0.0,26.0,9.0,,,,,,1.0,,,,35.0,,,1.0
2019-07-16,,,7.0,15.0,6.0,,,,,,0.0,,,,3.0,,,0.0
2019-07-17,,,0.0,0.0,0.0,,,,,,0.0,,,,0.0,,,7.0
2019-07-18,,,0.0,0.0,0.0,,,,,,0.0,,,,0.0,,,0.0
2019-07-19,,,0.0,0.0,0.0,,,,,,0.0,,,,0.0,,,0.0
2019-07-20,,,0.0,0.0,0.0,,,,,,0.0,,,,0.0,,,0.0
2019-07-21,,,0.0,10.0,6.0,,,,,,2.0,,,,12.0,,,0.0
2019-07-22,,,0.0,2.0,0.0,,,,,,1.0,,,,0.0,,,0.0
2019-07-23,,,0.0,1.0,22.0,,,,,,8.0,,,,6.0,,,24.0
2019-07-24,,,0.0,0.0,0.0,,,,,,0.0,,,,0.0,,,0.0
2019-07-25,,,0.0,0.0,0.0,,,,,,0.0,,,,0.0,,,0.0
2019-07-26,,,0.0,0.0,10.0,,,,,,0.0,,,,0.0,,,0.0
2019-07-27,,,0.0,1.0,15.0,,,,,,2.0,,,,64.0,,,28.0
2019-07-28,,,0.0,3.0,0.0,,,,,,0.0,,,,7.0,,,0.0
2019-07-29,,,0.0,0.0,0.0,,,,,,0.0,,,,0.0,,,0.0
2019-07-30,,,0.0,,0.0,,,,,,0.0,,,,0.0,,,0.0
2019-07-31,,,0.0,,0.0,,,,,,0.0,,,,0.0,,,0.0
2019-08-01,,,0.0,0.0,0.0,,,,,,0.0,,,,0.0,,,0.0
2019-08-02,,,0.0,0.0,0.0,,,,,,0.0,,,,0.0,,,0.0
2019-08-03,,,0.0,0.0,0.0,,,,,,0.0,,,,0.0,,,0.0
2019-08-04,,,0.0,0.0,0.0,,,,,,0.0,,,,0.0,,,0.0
2019-08-05,,,0.0,0.0,0.0,,,,,,0.0,,,,0.0,,,0.0
2019-08-06,,,0.0,0.0,0.0,,,,,,0.0,,,,0.0,,,0.0
2019-08-07,,,0.0,0.0,0.0,,,,,,0.0,,,,0.0,,,0.0
2019-08-08,,,0.0,0.0,0.0,,,,,,0.0,,,,0.0,,,0.0
2019-08-09,,,,0.0,0.0,,,,,,0.0,,,,0.0,,,
2019-08-10,,,,0.0,0.0,,,,,,5.0,,,,0.0,,,
2019-08-11,,,,0.0,0.0,,,,,,0.0,,,,0.0,,,
2019-08-12,,,,0.0,0.0,,,,,,0.0,,,,0.0,,,
2019-08-13,,,,0.0,0.0,,,,,,0.0,,,,6.0,,,
2019-08-14,,,0.0,0.0,0.0,,,,,,0.0,,,,0.0,,,2.0
2019-08-15,,,0.0,0.0,1.0,,,,,,0.0,,,,6.0,,,7.0
2019-08-16,,,0.0,0.0,0.0,,,,,,0.0,,,,0.0,,,0.0
2019-08-17,,,0.0,20.0,11.0,,,,,,0.0,,,,5.0,,,16.0
2019-08-18,,,0.0,0.0,0.0,,,,,,0.0,,,,0.0,,,0.0
2019-08-19,,,0.0,0.0,0.0,,,,,,0.0,,,,0.0,,,0.0
2019-08-20,,,0.0,1.0,0.0,,,,,,0.0,,,,0.0,,,0.0
2019-08-21,,,0.0,0.0,1.0,,,,,,0.0,,,,0.0,,,2.0
2019-08-22,,,0.0,3.0,6.0,,,,,,0.0,,,,19.0,,,3.0
2019-08-23,,,0.0,0.0,0.0,,,,,,0.0,,,,0.0,,,0.0
2019-08-24,,,0.0,0.0,0.0,,,,,,0.0,,,,0.0,,,0.0
2019-08-25,,,0.0,0.0,0.0,,,,,,24.0,,,,0.0,,,0.0
2019-08-26,,,0.0,14.0,13.0,,,,,,42.0,,,,4.0,,,5.0
2019-08-27,,,0.0,0.0,0.0,,,,,,1.0,,,,0.0,,,0.0
2019-08-28,,,0.0,0.0,0.0,,,,,,0.0,,,,0.0,,,0.0
2019-08-29,,,0.0,0.0,0.0,,,,,,0.0,,,,0.0,,,0.0
2019-08-30,,,0.0,4.0,69.0,,,,,,3.0,,,,11.0,,,18.0
2019-08-31,,,0.0,0.0,0.0,,,,,,0.0,,,,0.0,,,0.0
2019-09-01,,,0.0,0.0,0.0,,,,,,1.0,,,,1.0,,,2.0
2019-09-02,,,0.0,4.0,0.0,,,,,,0.0,,,,0.0,,,0.0
2019-09-03,,,0.0,0.0,0.0,,,,,,0.0,,,,0.0,,,0.0
2019-09-04,,,0.0,3.0,0.0,,,,,,1.0,,,,0.0,,,0.0
2019-09-05,,,0.0,0.0,20.0,,,,,,0.0,,,,7.0,,,0.0
2019-09-06,,,0.0,0.0,0.0,,,,,,0.0,,,,0.0,,,0.0
2019-09-07,,,0.0,0.0,0.0,,,,,,0.0,,,,0.0,,,0.0
2019-09-08,,,0.0,0.0,0.0,,,,,,0.0,,,,0.0,,,0.0
2019-09-09,,,0.0,12.0,0.0,,,,,,0.0,,,,0.0,,,0.0
2019-09-10,,,0.0,0.0,0.0,,,,,,0.0,,,,0.0,,,6.0
2019-09-11,,,0.0,0.0,0.0,,,,,,0.0,,,,0.0,,,0.0
2019-09-12,,,0.0,0.0,0.0,,,,,,0.0,,,,0.0,,,0.0
2019-09-13,,,0.0,0.0,0.0,,,,,,0.0,,,,0.0,,,0.0
2019-09-14,,,0.0,0.0,10.0,,,,,,0.0,,,,0.0,,,3.0
2019-09-15,,,,0.0,1.0,,,,,,0.0,,,,10.0,,,
2019-09-16,,,,0.0,0.0,,,,,,0.0,,,,0.0,,,
2019-09-17,,,0.0,0.0,0.0,,,,,,0.0,,,,0.0,,,0.0
2019-09-18,,,0.0,1.0,0.0,,,,,,0.0,,,,0.0,,,0.0
2019-09-19,,,0.0,0.0,0.0,,,,,,0.0,,,,0.0,,,0.0
2019-09-20,,,0.0,0.0,0.0,,,,,,0.0,,,,0.0,,,0.0
2019-09-21,,,0.0,0.0,0.0,,,,,,0.0,,,,0.0,,,0.0
2019-09-22,,,0.0,0.0,0.0,,,,,,0.0,,,,0.0,,,0.0
2019-09-23,,,0.0,0.0,14.0,,,,,,0.0,,,,14.0,,,1.0
2019-09-24,,,0.0,0.0,0.0,,,,,,0.0,,,,0.0,,,0.0
2019-09-25,,,10.0,,,,,,,,,,,,,,,10.0
2019-09-26,,,0.0,,,,,,,,,,,,,,,12.0
2019-09-27,,,1.0,,,,,,,,,,,,,,,63.0
2019-09-28,,,0.0,,,,,,,,,,,,,,,0.0
2019-09-29,,,7.0,,,,,,,,,,,,,,,5.0
2019-09-30,,,23.0,,,,,,,,,,,,,,,29.0
2019-10-01,,,9.0,,,,,,,,,,,,,,,2.0
2019-10-02,,,24.0,,,,,,,,,,,,,,,31.0
2019-10-03,,,2.0,,,,,,,,,,,,,,,0.0
2019-10-04,,,10.0,,,,,,,,,,,,,,,0.0
2019-10-05,,,0.0,11.0,14.0,,,,,,32.0,,,,0.0,,,9.0
2019-10-06,,,0.0,0.0,36.0,,,,,,0.0,,,,2.0,,,0.0
2019-10-07,,,37.0,0.0,1.0,,,,,,40.0,,,,14.0,,,1.0
2019-10-08,,,10.0,1.0,2.0,,,,,,6.0,,,,5.0,,,5.0
2019-10-09,,,3.0,3.0,0.0,,,,,,2.0,,,,34.0,,,11.0
2019-10-10,,,5.0,0.0,33.0,,,,,,0.0,,,,8.0,,,1.0
2019-10-11,,,0.0,0.0,0.0,,,,,,0.0,,,,,,,0.0
2019-10-12,,,,,,,,,,,,,,,,,,
2019-10-13,,,,,,,,,,,,,,,,,,
2019-10-14,,,37.0,,,,,,,,,,,,,,,43.0
2019-10-15,,,0.0,,,,,,,,,,,,,,,22.0
2019-10-16,,,2.0,,,,,,,,,,,,,,,0.0
2019-10-17,,,5.0,,,,,,,,,,,,,,,0.0
2019-10-18,,,7.0,,,,,,,,,,,,,,,1.0
2019-10-19,,,9.0,,,,,,,,,,,,,,,13.0
2019-10-20,,,1.0,,,,,,,,,,,,,,,0.0
2019-10-21,,,8.0,,,,,,,,,,,,,,,38.0
2019-10-22,,,65.0,,,,,,,,,,,,,,,11.0
2019-10-23,,,5.0,,,,,,,,,,,,,,,32.0
2019-10-24,,,1.0,,,,,,,,,,,,,,,0.0
2019-10-25,,,0.0,,,,,,,,,,0.0,,,,,1.0
2019-10-26,,,0.0,,,,,,,,,,0.0,,,,,0.0
2019-10-27,,,11.0,,,,,,,,,,0.0,,,,,17.0
2019-10-28,,,25.0,0.0,6.0,,,,,,20.0,,0.0,,2.0,,,13.0
2019-10-29,,,0.0,8.0,0.0,,,,,,1.0,,0.0,,3.0,,,5.0
2019-10-30,,,0.0,,24.0,,,,,,0.0,,0.0,,,,,43.0
2019-10-31,,,6.0,0.0,4.0,,,,,,18.0,,0.0,,30.0,,,5.0
2019-11-01,,,0.0,,0.0,,,,,,0.0,,0.0,,0.0,,,0.0
2019-11-02,,,10.0,,0.0,,,,,,2.0,,0.0,,4.0,,,15.0
2019-11-03,,,60.0,,0.0,,,,,,1.0,,0.0,,0.0,,,3.0
2019-11-04,,,1.0,0.0,0.0,,,,,,0.0,,0.0,,0.0,,,0.0
2019-11-05,,,6.0,0.0,0.0,,,,,,0.0,,0.0,,0.0,,,0.0
2019-11-06,,,0.0,24.0,7.0,,,,,,23.0,,0.0,,15.0,,,2.0
2019-11-07,,,0.0,0.0,0.0,,,,,,0.0,,0.0,,1.0,,,0.0
2019-11-08,,,20.0,36.0,3.0,,,,,,20.0,,0.0,,0.0,,,5.0
2019-11-09,,,0.0,0.0,0.0,,,,,,0.0,,0.0,,0.0,,,0.0
2019-11-10,,,0.0,0.0,0.0,,,,,,0.0,,0.0,,0.0,,,3.0
2019-11-11,,,0.0,0.0,0.0,,,,,,0.0,,0.0,,20.0,,,0.0
2019-11-12,,,14.0,,,,,,,,,,0.0,,,,,0.0
2019-11-13,,,5.0,,,,,,,,,,0.0,,,,,39.0
2019-11-14,,,0.0,,,,,,,,,,0.0,,,,,3.0
2019-11-15,,,0.0,,,,,,,,,,0.0,,,,,3.0
2019-11-16,,,3.0,0.0,4.0,,,,,,0.0,,0.0,,0.0,,,1.0
2019-11-17,,,0.0,0.0,0.0,,,,,0.0,0.0,,0.0,,0.0,27.0,,0.0
2019-11-18,,,8.0,6.0,5.0,,,,,0.0,0.0,,0.0,,16.0,0.0,,2.0
2019-11-19,,,0.0,6.0,0.0,,,,,0.0,0.0,,0.0,,0.0,6.0,,19.0
2019-11-20,,,6.0,6.0,16.0,,,,,0.0,8.0,,0.0,,2.0,7.0,,3.0
2019-11-21,,,2.0,7.0,0.0,,,,,0.0,2.0,,,,11.0,2.0,,10.0
2019-11-22,,,36.0,20.0,37.0,,,,,0.0,21.0,,,,31.0,17.0,,26.0
2019-11-23,,,6.0,25.0,1.0,,,,,,0.0,,,,1.0,,,20.0
2019-11-24,,,31.0,25.0,2.0,,,,,,38.0,,,,7.0,,,41.0
2019-11-25,,,0.0,25.0,0.0,,,,,0.0,0.0,,,,0.0,0.0,,0.0
2019-11-26,,,0.0,36.0,0.0,,,,,0.0,0.0,,,,0.0,0.0,,0.0
2019-11-27,,,1.0,36.0,5.0,,,,,0.0,4.0,,,,0.0,9.0,,40.0
2019-11-28,,,1.0,36.0,0.0,,,,,0.0,0.0,,0.0,,0.0,6.0,,3.0
2019-11-29,,,26.0,54.0,13.0,,,,,0.0,11.0,,0.0,,4.0,0.0,,2.0
2019-11-30,,,1.0,18.0,1.0,,,,,1.0,0.0,,0.0,,2.0,17.0,,4.0
2019-12-01,,,0.0,16.0,10.0,,,,,24.0,1.0,,0.0,,6.0,21.0,,13.0
2019-12-02,,,8.0,0.0,1.0,,,,,,1.0,,0.0,,1.0,,,1.0
2019-12-03,,,1.0,0.0,2.0,,,,,,0.0,,0.0,,1.0,,,0.0
2019-12-04,,,0.0,0.0,0.0,,,,,0.0,0.0,,0.0,,0.0,0.0,,0.0
2019-12-05,,,3.0,0.0,0.0,,,,,,0.0,,0.0,,0.0,,,0.0
2019-12-06,,,0.0,0.0,0.0,,,,,0.0,0.0,,0.0,,0.0,0.0,,0.0
2019-12-07,,,0.0,,0.0,,,,,0.0,0.0,,0.0,,0.0,0.0,,0.0
2019-12-08,,,1.0,,13.0,,,,,,0.0,,0.0,,4.0,,,2.0
2019-12-09,,,37.0,,44.0,,,,,,160.0,,0.0,,83.0,,,54.0
2019-12-10,,,0.0,0.0,0.0,,,,,,0.0,,0.0,,0.0,,,0.0
2019-12-11,,,50.0,12.0,25.0,,,,,45.0,49.0,,0.0,,13.0,6.0,,8.0
2019-12-12,,,6.0,2.0,3.0,,,,,,9.0,,0.0,,6.0,,,3.0
2019-12-13,,,60.0,22.0,28.0,,,,,,49.0,,0.0,,26.0,,,30.0
2019-12-14,,,46.0,85.0,73.0,,,,,100.0,95.0,,0.0,,93.0,67.0,,100.0
2019-12-15,,,46.0,81.0,58.0,,,,,82.0,108.0,,0.0,,106.0,65.0,,67.0
2019-12-16,,,1.0,4.0,5.0,,,,,1.0,5.0,,0.0,,1.0,0.0,,1.0
2019-12-17,,,5.0,15.0,4.0,,,,,5.0,4.0,,,,2.0,32.0,,19.0
2019-12-18,,,50.0,3.0,36.0,,,,,6.0,3.0,,,,4.0,9.0,,31.0
2019-12-19,,,1.0,0.0,0.0,,,,,0.0,2.0,,,,0.0,0.0,,0.0
2019-12-20,,,0.0,0.0,0.0,,,,,4.0,0.0,,,,4.0,0.0,,1.0
2019-12-21,,,0.0,1.0,2.0,,,,,0.0,0.0,,,,13.0,8.0,,11.0
2019-12-22,,,0.0,0.0,0.0,,,,,0.0,0.0,,,,0.0,0.0,,0.0
2019-12-23,,,4.0,5.0,0.0,,,,,6.0,0.0,,,,0.0,0.0,,6.0
2019-12-24,,,1.0,0.0,0.0,,,,,0.0,0.0,,,,0.0,0.0,,0.0
2019-12-25,,,0.0,0.0,0.0,,,,,0.0,0.0,,,,0.0,0.0,,0.0
2019-12-26,,,0.0,0.0,0.0,,,,,0.0,0.0,,,,0.0,0.0,,0.0
2019-12-27,,,0.0,0.0,0.0,,,,,0.0,0.0,,,,0.0,0.0,,0.0
2019-12-28,,,0.0,1.0,0.0,,,,,0.0,0.0,,,,0.0,0.0,,0.0
2019-12-29,,,0.0,3.0,0.0,,,,,3.0,0.0,,,,0.0,0.0,,0.0
2019-12-30,,,0.0,0.0,0.0,,,,,0.0,0.0,,,,0.0,0.0,,0.0
2019-12-31,,,0.0,0.0,0.0,,,,,0.0,0.0,,,,0.0,0.0,,0.0
2020-01-01,,,0.0,0.0,0.0,,,,,0.0,0.0,,,,0.0,0.0,,0.0
2020-01-02,,,1.0,5.0,0.0,,,,,1.0,0.0,,,,1.0,2.0,,0.0
2020-01-03,,,1.0,2.0,0.0,,,,,1.0,0.0,,,,0.0,0.0,,1.0
2020-01-04,,,3.0,0.0,3.0,,,,,4.0,3.0,,,,0.0,1.0,,2.0
2020-01-05,,,0.0,0.0,0.0,,,,,0.0,0.0,,,,0.0,0.0,,0.0
2020-01-06,,,13.0,9.0,7.0,,,,,3.0,4.0,,,,4.0,10.0,,8.0
2020-01-07,,,3.0,3.0,1.0,,,,,0.0,0.0,,,,0.0,2.0,,1.0
2020-01-08,,,0.0,1.0,0.0,,,,,0.0,0.0,,,,0.0,0.0,,0.0
2020-01-09,,,0.0,0.0,0.0,,,,,0.0,0.0,,,,0.0,0.0,,0.0
2020-01-10,,,1.0,0.0,1.0,,,,,0.0,0.0,,,,0.0,0.0,,0.0
2020-01-11,,,1.0,0.0,0.0,,,,,0.0,0.0,,,,0.0,0.0,,0.0
2020-01-12,,,0.0,0.0,0.0,,,,,0.0,0.0,,,,2.0,0.0,,0.0
2020-01-13,,,0.0,0.0,0.0,,,,,0.0,0.0,,,,0.0,0.0,,0.0
2020-01-14,,,0.0,0.0,0.0,,,,,0.0,0.0,,,,0.0,0.0,,0.0
2020-01-15,,,0.0,0.0,0.0,,,,,0.0,0.0,,,,0.0,0.0,,0.0
2020-01-16,,,0.0,0.0,0.0,,,,,0.0,0.0,,,,0.0,0.0,,0.0
2020-01-17,,,0.0,0.0,0.0,,,,,0.0,0.0,,,,0.0,0.0,,0.0
2020-01-18,,,0.0,7.0,0.0,,,,,0.0,0.0,,,,0.0,0.0,,0.0
2020-01-19,,,0.0,0.0,0.0,,,,,0.0,0.0,,,,0.0,0.0,,0.0
2020-01-20,,,0.0,3.0,0.0,,,,,0.0,0.0,,,,8.0,0.0,,11.0
2020-01-21,,,48.0,14.0,53.0,,,,,27.0,46.0,,,,3.0,10.0,,6.0
2020-01-22,,,0.0,0.0,0.0,,,,,0.0,0.0,,,,0.0,0.0,,0.0
2020-01-23,,,0.0,4.0,0.0,,,,,0.0,0.0,,,,0.0,0.0,,0.0
2020-01-24,,,0.0,0.0,0.0,,,,,0.0,0.0,,,,0.0,0.0,,0.0
2020-01-25,,,0.0,0.0,0.0,,,,,0.0,0.0,,,,0.0,0.0,,0.0
2020-01-26,,,0.0,0.0,0.0,,,,,0.0,0.0,,,,0.0,18.0,,0.0
2020-01-27,,,10.0,13.0,0.0,,,,,0.0,0.0,,,,0.0,4.0,,6.0
2020-01-28,,,0.0,22.0,0.0,,,,,0.0,0.0,,,,11.0,19.0,,35.0
2020-01-29,,,70.0,47.0,3.0,,,,,76.0,29.0,,,,1.0,75.0,,46.0
2020-01-30,,,0.0,0.0,0.0,,,,,0.0,0.0,,,,0.0,0.0,,1.0
2020-01-31,,,1.0,0.0,0.0,,,,,1.0,0.0,,,,0.0,0.0,,0.0
2020-02-01,,,0.0,0.0,0.0,,,,,0.0,0.0,,,,6.0,2.0,,0.0
2020-02-02,,,0.0,0.0,0.0,,,,,0.0,0.0,,,,0.0,0.0,,0.0
2020-02-03,,,0.0,0.0,0.0,,,,,0.0,0.0,,,,0.0,0.0,,0.0
2020-02-04,,,0.0,0.0,0.0,,,,,0.0,0.0,,,,0.0,0.0,,0.0
2020-02-05,,,0.0,0.0,0.0,,,,,0.0,0.0,,,,0.0,0.0,,0.0
2020-02-06,,,0.0,0.0,0.0,,,,,0.0,0.0,,,,0.0,0.0,,0.0
2020-02-07,,,0.0,0.0,0.0,,,,,0.0,0.0,,,,0.0,0.0,,0.0
2020-02-08,,,0.0,0.0,0.0,,,,,0.0,0.0,,,,0.0,0.0,,0.0
2020-02-09,,,29.0,19.0,50.0,,,,,38.0,59.0,,,,29.0,42.0,,9.0
2020-02-10,,,5.0,32.0,50.0,,,,,16.0,7.0,,,,36.0,35.0,,28.0
2020-02-11,,,0.0,3.0,6.0,,,,,70.0,25.0,,,,2.0,0.0,,14.0
2020-02-12,,,0.0,1.0,0.0,,,,,0.0,0.0,,,,0.0,0.0,,3.0
2020-02-13,,,0.0,5.0,0.0,,,,,0.0,0.0,,,,0.0,0.0,,1.0
2020-02-14,,,0.0,0.0,0.0,,,,,0.0,0.0,,,,0.0,0.0,,5.0
2020-02-15,,,0.0,0.0,0.0,,,,,0.0,0.0,,,,0.0,0.0,,0.0
2020-02-16,,,2.0,35.0,0.0,,,,,0.0,0.0,,,,0.0,6.0,,3.0
2020-02-17,,,0.0,0.0,0.0,,,,,0.0,0.0,,,,0.0,0.0,,17.0
2020-02-18,,,7.0,23.0,20.0,,,,,34.0,30.0,,,,42.0,6.0,,5.0
2020-02-19,,,0.0,19.0,0.0,,,,,0.0,0.0,,,,0.0,0.0,,4.0
2020-02-20,,,0.0,1.0,3.0,,,,,1.0,2.0,,,,5.0,1.0,,1.0
2020-02-21,,,18.0,11.0,19.0,,,,,19.0,11.0,,,,20.0,8.0,,13.0
2020-02-22,,,0.0,0.0,2.0,,,,,0.0,0.0,,,,0.0,0.0,,6.0
2020-02-23,,,0.0,0.0,0.0,,,,,0.0,0.0,,,,1.0,0.0,,0.0
2020-02-24,,,2.0,0.0,0.0,,,,,4.0,3.0,,,,0.0,0.0,,1.0
2020-02-25,,,0.0,0.0,0.0,,,,,0.0,0.0,,,,0.0,0.0,,1.0
2020-02-26,,,0.0,0.0,0.0,,,,,0.0,0.0,,,,0.0,0.0,,0.0
2020-02-27,,,0.0,0.0,0.0,,,,,0.0,0.0,,,,0.0,0.0,,0.0
2020-02-28,,,0.0,0.0,0.0,,,,,0.0,0.0,,,,0.0,0.0,,0.0
2020-02-29,,,0.0,0.0,0.0,,,,,0.0,0.0,,,,0.0,0.0,,0.0
2020-03-01,,,0.0,0.0,0.0,,,,,0.0,0.0,,,,0.0,0.0,,0.0
2020-03-02,,,0.0,0.0,0.0,,,,,0.0,0.0,,,,0.0,0.0,,0.0
2020-03-03,,,0.0,0.0,0.0,,,,,0.0,0.0,,,,0.0,0.0,,0.0
2020-03-04,,,0.0,0.0,0.0,,,,,0.0,0.0,,,,9.0,0.0,,0.0
2020-03-05,,,38.0,0.0,26.0,,,,,0.0,29.0,,,,3.0,0.0,,0.0
2020-03-06,,,0.0,4.0,0.0,,,,,0.0,0.0,,,,0.0,0.0,,1.0
2020-03-07,,,4.0,0.0,0.0,,,,,46.0,1.0,,,,7.0,0.0,,0.0
2020-03-08,,,0.0,0.0,0.0,,,,,0.0,2.0,,,,0.0,0.0,,0.0
2020-03-09,,,10.0,0.0,0.0,,,,,0.0,1.0,,,,0.0,0.0,,0.0
2020-03-10,,,0.0,0.0,0.0,,,,,0.0,0.0,,,,0.0,15.0,,0.0
2020-03-11,,,0.0,0.0,0.0,,,,,0.0,0.0,,,,0.0,0.0,,0.0
2020-03-12,,,0.0,0.0,0.0,,,,,0.0,0.0,,,,0.0,0.0,,0.0
2020-03-13,,,0.0,0.0,0.0,,,,,0.0,0.0,,,,0.0,0.0,,0.0
2020-03-14,,,0.0,0.0,0.0,,,,,0.0,0.0,,,,0.0,0.0,,0.0
2020-03-15,,,0.0,,,,,,,,,,,,,,,0.0
2020-03-16,,,0.0,0.0,0.0,,,,,0.0,0.0,,,,0.0,0.0,,0.0
2020-03-17,,,0.0,1.0,0.0,,,,,0.0,0.0,,,,0.0,0.0,,0.0
2020-03-18,,,0.0,3.0,0.0,,,,,0.0,0.0,,,,0.0,0.0,,0.0
2020-03-19,,,0.0,0.0,0.0,,,,,0.0,0.0,,,,0.0,0.0,,0.0
2020-03-20,,,0.0,4.0,16.0,,,,,0.0,0.0,,,,0.0,0.0,,0.0
2020-03-21,,,0.0,0.0,2.0,,,,,0.0,0.0,,,,0.0,11.0,,1.0
2020-03-22,,,45.0,0.0,0.0,,,,,0.0,0.0,,,,6.0,1.0,,0.0
2020-03-23,,,10.0,8.0,3.0,,,,,0.0,0.0,,,,21.0,21.0,,0.0
2020-03-24,,,0.0,0.0,0.0,,,,,0.0,0.0,,,,0.0,0.0,,2.0
2020-03-25,,,1.0,0.0,0.0,,,,,0.0,0.0,,,,0.0,0.0,,1.0
2020-03-26,,,0.0,0.0,0.0,,,,,0.0,0.0,,,,0.0,0.0,,0.0
2020-03-27,,,0.0,0.0,0.0,,,,,0.0,0.0,,,,0.0,4.0,,0.0
2020-03-28,,,0.0,0.0,0.0,,,,,0.0,0.0,,,,0.0,0.0,,0.0
2020-03-29,,,0.0,0.0,0.0,,,,,9.0,0.0,,,,0.0,0.0,,0.0
2020-03-30,,,0.0,0.0,0.0,,,,,0.0,0.0,,,,0.0,0.0,,0.0
2020-03-31,,,0.0,0.0,0.0,,,,,0.0,0.0,,,,0.0,0.0,,0.0
2020-04-01,,,0.0,0.0,0.0,,,,,0.0,0.0,,,,21.0,0.0,,0.0
2020-04-02,,,0.0,0.0,0.0,,,,,0.0,0.0,,,,21.0,0.0,,0.0
2020-04-03,,,2.0,1.0,10.0,,,,,22.0,0.0,,,,0.0,0.0,,0.0
2020-04-04,,,0.0,4.0,0.0,,,,,0.0,0.0,,,,0.0,2.0,,0.0
2020-04-05,,,0.0,17.0,0.0,,,,,0.0,0.0,,,,21.0,0.0,,0.0
2020-04-06,,,0.0,17.0,12.0,,,,,0.0,0.0,,,,0.0,0.0,,0.0
2020-04-07,,,7.0,7.0,6.0,,,,,26.0,0.0,,,,3.0,11.0,,0.0
2020-04-08,,,21.0,1.0,1.0,,,,,0.0,0.0,,,,1.0,0.0,,0.0
2020-04-09,,,0.0,0.0,0.0,,,,,0.0,0.0,,,,0.0,0.0,,0.0
2020-04-10,,,0.0,0.0,0.0,,,,,0.0,0.0,,,,0.0,0.0,,0.0
2020-04-11,,,7.0,0.0,18.0,,,,,0.0,0.0,,,,0.0,0.0,,0.0
2020-04-12,,,9.0,0.0,0.0,,,,,0.0,3.0,,,,2.0,0.0,,0.0
2020-04-13,,,2.0,0.0,0.0,,,,,0.0,17.0,,,,0.0,2.0,,0.0
2020-04-14,,,0.0,0.0,0.0,,,,,0.0,0.0,,,,0.0,0.0,,0.0
2020-04-15,,,5.0,0.0,0.0,,,,,0.0,6.0,,,,2.0,0.0,,0.0
2020-04-16,,,1.0,0.0,0.0,,,,,0.0,0.0,,,,0.0,0.0,,0.0
2020-04-17,,,0.0,0.0,0.0,,,,,0.0,0.0,,,,0.0,0.0,,0.0
2020-04-18,,,0.0,0.0,0.0,,,,,0.0,0.0,,,,0.0,0.0,,0.0
2020-04-19,,,0.0,0.0,0.0,,,,,0.0,0.0,,,,0.0,0.0,,0.0
2020-04-20,,,0.0,0.0,0.0,,,,,0.0,0.0,,,,0.0,0.0,,0.0
2020-04-21,,,7.0,0.0,3.0,,,,,0.0,0.0,,,,0.0,6.0,,0.0
2020-04-22,,,13.0,14.0,59.0,,,,,0.0,0.0,,,,46.0,3.0,,0.0
2020-04-23,,,3.0,10.0,1.0,,,,,16.0,7.0,,,,2.0,1.0,,0.0
2020-04-24,,,10.0,3.0,14.0,,,,,0.0,49.0,,,,5.0,3.0,,0.0
2020-04-25,,,15.0,9.0,26.0,,,,,0.0,3.0,,,,0.0,12.0,,0.0
2020-04-26,,,12.0,7.0,5.0,,,,,0.0,1.0,,,,37.0,3.0,,1.0
2020-04-27,,,0.0,24.0,0.0,,,,,0.0,1.0,,,,31.0,1.0,,0.0
2020-04-28,,,0.0,0.0,0.0,,,,,0.0,0.0,,,,0.0,0.0,,1.0
2020-04-29,,,11.0,0.0,1.0,,,,,0.0,0.0,,,,0.0,3.0,,1.0
2020-04-30,,,31.0,20.0,47.0,,,,,0.0,37.0,,,,37.0,24.0,,1.0
2020-05-01,,,13.0,25.0,55.0,,,,,0.0,10.0,,,,38.0,15.0,,2.0
2020-05-02,,,0.0,0.0,0.0,,,,,0.0,5.0,,,,0.0,3.0,,1.0
2020-05-03,,,2.0,0.0,1.0,,,,,0.0,0.0,,,,5.0,0.0,,1.0
2020-05-04,,,4.0,5.0,0.0,,,,,0.0,5.0,,,,2.0,0.0,,1.0
2020-05-05,,,4.0,0.0,32.0,,,,,0.0,0.0,,,,4.0,0.0,,0.0
2020-05-06,,,1.0,0.0,0.0,,,,,0.0,0.0,,,,0.0,0.0,,1.0
2020-05-07,,,0.0,0.0,1.0,,,,,0.0,9.0,,,,0.0,0.0,,0.0
2020-05-08,,,0.0,0.0,2.0,,,,,0.0,0.0,,,,3.0,0.0,,0.0
2020-05-09,,,0.0,0.0,0.0,,,,,0.0,0.0,,,,0.0,0.0,,0.0
2020-05-10,,,0.0,5.0,0.0,,,,,0.0,0.0,,,,0.0,10.0,,0.0
2020-05-11,,,8.0,0.0,0.0,,,,,0.0,0.0,,,,0.0,34.0,,1.0
2020-05-12,,,0.0,1.0,0.0,,,,,0.0,0.0,,,,0.0,0.0,,1.0
2020-05-13,,,,15.0,36.0,,,,,0.0,0.0,,,,6.0,22.0,,
2020-05-14,,,,1.0,3.0,,,,,0.0,0.0,,,,32.0,21.0,,
2020-05-15,,,0.0,0.0,1.0,,,,,3.0,0.0,,,,0.0,0.0,,2.0
2020-05-16,,,4.0,20.0,0.0,,,,,0.0,0.0,,,,0.0,42.0,,0.0
2020-05-17,,,10.0,4.0,13.0,,,,,0.0,29.0,,,,61.0,27.0,,0.0
2020-05-18,,,1.0,0.0,0.0,,,,,0.0,0.0,,,,0.0,0.0,,1.0
2020-05-19,,,8.0,0.0,0.0,,,,,0.0,4.0,,,,0.0,0.0,,0.0
2020-05-20,,,3.0,1.0,4.0,,,,,0.0,0.0,,,,2.0,0.0,,0.0
2020-05-21,,,5.0,35.0,0.0,,,,,0.0,19.0,,,,0.0,2.0,,0.0
2020-05-22,,,0.0,3.0,14.0,,,,,0.0,0.0,,,,28.0,1.0,,14.0
2020-05-23,,,0.0,14.0,0.0,,,,,0.0,0.0,,,,3.0,3.0,,2.0
2020-05-24,,,11.0,11.0,5.0,,,,,0.0,1.0,,,,13.0,6.0,,1.0
2020-05-25,,,22.0,1.0,42.0,,,,,0.0,0.0,,,,5.0,23.0,,1.0
2020-05-26,,,2.0,0.0,9.0,,,,,0.0,6.0,,,,0.0,33.0,,0.0
2020-05-27,,,4.0,0.0,2.0,,,,,0.0,17.0,,,,0.0,1.0,,0.0
2020-05-28,,,8.0,0.0,0.0,,,,,0.0,0.0,,,,0.0,0.0,,1.0
2020-05-29,,,33.0,2.0,0.0,,,,,0.0,17.0,,,,1.0,4.0,,0.0
2020-05-30,,,3.0,6.0,30.0,,,,,0.0,4.0,,,,0.0,15.0,,0.0
2020-05-31,,,87.0,2.0,40.0,,,,,0.0,3.0,,,,11.0,32.0,,0.0
2020-06-01,,,4.0,0.0,5.0,,,,,0.0,36.0,,,,6.0,10.0,,1.0
2020-06-02,,,2.0,0.0,4.0,,,,,0.0,21.0,,,,22.0,0.0,,0.0
2020-06-03,,,1.0,1.0,0.0,,,,,0.0,0.0,,,,0.0,12.0,,0.0
2020-06-04,,,66.0,21.0,11.0,,,,,0.0,34.0,,,,3.0,33.0,,0.0
2020-06-05,,,0.0,0.0,19.0,,,,,0.0,0.0,,,,0.0,1.0,,1.0
2020-06-06,,,3.0,0.0,1.0,,,,,0.0,7.0,,,,1.0,0.0,,0.0
2020-06-07,,,0.0,0.0,3.0,,,,,0.0,0.0,,,,0.0,0.0,,0.0
2020-06-08,,,28.0,0.0,0.0,,,,,0.0,0.0,,,,0.0,0.0,,0.0
2020-06-09,,,1.0,0.0,2.0,,,,,0.0,0.0,,,,0.0,7.0,,1.0
2020-06-10,,,21.0,25.0,0.0,,,,,1.0,45.0,,,,17.0,25.0,,0.0
2020-06-11,,,0.0,0.0,0.0,,,,,0.0,0.0,,,,0.0,0.0,,0.0
2020-06-12,,,24.0,0.0,0.0,,,,,0.0,0.0,,,,0.0,0.0,,0.0
2020-06-13,,,5.0,0.0,2.0,,,,,0.0,2.0,,,,40.0,1.0,,0.0
2020-06-14,,,1.0,0.0,1.0,,,,,0.0,0.0,,,,0.0,0.0,,1.0
2020-06-15,,,1.0,5.0,4.0,,,,,0.0,0.0,,,,28.0,0.0,,0.0
2020-06-16,,,0.0,17.0,0.0,,,,,0.0,0.0,,,,0.0,0.0,,0.0
2020-06-17,,,18.0,0.0,47.0,,,,,0.0,18.0,,,,29.0,10.0,,0.0
2020-06-18,,,4.0,,1.0,,,,,0.0,3.0,,,,6.0,3.0,,1.0
2020-06-19,,,4.0,,5.0,,,,,0.0,1.0,,,,6.0,0.0,,0.0
2020-06-20,,,30.0,,11.0,,,,,0.0,22.0,,,,59.0,75.0,,0.0
2020-06-21,,,1.0,,0.0,,,,,0.0,0.0,,,,3.0,0.0,,1.0
2020-06-22,,,0.0,,0.0,,,,,0.0,0.0,,,,0.0,0.0,,0.0
2020-06-23,,,19.0,50.0,3.0,,,,,0.0,1.0,,,,3.0,15.0,,0.0
2020-06-24,,,2.0,0.0,3.0,,,,,0.0,0.0,,,,1.0,0.0,,0.0
2020-06-25,,,0.0,10.0,0.0,,,,,0.0,0.0,,,,10.0,0.0,,1.0
2020-06-26,,,0.0,0.0,4.0,,,,,2.0,0.0,,,,3.0,0.0,,0.0
2020-06-27,,,1.0,4.0,13.0,,,,,0.0,0.0,,,,2.0,0.0,,0.0
2020-06-28,,,0.0,0.0,0.0,,,,,0.0,1.0,,,,0.0,0.0,,0.0
2020-06-29,,,0.0,0.0,6.0,,,,,0.0,0.0,,,,0.0,2.0,,1.0
2020-06-30,,,0.0,0.0,0.0,,,,,0.0,0.0,,,,0.0,0.0,,0.0
2020-07-01,,,1.0,0.0,0.0,,,,,0.0,1.0,,,,0.0,0.0,,0.0
2020-07-02,,,0.0,0.0,0.0,,,,,0.0,0.0,,,,0.0,0.0,,0.0
2020-07-03,,,0.0,0.0,0.0,,,,,0.0,0.0,,,,0.0,0.0,,0.0
2020-07-04,,,1.0,0.0,8.0,,,,,0.0,0.0,,,,18.0,16.0,,1.0
2020-07-05,,,16.0,,0.0,,,,,0.0,4.0,,,,9.0,65.0,,0.0
2020-07-06,,,0.0,52.0,0.0,,,,,0.0,26.0,,,,3.0,30.0,,0.0
2020-07-07,,,13.0,5.0,26.0,,,,,0.0,0.0,,,,10.0,16.0,,0.0
2020-07-08,,,43.0,0.0,0.0,,,,,0.0,0.0,,,,0.0,0.0,,1.0
2020-07-09,,,3.0,2.0,2.0,,,,,0.0,3.0,,,,1.0,1.0,,0.0
2020-07-10,,,1.0,0.0,0.0,,,,,0.0,0.0,,,,1.0,0.0,,0.0
2020-07-11,,,1.0,0.0,6.0,,,,,0.0,2.0,,,,0.0,0.0,,0.0
2020-07-12,,,1.0,0.0,3.0,,,,,0.0,15.0,,,,2.0,13.0,,0.0
2020-07-13,,,14.0,3.0,8.0,,,,,0.0,9.0,,,,5.0,19.0,,0.0
2020-07-14,,,2.0,0.0,0.0,,,,,0.0,0.0,,,,0.0,0.0,,0.0
2020-07-15,,,2.0,0.0,0.0,,,,,0.0,0.0,,,,0.0,0.0,,0.0
2020-07-16,,,2.0,0.0,4.0,,,,,0.0,0.0,,,,2.0,2.0,,0.0
2020-07-17,,,2.0,0.0,4.0,,,,,0.0,0.0,,,,0.0,0.0,,1.0
2020-07-18,,,2.0,26.0,30.0,,,,,0.0,3.0,,,,22.0,5.0,,0.0
2020-07-19,,,1.0,0.0,0.0,,,,,0.0,0.0,,,,22.0,3.0,,0.0
2020-07-20,,,1.0,0.0,0.0,,,,,0.0,0.0,,,,23.0,0.0,,0.0
2020-07-21,,,1.0,8.0,0.0,,,,,0.0,22.0,,,,6.0,48.0,,0.0
2020-07-22,,,1.0,0.0,3.0,,,,,,4.0,,,,4.0,29.0,,0.0
2020-07-23,,,0.0,0.0,6.0,,,,,0.0,4.0,,,,0.0,4.0,,0.0
2020-07-24,,,1.0,13.0,4.0,,,,,0.0,5.0,,,,0.0,3.0,,1.0
2020-07-25,,,1.0,9.0,37.0,,,,,0.0,0.0,,,,22.0,10.0,,0.0
2020-07-26,,,0.0,3.0,2.0,,,,,0.0,0.0,,,,0.0,9.0,,0.0
2020-07-27,,,1.0,22.0,11.0,,,,,0.0,25.0,,,,31.0,11.0,,0.0
2020-07-28,,,1.0,14.0,24.0,,,,,0.0,0.0,,,,48.0,20.0,,0.0
2020-07-29,,,7.0,10.0,7.0,,,,,0.0,9.0,,,,1.0,6.0,,1.0
2020-07-30,,,1.0,0.0,0.0,,,,,0.0,0.0,,,,0.0,0.0,,0.0
2020-07-31,,,0.0,6.0,3.0,,,,,0.0,1.0,,,,12.0,0.0,,0.0
2020-08-01,,,19.0,2.0,24.0,,,,,0.0,4.0,,,,1.0,2.0,,0.0
2020-08-02,,,0.0,0.0,0.0,,,,,0.0,0.0,,,,0.0,0.0,,0.0
2020-08-03,,,0.0,0.0,0.0,,,,,0.0,0.0,,,,0.0,0.0,,0.0
2020-08-04,,,0.0,0.0,1.0,,,,,0.0,0.0,,,,0.0,2.0,,0.0
2020-08-05,,,1.0,0.0,0.0,,,,,0.0,0.0,,,,0.0,0.0,,1.0
2020-08-06,,,1.0,0.0,0.0,,,,,0.0,0.0,,,,0.0,0.0,,0.0
2020-08-07,,,0.0,0.0,0.0,,,,,0.0,0.0,,,,0.0,0.0,,0.0
2020-08-08,,,0.0,0.0,0.0,,,,,0.0,0.0,,,,0.0,0.0,,0.0
2020-08-09,,,0.0,0.0,0.0,,,,,0.0,0.0,,,,0.0,0.0,,0.0
2020-08-10,,,0.0,0.0,0.0,,,,,0.0,0.0,,,,0.0,0.0,,0.0
2020-08-11,,,,,,,,,,,,,,,,,,
2020-08-12,,,,,,,,,,,,,,,,,,
2020-08-13,,,,,,,,,,,,,,,,,,
2020-08-14,,,,,,,,,,,,,,,,,,
2020-08-15,,,,,,,,,,,,,,,,,,
2020-08-16,,,,,,,,,,,,,,,,,,
2020-08-17,,,,,,,,,,,,,,,,,,
2020-08-18,,,,,,,,,,,,,,,,,,
2020-08-19,,,,,,,,,,,,,,,,,,
2020-08-20,,,,,,,,,,,,,,,,,,
2020-08-21,,,,,,,,,,,,,,,,,,
2020-08-22,,,,,,,,,,,,,,,,,,
2020-08-23,,,,,,,,,,,,,,,,,,
2020-08-24,,,,,,,,,,,,,,,,,,
2020-08-25,,,,,,,,,,,,,,,,,,
2020-08-26,,,,,,,,,,,,,,,,,,
2020-08-27,,,,,,,,,,,,,,,,,,
2020-08-28,,,,,,,,,,,,,,,,,,
2020-08-29,,,,,,,,,,,,,,,,,,
2020-08-30,,,,,,,,,,,,,,,,,,
2020-08-31,,,,,,,,,,,,,,,,,,
2020-09-01,,,,,,,,,,,,,,,,,,
2020-09-02,,,,,,,,,,,,,,,,,,
2020-09-03,,,,,,,,,,,,,,,,,,
2020-09-04,,,,,,,,,,,,,,,,,,
2020-09-05,,,,,,,,,,,,,,,,,,
2020-09-06,,,,,,,,,,,,,,,,,,
2020-09-07,,,,,,,,,,,,,,,,,,
2020-09-08,,,,,,,,,,,,,,,,,,
2020-09-09,,,,,,,,,,,,,,,,,,
2020-09-10,,,,,,,,,,,,,,,,,,
2020-09-11,,,,,,,,,,,,,,,,,,
2020-09-12,,,,,,,,,,,,,,,,,,
2020-09-13,,,,,,,,,,,,,,,,,,
2020-09-14,,,,,,,,,,,,,,,,,,
2020-09-15,,,,,,,,,,,,,,,,,,
2020-09-16,,,,,,,,,,,,,,,,,,
2020-09-17,,,,,,,,,,,,,,,,,,
2020-09-18,,,,,,,,,,,,,,,,,,
2020-09-19,,,,,,,,,,,,,,,,,,
2020-09-20,,,,,,,,,,,,,,,,,,
2020-09-21,,,,,,,,,,,,,,,,,,
2020-09-22,,,,,,,,,,,,,,,,,,
2020-09-23,,,,,,,,,,,,,,,,,,
2020-09-24,,,,,,,,,,,,,,,,,,
2020-09-25,,,,,,,,,,,,,,,,,,
2020-09-26,,,,,,,,,,,,,,,,,,
2020-09-27,,,,,,,,,,,,,,,,,,
2020-09-28,,,,,,,,,,,,,,,,,,
2020-09-29,,,,,,,,,,,,,,,,,,
2020-09-30,,,,,,,,,,,,,,,,,,
2020-10-01,8.0,,1.0,0.0,1.0,,,,,5.0,18.0,,,,1.0,1.0,,1.0
2020-10-02,0.0,,1.0,0.0,1.0,,,,,1.0,15.0,,,,2.0,0.0,,0.0
2020-10-03,4.0,,1.0,45.0,6.0,,,,,1.0,0.0,,,,8.0,7.0,,1.0
2020-10-04,0.0,,1.0,0.0,0.0,,,,,7.0,0.0,,,,0.0,0.0,,1.0
2020-10-05,0.0,,4.0,0.0,0.0,,,,,0.0,7.0,,,,7.0,0.0,,0.0
2020-10-06,0.0,,1.0,0.0,1.0,,,,,0.0,0.0,,,,0.0,0.0,,1.0
2020-10-07,1.0,,1.0,1.0,0.0,,,,,0.0,0.0,,,,0.0,1.0,,0.0
2020-10-08,2.0,,1.0,0.0,0.0,,,,,0.0,0.0,,,,0.0,0.0,,1.0
2020-10-09,0.0,,1.0,0.0,0.0,,,,,0.0,0.0,,,,0.0,0.0,,0.0
2020-10-10,9.0,,0.0,18.0,20.0,,,,,0.0,4.0,,,,1.0,17.0,,0.0
2020-10-11,0.0,,1.0,10.0,15.0,,,,,0.0,0.0,,,,31.0,17.0,,1.0
2020-10-12,0.0,,0.0,0.0,0.0,,,,,0.0,2.0,,,,0.0,0.0,,0.0
2020-10-13,0.0,,1.0,0.0,0.0,,,,,0.0,2.0,,,,0.0,0.0,,1.0
2020-10-14,1.0,,0.0,11.0,0.0,,,,,0.0,0.0,,,,0.0,2.0,,0.0
2020-10-15,7.0,,1.0,0.0,0.0,,,,,0.0,0.0,,,,0.0,0.0,,1.0
2020-10-16,1.0,,0.0,0.0,0.0,,,,,0.0,0.0,,,,0.0,0.0,,0.0
2020-10-17,0.0,,0.0,0.0,0.0,,,,,0.0,0.0,,,,0.0,0.0,,0.0
2020-10-18,11.0,,0.0,0.0,2.0,,,,,0.0,16.0,,,,1.0,0.0,,0.0
2020-10-19,0.0,,1.0,0.0,0.0,,,,,0.0,3.0,,,,1.0,0.0,,1.0
2020-10-20,1.0,,21.0,0.0,0.0,,,,,0.0,0.0,,,,0.0,0.0,,0.0
2020-10-21,4.0,,17.0,30.0,56.0,,,,,0.0,33.0,,,,3.0,0.0,,0.0
2020-10-22,2.0,,2.0,0.0,0.0,,,,,0.0,1.0,,,,0.0,11.0,,5.0
2020-10-23,0.0,,0.0,0.0,0.0,,,,,0.0,0.0,,,,1.0,0.0,,0.0
2020-10-24,14.0,,,11.0,0.0,,,,,0.0,12.0,,,,1.0,7.0,,
2020-10-25,13.0,,,12.0,3.0,,,,,0.0,7.0,,,,26.0,4.0,,
2020-10-26,2.0,,,9.0,0.0,,,,,0.0,0.0,,,,0.0,0.0,,
2020-10-27,,,,0.0,0.0,,,,,0.0,0.0,,,,0.0,6.0,,
2020-10-28,,,,0.0,0.0,,,,,0.0,4.0,,,,0.0,0.0,,
2020-10-29,,,14.0,0.0,6.0,,,,,0.0,25.0,,,,0.0,0.0,,0.0
2020-10-30,,,1.0,1.0,11.0,,,,,0.0,7.0,,,,33.0,0.0,,0.0
2020-10-31,,,1.0,21.0,16.0,,,,,0.0,16.0,,,,18.0,27.0,,20.0
2020-11-01,4.0,,11.0,8.0,1.0,,,,,0.0,29.0,,,,54.0,0.0,,1.0
2020-11-02,8.0,,15.0,1.0,22.0,,,,,0.0,8.0,,,,3.0,8.0,,2.0
2020-11-03,0.0,,1.0,4.0,0.0,,,,,0.0,0.0,,,,0.0,0.0,,2.0
2020-11-04,27.0,,31.0,55.0,23.0,,,,,0.0,13.0,,,,44.0,18.0,,29.0
2020-11-05,0.0,,1.0,0.0,0.0,,,,,0.0,0.0,,,,2.0,0.0,,2.0
2020-11-06,0.0,,3.0,0.0,,,,,,0.0,2.0,,,,1.0,0.0,,0.0
2020-11-07,12.0,,22.0,45.0,,,,,,0.0,3.0,,,,32.0,9.0,,3.0
2020-11-08,8.0,,5.0,1.0,,,,,,0.0,24.0,,,,16.0,20.0,,1.0
2020-11-09,6.0,,0.0,3.0,,,,,,0.0,0.0,,,,0.0,3.0,,0.0
2020-11-10,0.0,,1.0,5.0,,,,,,0.0,45.0,,,,0.0,0.0,,1.0
2020-11-11,0.0,,0.0,9.0,6.0,,,,,0.0,0.0,,,,1.0,0.0,,0.0
2020-11-12,0.0,,0.0,0.0,0.0,,,,,0.0,0.0,,,,0.0,0.0,,1.0
2020-11-13,0.0,,0.0,0.0,0.0,,,,,0.0,0.0,,,,0.0,0.0,,0.0
2020-11-14,0.0,,0.0,17.0,37.0,,,,,0.0,28.0,,,,2.0,4.0,,0.0
2020-11-15,28.0,,5.0,22.0,10.0,,,,,0.0,0.0,,,,12.0,13.0,,0.0
2020-11-16,5.0,,4.0,1.0,2.0,,,,,0.0,2.0,,,,19.0,8.0,,1.0
2020-11-17,1.0,,39.0,0.0,1.0,,,,,0.0,2.0,,,,5.0,31.0,,33.0
2020-11-18,0.0,,0.0,0.0,0.0,,1.0,,0.0,0.0,0.0,,,,12.0,0.0,,15.0
2020-11-19,7.0,,3.0,0.0,6.0,,0.0,,28.0,0.0,2.0,,,,14.0,3.0,,1.0
2020-11-20,1.0,,8.0,0.0,0.0,,48.0,,10.0,0.0,25.0,,,,1.0,0.0,,6.0
2020-11-21,70.0,,27.0,0.0,33.0,,85.0,,43.0,0.0,67.0,,,,15.0,10.0,,2.0
2020-11-22,57.0,,35.0,0.0,17.0,,32.0,,4.0,0.0,66.0,,,,25.0,51.0,,7.0
2020-11-23,11.0,,1.0,0.0,3.0,,0.0,,4.0,0.0,0.0,,,,5.0,0.0,,2.0
2020-11-24,1.0,,1.0,0.0,20.0,,0.0,,1.0,0.0,0.0,,,,23.0,10.0,,2.0
2020-11-25,0.0,,0.0,0.0,0.0,,0.0,,0.0,0.0,0.0,,,,0.0,0.0,,2.0
2020-11-26,3.0,,2.0,0.0,1.0,,2.0,,7.0,0.0,2.0,,,,1.0,2.0,,0.0
2020-11-27,0.0,,32.0,0.0,26.0,,0.0,,0.0,0.0,5.0,,,,1.0,0.0,,0.0
2020-11-28,24.0,,4.0,0.0,3.0,,3.0,,0.0,0.0,1.0,,,,10.0,5.0,,25.0
2020-11-29,0.0,,0.0,0.0,0.0,,0.0,,0.0,0.0,0.0,,,,0.0,0.0,,0.0
2020-11-30,7.0,,0.0,0.0,0.0,,0.0,,0.0,0.0,2.0,,,,2.0,0.0,,2.0
2020-12-01,0.0,,0.0,0.0,0.0,,0.0,,0.0,0.0,0.0,,,,0.0,0.0,,2.0
2020-12-02,0.0,,6.0,0.0,0.0,,4.0,,0.0,0.0,0.0,,,,4.0,0.0,,2.0
2020-12-03,60.0,,15.0,13.0,43.0,,76.0,,26.0,0.0,60.0,,,,10.0,0.0,,14.0
2020-12-04,0.0,,1.0,0.0,0.0,,0.0,,0.0,0.0,0.0,,,,0.0,0.0,,5.0
2020-12-05,1.0,,0.0,0.0,0.0,,0.0,,8.0,0.0,0.0,,,,0.0,0.0,,0.0
2020-12-06,0.0,,0.0,0.0,0.0,,0.0,,0.0,0.0,0.0,,,,0.0,0.0,,0.0
2020-12-07,0.0,,0.0,0.0,0.0,,0.0,,0.0,0.0,0.0,,,,0.0,0.0,,0.0
2020-12-08,0.0,,0.0,0.0,0.0,,0.0,,3.0,0.0,0.0,,,,0.0,0.0,,0.0
2020-12-09,0.0,,0.0,0.0,0.0,,1.0,,1.0,0.0,4.0,,,,0.0,0.0,,0.0
2020-12-10,21.0,,14.0,0.0,17.0,,11.0,,20.0,6.0,8.0,,,,8.0,14.0,,5.0
2020-12-11,2.0,,5.0,0.0,0.0,,0.0,,1.0,4.0,0.0,,,,0.0,4.0,,5.0
2020-12-12,29.0,,16.0,0.0,26.0,,19.0,,39.0,3.0,12.0,,,,13.0,40.0,,22.0
2020-12-13,2.0,,1.0,0.0,3.0,,5.0,,33.0,23.0,2.0,,,,12.0,1.0,,7.0
2020-12-14,14.0,,8.0,0.0,3.0,,13.0,,23.0,9.0,27.0,,,,13.0,3.0,,1.0
2020-12-15,0.0,,8.0,0.0,4.0,,1.0,,4.0,1.0,0.0,,,,0.0,0.0,,1.0
2020-12-16,24.0,,17.0,0.0,10.0,,16.0,,19.0,31.0,18.0,,,,9.0,25.0,,0.0
2020-12-17,0.0,,1.0,0.0,0.0,,0.0,,0.0,0.0,0.0,,,,0.0,0.0,,4.0
2020-12-18,39.0,,30.0,0.0,1.0,,15.0,,15.0,16.0,19.0,,,,3.0,3.0,,1.0
2020-12-19,0.0,,0.0,0.0,0.0,,0.0,,0.0,0.0,0.0,,,,0.0,0.0,,0.0
2020-12-20,3.0,,0.0,0.0,0.0,,5.0,,5.0,11.0,0.0,,,,0.0,1.0,,0.0
2020-12-21,0.0,,4.0,0.0,0.0,,0.0,,0.0,0.0,1.0,,,,0.0,0.0,,0.0
2020-12-22,0.0,,0.0,0.0,0.0,,0.0,,0.0,0.0,0.0,,,,0.0,0.0,,0.0
2020-12-23,0.0,,0.0,0.0,0.0,,49.0,,11.0,17.0,0.0,,,,0.0,0.0,,0.0
2020-12-24,1.0,,0.0,0.0,12.0,,1.0,,0.0,3.0,7.0,,,,0.0,3.0,,0.0
2020-12-25,0.0,,1.0,0.0,0.0,,0.0,,0.0,0.0,0.0,,,,0.0,0.0,,0.0
2020-12-26,25.0,,0.0,0.0,25.0,,3.0,,0.0,1.0,0.0,,,,33.0,43.0,,49.0
2020-12-27,0.0,,16.0,0.0,0.0,,0.0,,0.0,0.0,0.0,,,,0.0,63.0,,23.0
2020-12-28,0.0,,0.0,0.0,0.0,,0.0,,0.0,0.0,0.0,,,,0.0,0.0,,0.0
2020-12-29,20.0,,46.0,0.0,0.0,,60.0,,19.0,17.0,12.0,,,,0.0,7.0,,31.0
2020-12-30,0.0,,1.0,0.0,0.0,,0.0,,0.0,0.0,0.0,,,,0.0,0.0,,0.0
2020-12-31,0.0,,0.0,0.0,1.0,,0.0,,0.0,0.0,0.0,,,,0.0,0.0,,1.0
2021-01-01,123.0,,98.0,0.0,93.0,,81.0,,86.0,63.0,66.0,,,,77.0,56.0,,50.0
2021-01-02,214.0,,172.0,0.0,272.0,,176.0,,232.0,185.0,188.0,,,,274.0,127.0,,165.0
2021-01-03,8.0,,12.0,0.0,36.0,,28.0,,19.0,63.0,48.0,,,,33.0,20.0,,30.0
2021-01-04,0.0,,0.0,0.0,0.0,,1.0,,0.0,0.0,0.0,,,,0.0,0.0,,0.0
2021-01-05,1.0,,0.0,0.0,0.0,,0.0,,9.0,2.0,0.0,,,,0.0,0.0,,0.0
2021-01-06,0.0,,0.0,0.0,0.0,,9.0,,1.0,0.0,3.0,,,,0.0,0.0,,0.0
2021-01-07,14.0,,12.0,0.0,11.0,,11.0,,11.0,18.0,11.0,,,,21.0,2.0,,1.0
2021-01-08,23.0,,37.0,0.0,12.0,,25.0,,18.0,29.0,53.0,,,,12.0,0.0,,0.0
2021-01-09,9.0,,23.0,0.0,24.0,,36.0,,32.0,23.0,12.0,,,,6.0,1.0,,2.0
2021-01-10,296.0,,151.0,0.0,149.0,,208.0,,558.0,210.0,256.0,,,,223.0,128.0,,21.0
2021-01-11,3.0,,4.0,0.0,8.0,,5.0,,4.0,6.0,4.0,,,,3.0,2.0,,29.0
2021-01-12,15.0,,20.0,0.0,8.0,,20.0,,7.0,23.0,29.0,,,,19.0,12.0,,1.0
2021-01-13,2.0,,1.0,0.0,2.0,,4.0,,5.0,3.0,2.0,,,,3.0,3.0,,1.0
2021-01-14,0.0,,0.0,0.0,0.0,,0.0,,2.0,0.0,0.0,,,,0.0,0.0,,0.0
2021-01-15,0.0,,0.0,,0.0,,0.0,,0.0,0.0,0.0,,,,0.0,0.0,,
2021-01-16,0.0,,0.0,,0.0,,0.0,,0.0,0.0,0.0,,,,0.0,2.0,,
2021-01-17,0.0,,0.0,,0.0,,0.0,,0.0,0.0,0.0,,,,0.0,0.0,,
2021-01-18,0.0,,0.0,,0.0,,0.0,,0.0,0.0,0.0,,,,0.0,0.0,,
2021-01-19,0.0,,1.0,,0.0,,0.0,,0.0,0.0,0.0,,,,0.0,0.0,,
2021-01-20,0.0,,0.0,,0.0,,0.0,,0.0,0.0,0.0,,,,0.0,0.0,,
2021-01-21,0.0,,0.0,,0.0,,0.0,,0.0,0.0,0.0,,,,0.0,0.0,,
2021-01-22,14.0,,33.0,,34.0,,4.0,,0.0,0.0,5.0,,,,8.0,0.0,,
2021-01-23,0.0,,0.0,,0.0,,0.0,,0.0,0.0,0.0,,,,0.0,0.0,,
2021-01-24,0.0,,0.0,,0.0,,0.0,,0.0,0.0,0.0,,,,0.0,0.0,,
2021-01-25,0.0,,0.0,,0.0,,0.0,,0.0,0.0,0.0,,,,0.0,0.0,,
2021-01-26,0.0,,0.0,,0.0,,0.0,,0.0,0.0,0.0,,,,0.0,0.0,,
2021-01-27,0.0,,2.0,,0.0,,0.0,,0.0,0.0,0.0,,,,0.0,0.0,,
2021-01-28,6.0,,3.0,,0.0,,4.0,,1.0,11.0,10.0,,,,0.0,0.0,,0.0
2021-01-29,0.0,,1.0,,0.0,,0.0,,0.0,0.0,0.0,,,,0.0,0.0,,0.0
2021-01-30,0.0,,0.0,0.0,0.0,,1.0,,0.0,0.0,0.0,,,,0.0,0.0,,0.0
2021-01-31,5.0,,1.0,0.0,3.0,,2.0,,2.0,4.0,3.0,,,,1.0,0.0,,0.0
2021-02-01,0.0,,0.0,0.0,0.0,,0.0,,0.0,0.0,0.0,,,,0.0,0.0,,1.0
2021-02-02,1.0,,0.0,0.0,0.0,,0.0,,1.0,0.0,0.0,,,,1.0,0.0,,0.0
2021-02-03,0.0,,0.0,0.0,0.0,,0.0,,0.0,0.0,0.0,,,,0.0,0.0,,0.0
2021-02-04,0.0,,0.0,0.0,0.0,,0.0,,0.0,0.0,0.0,,,,0.0,0.0,,0.0
2021-02-05,0.0,,1.0,0.0,0.0,,0.0,,0.0,0.0,0.0,,,,0.0,0.0,,0.0
2021-02-06,0.0,,0.0,0.0,0.0,,0.0,,0.0,0.0,0.0,,,,0.0,0.0,,0.0
2021-02-07,0.0,,0.0,0.0,0.0,,0.0,,0.0,0.0,0.0,,,,0.0,0.0,,0.0
2021-02-08,0.0,,0.0,0.0,0.0,,2.0,,0.0,0.0,4.0,,,,0.0,0.0,,0.0
2021-02-09,0.0,,0.0,0.0,0.0,,0.0,,0.0,0.0,0.0,,,,0.0,0.0,,0.0
2021-02-10,0.0,,1.0,,0.0,,0.0,,0.0,0.0,0.0,,,,0.0,7.0,,1.0
2021-02-11,0.0,,0.0,0.0,0.0,,0.0,,0.0,0.0,0.0,,,,0.0,4.0,,0.0
2021-02-12,6.0,,1.0,,0.0,,3.0,,0.0,2.0,0.0,,,,0.0,0.0,,0.0
2021-02-13,0.0,,0.0,0.0,0.0,,0.0,,0.0,0.0,0.0,,,,0.0,0.0,,1.0
2021-02-14,0.0,,0.0,0.0,0.0,,0.0,,0.0,0.0,0.0,,,,0.0,0.0,,0.0
2021-02-15,0.0,,0.0,0.0,0.0,,0.0,,0.0,0.0,0.0,,,,0.0,0.0,,0.0
2021-02-16,0.0,,0.0,0.0,0.0,,0.0,,0.0,0.0,0.0,,,,0.0,0.0,,0.0
2021-02-17,0.0,,0.0,,0.0,,0.0,,0.0,0.0,0.0,,,,0.0,0.0,,0.0
2021-02-18,0.0,,0.0,,0.0,,0.0,,0.0,0.0,0.0,,,,0.0,0.0,,0.0
2021-02-19,,,,,,,,,,,,,,,,,,
2021-02-20,,,,,,,,,,,,,,,,,,
2021-02-21,,,,,,,,,,,,,,,,,,
2021-02-22,,,,,,,,,,,,,,,,,,
2021-02-23,,,,,,,,,,,,,,,,,,
2021-02-24,,,,,,,,,,,,,,,,,,
2021-02-25,,,0.0,,,,0.0,,0.0,,,,,,,,,0.0
2021-02-26,,,0.0,,,,0.0,,0.0,,,,,,,,,0.0
2021-02-27,0.0,,0.0,0.0,0.0,,0.0,,0.0,0.0,0.0,,,,0.0,0.0,,0.0
2021-02-28,0.0,,0.0,0.0,0.0,,0.0,,0.0,0.0,0.0,,,,0.0,9.0,,5.0
2021-03-01,0.0,,0.0,0.0,0.0,,0.0,,0.0,0.0,0.0,,,,0.0,18.0,,2.0
2021-03-02,0.0,,0.0,0.0,0.0,,0.0,,0.0,0.0,0.0,,,,0.0,0.0,,1.0
2021-03-03,0.0,,0.0,0.0,0.0,,0.0,,0.0,0.0,0.0,,,,0.0,0.0,,
2021-03-04,0.0,,0.0,0.0,0.0,,0.0,,0.0,0.0,0.0,,,,0.0,0.0,,1.0
2021-03-05,0.0,,0.0,0.0,0.0,,0.0,,0.0,0.0,0.0,,,,0.0,0.0,,0.0
2021-03-06,0.0,,0.0,0.0,0.0,,0.0,,0.0,0.0,0.0,,,,0.0,0.0,,0.0
2021-03-07,8.0,,51.0,0.0,5.0,,56.0,,15.0,26.0,37.0,,,,4.0,5.0,,1.0
2021-03-08,0.0,,0.0,0.0,0.0,,0.0,,0.0,0.0,0.0,,,,0.0,0.0,,0.0
2021-03-09,0.0,,0.0,0.0,0.0,,0.0,,0.0,0.0,0.0,,,,0.0,0.0,,1.0
2021-03-10,0.0,,0.0,0.0,0.0,,0.0,,0.0,0.0,0.0,,,,0.0,0.0,,0.0
2021-03-11,0.0,,0.0,0.0,0.0,,0.0,,0.0,0.0,0.0,,,,4.0,0.0,,0.0
2021-03-12,0.0,,6.0,0.0,1.0,,0.0,,14.0,0.0,0.0,,,,2.0,7.0,,1.0
2021-03-13,0.0,,0.0,0.0,0.0,,0.0,,0.0,0.0,0.0,,,,0.0,29.0,,0.0
2021-03-14,0.0,,0.0,0.0,0.0,,0.0,,0.0,0.0,0.0,,,,0.0,0.0,,1.0
2021-03-15,4.0,,7.0,0.0,4.0,,14.0,,0.0,0.0,7.0,,,,22.0,0.0,,0.0
2021-03-16,8.0,,0.0,0.0,1.0,,0.0,,0.0,0.0,0.0,,,,0.0,6.0,,1.0
2021-03-17,0.0,,45.0,0.0,0.0,,0.0,,18.0,0.0,0.0,,,,0.0,0.0,,0.0
2021-03-18,,,0.0,,,,0.0,,1.0,,,,,,,,,0.0
2021-03-19,,,0.0,,,,0.0,,12.0,,,,,,,,,1.0
2021-03-20,0.0,,3.0,0.0,0.0,,0.0,,0.0,0.0,0.0,,,,5.0,0.0,,0.0
2021-03-21,0.0,,0.0,0.0,0.0,,0.0,,0.0,,0.0,,,,0.0,0.0,,0.0
2021-03-22,0.0,,2.0,0.0,0.0,,5.0,,0.0,0.0,0.0,,,,5.0,1.0,,1.0
2021-03-23,0.0,,15.0,0.0,17.0,,5.0,,8.0,,6.0,,19.0,,30.0,18.0,,0.0
2021-03-24,60.0,,81.0,0.0,53.0,,68.0,,41.0,,75.0,,140.0,,76.0,49.0,,1.0
2021-03-25,3.0,,3.0,0.0,4.0,,6.0,,4.0,,7.0,,8.0,,3.0,1.0,,0.0
2021-03-26,0.0,,0.0,0.0,0.0,,0.0,,0.0,,0.0,,0.0,,0.0,0.0,,1.0
2021-03-27,27.0,,9.0,0.0,3.0,,20.0,,35.0,,36.0,,44.0,,16.0,0.0,,0.0
2021-03-28,0.0,,1.0,0.0,0.0,,0.0,,0.0,0.0,0.0,,28.0,,0.0,24.0,,1.0
2021-03-29,1.0,,21.0,0.0,15.0,,84.0,,5.0,1.0,74.0,,43.0,,6.0,8.0,,0.0
2021-03-30,12.0,,0.0,0.0,2.0,,6.0,,0.0,34.0,13.0,,37.0,,0.0,0.0,,0.0
2021-03-31,2.0,,0.0,0.0,0.0,,0.0,,51.0,0.0,0.0,,0.0,,0.0,0.0,,1.0
2021-04-01,0.0,,1.0,0.0,0.0,,0.0,,0.0,0.0,0.0,,0.0,,0.0,0.0,,0.0
2021-04-02,1.0,,9.0,0.0,10.0,,7.0,,0.0,2.0,4.0,,15.0,,0.0,16.0,,0.0
2021-04-03,9.0,,6.0,0.0,5.0,,9.0,,14.0,5.0,8.0,,2.0,,0.0,0.0,,1.0
2021-04-04,3.0,,3.0,0.0,1.0,,14.0,,30.0,2.0,2.0,,12.0,,1.0,9.0,,0.0
2021-04-05,8.0,,9.0,0.0,2.0,,8.0,,29.0,,8.0,,27.0,,64.0,6.0,,1.0
2021-04-06,0.0,,3.0,0.0,0.0,,0.0,,0.0,,0.0,,0.0,,40.0,0.0,,0.0
2021-04-07,0.0,,5.0,0.0,0.0,,0.0,,0.0,,0.0,,7.0,,3.0,0.0,,0.0
2021-04-08,3.0,,40.0,0.0,0.0,,10.0,,20.0,,27.0,,5.0,,2.0,0.0,,1.0
2021-04-09,6.0,,5.0,0.0,0.0,,0.0,,0.0,,0.0,,1.0,,0.0,0.0,,0.0
2021-04-10,0.0,,1.0,0.0,0.0,,0.0,,0.0,,0.0,,0.0,,0.0,0.0,,0.0
2021-04-11,0.0,,0.0,0.0,0.0,,0.0,,0.0,,0.0,,0.0,,0.0,0.0,,1.0
2021-04-12,0.0,,1.0,0.0,0.0,,0.0,,12.0,,0.0,,0.0,,22.0,57.0,,0.0
2021-04-13,0.0,,0.0,0.0,0.0,,0.0,,0.0,,36.0,,0.0,,15.0,0.0,,
2021-04-14,23.0,,6.0,0.0,0.0,,6.0,,0.0,1.0,13.0,,3.0,,9.0,19.0,,1.0
2021-04-15,3.0,,50.0,0.0,0.0,,1.0,,77.0,0.0,3.0,,6.0,,6.0,17.0,,0.0
2021-04-16,0.0,,0.0,0.0,0.0,,0.0,,0.0,,0.0,,0.0,,0.0,0.0,,0.0
2021-04-17,25.0,,40.0,0.0,0.0,,8.0,,48.0,,23.0,,4.0,,58.0,42.0,,1.0
2021-04-18,0.0,,0.0,0.0,0.0,,0.0,,0.0,,0.0,,1.0,,0.0,0.0,,0.0
2021-04-19,8.0,,1.0,0.0,0.0,,0.0,,0.0,,0.0,,0.0,,0.0,0.0,,0.0
2021-04-20,0.0,,0.0,0.0,0.0,,0.0,,0.0,,0.0,,0.0,,0.0,0.0,,0.0
2021-04-21,,,,,,,,,,,,,,,,,,
2021-04-22,4.0,,,0.0,0.0,,,,,0.0,4.0,,,,41.0,0.0,,
2021-04-23,0.0,,1.0,0.0,0.0,,0.0,,0.0,,0.0,,2.0,,1.0,11.0,,0.0
2021-04-24,15.0,,3.0,0.0,0.0,,4.0,,29.0,,3.0,,1.0,,5.0,0.0,,0.0
2021-04-25,0.0,,0.0,0.0,0.0,,0.0,,0.0,0.0,0.0,,0.0,,0.0,0.0,,1.0
2021-04-26,0.0,,10.0,0.0,0.0,,7.0,,0.0,0.0,37.0,,15.0,,0.0,35.0,,0.0
2021-04-27,1.0,,0.0,0.0,0.0,,2.0,,19.0,0.0,50.0,,55.0,,2.0,0.0,,0.0
2021-04-28,0.0,,0.0,0.0,0.0,,0.0,,19.0,1.0,5.0,,4.0,,0.0,0.0,,0.0
2021-04-29,0.0,,62.0,0.0,3.0,,0.0,,0.0,0.0,1.0,,3.0,,0.0,0.0,,0.0
2021-04-30,0.0,,1.0,0.0,0.0,,0.0,,26.0,,0.0,,0.0,,0.0,0.0,,0.0
2021-05-01,0.0,,0.0,0.0,0.0,,5.0,,1.0,,0.0,,0.0,,0.0,2.0,,0.0
2021-05-02,0.0,,0.0,0.0,0.0,,0.0,,0.0,,0.0,,0.0,,0.0,0.0,,1.0
2021-05-03,0.0,,0.0,0.0,0.0,,0.0,,0.0,,0.0,,0.0,,0.0,7.0,,0.0
2021-05-04,0.0,,5.0,0.0,0.0,,0.0,,2.0,,0.0,,2.0,,8.0,30.0,,12.0
2021-05-05,20.0,,0.0,0.0,1.0,,43.0,,3.0,,0.0,,29.0,,2.0,15.0,,
2021-05-06,36.0,,0.0,0.0,13.0,,6.0,,6.0,,0.0,,4.0,,3.0,6.0,,
2021-05-07,,,,,,,,,,,,,,,,,,
2021-05-08,,,,,,,2.0,,1.0,,,,,,,,,
2021-05-09,,,0.0,,,,0.0,,0.0,,,,8.0,,,,,
2021-05-10,2.0,,0.0,0.0,40.0,,8.0,,0.0,0.0,0.0,,1.0,,0.0,9.0,,
2021-05-11,0.0,,0.0,0.0,27.0,,0.0,,0.0,0.0,0.0,,67.0,,8.0,11.0,,
2021-05-12,4.0,,0.0,0.0,19.0,,5.0,,66.0,18.0,0.0,,19.0,,28.0,17.0,,
2021-05-13,0.0,,0.0,0.0,0.0,,4.0,,0.0,0.0,0.0,,0.0,,0.0,0.0,,
2021-05-14,24.0,,0.0,0.0,0.0,,2.0,,7.0,0.0,0.0,,0.0,,0.0,0.0,,
2021-05-15,0.0,,0.0,0.0,0.0,,0.0,,22.0,0.0,0.0,,0.0,,0.0,3.0,,
2021-05-16,0.0,,0.0,0.0,0.0,,0.0,,0.0,0.0,0.0,,0.0,,0.0,0.0,,
2021-05-17,27.0,,0.0,0.0,10.0,,8.0,,1.0,0.0,0.0,,4.0,,1.0,5.0,,
2021-05-18,25.0,,0.0,0.0,39.0,,7.0,,21.0,20.0,0.0,,4.0,,21.0,17.0,,
2021-05-19,0.0,,0.0,0.0,1.0,,0.0,,55.0,0.0,0.0,,1.0,,0.0,0.0,,
2021-05-20,16.0,,0.0,0.0,0.0,,0.0,,0.0,0.0,0.0,,0.0,,0.0,0.0,,
2021-05-21,0.0,,0.0,0.0,0.0,,40.0,,12.0,0.0,0.0,,59.0,,0.0,0.0,,
2021-05-22,0.0,,0.0,0.0,0.0,,0.0,,0.0,0.0,0.0,,1.0,,0.0,0.0,,
2021-05-23,,,0.0,,,,0.0,,0.0,,,,0.0,,,,,
2021-05-24,14.0,,0.0,0.0,0.0,,2.0,,0.0,12.0,0.0,,41.0,,0.0,0.0,,
2021-05-25,0.0,,0.0,0.0,0.0,,0.0,,0.0,0.0,0.0,,2.0,,,0.0,,
2021-05-26,0.0,,0.0,0.0,0.0,,1.0,,0.0,7.0,0.0,,36.0,,,0.0,,
2021-05-27,0.0,,0.0,0.0,8.0,,0.0,,0.0,2.0,0.0,,6.0,,,0.0,,
2021-05-28,0.0,,0.0,0.0,6.0,,3.0,,7.0,0.0,0.0,,4.0,,,12.0,,
2021-05-29,0.0,,0.0,0.0,0.0,,2.0,,18.0,25.0,0.0,,1.0,,,0.0,,
2021-05-30,0.0,,0.0,0.0,0.0,,6.0,,0.0,0.0,0.0,,40.0,,,2.0,,
2021-05-31,0.0,,0.0,0.0,46.0,,0.0,,0.0,0.0,0.0,,6.0,,,0.0,,
2021-06-01,4.0,,0.0,0.0,10.0,,33.0,,0.0,5.0,0.0,,0.0,,,7.0,,
2021-06-02,0.0,,0.0,0.0,9.0,,2.0,,0.0,5.0,0.0,,11.0,,,8.0,,
2021-06-03,17.0,,0.0,0.0,4.0,,1.0,,3.0,4.0,0.0,,0.0,,,0.0,,
2021-06-04,0.0,,0.0,0.0,0.0,,0.0,,0.0,26.0,0.0,,1.0,,,48.0,,
2021-06-05,0.0,,,0.0,0.0,,,,,0.0,0.0,,,,,0.0,,
2021-06-06,0.0,,,0.0,0.0,,,,,0.0,0.0,,,,,0.0,,
2021-06-07,19.0,,,0.0,2.0,,,,,0.0,0.0,,,,,5.0,,
2021-06-08,0.0,,0.0,0.0,0.0,,0.0,,2.0,0.0,0.0,,25.0,,,0.0,,
2021-06-09,0.0,,0.0,0.0,10.0,,6.0,,2.0,3.0,0.0,,3.0,,,14.0,,
2021-06-10,5.0,,0.0,0.0,26.0,,31.0,,20.0,12.0,0.0,,20.0,,,0.0,,
2021-06-11,0.0,,0.0,0.0,0.0,,0.0,,0.0,0.0,0.0,,1.0,,,0.0,,
2021-06-12,0.0,,0.0,0.0,11.0,,1.0,,1.0,0.0,0.0,,44.0,,,31.0,,
2021-06-13,0.0,,0.0,0.0,0.0,,0.0,,0.0,0.0,0.0,,1.0,,,0.0,,
2021-06-14,11.0,,0.0,0.0,0.0,,1.0,,0.0,0.0,0.0,,0.0,,,0.0,,
2021-06-15,25.0,,0.0,0.0,3.0,,23.0,,19.0,85.0,0.0,,13.0,,,16.0,,
2021-06-16,46.0,,0.0,0.0,0.0,,0.0,,0.0,0.0,0.0,,0.0,,,0.0,,
2021-06-17,0.0,,0.0,0.0,9.0,,13.0,,0.0,1.0,0.0,,61.0,,,23.0,,
2021-06-18,11.0,,0.0,0.0,3.0,,4.0,,31.0,4.0,0.0,,3.0,,,2.0,,
2021-06-19,0.0,,0.0,0.0,0.0,,0.0,,0.0,1.0,0.0,,0.0,,,0.0,,
2021-06-20,15.0,,0.0,0.0,26.0,,52.0,,9.0,22.0,0.0,,18.0,,,0.0,,
2021-06-21,0.0,,0.0,0.0,0.0,,0.0,,1.0,0.0,0.0,,1.0,,,0.0,,
2021-06-22,4.0,,2.0,0.0,1.0,,1.0,,0.0,0.0,0.0,,4.0,,,1.0,,
2021-06-23,0.0,,0.0,0.0,0.0,,0.0,,1.0,0.0,0.0,,2.0,,,0.0,,2.0
2021-06-24,0.0,,9.0,0.0,42.0,,54.0,,3.0,0.0,0.0,,0.0,,,1.0,,2.0
2021-06-25,19.0,,2.0,0.0,0.0,,6.0,,0.0,8.0,0.0,,0.0,,,0.0,,0.0
2021-06-26,17.0,,2.0,0.0,0.0,,6.0,,1.0,4.0,0.0,,9.0,,,0.0,,0.0
2021-06-27,1.0,,0.0,0.0,0.0,,2.0,,4.0,0.0,0.0,,0.0,,,0.0,,0.0
2021-06-28,0.0,,1.0,0.0,3.0,,0.0,,0.0,0.0,0.0,,1.0,,,0.0,,0.0
2021-06-29,0.0,,28.0,0.0,12.0,,0.0,,0.0,0.0,0.0,,3.0,,,6.0,,14.0
2021-06-30,0.0,,0.0,0.0,31.0,,0.0,,0.0,0.0,0.0,,3.0,,,13.0,,17.0
2021-07-01,0.0,,4.0,0.0,0.0,,0.0,,0.0,9.0,0.0,,21.0,,,0.0,,2.0
2021-07-02,29.0,,9.0,0.0,0.0,,1.0,,15.0,11.0,0.0,,1.0,,,1.0,,5.0
2021-07-03,25.0,,0.0,0.0,0.0,,0.0,,6.0,0.0,0.0,,0.0,,,0.0,,0.0
2021-07-04,23.0,,2.0,0.0,,,1.0,,36.0,0.0,0.0,,0.0,,,0.0,,0.0
2021-07-05,1.0,,2.0,0.0,,,0.0,,4.0,0.0,0.0,,0.0,,,2.0,,27.0
2021-07-06,18.0,,0.0,0.0,,,7.0,,0.0,11.0,0.0,,0.0,,,14.0,,7.0
2021-07-07,0.0,,26.0,0.0,,,0.0,,,0.0,0.0,,4.0,,,2.0,,59.0
2021-07-08,0.0,,0.0,0.0,,,1.0,,,0.0,0.0,,0.0,,,10.0,,3.0
2021-07-09,7.0,,13.0,0.0,,,45.0,,,0.0,0.0,,1.0,,,22.0,,34.0
2021-07-10,22.0,,2.0,0.0,,,17.0,,,,0.0,,26.0,,,1.0,,3.0
2021-07-11,15.0,,7.0,0.0,,,30.0,,,31.0,0.0,,19.0,,,11.0,,16.0
2021-07-12,6.0,,9.0,0.0,,,1.0,,,0.0,0.0,,0.0,,,27.0,,5.0
2021-07-13,31.0,,13.0,0.0,,,8.0,,,2.0,0.0,,6.0,,,10.0,,5.0
2021-07-14,0.0,,7.0,0.0,,,1.0,,,1.0,0.0,,1.0,,,0.0,,1.0
2021-07-15,0.0,,5.0,0.0,,,0.0,,,0.0,0.0,,0.0,,,0.0,,0.0
2021-07-16,0.0,,1.0,0.0,,,0.0,,,0.0,0.0,,0.0,,,0.0,,0.0
2021-07-17,0.0,,1.0,0.0,,,0.0,,5.0,0.0,0.0,,0.0,,,0.0,,0.0
2021-07-18,0.0,,1.0,0.0,0.0,,0.0,,0.0,0.0,0.0,,0.0,,0.0,1.0,,0.0
2021-07-19,13.0,,0.0,0.0,0.0,,0.0,,0.0,0.0,1.0,,44.0,,0.0,0.0,,0.0
2021-07-20,0.0,,1.0,0.0,0.0,,0.0,,0.0,0.0,0.0,,0.0,,0.0,0.0,,0.0
2021-07-21,0.0,,0.0,0.0,0.0,,0.0,,0.0,0.0,0.0,,0.0,,0.0,0.0,,0.0
2021-07-22,0.0,,0.0,0.0,0.0,,0.0,,0.0,0.0,0.0,,0.0,,0.0,0.0,,0.0
2021-07-23,27.0,,0.0,4.0,0.0,,0.0,,42.0,0.0,9.0,,5.0,,15.0,0.0,,0.0
2021-07-24,0.0,,0.0,0.0,0.0,,0.0,,0.0,0.0,0.0,,0.0,,0.0,0.0,,0.0
2021-07-25,0.0,,0.0,0.0,0.0,,0.0,,0.0,0.0,0.0,,0.0,,0.0,0.0,,0.0
2021-07-26,0.0,,1.0,1.0,0.0,,0.0,,0.0,0.0,0.0,,2.0,,1.0,0.0,,0.0
2021-07-27,0.0,,0.0,0.0,0.0,,6.0,,0.0,0.0,1.0,,6.0,,4.0,0.0,,0.0
2021-07-28,0.0,,0.0,0.0,0.0,,0.0,,0.0,0.0,0.0,,0.0,,0.0,0.0,,0.0
2021-07-29,0.0,,0.0,0.0,0.0,,0.0,,0.0,0.0,0.0,,0.0,,0.0,0.0,,0.0
2021-07-30,0.0,,0.0,0.0,0.0,,0.0,,0.0,0.0,0.0,,0.0,,0.0,0.0,,0.0
2021-07-31,10.0,,31.0,2.0,0.0,,35.0,,0.0,0.0,30.0,,7.0,,0.0,0.0,,0.0
2021-08-01,24.0,,10.0,1.0,6.0,,3.0,,22.0,0.0,3.0,,2.0,,0.0,8.0,,2.0
2021-08-02,17.0,,1.0,0.0,0.0,,12.0,,0.0,0.0,3.0,,1.0,,0.0,0.0,,0.0
2021-08-03,0.0,,18.0,0.0,0.0,,0.0,,5.0,0.0,8.0,,2.0,,6.0,0.0,,0.0
2021-08-04,5.0,,0.0,2.0,1.0,,6.0,,3.0,0.0,4.0,,1.0,,2.0,6.0,,7.0
2021-08-05,0.0,,0.0,0.0,0.0,,0.0,,0.0,0.0,0.0,,0.0,,0.0,0.0,,0.0
2021-08-06,2.0,,85.0,0.0,83.0,,83.0,,1.0,0.0,51.0,,40.0,,1.0,31.0,,1.0
2021-08-07,0.0,,8.0,0.0,0.0,,3.0,,1.0,0.0,8.0,,66.0,,5.0,1.0,,0.0
2021-08-08,13.0,,10.0,16.0,,,1.0,,4.0,0.0,14.0,,4.0,,1.0,23.0,,6.0
2021-08-09,0.0,,4.0,0.0,,,0.0,,0.0,0.0,1.0,,0.0,,0.0,0.0,,0.0
2021-08-10,0.0,,11.0,0.0,,,2.0,,0.0,0.0,22.0,,4.0,,0.0,0.0,,0.0
2021-08-11,26.0,,41.0,11.0,,,3.0,,11.0,0.0,6.0,,36.0,,49.0,0.0,,3.0
2021-08-12,0.0,,1.0,14.0,,,0.0,,0.0,0.0,0.0,,0.0,,6.0,5.0,,1.0
2021-08-13,2.0,,0.0,12.0,,,0.0,,2.0,0.0,18.0,,2.0,,8.0,27.0,,28.0
2021-08-14,0.0,,18.0,6.0,,,0.0,,0.0,0.0,0.0,,5.0,,8.0,11.0,,8.0
2021-08-15,27.0,,5.0,25.0,,,5.0,,5.0,0.0,36.0,,26.0,,87.0,43.0,,78.0
2021-08-16,0.0,,0.0,1.0,,,1.0,,1.0,0.0,9.0,,1.0,,0.0,1.0,,1.0
2021-08-17,5.0,,5.0,0.0,0.0,,4.0,,11.0,0.0,7.0,,9.0,,1.0,0.0,,1.0
2021-08-18,1.0,,4.0,1.0,7.0,,6.0,,5.0,0.0,17.0,,6.0,,2.0,7.0,,6.0
2021-08-19,10.0,,13.0,2.0,2.0,,6.0,,27.0,0.0,3.0,,2.0,,1.0,1.0,,3.0
2021-08-20,99.0,,25.0,6.0,20.0,,21.0,,80.0,0.0,13.0,,4.0,,7.0,19.0,,9.0
2021-08-21,1.0,,1.0,1.0,0.0,,1.0,,0.0,0.0,0.0,,1.0,,1.0,0.0,,6.0
2021-08-22,5.0,,5.0,18.0,2.0,,5.0,,8.0,0.0,2.0,,7.0,,5.0,1.0,,15.0
2021-08-23,0.0,,0.0,0.0,0.0,,0.0,,0.0,0.0,0.0,,0.0,,0.0,0.0,,0.0
2021-08-24,48.0,,84.0,9.0,37.0,,50.0,,66.0,0.0,11.0,,25.0,,10.0,7.0,,
2021-08-25,1.0,,39.0,9.0,0.0,,4.0,,1.0,0.0,5.0,,1.0,,0.0,0.0,,3.0
2021-08-26,18.0,,3.0,43.0,1.0,,13.0,,0.0,0.0,1.0,,3.0,,2.0,0.0,,1.0
2021-08-27,0.0,,7.0,0.0,0.0,,25.0,,0.0,0.0,14.0,,0.0,,0.0,0.0,,0.0
2021-08-28,0.0,,0.0,0.0,0.0,,0.0,,0.0,0.0,0.0,,20.0,,1.0,0.0,,0.0
2021-08-29,20.0,,6.0,0.0,2.0,,6.0,,36.0,0.0,5.0,,22.0,,2.0,6.0,,3.0
2021-08-30,35.0,,24.0,3.0,2.0,,17.0,,16.0,0.0,15.0,,1.0,,19.0,5.0,,20.0
2021-08-31,1.0,,0.0,1.0,1.0,,0.0,,35.0,0.0,0.0,,2.0,,0.0,0.0,,0.0
2021-09-01,5.0,,3.0,0.0,0.0,,0.0,,1.0,0.0,0.0,,0.0,,0.0,0.0,,0.0
2021-09-02,84.0,,46.0,71.0,,,86.0,,68.0,0.0,31.0,,55.0,,59.0,89.0,,84.0
2021-09-03,0.0,,,0.0,,,,,,0.0,0.0,,,,0.0,11.0,,
2021-09-04,0.0,,,0.0,,,,,,0.0,21.0,,,,0.0,37.0,,
2021-09-05,0.0,,,19.0,,,,,,0.0,22.0,,,,32.0,20.0,,
2021-09-06,21.0,,,0.0,,,,,,1.0,0.0,,,,24.0,0.0,,
2021-09-07,0.0,,1.0,0.0,,,0.0,,0.0,0.0,1.0,,0.0,,0.0,0.0,,0.0
2021-09-08,3.0,,0.0,0.0,,,0.0,,1.0,0.0,0.0,,0.0,,0.0,0.0,,0.0
2021-09-09,0.0,,0.0,3.0,,,0.0,,0.0,0.0,0.0,,0.0,,0.0,0.0,,2.0
2021-09-10,25.0,,7.0,0.0,,,59.0,,13.0,0.0,23.0,,4.0,,0.0,1.0,,0.0
2021-09-11,0.0,,0.0,0.0,0.0,,0.0,,0.0,0.0,0.0,,6.0,,9.0,0.0,,2.0
2021-09-12,2.0,,1.0,1.0,5.0,,1.0,,0.0,0.0,0.0,,0.0,,0.0,8.0,,7.0
2021-09-13,1.0,,6.0,3.0,1.0,,6.0,11.0,5.0,0.0,15.0,,5.0,,11.0,1.0,,0.0
2021-09-14,0.0,,7.0,0.0,0.0,,0.0,0.0,0.0,0.0,1.0,,0.0,,0.0,0.0,,1.0
2021-09-15,0.0,,0.0,0.0,1.0,,0.0,14.0,0.0,0.0,0.0,,,,0.0,0.0,,0.0
2021-09-16,33.0,,32.0,15.0,12.0,,22.0,0.0,0.0,0.0,38.0,,,,0.0,12.0,,1.0
2021-09-17,0.0,,0.0,0.0,0.0,,0.0,0.0,0.0,0.0,0.0,,0.0,,0.0,0.0,,0.0
2021-09-18,10.0,,0.0,17.0,0.0,,0.0,0.0,0.0,0.0,0.0,,11.0,,0.0,0.0,,1.0
2021-09-19,,,,,,,,,,,,,,,,,,
2021-09-20,0.0,,3.0,0.0,0.0,,0.0,0.0,0.0,0.0,0.0,,1.0,,0.0,0.0,,1.0
2021-09-21,5.0,,6.0,0.0,5.0,,7.0,0.0,1.0,0.0,19.0,,1.0,,1.0,8.0,,1.0
2021-09-22,2.0,,0.0,0.0,37.0,,10.0,0.0,0.0,0.0,7.0,,21.0,,0.0,0.0,,0.0
2021-09-23,0.0,,0.0,0.0,0.0,,0.0,0.0,5.0,0.0,5.0,,0.0,,0.0,3.0,,0.0
2021-09-24,0.0,,2.0,0.0,2.0,,3.0,3.0,2.0,0.0,3.0,,20.0,,53.0,2.0,,0.0
2021-09-25,0.0,,12.0,1.0,26.0,,19.0,3.0,4.0,0.0,64.0,,1.0,,11.0,0.0,,0.0
2021-09-26,11.0,,9.0,18.0,2.0,,8.0,0.0,13.0,0.0,0.0,,0.0,,0.0,7.0,,29.0
2021-09-27,12.0,,1.0,28.0,10.0,,10.0,21.0,47.0,0.0,6.0,,4.0,,45.0,12.0,,39.0
2021-09-28,0.0,,1.0,0.0,2.0,,5.0,1.0,16.0,0.0,2.0,,8.0,,1.0,0.0,,1.0
2021-09-29,4.0,,42.0,0.0,14.0,,9.0,0.0,0.0,0.0,2.0,,4.0,,0.0,0.0,,0.0
2021-09-30,34.0,,58.0,82.0,90.0,,97.0,34.0,19.0,1.0,39.0,,65.0,,28.0,39.0,,52.0
2021-10-01,62.0,,19.0,3.0,16.0,,45.0,7.0,46.0,0.0,44.0,,61.0,,20.0,13.0,,13.0
2021-10-02,0.0,,1.0,1.0,0.0,,0.0,0.0,1.0,0.0,0.0,,1.0,,0.0,5.0,,4.0
2021-10-03,0.0,,0.0,0.0,0.0,,0.0,0.0,0.0,0.0,0.0,,0.0,,0.0,0.0,,0.0
2021-10-04,0.0,,0.0,0.0,0.0,,0.0,0.0,0.0,0.0,0.0,,6.0,,0.0,0.0,,0.0
2021-10-05,2.0,,0.0,1.0,0.0,,0.0,2.0,1.0,0.0,0.0,,1.0,,0.0,3.0,,3.0
2021-10-06,0.0,,0.0,0.0,0.0,,0.0,0.0,2.0,0.0,0.0,,0.0,,0.0,4.0,,0.0
2021-10-07,0.0,,0.0,0.0,8.0,,0.0,0.0,5.0,0.0,0.0,,2.0,,0.0,0.0,,1.0
2021-10-08,0.0,,0.0,0.0,12.0,,0.0,1.0,0.0,0.0,0.0,,0.0,,1.0,24.0,0.0,6.0
2021-10-09,0.0,,0.0,0.0,0.0,,0.0,0.0,0.0,0.0,0.0,,0.0,,0.0,0.0,0.0,0.0
2021-10-10,0.0,,8.0,4.0,0.0,,18.0,0.0,4.0,0.0,51.0,,26.0,,0.0,0.0,1.0,2.0
2021-10-11,,,,,,,,,,,,,,,,,,
2021-10-12,5.0,,0.0,7.0,0.0,,2.0,1.0,0.0,0.0,26.0,,1.0,,2.0,0.0,0.0,0.0
2021-10-13,3.0,,0.0,0.0,0.0,,0.0,0.0,0.0,0.0,4.0,,0.0,,0.0,0.0,0.0,0.0
2021-10-14,0.0,,0.0,0.0,0.0,,0.0,0.0,21.0,0.0,0.0,,0.0,,0.0,0.0,0.0,0.0
2021-10-15,0.0,,0.0,2.0,0.0,,0.0,3.0,0.0,0.0,0.0,,0.0,,0.0,4.0,0.0,7.0
2021-10-16,0.0,,0.0,11.0,20.0,,0.0,6.0,0.0,0.0,0.0,,0.0,,27.0,37.0,0.0,0.0
2021-10-17,3.0,,3.0,2.0,20.0,1.0,,2.0,,0.0,2.0,,,,3.0,33.0,,
2021-10-18,0.0,,1.0,0.0,20.0,1.0,,0.0,,0.0,1.0,,,,0.0,0.0,,
2021-10-19,3.0,,8.0,2.0,22.0,2.0,,9.0,,0.0,2.0,,,,20.0,29.0,,
2021-10-20,10.0,,9.0,40.0,83.0,65.0,45.0,46.0,48.0,1.0,76.0,,66.0,,33.0,21.0,30.0,25.0
2021-10-21,8.0,,10.0,19.0,88.0,,14.0,19.0,0.0,0.0,39.0,,39.0,,11.0,0.0,0.0,0.0
2021-10-22,0.0,,60.0,11.0,88.0,,35.0,13.0,1.0,0.0,59.0,,9.0,,13.0,1.0,3.0,4.0
2021-10-23,5.0,,2.0,3.0,12.0,,6.0,2.0,1.0,0.0,11.0,,27.0,,3.0,2.0,3.0,3.0
2021-10-24,39.0,,63.0,55.0,58.0,,0.0,47.0,20.0,0.0,4.0,,9.0,,34.0,6.0,3.0,3.0
2021-10-25,4.0,,20.0,0.0,58.0,0.0,23.0,0.0,0.0,0.0,4.0,,0.0,,0.0,5.0,0.0,0.0
2021-10-26,0.0,,1.0,0.0,0.0,,0.0,0.0,0.0,0.0,0.0,,0.0,,0.0,0.0,0.0,0.0
2021-10-27,1.0,,,15.0,0.0,,,2.0,,0.0,0.0,,,,0.0,55.0,,
2021-10-28,0.0,,31.0,0.0,5.0,,0.0,0.0,0.0,0.0,2.0,,2.0,,0.0,0.0,0.0,0.0
2021-10-29,0.0,,0.0,0.0,0.0,,0.0,0.0,0.0,0.0,0.0,,0.0,,0.0,0.0,0.0,0.0
2021-10-30,10.0,,0.0,0.0,28.0,,3.0,0.0,18.0,0.0,0.0,,7.0,,0.0,0.0,0.0,0.0
2021-10-31,1.0,,20.0,31.0,23.0,,0.0,61.0,11.0,0.0,0.0,,5.0,,0.0,50.0,45.0,62.0
2021-11-01,5.0,,43.0,16.0,5.0,1.0,7.0,13.0,5.0,0.0,30.0,,8.0,,10.0,5.0,19.0,11.0
2021-11-02,6.0,,13.0,3.0,12.0,,21.0,24.0,12.0,1.0,29.0,,51.0,,33.0,16.0,10.0,10.0
2021-11-03,2.0,,1.0,1.0,15.0,19.0,2.0,1.0,2.0,,18.0,,1.0,,2.0,1.0,1.0,1.0
2021-11-04,19.0,,,16.0,1.0,,,16.0,,,63.0,,,,29.0,0.0,,
2021-11-05,5.0,,,39.0,7.0,,,37.0,,1.0,51.0,,,,26.0,52.0,,
2021-11-06,1.0,,,0.0,,,,0.0,,0.0,0.0,,,,0.0,4.0,,
2021-11-07,2.0,,,0.0,,,,0.0,,0.0,8.0,,,,0.0,0.0,,
2021-11-08,1.0,,0.0,0.0,,,0.0,0.0,1.0,0.0,0.0,,3.0,,0.0,0.0,0.0,0.0
2021-11-09,0.0,,8.0,2.0,,,0.0,12.0,9.0,0.0,0.0,,3.0,,35.0,0.0,0.0,0.0
2021-11-10,21.0,,24.0,85.0,34.0,36.0,19.0,76.0,18.0,0.0,40.0,,97.0,,89.0,17.0,47.0,41.0
2021-11-11,6.0,,1.0,3.0,0.0,1.0,1.0,16.0,1.0,0.0,5.0,,,,23.0,1.0,3.0,1.0
2021-11-12,2.0,,2.0,0.0,1.0,1.0,1.0,1.0,8.0,0.0,5.0,,,,1.0,1.0,1.0,1.0
2021-11-13,0.0,,0.0,0.0,0.0,2.0,0.0,0.0,0.0,0.0,2.0,,,,1.0,0.0,3.0,1.0
2021-11-14,6.0,,0.0,5.0,0.0,0.0,0.0,4.0,3.0,0.0,0.0,,,,1.0,5.0,4.0,3.0
2021-11-15,14.0,,6.0,0.0,0.0,2.0,58.0,0.0,22.0,0.0,39.0,,,,0.0,0.0,0.0,0.0
2021-11-16,8.0,,1.0,0.0,0.0,1.0,0.0,0.0,0.0,0.0,8.0,,,,0.0,3.0,2.0,17.0
2021-11-17,19.0,,1.0,0.0,0.0,2.0,1.0,0.0,0.0,0.0,0.0,,,,0.0,0.0,2.0,4.0
2021-11-18,51.0,,3.0,0.0,0.0,1.0,15.0,0.0,18.0,0.0,5.0,,,,2.0,0.0,0.0,0.0
2021-11-19,5.0,,4.0,0.0,83.0,5.0,17.0,14.0,0.0,0.0,3.0,,,,0.0,0.0,2.0,0.0
2021-11-20,10.0,,4.0,19.0,6.0,9.0,10.0,11.0,6.0,0.0,4.0,,,,17.0,21.0,81.0,27.0
2021-11-21,4.0,,27.0,0.0,37.0,26.0,64.0,0.0,20.0,0.0,3.0,,,,0.0,0.0,1.0,0.0
2021-11-22,0.0,,9.0,0.0,0.0,1.0,2.0,0.0,0.0,0.0,5.0,,,,0.0,0.0,0.0,1.0
2021-11-23,33.0,,36.0,13.0,6.0,12.0,27.0,16.0,28.0,0.0,4.0,,,,3.0,9.0,16.0,26.0
2021-11-24,4.0,,3.0,2.0,4.0,4.0,4.0,3.0,11.0,0.0,4.0,,,,4.0,2.0,2.0,2.0
2021-11-25,0.0,,1.0,0.0,0.0,0.0,,0.0,,0.0,,,,,0.0,0.0,,2.0
2021-11-26,,,,0.0,2.0,0.0,,0.0,,,,,,,0.0,,,
2021-11-27,0.0,,0.0,0.0,0.0,3.0,0.0,0.0,9.0,0.0,2.0,,,,14.0,0.0,0.0,
2021-11-28,0.0,,0.0,0.0,0.0,0.0,0.0,0.0,0.0,0.0,0.0,,,,0.0,0.0,0.0,
2021-11-29,0.0,,0.0,0.0,0.0,0.0,0.0,0.0,0.0,0.0,0.0,,,,0.0,0.0,0.0,
2021-11-30,0.0,,0.0,0.0,0.0,0.0,0.0,0.0,0.0,0.0,0.0,,,,0.0,0.0,0.0,
2021-12-01,0.0,,0.0,0.0,0.0,0.0,0.0,,2.0,0.0,0.0,,,,0.0,0.0,0.0,2.0
2021-12-02,15.0,,16.0,26.0,12.0,20.0,23.0,,6.0,0.0,30.0,,,,33.0,15.0,7.0,17.0
2021-12-03,,,,,,,,,,,,,,,,,,
2021-12-04,,,,,,,,,,,,,,,,,,
2021-12-05,,,,,,,,,,,,,,,,,,
2021-12-06,,,,,,,,,,,,,,,,,,
2021-12-07,0.0,,0.0,0.0,0.0,0.0,0.0,0.0,0.0,0.0,0.0,,,,0.0,0.0,0.0,0.0
2021-12-08,0.0,,0.0,0.0,0.0,0.0,1.0,0.0,1.0,0.0,0.0,,,,0.0,0.0,2.0,0.0
2021-12-09,0.0,,0.0,0.0,0.0,0.0,0.0,0.0,0.0,0.0,0.0,,0.0,,0.0,0.0,0.0,1.0
2021-12-10,0.0,,14.0,11.0,7.0,3.0,5.0,6.0,3.0,0.0,12.0,,7.0,,11.0,9.0,27.0,11.0
2021-12-11,5.0,,8.0,1.0,21.0,18.0,13.0,5.0,8.0,0.0,2.0,,36.0,,7.0,11.0,2.0,4.0
2021-12-12,0.0,,0.0,0.0,0.0,0.0,0.0,0.0,1.0,0.0,0.0,,0.0,,0.0,0.0,0.0,0.0
2021-12-13,0.0,,1.0,0.0,0.0,0.0,0.0,0.0,6.0,0.0,0.0,,0.0,,0.0,0.0,0.0,0.0
2021-12-14,0.0,,0.0,0.0,0.0,0.0,0.0,0.0,0.0,0.0,0.0,,0.0,,0.0,0.0,0.0,0.0
2021-12-15,4.0,,0.0,1.0,0.0,1.0,3.0,0.0,2.0,0.0,0.0,,5.0,,0.0,0.0,0.0,1.0
2021-12-16,0.0,,0.0,0.0,5.0,14.0,1.0,0.0,0.0,9.0,3.0,,4.0,,0.0,0.0,4.0,21.0
2021-12-17,37.0,,7.0,3.0,6.0,5.0,4.0,3.0,9.0,17.0,5.0,,3.0,,1.0,14.0,11.0,4.0
2021-12-18,44.0,,20.0,3.0,58.0,59.0,49.0,11.0,3.0,40.0,44.0,,13.0,,13.0,6.0,7.0,18.0
2021-12-19,18.0,,,15.0,13.0,11.0,,15.0,,9.0,8.0,,,,11.0,14.0,,
2021-12-20,1.0,,,0.0,0.0,0.0,,0.0,,0.0,0.0,,,,0.0,0.0,,
2021-12-21,1.0,,,0.0,0.0,0.0,,0.0,,0.0,0.0,,,,0.0,0.0,,
2021-12-22,1.0,,1.0,1.0,0.0,0.0,12.0,10.0,17.0,23.0,11.0,,1.0,,16.0,8.0,30.0,22.0
2021-12-23,0.0,,2.0,0.0,14.0,0.0,6.0,26.0,0.0,17.0,67.0,,14.0,,17.0,0.0,0.0,0.0
2021-12-24,0.0,,0.0,7.0,0.0,0.0,13.0,0.0,17.0,10.0,5.0,,0.0,,7.0,12.0,4.0,5.0
2021-12-25,0.0,,5.0,1.0,0.0,0.0,1.0,2.0,1.0,0.0,0.0,,3.0,,0.0,3.0,7.0,7.0
2021-12-26,0.0,,0.0,0.0,0.0,0.0,0.0,0.0,0.0,0.0,0.0,,0.0,,0.0,0.0,1.0,0.0
2021-12-27,0.0,,0.0,0.0,0.0,0.0,0.0,0.0,0.0,0.0,0.0,,0.0,,0.0,0.0,0.0,0.0
2021-12-28,0.0,,0.0,0.0,0.0,0.0,0.0,0.0,0.0,0.0,0.0,,0.0,,0.0,0.0,0.0,0.0
2021-12-29,0.0,,1.0,0.0,3.0,1.0,0.0,1.0,0.0,0.0,0.0,,1.0,,0.0,0.0,0.0,1.0
2021-12-30,0.0,,3.0,13.0,1.0,0.0,0.0,0.0,0.0,0.0,8.0,,5.0,,1.0,0.0,5.0,5.0
2021-12-31,14.0,,70.0,69.0,51.0,50.0,56.0,24.0,17.0,43.0,92.0,,45.0,,30.0,27.0,17.0,21.0
2022-01-01,11.0,,42.0,12.0,14.0,9.0,48.0,8.0,49.0,28.0,37.0,,22.0,,5.0,2.0,2.0,15.0
2022-01-02,58.0,,32.0,45.0,127.0,97.0,90.0,70.0,77.0,136.0,50.0,,103.0,,71.0,37.0,40.0,42.0
2022-01-03,6.0,,2.0,6.0,1.0,1.0,6.0,8.0,19.0,8.0,9.0,,7.0,,2.0,2.0,6.0,5.0
2022-01-04,2.0,,38.0,10.0,16.0,14.0,18.0,17.0,10.0,4.0,14.0,,6.0,,6.0,11.0,5.0,14.0
2022-01-05,0.0,,0.0,0.0,0.0,0.0,1.0,0.0,0.0,0.0,0.0,,0.0,,0.0,0.0,1.0,1.0
2022-01-06,0.0,,0.0,0.0,0.0,0.0,0.0,0.0,0.0,0.0,0.0,,0.0,,0.0,2.0,0.0,1.0
2022-01-07,0.0,,0.0,0.0,0.0,0.0,0.0,0.0,0.0,0.0,0.0,,0.0,,0.0,1.0,14.0,0.0
2022-01-08,0.0,,0.0,15.0,0.0,0.0,1.0,1.0,0.0,0.0,0.0,,3.0,,0.0,1.0,4.0,1.0
2022-01-09,0.0,,0.0,0.0,0.0,0.0,0.0,0.0,0.0,0.0,0.0,,,,0.0,0.0,0.0,0.0
2022-01-10,0.0,,0.0,0.0,0.0,0.0,0.0,0.0,0.0,0.0,0.0,,0.0,,0.0,0.0,0.0,0.0
2022-01-11,0.0,,0.0,0.0,0.0,0.0,0.0,0.0,0.0,0.0,0.0,,0.0,,0.0,0.0,0.0,0.0
2022-01-12,0.0,,0.0,0.0,0.0,0.0,0.0,0.0,0.0,0.0,0.0,,0.0,,0.0,0.0,0.0,0.0
2022-01-13,0.0,,0.0,0.0,0.0,0.0,0.0,0.0,0.0,0.0,0.0,,0.0,,0.0,0.0,0.0,0.0
2022-01-14,0.0,,0.0,0.0,0.0,0.0,0.0,0.0,0.0,0.0,0.0,,,,0.0,0.0,0.0,0.0
2022-01-15,0.0,,0.0,0.0,0.0,0.0,0.0,0.0,0.0,0.0,0.0,,0.0,,0.0,0.0,0.0,0.0
2022-01-16,0.0,,0.0,0.0,0.0,0.0,0.0,0.0,0.0,0.0,0.0,,0.0,,0.0,0.0,0.0,0.0
2022-01-17,0.0,,0.0,0.0,0.0,0.0,3.0,0.0,0.0,0.0,7.0,,0.0,,0.0,0.0,0.0,4.0
2022-01-18,0.0,,0.0,0.0,0.0,0.0,0.0,0.0,0.0,0.0,0.0,,0.0,,0.0,0.0,0.0,0.0
2022-01-19,4.0,,1.0,0.0,0.0,0.0,1.0,0.0,4.0,1.0,3.0,,0.0,,0.0,0.0,0.0,0.0
2022-01-20,0.0,,0.0,0.0,0.0,0.0,0.0,0.0,0.0,0.0,1.0,,0.0,,0.0,0.0,0.0,0.0
2022-01-21,0.0,,0.0,0.0,0.0,0.0,0.0,0.0,0.0,0.0,0.0,,0.0,,0.0,0.0,0.0,0.0
2022-01-22,0.0,,0.0,0.0,0.0,0.0,0.0,0.0,0.0,14.0,0.0,,0.0,,0.0,0.0,0.0,0.0
2022-01-23,0.0,,0.0,0.0,0.0,0.0,0.0,0.0,,0.0,0.0,,,,0.0,0.0,0.0,0.0
2022-01-24,,,,,,,,,,,,,,,,,,
2022-01-25,,,,,,,,,,,,,,,,,,
2022-01-26,,,,,,,,,,,,,,,,,,
2022-01-27,0.0,,0.0,0.0,0.0,0.0,0.0,0.0,0.0,0.0,0.0,,0.0,,0.0,0.0,0.0,0.0
2022-01-28,0.0,,0.0,0.0,0.0,0.0,0.0,0.0,0.0,0.0,0.0,,0.0,,0.0,0.0,0.0,0.0
2022-01-29,0.0,,0.0,0.0,0.0,0.0,0.0,0.0,0.0,0.0,0.0,,0.0,,0.0,0.0,0.0,0.0
2022-01-30,0.0,,29.0,0.0,0.0,0.0,0.0,25.0,0.0,0.0,0.0,,0.0,,4.0,0.0,6.0,0.0
2022-01-31,0.0,,0.0,0.0,0.0,0.0,0.0,0.0,0.0,0.0,0.0,,0.0,,0.0,0.0,1.0,0.0
2022-02-01,0.0,,0.0,0.0,0.0,0.0,0.0,0.0,0.0,0.0,0.0,,0.0,,0.0,0.0,0.0,0.0
2022-02-02,0.0,,0.0,0.0,0.0,0.0,0.0,0.0,0.0,6.0,0.0,,0.0,,0.0,0.0,0.0,0.0
2022-02-03,0.0,,0.0,6.0,0.0,0.0,5.0,0.0,0.0,0.0,0.0,,0.0,,0.0,2.0,0.0,0.0
2022-02-04,0.0,,0.0,0.0,0.0,0.0,0.0,0.0,0.0,0.0,0.0,,0.0,,0.0,0.0,0.0,0.0
2022-02-05,0.0,,10.0,0.0,0.0,0.0,5.0,0.0,1.0,0.0,0.0,,8.0,,0.0,0.0,23.0,17.0
2022-02-06,27.0,,15.0,1.0,12.0,5.0,11.0,4.0,41.0,32.0,13.0,,17.0,,7.0,11.0,0.0,10.0
2022-02-07,1.0,,3.0,2.0,4.0,4.0,4.0,2.0,2.0,4.0,4.0,,3.0,,3.0,1.0,2.0,2.0
2022-02-08,1.0,,6.0,4.0,2.0,1.0,2.0,0.0,2.0,3.0,2.0,,1.0,,0.0,12.0,9.0,4.0
2022-02-09,8.0,,15.0,12.0,7.0,13.0,2.0,6.0,5.0,0.0,0.0,,22.0,,9.0,49.0,34.0,31.0
2022-02-10,21.0,,15.0,16.0,20.0,23.0,17.0,20.0,34.0,29.0,41.0,,38.0,,26.0,9.0,13.0,13.0
2022-02-11,7.0,,2.0,0.0,2.0,1.0,1.0,0.0,6.0,1.0,3.0,,1.0,,0.0,0.0,1.0,1.0
2022-02-12,0.0,,1.0,0.0,0.0,0.0,0.0,0.0,0.0,0.0,0.0,,0.0,,0.0,0.0,0.0,0.0
2022-02-13,0.0,,21.0,4.0,0.0,0.0,0.0,0.0,,0.0,0.0,,0.0,,0.0,0.0,0.0,0.0
2022-02-14,,,,,,,,,,,,,,,,,,
2022-02-15,0.0,,17.0,8.0,17.0,84.0,6.0,11.0,,14.0,9.0,,29.0,,35.0,25.0,14.0,18.0
2022-02-16,6.0,,25.0,11.0,4.0,23.0,5.0,10.0,,17.0,11.0,,4.0,,7.0,1.0,7.0,5.0
2022-02-17,0.0,,1.0,0.0,0.0,0.0,0.0,0.0,,0.0,0.0,,0.0,,0.0,0.0,0.0,0.0
2022-02-18,0.0,,0.0,0.0,0.0,0.0,0.0,0.0,,0.0,0.0,,0.0,,0.0,0.0,0.0,0.0
2022-02-19,2.0,,1.0,1.0,1.0,0.0,7.0,0.0,,1.0,1.0,,3.0,,2.0,0.0,2.0,1.0
2022-02-20,,,,,,,,,,,,,,,,,,
2022-02-21,,,,,,,,,,,,,,,,,,
2022-02-22,0.0,,,11.0,0.0,0.0,,0.0,,0.0,0.0,,,,0.0,0.0,,
2022-02-23,0.0,,0.0,0.0,0.0,0.0,0.0,0.0,,0.0,0.0,,0.0,,0.0,0.0,1.0,0.0
2022-02-24,42.0,,34.0,55.0,40.0,38.0,30.0,28.0,,43.0,41.0,,33.0,,30.0,44.0,50.0,37.0
2022-02-25,14.0,,3.0,0.0,1.0,0.0,0.0,0.0,,1.0,0.0,,10.0,,0.0,0.0,0.0,0.0
2022-02-26,0.0,,0.0,0.0,0.0,0.0,0.0,0.0,,0.0,0.0,,0.0,,0.0,0.0,0.0,0.0
2022-02-27,0.0,,1.0,11.0,0.0,0.0,1.0,5.0,,4.0,2.0,,0.0,,0.0,6.0,1.0,1.0
2022-02-28,0.0,,0.0,12.0,0.0,0.0,0.0,0.0,,0.0,0.0,,0.0,,0.0,0.0,0.0,0.0
2022-03-01,1.0,,,6.0,0.0,2.0,,0.0,,0.0,0.0,,,,0.0,0.0,,
2022-03-02,0.0,,,0.0,0.0,0.0,,0.0,,0.0,0.0,,,,0.0,0.0,,
2022-03-03,,,,,,,,,,,,,,,,,,
2022-03-04,,,,,,,,,,,,,,,,,,
2022-03-05,,,,,,,,,,,,,,,,,,
2022-03-06,,,,,,,,,,,,,,,,,,
2022-03-07,0.0,,3.0,1.0,1.0,0.0,1.0,0.0,,0.0,0.0,,0.0,,2.0,31.0,4.0,27.0
2022-03-08,,,,,,,,,,,,,,,,,,
2022-03-09,,,,,,,,,,,,,,,,,,
2022-03-10,,,,,,,,,,,,,,,,,,
2022-03-11,,,,,,,,,,,,,,,,,,
2022-03-12,,,,,,,,,,,,,,,,,,
2022-03-13,,,,,,,,,,,,,,,,,,
2022-03-14,,,,,,,,,,,,,,,,,,
2022-03-15,62.0,,81.0,55.0,16.0,13.0,84.0,2.0,,42.0,15.0,,2.0,,5.0,84.0,57.0,54.0
2022-03-16,0.0,,1.0,,,,,,,0.0,,,,,,0.0,,
2022-03-17,,,,,,,,,,,,,,,,,,
2022-03-18,,,,,,,,,,,,,,,,,,
2022-03-19,0.0,,0.0,,,,,,,0.0,,,,,,0.0,,0.0
2022-03-20,,,,,,,,,,,,,,,,,,
2022-03-21,11.0,,15.0,6.0,,13.0,16.0,25.0,,28.0,44.0,,23.0,,43.0,31.0,6.0,21.0
2022-03-22,,,0.0,,,,0.0,,,,,,0.0,,,,0.0,0.0
2022-03-23,0.0,,14.0,9.0,,2.0,0.0,11.0,,0.0,1.0,,6.0,,3.0,0.0,1.0,0.0
2022-03-24,8.0,,1.0,0.0,,0.0,0.0,0.0,,0.0,0.0,,0.0,,0.0,0.0,1.0,4.0
2022-03-25,1.0,,24.0,1.0,,3.0,19.0,56.0,,2.0,10.0,,50.0,,31.0,6.0,3.0,2.0
2022-03-26,13.0,,44.0,37.0,,1.0,22.0,21.0,,1.0,2.0,,1.0,,10.0,7.0,41.0,14.0
2022-03-27,0.0,,0.0,0.0,,0.0,0.0,0.0,,0.0,0.0,,0.0,,0.0,0.0,1.0,3.0
2022-03-28,,,,,,,,,,,,,,,,,,
2022-03-29,0.0,,1.0,0.0,,13.0,,2.0,,0.0,,,,,,4.0,4.0,0.0
2022-03-30,0.0,,1.0,2.0,,25.0,3.0,0.0,,3.0,0.0,,3.0,,11.0,15.0,7.0,0.0
2022-03-31,,,,,,,,,,,,,,,,,,
2022-04-01,11.0,,0.0,0.0,,16.0,0.0,28.0,,0.0,44.0,,18.0,,6.0,0.0,0.0,1.0
2022-04-02,15.0,,39.0,0.0,,1.0,11.0,0.0,,0.0,1.0,,0.0,,0.0,28.0,0.0,0.0
2022-04-03,0.0,,0.0,0.0,,0.0,0.0,0.0,,0.0,0.0,,0.0,,0.0,0.0,0.0,0.0
2022-04-04,,,,,,,,,,,,,,,,,,
2022-04-05,0.0,,0.0,0.0,,0.0,0.0,0.0,,0.0,0.0,,0.0,,0.0,0.0,0.0,0.0
2022-04-06,19.0,,40.0,1.0,,0.0,8.0,52.0,,14.0,0.0,,3.0,,1.0,1.0,1.0,1.0
2022-04-07,0.0,,2.0,3.0,,2.0,1.0,30.0,,0.0,0.0,,30.0,,56.0,6.0,2.0,0.0
2022-04-08,11.0,,12.0,0.0,,0.0,6.0,0.0,,99.0,18.0,,1.0,,0.0,8.0,0.0,1.0
2022-04-09,,,0.0,,,0.0,0.0,,,0.0,,,0.0,,,,0.0,0.0
2022-04-10,,,17.0,,,,45.0,,,,,,0.0,,,,17.0,0.0
2022-04-11,,,1.0,,,,4.0,,,,,,15.0,,,,34.0,1.0
2022-04-12,0.0,,30.0,0.0,,0.0,51.0,0.0,,2.0,0.0,,1.0,,0.0,0.0,0.0,0.0
2022-04-13,7.0,,1.0,0.0,,0.0,0.0,32.0,,0.0,2.0,,26.0,,30.0,10.0,9.0,0.0
2022-04-14,4.0,,4.0,1.0,,6.0,1.0,0.0,,4.0,5.0,,5.0,,4.0,1.0,2.0,1.0
2022-04-15,29.0,,5.0,7.0,,4.0,5.0,1.0,,0.0,4.0,,0.0,,0.0,4.0,2.0,0.0
2022-04-16,0.0,,0.0,8.0,,3.0,0.0,0.0,,0.0,0.0,,0.0,,0.0,0.0,0.0,1.0
2022-04-17,0.0,,0.0,0.0,,0.0,0.0,0.0,,0.0,0.0,,0.0,,0.0,0.0,0.0,0.0
2022-04-18,,,,,,,,,,,,,,,,,,
2022-04-19,59.0,,0.0,27.0,,63.0,7.0,1.0,,5.0,43.0,,0.0,,0.0,0.0,1.0,1.0
2022-04-20,0.0,,8.0,8.0,,1.0,0.0,0.0,,0.0,0.0,,0.0,,6.0,0.0,26.0,0.0
2022-04-21,14.0,,13.0,12.0,,4.0,20.0,14.0,,2.0,25.0,,0.0,,3.0,18.0,7.0,0.0
2022-04-22,0.0,,0.0,0.0,,0.0,0.0,0.0,,0.0,0.0,,0.0,,0.0,0.0,0.0,1.0
2022-04-23,,,3.0,,,,57.0,,,,,,2.0,,,,0.0,0.0
2022-04-24,,,0.0,,,,0.0,,,,,,7.0,,,,1.0,0.0
2022-04-25,1.0,,12.0,1.0,,11.0,2.0,0.0,,24.0,1.0,,40.0,,8.0,0.0,1.0,0.0
2022-04-26,0.0,,0.0,1.0,,6.0,0.0,0.0,,0.0,0.0,,3.0,,2.0,0.0,2.0,0.0
2022-04-27,6.0,,1.0,10.0,,12.0,19.0,0.0,,30.0,13.0,,19.0,,0.0,1.0,4.0,1.0
2022-04-28,34.0,,32.0,0.0,,0.0,0.0,0.0,,3.0,0.0,,0.0,,0.0,0.0,0.0,0.0
2022-04-29,,,,,,,,,,,,,,,,,,
2022-04-30,,,,,,0.0,,0.0,,1.0,,,,,,4.0,,
2022-05-01,,,0.0,8.0,,1.0,0.0,0.0,,0.0,0.0,,26.0,,6.0,10.0,0.0,0.0
2022-05-02,,,10.0,20.0,,10.0,2.0,0.0,,0.0,2.0,,60.0,,29.0,11.0,8.0,0.0
2022-05-03,,,5.0,53.0,,16.0,2.0,0.0,,0.0,6.0,,31.0,,76.0,86.0,66.0,1.0
2022-05-04,,,,10.0,,4.0,,0.0,,0.0,0.0,,,,16.0,24.0,,
2022-05-05,,,,0.0,,0.0,,0.0,,0.0,0.0,,,,3.0,0.0,,
2022-05-06,,,,9.0,,0.0,,0.0,,0.0,3.0,,,,2.0,0.0,,
2022-05-07,,,,1.0,,0.0,,0.0,,0.0,6.0,,,,1.0,7.0,,
2022-05-08,,,,,,,,,,,,,,,,0.0,,
2022-05-09,,,5.0,0.0,,0.0,0.0,0.0,,0.0,0.0,,10.0,,6.0,46.0,0.0,1.0
2022-05-10,,,0.0,,,,,,,,,,,,,,,
2022-05-11,,,29.0,44.0,,21.0,13.0,0.0,,0.0,25.0,,19.0,,13.0,66.0,33.0,0.0
2022-05-12,,,0.0,0.0,,0.0,0.0,0.0,,1.0,0.0,,0.0,,0.0,0.0,0.0,0.0
2022-05-13,,,0.0,0.0,,0.0,0.0,0.0,,0.0,0.0,,0.0,,0.0,0.0,0.0,0.0
2022-05-14,,,52.0,0.0,,0.0,6.0,0.0,,0.0,0.0,,0.0,,0.0,2.0,0.0,0.0
2022-05-15,,,27.0,32.0,,33.0,2.0,0.0,,0.0,5.0,,15.0,,8.0,38.0,45.0,0.0
2022-05-16,,,0.0,0.0,,0.0,3.0,0.0,,0.0,0.0,,0.0,,0.0,1.0,0.0,0.0
2022-05-17,,,0.0,0.0,,0.0,0.0,0.0,,0.0,0.0,,0.0,,0.0,0.0,0.0,0.0
2022-05-18,,,0.0,0.0,,0.0,16.0,0.0,,0.0,0.0,,1.0,,0.0,0.0,0.0,0.0
2022-05-19,,,23.0,6.0,,8.0,0.0,0.0,,0.0,1.0,,12.0,,2.0,0.0,3.0,0.0
2022-05-20,,,0.0,22.0,,3.0,0.0,0.0,,0.0,0.0,,63.0,,12.0,0.0,1.0,0.0
2022-05-21,,,13.0,0.0,,0.0,16.0,0.0,,0.0,5.0,,1.0,,0.0,0.0,0.0,0.0
2022-05-22,,,0.0,,,,0.0,,,,,,0.0,,,,0.0,0.0
2022-05-23,,,14.0,0.0,,17.0,95.0,0.0,,0.0,39.0,,3.0,,0.0,0.0,0.0,0.0
2022-05-24,,,0.0,0.0,,0.0,0.0,0.0,,0.0,0.0,,39.0,,0.0,4.0,0.0,0.0
2022-05-25,,,15.0,8.0,,7.0,9.0,0.0,,0.0,11.0,,11.0,,27.0,43.0,11.0,0.0
2022-05-26,,,0.0,0.0,,0.0,0.0,0.0,,0.0,0.0,,0.0,,0.0,0.0,0.0,0.0
2022-05-27,,,9.0,0.0,,0.0,0.0,0.0,,0.0,0.0,,0.0,,0.0,0.0,0.0,0.0
2022-05-28,,,2.0,0.0,,0.0,1.0,0.0,,0.0,0.0,,0.0,,0.0,3.0,0.0,0.0
2022-05-29,,,0.0,0.0,,0.0,0.0,0.0,,0.0,0.0,,0.0,,0.0,0.0,0.0,0.0
2022-05-30,,,0.0,0.0,,0.0,0.0,0.0,,0.0,0.0,,0.0,,0.0,0.0,0.0,0.0
2022-05-31,,,0.0,0.0,,0.0,1.0,0.0,,0.0,0.0,,3.0,,0.0,0.0,0.0,0.0
2022-06-01,,,11.0,0.0,,0.0,0.0,0.0,,0.0,0.0,,0.0,,0.0,0.0,1.0,0.0
2022-06-02,,,0.0,,,,0.0,,,,,,1.0,,,,4.0,0.0
2022-06-03,,,1.0,0.0,,0.0,3.0,0.0,,0.0,0.0,,0.0,,0.0,0.0,0.0,0.0
2022-06-04,,,9.0,42.0,,26.0,1.0,0.0,,0.0,24.0,,1.0,,1.0,68.0,12.0,0.0
2022-06-05,,,1.0,2.0,,12.0,11.0,0.0,,0.0,4.0,,1.0,,10.0,7.0,2.0,0.0
2022-06-06,,,0.0,3.0,,0.0,0.0,0.0,,0.0,0.0,,5.0,,3.0,0.0,1.0,0.0
2022-06-07,,,0.0,10.0,,0.0,0.0,0.0,,0.0,0.0,,1.0,,0.0,13.0,3.0,0.0
2022-06-08,,,21.0,0.0,,42.0,15.0,0.0,,0.0,99.0,,21.0,,0.0,0.0,1.0,0.0
2022-06-09,,,17.0,12.0,,65.0,0.0,0.0,,0.0,6.0,,17.0,,3.0,70.0,59.0,0.0
2022-06-10,,,0.0,0.0,,0.0,0.0,0.0,,0.0,0.0,,1.0,,1.0,0.0,0.0,0.0
2022-06-11,7.0,,23.0,11.0,,15.0,27.0,0.0,,0.0,15.0,,24.0,,8.0,4.0,4.0,0.0
2022-06-12,,,1.0,0.0,,0.0,0.0,0.0,,0.0,0.0,,0.0,,1.0,0.0,1.0,0.0
2022-06-13,,,0.0,5.0,,23.0,0.0,0.0,,0.0,0.0,,19.0,,2.0,41.0,39.0,0.0
2022-06-14,,,12.0,0.0,,0.0,0.0,0.0,,0.0,0.0,,4.0,,0.0,0.0,2.0,0.0
2022-06-15,,,5.0,1.0,,8.0,12.0,3.0,,0.0,10.0,,54.0,,0.0,7.0,18.0,0.0
2022-06-16,,,1.0,0.0,,0.0,0.0,0.0,,0.0,0.0,,0.0,,0.0,0.0,0.0,0.0
2022-06-17,,,0.0,2.0,,0.0,0.0,0.0,,0.0,0.0,,0.0,,0.0,3.0,2.0,0.0
2022-06-18,,,4.0,0.0,,18.0,2.0,4.0,,0.0,29.0,,0.0,,0.0,11.0,1.0,0.0
2022-06-19,,,4.0,2.0,,0.0,0.0,38.0,,0.0,0.0,,17.0,,0.0,0.0,1.0,0.0
2022-06-20,,,2.0,7.0,,0.0,0.0,12.0,,0.0,0.0,,4.0,,0.0,21.0,1.0,0.0
2022-06-21,,,6.0,8.0,,0.0,1.0,13.0,,0.0,7.0,,18.0,,0.0,1.0,20.0,15.0
2022-06-22,,,0.0,4.0,,0.0,0.0,2.0,,0.0,0.0,,0.0,,0.0,22.0,0.0,50.0
2022-06-23,,,1.0,0.0,,18.0,9.0,1.0,,0.0,0.0,,13.0,,0.0,1.0,1.0,1.0
2022-06-24,23.0,,42.0,0.0,,18.0,28.0,0.0,,0.0,0.0,,0.0,,0.0,0.0,0.0,0.0
2022-06-25,0.0,,0.0,0.0,0.0,0.0,0.0,0.0,,0.0,0.0,,4.0,,0.0,0.0,1.0,1.0
2022-06-26,0.0,,60.0,4.0,13.0,13.0,6.0,0.0,0.0,0.0,13.0,,0.0,,0.0,2.0,1.0,0.0
2022-06-27,0.0,,16.0,2.0,2.0,1.0,20.0,0.0,0.0,0.0,1.0,,0.0,,0.0,1.0,0.0,0.0
2022-06-28,12.0,,26.0,12.0,14.0,14.0,28.0,3.0,0.0,0.0,7.0,,2.0,,0.0,3.0,32.0,18.0
2022-06-29,0.0,,0.0,0.0,0.0,0.0,0.0,0.0,0.0,0.0,0.0,,0.0,,0.0,0.0,1.0,1.0
2022-06-30,4.0,,17.0,9.0,0.0,1.0,8.0,1.0,29.0,0.0,5.0,,2.0,,0.0,6.0,3.0,3.0
2022-07-01,0.0,,0.0,0.0,0.0,0.0,0.0,0.0,0.0,0.0,0.0,,0.0,,0.0,0.0,0.0,0.0
2022-07-02,0.0,,0.0,0.0,0.0,3.0,2.0,0.0,1.0,0.0,0.0,,0.0,,0.0,0.0,0.0,0.0
2022-07-03,0.0,,0.0,0.0,0.0,0.0,0.0,0.0,0.0,0.0,0.0,,0.0,,0.0,0.0,0.0,0.0
2022-07-04,0.0,,0.0,0.0,0.0,0.0,0.0,0.0,0.0,0.0,0.0,,0.0,,0.0,0.0,0.0,0.0
2022-07-05,6.0,,0.0,17.0,0.0,0.0,1.0,10.0,1.0,0.0,20.0,,0.0,,0.0,0.0,31.0,1.0
2022-07-06,0.0,,37.0,0.0,0.0,0.0,0.0,0.0,1.0,0.0,0.0,,1.0,,0.0,0.0,0.0,0.0
2022-07-07,0.0,,0.0,0.0,0.0,0.0,0.0,0.0,0.0,0.0,0.0,,0.0,,0.0,0.0,0.0,0.0
2022-07-08,,,1.0,,,,1.0,,1.0,,,,0.0,,,,0.0,1.0
2022-07-09,0.0,,0.0,0.0,0.0,0.0,0.0,0.0,0.0,0.0,0.0,,0.0,,0.0,0.0,0.0,0.0
2022-07-10,3.0,,0.0,1.0,16.0,0.0,1.0,1.0,33.0,0.0,0.0,,0.0,,0.0,9.0,0.0,1.0
2022-07-11,0.0,,0.0,0.0,0.0,0.0,0.0,0.0,0.0,0.0,0.0,,0.0,,0.0,0.0,0.0,0.0
2022-07-12,0.0,,0.0,1.0,0.0,0.0,0.0,0.0,0.0,0.0,0.0,,1.0,,0.0,0.0,1.0,1.0
2022-07-13,0.0,,0.0,0.0,0.0,0.0,0.0,0.0,0.0,30.0,0.0,,1.0,,0.0,0.0,0.0,0.0
2022-07-14,4.0,,2.0,0.0,17.0,7.0,0.0,0.0,0.0,0.0,0.0,,1.0,,0.0,0.0,0.0,0.0
2022-07-15,0.0,,12.0,0.0,0.0,0.0,0.0,0.0,2.0,0.0,0.0,,5.0,,0.0,0.0,0.0,0.0
2022-07-16,0.0,,0.0,0.0,0.0,0.0,0.0,0.0,0.0,0.0,0.0,,0.0,,0.0,0.0,0.0,0.0
2022-07-17,0.0,,0.0,0.0,17.0,0.0,0.0,0.0,0.0,0.0,0.0,,4.0,,0.0,0.0,0.0,0.0
2022-07-18,0.0,,0.0,0.0,0.0,0.0,0.0,0.0,0.0,0.0,0.0,,0.0,,0.0,0.0,0.0,0.0
2022-07-19,0.0,,0.0,0.0,0.0,0.0,0.0,5.0,0.0,0.0,0.0,,1.0,,11.0,0.0,0.0,0.0
2022-07-20,13.0,,4.0,0.0,8.0,8.0,3.0,0.0,22.0,0.0,2.0,,0.0,,0.0,32.0,1.0,3.0
2022-07-21,0.0,,15.0,5.0,21.0,34.0,25.0,3.0,0.0,0.0,50.0,,3.0,,0.0,41.0,3.0,5.0
2022-07-22,31.0,,0.0,0.0,1.0,0.0,13.0,1.0,0.0,0.0,22.0,,7.0,,2.0,0.0,1.0,0.0
2022-07-23,0.0,,0.0,0.0,0.0,0.0,0.0,0.0,1.0,0.0,0.0,,0.0,,0.0,0.0,21.0,40.0
2022-07-24,2.0,,4.0,14.0,12.0,1.0,0.0,8.0,1.0,0.0,3.0,,2.0,,7.0,6.0,8.0,32.0
2022-07-25,2.0,,10.0,0.0,9.0,0.0,9.0,0.0,0.0,0.0,5.0,,1.0,,0.0,27.0,1.0,1.0
2022-07-26,2.0,,3.0,0.0,0.0,0.0,1.0,0.0,10.0,0.0,0.0,,0.0,,0.0,0.0,0.0,1.0
2022-07-27,0.0,,0.0,0.0,0.0,0.0,0.0,0.0,0.0,0.0,0.0,,0.0,,0.0,0.0,0.0,0.0
2022-07-28,0.0,,28.0,3.0,26.0,32.0,24.0,12.0,0.0,0.0,6.0,,3.0,,8.0,16.0,8.0,13.0
2022-07-29,57.0,,18.0,0.0,10.0,46.0,43.0,7.0,4.0,33.0,23.0,,15.0,,7.0,15.0,3.0,8.0
2022-07-30,0.0,,0.0,0.0,0.0,0.0,0.0,0.0,1.0,0.0,0.0,,0.0,,0.0,0.0,0.0,1.0
2022-07-31,0.0,,7.0,0.0,35.0,29.0,1.0,0.0,0.0,0.0,25.0,,47.0,,4.0,1.0,0.0,0.0
2022-08-01,3.0,,0.0,0.0,0.0,6.0,1.0,2.0,8.0,0.0,0.0,,5.0,,0.0,4.0,0.0,5.0
2022-08-02,119.0,,45.0,40.0,38.0,90.0,33.0,5.0,38.0,0.0,28.0,,20.0,,12.0,72.0,11.0,14.0
2022-08-03,1.0,,19.0,3.0,0.0,0.0,2.0,6.0,1.0,0.0,2.0,,6.0,,5.0,0.0,3.0,5.0
2022-08-04,0.0,,15.0,0.0,10.0,2.0,25.0,0.0,0.0,0.0,9.0,,0.0,,0.0,4.0,0.0,18.0
2022-08-05,0.0,,0.0,0.0,0.0,0.0,0.0,0.0,0.0,0.0,0.0,,0.0,,0.0,1.0,0.0,0.0
2022-08-06,0.0,,,0.0,0.0,0.0,,0.0,,10.0,0.0,,,,0.0,0.0,,
2022-08-07,0.0,,,0.0,0.0,0.0,,0.0,,0.0,0.0,,,,0.0,0.0,,
2022-08-08,0.0,,,2.0,0.0,0.0,,0.0,,0.0,0.0,,,,1.0,0.0,,
2022-08-09,0.0,,,0.0,0.0,0.0,,0.0,,8.0,0.0,,,,0.0,0.0,,
2022-08-10,0.0,,,0.0,0.0,0.0,,0.0,,0.0,0.0,,,,0.0,0.0,,
2022-08-11,,,,,,,,,,,,,,,,,,
2022-08-12,,,,,,,,,,,,,,,,,,
2022-08-13,3.0,,4.0,0.0,0.0,1.0,0.0,0.0,5.0,0.0,0.0,,1.0,,0.0,0.0,0.0,7.0
2022-08-14,0.0,,62.0,0.0,3.0,10.0,0.0,0.0,33.0,0.0,0.0,,10.0,,0.0,0.0,0.0,0.0
2022-08-15,11.0,,1.0,0.0,1.0,0.0,0.0,0.0,0.0,0.0,0.0,,0.0,,6.0,0.0,0.0,0.0
2022-08-16,0.0,,0.0,0.0,0.0,0.0,0.0,0.0,0.0,0.0,0.0,,0.0,,0.0,0.0,0.0,0.0
2022-08-17,2.0,,0.0,0.0,0.0,0.0,0.0,0.0,0.0,0.0,0.0,,11.0,,8.0,0.0,0.0,0.0
2022-08-18,3.0,,2.0,15.0,35.0,0.0,5.0,0.0,12.0,0.0,0.0,,0.0,,0.0,27.0,16.0,1.0
2022-08-19,0.0,,17.0,15.0,3.0,39.0,0.0,0.0,0.0,33.0,0.0,,9.0,,0.0,4.0,12.0,18.0
2022-08-20,2.0,,43.0,3.0,24.0,66.0,4.0,0.0,0.0,0.0,32.0,,4.0,,0.0,57.0,4.0,26.0
2022-08-21,47.0,,3.0,0.0,0.0,0.0,1.0,0.0,3.0,0.0,0.0,,0.0,,0.0,0.0,0.0,1.0
2022-08-22,0.0,,0.0,1.0,0.0,0.0,0.0,16.0,0.0,0.0,0.0,,24.0,,6.0,0.0,3.0,1.0
2022-08-23,1.0,,29.0,2.0,3.0,10.0,6.0,0.0,4.0,0.0,11.0,,1.0,,0.0,0.0,0.0,1.0
2022-08-24,0.0,,0.0,0.0,4.0,14.0,16.0,1.0,7.0,0.0,5.0,,11.0,,3.0,0.0,0.0,0.0
2022-08-25,29.0,,7.0,4.0,3.0,3.0,37.0,17.0,12.0,0.0,18.0,,15.0,,13.0,9.0,11.0,15.0
2022-08-26,3.0,,4.0,15.0,24.0,15.0,4.0,8.0,6.0,0.0,17.0,,24.0,,14.0,11.0,14.0,13.0
2022-08-27,6.0,,4.0,22.0,27.0,110.0,10.0,42.0,33.0,0.0,51.0,,8.0,,3.0,28.0,18.0,10.0
2022-08-28,0.0,,,7.0,7.0,17.0,,33.0,,0.0,0.0,,,,39.0,34.0,,
2022-08-29,2.0,,,20.0,19.0,19.0,,10.0,,0.0,13.0,,,,6.0,0.0,,
2022-08-30,1.0,,,2.0,0.0,0.0,,0.0,,0.0,5.0,,,,8.0,0.0,,
2022-08-31,0.0,,,0.0,5.0,13.0,,0.0,,0.0,0.0,,,,3.0,0.0,,
2022-09-01,1.0,,,27.0,12.0,37.0,,31.0,,0.0,0.0,,,,13.0,1.0,,
2022-09-02,58.0,,,0.0,0.0,0.0,,0.0,,0.0,2.0,,,,0.0,11.0,,
2022-09-03,0.0,,,5.0,1.0,2.0,,3.0,,0.0,0.0,,,,2.0,4.0,,
2022-09-04,37.0,,,0.0,0.0,1.0,,0.0,,0.0,1.0,,,,1.0,1.0,,
2022-09-05,14.0,,32.0,0.0,3.0,4.0,14.0,22.0,6.0,0.0,17.0,,9.0,,1.0,6.0,2.0,9.0
2022-09-06,0.0,,40.0,0.0,1.0,4.0,84.0,0.0,0.0,0.0,11.0,,0.0,,0.0,0.0,0.0,1.0
2022-09-07,3.0,,1.0,20.0,0.0,0.0,1.0,17.0,2.0,1.0,0.0,,0.0,,1.0,0.0,38.0,3.0
2022-09-08,0.0,,0.0,0.0,0.0,0.0,0.0,25.0,3.0,0.0,0.0,,42.0,,21.0,78.0,2.0,13.0
2022-09-09,45.0,,2.0,16.0,6.0,11.0,10.0,8.0,38.0,1.0,0.0,,16.0,,24.0,6.0,43.0,85.0
2022-09-10,0.0,,1.0,0.0,0.0,0.0,0.0,0.0,1.0,0.0,1.0,,0.0,,0.0,0.0,0.0,0.0
2022-09-11,12.0,,54.0,9.0,4.0,10.0,27.0,24.0,0.0,13.0,10.0,,6.0,,15.0,20.0,39.0,12.0
2022-09-12,4.0,,1.0,0.0,0.0,0.0,1.0,14.0,1.0,9.0,6.0,,1.0,,1.0,0.0,0.0,1.0
2022-09-13,5.0,,0.0,0.0,0.0,0.0,0.0,0.0,0.0,0.0,0.0,,1.0,,0.0,0.0,0.0,7.0
2022-09-14,0.0,,0.0,0.0,0.0,0.0,0.0,0.0,0.0,0.0,0.0,,1.0,,0.0,0.0,0.0,0.0
2022-09-15,0.0,,0.0,0.0,17.0,22.0,1.0,0.0,0.0,0.0,22.0,,2.0,,0.0,0.0,0.0,0.0
2022-09-16,0.0,,0.0,0.0,0.0,1.0,0.0,0.0,0.0,8.0,3.0,,24.0,,0.0,0.0,0.0,0.0
2022-09-17,0.0,,1.0,0.0,30.0,23.0,3.0,1.0,0.0,0.0,0.0,,2.0,,0.0,3.0,0.0,0.0
2022-09-18,78.0,,21.0,2.0,12.0,10.0,21.0,5.0,55.0,13.0,16.0,,2.0,,4.0,14.0,5.0,8.0
2022-09-19,0.0,,0.0,0.0,0.0,0.0,0.0,0.0,0.0,0.0,0.0,,0.0,,0.0,0.0,0.0,0.0
2022-09-20,,,,,,,,,,,,,,,,,,
2022-09-21,,,,,,,,,,,,,,,,,,
2022-09-22,,,,,,,,,,,,,,,,,,
2022-09-23,,,,,,,,,,,,,,,,,,
2022-09-24,,,,,,,,,,,,,,,,,,
2022-09-25,,,,,,,,,,,,,,,,,,
2022-09-26,,,,,,,,,,,,,,,,,,
2022-09-27,0.0,,,1.0,0.0,0.0,,0.0,,0.0,0.0,,,,1.0,0.0,,
2022-09-28,0.0,,,0.0,0.0,0.0,,0.0,,0.0,0.0,,,,0.0,0.0,,
2022-09-29,15.0,,7.0,5.0,0.0,1.0,0.0,1.0,21.0,5.0,0.0,,4.0,,7.0,6.0,1.0,7.0
2022-09-30,0.0,,0.0,0.0,1.0,1.0,0.0,9.0,0.0,0.0,0.0,,1.0,,0.0,0.0,0.0,0.0
2022-10-01,4.0,,1.0,16.0,4.0,6.0,4.0,13.0,16.0,0.0,9.0,,11.0,,3.0,6.0,9.0,3.0
2022-10-02,11.0,,12.0,119.0,4.0,6.0,22.0,55.0,16.0,0.0,10.0,,64.0,,81.0,50.0,65.0,28.0
2022-10-03,1.0,,0.0,0.0,0.0,0.0,0.0,0.0,6.0,0.0,6.0,,0.0,,0.0,0.0,0.0,0.0
2022-10-04,,,,,,,,,,,,,,,,,,
2022-10-05,47.0,,38.0,5.0,18.0,14.0,39.0,6.0,27.0,0.0,26.0,,9.0,,7.0,15.0,8.0,14.0
2022-10-06,6.0,,6.0,2.0,1.0,1.0,4.0,0.0,12.0,0.0,1.0,,1.0,,0.0,1.0,0.0,0.0
2022-10-07,12.0,,13.0,2.0,17.0,12.0,1.0,3.0,31.0,0.0,0.0,,5.0,,2.0,5.0,2.0,4.0
2022-10-08,0.0,,0.0,0.0,0.0,0.0,4.0,1.0,0.0,1.0,0.0,,1.0,,1.0,0.0,1.0,0.0
2022-10-09,0.0,,0.0,0.0,4.0,0.0,0.0,0.0,0.0,0.0,0.0,,0.0,,0.0,0.0,0.0,1.0
2022-10-10,25.0,,4.0,12.0,29.0,13.0,7.0,18.0,2.0,5.0,2.0,,21.0,,35.0,54.0,45.0,41.0
2022-10-11,45.0,,1.0,0.0,0.0,0.0,1.0,0.0,7.0,28.0,0.0,,0.0,,0.0,0.0,0.0,1.0
2022-10-12,3.0,,1.0,3.0,0.0,2.0,2.0,3.0,2.0,3.0,6.0,,6.0,,4.0,1.0,3.0,1.0
2022-10-13,0.0,,0.0,0.0,2.0,0.0,2.0,9.0,0.0,0.0,0.0,,15.0,,5.0,36.0,12.0,7.0
2022-10-14,0.0,,3.0,4.0,5.0,4.0,2.0,12.0,1.0,0.0,1.0,,14.0,,3.0,1.0,22.0,26.0
2022-10-15,0.0,,1.0,1.0,0.0,0.0,14.0,0.0,2.0,0.0,0.0,,0.0,,4.0,2.0,5.0,1.0
2022-10-16,5.0,,0.0,3.0,0.0,0.0,0.0,0.0,19.0,0.0,0.0,,2.0,,2.0,8.0,2.0,1.0
2022-10-17,12.0,,3.0,0.0,0.0,0.0,0.0,0.0,10.0,0.0,0.0,,0.0,,0.0,0.0,0.0,0.0
2022-10-18,0.0,,0.0,0.0,0.0,0.0,0.0,0.0,0.0,0.0,0.0,,1.0,,3.0,0.0,0.0,0.0
2022-10-19,0.0,,0.0,12.0,0.0,0.0,0.0,1.0,0.0,26.0,0.0,,1.0,,0.0,4.0,9.0,6.0
2022-10-20,0.0,,0.0,0.0,0.0,0.0,0.0,0.0,0.0,0.0,0.0,,0.0,,0.0,0.0,1.0,0.0
2022-10-21,14.0,,29.0,23.0,5.0,22.0,42.0,8.0,6.0,71.0,16.0,,7.0,,10.0,17.0,33.0,32.0
2022-10-22,1.0,,5.0,0.0,0.0,0.0,5.0,0.0,1.0,3.0,0.0,,0.0,,0.0,0.0,1.0,0.0
2022-10-23,0.0,,1.0,1.0,0.0,1.0,0.0,0.0,1.0,1.0,0.0,,1.0,,0.0,0.0,1.0,0.0
2022-10-24,,,2.0,,,,,,,,,,,,,,,
2022-10-25,7.0,,1.0,1.0,23.0,12.0,10.0,45.0,57.0,55.0,15.0,,32.0,,54.0,3.0,4.0,17.0
2022-10-26,0.0,,1.0,5.0,0.0,0.0,0.0,0.0,2.0,0.0,0.0,,3.0,,1.0,2.0,8.0,10.0
2022-10-27,0.0,,2.0,2.0,0.0,0.0,2.0,1.0,0.0,2.0,3.0,,1.0,,0.0,2.0,2.0,2.0
2022-10-28,5.0,,0.0,28.0,11.0,8.0,0.0,22.0,3.0,3.0,0.0,,20.0,,12.0,19.0,21.0,20.0
2022-10-29,0.0,,0.0,0.0,0.0,0.0,0.0,0.0,1.0,19.0,0.0,,0.0,,0.0,0.0,1.0,0.0
2022-10-30,23.0,,31.0,6.0,7.0,3.0,24.0,0.0,9.0,16.0,17.0,,11.0,,18.0,11.0,10.0,18.0
2022-10-31,30.0,,23.0,4.0,23.0,23.0,52.0,2.0,38.0,24.0,28.0,,5.0,,6.0,7.0,4.0,4.0
2022-11-01,,,4.0,,,,2.0,,5.0,,,,0.0,,,,1.0,4.0
2022-11-02,,,1.0,,,,,,,,,,,,,,,1.0
2022-11-03,,,0.0,,,,0.0,,2.0,,,,0.0,,,,0.0,0.0
2022-11-04,,,4.0,,,,0.0,,0.0,,,,35.0,,,,1.0,1.0
2022-11-05,,,22.0,,,,15.0,,14.0,,,,7.0,,,,5.0,5.0
2022-11-06,,,0.0,,,,13.0,,1.0,,,,17.0,,,,21.0,32.0
2022-11-07,,,1.0,,,,0.0,,0.0,,,,1.0,,,,0.0,0.0
2022-11-08,3.0,,5.0,21.0,13.0,9.0,2.0,5.0,25.0,6.0,7.0,,1.0,,11.0,11.0,22.0,4.0
2022-11-09,0.0,,1.0,0.0,1.0,0.0,8.0,0.0,3.0,33.0,12.0,,1.0,,0.0,0.0,10.0,0.0
2022-11-10,23.0,,17.0,12.0,36.0,19.0,19.0,19.0,16.0,24.0,23.0,,33.0,,20.0,11.0,11.0,7.0
2022-11-11,0.0,,43.0,19.0,27.0,63.0,36.0,4.0,85.0,13.0,12.0,,3.0,,3.0,88.0,37.0,39.0
2022-11-12,,,35.0,83.0,23.0,42.0,102.0,70.0,29.0,70.0,89.0,,49.0,,28.0,110.0,94.0,39.0
2022-11-13,,,29.0,0.0,27.0,1.0,1.0,4.0,7.0,0.0,0.0,,0.0,,0.0,3.0,0.0,103.0
2022-11-14,0.0,,14.0,15.0,16.0,55.0,44.0,9.0,5.0,7.0,38.0,,30.0,,10.0,18.0,17.0,103.0
2022-11-15,7.0,,4.0,31.0,7.0,9.0,2.0,38.0,9.0,0.0,2.0,,34.0,,16.0,9.0,28.0,128.0
2022-11-16,23.0,,22.0,9.0,6.0,10.0,3.0,20.0,18.0,0.0,5.0,,31.0,,13.0,23.0,12.0,128.0
2022-11-17,1.0,,0.0,0.0,0.0,0.0,1.0,0.0,1.0,0.0,0.0,,1.0,,0.0,0.0,1.0,
2022-11-18,0.0,,0.0,0.0,0.0,0.0,0.0,0.0,0.0,0.0,0.0,,0.0,,0.0,0.0,0.0,
2022-11-19,9.0,,25.0,49.0,19.0,26.0,22.0,13.0,9.0,21.0,17.0,,18.0,,19.0,37.0,41.0,
2022-11-20,0.0,,0.0,0.0,1.0,0.0,0.0,5.0,0.0,0.0,0.0,,1.0,,2.0,0.0,0.0,128.0
2022-11-21,4.0,,7.0,3.0,4.0,4.0,3.0,3.0,2.0,2.0,3.0,,2.0,,2.0,6.0,5.0,0.0
2022-11-22,0.0,,0.0,0.0,0.0,0.0,0.0,0.0,1.0,0.0,0.0,,0.0,,1.0,0.0,0.0,0.0
2022-11-23,0.0,,3.0,6.0,4.0,5.0,5.0,2.0,20.0,0.0,3.0,,8.0,,7.0,1.0,4.0,4.0
2022-11-24,7.0,,0.0,2.0,5.0,7.0,25.0,0.0,0.0,0.0,0.0,,0.0,,0.0,2.0,10.0,17.0
2022-11-25,6.0,,3.0,0.0,0.0,0.0,1.0,0.0,13.0,0.0,0.0,,0.0,,0.0,0.0,0.0,0.0
2022-11-26,15.0,,1.0,0.0,0.0,0.0,0.0,0.0,0.0,0.0,0.0,,0.0,,0.0,0.0,0.0,0.0
2022-11-27,28.0,,1.0,2.0,0.0,9.0,16.0,2.0,1.0,0.0,2.0,,9.0,,5.0,4.0,1.0,0.0
2022-11-28,1.0,,12.0,3.0,51.0,29.0,0.0,8.0,89.0,0.0,16.0,,66.0,,9.0,25.0,17.0,5.0
2022-11-29,2.0,,2.0,3.0,9.0,1.0,1.0,11.0,1.0,0.0,0.0,,17.0,,6.0,1.0,3.0,1.0
2022-11-30,35.0,,6.0,29.0,36.0,15.0,23.0,29.0,11.0,0.0,12.0,,15.0,,38.0,42.0,18.0,34.0
2022-12-01,15.0,,0.0,3.0,0.0,1.0,5.0,0.0,7.0,0.0,4.0,,1.0,,9.0,5.0,6.0,3.0
2022-12-02,0.0,,1.0,17.0,10.0,18.0,2.0,2.0,7.0,6.0,3.0,,17.0,,4.0,11.0,49.0,12.0
2022-12-03,0.0,,0.0,1.0,0.0,0.0,0.0,0.0,4.0,4.0,3.0,,1.0,,11.0,0.0,1.0,0.0
2022-12-04,0.0,,20.0,0.0,0.0,0.0,9.0,0.0,3.0,0.0,3.0,,1.0,,0.0,0.0,0.0,1.0
2022-12-05,0.0,,10.0,5.0,33.0,0.0,0.0,2.0,26.0,0.0,0.0,,33.0,,10.0,1.0,7.0,14.0
2022-12-06,4.0,,2.0,2.0,2.0,0.0,13.0,0.0,1.0,11.0,13.0,,1.0,,3.0,5.0,0.0,1.0
2022-12-07,5.0,,2.0,0.0,2.0,5.0,4.0,0.0,5.0,0.0,8.0,,1.0,,23.0,0.0,0.0,0.0
2022-12-08,2.0,,2.0,3.0,2.0,3.0,2.0,4.0,4.0,1.0,1.0,,25.0,,12.0,0.0,5.0,2.0
2022-12-09,0.0,,3.0,7.0,0.0,7.0,3.0,10.0,2.0,19.0,19.0,,12.0,,13.0,2.0,5.0,4.0
2022-12-10,0.0,,0.0,0.0,0.0,0.0,1.0,0.0,0.0,0.0,12.0,,0.0,,0.0,0.0,0.0,1.0
2022-12-11,38.0,,11.0,1.0,5.0,5.0,20.0,4.0,77.0,13.0,24.0,,6.0,,5.0,7.0,6.0,6.0
2022-12-12,0.0,,1.0,0.0,0.0,0.0,0.0,0.0,2.0,0.0,0.0,,0.0,,0.0,0.0,0.0,1.0
2022-12-13,29.0,,35.0,0.0,13.0,7.0,15.0,13.0,60.0,14.0,17.0,,14.0,,6.0,4.0,14.0,13.0
2022-12-14,9.0,,7.0,0.0,14.0,13.0,6.0,8.0,16.0,7.0,16.0,,27.0,,13.0,4.0,5.0,6.0
2022-12-15,5.0,,2.0,0.0,2.0,3.0,3.0,4.0,20.0,5.0,5.0,,7.0,,5.0,1.0,3.0,3.0
2022-12-16,,,0.0,,,,5.0,,0.0,,,,0.0,,,,0.0,0.0
2022-12-17,,,0.0,,,,13.0,,23.0,,,,6.0,,,,36.0,7.0
2022-12-18,2.0,,18.0,0.0,8.0,16.0,13.0,5.0,2.0,5.0,75.0,,5.0,,0.0,20.0,16.0,29.0
2022-12-19,3.0,,0.0,0.0,3.0,0.0,1.0,0.0,2.0,1.0,0.0,,0.0,,0.0,0.0,0.0,0.0
2022-12-20,0.0,,5.0,0.0,0.0,0.0,0.0,0.0,2.0,0.0,0.0,,0.0,,0.0,0.0,0.0,0.0
2022-12-21,0.0,,0.0,0.0,0.0,0.0,17.0,2.0,4.0,0.0,0.0,,26.0,,16.0,0.0,0.0,0.0
2022-12-22,9.0,,1.0,0.0,1.0,0.0,9.0,0.0,5.0,4.0,2.0,,3.0,,0.0,0.0,6.0,3.0
2022-12-23,1.0,,5.0,0.0,2.0,1.0,3.0,3.0,2.0,2.0,2.0,,3.0,,3.0,0.0,2.0,1.0
2022-12-24,0.0,,1.0,0.0,0.0,0.0,0.0,0.0,0.0,0.0,0.0,,1.0,,0.0,0.0,0.0,1.0
2022-12-25,0.0,,0.0,0.0,0.0,0.0,0.0,0.0,0.0,0.0,0.0,,0.0,,0.0,0.0,0.0,0.0
2022-12-26,0.0,,0.0,0.0,0.0,0.0,0.0,0.0,0.0,0.0,0.0,,0.0,,0.0,0.0,0.0,0.0
2022-12-27,0.0,,2.0,0.0,0.0,0.0,0.0,0.0,0.0,0.0,0.0,,0.0,,0.0,0.0,1.0,0.0
2022-12-28,,,0.0,,,,0.0,,0.0,,,,0.0,,,,3.0,2.0
2022-12-29,,,2.0,,,,3.0,,7.0,,,,8.0,,,,3.0,3.0
2022-12-30,,,0.0,,,,0.0,,0.0,,,,0.0,,,,0.0,0.0
2022-12-31,,,1.0,,,,0.0,,0.0,,,,0.0,,,,0.0,0.0
2023-01-01,,,1.0,,,,0.0,,0.0,,,,0.0,,,,0.0,0.0
2023-01-02,,,,,,,,,,,,,,,,,,
2023-01-03,,,,,,,,,,,,,,,,,,
2023-01-04,,,0.0,,,,12.0,,20.0,,,,9.0,,,,0.0,0.0
2023-01-05,3.0,,1.0,0.0,0.0,0.0,5.0,0.0,1.0,0.0,3.0,,0.0,,0.0,0.0,0.0,0.0
2023-01-06,0.0,,0.0,0.0,0.0,2.0,0.0,0.0,1.0,0.0,0.0,,0.0,,0.0,0.0,0.0,0.0
2023-01-07,0.0,,0.0,0.0,0.0,5.0,3.0,0.0,10.0,2.0,9.0,,0.0,,1.0,0.0,0.0,0.0
2023-01-08,0.0,,0.0,0.0,2.0,0.0,2.0,0.0,1.0,0.0,0.0,,1.0,,0.0,0.0,2.0,3.0
2023-01-09,8.0,,7.0,0.0,0.0,1.0,39.0,0.0,40.0,14.0,6.0,,0.0,,0.0,2.0,0.0,0.0
2023-01-10,2.0,,44.0,0.0,1.0,12.0,70.0,0.0,2.0,18.0,28.0,,6.0,,0.0,4.0,6.0,5.0
2023-01-11,2.0,,69.0,0.0,4.0,1.0,19.0,0.0,0.0,36.0,40.0,,1.0,,0.0,0.0,5.0,1.0
2023-01-12,0.0,,0.0,0.0,81.0,1.0,0.0,1.0,1.0,0.0,0.0,,39.0,,46.0,0.0,8.0,1.0
2023-01-13,34.0,,0.0,0.0,0.0,0.0,0.0,4.0,14.0,0.0,10.0,,0.0,,1.0,9.0,2.0,30.0
2023-01-14,0.0,,4.0,0.0,5.0,2.0,0.0,2.0,0.0,0.0,3.0,,0.0,,0.0,2.0,0.0,4.0
2023-01-15,0.0,,1.0,0.0,1.0,4.0,0.0,4.0,1.0,1.0,1.0,,24.0,,3.0,0.0,0.0,1.0
2023-01-16,0.0,,1.0,0.0,1.0,2.0,1.0,0.0,2.0,0.0,5.0,,1.0,,0.0,0.0,1.0,1.0
2023-01-17,0.0,,1.0,0.0,0.0,0.0,0.0,0.0,0.0,0.0,0.0,,0.0,,0.0,0.0,0.0,0.0
2023-01-18,0.0,,0.0,0.0,2.0,0.0,0.0,0.0,2.0,0.0,0.0,,2.0,,0.0,0.0,0.0,0.0
2023-01-19,0.0,,3.0,0.0,9.0,2.0,7.0,2.0,30.0,4.0,8.0,,7.0,,0.0,1.0,1.0,1.0
2023-01-20,0.0,,6.0,1.0,4.0,5.0,9.0,5.0,8.0,13.0,9.0,,4.0,,2.0,2.0,3.0,2.0
2023-01-21,0.0,,0.0,0.0,0.0,6.0,0.0,2.0,1.0,0.0,0.0,,15.0,,10.0,5.0,12.0,1.0
2023-01-22,3.0,,45.0,0.0,63.0,30.0,23.0,61.0,21.0,18.0,22.0,,66.0,,33.0,55.0,68.0,69.0
2023-01-23,8.0,,37.0,0.0,70.0,92.0,101.0,15.0,44.0,51.0,55.0,,56.0,,26.0,27.0,14.0,69.0
2023-01-24,62.0,,60.0,0.0,87.0,94.0,88.0,81.0,50.0,132.0,110.0,,119.0,,79.0,59.0,63.0,83.0
2023-01-25,107.0,,59.0,0.0,67.0,72.0,64.0,75.0,96.0,45.0,44.0,,98.0,,62.0,31.0,50.0,138.0
2023-01-26,14.0,,15.0,0.0,10.0,23.0,10.0,3.0,37.0,18.0,14.0,,10.0,,5.0,3.0,4.0,142.0
2023-01-27,0.0,,0.0,0.0,0.0,0.0,0.0,0.0,1.0,0.0,0.0,,0.0,,0.0,0.0,21.0,142.0
2023-01-28,36.0,,10.0,0.0,9.0,12.0,26.0,7.0,40.0,30.0,27.0,,21.0,,15.0,3.0,5.0,0.0
2023-01-29,40.0,,22.0,0.0,22.0,26.0,43.0,17.0,53.0,65.0,60.0,,22.0,,14.0,7.0,9.0,
2023-01-30,2.0,,2.0,0.0,3.0,3.0,3.0,4.0,3.0,4.0,1.0,,5.0,,4.0,2.0,12.0,5.0
2023-01-31,24.0,,6.0,0.0,6.0,30.0,18.0,1.0,27.0,20.0,20.0,,7.0,,4.0,0.0,1.0,6.0
2023-02-01,0.0,,0.0,0.0,0.0,0.0,0.0,0.0,0.0,0.0,0.0,,0.0,,0.0,0.0,0.0,6.0
2023-02-02,0.0,,1.0,0.0,0.0,4.0,0.0,0.0,0.0,0.0,0.0,,0.0,,0.0,0.0,0.0,
2023-02-03,0.0,,1.0,0.0,27.0,2.0,0.0,7.0,0.0,0.0,0.0,,0.0,,3.0,3.0,1.0,
2023-02-04,49.0,,29.0,0.0,30.0,63.0,30.0,17.0,28.0,46.0,25.0,,21.0,,38.0,15.0,27.0,
2023-02-05,5.0,,4.0,0.0,3.0,27.0,10.0,9.0,0.0,12.0,25.0,,16.0,,6.0,5.0,1.0,
2023-02-06,0.0,,0.0,0.0,0.0,0.0,0.0,0.0,0.0,0.0,0.0,,0.0,,0.0,0.0,0.0,
2023-02-07,0.0,,0.0,0.0,0.0,0.0,0.0,0.0,0.0,0.0,0.0,,1.0,,0.0,0.0,0.0,
2023-02-08,0.0,,0.0,,0.0,0.0,0.0,0.0,0.0,0.0,0.0,,0.0,,0.0,0.0,0.0,
2023-02-09,0.0,,0.0,0.0,0.0,0.0,0.0,0.0,0.0,0.0,0.0,,0.0,,0.0,0.0,0.0,
2023-02-10,5.0,,0.0,0.0,0.0,0.0,5.0,0.0,2.0,5.0,6.0,,0.0,,0.0,2.0,11.0,
2023-02-11,0.0,,2.0,0.0,2.0,8.0,5.0,16.0,1.0,0.0,8.0,,0.0,,0.0,2.0,2.0,
2023-02-12,74.0,,16.0,0.0,16.0,3.0,27.0,8.0,28.0,22.0,26.0,,1.0,,7.0,10.0,13.0,
2023-02-13,0.0,,8.0,0.0,0.0,0.0,0.0,0.0,7.0,0.0,0.0,,1.0,,0.0,0.0,0.0,
2023-02-14,1.0,,23.0,0.0,5.0,2.0,2.0,2.0,2.0,1.0,0.0,,0.0,,0.0,3.0,6.0,39.0
2023-02-15,7.0,,6.0,0.0,0.0,0.0,0.0,0.0,16.0,0.0,0.0,,1.0,,0.0,0.0,0.0,0.0
2023-02-16,,,,,,,,,,,,,,,,,,
2023-02-17,0.0,,0.0,0.0,0.0,0.0,0.0,0.0,0.0,0.0,0.0,,0.0,,3.0,0.0,0.0,0.0
2023-02-18,0.0,,0.0,0.0,0.0,0.0,0.0,0.0,0.0,0.0,0.0,,0.0,,0.0,0.0,0.0,0.0
2023-02-19,0.0,,0.0,0.0,0.0,0.0,0.0,0.0,0.0,0.0,0.0,,0.0,,0.0,0.0,0.0,0.0
2023-02-20,2.0,,1.0,0.0,0.0,0.0,0.0,0.0,0.0,4.0,0.0,,2.0,,0.0,0.0,0.0,0.0
2023-02-21,0.0,,1.0,0.0,0.0,0.0,0.0,0.0,0.0,0.0,0.0,,1.0,,0.0,0.0,1.0,0.0
2023-02-22,0.0,,6.0,0.0,0.0,0.0,0.0,0.0,0.0,0.0,0.0,,0.0,,0.0,0.0,0.0,0.0
2023-02-23,0.0,,3.0,0.0,0.0,0.0,0.0,0.0,0.0,0.0,0.0,,0.0,,0.0,0.0,0.0,0.0
2023-02-24,0.0,,0.0,0.0,0.0,0.0,0.0,0.0,0.0,0.0,0.0,,0.0,,0.0,0.0,0.0,0.0
2023-02-25,0.0,,0.0,0.0,0.0,0.0,0.0,0.0,0.0,0.0,0.0,,0.0,,0.0,0.0,0.0,0.0
2023-02-26,5.0,,1.0,0.0,1.0,0.0,7.0,0.0,2.0,4.0,0.0,,3.0,,7.0,2.0,1.0,5.0
2023-02-27,6.0,,3.0,0.0,21.0,14.0,1.0,0.0,4.0,3.0,3.0,,3.0,,3.0,0.0,9.0,3.0
2023-02-28,92.0,,132.0,1.0,137.0,159.0,121.0,0.0,46.0,70.0,136.0,,166.0,,133.0,111.0,136.0,143.0
2023-03-01,95.0,,85.0,0.0,49.0,209.0,114.0,0.0,110.0,176.0,166.0,,207.0,,175.0,138.0,106.0,112.0
2023-03-02,68.0,,48.0,0.0,0.0,16.0,56.0,0.0,47.0,31.0,34.0,,43.0,,27.0,10.0,13.0,12.0
2023-03-03,54.0,,31.0,10.0,0.0,76.0,42.0,0.0,69.0,37.0,24.0,,67.0,,41.0,15.0,21.0,20.0
2023-03-04,29.0,,51.0,19.0,0.0,52.0,48.0,0.0,61.0,52.0,54.0,,54.0,,63.0,60.0,73.0,61.0
2023-03-05,9.0,,11.0,3.0,0.0,12.0,13.0,0.0,21.0,3.0,2.0,,5.0,,5.0,11.0,11.0,9.0
2023-03-06,0.0,,0.0,0.0,0.0,0.0,0.0,0.0,5.0,0.0,0.0,,0.0,,0.0,2.0,0.0,1.0
2023-03-07,0.0,,0.0,0.0,0.0,2.0,1.0,0.0,3.0,22.0,0.0,,2.0,,1.0,1.0,0.0,0.0
2023-03-08,0.0,,6.0,0.0,0.0,9.0,0.0,0.0,0.0,0.0,1.0,,0.0,,29.0,0.0,5.0,0.0
2023-03-09,0.0,,0.0,0.0,0.0,0.0,0.0,0.0,0.0,0.0,0.0,,0.0,,0.0,0.0,0.0,1.0
2023-03-10,0.0,,0.0,0.0,0.0,0.0,0.0,0.0,0.0,0.0,0.0,,0.0,,0.0,1.0,0.0,0.0
2023-03-11,0.0,,0.0,0.0,0.0,0.0,0.0,0.0,0.0,0.0,0.0,,0.0,,0.0,0.0,0.0,0.0
2023-03-12,0.0,,,11.0,0.0,12.0,,0.0,,0.0,0.0,,,,0.0,0.0,,
2023-03-13,0.0,,1.0,0.0,0.0,0.0,0.0,0.0,0.0,0.0,0.0,,0.0,,0.0,0.0,0.0,
2023-03-14,,,,,,,,,,,,,,,,,,
2023-03-15,,,,,,,,,,,,,,,,,,
2023-03-16,0.0,,2.0,0.0,0.0,0.0,0.0,0.0,0.0,0.0,0.0,,0.0,,0.0,0.0,0.0,0.0
2023-03-17,0.0,,0.0,0.0,0.0,0.0,0.0,0.0,0.0,0.0,0.0,,0.0,,0.0,0.0,0.0,0.0
2023-03-18,0.0,,0.0,0.0,0.0,0.0,0.0,0.0,0.0,0.0,0.0,,0.0,,0.0,0.0,0.0,0.0
2023-03-19,0.0,,0.0,0.0,0.0,0.0,0.0,0.0,0.0,0.0,0.0,,0.0,,0.0,0.0,0.0,0.0
2023-03-20,0.0,,0.0,,0.0,0.0,0.0,0.0,0.0,0.0,0.0,,1.0,,0.0,1.0,11.0,1.0
2023-03-21,0.0,,0.0,,0.0,0.0,0.0,0.0,1.0,0.0,0.0,,0.0,,0.0,0.0,0.0,0.0
2023-03-22,,,,,,,,,,,,,,,,,,
2023-03-23,0.0,,0.0,,0.0,0.0,0.0,0.0,0.0,0.0,0.0,,0.0,,0.0,1.0,0.0,0.0
2023-03-24,0.0,,1.0,,6.0,0.0,1.0,0.0,24.0,0.0,9.0,,0.0,,0.0,3.0,21.0,0.0
2023-03-25,40.0,,44.0,,3.0,121.0,42.0,0.0,48.0,86.0,16.0,,39.0,,28.0,8.0,15.0,20.0
2023-03-26,0.0,,0.0,,0.0,0.0,20.0,0.0,0.0,0.0,5.0,,9.0,,0.0,0.0,1.0,1.0
2023-03-27,2.0,,19.0,,0.0,15.0,4.0,0.0,21.0,2.0,1.0,,1.0,,14.0,18.0,4.0,11.0
2023-03-28,0.0,,1.0,,0.0,0.0,0.0,0.0,0.0,0.0,0.0,,0.0,,0.0,1.0,11.0,1.0
2023-03-29,0.0,,0.0,0.0,0.0,0.0,0.0,0.0,0.0,0.0,0.0,,0.0,,2.0,0.0,4.0,1.0
2023-03-30,0.0,,21.0,0.0,1.0,9.0,0.0,0.0,0.0,0.0,0.0,,0.0,,0.0,0.0,20.0,1.0
2023-03-31,0.0,,0.0,1.0,2.0,4.0,0.0,0.0,0.0,0.0,0.0,,0.0,,0.0,2.0,3.0,13.0
2023-04-01,0.0,,29.0,2.0,0.0,2.0,59.0,0.0,8.0,0.0,1.0,,55.0,,0.0,4.0,10.0,20.0
2023-04-02,0.0,,9.0,21.0,0.0,20.0,1.0,0.0,14.0,0.0,16.0,,9.0,,1.0,0.0,1.0,14.0
2023-04-03,15.0,,36.0,1.0,0.0,11.0,31.0,0.0,18.0,26.0,34.0,,3.0,,1.0,3.0,2.0,2.0
2023-04-04,0.0,,3.0,0.0,0.0,0.0,0.0,0.0,9.0,0.0,0.0,,1.0,,0.0,0.0,0.0,0.0
2023-04-05,,,5.0,,,,,,,,,,,,,,,
2023-04-06,0.0,,4.0,0.0,0.0,0.0,0.0,0.0,1.0,0.0,0.0,,0.0,,1.0,0.0,0.0,3.0
2023-04-07,23.0,,67.0,4.0,0.0,0.0,1.0,16.0,0.0,0.0,0.0,,6.0,,2.0,12.0,14.0,10.0
2023-04-08,0.0,,1.0,0.0,23.0,9.0,14.0,15.0,2.0,19.0,36.0,,8.0,,5.0,1.0,24.0,30.0
2023-04-09,0.0,,1.0,0.0,0.0,0.0,0.0,0.0,0.0,0.0,0.0,,0.0,,0.0,0.0,6.0,0.0
2023-04-10,0.0,,0.0,0.0,0.0,1.0,0.0,0.0,0.0,0.0,0.0,,0.0,,0.0,14.0,0.0,2.0
2023-04-11,0.0,,0.0,0.0,0.0,0.0,0.0,0.0,0.0,0.0,0.0,,0.0,,0.0,0.0,1.0,0.0
2023-04-12,1.0,,0.0,0.0,0.0,0.0,1.0,0.0,0.0,0.0,0.0,,0.0,,0.0,0.0,0.0,0.0
2023-04-13,0.0,,14.0,3.0,13.0,16.0,3.0,5.0,4.0,0.0,24.0,,10.0,,10.0,0.0,0.0,0.0
2023-04-14,0.0,,1.0,3.0,5.0,0.0,0.0,29.0,1.0,0.0,0.0,,0.0,,4.0,15.0,10.0,40.0
2023-04-15,0.0,,7.0,0.0,5.0,20.0,29.0,26.0,2.0,0.0,24.0,,58.0,,45.0,0.0,1.0,3.0
2023-04-16,0.0,,15.0,0.0,0.0,0.0,0.0,0.0,1.0,0.0,0.0,,0.0,,0.0,15.0,5.0,1.0
2023-04-17,1.0,,3.0,0.0,17.0,27.0,35.0,19.0,13.0,36.0,15.0,,10.0,,33.0,0.0,0.0,2.0
2023-04-18,0.0,,27.0,21.0,0.0,0.0,0.0,6.0,1.0,0.0,0.0,,0.0,,0.0,1.0,55.0,0.0
2023-04-19,0.0,,33.0,3.0,4.0,0.0,0.0,7.0,0.0,0.0,0.0,,26.0,,4.0,0.0,25.0,2.0
2023-04-20,0.0,,10.0,3.0,0.0,4.0,0.0,0.0,0.0,2.0,0.0,,0.0,,0.0,0.0,1.0,0.0
2023-04-21,0.0,,1.0,7.0,6.0,2.0,0.0,2.0,0.0,0.0,0.0,,1.0,,1.0,0.0,15.0,2.0
2023-04-22,0.0,,6.0,0.0,0.0,0.0,0.0,0.0,3.0,0.0,0.0,,0.0,,0.0,25.0,0.0,3.0
2023-04-23,0.0,,2.0,0.0,3.0,13.0,4.0,0.0,0.0,1.0,0.0,,40.0,,0.0,0.0,0.0,0.0
2023-04-24,0.0,,0.0,0.0,0.0,0.0,0.0,0.0,0.0,0.0,0.0,,1.0,,0.0,10.0,14.0,0.0
2023-04-25,1.0,,6.0,24.0,1.0,15.0,1.0,2.0,6.0,1.0,8.0,,5.0,,2.0,0.0,7.0,4.0
2023-04-26,0.0,,1.0,0.0,3.0,4.0,0.0,0.0,0.0,0.0,0.0,,2.0,,15.0,0.0,0.0,0.0
2023-04-27,0.0,,0.0,10.0,21.0,15.0,4.0,11.0,0.0,0.0,3.0,,17.0,,7.0,0.0,7.0,29.0
2023-04-28,0.0,,0.0,7.0,1.0,47.0,43.0,0.0,13.0,1.0,16.0,,6.0,,0.0,0.0,0.0,17.0
2023-04-29,0.0,,1.0,0.0,35.0,14.0,0.0,4.0,3.0,0.0,8.0,,23.0,,2.0,0.0,1.0,2.0
2023-04-30,0.0,,0.0,10.0,0.0,15.0,0.0,0.0,22.0,0.0,3.0,,1.0,,0.0,0.0,4.0,1.0
2023-05-01,0.0,,0.0,0.0,0.0,0.0,0.0,0.0,1.0,0.0,0.0,,0.0,,0.0,0.0,2.0,0.0
2023-05-02,0.0,,3.0,0.0,0.0,0.0,2.0,0.0,0.0,0.0,0.0,,0.0,,0.0,0.0,0.0,0.0
2023-05-03,0.0,,11.0,1.0,2.0,0.0,62.0,17.0,20.0,5.0,1.0,,2.0,,1.0,11.0,13.0,21.0
2023-05-04,0.0,,19.0,1.0,43.0,123.0,68.0,1.0,34.0,0.0,64.0,,2.0,,0.0,13.0,2.0,2.0
2023-05-05,0.0,,33.0,0.0,0.0,0.0,34.0,14.0,0.0,0.0,0.0,,32.0,,69.0,0.0,0.0,1.0
2023-05-06,0.0,,0.0,0.0,0.0,0.0,0.0,0.0,0.0,0.0,0.0,,0.0,,0.0,0.0,0.0,0.0
2023-05-07,0.0,,3.0,1.0,21.0,4.0,1.0,1.0,1.0,0.0,1.0,,2.0,,0.0,37.0,17.0,14.0
2023-05-08,0.0,,0.0,0.0,0.0,0.0,0.0,0.0,0.0,0.0,0.0,,0.0,,0.0,0.0,0.0,0.0
2023-05-09,0.0,,0.0,0.0,0.0,0.0,0.0,0.0,0.0,0.0,0.0,,0.0,,0.0,0.0,0.0,0.0
2023-05-10,0.0,,1.0,0.0,0.0,0.0,3.0,0.0,0.0,2.0,0.0,,0.0,,0.0,0.0,0.0,0.0
2023-05-11,0.0,,0.0,0.0,14.0,2.0,0.0,5.0,0.0,0.0,0.0,,12.0,,4.0,0.0,0.0,0.0
2023-05-12,0.0,,0.0,0.0,0.0,0.0,0.0,0.0,0.0,0.0,0.0,,0.0,,0.0,0.0,0.0,0.0
2023-05-13,0.0,,0.0,0.0,0.0,0.0,0.0,0.0,0.0,0.0,0.0,,0.0,,0.0,0.0,0.0,0.0
2023-05-14,0.0,,1.0,,0.0,0.0,1.0,0.0,0.0,44.0,0.0,,0.0,,0.0,0.0,0.0,0.0
2023-05-15,0.0,,54.0,,2.0,3.0,32.0,6.0,0.0,18.0,0.0,,5.0,,2.0,13.0,12.0,32.0
2023-05-16,0.0,,0.0,,0.0,0.0,0.0,0.0,7.0,0.0,0.0,,0.0,,0.0,0.0,1.0,0.0
2023-05-17,0.0,,3.0,,0.0,0.0,3.0,2.0,1.0,0.0,0.0,,3.0,,0.0,0.0,0.0,0.0
2023-05-18,0.0,,0.0,,0.0,0.0,0.0,0.0,4.0,4.0,8.0,,0.0,,7.0,0.0,0.0,0.0
2023-05-19,0.0,,0.0,,0.0,0.0,0.0,0.0,4.0,0.0,0.0,,0.0,,0.0,0.0,0.0,0.0
2023-05-20,0.0,,0.0,,0.0,0.0,13.0,0.0,17.0,5.0,0.0,,0.0,,0.0,0.0,0.0,1.0
2023-05-21,0.0,,36.0,,3.0,2.0,23.0,2.0,7.0,9.0,17.0,,0.0,,1.0,8.0,4.0,16.0
2023-05-22,0.0,,0.0,,0.0,0.0,0.0,0.0,1.0,0.0,0.0,,0.0,,0.0,0.0,0.0,1.0
2023-05-23,0.0,,0.0,,23.0,0.0,0.0,1.0,0.0,0.0,0.0,,3.0,,0.0,17.0,7.0,7.0
2023-05-24,0.0,,,0.0,0.0,14.0,,0.0,,4.0,0.0,,,,0.0,0.0,,
2023-05-25,0.0,,,0.0,7.0,25.0,,12.0,,8.0,10.0,,,,23.0,0.0,,
2023-05-26,0.0,,,0.0,0.0,0.0,,0.0,,1.0,0.0,,,,0.0,0.0,,
2023-05-27,0.0,,,0.0,5.0,0.0,,0.0,,15.0,13.0,,,,0.0,0.0,,
2023-05-28,0.0,,,9.0,0.0,0.0,,1.0,,0.0,0.0,,,,0.0,2.0,,
2023-05-29,0.0,,,0.0,0.0,0.0,,0.0,,0.0,0.0,,,,0.0,0.0,,
2023-05-30,0.0,,,0.0,0.0,0.0,,0.0,,0.0,2.0,,,,0.0,0.0,,
2023-05-31,0.0,,,0.0,0.0,0.0,,0.0,,0.0,0.0,,,,0.0,0.0,,
2023-06-01,4.0,,,3.0,5.0,14.0,,4.0,,0.0,10.0,,,,16.0,6.0,,
2023-06-02,0.0,,,0.0,0.0,0.0,,0.0,,0.0,0.0,,,,0.0,0.0,,
2023-06-03,0.0,,,20.0,14.0,26.0,,49.0,,28.0,2.0,,,,19.0,2.0,,
2023-06-04,0.0,,,2.0,2.0,15.0,,1.0,,10.0,45.0,,,,1.0,2.0,,
2023-06-05,0.0,,,0.0,0.0,0.0,,0.0,,0.0,0.0,,,,0.0,0.0,,
2023-06-06,0.0,,0.0,0.0,0.0,0.0,0.0,0.0,7.0,0.0,0.0,,0.0,,0.0,0.0,12.0,3.0
2023-06-07,0.0,,7.0,0.0,4.0,6.0,20.0,0.0,7.0,0.0,9.0,,0.0,,0.0,3.0,0.0,1.0
2023-06-08,0.0,,11.0,26.0,37.0,20.0,2.0,2.0,0.0,0.0,6.0,,5.0,,19.0,35.0,60.0,15.0
2023-06-09,0.0,,9.0,1.0,64.0,15.0,0.0,2.0,0.0,18.0,0.0,,2.0,,17.0,29.0,7.0,8.0
2023-06-10,0.0,,0.0,0.0,0.0,35.0,5.0,0.0,0.0,1.0,32.0,,0.0,,0.0,0.0,0.0,1.0
2023-06-11,0.0,,0.0,0.0,0.0,0.0,0.0,0.0,0.0,0.0,0.0,,1.0,,0.0,0.0,5.0,13.0
2023-06-12,0.0,,9.0,2.0,2.0,0.0,67.0,3.0,16.0,3.0,2.0,,0.0,,0.0,1.0,1.0,3.0
2023-06-13,0.0,,5.0,0.0,2.0,1.0,1.0,1.0,16.0,0.0,2.0,,3.0,,0.0,1.0,0.0,1.0
2023-06-14,0.0,,2.0,6.0,9.0,5.0,0.0,4.0,,0.0,6.0,,27.0,,7.0,1.0,2.0,3.0
2023-06-15,0.0,,45.0,0.0,0.0,0.0,0.0,0.0,,0.0,0.0,,0.0,,0.0,0.0,0.0,0.0
2023-06-16,0.0,,0.0,0.0,0.0,0.0,0.0,0.0,,0.0,0.0,,0.0,,0.0,0.0,0.0,0.0
2023-06-17,0.0,,1.0,0.0,0.0,0.0,4.0,0.0,,12.0,35.0,,0.0,,0.0,0.0,0.0,0.0
2023-06-18,0.0,,2.0,25.0,9.0,6.0,2.0,4.0,,1.0,21.0,,4.0,,4.0,1.0,11.0,4.0
2023-06-19,0.0,,0.0,0.0,0.0,0.0,0.0,0.0,,0.0,0.0,,0.0,,0.0,4.0,0.0,0.0
2023-06-20,0.0,,46.0,2.0,0.0,1.0,15.0,0.0,,4.0,10.0,,34.0,,4.0,10.0,0.0,1.0
2023-06-21,0.0,,0.0,0.0,0.0,0.0,0.0,4.0,,0.0,0.0,,4.0,,7.0,0.0,4.0,2.0
2023-06-22,0.0,,0.0,8.0,0.0,0.0,0.0,4.0,,0.0,0.0,,4.0,,38.0,0.0,9.0,1.0
2023-06-23,0.0,,24.0,0.0,0.0,0.0,0.0,0.0,,0.0,0.0,,1.0,,0.0,6.0,0.0,0.0
2023-06-24,0.0,,1.0,0.0,14.0,16.0,2.0,3.0,,8.0,78.0,,13.0,,0.0,0.0,8.0,1.0
2023-06-25,0.0,,1.0,0.0,0.0,0.0,11.0,2.0,,6.0,2.0,,4.0,,3.0,0.0,14.0,6.0
2023-06-26,0.0,,1.0,3.0,8.0,1.0,0.0,9.0,,0.0,0.0,,3.0,,1.0,23.0,18.0,15.0
2023-06-27,0.0,,8.0,0.0,10.0,11.0,17.0,0.0,,0.0,0.0,,0.0,,0.0,12.0,1.0,17.0
2023-06-28,0.0,,1.0,0.0,0.0,1.0,0.0,1.0,,1.0,0.0,,0.0,,0.0,0.0,0.0,0.0
2023-06-29,0.0,,11.0,0.0,0.0,11.0,0.0,15.0,,1.0,3.0,,0.0,,0.0,0.0,0.0,1.0
2023-06-30,0.0,,12.0,10.0,9.0,4.0,0.0,0.0,,3.0,1.0,,8.0,,9.0,0.0,34.0,3.0
2023-07-01,0.0,,3.0,37.0,13.0,8.0,1.0,8.0,,1.0,2.0,,12.0,,31.0,22.0,23.0,18.0
2023-07-02,0.0,,0.0,0.0,0.0,0.0,0.0,0.0,,4.0,0.0,,0.0,,0.0,0.0,0.0,0.0
2023-07-03,0.0,,0.0,0.0,0.0,2.0,3.0,0.0,,19.0,6.0,,12.0,,4.0,7.0,0.0,0.0
2023-07-04,0.0,,0.0,0.0,0.0,0.0,0.0,10.0,,0.0,0.0,,0.0,,0.0,2.0,1.0,6.0
2023-07-05,0.0,,0.0,0.0,26.0,0.0,0.0,8.0,,0.0,0.0,,49.0,,6.0,1.0,0.0,3.0
2023-07-06,0.0,,2.0,0.0,4.0,5.0,4.0,1.0,,0.0,6.0,,4.0,,3.0,1.0,1.0,1.0
2023-07-07,0.0,,4.0,0.0,0.0,2.0,80.0,0.0,,0.0,26.0,,5.0,,4.0,0.0,0.0,0.0
2023-07-08,0.0,,2.0,0.0,1.0,1.0,24.0,0.0,,117.0,22.0,,19.0,,0.0,0.0,0.0,0.0
2023-07-09,0.0,,5.0,47.0,39.0,26.0,10.0,4.0,,50.0,4.0,,7.0,,6.0,13.0,24.0,8.0
2023-07-10,0.0,,3.0,0.0,0.0,1.0,0.0,0.0,,4.0,1.0,,0.0,,0.0,0.0,0.0,0.0
2023-07-11,0.0,,14.0,2.0,20.0,13.0,26.0,8.0,,8.0,3.0,,1.0,,3.0,13.0,17.0,6.0
2023-07-12,0.0,,28.0,0.0,2.0,12.0,0.0,0.0,,0.0,0.0,,7.0,,1.0,0.0,0.0,0.0
2023-07-13,0.0,,0.0,0.0,4.0,0.0,0.0,2.0,,0.0,17.0,,1.0,,11.0,8.0,0.0,5.0
2023-07-14,0.0,,10.0,10.0,1.0,2.0,48.0,2.0,,19.0,1.0,,5.0,,1.0,0.0,8.0,4.0
2023-07-15,0.0,,1.0,0.0,0.0,0.0,0.0,0.0,,0.0,0.0,,1.0,,0.0,0.0,0.0,0.0
2023-07-16,0.0,,0.0,0.0,0.0,0.0,0.0,0.0,,0.0,0.0,,0.0,,0.0,0.0,0.0,0.0
2023-07-17,0.0,,17.0,3.0,6.0,6.0,8.0,0.0,,9.0,23.0,,8.0,,10.0,1.0,1.0,10.0
2023-07-18,0.0,,3.0,6.0,3.0,0.0,0.0,9.0,,0.0,3.0,,7.0,,8.0,0.0,7.0,1.0
2023-07-19,0.0,,2.0,0.0,16.0,12.0,7.0,4.0,,0.0,6.0,,12.0,,8.0,7.0,4.0,7.0
2023-07-20,0.0,,27.0,11.0,4.0,16.0,32.0,19.0,,38.0,29.0,,3.0,,6.0,12.0,9.0,10.0
2023-07-21,0.0,,0.0,0.0,0.0,0.0,0.0,0.0,,0.0,0.0,,0.0,,0.0,0.0,1.0,1.0
2023-07-22,0.0,,0.0,0.0,0.0,0.0,3.0,0.0,,4.0,0.0,,0.0,,0.0,0.0,0.0,0.0
2023-07-23,0.0,,6.0,2.0,0.0,15.0,0.0,17.0,,1.0,7.0,,0.0,,7.0,16.0,0.0,2.0
2023-07-24,0.0,,0.0,0.0,0.0,0.0,0.0,0.0,,0.0,0.0,,0.0,,0.0,0.0,0.0,0.0
2023-07-25,0.0,,0.0,0.0,0.0,0.0,0.0,0.0,,0.0,0.0,,0.0,,0.0,0.0,0.0,0.0
2023-07-26,0.0,,0.0,0.0,0.0,0.0,0.0,0.0,,0.0,0.0,,0.0,,0.0,0.0,0.0,0.0
2023-07-27,0.0,,0.0,0.0,0.0,0.0,0.0,0.0,,0.0,0.0,,0.0,,0.0,0.0,0.0,0.0
2023-07-28,0.0,,0.0,2.0,0.0,3.0,0.0,4.0,,1.0,0.0,,4.0,,8.0,1.0,0.0,2.0
2023-07-29,0.0,,0.0,0.0,0.0,0.0,0.0,1.0,,0.0,0.0,,0.0,,0.0,0.0,0.0,0.0
2023-07-30,0.0,,0.0,0.0,0.0,0.0,0.0,0.0,,0.0,0.0,,0.0,,0.0,0.0,0.0,0.0
2023-07-31,0.0,,0.0,0.0,0.0,0.0,0.0,0.0,,0.0,0.0,,0.0,,0.0,0.0,0.0,0.0
2023-08-01,0.0,,0.0,0.0,7.0,1.0,0.0,5.0,,0.0,9.0,,0.0,,0.0,0.0,0.0,5.0
2023-08-02,0.0,,0.0,0.0,0.0,0.0,0.0,0.0,,0.0,0.0,,1.0,,0.0,0.0,0.0,0.0
2023-08-03,0.0,,31.0,1.0,9.0,16.0,11.0,50.0,,12.0,2.0,,2.0,,14.0,7.0,2.0,5.0
2023-08-04,0.0,,0.0,0.0,0.0,0.0,1.0,0.0,,0.0,0.0,,0.0,,0.0,0.0,1.0,0.0
2023-08-05,0.0,,6.0,12.0,9.0,3.0,0.0,4.0,,0.0,0.0,,6.0,,12.0,3.0,12.0,24.0
2023-08-06,0.0,,0.0,0.0,0.0,0.0,0.0,0.0,,0.0,0.0,,0.0,,0.0,0.0,0.0,1.0
2023-08-07,0.0,,0.0,0.0,0.0,8.0,0.0,0.0,,0.0,0.0,,2.0,,0.0,0.0,0.0,0.0
2023-08-08,0.0,,0.0,12.0,0.0,1.0,8.0,26.0,,0.0,1.0,,4.0,,4.0,10.0,63.0,51.0
2023-08-09,0.0,,0.0,1.0,0.0,1.0,2.0,6.0,,8.0,0.0,,0.0,,0.0,2.0,2.0,2.0
2023-08-10,0.0,,11.0,0.0,4.0,1.0,0.0,1.0,,0.0,8.0,,17.0,,39.0,0.0,0.0,0.0
2023-08-11,0.0,,9.0,0.0,1.0,0.0,10.0,0.0,,0.0,23.0,,1.0,,0.0,0.0,4.0,2.0
2023-08-12,0.0,,65.0,0.0,0.0,41.0,1.0,0.0,,0.0,2.0,,1.0,,0.0,0.0,0.0,0.0
2023-08-13,0.0,,1.0,0.0,0.0,7.0,0.0,0.0,,3.0,0.0,,0.0,,0.0,15.0,0.0,0.0
2023-08-14,0.0,,16.0,33.0,1.0,1.0,19.0,9.0,,27.0,67.0,,15.0,,27.0,9.0,58.0,8.0
2023-08-15,0.0,,21.0,0.0,0.0,17.0,0.0,0.0,,0.0,0.0,,0.0,,0.0,0.0,0.0,0.0
2023-08-16,0.0,,51.0,5.0,0.0,4.0,5.0,21.0,,0.0,0.0,,0.0,,1.0,0.0,3.0,2.0
2023-08-17,0.0,,0.0,0.0,0.0,0.0,1.0,0.0,,0.0,5.0,,0.0,,0.0,10.0,0.0,1.0
2023-08-18,0.0,,1.0,0.0,2.0,1.0,1.0,2.0,,0.0,0.0,,1.0,,3.0,12.0,4.0,3.0
2023-08-19,0.0,,16.0,3.0,2.0,31.0,5.0,1.0,,42.0,60.0,,0.0,,0.0,1.0,23.0,8.0
2023-08-20,0.0,,0.0,0.0,0.0,2.0,0.0,0.0,,0.0,0.0,,0.0,,5.0,0.0,0.0,0.0
2023-08-21,0.0,,9.0,3.0,5.0,6.0,16.0,5.0,,4.0,10.0,,5.0,,6.0,11.0,5.0,7.0
2023-08-22,0.0,,0.0,0.0,0.0,0.0,0.0,0.0,,0.0,0.0,,0.0,,0.0,0.0,0.0,0.0
2023-08-23,0.0,,0.0,1.0,0.0,0.0,0.0,8.0,,0.0,0.0,,1.0,,5.0,0.0,1.0,2.0
2023-08-24,0.0,,3.0,11.0,12.0,0.0,2.0,3.0,,4.0,0.0,,12.0,,1.0,63.0,45.0,8.0
2023-08-25,0.0,,3.0,4.0,0.0,30.0,36.0,3.0,,33.0,33.0,,20.0,,12.0,0.0,1.0,3.0
2023-08-26,0.0,,16.0,13.0,7.0,13.0,2.0,9.0,,1.0,6.0,,8.0,,21.0,32.0,16.0,27.0
2023-08-27,0.0,,7.0,0.0,3.0,11.0,0.0,0.0,,0.0,0.0,,7.0,,3.0,0.0,0.0,0.0
2023-08-28,0.0,,6.0,0.0,9.0,6.0,27.0,0.0,,8.0,5.0,,2.0,,0.0,0.0,1.0,0.0
2023-08-29,0.0,,3.0,1.0,1.0,11.0,0.0,15.0,,1.0,16.0,,7.0,,6.0,0.0,8.0,0.0
2023-08-30,0.0,,,2.0,0.0,0.0,,1.0,,7.0,2.0,,,,2.0,1.0,,
2023-08-31,,,,,,,,,,,,,,,,,,
2023-09-01,0.0,,,0.0,0.0,0.0,,0.0,,0.0,0.0,,,,0.0,0.0,,
2023-09-02,0.0,,,0.0,0.0,0.0,,0.0,,0.0,0.0,,,,0.0,0.0,,
2023-09-03,0.0,,,0.0,0.0,0.0,,0.0,,0.0,0.0,,,,0.0,0.0,,
2023-09-04,0.0,,,0.0,0.0,0.0,,0.0,,0.0,0.0,,,,0.0,0.0,,
2023-09-05,0.0,,,17.0,0.0,0.0,,0.0,,0.0,0.0,,,,0.0,0.0,,
2023-09-06,0.0,,,7.0,60.0,47.0,,6.0,,19.0,8.0,,,,5.0,69.0,,
2023-09-07,0.0,,0.0,0.0,0.0,0.0,0.0,0.0,,0.0,0.0,,0.0,,0.0,0.0,0.0,1.0
2023-09-08,0.0,,0.0,0.0,0.0,0.0,0.0,10.0,,0.0,0.0,,13.0,,4.0,0.0,2.0,1.0
2023-09-09,0.0,,5.0,23.0,8.0,26.0,29.0,10.0,,26.0,5.0,,2.0,,7.0,33.0,21.0,30.0
2023-09-10,0.0,,1.0,0.0,29.0,50.0,2.0,0.0,,14.0,50.0,,2.0,,0.0,0.0,1.0,1.0
2023-09-11,0.0,,0.0,0.0,0.0,0.0,0.0,0.0,,0.0,0.0,,0.0,,0.0,0.0,1.0,0.0
2023-09-12,0.0,,1.0,0.0,2.0,6.0,0.0,16.0,,0.0,1.0,,0.0,,9.0,4.0,1.0,1.0
2023-09-13,0.0,,6.0,,73.0,39.0,14.0,12.0,,0.0,4.0,,27.0,,20.0,1.0,3.0,5.0
2023-09-14,0.0,,0.0,,0.0,0.0,0.0,0.0,,0.0,0.0,,1.0,,0.0,0.0,0.0,1.0
2023-09-15,0.0,,0.0,,0.0,0.0,0.0,0.0,,0.0,0.0,,0.0,,0.0,0.0,2.0,0.0
2023-09-16,0.0,,0.0,,0.0,0.0,0.0,0.0,,0.0,0.0,,0.0,,0.0,2.0,0.0,0.0
2023-09-17,1.0,,1.0,,59.0,79.0,1.0,19.0,,4.0,11.0,,60.0,,49.0,25.0,12.0,24.0
2023-09-18,1.0,,0.0,,0.0,0.0,1.0,0.0,,0.0,0.0,,1.0,,0.0,0.0,1.0,0.0
2023-09-19,0.0,,2.0,,2.0,4.0,1.0,0.0,,0.0,0.0,,9.0,,0.0,17.0,1.0,0.0
2023-09-20,2.0,,9.0,,29.0,20.0,24.0,3.0,,7.0,9.0,,3.0,,1.0,83.0,83.0,30.0
2023-09-21,34.0,,8.0,,2.0,6.0,1.0,0.0,,0.0,5.0,,6.0,,1.0,19.0,9.0,6.0
2023-09-22,0.0,,6.0,,7.0,0.0,21.0,0.0,0.0,0.0,0.0,,1.0,,0.0,0.0,0.0,1.0
2023-09-23,0.0,,3.0,,0.0,0.0,0.0,0.0,0.0,12.0,6.0,,0.0,,0.0,0.0,4.0,0.0
2023-09-24,20.0,,0.0,,1.0,0.0,1.0,0.0,2.0,0.0,0.0,,11.0,,6.0,0.0,0.0,0.0
2023-09-25,0.0,,0.0,,0.0,0.0,0.0,0.0,8.0,0.0,0.0,,1.0,,0.0,0.0,0.0,0.0
2023-09-26,0.0,,0.0,,0.0,0.0,0.0,0.0,0.0,0.0,0.0,,4.0,,21.0,0.0,0.0,0.0
2023-09-27,0.0,,1.0,,0.0,0.0,0.0,0.0,0.0,0.0,0.0,,0.0,,0.0,0.0,0.0,1.0
2023-09-28,0.0,,0.0,,0.0,0.0,0.0,0.0,0.0,0.0,0.0,,0.0,,0.0,0.0,0.0,0.0
2023-09-29,0.0,,0.0,,0.0,0.0,1.0,0.0,0.0,19.0,0.0,,0.0,,0.0,0.0,0.0,0.0
2023-09-30,0.0,,26.0,,0.0,0.0,11.0,5.0,5.0,0.0,0.0,,2.0,,2.0,0.0,1.0,4.0
2023-10-01,0.0,,1.0,,0.0,0.0,26.0,0.0,5.0,0.0,0.0,,2.0,,0.0,0.0,55.0,6.0
2023-10-02,0.0,,0.0,,0.0,0.0,0.0,0.0,0.0,80.0,1.0,,0.0,,0.0,0.0,0.0,0.0
2023-10-03,2.0,,46.0,,3.0,8.0,1.0,18.0,1.0,80.0,9.0,,5.0,,5.0,10.0,0.0,7.0
2023-10-04,0.0,,14.0,,0.0,0.0,0.0,3.0,0.0,96.0,1.0,,1.0,,2.0,0.0,0.0,2.0
2023-10-05,0.0,,2.0,,0.0,0.0,1.0,0.0,0.0,96.0,0.0,,0.0,,0.0,0.0,0.0,0.0
2023-10-06,0.0,,0.0,,0.0,0.0,0.0,1.0,0.0,96.0,0.0,,0.0,,0.0,0.0,0.0,0.0
2023-10-07,0.0,,0.0,,0.0,0.0,0.0,0.0,0.0,96.0,0.0,,0.0,,0.0,0.0,0.0,0.0
2023-10-08,0.0,,0.0,,0.0,0.0,0.0,0.0,0.0,96.0,0.0,,0.0,,0.0,0.0,0.0,0.0
2023-10-09,0.0,,0.0,,0.0,5.0,0.0,3.0,0.0,0.0,0.0,,0.0,,0.0,0.0,1.0,2.0
2023-10-10,18.0,,0.0,,0.0,4.0,3.0,1.0,0.0,0.0,1.0,,14.0,,0.0,0.0,1.0,4.0
2023-10-11,3.0,,0.0,,0.0,0.0,0.0,3.0,41.0,0.0,0.0,,0.0,,0.0,0.0,1.0,1.0
2023-10-12,0.0,,0.0,,0.0,0.0,0.0,0.0,0.0,0.0,0.0,,0.0,,0.0,18.0,0.0,0.0
2023-10-13,0.0,,0.0,,0.0,0.0,0.0,2.0,0.0,0.0,0.0,,0.0,,10.0,0.0,0.0,0.0
2023-10-14,0.0,,0.0,,0.0,0.0,0.0,0.0,0.0,0.0,0.0,,0.0,,0.0,0.0,0.0,0.0
2023-10-15,0.0,,0.0,,0.0,0.0,0.0,0.0,0.0,0.0,0.0,,0.0,,0.0,0.0,0.0,0.0
2023-10-16,0.0,,0.0,,0.0,0.0,0.0,0.0,0.0,0.0,0.0,,15.0,,0.0,0.0,0.0,0.0
2023-10-17,0.0,,0.0,,0.0,0.0,0.0,0.0,0.0,0.0,0.0,,1.0,,0.0,0.0,0.0,0.0
2023-10-18,26.0,,4.0,,2.0,9.0,31.0,5.0,5.0,21.0,47.0,,62.0,,35.0,24.0,30.0,34.0
2023-10-19,28.0,,3.0,,0.0,1.0,0.0,18.0,1.0,21.0,0.0,,1.0,,1.0,15.0,31.0,19.0
2023-10-20,28.0,,2.0,,0.0,71.0,3.0,8.0,10.0,22.0,76.0,,18.0,,7.0,19.0,22.0,6.0
2023-10-21,,,1.0,,0.0,4.0,42.0,1.0,0.0,49.0,17.0,,76.0,,4.0,10.0,1.0,2.0
2023-10-22,33.0,,1.0,,0.0,19.0,0.0,6.0,4.0,53.0,1.0,,0.0,,4.0,42.0,13.0,25.0
2023-10-23,42.0,,1.0,,0.0,13.0,7.0,6.0,66.0,97.0,74.0,,3.0,,6.0,9.0,1.0,3.0
2023-10-24,42.0,,1.0,,0.0,16.0,15.0,4.0,44.0,97.0,34.0,,2.0,,1.0,9.0,21.0,4.0
2023-10-25,3.0,,1.0,,0.0,0.0,15.0,7.0,0.0,13.0,8.0,,10.0,,30.0,1.0,1.0,6.0
2023-10-26,3.0,,1.0,,0.0,34.0,0.0,6.0,0.0,13.0,0.0,,8.0,,32.0,0.0,0.0,0.0
2023-10-27,0.0,,1.0,,0.0,2.0,0.0,0.0,0.0,0.0,0.0,,0.0,,0.0,1.0,1.0,4.0
2023-10-28,0.0,,1.0,,0.0,0.0,0.0,3.0,20.0,0.0,20.0,,1.0,,0.0,10.0,15.0,17.0
2023-10-29,0.0,,1.0,,0.0,0.0,0.0,0.0,23.0,0.0,18.0,,0.0,,0.0,16.0,0.0,1.0
2023-10-30,0.0,,1.0,,0.0,3.0,17.0,4.0,1.0,15.0,9.0,,7.0,,0.0,18.0,27.0,8.0
2023-10-31,14.0,,1.0,,0.0,4.0,0.0,4.0,0.0,15.0,0.0,,0.0,,3.0,4.0,2.0,1.0
2023-11-01,1.0,,1.0,,0.0,1.0,9.0,21.0,5.0,7.0,17.0,,9.0,,40.0,4.0,13.0,32.0
2023-11-02,0.0,,3.0,,0.0,1.0,1.0,0.0,0.0,6.0,1.0,,0.0,,0.0,0.0,0.0,0.0
2023-11-03,0.0,,3.0,,0.0,13.0,10.0,3.0,0.0,0.0,0.0,,34.0,,11.0,1.0,1.0,0.0
2023-11-04,1.0,,45.0,,0.0,0.0,0.0,0.0,4.0,0.0,0.0,,3.0,,0.0,0.0,0.0,1.0
2023-11-05,5.0,,0.0,,0.0,0.0,4.0,1.0,24.0,33.0,4.0,,1.0,,0.0,0.0,4.0,0.0
2023-11-06,0.0,,20.0,,0.0,74.0,2.0,0.0,25.0,34.0,0.0,,5.0,,2.0,47.0,7.0,20.0
2023-11-07,0.0,,2.0,,0.0,39.0,1.0,1.0,10.0,12.0,0.0,,1.0,,2.0,10.0,1.0,0.0
2023-11-08,,,0.0,0.0,0.0,0.0,0.0,0.0,0.0,12.0,0.0,,2.0,,0.0,0.0,0.0,0.0
2023-11-09,8.0,,3.0,14.0,0.0,0.0,3.0,25.0,48.0,10.0,,,6.0,,41.0,1.0,0.0,1.0
2023-11-10,26.0,,0.0,7.0,0.0,0.0,0.0,56.0,0.0,0.0,,,0.0,,72.0,8.0,0.0,0.0
2023-11-11,27.0,,0.0,0.0,0.0,5.0,0.0,0.0,0.0,12.0,,,0.0,,0.0,0.0,0.0,0.0
2023-11-12,69.0,,13.0,0.0,0.0,0.0,0.0,0.0,15.0,0.0,,,0.0,,0.0,1.0,1.0,0.0
2023-11-13,71.0,,71.0,20.0,0.0,27.0,5.0,3.0,0.0,0.0,,,30.0,,21.0,0.0,0.0,3.0
2023-11-14,92.0,,9.0,3.0,0.0,52.0,41.0,5.0,0.0,42.0,,,4.0,,45.0,28.0,4.0,3.0
2023-11-15,92.0,,29.0,2.0,0.0,17.0,5.0,31.0,0.0,127.0,,,55.0,,40.0,8.0,1.0,8.0
2023-11-16,94.0,,42.0,12.0,0.0,18.0,77.0,2.0,23.0,144.0,49.0,,6.0,,6.0,18.0,63.0,56.0
2023-11-17,14.0,,20.0,0.0,0.0,7.0,12.0,0.0,35.0,150.0,76.0,,1.0,,1.0,4.0,1.0,1.0
2023-11-18,0.0,,1.0,0.0,0.0,0.0,0.0,0.0,0.0,0.0,0.0,,0.0,,0.0,0.0,0.0,0.0
2023-11-19,0.0,,0.0,0.0,0.0,0.0,0.0,0.0,1.0,0.0,0.0,,1.0,,0.0,0.0,0.0,0.0
2023-11-20,44.0,,36.0,2.0,0.0,3.0,2.0,1.0,28.0,0.0,8.0,,5.0,,0.0,103.0,2.0,22.0
2023-11-21,4.0,,1.0,3.0,0.0,11.0,0.0,7.0,49.0,11.0,21.0,,73.0,,48.0,12.0,15.0,8.0
2023-11-22,0.0,,0.0,0.0,0.0,2.0,2.0,0.0,3.0,1.0,1.0,,1.0,,0.0,0.0,0.0,1.0
2023-11-23,36.0,,12.0,25.0,0.0,61.0,75.0,31.0,5.0,38.0,27.0,,36.0,,38.0,61.0,54.0,39.0
2023-11-24,0.0,,1.0,1.0,0.0,1.0,0.0,1.0,0.0,0.0,0.0,,1.0,,1.0,1.0,1.0,1.0
2023-11-25,109.0,,40.0,3.0,0.0,11.0,13.0,2.0,4.0,2.0,8.0,,8.0,,5.0,2.0,3.0,2.0
2023-11-26,46.0,,15.0,7.0,0.0,47.0,29.0,21.0,8.0,19.0,10.0,,70.0,,37.0,5.0,11.0,40.0
2023-11-27,0.0,,0.0,0.0,0.0,0.0,0.0,0.0,0.0,0.0,0.0,,1.0,,0.0,0.0,0.0,1.0
2023-11-28,1.0,,8.0,0.0,1.0,0.0,8.0,0.0,0.0,2.0,0.0,,0.0,,0.0,2.0,0.0,0.0
2023-11-29,0.0,,4.0,0.0,0.0,4.0,2.0,2.0,6.0,0.0,2.0,,13.0,,12.0,0.0,0.0,0.0
2023-11-30,41.0,,34.0,5.0,0.0,3.0,19.0,0.0,55.0,2.0,9.0,,9.0,,5.0,8.0,10.0,7.0
2023-12-01,16.0,,49.0,55.0,0.0,80.0,48.0,50.0,18.0,59.0,47.0,,39.0,,34.0,89.0,67.0,66.0
2023-12-02,6.0,,1.0,15.0,0.0,0.0,27.0,22.0,0.0,23.0,31.0,,8.0,,30.0,0.0,2.0,4.0
2023-12-03,1.0,,9.0,2.0,0.0,2.0,2.0,12.0,5.0,25.0,3.0,,20.0,,28.0,6.0,3.0,4.0
2023-12-04,0.0,,1.0,0.0,0.0,0.0,0.0,0.0,0.0,25.0,0.0,,1.0,,0.0,0.0,1.0,0.0
2023-12-05,0.0,,18.0,4.0,0.0,24.0,0.0,38.0,0.0,25.0,2.0,,20.0,,48.0,1.0,14.0,9.0
2023-12-06,16.0,,7.0,16.0,0.0,15.0,39.0,26.0,27.0,27.0,54.0,,67.0,,7.0,40.0,20.0,42.0
2023-12-07,32.0,,6.0,0.0,0.0,2.0,45.0,29.0,25.0,33.0,5.0,,2.0,,0.0,15.0,0.0,18.0
2023-12-08,0.0,,0.0,0.0,0.0,1.0,0.0,0.0,0.0,33.0,0.0,,0.0,,0.0,0.0,0.0,0.0
2023-12-09,7.0,,15.0,10.0,0.0,3.0,4.0,10.0,15.0,38.0,2.0,,2.0,,13.0,7.0,9.0,18.0
2023-12-10,0.0,,0.0,0.0,0.0,0.0,0.0,0.0,0.0,38.0,0.0,,0.0,,0.0,0.0,0.0,1.0
2023-12-11,1.0,,0.0,0.0,0.0,0.0,4.0,0.0,2.0,38.0,0.0,,0.0,,0.0,1.0,0.0,1.0
2023-12-12,22.0,,9.0,0.0,0.0,47.0,7.0,2.0,3.0,48.0,29.0,,13.0,,1.0,2.0,37.0,8.0
2023-12-13,0.0,,5.0,40.0,0.0,0.0,0.0,0.0,1.0,48.0,0.0,,1.0,,0.0,10.0,9.0,1.0
2023-12-14,62.0,,56.0,69.0,0.0,40.0,62.0,27.0,13.0,54.0,57.0,,6.0,,14.0,19.0,81.0,60.0
2023-12-15,0.0,,4.0,1.0,0.0,29.0,50.0,13.0,12.0,54.0,22.0,,9.0,,54.0,1.0,2.0,1.0
2023-12-16,0.0,,1.0,0.0,0.0,2.0,0.0,0.0,0.0,54.0,0.0,,1.0,,0.0,0.0,1.0,1.0
2023-12-17,3.0,,0.0,0.0,0.0,0.0,0.0,0.0,1.0,54.0,0.0,,2.0,,3.0,0.0,0.0,0.0
2023-12-18,1.0,,4.0,7.0,0.0,2.0,3.0,11.0,6.0,56.0,3.0,,13.0,,3.0,8.0,11.0,31.0
2023-12-19,13.0,,13.0,2.0,0.0,6.0,3.0,0.0,31.0,56.0,18.0,,7.0,,0.0,0.0,4.0,1.0
2023-12-20,1.0,,11.0,0.0,0.0,0.0,14.0,2.0,0.0,65.0,0.0,,0.0,,1.0,6.0,0.0,9.0
2023-12-21,10.0,,13.0,0.0,0.0,10.0,37.0,8.0,12.0,84.0,16.0,,14.0,,13.0,16.0,4.0,4.0
2023-12-22,23.0,,16.0,0.0,0.0,24.0,12.0,1.0,3.0,85.0,16.0,,2.0,,1.0,0.0,0.0,0.0
2023-12-23,6.0,,2.0,2.0,0.0,3.0,7.0,1.0,9.0,89.0,4.0,,2.0,,0.0,0.0,0.0,1.0
2023-12-24,0.0,,1.0,34.0,0.0,1.0,0.0,4.0,4.0,89.0,0.0,,6.0,,2.0,1.0,6.0,2.0
2023-12-25,12.0,,88.0,0.0,0.0,58.0,4.0,1.0,0.0,89.0,7.0,,12.0,,0.0,99.0,7.0,23.0
2023-12-26,2.0,,1.0,2.0,0.0,3.0,0.0,18.0,10.0,92.0,12.0,,46.0,,34.0,7.0,7.0,14.0
2023-12-27,25.0,,61.0,14.0,0.0,14.0,44.0,33.0,22.0,103.0,49.0,,75.0,,48.0,47.0,24.0,49.0
2023-12-28,0.0,,7.0,4.0,0.0,0.0,1.0,6.0,29.0,103.0,7.0,,11.0,,10.0,7.0,8.0,14.0
2023-12-29,21.0,,1.0,0.0,0.0,2.0,8.0,4.0,8.0,23.0,18.0,,12.0,,11.0,1.0,1.0,0.0
2023-12-30,0.0,,2.0,0.0,0.0,3.0,2.0,0.0,0.0,4.0,1.0,,3.0,,0.0,0.0,0.0,3.0
2023-12-31,61.0,,21.0,5.0,0.0,39.0,37.0,1.0,47.0,52.0,55.0,,13.0,,4.0,5.0,1.0,4.0
2024-01-01,38.0,,17.0,24.0,0.0,28.0,27.0,21.0,50.0,36.0,15.0,,22.0,,5.0,2.0,47.0,32.0
2024-01-02,1.0,,1.0,0.0,0.0,1.0,0.0,0.0,0.0,4.0,1.0,,1.0,,0.0,0.0,1.0,0.0
2024-01-03,5.0,,0.0,1.0,0.0,0.0,10.0,4.0,3.0,2.0,3.0,,5.0,,7.0,9.0,1.0,5.0
2024-01-04,152.0,,92.0,37.0,0.0,120.0,167.0,49.0,82.0,146.0,166.0,,145.0,,72.0,15.0,36.0,44.0
2024-01-05,8.0,11.0,9.0,14.0,16.0,8.0,12.0,13.0,3.0,12.0,15.0,7.0,8.0,13.0,8.0,19.0,26.0,11.0
2024-01-06,0.0,5.0,6.0,5.0,14.0,29.0,4.0,7.0,4.0,5.0,10.0,20.0,13.0,5.0,6.0,14.0,7.0,11.0
2024-01-07,128.0,144.0,206.0,91.0,286.0,318.0,251.0,201.0,175.0,228.0,195.0,246.0,270.0,171.0,270.0,14.0,116.0,94.0
2024-01-08,8.0,1.0,5.0,9.0,2.0,0.0,7.0,13.0,1.0,9.0,5.0,1.0,43.0,15.0,25.0,6.0,10.0,12.0
2024-01-09,134.0,117.0,114.0,2.0,29.0,32.0,67.0,4.0,17.0,55.0,79.0,54.0,16.0,95.0,10.0,13.0,1.0,15.0
2024-01-10,42.0,75.0,41.0,23.0,92.0,95.0,59.0,48.0,50.0,44.0,72.0,73.0,63.0,60.0,72.0,10.0,47.0,62.0
2024-01-11,5.0,4.0,1.0,0.0,1.0,1.0,3.0,0.0,0.0,2.0,6.0,3.0,3.0,15.0,0.0,1.0,1.0,1.0
2024-01-12,37.0,36.0,32.0,33.0,19.0,24.0,50.0,28.0,23.0,33.0,33.0,22.0,28.0,45.0,32.0,12.0,31.0,23.0
2024-01-13,0.0,0.0,0.0,0.0,0.0,0.0,0.0,0.0,0.0,0.0,0.0,0.0,0.0,0.0,0.0,0.0,0.0,0.0
2024-01-14,0.0,0.0,0.0,0.0,0.0,0.0,0.0,0.0,1.0,0.0,0.0,0.0,0.0,0.0,0.0,0.0,0.0,0.0
2024-01-15,4.0,3.0,1.0,0.0,1.0,0.0,2.0,0.0,0.0,1.0,2.0,2.0,2.0,8.0,1.0,0.0,0.0,4.0
2024-01-16,11.0,4.0,15.0,5.0,2.0,2.0,6.0,1.0,6.0,6.0,2.0,4.0,6.0,8.0,1.0,1.0,5.0,1.0
2024-01-17,13.0,9.0,0.0,12.0,3.0,2.0,1.0,13.0,2.0,2.0,1.0,7.0,7.0,2.0,8.0,8.0,13.0,15.0
2024-01-18,12.0,2.0,2.0,1.0,13.0,23.0,1.0,10.0,12.0,1.0,2.0,5.0,27.0,1.0,12.0,15.0,11.0,11.0
2024-01-19,16.0,6.0,14.0,0.0,0.0,1.0,6.0,2.0,45.0,4.0,4.0,5.0,2.0,5.0,5.0,6.0,1.0,2.0
2024-01-20,24.0,28.0,20.0,15.0,22.0,19.0,28.0,35.0,52.0,23.0,23.0,18.0,36.0,23.0,53.0,21.0,17.0,22.0
2024-01-21,0.0,1.0,1.0,0.0,0.0,0.0,1.0,0.0,0.0,0.0,0.0,2.0,1.0,0.0,1.0,0.0,1.0,0.0
2024-01-22,7.0,29.0,14.0,0.0,0.0,32.0,15.0,0.0,0.0,4.0,12.0,0.0,0.0,2.0,0.0,2.0,0.0,3.0
2024-01-23,16.0,58.0,29.0,9.0,15.0,1.0,21.0,34.0,6.0,22.0,16.0,6.0,36.0,15.0,6.0,121.0,22.0,45.0
2024-01-24,24.0,55.0,54.0,1.0,57.0,4.0,25.0,1.0,3.0,65.0,18.0,26.0,1.0,53.0,0.0,35.0,2.0,4.0
2024-01-25,94.0,40.0,12.0,26.0,20.0,20.0,12.0,15.0,6.0,81.0,17.0,14.0,34.0,107.0,20.0,11.0,23.0,26.0
2024-01-26,0.0,0.0,0.0,0.0,0.0,3.0,0.0,0.0,0.0,14.0,1.0,1.0,4.0,0.0,0.0,0.0,0.0,0.0
2024-01-27,0.0,0.0,0.0,1.0,0.0,0.0,0.0,0.0,0.0,1.0,0.0,0.0,1.0,0.0,1.0,0.0,0.0,0.0
2024-01-28,1.0,0.0,1.0,3.0,8.0,0.0,2.0,9.0,2.0,3.0,0.0,0.0,3.0,1.0,12.0,2.0,4.0,5.0
2024-01-29,0.0,0.0,0.0,0.0,0.0,0.0,0.0,0.0,0.0,0.0,0.0,0.0,0.0,0.0,0.0,0.0,1.0,0.0
2024-01-30,0.0,0.0,0.0,0.0,0.0,0.0,1.0,0.0,0.0,0.0,0.0,0.0,0.0,0.0,0.0,0.0,1.0,0.0
2024-01-31,0.0,0.0,0.0,0.0,0.0,0.0,0.0,0.0,0.0,0.0,0.0,0.0,0.0,0.0,0.0,0.0,2.0,0.0
2024-02-01,0.0,0.0,0.0,3.0,0.0,0.0,0.0,0.0,0.0,0.0,0.0,0.0,0.0,0.0,0.0,0.0,32.0,0.0
2024-02-02,0.0,0.0,0.0,1.0,0.0,0.0,0.0,0.0,1.0,0.0,0.0,0.0,0.0,0.0,0.0,6.0,4.0,2.0
2024-02-03,0.0,0.0,0.0,0.0,0.0,0.0,0.0,0.0,0.0,0.0,0.0,0.0,0.0,0.0,0.0,2.0,0.0,0.0
2024-02-04,0.0,0.0,0.0,0.0,0.0,0.0,0.0,0.0,0.0,0.0,0.0,0.0,0.0,0.0,0.0,0.0,0.0,0.0
2024-02-05,0.0,0.0,0.0,0.0,0.0,0.0,0.0,0.0,0.0,0.0,0.0,0.0,0.0,0.0,0.0,0.0,0.0,0.0
2024-02-06,0.0,0.0,0.0,0.0,0.0,0.0,0.0,0.0,0.0,0.0,0.0,0.0,0.0,0.0,0.0,1.0,0.0,0.0
2024-02-07,0.0,0.0,0.0,0.0,0.0,0.0,0.0,0.0,0.0,0.0,0.0,0.0,0.0,0.0,0.0,1.0,3.0,4.0
2024-02-08,0.0,0.0,0.0,1.0,3.0,0.0,0.0,0.0,0.0,0.0,0.0,0.0,0.0,470.0,0.0,21.0,12.0,3.0
2024-02-09,0.0,1.0,0.0,0.0,0.0,0.0,0.0,0.0,0.0,0.0,0.0,0.0,0.0,0.0,0.0,0.0,0.0,0.0
2024-02-10,9.0,3.0,12.0,0.0,0.0,7.0,0.0,0.0,33.0,0.0,9.0,18.0,0.0,0.0,0.0,0.0,1.0,0.0
2024-02-11,1.0,0.0,0.0,4.0,6.0,2.0,0.0,3.0,9.0,0.0,0.0,0.0,6.0,0.0,4.0,1.0,2.0,3.0
2024-02-12,2.0,7.0,2.0,2.0,6.0,3.0,6.0,6.0,26.0,0.0,1.0,1.0,11.0,0.0,7.0,11.0,2.0,6.0
2024-02-13,29.0,17.0,10.0,11.0,8.0,8.0,9.0,16.0,4.0,0.0,9.0,2.0,7.0,0.0,16.0,6.0,10.0,13.0
2024-02-14,15.0,2.0,12.0,8.0,15.0,9.0,4.0,5.0,12.0,0.0,15.0,11.0,24.0,324.0,6.0,5.0,6.0,5.0
2024-02-15,20.0,5.0,3.0,0.0,1.0,2.0,3.0,1.0,5.0,13.0,15.0,5.0,5.0,581.0,3.0,5.0,1.0,6.0
2024-02-16,0.0,1.0,1.0,9.0,0.0,5.0,1.0,9.0,0.0,0.0,1.0,0.0,7.0,33.0,5.0,3.0,4.0,2.0
2024-02-17,0.0,0.0,1.0,4.0,3.0,0.0,1.0,0.0,0.0,0.0,0.0,1.0,1.0,594.0,0.0,1.0,1.0,1.0
2024-02-18,0.0,0.0,0.0,7.0,0.0,0.0,0.0,0.0,0.0,0.0,0.0,0.0,1.0,0.0,0.0,0.0,1.0,0.0
2024-02-19,0.0,0.0,1.0,15.0,0.0,0.0,0.0,0.0,0.0,0.0,0.0,,0.0,4.0,0.0,0.0,0.0,0.0
2024-02-20,0.0,0.0,0.0,0.0,0.0,0.0,0.0,0.0,0.0,0.0,0.0,,0.0,0.0,0.0,0.0,0.0,0.0
2024-02-21,0.0,0.0,0.0,0.0,0.0,0.0,0.0,0.0,0.0,0.0,0.0,,0.0,0.0,0.0,0.0,0.0,0.0
2024-02-22,0.0,2.0,18.0,31.0,0.0,0.0,0.0,0.0,29.0,0.0,0.0,,0.0,0.0,0.0,0.0,0.0,0.0
2024-02-23,0.0,0.0,0.0,0.0,0.0,0.0,0.0,0.0,0.0,0.0,0.0,,0.0,0.0,0.0,0.0,0.0,0.0
2024-02-24,0.0,0.0,0.0,0.0,0.0,0.0,0.0,0.0,0.0,0.0,0.0,,0.0,0.0,0.0,0.0,0.0,3.0
2024-02-25,0.0,0.0,0.0,0.0,0.0,0.0,0.0,0.0,0.0,0.0,0.0,,0.0,0.0,0.0,0.0,0.0,1.0
2024-02-26,0.0,0.0,0.0,0.0,0.0,0.0,0.0,0.0,0.0,0.0,0.0,,0.0,0.0,0.0,0.0,2.0,0.0
2024-02-27,0.0,0.0,0.0,12.0,0.0,0.0,0.0,2.0,5.0,0.0,0.0,,1.0,0.0,3.0,19.0,5.0,10.0
2024-02-28,0.0,0.0,0.0,0.0,0.0,0.0,0.0,0.0,0.0,0.0,0.0,0.0,0.0,0.0,0.0,0.0,0.0,0.0
2024-02-29,0.0,0.0,0.0,0.0,0.0,0.0,0.0,0.0,0.0,0.0,0.0,0.0,0.0,0.0,0.0,0.0,0.0,0.0
2024-03-01,0.0,0.0,0.0,2.0,0.0,0.0,1.0,1.0,0.0,0.0,0.0,0.0,0.0,0.0,0.0,4.0,4.0,0.0
2024-03-02,3.0,9.0,12.0,5.0,5.0,0.0,1.0,1.0,0.0,0.0,0.0,2.0,0.0,41.0,1.0,0.0,5.0,5.0
2024-03-03,31.0,62.0,56.0,10.0,21.0,38.0,86.0,30.0,27.0,55.0,57.0,50.0,54.0,0.0,39.0,18.0,18.0,23.0
2024-03-04,0.0,0.0,1.0,1.0,0.0,0.0,3.0,0.0,27.0,0.0,0.0,0.0,8.0,195.0,1.0,6.0,1.0,0.0
2024-03-05,33.0,69.0,113.0,49.0,76.0,45.0,32.0,13.0,44.0,1.0,20.0,32.0,47.0,65.0,28.0,56.0,64.0,67.0
2024-03-06,9.0,32.0,35.0,8.0,32.0,98.0,0.0,9.0,49.0,4.0,0.0,48.0,0.0,0.0,15.0,46.0,25.0,10.0
2024-03-07,1.0,0.0,7.0,1.0,1.0,5.0,1.0,6.0,0.0,0.0,23.0,14.0,2.0,0.0,28.0,0.0,1.0,4.0
2024-03-08,8.0,5.0,5.0,25.0,2.0,5.0,8.0,13.0,1.0,2.0,35.0,5.0,17.0,0.0,5.0,2.0,30.0,17.0
2024-03-09,0.0,0.0,0.0,0.0,0.0,0.0,0.0,0.0,0.0,1.0,0.0,0.0,0.0,0.0,0.0,0.0,0.0,0.0
2024-03-10,1.0,1.0,0.0,2.0,0.0,0.0,1.0,0.0,4.0,0.0,0.0,0.0,1.0,0.0,0.0,1.0,2.0,0.0
2024-03-11,0.0,0.0,0.0,0.0,0.0,0.0,0.0,0.0,0.0,0.0,0.0,0.0,0.0,0.0,0.0,0.0,0.0,0.0
2024-03-12,0.0,0.0,0.0,0.0,0.0,0.0,0.0,0.0,0.0,0.0,0.0,0.0,0.0,0.0,0.0,0.0,0.0,0.0
2024-03-13,0.0,0.0,0.0,0.0,0.0,0.0,0.0,0.0,0.0,0.0,0.0,0.0,0.0,0.0,0.0,0.0,0.0,0.0
2024-03-14,0.0,0.0,0.0,0.0,0.0,0.0,0.0,0.0,0.0,0.0,0.0,0.0,0.0,0.0,0.0,0.0,0.0,0.0
2024-03-15,0.0,0.0,0.0,0.0,0.0,0.0,0.0,0.0,0.0,0.0,0.0,0.0,0.0,0.0,0.0,0.0,0.0,0.0
2024-03-16,0.0,0.0,0.0,0.0,0.0,0.0,0.0,0.0,0.0,0.0,0.0,0.0,0.0,0.0,0.0,0.0,0.0,0.0
2024-03-17,0.0,0.0,0.0,0.0,0.0,0.0,0.0,0.0,0.0,0.0,0.0,0.0,0.0,0.0,0.0,0.0,0.0,0.0
2024-03-18,0.0,0.0,0.0,0.0,0.0,0.0,0.0,0.0,0.0,0.0,0.0,0.0,0.0,0.0,0.0,0.0,3.0,0.0
2024-03-19,0.0,0.0,0.0,0.0,0.0,0.0,0.0,0.0,0.0,0.0,0.0,0.0,0.0,0.0,0.0,0.0,0.0,0.0
2024-03-20,0.0,0.0,0.0,0.0,0.0,0.0,0.0,0.0,0.0,0.0,0.0,0.0,0.0,0.0,0.0,0.0,0.0,0.0
2024-03-21,0.0,0.0,0.0,1.0,0.0,0.0,0.0,0.0,0.0,0.0,0.0,0.0,0.0,,0.0,0.0,0.0,0.0
2024-03-22,0.0,0.0,0.0,0.0,0.0,0.0,0.0,0.0,0.0,0.0,0.0,0.0,0.0,0.0,0.0,0.0,0.0,0.0
2024-03-23,0.0,0.0,0.0,0.0,0.0,0.0,0.0,0.0,0.0,0.0,0.0,0.0,0.0,0.0,0.0,0.0,0.0,0.0
2024-03-24,0.0,0.0,0.0,0.0,0.0,0.0,0.0,0.0,0.0,0.0,0.0,0.0,0.0,0.0,0.0,0.0,0.0,0.0
2024-03-25,0.0,0.0,0.0,0.0,0.0,0.0,0.0,0.0,0.0,0.0,0.0,0.0,0.0,0.0,0.0,0.0,0.0,0.0
2024-03-26,0.0,0.0,0.0,0.0,0.0,0.0,0.0,0.0,0.0,0.0,0.0,0.0,0.0,0.0,0.0,0.0,0.0,0.0
2024-03-27,0.0,0.0,0.0,0.0,0.0,0.0,0.0,0.0,0.0,0.0,0.0,0.0,0.0,0.0,0.0,1.0,0.0,0.0
2024-03-28,0.0,0.0,0.0,0.0,0.0,0.0,0.0,0.0,0.0,0.0,0.0,0.0,0.0,0.0,0.0,0.0,0.0,0.0
2024-03-29,0.0,0.0,0.0,0.0,0.0,0.0,0.0,0.0,0.0,0.0,0.0,0.0,0.0,0.0,0.0,0.0,0.0,0.0
2024-03-30,0.0,0.0,0.0,37.0,0.0,0.0,0.0,30.0,0.0,0.0,0.0,0.0,0.0,0.0,1.0,10.0,35.0,32.0
2024-03-31,0.0,0.0,0.0,16.0,1.0,0.0,0.0,4.0,40.0,0.0,0.0,0.0,1.0,0.0,2.0,29.0,10.0,4.0
2024-04-01,0.0,0.0,0.0,0.0,0.0,0.0,0.0,0.0,0.0,0.0,0.0,0.0,1.0,0.0,0.0,0.0,1.0,1.0
2024-04-02,0.0,0.0,0.0,3.0,0.0,0.0,0.0,9.0,2.0,7.0,0.0,3.0,0.0,0.0,49.0,0.0,0.0,0.0
2024-04-03,0.0,0.0,35.0,0.0,17.0,0.0,15.0,0.0,71.0,10.0,2.0,0.0,2.0,39.0,2.0,75.0,110.0,27.0
2024-04-04,36.0,12.0,0.0,4.0,1.0,11.0,42.0,74.0,61.0,45.0,42.0,4.0,29.0,16.0,82.0,11.0,7.0,22.0
2024-04-05,0.0,0.0,0.0,0.0,0.0,0.0,0.0,0.0,0.0,0.0,0.0,0.0,1.0,0.0,0.0,0.0,1.0,0.0
2024-04-06,0.0,0.0,0.0,0.0,0.0,0.0,0.0,0.0,0.0,0.0,0.0,0.0,0.0,0.0,0.0,0.0,0.0,0.0
2024-04-07,0.0,0.0,0.0,0.0,0.0,0.0,0.0,0.0,0.0,0.0,0.0,0.0,0.0,0.0,0.0,0.0,1.0,0.0
2024-04-08,52.0,2.0,0.0,0.0,1.0,2.0,8.0,0.0,3.0,0.0,35.0,5.0,2.0,0.0,0.0,0.0,0.0,0.0
2024-04-09,0.0,0.0,0.0,14.0,1.0,0.0,4.0,0.0,1.0,0.0,0.0,0.0,4.0,0.0,0.0,1.0,1.0,9.0
2024-04-10,0.0,0.0,0.0,6.0,13.0,3.0,1.0,3.0,20.0,2.0,2.0,9.0,13.0,0.0,,15.0,1.0,1.0
2024-04-11,4.0,2.0,0.0,1.0,0.0,1.0,2.0,0.0,23.0,3.0,4.0,1.0,1.0,4.0,,0.0,3.0,5.0
2024-04-12,31.0,40.0,0.0,14.0,32.0,28.0,60.0,21.0,64.0,85.0,48.0,32.0,34.0,99.0,,6.0,21.0,16.0
2024-04-13,0.0,0.0,0.0,13.0,1.0,0.0,0.0,0.0,0.0,0.0,0.0,2.0,0.0,0.0,,0.0,0.0,0.0
2024-04-14,31.0,1.0,0.0,6.0,0.0,1.0,4.0,23.0,30.0,2.0,0.0,3.0,11.0,7.0,,0.0,0.0,1.0
2024-04-15,0.0,0.0,0.0,17.0,0.0,0.0,0.0,9.0,1.0,0.0,0.0,0.0,0.0,0.0,,13.0,2.0,23.0
2024-04-16,32.0,4.0,0.0,0.0,0.0,0.0,0.0,0.0,4.0,1.0,0.0,0.0,1.0,17.0,,0.0,0.0,0.0
2024-04-17,8.0,0.0,0.0,50.0,0.0,3.0,13.0,0.0,1.0,0.0,0.0,1.0,13.0,15.0,,0.0,8.0,1.0
2024-04-18,1.0,0.0,0.0,0.0,0.0,7.0,5.0,0.0,0.0,0.0,4.0,2.0,0.0,4.0,,0.0,1.0,0.0
2024-04-19,0.0,0.0,0.0,0.0,0.0,0.0,0.0,0.0,0.0,0.0,0.0,0.0,0.0,0.0,,0.0,0.0,0.0
2024-04-20,,,,,,,,,,,,,,,,,,
2024-04-21,0.0,1.0,0.0,0.0,0.0,10.0,0.0,4.0,1.0,22.0,5.0,,2.0,1.0,,26.0,1.0,0.0
2024-04-22,2.0,0.0,0.0,3.0,0.0,0.0,0.0,0.0,0.0,0.0,0.0,,0.0,0.0,,9.0,0.0,0.0
2024-04-23,2.0,0.0,,40.0,0.0,0.0,,88.0,,0.0,0.0,,,0.0,,47.0,,
2024-04-24,3.0,1.0,,0.0,0.0,2.0,,0.0,,15.0,4.0,,,1.0,,1.0,,
2024-04-25,0.0,0.0,,8.0,2.0,2.0,,8.0,,0.0,0.0,,,0.0,,7.0,,
2024-04-26,0.0,0.0,,0.0,0.0,0.0,,0.0,,0.0,0.0,,,0.0,,0.0,,
2024-04-27,0.0,0.0,,0.0,0.0,0.0,,0.0,,0.0,0.0,,,0.0,,0.0,,
2024-04-28,,,,,,,,,,,,,,,,,,
2024-04-29,,,,,,,,,,,,,,,,,,
2024-04-30,0.0,0.0,,0.0,24.0,16.0,,0.0,,0.0,0.0,,,0.0,,0.0,,
2024-05-01,1.0,1.0,,18.0,21.0,82.0,,21.0,,0.0,0.0,,,1.0,,0.0,,
2024-05-02,17.0,11.0,,0.0,59.0,1.0,,0.0,,34.0,3.0,,,3.0,,0.0,,
2024-05-03,34.0,0.0,,28.0,0.0,0.0,,47.0,,10.0,55.0,,,0.0,,0.0,,
2024-05-04,51.0,114.0,,15.0,8.0,83.0,,23.0,,19.0,177.0,,,103.0,,0.0,,
2024-05-05,0.0,0.0,,0.0,0.0,0.0,,0.0,,16.0,19.0,,,1.0,,0.0,,
2024-05-06,0.0,0.0,,0.0,0.0,0.0,,0.0,,1.0,0.0,,,6.0,,0.0,,
2024-05-07,47.0,9.0,,0.0,9.0,30.0,,6.0,,0.0,0.0,,,0.0,,0.0,,
2024-05-08,0.0,0.0,,3.0,39.0,1.0,,32.0,,0.0,0.0,,,0.0,,0.0,,
2024-05-09,0.0,0.0,,0.0,0.0,0.0,,0.0,,0.0,0.0,,,0.0,,0.0,,
2024-05-10,0.0,32.0,,19.0,11.0,5.0,,0.0,,3.0,0.0,,,15.0,,0.0,,
2024-05-11,4.0,0.0,,0.0,0.0,0.0,,0.0,,2.0,46.0,,,28.0,,0.0,,
2024-05-12,2.0,0.0,,0.0,0.0,1.0,,2.0,,3.0,11.0,,,1.0,,0.0,,
2024-05-13,1.0,0.0,,7.0,35.0,22.0,,48.0,,1.0,2.0,,,28.0,,0.0,,
2024-05-14,0.0,2.0,,0.0,2.0,7.0,,0.0,,0.0,0.0,,,2.0,,0.0,,
2024-05-15,48.0,0.0,,0.0,0.0,0.0,,0.0,,0.0,6.0,,,0.0,,0.0,,
2024-05-16,8.0,21.0,,18.0,34.0,11.0,,17.0,,0.0,18.0,,,1.0,,1.0,,
2024-05-17,0.0,0.0,,0.0,5.0,0.0,,7.0,,0.0,0.0,,,0.0,,0.0,,
2024-05-18,1.0,0.0,,4.0,17.0,3.0,,4.0,,45.0,37.0,,,5.0,,0.0,,
2024-05-19,0.0,9.0,,16.0,22.0,18.0,,17.0,,0.0,3.0,,,0.0,,1.0,,
2024-05-20,27.0,0.0,,73.0,0.0,0.0,,0.0,,0.0,0.0,,,1.0,,1.0,,
2024-05-21,41.0,2.0,,76.0,12.0,1.0,,21.0,,0.0,5.0,,,0.0,,1.0,,
2024-05-22,8.0,20.0,,31.0,0.0,1.0,,8.0,,0.0,34.0,,,22.0,,0.0,,
2024-05-23,1.0,12.0,,66.0,0.0,21.0,,43.0,,0.0,18.0,,,4.0,,60.0,,
2024-05-24,9.0,20.0,,4.0,0.0,4.0,,0.0,,0.0,7.0,,,29.0,,0.0,1.0,
2024-05-25,34.0,9.0,,5.0,0.0,8.0,,3.0,,1.0,39.0,,,4.0,,6.0,21.0,
2024-05-26,0.0,0.0,,0.0,0.0,0.0,,0.0,,0.0,0.0,,,0.0,,0.0,0.0,
2024-05-27,0.0,0.0,,0.0,0.0,23.0,,0.0,,1.0,0.0,,,0.0,,9.0,0.0,
2024-05-28,0.0,4.0,,0.0,0.0,0.0,,20.0,,37.0,13.0,,,0.0,,2.0,0.0,
2024-05-29,0.0,0.0,,11.0,0.0,1.0,,29.0,,37.0,0.0,,,0.0,,1.0,11.0,
2024-05-30,5.0,0.0,,0.0,0.0,0.0,,0.0,,0.0,0.0,,,0.0,,0.0,0.0,
2024-05-31,0.0,10.0,,1.0,0.0,7.0,,1.0,,0.0,0.0,,,2.0,,3.0,0.0,
2024-06-01,0.0,4.0,,10.0,0.0,0.0,,4.0,,0.0,1.0,,,4.0,,9.0,11.0,
2024-06-02,5.0,2.0,,1.0,0.0,4.0,,0.0,,0.0,3.0,,,4.0,,0.0,1.0,
2024-06-03,,17.0,,0.0,0.0,0.0,,0.0,,0.0,13.0,,,0.0,,0.0,0.0,
2024-06-04,,0.0,,6.0,0.0,11.0,,0.0,,0.0,1.0,,,0.0,,0.0,0.0,
2024-06-05,0.0,0.0,,0.0,0.0,0.0,,0.0,,0.0,0.0,,,0.0,,6.0,0.0,
2024-06-06,0.0,2.0,0.0,6.0,0.0,34.0,,0.0,,0.0,0.0,0.0,,22.0,,0.0,45.0,
2024-06-07,0.0,0.0,0.0,0.0,0.0,0.0,,17.0,,0.0,0.0,0.0,,0.0,,0.0,1.0,
2024-06-08,0.0,15.0,2.0,0.0,0.0,54.0,,0.0,,0.0,65.0,41.0,,29.0,,0.0,0.0,
2024-06-09,0.0,6.0,0.0,0.0,0.0,5.0,,0.0,,0.0,2.0,2.0,,13.0,,0.0,0.0,
2024-06-10,0.0,2.0,65.0,0.0,2.0,0.0,,0.0,,0.0,7.0,0.0,,0.0,,0.0,0.0,
2024-06-11,2.0,2.0,0.0,0.0,6.0,11.0,,1.0,,0.0,28.0,26.0,16.0,0.0,,0.0,0.0,
2024-06-12,0.0,0.0,0.0,29.0,23.0,0.0,0.0,13.0,,0.0,0.0,0.0,0.0,0.0,,34.0,21.0,
2024-06-13,0.0,5.0,0.0,0.0,1.0,0.0,0.0,3.0,,0.0,0.0,0.0,6.0,0.0,,0.0,0.0,
2024-06-14,1.0,4.0,46.0,7.0,16.0,45.0,1.0,22.0,,0.0,14.0,17.0,24.0,7.0,16.0,0.0,1.0,
2024-06-15,1.0,0.0,0.0,0.0,0.0,0.0,0.0,0.0,,0.0,0.0,1.0,0.0,0.0,0.0,0.0,0.0,
2024-06-16,0.0,4.0,4.0,0.0,3.0,2.0,2.0,1.0,,0.0,2.0,5.0,0.0,2.0,2.0,0.0,1.0,
2024-06-17,0.0,0.0,2.0,18.0,1.0,1.0,3.0,37.0,,0.0,0.0,0.0,0.0,0.0,11.0,0.0,18.0,
2024-06-18,0.0,0.0,,0.0,0.0,0.0,0.0,0.0,,0.0,0.0,0.0,0.0,0.0,0.0,0.0,0.0,
2024-06-19,,,,,,,,,,,,,,,,,,
2024-06-20,,,,,,,,,,,,,,,,,,
2024-06-21,,,,,,,,,,,,,,,,,,
2024-06-22,7.0,21.0,,27.0,25.0,23.0,15.0,25.0,,0.0,2.0,,36.0,17.0,37.0,42.0,28.0,
2024-06-23,7.0,0.0,,2.0,0.0,0.0,0.0,0.0,,0.0,1.0,,0.0,0.0,0.0,0.0,0.0,
2024-06-24,7.0,2.0,,0.0,51.0,44.0,81.0,1.0,7.0,0.0,1.0,,0.0,4.0,0.0,0.0,0.0,
2024-06-25,8.0,5.0,,0.0,0.0,0.0,12.0,0.0,0.0,0.0,3.0,,0.0,15.0,0.0,32.0,0.0,2.0
2024-06-26,0.0,0.0,,10.0,0.0,8.0,0.0,22.0,0.0,0.0,5.0,,2.0,0.0,6.0,0.0,2.0,0.0
2024-06-27,0.0,0.0,,0.0,0.0,0.0,0.0,0.0,0.0,0.0,0.0,0.0,0.0,0.0,0.0,0.0,0.0,17.0
2024-06-28,20.0,2.0,,0.0,11.0,16.0,2.0,48.0,5.0,72.0,0.0,29.0,0.0,28.0,0.0,0.0,23.0,1.0
2024-06-29,20.0,0.0,,0.0,0.0,0.0,10.0,2.0,0.0,0.0,0.0,1.0,0.0,0.0,0.0,0.0,0.0,1.0
2024-06-30,19.0,25.0,,8.0,29.0,33.0,28.0,8.0,65.0,0.0,0.0,25.0,10.0,27.0,7.0,7.0,9.0,6.0
2024-07-01,20.0,0.0,,0.0,0.0,0.0,0.0,0.0,25.0,0.0,1.0,0.0,0.0,0.0,0.0,0.0,0.0,0.0
2024-07-02,1.0,18.0,,0.0,34.0,3.0,29.0,0.0,3.0,0.0,3.0,15.0,2.0,1.0,1.0,0.0,0.0,0.0
2024-07-03,11.0,11.0,24.0,0.0,0.0,0.0,20.0,0.0,0.0,0.0,1.0,2.0,0.0,7.0,0.0,0.0,0.0,0.0
2024-07-04,0.0,0.0,0.0,0.0,0.0,0.0,0.0,0.0,0.0,0.0,1.0,0.0,0.0,0.0,0.0,0.0,0.0,0.0
2024-07-05,19.0,23.0,2.0,1.0,0.0,0.0,14.0,0.0,4.0,0.0,2.0,0.0,28.0,2.0,1.0,1.0,0.0,0.0
2024-07-06,19.0,0.0,0.0,1.0,0.0,0.0,0.0,0.0,0.0,0.0,3.0,13.0,1.0,0.0,1.0,0.0,0.0,5.0
2024-07-07,28.0,4.0,5.0,1.0,15.0,0.0,0.0,0.0,20.0,0.0,1.0,0.0,22.0,0.0,3.0,0.0,0.0,0.0
2024-07-08,0.0,0.0,,0.0,3.0,1.0,0.0,1.0,1.0,0.0,0.0,0.0,10.0,0.0,4.0,0.0,0.0,0.0
2024-07-09,0.0,2.0,,5.0,12.0,16.0,0.0,22.0,10.0,0.0,0.0,11.0,12.0,0.0,5.0,0.0,4.0,6.0
2024-07-10,0.0,0.0,,0.0,30.0,9.0,1.0,0.0,0.0,0.0,0.0,9.0,14.0,3.0,2.0,0.0,0.0,0.0
2024-07-11,0.0,1.0,0.0,2.0,0.0,0.0,0.0,0.0,3.0,0.0,1.0,0.0,0.0,0.0,0.0,0.0,7.0,0.0
2024-07-12,8.0,11.0,14.0,3.0,21.0,9.0,22.0,5.0,18.0,0.0,0.0,25.0,8.0,34.0,18.0,12.0,23.0,20.0
2024-07-13,8.0,0.0,0.0,0.0,2.0,0.0,0.0,0.0,0.0,0.0,0.0,,0.0,0.0,0.0,0.0,2.0,1.0
2024-07-14,8.0,0.0,2.0,23.0,9.0,23.0,0.0,11.0,0.0,0.0,0.0,,0.0,0.0,4.0,26.0,42.0,15.0
2024-07-15,8.0,0.0,1.0,1.0,0.0,0.0,0.0,0.0,0.0,0.0,0.0,,0.0,0.0,0.0,0.0,0.0,0.0
2024-07-16,0.0,0.0,0.0,0.0,0.0,0.0,0.0,0.0,0.0,0.0,0.0,,0.0,0.0,0.0,0.0,0.0,0.0
2024-07-17,0.0,0.0,0.0,1.0,0.0,0.0,0.0,0.0,0.0,0.0,0.0,,0.0,0.0,0.0,0.0,0.0,0.0
2024-07-18,0.0,0.0,0.0,0.0,0.0,0.0,0.0,0.0,0.0,0.0,0.0,,0.0,0.0,0.0,0.0,0.0,0.0
2024-07-19,0.0,0.0,0.0,0.0,0.0,0.0,0.0,0.0,13.0,0.0,0.0,,0.0,0.0,0.0,4.0,0.0,0.0
2024-07-20,0.0,0.0,0.0,0.0,0.0,0.0,0.0,0.0,0.0,0.0,0.0,,0.0,0.0,0.0,0.0,0.0,0.0
2024-07-21,0.0,0.0,0.0,0.0,0.0,0.0,0.0,0.0,0.0,0.0,0.0,,0.0,0.0,0.0,0.0,0.0,0.0
2024-07-22,0.0,0.0,0.0,0.0,0.0,0.0,0.0,0.0,0.0,0.0,0.0,,0.0,0.0,0.0,0.0,0.0,0.0
2024-07-23,0.0,3.0,0.0,6.0,0.0,0.0,0.0,0.0,0.0,0.0,0.0,,0.0,2.0,7.0,0.0,0.0,0.0
2024-07-24,0.0,0.0,0.0,0.0,0.0,0.0,0.0,0.0,0.0,0.0,0.0,,0.0,0.0,0.0,0.0,0.0,0.0
2024-07-25,0.0,0.0,0.0,0.0,0.0,0.0,0.0,0.0,0.0,0.0,0.0,,0.0,0.0,0.0,0.0,0.0,0.0
2024-07-26,0.0,0.0,0.0,0.0,0.0,0.0,0.0,1.0,0.0,0.0,0.0,,0.0,0.0,0.0,0.0,0.0,0.0
2024-07-27,0.0,0.0,0.0,0.0,0.0,0.0,0.0,0.0,0.0,0.0,0.0,,0.0,0.0,0.0,0.0,0.0,0.0
2024-07-28,0.0,0.0,0.0,0.0,0.0,0.0,0.0,0.0,0.0,0.0,0.0,,0.0,0.0,0.0,0.0,0.0,0.0
2024-07-29,0.0,0.0,0.0,2.0,13.0,13.0,0.0,12.0,0.0,0.0,0.0,,3.0,0.0,27.0,0.0,0.0,0.0
2024-07-30,0.0,0.0,0.0,32.0,39.0,31.0,4.0,46.0,0.0,0.0,0.0,,99.0,0.0,75.0,0.0,36.0,12.0
2024-07-31,5.0,10.0,40.0,9.0,4.0,18.0,33.0,0.0,0.0,1.0,0.0,13.0,4.0,46.0,0.0,3.0,5.0,0.0
2024-08-01,7.0,0.0,0.0,0.0,9.0,0.0,0.0,0.0,0.0,0.0,0.0,0.0,0.0,0.0,0.0,1.0,0.0,0.0
2024-08-02,0.0,0.0,0.0,4.0,7.0,1.0,0.0,0.0,5.0,0.0,0.0,0.0,0.0,6.0,0.0,1.0,39.0,16.0
2024-08-03,0.0,0.0,0.0,56.0,32.0,21.0,0.0,23.0,0.0,0.0,0.0,0.0,26.0,3.0,23.0,1.0,5.0,14.0
2024-08-04,45.0,41.0,4.0,3.0,28.0,5.0,17.0,39.0,21.0,0.0,0.0,6.0,28.0,16.0,52.0,43.0,20.0,28.0
2024-08-05,45.0,18.0,0.0,29.0,0.0,0.0,0.0,6.0,4.0,0.0,0.0,0.0,0.0,0.0,0.0,0.0,13.0,0.0
2024-08-06,0.0,19.0,0.0,0.0,0.0,0.0,0.0,0.0,0.0,0.0,0.0,9.0,0.0,0.0,0.0,0.0,0.0,0.0
2024-08-07,0.0,0.0,2.0,3.0,0.0,0.0,0.0,8.0,0.0,0.0,0.0,1.0,0.0,5.0,30.0,0.0,1.0,1.0
2024-08-08,10.0,0.0,1.0,0.0,0.0,0.0,0.0,0.0,1.0,0.0,0.0,0.0,0.0,0.0,0.0,0.0,1.0,0.0
2024-08-09,14.0,0.0,14.0,13.0,17.0,50.0,18.0,26.0,6.0,0.0,17.0,31.0,68.0,21.0,42.0,6.0,5.0,5.0
2024-08-10,14.0,0.0,0.0,4.0,12.0,2.0,0.0,8.0,10.0,0.0,16.0,3.0,26.0,0.0,8.0,5.0,12.0,32.0
2024-08-11,0.0,0.0,0.0,0.0,0.0,0.0,0.0,0.0,0.0,0.0,1.0,0.0,2.0,0.0,0.0,0.0,0.0,0.0
2024-08-12,0.0,0.0,8.0,2.0,0.0,5.0,0.0,22.0,0.0,0.0,19.0,7.0,32.0,0.0,38.0,15.0,5.0,18.0
2024-08-13,12.0,0.0,0.0,1.0,0.0,0.0,1.0,5.0,0.0,0.0,1.0,2.0,8.0,0.0,9.0,29.0,17.0,7.0
2024-08-14,27.0,0.0,70.0,9.0,36.0,48.0,89.0,10.0,5.0,0.0,92.0,38.0,52.0,88.0,24.0,2.0,3.0,3.0
2024-08-15,28.0,0.0,9.0,8.0,0.0,0.0,2.0,40.0,0.0,0.0,3.0,0.0,0.0,7.0,0.0,25.0,5.0,9.0
2024-08-16,0.0,0.0,1.0,8.0,2.0,0.0,0.0,11.0,0.0,0.0,0.0,7.0,3.0,3.0,0.0,1.0,3.0,3.0
2024-08-17,0.0,0.0,0.0,21.0,0.0,1.0,0.0,0.0,12.0,0.0,1.0,0.0,0.0,0.0,0.0,17.0,17.0,3.0
2024-08-18,1.0,0.0,0.0,6.0,1.0,0.0,0.0,1.0,0.0,0.0,6.0,0.0,0.0,0.0,0.0,0.0,31.0,16.0
2024-08-19,1.0,0.0,1.0,13.0,10.0,3.0,0.0,13.0,0.0,0.0,2.0,0.0,0.0,2.0,0.0,42.0,10.0,16.0
2024-08-20,2.0,0.0,14.0,17.0,0.0,0.0,2.0,29.0,17.0,0.0,17.0,2.0,3.0,16.0,0.0,22.0,20.0,22.0
2024-08-21,7.0,0.0,0.0,0.0,0.0,0.0,0.0,6.0,0.0,0.0,0.0,0.0,0.0,0.0,0.0,1.0,0.0,0.0
2024-08-22,7.0,0.0,0.0,0.0,0.0,0.0,0.0,0.0,0.0,0.0,0.0,0.0,0.0,0.0,0.0,0.0,0.0,0.0
2024-08-23,0.0,0.0,31.0,24.0,7.0,17.0,13.0,4.0,22.0,0.0,40.0,24.0,8.0,21.0,0.0,7.0,2.0,3.0
2024-08-24,3.0,0.0,1.0,9.0,21.0,9.0,1.0,1.0,25.0,27.0,0.0,12.0,9.0,8.0,0.0,0.0,5.0,1.0
2024-08-25,5.0,0.0,11.0,6.0,22.0,56.0,31.0,24.0,0.0,0.0,21.0,32.0,24.0,11.0,0.0,65.0,14.0,26.0
2024-08-26,5.0,0.0,0.0,1.0,4.0,15.0,0.0,9.0,0.0,0.0,3.0,13.0,2.0,0.0,0.0,1.0,8.0,2.0
2024-08-27,5.0,0.0,19.0,,15.0,20.0,15.0,6.0,3.0,12.0,55.0,16.0,7.0,6.0,0.0,5.0,1.0,14.0
2024-08-28,10.0,0.0,40.0,,17.0,19.0,13.0,12.0,6.0,0.0,18.0,8.0,9.0,19.0,0.0,13.0,20.0,26.0
2024-08-29,10.0,0.0,0.0,0.0,0.0,0.0,0.0,0.0,0.0,0.0,0.0,0.0,0.0,0.0,0.0,0.0,0.0,0.0
2024-08-30,0.0,0.0,0.0,0.0,0.0,0.0,0.0,0.0,0.0,0.0,0.0,0.0,0.0,0.0,0.0,0.0,0.0,0.0
2024-08-31,4.0,0.0,0.0,13.0,2.0,9.0,2.0,0.0,0.0,0.0,11.0,2.0,14.0,26.0,0.0,22.0,1.0,19.0
2024-09-01,4.0,0.0,1.0,0.0,0.0,0.0,96.0,0.0,0.0,0.0,0.0,0.0,0.0,33.0,0.0,0.0,0.0,0.0
2024-09-02,4.0,0.0,0.0,0.0,0.0,0.0,0.0,0.0,0.0,0.0,6.0,0.0,10.0,0.0,0.0,0.0,7.0,0.0
2024-09-03,16.0,0.0,16.0,11.0,12.0,13.0,11.0,0.0,0.0,0.0,13.0,32.0,32.0,8.0,0.0,17.0,14.0,28.0
2024-09-04,19.0,0.0,4.0,0.0,1.0,1.0,2.0,0.0,25.0,0.0,3.0,1.0,0.0,16.0,0.0,3.0,0.0,0.0
2024-09-05,19.0,0.0,0.0,0.0,0.0,0.0,0.0,0.0,0.0,0.0,0.0,0.0,0.0,0.0,0.0,0.0,0.0,0.0
2024-09-06,19.0,0.0,0.0,,2.0,24.0,0.0,0.0,0.0,0.0,0.0,1.0,4.0,0.0,0.0,11.0,0.0,0.0
2024-09-07,0.0,0.0,1.0,,2.0,4.0,0.0,0.0,0.0,0.0,0.0,0.0,2.0,0.0,0.0,0.0,0.0,0.0
2024-09-08,1.0,0.0,1.0,,3.0,1.0,4.0,0.0,8.0,0.0,12.0,4.0,0.0,6.0,0.0,8.0,9.0,9.0
2024-09-09,4.0,0.0,8.0,,2.0,10.0,6.0,0.0,0.0,0.0,1.0,2.0,15.0,11.0,0.0,0.0,1.0,1.0
2024-09-10,4.0,0.0,8.0,,1.0,66.0,1.0,0.0,1.0,0.0,7.0,11.0,21.0,0.0,0.0,0.0,5.0,18.0
2024-09-11,7.0,0.0,3.0,,0.0,0.0,11.0,0.0,0.0,0.0,0.0,0.0,2.0,8.0,0.0,0.0,0.0,0.0
2024-09-12,7.0,0.0,7.0,0.0,0.0,16.0,2.0,0.0,1.0,0.0,5.0,10.0,8.0,0.0,0.0,0.0,0.0,6.0
2024-09-13,7.0,0.0,0.0,8.0,1.0,1.0,0.0,0.0,0.0,0.0,0.0,0.0,3.0,0.0,0.0,10.0,11.0,6.0
2024-09-14,0.0,0.0,21.0,4.0,2.0,4.0,23.0,0.0,24.0,0.0,10.0,3.0,0.0,21.0,0.0,0.0,4.0,3.0
2024-09-15,27.0,0.0,4.0,18.0,2.0,11.0,5.0,0.0,9.0,0.0,36.0,18.0,0.0,6.0,0.0,22.0,8.0,16.0
2024-09-16,,0.0,0.0,0.0,0.0,0.0,0.0,0.0,0.0,0.0,0.0,0.0,0.0,0.0,0.0,0.0,0.0,0.0
2024-09-17,29.0,0.0,9.0,24.0,1.0,18.0,6.0,0.0,17.0,9.0,21.0,19.0,11.0,7.0,0.0,19.0,28.0,9.0
2024-09-18,29.0,0.0,0.0,0.0,0.0,0.0,0.0,0.0,0.0,0.0,0.0,0.0,0.0,0.0,0.0,0.0,0.0,0.0
2024-09-19,0.0,0.0,0.0,17.0,0.0,0.0,0.0,0.0,0.0,0.0,0.0,0.0,5.0,0.0,0.0,0.0,12.0,10.0
2024-09-20,0.0,0.0,6.0,22.0,0.0,0.0,6.0,0.0,0.0,0.0,7.0,2.0,5.0,6.0,0.0,5.0,4.0,1.0
2024-09-21,1.0,0.0,7.0,1.0,0.0,3.0,16.0,0.0,8.0,0.0,2.0,3.0,0.0,7.0,0.0,0.0,0.0,1.0
2024-09-22,1.0,0.0,0.0,0.0,0.0,0.0,0.0,0.0,0.0,0.0,7.0,0.0,0.0,0.0,0.0,0.0,0.0,0.0
2024-09-23,17.0,0.0,2.0,0.0,0.0,42.0,17.0,0.0,0.0,0.0,33.0,47.0,2.0,8.0,0.0,2.0,0.0,0.0
2024-09-24,20.0,0.0,20.0,3.0,0.0,49.0,0.0,0.0,44.0,0.0,3.0,34.0,5.0,7.0,0.0,0.0,5.0,0.0
2024-09-25,54.0,0.0,42.0,2.0,0.0,55.0,13.0,0.0,59.0,0.0,54.0,63.0,40.0,5.0,0.0,6.0,5.0,23.0
2024-09-26,54.0,0.0,1.0,2.0,0.0,0.0,0.0,0.0,17.0,0.0,0.0,0.0,1.0,0.0,0.0,1.0,7.0,5.0
2024-09-27,54.0,0.0,0.0,10.0,0.0,0.0,0.0,0.0,22.0,0.0,4.0,0.0,0.0,0.0,0.0,0.0,17.0,5.0
2024-09-28,0.0,0.0,0.0,7.0,0.0,0.0,0.0,0.0,0.0,0.0,0.0,0.0,9.0,0.0,0.0,0.0,8.0,2.0
2024-09-29,38.0,13.0,15.0,9.0,0.0,3.0,2.0,0.0,0.0,0.0,1.0,0.0,7.0,14.0,0.0,0.0,24.0,0.0
2024-09-30,8.0,0.0,1.0,27.0,0.0,10.0,18.0,0.0,23.0,0.0,0.0,0.0,4.0,2.0,0.0,15.0,1.0,0.0
2024-10-01,22.0,4.0,7.0,0.0,0.0,1.0,3.0,0.0,1.0,0.0,4.0,0.0,0.0,1.0,0.0,0.0,0.0,0.0
2024-10-02,0.0,0.0,0.0,0.0,0.0,0.0,0.0,0.0,0.0,0.0,0.0,0.0,22.0,0.0,0.0,0.0,0.0,4.0
2024-10-03,24.0,9.0,0.0,1.0,0.0,1.0,3.0,0.0,9.0,0.0,0.0,0.0,2.0,4.0,0.0,0.0,117.0,1.0
2024-10-04,16.0,0.0,0.0,26.0,0.0,0.0,0.0,0.0,3.0,0.0,0.0,0.0,25.0,0.0,0.0,12.0,,57.0
2024-10-05,0.0,0.0,19.0,0.0,0.0,3.0,0.0,0.0,0.0,0.0,0.0,23.0,0.0,0.0,0.0,0.0,,1.0
2024-10-06,0.0,11.0,1.0,45.0,0.0,12.0,7.0,0.0,3.0,1.0,0.0,3.0,6.0,5.0,0.0,0.0,,17.0
2024-10-07,0.0,0.0,0.0,0.0,0.0,5.0,0.0,0.0,0.0,0.0,0.0,0.0,0.0,0.0,0.0,0.0,,41.0
2024-10-08,0.0,0.0,0.0,12.0,0.0,24.0,0.0,0.0,6.0,0.0,21.0,14.0,8.0,1.0,0.0,1.0,,0.0
2024-10-09,20.0,0.0,1.0,10.0,0.0,1.0,0.0,0.0,8.0,0.0,63.0,28.0,0.0,0.0,0.0,0.0,,6.0
2024-10-10,39.0,4.0,3.0,0.0,0.0,4.0,5.0,0.0,12.0,0.0,35.0,8.0,3.0,18.0,0.0,19.0,,11.0
2024-10-11,5.0,5.0,25.0,23.0,0.0,2.0,0.0,0.0,2.0,0.0,0.0,5.0,12.0,0.0,0.0,0.0,,1.0
2024-10-12,7.0,9.0,3.0,81.0,0.0,2.0,13.0,0.0,73.0,0.0,10.0,53.0,15.0,10.0,0.0,17.0,,101.0
2024-10-13,0.0,17.0,1.0,0.0,0.0,0.0,6.0,0.0,0.0,0.0,1.0,0.0,0.0,2.0,0.0,0.0,,0.0
2024-10-14,19.0,11.0,8.0,46.0,0.0,5.0,11.0,0.0,70.0,0.0,18.0,8.0,8.0,24.0,0.0,0.0,,22.0
2024-10-15,0.0,14.0,14.0,1.0,0.0,0.0,0.0,0.0,0.0,0.0,0.0,0.0,0.0,0.0,0.0,0.0,,0.0
2024-10-16,19.0,21.0,21.0,0.0,13.0,3.0,2.0,0.0,0.0,0.0,17.0,6.0,0.0,6.0,0.0,0.0,,0.0
2024-10-17,9.0,7.0,2.0,0.0,21.0,9.0,10.0,0.0,1.0,1.0,1.0,4.0,27.0,13.0,0.0,0.0,0.0,0.0
2024-10-18,6.0,2.0,20.0,0.0,1.0,11.0,0.0,0.0,0.0,0.0,11.0,3.0,0.0,1.0,0.0,0.0,0.0,0.0
2024-10-19,4.0,4.0,14.0,45.0,9.0,4.0,,0.0,0.0,0.0,18.0,0.0,0.0,0.0,0.0,1.0,0.0,1.0
2024-10-20,5.0,0.0,0.0,0.0,3.0,6.0,,0.0,18.0,0.0,8.0,4.0,0.0,0.0,0.0,0.0,0.0,0.0
2024-10-21,0.0,0.0,0.0,0.0,0.0,0.0,,0.0,0.0,0.0,0.0,0.0,0.0,0.0,0.0,0.0,0.0,0.0
2024-10-22,11.0,20.0,0.0,8.0,4.0,0.0,0.0,0.0,0.0,0.0,0.0,0.0,0.0,0.0,0.0,0.0,9.0,10.0
2024-10-23,0.0,0.0,0.0,0.0,0.0,2.0,0.0,1.0,0.0,13.0,1.0,0.0,0.0,0.0,0.0,0.0,0.0,3.0
2024-10-24,33.0,14.0,28.0,5.0,0.0,1.0,1.0,6.0,7.0,32.0,11.0,2.0,1.0,21.0,9.0,0.0,27.0,15.0
2024-10-25,29.0,19.0,0.0,2.0,0.0,0.0,2.0,0.0,11.0,9.0,0.0,0.0,0.0,13.0,0.0,16.0,6.0,4.0
2024-10-26,0.0,0.0,0.0,0.0,0.0,0.0,0.0,0.0,0.0,0.0,0.0,0.0,0.0,0.0,0.0,0.0,0.0,0.0
2024-10-27,0.0,0.0,0.0,0.0,0.0,0.0,0.0,0.0,0.0,0.0,0.0,0.0,0.0,0.0,0.0,0.0,0.0,0.0
2024-10-28,4.0,0.0,3.0,0.0,0.0,0.0,0.0,0.0,7.0,0.0,0.0,2.0,2.0,0.0,0.0,10.0,0.0,3.0
2024-10-29,1.0,9.0,0.0,0.0,0.0,0.0,16.0,0.0,0.0,2.0,4.0,5.0,0.0,0.0,0.0,0.0,0.0,0.0
2024-10-30,0.0,0.0,0.0,0.0,0.0,0.0,0.0,0.0,0.0,0.0,0.0,0.0,0.0,0.0,0.0,0.0,0.0,0.0
2024-10-31,14.0,0.0,0.0,0.0,0.0,0.0,0.0,0.0,0.0,0.0,0.0,0.0,1.0,0.0,8.0,0.0,1.0,15.0
2024-11-01,23.0,0.0,1.0,0.0,0.0,0.0,5.0,0.0,10.0,0.0,0.0,0.0,1.0,0.0,1.0,0.0,0.0,1.0
2024-11-02,0.0,0.0,0.0,0.0,0.0,0.0,0.0,0.0,22.0,0.0,0.0,0.0,0.0,0.0,0.0,0.0,0.0,0.0
2024-11-03,0.0,0.0,22.0,2.0,25.0,9.0,4.0,0.0,0.0,0.0,0.0,26.0,1.0,0.0,0.0,0.0,0.0,0.0
2024-11-04,3.0,24.0,35.0,0.0,0.0,7.0,20.0,0.0,44.0,1.0,1.0,0.0,13.0,1.0,0.0,0.0,0.0,0.0
2024-11-05,20.0,9.0,5.0,0.0,0.0,0.0,2.0,24.0,0.0,0.0,0.0,0.0,11.0,0.0,63.0,0.0,0.0,0.0
2024-11-06,0.0,2.0,8.0,0.0,3.0,61.0,0.0,3.0,0.0,1.0,0.0,2.0,3.0,0.0,42.0,0.0,0.0,1.0
2024-11-07,18.0,9.0,17.0,29.0,10.0,0.0,0.0,12.0,6.0,10.0,4.0,0.0,29.0,0.0,37.0,4.0,11.0,24.0
2024-11-08,2.0,0.0,0.0,0.0,1.0,0.0,4.0,0.0,0.0,0.0,0.0,0.0,0.0,0.0,0.0,0.0,0.0,0.0
2024-11-09,0.0,24.0,23.0,25.0,6.0,6.0,2.0,0.0,8.0,4.0,11.0,15.0,9.0,0.0,3.0,5.0,3.0,0.0
2024-11-10,13.0,11.0,21.0,7.0,36.0,25.0,26.0,14.0,18.0,15.0,3.0,4.0,3.0,16.0,43.0,3.0,9.0,3.0
2024-11-11,60.0,,17.0,0.0,5.0,3.0,6.0,0.0,35.0,14.0,21.0,7.0,3.0,18.0,1.0,23.0,30.0,11.0
2024-11-12,1.0,,1.0,2.0,22.0,34.0,17.0,6.0,10.0,0.0,29.0,8.0,31.0,3.0,33.0,0.0,0.0,0.0
2024-11-13,1.0,0.0,3.0,3.0,2.0,5.0,0.0,31.0,0.0,0.0,3.0,1.0,30.0,0.0,60.0,0.0,2.0,5.0
2024-11-14,28.0,33.0,6.0,1.0,41.0,13.0,0.0,2.0,56.0,1.0,1.0,17.0,0.0,0.0,7.0,1.0,0.0,6.0
2024-11-15,5.0,13.0,14.0,47.0,9.0,0.0,84.0,8.0,0.0,16.0,0.0,0.0,1.0,4.0,2.0,28.0,35.0,25.0
2024-11-16,2.0,16.0,2.0,4.0,3.0,15.0,5.0,1.0,6.0,8.0,8.0,3.0,2.0,13.0,6.0,0.0,0.0,0.0
2024-11-17,16.0,43.0,17.0,22.0,43.0,95.0,44.0,69.0,15.0,4.0,41.0,63.0,33.0,24.0,56.0,46.0,39.0,57.0
2024-11-18,4.0,8.0,15.0,4.0,10.0,11.0,20.0,10.0,5.0,32.0,11.0,10.0,14.0,23.0,13.0,3.0,4.0,6.0
2024-11-19,36.0,52.0,22.0,0.0,13.0,2.0,7.0,1.0,14.0,3.0,2.0,2.0,2.0,10.0,2.0,2.0,0.0,1.0
2024-11-20,1.0,1.0,0.0,0.0,0.0,0.0,1.0,0.0,3.0,3.0,1.0,1.0,1.0,3.0,0.0,0.0,0.0,0.0
2024-11-21,24.0,3.0,34.0,16.0,8.0,3.0,0.0,32.0,11.0,4.0,0.0,3.0,9.0,0.0,2.0,14.0,23.0,48.0
2024-11-22,47.0,37.0,43.0,12.0,26.0,16.0,28.0,3.0,62.0,16.0,15.0,10.0,29.0,34.0,10.0,10.0,31.0,11.0
2024-11-23,8.0,1.0,2.0,1.0,2.0,4.0,0.0,4.0,1.0,1.0,3.0,1.0,5.0,1.0,3.0,2.0,11.0,3.0
2024-11-24,1.0,0.0,0.0,2.0,0.0,0.0,1.0,0.0,0.0,2.0,2.0,1.0,0.0,1.0,4.0,0.0,0.0,0.0
2024-11-25,1.0,17.0,12.0,0.0,2.0,0.0,0.0,0.0,17.0,6.0,12.0,43.0,1.0,1.0,0.0,28.0,9.0,1.0
2024-11-26,47.0,76.0,56.0,5.0,17.0,52.0,15.0,25.0,12.0,3.0,18.0,27.0,2.0,1.0,2.0,38.0,7.0,13.0
2024-11-27,38.0,11.0,89.0,7.0,2.0,11.0,0.0,19.0,42.0,49.0,17.0,11.0,21.0,99.0,12.0,3.0,6.0,5.0
2024-11-28,10.0,19.0,34.0,6.0,0.0,64.0,41.0,21.0,72.0,6.0,33.0,34.0,34.0,2.0,51.0,2.0,7.0,3.0
2024-11-29,25.0,19.0,60.0,12.0,0.0,65.0,20.0,24.0,30.0,18.0,37.0,49.0,49.0,16.0,27.0,10.0,14.0,15.0
2024-11-30,14.0,2.0,5.0,0.0,0.0,0.0,6.0,0.0,0.0,4.0,2.0,0.0,1.0,7.0,0.0,0.0,0.0,0.0
2024-12-01,0.0,0.0,0.0,3.0,0.0,10.0,2.0,7.0,7.0,11.0,7.0,3.0,4.0,1.0,7.0,6.0,8.0,1.0
2024-12-02,42.0,6.0,3.0,3.0,0.0,0.0,5.0,18.0,0.0,22.0,0.0,0.0,0.0,1.0,0.0,4.0,25.0,6.0
2024-12-03,0.0,4.0,4.0,3.0,0.0,0.0,0.0,7.0,2.0,0.0,0.0,0.0,2.0,1.0,0.0,6.0,28.0,1.0
2024-12-04,0.0,6.0,1.0,1.0,0.0,1.0,2.0,0.0,3.0,0.0,0.0,0.0,1.0,1.0,0.0,1.0,0.0,3.0
2024-12-05,0.0,0.0,0.0,0.0,0.0,0.0,0.0,0.0,0.0,0.0,0.0,0.0,0.0,0.0,0.0,0.0,0.0,0.0
2024-12-06,0.0,0.0,0.0,1.0,0.0,0.0,0.0,0.0,0.0,0.0,0.0,0.0,0.0,0.0,0.0,0.0,0.0,0.0
2024-12-07,0.0,0.0,0.0,0.0,0.0,0.0,0.0,0.0,0.0,0.0,2.0,0.0,0.0,0.0,0.0,0.0,0.0,0.0
2024-12-08,3.0,22.0,4.0,0.0,0.0,11.0,13.0,0.0,3.0,17.0,4.0,5.0,2.0,9.0,4.0,0.0,0.0,0.0
2024-12-09,5.0,6.0,4.0,3.0,0.0,17.0,9.0,4.0,3.0,5.0,10.0,10.0,8.0,10.0,13.0,2.0,1.0,3.0
2024-12-10,0.0,0.0,0.0,1.0,0.0,0.0,0.0,0.0,0.0,0.0,0.0,0.0,0.0,0.0,0.0,0.0,0.0,0.0
2024-12-11,0.0,0.0,0.0,0.0,0.0,0.0,0.0,0.0,0.0,0.0,0.0,0.0,0.0,0.0,0.0,0.0,0.0,0.0
2024-12-12,0.0,0.0,0.0,0.0,0.0,0.0,0.0,0.0,0.0,8.0,0.0,0.0,0.0,0.0,0.0,0.0,0.0,0.0
2024-12-13,2.0,0.0,1.0,1.0,0.0,0.0,0.0,0.0,1.0,0.0,0.0,0.0,0.0,0.0,0.0,0.0,0.0,0.0
2024-12-14,1.0,2.0,0.0,0.0,0.0,5.0,5.0,0.0,3.0,0.0,1.0,1.0,0.0,4.0,0.0,1.0,0.0,0.0
2024-12-15,9.0,48.0,16.0,5.0,0.0,0.0,3.0,0.0,0.0,0.0,0.0,0.0,0.0,3.0,0.0,0.0,0.0,0.0
2024-12-16,48.0,68.0,24.0,12.0,0.0,10.0,45.0,5.0,7.0,7.0,11.0,13.0,0.0,44.0,0.0,42.0,35.0,22.0
2024-12-17,2.0,6.0,2.0,4.0,0.0,11.0,4.0,2.0,5.0,6.0,5.0,10.0,3.0,3.0,2.0,2.0,5.0,3.0
2024-12-18,2.0,3.0,2.0,1.0,0.0,6.0,3.0,6.0,2.0,6.0,11.0,7.0,7.0,5.0,8.0,0.0,0.0,1.0
2024-12-19,0.0,0.0,0.0,0.0,0.0,0.0,0.0,0.0,0.0,0.0,0.0,0.0,0.0,0.0,0.0,0.0,0.0,0.0
2024-12-20,0.0,0.0,1.0,0.0,0.0,1.0,0.0,0.0,0.0,1.0,0.0,0.0,0.0,1.0,0.0,0.0,0.0,0.0
2024-12-21,7.0,1.0,1.0,0.0,0.0,9.0,1.0,1.0,3.0,3.0,5.0,2.0,0.0,0.0,0.0,3.0,0.0,0.0
2024-12-22,0.0,0.0,0.0,1.0,0.0,0.0,0.0,0.0,0.0,0.0,0.0,0.0,0.0,0.0,0.0,0.0,0.0,0.0
2024-12-23,15.0,6.0,26.0,25.0,0.0,24.0,5.0,35.0,4.0,7.0,16.0,14.0,24.0,7.0,41.0,74.0,18.0,47.0
2024-12-24,1.0,3.0,1.0,8.0,0.0,1.0,0.0,6.0,4.0,0.0,0.0,1.0,2.0,0.0,3.0,2.0,1.0,3.0
2024-12-25,0.0,0.0,0.0,0.0,0.0,0.0,0.0,0.0,0.0,0.0,0.0,0.0,0.0,0.0,0.0,0.0,0.0,0.0
2024-12-26,0.0,0.0,0.0,4.0,0.0,0.0,0.0,0.0,0.0,0.0,0.0,0.0,0.0,0.0,0.0,0.0,0.0,0.0
2024-12-27,0.0,0.0,0.0,0.0,0.0,0.0,0.0,0.0,0.0,0.0,0.0,0.0,0.0,0.0,0.0,0.0,0.0,3.0
2024-12-28,0.0,0.0,0.0,3.0,0.0,0.0,0.0,0.0,0.0,0.0,0.0,0.0,0.0,0.0,0.0,0.0,0.0,0.0
2024-12-29,0.0,0.0,6.0,7.0,0.0,1.0,3.0,0.0,0.0,4.0,0.0,0.0,0.0,0.0,0.0,27.0,4.0,8.0
2024-12-30,21.0,23.0,21.0,14.0,0.0,53.0,33.0,31.0,42.0,7.0,55.0,66.0,56.0,32.0,25.0,24.0,17.0,30.0
2024-12-31,1.0,1.0,0.0,0.0,0.0,1.0,0.0,6.0,0.0,0.0,1.0,1.0,0.0,1.0,0.0,0.0,0.0,0.0
2025-01-01,0.0,0.0,0.0,0.0,0.0,0.0,0.0,0.0,0.0,0.0,0.0,0.0,0.0,0.0,3.0,2.0,0.0,1.0
2025-01-02,1.0,0.0,0.0,0.0,0.0,0.0,0.0,1.0,0.0,0.0,0.0,0.0,0.0,0.0,0.0,9.0,0.0,1.0
2025-01-03,0.0,0.0,0.0,0.0,0.0,0.0,,0.0,0.0,0.0,0.0,0.0,0.0,0.0,0.0,0.0,0.0,5.0
2025-01-04,0.0,0.0,0.0,0.0,0.0,0.0,1.0,0.0,0.0,0.0,0.0,0.0,0.0,0.0,0.0,0.0,0.0,0.0
2025-01-05,0.0,0.0,0.0,0.0,0.0,0.0,0.0,0.0,0.0,0.0,0.0,0.0,0.0,0.0,0.0,0.0,0.0,0.0
2025-01-06,0.0,0.0,0.0,8.0,0.0,0.0,0.0,0.0,0.0,0.0,0.0,0.0,1.0,0.0,0.0,0.0,4.0,0.0
2025-01-07,0.0,0.0,0.0,0.0,0.0,0.0,0.0,0.0,0.0,0.0,0.0,0.0,0.0,0.0,0.0,0.0,0.0,0.0
2025-01-08,0.0,0.0,0.0,0.0,0.0,0.0,0.0,0.0,0.0,0.0,0.0,0.0,0.0,0.0,0.0,0.0,0.0,0.0
2025-01-09,0.0,0.0,0.0,0.0,0.0,0.0,0.0,0.0,0.0,0.0,0.0,0.0,0.0,0.0,0.0,0.0,0.0,0.0
2025-01-10,212.0,173.0,149.0,70.0,0.0,152.0,195.0,76.0,264.0,264.0,224.0,138.0,96.0,266.0,86.0,89.0,82.0,77.0
2025-01-11,106.0,97.0,104.0,59.0,4.0,104.0,82.0,74.0,79.0,77.0,113.0,80.0,114.0,94.0,88.0,88.0,81.0,77.0
2025-01-12,25.0,24.0,7.0,15.0,17.0,18.0,10.0,13.0,25.0,88.0,10.0,11.0,18.0,23.0,18.0,16.0,5.0,15.0
2025-01-13,78.0,59.0,36.0,11.0,13.0,15.0,45.0,2.0,48.0,35.0,34.0,32.0,4.0,56.0,2.0,5.0,7.0,3.0
2025-01-14,2.0,10.0,13.0,10.0,30.0,11.0,13.0,24.0,5.0,54.0,9.0,14.0,12.0,9.0,8.0,9.0,12.0,28.0
2025-01-15,14.0,3.0,2.0,12.0,6.0,8.0,14.0,0.0,0.0,2.0,0.0,16.0,4.0,10.0,1.0,23.0,2.0,5.0
2025-01-16,5.0,0.0,1.0,10.0,3.0,5.0,2.0,2.0,1.0,9.0,7.0,5.0,3.0,1.0,7.0,4.0,2.0,4.0
2025-01-17,4.0,9.0,3.0,3.0,5.0,1.0,5.0,3.0,4.0,11.0,3.0,8.0,9.0,4.0,4.0,4.0,1.0,5.0
2025-01-18,1.0,1.0,5.0,7.0,6.0,8.0,3.0,7.0,9.0,5.0,8.0,16.0,7.0,5.0,4.0,4.0,7.0,3.0
2025-01-19,9.0,15.0,12.0,8.0,7.0,7.0,12.0,4.0,5.0,7.0,20.0,13.0,7.0,19.0,7.0,13.0,5.0,4.0
2025-01-20,0.0,1.0,0.0,0.0,0.0,0.0,1.0,0.0,0.0,2.0,0.0,0.0,2.0,0.0,0.0,0.0,0.0,0.0
2025-01-21,4.0,2.0,0.0,1.0,3.0,4.0,0.0,5.0,4.0,1.0,0.0,0.0,4.0,2.0,5.0,0.0,0.0,0.0
2025-01-22,0.0,0.0,1.0,0.0,0.0,0.0,0.0,0.0,0.0,0.0,0.0,0.0,0.0,0.0,0.0,0.0,0.0,0.0
2025-01-23,0.0,0.0,0.0,0.0,3.0,4.0,1.0,0.0,1.0,1.0,0.0,1.0,1.0,1.0,0.0,0.0,4.0,0.0
2025-01-24,2.0,4.0,10.0,0.0,14.0,39.0,4.0,1.0,15.0,2.0,7.0,18.0,1.0,0.0,2.0,0.0,0.0,0.0
2025-01-25,0.0,2.0,3.0,31.0,0.0,2.0,0.0,6.0,0.0,1.0,0.0,0.0,0.0,0.0,8.0,10.0,20.0,18.0
2025-01-26,0.0,0.0,0.0,0.0,0.0,0.0,0.0,0.0,0.0,0.0,0.0,0.0,0.0,0.0,0.0,2.0,1.0,0.0
2025-01-27,60.0,12.0,13.0,5.0,16.0,12.0,50.0,18.0,53.0,95.0,89.0,19.0,66.0,60.0,33.0,4.0,19.0,9.0
2025-01-28,0.0,0.0,1.0,3.0,1.0,1.0,0.0,1.0,0.0,1.0,0.0,0.0,5.0,1.0,1.0,1.0,1.0,2.0
2025-01-29,0.0,0.0,0.0,0.0,0.0,0.0,0.0,0.0,0.0,0.0,0.0,0.0,0.0,0.0,0.0,0.0,0.0,0.0
2025-01-30,0.0,0.0,0.0,0.0,0.0,0.0,0.0,0.0,0.0,0.0,0.0,0.0,0.0,0.0,0.0,0.0,0.0,0.0
2025-01-31,0.0,0.0,0.0,0.0,0.0,0.0,0.0,0.0,0.0,0.0,0.0,0.0,0.0,0.0,0.0,0.0,0.0,0.0
2025-02-01,0.0,0.0,0.0,0.0,0.0,0.0,0.0,0.0,0.0,0.0,0.0,0.0,0.0,0.0,0.0,0.0,0.0,0.0
2025-02-02,0.0,0.0,0.0,0.0,0.0,0.0,0.0,0.0,0.0,0.0,0.0,0.0,0.0,0.0,0.0,8.0,0.0,0.0
2025-02-03,0.0,0.0,0.0,0.0,0.0,0.0,0.0,0.0,0.0,0.0,0.0,0.0,0.0,0.0,0.0,0.0,0.0,0.0
2025-02-04,0.0,0.0,1.0,0.0,1.0,0.0,5.0,0.0,0.0,5.0,1.0,3.0,3.0,5.0,0.0,0.0,0.0,1.0
2025-02-05,54.0,60.0,43.0,48.0,88.0,95.0,57.0,80.0,47.0,98.0,72.0,68.0,89.0,104.0,100.0,50.0,45.0,47.0
2025-02-06,0.0,0.0,0.0,0.0,0.0,0.0,0.0,0.0,0.0,0.0,0.0,0.0,0.0,0.0,0.0,0.0,0.0,0.0
2025-02-07,0.0,0.0,0.0,0.0,0.0,0.0,0.0,0.0,0.0,0.0,0.0,0.0,0.0,0.0,0.0,0.0,0.0,0.0
2025-02-08,0.0,0.0,0.0,0.0,0.0,0.0,0.0,0.0,0.0,0.0,0.0,0.0,0.0,0.0,0.0,0.0,0.0,0.0
2025-02-09,1.0,1.0,1.0,0.0,0.0,0.0,3.0,0.0,1.0,2.0,6.0,1.0,7.0,4.0,2.0,4.0,3.0,0.0
2025-02-10,0.0,0.0,0.0,0.0,0.0,0.0,0.0,0.0,0.0,0.0,1.0,0.0,0.0,0.0,0.0,0.0,0.0,0.0
2025-02-11,0.0,0.0,0.0,0.0,0.0,0.0,0.0,0.0,0.0,0.0,0.0,0.0,0.0,0.0,0.0,0.0,0.0,0.0
2025-02-12,0.0,0.0,0.0,0.0,0.0,0.0,0.0,0.0,0.0,0.0,0.0,0.0,0.0,0.0,0.0,17.0,20.0,15.0
2025-02-13,0.0,0.0,0.0,0.0,0.0,0.0,0.0,0.0,0.0,0.0,0.0,0.0,0.0,0.0,0.0,0.0,0.0,0.0
2025-02-14,0.0,0.0,3.0,0.0,3.0,22.0,0.0,1.0,0.0,0.0,0.0,11.0,0.0,0.0,0.0,0.0,0.0,0.0
2025-02-15,0.0,0.0,8.0,0.0,1.0,0.0,0.0,17.0,0.0,0.0,0.0,0.0,0.0,0.0,4.0,2.0,0.0,2.0
2025-02-16,0.0,,0.0,0.0,0.0,0.0,0.0,0.0,0.0,0.0,0.0,0.0,0.0,0.0,0.0,9.0,0.0,1.0
2025-02-17,0.0,,5.0,0.0,0.0,0.0,0.0,1.0,0.0,0.0,1.0,0.0,0.0,1.0,0.0,0.0,0.0,0.0
2025-02-18,0.0,0.0,0.0,0.0,0.0,0.0,0.0,0.0,1.0,0.0,0.0,0.0,0.0,0.0,0.0,0.0,0.0,0.0
2025-02-19,0.0,0.0,0.0,0.0,0.0,0.0,0.0,0.0,0.0,0.0,0.0,0.0,0.0,0.0,0.0,0.0,0.0,0.0
2025-02-20,0.0,0.0,0.0,2.0,0.0,0.0,0.0,0.0,0.0,0.0,0.0,4.0,0.0,0.0,0.0,0.0,0.0,0.0
2025-02-21,0.0,0.0,0.0,0.0,0.0,0.0,3.0,0.0,0.0,5.0,0.0,2.0,0.0,0.0,0.0,0.0,11.0,0.0
2025-02-22,0.0,0.0,0.0,0.0,11.0,0.0,0.0,0.0,0.0,0.0,0.0,0.0,0.0,0.0,0.0,0.0,0.0,1.0
2025-02-23,10.0,2.0,2.0,3.0,8.0,4.0,20.0,3.0,7.0,20.0,4.0,5.0,0.0,19.0,4.0,32.0,3.0,8.0
2025-02-24,0.0,0.0,0.0,0.0,0.0,0.0,0.0,0.0,0.0,0.0,0.0,0.0,0.0,0.0,0.0,6.0,4.0,1.0
2025-02-25,13.0,13.0,15.0,14.0,30.0,21.0,7.0,45.0,4.0,32.0,,35.0,16.0,5.0,42.0,21.0,33.0,29.0
2025-02-26,1.0,0.0,1.0,4.0,0.0,2.0,0.0,2.0,1.0,33.0,3.0,1.0,4.0,3.0,9.0,0.0,0.0,3.0
2025-02-27,0.0,0.0,0.0,0.0,0.0,1.0,1.0,0.0,1.0,72.0,1.0,0.0,0.0,1.0,0.0,0.0,0.0,0.0
2025-02-28,0.0,0.0,0.0,0.0,0.0,2.0,0.0,0.0,0.0,72.0,0.0,0.0,0.0,0.0,0.0,0.0,0.0,0.0
2025-03-01,0.0,0.0,0.0,0.0,0.0,0.0,0.0,0.0,0.0,0.0,0.0,0.0,0.0,0.0,0.0,0.0,0.0,0.0
2025-03-02,0.0,0.0,0.0,6.0,0.0,0.0,0.0,0.0,0.0,0.0,0.0,0.0,0.0,0.0,0.0,0.0,0.0,
2025-03-03,0.0,0.0,0.0,0.0,0.0,0.0,0.0,0.0,0.0,0.0,0.0,0.0,0.0,0.0,0.0,0.0,0.0,
2025-03-04,0.0,0.0,0.0,61.0,0.0,0.0,0.0,0.0,0.0,0.0,0.0,0.0,0.0,0.0,0.0,52.0,1.0,0.0
2025-03-05,0.0,0.0,0.0,0.0,0.0,0.0,0.0,0.0,0.0,25.0,0.0,0.0,0.0,0.0,0.0,0.0,0.0,0.0
2025-03-06,3.0,11.0,4.0,1.0,1.0,1.0,3.0,5.0,117.0,0.0,0.0,1.0,2.0,2.0,3.0,7.0,1.0,1.0
2025-03-07,0.0,2.0,37.0,0.0,5.0,16.0,26.0,4.0,117.0,0.0,8.0,36.0,0.0,30.0,2.0,0.0,0.0,0.0
2025-03-08,45.0,28.0,42.0,0.0,3.0,1.0,10.0,18.0,0.0,0.0,7.0,5.0,0.0,7.0,3.0,13.0,,8.0
2025-03-09,12.0,15.0,37.0,1.0,8.0,15.0,19.0,0.0,0.0,0.0,44.0,25.0,0.0,24.0,1.0,71.0,,50.0
2025-03-10,0.0,0.0,4.0,1.0,0.0,4.0,0.0,0.0,0.0,0.0,0.0,1.0,0.0,1.0,1.0,3.0,0.0,0.0
2025-03-11,2.0,1.0,6.0,3.0,0.0,2.0,2.0,0.0,0.0,0.0,2.0,2.0,0.0,2.0,0.0,0.0,0.0,0.0
2025-03-12,18.0,11.0,29.0,8.0,15.0,20.0,8.0,21.0,6.0,1.0,23.0,24.0,39.0,3.0,55.0,3.0,3.0,1.0
2025-03-13,1.0,3.0,2.0,0.0,2.0,13.0,3.0,7.0,0.0,5.0,9.0,9.0,26.0,15.0,7.0,0.0,0.0,1.0
2025-03-14,0.0,0.0,0.0,20.0,0.0,0.0,0.0,0.0,,5.0,0.0,0.0,0.0,0.0,0.0,2.0,3.0,1.0
2025-03-15,0.0,0.0,0.0,0.0,0.0,0.0,0.0,0.0,,5.0,0.0,0.0,0.0,1.0,0.0,0.0,0.0,0.0
2025-03-16,28.0,9.0,0.0,,17.0,14.0,9.0,6.0,3.0,22.0,27.0,16.0,5.0,7.0,1.0,0.0,2.0,0.0
2025-03-17,0.0,0.0,0.0,6.0,0.0,0.0,0.0,8.0,,0.0,0.0,0.0,6.0,0.0,5.0,0.0,11.0,2.0
2025-03-18,0.0,0.0,1.0,0.0,0.0,0.0,0.0,0.0,,0.0,0.0,0.0,0.0,0.0,0.0,0.0,0.0,0.0
2025-03-19,139.0,154.0,131.0,69.0,133.0,126.0,158.0,63.0,,142.0,125.0,7.0,73.0,173.0,72.0,93.0,59.0,64.0
2025-03-20,232.0,224.0,203.0,114.0,182.0,173.0,185.0,122.0,35.0,170.0,207.0,190.0,166.0,23.0,129.0,141.0,114.0,73.0
2025-03-21,7.0,2.0,4.0,0.0,3.0,4.0,2.0,0.0,,6.0,4.0,4.0,3.0,,1.0,1.0,0.0,75.0
2025-03-22,24.0,17.0,10.0,3.0,14.0,3.0,6.0,3.0,0.0,5.0,10.0,2.0,11.0,31.0,6.0,5.0,5.0,7.0
2025-03-23,152.0,130.0,54.0,29.0,12.0,63.0,117.0,11.0,,93.0,62.0,53.0,35.0,122.0,16.0,9.0,9.0,17.0
2025-03-24,18.0,12.0,14.0,13.0,11.0,20.0,11.0,9.0,,47.0,27.0,11.0,3.0,21.0,5.0,20.0,22.0,25.0
2025-03-25,7.0,11.0,48.0,3.0,0.0,0.0,0.0,0.0,,0.0,0.0,0.0,0.0,0.0,0.0,3.0,1.0,0.0
2025-03-26,58.0,14.0,4.0,0.0,0.0,4.0,0.0,0.0,,0.0,1.0,0.0,0.0,0.0,5.0,0.0,0.0,0.0
2025-03-27,3.0,4.0,5.0,36.0,0.0,0.0,10.0,0.0,,31.0,0.0,0.0,5.0,6.0,0.0,0.0,15.0,9.0
2025-03-28,7.0,19.0,34.0,1.0,0.0,0.0,2.0,0.0,,32.0,20.0,6.0,0.0,2.0,16.0,27.0,6.0,2.0
2025-03-29,3.0,6.0,47.0,36.0,33.0,25.0,29.0,0.0,,84.0,3.0,6.0,0.0,43.0,0.0,44.0,46.0,48.0
2025-03-30,48.0,63.0,34.0,0.0,42.0,73.0,11.0,5.0,,91.0,29.0,43.0,2.0,21.0,0.0,4.0,2.0,2.0
2025-03-31,0.0,0.0,0.0,0.0,0.0,0.0,0.0,0.0,,0.0,0.0,0.0,0.0,0.0,0.0,0.0,0.0,0.0
2025-04-01,0.0,0.0,0.0,0.0,0.0,0.0,0.0,0.0,,36.0,0.0,0.0,0.0,0.0,0.0,0.0,1.0,3.0
2025-04-02,15.0,47.0,28.0,22.0,8.0,11.0,3.0,19.0,,36.0,7.0,14.0,1.0,1.0,8.0,13.0,27.0,14.0
2025-04-03,5.0,2.0,3.0,67.0,52.0,32.0,13.0,34.0,,36.0,6.0,21.0,0.0,9.0,42.0,48.0,35.0,23.0
2025-04-04,25.0,5.0,75.0,4.0,23.0,3.0,6.0,29.0,,37.0,4.0,4.0,0.0,1.0,2.0,29.0,5.0,29.0
2025-04-05,0.0,0.0,4.0,8.0,11.0,13.0,0.0,2.0,,38.0,1.0,22.0,0.0,1.0,9.0,6.0,2.0,5.0
2025-04-06,0.0,4.0,0.0,0.0,0.0,1.0,13.0,0.0,,0.0,7.0,12.0,0.0,2.0,6.0,0.0,0.0,0.0
2025-04-07,28.0,13.0,13.0,14.0,15.0,17.0,52.0,15.0,25.0,63.0,30.0,16.0,0.0,58.0,15.0,36.0,30.0,26.0
2025-04-08,1.0,0.0,0.0,0.0,0.0,0.0,0.0,0.0,,0.0,0.0,0.0,0.0,0.0,0.0,0.0,0.0,0.0
2025-04-09,7.0,0.0,0.0,7.0,0.0,40.0,0.0,51.0,25.0,23.0,20.0,49.0,0.0,10.0,19.0,1.0,19.0,4.0
2025-04-10,28.0,6.0,42.0,0.0,35.0,37.0,0.0,52.0,,0.0,57.0,27.0,4.0,0.0,44.0,8.0,25.0,26.0
2025-04-11,2.0,2.0,0.0,0.0,0.0,0.0,7.0,0.0,0.0,0.0,1.0,1.0,0.0,0.0,0.0,0.0,0.0,0.0
2025-04-12,0.0,0.0,0.0,8.0,0.0,1.0,1.0,1.0,,60.0,15.0,1.0,0.0,6.0,7.0,20.0,12.0,5.0
2025-04-13,6.0,12.0,22.0,30.0,40.0,34.0,41.0,52.0,7.0,112.0,34.0,34.0,0.0,55.0,76.0,13.0,29.0,11.0
2025-04-14,0.0,0.0,14.0,0.0,0.0,0.0,0.0,0.0,,112.0,0.0,0.0,0.0,0.0,0.0,0.0,0.0,0.0
2025-04-15,0.0,2.0,33.0,7.0,37.0,7.0,0.0,37.0,,112.0,0.0,1.0,0.0,0.0,5.0,75.0,5.0,4.0
2025-04-16,71.0,13.0,5.0,6.0,0.0,1.0,0.0,0.0,,33.0,9.0,1.0,0.0,23.0,0.0,2.0,10.0,3.0
2025-04-17,18.0,22.0,6.0,16.0,17.0,8.0,29.0,8.0,,34.0,6.0,7.0,0.0,8.0,10.0,7.0,12.0,17.0
2025-04-18,0.0,0.0,0.0,0.0,0.0,8.0,0.0,7.0,20.0,12.0,17.0,9.0,0.0,0.0,4.0,0.0,0.0,1.0
2025-04-19,0.0,30.0,33.0,12.0,10.0,8.0,6.0,14.0,20.0,12.0,4.0,28.0,0.0,15.0,1.0,25.0,12.0,9.0
2025-04-20,3.0,12.0,0.0,27.0,0.0,2.0,18.0,5.0,,15.0,53.0,8.0,0.0,8.0,1.0,4.0,25.0,1.0
2025-04-21,1.0,33.0,17.0,3.0,11.0,15.0,6.0,0.0,,16.0,3.0,26.0,0.0,0.0,0.0,1.0,0.0,0.0
2025-04-22,1.0,0.0,32.0,8.0,0.0,0.0,6.0,23.0,20.0,16.0,0.0,0.0,0.0,1.0,11.0,48.0,43.0,21.0
2025-04-23,1.0,16.0,13.0,1.0,4.0,8.0,16.0,1.0,,24.0,32.0,24.0,0.0,19.0,2.0,0.0,1.0,6.0
2025-04-24,7.0,8.0,17.0,0.0,0.0,2.0,32.0,0.0,20.0,3.0,4.0,2.0,20.0,27.0,1.0,0.0,0.0,0.0
2025-04-25,40.0,0.0,28.0,1.0,43.0,16.0,17.0,22.0,,0.0,1.0,0.0,13.0,6.0,15.0,6.0,1.0,5.0
2025-04-26,0.0,0.0,0.0,0.0,0.0,0.0,0.0,0.0,,15.0,0.0,0.0,0.0,0.0,0.0,0.0,0.0,0.0
2025-04-27,0.0,1.0,0.0,35.0,3.0,0.0,0.0,13.0,,0.0,0.0,0.0,0.0,0.0,12.0,0.0,3.0,9.0
2025-04-28,0.0,0.0,0.0,0.0,1.0,0.0,18.0,0.0,,0.0,14.0,0.0,0.0,12.0,1.0,0.0,0.0,0.0
2025-04-29,15.0,5.0,0.0,0.0,0.0,0.0,1.0,5.0,,0.0,0.0,0.0,0.0,0.0,0.0,0.0,0.0,0.0
2025-04-30,0.0,0.0,0.0,32.0,60.0,15.0,0.0,9.0,,0.0,0.0,0.0,0.0,0.0,17.0,9.0,35.0,18.0
2025-05-01,9.0,2.0,0.0,0.0,0.0,0.0,0.0,0.0,,0.0,0.0,0.0,0.0,0.0,0.0,18.0,0.0,0.0
2025-05-02,0.0,1.0,0.0,0.0,0.0,5.0,0.0,0.0,,0.0,0.0,3.0,0.0,0.0,0.0,0.0,0.0,0.0
2025-05-03,0.0,0.0,0.0,0.0,0.0,0.0,0.0,0.0,,0.0,0.0,0.0,0.0,0.0,0.0,4.0,0.0,0.0
2025-05-04,19.0,12.0,3.0,21.0,24.0,33.0,7.0,6.0,,0.0,42.0,30.0,0.0,13.0,5.0,57.0,30.0,48.0
2025-05-05,1.0,14.0,0.0,8.0,0.0,0.0,12.0,0.0,,0.0,0.0,0.0,6.0,17.0,1.0,11.0,27.0,17.0
2025-05-06,0.0,0.0,0.0,0.0,0.0,0.0,0.0,0.0,,0.0,0.0,0.0,0.0,0.0,0.0,0.0,0.0,0.0
2025-05-07,0.0,0.0,0.0,0.0,0.0,0.0,0.0,1.0,,0.0,0.0,0.0,4.0,0.0,1.0,0.0,0.0,0.0
2025-05-08,0.0,15.0,0.0,6.0,0.0,4.0,0.0,0.0,,0.0,1.0,0.0,4.0,0.0,1.0,2.0,2.0,0.0
2025-05-09,0.0,4.0,0.0,0.0,0.0,0.0,0.0,0.0,,0.0,0.0,0.0,0.0,0.0,0.0,0.0,0.0,0.0
2025-05-10,0.0,0.0,8.0,8.0,0.0,0.0,0.0,81.0,,0.0,1.0,0.0,56.0,0.0,93.0,0.0,0.0,3.0
2025-05-11,5.0,2.0,8.0,0.0,3.0,2.0,4.0,7.0,,0.0,2.0,0.0,0.0,12.0,0.0,22.0,0.0,5.0
2025-05-12,54.0,3.0,0.0,0.0,0.0,1.0,2.0,0.0,,0.0,0.0,0.0,0.0,0.0,0.0,0.0,0.0,0.0
2025-05-13,0.0,53.0,7.0,0.0,3.0,0.0,20.0,0.0,,0.0,0.0,1.0,0.0,7.0,0.0,0.0,0.0,7.0
2025-05-14,3.0,3.0,5.0,1.0,0.0,0.0,17.0,0.0,,0.0,29.0,3.0,0.0,37.0,0.0,7.0,0.0,11.0
2025-05-15,1.0,5.0,79.0,4.0,47.0,10.0,3.0,55.0,0.0,0.0,12.0,7.0,15.0,11.0,38.0,4.0,5.0,29.0
2025-05-16,1.0,0.0,0.0,0.0,0.0,0.0,0.0,0.0,0.0,0.0,0.0,0.0,0.0,0.0,0.0,0.0,0.0,0.0
2025-05-17,27.0,25.0,9.0,0.0,7.0,13.0,0.0,0.0,0.0,0.0,0.0,7.0,0.0,1.0,0.0,14.0,0.0,0.0
2025-05-18,31.0,48.0,0.0,6.0,7.0,12.0,,4.0,53.0,0.0,46.0,25.0,7.0,20.0,5.0,23.0,16.0,22.0
2025-05-19,9.0,3.0,3.0,1.0,2.0,1.0,,1.0,1.0,0.0,3.0,14.0,0.0,5.0,0.0,1.0,0.0,1.0
2025-05-20,8.0,12.0,2.0,0.0,0.0,0.0,0.0,3.0,11.0,0.0,0.0,16.0,0.0,12.0,0.0,0.0,0.0,0.0
2025-05-21,0.0,0.0,0.0,0.0,0.0,0.0,0.0,0.0,0.0,,0.0,0.0,0.0,0.0,0.0,0.0,0.0,0.0
2025-05-22,,,,,,,,,,,,,,,,,,
2025-05-23,,,,,,,,,,,,,,,,,,
2025-05-24,,,,,,,,,,,,,,,,,,
2025-05-25,,,,,,,,,,,,,,,,,,
2025-05-26,,,,,,,,,,,,,,,,,,
2025-05-27,1.0,1.0,0.0,,17.0,28.0,12.0,0.0,3.0,0.0,0.0,,18.0,,1.0,0.0,0.0,0.0
2025-05-28,0.0,0.0,0.0,,0.0,0.0,0.0,0.0,0.0,0.0,,,0.0,,0.0,0.0,3.0,3.0
2025-05-29,3.0,2.0,2.0,,24.0,16.0,19.0,26.0,5.0,0.0,,,33.0,,31.0,35.0,6.0,10.0
2025-05-30,0.0,0.0,0.0,,0.0,0.0,0.0,10.0,0.0,0.0,,,,,0.0,2.0,9.0,5.0
2025-05-31,8.0,33.0,0.0,,0.0,0.0,19.0,1.0,0.0,0.0,,,34.0,,3.0,8.0,1.0,4.0
2025-06-01,0.0,0.0,0.0,,0.0,0.0,0.0,0.0,0.0,0.0,,,0.0,,0.0,0.0,0.0,0.0
2025-06-02,0.0,0.0,0.0,,0.0,0.0,0.0,0.0,0.0,0.0,,,0.0,,0.0,0.0,0.0,0.0
2025-06-03,25.0,0.0,2.0,,0.0,0.0,1.0,0.0,0.0,3.0,,,0.0,,0.0,0.0,0.0,0.0
2025-06-04,40.0,12.0,0.0,,0.0,0.0,32.0,0.0,0.0,0.0,,,0.0,,0.0,0.0,0.0,0.0
2025-06-05,53.0,1.0,51.0,,44.0,39.0,51.0,7.0,0.0,0.0,,,2.0,,0.0,0.0,1.0,0.0
2025-06-06,2.0,0.0,0.0,,2.0,2.0,4.0,0.0,34.0,0.0,,,0.0,,0.0,0.0,0.0,0.0
2025-06-07,0.0,0.0,0.0,,0.0,0.0,0.0,0.0,0.0,0.0,,,0.0,,4.0,0.5,3.0,0.0
2025-06-08,23.0,1.0,0.0,,2.0,1.0,3.0,7.0,9.0,0.0,,,0.0,,5.0,6.0,4.0,1.0
2025-06-09,1.0,1.0,0.0,,0.0,6.0,3.0,0.0,0.0,0.0,,,0.0,,0.0,2.0,0.0,0.0
2025-06-10,8.0,6.0,16.0,,1.0,20.0,20.0,9.0,10.0,0.0,,,28.0,,12.0,22.0,15.0,17.0
2025-06-11,0.0,0.0,0.0,,0.0,0.0,0.0,0.0,0.0,0.0,,,0.0,,0.0,0.0,0.0,0.0
2025-06-12,0.0,0.0,0.0,0.0,0.0,0.0,0.0,0.0,0.0,0.0,,,0.0,,0.0,0.0,0.0,0.0
2025-06-13,0.0,0.0,0.0,0.0,0.0,0.0,0.0,0.0,0.0,0.0,0.0,,0.0,0.0,0.0,0.0,0.0,0.0
2025-06-14,0.0,1.0,17.0,2.0,0.0,14.0,0.0,5.0,16.0,0.0,3.0,,20.0,0.0,27.0,0.0,0.0,1.0
2025-06-15,0.0,0.0,0.0,0.0,0.0,0.0,0.0,0.0,0.0,0.0,0.0,,0.0,0.0,0.0,9.0,3.0,2.0
2025-06-16,0.0,0.0,0.0,3.0,0.0,1.0,0.0,61.0,3.0,0.0,0.0,,0.0,0.0,26.0,1.0,10.0,4.0
2025-06-17,0.0,9.0,25.0,9.0,0.0,5.0,4.0,41.0,11.0,0.0,20.0,,77.0,3.0,51.0,5.0,5.0,5.0
2025-06-18,0.0,0.0,0.0,0.0,0.0,0.0,0.0,1.0,0.0,0.0,0.0,0.0,8.0,0.0,3.0,0.0,0.0,0.0
2025-06-19,0.0,0.0,0.0,0.0,0.0,0.0,0.0,0.0,0.0,0.0,0.0,0.0,0.0,0.0,0.0,0.0,0.0,0.0
2025-06-20,18.0,3.0,0.0,0.0,0.0,3.0,0.0,0.0,9.0,0.0,26.0,10.0,0.0,8.0,1.0,13.0,0.0,0.0
2025-06-21,0.0,0.0,0.0,0.0,0.0,0.0,0.0,0.0,0.0,0.0,4.0,0.0,0.0,8.0,0.0,0.0,0.0,0.0
2025-06-22,0.0,4.0,0.0,1.0,0.0,0.0,0.0,0.0,0.0,0.0,9.0,0.0,4.0,8.0,3.0,0.0,0.0,0.0
2025-06-23,0.0,2.0,0.0,0.0,0.0,0.0,0.0,0.0,2.0,0.0,0.0,0.0,0.0,0.0,0.0,0.0,0.0,2.0
2025-06-24,1.0,0.0,0.0,2.0,0.0,3.0,4.0,1.0,0.0,0.0,20.0,10.0,3.0,9.0,1.0,0.0,0.0,0.0
2025-06-25,0.0,0.0,0.0,0.0,0.0,0.0,0.0,0.0,0.0,0.0,0.0,0.0,0.0,0.0,0.0,0.0,0.0,3.0
2025-06-26,0.0,0.0,0.0,0.0,0.0,0.0,0.0,0.0,0.0,0.0,0.0,0.0,0.0,0.0,0.0,0.0,0.0,0.0
2025-06-27,0.0,0.0,0.0,0.0,0.0,2.0,0.0,0.0,0.0,0.0,0.0,0.0,0.0,0.0,0.0,0.0,0.0,0.0
2025-06-28,33.0,32.0,21.0,1.0,0.0,0.0,23.0,0.0,6.0,0.0,13.0,0.0,5.0,16.0,0.0,0.0,5.0,0.0
2025-06-29,4.0,0.0,0.0,23.0,0.0,0.0,0.0,5.0,2.0,0.0,0.0,0.0,0.0,,6.0,0.0,15.0,15.0
2025-06-30,8.0,0.0,0.0,0.0,0.0,0.0,7.0,0.0,0.0,0.0,1.0,,0.0,7.0,0.0,0.0,0.0,0.0
2025-07-01,0.0,1.0,0.0,0.0,0.0,0.0,8.0,0.0,0.0,0.0,0.0,0.0,0.0,2.0,0.0,0.0,0.0,0.0
2025-07-02,30.0,27.0,29.0,2.0,0.0,11.0,8.0,24.0,3.0,0.0,8.0,5.0,0.0,4.0,21.0,1.0,4.0,10.0
2025-07-03,0.0,0.0,2.0,0.0,0.0,0.0,0.0,0.0,0.0,0.0,0.0,0.0,0.0,0.0,0.0,0.0,0.0,1.0
2025-07-04,43.0,9.0,0.0,15.0,0.0,13.0,3.0,58.0,15.0,0.0,1.0,9.0,1.0,6.0,32.0,0.0,12.0,14.0
2025-07-05,9.0,6.0,1.0,0.0,0.0,0.0,5.0,0.0,0.0,0.0,24.0,1.0,0.0,7.0,0.0,0.0,0.0,0.0
2025-07-06,0.0,0.0,6.0,0.0,0.0,0.0,0.0,0.0,0.0,0.0,0.0,0.0,0.0,0.0,0.0,0.0,0.0,0.0
2025-07-07,0.0,0.0,10.0,0.0,0.0,0.0,0.0,0.0,0.0,0.0,1.0,0.0,0.0,0.0,0.0,0.0,0.0,0.0
2025-07-08,2.0,0.0,1.0,0.0,0.0,0.0,0.0,0.0,8.0,0.0,0.0,0.0,0.0,0.0,0.0,0.0,0.0,0.0
2025-07-09,2.0,7.0,3.0,4.0,0.0,2.0,1.0,5.0,5.0,0.0,1.0,1.0,0.0,1.0,3.0,10.0,5.0,12.0
2025-07-10,1.0,0.0,1.0,0.0,0.0,4.0,11.0,0.0,0.0,0.0,0.0,0.0,1.0,29.0,0.0,0.0,0.0,0.0
2025-07-11,29.0,14.0,4.0,0.0,0.0,3.0,3.0,0.0,1.0,0.0,4.0,6.0,0.0,1.0,0.0,0.0,0.0,0.0
2025-07-12,21.0,11.0,3.0,7.0,0.0,11.0,6.0,13.0,6.0,2.0,3.0,3.0,0.0,6.0,0.0,1.0,8.0,1.0
2025-07-13,0.0,0.0,0.0,0.0,0.0,0.0,0.0,0.0,0.0,0.0,0.0,,0.0,0.0,0.0,0.0,0.0,0.0
2025-07-14,7.0,29.0,1.0,0.0,0.0,11.0,40.0,0.0,0.0,1.0,18.0,0.0,,11.0,0.0,4.0,0.0,0.0
2025-07-15,0.0,0.0,1.0,5.0,0.0,0.0,0.0,3.0,0.0,1.0,0.0,0.0,0.0,0.0,1.0,4.0,1.0,13.0
2025-07-16,0.0,0.0,2.0,0.0,0.0,0.0,0.0,0.0,0.0,1.0,0.0,0.0,0.0,0.0,0.0,0.0,0.0,0.0
2025-07-17,0.0,1.0,0.0,0.0,0.0,1.0,0.0,1.0,0.0,1.0,4.0,3.0,2.0,0.0,1.0,8.0,0.0,2.0
2025-07-18,0.0,0.0,0.0,0.0,0.0,0.0,0.0,0.0,0.0,0.0,0.0,0.0,0.0,0.0,0.0,0.0,0.0,0.0
2025-07-19,0.0,0.0,0.0,0.0,0.0,0.0,0.0,0.0,0.0,0.0,0.0,0.0,0.0,0.0,0.0,0.0,0.0,0.0
2025-07-20,0.0,0.0,0.0,0.0,0.0,0.0,0.0,0.0,3.0,0.0,0.0,0.0,0.0,0.0,0.0,2.0,0.0,0.0
2025-07-21,36.0,29.0,0.0,0.0,0.0,0.0,5.0,0.0,58.0,0.0,8.0,1.0,1.0,3.0,0.0,0.0,0.0,0.0
2025-07-22,30.0,42.0,0.0,0.0,0.0,51.0,7.0,8.0,2.0,2.0,32.0,23.0,0.0,26.0,10.0,0.0,0.0,0.0
2025-07-23,0.0,28.0,0.0,,0.0,0.0,11.0,1.0,0.0,0.0,0.0,0.0,0.0,0.0,0.0,1.0,18.0,2.0
2025-07-24,0.0,0.0,0.0,,0.0,0.0,0.0,0.0,0.0,0.0,0.0,0.0,0.0,0.0,0.0,0.0,0.0,0.0
2025-07-25,0.0,5.0,0.0,,26.0,1.0,1.0,22.0,3.0,0.0,0.0,0.0,2.0,0.0,4.0,19.0,0.0,15.0
2025-07-26,0.0,3.0,0.0,2.0,27.0,0.0,0.0,5.0,20.0,8.0,0.0,0.0,0.0,0.0,0.0,0.0,0.0,0.0
2025-07-27,0.0,3.0,0.0,0.0,0.0,0.0,0.0,1.0,0.0,0.0,0.0,0.0,0.0,0.0,0.0,0.0,0.0,0.0
2025-07-28,0.0,0.0,0.0,0.0,0.0,8.0,0.0,0.0,0.0,0.0,0.0,0.0,49.0,0.0,10.0,0.0,0.0,0.0
2025-07-29,0.0,0.0,0.0,0.0,0.0,0.0,0.0,0.0,0.0,0.0,0.0,0.0,0.0,0.0,0.0,0.0,0.0,0.0
2025-07-30,0.0,18.0,0.0,0.0,15.0,0.0,18.0,0.0,0.0,3.0,14.0,54.0,2.0,10.0,1.0,1.0,0.0,0.0
2025-07-31,0.0,0.0,0.0,0.0,5.0,20.0,57.0,0.0,0.0,9.0,46.0,27.0,0.0,0.0,2.0,0.0,0.0,0.0
2025-08-01,0.0,1.0,0.0,26.0,12.0,0.0,9.0,0.0,0.0,21.0,0.0,3.0,0.0,,0.0,0.0,20.0,0.0
2025-08-02,0.0,1.0,0.0,0.0,0.0,0.0,0.0,0.0,0.0,0.0,0.0,0.0,,,1.0,0.0,0.0,0.0
2025-08-03,0.0,0.0,0.0,36.0,2.0,0.0,0.0,2.0,0.0,0.0,0.0,,0.0,,10.0,7.0,37.0,6.0
2025-08-04,3.0,4.0,0.0,0.0,48.0,39.0,12.0,2.0,11.0,1.0,9.0,32.0,,,24.0,6.0,32.0,6.0
2025-08-05,0.0,2.0,0.0,4.0,2.0,3.0,3.0,4.0,8.0,1.0,6.0,1.0,,,5.0,20.0,3.0,2.0
2025-08-06,0.0,0.0,0.0,0.0,25.0,23.0,2.0,4.0,0.0,1.0,7.0,0.0,0.0,0.0,4.0,0.0,0.0,2.0
2025-08-07,0.0,0.0,0.0,2.0,0.0,0.0,0.0,0.0,0.0,10.0,0.0,0.0,0.0,12.0,0.0,0.0,0.0,0.0
2025-08-08,2.0,0.0,0.0,0.0,0.0,0.0,0.0,0.0,4.0,0.0,5.0,0.0,0.0,0.0,0.0,0.0,0.0,0.0
2025-08-09,0.0,1.0,0.0,0.0,31.0,0.0,2.0,0.0,0.0,0.0,0.0,,0.0,0.0,0.0,24.0,1.0,0.0
2025-08-10,0.0,1.0,0.0,7.0,12.0,6.0,29.0,31.0,0.0,4.0,24.0,13.0,33.0,3.0,23.0,16.0,3.0,7.0
2025-08-11,0.0,0.0,0.0,0.0,1.0,7.0,0.0,4.0,15.0,0.0,2.0,8.0,7.0,0.0,0.0,0.0,1.0,1.0
2025-08-12,0.0,0.0,0.0,0.0,0.0,13.0,0.0,0.0,5.0,2.0,5.0,3.0,0.0,0.0,0.0,0.0,0.0,0.0
2025-08-13,14.0,1.0,0.0,15.0,13.0,7.0,6.0,56.0,0.0,2.0,9.0,7.0,55.0,15.0,45.0,7.0,14.0,7.0
2025-08-14,0.0,0.0,0.0,0.0,0.0,0.0,0.0,0.0,0.0,2.0,0.0,,0.0,0.0,0.0,0.0,0.0,0.0
2025-08-15,0.0,1.0,0.0,3.0,8.0,2.0,0.0,2.0,0.0,2.0,4.0,,0.0,5.0,4.0,2.0,1.0,2.0
2025-08-16,0.0,0.0,0.0,0.0,0.0,0.0,0.0,0.0,1.0,2.0,0.0,,5.0,0.0,5.0,0.0,3.0,2.0
2025-08-17,0.0,6.0,0.0,0.0,55.0,32.0,7.0,14.0,0.0,0.0,8.0,,19.0,0.0,47.0,3.0,1.0,0.0
2025-08-18,0.0,0.0,0.0,0.0,0.0,0.0,0.0,0.0,0.0,,0.0,,0.0,0.0,0.0,0.0,0.0,0.0
2025-08-19,0.0,25.0,0.0,3.0,9.0,30.0,15.0,19.0,0.0,3.0,20.0,,5.0,3.0,53.0,7.0,3.0,4.0
2025-08-20,0.0,0.0,0.0,0.0,0.0,0.0,0.0,0.0,0.0,3.0,0.0,0.0,0.0,0.0,0.0,0.0,0.0,0.0
2025-08-21,0.0,0.0,0.0,6.0,8.0,0.0,0.0,6.0,0.0,3.0,7.0,0.0,0.0,7.0,7.0,0.0,14.0,1.0
2025-08-22,0.0,0.0,0.0,0.0,0.0,0.0,0.0,0.0,0.0,0.0,0.0,,0.0,0.0,0.0,0.0,0.0,0.0
2025-08-23,7.0,3.0,0.0,1.0,3.0,17.0,0.0,0.0,0.0,,6.0,25.0,6.0,3.0,25.0,12.0,2.0,9.0
2025-08-24,1.0,5.0,0.0,0.0,0.0,0.0,5.0,0.0,0.0,0.0,0.0,,0.0,1.0,0.0,0.0,0.0,0.0
2025-08-25,0.0,0.0,0.0,0.0,0.0,0.0,0.0,0.0,0.0,0.0,0.0,,0.0,0.0,0.0,0.0,0.0,0.0
2025-08-26,0.0,0.0,0.0,0.0,1.0,0.0,0.0,0.0,0.0,0.0,0.0,,0.0,0.0,1.0,0.0,0.0,0.0
2025-08-27,0.0,0.0,0.0,0.0,0.0,0.0,0.0,0.0,0.0,,0.0,,0.0,0.0,2.0,0.0,0.0,0.0
2025-08-28,47.0,56.0,0.0,0.0,0.0,0.0,15.0,0.0,0.0,,0.0,,0.0,49.0,4.0,0.0,0.0,0.0
2025-08-29,0.0,0.0,0.0,0.0,0.0,0.0,0.0,0.0,0.0,0.0,0.0,,0.0,0.0,0.0,0.0,0.0,0.0
2025-08-30,8.0,1.0,0.0,0.0,0.0,0.0,0.0,0.0,0.0,0.0,0.0,,0.0,3.0,0.0,0.0,0.0,0.0
2025-08-31,1.0,0.0,0.0,4.0,0.0,0.0,0.0,0.0,0.0,0.0,4.0,,0.0,0.0,0.0,0.0,0.0,0.0
2025-09-01,26.0,15.0,0.0,4.0,3.0,5.0,17.0,0.0,0.0,11.0,8.0,,0.0,12.0,7.0,7.0,2.0,1.0
2025-09-02,0.0,0.0,0.0,7.0,8.0,2.0,0.0,1.0,0.0,11.0,0.0,,0.0,0.0,0.0,8.0,7.0,3.0
2025-09-03,0.0,32.0,0.0,1.0,25.0,29.0,80.0,3.0,0.0,85.0,54.0,86.0,0.0,42.0,29.0,2.0,3.0,2.0
2025-09-04,31.0,0.0,0.0,0.0,1.0,0.0,9.0,1.0,0.0,0.0,0.0,0.0,0.0,15.0,8.0,1.0,0.0,0.0
2025-09-05,19.0,3.0,4.0,1.0,0.0,0.0,0.0,3.0,0.0,0.0,0.0,,0.0,2.0,1.0,4.0,7.0,19.0
2025-09-06,0.0,0.0,5.0,0.0,0.0,0.0,0.0,0.0,0.0,,0.0,,0.0,0.0,0.0,0.0,0.0,0.0
2025-09-07,46.0,38.0,5.0,7.0,8.0,21.0,39.0,8.0,0.0,0.0,45.0,,0.0,43.0,26.0,40.0,7.0,31.0
2025-09-08,0.0,0.0,5.0,12.0,6.0,7.0,0.0,3.0,0.0,0.0,0.0,,0.0,0.0,15.0,0.0,1.0,5.0
2025-09-09,34.0,29.0,5.0,3.0,5.0,7.0,11.0,4.0,0.0,11.0,28.0,28.0,7.0,17.0,4.0,5.0,4.0,3.0
2025-09-10,0.0,0.0,6.0,0.0,2.0,2.0,7.0,4.0,0.0,13.0,41.0,8.0,39.0,31.0,1.0,0.0,0.0,1.0
2025-09-11,26.0,71.0,8.0,36.0,23.0,123.0,57.0,27.0,0.0,60.0,86.0,23.0,87.0,64.0,38.0,62.0,33.0,40.0
2025-09-12,0.0,0.0,10.0,0.0,1.0,0.0,0.0,0.0,0.0,61.0,2.0,0.0,0.0,0.0,0.0,0.0,0.0,1.0
2025-09-13,1.0,1.0,11.0,22.0,23.0,5.0,0.0,6.0,0.0,0.0,2.0,3.0,30.0,0.0,10.0,10.0,11.0,10.0
2025-09-14,0.0,0.0,8.0,0.0,0.0,0.0,0.0,0.0,0.0,0.0,0.0,0.0,0.0,0.0,0.0,0.0,0.0,0.0
2025-09-15,5.0,12.0,3.0,0.0,4.0,18.0,3.0,0.0,0.0,0.0,2.0,27.0,0.0,3.0,0.0,6.0,2.0,2.0
2025-09-16,0.0,0.0,2.0,0.0,0.0,0.0,0.0,0.0,0.0,0.0,0.0,0.0,0.0,0.0,0.0,0.0,0.0,0.0
2025-09-17,0.0,0.0,2.0,0.0,0.0,0.0,0.0,0.0,0.0,0.0,0.0,0.0,0.0,0.0,2.0,0.0,1.0,3.0
2025-09-18,0.0,0.0,2.0,0.0,0.0,0.0,0.0,0.0,0.0,0.0,0.0,0.0,0.0,0.0,0.0,0.0,0.0,0.0
2025-09-19,0.0,17.0,4.0,17.0,0.0,15.0,15.0,1.0,0.0,0.0,0.0,0.0,42.0,6.0,20.0,0.0,26.0,2.0
2025-09-20,0.0,0.0,15.0,,0.0,0.0,0.0,0.0,0.0,0.0,0.0,0.0,0.0,0.0,0.0,0.0,7.0,2.0
2025-09-21,0.0,23.0,28.0,,0.0,0.0,0.0,0.0,0.0,0.0,1.0,0.0,0.0,0.0,1.0,0.0,0.0,0.0
2025-09-22,0.0,0.0,12.0,0.0,8.0,0.0,0.0,0.0,0.0,0.0,0.0,0.0,47.0,3.0,2.0,3.0,0.0,0.0
2025-09-23,0.0,0.0,0.0,0.0,0.0,17.0,0.0,29.0,0.0,0.0,0.0,0.0,0.0,0.0,0.0,0.0,0.0,0.0
2025-09-24,43.0,60.0,1.0,0.0,0.0,0.0,15.0,0.0,0.0,0.0,9.0,6.0,0.0,11.0,0.0,0.0,0.0,0.0
2025-09-25,0.0,0.0,0.0,0.0,25.0,3.0,8.0,38.0,0.0,0.0,49.0,1.0,8.0,31.0,21.0,0.0,53.0,35.0
2025-09-26,0.0,0.0,0.0,24.0,8.0,24.0,0.0,45.0,0.0,0.0,2.0,56.0,8.0,0.0,15.0,0.0,2.0,15.0
2025-09-27,1.0,6.0,0.0,0.0,0.0,2.0,0.0,9.0,0.0,0.0,0.0,0.0,0.0,0.0,0.0,0.0,0.0,0.0
2025-09-28,39.0,38.0,0.0,52.0,10.0,48.0,9.0,1.0,0.0,0.0,15.0,42.0,14.0,3.0,7.0,4.0,23.0,45.0
2025-09-29,0.0,0.0,0.0,0.0,0.0,0.0,0.0,0.0,0.0,11.0,0.0,0.0,0.0,0.0,0.0,0.0,0.0,0.0
2025-09-30,0.0,3.0,0.0,1.0,43.0,63.0,0.0,6.0,0.0,,15.0,31.0,11.0,0.0,1.0,2.0,4.0,22.0
2025-10-01,16.0,17.0,0.0,1.0,0.0,0.0,14.0,11.0,0.0,11.0,27.0,0.0,17.0,5.0,9.0,0.0,19.0,1.0
2025-10-02,0.0,7.0,0.0,0.0,0.0,11.0,4.0,1.0,0.0,0.0,23.0,13.0,0.0,1.0,3.0,0.0,0.0,0.0
2025-10-03,,,,,,,,,,,,,,,,,,
2025-10-04,,,,,,,,,,,,,,,,,,
2025-10-05,,,,,,,,,,,,,,,,,,
2025-10-06,,,,,,,,,,,,,,,,,,
2025-10-07,8.0,0.0,0.0,0.0,0.0,0.0,1.0,0.0,0.0,,1.0,0.0,0.0,2.0,0.0,0.0,0.0,0.0
2025-10-08,0.0,0.0,1.0,0.0,0.0,0.0,0.0,0.0,0.0,,0.0,0.0,0.0,0.0,0.0,0.0,0.0,0.0
2025-10-09,10.0,19.0,58.0,3.0,8.0,10.0,10.0,1.0,0.0,0.0,26.0,46.0,0.0,13.0,0.0,4.0,11.0,14.0
2025-10-10,0.0,0.0,0.0,0.0,8.0,0.0,0.0,0.0,0.0,0.0,0.0,0.0,0.0,0.0,0.0,0.0,0.0,0.0
2025-10-11,0.0,0.0,0.0,0.0,1.0,0.0,0.0,0.0,0.0,0.0,0.0,0.0,0.0,0.0,0.0,0.0,0.0,0.0
2025-10-12,8.0,0.0,0.0,6.0,2.0,0.0,0.0,2.0,0.0,0.0,0.0,0.0,0.0,0.0,1.0,11.0,6.0,4.0
2025-10-13,0.0,0.0,0.0,0.0,0.0,0.0,0.0,0.0,0.0,0.0,0.0,0.0,0.0,0.0,0.0,0.0,0.0,0.0
2025-10-14,0.0,0.0,2.0,0.0,20.0,0.0,0.0,4.0,0.0,0.0,0.0,0.0,0.0,0.0,5.0,13.0,2.0,0.0
2025-10-15,2.0,17.0,13.0,1.0,7.0,7.0,3.0,4.0,0.0,5.0,0.0,4.0,0.0,0.0,5.0,9.0,2.0,8.0
2025-10-16,9.0,0.0,3.0,13.0,0.0,2.0,12.0,3.0,0.0,0.0,14.0,24.0,0.0,0.0,1.0,0.0,21.0,0.0
2025-10-17,4.0,0.0,0.0,3.0,52.0,32.0,40.0,0.0,0.0,1.0,5.0,0.0,0.0,61.0,12.0,0.0,0.0,0.0
2025-10-18,42.0,0.0,0.0,0.0,0.0,0.0,0.0,0.0,0.0,16.0,21.0,0.0,0.0,0.0,0.0,0.0,0.0,1.0
2025-10-19,1.0,1.0,0.0,0.0,0.0,0.0,0.0,0.0,0.0,0.0,0.0,0.0,0.0,0.0,3.0,0.0,0.0,0.0
2025-10-20,0.0,0.0,9.0,0.0,1.0,6.0,10.0,2.0,0.0,3.0,45.0,8.0,15.0,1.0,15.0,4.0,0.0,0.0
2025-10-21,0.0,0.0,0.0,1.0,0.0,1.0,0.0,0.0,0.0,0.0,1.0,0.0,2.0,0.0,1.0,4.0,0.0,19.0
2025-10-22,1.0,3.0,2.0,4.0,4.0,1.0,7.0,4.0,0.0,0.0,0.0,0.0,3.0,2.0,6.0,5.0,7.0,3.0
2025-10-23,0.0,1.0,0.0,0.0,0.0,0.0,0.0,0.0,0.0,1.0,0.0,0.0,0.0,0.0,0.0,0.0,0.0,0.0
2025-10-24,5.0,2.0,0.0,0.0,0.0,0.0,0.0,0.0,0.0,89.0,0.0,0.0,0.0,0.0,0.0,0.0,0.0,0.0
2025-10-25,7.0,2.0,2.0,0.0,1.0,1.0,3.0,0.0,0.0,,2.0,1.0,0.0,4.0,0.0,1.0,0.0,1.0
2025-10-26,0.0,0.0,0.0,0.0,0.0,0.0,0.0,0.0,0.0,,0.0,0.0,0.0,0.0,0.0,0.0,0.0,0.0
2025-10-27,0.0,7.0,0.0,0.0,0.0,0.0,0.0,0.0,0.0,,0.0,0.0,0.0,0.0,0.0,0.0,0.0,0.0
2025-10-28,0.0,0.0,0.0,0.0,0.0,0.0,0.0,0.0,0.0,,0.0,0.0,0.0,0.0,0.0,0.0,0.0,0.0
2025-10-29,0.0,0.0,0.0,0.0,0.0,0.0,0.0,0.0,0.0,,0.0,0.0,0.0,0.0,0.0,0.0,0.0,0.0
2025-10-30,0.0,0.0,0.0,0.0,0.0,0.0,0.0,0.0,0.0,0.0,0.0,0.0,0.0,0.0,0.0,0.0,0.0,0.0
2025-10-31,0.0,0.0,28.0,0.0,0.0,9.0,4.0,2.0,0.0,1.0,37.0,6.0,0.0,0.0,0.0,0.0,0.0,0.0
2025-11-01,0.0,3.0,12.0,0.0,0.0,1.0,14.0,0.0,0.0,10.0,12.0,0.0,0.0,2.0,0.0,0.0,0.0,0.0
2025-11-02,25.0,27.0,31.0,7.0,28.0,74.0,21.0,13.0,26.0,1.0,14.0,37.0,0.0,46.0,1.0,38.0,4.0,1.0
2025-11-03,0.0,2.0,4.0,0.0,0.0,0.0,0.0,1.0,1.0,0.0,0.0,0.0,0.0,0.0,0.0,5.0,6.0,17.0
2025-11-04,1.0,7.0,1.0,0.0,13.0,4.0,4.0,0.0,18.0,0.0,5.0,3.0,0.0,0.0,0.0,7.0,2.0,4.0
2025-11-05,0.0,0.0,1.0,0.0,0.0,0.0,0.0,0.0,0.0,0.0,0.0,0.0,0.0,0.0,0.0,0.0,0.0,0.0
2025-11-06,0.0,0.0,0.0,0.0,0.0,0.0,0.0,0.0,0.0,0.0,0.0,0.0,0.0,0.0,0.0,0.0,0.0,0.0
2025-11-07,0.0,0.0,0.0,0.0,0.0,0.0,0.0,0.0,0.0,0.0,0.0,4.0,0.0,0.0,0.0,0.0,0.0,0.0
2025-11-08,0.0,0.0,0.0,3.0,0.0,0.0,0.0,0.0,0.0,1.0,0.0,0.0,0.0,0.0,0.0,0.0,0.0,0.0
2025-11-09,28.0,0.0,0.0,0.0,2.0,1.0,0.0,0.0,1.0,0.0,0.0,8.0,0.0,7.0,0.0,17.0,0.0,0.0
2025-11-10,6.0,12.0,0.0,1.0,27.0,17.0,5.0,21.0,29.0,0.0,2.0,19.0,0.0,6.0,12.0,0.0,6.0,14.0
2025-11-11,2.0,3.0,0.0,0.0,5.0,2.0,1.0,0.0,2.0,19.0,5.0,1.0,0.0,2.0,0.0,1.0,0.0,3.0
2025-11-12,11.0,5.0,0.0,7.0,34.0,28.0,13.0,17.0,10.0,43.0,9.0,47.0,0.0,10.0,18.0,13.0,6.0,6.0
2025-11-13,9.0,32.0,0.0,1.0,12.0,7.0,34.0,5.0,51.0,0.0,21.0,5.0,0.0,1.0,28.0,0.0,1.0,0.0
2025-11-14,11.0,31.0,2.0,1.0,33.0,0.0,12.0,5.0,15.0,0.0,14.0,36.0,0.0,0.0,27.0,14.0,0.0,0.0
2025-11-15,8.0,3.0,0.0,0.0,1.0,9.0,6.0,0.0,4.0,9.0,7.0,9.0,0.0,12.0,2.0,0.0,0.0,0.0
2025-11-16,6.0,17.0,0.0,2.0,3.0,23.0,0.0,3.0,3.0,1.0,2.0,6.0,0.0,2.0,0.0,3.0,0.0,0.0
2025-11-17,7.0,0.0,0.0,17.0,4.0,21.0,0.0,1.0,0.0,42.0,50.0,,0.0,2.0,0.0,3.0,18.0,0.0
2025-11-18,3.0,0.0,1.0,0.0,0.0,1.0,2.0,27.0,7.0,4.0,22.0,,0.0,16.0,18.0,0.0,0.0,0.0
2025-11-19,3.0,18.0,1.0,16.0,11.0,5.0,6.0,6.0,0.0,0.0,0.0,,0.0,5.0,0.0,7.0,34.0,9.0
2025-11-20,2.0,1.0,1.0,5.0,2.0,3.0,1.0,13.0,2.0,5.0,10.0,6.0,24.0,2.0,50.0,1.0,1.0,1.0
2025-11-21,1.0,0.0,1.0,2.0,1.0,3.0,0.0,3.0,0.0,0.0,0.0,0.0,2.0,0.0,6.0,3.0,12.0,7.0
2025-11-22,0.0,8.0,0.0,0.0,0.0,0.0,2.0,0.0,14.0,0.0,0.0,0.0,0.0,1.0,0.0,0.0,0.0,0.0
2025-11-23,0.0,0.0,0.0,0.0,3.0,2.0,0.0,0.0,1.0,7.0,2.0,2.0,0.0,0.0,0.0,12.0,0.0,0.0
2025-11-24,1.0,0.0,0.0,6.0,0.0,1.0,0.0,8.0,19.0,0.0,5.0,0.0,0.0,0.0,10.0,1.0,9.0,10.0
2025-11-25,0.0,4.0,0.0,17.0,5.0,5.0,2.0,11.0,49.0,0.0,4.0,4.0,1.0,5.0,8.0,10.0,20.0,15.0
2025-11-26,0.0,0.0,0.0,0.0,0.0,0.0,2.0,1.0,0.0,0.0,0.0,0.0,0.0,0.0,0.0,0.0,0.0,0.0
2025-11-27,0.0,0.0,0.0,10.0,0.0,0.0,3.0,6.0,4.0,0.0,6.0,6.0,0.0,1.0,8.0,3.0,5.0,2.0
2025-11-28,1.0,16.0,0.0,5.0,27.0,43.0,8.0,16.0,9.0,0.0,34.0,31.0,16.0,17.0,16.0,19.0,8.0,28.0
2025-11-29,1.0,0.0,0.0,0.0,0.0,0.0,8.0,0.0,0.0,0.0,0.0,0.0,0.0,0.0,0.0,0.0,0.0,0.0
2025-11-30,2.0,0.0,1.0,0.0,0.0,0.0,8.0,0.0,10.0,0.0,0.0,0.0,0.0,0.0,0.0,0.0,0.0,0.0
2025-12-01,4.0,1.0,0.0,3.0,1.0,2.0,12.0,0.0,2.0,0.0,0.0,0.0,0.0,0.0,0.0,0.0,1.0,36.0
2025-12-02,9.0,15.0,0.0,9.0,13.0,5.0,12.0,10.0,17.0,0.0,18.0,8.0,5.0,18.0,8.0,19.0,11.0,6.0
2025-12-03,13.0,0.0,0.0,4.0,0.0,0.0,12.0,0.0,0.0,0.0,0.0,0.0,0.0,0.0,0.0,0.0,0.0,0.0
2025-12-04,14.0,62.0,0.0,15.0,46.0,3.0,12.0,70.0,4.0,0.0,38.0,13.0,0.0,39.0,2.0,41.0,6.0,0.0
2025-12-05,14.0,0.0,2.0,3.0,0.0,0.0,12.0,0.0,0.0,0.0,0.0,0.0,0.0,0.0,5.0,0.0,0.0,0.0
2025-12-06,8.0,6.0,3.0,0.0,0.0,6.0,35.0,0.0,0.0,0.0,25.0,24.0,0.0,25.0,8.0,0.0,0.0,0.0
2025-12-07,1.0,0.0,4.0,0.0,0.0,0.0,35.0,0.0,0.0,0.0,0.0,0.0,0.0,0.0,0.0,0.0,0.0,0.0
2025-12-08,0.0,0.0,3.0,0.0,0.0,0.0,35.0,0.0,0.0,0.0,0.0,0.0,0.0,0.0,1.0,0.0,0.0,0.0
2025-12-09,0.0,0.0,2.0,0.0,0.0,0.0,35.0,0.0,0.0,0.0,0.0,0.0,0.0,0.0,0.0,0.0,0.0,0.0
2025-12-10,0.0,2.0,0.0,0.0,0.0,1.0,35.0,1.0,1.0,0.0,0.0,9.0,0.0,0.0,0.0,3.0,4.0,1.0
2025-12-11,0.0,0.0,0.0,0.0,0.0,0.0,35.0,0.0,0.0,0.0,0.0,0.0,0.0,0.0,0.0,0.0,0.0,0.0
2025-12-12,0.0,0.0,0.0,0.0,1.0,2.0,0.0,0.0,19.0,0.0,0.0,0.0,0.0,6.0,3.0,0.0,0.0,0.0
2025-12-13,0.0,3.0,0.0,7.0,1.0,5.0,1.0,23.0,2.0,0.0,0.0,8.0,0.0,0.0,1.0,32.0,20.0,23.0
2025-12-14,1.0,7.0,0.0,8.0,5.0,33.0,3.0,12.0,7.0,0.0,12.0,9.0,0.0,0.0,15.0,2.0,46.0,14.0
2025-12-15,3.0,12.0,0.0,1.0,9.0,9.0,9.0,12.0,24.0,0.0,14.0,13.0,0.0,19.0,13.0,26.0,6.0,15.0
2025-12-16,4.0,20.0,1.0,16.0,20.0,22.0,26.0,9.0,49.0,0.0,28.0,26.0,0.0,34.0,9.0,11.0,15.0,12.0
2025-12-17,6.0,41.0,1.0,10.0,25.0,45.0,10.0,13.0,15.0,0.0,63.0,69.0,0.0,60.0,14.0,4.0,8.0,10.0
2025-12-18,4.0,0.0,5.0,0.0,0.0,0.0,0.0,0.0,0.0,0.0,0.0,0.0,0.0,0.0,0.0,0.0,2.0,0.0
2025-12-19,3.0,1.0,32.0,0.0,0.0,0.0,0.0,0.5,0.0,0.0,1.0,0.0,0.0,0.0,0.0,0.0,0.0,0.0
2025-12-20,1.0,0.0,8.0,0.0,0.0,0.0,0.0,0.0,0.0,0.0,0.0,0.0,0.0,0.0,0.0,0.0,0.0,0.0
2025-12-21,0.0,0.0,0.0,0.0,0.0,0.0,0.0,0.0,0.0,0.0,0.0,0.0,0.0,0.0,0.0,0.0,0.0,0.0
2025-12-22,0.0,0.0,0.0,0.0,0.0,0.0,0.0,0.0,0.0,0.0,0.0,0.0,0.0,0.0,0.0,0.0,0.0,0.0
2025-12-23,0.0,0.0,0.0,0.0,0.0,0.0,0.0,0.0,0.0,0.0,0.0,0.0,0.0,0.0,0.0,0.0,0.0,0.0
2025-12-24,0.0,0.0,0.0,0.0,0.0,0.0,0.0,0.0,0.0,2.0,0.0,0.0,0.0,0.0,0.0,0.0,0.0,0.0
2025-12-25,0.0,0.0,0.0,0.0,0.0,0.0,0.0,0.0,0.0,1.0,0.0,0.0,0.0,0.0,0.0,0.0,0.0,0.0
2025-12-26,0.0,0.5,1.0,1.0,0.0,0.0,0.0,4.0,0.0,7.0,1.0,0.0,0.0,0.0,0.0,1.5,0.0,0.0
2025-12-27,0.0,0.0,0.0,0.0,0.0,0.0,0.0,0.0,0.0,48.5,0.0,0.0,,0.0,0.0,0.0,0.0,0.0
2025-12-28,0.0,1.5,0.0,0.0,2.0,34.0,100.0,0.0,38.0,9.0,12.0,46.0,,42.0,0.0,0.5,0.0,4.0
2025-12-29,0.0,58.5,1.0,11.0,7.0,6.0,91.0,4.0,4.0,42.0,40.0,11.0,,7.5,5.0,4.0,11.0,3.0
2025-12-30,0.0,58.5,0.0,0.0,0.0,0.0,0.0,1.0,0.0,0.0,0.0,0.0,0.0,0.0,0.0,0.0,0.0,0.0
2025-12-31,0.0,0.0,0.0,0.0,0.0,0.0,0.0,0.0,0.0,0.0,0.0,0.0,0.0,0.0,0.0,0.0,0.0,0.0
2026-01-01,0.0,0.0,0.0,0.0,0.0,0.0,0.0,0.0,0.0,0.0,0.0,0.0,0.0,0.0,0.0,0.0,0.0,0.0
2026-01-02,0.0,0.0,0.0,0.0,0.0,0.0,0.0,0.0,0.0,0.0,0.0,0.0,0.0,0.0,0.0,0.0,0.0,0.0
2026-01-03,0.0,0.0,0.0,2.0,0.0,0.0,0.0,0.0,0.0,0.0,0.0,0.0,0.0,0.0,0.0,2.0,0.0,2.0
2026-01-04,0.0,0.0,0.0,0.0,0.0,0.0,0.0,0.0,,0.0,0.0,0.0,0.0,0.0,0.0,0.0,0.0,0.0
2026-01-05,0.0,0.0,0.0,0.0,0.0,0.0,0.0,0.0,0.0,0.0,0.0,0.0,0.0,0.0,0.0,0.0,0.0,1.0
2026-01-06,0.0,0.0,0.0,0.0,0.0,3.0,0.0,0.0,0.0,0.0,0.0,,0.0,0.0,0.0,0.0,0.0,0.0
2026-01-07,0.0,2.0,0.0,28.0,121.0,19.0,6.0,39.0,3.0,8.0,7.0,,43.0,3.0,57.0,16.0,27.0,29.0
2026-01-08,0.0,1.0,0.0,0.0,0.0,1.0,0.0,1.0,2.0,3.0,1.0,,0.0,1.0,2.0,1.0,1.0,0.0
2026-01-09,0.0,0.0,0.0,0.0,0.0,0.0,0.0,0.0,0.0,1.0,2.0,,0.0,1.0,0.0,0.0,0.0,0.0
2026-01-10,0.0,0.0,0.0,0.0,0.0,0.0,0.0,0.0,0.0,0.0,0.0,0.0,0.0,0.0,0.0,0.0,0.0,0.0
2026-01-11,0.0,0.0,0.0,0.0,0.0,0.0,0.0,0.0,0.0,0.0,0.0,,0.0,0.0,0.0,0.0,0.0,0.0
2026-01-12,0.0,0.0,0.0,0.0,0.0,0.0,0.0,0.0,0.0,35.0,0.0,,0.0,0.0,0.0,0.0,0.0,0.0
2026-01-13,0.0,0.0,0.0,0.0,0.0,0.0,0.0,0.0,0.0,13.0,0.0,,0.0,0.0,0.0,0.0,0.0,0.0
2026-01-14,0.0,0.0,0.0,0.0,0.0,0.0,0.0,0.0,0.0,0.0,0.0,,0.0,0.0,0.0,15.0,0.0,0.0
2026-01-15,0.0,0.0,0.0,0.0,0.0,0.0,0.0,0.0,0.0,0.0,0.0,,0.0,0.0,0.0,0.0,0.0,0.0
2026-01-16,0.0,0.0,0.0,0.0,0.0,0.0,0.0,0.0,0.0,0.0,0.0,,0.0,0.0,0.0,0.0,0.0,0.0
2026-01-17,0.0,0.0,0.0,0.0,0.0,0.0,0.0,0.0,0.0,0.0,0.0,,0.0,0.0,0.0,0.0,0.0,0.0
2026-01-18,0.0,0.0,0.0,0.0,0.0,0.0,0.0,0.0,0.0,0.0,0.0,,0.0,0.0,0.0,0.0,0.0,0.0
2026-01-19,0.0,0.0,0.0,0.0,0.0,0.0,0.0,0.0,0.0,0.0,0.0,,0.0,0.0,0.0,0.0,0.0,0.0
2026-01-20,0.0,0.0,0.0,,0.0,0.0,0.0,0.0,0.0,0.0,0.0,,0.0,0.0,0.0,0.0,0.0,0.0
2026-01-21,0.0,0.0,0.0,,0.0,0.0,0.0,0.0,0.0,0.0,0.0,,0.0,0.0,0.0,0.0,0.0,0.0
2026-01-22,0.0,0.0,0.0,0.0,0.0,0.0,0.0,0.0,0.0,0.0,0.0,,0.0,0.0,0.0,0.0,0.0,0.0
2026-01-23,0.0,0.0,0.0,0.0,0.0,0.0,0.0,0.0,0.0,0.0,0.0,,0.0,0.0,0.0,0.0,0.0,0.0
2026-01-24,0.0,0.0,0.0,0.0,0.0,0.0,0.0,0.0,0.0,0.0,0.0,,0.0,0.0,0.0,0.0,0.0,0.0
2026-01-25,0.0,0.0,0.0,0.0,0.0,0.0,0.0,0.0,0.0,0.0,0.0,,0.0,0.0,0.0,0.0,0.0,0.0
2026-01-26,0.0,0.0,0.0,0.0,0.0,0.0,0.0,0.0,0.0,0.0,0.0,,0.0,0.0,0.0,0.0,0.0,0.0
2026-01-27,0.0,0.0,0.0,0.0,0.0,0.0,0.0,0.0,0.0,0.0,0.0,,0.0,0.0,0.0,0.0,0.0,0.0
2026-01-28,0.0,0.0,0.0,0.0,0.0,0.0,0.0,0.0,0.0,0.0,0.0,,0.0,0.0,0.0,0.0,0.0,0.0
2026-01-29,0.0,0.0,0.0,,0.0,0.0,0.0,0.0,0.0,0.0,0.0,0.0,0.0,0.0,0.0,0.0,0.0,0.0
2026-01-30,0.0,0.0,0.0,0.0,0.0,0.0,0.0,0.0,0.0,0.0,0.0,0.0,0.0,0.0,0.0,0.0,0.0,0.0
2026-01-31,0.0,0.0,0.0,0.0,0.0,0.0,0.0,0.0,0.0,0.0,0.0,0.0,0.0,0.0,0.0,0.0,0.0,0.0
2026-02-01,0.0,0.0,0.0,0.0,0.0,0.0,0.0,0.0,0.0,0.0,0.0,0.0,0.0,0.0,0.0,0.0,0.0,0.0
2026-02-02,0.0,0.0,0.0,0.0,0.0,0.0,0.0,0.0,0.0,11.0,0.0,0.0,0.0,0.0,0.0,0.0,0.0,0.0
2026-02-03,0.0,0.0,0.0,0.0,0.0,0.0,0.0,0.0,0.0,0.0,0.0,0.0,0.0,0.0,0.0,0.0,0.0,0.0
2026-02-04,0.0,0.0,0.0,0.0,0.0,0.0,0.0,0.0,0.0,0.0,0.0,0.0,0.0,0.0,0.0,0.0,0.0,4.0
2026-02-05,0.0,0.0,0.0,0.0,0.0,0.0,0.0,0.0,0.0,0.0,0.0,0.0,0.0,0.0,0.0,0.0,0.0,6.0
2026-02-06,0.0,0.0,0.0,6.0,0.0,0.0,0.0,0.0,0.0,0.0,0.0,0.0,0.0,1.0,0.0,9.0,47.0,18.0
2026-02-07,0.0,0.0,2.0,0.0,0.0,0.0,0.0,0.0,0.0,0.0,0.0,0.0,0.0,0.0,0.0,0.0,0.0,4.0
2026-02-08,0.0,0.0,0.0,0.0,0.0,0.0,0.0,0.0,0.0,0.0,0.0,0.0,0.0,0.0,0.0,0.0,0.0,0.0
2026-02-09,0.0,0.0,0.0,0.0,0.0,0.0,0.0,0.0,0.0,0.0,0.0,0.0,0.0,0.0,0.0,0.0,0.0,0.0
2026-02-10,0.0,0.0,0.0,0.0,0.0,0.0,0.0,0.0,0.0,0.0,0.0,2.0,0.0,0.0,0.0,0.0,0.0,0.0
2026-02-11,0.0,0.0,0.0,0.0,4.0,0.0,0.0,0.0,0.0,0.0,0.0,1.0,1.0,0.0,1.0,0.0,0.0,0.0
2026-02-12,0.0,0.0,0.0,0.0,0.0,0.0,0.0,1.0,0.0,0.0,0.0,0.0,0.0,0.0,0.0,0.0,0.0,0.0
2026-02-13,0.0,0.0,0.0,0.0,0.0,0.0,0.0,0.0,0.0,0.0,0.0,0.0,0.0,0.0,0.0,0.0,0.0,0.0
2026-02-14,0.0,0.0,0.0,0.0,0.0,0.0,0.0,0.0,0.0,10.0,0.0,0.0,0.0,0.0,0.0,0.0,0.0,0.0
2026-02-15,1.0,13.0,0.0,0.0,18.0,2.0,2.0,4.0,0.0,28.0,12.0,11.0,6.0,8.0,6.0,0.0,2.0,9.0
2026-02-16,22.0,28.0,0.0,1.0,33.0,32.0,32.0,1.0,18.0,38.0,39.0,32.0,10.0,45.0,9.0,0.0,1.0,1.0
2026-02-17,42.0,50.0,0.0,26.0,101.0,48.0,64.0,87.0,73.0,55.0,57.0,52.0,74.0,37.0,119.0,28.0,15.0,33.0
2026-02-18,5.0,0.0,1.0,73.0,3.0,3.0,0.0,4.0,1.0,2.0,2.0,2.0,5.0,0.0,8.0,7.0,26.0,5.0
2026-02-19,50.0,52.0,1.0,34.0,52.0,66.0,40.0,46.0,13.0,18.0,26.0,28.0,88.0,39.0,67.0,46.0,45.0,38.0
2026-02-20,5.0,0.0,0.0,0.0,0.0,0.0,0.0,0.0,0.0,0.0,0.0,0.0,0.0,0.0,0.0,0.0,0.0,0.0
2026-02-21,0.0,0.0,0.0,0.0,0.0,0.0,0.0,0.0,0.0,1.0,0.0,0.0,0.0,0.0,0.0,5.0,0.0,7.0
2026-02-22,0.0,0.0,0.0,0.0,0.0,0.0,0.0,0.0,0.0,0.0,0.0,0.0,0.0,0.0,0.0,0.0,0.0,0.0
2026-02-23,0.0,0.0,0.0,,0.0,0.0,0.0,0.0,0.0,0.0,0.0,0.0,4.0,0.0,0.0,0.0,0.0,0.0
2026-02-24,0.0,4.0,0.0,0.0,16.0,15.0,44.0,10.0,0.0,0.0,26.0,3.0,0.0,7.0,9.0,5.0,21.0,2.0
2026-02-25,0.0,5.0,0.0,3.0,45.0,1.0,2.0,14.0,0.0,0.0,25.0,2.0,31.0,0.0,41.0,2.0,1.0,2.0
2026-02-26,0.0,0.0,0.0,0.0,0.0,0.0,0.0,1.0,0.0,0.0,0.0,0.0,0.0,1.0,0.0,0.0,0.0,0.0
2026-02-27,0.0,35.0,0.0,0.0,0.0,0.0,13.0,0.0,25.0,8.0,0.0,0.0,0.0,15.0,0.0,11.0,0.0,1.0
2026-02-28,0.0,0.0,0.0,19.0,27.0,4.0,4.0,11.0,0.0,35.0,15.0,26.0,0.0,7.0,0.0,0.0,3.0,10.0
2026-03-01,0.0,0.0,0.0,0.0,0.0,0.0,14.0,0.0,3.0,23.0,0.0,0.0,13.0,8.0,0.0,0.0,0.0,0.0
2026-03-02,2.0,45.0,0.0,15.0,16.0,19.0,8.0,34.0,39.0,11.0,32.0,19.0,53.0,47.0,48.0,11.0,8.0,13.0
2026-03-03,4.0,38.0,6.0,5.0,51.0,57.0,90.0,21.0,35.0,8.0,4.0,43.0,4.0,3.0,11.0,12.0,7.0,28.0
2026-03-04,2.0,2.0,17.0,40.0,0.0,0.0,32.0,4.0,2.0,0.0,25.0,15.0,0.0,4.0,1.0,27.0,10.0,5.0
2026-03-05,1.0,0.0,0.0,0.0,0.0,0.0,0.0,0.0,0.0,0.0,0.0,0.0,0.0,0.0,0.0,8.0,0.0,0.0
2026-03-06,0.0,0.0,0.0,0.0,0.0,0.0,0.0,0.0,0.0,0.0,0.0,0.0,0.0,0.0,0.0,0.0,0.0,2.0
2026-03-07,0.0,0.0,0.0,0.0,0.0,0.0,0.0,0.0,0.0,0.0,0.0,1.0,0.0,0.0,0.0,0.0,0.0,0.0
2026-03-08,0.0,0.0,0.0,0.0,0.0,0.0,0.0,0.0,0.0,0.0,0.0,0.0,0.0,0.0,0.0,0.0,11.0,0.0
2026-03-09,0.0,0.0,0.0,0.0,0.0,0.0,0.0,0.0,0.0,0.0,0.0,0.0,0.0,0.0,,0.0,0.0,0.0
2026-03-10,0.0,0.0,0.0,0.0,0.0,0.0,0.0,0.0,0.0,0.0,0.0,0.0,0.0,0.0,,0.0,1.0,0.0
2026-03-11,0.0,0.0,0.0,0.0,0.0,0.0,0.0,0.0,0.0,0.0,0.0,0.0,0.0,0.0,,2.0,0.0,0.0
2026-03-12,0.0,0.0,0.0,24.0,1.0,0.0,0.0,0.0,0.0,13.0,0.0,0.0,3.0,0.0,0.0,31.0,2.0,8.0
2026-03-13,0.0,0.0,0.0,8.0,6.0,0.0,0.0,4.0,0.0,0.0,1.0,0.0,12.0,1.0,14.0,3.0,2.0,1.0
2026-03-14,0.0,0.0,0.0,0.0,0.0,0.0,0.0,0.0,0.0,0.0,0.0,0.0,0.0,0.0,0.0,0.0,0.0,0.0
2026-03-15,0.0,1.0,2.0,0.0,0.0,1.0,3.0,0.0,8.0,8.0,1.0,1.0,0.0,0.0,0.0,3.0,4.0,1.0
2026-03-16,0.0,0.0,0.0,0.0,0.0,0.0,0.0,0.0,0.0,24.0,0.0,0.0,0.0,0.0,0.0,3.0,0.0,0.0
2026-03-17,0.0,0.0,0.0,0.0,0.0,0.0,0.0,3.0,0.0,21.0,0.0,0.0,1.0,0.0,0.0,11.0,0.0,0.0
2026-03-18,0.0,0.0,0.0,22.0,0.0,0.0,0.0,0.0,0.0,0.0,0.0,0.0,0.0,0.0,0.0,0.0,0.0,0.0
2026-03-19,0.0,0.0,0.0,0.0,0.0,0.0,0.0,0.0,0.0,0.0,0.0,0.0,0.0,0.0,0.0,0.0,0.0,0.0
2026-03-20,0.0,0.0,0.0,0.0,0.0,0.0,0.0,0.0,0.0,0.0,0.0,0.0,0.0,0.0,0.0,0.0,0.0,0.0
2026-03-21,0.0,0.0,0.0,0.0,0.0,0.0,0.0,0.0,0.0,0.0,0.0,0.0,0.0,0.0,0.0,0.0,0.0,0.0
2026-03-22,0.0,0.0,0.0,0.0,0.0,0.0,0.0,0.0,0.0,0.0,0.0,0.0,0.0,0.0,0.0,0.0,0.0,0.0
2026-03-23,0.0,0.0,0.0,0.0,0.0,0.0,0.0,0.0,0.0,0.0,0.0,0.0,0.0,0.0,0.0,0.0,0.0,0.0
2026-03-24,0.0,0.0,0.0,0.0,0.0,0.0,0.0,0.0,0.0,0.0,0.0,0.0,0.0,0.0,0.0,0.0,0.0,0.0
2026-03-25,0.0,0.0,0.0,0.0,0.0,0.0,0.0,0.0,0.0,34.0,0.0,0.0,0.0,0.0,0.0,0.0,0.0,0.0
2026-03-26,0.0,0.0,0.0,0.0,0.0,0.0,0.0,0.0,0.0,0.0,0.0,0.0,0.0,0.0,0.0,0.0,0.0,0.0
2026-03-27,0.0,0.0,0.0,0.0,0.0,0.0,0.0,0.0,0.0,0.0,0.0,0.0,0.0,0.0,0.0,0.0,0.0,0.0
2026-03-28,0.0,0.0,0.0,0.0,0.0,0.0,0.0,0.0,0.0,0.0,0.0,0.0,0.0,0.0,0.0,0.0,0.0,0.0
2026-03-29,0.0,0.0,20.0,0.0,0.0,0.0,0.0,0.0,12.0,28.0,0.0,0.0,0.0,0.0,0.0,0.0,2.0,0.0
2026-03-30,0.0,0.0,0.0,0.0,0.0,0.0,0.0,0.0,0.0,0.0,0.0,0.0,0.0,0.0,0.0,4.0,4.0,20.0
2026-03-31,0.0,0.0,28.0,0.0,0.0,9.0,1.0,0.0,16.0,0.0,38.0,0.0,0.0,0.0,0.0,0.0,0.0,0.0
2026-04-01,0.0,0.0,0.0,25.0,0.0,0.0,0.0,0.0,0.0,0.0,0.0,0.0,0.0,0.0,0.0,0.0,18.0,0.0
2026-04-02,0.0,0.0,0.0,0.0,0.0,0.0,0.0,0.0,0.0,0.0,0.0,0.0,0.0,0.0,0.0,0.0,0.0,0.0
2026-04-03,0.0,0.0,0.0,0.0,0.0,0.0,0.0,71.0,0.0,0.0,0.0,0.0,0.0,0.0,4.0,0.0,0.0,1.0
2026-04-04,0.0,2.0,0.0,6.0,29.0,16.0,1.0,0.0,0.0,0.0,35.0,5.0,0.0,28.0,0.0,8.0,6.0,0.0
2026-04-05,2.0,0.0,6.0,1.0,0.0,0.0,0.0,0.0,1.0,4.0,0.0,0.0,0.0,1.0,3.0,1.0,0.0,3.0
2026-04-06,8.0,0.0,0.0,0.0,4.0,1.0,0.0,10.0,2.0,0.0,0.0,0.0,9.0,1.0,46.0,29.0,0.0,3.0
2026-04-07,4.0,18.0,1.0,0.0,9.0,8.0,6.0,3.0,18.0,13.0,2.0,6.0,0.0,3.0,0.0,1.0,1.0,11.0
2026-04-08,15.0,5.0,2.0,0.0,10.0,68.0,45.0,5.0,0.0,27.0,59.0,36.0,3.0,55.0,12.0,0.0,8.0,0.0
2026-04-09,0.0,0.0,10.0,11.0,0.0,0.0,0.0,14.0,0.0,13.0,0.0,0.0,30.0,0.0,32.0,0.0,0.0,0.0
2026-04-10,17.0,50.0,2.0,0.0,0.0,0.0,0.0,0.0,0.0,1.0,2.0,6.0,0.0,30.0,0.0,0.0,0.0,0.0
2026-04-11,0.0,27.0,4.0,0.0,7.0,3.0,7.0,3.0,1.0,0.0,0.0,9.0,42.0,1.0,12.0,0.0,0.0,0.0
2026-04-12,0.0,0.0,6.0,0.0,0.0,0.0,0.0,34.0,0.0,0.0,0.0,0.0,0.0,0.0,0.0,0.0,0.0,0.0
2026-04-13,0.0,0.0,2.0,0.0,0.0,0.0,0.0,0.0,0.0,0.0,0.0,0.0,0.0,0.0,0.0,0.0,0.0,0.0
2026-04-14,8.0,47.0,0.0,0.0,0.0,11.0,4.0,0.0,0.0,4.0,1.0,15.0,0.0,6.0,0.0,14.0,0.0,0.0
2026-04-15,1.0,13.0,1.0,0.0,0.0,0.0,3.0,0.0,1.0,0.0,0.0,0.0,5.0,18.0,0.0,0.0,0.0,0.0
2026-04-16,0.0,0.0,0.0,4.0,0.0,0.0,0.0,0.0,0.0,0.0,0.0,0.0,7.0,0.0,0.0,0.0,5.0,0.0
2026-04-17,0.0,0.0,0.0,3.0,2.0,13.0,0.0,5.0,0.0,25.0,0.0,31.0,1.0,22.0,0.0,22.0,5.0,19.0
2026-04-18,1.0,0.0,0.0,17.0,0.0,0.0,0.0,0.0,0.0,0.0,19.0,0.0,10.0,0.0,0.0,16.0,28.0,29.0
2026-04-19,0.0,1.0,0.0,25.0,10.0,4.0,0.0,23.0,54.0,2.0,9.0,1.0,34.0,13.0,42.0,39.0,18.0,18.0
2026-04-20,0.0,0.0,0.0,4.0,0.0,0.0,0.0,0.0,0.0,0.0,0.0,0.0,0.0,0.0,0.0,0.0,0.0,1.0
2026-04-21,53.0,78.0,0.0,21.0,86.0,36.0,48.0,61.0,25.0,33.0,63.0,13.0,15.0,82.0,31.0,58.0,71.0,60.0
2026-04-22,0.0,0.0,1.0,0.0,0.0,0.0,0.0,0.0,0.0,0.0,0.0,0.0,0.0,0.0,0.0,3.0,0.0,0.0
2026-04-23,0.0,0.0,0.0,1.0,63.0,8.0,9.0,0.0,0.0,0.0,1.0,0.0,0.0,0.0,17.0,0.0,0.0,0.0
2026-04-24,24.0,0.0,0.0,0.0,0.0,6.0,60.0,0.0,0.0,6.0,39.0,2.0,0.0,28.0,2.0,2.0,0.0,2.0
2026-04-25,0.0,0.0,0.0,0.0,0.0,0.0,0.0,0.0,5.0,0.0,0.0,0.0,0.0,0.0,0.0,0.0,0.0,0.0
2026-04-26,0.0,0.0,2.0,3.0,0.0,1.0,0.0,0.0,0.0,12.0,0.0,0.0,0.0,0.0,0.0,5.0,4.0,1.0
2026-04-27,1.0,1.0,9.0,2.0,5.0,1.0,0.0,0.0,0.0,0.0,0.0,0.0,0.0,0.0,2.0,51.0,9.0,7.0
2026-04-28,0.0,0.0,0.0,0.0,0.0,0.0,0.0,0.0,0.0,0.0,0.0,0.0,0.0,0.0,0.0,3.0,2.0,0.0
2026-04-29,0.0,0.0,0.0,7.0,0.0,4.0,0.0,5.0,0.0,0.0,0.0,2.0,0.0,0.0,12.0,0.0,4.0,1.0
2026-04-30,0.0,2.0,0.0,1.0,0.0,0.0,0.0,0.0,0.0,0.0,0.0,0.0,0.0,0.0,0.0,0.0,0.0,5.0
2026-05-01,13.0,18.0,24.0,38.0,31.0,44.0,41.0,25.0,46.0,28.0,35.0,65.0,32.0,25.0,38.0,53.0,36.0,9.0
2026-05-02,0.0,0.0,6.0,2.0,16.0,0.0,0.0,0.0,1.0,1.0,0.0,0.0,0.0,17.0,0.0,0.0,0.0,
2026-05-03,6.0,2.0,1.0,0.0,7.0,10.0,34.0,0.0,62.0,0.0,0.0,19.0,10.0,11.0,1.0,1.0,0.0,
2026-05-04,0.0,4.0,8.0,65.0,18.0,8.0,4.0,0.0,2.0,17.0,12.0,1.0,0.0,10.0,1.0,0.0,5.0,
2026-05-05,3.0,59.0,61.0,18.0,0.0,1.0,17.0,5.0,1.0,11.0,18.0,0.0,0.0,15.0,0.0,31.0,32.0,
2026-05-06,0.0,0.0,10.0,5.0,50.0,5.0,0.0,17.0,7.0,29.0,2.0,0.0,11.0,7.0,23.0,33.0,11.0,23.0
2026-05-07,0.0,0.0,0.0,18.0,20.0,2.0,0.0,12.0,0.0,0.0,3.0,0.0,8.0,1.0,3.0,0.0,4.0,6.0
2026-05-08,0.0,0.0,0.0,19.0,19.0,83.0,0.0,25.0,11.0,2.0,62.0,20.0,59.0,5.0,95.0,0.0,12.0,14.0
2026-05-09,0.0,0.0,0.0,0.0,0.0,0.0,0.0,0.0,0.0,0.0,5.0,0.0,0.0,0.0,0.0,0.0,0.0,0.0
2026-05-10,1.0,8.0,7.0,0.0,0.0,1.0,0.0,0.0,1.0,6.0,42.0,9.0,62.0,0.0,3.0,0.0,0.0,0.0
2026-05-11,19.0,1.0,0.0,0.0,0.0,0.0,0.0,0.0,0.0,32.0,3.0,0.0,12.0,1.0,3.0,0.0,0.0,0.0
2026-05-12,19.0,1.0,12.0,0.0,11.0,46.0,32.0,3.0,0.0,33.0,23.0,22.0,12.0,1.0,9.0,0.0,0.0,0.0
2026-05-13,31.0,25.0,9.0,0.0,0.0,0.0,0.0,0.0,57.0,65.0,0.0,0.0,0.0,0.0,0.0,0.0,0.0,0.0
2026-05-14,0.0,0.0,0.0,0.0,0.0,0.0,0.0,0.0,0.0,34.0,0.0,0.0,0.0,0.0,0.0,0.0,0.0,0.0
2026-05-15,3.0,2.0,1.0,0.0,0.0,0.0,1.0,0.0,10.0,1.0,0.0,1.0,0.0,2.0,0.0,0.0,0.0,0.0
2026-05-16,18.0,13.0,15.0,2.0,8.0,9.0,3.0,5.0,40.0,6.0,1.0,9.0,4.0,5.0,5.0,0.0,3.0,3.0
2026-05-17,0.0,0.0,0.0,48.0,0.0,0.0,0.0,1.0,0.0,54.0,2.0,0.0,17.0,0.0,1.0,0.0,81.0,13.0
2026-05-18,0.0,2.0,0.0,0.0,1.0,6.0,2.0,0.0,49.0,17.0,0.0,7.0,0.0,8.0,0.0,0.0,0.0,0.0
2026-05-19,0.0,0.0,0.0,0.0,0.0,0.0,10.0,0.0,0.0,1.0,0.0,0.0,3.0,0.0,8.0,0.0,0.0,0.0
2026-05-20,22.0,6.0,0.0,0.0,0.0,0.0,0.0,2.0,0.0,0.0,0.0,0.0,0.0,0.0,0.0,0.0,4.0,73.0
2026-05-21,6.0,3.0,0.0,4.0,2.0,2.0,1.0,4.0,3.0,1.0,0.0,0.0,0.0,21.0,0.0,0.0,16.0,2.0
2026-05-22,0.0,0.0,0.0,2.0,0.0,2.0,0.0,0.0,0.0,0.0,0.0,0.0,0.0,0.0,0.0,0.0,0.0,0.0
2026-05-23,5.0,1.0,0.0,4.0,0.0,0.0,0.0,1.0,3.0,0.0,0.0,0.0,0.0,0.0,0.0,0.0,31.0,0.0
2026-05-24,0.0,20.0,0.0,79.0,4.0,32.0,13.0,14.0,19.0,73.0,0.0,16.0,0.0,28.0,26.0,0.0,5.0,6.0
2026-05-25,1.0,8.0,0.0,51.0,8.0,36.0,1.0,12.0,0.0,1.0,0.0,6.0,0.0,7.0,1.0,0.0,17.0,22.0
2026-05-26,0.0,0.0,0.0,8.0,0.0,0.0,18.0,0.0,0.0,0.0,51.0,1.0,9.0,1.0,5.0,0.0,0.0,0.0
2026-05-27,0.0,0.0,0.0,0.0,0.0,0.0,0.0,0.0,0.0,0.0,0.0,0.0,0.0,0.0,0.0,0.0,0.0,0.0
2026-05-28,0.0,0.0,0.0,0.0,0.0,0.0,0.0,0.0,0.0,0.0,0.0,0.0,0.0,0.0,0.0,0.0,0.0,0.0
2026-05-29,2.0,3.0,0.0,0.0,0.0,0.0,0.0,0.0,21.0,37.0,0.0,0.0,0.0,0.0,0.0,0.0,0.0,0.0
2026-05-30,0.0,7.0,0.0,9.0,0.0,0.0,0.0,1.0,23.0,3.0,0.0,0.0,2.0,0.0,0.0,0.0,1.0,2.0
2026-05-31,0.0,0.0,0.0,1.0,20.0,11.0,15.0,0.0,0.0,1.0,0.0,30.0,17.0,1.0,8.0,0.0,0.0,2.0
2026-06-01,,,,,,,,,,,,,,,,,,
