Date,kedah_sek_keb_felda_bukit_tangga,kedah_sg_badak_di_akademi_binaan_malaysia_abm,kedah_sg_padang_terap_di_kepala_batas,kedah_sg_sintok_di_uum_sintok,kedah_sg_temin_di_kg_jeragan,kedah_felcra_sebapin,kedah_sek_keb_lamdin,kedah_sg_durian_burung_di_durian_burung,kedah_sg_padang_sanai_di_padang_sanai,kedah_sg_sari_di_kilang_gula_padang_terap,kedah_sek_keb_kampung_bukit
2015-05-01,,,1.0,,24.0,,,12.0,,,
2015-05-02,,,0.0,,0.0,,,3.0,,,
2015-05-03,,,1.0,,0.0,,,19.0,,,
2015-05-04,,,30.0,,0.0,,,17.0,,,
2015-05-05,,,0.0,,0.0,,,0.0,,,
2015-05-06,,,0.0,,0.0,,,0.0,,,
2015-05-07,,,2.0,,0.0,,,38.0,,,
2015-05-08,,,0.0,,0.0,,,0.0,,,
2015-05-09,,,0.0,,0.0,,,0.0,,,
2015-05-10,,,8.0,,33.0,,,0.0,,,
2015-05-11,,,0.0,,20.0,,,2.0,,,
2015-05-12,,,12.0,,3.0,,,30.0,,,
2015-05-13,,,0.0,,0.0,,,5.0,,,
2015-05-14,,,1.0,,0.0,,,1.0,,,
2015-05-15,,,0.0,,0.0,,,0.0,,,
2015-05-16,,,0.0,,0.0,,,4.0,,,
2015-05-17,,,5.0,,34.0,,,0.0,,,
2015-05-18,,,0.0,,49.0,,,0.0,,,
2015-05-19,,,0.0,,3.0,,,3.0,,,
2015-05-20,,,0.0,,0.0,,,1.0,,,
2015-05-21,,,0.0,,0.0,,,0.0,,,
2015-05-22,,,9.0,,1.0,,,22.0,,,
2015-05-23,,,0.0,,0.0,,,0.0,,,
2015-05-24,,,0.0,,0.0,,,4.0,,,
2015-05-25,,,3.0,,2.0,,,0.0,,,
2015-05-26,,,6.0,,2.0,,,1.0,,,
2015-05-27,,,0.0,,0.0,,,0.0,,,
2015-05-28,,,0.0,,0.0,,,0.0,,,
2015-05-29,,,0.0,,0.0,,,0.0,,,
2015-05-30,,,0.0,,21.0,,,6.0,,,
2015-05-31,,,35.0,,76.0,,,46.0,,,
2015-06-01,,,0.0,,0.0,,,0.0,,,
2015-06-02,,,2.0,,47.0,,,62.0,,,
2015-06-03,,,0.0,,0.0,,,0.0,,,
2015-06-04,,,0.0,,17.0,,,0.0,,,
2015-06-05,,,14.0,,5.0,,,60.0,,,
2015-06-06,,,0.0,,0.0,,,0.0,,,
2015-06-07,,,0.0,,5.0,,,7.0,,,
2015-06-08,,,0.0,,0.0,,,5.0,,,
2015-06-09,,,0.0,,0.0,,,0.0,,,
2015-06-10,,,0.0,,8.0,,,0.0,,,
2015-06-11,,,0.0,,0.0,,,1.0,,,
2015-06-12,,,2.0,,103.0,,,28.0,,,
2015-06-13,,,1.0,,0.0,,,5.0,,,
2015-06-14,,,6.0,,0.0,,,0.0,,,
2015-06-15,,,7.0,,0.0,,,2.0,,,
2015-06-16,,,1.0,,1.0,,,8.0,,,
2015-06-17,,,2.0,,30.0,,,18.0,,,
2015-06-18,,,0.0,,0.0,,,0.0,,,
2015-06-19,,,0.0,,0.0,,,0.0,,,
2015-06-20,,,1.0,,5.0,,,0.0,,,
2015-06-21,,,0.0,,0.0,,,0.0,,,
2015-06-22,,,0.0,,0.0,,,0.0,,,
2015-06-23,,,0.0,,0.0,,,0.0,,,
2015-06-24,,,0.0,,0.0,,,0.0,,,
2015-06-25,,,0.0,,0.0,,,0.0,,,
2015-06-26,,,0.0,,0.0,,,0.0,,,
2015-06-27,,,0.0,,0.0,,,0.0,,,
2015-06-28,,,0.0,,0.0,,,0.0,,,
2015-06-29,,,16.0,,0.0,,,1.0,,,
2015-06-30,,,10.0,,0.0,,,0.0,,,
2015-07-01,,,0.0,,0.0,,,0.0,,,
2015-07-02,,,0.0,,3.0,,,0.0,,,
2015-07-03,,,27.0,,35.0,,,8.0,,,
2015-07-04,,,6.0,,6.0,,,19.0,,,
2015-07-05,,,3.0,,1.0,,,6.0,,,
2015-07-06,,,1.0,,14.0,,,12.0,,,
2015-07-07,,,24.0,,22.0,,,10.0,,,
2015-07-08,,,45.0,,18.0,,,15.0,,,
2015-07-09,,,0.0,,0.0,,,3.0,,,
2015-07-10,,,19.0,,6.0,,,5.0,,,
2015-07-11,,,4.0,,16.0,,,6.0,,,
2015-07-12,,,25.0,,1.0,,,3.0,,,
2015-07-13,,,31.0,,17.0,,,12.0,,,
2015-07-14,,,8.0,,15.0,,,2.0,,,
2015-07-15,,,12.0,,19.0,,,28.0,,,
2015-07-16,,,0.0,,0.0,,,0.0,,,
2015-07-17,,,0.0,,0.0,,,0.0,,,
2015-07-18,,,0.0,,0.0,,,0.0,,,
2015-07-19,,,63.0,,27.0,,,12.0,,,
2015-07-20,,,21.0,,11.0,,,0.0,,,
2015-07-21,,,8.0,,8.0,,,5.0,,,
2015-07-22,,,0.0,,0.0,,,0.0,,,
2015-07-23,,,0.0,,2.0,,,0.0,,,
2015-07-24,,,0.0,,0.0,,,3.0,,,
2015-07-25,,,0.0,,9.0,,,45.0,,,
2015-07-26,,,0.0,,5.0,,,0.0,,,
2015-07-27,,,0.0,,0.0,,,0.0,,,
2015-07-28,,,0.0,,0.0,,,0.0,,,
2015-07-29,,,0.0,,3.0,,,0.0,,,
2015-07-30,,,2.0,,0.0,,,0.0,,,
2015-07-31,,,0.0,,3.0,,,4.0,,,
2015-08-01,,,0.0,,0.0,,,0.0,,,
2015-08-02,,,4.0,,13.0,,,4.0,,,
2015-08-03,,,4.0,,3.0,,,35.0,,,
2015-08-04,,,19.0,,4.0,,,3.0,,,
2015-08-05,,,15.0,,25.0,,,18.0,,,
2015-08-06,,,16.0,,18.0,,,14.0,,,
2015-08-07,,,23.0,,19.0,,,21.0,,,
2015-08-08,,,4.0,,9.0,,,8.0,,,
2015-08-09,,,7.0,,5.0,,,4.0,,,
2015-08-10,,,0.0,,0.0,,,0.0,,,
2015-08-11,,,19.0,,42.0,,,16.0,,,
2015-08-12,,,1.0,,1.0,,,0.0,,,
2015-08-13,,,0.0,,0.0,,,0.0,,,
2015-08-14,,,0.0,,0.0,,,0.0,,,
2015-08-15,,,0.0,,0.0,,,1.0,,,
2015-08-16,,,33.0,,17.0,,,8.0,,,
2015-08-17,,,1.0,,2.0,,,3.0,,,
2015-08-18,,,1.0,,0.0,,,0.0,,,
2015-08-19,,,2.0,,6.0,,,0.0,,,
2015-08-20,,,0.0,,0.0,,,0.0,,,
2015-08-21,,,0.0,,0.0,,,3.0,,,
2015-08-22,,,2.0,,3.0,,,0.0,,,
2015-08-23,,,0.0,,0.0,,,0.0,,,
2015-08-24,,,11.0,,0.0,,,0.0,,,
2015-08-25,,,6.0,,1.0,,,18.0,,,
2015-08-26,,,0.0,,29.0,,,8.0,,,
2015-08-27,,,0.0,,0.0,,,0.0,,,
2015-08-28,,,0.0,,4.0,,,0.0,,,
2015-08-29,,,0.0,,0.0,,,11.0,,,
2015-08-30,,,0.0,,21.0,,,0.0,,,
2015-08-31,,,4.0,,5.0,,,0.0,,,
2015-09-01,,,0.0,,0.0,,,0.0,,,
2015-09-02,,,41.0,,0.0,,,0.0,,,
2015-09-03,,,0.0,,8.0,,,15.0,,,
2015-09-04,,,0.0,,4.0,,,2.0,,,
2015-09-05,,,9.0,,10.0,,,73.0,,,
2015-09-06,,,0.0,,0.0,,,0.0,,,
2015-09-07,,,0.0,,0.0,,,0.0,,,
2015-09-08,,,4.0,,0.0,,,17.0,,,
2015-09-09,,,17.0,,30.0,,,16.0,,,
2015-09-10,,,16.0,,3.0,,,2.0,,,
2015-09-11,,,0.0,,0.0,,,0.0,,,
2015-09-12,,,0.0,,0.0,,,2.0,,,
2015-09-13,,,0.0,,0.0,,,0.0,,,
2015-09-14,,,22.0,,12.0,,,7.0,,,
2015-09-15,,,5.0,,12.0,,,9.0,,,
2015-09-16,,,15.0,,50.0,,,31.0,,,
2015-09-17,,,10.0,,22.0,,,11.0,,,
2015-09-18,,,0.0,,0.0,,,0.0,,,
2015-09-19,,,0.0,,0.0,,,0.0,,,
2015-09-20,,,1.0,,1.0,,,0.0,,,
2015-09-21,,,1.0,,13.0,,,55.0,,,
2015-09-22,,,10.0,,1.0,,,3.0,,,
2015-09-23,,,0.0,,0.0,,,0.0,,,
2015-09-24,,,17.0,,15.0,,,23.0,,,
2015-09-25,,,7.0,,0.0,,,0.0,,,
2015-09-26,,,0.0,,0.0,,,1.0,,,
2015-09-27,,,3.0,,1.0,,,0.0,,,
2015-09-28,,,44.0,,10.0,,,5.0,,,
2015-09-29,,,0.0,,0.0,,,1.0,,,
2015-09-30,,,0.0,,0.0,,,2.0,,,
2015-10-01,,,7.0,,26.0,,,11.0,,,
2015-10-02,,,0.0,,0.0,,,0.0,,,
2015-10-03,,,0.0,,0.0,,,0.0,,,
2015-10-04,,,0.0,,7.0,,,0.0,,,
2015-10-05,,,3.0,,0.0,,,2.0,,,
2015-10-06,,,20.0,,86.0,,,83.0,,,
2015-10-07,,,0.0,,1.0,,,1.0,,,
2015-10-08,,,3.0,,7.0,,,4.0,,,
2015-10-09,,,21.0,,23.0,,,44.0,,,
2015-10-10,,,0.0,,0.0,,,0.0,,,
2015-10-11,,,0.0,,0.0,,,4.0,,,
2015-10-12,,,1.0,,1.0,,,8.0,,,
2015-10-13,,,0.0,,12.0,,,96.0,,,
2015-10-14,,,20.0,,42.0,,,1.0,,,
2015-10-15,,,0.0,,2.0,,,6.0,,,
2015-10-16,,,0.0,,0.0,,,8.0,,,
2015-10-17,,,0.0,,0.0,,,0.0,,,
2015-10-18,,,4.0,,0.0,,,6.0,,,
2015-10-19,,,0.0,,2.0,,,0.0,,,
2015-10-20,,,0.0,,0.0,,,0.0,,,
2015-10-21,,,0.0,,0.0,,,0.0,,,
2015-10-22,,,0.0,,0.0,,,0.0,,,
2015-10-23,,,30.0,,0.0,,,0.0,,,
2015-10-24,,,31.0,,37.0,,,8.0,,,
2015-10-25,,,0.0,,0.0,,,2.0,,,
2015-10-26,,,1.0,,0.0,,,0.0,,,
2015-10-27,,,0.0,,0.0,,,0.0,,,
2015-10-28,,,7.0,,0.0,,,0.0,,,
2015-10-29,,,0.0,,0.0,,,0.0,,,
2015-10-30,,,1.0,,2.0,,,5.0,,,
2015-10-31,,,0.0,,4.0,,,0.0,,,
2015-11-01,,,5.0,,5.0,,,36.0,,,
2015-11-02,,,38.0,,12.0,,,18.0,,,
2015-11-03,,,0.0,,0.0,,,0.0,,,
2015-11-04,,,1.0,,2.0,,,0.0,,,
2015-11-05,,,0.0,,7.0,,,13.0,,,
2015-11-06,,,48.0,,21.0,,,67.0,,,
2015-11-07,,,0.0,,1.0,,,12.0,,,
2015-11-08,,,14.0,,8.0,,,47.0,,,
2015-11-09,,,16.0,,7.0,,,0.0,,,
2015-11-10,,,43.0,,4.0,,,22.0,,,
2015-11-11,,,6.0,,0.0,,,2.0,,,
2015-11-12,,,0.0,,0.0,,,1.0,,,
2015-11-13,,,2.0,,2.0,,,2.0,,,
2015-11-14,,,0.0,,31.0,,,11.0,,,
2015-11-15,,,7.0,,0.0,,,0.0,,,
2015-11-16,,,0.0,,0.0,,,2.0,,,
2015-11-17,,,9.0,,5.0,,,0.0,,,
2015-11-18,,,0.0,,25.0,,,18.0,,,
2015-11-19,,,6.0,,15.0,,,0.0,,,
2015-11-20,,,0.0,,0.0,,,0.0,,,
2015-11-21,,,0.0,,0.0,,,0.0,,,
2015-11-22,,,14.0,,26.0,,,17.0,,,
2015-11-23,,,10.0,,3.0,,,0.0,,,
2015-11-24,,,1.0,,0.0,,,0.0,,,
2015-11-25,,,0.0,,0.0,,,0.0,,,
2015-11-26,,,0.0,,4.0,,,0.0,,,
2015-11-27,,,0.0,,1.0,,,8.0,,,
2015-11-28,,,0.0,,4.0,,,9.0,,,
2015-11-29,,,22.0,,9.0,,,1.0,,,
2015-11-30,,,0.0,,1.0,,,3.0,,,
2015-12-01,,,0.0,,0.0,,,0.0,,,
2015-12-02,,,0.0,,0.0,,,0.0,,,
2015-12-03,,,0.0,,8.0,,,3.0,,,
2015-12-04,,,0.0,,2.0,,,0.0,,,
2015-12-05,,,0.0,,6.0,,,17.0,,,
2015-12-06,,,0.0,,0.0,,,0.0,,,
2015-12-07,,,0.0,,0.0,,,0.0,,,
2015-12-08,,,5.0,,5.0,,,14.0,,,
2015-12-09,,,0.0,,0.0,,,0.0,,,
2015-12-10,,,13.0,,0.0,,,0.0,,,
2015-12-11,,,12.0,,0.0,,,0.0,,,
2015-12-12,,,11.0,,0.0,,,0.0,,,
2015-12-13,,,7.0,,6.0,,,3.0,,,
2015-12-14,,,10.0,,0.0,,,6.0,,,
2015-12-15,,,0.0,,0.0,,,0.0,,,
2015-12-16,,,0.0,,5.0,,,6.0,,,
2015-12-17,,,1.0,,0.0,,,0.0,,,
2015-12-18,,,1.0,,0.0,,,6.0,,,
2015-12-19,,,0.0,,0.0,,,0.0,,,
2015-12-20,,,0.0,,0.0,,,0.0,,,
2015-12-21,,,0.0,,0.0,,,0.0,,,
2015-12-22,,,0.0,,0.0,,,0.0,,,
2015-12-23,,,0.0,,0.0,,,0.0,,,
2015-12-24,,,0.0,,0.0,,,0.0,,,
2015-12-25,,,0.0,,0.0,,,0.0,,,
2015-12-26,,,0.0,,0.0,,,0.0,,,
2015-12-27,,,0.0,,0.0,,,0.0,,,
2015-12-28,,,0.0,,1.0,,,1.0,,,
2015-12-29,,,0.0,,0.0,,,1.0,,,
2015-12-30,,,0.0,,0.0,,,0.0,,,
2015-12-31,,,0.0,,0.0,,,0.0,,,
2016-01-01,,,0.0,,0.0,,,0.0,,,
2016-01-02,,,0.0,,0.0,,,0.0,,,
2016-01-03,,,0.0,,0.0,,,0.0,,,
2016-01-04,,,0.0,,0.0,,,0.0,,,
2016-01-05,,,0.0,,0.0,,,0.0,,,
2016-01-06,,,0.0,,0.0,,,0.0,,,
2016-01-07,,,0.0,,0.0,,,0.0,,,
2016-01-08,,,0.0,,0.0,,,0.0,,,
2016-01-09,,,0.0,,0.0,,,0.0,,,
2016-01-10,,,0.0,,0.0,,,0.0,,,
2016-01-11,,,0.0,,0.0,,,0.0,,,
2016-01-12,,,0.0,,0.0,,,0.0,,,
2016-01-13,,,12.0,,0.0,,,0.0,,,
2016-01-14,,,40.0,,0.0,,,0.0,,,
2016-01-15,,,0.0,,34.0,,,23.0,,,
2016-01-16,,,15.0,,11.0,,,221.0,,,
2016-01-17,,,0.0,,3.0,,,1.0,,,
2016-01-18,,,0.0,,0.0,,,0.0,,,
2016-01-19,,,0.0,,0.0,,,0.0,,,
2016-01-20,,,0.0,,0.0,,,0.0,,,
2016-01-21,,,0.0,,0.0,,,0.0,,,
2016-01-22,,,0.0,,0.0,,,0.0,,,
2016-01-23,,,0.0,,0.0,,,0.0,,,
2016-01-24,,,0.0,,0.0,,,0.0,,,
2016-01-25,,,0.0,,0.0,,,0.0,,,
2016-01-26,,,0.0,,0.0,,,3.0,,,
2016-01-27,,,0.0,,0.0,,,6.0,,,
2016-01-28,,,2.0,,2.0,,,7.0,,,
2016-01-29,,,0.0,,0.0,,,0.0,,,
2016-01-30,,,0.0,,0.0,,,0.0,,,
2016-01-31,,,0.0,,0.0,,,0.0,,,
2016-02-01,,,0.0,,0.0,,,0.0,,,
2016-02-02,,,0.0,,0.0,,,0.0,,,
2016-02-03,,,0.0,,0.0,,,0.0,,,
2016-02-04,,,0.0,,0.0,,,0.0,,,
2016-02-05,,,0.0,,0.0,,,2.0,,,
2016-02-06,,,0.0,,0.0,,,2.0,,,
2016-02-07,,,0.0,,0.0,,,0.0,,,
2016-02-08,,,0.0,,0.0,,,0.0,,,
2016-02-09,,,0.0,,0.0,,,0.0,,,
2016-02-10,,,0.0,,0.0,,,0.0,,,
2016-02-11,,,0.0,,0.0,,,0.0,,,
2016-02-12,,,0.0,,0.0,,,0.0,,,
2016-02-13,,,0.0,,0.0,,,0.0,,,
2016-02-14,,,0.0,,0.0,,,0.0,,,
2016-02-15,,,0.0,,0.0,,,0.0,,,
2016-02-16,,,0.0,,0.0,,,0.0,,,
2016-02-17,,,0.0,,0.0,,,0.0,,,
2016-02-18,,,0.0,,0.0,,,0.0,,,
2016-02-19,,,0.0,,1.0,,,6.0,,,
2016-02-20,,,0.0,,0.0,,,0.0,,,
2016-02-21,,,0.0,,0.0,,,0.0,,,
2016-02-22,,,0.0,,0.0,,,0.0,,,
2016-02-23,,,0.0,,0.0,,,0.0,,,
2016-02-24,,,0.0,,0.0,,,0.0,,,
2016-02-25,,,0.0,,0.0,,,0.0,,,
2016-02-26,,,0.0,,0.0,,,0.0,,,
2016-02-27,,,0.0,,0.0,,,0.0,,,
2016-02-28,,,0.0,,0.0,,,0.0,,,
2016-02-29,,,0.0,,0.0,,,0.0,,,
2016-03-01,,,0.0,,0.0,,,0.0,,,
2016-03-02,,,0.0,,0.0,,,0.0,,,
2016-03-03,,,0.0,,0.0,,,0.0,,,
2016-03-04,,,0.0,,0.0,,,0.0,,,
2016-03-05,,,0.0,,0.0,,,0.0,,,
2016-03-06,,,0.0,,0.0,,,0.0,,,
2016-03-07,,,0.0,,0.0,,,0.0,,,
2016-03-08,,,0.0,,0.0,,,0.0,,,
2016-03-09,,,0.0,,0.0,,,0.0,,,
2016-03-10,,,0.0,,0.0,,,0.0,,,
2016-03-11,,,0.0,,0.0,,,0.0,,,
2016-03-12,,,0.0,,0.0,,,0.0,,,
2016-03-13,,,0.0,,,,,0.0,,,
2016-03-14,,,0.0,,,,,0.0,,,
2016-03-15,,,0.0,,,,,0.0,,,
2016-03-16,,,0.0,,,,,0.0,,,
2016-03-17,,,0.0,,,,,0.0,,,
2016-03-18,,,0.0,,,,,0.0,,,
2016-03-19,,,0.0,,,,,0.0,,,
2016-03-20,,,0.0,,,,,0.0,,,
2016-03-21,,,0.0,,,,,0.0,,,
2016-03-22,,,0.0,,,,,0.0,,,
2016-03-23,,,0.0,,,,,28.0,,,
2016-03-24,,,0.0,,,,,28.0,,,
2016-03-25,,,0.0,,,,,0.5,,,
2016-03-26,,,0.0,,,,,0.0,,,
2016-03-27,,,0.0,,,,,0.0,,,
2016-03-28,,,0.0,,,,,0.0,,,
2016-03-29,,,0.0,,,,,0.0,,,
2016-03-30,,,0.0,,,,,0.0,,,
2016-03-31,,,0.0,,,,,0.0,,,
2016-04-01,,,0.0,,,,,0.0,,,
2016-04-02,,,3.0,,,,,0.0,,,
2016-04-03,,,0.0,,,,,0.0,,,
2016-04-04,,,1.0,,,,,26.0,,,
2016-04-05,,,3.0,,,,,26.0,,,
2016-04-06,,,0.0,,,,,0.5,,,
2016-04-07,,,0.0,,,,,1.0,,,
2016-04-08,,,0.0,,,,,1.0,,,
2016-04-09,,,0.0,,,,,6.0,,,
2016-04-10,,,0.0,,,,,0.0,,,
2016-04-11,,,0.0,,,,,0.0,,,
2016-04-12,,,0.0,,,,,0.0,,,
2016-04-13,,,0.0,,,,,0.0,,,
2016-04-14,,,0.0,,,,,0.0,,,
2016-04-15,,,0.0,,,,,0.0,,,
2016-04-16,,,0.0,,,,,0.0,,,
2016-04-17,,,8.0,,,,,4.0,,,
2016-04-18,,,1.0,,,,,4.5,,,
2016-04-19,,,0.0,,,,,0.0,,,
2016-04-20,,,0.0,,,,,0.0,,,
2016-04-21,,,0.0,,,,,14.0,,,
2016-04-22,,,0.0,,,,,14.5,,,
2016-04-23,,,3.0,,,,,0.0,,,
2016-04-24,,,0.0,,,,,0.0,,,
2016-04-25,,,0.0,,,,,0.0,,,
2016-04-26,,,4.0,,,,,0.0,,,
2016-04-27,,,0.0,,,,,3.0,,,
2016-04-28,,,6.0,,,,,3.0,,,
2016-04-29,,,11.0,,,,,3.5,,,
2016-04-30,,,0.0,,,,,0.0,,,
2016-05-01,,,0.0,,,,,0.0,,,
2016-05-02,,,0.0,,,,,0.0,,,
2016-05-03,,,48.0,,,,,0.0,,,
2016-05-04,,,25.0,,,,,,,,
2016-05-05,,,,,,,,,,,
2016-05-06,,,0.0,,,,,0.0,,,
2016-05-07,,,6.0,,,,,0.0,,,
2016-05-08,,,21.0,,,,,5.0,,,
2016-05-09,,,1.0,,,,,5.0,,,
2016-05-10,,,14.0,,,,,0.5,,,
2016-05-11,,,0.0,,,,,0.5,,,
2016-05-12,,,4.0,,,,,0.5,,,
2016-05-13,,,1.0,,,,,10.0,,,
2016-05-14,,,1.0,,,,,10.5,,,
2016-05-15,,,31.0,,,,,6.0,,,
2016-05-16,,,0.0,,,,,6.5,,,
2016-05-17,,,8.0,,,,,39.0,,,
2016-05-18,,,5.0,,,,,39.5,,,
2016-05-19,,,0.0,,,,,0.0,,,
2016-05-20,,,1.0,,,,,2.0,,,
2016-05-21,,,28.0,,,,,5.0,,,
2016-05-22,,,0.0,,,,,4.0,,,
2016-05-23,,,0.0,,,,,0.0,,,
2016-05-24,,,8.0,,,,,12.0,,,
2016-05-25,,,0.0,,,,,12.0,,,
2016-05-26,,,0.0,,,,,,,,
2016-05-27,,,0.0,,,,,,,,
2016-05-28,,,0.0,,,,,,,,
2016-05-29,,,21.0,,,,,,,,
2016-05-30,,,7.0,,,,,,,,
2016-05-31,,,0.0,,,,,,,,
2016-06-01,,,0.0,,,,,,,,
2016-06-02,,,3.0,,,,,,,,
2016-06-03,,,18.0,,,,,,,,
2016-06-04,,,0.0,,,,,,,,
2016-06-05,,,0.0,,,,,,,,
2016-06-06,,,0.0,,,,,,,,
2016-06-07,,,0.0,,,,,,,,
2016-06-08,,,0.0,,,,,,,,
2016-06-09,,,0.0,,,,,,,,
2016-06-10,,,0.0,,,,,,,,
2016-06-11,,,0.0,,,,,,,,
2016-06-12,,,0.0,,,,,,,,
2016-06-13,,,13.0,,,,,,,,
2016-06-14,,,1.0,,,,,,,,
2016-06-15,,,0.0,,,,,,,,
2016-06-16,,,24.0,,,,,,,,
2016-06-17,,,25.0,,,,,,,,
2016-06-18,,,0.0,,,,,,,,
2016-06-19,,,0.0,,,,,,,,
2016-06-20,,,29.0,,,,,,,,
2016-06-21,,,0.0,,,,,,,,
2016-06-22,,,0.0,,,,,,,,
2016-06-23,,,0.0,,,,,,,,
2016-06-24,,,0.0,,,,,,,,
2016-06-25,,,0.0,,,,,,,,
2016-06-26,,,0.0,,,,,,,,
2016-06-27,,,0.0,,,,,,,,
2016-06-28,,,6.0,,,,,,,,
2016-06-29,,,0.0,,,,,,,,
2016-06-30,,,3.0,,,,,,,,
2016-07-01,,,0.0,,,,,,,,
2016-07-02,,,0.0,,,,,,,,
2016-07-03,,,0.0,,,,,,,,
2016-07-04,,,0.0,,,,,,,,
2016-07-05,,,2.0,,,,,,,,
2016-07-06,,,7.0,,,,,,,,
2016-07-07,,,6.0,,,,,,,,
2016-07-08,,,0.0,,,,,,,,
2016-07-09,,,0.0,,,,,,,,
2016-07-10,,,0.0,,,,,,,,
2016-07-11,,,12.0,,,,,,,,
2016-07-12,,,0.0,,,,,,,,
2016-07-13,,,6.0,,,,,,,,
2016-07-14,,,0.0,,,,,,,,
2016-07-15,,,0.0,,,,,,,,
2016-07-16,,,5.0,,,,,,,,
2016-07-17,,,3.0,,,,,,,,
2016-07-18,,,15.0,,,,,,,,
2016-07-19,,,27.0,,,,,,,,
2016-07-20,,,8.0,,,,,,,,
2016-07-21,,,0.0,,,,,,,,
2016-07-22,,,1.0,,,,,,,,
2016-07-23,,,27.0,,,,,,,,
2016-07-24,,,2.0,,,,,,,,
2016-07-25,,,0.0,,,,,,,,
2016-07-26,,,1.0,,,,,,,,
2016-07-27,,,0.0,,,,,,,,
2016-07-28,,,0.0,,,,,,,,
2016-07-29,,,0.0,,,,,,,,
2016-07-30,,,0.0,,,,,,,,
2016-07-31,,,0.0,,,,,,,,
2016-08-01,,,0.0,,,,,,,,
2016-08-02,,,0.0,,,,,,,,
2016-08-03,,,0.0,,,,,,,,
2016-08-04,,,0.0,,,,,,,,
2016-08-05,,,0.0,,,,,,,,
2016-08-06,,,0.0,,,,,,,,
2016-08-07,,,0.0,,,,,,,,
2016-08-08,,,0.0,,,,,,,,
2016-08-09,,,0.0,,,,,,,,
2016-08-10,,,0.0,,,,,,,,
2016-08-11,,,44.0,,,,,,,,
2016-08-12,,,1.0,,,,,,,,
2016-08-13,,,,,,,,,,,
2016-08-14,,,6.0,,,,,,,,
2016-08-15,,,0.0,,,,,,,,
2016-08-16,,,0.0,,,,,,,,
2016-08-17,,,0.0,,,,,,,,
2016-08-18,,,0.0,,,,,,,,
2016-08-19,,,0.0,,,,,,,,
2016-08-20,,,,,,,,,,,
2016-08-21,,,,,,,,,,,
2016-08-22,,,0.0,,,,,,,,
2016-08-23,,,0.0,,,,,,,,
2016-08-24,,,53.0,,,,,,,,
2016-08-25,,,25.0,,,,,,,,
2016-08-26,,,23.0,,,,,,,,
2016-08-27,,,0.0,,,,,,,,
2016-08-28,,,5.0,,,,,,,,
2016-08-29,,,1.0,,,,,,,,
2016-08-30,,,0.0,,,,,,,,
2016-08-31,,,0.0,,,,,,,,
2016-09-01,,,0.0,,,,,,,,
2016-09-02,,,6.0,,,,,,,,
2016-09-03,,,0.0,,,,,,,,
2016-09-04,,,0.0,,,,,,,,
2016-09-05,,,4.0,,,,,,,,
2016-09-06,,,16.0,,,,,,,,
2016-09-07,,,31.0,,,,,,,,
2016-09-08,,,32.0,,,,,,,,
2016-09-09,,,2.0,,,,,,,,
2016-09-10,,,0.0,,,,,,,,
2016-09-11,,,0.0,,,,,,,,
2016-09-12,,,0.0,,,,,,,,
2016-09-13,,,0.0,,,,,,,,
2016-09-14,,,,,,,,,,,
2016-09-15,,,0.0,,,,,,,,
2016-09-16,,,,,,,,,,,
2016-09-17,,,29.0,,,,,,,,
2016-09-18,,,1.0,,,,,,,,
2016-09-19,,,9.0,,,,,,,,
2016-09-20,,,1.0,,,,,,,,
2016-09-21,,,12.0,,,,,,,,
2016-09-22,,,1.0,,,,,,,,
2016-09-23,,,7.0,,,,,,,,
2016-09-24,,,0.0,,,,,,,,
2016-09-25,,,0.0,,,,,,,,
2016-09-26,,,0.0,,,,,,,,
2016-09-27,,,7.0,,,,,,,,
2016-09-28,,,1.0,,,,,,,,
2016-09-29,,,7.0,,,,,,,,
2016-09-30,,,0.0,,,,,,,,
2016-10-01,,,0.0,,,,,,,,
2016-10-02,,,,,,,,,,,
2016-10-03,,,0.0,,,,,,,,
2016-10-04,,,0.0,,,,,,,,
2016-10-05,,,1.0,,,,,,,,
2016-10-06,,,16.0,,,,,,,,
2016-10-07,,,6.0,,,,,,,,
2016-10-08,,,0.0,,,,,,,,
2016-10-09,,,11.0,,,,,,,,
2016-10-10,,,3.0,,,,,,,,
2016-10-11,,,0.0,,,,,,,,
2016-10-12,,,2.0,,,10.0,,,,,
2016-10-13,,,9.0,,,20.0,,,,,
2016-10-14,,,5.0,,,,,,,,
2016-10-15,,,0.0,,,,,,,,
2016-10-16,,,8.0,,,,,,,,
2016-10-17,,,27.0,,,,,,,,
2016-10-18,,,24.0,,,,,,,,
2016-10-19,,,6.0,,,,,,,,
2016-10-20,,,0.0,,,,,,,,
2016-10-21,,,0.0,,,19.0,,,,,
2016-10-22,,,0.0,,,0.0,,,,,
2016-10-23,,,0.0,,,0.0,,,,,
2016-10-24,,,4.0,,,0.0,,,,,
2016-10-25,,,14.0,,,31.0,,,,,
2016-10-26,,,0.0,,,,,,,,
2016-10-27,,,0.0,,,,,,,,
2016-10-28,,,6.0,,,,,,,,
2016-10-29,,,14.0,,,,,,,,
2016-10-30,,,0.0,,,,,,,,
2016-10-31,,,31.0,,,,,,,,
2016-11-01,,,9.0,,,,,,,,
2016-11-02,,,0.0,,,,,,,,
2016-11-03,,,0.0,,,,,,,,
2016-11-04,,,15.0,,,,,,,,
2016-11-05,,,16.0,,,,,,,,
2016-11-06,,,0.0,,,,,,,,
2016-11-07,,,2.0,,,,,,,,
2016-11-08,,,1.0,,,,,,,,
2016-11-09,,,3.0,,,,,,,,
2016-11-10,,,30.0,,,,,,,,
2016-11-11,,,0.0,,,,,,,,
2016-11-12,,,0.0,,,,,,,,
2016-11-13,,,9.0,,,,,,,,
2016-11-14,,,14.0,,,,,,,,
2016-11-15,,,1.0,,,,,,,,
2016-11-16,,,0.0,,,,,,,,
2016-11-17,,,0.0,,,,,,,,
2016-11-18,,,0.0,,,,,,,,
2016-11-19,,,0.0,,,,,,,,
2016-11-20,,,0.0,,,,,,,,
2016-11-21,,,0.0,,,,,,,,
2016-11-22,,,0.0,,,,,,,,
2016-11-23,,,0.0,,,,,,,,
2016-11-24,,,0.0,,,,,,,,
2016-11-25,,,0.0,,,,,,,,
2016-11-26,,,0.0,,,,,,,,
2016-11-27,,,1.0,,,,,,,,
2016-11-28,,,30.0,,,,,,,,
2016-11-29,,,0.0,,,,,,,,
2016-11-30,,,0.0,,,,,,,,
2016-12-01,,,31.0,,,,,,,,
2016-12-02,,,33.0,,,,,,,,
2016-12-03,,,0.0,,,,,,,,
2016-12-04,,,20.0,,,,,,,,
2016-12-05,,,0.0,,,,,,,,
2016-12-06,,,0.0,,,,,,,,
2016-12-07,,,0.0,,,,,,,,
2016-12-08,,,0.0,,,,,,,,
2016-12-09,,,0.0,,,,,,,,
2016-12-10,,,0.0,,,,,,,,
2016-12-11,,,0.0,,,,,,,,
2016-12-12,,,0.0,,,,,,,,
2016-12-13,,,1.0,,,,,,,,
2016-12-14,,,0.0,,,,,,,,
2016-12-15,,,0.0,,,,,,,,
2016-12-16,,,0.0,,,,,,,,
2016-12-17,,,0.0,,,,,,,,
2016-12-18,,,0.0,,,,,,,,
2016-12-19,,,0.0,,,,,,,,
2016-12-20,,,17.0,,,,,,,,
2016-12-21,,,0.0,,,,,,,,
2016-12-22,,,0.0,,,,,,,,
2016-12-23,,,0.0,,,,,,,,
2016-12-24,,,0.0,,,,,,,,
2016-12-25,,,0.0,,,,,,,,
2016-12-26,,,0.0,,,,,,,,
2016-12-27,,,0.0,,,,,,,,
2016-12-28,,,0.0,,,,,,,,
2016-12-29,,,0.0,,,,,,,,
2016-12-30,,,0.0,,,,,,,,
2016-12-31,,,2.0,,,,,,,,
2017-01-01,,,6.0,,,,,,,,
2017-01-02,,,1.0,,,,,,,,
2017-01-03,,,1.0,,,,,,,,
2017-01-04,,,8.0,,,,,,,,
2017-01-05,,,0.0,,,,,,,,
2017-01-06,,,43.0,,,,,,,,
2017-01-07,,,18.0,,,,,,,,
2017-01-08,,,69.0,,,,,,,,
2017-01-09,,,0.0,,,,,,,,
2017-01-10,,,0.0,,,,,,,,
2017-01-11,,,0.0,,,,,,,,
2017-01-12,,,0.0,,,,,,,,
2017-01-13,,,0.0,,,,,,,,
2017-01-14,,,0.0,,,,,,,,
2017-01-15,,,0.0,,,,,,,,
2017-01-16,,,0.0,,,,,,,,
2017-01-17,,,0.0,,,,,,,,
2017-01-18,,,0.0,,,,,,,,
2017-01-19,,,9.0,,,,,,,,
2017-01-20,,,1.0,,,,,1.0,,,
2017-01-21,,,0.0,,,,,1.0,,,
2017-01-22,,,0.0,,,,,1.0,,,
2017-01-23,,,,,,,,,,,
2017-01-24,,,,,,,,,,,
2017-01-25,,,1.0,,,,,1.0,,,
2017-01-26,,,0.0,,,,,1.0,,,
2017-01-27,,,0.0,,,0.0,,1.0,,,
2017-01-28,,,0.0,,,0.0,,1.0,,,
2017-01-29,,,0.0,,,0.0,,1.0,,,
2017-01-30,,,0.0,,,0.0,,1.0,,,
2017-01-31,,,3.0,,,0.0,,1.0,,,
2017-02-01,,,0.0,,,,,1.0,,,
2017-02-02,,,0.0,,,,,1.0,,,
2017-02-03,,,0.0,,,,,1.0,,,
2017-02-04,,,0.0,,,,,1.0,,,
2017-02-05,,,0.0,,,,,,,,
2017-02-06,,,0.0,,,,,,,,
2017-02-07,,,0.0,,,,,,,,
2017-02-08,,,0.0,,,0.0,,,,,
2017-02-09,,,,,,,,,,,
2017-02-10,,,0.0,,,,,,,,
2017-02-11,,,0.0,,,,,,,,
2017-02-12,,,0.0,,,,,,,,
2017-02-13,,,0.0,,,48.0,,,,,
2017-02-14,,,0.0,,,2.0,,,,,
2017-02-15,,,0.0,,,8.0,,,,,
2017-02-16,,,0.0,,,4.0,,,,,
2017-02-17,,,0.0,,,0.0,,,,,
2017-02-18,,,0.0,,,0.0,,,,,
2017-02-19,,,2.0,,,0.0,,,,,
2017-02-20,,,0.0,,,0.5,,,,,
2017-02-21,,,0.0,,,1.0,,,,,
2017-02-22,,,1.0,,,0.0,,,,,
2017-02-23,,,17.0,,,,,,,,
2017-02-24,,,1.0,,,0.5,,,,,
2017-02-25,,,0.0,,,0.0,,,,,
2017-02-26,,,0.0,,,0.0,,,,,
2017-02-27,,,1.0,,,0.0,,,,,
2017-02-28,,,0.0,,,,,,,,
2017-03-01,,,0.0,,,0.0,,,,,
2017-03-02,,,0.0,,,0.5,,,,,
2017-03-03,,,0.0,,,0.0,,,,,
2017-03-04,,,0.0,,,,,,,,
2017-03-05,,,3.0,,,,,,,,
2017-03-06,,,0.0,,,,,,,,
2017-03-07,,,1.0,,,,,,,,
2017-03-08,,,0.0,,,,,,,,
2017-03-09,,,0.0,,,,,,,,
2017-03-10,,,0.0,,,,,,,,
2017-03-11,,,0.0,,,,,,,,
2017-03-12,,,0.0,,,,,,,,
2017-03-13,,,0.0,,,,,,,,
2017-03-14,,,0.0,,,,,,,,
2017-03-15,,,0.0,,,,,,,,
2017-03-16,,,0.0,,,0.0,,,,,
2017-03-17,,,3.0,,,0.0,,,,,
2017-03-18,,,0.0,,,0.5,,,,,
2017-03-19,,,3.0,,,31.0,,,,,
2017-03-20,,,44.0,,,,,,,,
2017-03-21,,,0.0,,,,,,,,
2017-03-22,,,11.0,,,,,,,,
2017-03-23,,,0.0,,,33.5,,,,,
2017-03-24,,,0.0,,,11.5,,,,,
2017-03-25,,,2.0,,,,,,,,
2017-03-26,,,12.0,,,,,,,,
2017-03-27,,,8.0,,,,,,,,
2017-03-28,,,16.0,,,11.0,,,,,
2017-03-29,,,,,,52.5,,,,,
2017-03-30,,,,,,0.5,,,,,
2017-03-31,23.0,,,,,19.5,6.0,,,,0.0
2017-04-01,24.5,,,,,0.0,2.5,,,,0.0
2017-04-02,44.0,,,,,0.0,15.5,,,,39.5
2017-04-03,0.0,,,,,,0.0,,,,0.0
2017-04-04,0.0,,,,,,0.0,,,,1.5
2017-04-05,0.5,,,,,,0.0,,,,0.0
2017-04-06,0.0,,0.0,,,1.0,0.0,,,,0.0
2017-04-07,0.5,,5.0,,,7.5,3.5,,,,1.0
2017-04-08,0.0,,8.0,,,13.5,17.5,,,,8.5
2017-04-09,0.5,,4.0,,,28.5,92.0,,,,78.5
2017-04-10,0.5,,0.0,,,2.5,0.5,,,,0.0
2017-04-11,0.0,,1.0,,,23.0,0.0,,,,0.0
2017-04-12,0.5,,0.0,,,0.0,3.5,,,,7.0
2017-04-13,0.0,,,,,44.0,42.5,,,,22.5
2017-04-14,0.5,,,,,0.0,0.5,,,,0.0
2017-04-15,0.0,,,,,0.0,0.0,,,,5.0
2017-04-16,0.0,,,,,0.0,0.0,,,,0.0
2017-04-17,0.5,,,,,21.0,3.5,,,,1.5
2017-04-18,55.0,,,,,48.0,45.0,,,,10.0
2017-04-19,1.0,,,,,34.5,6.0,,,,8.0
2017-04-20,0.0,,,,,25.0,5.5,,,,2.5
2017-04-21,0.0,,,,,0.5,0.0,,,,0.0
2017-04-22,38.5,,,,,14.5,5.5,,,,15.5
2017-04-23,0.0,,,,,0.5,0.0,,,,0.0
2017-04-24,4.0,,,,,1.0,16.0,,,,17.5
2017-04-25,0.5,,,,,17.5,17.0,,,,0.0
2017-04-26,0.5,,,,,0.0,1.0,,,,35.5
2017-04-27,1.0,,,,,0.0,0.0,,,,0.0
2017-04-28,3.5,,,,,34.5,34.0,,,,20.0
2017-04-29,3.5,,,,,0.5,0.0,,,,0.5
2017-04-30,0.5,,,,,0.0,0.0,,,,2.0
2017-05-01,0.0,,,,,2.0,26.5,,,,19.0
2017-05-02,0.0,,,,,0.5,31.5,,,,17.5
2017-05-03,0.5,,,,,6.0,0.0,,,,0.5
2017-05-04,0.0,,,,,0.0,0.0,,,,1.0
2017-05-05,0.5,,,,,15.5,42.0,,,,44.5
2017-05-06,0.0,,,,,1.5,20.0,,,,3.0
2017-05-07,0.5,,,,,4.5,38.0,,,,9.5
2017-05-08,0.0,,,,,0.0,14.0,,,,6.0
2017-05-09,0.5,,,,,18.0,0.0,,,,1.0
2017-05-10,0.0,,,,,3.5,28.5,,,,9.5
2017-05-11,0.5,,,,,3.5,1.5,,,,0.5
2017-05-12,0.0,,,,,91.0,0.0,,,,4.0
2017-05-13,0.0,,,,,23.0,15.0,,,,2.5
2017-05-14,0.5,,,,,3.0,0.0,,,,0.0
2017-05-15,0.0,,,,,12.0,41.5,,,,0.5
2017-05-16,0.0,,,,,0.0,0.0,,,,0.5
2017-05-17,0.5,,,,,9.0,0.0,,,,0.0
2017-05-18,0.0,,,,,6.0,0.0,,,,0.0
2017-05-19,0.0,,,,,0.5,,,,,6.5
2017-05-20,0.5,,,,,0.0,0.5,,,,0.0
2017-05-21,0.0,,5.0,,,10.5,33.0,,,,6.5
2017-05-22,0.0,,1.0,,,4.5,13.5,,,,12.5
2017-05-23,0.0,,0.0,,,2.5,18.0,,,,0.5
2017-05-24,0.5,,0.0,,,0.5,0.5,,,,0.0
2017-05-25,0.0,,0.0,,,0.0,0.5,,,,0.0
2017-05-26,0.0,,,,,20.0,2.5,,,,9.5
2017-05-27,0.0,,,,,20.5,14.5,,,,18.0
2017-05-28,0.5,,,,,0.0,0.0,,,,0.0
2017-05-29,0.0,,,,,0.0,0.0,,,,0.0
2017-05-30,0.0,,29.0,,,18.0,0.5,,,,0.0
2017-05-31,0.0,,1.0,,,1.5,0.0,,,,0.0
2017-06-01,0.0,,0.0,,,0.0,0.0,,,,0.0
2017-06-02,0.0,,0.0,,,2.0,4.0,,,,1.5
2017-06-03,0.5,,0.0,,,0.0,7.5,,,,0.0
2017-06-04,0.0,,19.0,,,0.0,25.5,,,,0.5
2017-06-05,0.0,,0.0,,,0.0,0.0,,,,0.0
2017-06-06,0.0,,0.0,,,0.0,0.0,,,,0.0
2017-06-07,0.0,,0.0,,,0.0,0.0,,,,0.0
2017-06-08,0.0,,0.0,,,0.0,0.0,,,0.0,0.0
2017-06-09,0.0,,0.0,,,0.0,0.0,,,0.0,0.0
2017-06-10,0.5,,0.0,,,0.0,0.0,,,0.0,0.0
2017-06-11,0.0,,0.0,,,0.0,0.0,,,0.0,0.0
2017-06-12,0.0,,2.0,,,7.0,0.0,,,0.0,0.0
2017-06-13,0.0,0.0,0.0,,,0.5,7.0,,,2.0,22.0
2017-06-14,0.0,0.5,0.0,,,0.0,1.0,,,0.0,0.5
2017-06-15,13.5,6.5,0.0,,,0.0,0.0,,,16.0,0.0
2017-06-16,2.5,14.5,0.0,,,0.0,7.0,,,0.0,4.0
2017-06-17,0.5,9.5,0.0,,,31.0,0.5,,,16.0,1.5
2017-06-18,8.5,1.5,6.0,,,19.0,9.0,,,3.0,5.5
2017-06-19,2.5,0.0,0.0,,,0.5,0.0,,,0.0,0.0
2017-06-20,26.0,1.0,0.0,,,0.0,0.0,,,0.0,0.0
2017-06-21,0.0,2.0,0.0,,,0.0,0.0,,,4.0,0.0
2017-06-22,16.0,14.5,2.0,,,0.0,3.0,,,0.0,1.0
2017-06-23,33.5,22.0,3.0,,,7.0,2.0,,,1.5,5.0
2017-06-24,0.0,2.0,0.0,,,1.5,2.5,,,2.5,9.0
2017-06-25,0.0,0.5,0.0,,,0.5,0.5,,,0.0,0.5
2017-06-26,5.5,1.5,1.0,,,1.0,0.0,,,3.5,0.5
2017-06-27,2.0,0.0,0.0,,,0.0,0.0,,,0.0,0.0
2017-06-28,2.0,14.5,14.0,,,9.0,14.0,,,6.5,4.0
2017-06-29,0.5,0.5,18.0,,,1.5,2.5,,,16.5,5.5
2017-06-30,0.0,0.0,0.0,,,0.0,0.0,,,0.5,0.0
2017-07-01,1.0,0.0,0.0,,,0.5,2.5,,,3.5,2.0
2017-07-02,0.0,0.0,0.0,,,10.5,0.5,,,0.5,0.0
2017-07-03,0.0,0.5,0.0,,,0.0,0.0,,,0.5,0.0
2017-07-04,0.0,0.0,0.0,,,36.0,1.5,,,0.0,0.0
2017-07-05,12.0,0.0,0.0,,,0.5,0.0,,,0.0,0.0
2017-07-06,1.0,9.0,13.0,,,10.0,24.0,,,5.5,18.5
2017-07-07,0.0,0.5,5.0,,,0.0,12.0,,,0.5,0.0
2017-07-08,7.0,6.5,0.0,,,0.5,0.0,,,1.5,0.0
2017-07-09,0.5,0.0,0.0,,,0.5,0.5,,,0.5,0.0
2017-07-10,2.5,16.0,0.0,,,0.0,0.0,,,0.0,0.0
2017-07-11,5.5,58.0,2.0,,,26.0,10.5,,,3.5,28.5
2017-07-12,3.0,16.5,0.0,,,13.0,8.5,,,2.0,2.5
2017-07-13,0.0,0.5,0.0,,,0.0,0.0,,,0.0,0.0
2017-07-14,0.5,6.5,41.0,,,28.0,30.5,,,11.5,18.0
2017-07-15,0.0,0.0,0.0,,,0.0,0.0,,,0.0,0.0
2017-07-16,0.0,0.0,0.0,,,0.0,0.0,,,0.0,0.0
2017-07-17,0.0,0.0,0.0,,,0.0,0.0,,,0.0,0.0
2017-07-18,0.0,0.0,0.0,,,0.0,0.0,,,0.0,0.0
2017-07-19,0.0,0.0,0.0,,,0.0,0.0,,,0.0,0.0
2017-07-20,0.0,0.0,0.0,,,0.0,0.0,,,0.0,0.0
2017-07-21,0.0,0.0,0.0,,,0.0,0.0,,,0.0,0.0
2017-07-22,0.0,0.0,0.0,,,0.0,0.0,,,0.0,0.0
2017-07-23,0.0,0.0,0.0,,,0.0,0.0,,,0.0,0.0
2017-07-24,0.0,0.0,0.0,,,0.0,0.0,,,0.0,0.0
2017-07-25,0.0,4.5,2.0,,,8.0,0.0,,,0.0,0.0
2017-07-26,0.0,0.0,0.0,,,0.0,0.0,,,0.0,0.0
2017-07-27,2.5,4.5,0.0,,,8.0,0.0,,,0.0,34.0
2017-07-28,1.0,10.5,0.0,,,0.5,0.0,,,0.0,21.0
2017-07-29,5.5,0.5,0.0,,,0.0,0.0,,,0.0,7.0
2017-07-30,0.5,1.5,0.0,,,4.0,7.0,,,0.0,45.0
2017-07-31,0.5,0.0,10.0,,,29.5,16.5,,,16.0,7.5
2017-08-01,1.5,1.5,2.0,,,1.5,0.5,,,11.0,12.5
2017-08-02,6.0,7.0,19.0,,,5.0,53.0,,,15.0,54.5
2017-08-03,21.5,4.0,10.0,,,2.5,15.0,,,3.0,116.5
2017-08-04,6.5,20.0,1.0,,,7.5,27.0,,,3.0,0.0
2017-08-05,5.0,0.5,0.0,,,0.0,0.0,,,0.0,0.0
2017-08-06,10.0,13.5,6.0,,,0.0,9.0,,,0.0,0.0
2017-08-07,0.0,0.5,0.0,,,0.5,1.0,,,2.5,0.0
2017-08-08,3.5,4.0,4.0,,,8.5,11.0,,,52.0,0.0
2017-08-09,2.5,5.0,1.0,,,6.5,51.5,,,0.0,0.0
2017-08-10,1.5,5.0,1.0,,,22.0,6.5,,,0.0,0.0
2017-08-11,5.0,39.5,1.0,,,5.0,5.5,,,0.0,0.0
2017-08-12,53.0,113.5,58.0,,,59.5,21.5,,,0.0,0.0
2017-08-13,10.0,2.0,0.0,,,2.0,3.0,,,0.0,0.0
2017-08-14,0.0,0.0,2.0,,,0.0,1.5,,,0.0,0.0
2017-08-15,23.5,34.5,85.0,,,46.0,15.5,,,0.0,0.0
2017-08-16,8.5,8.0,1.0,,,0.0,3.0,,,0.0,0.0
2017-08-17,9.5,1.5,17.0,,,3.5,6.5,,,0.0,0.0
2017-08-18,0.0,0.0,3.0,,,0.0,0.0,,,0.0,0.0
2017-08-19,0.0,0.0,0.0,,,0.0,0.0,,,0.0,0.0
2017-08-20,0.0,0.0,0.0,,,0.0,0.0,,,0.0,0.0
2017-08-21,0.0,19.0,0.0,,,,0.0,,,0.0,0.0
2017-08-22,0.0,0.0,0.0,,,0.0,3.0,,,0.0,0.0
2017-08-23,0.0,0.0,0.0,,,0.5,28.0,,,0.0,0.0
2017-08-24,0.0,0.0,0.0,,,,0.0,,,0.0,0.0
2017-08-25,0.0,0.0,0.0,,,,1.5,,,0.0,0.0
2017-08-26,2.5,0.5,33.0,,,0.5,4.5,,,0.0,0.0
2017-08-27,0.0,0.0,0.0,,,0.0,3.0,,,0.0,0.0
2017-08-28,15.5,47.5,57.0,,,76.0,9.5,,,1.5,0.0
2017-08-29,0.0,0.5,0.0,,,0.0,0.0,,,0.5,0.0
2017-08-30,0.0,0.0,0.0,,,0.0,0.0,,,0.0,0.0
2017-08-31,1.5,34.5,0.0,,,2.0,0.0,,,0.0,0.0
2017-09-01,6.0,15.5,22.0,,,28.5,15.0,,,60.0,0.0
2017-09-02,0.5,0.0,26.0,,,0.5,0.5,,,6.0,0.0
2017-09-03,39.5,6.0,1.0,,,,72.5,,,7.5,0.0
2017-09-04,0.0,0.0,0.0,,,,0.0,,,0.0,0.0
2017-09-05,5.0,1.5,2.0,,,,1.0,,,0.5,0.0
2017-09-06,1.0,5.5,0.0,,,4.0,3.0,,,7.5,0.0
2017-09-07,33.5,53.5,0.0,,,25.5,29.0,,,26.5,0.0
2017-09-08,1.5,5.5,20.0,,,0.0,15.5,,,33.0,0.0
2017-09-09,4.5,3.5,8.0,,,5.5,2.5,,,5.0,0.0
2017-09-10,17.5,58.0,10.0,,,33.5,64.0,,,56.5,0.0
2017-09-11,2.5,1.5,11.0,,,1.0,5.5,,,4.0,0.0
2017-09-12,31.0,2.0,0.0,,,2.0,0.0,,,2.5,0.0
2017-09-13,8.5,9.5,4.0,,,19.5,22.5,,,7.5,21.0
2017-09-14,18.0,8.0,13.0,,,12.0,16.0,,,8.0,0.0
2017-09-15,25.5,41.5,25.0,,,58.0,12.0,,,44.5,0.0
2017-09-16,16.0,7.5,17.0,,,8.5,3.0,,,5.0,0.0
2017-09-17,0.0,0.0,0.0,,,0.0,37.5,,,0.5,0.0
2017-09-18,30.5,32.0,0.0,,,97.0,25.0,,,72.5,3.5
2017-09-19,1.5,0.5,,,,0.0,15.0,,,1.5,0.0
2017-09-20,2.0,1.5,11.0,,,0.0,38.5,,,1.0,0.0
2017-09-21,75.0,85.0,46.0,,,75.0,34.0,,,52.5,0.0
2017-09-22,15.0,26.0,48.0,,,43.0,31.5,,,48.5,0.0
2017-09-23,11.0,4.0,0.0,,,0.5,5.0,,,1.0,0.0
2017-09-24,0.0,3.5,0.0,,,4.5,0.0,,,0.0,0.0
2017-09-25,0.0,0.0,0.0,,,0.0,0.0,,,0.0,0.0
2017-09-26,0.0,0.0,0.0,,,14.0,4.5,,,0.0,0.0
2017-09-27,0.0,0.0,0.0,,,0.0,2.0,,,0.0,0.0
2017-09-28,15.5,14.0,0.0,,,10.0,7.0,,,8.5,7.0
2017-09-29,17.5,34.0,22.0,,,49.5,106.5,,,67.5,49.0
2017-09-30,2.0,1.5,0.0,,,0.5,0.5,,,0.5,0.0
2017-10-01,0.0,0.0,0.0,,,0.0,0.0,,,0.0,18.0
2017-10-02,3.0,3.0,8.0,,,13.5,1.0,,,3.5,0.0
2017-10-03,0.0,2.0,0.0,,,0.0,0.0,,,0.0,0.0
2017-10-04,0.5,1.0,9.0,,,0.5,7.0,,,40.0,43.0
2017-10-05,18.0,8.5,0.0,,,40.5,52.5,,,3.0,0.5
2017-10-06,35.5,38.5,26.0,,,10.5,15.0,,,0.5,0.0
2017-10-07,14.5,49.0,0.0,,,7.5,2.0,,,14.0,0.0
2017-10-08,2.0,0.5,1.0,,,12.5,11.5,,,35.0,0.0
2017-10-09,0.5,0.0,0.0,,,0.5,0.0,,,17.0,0.0
2017-10-10,0.5,7.0,2.0,,,2.5,17.0,,,2.5,0.0
2017-10-11,72.0,55.0,134.0,,,30.0,45.0,,,25.5,0.0
2017-10-12,10.5,9.0,15.0,,,12.5,69.0,,,34.5,0.0
2017-10-13,16.0,13.5,0.0,,,4.5,8.5,,,0.5,0.0
2017-10-14,0.5,0.5,6.0,,,1.0,17.5,,,2.5,0.0
2017-10-15,0.0,0.0,0.0,,,0.0,0.0,,,0.0,0.0
2017-10-16,0.0,0.0,0.0,,,0.0,0.0,,,0.0,0.0
2017-10-17,0.0,0.0,0.0,,,0.0,0.0,,,0.0,0.0
2017-10-18,0.0,0.0,0.0,,,0.0,0.0,,,0.0,0.0
2017-10-19,0.0,0.0,0.0,,,0.0,0.0,,,0.5,0.0
2017-10-20,0.0,0.0,0.0,,,0.0,0.0,,,0.0,0.0
2017-10-21,0.0,0.0,0.0,,,0.0,0.0,,,0.0,0.0
2017-10-22,0.0,0.5,0.0,,,0.0,0.0,,,0.0,0.0
2017-10-23,0.0,0.0,0.0,,,0.0,0.0,,,0.0,0.0
2017-10-24,0.0,0.0,0.0,,,0.0,0.0,,,0.0,0.0
2017-10-25,0.0,0.0,1.0,,,0.0,0.0,,,0.0,0.0
2017-10-26,0.0,1.0,0.0,,,0.5,0.0,,,0.0,0.0
2017-10-27,2.0,7.5,,,,0.0,6.0,,,0.0,0.0
2017-10-28,3.5,0.5,,,,0.5,0.0,,,1.0,0.0
2017-10-29,0.0,0.0,0.0,,,0.0,0.5,,,0.0,0.0
2017-10-30,0.0,0.0,0.0,,,0.0,0.0,,,0.0,0.0
2017-10-31,0.0,0.0,0.0,,,0.0,0.0,,,0.0,0.0
2017-11-01,0.0,0.0,0.0,,,0.0,0.0,,,0.0,0.0
2017-11-02,0.0,4.0,0.0,,,21.0,8.0,,,2.0,0.0
2017-11-03,3.0,7.5,0.0,,,17.0,2.0,,,19.5,0.0
2017-11-04,44.5,79.0,35.0,,,65.0,82.5,,,43.5,0.0
2017-11-05,9.5,16.0,17.0,,,20.5,23.0,,,16.0,0.0
2017-11-06,0.5,1.0,0.0,,,1.5,5.5,,,2.0,0.0
2017-11-07,25.5,42.0,0.0,,,9.0,38.5,,,13.0,0.0
2017-11-08,16.5,25.5,11.0,,,9.5,102.0,,,42.0,0.0
2017-11-09,0.0,4.0,29.0,,,0.0,9.0,1.0,,1.0,0.0
2017-11-10,0.0,4.5,1.0,,,1.0,0.0,1.0,,0.0,0.0
2017-11-11,7.0,6.5,23.0,,,9.5,46.0,48.0,,4.5,0.0
2017-11-12,6.0,3.0,0.0,,,0.5,8.5,48.5,,19.0,0.0
2017-11-13,0.0,3.0,0.0,,,0.0,29.5,28.0,,62.5,0.0
2017-11-14,86.5,71.0,0.0,,,85.0,58.5,82.5,,43.0,0.0
2017-11-15,29.5,29.0,,,,24.0,3.0,82.5,,2.5,0.0
2017-11-16,19.0,14.5,,,,13.0,16.0,2.0,,0.5,0.0
2017-11-17,0.0,0.5,10.0,,,0.5,2.5,0.0,,3.0,0.0
2017-11-18,0.0,0.0,,,,0.0,0.0,0.0,,0.0,0.0
2017-11-19,4.0,29.0,,,,32.5,13.5,24.0,,47.5,0.0
2017-11-20,0.0,0.5,,,,0.0,0.5,24.0,,2.5,0.0
2017-11-21,0.0,0.0,,,,0.0,3.5,6.0,,0.0,0.0
2017-11-22,0.5,5.0,,,,0.0,0.0,0.0,,8.5,0.0
2017-11-23,0.0,0.5,,,,0.0,0.0,0.0,,0.5,0.0
2017-11-24,0.5,0.5,,,,0.5,0.0,0.0,,0.0,0.0
2017-11-25,29.5,29.0,11.0,,,46.0,22.0,29.0,,20.5,0.0
2017-11-26,49.5,46.5,15.0,,,53.0,40.0,56.0,,39.5,0.0
2017-11-27,37.0,29.5,2.0,,,19.5,2.5,56.5,,12.5,0.0
2017-11-28,31.5,36.5,11.0,,,33.0,26.0,34.0,,28.5,0.5
2017-11-29,25.0,30.5,7.0,,,41.0,16.0,34.5,,29.5,0.0
2017-11-30,19.5,16.5,2.0,,,26.5,19.0,34.5,,20.0,11.0
2017-12-01,2.5,3.0,,,,3.0,0.5,29.0,,1.0,1.0
2017-12-02,21.5,25.5,,,,35.5,15.0,27.5,,46.5,19.0
2017-12-03,0.5,4.5,,,,6.0,0.5,27.5,,0.5,2.5
2017-12-04,4.0,4.5,,,,2.5,1.0,1.0,,0.0,0.5
2017-12-05,34.5,78.5,,,,50.0,27.0,,,51.5,2.0
2017-12-06,6.0,6.0,2.0,,,6.5,3.0,6.0,,4.5,1.5
2017-12-07,0.5,3.5,0.0,,,1.5,0.0,0.0,,0.0,1.0
2017-12-08,0.5,0.0,0.0,,,3.0,0.0,2.0,,0.0,0.0
2017-12-09,0.0,0.0,0.0,,,0.0,20.5,3.0,,10.0,0.0
2017-12-10,0.0,0.0,,,,0.0,0.5,3.0,,0.0,1.0
2017-12-11,0.0,0.0,,,,0.0,0.0,0.0,,0.0,1.0
2017-12-12,0.0,0.0,0.0,,,0.0,0.0,0.0,,0.0,0.0
2017-12-13,0.0,0.0,0.0,,,0.0,0.0,0.0,,0.0,0.0
2017-12-14,0.0,0.0,0.0,,,0.0,0.0,0.0,,0.0,0.0
2017-12-15,0.0,0.5,0.0,,,0.0,0.0,0.0,,0.0,0.0
2017-12-16,0.0,0.0,3.0,,,3.0,0.0,0.0,,0.0,0.0
2017-12-17,0.0,0.0,0.0,,,0.0,0.0,0.0,,0.0,0.0
2017-12-18,0.0,0.0,0.0,,,0.0,0.0,0.0,,0.0,0.0
2017-12-19,0.0,0.0,0.0,,,0.0,0.0,0.0,,0.0,0.0
2017-12-20,0.0,0.0,0.0,,,0.0,0.0,0.0,,0.0,0.0
2017-12-21,0.0,0.0,0.0,,,0.5,0.0,0.0,,0.0,0.0
2017-12-22,7.5,24.5,1.0,,,9.0,3.0,3.0,,1.5,0.0
2017-12-23,30.0,29.5,7.0,,,20.0,26.0,20.0,,16.0,0.0
2017-12-24,0.5,0.0,0.0,,,0.5,6.5,20.0,,1.5,0.0
2017-12-25,0.0,0.0,0.0,,,0.0,0.0,0.5,,0.0,0.0
2017-12-26,3.5,4.0,0.0,,,1.5,0.0,0.0,,0.0,0.0
2017-12-27,0.0,0.0,0.0,,,0.0,0.0,0.0,,0.0,0.0
2017-12-28,0.0,3.0,8.0,,,0.0,1.0,0.0,,0.0,0.0
2017-12-29,2.5,4.0,0.0,,,21.0,1.0,11.0,,0.5,0.0
2017-12-30,0.0,0.0,0.0,,,0.0,2.0,11.0,,0.0,0.0
2017-12-31,0.0,0.5,0.0,,,0.0,1.0,1.5,,0.0,0.0
2018-01-01,0.0,0.0,0.0,,,0.0,0.0,0.0,,0.0,0.0
2018-01-02,0.0,0.0,0.0,,,0.0,0.0,0.5,,0.0,0.0
2018-01-03,0.0,0.5,0.0,,,0.5,0.0,0.5,,0.5,0.0
2018-01-04,0.0,0.0,,,,0.0,4.0,1.0,,0.5,0.0
2018-01-05,0.0,0.0,0.0,,,0.0,0.0,0.5,,0.0,0.0
2018-01-06,14.5,7.0,16.0,,,11.5,1.0,3.0,,17.5,0.0
2018-01-07,34.5,34.0,2.0,,,23.5,15.0,61.0,,23.0,0.0
2018-01-08,0.0,0.5,1.0,,,0.0,0.0,61.5,,0.0,0.0
2018-01-09,12.0,52.0,0.0,,,29.5,14.5,12.0,,5.0,0.0
2018-01-10,0.5,2.0,0.0,,,3.0,0.5,12.5,,0.0,0.0
2018-01-11,79.5,79.5,61.0,,,78.0,27.5,76.0,,63.5,0.0
2018-01-12,1.5,12.5,8.0,,,8.0,12.5,76.0,,12.0,0.0
2018-01-13,2.0,2.5,2.0,,,10.5,4.5,8.0,,1.0,0.0
2018-01-14,0.5,0.5,0.0,,,0.5,0.5,1.5,,1.0,0.0
2018-01-15,0.0,0.0,0.0,,,0.0,0.0,0.5,,0.0,0.0
2018-01-16,2.5,0.0,0.0,,,0.0,0.0,0.0,,0.0,0.0
2018-01-17,2.5,0.0,0.0,,,0.0,0.0,0.0,,0.0,0.0
2018-01-18,0.0,0.0,0.0,,,0.0,0.0,0.0,,0.0,0.0
2018-01-19,3.5,2.5,8.0,,,1.0,1.5,2.0,,10.0,0.0
2018-01-20,0.0,0.0,0.0,,,0.0,0.0,2.5,,0.0,0.0
2018-01-21,20.5,34.0,48.0,,,11.0,2.0,1.0,,20.0,0.0
2018-01-22,0.0,0.0,8.0,,,0.0,25.0,1.0,,0.5,0.0
2018-01-23,0.0,0.0,7.0,,,0.0,0.0,0.0,,0.5,0.0
2018-01-24,5.0,9.5,16.0,,,12.0,16.0,7.0,,28.0,0.0
2018-01-25,4.5,0.0,0.0,,,0.0,0.5,17.5,,0.0,0.0
2018-01-26,3.0,2.5,0.0,,,0.5,0.0,0.5,,0.0,0.0
2018-01-27,0.0,0.0,3.0,,,0.0,1.0,0.0,,0.0,0.0
2018-01-28,0.0,3.5,3.0,,,2.5,3.0,7.0,,45.5,0.0
2018-01-29,5.5,13.5,,,,5.5,4.0,7.0,,1.5,0.0
2018-01-30,0.0,2.5,,,,0.5,20.0,,,19.5,0.0
2018-01-31,0.0,0.0,,,,0.5,0.5,,,0.0,0.0
2018-02-01,0.0,0.0,,,,0.5,0.0,,,0.0,0.0
2018-02-02,0.0,0.0,,,,0.0,0.0,,,0.0,0.0
2018-02-03,0.0,0.0,,,,0.0,0.0,,,0.0,0.0
2018-02-04,0.0,0.0,,,,0.0,0.0,,,0.0,0.0
2018-02-05,0.0,0.0,,,,0.0,0.0,,,0.0,0.0
2018-02-06,0.0,0.0,,,,0.0,0.0,,,0.0,0.0
2018-02-07,0.0,0.0,,,,0.0,0.0,0.0,,0.0,0.0
2018-02-08,0.0,0.0,,,,0.0,0.0,0.0,,0.0,0.0
2018-02-09,0.0,0.0,,,,0.0,0.0,0.0,,0.0,0.0
2018-02-10,0.0,0.0,,,,0.0,0.0,0.0,,0.0,0.0
2018-02-11,0.0,0.0,,,,0.0,0.0,0.0,,0.0,0.0
2018-02-12,0.0,0.0,,,,0.0,0.0,0.0,,0.0,0.0
2018-02-13,0.0,0.0,0.0,,,0.0,0.0,0.0,,0.0,0.0
2018-02-14,0.0,0.0,0.0,,,0.0,0.0,0.0,,0.0,0.5
2018-02-15,0.0,0.0,0.0,,,0.0,0.0,0.0,,0.0,0.0
2018-02-16,5.5,0.0,0.0,,,0.0,0.0,0.0,,0.0,
2018-02-17,,,0.0,,,,,0.0,,,
2018-02-18,0.0,0.0,0.0,,,0.0,0.0,0.0,,0.0,0.0
2018-02-19,0.0,0.0,0.0,,,0.0,0.0,0.0,,0.0,0.0
2018-02-20,0.0,0.0,,,,0.0,0.0,0.0,,0.0,0.0
2018-02-21,0.0,0.0,,,,0.0,0.0,0.0,,0.0,0.0
2018-02-22,0.0,0.0,,,,0.0,0.0,0.0,,0.0,0.0
2018-02-23,6.0,0.0,,,,0.5,6.5,,,2.0,0.0
2018-02-24,0.0,0.0,,,,1.0,0.0,,,0.0,0.0
2018-02-25,0.0,0.0,0.0,,,0.0,0.0,0.0,,0.0,0.0
2018-02-26,0.0,0.0,0.0,,,0.0,0.0,0.0,,0.0,0.0
2018-02-27,0.0,0.0,0.0,,,0.0,0.0,0.0,,0.0,0.0
2018-02-28,0.0,0.0,0.0,,,0.0,0.0,0.0,,0.0,0.0
2018-03-01,0.0,0.0,0.0,,,0.0,0.0,0.0,,0.0,0.0
2018-03-02,0.0,0.0,0.0,,,0.0,3.5,0.0,,0.0,0.0
2018-03-03,0.0,0.0,0.0,,,0.0,0.0,0.0,,0.0,0.0
2018-03-04,0.0,0.0,0.0,,,0.0,0.0,0.0,,0.0,0.0
2018-03-05,0.0,0.0,0.0,,,0.0,0.0,0.0,,0.0,0.0
2018-03-06,0.0,0.0,8.0,,,0.0,42.0,0.0,,0.0,0.0
2018-03-07,0.0,0.0,0.0,,,0.0,0.5,0.0,,0.5,0.5
2018-03-08,0.0,0.0,0.0,,,0.0,0.5,0.0,,0.0,0.0
2018-03-09,0.5,0.0,1.0,,,0.0,4.5,2.0,,0.0,0.0
2018-03-10,0.0,0.0,0.0,,,0.0,0.5,2.0,,0.0,0.0
2018-03-11,0.0,0.0,0.0,,,0.0,0.0,0.0,,0.0,0.0
2018-03-12,0.0,0.0,0.0,,,0.0,0.0,0.0,,0.0,0.0
2018-03-13,0.0,0.0,0.0,,,0.0,0.0,0.0,,0.0,0.0
2018-03-14,0.0,0.0,0.0,,,0.0,,0.0,,0.0,0.0
2018-03-15,1.5,0.0,0.0,,,34.0,0.5,2.0,,12.5,0.0
2018-03-16,0.0,0.0,9.0,,,10.5,1.5,2.0,,6.5,0.0
2018-03-17,0.0,0.0,0.0,,,0.0,0.5,0.0,,0.5,0.0
2018-03-18,0.0,0.0,0.0,,,3.5,0.0,0.0,,0.0,0.0
2018-03-19,0.0,0.0,0.0,,,0.0,0.0,0.0,,0.0,0.0
2018-03-20,0.0,0.0,0.0,,,0.0,0.0,0.0,,0.0,0.0
2018-03-21,0.0,0.0,0.0,,,0.0,8.5,0.0,,0.0,0.0
2018-03-22,0.0,0.0,0.0,,,0.0,0.0,0.0,,0.0,0.0
2018-03-23,0.0,0.0,0.0,,,0.0,0.0,0.0,,0.0,0.0
2018-03-24,0.0,0.0,1.0,,,0.0,0.0,0.0,,14.0,0.0
2018-03-25,0.0,0.0,0.0,,,0.0,0.0,0.0,,0.0,0.0
2018-03-26,0.0,0.0,0.0,,,0.0,0.0,0.0,,0.0,0.0
2018-03-27,0.0,2.0,1.0,,,0.0,2.0,0.0,,0.0,0.0
2018-03-28,0.0,0.0,0.0,,,9.0,0.5,10.5,,0.0,0.0
2018-03-29,0.0,0.0,0.0,,,0.0,0.0,0.0,,0.0,0.0
2018-03-30,0.0,0.0,0.0,,,13.0,0.0,22.0,,10.0,0.0
2018-03-31,17.5,13.0,25.0,,,2.0,34.5,5.0,,32.0,0.0
2018-04-01,0.0,0.5,0.0,,,0.0,2.0,5.0,,0.5,0.0
2018-04-02,0.0,0.5,0.0,,,0.0,2.5,0.0,,0.0,0.0
2018-04-03,0.0,0.0,0.0,,,0.0,6.0,0.0,,0.0,0.0
2018-04-04,0.0,0.0,3.0,,,0.0,0.0,0.0,,0.0,0.0
2018-04-05,0.0,0.0,0.0,,,0.0,7.0,0.0,,0.0,0.0
2018-04-06,0.0,0.0,0.0,,,0.0,0.0,0.0,,0.0,0.0
2018-04-07,0.0,0.0,0.0,,,0.0,0.0,0.0,,0.0,0.0
2018-04-08,0.0,0.0,0.0,,,0.0,0.0,0.0,,0.0,0.0
2018-04-09,0.0,0.0,0.0,,,0.0,0.0,0.0,,1.5,0.0
2018-04-10,0.5,0.0,0.0,,,0.5,0.0,0.5,,0.0,0.0
2018-04-11,0.0,0.0,0.0,,,0.0,0.0,0.0,,0.0,0.0
2018-04-12,0.0,0.0,0.0,,,0.0,0.0,0.0,,0.0,0.0
2018-04-13,0.0,0.0,0.0,,,0.0,0.0,0.0,,0.0,0.0
2018-04-14,27.0,21.0,20.0,,,22.5,13.5,22.0,,27.5,0.0
2018-04-15,0.0,0.0,1.0,,,0.5,0.0,22.0,,0.0,0.0
2018-04-16,0.0,0.0,0.0,,,0.0,0.0,0.0,,0.0,0.0
2018-04-17,0.0,0.0,0.0,,,0.0,0.0,0.0,,0.0,0.0
2018-04-18,0.0,0.0,0.0,,,0.0,0.0,0.0,,0.0,0.0
2018-04-19,10.0,19.5,,,,10.5,8.0,,,15.5,0.0
2018-04-20,0.0,0.0,,,,0.0,35.0,,,0.0,0.0
2018-04-21,0.0,0.0,,,,0.5,1.5,,,8.5,0.0
2018-04-22,0.0,0.0,,,,0.0,0.0,,,0.0,0.0
2018-04-23,0.0,0.0,,,,0.0,0.0,,,0.0,0.0
2018-04-24,0.0,0.0,,,,0.0,7.0,,,0.0,0.0
2018-04-25,14.5,1.0,0.0,,,0.5,18.5,11.0,,0.5,0.0
2018-04-26,34.0,43.5,3.0,,,0.0,23.0,12.0,,0.5,0.0
2018-04-27,0.0,0.0,0.0,,,0.5,0.0,1.0,,0.0,0.0
2018-04-28,0.0,0.0,0.0,,,0.0,33.0,3.0,,9.0,0.0
2018-04-29,9.0,11.5,0.0,,,9.5,8.5,2.0,,6.5,0.0
2018-04-30,0.0,1.0,0.0,,,4.0,8.0,0.0,,1.5,0.0
2018-05-01,0.0,0.0,,,,0.0,2.0,,,0.0,0.0
2018-05-02,0.0,29.0,,,,1.5,7.0,,,16.5,0.0
2018-05-03,7.0,1.5,,,,0.5,59.5,,,0.0,0.0
2018-05-04,0.0,0.0,,,,1.0,0.0,,,0.0,0.0
2018-05-05,15.0,9.5,,,,10.0,13.5,,,0.5,0.0
2018-05-06,2.0,12.5,,,,0.0,0.5,,,0.0,0.0
2018-05-07,8.5,12.0,,,,19.0,25.5,,,27.0,0.0
2018-05-08,0.0,0.0,,,,0.0,1.0,,,0.0,0.0
2018-05-09,42.0,42.0,,,,69.5,8.0,,,20.5,0.0
2018-05-10,0.0,0.5,,,,1.0,22.0,,,49.5,0.0
2018-05-11,7.5,0.0,,,,2.0,0.5,,,1.0,0.0
2018-05-12,0.0,0.0,,,,0.0,0.0,,,0.0,0.0
2018-05-13,16.0,42.0,,,,9.0,40.5,,,28.0,0.0
2018-05-14,0.0,0.0,,,,2.0,14.5,,,0.0,0.0
2018-05-15,7.5,8.0,,,,1.0,3.0,,,0.5,0.0
2018-05-16,9.0,7.0,,,,54.5,57.5,,,57.0,0.0
2018-05-17,6.5,10.5,,,,15.0,12.5,,,19.0,0.0
2018-05-18,10.5,24.5,,,,0.0,26.0,,,0.0,0.0
2018-05-19,3.0,6.5,,,,7.0,21.0,,,1.0,0.0
2018-05-20,0.5,0.5,,,,0.5,52.0,,,1.5,0.0
2018-05-21,6.5,19.0,,,,27.5,8.5,,,43.5,0.0
2018-05-22,1.0,1.5,,,,2.5,46.5,,,3.5,0.0
2018-05-23,1.0,0.5,,,,6.5,2.0,,,4.0,0.0
2018-05-24,1.0,2.0,,,,5.0,54.0,,,23.5,0.0
2018-05-25,3.5,3.0,,,,0.0,4.5,,,11.5,0.0
2018-05-26,6.0,32.0,,,,,30.0,,,26.0,0.0
2018-05-27,1.0,0.0,,,,,15.5,,,0.5,0.0
2018-05-28,0.0,21.0,,,,,0.5,,,82.5,0.0
2018-05-29,4.0,19.5,,,,,4.0,,,5.5,0.0
2018-05-30,8.5,6.0,,,,,13.5,,,9.5,0.0
2018-05-31,2.0,2.5,,,,,23.5,13.5,,5.0,0.0
2018-06-01,16.5,7.0,,,,,0.0,13.5,,0.0,0.0
2018-06-02,0.0,0.0,,,,,0.0,,,0.0,0.0
2018-06-03,0.0,0.0,,,,,0.0,,,0.0,0.0
2018-06-04,0.0,0.0,,,,,0.0,0.0,,0.0,0.0
2018-06-05,0.0,0.0,,,,,0.0,0.0,,0.0,0.0
2018-06-06,0.0,0.0,,,,,0.0,0.0,,0.0,0.0
2018-06-07,0.0,0.0,,,,,0.0,0.0,,0.0,
2018-06-08,0.0,0.0,,,,,0.0,0.0,,0.0,
2018-06-09,0.0,0.0,,,,,0.0,,,0.0,
2018-06-10,0.0,0.0,,,,,0.0,,,0.0,
2018-06-11,0.0,0.0,,,,,0.0,,,0.0,
2018-06-12,0.0,0.0,,,,,0.0,,,0.0,
2018-06-13,0.0,0.0,,,,,0.0,,,0.0,
2018-06-14,0.0,0.0,,,,,0.0,,,0.0,
2018-06-15,1.0,0.0,,,,,0.0,,,0.0,
2018-06-16,23.0,21.5,,,,,5.5,,,1.5,
2018-06-17,25.0,52.0,,,,,15.0,,,29.0,
2018-06-18,12.0,8.5,,,,,9.0,,,6.0,
2018-06-19,23.5,30.5,,,,,7.0,,,13.5,
2018-06-20,0.5,3.5,,,,,6.0,,,5.0,
2018-06-21,0.0,0.0,,,,,0.0,,,0.5,
2018-06-22,0.0,0.0,,,,,0.0,0.0,,0.5,
2018-06-23,1.5,2.0,,,,,33.0,5.5,,12.0,
2018-06-24,0.0,0.0,0.0,1.5,,,0.0,5.5,12.0,0.0,
2018-06-25,2.0,0.5,8.5,5.0,,,8.5,0.0,0.0,1.0,
2018-06-26,0.0,0.0,8.5,0.0,,,0.0,0.0,0.0,0.0,
2018-06-27,2.0,0.5,,1.5,,,0.5,0.0,0.0,0.0,
2018-06-28,0.0,0.0,,0.0,,,0.0,0.0,0.0,0.0,
2018-06-29,0.0,0.0,,,,,2.0,,,0.0,
2018-06-30,0.0,0.0,,,,,0.0,,,0.0,
2018-07-01,55.5,15.5,,,,,1.0,,,7.5,
2018-07-02,0.0,0.0,,,,,0.0,,,0.0,
2018-07-03,0.0,21.5,,,,,0.0,,,0.0,
2018-07-04,20.5,0.0,,0.0,,,0.0,0.0,0.0,0.0,
2018-07-05,0.5,0.0,0.0,0.5,,,19.0,0.0,0.0,0.0,
2018-07-06,1.0,0.0,1.5,0.5,,,5.0,0.5,0.5,1.0,
2018-07-07,0.0,,0.0,0.5,,,0.0,0.5,0.0,0.0,
2018-07-08,0.0,,0.0,1.5,,,0.0,1.5,0.5,0.0,
2018-07-09,34.0,,12.0,17.0,,,10.0,6.0,14.5,9.0,
2018-07-10,11.0,,6.0,17.0,,,40.0,6.0,2.0,3.5,
2018-07-11,0.0,0.0,6.0,0.0,,,0.5,3.5,3.0,3.0,
2018-07-12,0.0,,0.0,0.0,,,0.0,0.0,3.0,0.5,
2018-07-13,0.0,0.0,0.0,0.0,,,0.0,0.0,0.0,0.0,
2018-07-14,1.0,,0.0,0.0,,,0.0,0.0,0.0,0.0,
2018-07-15,0.0,,0.0,0.0,,,0.0,0.0,0.0,0.0,
2018-07-16,0.0,,0.0,0.0,,,0.0,0.0,0.0,0.0,
2018-07-17,48.0,,37.5,4.0,,,6.0,6.5,11.5,34.0,
2018-07-18,7.0,6.0,37.5,10.0,,,41.5,7.5,11.5,5.0,
2018-07-19,17.5,,2.5,10.0,,,0.0,7.5,6.5,0.0,
2018-07-20,0.5,,,10.0,,,0.0,0.0,0.5,0.0,
2018-07-21,0.0,,8.0,0.0,,,0.0,0.0,0.5,0.0,
2018-07-22,0.0,,10.5,0.0,,,0.0,4.5,0.5,0.5,
2018-07-23,0.0,,10.5,0.0,,,0.0,0.0,0.0,0.0,
2018-07-24,0.0,,0.0,0.0,,,7.5,0.0,27.5,9.0,
2018-07-25,0.0,,0.0,0.0,,,0.0,0.0,27.5,0.0,
2018-07-26,0.0,,0.0,0.0,,,0.0,0.0,0.0,0.0,
2018-07-27,34.5,,0.5,21.5,,,0.0,,5.0,0.5,
2018-07-28,0.0,,0.5,21.5,,,0.0,13.0,13.5,9.0,
2018-07-29,0.0,,,,,,23.0,0.0,,0.0,
2018-07-30,50.0,,,,,,17.5,18.0,,11.0,
2018-07-31,5.5,,0.0,,,,1.5,19.5,3.0,1.0,
2018-08-01,20.0,,0.0,5.5,,,0.0,15.5,6.5,18.0,
2018-08-02,0.0,,0.0,,,,21.0,0.0,0.0,0.0,
2018-08-03,0.0,,0.0,0.0,,,0.0,0.0,0.0,0.0,
2018-08-04,0.0,,0.0,,,,0.0,0.0,0.0,0.0,
2018-08-05,0.0,,0.0,,,,0.0,0.0,0.0,0.0,
2018-08-06,10.5,,0.0,10.5,,,0.0,0.0,0.0,0.0,
2018-08-07,0.0,,0.0,0.5,,,0.0,0.0,0.0,0.0,
2018-08-08,2.5,,0.0,1.0,,,3.5,0.0,1.5,2.5,
2018-08-09,7.5,,6.0,2.0,,,12.0,7.5,7.0,5.0,
2018-08-10,1.0,,6.0,2.0,,,29.0,2.0,7.0,4.0,
2018-08-11,0.0,,0.0,,,,0.0,0.0,0.0,0.0,
2018-08-12,0.0,,,,,,0.0,,,0.0,
2018-08-13,0.0,0.0,,,,,0.0,,,0.0,
2018-08-14,19.0,,,,,,0.0,,,15.0,
2018-08-15,0.0,,,,,,20.0,0.0,,0.0,
2018-08-16,0.0,0.0,,,,,0.0,0.0,,0.0,
2018-08-17,0.0,,,,,,2.5,0.0,,0.0,
2018-08-18,0.0,0.0,,,,,0.0,0.0,,0.0,
2018-08-19,1.0,3.5,,,,,0.5,4.5,,6.0,
2018-08-20,0.5,0.0,0.0,0.0,,,0.5,4.5,,0.0,
2018-08-21,0.0,1.0,,,,,7.5,,,7.0,
2018-08-22,1.0,4.5,,,,,5.5,,,11.0,
2018-08-23,4.5,12.0,,,,,9.5,,,4.5,
2018-08-24,0.0,0.0,,,,,0.0,,,0.0,
2018-08-25,0.0,0.0,,,,,0.0,,,0.0,
2018-08-26,0.0,0.0,,,,,0.0,,,0.0,
2018-08-27,0.0,0.0,0.0,0.0,,,0.0,0.0,,0.0,
2018-08-28,0.0,0.0,0.0,0.0,,,0.0,0.0,,0.0,
2018-08-29,0.0,0.0,0.0,0.0,,,0.0,0.0,,0.0,
2018-08-30,0.0,0.0,0.0,0.0,,,0.0,0.0,,0.0,
2018-08-31,0.0,0.0,4.5,0.0,,,0.0,0.0,,0.0,
2018-09-01,4.5,0.5,4.5,14.5,,,11.0,0.0,,0.0,
2018-09-02,9.0,0.0,1.5,14.5,,,0.0,0.0,,0.0,
2018-09-03,39.0,11.0,2.0,9.0,,,0.0,16.5,,4.0,
2018-09-04,1.5,1.5,22.5,9.0,,,,16.5,,1.0,
2018-09-05,0.0,0.0,22.5,2.5,,,,8.0,,0.0,
2018-09-06,4.0,14.0,0.0,10.0,,,,18.0,,2.0,
2018-09-07,1.0,,4.0,10.0,,,14.0,18.0,,0.5,
2018-09-08,3.0,,4.0,10.0,,,0.5,1.5,,28.0,
2018-09-09,1.0,,1.0,10.0,,,0.0,2.0,,,
2018-09-10,2.5,1.5,1.0,31.5,,,7.5,2.0,,1.0,
2018-09-11,0.0,1.0,2.0,31.5,,,,1.0,,0.5,
2018-09-12,6.0,8.0,2.0,9.5,,,0.0,9.5,,1.5,
2018-09-13,10.0,17.0,41.0,14.5,,,8.0,9.5,1.5,7.0,
2018-09-14,17.5,7.5,41.0,17.5,,,14.0,21.5,13.0,10.5,
2018-09-15,20.0,47.5,18.5,24.0,,,8.5,15.0,13.0,10.5,
2018-09-16,20.5,34.0,11.5,24.0,,,5.0,54.5,37.5,33.5,
2018-09-17,5.0,11.0,11.5,23.5,,,1.5,54.5,37.5,12.5,
2018-09-18,4.0,3.5,11.0,1.5,,,8.0,5.5,8.5,4.5,
2018-09-19,0.5,0.0,,,,,0.0,,,0.0,
2018-09-20,0.0,0.0,,,,,0.0,,,4.0,
2018-09-21,2.0,3.0,,,,,7.5,,,42.0,
2018-09-22,6.5,15.0,,,,,3.5,,,37.5,
2018-09-23,0.0,0.5,,,,,7.5,,,0.0,
2018-09-24,0.0,5.0,,,,,0.0,,,0.5,
2018-09-25,7.0,0.0,,,,,9.5,,,2.0,
2018-09-26,0.0,9.5,,,,,22.5,,,0.5,
2018-09-27,0.0,1.0,,,,,45.0,,,10.5,
2018-09-28,12.0,2.5,,,,,110.0,,,7.0,
2018-09-29,0.0,0.0,22.0,,,,0.0,,,0.0,
2018-09-30,0.0,0.5,,,,,0.0,,,0.0,
2018-10-01,7.5,2.0,1.0,0.0,,,1.5,0.0,,1.0,
2018-10-02,18.0,2.5,,2.0,,,97.0,1.0,0.0,36.0,
2018-10-03,0.0,0.0,0.0,2.5,,,0.5,0.0,,0.5,
2018-10-04,29.0,37.5,,,,,17.5,13.5,,21.0,
2018-10-05,6.0,8.5,,0.5,,,64.5,,0.0,50.5,
2018-10-06,20.5,48.5,,,,,21.5,,,90.0,
2018-10-07,10.5,20.5,,,,,33.5,,,17.0,
2018-10-08,27.5,37.0,,43.0,,,29.5,,0.0,0.0,
2018-10-09,23.0,25.5,,43.0,,,10.0,,23.5,53.0,
2018-10-10,0.0,0.5,,,,,0.0,,,0.0,
2018-10-11,0.5,19.0,,,,,0.0,,,0.0,
2018-10-12,3.5,1.5,,,,,7.5,,,1.5,
2018-10-13,3.0,11.0,2.5,2.0,,,15.5,0.0,13.0,5.5,
2018-10-14,3.5,3.0,2.5,8.0,,,0.0,0.0,13.0,0.5,
2018-10-15,26.5,29.0,3.5,8.0,,,7.0,7.0,0.0,9.0,
2018-10-16,0.5,1.0,1.5,,,,5.5,1.0,0.5,2.5,
2018-10-17,0.0,0.0,,,,,0.0,,,0.0,
2018-10-18,3.5,1.0,,,,,19.0,,,11.0,
2018-10-19,0.0,0.0,,,,,0.5,,,0.0,
2018-10-20,0.0,0.0,,,,,2.5,,,0.0,
2018-10-21,1.0,0.0,,,,,8.0,,,2.0,
2018-10-22,0.0,4.0,31.0,0.0,,,0.0,,16.5,2.5,
2018-10-23,31.0,28.0,31.0,0.0,,,11.5,,0.0,59.5,
2018-10-24,25.5,11.0,4.0,,,,48.5,19.0,5.0,6.0,
2018-10-25,0.0,0.0,4.0,,,,33.5,19.0,5.0,0.0,
2018-10-26,7.0,2.0,6.0,,,,10.0,33.0,14.0,47.0,
2018-10-27,0.0,0.0,6.0,,,,0.5,33.5,1.0,0.0,
2018-10-28,0.0,14.0,,,,,15.0,,,45.5,
2018-10-29,0.5,0.5,,,,,0.0,,,0.0,
2018-10-30,0.0,0.0,,,,,0.0,,,13.5,
2018-10-31,4.5,2.0,,,,,0.0,,,0.0,
2018-11-01,0.0,0.0,,,,,0.0,,,0.0,
2018-11-02,6.0,2.0,0.0,4.5,,,1.5,0.0,2.0,1.0,
2018-11-03,0.5,0.5,,,,,1.0,3.0,,2.0,
2018-11-04,3.0,0.0,,,,,0.0,0.0,,0.5,
2018-11-05,0.5,0.5,,,,,2.5,3.0,,0.5,
2018-11-06,0.0,0.0,,,,,0.0,0.0,,0.5,
2018-11-07,0.0,0.0,,,,,0.0,0.0,,0.0,
2018-11-08,0.0,0.0,,,,,0.0,0.0,,0.0,
2018-11-09,34.5,62.0,,,,,23.5,0.0,,29.0,
2018-11-10,3.5,13.0,,,,,0.5,0.0,,0.0,
2018-11-11,0.0,0.0,,,,,0.0,0.0,,0.0,
2018-11-12,0.0,0.0,0.0,,,,2.0,0.0,,0.0,
2018-11-13,1.5,,5.5,,,,12.0,0.0,,0.0,
2018-11-14,2.0,,,,,,0.0,0.0,,0.0,
2018-11-15,1.0,,,,,,14.0,,,7.0,
2018-11-16,9.0,,,,,,3.0,,,0.5,
2018-11-17,0.0,,,,,,14.0,,,11.5,
2018-11-18,17.5,,,,,,5.5,1.0,,6.0,
2018-11-19,4.5,,,,,,1.5,,,0.5,
2018-11-20,0.0,,,,,,21.5,,,2.5,
2018-11-21,12.0,,,,,,5.0,0.0,,19.0,
2018-11-22,0.5,,,,,,0.5,,,0.0,
2018-11-23,0.0,,,,,,0.0,,,0.0,
2018-11-24,0.0,,,,,,0.0,,,0.0,
2018-11-25,0.0,,0.0,,,,4.0,,,0.0,
2018-11-26,0.0,,0.0,,,,0.0,,,0.0,
2018-11-27,0.0,,,,,,0.0,,,0.0,
2018-11-28,0.0,0.0,,,,,0.0,,,0.0,
2018-11-29,3.5,7.0,,,,,0.0,,,1.0,
2018-11-30,0.0,0.0,,,,,0.5,,,1.0,
2018-12-01,1.5,0.0,,,,,0.5,,,0.5,
2018-12-02,0.0,0.0,,,,,0.0,,,0.0,
2018-12-03,50.5,26.0,,,,,5.0,,,16.0,
2018-12-04,2.0,1.5,,,,,10.0,,,1.5,
2018-12-05,2.5,18.0,3.5,6.0,,,1.5,6.0,2.5,1.0,
2018-12-06,0.0,0.0,9.0,0.5,,,1.5,3.0,2.0,2.0,
2018-12-07,0.0,0.0,9.0,0.0,,,0.0,0.0,0.0,0.0,
2018-12-08,21.0,25.5,22.0,11.5,,,85.0,4.0,25.5,19.5,
2018-12-09,3.0,31.0,3.5,16.5,,,8.5,16.0,25.5,0.5,
2018-12-10,71.0,62.5,8.5,78.5,,,16.5,13.0,8.5,6.5,
2018-12-11,2.0,8.5,8.5,78.5,,,0.0,13.5,8.5,0.0,
2018-12-12,4.0,7.0,,6.5,,,15.5,13.5,13.0,7.5,
2018-12-13,0.0,1.5,,6.5,,,0.5,13.5,13.0,0.0,
2018-12-14,0.0,0.0,,0.0,,,0.0,3.0,1.0,2.5,
2018-12-15,6.5,5.5,,7.0,,,0.5,17.0,13.0,5.0,
2018-12-16,5.5,3.0,1.0,7.5,,,1.0,3.5,4.0,3.0,
2018-12-17,0.0,0.0,,0.0,,,0.0,0.0,0.0,0.5,
2018-12-18,7.5,4.5,,,,,4.0,,,1.0,
2018-12-19,40.5,41.5,,,,,11.0,,,5.5,
2018-12-20,0.5,0.5,,,,,1.0,,,0.0,
2018-12-21,0.0,0.0,,,,,0.0,,,0.0,
2018-12-22,0.0,0.0,,,,,0.0,,,0.0,
2018-12-23,0.0,0.0,,,,,0.0,,,0.0,
2018-12-24,0.0,0.0,,,,,0.0,,,0.5,
2018-12-25,3.5,2.0,,,,,0.0,,,0.0,
2018-12-26,7.5,2.0,,,,,1.0,,,35.0,
2018-12-27,5.5,0.0,,,,,0.0,,,0.0,
2018-12-28,0.0,0.0,,,,,0.0,,,0.5,
2018-12-29,19.5,0.0,,,,,0.0,,,12.5,
2018-12-30,0.5,0.0,,,,,0.0,,,0.5,
2018-12-31,0.0,0.5,,,,,0.0,,,2.0,
2019-01-01,1.5,0.0,0.0,,,,0.0,0.0,,0.0,
2019-01-02,0.0,0.5,0.0,0.0,,,2.0,0.0,0.0,0.0,
2019-01-03,50.5,33.5,21.0,31.0,,,14.0,21.0,25.5,23.5,
2019-01-04,25.0,23.5,3.0,32.0,,,10.0,22.0,14.0,23.0,
2019-01-05,0.0,0.0,15.5,22.5,,,9.0,30.0,25.0,17.5,
2019-01-06,0.0,0.0,0.0,0.5,,,0.0,19.0,20.5,0.0,
2019-01-07,0.0,0.0,0.0,0.0,,,0.5,0.0,0.0,0.0,
2019-01-08,0.0,0.0,0.0,0.0,,,0.0,0.0,0.0,0.0,
2019-01-09,0.0,0.0,0.0,0.0,,,0.0,0.0,0.0,0.0,
2019-01-10,0.0,0.0,0.0,0.0,,,0.0,0.0,0.0,0.0,
2019-01-11,0.0,0.0,0.0,0.0,,,0.0,0.0,0.0,0.0,
2019-01-12,3.0,1.0,,,,,0.0,,,4.0,
2019-01-13,0.0,0.0,,,,,0.0,,,0.0,
2019-01-14,0.0,0.0,,,,,0.0,,,0.0,
2019-01-15,0.0,0.0,0.0,0.0,,,0.0,0.0,0.0,0.0,
2019-01-16,0.0,0.0,0.0,0.0,,,0.0,0.0,0.0,0.0,
2019-01-17,0.0,0.0,0.0,0.0,,,0.0,0.0,0.0,0.0,
2019-01-18,0.0,0.0,0.0,0.0,,,0.0,0.0,0.0,0.0,
2019-01-19,0.0,0.0,0.0,0.0,,,0.0,0.0,0.0,0.0,
2019-01-20,0.0,0.0,0.0,0.0,,,0.0,0.0,0.0,0.0,
2019-01-21,0.0,0.0,0.0,0.0,,,0.0,0.0,0.0,0.0,
2019-01-22,0.0,0.0,0.0,0.0,,,0.0,0.0,0.0,0.0,
2019-01-23,0.0,0.0,0.0,0.0,,,0.0,0.0,0.0,0.0,
2019-01-24,0.0,0.0,0.0,0.0,,,0.0,0.0,0.0,0.0,
2019-01-25,0.0,0.0,0.0,0.0,,,0.0,0.0,0.0,0.0,
2019-01-26,0.0,0.0,0.0,0.0,,,0.0,0.0,0.0,0.0,
2019-01-27,0.0,0.0,0.0,0.0,,,0.0,0.0,0.0,0.0,
2019-01-28,0.0,0.0,0.0,0.0,,,0.0,0.0,0.0,0.0,
2019-01-29,0.0,0.0,0.0,,,,0.0,0.0,0.0,0.0,
2019-01-30,0.0,0.0,,,,,0.0,,,0.0,
2019-01-31,0.0,0.0,,,,,0.0,,,0.0,
2019-02-01,0.0,0.0,,,,,0.0,,,0.0,
2019-02-02,0.0,0.0,,,,,0.0,,,0.0,
2019-02-03,0.0,0.0,,,,,0.0,,,0.0,
2019-02-04,0.0,0.0,,,,,0.0,,,0.0,
2019-02-05,0.0,0.0,,,,,0.0,,,0.0,
2019-02-06,0.0,0.0,,,,,0.0,,,0.0,
2019-02-07,0.0,0.0,,,,,0.0,,,0.0,
2019-02-08,0.0,0.0,,,,,0.0,,,0.0,
2019-02-09,0.0,0.0,,,,,0.0,,,0.0,
2019-02-10,0.0,0.0,,,,,0.0,,,0.0,
2019-02-11,0.0,0.0,,,,,0.0,,,0.0,
2019-02-12,0.0,0.0,,,,,0.0,,,0.0,
2019-02-13,0.0,0.0,,,,,0.0,,,0.0,
2019-02-14,0.0,0.0,,,,,0.0,,,0.0,
2019-02-15,0.0,0.0,,,,,0.0,,,0.0,
2019-02-16,0.0,0.0,,,,,0.0,,,0.0,
2019-02-17,0.0,0.0,,,,,0.0,,,0.0,
2019-02-18,0.5,0.0,,,,,3.0,,,44.5,
2019-02-19,0.5,1.0,,,,,11.0,,,25.5,
2019-02-20,1.0,2.5,,,,,0.5,,,18.5,
2019-02-21,0.0,0.0,,,,,0.0,,,0.0,
2019-02-22,0.0,0.0,,,,,0.0,,,0.0,
2019-02-23,0.0,0.0,,,,,0.0,,,0.0,
2019-02-24,0.0,0.0,,,,,0.0,,,0.0,
2019-02-25,0.0,0.0,,,,,0.0,,,0.0,
2019-02-26,0.0,0.0,,,,,0.0,,,0.0,
2019-02-27,0.0,0.0,,,,,0.0,,,0.0,
2019-02-28,0.0,0.0,,,,,0.0,,,0.0,
2019-03-01,0.0,0.0,,,,,0.0,,,0.0,
2019-03-02,0.0,0.0,,,,,0.0,,,0.0,
2019-03-03,0.0,0.0,,,,,0.0,,,0.0,
2019-03-04,0.0,0.0,,,,,0.0,,,0.0,
2019-03-05,0.0,0.0,,,,,0.0,,,0.0,
2019-03-06,0.0,0.0,,,,,0.0,,,0.0,
2019-03-07,0.0,0.0,,,,,0.0,,,0.0,
2019-03-08,0.0,0.0,,,,,0.0,,,0.0,
2019-03-09,0.0,0.0,,,,,0.0,,,1.5,
2019-03-10,17.5,38.5,,,,,84.0,,,15.5,
2019-03-11,0.0,0.0,,,,,2.0,,,0.5,
2019-03-12,0.0,0.0,,,,,0.0,,,0.0,
2019-03-13,0.0,0.0,,,,,0.0,,,0.0,
2019-03-14,0.0,0.0,,,,,0.0,,,0.0,
2019-03-15,0.0,0.0,,,,,0.0,,,0.0,
2019-03-16,0.0,0.0,,,,,0.0,,,0.0,
2019-03-17,0.0,0.0,,,,,0.0,,,0.0,
2019-03-18,0.0,0.0,,,,,0.0,,,0.0,
2019-03-19,0.0,0.0,,,,,0.0,,,0.0,
2019-03-20,0.0,0.0,,,,,1.5,,,0.0,
2019-03-21,0.0,0.0,,,,,0.0,,,0.0,
2019-03-22,0.0,0.0,,,,,0.0,,,0.0,
2019-03-23,1.0,0.5,,,,,0.0,,,1.5,
2019-03-24,12.0,30.0,,,,,1.0,,,17.5,
2019-03-25,0.5,0.5,,,,,0.5,,,0.0,
2019-03-26,0.0,0.0,,,,,0.0,,,0.0,
2019-03-27,0.0,0.0,,,,,1.0,,,0.0,
2019-03-28,0.0,0.0,,,,,0.0,,,0.0,
2019-03-29,23.5,1.0,,,,,0.5,,,0.0,
2019-03-30,0.0,0.0,,,,,73.5,,,0.0,
2019-03-31,23.5,14.5,,,,,2.0,,,8.5,
2019-04-01,0.0,0.0,,,,,51.5,,,4.0,
2019-04-02,17.0,27.5,,,,,76.0,,,32.0,
2019-04-03,2.0,15.5,,,,,8.0,,,45.0,
2019-04-04,0.0,16.0,,,,,13.5,,,0.0,
2019-04-05,0.0,0.0,,,,,19.0,,,0.0,
2019-04-06,0.0,0.0,,,,,0.0,,,0.0,
2019-04-07,0.0,0.0,,,,,0.0,,,0.0,
2019-04-08,0.0,0.0,,,,,0.0,,,0.0,
2019-04-09,0.0,0.0,,,,,0.0,,,0.0,
2019-04-10,0.0,0.0,,,,,0.0,,,0.0,
2019-04-11,0.0,0.0,,,,,1.5,,,0.0,
2019-04-12,0.0,0.5,,,,,1.0,,,25.5,
2019-04-13,0.0,0.0,,,,,19.0,,,2.0,
2019-04-14,38.0,14.0,,,,,108.0,,,91.0,
2019-04-15,0.0,12.0,,,,,0.5,,,0.0,
2019-04-16,25.5,6.0,,,,,9.0,,,0.0,
2019-04-17,1.0,0.0,,,,,0.0,,,0.0,
2019-04-18,13.0,0.5,,,,,0.0,,,0.5,
2019-04-19,0.0,1.0,,,,,,,,0.0,
2019-04-20,1.0,0.0,,,,,,,,12.0,
2019-04-21,0.0,1.0,,,,,,,,0.0,
2019-04-22,0.0,0.0,,,,,,,,0.0,
2019-04-23,2.0,0.0,,,,,,,,25.5,
2019-04-24,0.0,0.5,,,,,,,,0.5,
2019-04-25,0.0,0.0,,,,,,,,0.0,
2019-04-26,0.0,0.0,,,,,,,,0.0,
2019-04-27,4.5,0.0,,,,,,,,4.0,
2019-04-28,0.0,0.0,,,,,,,,0.0,
2019-04-29,0.0,0.0,,,,,,,,,
2019-04-30,2.5,0.0,,,,,,,,,
2019-05-01,0.0,0.0,,,,,,,,,
2019-05-02,0.0,0.0,,,,,,,,,
2019-05-03,0.0,0.0,,,,,,,,,
2019-05-04,21.5,0.0,,,,,,,,,
2019-05-05,5.0,0.0,,,,,,,,,
2019-05-06,6.5,0.0,,,,,,,,,
2019-05-07,19.5,0.0,,,,,,,,,
2019-05-08,19.0,0.0,,,,,,,,,
2019-05-09,1.0,0.0,,,,,,,,,
2019-05-10,8.0,0.0,,,,,,,,,
2019-05-11,0.0,0.0,,,,,,,,,
2019-05-12,6.5,0.5,,,,,,,,,
2019-05-13,0.0,1.5,,,,,,,,,
2019-05-14,2.5,3.0,,,,,,,,,
2019-05-15,6.0,8.5,,,,,,,,,
2019-05-16,5.0,15.5,,,,,,,,,
2019-05-17,0.5,6.0,,,,,,,,,
2019-05-18,0.0,3.5,,,,,,,,,
2019-05-19,0.0,2.5,,,,,,,,,
2019-05-20,1.0,1.5,,,,,,,,,
2019-05-21,8.5,3.0,,,,,,,,,
2019-05-22,9.5,0.5,,,,,,,,,
2019-05-23,1.0,0.0,,,,,,,,,
2019-05-24,0.0,0.0,,,,,,,,,
2019-05-25,0.0,0.5,,,,,,,,,
2019-05-26,0.0,0.0,,,,,,,,,
2019-05-27,0.0,0.0,,,,,,,,,
2019-05-28,8.0,2.0,,,,,,,,,
2019-05-29,22.0,0.0,,,,,,,,,
2019-05-30,11.5,1.5,,,,,,,,,
2019-05-31,16.0,0.0,,,,,,,,,
2019-06-01,7.5,0.0,,,,,,,,,
2019-06-02,20.5,3.5,,,,,,,,,
2019-06-03,21.5,8.5,,,,,,,,,
2019-06-04,2.5,5.0,,,,,,,,,
2019-06-05,1.0,0.0,,,,,,,,,
2019-06-06,21.5,0.0,,,,,,,,,
2019-06-07,0.0,0.0,,,,,,,,,
2019-06-08,5.5,0.0,,,,,,,,,
2019-06-09,0.0,0.0,,,,,,,,,
2019-06-10,0.0,0.0,,,,,,,,,
2019-06-11,0.0,0.0,,,,,,,,,
2019-06-12,0.0,0.0,,,,,,,,,
2019-06-13,0.0,0.0,,,,,,,,,
2019-06-14,0.0,0.0,,,,,,,,,
2019-06-15,0.0,0.0,,,,,,,,1.5,
2019-06-16,0.0,0.0,,,,,,,,0.0,
2019-06-17,0.0,0.0,,,,,,,,0.0,
2019-06-18,44.0,0.0,,,,,,,,12.5,
2019-06-19,0.0,0.0,,,,,,,,0.0,
2019-06-20,2.0,0.0,,,,,,,,11.5,
2019-06-21,3.0,0.0,,,,,,,,0.0,
2019-06-22,24.0,0.0,,,,,,,,9.5,
2019-06-23,1.0,5.5,,,,,,,,24.5,
2019-06-24,0.0,11.5,,,,,,,,0.0,
2019-06-25,20.0,8.5,,,,,,,,12.5,
2019-06-26,3.5,4.0,,,,,,,,0.0,
2019-06-27,3.5,1.0,,,,,,,,0.0,
2019-06-28,0.0,0.5,,,,,,,,0.0,
2019-06-29,0.0,0.0,,,,,,,,0.0,
2019-06-30,0.0,4.5,,,,,,,,0.0,
2019-07-01,0.0,1.5,,,,,,,,0.0,
2019-07-02,0.0,0.0,,,,,,,,0.0,
2019-07-03,0.0,0.0,,,,,,,,0.0,
2019-07-04,0.0,0.0,,,,,,,,0.0,
2019-07-05,0.0,0.0,,,,,,,,21.5,
2019-07-06,0.0,0.0,,,,,,,,0.0,
2019-07-07,0.0,0.0,,,,,,,,0.0,
2019-07-08,0.0,0.0,,,,,,,,1.0,
2019-07-09,0.5,0.0,,,,,,,,0.5,
2019-07-10,0.0,0.0,,,,,,,,15.5,
2019-07-11,6.5,0.0,,,,,,,,1.0,
2019-07-12,2.0,0.0,,,,,,,,10.0,
2019-07-13,0.0,0.0,,,,,,,,17.5,
2019-07-14,20.5,0.0,,,,,,,,7.0,
2019-07-15,1.0,0.0,,,,,,,,15.5,
2019-07-16,7.0,0.0,,,,,,,,18.5,
2019-07-17,0.0,0.0,,,,,,,,0.0,
2019-07-18,0.0,1.0,,,,,,,,0.0,
2019-07-19,2.0,0.0,,,,,,,,0.0,
2019-07-20,0.0,0.0,,,,,,,,0.5,
2019-07-21,0.0,0.0,,,,,,,,0.0,
2019-07-22,3.0,6.0,,,,,,,,2.5,
2019-07-23,0.0,,,,,,,,,4.0,
2019-07-24,0.0,0.0,,,,,,,,6.5,
2019-07-25,0.5,0.0,,,,,,,,0.0,
2019-07-26,0.0,0.0,,,,,,,,0.0,
2019-07-27,5.0,0.0,,,,,,,,0.0,
2019-07-28,0.0,0.0,,,,,,,,0.0,
2019-07-29,0.0,0.0,,,,,,,,0.0,
2019-07-30,0.0,0.0,,,,,,,,0.0,
2019-07-31,0.0,0.0,,,,,,,,0.0,
2019-08-01,0.0,0.0,,,,,,,,0.0,
2019-08-02,0.0,0.0,,,,,,,,0.0,
2019-08-03,0.0,0.0,,,,,,,,0.5,
2019-08-04,0.0,0.0,,,,,,,,0.0,
2019-08-05,0.0,0.0,,,,,,,,0.0,
2019-08-06,0.0,0.0,,,,,,,,0.0,
2019-08-07,0.0,0.0,,,,,,,,0.0,
2019-08-08,0.0,0.0,,,,,,,,0.0,
2019-08-09,26.5,0.0,,,,,,,,9.0,
2019-08-10,17.5,0.0,,,,,,,,20.5,
2019-08-11,10.5,0.0,,,,,,,,2.0,
2019-08-12,9.5,0.0,,,,,,,,0.0,
2019-08-13,0.0,0.0,,,,,,,,0.0,
2019-08-14,5.0,1.0,,,,,,,,1.0,
2019-08-15,7.0,0.0,,,,,,,,19.5,
2019-08-16,3.5,0.0,,,,,,,,1.5,
2019-08-17,0.0,0.0,,,,,,,,0.0,
2019-08-18,14.5,1.0,,,,,,,,33.0,
2019-08-19,0.0,0.0,,,,,,,,0.0,
2019-08-20,0.0,0.0,,,,,,,,0.0,
2019-08-21,0.0,0.0,,,,,,,,10.5,
2019-08-22,4.5,0.0,,,,,,,,34.5,
2019-08-23,0.0,0.0,,,,,,,,0.0,
2019-08-24,2.0,0.0,,,,,,,,23.0,
2019-08-25,6.0,0.0,30.0,,,,,,21.0,17.5,
2019-08-26,0.0,0.0,0.0,,,,,,21.0,0.0,
2019-08-27,45.0,0.0,4.5,,,,,,12.0,0.5,
2019-08-28,3.5,0.0,2.0,,,,,,0.5,1.5,
2019-08-29,19.0,2.5,21.5,,,,,,1.5,14.0,
2019-08-30,0.5,1.5,21.5,,,,,,,0.0,
2019-08-31,0.5,32.5,,,,,,,,0.0,
2019-09-01,0.0,0.0,,,,,,,,0.0,
2019-09-02,0.0,0.0,0.0,,,,,,0.0,0.0,
2019-09-03,0.0,0.0,0.0,,,,,,6.5,3.5,
2019-09-04,0.0,0.0,0.0,,,,,,0.0,0.0,
2019-09-05,0.0,0.0,0.0,,,,,,0.0,0.0,
2019-09-06,0.0,0.0,0.0,,,,,,0.0,0.0,
2019-09-07,0.0,0.0,0.0,,,,,,0.0,0.0,
2019-09-08,0.0,0.5,0.0,,,,,,20.0,10.0,
2019-09-09,0.0,0.5,0.0,,,,,,20.0,3.0,
2019-09-10,0.0,0.0,0.0,,,,,,0.0,0.0,
2019-09-11,0.0,0.5,0.0,,,,,,0.0,0.0,
2019-09-12,0.0,4.0,0.0,,,,,,0.0,0.0,
2019-09-13,3.0,7.0,12.5,,,,,,0.0,7.0,
2019-09-14,12.5,2.5,12.5,,,,,,19.5,45.0,
2019-09-15,17.0,0.0,3.0,,,,,,19.5,22.0,
2019-09-16,19.0,0.0,,,,,,,,3.0,
2019-09-17,0.0,0.0,0.5,,,,,,0.0,0.5,
2019-09-18,0.0,0.0,0.5,,,,,,0.0,0.0,
2019-09-19,0.0,0.0,0.0,,,,,,3.0,4.5,
2019-09-20,0.0,0.0,0.0,,,,,,3.0,0.5,
2019-09-21,0.0,0.0,0.0,,,,,,0.0,0.0,
2019-09-22,14.5,1.0,7.0,,,,,,,7.5,
2019-09-23,0.0,0.0,7.0,,,,,,3.0,0.0,
2019-09-24,0.5,0.0,0.0,,,,,,0.5,0.0,
2019-09-25,1.0,0.0,0.0,,,,,,5.5,6.0,
2019-09-26,6.0,0.0,0.0,,,,,,0.0,0.5,
2019-09-27,0.0,0.0,15.5,,,,,,0.0,0.0,
2019-09-28,0.0,0.0,15.5,,,,,,0.0,0.5,
2019-09-29,5.5,0.0,14.5,,,,,,0.0,0.0,
2019-09-30,18.5,1.0,14.5,,,,,,6.0,6.0,
2019-10-01,2.5,0.0,6.5,,,,,,6.0,2.5,
2019-10-02,10.5,0.0,3.0,,,,,,1.5,1.5,
2019-10-03,20.0,0.0,24.5,,,,,,11.0,6.5,
2019-10-04,0.5,1.0,24.5,,,,,,2.0,2.0,
2019-10-05,27.5,0.0,9.0,,,,,,50.0,17.5,
2019-10-06,3.0,0.0,7.5,,,,,,0.0,11.0,
2019-10-07,1.0,0.0,7.5,,,,,,70.0,6.5,
2019-10-08,0.5,0.0,310.0,,,,,,70.0,28.5,
2019-10-09,5.5,0.0,310.0,,,,,,40.0,1.0,
2019-10-10,15.0,0.0,20.0,,,,,,70.0,5.0,
2019-10-11,2.0,0.0,0.0,,,,,,0.0,3.5,
2019-10-12,1.0,0.0,,,,,,,,34.0,
2019-10-13,74.5,1.5,,,,,,,,13.0,
2019-10-14,1.0,2.0,650.0,,,,,,95.0,30.0,
2019-10-15,3.0,4.0,75.0,,,,,,15.0,5.0,
2019-10-16,0.0,0.0,280.0,,,,,,5.0,0.5,
2019-10-17,21.0,10.0,0.0,,,,,,15.0,1.5,
2019-10-18,8.0,9.0,95.0,,,,,,30.0,7.0,
2019-10-19,1.5,10.5,100.0,,,,,,5.0,9.0,
2019-10-20,2.0,0.5,0.0,,,,,,10.0,0.5,
2019-10-21,14.0,29.5,285.0,,,,,,15.0,0.5,
2019-10-22,0.5,0.0,0.0,,,,,,0.0,0.0,
2019-10-23,7.0,21.0,135.0,,,,,,20.0,7.5,
2019-10-24,58.5,34.0,60.0,,,,,,70.0,0.0,
2019-10-25,1.0,0.5,415.0,,,,,,0.0,1.0,
2019-10-26,31.0,4.5,0.0,,,,,,30.0,4.5,
2019-10-27,0.5,0.0,0.0,,,,,,0.0,0.0,
2019-10-28,,,,,,,,,,,
2019-10-29,0.0,0.0,20.0,,,,,,0.0,0.0,
2019-10-30,0.0,0.5,60.0,,,,,,0.0,0.0,
2019-10-31,0.0,0.0,0.0,,,,,,0.0,0.0,
2019-11-01,7.0,3.0,0.0,,,,,,35.0,1.0,
2019-11-02,2.0,0.0,0.0,,,,,,0.5,7.0,
2019-11-03,3.0,0.5,6.0,,,,,,7.5,8.0,
2019-11-04,13.5,25.5,0.0,,,,,,6.5,6.0,
2019-11-05,36.0,1.0,0.0,,,,,,11.5,6.5,
2019-11-06,19.5,0.0,0.0,,,,,,6.0,0.5,
2019-11-07,0.0,1.0,15.0,,,,,,3.5,2.0,
2019-11-08,13.5,3.0,1.0,,,,,,4.0,23.0,
2019-11-09,1.0,0.5,0.0,,,,,,4.0,0.0,
2019-11-10,0.5,11.0,0.0,,,,,,0.0,19.5,
2019-11-11,0.0,20.0,7.0,,,,,,1.5,2.0,
2019-11-12,0.0,0.0,0.0,,,,,,0.0,31.5,
2019-11-13,84.5,67.5,0.5,,,,,,0.5,62.5,
2019-11-14,0.5,5.5,4.0,,,,,,0.5,0.0,
2019-11-15,0.0,0.0,4.5,,,,,,0.5,0.0,
2019-11-16,0.0,0.0,0.0,,,,,,0.0,0.0,
2019-11-17,0.0,2.5,10.0,,,,,,0.0,6.0,
2019-11-18,0.0,0.0,3.0,,,,,,0.5,0.0,
2019-11-19,1.5,4.0,3.0,,,,,,0.0,0.5,
2019-11-20,0.0,0.0,3.0,,,,,,0.0,0.0,
2019-11-21,0.0,0.0,0.0,,,,,,0.0,0.0,
2019-11-22,1.5,0.5,10.0,,,,,,0.0,0.0,
2019-11-23,2.0,0.5,38.5,,,,,,0.0,7.5,
2019-11-24,0.0,0.0,0.0,,,,,,0.0,0.0,
2019-11-25,0.5,0.5,0.0,,,,,,0.0,0.0,
2019-11-26,0.5,0.5,0.0,,,,,,0.0,0.0,
2019-11-27,1.0,0.0,0.0,,,,,,0.0,0.0,
2019-11-28,0.0,4.0,0.5,,,,,,0.5,0.0,
2019-11-29,0.0,1.5,0.0,,,,,,0.5,0.0,
2019-11-30,0.5,1.5,0.0,,,,,,0.0,2.0,
2019-12-01,0.0,0.0,1.0,,,,,,0.0,4.0,
2019-12-02,3.0,6.5,2.0,,,,,,0.0,11.0,
2019-12-03,0.0,0.0,0.0,,,,,,,0.0,
2019-12-04,0.0,0.0,0.0,,,,,,0.0,0.0,
2019-12-05,0.0,0.0,0.0,1.5,,,,,0.0,0.0,
2019-12-06,0.0,0.0,0.0,0.0,,,,,0.0,0.0,
2019-12-07,0.0,0.0,0.0,0.0,,,,,0.0,0.0,
2019-12-08,0.0,0.0,0.0,0.0,,,,,0.0,0.0,
2019-12-09,0.0,0.0,0.0,0.0,,,,,0.0,0.0,
2019-12-10,0.0,0.0,0.0,0.0,,,,,0.0,0.0,
2019-12-11,0.0,0.0,0.0,0.0,,,,,0.0,0.0,
2019-12-12,0.0,0.0,0.0,0.0,,,,,0.0,0.0,
2019-12-13,0.0,0.0,0.0,0.0,,,,,0.0,0.0,
2019-12-14,0.0,0.0,0.0,0.0,,,,,0.0,0.0,
2019-12-15,0.0,1.0,0.5,1.5,,,,,0.0,0.0,
2019-12-16,0.0,1.0,0.5,1.5,,,,,0.0,0.0,
2019-12-17,9.5,14.0,0.0,6.5,,,23.5,,0.0,7.5,
2019-12-18,3.0,4.5,2.5,3.0,,,18.5,,0.0,13.0,
2019-12-19,2.0,0.0,0.0,0.0,,,0.0,,0.0,0.0,
2019-12-20,0.0,0.0,0.0,0.0,,,0.0,,0.0,0.0,
2019-12-21,0.0,0.0,0.0,0.0,,,0.0,,0.0,0.0,
2019-12-22,0.0,0.0,0.0,0.0,,,0.0,,0.0,0.0,
2019-12-23,0.0,0.0,0.0,0.0,,,0.0,,0.0,0.0,
2019-12-24,0.0,0.0,0.0,0.0,,,0.0,,0.0,0.0,
2019-12-25,0.0,0.0,0.0,0.0,,,0.0,,0.0,0.0,
2019-12-26,0.0,0.0,0.0,0.0,,,0.0,,0.0,0.0,
2019-12-27,0.0,0.0,0.0,0.0,,,0.0,,0.0,0.0,
2019-12-28,0.0,0.0,0.0,0.0,,,0.0,,0.0,0.0,
2019-12-29,0.0,0.0,0.0,0.0,,,0.0,,0.0,0.0,
2019-12-30,0.0,0.0,,0.0,,,0.0,,0.0,0.0,
2019-12-31,0.0,0.0,0.0,0.0,,,0.0,,0.0,0.0,
2020-01-01,0.0,0.0,0.0,0.0,,,0.0,,0.0,0.0,
2020-01-02,0.0,0.0,0.0,0.0,,,0.0,,0.0,0.0,
2020-01-03,0.0,0.0,,,,,0.0,,,0.0,
2020-01-04,0.0,0.0,0.0,0.0,,,0.0,,0.0,0.0,
2020-01-05,0.0,0.0,0.0,0.0,,,0.0,,0.0,0.0,
2020-01-06,0.0,0.0,0.0,0.0,,,0.0,,0.0,0.0,
2020-01-07,0.0,0.0,0.0,0.0,,,0.0,,0.0,0.0,
2020-01-08,0.0,0.0,0.0,0.0,,,0.0,,0.0,0.0,
2020-01-09,0.0,0.0,0.0,0.0,,,0.0,,0.0,0.0,
2020-01-10,0.0,0.0,0.0,0.0,,,0.0,,0.0,0.0,
2020-01-11,0.0,0.0,0.0,0.0,,,0.0,,0.0,0.0,
2020-01-12,0.0,0.0,0.0,0.0,,,0.0,,0.0,0.0,
2020-01-13,0.0,0.0,0.0,0.0,,,0.0,,0.0,0.0,
2020-01-14,0.0,0.0,0.0,0.0,,,0.0,,0.0,0.0,
2020-01-15,2.5,0.0,0.0,0.0,,,1.0,,0.0,2.0,
2020-01-16,0.0,0.0,0.0,0.0,,,0.0,,0.0,0.0,
2020-01-17,,0.0,0.0,0.0,,,0.0,,0.0,0.0,
2020-01-18,,0.0,0.0,0.0,,,0.0,,0.0,0.0,
2020-01-19,,0.0,0.0,0.0,,,0.0,,0.0,0.0,
2020-01-20,,0.0,0.0,0.0,,,0.0,,0.0,0.0,
2020-01-21,,0.0,0.0,0.0,,,0.0,,0.0,0.0,
2020-01-22,,0.0,0.0,0.0,,,0.0,,0.0,0.0,
2020-01-23,,0.0,0.0,0.0,,,0.0,,0.0,0.0,
2020-01-24,,0.0,0.0,0.0,,,0.0,,0.0,0.0,
2020-01-25,,0.0,0.0,0.0,,,0.0,,0.0,0.0,
2020-01-26,,0.0,0.0,0.0,,,0.0,,0.0,0.0,
2020-01-27,,0.0,0.0,0.0,,,0.0,,0.0,0.0,
2020-01-28,,0.0,0.0,0.0,,,0.0,,0.0,0.0,
2020-01-29,,0.0,0.0,0.0,,,0.0,,0.0,0.0,
2020-01-30,,0.0,0.0,0.0,,,0.0,,0.0,0.0,
2020-01-31,,0.0,0.0,0.0,,,0.0,,0.0,0.0,
2020-02-01,,0.0,0.5,0.0,,,0.0,,0.0,0.0,
2020-02-02,,0.0,0.0,0.0,,,0.0,,0.0,0.0,
2020-02-03,,0.0,0.0,0.0,,,0.0,,0.0,0.0,
2020-02-04,,0.0,0.0,0.0,,,0.0,,0.0,0.0,
2020-02-05,,0.0,0.0,0.0,,,0.0,,0.0,0.0,
2020-02-06,,0.0,0.0,0.0,,,0.0,,0.0,0.0,
2020-02-07,,0.0,0.0,0.0,,,0.0,,0.0,0.0,
2020-02-08,,0.0,0.0,0.0,,,0.0,,0.0,0.0,
2020-02-09,,0.5,0.0,0.0,,,0.0,,0.0,2.5,
2020-02-10,,18.0,15.5,12.5,,,22.5,,0.0,28.0,
2020-02-11,,0.0,3.0,0.0,,,14.5,,0.0,5.0,
2020-02-12,,0.0,8.0,0.0,,,0.0,,0.0,0.0,
2020-02-13,,1.5,0.0,1.0,,,0.0,,0.0,8.5,
2020-02-14,,0.0,0.0,0.0,,,3.0,,0.5,0.5,
2020-02-15,,0.0,0.0,0.0,,,0.0,,0.0,0.0,
2020-02-16,,0.0,0.0,0.0,,,0.0,,0.0,0.0,
2020-02-17,,0.0,0.0,0.0,,,3.5,,0.0,0.0,
2020-02-18,,0.0,,0.0,,,1.0,,0.0,0.0,
2020-02-19,,0.0,,,,,0.0,,,0.0,
2020-02-20,,0.0,,,,,0.0,,,0.0,
2020-02-21,,0.0,0.0,0.0,,,0.0,,0.0,0.0,
2020-02-22,,0.0,1.0,0.0,,,0.0,,0.0,0.0,
2020-02-23,,0.0,0.0,0.0,,,0.0,,0.0,0.0,
2020-02-24,,0.0,0.0,0.0,,,0.0,,0.0,0.0,
2020-02-25,,0.0,0.0,0.0,,,0.0,,0.0,0.0,
2020-02-26,,0.0,0.0,0.0,,,0.0,,0.0,0.0,
2020-02-27,,0.0,0.0,0.0,,,0.0,,0.0,0.0,
2020-02-28,,0.0,0.0,0.0,,,0.0,,0.0,0.0,
2020-02-29,,0.0,0.0,0.0,,,0.0,,0.0,0.0,
2020-03-01,,0.0,0.0,0.0,,,0.0,,0.0,0.0,
2020-03-02,,0.0,0.0,0.0,,,0.0,,0.0,0.0,
2020-03-03,,0.0,0.0,0.0,,,0.0,,0.0,0.0,
2020-03-04,,0.0,0.0,0.0,,,0.0,,0.0,0.0,
2020-03-05,,21.5,0.5,4.5,,,19.0,,1.0,26.0,
2020-03-06,,72.5,2.0,38.0,,,13.0,,0.0,55.0,
2020-03-07,,0.0,2.0,0.0,,,0.5,,0.0,0.0,
2020-03-08,,0.0,0.0,0.0,,,0.0,,0.0,0.0,
2020-03-09,,0.0,0.0,0.0,,,0.0,,0.0,0.0,
2020-03-10,,0.0,0.0,0.0,,,2.0,,0.0,0.0,
2020-03-11,,0.5,3.5,0.0,,,2.0,,0.0,2.5,
2020-03-12,,0.0,0.0,0.0,,,0.0,,0.0,0.0,
2020-03-13,,0.0,,,,,0.0,,,0.0,
2020-03-14,,0.0,0.0,0.0,,,0.0,,0.0,0.0,
2020-03-15,,14.0,0.0,5.5,,,0.0,,0.0,0.0,
2020-03-16,,0.0,0.0,0.0,,,0.0,,0.0,0.0,
2020-03-17,,0.0,0.0,0.0,,,0.0,,0.0,0.0,
2020-03-18,,0.0,0.0,0.0,,,0.0,,0.0,0.0,
2020-03-19,,0.0,0.0,0.0,,,0.0,,0.0,0.0,
2020-03-20,,0.0,0.0,0.0,,,0.0,,0.0,0.0,
2020-03-21,,0.0,0.0,0.0,,,0.0,,0.0,0.0,
2020-03-22,,0.0,0.0,0.0,,,0.0,,0.0,0.0,
2020-03-23,,16.0,0.0,1.0,,,0.0,,0.0,16.0,
2020-03-24,,0.0,50.0,0.0,,,0.0,,0.0,0.0,
2020-03-25,,8.5,0.5,0.0,,,0.5,,0.0,0.0,
2020-03-26,,0.0,8.5,0.0,,,0.0,,0.0,20.0,
2020-03-27,,0.0,8.5,0.0,,,0.0,,0.0,0.0,
2020-03-28,,0.0,0.0,0.0,,,2.0,,0.0,0.0,
2020-03-29,,0.0,1.5,0.0,,,0.0,,0.0,0.0,
2020-03-30,,0.0,0.0,0.0,,,0.0,,0.0,0.0,
2020-03-31,,0.0,0.0,0.0,,,0.0,,0.0,0.0,
2020-04-01,,1.0,0.0,3.0,,,0.0,,0.0,11.5,
2020-04-02,,2.5,19.0,5.5,,,5.5,,0.0,0.5,
2020-04-03,,3.5,13.0,1.0,,,2.5,,0.0,6.5,
2020-04-04,,0.5,0.0,0.0,,,0.0,,0.0,0.5,
2020-04-05,,0.0,43.5,0.5,,,33.0,,0.0,1.0,
2020-04-06,,0.5,0.0,1.5,,,41.0,,0.0,0.5,
2020-04-07,,0.5,12.0,0.0,,,38.5,,0.0,0.0,
2020-04-08,,1.0,0.0,1.0,,,0.0,,0.0,0.0,
2020-04-09,,0.0,0.0,0.0,,,0.0,,0.0,0.0,
2020-04-10,,0.0,0.0,0.0,,,0.0,,0.0,0.0,
2020-04-11,,0.0,0.0,0.0,,,0.0,,0.0,0.0,
2020-04-12,,1.0,0.0,13.5,,,0.0,,0.0,4.5,
2020-04-13,,0.5,0.0,1.5,,,3.0,,0.0,1.0,
2020-04-14,,0.0,0.0,0.0,,,0.0,,0.0,0.0,
2020-04-15,,0.5,11.5,5.5,,,42.5,,0.0,14.5,
2020-04-16,,1.5,7.5,15.0,,,0.5,,0.0,3.5,
2020-04-17,,0.0,0.0,0.5,,,0.5,,0.0,7.5,
2020-04-18,,0.0,1.5,1.5,,,6.5,,0.0,5.5,
2020-04-19,,0.0,15.5,13.0,,,0.0,,0.0,0.0,
2020-04-20,,0.5,5.5,3.0,,,1.5,,0.0,0.0,
2020-04-21,,0.0,4.5,0.0,,,10.5,,0.0,0.0,
2020-04-22,,0.0,25.5,0.5,,,23.5,,0.0,11.5,
2020-04-23,,0.0,5.5,5.0,,,6.5,,0.0,0.0,
2020-04-24,,0.0,0.0,0.5,,,0.0,,0.0,0.5,
2020-04-25,,0.0,6.5,0.0,,,0.5,,0.0,0.0,
2020-04-26,,0.0,6.5,0.0,,,10.5,,0.0,0.0,
2020-04-27,,0.0,1.0,0.0,,,5.5,,0.0,0.0,
2020-04-28,,0.0,3.5,0.0,,,2.5,,0.0,0.0,
2020-04-29,,0.0,18.5,0.0,,,9.5,,0.0,0.0,
2020-04-30,,0.0,0.0,0.0,,,0.0,,0.0,0.0,
2020-05-01,,0.0,1.0,0.0,,,6.0,,0.0,0.0,
2020-05-02,,0.5,1.5,10.0,,,27.5,,0.0,9.5,
2020-05-03,,0.0,3.5,0.5,,,0.5,,0.0,0.5,
2020-05-04,,0.0,0.0,0.0,,,17.5,,0.0,35.5,
2020-05-05,,0.0,3.0,8.5,,,34.5,,0.0,13.0,
2020-05-06,,1.5,3.0,12.0,,,1.0,,0.0,4.5,
2020-05-07,,1.0,4.0,18.5,,,27.0,,0.0,0.5,
2020-05-08,,0.0,6.0,24.0,,,15.0,,75.5,73.5,
2020-05-09,,4.0,18.0,15.5,,,23.5,,0.5,15.0,
2020-05-10,,3.0,12.5,1.5,,,29.5,,5.5,46.5,
2020-05-11,,20.5,1.5,9.0,,,37.5,,0.5,4.5,
2020-05-12,,,5.0,15.5,,,53.5,,0.0,89.5,
2020-05-13,,,0.0,0.0,,,0.0,,0.0,0.0,
2020-05-14,9.0,,7.0,0.0,,0.0,2.5,,0.0,0.5,
2020-05-15,0.5,,0.0,0.0,,0.0,6.5,,0.0,1.0,
2020-05-16,12.0,,1.0,0.0,,0.0,0.5,,1.5,99.0,
2020-05-17,100.5,,24.5,70.0,,0.0,6.5,,5.5,11.0,
2020-05-18,0.0,,0.0,0.0,,0.0,0.0,,0.0,0.0,
2020-05-19,0.0,,0.0,0.0,,0.0,0.0,,0.0,0.0,
2020-05-20,0.0,,0.5,0.0,,0.0,2.5,,0.0,11.0,
2020-05-21,0.0,,0.0,0.0,,0.0,0.0,,0.0,0.0,
2020-05-22,6.5,,0.0,12.5,,0.0,41.5,,0.0,0.0,
2020-05-23,0.0,,,,,0.5,5.0,,,1.0,
2020-05-24,18.0,,,,,56.5,17.0,,,61.0,
2020-05-25,0.0,,,,,0.0,1.0,,,0.5,
2020-05-26,1.5,,2.0,4.5,,2.5,2.5,,0.0,0.0,
2020-05-27,0.0,,0.0,0.5,,0.0,29.0,,0.0,0.0,
2020-05-28,13.0,,13.0,11.5,,15.0,23.0,,0.0,37.5,
2020-05-29,33.5,,1.5,4.0,,2.0,1.0,,0.0,1.5,
2020-05-30,4.0,,3.5,5.5,,0.0,1.0,,0.0,8.0,
2020-05-31,38.0,,68.0,32.0,,,33.5,,0.0,11.5,
2020-06-01,0.0,,0.0,0.0,,,0.0,,0.0,0.5,
2020-06-02,1.5,,1.0,0.0,,,0.0,,0.0,0.0,
2020-06-03,0.5,,0.0,0.5,,,31.5,,0.0,6.5,
2020-06-04,0.5,,0.0,0.0,,,0.5,,0.0,0.5,
2020-06-05,5.5,,14.0,19.5,,,2.5,,0.0,0.0,
2020-06-06,0.0,,0.0,0.0,,,0.0,,0.0,0.5,
2020-06-07,0.5,,0.0,0.0,,,0.0,,0.0,11.0,
2020-06-08,0.0,,0.0,0.0,,,0.0,,0.0,0.5,
2020-06-09,0.0,,0.0,0.0,,,0.0,,0.0,0.0,
2020-06-10,0.0,,0.0,0.0,,,35.5,,0.0,2.0,
2020-06-11,0.0,,17.0,0.0,,,0.5,,0.0,0.0,
2020-06-12,0.0,,2.5,3.5,,,3.5,,0.0,16.5,
2020-06-13,0.0,,0.0,0.5,,,0.0,,0.0,10.0,
2020-06-14,5.5,,0.0,19.0,,,0.0,,0.0,0.0,
2020-06-15,0.0,,0.0,0.5,,,7.5,,0.0,0.0,
2020-06-16,2.0,,14.0,1.5,,,6.0,,0.0,1.0,
2020-06-17,11.0,0.0,0.0,3.0,,,0.0,,0.0,0.0,
2020-06-18,3.0,0.0,0.0,2.0,,,1.5,,0.0,0.0,
2020-06-19,0.0,0.0,2.0,0.0,,,5.5,,0.0,0.0,
2020-06-20,18.5,0.0,2.0,0.0,,,0.0,,0.5,18.0,
2020-06-21,0.0,0.0,0.0,0.0,,,0.0,,0.0,12.5,
2020-06-22,6.0,0.0,1.0,9.0,,,9.0,,1.0,4.5,
2020-06-23,2.5,11.5,0.0,1.5,,,0.0,,0.0,7.5,
2020-06-24,17.5,1.5,3.0,48.5,,,14.5,,0.0,10.0,
2020-06-25,0.0,0.5,0.0,0.0,,,0.0,,0.0,0.0,
2020-06-26,1.5,0.5,5.5,4.0,,,1.0,,0.0,8.5,
2020-06-27,0.0,0.0,0.0,0.5,,,0.0,,0.0,0.0,
2020-06-28,0.0,0.0,0.0,0.0,,,0.0,,0.0,0.0,
2020-06-29,2.5,0.0,0.0,0.0,,,46.5,,0.0,1.0,
2020-06-30,0.0,0.0,0.0,0.0,,,20.5,,0.0,0.0,
2020-07-01,0.5,0.0,,,,,52.0,,,33.0,
2020-07-02,0.5,0.0,0.0,0.5,,,7.0,,0.0,0.0,
2020-07-03,2.0,0.0,0.0,1.0,,,0.0,,0.0,0.5,
2020-07-04,0.0,0.0,0.0,0.0,,,0.0,,0.0,0.5,
2020-07-05,0.0,0.0,0.0,0.0,,,0.0,,0.0,0.0,
2020-07-06,14.0,0.0,6.0,14.0,,,17.5,,0.0,14.5,
2020-07-07,11.5,8.0,12.0,0.5,,,29.0,,,36.5,
2020-07-08,6.0,7.5,4.5,0.0,,,8.0,,0.0,5.5,
2020-07-09,6.0,5.5,45.5,0.0,,,0.0,,2.5,9.5,
2020-07-10,0.0,2.5,0.5,0.0,,,1.0,,0.0,0.0,
2020-07-11,0.5,1.5,9.5,0.0,,,15.0,,0.0,0.5,
2020-07-12,4.0,6.0,2.5,0.0,,,16.5,,0.0,12.5,
2020-07-13,9.0,0.5,7.5,0.0,,,1.5,,0.0,2.0,
2020-07-14,0.0,1.0,0.0,0.0,,,0.0,,0.0,0.0,
2020-07-15,0.0,0.0,0.0,0.0,,,52.0,,0.0,0.0,
2020-07-16,62.5,6.0,95.5,0.0,,,27.5,,0.0,7.0,
2020-07-17,21.0,3.5,,,,,1.0,,,48.0,
2020-07-18,2.5,2.5,,,,,23.5,,,44.0,
2020-07-19,0.0,27.0,0.0,0.0,,,0.0,,0.0,0.5,
2020-07-20,3.5,2.0,,,,,2.5,,,22.0,
2020-07-21,4.5,5.0,14.0,0.0,,,0.5,,0.0,3.0,
2020-07-22,25.0,5.5,1.5,0.0,,,2.5,,0.0,14.0,
2020-07-23,0.0,17.5,0.0,0.0,,,1.5,,0.0,0.0,
2020-07-24,57.5,0.5,7.0,0.0,,,8.5,,0.0,34.5,
2020-07-25,2.5,1.0,9.0,0.0,,,53.0,,0.0,10.0,
2020-07-26,2.5,2.0,3.0,0.0,,,7.5,,0.0,10.0,
2020-07-27,2.0,1.5,0.5,0.0,,,2.5,,0.0,42.0,
2020-07-28,6.0,0.0,34.5,0.0,,,39.5,,3.0,58.5,
2020-07-29,0.0,3.5,0.0,0.0,,,3.0,,0.0,3.5,
2020-07-30,0.0,3.0,0.0,0.0,,,0.0,,0.0,0.0,
2020-07-31,27.0,10.0,,,,,14.0,,,10.5,
2020-08-01,14.0,13.0,,,,,0.0,,,0.0,
2020-08-02,20.0,21.5,,,,,17.5,,,15.0,
2020-08-03,1.0,25.5,,,,,0.0,,,1.0,
2020-08-04,0.0,1.5,0.0,0.0,,,0.0,,0.0,0.0,
2020-08-05,0.0,0.0,0.0,0.0,,,6.0,,0.0,0.0,
2020-08-06,4.5,1.5,,0.0,,,0.0,,0.0,0.0,
2020-08-07,0.0,1.5,,,,,0.0,,,0.0,
2020-08-08,0.0,0.0,,,,,0.0,,,0.0,
2020-08-09,0.0,0.0,0.0,0.0,,,0.0,,0.0,0.0,
2020-08-10,0.0,0.0,0.0,0.0,,,0.0,,0.0,0.0,
2020-08-11,,,,,,,,,,,
2020-08-12,,,,,,,,,,,
2020-08-13,,,,,,,,,,,
2020-08-14,,,,,,,,,,,
2020-08-15,,,,,,,,,,,
2020-08-16,,,,,,,,,,,
2020-08-17,,,,,,,,,,,
2020-08-18,,,,,,,,,,,
2020-08-19,,,,,,,,,,,
2020-08-20,,,,,,,,,,,
2020-08-21,,,,,,,,,,,
2020-08-22,,,,,,,,,,,
2020-08-23,,,,,,,,,,,
2020-08-24,,,,,,,,,,,
2020-08-25,,,,,,,,,,,
2020-08-26,,,,,,,,,,,
2020-08-27,,,,,,,,,,,
2020-08-28,,,,,,,,,,,
2020-08-29,,,,,,,,,,,
2020-08-30,,,,,,,,,,,
2020-08-31,,,,,,,,,,,
2020-09-01,,,,,,,,,,,
2020-09-02,,,,,,,,,,,
2020-09-03,,,,,,,,,,,
2020-09-04,,,,,,,,,,,
2020-09-05,,,,,,,,,,,
2020-09-06,,,,,,,,,,,
2020-09-07,,,,,,,,,,,
2020-09-08,,,,,,,,,,,
2020-09-09,,,,,,,,,,,
2020-09-10,,,,,,,,,,,
2020-09-11,,,,,,,,,,,
2020-09-12,,,,,,,,,,,
2020-09-13,,,,,,,,,,,
2020-09-14,,,,,,,,,,,
2020-09-15,,,,,,,,,,,
2020-09-16,,,,,,,,,,,
2020-09-17,,,,,,,,,,,
2020-09-18,,,,,,,,,,,
2020-09-19,,,,,,,,,,,
2020-09-20,,,,,,,,,,,
2020-09-21,,,,,,,,,,,
2020-09-22,,,,,,,,,,,
2020-09-23,,,,,,,,,,,
2020-09-24,,,,,,,,,,,
2020-09-25,,,,,,,,,,,
2020-09-26,,,,,,,,,,,
2020-09-27,,,,,,,,,,,
2020-09-28,,,,,,,,,,,
2020-09-29,,,,,,,,,,,
2020-09-30,,,,,,,,,,,
2020-10-01,,,0.0,8.5,,,,,0.0,,
2020-10-02,,,4.5,2.5,,,,,0.0,,
2020-10-03,,,14.5,0.5,,,,,0.0,,
2020-10-04,,,2.0,0.0,,,,,0.0,,
2020-10-05,,,0.0,0.5,,,,,0.0,,
2020-10-06,,,2.0,15.0,,,,,0.0,,
2020-10-07,,,9.5,34.5,,,,,0.0,,
2020-10-08,,,31.5,33.5,,,,,0.0,,
2020-10-09,,,1.0,0.0,,,,,0.0,,
2020-10-10,,,29.0,13.5,,,,,0.0,,
2020-10-11,,,47.5,25.5,,,,,0.0,,
2020-10-12,,,2.5,1.0,,,,,0.0,,
2020-10-13,,,52.0,37.0,,,,,0.0,,
2020-10-14,,,0.0,0.0,,,,,0.0,,
2020-10-15,,,1.0,0.0,,,,,0.0,,
2020-10-16,,,24.0,,,,,,,,
2020-10-17,,,0.0,,,,,,,,
2020-10-18,,,13.0,,,,,,,,
2020-10-19,,,0.0,,,,,,,,
2020-10-20,,,0.0,,,,,,,,
2020-10-21,0.0,,0.0,,,,0.0,,,0.5,
2020-10-22,74.0,,6.0,,,,2.0,,,27.5,
2020-10-23,0.0,0.5,0.0,,,,1.5,,,4.0,
2020-10-24,20.5,42.5,5.0,,,,24.5,,,0.0,
2020-10-25,2.0,42.5,6.5,,,,25.0,,,21.0,
2020-10-26,22.0,22.5,19.5,,,,15.0,,,27.0,
2020-10-27,0.0,0.0,0.5,,,,0.0,,,0.0,
2020-10-28,0.0,0.0,0.0,,,,0.0,,,0.5,
2020-10-29,3.0,5.0,9.0,,,,17.5,0.0,,0.5,
2020-10-30,0.0,0.0,0.0,,,,0.0,0.0,,0.0,
2020-10-31,0.5,0.0,9.5,,,,0.0,1.0,,1.5,
2020-11-01,11.0,30.0,2.0,,,,15.5,30.5,,22.5,
2020-11-02,3.0,0.0,0.5,,,,5.5,0.5,,4.0,
2020-11-03,11.0,28.5,22.5,,,,49.0,19.0,,26.0,
2020-11-04,13.5,29.0,0.5,,,,49.0,0.0,,0.0,
2020-11-05,0.0,0.0,4.0,,,,5.0,0.0,,0.0,
2020-11-06,49.0,44.5,1.5,,,,8.0,39.0,,1.0,
2020-11-07,20.0,41.0,21.0,,,,,29.5,,19.5,
2020-11-08,0.5,3.5,9.5,,,,0.0,0.0,,0.0,
2020-11-09,9.5,10.0,0.5,,,,0.0,1.5,,0.5,
2020-11-10,0.0,10.0,0.0,,,,0.0,0.0,,0.5,
2020-11-11,0.0,0.5,0.0,,,,1.0,0.0,,0.0,
2020-11-12,0.5,1.5,0.0,,0.0,,2.5,22.5,,39.0,
2020-11-13,0.5,10.0,20.5,,0.0,,71.0,0.5,,10.0,
2020-11-14,1.5,2.0,0.0,,0.0,,0.5,0.0,,0.0,
2020-11-15,1.5,0.0,8.5,,0.0,,3.0,0.0,,0.0,
2020-11-16,0.0,0.0,2.0,,0.0,,3.0,2.0,,0.0,
2020-11-17,9.5,17.5,0.0,,0.0,,0.0,9.5,,10.0,
2020-11-18,6.5,17.5,23.0,,0.0,,9.5,16.0,,3.0,
2020-11-19,6.5,0.5,6.5,,0.0,,16.0,0.5,,15.5,
2020-11-20,14.5,4.5,2.0,,0.0,,4.0,0.0,,0.0,
2020-11-21,87.5,73.0,49.0,,0.0,,64.0,98.0,,89.5,
2020-11-22,87.5,17.5,1.0,,0.0,,5.5,12.5,,89.5,
2020-11-23,0.0,10.5,26.5,,,,2.0,5.5,,15.5,
2020-11-24,3.0,0.5,0.0,,,,2.0,0.5,,15.5,
2020-11-25,0.0,0.5,0.0,,,,2.5,0.0,,0.0,
2020-11-26,1.5,1.5,0.5,,,,1.5,0.5,,1.0,
2020-11-27,13.5,10.5,6.5,,,,2.0,10.0,,7.5,
2020-11-28,18.5,15.5,40.5,,,,7.0,0.5,,5.5,
2020-11-29,0.0,0.0,0.0,,,,0.5,0.0,,0.0,
2020-11-30,11.0,1.0,4.5,,,,0.0,0.0,,1.0,
2020-12-01,24.5,19.0,7.5,,,,4.5,18.5,,12.0,
2020-12-02,24.5,,0.0,,,,1.5,5.0,,1.0,
2020-12-03,1.5,0.0,0.0,,,,1.0,0.5,,1.0,
2020-12-04,0.0,0.0,0.0,,,,0.0,0.0,,0.5,
2020-12-05,0.0,0.0,0.0,,,,0.0,0.0,,0.0,
2020-12-06,0.0,0.0,0.0,,,,0.0,0.0,,0.0,
2020-12-07,0.0,0.0,0.0,,,,0.0,0.0,,0.0,
2020-12-08,0.0,0.0,,,,,0.0,,,0.0,
2020-12-09,0.0,0.0,0.0,,,,0.0,0.0,,0.0,
2020-12-10,0.0,0.0,0.0,,,,0.0,0.0,,0.0,
2020-12-11,0.0,0.0,0.0,,,,0.0,0.0,,0.0,
2020-12-12,7.5,10.5,2.5,,,,3.0,1.5,,0.0,
2020-12-13,11.5,9.5,9.0,,0.0,,1.0,10.5,,9.0,
2020-12-14,0.0,1.0,9.0,,,,7.0,10.5,,9.0,
2020-12-15,0.0,0.0,3.0,,,,9.5,5.5,,0.0,
2020-12-16,0.0,1.0,1.0,,,,1.0,5.5,,2.0,
2020-12-17,27.5,29.5,19.5,,,,18.0,35.0,,37.0,
2020-12-18,12.0,30.5,30.0,,,,32.5,35.0,,11.5,
2020-12-19,2.0,1.0,30.5,,,,5.5,12.5,,3.0,
2020-12-20,4.5,8.0,1.5,,,,4.5,6.0,,4.5,
2020-12-21,0.0,0.0,1.5,,,,1.5,6.0,,4.5,
2020-12-22,0.0,0.0,0.0,,,,0.0,0.0,,0.0,
2020-12-23,0.0,0.0,0.0,,,,0.0,0.5,,0.0,
2020-12-24,25.0,12.5,0.0,,,,2.0,1.5,,10.5,
2020-12-25,0.5,0.0,0.0,,,,2.0,1.5,,0.5,
2020-12-26,57.0,36.5,21.0,,,,102.0,24.0,,20.5,
2020-12-27,0.0,0.0,21.0,,,,1.0,25.0,,0.5,
2020-12-28,0.0,0.0,0.5,,,,0.0,0.0,,0.0,
2020-12-29,0.0,0.0,0.0,,0.0,,0.0,0.0,,0.0,
2020-12-30,0.0,0.0,0.0,,,,0.0,0.0,,0.0,
2020-12-31,0.0,0.0,0.0,,,,0.0,0.0,,0.0,
2021-01-01,0.0,0.0,0.0,,,,0.0,0.0,,0.0,
2021-01-02,0.0,0.0,0.0,,,,0.0,1.0,,0.0,
2021-01-03,1.0,0.0,0.0,,,,1.0,2.0,,1.0,
2021-01-04,13.0,10.0,4.5,,,,9.0,22.0,,20.5,
2021-01-05,15.5,19.0,9.5,,,,26.0,31.5,,23.5,
2021-01-06,16.5,20.5,12.5,,,,22.0,47.0,,29.5,
2021-01-07,0.5,1.0,9.0,,,,22.0,35.0,,2.5,
2021-01-08,0.5,0.0,0.5,,,,0.0,2.0,,0.0,
2021-01-09,0.0,0.0,0.0,,,,0.0,0.0,,0.0,
2021-01-10,1.0,0.0,0.0,,,,0.0,0.0,,0.0,
2021-01-11,0.0,0.0,0.0,,,,0.0,0.0,,0.0,
2021-01-12,0.0,0.0,0.0,,,,0.0,0.0,,0.0,
2021-01-13,0.0,0.0,0.0,,,,0.0,0.0,,0.0,
2021-01-14,0.0,0.0,0.0,,,,0.0,0.0,,0.0,
2021-01-15,0.0,0.0,0.0,,,,0.0,0.0,,0.0,
2021-01-16,0.0,0.0,5.0,,,,16.0,16.5,,9.0,
2021-01-17,0.0,0.0,5.0,,,,0.0,16.5,,0.0,
2021-01-18,0.0,0.0,0.0,,,,0.0,0.0,,0.0,
2021-01-19,0.0,0.0,0.0,,,,0.0,0.0,,0.0,
2021-01-20,0.0,0.0,0.0,,,,0.0,0.0,,0.0,
2021-01-21,0.0,0.0,0.0,,,,0.0,0.0,,0.0,
2021-01-22,0.0,0.0,0.0,,,,5.5,0.0,,0.0,
2021-01-23,0.0,0.0,0.0,,,,0.0,0.0,,0.0,
2021-01-24,0.5,0.5,,,,,0.5,0.0,,0.5,
2021-01-25,0.0,0.0,,,,,0.0,4.0,,0.5,
2021-01-26,0.0,0.0,,,,,0.0,4.0,,0.0,
2021-01-27,0.0,0.5,,,,,1.0,0.0,,0.0,
2021-01-28,0.0,0.0,,,,,0.0,0.0,,0.0,
2021-01-29,0.0,0.0,,,,,0.0,0.0,,0.0,
2021-01-30,0.0,0.0,,,,,0.0,0.0,,0.0,
2021-01-31,0.0,0.0,,,,,0.0,0.0,,0.0,
2021-02-01,0.0,0.0,,,,,0.0,0.0,,0.0,
2021-02-02,0.0,0.0,,,,,0.0,0.0,,0.0,
2021-02-03,0.0,,,,,,0.0,0.0,,0.0,
2021-02-04,0.0,,,,,,0.0,0.0,,0.0,
2021-02-05,0.0,0.0,,,,,0.0,0.0,,0.0,
2021-02-06,0.0,0.0,,,,,0.0,0.0,,0.0,
2021-02-07,0.0,0.0,,,,,0.0,0.0,,0.0,
2021-02-08,0.0,0.0,,,,,0.0,0.0,,0.0,
2021-02-09,0.0,0.0,,,,,0.0,0.0,,0.0,
2021-02-10,0.0,0.0,,,,,0.5,0.0,,0.0,
2021-02-11,0.0,0.0,,,,,0.0,0.0,,0.0,
2021-02-12,0.0,0.0,,,,,0.0,0.0,,0.0,
2021-02-13,0.0,0.0,,,,,0.0,0.0,,0.0,
2021-02-14,0.0,0.0,,,,,0.0,0.0,,0.0,
2021-02-15,0.0,0.0,,,,,0.0,0.0,,0.0,
2021-02-16,0.0,0.0,,,,,0.0,0.0,,0.0,
2021-02-17,0.0,0.0,,,,,0.0,0.0,,0.0,
2021-02-18,0.0,0.0,,,,,0.0,0.0,,0.0,
2021-02-19,0.0,0.0,,,,,0.0,0.0,,0.0,
2021-02-20,0.0,0.0,,,,,0.0,0.0,,0.0,
2021-02-21,0.0,0.0,,,,,0.0,0.0,,0.0,
2021-02-22,0.0,0.0,,,,,0.0,0.0,,0.0,
2021-02-23,0.0,,,,,,,,,,
2021-02-24,,,,,,,,,,,
2021-02-25,0.0,0.0,,,,,0.0,0.0,,0.0,
2021-02-26,0.0,0.0,,,,,0.0,0.0,,0.0,
2021-02-27,0.0,0.0,,,,,0.0,0.0,,0.0,
2021-02-28,0.0,0.0,,,,,0.0,4.0,,0.0,
2021-03-01,0.0,0.0,,,,,1.5,0.0,,0.0,
2021-03-02,0.0,0.0,,,,,0.0,0.0,,0.0,
2021-03-03,0.0,0.0,,,,,0.0,0.0,,5.0,
2021-03-04,0.0,0.0,,,,,0.0,0.0,,0.0,
2021-03-05,0.0,0.0,,,,,0.0,0.0,,0.0,
2021-03-06,17.5,22.5,,,,,9.0,50.5,,5.0,
2021-03-07,0.0,0.5,,,,,0.0,50.5,,0.0,
2021-03-08,0.0,0.0,,,,,0.0,0.5,,0.0,
2021-03-09,0.0,0.0,,,,,0.0,0.0,,0.0,
2021-03-10,0.0,0.0,,,,,0.0,0.0,,0.0,
2021-03-11,0.0,0.0,,,,,0.0,0.0,,0.0,
2021-03-12,0.0,,,,,,,0.0,,0.0,
2021-03-13,,,,,,,,,,,
2021-03-14,0.0,,,,,,,0.0,,0.0,
2021-03-15,0.0,0.0,,,,,0.0,0.0,,0.0,
2021-03-16,0.0,0.0,,,,,,0.0,,0.0,
2021-03-17,1.0,1.0,,,,,0.0,0.0,,0.0,
2021-03-18,1.0,0.0,,,,,0.0,0.0,,0.0,
2021-03-19,0.0,0.0,,,,,0.0,0.0,,0.0,
2021-03-20,0.0,0.0,,,,,0.0,0.0,,0.0,
2021-03-21,0.0,0.0,,,,,0.0,0.0,,0.0,
2021-03-22,0.0,0.0,,,,,0.0,0.0,,0.0,
2021-03-23,3.0,0.0,,,,,3.5,0.5,,0.0,
2021-03-24,10.5,0.5,,,,,10.5,3.0,,6.0,
2021-03-25,0.5,4.0,0.0,2.5,,,0.0,3.0,,0.0,
2021-03-26,16.5,4.0,6.0,5.5,,,6.0,3.0,,,
2021-03-27,0.5,0.0,6.0,5.5,,,0.0,3.0,,,
2021-03-28,13.0,15.0,1.0,23.0,,,11.0,7.5,,,
2021-03-29,0.5,11.5,4.5,23.5,,,11.0,8.0,,,
2021-03-30,0.0,0.0,18.0,0.5,,,,0.5,,,
2021-03-31,1.0,0.0,0.0,0.0,,,,0.0,,,
2021-04-01,0.0,0.0,0.0,0.0,,,,6.0,,,
2021-04-02,1.5,3.0,3.0,1.0,,,,6.0,,,
2021-04-03,14.5,16.5,3.0,19.0,,,,5.0,,,
2021-04-04,14.5,0.5,1.5,19.0,,,,5.0,,,
2021-04-05,0.0,0.0,14.5,2.0,,,,2.5,,,
2021-04-06,1.5,25.5,48.5,25.5,,,,3.5,,,
2021-04-07,11.0,27.5,48.5,25.5,,,,3.5,,,
2021-04-08,0.5,0.5,0.5,0.0,,,,0.0,,,
2021-04-09,0.0,0.5,0.5,1.5,,,,2.5,,,
2021-04-10,0.0,0.0,1.5,0.0,,,,2.5,,,
2021-04-11,2.5,0.0,30.5,0.5,,,,0.0,,,
2021-04-12,16.0,2.0,30.5,0.5,,,,2.0,,,
2021-04-13,3.5,15.0,2.0,9.5,,,,2.0,,,
2021-04-14,109.0,24.0,7.5,21.5,,,,8.5,,,
2021-04-15,25.5,13.5,8.0,7.0,,,,8.5,,,
2021-04-16,0.0,0.0,0.0,0.0,,,,0.0,,,
2021-04-17,0.0,0.0,,,,,,,,,
2021-04-18,0.0,0.0,0.0,0.0,,,,0.5,,,
2021-04-19,4.0,6.0,0.5,0.5,,,,1.5,,,
2021-04-20,0.5,0.5,0.5,0.5,,,,1.5,,,
2021-04-21,0.0,0.0,0.0,0.0,,,,0.0,,,
2021-04-22,14.0,4.0,8.0,20.5,,,,37.5,,,
2021-04-23,15.5,13.0,33.5,20.5,,,,37.5,,,
2021-04-24,2.5,7.0,3.0,2.5,,,,1.0,,,
2021-04-25,4.5,2.0,4.5,3.0,,,,1.0,,,
2021-04-26,0.0,3.0,4.5,3.0,,,,3.5,,,
2021-04-27,0.0,17.5,0.0,0.0,,,,3.5,,,
2021-04-28,0.0,24.5,0.5,1.0,,,,2.5,,,
2021-04-29,91.5,116.0,0.0,48.0,,,1.0,0.0,,31.5,
2021-04-30,27.0,0.0,,,,,0.5,,,0.0,
2021-05-01,0.0,0.0,,,,,0.0,,,0.0,
2021-05-02,6.5,21.5,15.5,14.5,,,14.5,1.5,,11.5,
2021-05-03,0.5,0.0,7.0,0.0,,,10.0,0.0,,5.5,
2021-05-04,0.0,1.0,7.0,0.0,,,0.5,4.0,,0.5,
2021-05-05,3.0,1.5,7.0,1.0,,,6.0,4.0,,12.5,
2021-05-06,3.5,0.0,7.0,6.0,,,22.5,4.5,,32.5,
2021-05-07,,,,,,,,,,,
2021-05-08,,,,,,,,,,,
2021-05-09,0.0,0.0,0.0,0.0,,,0.0,2.5,,0.0,
2021-05-10,0.5,4.0,35.0,0.0,,,9.0,2.5,,0.5,
2021-05-11,3.5,11.5,36.0,2.0,,,12.0,2.5,,0.0,
2021-05-12,2.5,11.5,9.0,2.0,,,38.5,13.0,,15.5,
2021-05-13,1.5,0.0,9.0,15.5,,,43.0,13.0,,1.0,
2021-05-14,0.5,2.0,5.5,15.5,,,2.0,0.0,,3.0,
2021-05-15,0.0,3.5,7.0,1.5,,,79.0,5.0,,1.0,
2021-05-16,0.0,,,,,,0.0,,,0.0,
2021-05-17,0.0,10.0,0.0,0.5,,,37.0,5.5,,0.0,
2021-05-18,0.0,0.0,0.0,0.5,,,5.0,5.5,,0.0,
2021-05-19,30.5,9.5,6.0,10.0,,,18.5,9.5,,25.5,
2021-05-20,0.0,0.0,6.0,10.0,,,0.0,9.5,,0.0,
2021-05-21,17.5,10.5,4.5,5.5,,,31.0,9.5,,5.0,
2021-05-22,11.0,19.5,4.5,13.5,,,1.0,9.5,,6.5,
2021-05-23,0.0,0.0,0.0,13.5,,,0.5,5.5,,0.0,
2021-05-24,0.0,0.0,0.0,0.0,,,0.0,0.0,,0.0,
2021-05-25,6.5,5.5,0.0,0.0,,,0.0,0.0,,0.0,
2021-05-26,2.5,0.5,0.0,1.0,,,0.0,4.5,,0.0,
2021-05-27,11.0,4.5,6.5,6.0,,,1.5,5.0,,0.0,
2021-05-28,6.5,7.0,0.0,8.5,,,0.0,0.0,,0.0,
2021-05-29,0.0,0.0,0.0,8.5,,,0.0,0.0,,0.0,
2021-05-30,12.0,20.0,0.0,0.0,,,1.5,2.5,,3.5,
2021-05-31,0.5,2.5,0.0,0.0,,,0.5,3.0,,0.0,
2021-06-01,49.5,19.0,0.0,0.0,,,34.5,80.0,,65.0,
2021-06-02,0.0,0.5,0.0,0.0,,,1.5,80.0,,0.0,
2021-06-03,0.5,7.0,1.0,0.0,,,5.5,2.0,,4.5,
2021-06-04,5.5,22.5,11.0,0.0,,,74.5,69.0,,71.0,
2021-06-05,2.5,22.5,11.0,0.0,,,74.5,69.0,,0.5,
2021-06-06,16.0,6.0,15.5,0.0,,,0.0,1.0,,0.5,
2021-06-07,0.0,0.0,15.5,0.0,,,0.0,0.5,,0.5,
2021-06-08,1.0,2.0,3.5,0.0,,,0.0,0.0,,0.0,
2021-06-09,0.0,0.5,4.0,0.0,,,0.0,2.0,,1.0,
2021-06-10,11.5,15.5,24.5,0.0,,,45.5,32.5,,29.5,
2021-06-11,0.0,0.0,0.0,0.0,,,0.0,0.0,,0.0,
2021-06-12,0.0,0.0,0.0,0.0,,,0.0,0.5,,0.0,
2021-06-13,1.5,0.0,9.5,2.5,,,0.0,12.0,,22.5,
2021-06-14,0.0,1.5,9.5,2.5,,,1.0,12.0,,1.5,
2021-06-15,8.0,8.5,0.0,2.5,,,1.5,8.0,,4.5,
2021-06-16,0.0,0.0,0.0,0.0,,,0.0,0.0,,0.0,
2021-06-17,4.5,5.5,4.0,3.0,,,5.0,25.5,,11.0,
2021-06-18,0.5,0.0,4.0,3.0,,,5.0,25.5,,0.0,
2021-06-19,2.0,2.5,3.0,2.5,,,6.5,3.0,,3.5,
2021-06-20,7.0,20.0,0.0,28.0,,,0.5,9.0,,1.0,
2021-06-21,0.5,5.0,3.5,28.0,0.0,,10.5,9.0,,5.0,
2021-06-22,0.0,0.0,0.0,0.0,,,0.0,0.0,,0.0,
2021-06-23,0.0,0.0,3.0,0.0,,,4.5,0.0,,0.5,
2021-06-24,0.0,0.0,3.0,0.0,,,1.0,0.0,,11.5,
2021-06-25,1.0,6.0,2.0,6.5,,,20.0,8.0,,0.0,
2021-06-26,0.0,0.0,0.0,6.5,,,0.0,8.0,,0.0,
2021-06-27,0.0,0.0,0.5,0.0,,,0.0,1.5,,0.5,
2021-06-28,0.0,0.0,4.0,0.0,,,1.0,1.5,,0.0,
2021-06-29,0.0,0.0,1.5,0.0,,,0.5,1.5,,0.0,
2021-06-30,0.0,0.0,1.5,0.0,,,0.0,1.5,,0.0,
2021-07-01,0.0,0.0,0.0,0.0,0.0,,0.0,0.0,,0.0,
2021-07-02,0.0,0.0,0.0,0.0,,,2.5,0.0,,0.0,
2021-07-03,8.0,2.5,0.0,1.0,,,5.5,3.0,,6.0,
2021-07-04,0.5,2.5,0.0,1.0,,,0.0,3.0,,0.0,
2021-07-05,0.5,0.5,8.0,0.0,,,1.0,0.5,,0.0,
2021-07-06,25.5,55.0,32.0,25.5,,,12.0,12.5,,15.5,
2021-07-07,0.0,0.5,32.0,25.5,,,0.0,12.5,,0.0,
2021-07-08,0.0,0.0,0.0,0.0,,,9.5,0.0,,0.0,
2021-07-09,31.0,40.0,19.5,32.0,,,27.5,19.0,,35.5,
2021-07-10,2.5,2.5,22.0,32.5,,,8.5,19.0,,35.5,
2021-07-11,6.5,8.0,22.0,6.5,,,4.5,13.0,,3.0,
2021-07-12,0.0,0.5,0.0,0.0,0.0,,0.0,0.0,,0.0,
2021-07-13,7.5,2.5,1.0,4.5,,,3.0,39.5,,6.0,
2021-07-14,0.0,0.0,1.5,4.5,,,3.0,39.5,,0.5,
2021-07-15,1.0,4.5,0.0,2.0,,,0.0,0.0,,0.0,
2021-07-16,0.0,0.0,0.0,0.0,,,0.0,0.0,,0.0,
2021-07-17,0.0,0.0,0.0,0.0,,,0.0,0.0,,0.0,
2021-07-18,0.0,0.0,0.0,0.0,,,0.0,0.0,,0.0,
2021-07-19,,,,,,,,,,,
2021-07-20,,,,,,,,,,,
2021-07-21,,,,,,,,,,,
2021-07-22,0.0,0.0,0.0,0.0,,,0.0,0.0,,0.0,
2021-07-23,0.0,0.0,0.0,0.0,,,0.0,0.0,,0.0,
2021-07-24,0.0,0.0,0.0,0.0,,,0.0,0.0,,0.0,
2021-07-25,0.0,0.0,0.0,0.0,,,0.0,0.0,,0.0,
2021-07-26,0.0,0.0,3.0,0.0,,,0.0,0.0,,0.0,
2021-07-27,0.0,0.0,3.0,0.0,,,0.0,0.0,,0.0,
2021-07-28,0.0,0.0,0.0,0.0,,,5.0,5.5,,0.5,
2021-07-29,2.5,3.5,19.0,1.5,,,0.0,5.5,,7.5,
2021-07-30,5.0,,,,,,0.5,,,0.0,
2021-07-31,34.5,67.5,10.0,26.5,,,24.5,67.5,,40.0,
2021-08-01,25.5,18.5,10.5,26.5,,,17.5,67.5,,4.5,
2021-08-02,8.0,20.0,12.0,14.5,,,17.5,2.5,,4.5,
2021-08-03,3.0,9.0,0.0,2.5,,,0.0,3.5,,9.5,
2021-08-04,0.5,0.0,0.0,0.5,,,5.5,2.5,,9.5,
2021-08-05,7.5,9.5,59.0,8.0,,,0.0,3.5,,9.5,
2021-08-06,0.0,0.0,59.0,8.0,,,0.0,3.5,,9.5,
2021-08-07,0.0,0.0,0.0,0.0,,,0.0,0.0,,0.0,
2021-08-08,0.0,0.0,0.0,0.0,,,0.5,0.0,,0.5,
2021-08-09,0.0,0.0,10.5,0.0,0.0,,40.0,2.0,,6.5,
2021-08-10,7.5,0.5,10.5,0.0,,,40.0,2.0,,0.0,
2021-08-11,2.5,9.5,6.0,10.5,,,1.5,1.0,,0.5,
2021-08-12,0.5,13.5,22.5,10.5,,,1.5,17.0,,23.5,
2021-08-13,1.0,16.5,40.5,3.5,,,16.0,10.5,,1.5,
2021-08-14,1.5,21.5,41.0,3.5,,,9.0,10.5,,1.0,
2021-08-15,8.0,6.5,5.5,10.0,0.0,,32.5,47.5,,38.0,
2021-08-16,8.0,2.0,19.0,10.0,,,34.0,47.5,,10.5,
2021-08-17,1.5,1.5,19.0,1.0,,,34.0,0.0,,12.0,
2021-08-18,3.0,15.0,15.5,11.0,,,13.5,8.0,,20.5,
2021-08-19,0.5,0.5,15.5,11.0,,,42.5,14.5,,0.0,
2021-08-20,49.0,58.5,6.5,64.0,,,42.5,15.0,,65.5,
2021-08-21,49.0,0.0,0.0,0.0,0.0,,1.5,0.0,,0.5,
2021-08-22,13.0,4.5,2.5,11.5,,,2.0,4.5,,2.5,
2021-08-23,13.0,4.5,12.0,11.5,,,0.0,4.5,,3.5,
2021-08-24,28.5,,,,,,,,,,
2021-08-25,1.5,0.5,3.0,1.0,,,0.0,0.0,,0.0,
2021-08-26,1.5,0.0,7.5,1.0,,,0.5,1.5,,8.0,
2021-08-27,0.0,0.0,7.5,0.5,,,0.0,1.5,,0.0,
2021-08-28,0.0,0.0,0.0,0.0,,,0.0,0.0,,0.0,
2021-08-29,2.5,3.5,1.0,3.0,,,2.0,1.0,,0.5,
2021-08-30,9.5,12.0,2.5,10.5,,,17.5,18.0,,7.0,
2021-08-31,1.0,0.5,24.0,12.0,,,1.5,21.0,,9.5,
2021-09-01,0.0,0.5,24.0,1.0,,,0.0,0.5,,0.0,
2021-09-02,6.5,22.5,6.5,19.0,,,0.0,0.5,,0.5,
2021-09-03,0.0,0.0,6.5,19.0,,,0.0,0.5,,0.5,
2021-09-04,0.0,0.0,0.0,0.5,,,0.0,0.0,,0.0,
2021-09-05,0.0,0.0,0.0,0.0,,,0.0,0.0,,0.0,
2021-09-06,0.0,0.0,0.0,0.0,,,0.0,0.0,,0.0,
2021-09-07,1.5,0.0,0.0,2.0,,,0.0,0.0,,0.0,
2021-09-08,22.0,4.0,21.0,18.0,,,8.5,2.0,,0.0,
2021-09-09,56.0,62.5,61.0,54.5,,,50.5,32.5,,24.5,
2021-09-10,0.5,1.0,61.5,55.0,,,2.0,32.5,,4.0,
2021-09-11,0.0,,24.0,0.5,,,0.0,3.0,,0.5,
2021-09-12,0.0,5.0,1.0,4.5,,,10.5,7.5,,0.5,
2021-09-13,20.5,23.5,32.5,15.0,,,24.0,33.5,,29.5,
2021-09-14,0.0,3.0,32.5,15.0,,,24.0,33.5,,18.5,
2021-09-15,0.0,3.0,1.5,0.0,,,0.0,0.0,,0.5,
2021-09-16,2.0,0.5,0.0,0.0,,,0.0,5.5,,0.5,
2021-09-17,3.0,8.0,0.0,3.0,,,0.0,5.5,,0.0,
2021-09-18,3.0,8.0,0.0,3.0,,,0.0,0.5,,0.5,
2021-09-19,,,,,,,,,,,
2021-09-20,16.0,,,,,,0.0,,,0.5,
2021-09-21,17.5,16.0,2.5,26.5,,,3.0,0.0,,0.0,
2021-09-22,0.0,0.0,2.5,26.5,,,0.0,0.0,,0.0,
2021-09-23,0.0,0.0,0.0,0.0,,,0.0,0.0,,0.0,
2021-09-24,0.0,0.0,0.0,0.0,,,0.0,0.0,,0.0,
2021-09-25,0.0,0.5,0.0,0.0,,,0.0,0.0,,0.0,
2021-09-26,29.0,45.0,1.5,30.0,,,25.5,4.0,,18.0,
2021-09-27,29.0,6.0,1.5,30.0,,,65.0,12.0,,6.0,
2021-09-28,16.0,6.5,63.5,21.5,,,65.5,12.0,,33.5,
2021-09-29,61.5,83.5,63.5,51.5,,,49.5,85.0,,76.5,
2021-09-30,0.5,0.5,11.0,53.5,,,4.0,86.0,,0.5,
2021-10-01,0.0,0.5,3.0,10.0,,,32.0,10.0,,2.0,
2021-10-02,0.0,0.0,3.0,0.0,,,0.0,4.5,,0.0,
2021-10-03,0.0,0.0,0.0,0.0,,,0.0,0.5,,0.0,
2021-10-04,8.5,2.5,0.0,0.0,,,0.0,0.0,,,
2021-10-05,1.0,0.0,24.0,0.5,,,42.0,0.0,,,
2021-10-06,18.0,23.5,24.0,15.0,,,35.5,28.5,,27.0,
2021-10-07,23.0,38.5,22.0,27.0,,,8.0,28.5,,19.0,1.5
2021-10-08,0.5,3.5,0.0,0.5,,,1.0,1.5,,0.5,
2021-10-09,0.0,0.0,0.0,0.5,,,0.0,1.5,,0.0,0.5
2021-10-10,0.0,0.0,0.0,0.0,,,0.0,0.5,,0.0,0.0
2021-10-11,0.0,,,,,,0.0,,,,
2021-10-12,0.0,,,,,,0.0,,,0.0,
2021-10-13,0.0,0.0,0.0,0.0,,,0.0,0.0,0.0,0.0,0.0
2021-10-14,0.0,0.0,0.0,0.0,,,0.0,0.0,0.0,0.0,
2021-10-15,0.0,0.0,0.0,0.0,,,0.0,0.0,0.0,0.0,0.0
2021-10-16,50.5,,0.0,9.5,,,0.5,1.5,0.5,1.5,0.0
2021-10-17,5.0,29.0,1.5,10.5,,,7.0,4.0,21.5,52.5,0.0
2021-10-18,5.0,0.0,1.5,10.5,,,0.0,0.0,21.5,0.0,0.0
2021-10-19,22.5,108.5,10.5,59.5,,,51.0,48.5,32.5,16.0,0.5
2021-10-20,0.0,7.5,45.0,59.5,,,27.0,0.0,32.5,8.5,0.0
2021-10-21,0.0,0.5,46.5,0.0,,,27.5,1.0,2.0,1.0,0.0
2021-10-22,3.5,19.5,5.5,7.5,,,0.5,1.0,3.5,1.5,0.0
2021-10-23,67.5,30.5,5.5,51.0,,,8.5,,37.5,35.0,0.5
2021-10-24,21.0,5.0,5.5,51.0,,,19.5,0.0,,37.0,0.0
2021-10-25,21.0,0.0,5.0,25.0,,,5.5,5.5,21.0,37.0,0.0
2021-10-26,0.0,0.0,9.5,0.0,,,105.0,0.0,21.0,0.0,0.0
2021-10-27,4.0,1.5,9.5,3.5,,,8.5,2.5,2.0,7.0,1.0
2021-10-28,8.0,9.5,26.5,4.5,,,46.5,46.0,77.5,82.0,
2021-10-29,0.0,0.5,26.5,4.5,,,0.5,46.5,79.5,1.0,0.0
2021-10-30,12.0,43.0,51.0,37.0,,,75.5,17.5,7.5,10.5,0.0
2021-10-31,3.5,4.5,51.0,37.0,,,0.0,17.5,7.5,1.5,0.5
2021-11-01,8.0,110.5,17.0,29.0,,,13.0,0.0,1.0,25.0,0.0
2021-11-02,0.0,0.0,17.0,29.0,,,0.0,0.5,0.5,0.0,
2021-11-03,2.0,3.0,0.0,2.0,,,0.0,,1.0,3.0,0.0
2021-11-04,0.0,0.0,0.0,2.0,,,0.0,0.5,1.0,0.0,0.0
2021-11-05,0.0,,0.0,0.0,,,0.0,,0.0,0.0,
2021-11-06,11.0,,1.0,9.5,,,6.5,,,20.5,
2021-11-07,0.5,7.5,9.5,9.5,,,5.5,69.0,,14.0,
2021-11-08,42.5,34.5,14.0,16.0,0.0,,15.5,29.0,37.5,4.5,0.0
2021-11-09,0.0,0.0,15.0,16.0,,,0.5,,37.5,0.0,0.0
2021-11-10,5.0,,,,,,,,,5.5,
2021-11-11,7.5,3.0,0.5,2.5,,,0.5,,,1.0,2.0
2021-11-12,7.5,4.5,0.5,3.5,,,0.0,1.0,0.5,0.5,0.5
2021-11-13,12.5,17.0,17.5,11.5,,,23.5,6.0,7.0,8.0,32.0
2021-11-14,0.0,0.0,17.5,11.5,,,0.5,6.0,7.0,0.5,30.0
2021-11-15,0.0,0.0,0.0,0.0,,,0.0,0.0,0.0,0.0,0.0
2021-11-16,0.0,0.0,0.0,0.0,,,40.5,13.0,10.0,11.0,17.5
2021-11-17,19.0,34.0,6.5,16.5,,,8.5,31.5,16.5,18.0,11.0
2021-11-18,36.5,42.5,89.0,31.0,,,15.5,32.5,17.5,19.0,33.0
2021-11-19,0.0,2.0,89.0,1.0,,,0.5,1.5,16.0,19.0,0.0
2021-11-20,5.0,35.0,19.0,78.5,,,48.0,1.5,1.5,49.0,59.5
2021-11-21,5.0,5.0,22.0,78.5,,,16.5,0.5,65.0,49.0,59.5
2021-11-22,0.0,0.0,3.5,0.5,,,0.0,0.0,3.0,1.0,0.0
2021-11-23,11.5,0.0,0.0,1.0,,,3.0,0.0,3.0,0.0,
2021-11-24,0.5,0.5,0.5,0.5,,,0.0,,0.5,0.0,
2021-11-25,0.5,,,,,,0.0,,,0.5,
2021-11-26,,,,,,,,,,,
2021-11-27,6.0,21.5,1.5,6.0,,,0.0,6.5,0.5,1.5,
2021-11-28,6.0,,3.5,18.5,,,,6.5,4.0,0.0,
2021-11-29,,,3.5,18.5,,,,1.0,4.0,,
2021-11-30,,,1.5,1.0,,,,1.0,1.5,,
2021-12-01,28.0,18.5,4.0,10.0,,,,,13.0,26.0,47.5
2021-12-02,12.0,12.5,6.5,15.0,,,,18.5,16.5,16.5,8.5
2021-12-03,,,,,,,,,,,
2021-12-04,,,,,,,,,,,
2021-12-05,,,,,,,,,,,
2021-12-06,,,,,,,,,,,
2021-12-07,0.0,0.0,,,,,,,,0.0,
2021-12-08,0.0,0.0,0.0,0.0,,,,,0.0,0.0,0.0
2021-12-09,0.0,0.0,0.0,0.0,,,,0.0,0.0,0.0,0.0
2021-12-10,0.0,0.0,0.0,0.0,,,,,0.0,0.0,0.0
2021-12-11,0.0,0.0,0.0,0.0,,,,0.0,0.0,0.0,0.0
2021-12-12,0.0,0.0,0.0,0.0,,,,0.0,0.0,0.0,0.0
2021-12-13,0.0,0.0,0.0,0.0,,,,0.0,0.0,0.0,0.0
2021-12-14,0.0,0.0,0.5,0.0,,,,0.5,0.0,0.0,5.5
2021-12-15,0.0,0.0,0.5,0.0,,,,0.5,0.0,0.5,0.5
2021-12-16,8.5,10.0,5.5,7.5,,,,30.5,18.0,15.5,7.0
2021-12-17,82.5,58.5,39.0,45.0,,,,76.5,65.0,70.0,54.0
2021-12-18,0.5,3.0,1.5,1.5,,,,0.5,1.0,1.0,3.5
2021-12-19,2.5,2.5,2.5,2.5,,,,2.5,2.5,3.0,3.5
2021-12-20,0.0,2.5,2.5,2.5,,,,0.0,2.5,0.5,2.5
2021-12-21,0.0,0.0,2.0,0.0,,,,0.0,1.0,1.0,1.0
2021-12-22,0.0,,0.0,0.0,,,,,0.0,0.0,0.0
2021-12-23,0.5,3.5,0.0,0.0,,,,1.0,2.0,10.0,0.0
2021-12-24,0.0,0.0,0.0,0.0,,,,,2.0,0.5,0.0
2021-12-25,0.0,,,,,,,,,0.0,0.0
2021-12-26,0.0,0.5,0.0,0.0,,,,0.0,0.0,0.0,0.0
2021-12-27,0.0,0.0,0.0,0.0,,,,0.0,0.0,0.0,0.0
2021-12-28,0.0,0.0,0.0,0.0,,,,0.0,0.0,0.0,0.0
2021-12-29,0.0,1.0,0.0,0.0,,,,2.0,0.0,0.0,0.0
2021-12-30,0.0,1.0,0.0,0.0,,,,29.5,22.0,15.5,1.5
2021-12-31,0.0,0.0,0.0,0.0,,,,29.5,22.0,15.5,0.0
2022-01-01,1.0,0.5,0.0,0.0,,,,0.0,1.5,0.0,0.0
2022-01-02,0.0,0.0,0.0,0.0,,,,0.0,0.0,0.0,0.0
2022-01-03,0.0,0.0,0.0,0.0,,,,0.0,0.0,0.0,0.0
2022-01-04,0.0,0.0,0.0,0.0,,,,0.0,0.0,0.0,0.0
2022-01-05,0.0,0.0,0.0,0.0,,,,0.0,0.0,0.0,0.0
2022-01-06,0.0,0.0,0.0,0.0,,,,1.0,0.0,0.0,0.0
2022-01-07,0.0,0.0,0.0,0.0,,,,1.0,0.0,0.0,0.0
2022-01-08,0.0,0.0,0.0,0.0,,,,0.0,0.0,0.0,0.0
2022-01-09,0.0,0.0,,,,,,,,0.0,
2022-01-10,0.0,0.0,0.0,0.0,,,,0.0,0.0,0.0,0.0
2022-01-11,0.0,0.0,0.0,0.0,0.0,,,0.5,0.0,,
2022-01-12,0.0,0.0,0.0,0.0,0.0,,,0.5,0.0,,
2022-01-13,0.0,0.0,0.0,0.0,0.0,,,0.0,0.0,,
2022-01-14,0.0,,0.0,0.0,0.0,,,0.0,0.0,,
2022-01-15,0.0,,0.0,0.0,0.0,,,0.0,0.0,,
2022-01-16,0.0,0.0,0.0,0.0,0.0,,,0.0,0.0,,
2022-01-17,1.5,1.5,0.0,0.0,0.0,,,0.0,0.0,,
2022-01-18,0.0,0.0,0.0,0.0,0.0,,,0.0,0.0,,
2022-01-19,0.0,0.0,0.0,0.0,0.0,,,0.0,0.0,0.0,
2022-01-20,0.0,0.0,0.0,0.0,0.0,,,0.0,0.0,0.0,
2022-01-21,0.0,0.0,0.0,0.0,0.0,,0.0,0.0,0.0,0.0,0.0
2022-01-22,0.0,0.0,0.0,0.0,0.0,,0.0,0.5,0.0,0.0,0.0
2022-01-23,0.0,0.0,,,,,,,,0.0,
2022-01-24,,,,,,,,,,,
2022-01-25,,,,,,,,,,,
2022-01-26,,,,,,,,,,,
2022-01-27,0.0,0.0,0.0,0.0,0.0,,0.0,0.0,0.0,0.0,
2022-01-28,0.0,0.0,0.0,0.0,0.0,,0.0,0.0,0.0,0.0,0.0
2022-01-29,0.0,0.0,0.0,0.0,0.0,,0.0,0.0,0.0,0.0,0.0
2022-01-30,30.5,29.5,0.0,26.0,0.0,,19.5,0.0,0.0,0.5,0.0
2022-01-31,0.0,0.0,0.0,0.0,0.0,,,0.0,0.0,0.0,0.0
2022-02-01,0.0,0.0,0.0,0.0,0.0,,,0.5,0.0,0.0,
2022-02-02,0.0,0.5,10.0,0.0,0.0,,0.0,0.5,0.0,0.0,
2022-02-03,0.5,0.5,10.0,1.5,0.0,,0.0,0.0,0.0,0.0,
2022-02-04,2.5,1.5,1.5,1.5,0.0,,0.5,1.5,0.0,0.0,
2022-02-05,0.0,0.5,0.0,0.5,0.0,,0.0,1.5,0.0,2.5,
2022-02-06,0.0,0.0,0.0,0.5,0.0,,0.0,0.0,0.0,0.0,
2022-02-07,0.0,0.0,0.0,3.0,0.0,,0.0,0.0,0.0,0.0,4.0
2022-02-08,0.0,0.0,0.0,3.0,0.0,,0.0,0.5,0.0,5.5,6.0
2022-02-09,0.0,5.5,8.5,0.0,0.0,,0.0,0.0,15.0,0.0,0.0
2022-02-10,0.0,0.0,8.5,0.0,0.0,,0.0,0.0,0.0,0.0,0.0
2022-02-11,0.0,0.0,0.0,0.0,0.0,,0.0,0.0,,0.0,0.0
2022-02-12,0.0,0.0,0.0,0.0,0.0,,0.0,0.0,0.0,0.0,0.0
2022-02-13,0.0,0.0,0.0,0.0,0.0,,,0.0,185.0,0.0,0.0
2022-02-14,,,,,,,,,,,
2022-02-15,3.5,1.0,1.0,4.0,0.0,,0.0,22.5,0.0,10.5,2.5
2022-02-16,19.0,49.5,0.5,26.0,0.0,,,2.5,0.0,2.5,5.0
2022-02-17,16.5,49.5,29.5,35.0,0.0,,25.5,25.5,0.0,24.5,30.0
2022-02-18,0.0,0.0,0.0,0.0,0.0,,,0.5,0.0,0.0,
2022-02-19,0.0,0.0,0.5,0.0,0.0,,,0.5,0.0,0.0,0.0
2022-02-20,,,,,,,,,,,
2022-02-21,,,,,,,,,,,
2022-02-22,,,,,,,,,,,
2022-02-23,0.0,0.0,0.0,0.0,0.0,,0.0,0.0,0.0,0.0,
2022-02-24,2.0,12.0,0.0,4.0,0.0,,17.5,5.5,3.0,1.0,5.0
2022-02-25,27.5,21.0,9.0,18.5,0.0,,4.5,43.0,39.5,41.5,33.5
2022-02-26,14.0,12.0,9.0,21.5,0.0,,6.0,49.0,41.0,22.5,10.0
2022-02-27,10.0,,12.5,11.0,0.0,,,17.0,13.0,12.0,
2022-02-28,0.5,2.0,0.5,1.5,0.0,,0.0,0.0,0.0,2.0,0.0
2022-03-01,4.5,0.0,0.5,7.5,0.0,,0.0,0.0,11.0,12.5,24.0
2022-03-02,0.0,0.0,0.0,7.5,0.0,,0.0,0.0,11.0,0.0,0.0
2022-03-03,,,,,,,,,,,
2022-03-04,,,,,,,,,,,
2022-03-05,,,,,,,,,,,
2022-03-06,,,,,,,,,,,
2022-03-07,0.0,,5.0,41.0,0.0,,0.5,87.5,103.0,,0.5
2022-03-08,,,,,,,,,,,
2022-03-09,,,,,,,,,,,
2022-03-10,,,,,,,,,,,
2022-03-11,,,,,,,,,,,
2022-03-12,,,,,,,,,,,
2022-03-13,,,,,,,,,,,
2022-03-14,,,,,,,,,,,
2022-03-15,8.5,,0.0,4.0,0.0,,0.5,,0.0,2.5,
2022-03-16,0.5,0.0,,,,,,,,0.0,
2022-03-17,,,,,,,,,,,
2022-03-18,,,,,,,,,,,
2022-03-19,4.0,,,,,,,,1.5,3.5,
2022-03-20,,,,,,,,,,,
2022-03-21,,,,,,,,,2.0,,
2022-03-22,,,,,,,,,,,
2022-03-23,1.0,1.5,1.5,1.0,0.0,,,5.0,18.0,16.0,4.0
2022-03-24,1.5,0.5,0.5,1.0,0.0,,0.0,0.5,0.5,10.5,0.5
2022-03-25,9.0,7.5,,3.0,0.0,,,1.0,35.5,46.5,86.5
2022-03-26,79.0,47.5,31.5,60.5,0.0,,,19.0,35.5,43.5,0.5
2022-03-27,0.0,0.0,0.0,60.5,0.0,,0.0,19.0,19.0,0.0,0.0
2022-03-28,,,,,,,,,,,
2022-03-29,0.0,,,,,,,,,0.5,
2022-03-30,0.5,,,0.0,0.0,,,,0.0,0.5,
2022-03-31,,,,,,,,,,,
2022-04-01,0.0,4.0,1.0,0.5,0.0,,,1.5,1.0,0.5,0.0
2022-04-02,43.0,11.5,0.0,0.0,0.0,,0.0,0.0,27.5,0.0,0.0
2022-04-03,0.0,0.0,,,0.0,,,,27.5,0.0,
2022-04-04,,,,,,,,,,,
2022-04-05,1.0,,2.0,1.5,0.0,,,4.5,3.5,17.5,
2022-04-06,0.5,5.5,44.0,2.5,0.0,,3.5,0.5,0.5,5.0,
2022-04-07,3.5,1.0,44.0,2.5,0.0,,4.0,1.5,0.5,4.0,0.0
2022-04-08,0.0,5.5,0.5,8.0,0.0,,13.5,0.0,0.0,0.0,27.5
2022-04-09,1.5,35.0,3.5,8.0,0.0,,0.0,0.0,0.0,0.5,0.0
2022-04-10,0.0,0.0,0.0,0.0,0.0,,,0.0,0.0,0.5,0.0
2022-04-11,30.5,0.0,8.0,5.5,0.0,,,0.5,0.0,1.0,0.0
2022-04-12,0.0,0.0,9.0,5.5,0.0,,0.0,0.0,0.0,30.5,
2022-04-13,13.5,24.5,0.5,39.0,0.0,,,3.5,15.5,2.0,4.5
2022-04-14,3.0,4.0,0.5,39.0,0.0,,,3.5,15.5,0.0,2.0
2022-04-15,0.5,0.0,0.5,2.5,0.0,,0.0,17.5,4.0,0.0,0.0
2022-04-16,0.0,0.0,0.0,0.0,0.0,,0.0,0.0,0.0,0.5,11.0
2022-04-17,0.0,0.0,0.0,0.0,0.0,,,0.0,0.0,0.5,0.0
2022-04-18,,,,,,,,,,,
2022-04-19,18.0,3.0,3.5,9.5,0.0,,2.5,,0.0,0.5,0.5
2022-04-20,11.0,5.5,25.0,16.5,0.0,,,0.0,9.0,0.0,0.5
2022-04-21,1.5,1.0,25.0,16.5,0.0,,,0.5,9.0,5.5,0.0
2022-04-22,0.0,0.0,0.0,0.5,0.0,,,0.5,2.0,12.5,0.0
2022-04-23,0.0,0.0,1.0,0.0,0.0,,0.0,0.0,0.0,3.0,15.5
2022-04-24,11.5,0.0,29.5,3.0,0.0,,,27.0,23.5,9.5,10.5
2022-04-25,11.5,23.5,29.5,7.0,0.0,,,21.5,23.5,1.0,6.5
2022-04-26,11.5,0.5,2.0,11.0,0.0,,,21.5,10.5,0.5,0.0
2022-04-27,0.5,0.0,1.0,15.0,0.0,,0.0,17.0,7.0,0.5,14.0
2022-04-28,0.0,0.0,,0.0,0.0,,0.0,,0.0,0.5,18.5
2022-04-29,,,,,,,,,,,
2022-04-30,,,,,,,,,,,
2022-05-01,0.5,0.0,0.5,3.0,0.0,,0.0,0.5,7.0,0.0,0.0
2022-05-02,0.0,0.0,0.0,0.5,0.0,,,8.0,6.5,0.0,2.0
2022-05-03,0.0,0.5,1.5,0.0,0.0,,,0.0,0.0,0.0,0.0
2022-05-04,0.0,0.0,0.0,0.0,0.0,,,0.0,4.5,0.0,0.0
2022-05-05,48.5,0.0,18.0,52.0,0.0,,,8.0,14.0,0.0,18.0
2022-05-06,55.0,0.0,18.0,52.0,0.0,,,8.0,14.0,19.0,31.5
2022-05-07,0.0,,0.0,0.0,0.0,,,0.0,0.0,16.0,0.0
2022-05-08,,,21.0,,,,,17.5,12.0,4.0,
2022-05-09,0.5,,0.5,0.5,0.0,,,0.0,0.5,15.0,3.0
2022-05-10,,,,,,,,,0.0,,
2022-05-11,1.0,1.0,0.0,1.0,,,,2.5,3.5,16.5,0.0
2022-05-12,0.0,1.5,0.0,0.5,,,,0.0,0.0,3.0,23.5
2022-05-13,0.0,4.5,0.5,8.0,,,,7.5,4.5,0.5,2.0
2022-05-14,0.0,0.0,0.5,8.0,,,0.0,7.5,0.0,0.0,0.0
2022-05-15,0.0,0.0,0.0,0.0,,,,0.0,11.5,0.5,0.0
2022-05-16,2.0,2.5,21.5,2.0,,,3.5,17.0,13.5,36.5,38.5
2022-05-17,0.0,0.0,21.5,2.0,,,0.0,17.0,13.5,0.5,0.0
2022-05-18,0.0,0.0,0.0,0.5,,,,0.0,0.0,0.0,0.0
2022-05-19,0.0,2.5,0.0,0.0,,,0.0,0.0,0.0,0.5,0.0
2022-05-20,0.0,0.0,0.0,0.0,,,0.0,0.0,0.0,0.0,0.5
2022-05-21,0.0,0.0,0.0,0.0,,,,0.0,0.0,0.0,0.0
2022-05-22,0.0,0.5,0.5,0.0,,,,0.0,5.0,3.0,5.0
2022-05-23,2.0,0.0,0.5,0.5,,,0.0,0.0,5.0,0.0,0.0
2022-05-24,0.0,0.0,0.0,0.0,,,,0.0,0.0,0.0,0.0
2022-05-25,20.5,31.0,0.0,18.0,,,,4.0,11.5,15.0,0.0
2022-05-26,0.0,0.0,2.0,18.0,,,0.0,4.0,11.5,0.5,0.0
2022-05-27,1.5,0.0,19.5,0.0,,,5.5,0.0,0.5,0.0,9.0
2022-05-28,19.0,21.0,19.5,18.0,,,2.5,15.5,11.5,8.0,0.5
2022-05-29,46.5,59.5,22.0,45.5,,,24.5,23.5,30.5,35.0,31.5
2022-05-30,46.5,59.5,24.5,45.5,,,36.5,23.5,30.5,22.0,38.5
2022-05-31,11.5,37.0,25.5,17.0,,,0.0,15.0,23.5,6.0,12.5
2022-06-01,3.5,2.5,47.0,17.0,,,,3.5,1.5,2.0,14.0
2022-06-02,9.0,8.0,47.0,11.0,,,,0.5,1.5,2.0,5.5
2022-06-03,0.0,4.5,0.5,0.0,,,,2.0,2.0,2.0,2.0
2022-06-04,1.0,12.5,0.5,22.0,,,0.0,2.0,2.0,0.0,0.0
2022-06-05,23.0,60.5,0.0,23.5,,,0.5,15.5,26.0,8.5,0.5
2022-06-06,25.0,1.0,0.0,23.5,,,,15.5,26.0,38.5,15.5
2022-06-07,0.0,1.5,0.0,5.0,,,,2.5,2.0,2.0,1.0
2022-06-08,6.0,3.0,0.0,1.5,,,0.5,1.5,1.0,0.0,0.5
2022-06-09,5.0,18.5,2.0,26.0,,,0.0,5.5,11.5,17.5,21.5
2022-06-10,0.0,0.5,2.0,26.0,,,5.5,7.5,11.5,0.5,9.0
2022-06-11,2.5,5.0,4.0,4.5,,,0.0,11.5,5.5,0.0,63.5
2022-06-12,0.0,0.0,4.0,4.5,,,0.0,11.5,5.5,0.0,0.0
2022-06-13,0.0,0.0,0.0,0.5,,,0.0,0.5,0.0,0.0,0.0
2022-06-14,16.5,2.0,0.0,6.0,,,0.0,0.0,0.0,0.0,0.0
2022-06-15,1.0,0.5,2.5,0.5,,,,12.5,7.0,7.0,38.0
2022-06-16,0.5,0.0,3.0,0.5,,,,14.5,7.0,1.0,0.5
2022-06-17,18.0,0.0,2.5,11.0,,,,24.5,13.5,8.0,8.5
2022-06-18,0.5,3.5,2.5,11.0,,,0.0,24.5,13.5,0.0,1.0
2022-06-19,0.0,0.0,1.0,4.0,,,0.0,1.0,1.0,0.0,0.0
2022-06-20,0.0,1.0,0.0,0.0,,,,1.5,1.0,0.5,0.5
2022-06-21,0.0,0.0,5.5,0.0,,,,0.0,0.0,0.0,0.5
2022-06-22,0.0,1.0,5.5,0.0,,,,0.0,0.5,0.0,0.0
2022-06-23,0.0,20.5,1.0,0.5,,,,50.0,32.0,4.5,29.0
2022-06-24,2.0,0.5,3.0,0.5,,,,50.0,32.0,9.5,60.5
2022-06-25,0.0,0.0,3.0,0.0,,,,1.0,0.0,,60.5
2022-06-26,0.0,0.5,0.0,0.5,,,,17.0,8.0,0.0,6.5
2022-06-27,0.5,0.5,0.0,0.5,,,0.5,17.0,8.0,1.5,6.5
2022-06-28,6.5,9.0,10.0,5.5,,,43.0,9.5,19.5,22.0,64.5
2022-06-29,0.0,0.0,20.5,5.5,,,,9.5,19.5,,2.0
2022-06-30,10.5,2.5,20.5,0.5,,,,0.0,1.5,0.5,0.0
2022-07-01,0.0,0.0,0.0,0.5,,,,0.0,0.5,,0.0
2022-07-02,0.0,0.0,1.5,0.0,,,,0.0,0.0,,0.0
2022-07-03,0.0,0.0,1.5,0.0,,,,0.0,0.0,0.0,0.0
2022-07-04,0.0,8.0,2.0,0.0,,,,0.0,4.0,,0.0
2022-07-05,0.0,0.0,0.0,0.0,,,,0.0,0.5,4.5,1.0
2022-07-06,0.0,0.0,0.0,0.5,,,0.0,0.5,8.5,15.5,0.0
2022-07-07,0.0,0.0,0.0,0.5,,,0.0,0.5,8.5,0.0,0.0
2022-07-08,0.0,0.0,0.0,0.0,,,0.0,0.0,0.0,0.0,0.0
2022-07-09,0.0,0.0,0.0,0.0,,,0.0,0.0,0.0,0.0,0.0
2022-07-10,0.0,0.0,1.5,0.0,,,0.0,0.0,0.0,0.0,4.0
2022-07-11,19.0,12.0,17.5,12.5,,,0.0,8.5,6.0,5.0,7.0
2022-07-12,57.5,37.0,69.0,32.0,,,0.0,33.0,26.0,31.5,107.0
2022-07-13,7.5,8.0,69.0,32.0,,,0.0,33.0,26.0,7.5,4.0
2022-07-14,16.5,5.5,3.0,11.5,,,0.0,2.5,10.0,5.5,6.0
2022-07-15,0.0,0.0,0.5,5.5,,,0.0,0.5,1.0,0.0,0.0
2022-07-16,0.0,0.0,0.0,1.5,,,0.0,0.5,0.0,0.0,0.0
2022-07-17,0.0,0.0,0.0,0.5,,,0.0,0.0,0.0,0.0,0.0
2022-07-18,0.0,0.0,0.0,0.0,,,0.0,0.5,0.0,0.0,0.0
2022-07-19,0.0,0.0,0.0,,,,0.0,0.5,0.0,0.0,1.5
2022-07-20,0.0,0.0,0.0,0.0,,,0.0,0.0,0.0,0.0,0.5
2022-07-21,0.0,0.0,0.0,0.0,,,0.0,0.0,0.0,0.0,0.0
2022-07-22,32.5,0.5,0.5,1.5,,,0.0,0.0,18.0,6.5,45.0
2022-07-23,9.5,2.0,0.5,5.5,,,0.0,0.0,18.0,2.0,4.5
2022-07-24,5.5,11.5,0.5,5.5,,,0.0,0.5,1.5,3.5,0.5
2022-07-25,0.5,23.0,11.0,4.5,,,0.0,1.5,1.0,4.5,48.0
2022-07-26,10.5,10.0,11.0,3.0,,,0.0,1.5,3.5,3.0,0.0
2022-07-27,2.0,3.5,0.5,3.0,,,0.0,55.0,9.5,8.5,3.5
2022-07-28,20.0,62.0,12.0,33.5,,,0.0,56.0,33.0,0.0,2.5
2022-07-29,0.0,62.0,12.0,33.5,,,0.0,48.5,33.0,1.0,13.0
2022-07-30,2.0,0.0,1.5,5.5,,,0.0,1.0,0.0,4.0,17.5
2022-07-31,0.0,0.0,1.5,0.0,,,0.0,1.0,0.0,0.0,0.0
2022-08-01,0.0,0.0,11.0,0.0,,,0.0,0.0,0.0,0.0,0.5
2022-08-02,66.5,50.5,17.5,34.5,,,0.0,5.0,25.5,30.0,13.0
2022-08-03,7.5,9.5,18.0,39.5,,,0.0,21.0,26.0,23.0,35.0
2022-08-04,0.0,,12.5,8.5,,,0.0,21.0,21.5,0.0,0.0
2022-08-05,0.0,,0.0,0.0,,,0.0,0.0,0.0,0.0,0.0
2022-08-06,7.5,,10.0,8.0,,,0.0,8.0,8.5,11.5,3.0
2022-08-07,0.0,0.0,10.0,8.0,,,0.0,8.0,8.5,0.0,0.0
2022-08-08,0.0,0.0,0.0,0.0,,,0.0,0.5,0.0,0.0,0.0
2022-08-09,0.0,0.0,0.0,0.0,,,0.0,0.0,0.0,0.0,0.0
2022-08-10,0.0,0.0,0.0,0.0,,,0.0,0.0,0.0,0.0,0.0
2022-08-11,,,,,,,,,,,
2022-08-12,,,,,,,,,,,
2022-08-13,,,,,,,,,,,
2022-08-14,2.5,1.0,0.0,0.0,,,2.5,0.0,0.0,1.5,0.5
2022-08-15,2.0,3.0,9.0,10.5,,,0.0,0.0,0.0,0.5,0.0
2022-08-16,43.5,0.5,9.0,42.5,,,0.0,4.0,9.0,8.5,15.5
2022-08-17,4.0,,6.5,42.5,,,0.0,4.0,9.0,0.0,0.0
2022-08-18,0.0,0.0,1.5,2.5,,,0.0,2.0,17.0,8.0,3.0
2022-08-19,0.0,0.0,0.0,0.0,,,0.0,1.0,17.0,0.5,0.0
2022-08-20,0.0,0.0,0.0,0.0,,,0.5,0.0,0.0,0.0,0.0
2022-08-21,9.0,3.0,50.0,31.0,,,3.0,5.0,6.0,18.0,30.5
2022-08-22,0.5,1.0,50.0,31.0,,,0.0,5.0,6.0,0.0,30.5
2022-08-23,10.0,0.0,12.0,15.5,,,6.0,22.5,0.0,6.5,3.0
2022-08-24,0.0,0.0,12.0,15.5,,,0.0,22.5,0.0,0.0,0.0
2022-08-25,1.0,0.5,43.0,0.5,,,34.0,9.5,14.0,18.5,27.0
2022-08-26,0.5,0.0,7.0,1.0,,,1.5,0.0,0.5,0.5,0.5
2022-08-27,10.5,0.5,24.0,7.0,,,6.5,34.0,23.0,18.5,24.0
2022-08-28,2.0,0.0,24.0,12.0,,,1.0,36.5,24.0,6.0,0.0
2022-08-29,0.0,0.5,4.5,1.0,,,57.5,3.5,7.5,3.5,34.5
2022-08-30,0.5,0.0,4.5,0.0,,,53.0,4.5,5.0,2.0,44.0
2022-08-31,0.0,0.5,0.0,0.0,,,1.5,0.0,0.5,0.0,0.0
2022-09-01,12.0,0.5,,22.0,,,19.0,0.0,3.5,14.0,0.0
2022-09-02,7.5,0.0,2.0,22.0,,,2.5,2.5,3.5,0.5,0.0
2022-09-03,31.0,0.5,6.0,49.5,,,0.0,10.0,8.0,3.5,0.0
2022-09-04,0.5,0.0,8.5,49.5,,,0.5,10.0,8.0,12.5,9.0
2022-09-05,0.0,0.0,8.5,0.0,,,0.0,3.5,7.5,0.0,0.0
2022-09-06,0.0,0.0,0.0,0.0,,,0.0,0.0,0.0,0.0,0.0
2022-09-07,0.0,0.0,0.0,0.0,,,17.0,0.0,0.0,0.5,3.0
2022-09-08,15.5,0.5,0.5,10.0,,,6.0,2.0,1.0,2.0,3.0
2022-09-09,0.0,0.0,0.5,10.0,,,0.5,2.0,1.0,0.0,0.0
2022-09-10,0.0,0.0,0.0,0.0,,,0.0,0.0,0.0,0.0,0.0
2022-09-11,8.5,0.0,19.5,18.0,,,0.0,3.0,0.0,12.0,2.5
2022-09-12,0.0,0.0,2.0,0.0,,,15.5,8.0,10.5,11.5,0.0
2022-09-13,0.0,0.0,2.0,0.5,,,0.0,8.0,10.5,0.5,14.0
2022-09-14,1.0,0.5,0.0,0.5,,,4.0,1.5,1.0,0.0,0.5
2022-09-15,4.0,0.0,7.5,3.0,,,8.5,5.5,2.5,2.0,2.5
2022-09-16,2.0,0.0,,12.5,,,4.0,7.5,8.0,6.0,6.0
2022-09-17,3.5,0.0,0.0,12.5,,,0.0,7.5,8.0,0.0,0.0
2022-09-18,4.5,0.0,20.0,6.5,,,0.5,7.0,27.5,29.5,0.0
2022-09-19,0.0,0.0,20.0,6.5,,,0.0,7.0,0.0,0.0,0.0
2022-09-20,,,,,,,,,,,
2022-09-21,,,,,,,,,,,
2022-09-22,,,,,,,,,,,
2022-09-23,,,,,,,,,,,
2022-09-24,,,,,,,,,,,
2022-09-25,,,,,,,,,,,
2022-09-26,,,,,,,,,,,
2022-09-27,6.0,0.0,,,,,0.0,,0.0,0.0,25.5
2022-09-28,12.0,0.0,3.5,11.5,,,9.0,3.0,5.5,7.5,7.5
2022-09-29,27.5,0.5,5.5,19.5,,,7.0,11.0,8.5,15.5,7.0
2022-09-30,10.5,0.0,5.5,19.5,,,0.5,11.0,8.5,20.5,2.0
2022-10-01,4.0,0.0,3.0,7.5,,,8.0,3.0,3.0,4.5,14.5
2022-10-02,8.0,0.0,4.5,15.5,,,1.0,4.0,7.0,27.5,2.0
2022-10-03,0.5,0.0,5.5,15.5,,,0.5,4.5,7.0,0.5,0.5
2022-10-04,,,,,,,,,,,
2022-10-05,6.0,1.0,,,,,15.5,,27.5,44.5,
2022-10-06,6.0,0.5,3.5,6.5,,,3.5,48.5,28.0,52.0,5.0
2022-10-07,16.0,0.0,28.5,14.0,,,64.0,,29.5,28.5,48.5
2022-10-08,10.0,0.0,29.0,14.0,,,6.0,0.0,29.5,0.5,1.0
2022-10-09,11.5,0.0,3.0,10.0,,,10.5,38.0,50.0,41.5,5.5
2022-10-10,14.0,0.0,3.0,10.0,,,0.0,38.0,50.0,0.0,0.0
2022-10-11,0.5,0.0,0.0,9.0,,,0.0,16.5,10.5,1.0,0.0
2022-10-12,0.5,0.0,0.0,3.5,,,1.5,0.5,8.5,0.0,1.0
2022-10-13,0.5,0.5,0.0,3.5,,,9.5,15.5,8.5,2.5,18.5
2022-10-14,0.5,0.0,,2.5,,,25.5,15.5,6.0,3.0,18.0
2022-10-15,6.0,0.0,30.0,7.5,,,43.5,3.5,8.5,7.0,26.0
2022-10-16,37.0,0.0,39.5,35.5,,,13.5,25.5,17.5,27.0,22.5
2022-10-17,0.5,4.0,0.0,0.0,,,0.0,3.0,0.5,0.0,0.0
2022-10-18,23.0,14.5,10.5,15.5,,,14.5,7.0,4.0,3.0,22.0
2022-10-19,5.5,3.5,10.5,16.0,,,0.0,7.0,4.0,0.0,0.0
2022-10-20,0.0,0.0,0.5,4.0,,,1.0,1.0,1.0,0.0,0.0
2022-10-21,50.0,72.0,7.5,50.0,,,15.0,56.0,18.0,16.0,9.5
2022-10-22,2.0,1.5,7.5,50.0,,,0.5,56.0,18.0,1.0,0.5
2022-10-23,0.0,0.0,,,,,0.5,,0.0,0.5,0.0
2022-10-24,,,,,,,0.5,,0.0,,
2022-10-25,2.5,0.5,4.5,7.0,,,27.0,0.0,0.0,13.5,9.0
2022-10-26,4.5,7.5,38.5,7.0,,,37.0,24.0,40.0,76.5,28.5
2022-10-27,5.5,7.5,38.5,7.0,,,14.0,24.0,40.0,30.0,20.5
2022-10-28,13.0,27.5,16.0,20.0,,,13.5,12.0,9.0,8.5,33.0
2022-10-29,6.5,19.5,16.0,20.0,,,11.0,12.0,12.0,9.5,0.5
2022-10-30,0.0,0.0,3.0,0.0,,,5.5,0.0,0.0,0.0,0.0
2022-10-31,6.0,17.0,3.0,3.0,,,6.5,39.0,7.5,20.0,3.5
2022-11-01,0.0,0.0,0.0,3.0,,,0.5,39.0,7.5,0.0,5.0
2022-11-02,0.0,,,,,,,,0.0,0.0,
2022-11-03,7.5,8.0,8.5,6.5,,,41.5,37.0,21.5,,30.0
2022-11-04,6.0,5.0,34.0,6.5,,,14.5,37.0,21.5,13.0,4.5
2022-11-05,2.5,6.0,34.0,2.5,,,7.0,7.5,6.0,6.5,1.0
2022-11-06,1.0,0.5,3.5,2.5,,,2.0,1.0,2.0,1.5,0.5
2022-11-07,0.0,,,,,,0.0,,0.0,0.5,
2022-11-08,5.0,0.0,4.0,0.0,,,0.0,0.5,0.0,0.0,0.5
2022-11-09,0.5,0.0,0.0,0.0,,,0.0,0.0,0.5,0.5,13.0
2022-11-10,8.5,11.0,6.5,7.0,,,13.0,28.5,33.5,37.0,15.0
2022-11-11,21.5,20.5,6.5,18.0,,,13.0,31.5,34.0,28.0,9.0
2022-11-12,0.0,0.0,4.5,18.0,,,0.0,31.5,24.0,0.0,0.0
2022-11-13,0.0,5.0,18.0,0.0,,,11.0,4.0,17.5,7.0,0.5
2022-11-14,123.0,57.5,9.5,102.0,,,62.0,11.5,21.0,49.0,42.5
2022-11-15,0.0,0.0,9.5,102.0,,,0.0,12.0,21.0,0.5,1.0
2022-11-16,51.5,10.0,1.5,29.0,,,0.5,10.0,4.0,1.5,1.0
2022-11-17,7.0,10.5,1.0,29.0,,,79.0,10.0,4.0,2.0,32.0
2022-11-18,11.0,0.0,1.0,3.5,,,4.5,4.5,4.0,0.0,14.0
2022-11-19,16.5,2.0,5.0,9.5,,,0.5,1.0,0.0,0.0,0.0
2022-11-20,0.0,0.0,5.0,9.5,,,0.5,7.5,0.5,0.5,0.5
2022-11-21,0.5,0.5,1.0,0.0,,,0.0,7.5,1.5,10.5,0.0
2022-11-22,2.5,8.0,8.5,3.5,,,5.0,8.5,13.5,3.0,1.5
2022-11-23,18.5,42.5,10.0,28.5,,,6.5,51.5,18.5,21.5,24.0
2022-11-24,2.0,0.0,10.0,28.5,,,0.0,52.0,18.5,0.0,0.0
2022-11-25,0.0,0.0,2.5,0.5,,,1.5,0.5,0.0,0.5,0.5
2022-11-26,0.0,0.0,3.5,0.0,,,0.0,4.0,0.5,23.0,0.5
2022-11-27,0.0,0.0,6.5,0.0,,,31.0,4.0,4.5,12.5,28.0
2022-11-28,0.0,0.0,6.5,1.0,,,0.5,0.5,4.5,0.5,0.0
2022-11-29,1.0,10.0,1.5,3.5,,,0.0,0.0,0.0,0.0,0.0
2022-11-30,1.0,4.0,1.5,5.5,,,0.0,2.0,2.5,1.0,1.0
2022-12-01,1.0,1.5,2.0,5.5,,,13.0,2.0,2.5,1.0,1.0
2022-12-02,3.0,2.0,2.0,4.0,,,2.0,3.5,3.0,3.5,1.0
2022-12-03,7.5,6.5,1.0,6.0,,,5.5,5.0,4.5,4.0,4.5
2022-12-04,0.0,0.5,1.0,6.0,,,0.5,5.0,4.5,0.5,0.5
2022-12-05,0.5,0.0,0.0,0.0,,,2.0,0.5,0.0,0.0,0.0
2022-12-06,10.5,25.5,32.0,30.0,,,15.0,1.0,0.0,7.0,42.5
2022-12-07,0.5,0.0,32.0,30.0,,,15.0,1.0,0.0,0.0,0.0
2022-12-08,51.0,37.5,9.0,31.0,,,12.0,19.0,30.0,23.5,14.0
2022-12-09,29.0,37.5,10.5,33.5,,,23.5,35.0,32.0,30.5,15.5
2022-12-10,10.0,6.5,10.5,23.5,,,0.5,3.5,31.5,0.0,0.5
2022-12-11,1.0,4.5,,9.5,,,1.0,3.5,1.5,1.5,
2022-12-12,5.5,0.5,0.5,1.0,,,0.5,3.0,1.5,1.0,
2022-12-13,0.0,0.0,0.5,0.5,,,0.0,0.5,0.5,0.0,
2022-12-14,0.0,0.0,0.0,0.0,,,0.0,0.0,0.0,0.0,
2022-12-15,0.0,0.0,0.0,0.0,,,0.0,0.0,0.0,0.0,
2022-12-16,0.0,0.0,0.0,0.0,,,0.0,0.0,0.0,0.0,
2022-12-17,11.5,8.5,0.0,7.0,,,3.0,3.5,8.5,0.0,
2022-12-18,58.5,58.0,24.5,52.0,,,58.5,76.5,75.0,56.5,
2022-12-19,7.5,7.5,28.5,55.5,,,6.0,81.5,75.5,3.0,3.0
2022-12-20,1.0,1.5,3.5,6.5,,,0.0,11.0,10.0,0.0,0.0
2022-12-21,16.0,5.5,3.5,18.0,,,11.5,14.0,14.0,12.0,1.5
2022-12-22,0.0,0.0,3.5,18.0,,,0.0,14.0,14.0,0.5,0.0
2022-12-23,0.0,0.0,0.0,0.0,,,,0.5,0.0,0.0,0.0
2022-12-24,0.0,0.0,0.0,0.0,,,,0.5,0.0,0.0,0.0
2022-12-25,0.0,0.0,0.0,0.0,,,,0.0,0.0,0.0,0.0
2022-12-26,0.0,0.0,0.0,0.0,,,0.0,0.0,0.0,0.0,0.0
2022-12-27,0.0,0.0,0.0,0.0,,,0.0,0.0,0.0,0.0,0.0
2022-12-28,0.0,0.0,0.0,0.0,,,0.0,0.0,0.0,0.0,0.0
2022-12-29,0.0,0.0,0.0,0.0,,,0.0,0.0,0.0,0.0,0.0
2022-12-30,0.0,0.0,0.0,0.0,,,0.0,0.0,0.0,0.0,0.0
2022-12-31,0.0,0.0,0.0,0.0,,,0.0,0.0,0.0,0.0,0.0
2023-01-01,0.0,0.0,0.0,0.0,,,0.0,0.0,0.0,0.0,0.0
2023-01-02,,,,,,,,,,,
2023-01-03,,,,,,,,,,,
2023-01-04,1.5,0.0,0.0,0.5,,,0.0,0.0,0.0,0.0,
2023-01-05,0.0,0.0,0.0,0.5,,,0.0,0.5,0.0,0.0,
2023-01-06,0.0,0.0,0.0,0.0,,,0.0,0.5,0.0,0.0,
2023-01-07,5.5,13.0,10.0,8.5,,,4.5,12.0,12.0,6.0,
2023-01-08,6.0,6.0,1.0,9.0,,,17.0,19.0,10.5,0.0,
2023-01-09,4.0,0.5,1.0,5.5,,,0.0,19.0,10.5,0.0,
2023-01-10,0.0,7.5,0.0,1.5,,,1.5,1.0,0.0,0.5,
2023-01-11,0.0,0.0,0.0,0.5,,,0.0,26.0,6.0,0.0,
2023-01-12,51.5,30.0,0.0,15.5,,,3.5,26.0,6.5,5.5,
2023-01-13,6.0,3.0,3.5,15.5,,,8.0,29.5,48.5,28.0,
2023-01-14,0.0,0.0,3.5,9.5,,,0.0,29.5,48.5,0.0,
2023-01-15,0.0,0.0,0.0,0.0,,,0.0,0.5,0.5,3.0,
2023-01-16,0.0,0.0,0.0,0.0,,,0.0,0.5,0.5,0.5,
2023-01-17,0.0,0.0,0.0,0.0,,,0.0,0.0,0.0,0.0,
2023-01-18,0.0,0.0,0.0,0.0,,,0.0,0.5,2.0,0.0,
2023-01-19,0.0,0.0,0.0,0.0,,,0.0,0.5,2.0,0.0,
2023-01-20,0.0,0.0,0.0,0.0,,,0.0,0.5,4.5,0.0,
2023-01-21,2.0,8.5,2.5,5.5,,,4.5,8.0,1.0,0.5,
2023-01-22,5.5,1.0,2.5,5.5,,,1.0,8.0,3.5,2.5,
2023-01-23,9.5,8.0,2.0,7.5,,,0.0,7.5,3.5,1.0,
2023-01-24,1.0,0.0,4.0,7.5,,,1.5,4.5,2.0,5.0,
2023-01-25,3.0,1.0,4.0,1.5,,,0.0,0.0,2.0,0.0,
2023-01-26,0.0,0.0,0.5,1.5,,,0.0,0.0,0.0,0.0,
2023-01-27,0.0,0.0,0.0,0.0,,,0.0,0.0,0.0,0.0,
2023-01-28,0.5,0.0,0.0,0.0,,,0.0,0.0,0.0,0.0,
2023-01-29,0.0,0.0,0.0,0.0,,,0.0,0.5,0.0,0.0,
2023-01-30,0.5,0.5,0.0,0.0,,,0.0,1.5,1.0,0.0,
2023-01-31,0.0,0.0,0.0,0.0,,,0.0,1.5,1.0,0.0,
2023-02-01,0.0,0.0,0.0,0.0,,,0.0,0.0,0.0,0.0,
2023-02-02,5.5,0.0,0.0,6.0,,,0.0,0.0,0.0,0.0,
2023-02-03,3.5,6.0,0.5,6.0,,,4.5,6.5,14.5,9.0,
2023-02-04,0.0,0.0,0.0,0.0,,,0.5,0.5,0.0,0.0,
2023-02-05,0.0,0.0,0.0,0.0,,,0.0,0.5,0.0,0.0,
2023-02-06,0.5,2.0,31.0,1.0,,,0.0,13.0,20.0,2.0,
2023-02-07,0.0,0.5,31.0,1.0,,,0.0,13.0,20.0,0.0,
2023-02-08,0.0,0.0,0.0,0.0,,,0.0,0.5,0.0,0.0,
2023-02-09,0.0,0.0,0.0,0.0,,,0.0,0.0,0.0,0.0,
2023-02-10,78.0,73.5,0.0,38.0,,,20.5,38.0,35.0,15.5,
2023-02-11,0.5,0.0,0.0,38.0,,,0.5,38.0,35.0,0.0,
2023-02-12,0.0,0.0,0.0,0.5,,,0.0,0.0,0.0,0.0,
2023-02-13,0.0,0.0,0.0,0.0,,,0.0,0.0,0.0,0.0,
2023-02-14,0.0,0.0,0.0,0.0,,,0.0,0.0,0.0,0.0,
2023-02-15,0.0,0.0,0.0,0.0,,,0.0,0.0,0.0,0.0,
2023-02-16,,,,,,,,,,,
2023-02-17,0.0,0.0,0.0,0.0,,,0.0,0.0,0.0,0.0,
2023-02-18,0.0,0.0,0.0,0.0,,,0.0,0.0,0.0,0.0,
2023-02-19,0.0,0.0,0.0,0.0,,,0.0,0.0,0.0,0.0,
2023-02-20,0.0,0.0,0.0,0.0,,,0.0,0.0,0.0,0.0,
2023-02-21,0.0,0.0,0.0,0.0,,,0.0,0.0,0.0,0.0,
2023-02-22,0.0,0.0,0.0,0.0,,,0.0,0.0,0.0,0.0,
2023-02-23,0.0,0.0,0.0,0.0,,,0.0,0.0,0.0,0.0,
2023-02-24,0.0,0.0,0.0,0.0,,,0.0,0.0,0.0,0.0,
2023-02-25,0.0,0.0,0.0,0.0,,,0.0,0.0,0.0,0.0,
2023-02-26,0.0,4.0,0.0,0.0,,,0.0,0.0,0.0,0.0,
2023-02-27,0.5,0.0,0.0,1.0,,,0.0,0.0,0.0,0.0,
2023-02-28,4.0,4.5,0.5,3.5,,,1.5,12.0,6.5,4.5,
2023-03-01,9.5,13.0,2.0,9.5,,,3.0,17.0,17.0,13.5,
2023-03-02,0.0,0.0,2.0,9.5,,,0.5,17.0,17.0,0.0,
2023-03-03,0.0,0.0,0.0,0.0,,,0.0,0.0,0.0,0.0,
2023-03-04,0.0,0.0,0.0,0.0,,,0.0,0.0,0.0,0.0,
2023-03-05,0.0,0.0,0.0,0.0,,,0.0,0.0,0.0,0.0,
2023-03-06,0.0,0.0,0.0,0.0,,,0.0,0.0,0.0,0.0,
2023-03-07,0.0,0.0,0.0,0.0,,,0.0,0.0,0.0,0.0,
2023-03-08,0.0,0.0,0.0,0.0,,,0.0,0.0,0.0,0.0,
2023-03-09,0.0,0.0,0.0,0.0,,,0.0,0.0,0.0,0.0,
2023-03-10,0.0,0.0,0.0,0.0,,,0.0,0.0,0.0,0.0,
2023-03-11,0.0,0.0,0.0,0.0,,,0.0,0.0,0.0,0.0,
2023-03-12,0.0,0.0,0.0,0.0,,,0.0,0.0,0.0,0.0,
2023-03-13,0.0,0.0,0.0,0.0,,,0.0,0.0,0.0,0.0,
2023-03-14,,,,,,,,,,,
2023-03-15,,,,,,,,,,,
2023-03-16,0.0,0.0,0.0,0.0,,,0.0,0.0,0.0,0.0,
2023-03-17,0.0,0.0,2.0,0.0,,,0.0,0.0,0.0,0.0,
2023-03-18,0.0,0.0,2.0,0.0,,,0.0,0.0,0.0,0.0,
2023-03-19,0.0,0.0,0.0,0.0,,,0.0,0.0,0.0,0.0,
2023-03-20,0.0,0.0,6.5,0.0,,,0.0,0.0,0.0,0.0,
2023-03-21,0.0,0.0,6.5,,,,0.0,,0.0,,
2023-03-22,,,,,,,,,,,
2023-03-23,11.0,50.5,21.0,28.5,,,10.0,21.0,43.5,4.5,
2023-03-24,0.0,0.0,21.0,28.5,,,0.0,21.0,43.5,0.5,
2023-03-25,0.0,0.0,12.0,0.5,,,14.5,0.0,0.0,0.0,
2023-03-26,0.0,0.0,12.0,0.0,,,0.5,0.0,0.0,0.0,
2023-03-27,0.0,0.0,42.5,0.0,,,0.0,0.0,0.0,0.0,
2023-03-28,5.0,0.0,0.0,3.5,,,0.0,1.0,10.5,5.0,
2023-03-29,12.5,1.0,9.5,3.5,,,0.0,1.0,10.5,0.5,
2023-03-30,0.0,0.0,9.5,3.0,,,0.0,0.0,0.0,0.0,
2023-03-31,0.0,0.0,0.0,0.0,,,0.0,0.0,0.0,0.0,
2023-04-01,0.0,0.0,0.0,0.0,,,0.0,0.0,0.0,0.0,
2023-04-02,8.5,0.5,0.0,0.0,,,0.0,39.5,15.5,5.5,
2023-04-03,0.5,,2.5,0.0,,,0.0,0.0,0.0,0.0,
2023-04-04,16.5,32.5,0.0,40.5,,,0.0,0.0,0.0,0.0,
2023-04-05,0.0,,,,,,7.5,,,,
2023-04-06,0.5,,0.0,,,,,,32.5,13.5,
2023-04-07,7.5,0.5,11.5,4.5,,,8.0,11.0,32.5,13.5,
2023-04-08,0.0,0.0,0.0,0.0,,,0.0,0.0,0.0,0.0,
2023-04-09,0.0,1.0,0.0,1.0,,,0.0,0.0,0.0,0.0,
2023-04-10,0.0,0.5,0.0,1.0,,,0.0,0.0,0.0,0.0,
2023-04-11,0.0,0.0,0.0,0.0,,,,0.0,0.0,0.0,
2023-04-12,,,,0.0,,,,0.0,0.0,,
2023-04-13,,,,0.0,,,,0.0,0.0,,
2023-04-14,,,,0.0,,,,0.0,0.0,,
2023-04-15,,,0.0,0.0,,,,0.0,0.0,,
2023-04-16,,,0.0,0.0,,,,0.0,0.0,,
2023-04-17,,,0.0,0.0,,,,0.0,0.0,,
2023-04-18,,,0.0,0.0,,,,0.0,0.0,,
2023-04-19,,,0.0,0.0,,,,0.0,0.0,,
2023-04-20,,,0.0,10.5,,,,0.0,0.0,,
2023-04-21,,,0.0,10.5,,,,0.0,1.0,,
2023-04-22,,,0.0,0.0,,,,0.0,1.0,,
2023-04-23,,,18.5,1.5,,,,10.0,3.5,,
2023-04-24,,,18.5,1.5,,,,10.0,3.5,,
2023-04-25,,,0.0,0.0,,,,0.0,0.0,,
2023-04-26,,,0.0,0.0,0.0,,,0.0,0.0,,
2023-04-27,0.0,,9.0,0.0,,,,0.0,0.5,0.0,
2023-04-28,11.5,,9.0,3.5,,,0.0,10.5,5.0,1.5,
2023-04-29,4.5,0.5,41.5,3.5,,,11.0,10.5,5.0,0.0,
2023-04-30,0.0,1.0,41.5,3.0,,,0.0,4.0,7.5,5.0,
2023-05-01,0.0,0.0,21.0,0.0,,,,4.0,7.5,0.0,
2023-05-02,53.0,35.5,7.5,34.0,,,,32.0,10.0,7.5,
2023-05-03,46.5,0.0,22.5,34.0,,,,32.0,12.5,2.5,
2023-05-04,7.5,16.5,0.0,4.5,,,,0.0,0.5,0.0,
2023-05-05,6.5,0.0,0.0,4.5,,,,11.0,14.0,3.5,
2023-05-06,3.5,,0.0,0.5,,,0.0,11.0,14.0,0.0,
2023-05-07,3.5,10.0,27.0,2.5,,,0.0,2.5,0.0,0.0,
2023-05-08,0.0,0.0,27.0,2.5,,,7.0,3.0,2.0,0.0,
2023-05-09,0.0,,0.0,0.0,,,0.0,3.5,2.0,0.0,
2023-05-10,5.0,,0.0,0.0,,,0.0,0.0,5.0,0.5,
2023-05-11,0.0,0.0,0.0,0.0,,,0.0,0.0,0.0,0.0,
2023-05-12,0.0,0.0,0.0,0.0,,,0.0,0.0,0.0,0.0,
2023-05-13,0.0,0.0,0.0,0.0,,,,0.0,0.0,0.0,
2023-05-14,0.0,0.0,17.5,0.0,,,0.0,0.0,0.0,0.0,
2023-05-15,0.0,0.5,17.5,0.0,,,0.0,1.5,46.5,40.0,
2023-05-16,14.5,7.0,20.0,17.5,,,,10.5,57.0,9.0,
2023-05-17,0.0,0.0,18.0,17.5,,,,7.0,6.5,0.0,
2023-05-18,0.0,0.0,3.5,0.0,,,0.0,2.5,0.5,0.0,
2023-05-19,1.0,1.5,3.5,0.0,,,0.0,5.0,1.5,1.5,
2023-05-20,10.5,1.5,16.0,3.5,,,2.5,5.0,1.5,0.0,
2023-05-21,0.0,0.5,20.0,3.5,,,0.0,0.0,0.0,0.0,
2023-05-22,14.0,4.0,20.0,9.5,,,9.5,11.5,8.0,11.0,
2023-05-23,0.0,0.0,20.0,9.5,,,0.0,11.5,8.0,0.0,
2023-05-24,0.0,0.0,1.0,0.0,,,0.0,0.0,0.0,0.0,
2023-05-25,0.0,0.0,1.0,0.0,,,0.0,0.0,0.0,0.0,
2023-05-26,8.5,4.0,1.0,6.5,,,25.5,0.0,0.0,3.0,
2023-05-27,2.5,4.0,1.0,6.5,,,1.0,0.5,5.0,4.0,
2023-05-28,13.5,12.0,10.5,11.0,,,16.5,26.0,22.5,32.5,
2023-05-29,0.0,0.5,11.5,11.0,,,,26.0,22.5,3.5,
2023-05-30,1.0,5.5,11.5,0.5,,,0.0,0.5,15.0,14.5,
2023-05-31,0.0,0.0,3.0,0.5,,,0.0,0.5,15.0,0.0,
2023-06-01,0.0,0.0,0.0,0.0,,,,0.5,2.0,0.0,
2023-06-02,0.0,0.5,0.0,0.0,,,,0.0,0.0,0.0,
2023-06-03,1.5,4.0,51.5,3.0,,,,4.0,15.0,15.5,
2023-06-04,0.5,1.0,52.5,3.0,,,,6.0,15.5,0.5,
2023-06-05,0.0,17.0,1.0,7.0,,,,0.5,1.0,0.0,
2023-06-06,1.5,2.0,4.0,7.0,,,,4.0,2.5,8.0,
2023-06-07,0.0,0.0,4.0,0.5,,,0.0,4.0,3.0,8.0,
2023-06-08,0.0,0.0,0.0,0.0,,,0.0,0.0,0.0,0.0,
2023-06-09,0.0,0.0,0.0,0.0,,,8.0,0.0,0.0,0.0,
2023-06-10,1.5,0.0,0.0,5.5,,,0.0,5.0,18.5,26.5,
2023-06-11,0.0,0.5,0.0,5.5,,,,5.0,18.5,0.0,
2023-06-12,0.0,0.0,0.0,0.0,,,,0.0,1.0,0.0,
2023-06-13,0.0,0.0,0.0,0.0,,,0.0,0.0,1.0,0.0,
2023-06-14,0.0,14.5,11.0,8.0,,,0.0,10.0,3.5,0.0,
2023-06-15,0.0,0.0,11.0,8.0,,,0.0,10.0,3.5,0.0,
2023-06-16,0.0,0.0,0.0,0.0,,,0.0,0.0,0.0,0.0,
2023-06-17,6.0,,4.0,6.0,,,60.0,12.0,11.5,,
2023-06-18,3.0,,4.0,6.0,,,,12.0,11.5,,
2023-06-19,0.0,,0.5,4.5,,,,4.5,1.5,,
2023-06-20,,,,,,,,,,,
2023-06-21,0.0,,0.0,0.0,,,,0.0,0.0,,
2023-06-22,5.5,,0.0,0.0,,,,1.5,0.0,,
2023-06-23,0.5,,0.0,0.0,,,,1.5,0.0,,
2023-06-24,0.0,,7.0,0.0,,,,0.0,0.0,,
2023-06-25,24.0,,7.0,11.5,,,,0.5,0.0,,
2023-06-26,8.0,,7.0,11.5,,,,17.5,5.0,,
2023-06-27,8.5,,0.5,8.0,,,2.5,17.5,5.0,,
2023-06-28,20.5,,0.0,7.0,,,0.5,1.0,2.0,,
2023-06-29,0.5,8.5,4.5,0.0,,,0.0,1.0,3.0,4.0,
2023-06-30,0.0,2.5,7.0,2.0,,,1.5,17.5,22.0,20.0,
2023-07-01,22.5,39.5,162.0,26.0,,,,58.5,55.5,75.5,
2023-07-02,2.5,3.5,162.0,26.0,,,0.0,58.5,55.5,3.0,
2023-07-03,0.0,0.0,1.0,3.5,,,0.0,2.5,2.0,0.0,
2023-07-04,0.5,81.0,0.0,38.5,,,21.5,0.5,8.5,0.5,
2023-07-05,3.5,5.0,0.0,38.5,,,0.0,3.5,8.5,0.5,
2023-07-06,0.0,0.0,0.0,0.5,,,0.0,3.5,0.0,0.0,
2023-07-07,0.0,0.5,0.0,0.0,,,0.0,1.0,1.5,0.5,
2023-07-08,0.5,0.5,5.0,0.5,,,3.0,2.0,3.0,1.5,
2023-07-09,9.5,13.0,17.0,8.0,,,6.5,27.5,22.0,36.5,
2023-07-10,2.5,0.0,17.0,8.0,,,4.0,27.5,22.0,4.0,
2023-07-11,11.5,1.5,3.5,1.5,,,0.0,8.5,18.0,5.5,
2023-07-12,0.0,0.0,3.5,1.5,,,0.0,8.5,18.0,0.0,
2023-07-13,0.5,0.0,9.0,0.0,,,0.0,0.0,0.0,0.0,
2023-07-14,0.0,0.0,9.0,0.0,,,0.5,0.0,0.0,0.0,
2023-07-15,0.0,0.0,4.0,0.0,,,4.5,0.0,0.0,5.0,
2023-07-16,0.0,3.0,4.0,0.0,,,1.5,0.0,0.0,1.0,
2023-07-17,0.0,11.0,0.0,1.0,,,1.0,3.0,5.5,0.0,
2023-07-18,3.5,7.0,15.0,7.0,,,7.0,3.0,5.5,5.5,
2023-07-19,47.0,,77.0,34.0,,,40.0,30.0,21.5,47.0,
2023-07-20,1.0,,77.0,34.0,,,,30.0,21.5,0.0,
2023-07-21,0.0,,2.5,1.0,,,,1.0,0.5,0.0,
2023-07-22,3.5,1.0,7.0,1.5,,,,2.5,0.5,5.0,
2023-07-23,1.5,1.0,7.0,2.0,,,,8.0,5.0,14.5,
2023-07-24,0.0,0.0,6.5,2.0,,,,0.0,5.0,0.0,
2023-07-25,0.0,0.0,0.0,0.0,,,,0.0,0.0,0.0,
2023-07-26,0.0,0.5,0.0,0.0,,,,0.0,0.0,0.0,
2023-07-27,0.0,0.0,5.5,0.0,,,,0.0,0.0,0.0,
2023-07-28,0.0,0.0,0.0,0.0,,,,0.0,0.0,0.0,
2023-07-29,0.0,,0.0,0.0,,,,0.0,0.0,0.0,
2023-07-30,15.0,9.5,17.5,16.0,,,,4.5,9.5,11.0,
2023-07-31,8.0,6.0,18.5,17.0,,,,9.5,10.0,1.0,
2023-08-01,4.0,15.5,75.5,7.5,,,,13.5,23.5,31.5,
2023-08-02,0.0,0.0,0.0,7.5,,,0.0,13.5,23.5,0.0,
2023-08-03,5.5,4.0,0.0,3.0,,,0.0,1.0,1.5,0.0,
2023-08-04,0.0,1.5,3.5,3.0,,,0.0,1.0,1.5,0.0,
2023-08-05,1.0,3.0,6.5,2.0,,,0.0,28.0,20.5,19.5,
2023-08-06,0.0,2.0,6.5,2.0,,,15.0,28.0,20.5,0.0,
2023-08-07,0.0,0.0,0.0,0.0,,,18.5,1.0,0.0,2.0,
2023-08-08,0.0,0.0,0.0,1.0,,,0.5,0.5,0.0,0.0,
2023-08-09,39.0,6.0,0.0,60.5,,,0.5,2.5,20.5,11.5,
2023-08-10,6.5,12.5,0.5,60.5,,,25.0,2.5,20.5,0.0,
2023-08-11,0.0,0.0,0.5,14.0,,,4.5,2.0,0.5,1.5,
2023-08-12,4.5,6.0,1.5,0.0,,,2.5,3.5,0.0,1.5,
2023-08-13,2.5,21.5,37.5,12.0,,,0.5,3.5,4.5,3.5,
2023-08-14,23.5,43.0,37.5,28.0,,,3.5,57.5,41.5,33.5,
2023-08-15,11.5,0.5,18.0,6.0,,,7.0,2.0,3.5,14.0,
2023-08-16,14.0,8.5,3.0,7.5,,,12.5,13.5,6.0,11.0,
2023-08-17,1.5,0.5,6.5,7.5,,,0.5,13.5,6.0,0.5,
2023-08-18,0.0,0.0,5.5,0.0,,,0.5,0.0,0.0,0.0,
2023-08-19,0.0,0.0,5.5,0.5,,,8.5,1.5,0.0,0.0,
2023-08-20,0.0,0.0,1.0,0.5,,,9.5,1.5,0.0,0.0,
2023-08-21,2.0,0.0,1.0,0.0,,,0.5,1.0,5.0,0.5,
2023-08-22,0.5,0.0,8.5,3.5,,,6.0,1.0,5.0,0.5,
2023-08-23,0.0,0.0,8.5,3.5,,,4.5,0.5,0.5,0.5,
2023-08-24,0.5,0.0,0.5,0.0,,,0.0,0.0,0.5,0.0,0.0
2023-08-25,0.5,41.0,2.0,4.5,,,0.0,40.5,18.0,6.0,0.0
2023-08-26,0.5,0.5,53.0,5.0,,,37.0,43.5,18.5,6.5,48.5
2023-08-27,0.0,0.5,53.0,2.0,,,0.0,8.0,1.0,5.0,48.5
2023-08-28,3.5,0.0,0.5,0.0,,,,0.0,0.0,4.5,1.5
2023-08-29,18.0,32.5,21.0,16.0,,,,4.0,5.5,17.0,16.0
2023-08-30,18.0,32.5,,16.0,,,,0.0,5.5,17.0,16.0
2023-08-31,,,,,,,,,,,
2023-09-01,21.0,47.0,11.5,28.0,,,,9.5,4.0,11.5,1.0
2023-09-02,21.0,47.0,16.0,28.0,,,0.0,10.0,5.5,11.5,6.0
2023-09-03,8.0,6.0,16.0,6.5,,,0.0,8.0,6.0,17.5,12.5
2023-09-04,14.5,17.0,3.5,13.5,,,,8.0,6.0,17.5,12.5
2023-09-05,14.5,17.0,3.5,13.5,,,,6.5,6.0,5.5,7.5
2023-09-06,6.0,13.0,2.0,9.5,,,,7.0,6.0,5.5,6.0
2023-09-07,0.0,0.0,0.0,0.0,,,0.0,0.0,0.0,0.0,0.0
2023-09-08,0.0,0.0,0.0,0.0,,,0.0,0.0,0.0,0.0,0.0
2023-09-09,0.0,0.0,27.0,0.0,,,67.5,13.5,44.5,45.5,11.5
2023-09-10,30.0,27.0,85.5,30.0,,,4.0,14.5,44.5,45.5,25.0
2023-09-11,30.0,27.0,85.5,30.0,,,0.0,14.5,16.5,15.5,25.0
2023-09-12,0.0,0.0,0.0,0.0,,,3.0,0.0,0.0,0.0,0.0
2023-09-13,0.0,0.0,0.0,0.0,,,0.0,0.0,0.0,0.0,0.0
2023-09-14,0.0,0.0,0.0,0.0,,,0.0,0.0,0.0,0.0,0.0
2023-09-15,1.5,2.5,4.5,2.5,,,2.0,0.0,0.5,5.0,9.0
2023-09-16,1.5,2.5,4.5,2.5,,,0.0,0.0,0.5,5.0,9.0
2023-09-17,14.0,19.0,10.0,19.0,,,0.0,11.0,15.5,17.0,0.5
2023-09-18,22.0,19.0,10.0,19.0,,,19.0,65.0,28.5,35.5,28.5
2023-09-19,22.0,2.5,13.0,7.0,,,5.0,65.0,28.5,35.5,29.0
2023-09-20,14.0,33.5,18.5,14.5,,,4.5,22.0,25.0,36.5,10.5
2023-09-21,55.5,33.5,27.5,35.5,,,101.0,22.0,25.5,59.5,35.0
2023-09-22,56.0,27.0,28.0,35.5,,,0.0,3.5,4.5,59.5,35.5
2023-09-23,3.0,2.5,16.5,2.0,,,6.5,7.0,11.5,13.0,11.5
2023-09-24,39.0,40.5,37.5,37.5,,,5.0,12.0,11.5,19.5,12.5
2023-09-25,102.0,72.5,66.0,66.5,,,37.0,55.5,46.5,65.0,57.0
2023-09-26,102.0,72.5,66.5,67.0,,,24.5,55.5,46.5,65.0,57.0
2023-09-27,18.5,39.0,6.5,16.0,,,7.0,10.5,7.0,11.5,21.0
2023-09-28,18.5,39.0,6.5,12.0,,,0.0,1.5,1.5,9.5,0.5
2023-09-29,0.0,0.0,0.0,0.0,,,1.5,18.0,20.0,5.0,3.0
2023-09-30,0.0,0.0,0.0,0.0,,,0.5,18.0,20.0,5.0,3.0
2023-10-01,0.0,0.0,0.0,0.0,,,0.0,6.0,5.0,0.0,0.0
2023-10-02,0.0,0.0,0.0,0.0,,,2.0,0.0,0.0,0.0,0.0
2023-10-03,0.0,0.5,1.0,0.0,,,1.5,0.0,1.0,1.0,0.0
2023-10-04,4.5,1.0,3.5,14.0,,,5.5,2.0,8.5,25.0,16.5
2023-10-05,4.5,3.0,38.0,14.0,,,0.0,8.5,8.5,25.0,16.5
2023-10-06,16.5,3.0,38.0,8.0,,,5.5,8.5,2.0,1.5,1.5
2023-10-07,16.5,1.0,0.0,8.0,,,0.5,3.0,2.5,1.5,0.5
2023-10-08,2.0,3.5,2.5,2.0,,,27.5,8.0,5.5,4.5,4.0
2023-10-09,2.0,3.5,2.5,2.0,,,0.5,8.0,5.5,4.5,4.0
2023-10-10,0.5,1.5,0.0,0.0,,,0.5,5.0,18.0,9.5,2.0
2023-10-11,10.5,19.5,0.5,8.0,,,21.0,12.0,19.0,19.0,6.5
2023-10-12,37.0,19.5,4.0,44.5,,,5.5,12.0,15.5,20.5,23.0
2023-10-13,37.0,17.0,4.0,44.5,,,0.0,2.0,15.5,20.5,23.0
2023-10-14,0.0,16.0,25.0,1.0,,,0.5,2.0,0.5,0.5,11.0
2023-10-15,0.5,7.0,47.0,0.5,,,5.5,0.5,0.0,2.5,27.0
2023-10-16,0.5,1.0,47.0,0.5,,,4.0,0.5,0.0,2.5,27.0
2023-10-17,13.5,27.0,10.0,14.5,,,4.0,26.5,12.5,2.5,3.0
2023-10-18,13.5,27.0,10.0,14.5,,,1.5,26.5,12.5,2.5,3.0
2023-10-19,3.5,3.5,1.5,5.0,,,0.0,6.0,9.0,2.0,2.0
2023-10-20,16.0,61.5,17.0,18.0,,,56.5,0.5,5.0,8.0,26.0
2023-10-21,20.5,61.5,17.0,18.0,,,9.5,32.5,25.0,18.0,26.0
2023-10-22,20.5,22.0,29.0,12.5,,,95.5,34.5,25.0,19.5,122.0
2023-10-23,9.0,13.0,0.0,1.0,,,0.0,0.0,0.0,14.5,0.0
2023-10-24,9.0,13.0,11.0,1.0,,,0.0,13.0,16.5,19.0,5.0
2023-10-25,0.0,7.0,11.0,0.0,,,4.0,13.0,16.5,19.0,5.0
2023-10-26,13.5,41.0,5.5,23.5,,,15.0,27.0,15.5,18.5,11.5
2023-10-27,13.5,41.0,5.5,23.5,,,0.5,27.5,15.5,18.5,12.5
2023-10-28,6.0,6.0,9.0,2.0,,,12.0,1.0,0.5,16.5,6.5
2023-10-29,6.0,18.5,9.0,8.0,,,33.0,3.5,5.0,16.5,14.0
2023-10-30,4.5,18.5,14.0,8.0,,,0.0,3.5,5.0,6.5,14.0
2023-10-31,1.0,2.0,14.0,0.0,,,0.0,0.5,0.0,1.0,11.0
2023-11-01,0.0,1.0,7.0,0.5,,,10.0,3.5,1.5,8.5,14.5
2023-11-02,43.0,44.0,7.0,31.0,,,2.5,17.5,8.5,11.0,14.5
2023-11-03,66.0,44.0,50.0,33.0,,,4.5,17.5,8.5,11.0,4.5
2023-11-04,66.0,25.0,50.0,44.0,,,0.0,25.5,16.0,10.0,4.5
2023-11-05,54.0,25.5,15.0,44.0,,,43.0,25.5,16.0,4.0,13.5
2023-11-06,0.5,0.5,47.0,4.5,,,8.5,2.5,1.5,0.5,59.5
2023-11-07,14.0,65.0,47.0,24.0,,,6.5,22.0,16.0,82.5,59.5
2023-11-08,14.0,65.0,5.0,24.0,,,0.0,22.0,16.0,82.5,23.5
2023-11-09,1.0,1.5,18.0,1.0,,,0.5,13.0,7.0,7.0,1.0
2023-11-10,53.5,7.5,18.0,68.5,,,2.0,15.5,7.0,7.0,16.5
2023-11-11,81.0,56.0,6.0,68.5,,,47.0,23.5,24.0,16.5,49.0
2023-11-12,81.0,56.0,6.0,49.5,,,0.0,23.5,24.0,16.5,49.0
2023-11-13,47.0,83.5,33.0,79.0,,,6.0,15.5,12.0,41.0,18.0
2023-11-14,47.0,83.5,33.0,79.0,,,0.5,20.5,12.0,41.0,18.0
2023-11-15,65.0,11.5,9.0,26.0,,,1.5,15.0,13.5,4.5,6.5
2023-11-16,65.0,11.5,9.0,26.0,,,0.5,15.0,13.5,6.5,6.5
2023-11-17,0.0,0.0,0.0,0.0,,,0.0,0.5,0.5,6.5,0.0
2023-11-18,0.0,0.0,0.0,0.0,,,0.5,0.5,0.5,0.5,0.5
2023-11-19,5.0,1.5,0.0,3.0,,,0.5,0.5,1.5,2.0,0.5
2023-11-20,18.5,3.0,0.5,7.0,,,0.0,4.0,3.5,3.0,0.5
2023-11-21,10.0,8.5,1.0,7.5,,,10.5,1.0,1.5,1.0,6.0
2023-11-22,10.0,14.0,1.0,8.5,,,5.0,21.0,15.5,12.0,6.0
2023-11-23,7.5,14.0,0.5,8.5,,,0.0,21.0,15.5,12.0,3.0
2023-11-24,10.0,5.0,39.0,8.5,,,29.0,3.0,4.0,10.0,52.0
2023-11-25,10.0,7.0,39.0,8.5,,,1.0,4.0,4.0,10.0,52.0
2023-11-26,38.0,64.5,1.5,44.5,,,1.0,16.0,22.5,17.5,3.0
2023-11-27,38.0,64.5,1.5,44.5,,,0.0,16.0,22.5,17.5,3.0
2023-11-28,0.5,0.0,0.0,1.0,,,0.0,0.0,0.5,0.0,0.0
2023-11-29,0.5,0.0,2.0,1.0,,,4.5,0.5,1.0,1.5,2.0
2023-11-30,3.0,2.5,2.0,3.0,,,2.0,3.0,3.0,2.5,2.0
2023-12-01,23.0,48.5,18.0,28.0,,53.5,29.0,57.0,49.5,40.0,24.0
2023-12-02,23.0,48.5,19.5,28.5,,54.0,3.0,58.0,50.0,41.5,24.5
2023-12-03,4.0,3.5,46.0,2.5,,6.0,1.5,5.5,6.0,9.5,38.5
2023-12-04,46.5,71.0,46.5,21.0,,49.5,3.0,103.0,55.0,39.5,39.0
2023-12-05,46.5,71.0,4.0,21.0,,49.5,0.0,103.0,55.0,39.5,10.5
2023-12-06,20.0,14.0,1.0,15.0,,32.5,0.0,57.5,19.0,7.5,8.0
2023-12-07,0.5,0.0,0.0,1.0,,0.5,0.0,0.0,0.0,0.5,0.0
2023-12-08,0.0,0.0,0.0,1.0,,0.0,0.0,0.0,0.0,0.0,0.0
2023-12-09,0.0,0.0,0.0,0.0,,0.0,0.0,0.0,0.0,0.0,0.0
2023-12-10,0.0,0.5,1.5,0.0,,0.0,0.0,0.0,0.0,0.0,0.0
2023-12-11,1.0,4.0,1.5,0.0,,0.0,0.0,0.0,0.0,0.0,0.0
2023-12-12,1.0,4.0,0.0,0.0,,0.0,0.0,0.0,0.0,0.0,0.0
2023-12-13,5.0,6.0,7.5,6.0,,8.0,11.0,8.0,7.0,17.5,8.0
2023-12-14,8.5,11.0,8.5,8.0,,16.5,29.5,22.0,36.5,48.5,19.5
2023-12-15,29.0,19.0,24.5,17.5,,18.5,1.5,22.0,36.5,48.5,20.0
2023-12-16,29.0,19.0,24.5,17.5,,18.5,1.0,0.0,6.5,4.0,11.0
2023-12-17,0.5,0.0,0.0,0.0,,0.0,0.0,0.0,0.0,0.0,0.5
2023-12-18,0.0,0.0,0.0,0.0,,0.0,0.0,0.0,0.0,0.0,0.0
2023-12-19,0.0,0.0,0.0,0.0,,3.0,0.0,0.0,0.0,0.0,0.0
2023-12-20,0.0,0.0,0.0,0.0,,11.0,0.0,0.0,15.0,12.0,0.0
2023-12-21,0.0,0.5,0.0,0.0,,11.0,0.0,0.0,15.0,12.0,0.0
2023-12-22,0.0,0.5,0.0,0.0,,0.0,0.0,0.0,0.5,0.5,0.0
2023-12-23,7.5,10.5,2.5,5.0,,6.0,13.0,0.0,2.0,1.5,4.0
2023-12-24,15.5,21.0,23.5,17.0,,25.5,80.0,0.0,37.0,53.0,51.5
2023-12-25,15.5,21.0,23.5,17.0,,25.5,4.0,0.0,37.0,53.0,51.5
2023-12-26,3.0,4.0,2.0,3.0,,6.0,3.0,0.0,10.0,4.5,5.5
2023-12-27,0.5,0.5,0.0,0.0,,0.5,0.0,0.0,0.5,0.5,0.5
2023-12-28,1.0,1.5,0.5,1.5,,0.5,1.0,0.0,0.5,0.5,0.5
2023-12-29,1.0,4.0,3.5,1.5,,0.5,0.0,0.0,0.5,0.0,0.5
2023-12-30,0.0,4.0,3.5,1.0,,1.0,0.0,0.0,7.0,0.0,0.0
2023-12-31,0.0,2.5,0.5,0.0,,1.0,0.0,0.0,7.0,0.0,0.0
2024-01-01,0.0,0.0,0.0,0.0,,0.0,0.0,0.0,0.0,0.0,0.0
2024-01-02,0.0,0.0,0.0,0.0,,0.0,0.0,0.0,0.0,0.0,0.0
2024-01-03,0.0,0.0,0.0,0.0,,0.0,0.0,0.0,0.0,0.0,0.0
2024-01-04,0.0,0.0,0.0,0.0,,0.0,0.0,0.0,0.0,0.0,0.0
2024-01-05,0.0,0.0,0.0,0.0,,0.0,0.0,0.0,0.0,0.0,0.0
2024-01-06,0.0,0.0,0.0,0.0,,0.0,1.0,0.0,0.0,0.0,0.0
2024-01-07,2.5,1.0,2.0,3.0,,0.5,0.0,0.0,4.0,6.5,11.5
2024-01-08,2.5,2.5,2.0,3.0,,3.0,0.0,0.0,4.0,6.5,11.5
2024-01-09,2.0,2.5,0.0,2.5,,3.0,0.0,0.0,0.0,0.0,0.0
2024-01-10,2.0,1.0,0.0,5.0,,1.0,0.0,0.0,0.0,0.0,0.0
2024-01-11,0.0,0.0,0.0,5.0,,0.0,0.0,0.0,0.0,0.0,0.0
2024-01-12,0.0,0.0,0.0,0.0,,0.0,0.0,0.0,0.0,0.0,0.0
2024-01-13,0.0,0.0,0.0,0.0,,0.0,0.0,0.0,0.0,0.0,0.0
2024-01-14,0.0,0.0,0.0,0.0,,0.0,0.0,0.0,0.0,0.0,0.0
2024-01-15,0.0,0.0,0.0,0.0,,0.0,0.0,0.0,0.0,0.0,0.0
2024-01-16,0.0,0.0,0.0,0.0,,0.0,0.0,0.0,0.0,0.0,0.0
2024-01-17,0.0,0.0,0.0,0.0,,0.0,0.0,0.0,0.0,0.0,0.0
2024-01-18,0.0,0.0,0.0,0.0,,0.0,0.0,0.0,0.0,0.5,0.0
2024-01-19,0.0,0.0,0.0,0.0,,0.0,0.0,0.0,0.0,0.5,0.0
2024-01-20,0.0,0.0,0.0,0.0,,0.0,0.0,0.0,0.0,0.0,0.0
2024-01-21,0.0,0.0,0.0,0.0,,0.0,0.0,0.0,0.0,0.0,0.0
2024-01-22,0.0,0.0,0.0,0.0,,1.0,0.5,0.0,4.5,4.5,1.0
2024-01-23,0.0,0.0,0.0,0.0,,1.0,0.0,0.0,4.5,4.5,1.0
2024-01-24,0.5,0.0,0.0,0.0,,0.0,0.0,0.0,0.5,0.0,0.0
2024-01-25,0.5,0.0,1.5,0.0,,3.0,0.0,0.0,0.0,0.0,1.0
2024-01-26,1.5,0.0,1.5,0.0,,3.0,0.0,0.0,0.0,0.0,1.0
2024-01-27,1.5,0.0,0.0,0.0,,0.0,0.0,0.0,0.0,0.0,0.5
2024-01-28,0.0,0.0,0.0,0.0,,0.0,0.0,0.0,0.0,0.0,0.0
2024-01-29,0.0,0.5,0.0,0.0,,0.5,0.0,0.0,0.0,0.0,0.0
2024-01-30,0.0,0.5,0.0,0.0,,0.5,0.0,0.0,0.0,0.0,0.0
2024-01-31,0.0,0.0,0.0,0.0,,0.0,0.0,0.0,0.0,0.0,0.0
2024-02-01,0.0,0.0,0.0,0.0,,0.0,0.0,0.0,0.0,0.0,0.0
2024-02-02,0.0,0.0,0.0,0.0,,0.0,0.0,0.0,0.0,0.0,0.0
2024-02-03,0.0,0.0,0.0,0.0,,0.0,0.0,0.0,0.0,0.0,0.0
2024-02-04,0.0,0.0,0.0,0.0,,0.0,0.0,0.0,0.0,0.0,0.0
2024-02-05,0.0,0.0,0.0,0.0,,0.0,0.0,0.0,0.0,0.0,0.0
2024-02-06,0.0,0.0,0.0,0.0,,0.0,0.0,0.0,0.0,0.0,0.0
2024-02-07,0.0,0.0,0.0,0.0,,0.0,0.0,0.0,0.0,0.0,0.0
2024-02-08,0.0,0.0,0.0,0.0,,0.0,0.0,0.0,0.0,0.0,0.0
2024-02-09,0.0,0.0,0.0,0.0,,0.0,0.0,0.0,0.0,0.0,0.0
2024-02-10,0.0,0.0,0.0,0.0,,0.0,0.0,0.0,0.0,0.0,0.0
2024-02-11,0.0,0.0,0.0,0.0,,0.0,0.0,0.0,0.0,0.0,0.0
2024-02-12,0.0,0.0,0.0,0.0,,0.0,0.0,0.0,0.0,0.0,0.0
2024-02-13,0.0,0.0,0.0,0.0,,0.0,0.0,0.0,0.0,0.0,0.0
2024-02-14,0.0,0.0,0.0,0.0,,0.0,0.0,0.0,0.0,0.0,0.0
2024-02-15,0.0,0.0,0.0,0.0,,0.0,0.0,0.0,0.0,0.0,0.0
2024-02-16,0.0,0.0,0.0,0.0,,0.0,0.0,0.0,0.0,0.0,0.0
2024-02-17,0.0,0.0,0.0,0.0,,0.0,0.0,0.0,0.0,0.0,0.0
2024-02-18,0.0,0.0,0.0,0.0,,0.0,34.0,0.0,0.0,0.0,5.0
2024-02-19,0.0,0.0,29.0,0.0,,0.5,1.0,0.0,0.0,0.0,5.5
2024-02-20,0.0,0.0,29.0,0.0,,0.5,6.0,0.0,0.0,0.0,6.5
2024-02-21,0.0,0.0,2.5,0.0,,0.0,0.0,0.0,0.0,0.0,5.0
2024-02-22,0.0,0.0,0.0,0.0,,0.0,0.0,0.0,0.0,0.0,0.0
2024-02-23,0.0,0.0,0.0,0.0,,0.0,0.0,0.0,0.0,0.0,0.0
2024-02-24,0.0,0.0,0.0,0.0,,0.0,0.0,0.0,0.0,0.0,0.0
2024-02-25,0.0,0.0,0.0,0.0,,0.0,0.0,0.0,0.0,0.0,0.0
2024-02-26,0.0,0.0,0.0,0.0,,0.0,0.0,0.0,0.0,0.0,0.0
2024-02-27,0.0,0.0,0.0,0.0,,0.0,0.0,0.0,0.0,0.0,0.0
2024-02-28,0.0,0.0,0.0,0.0,,0.0,0.0,0.0,0.0,0.0,0.0
2024-02-29,0.0,0.0,0.0,0.0,,0.0,0.0,0.0,0.0,0.0,0.0
2024-03-01,0.0,8.0,0.0,0.0,,0.0,0.0,3.0,0.0,0.0,0.0
2024-03-02,0.0,8.0,0.0,0.0,,0.5,0.0,3.0,0.0,0.0,0.0
2024-03-03,0.0,0.0,0.0,0.0,,0.5,0.0,2.0,0.0,0.0,0.0
2024-03-04,0.0,0.5,0.0,0.0,,0.0,0.0,0.0,0.0,0.0,0.0
2024-03-05,0.0,0.5,0.0,0.0,,0.0,0.0,0.0,0.0,0.0,0.0
2024-03-06,0.0,0.0,0.0,0.0,,0.0,0.0,0.5,0.0,0.0,0.0
2024-03-07,0.0,0.0,0.0,0.0,,0.0,0.5,0.5,0.0,0.0,0.0
2024-03-08,0.0,0.0,0.0,0.0,,0.0,0.0,0.0,0.0,0.0,0.0
2024-03-09,0.0,1.5,0.0,0.0,,2.5,0.0,0.0,0.0,0.0,0.0
2024-03-10,0.0,1.5,0.0,0.0,,2.5,0.0,0.0,0.0,0.0,0.0
2024-03-11,0.0,0.5,0.0,0.0,,0.0,0.0,0.0,0.0,0.0,0.0
2024-03-12,0.0,0.0,0.0,0.0,,0.0,0.0,0.0,0.0,0.0,0.0
2024-03-13,0.0,0.0,0.0,0.0,,0.0,0.0,0.0,0.0,11.0,0.0
2024-03-14,0.0,1.0,0.0,0.0,,1.5,0.0,0.0,0.0,11.0,0.0
2024-03-15,0.0,1.0,0.0,0.0,,1.5,0.0,0.0,0.0,0.0,0.0
2024-03-16,0.0,0.0,31.0,0.0,,0.0,0.0,0.0,0.0,0.0,0.0
2024-03-17,0.0,0.0,31.0,0.0,,0.0,0.0,0.0,0.5,0.0,0.0
2024-03-18,0.0,0.0,0.0,0.0,,0.0,0.0,0.0,0.5,0.0,0.0
2024-03-19,0.0,0.0,0.0,0.0,,0.0,0.0,0.0,0.0,0.0,0.0
2024-03-20,,,,,,,,,,,
2024-03-21,0.0,0.0,0.0,0.0,,0.0,,0.0,0.5,0.0,0.0
2024-03-22,0.0,0.0,0.0,0.0,,0.0,0.0,0.0,0.5,0.0,0.0
2024-03-23,0.0,0.0,0.0,0.0,,0.0,0.0,0.0,0.0,0.0,0.0
2024-03-24,0.0,0.0,0.0,0.0,,0.0,0.0,0.5,0.0,0.0,0.0
2024-03-25,0.0,0.0,0.0,0.0,,0.0,2.5,0.5,0.0,0.0,0.0
2024-03-26,0.0,0.0,19.0,0.0,,1.0,24.0,0.0,0.0,4.0,0.0
2024-03-27,0.0,1.5,19.0,0.0,0.0,1.0,0.0,0.0,0.0,4.0,0.0
2024-03-28,11.0,55.5,9.5,25.5,28.0,55.0,0.5,0.0,3.0,27.5,24.0
2024-03-29,11.5,56.0,9.5,25.5,14.5,55.0,9.0,6.0,3.0,27.5,24.0
2024-03-30,27.0,42.5,14.5,34.5,18.5,5.0,39.5,13.0,2.0,2.5,26.5
2024-03-31,27.0,42.5,14.5,34.5,83.0,4.0,14.0,5.0,2.0,4.5,26.5
2024-04-01,13.5,49.5,3.0,35.0,15.0,4.0,5.5,0.0,6.0,5.0,5.0
2024-04-02,13.5,49.5,3.0,35.0,0.0,0.0,0.0,1.0,6.0,14.0,0.0
2024-04-03,16.0,19.5,2.5,13.0,21.5,3.0,5.5,0.0,1.0,14.0,21.5
2024-04-04,16.0,19.5,0.0,13.0,0.0,3.0,0.0,0.0,0.0,2.5,21.5
2024-04-05,0.0,0.0,0.0,0.0,0.0,0.0,0.0,0.0,0.0,2.5,0.5
2024-04-06,0.0,0.0,0.0,0.0,0.0,0.0,0.0,0.0,0.0,0.5,0.0
2024-04-07,0.0,0.0,0.0,0.0,0.0,0.0,0.0,0.0,0.0,0.0,0.0
2024-04-08,10.5,82.0,17.0,29.5,10.0,34.5,31.5,14.0,37.0,51.0,21.0
2024-04-09,10.5,82.0,17.0,29.5,0.0,34.5,0.0,0.0,37.0,51.0,21.0
2024-04-10,0.0,0.0,0.0,0.0,0.0,0.5,0.0,4.5,4.0,0.5,0.0
2024-04-11,0.0,0.0,0.0,0.0,0.0,0.0,0.0,0.0,4.0,0.5,0.0
2024-04-12,0.0,0.0,0.0,0.0,0.0,0.0,0.0,0.0,0.0,0.0,0.0
2024-04-13,0.0,0.0,0.0,0.0,0.0,0.0,0.0,0.0,0.0,0.0,0.0
2024-04-14,0.0,0.0,0.0,0.0,6.0,0.0,5.5,0.0,0.0,0.0,0.0
2024-04-15,0.0,0.0,3.0,0.0,0.0,0.0,40.0,0.0,0.0,0.0,0.0
2024-04-16,0.0,0.0,78.0,0.0,3.0,0.0,0.0,0.0,0.0,19.0,0.0
2024-04-17,22.5,2.0,78.0,8.5,0.0,20.5,1.5,0.0,0.0,19.0,0.5
2024-04-18,44.0,2.0,5.5,11.5,1.0,20.5,10.0,8.0,8.5,1.5,20.5
2024-04-19,44.0,1.5,0.0,11.5,0.0,16.0,0.0,20.0,12.0,1.5,20.5
2024-04-20,16.5,22.0,0.0,6.0,3.0,16.0,0.0,81.5,54.5,59.5,0.0
2024-04-21,8.0,22.0,0.0,6.0,0.0,16.0,0.0,1.5,54.5,59.5,6.5
2024-04-22,2.5,15.5,3.0,5.0,11.5,19.5,3.5,4.5,36.0,17.5,12.5
2024-04-23,4.0,15.5,3.0,8.0,0.5,19.5,2.5,4.5,38.0,17.5,12.5
2024-04-24,4.0,11.5,0.0,8.0,15.0,22.0,9.5,63.0,70.5,9.5,2.0
2024-04-25,13.5,19.5,5.5,26.5,5.5,22.0,0.5,7.0,70.5,3.5,40.5
2024-04-26,13.5,19.5,10.0,26.5,3.5,1.0,14.0,2.0,17.5,2.0,40.5
2024-04-27,5.0,14.5,10.0,2.0,13.5,0.5,21.0,0.0,6.0,1.0,11.5
2024-04-28,1.5,16.0,4.5,4.5,33.0,20.0,9.0,0.0,6.0,1.0,23.5
2024-04-29,1.5,16.0,13.0,4.5,0.5,20.0,1.5,0.0,0.5,2.0,23.5
2024-04-30,0.5,0.0,13.0,0.0,0.0,0.0,1.0,0.0,0.0,2.0,0.5
2024-05-01,37.0,0.5,0.0,7.5,0.0,3.0,0.0,41.0,60.5,1.0,28.5
2024-05-02,0.5,0.0,0.0,0.0,0.0,0.5,1.0,14.0,60.5,1.5,0.0
2024-05-03,2.5,22.0,0.0,0.5,0.5,1.0,0.5,22.5,6.5,1.5,0.0
2024-05-04,2.5,22.0,0.0,0.0,0.0,1.0,0.5,3.0,0.0,1.5,0.0
2024-05-05,0.0,5.5,5.5,0.0,4.0,33.0,1.0,35.5,7.5,1.0,0.0
2024-05-06,7.5,27.5,6.0,6.0,10.5,33.0,0.0,8.0,7.5,1.0,0.0
2024-05-07,7.5,27.5,6.0,6.0,0.0,2.5,0.5,1.0,2.0,0.5,0.5
2024-05-08,1.5,7.0,0.0,0.0,0.0,0.0,0.5,0.0,2.0,0.5,0.5
2024-05-09,1.0,0.5,5.0,0.0,0.0,0.0,0.0,0.0,7.0,0.5,22.5
2024-05-10,2.5,20.0,5.0,7.0,11.0,99.5,1.0,23.5,7.0,0.5,22.5
2024-05-11,6.5,20.0,86.0,14.5,4.0,99.5,3.0,0.0,1.0,0.0,44.0
2024-05-12,8.5,14.5,86.0,14.5,0.5,5.5,0.5,3.5,0.0,0.5,44.0
2024-05-13,8.5,3.0,21.0,0.5,0.5,5.5,2.0,3.5,0.0,0.5,0.5
2024-05-14,0.5,0.0,10.5,0.0,0.0,0.5,0.0,0.0,4.5,0.0,0.0
2024-05-15,5.0,1.5,10.5,8.5,0.5,0.0,2.5,0.0,4.5,0.0,23.0
2024-05-16,64.5,59.5,54.0,63.0,65.5,39.0,102.0,27.5,44.0,46.0,83.5
2024-05-17,0.5,4.5,54.0,0.5,0.0,3.0,6.0,5.5,44.0,6.0,1.5
2024-05-18,0.5,4.5,0.5,0.5,0.0,3.0,10.0,0.0,5.5,6.0,5.5
2024-05-19,12.5,1.0,3.0,20.0,9.0,0.5,49.5,34.5,27.5,13.5,5.5
2024-05-20,12.5,1.0,3.5,20.0,31.5,0.5,0.0,1.0,3.0,13.5,4.0
2024-05-21,5.0,1.5,13.0,20.0,12.0,1.0,11.0,0.5,3.0,1.5,4.0
2024-05-22,5.0,1.5,13.0,20.0,2.0,1.0,0.0,0.5,1.0,1.5,4.0
2024-05-23,4.0,3.5,12.5,4.0,2.5,1.0,17.0,0.5,0.5,1.5,31.0
2024-05-24,4.0,3.5,12.5,4.0,0.0,1.0,0.0,0.0,0.5,1.5,31.0
2024-05-25,2.5,0.5,0.0,1.5,0.0,44.0,0.5,9.0,15.0,22.5,0.0
2024-05-26,2.5,0.5,0.0,1.5,0.0,44.0,0.0,9.0,15.0,22.5,0.0
2024-05-27,28.5,0.0,7.0,5.5,26.5,0.5,0.5,2.0,31.5,9.5,4.5
2024-05-28,28.5,0.0,0.0,5.5,0.0,0.0,0.0,2.0,0.0,9.5,4.5
2024-05-29,0.0,0.0,0.0,0.0,13.5,0.0,0.0,0.0,0.0,0.5,0.0
2024-05-30,0.0,0.0,0.0,0.0,0.0,0.0,0.5,0.0,0.0,0.5,9.5
2024-05-31,19.0,5.0,28.0,21.0,71.5,22.0,10.0,16.5,5.5,7.0,9.5
2024-06-01,19.0,5.0,28.0,21.0,0.0,22.0,2.0,0.5,5.5,7.0,8.0
2024-06-02,14.5,13.0,8.5,9.0,0.0,3.5,2.5,4.0,2.0,2.0,2.0
2024-06-03,16.5,13.0,21.0,10.0,0.5,3.5,1.5,3.5,2.5,2.0,2.5
2024-06-04,2.0,0.5,21.0,1.5,0.0,0.0,0.0,0.5,2.5,1.0,0.5
2024-06-05,0.0,0.0,0.0,0.0,0.0,0.0,0.0,0.0,0.0,0.0,0.0
2024-06-06,0.0,0.0,0.0,0.0,0.0,0.0,0.0,1.0,0.0,11.5,0.0
2024-06-07,0.0,1.0,2.0,0.5,0.0,0.5,6.0,1.0,0.5,11.5,1.5
2024-06-08,0.0,1.0,2.0,0.5,0.0,8.5,1.0,0.0,0.5,1.0,1.5
2024-06-09,2.0,0.0,11.5,0.5,12.5,8.5,13.5,1.5,11.0,6.0,2.5
2024-06-10,2.0,0.0,11.5,0.5,0.0,2.5,1.0,0.0,11.0,6.0,2.5
2024-06-11,0.0,0.0,0.5,0.5,0.0,0.0,0.0,0.0,0.0,0.5,0.5
2024-06-12,0.0,0.0,0.0,0.0,0.0,0.0,0.0,0.0,0.0,0.0,0.0
2024-06-13,0.0,0.0,0.0,0.0,0.0,0.0,0.0,0.0,0.0,0.0,0.0
2024-06-14,0.0,0.0,0.0,0.0,0.0,0.0,0.0,0.0,0.0,0.0,0.0
2024-06-15,0.0,0.0,0.0,0.0,0.0,0.0,0.0,0.0,0.0,0.0,0.0
2024-06-16,0.0,13.5,0.0,3.5,5.0,9.5,0.0,25.5,55.0,24.5,30.0
2024-06-17,6.0,22.5,12.0,8.0,9.5,10.5,5.5,0.5,55.0,24.5,30.0
2024-06-18,6.0,22.5,12.0,8.0,0.0,10.5,0.0,0.0,1.0,0.5,5.0
2024-06-19,0.0,0.5,21.0,3.0,0.5,0.5,1.5,15.0,0.0,0.5,0.0
2024-06-20,2.5,5.5,21.0,3.0,0.0,4.5,0.5,0.5,0.5,0.5,0.0
2024-06-21,29.5,23.5,17.0,28.5,16.5,20.0,21.0,7.5,19.0,14.0,16.0
2024-06-22,29.5,23.5,19.0,28.5,11.0,20.0,20.5,21.5,14.5,21.5,25.0
2024-06-23,25.0,33.5,19.0,41.0,11.5,15.5,2.0,18.5,14.5,21.5,25.0
2024-06-24,25.0,33.5,40.5,41.0,19.5,15.5,11.5,3.0,8.0,12.0,12.5
2024-06-25,17.0,9.0,40.5,29.0,0.0,2.5,0.0,0.0,5.5,12.0,12.5
2024-06-26,0.0,0.0,0.0,0.5,0.0,0.0,0.0,0.0,0.0,0.0,0.0
2024-06-27,24.0,17.0,0.0,25.0,5.5,21.5,0.0,3.5,0.0,12.0,0.0
2024-06-28,24.0,17.0,4.0,25.0,11.0,57.5,0.0,7.5,7.5,12.0,4.0
2024-06-29,8.0,8.5,8.5,10.0,2.0,57.5,16.0,4.0,3.5,12.0,21.0
2024-06-30,8.0,4.5,9.0,13.5,6.5,2.5,4.0,3.5,3.5,4.0,21.0
2024-07-01,8.0,4.0,0.0,13.5,0.5,2.5,0.5,0.5,3.5,3.0,4.0
2024-07-02,0.5,0.0,1.0,0.0,0.0,0.0,0.0,0.0,0.0,0.0,0.5
2024-07-03,0.0,0.0,1.0,0.0,0.0,0.0,0.0,0.0,0.0,0.0,0.0
2024-07-04,0.0,1.5,23.5,4.5,0.0,10.5,0.0,0.0,0.0,0.0,4.5
2024-07-05,20.0,16.0,23.5,17.0,11.5,10.5,0.5,13.0,4.0,3.5,4.5
2024-07-06,20.0,16.0,2.0,17.0,0.0,7.5,0.0,0.0,4.0,3.5,1.0
2024-07-07,0.0,0.0,13.5,1.5,0.0,1.5,0.0,11.0,4.0,0.0,2.5
2024-07-08,1.0,1.0,13.5,1.5,1.0,1.5,3.5,1.5,4.0,4.0,3.0
2024-07-09,1.0,1.0,3.0,1.5,0.5,1.5,0.5,0.0,2.5,4.0,3.0
2024-07-10,0.5,0.5,0.0,0.5,0.0,0.5,1.0,0.0,0.0,0.0,14.5
2024-07-11,0.5,0.5,0.0,0.5,0.0,0.5,0.0,0.0,0.0,0.5,14.5
2024-07-12,0.5,0.5,3.5,1.0,0.0,0.5,25.0,0.0,0.0,0.5,2.5
2024-07-13,0.5,0.5,3.5,1.0,0.0,0.5,0.0,0.0,0.0,0.0,2.5
2024-07-14,3.0,6.5,19.0,4.5,17.5,11.5,7.5,6.5,2.0,2.5,2.0
2024-07-15,3.0,6.5,19.0,4.5,0.0,11.5,0.0,0.0,2.0,2.5,2.0
2024-07-16,0.5,0.0,0.0,2.5,0.0,0.0,0.0,0.0,0.5,0.0,0.0
2024-07-17,22.0,28.5,10.5,30.5,38.0,15.0,0.0,18.0,18.0,23.5,1.0
2024-07-18,22.0,28.5,10.5,30.5,0.0,15.0,0.0,0.0,18.0,23.5,1.0
2024-07-19,0.0,0.0,0.0,0.0,0.0,0.0,0.0,0.0,0.0,0.0,0.0
2024-07-20,0.0,0.0,0.0,0.0,0.0,0.0,0.0,0.0,0.0,0.0,0.0
2024-07-21,0.0,0.0,0.0,0.0,0.0,0.0,0.0,0.0,0.0,0.0,0.0
2024-07-22,0.0,0.0,0.0,0.0,0.0,0.0,0.0,0.0,0.0,0.0,0.0
2024-07-23,0.0,0.0,0.0,0.0,0.0,0.0,,0.0,0.0,0.0,0.0
2024-07-24,0.0,0.0,0.0,0.0,0.0,0.0,,0.0,0.0,0.0,0.0
2024-07-25,0.0,0.0,0.0,0.0,0.0,0.0,0.0,0.0,0.0,0.0,0.0
2024-07-26,0.0,0.0,0.0,0.0,0.0,0.0,0.0,0.0,0.0,0.0,0.0
2024-07-27,0.0,0.0,0.0,0.0,0.0,0.0,0.0,0.0,0.0,0.0,0.0
2024-07-28,0.0,3.0,0.0,0.0,2.0,0.5,8.0,7.0,7.5,0.0,0.5
2024-07-29,1.0,3.0,1.0,2.0,0.5,5.5,0.5,10.5,7.5,7.0,5.5
2024-07-30,1.0,1.0,1.0,2.0,0.0,5.5,1.0,0.0,4.5,7.0,5.5
2024-07-31,0.5,3.0,0.0,0.5,0.0,20.0,1.5,0.0,0.0,0.0,0.0
2024-08-01,0.5,3.0,0.0,0.5,,20.0,1.0,0.0,0.0,0.0,0.5
2024-08-02,0.5,0.5,0.0,0.5,,0.0,0.0,0.5,0.0,0.0,0.5
2024-08-03,0.0,0.0,59.0,0.5,0.0,3.5,9.5,27.5,60.0,9.0,7.0
2024-08-04,1.0,5.0,59.0,4.0,,6.0,10.0,18.0,60.0,16.5,7.5
2024-08-05,1.0,5.0,0.0,4.0,,5.0,0.0,0.5,23.5,16.5,7.5
2024-08-06,0.0,0.5,0.0,0.0,,0.0,0.5,2.5,6.5,6.0,0.0
2024-08-07,12.0,0.5,18.0,1.0,,1.5,3.0,2.5,5.0,6.0,4.0
2024-08-08,12.0,0.5,18.0,1.0,,3.0,0.0,1.0,0.0,2.0,4.0
2024-08-09,84.0,109.0,3.0,70.5,,45.0,11.5,10.5,8.0,39.5,21.0
2024-08-10,84.0,109.0,3.0,70.5,,45.0,0.0,10.5,8.5,1.0,21.0
2024-08-11,0.5,12.5,1.0,4.0,,0.5,14.5,0.0,1.0,1.0,1.5
2024-08-12,0.5,12.5,2.0,4.0,,0.0,13.0,0.0,0.5,0.0,1.5
2024-08-13,0.0,0.5,2.0,0.0,,9.5,1.0,35.0,26.0,3.5,2.0
2024-08-14,0.5,0.5,9.0,0.5,,9.5,0.0,35.0,26.5,3.5,3.0
2024-08-15,12.5,6.5,9.0,11.5,,5.0,,3.0,3.0,1.0,18.0
2024-08-16,12.5,6.5,0.5,11.5,,1.0,0.0,3.0,1.5,0.0,18.5
2024-08-17,9.5,22.0,8.5,22.0,,52.0,17.0,82.5,44.5,67.5,45.0
2024-08-18,10.0,22.5,34.0,38.5,,,1.5,5.0,,69.0,45.0
2024-08-19,,,35.0,42.5,,,,4.0,,,
2024-08-20,,,5.5,,,,,11.0,,,
2024-08-21,,,5.5,,,,,0.5,,,
2024-08-22,,,0.0,,,,,10.5,,,
2024-08-23,,,,,,,,44.0,,,
2024-08-24,,,,,,,,1.5,,,
2024-08-25,,,,,,,,1.5,,,
2024-08-26,,,,,,,,2.5,,,
2024-08-27,,,,,,,,17.5,,,
2024-08-28,,,,,,,,22.0,,,
2024-08-29,,,,,,,,0.0,,,
2024-08-30,0.0,0.0,0.0,0.0,,0.0,0.0,0.0,,0.0,0.0
2024-08-31,0.0,0.0,0.0,0.0,,0.0,0.0,0.0,0.0,0.0,0.5
2024-09-01,0.0,0.0,0.0,0.0,,0.0,0.0,0.0,0.0,0.0,0.0
2024-09-02,11.5,13.5,4.0,9.5,,0.0,0.0,0.0,0.0,0.0,0.5
2024-09-03,11.5,13.5,4.0,9.5,,0.0,2.5,0.0,0.5,1.0,2.0
2024-09-04,3.0,0.5,2.5,0.0,,2.0,16.0,1.5,2.5,2.5,6.5
2024-09-05,3.0,8.0,32.5,4.5,,9.0,10.0,14.0,2.5,16.0,14.5
2024-09-06,6.0,8.0,32.5,4.5,,9.0,0.5,14.0,2.5,16.0,14.5
2024-09-07,15.5,24.5,3.0,2.5,,4.0,2.0,7.5,2.5,3.0,2.5
2024-09-08,15.5,24.5,4.5,3.0,,6.5,5.0,7.5,4.0,7.0,9.0
2024-09-09,1.5,2.0,4.5,1.5,,6.5,0.0,6.5,4.0,7.0,9.0
2024-09-10,1.0,0.0,2.5,1.5,,0.5,0.0,6.5,1.0,1.0,1.0
2024-09-11,1.0,0.0,2.5,0.0,,0.5,0.0,0.5,0.0,0.5,1.0
2024-09-12,24.5,13.5,5.0,9.5,,1.5,1.0,0.0,0.0,0.0,0.0
2024-09-13,24.5,13.5,30.0,3.5,,0.5,4.5,0.5,1.0,3.0,2.5
2024-09-14,20.5,25.0,15.5,25.0,,12.5,7.0,17.5,15.5,16.5,14.0
2024-09-15,39.5,25.0,32.0,25.0,,17.0,41.0,17.5,18.5,27.0,28.0
2024-09-16,39.5,42.0,84.5,33.5,,77.5,72.0,51.5,67.5,99.5,65.5
2024-09-17,48.0,62.0,84.5,45.5,,77.5,37.5,51.5,67.5,99.5,66.5
2024-09-18,54.5,62.5,31.0,49.5,,71.0,14.5,50.0,54.5,63.0,44.0
2024-09-19,28.0,19.0,12.0,14.5,,26.5,30.0,25.0,15.0,17.0,31.0
2024-09-20,28.0,1.0,0.0,14.0,,16.5,6.0,16.0,13.0,15.0,31.0
2024-09-21,11.0,8.5,1.0,6.5,,2.0,0.0,1.0,4.5,4.0,5.5
2024-09-22,8.5,8.5,1.0,4.5,,0.5,2.5,8.0,4.5,1.0,2.0
2024-09-23,23.0,24.5,5.5,23.5,,18.5,89.0,17.5,15.0,33.0,63.0
2024-09-24,23.0,24.5,5.5,23.5,,18.5,89.0,17.5,15.0,33.0,63.0
2024-09-25,11.0,6.5,12.0,13.0,,12.0,10.0,6.0,14.0,2.0,0.5
2024-09-26,54.0,22.5,32.5,24.0,,16.0,4.0,33.5,49.5,34.0,12.5
2024-09-27,54.0,22.5,32.5,24.0,,37.5,10.0,96.5,63.5,131.5,59.5
2024-09-28,8.5,10.5,5.0,9.0,,42.0,2.0,99.5,66.5,135.5,60.5
2024-09-29,3.0,3.5,7.5,2.0,,4.5,67.0,12.5,9.5,4.0,90.0
2024-09-30,8.5,0.5,7.5,0.5,,0.0,11.5,14.0,2.5,4.5,90.0
2024-10-01,8.5,1.0,8.0,0.0,,1.5,2.0,14.0,2.5,6.5,4.0
2024-10-02,0.5,1.0,8.0,0.0,,1.5,0.0,0.5,0.5,6.5,2.0
2024-10-03,22.5,8.5,5.5,2.0,,25.5,53.5,36.0,5.5,47.0,66.0
2024-10-04,22.5,30.0,5.5,27.0,,25.5,0.0,36.0,45.0,47.0,66.0
2024-10-05,31.5,49.5,72.5,47.5,,56.0,18.0,61.0,47.5,114.5,50.5
2024-10-06,32.5,3.5,72.5,47.5,,56.0,5.5,61.0,47.5,114.5,51.0
2024-10-07,12.5,54.5,57.0,28.5,,21.5,18.0,55.5,14.5,27.0,47.5
2024-10-08,3.5,59.5,60.0,34.0,,33.0,21.0,60.5,61.5,75.0,48.0
2024-10-09,4.0,10.5,17.5,9.0,,33.0,6.0,60.5,61.5,75.0,14.5
2024-10-10,2.5,9.0,0.0,63.5,,31.5,1.5,16.0,7.5,3.5,0.0
2024-10-11,3.0,19.0,7.0,63.5,,32.0,35.5,36.5,46.5,27.5,7.0
2024-10-12,2.5,19.5,8.0,24.0,,34.0,79.0,37.5,48.5,30.5,28.5
2024-10-13,2.0,68.0,5.5,10.5,,45.0,54.0,42.0,26.5,91.5,28.5
2024-10-14,1.5,68.0,1.0,10.5,,45.0,0.0,44.0,26.5,91.5,6.5
2024-10-15,1.5,19.5,0.0,8.0,,35.5,8.5,38.0,39.5,7.5,7.5
2024-10-16,1.5,19.5,0.0,8.0,,35.5,0.0,38.0,39.5,7.5,7.5
2024-10-17,1.5,0.0,0.0,0.0,,0.0,0.0,5.5,18.5,24.0,0.0
2024-10-18,1.0,0.5,8.0,0.0,,26.0,5.5,5.5,18.5,24.0,40.5
2024-10-19,1.0,0.5,8.0,0.0,,26.0,0.0,7.0,1.0,3.5,40.5
2024-10-20,1.0,0.5,4.0,0.0,,1.0,22.0,7.0,1.5,0.5,1.0
2024-10-21,1.0,0.5,4.0,0.0,,1.0,0.0,0.5,1.5,0.5,1.0
2024-10-22,1.0,0.0,0.0,0.0,,0.0,0.0,0.0,0.0,0.0,0.0
2024-10-23,0.5,0.0,0.0,0.0,,0.0,7.0,0.0,0.0,0.0,0.0
2024-10-24,0.5,0.0,0.0,0.0,,1.5,0.0,4.0,7.0,17.5,0.0
2024-10-25,0.5,6.5,3.0,1.5,,14.0,0.0,6.0,7.0,33.5,2.0
2024-10-26,0.5,11.5,32.5,13.0,,22.0,25.5,21.0,20.5,33.5,14.0
2024-10-27,0.5,22.5,32.5,31.5,,22.5,1.5,21.0,20.5,24.5,16.5
2024-10-28,0.5,22.5,6.5,31.5,,26.0,30.5,24.0,5.0,11.0,12.5
2024-10-29,0.5,20.0,6.5,28.0,,26.0,5.0,24.0,11.0,24.5,12.5
2024-10-30,0.5,14.5,4.5,18.0,,9.0,0.5,24.0,11.0,24.5,25.0
2024-10-31,0.5,13.0,4.5,0.5,,14.0,0.0,2.5,8.5,1.5,25.0
2024-11-01,0.5,13.0,0.5,0.0,,14.0,0.5,2.5,8.5,0.0,0.0
2024-11-02,0.5,0.0,1.5,0.0,,0.5,0.0,0.0,11.0,0.0,0.0
2024-11-03,0.5,0.0,1.5,0.0,,10.5,0.0,14.0,20.0,13.0,0.0
2024-11-04,0.5,10.5,1.0,7.5,,16.0,5.0,80.0,46.0,34.0,8.5
2024-11-05,0.5,10.5,3.5,7.5,,16.0,28.0,80.0,46.0,77.0,22.5
2024-11-06,0.5,31.5,33.5,17.0,,20.5,10.5,31.5,34.5,15.5,22.5
2024-11-07,0.5,0.0,46.0,17.0,,20.5,0.0,12.5,34.5,15.5,13.5
2024-11-08,0.5,0.0,46.0,0.5,,0.0,0.0,0.0,0.5,0.5,13.5
2024-11-09,0.5,0.0,0.0,0.0,,0.0,0.0,0.0,0.0,0.0,0.0
2024-11-10,0.5,10.0,0.0,1.5,,22.0,23.0,5.5,2.0,7.0,9.0
2024-11-11,17.0,25.5,0.0,7.5,,35.5,1.0,5.5,4.0,7.0,38.5
2024-11-12,17.0,25.5,0.0,7.5,,35.5,1.5,19.0,4.0,2.0,38.5
2024-11-13,1.0,4.5,8.0,0.5,,1.5,0.0,19.0,2.5,3.5,20.5
2024-11-14,1.5,4.5,36.0,0.0,,1.0,2.5,0.0,0.5,3.5,21.0
2024-11-15,8.5,40.0,41.5,18.0,,30.5,0.5,2.5,0.0,1.0,46.5
2024-11-16,10.5,40.5,41.5,21.5,,30.5,1.0,2.5,0.0,1.0,46.5
2024-11-17,0.5,1.0,10.5,2.0,,0.5,1.5,3.0,0.0,0.5,0.5
2024-11-18,0.0,0.5,2.0,0.0,,0.5,0.0,3.0,0.0,0.0,0.0
2024-11-19,0.0,0.0,0.0,0.0,,0.0,0.0,0.0,0.5,0.0,0.0
2024-11-20,10.0,3.5,0.0,2.0,,7.0,0.0,1.5,0.5,0.0,0.0
2024-11-21,12.5,19.0,4.0,10.0,,8.5,4.5,2.0,3.0,1.5,1.0
2024-11-22,12.5,19.0,4.0,10.0,,8.0,3.0,2.5,2.5,3.0,1.5
2024-11-23,1.0,3.5,1.5,2.0,,7.0,0.5,2.0,4.0,3.0,2.0
2024-11-24,1.0,4.0,0.0,2.0,,7.0,0.5,1.5,4.0,0.0,2.0
2024-11-25,1.5,2.0,6.0,1.0,,2.5,5.5,5.5,2.0,2.5,4.5
2024-11-26,65.0,71.5,32.0,49.0,,60.0,60.5,63.0,59.0,70.5,66.5
2024-11-27,120.5,128.0,73.5,93.0,,128.0,92.0,161.0,144.5,155.5,80.0
2024-11-28,120.5,128.0,73.5,93.0,,66.5,32.5,161.0,144.5,155.5,80.0
2024-11-29,51.0,53.0,25.0,35.5,,9.0,9.0,65.5,63.5,56.0,33.5
2024-11-30,8.5,8.0,1.5,6.5,,10.5,0.5,14.5,13.0,11.0,6.0
2024-12-01,0.5,1.0,0.0,0.5,,0.0,0.0,0.0,0.5,0.0,0.5
2024-12-02,1.0,0.0,0.0,0.5,,0.0,0.5,0.0,2.0,0.0,0.0
2024-12-03,1.0,0.0,0.0,0.5,,0.0,0.0,0.0,2.0,0.5,0.0
2024-12-04,1.0,0.0,0.0,0.5,,0.5,0.0,0.0,0.5,0.5,0.0
2024-12-05,1.0,1.0,7.0,0.5,,0.5,21.5,0.5,0.5,0.0,0.5
2024-12-06,0.0,1.0,7.0,0.0,,0.5,0.0,0.5,0.0,0.0,0.5
2024-12-07,0.0,17.5,0.0,2.0,,15.0,0.0,0.0,0.0,0.0,0.0
2024-12-08,0.0,17.5,0.0,2.0,,15.0,0.0,0.0,0.0,0.0,0.0
2024-12-09,15.5,24.0,30.5,22.5,,24.0,0.0,16.5,11.5,13.5,49.0
2024-12-10,16.0,24.0,30.5,22.5,,24.0,11.5,17.5,16.0,19.0,49.0
2024-12-11,5.0,7.0,4.0,4.5,,10.0,0.0,17.5,16.0,0.0,19.0
2024-12-12,0.0,1.0,0.0,0.5,,0.0,8.0,0.0,0.0,0.0,0.5
2024-12-13,6.5,6.0,16.5,4.0,,1.0,1.5,0.5,0.5,0.5,6.5
2024-12-14,6.5,6.0,16.5,4.0,,1.0,0.0,1.5,1.5,1.5,6.5
2024-12-15,0.5,2.0,3.0,0.5,,0.5,0.0,1.5,1.5,1.5,0.5
2024-12-16,0.5,0.5,3.0,0.5,,0.5,0.0,0.0,0.0,0.0,0.0
2024-12-17,0.0,0.0,0.0,0.0,,0.0,0.0,0.0,0.0,0.0,0.5
2024-12-18,0.0,0.0,0.0,0.0,,0.0,0.0,0.0,0.0,0.0,0.5
2024-12-19,0.0,0.0,0.0,0.0,,0.0,0.0,0.0,0.0,0.0,0.5
2024-12-20,0.0,0.0,0.0,0.0,,0.0,0.0,0.0,0.0,0.0,0.5
2024-12-21,0.0,0.0,0.0,0.0,,0.0,0.0,0.0,0.0,0.0,0.0
2024-12-22,0.0,0.0,0.0,0.0,,0.0,0.0,0.0,0.0,0.0,0.0
2024-12-23,0.0,0.0,0.0,0.0,,0.0,0.0,0.0,0.0,0.0,0.0
2024-12-24,0.0,0.0,0.0,0.0,,0.0,0.0,0.0,0.0,0.0,0.0
2024-12-25,0.0,0.0,0.0,0.0,,0.0,0.0,0.0,0.0,0.0,0.0
2024-12-26,0.0,0.0,0.0,0.0,,0.0,0.0,0.0,0.0,0.0,0.0
2024-12-27,0.0,0.0,6.0,0.0,,0.0,7.5,0.0,0.0,0.0,47.5
2024-12-28,0.0,0.0,6.0,0.0,,0.0,2.5,0.0,0.0,0.0,47.5
2024-12-29,3.5,0.0,0.5,0.0,,0.0,0.0,0.5,2.0,1.0,3.0
2024-12-30,3.5,0.0,0.0,0.0,,0.0,0.0,0.5,2.0,1.0,0.0
2024-12-31,0.0,0.0,0.0,0.0,,0.0,0.0,0.0,0.0,0.0,0.0
2025-01-01,0.0,0.0,0.0,0.0,,0.0,0.0,0.0,0.0,0.0,0.0
2025-01-02,0.0,0.0,0.0,0.0,,0.0,0.0,0.0,0.0,0.0,0.0
2025-01-03,0.0,0.0,0.0,0.0,,0.0,0.0,0.0,0.0,,0.0
2025-01-04,0.0,0.0,23.5,0.0,,0.5,19.0,0.0,0.0,3.0,47.5
2025-01-05,0.0,0.0,23.5,0.0,,0.5,0.0,0.5,0.0,0.0,47.5
2025-01-06,0.0,0.0,0.5,0.0,,0.5,0.0,0.5,0.0,0.0,0.0
2025-01-07,0.0,0.0,0.0,0.0,,0.0,0.0,0.0,0.0,0.0,0.0
2025-01-08,0.0,0.0,0.0,0.0,,0.0,0.0,0.0,0.0,0.0,0.0
2025-01-09,0.0,0.0,0.0,0.0,,0.0,0.0,0.0,0.0,0.0,0.0
2025-01-10,0.5,0.0,0.0,0.0,,0.0,0.0,0.5,0.0,0.0,0.0
2025-01-11,0.5,0.5,0.5,0.0,,0.5,0.0,1.5,2.5,2.0,0.5
2025-01-12,0.5,0.5,0.5,0.0,,1.5,13.5,2.0,2.5,2.0,5.0
2025-01-13,0.5,0.5,0.0,0.0,,1.5,0.5,2.0,4.0,0.5,5.5
2025-01-14,0.0,0.5,0.5,0.0,,0.5,0.5,0.5,4.0,0.5,0.0
2025-01-15,47.0,38.5,24.0,34.0,,45.5,33.5,44.5,30.5,28.0,27.5
2025-01-16,47.0,38.5,24.0,34.0,,7.0,13.0,44.5,31.0,5.0,27.5
2025-01-17,16.5,14.0,6.5,6.0,,,0.0,6.0,0.0,5.0,2.5
2025-01-18,7.5,2.5,0.0,2.5,,3.0,0.0,0.0,0.0,0.0,0.0
2025-01-19,7.5,2.5,0.0,2.5,,1.0,0.0,0.0,0.0,0.0,0.0
2025-01-20,0.0,0.0,0.0,0.0,,,0.0,0.0,0.0,0.0,0.0
2025-01-21,0.0,0.0,0.0,0.0,,,0.0,0.0,0.0,0.0,0.0
2025-01-22,0.0,0.0,0.0,0.0,,,0.0,0.0,0.0,0.0,0.0
2025-01-23,0.0,0.0,0.0,0.0,,,0.0,0.0,0.0,0.0,0.0
2025-01-24,7.5,14.0,2.5,6.0,,14.0,8.5,11.0,11.0,12.5,6.5
2025-01-25,7.5,14.0,2.5,6.0,,14.0,0.5,11.0,11.0,13.5,6.5
2025-01-26,0.5,6.5,11.0,0.5,,0.5,11.0,0.0,0.5,0.0,16.0
2025-01-27,0.0,0.0,11.0,0.0,,0.0,2.5,0.0,0.0,0.0,16.0
2025-01-28,0.0,0.0,0.0,0.0,,0.0,,0.0,0.0,0.0,0.0
2025-01-29,0.0,0.0,0.0,0.0,,0.0,,0.0,0.0,0.0,0.0
2025-01-30,0.0,0.0,0.0,0.0,,0.0,,0.0,0.0,0.0,0.0
2025-01-31,0.0,0.0,0.0,0.0,,0.0,,0.0,0.0,0.0,0.0
2025-02-01,0.0,0.0,0.0,0.0,,0.0,,0.0,0.0,0.0,0.0
2025-02-02,0.0,0.0,0.0,0.0,,0.0,,0.0,0.0,0.0,0.0
2025-02-03,0.0,0.0,0.0,0.0,,0.0,,0.0,0.0,0.0,0.5
2025-02-04,9.0,1.5,0.0,1.5,,1.5,,0.0,0.0,0.0,0.5
2025-02-05,9.0,1.5,0.0,1.5,,1.5,,0.0,0.0,0.0,0.0
2025-02-06,0.0,0.5,0.0,0.0,,0.0,,0.0,0.0,0.0,0.0
2025-02-07,0.0,0.0,0.0,0.0,,0.0,,0.0,0.0,0.0,0.0
2025-02-08,0.0,0.0,0.0,0.0,,0.0,,0.0,0.0,0.0,0.0
2025-02-09,0.0,0.0,0.0,0.0,,0.0,,0.0,0.0,0.0,0.0
2025-02-10,0.0,0.0,0.0,0.0,,0.0,,0.0,0.0,0.0,0.0
2025-02-11,0.0,0.0,0.0,0.0,,0.0,,0.0,0.0,0.0,0.0
2025-02-12,0.0,0.0,0.0,0.0,,0.0,,0.0,0.0,0.0,0.0
2025-02-13,0.0,0.0,0.0,0.0,,0.0,,0.0,0.0,0.0,0.0
2025-02-14,0.0,0.0,0.0,0.0,,0.0,,0.0,0.0,2.5,0.0
2025-02-15,0.0,0.0,0.0,0.0,,0.0,,100.0,0.0,2.5,0.0
2025-02-16,0.0,0.0,0.0,0.0,,0.0,,100.0,0.0,0.0,0.0
2025-02-17,0.0,0.0,0.0,0.0,,0.0,,1.0,0.0,0.0,0.0
2025-02-18,0.0,0.0,0.0,0.0,,0.0,,7.0,0.0,0.0,0.0
2025-02-19,0.0,0.0,0.5,0.0,,0.0,,7.0,0.0,0.0,1.0
2025-02-20,0.0,0.0,0.5,0.0,,0.0,,0.0,0.0,0.0,1.0
2025-02-21,0.0,0.0,0.0,1.5,,0.0,,0.0,0.0,0.0,0.0
2025-02-22,5.0,1.5,0.0,1.5,,0.0,,0.5,0.0,0.0,0.0
2025-02-23,10.5,9.5,2.5,1.0,,0.0,,1.5,8.5,1.5,6.5
2025-02-24,10.5,9.5,9.0,1.5,,3.0,,1.5,8.5,2.0,12.5
2025-02-25,3.0,1.5,9.0,1.5,,3.0,,0.0,4.5,2.0,12.5
2025-02-26,1.0,2.0,0.0,0.5,,0.5,,0.0,0.0,5.5,0.0
2025-02-27,1.0,2.0,0.0,0.0,,0.5,,0.0,0.5,5.5,3.0
2025-02-28,3.0,0.0,0.0,2.5,,0.0,,0.0,0.5,0.0,3.0
2025-03-01,3.0,0.0,0.0,2.5,,0.0,,0.0,0.0,0.0,0.0
2025-03-02,0.0,0.0,0.0,0.0,,0.0,,0.0,0.0,0.0,0.0
2025-03-03,0.0,0.0,0.0,0.0,,0.0,,0.0,0.0,0.0,0.0
2025-03-04,0.0,0.0,0.0,0.0,,0.0,,0.0,0.0,0.0,0.0
2025-03-05,0.0,0.0,0.0,0.0,,0.0,,0.0,0.0,0.0,0.0
2025-03-06,2.0,41.0,1.5,1.0,,50.0,,0.0,28.5,49.5,67.5
2025-03-07,2.0,41.0,1.5,1.0,,50.0,,0.0,0.5,0.0,67.5
2025-03-08,2.0,0.0,64.0,0.5,,0.0,,0.0,0.0,0.0,22.5
2025-03-09,0.5,0.0,64.0,0.0,,0.0,,0.0,0.5,0.0,22.5
2025-03-10,0.0,0.0,0.0,0.0,,0.0,,0.0,0.5,0.0,0.0
2025-03-11,0.0,0.5,0.0,0.0,,1.5,,0.0,0.0,0.0,0.0
2025-03-12,0.0,0.5,9.0,0.0,,6.5,,0.5,2.0,0.5,0.5
2025-03-13,1.5,5.5,24.0,3.5,,6.5,,0.5,2.0,0.5,0.5
2025-03-14,3.5,15.5,24.0,4.5,,21.0,,0.0,0.5,2.0,0.5
2025-03-15,3.5,15.5,0.0,4.5,,21.0,,0.0,0.5,2.0,0.5
2025-03-16,3.5,0.0,0.0,0.5,,0.0,,0.0,0.5,0.0,0.0
2025-03-17,3.5,0.0,0.0,0.0,,0.0,,0.0,0.5,0.0,0.0
2025-03-18,3.5,0.0,0.0,0.0,,0.0,,0.5,0.0,0.0,0.0
2025-03-19,3.5,0.0,0.0,0.0,,0.0,,0.5,1.5,0.0,0.0
2025-03-20,7.0,7.0,1.5,6.0,,5.5,,0.5,1.5,0.0,0.0
2025-03-21,7.0,7.0,1.5,6.0,,5.5,,0.5,0.0,0.0,0.0
2025-03-22,0.0,0.5,0.0,0.0,,0.0,,0.5,0.0,0.0,0.0
2025-03-23,0.5,1.5,0.0,1.0,,2.5,,0.0,0.5,0.0,4.5
2025-03-24,0.5,1.5,0.0,1.0,,2.5,,0.0,0.5,0.0,39.5
2025-03-25,0.5,0.0,0.0,0.0,,0.0,,0.0,0.0,0.0,39.5
2025-03-26,0.5,0.0,0.0,0.0,,0.0,,0.0,26.0,10.5,0.0
2025-03-27,9.5,9.5,42.5,33.5,,,,0.0,26.0,,14.0
2025-03-28,13.0,24.5,48.0,33.5,,,,0.0,17.0,13.5,31.0
2025-03-29,47.5,24.5,5.0,7.5,,,,0.0,17.0,13.5,31.0
2025-03-30,48.0,9.5,0.0,7.5,,,,0.0,4.5,0.0,2.0
2025-03-31,48.0,0.0,19.5,0.0,,,,0.0,10.5,,4.5
2025-04-01,48.0,0.0,19.5,0.0,,,,0.0,10.5,,4.5
2025-04-02,48.0,0.0,0.0,4.5,,,,0.0,1.5,,0.0
2025-04-03,48.0,0.0,0.0,4.5,,,,0.0,1.5,,0.0
2025-04-04,0.5,4.5,0.0,2.5,,,,0.0,1.0,,0.0
2025-04-05,1.0,4.5,14.5,2.5,,,,0.0,1.0,0.0,15.5
2025-04-06,1.0,0.5,25.0,0.0,,,,0.0,0.0,0.0,24.5
2025-04-07,1.0,0.5,25.0,0.0,,,,0.0,0.0,0.0,0.5
2025-04-08,1.0,0.0,0.0,0.0,,,,0.0,0.0,0.0,1.0
2025-04-09,46.5,3.0,0.0,17.0,,,,0.0,5.0,0.0,10.5
2025-04-10,55.5,11.0,1.0,17.0,,,,0.0,5.0,0.5,11.0
2025-04-11,61.0,14.5,4.0,18.5,,,,0.0,7.5,3.5,27.0
2025-04-12,61.5,14.5,4.0,18.5,,,,0.0,7.5,3.5,27.0
2025-04-13,64.5,4.0,16.5,0.5,,,,0.0,3.5,1.5,10.0
2025-04-14,65.0,1.0,16.5,0.0,,,1.0,0.0,5.5,0.0,5.5
2025-04-15,65.5,1.0,16.0,0.0,,11.5,10.0,6.5,5.5,4.5,34.0
2025-04-16,65.5,9.5,16.0,10.0,,11.5,36.5,7.5,8.0,21.5,34.0
2025-04-17,6.0,5.0,0.5,2.5,,2.0,0.5,3.0,3.0,14.0,1.0
2025-04-18,6.0,5.0,0.5,2.5,,2.0,5.0,3.0,8.0,14.0,3.0
2025-04-19,15.0,0.0,1.0,7.5,,0.5,14.5,11.5,8.0,7.0,27.0
2025-04-20,15.0,0.0,3.5,7.5,,0.5,0.0,11.5,7.5,7.0,27.0
2025-04-21,13.0,0.0,3.5,0.5,,0.5,0.0,1.0,7.5,0.0,0.0
2025-04-22,1.0,1.0,0.0,0.5,,0.0,17.0,12.5,0.0,36.5,0.5
2025-04-23,43.5,43.5,0.0,66.0,,50.0,4.0,89.0,53.5,36.5,6.5
2025-04-24,43.5,43.5,0.5,66.0,,50.0,0.5,89.0,53.5,47.0,17.5
2025-04-25,1.5,27.0,2.0,5.0,,19.0,8.0,26.5,25.5,47.0,17.5
2025-04-26,18.5,27.0,2.5,5.5,,31.0,95.5,34.0,81.5,54.0,67.0
2025-04-27,18.5,13.5,2.5,5.5,,31.0,1.0,34.0,81.5,54.0,67.0
2025-04-28,10.0,12.5,1.0,4.0,,3.5,6.0,1.5,0.0,0.0,0.0
2025-04-29,10.0,12.5,0.0,3.5,,3.5,0.0,1.5,0.0,0.0,0.5
2025-04-30,0.0,0.0,0.0,0.0,,0.0,0.0,0.0,0.0,0.0,0.5
2025-05-01,0.0,0.0,3.5,0.0,,0.0,0.0,0.0,0.0,0.0,0.0
2025-05-02,0.5,0.0,10.5,0.0,,5.5,31.0,0.0,0.5,0.0,11.0
2025-05-03,34.0,14.5,15.0,51.0,,25.5,41.5,5.0,9.0,8.5,11.0
2025-05-04,34.0,15.0,15.0,51.0,,67.5,40.5,71.0,31.0,8.5,10.5
2025-05-05,7.0,35.0,39.0,21.0,,67.5,0.5,71.0,31.0,8.0,10.5
2025-05-06,7.0,35.0,39.0,21.0,,4.0,0.0,10.0,11.0,2.5,0.0
2025-05-07,0.0,0.0,0.0,0.0,,0.0,0.0,0.0,0.0,0.0,0.0
2025-05-08,0.0,0.0,2.0,2.5,,0.0,21.5,2.0,0.0,0.0,1.5
2025-05-09,0.0,0.0,6.5,2.5,,0.0,0.5,2.0,0.0,0.0,2.0
2025-05-10,0.0,0.0,30.5,0.0,,0.0,2.5,6.5,1.5,19.5,2.0
2025-05-11,19.0,0.0,0.0,1.5,,0.0,0.0,6.5,1.5,19.5,0.5
2025-05-12,19.0,3.0,0.5,1.5,,6.5,0.0,8.5,11.5,11.0,1.5
2025-05-13,40.5,42.5,2.0,58.5,,72.5,0.0,9.0,15.5,39.0,3.5
2025-05-14,40.5,42.5,2.0,58.5,,72.5,1.0,9.0,15.5,39.0,3.5
2025-05-15,12.5,10.0,10.5,6.5,,1.0,1.0,0.5,0.5,0.5,20.5
2025-05-16,12.5,10.0,10.5,7.0,,1.0,0.0,0.5,0.5,6.0,20.5
2025-05-17,3.0,5.5,0.0,7.0,,0.0,0.5,6.0,42.0,30.0,3.5
2025-05-18,18.5,44.5,5.0,25.0,,23.5,15.5,40.0,42.0,82.5,27.0
2025-05-19,18.5,44.5,5.0,25.0,,23.5,0.0,40.0,34.0,82.5,27.0
2025-05-20,7.0,23.0,11.5,4.5,,11.5,12.5,2.5,3.0,23.0,25.5
2025-05-21,7.0,23.0,11.5,4.5,,11.5,0.0,2.5,3.0,23.0,25.5
2025-05-22,0.0,3.0,0.5,8.0,,2.5,5.0,1.0,3.0,1.5,12.0
2025-05-23,10.0,6.5,0.5,8.0,,16.0,4.5,6.0,3.0,14.5,13.5
2025-05-24,10.0,17.0,15.5,9.5,,23.5,7.5,23.5,27.5,32.5,13.5
2025-05-25,2.5,17.0,15.5,9.5,,23.5,0.0,23.5,27.5,32.5,11.5
2025-05-26,26.5,38.5,15.0,26.5,,32.5,4.0,16.5,17.0,9.5,8.0
2025-05-27,26.5,38.5,15.0,26.5,,32.5,0.5,16.5,17.0,9.5,8.0
2025-05-28,0.0,0.0,0.5,0.5,,0.5,0.0,0.0,0.0,0.5,0.0
2025-05-29,0.0,0.0,0.0,0.5,,0.0,0.0,0.0,0.0,0.0,0.0
2025-05-30,0.0,0.0,0.0,0.0,,0.0,0.0,0.0,0.0,0.0,0.0
2025-05-31,1.5,5.0,1.0,0.0,,14.0,18.0,5.5,6.0,0.0,10.5
2025-06-01,1.5,5.0,1.0,0.0,,14.0,0.0,5.5,6.0,0.5,10.5
2025-06-02,0.0,0.0,0.0,0.0,,0.5,0.0,0.0,0.0,0.5,0.0
2025-06-03,0.0,0.5,0.0,0.0,,0.0,0.0,0.5,9.5,0.0,0.0
2025-06-04,7.5,5.5,0.0,0.0,,18.5,8.0,13.0,9.5,5.5,0.0
2025-06-05,7.5,5.5,1.0,0.0,,18.5,0.5,13.0,8.5,5.5,2.5
2025-06-06,0.5,0.0,1.0,0.0,,0.5,5.0,3.5,0.5,1.5,2.5
2025-06-07,28.5,20.0,27.0,0.0,,20.5,57.0,22.0,19.0,23.5,16.5
2025-06-08,28.5,23.0,46.5,0.0,,17.0,8.0,22.0,19.0,24.0,16.5
2025-06-09,7.5,23.5,46.5,0.0,,10.5,27.5,23.0,15.0,29.5,21.0
2025-06-10,7.5,18.0,30.0,0.0,,10.5,2.5,23.0,15.0,29.5,21.0
2025-06-11,0.0,1.5,5.0,0.0,,4.5,0.0,2.5,0.5,0.0,1.0
2025-06-12,3.0,3.0,8.5,0.0,,3.0,3.0,0.5,2.5,6.0,7.5
2025-06-13,3.0,3.0,8.5,0.0,,3.0,0.0,0.5,2.5,6.0,7.5
2025-06-14,0.0,0.0,12.5,0.0,,0.0,0.0,0.0,0.0,0.0,0.0
2025-06-15,5.5,1.5,12.5,0.0,,9.0,0.0,34.5,12.0,1.5,0.0
2025-06-16,5.5,6.0,7.0,0.0,,20.0,2.0,34.5,12.0,3.5,0.5
2025-06-17,1.0,6.0,7.0,0.0,,1.5,0.0,8.5,2.0,3.5,0.5
2025-06-18,0.0,0.5,0.0,0.0,,1.5,0.0,0.0,0.0,0.0,0.0
2025-06-19,0.0,0.0,0.0,0.0,,0.0,0.0,0.0,0.0,0.0,0.0
2025-06-20,0.0,0.0,22.5,0.0,,0.0,13.5,0.0,0.0,0.0,9.5
2025-06-21,0.0,7.0,22.5,0.0,,5.0,8.5,3.0,2.0,7.0,9.5
2025-06-22,0.0,7.0,2.5,0.0,,5.0,0.5,3.0,2.0,7.0,1.0
2025-06-23,8.0,7.5,10.0,0.0,,4.0,12.0,3.0,3.5,2.0,8.0
2025-06-24,8.0,7.5,10.0,0.0,,1.5,9.5,3.0,3.5,2.0,8.0
2025-06-25,1.0,6.5,0.0,0.0,,1.5,0.0,0.0,0.0,0.0,0.0
2025-06-26,0.0,0.0,0.0,0.0,,0.5,12.5,0.0,0.0,0.0,1.5
2025-06-27,0.0,0.5,0.5,0.0,,7.5,8.5,2.0,2.0,2.0,1.5
2025-06-28,0.0,0.5,1.0,0.0,,7.5,0.0,2.0,2.0,2.0,0.5
2025-06-29,0.0,0.0,1.0,0.0,,0.0,,0.0,0.0,0.0,0.0
2025-06-30,0.0,0.0,0.0,0.0,,0.0,0.0,0.0,0.0,0.0,0.0
2025-07-01,0.0,0.0,0.0,0.0,,0.0,0.0,0.0,0.0,0.0,0.0
2025-07-02,8.5,13.5,9.0,1.0,,22.0,6.5,10.0,44.5,60.5,14.5
2025-07-03,8.5,13.5,9.0,1.0,,22.0,0.0,10.0,44.5,60.5,14.5
2025-07-04,0.0,0.5,0.0,0.0,,0.0,0.0,0.0,0.0,0.5,0.0
2025-07-05,7.5,1.5,2.0,0.0,,0.0,0.0,0.0,0.0,0.5,0.0
2025-07-06,7.5,1.5,2.0,0.0,,0.0,0.0,0.0,0.0,0.5,0.0
2025-07-07,0.0,0.0,0.0,0.0,,0.0,0.0,0.0,0.0,0.0,0.5
2025-07-08,0.0,1.5,0.0,0.0,,0.0,0.0,0.0,0.0,0.0,0.5
2025-07-09,0.0,1.5,0.5,0.0,,0.0,0.0,0.0,0.0,0.0,0.0
2025-07-10,0.0,0.0,1.5,0.0,,0.0,4.0,0.0,0.0,0.0,0.0
2025-07-11,2.5,0.0,1.5,0.0,,0.0,1.0,5.0,16.5,14.0,4.0
2025-07-12,7.0,31.0,9.5,9.0,,5.5,6.0,5.5,16.5,20.0,4.0
2025-07-13,7.0,31.0,9.5,9.0,,5.5,23.0,5.5,7.0,20.0,14.5
2025-07-14,0.0,0.0,7.5,0.5,,0.5,23.0,0.0,7.0,3.5,14.5
2025-07-15,6.5,6.0,43.0,9.5,,3.5,1.0,0.0,9.5,3.0,6.0
2025-07-16,6.5,6.0,43.0,9.5,,7.5,10.5,0.0,9.5,3.0,8.5
2025-07-17,2.0,0.5,3.0,1.0,,7.5,0.0,0.0,0.0,0.0,8.5
2025-07-18,0.0,0.0,0.0,0.0,,0.0,0.0,0.0,0.0,0.0,0.0
2025-07-19,0.0,0.0,0.0,0.0,,0.0,0.0,0.0,0.0,0.0,0.0
2025-07-20,9.0,21.5,3.5,22.0,,10.0,10.5,13.0,12.0,6.0,14.5
2025-07-21,9.0,21.5,3.5,22.0,,10.0,0.0,13.0,12.0,6.0,14.5
2025-07-22,0.0,0.0,0.0,0.5,,0.0,0.0,0.0,0.0,0.0,0.0
2025-07-23,0.0,0.0,0.0,0.0,,0.0,0.0,0.0,0.0,0.0,0.0
2025-07-24,0.0,0.0,0.0,0.0,,0.0,0.0,0.0,0.0,0.0,0.0
2025-07-25,0.0,0.0,0.0,0.0,,0.0,0.0,0.0,0.0,0.0,0.0
2025-07-26,0.0,0.0,0.5,0.0,,1.5,0.0,0.0,5.0,2.0,1.0
2025-07-27,3.0,2.0,0.5,0.0,,1.5,11.5,0.0,5.0,2.0,1.0
2025-07-28,3.0,2.0,0.5,0.0,,0.0,0.0,0.0,0.0,0.5,0.0
2025-07-29,0.0,0.0,0.0,0.0,,0.0,0.0,0.0,0.0,0.5,0.0
2025-07-30,0.0,0.0,0.0,0.0,,0.0,1.5,0.0,0.5,0.0,3.0
2025-07-31,0.0,0.0,0.0,0.0,,0.0,0.0,0.0,0.5,0.0,3.0
2025-08-01,0.0,0.0,0.0,0.0,,0.0,0.0,0.0,0.0,0.0,0.0
2025-08-02,0.0,0.0,0.0,0.0,,0.0,0.0,0.0,0.0,0.0,0.0
2025-08-03,0.0,0.0,0.0,0.0,,0.0,1.0,0.0,0.0,0.0,0.5
2025-08-04,18.0,8.5,21.0,0.0,,12.0,6.5,17.5,10.0,10.0,25.5
2025-08-05,18.0,8.5,21.0,0.0,,12.0,0.0,17.5,10.0,10.0,25.5
2025-08-06,5.5,0.5,0.0,0.0,,4.0,2.0,1.0,1.5,4.5,1.0
2025-08-07,5.5,3.5,0.0,0.0,,4.0,3.5,14.0,28.0,16.5,1.0
2025-08-08,9.0,3.5,0.0,0.0,,22.0,8.0,14.0,28.0,16.5,4.5
2025-08-09,15.5,60.0,0.5,0.0,,79.5,0.0,1.0,1.5,1.0,4.5
2025-08-10,32.0,60.0,6.0,0.0,,79.5,7.5,20.0,2.0,5.5,2.5
2025-08-11,32.0,3.0,4.0,0.0,,11.0,9.0,20.0,2.0,5.5,20.5
2025-08-12,2.0,3.0,4.0,0.0,,0.0,0.0,3.0,1.0,2.5,20.5
2025-08-13,2.0,1.5,11.0,0.0,,0.0,0.0,0.5,0.5,2.5,1.5
2025-08-14,1.5,24.0,11.0,0.0,,23.5,0.5,11.0,2.0,0.5,1.5
2025-08-15,10.0,24.0,25.5,0.0,,23.5,6.0,11.0,2.0,1.5,4.5
2025-08-16,10.5,6.0,25.5,0.0,,4.0,3.5,1.5,2.0,1.5,11.0
2025-08-17,2.5,3.0,2.0,0.0,,2.0,0.0,1.5,2.0,1.0,11.0
2025-08-18,0.0,0.0,0.0,0.0,,0.0,0.0,5.5,0.5,0.5,0.0
2025-08-19,17.5,29.0,1.5,0.0,,8.5,9.5,11.0,15.0,17.5,1.5
2025-08-20,17.5,29.0,1.5,0.0,,8.5,0.0,11.0,15.0,17.5,1.5
2025-08-21,8.0,7.5,17.5,0.0,,13.0,0.0,0.0,0.0,0.5,3.0
2025-08-22,8.0,7.5,17.5,0.0,,13.0,0.0,0.0,0.5,0.0,3.0
2025-08-23,1.5,0.5,0.0,0.0,,0.0,0.0,0.0,0.5,0.0,0.0
2025-08-24,2.0,1.0,20.5,0.0,,0.5,18.5,0.0,0.0,0.0,18.5
2025-08-25,7.5,1.0,23.0,0.0,,4.0,10.0,4.0,0.5,3.0,37.0
2025-08-26,7.5,0.0,22.5,0.0,,4.0,0.0,4.0,0.5,3.0,37.0
2025-08-27,1.0,0.0,0.0,0.0,,0.0,3.5,0.0,0.0,0.0,0.0
2025-08-28,1.5,4.5,3.0,0.0,,5.0,6.5,0.5,10.0,7.5,1.0
2025-08-29,1.0,4.5,11.0,0.0,,9.5,12.5,14.5,10.0,7.5,10.5
2025-08-30,3.5,6.0,11.0,0.0,,9.5,15.5,14.5,4.5,3.0,17.5
2025-08-31,8.0,9.5,4.0,0.0,,13.5,3.0,19.0,2.0,3.0,17.5
2025-09-01,8.5,9.5,0.5,0.0,,13.5,2.5,19.0,2.5,2.0,6.0
2025-09-02,3.0,2.0,0.5,0.0,,7.5,0.0,2.5,2.5,0.0,6.0
2025-09-03,9.0,31.0,29.0,0.0,,17.0,46.5,30.0,37.5,40.5,34.5
2025-09-04,10.0,31.0,29.0,0.0,,17.0,7.0,30.0,37.5,40.5,34.5
2025-09-05,10.0,10.0,34.0,0.0,,2.5,0.5,3.5,6.5,5.0,6.0
2025-09-06,6.5,2.5,34.0,0.0,,2.5,0.0,3.5,1.5,1.0,4.0
2025-09-07,6.5,0.0,1.5,0.0,,2.0,4.5,0.5,1.5,0.5,0.5
2025-09-08,0.0,5.5,6.5,0.0,,4.5,22.5,27.0,5.5,19.5,9.5
2025-09-09,14.5,8.0,10.0,0.0,,13.0,15.5,31.5,9.0,21.0,10.5
2025-09-10,14.5,8.0,10.0,0.0,,13.0,0.0,10.5,9.0,9.0,7.0
2025-09-11,5.0,12.0,0.0,0.0,,1.0,0.5,3.5,4.0,10.0,12.5
2025-09-12,7.5,19.5,2.5,0.0,,11.0,3.5,22.0,4.0,10.0,12.5
2025-09-13,22.5,28.5,5.0,0.0,,17.0,17.0,22.0,16.5,17.5,8.0
2025-09-14,22.5,28.5,5.0,0.0,,17.0,0.0,13.0,16.5,17.5,8.0
2025-09-15,5.5,8.5,8.0,0.0,,12.0,18.0,8.5,15.5,25.5,13.0
2025-09-16,5.5,8.5,8.0,0.5,,12.0,0.0,8.5,15.5,25.5,13.0
2025-09-17,0.0,0.0,0.5,0.5,,0.0,0.0,0.0,0.0,0.0,14.5
2025-09-18,6.0,32.0,8.0,0.0,,35.5,0.0,11.5,8.5,13.5,14.5
2025-09-19,6.0,32.0,8.0,0.0,,35.5,0.0,11.5,8.5,13.5,0.0
2025-09-20,0.0,0.5,0.0,0.0,,0.5,0.0,0.0,,0.0,0.0
2025-09-21,0.0,0.0,0.0,0.0,,0.0,0.0,0.0,,0.0,0.0
2025-09-22,0.0,0.0,0.0,0.0,,0.0,0.0,0.0,,0.0,0.0
2025-09-23,0.0,0.0,0.0,0.0,,0.0,0.0,0.0,,0.0,0.0
2025-09-24,0.0,0.0,0.0,0.0,,2.5,0.0,3.0,,4.5,0.0
2025-09-25,0.0,0.0,0.0,0.0,,2.5,0.0,3.0,,4.5,0.0
2025-09-26,0.0,0.0,0.0,0.0,,0.0,0.0,0.5,,0.0,0.0
2025-09-27,0.0,0.0,0.0,0.0,,4.5,0.0,4.5,,0.0,0.0
2025-09-28,15.5,7.0,25.0,0.0,,22.5,18.5,35.0,,17.5,18.5
2025-09-29,63.0,51.0,25.0,0.0,,48.0,7.5,35.0,,26.5,18.5
2025-09-30,63.0,51.0,20.0,0.0,,48.0,0.0,32.0,,26.5,10.0
2025-10-01,0.0,0.0,1.0,0.0,,0.0,2.5,0.0,,0.0,0.0
2025-10-02,0.0,1.5,22.5,0.0,,0.0,1.5,1.0,,3.0,7.5
2025-10-03,22.5,56.5,117.0,0.0,,54.0,210.0,29.0,,42.5,124.5
2025-10-04,23.0,56.5,117.0,0.0,,54.5,2.0,29.0,,42.5,130.0
2025-10-05,0.5,1.0,8.0,0.0,,0.5,0.0,0.5,,1.5,124.5
2025-10-06,0.0,0.0,8.0,0.0,,0.0,0.0,0.5,,0.0,124.5
2025-10-07,0.0,0.0,10.5,0.0,,0.0,0.0,14.0,,0.0,124.5
2025-10-08,1.5,1.0,10.5,0.0,,6.5,0.0,14.0,,26.5,124.5
2025-10-09,3.0,1.0,17.5,0.0,,6.5,5.0,13.0,,26.5,124.5
2025-10-10,3.0,0.5,17.5,0.0,,1.0,9.5,0.5,,4.0,124.5
2025-10-11,1.5,4.0,9.0,0.0,,18.5,5.0,5.0,,2.0,124.5
2025-10-12,1.5,7.5,2.5,0.0,,18.5,7.5,5.0,,1.0,124.5
2025-10-13,0.0,7.5,2.5,0.0,,10.5,0.0,2.5,,0.5,124.5
2025-10-14,1.5,2.5,16.5,0.0,,3.5,3.5,10.0,,64.0,124.5
2025-10-15,1.5,2.5,21.5,0.0,,3.5,19.0,10.0,,64.0,124.5
2025-10-16,7.0,0.5,21.5,0.0,,14.5,27.0,4.0,,1.5,124.5
2025-10-17,7.0,0.5,14.5,0.0,,14.5,40.0,4.0,,5.0,124.5
2025-10-18,1.0,0.5,10.5,0.0,,1.0,30.5,18.0,,34.5,124.5
2025-10-19,1.0,52.5,67.0,0.0,,1.0,30.0,18.0,,0.5,124.5
2025-10-20,7.0,52.5,67.0,0.0,,1.0,2.0,45.5,,0.5,124.5
2025-10-21,7.0,1.5,0.5,0.0,,1.0,2.0,45.5,,0.5,124.5
2025-10-22,3.0,3.0,18.5,0.0,,3.0,13.0,16.5,,8.5,124.5
2025-10-23,15.5,10.5,34.5,0.0,,8.5,40.5,2.0,,8.5,124.5
2025-10-24,32.5,27.0,35.0,0.0,,31.0,33.5,54.5,,97.0,124.5
2025-10-25,33.0,27.5,33.5,0.0,,31.0,12.0,55.0,,97.0,124.5
2025-10-26,11.5,9.0,9.0,0.0,,4.5,0.0,12.5,,6.5,124.5
2025-10-27,0.0,0.0,0.0,0.0,,0.0,0.0,0.0,,1.0,124.5
2025-10-28,0.0,0.0,0.0,0.0,,0.0,0.0,3.5,,1.0,0.0
2025-10-29,1.0,2.5,0.5,0.0,,1.0,7.5,3.5,,1.5,6.5
2025-10-30,16.5,17.5,11.0,0.0,,15.0,9.5,23.0,,8.0,9.0
2025-10-31,16.5,17.5,11.0,0.0,,15.0,21.5,23.0,,8.0,11.5
2025-11-01,12.5,1.0,5.0,0.0,,1.0,0.0,0.5,,0.0,5.5
2025-11-02,0.0,0.5,0.0,0.0,,0.0,0.0,0.5,,0.0,0.5
2025-11-03,0.0,10.0,11.5,0.0,,1.0,20.0,1.0,,1.0,0.5
2025-11-04,0.0,10.0,11.5,0.0,,1.0,0.5,1.0,,1.0,0.5
2025-11-05,,,4.0,,,,,,,,
2025-11-06,,,,,,,,,,,
2025-11-07,43.5,56.0,21.5,0.0,,26.0,,32.5,,22.0,47.0
2025-11-08,43.5,56.0,21.5,0.0,,26.0,23.0,47.5,,34.5,47.0
2025-11-09,20.0,27.0,9.0,0.0,,5.5,0.0,47.5,0.5,34.5,28.5
2025-11-10,11.0,1.0,3.0,0.0,,6.0,34.0,6.0,10.0,25.0,2.5
2025-11-11,11.0,33.5,3.0,55.5,,6.0,5.0,6.0,10.0,25.0,2.5
2025-11-12,7.0,33.5,1.0,55.5,,1.0,55.5,3.5,8.5,36.5,7.5
2025-11-13,7.0,3.5,2.5,11.5,,0.0,0.0,2.0,8.5,36.5,7.5
2025-11-14,0.5,0.0,2.5,0.5,,1.5,1.5,2.0,0.0,0.0,0.0
2025-11-15,0.0,0.0,0.0,0.5,,1.5,0.0,0.5,0.0,0.0,0.5
2025-11-16,0.0,0.0,0.0,0.0,,0.0,0.0,0.0,0.0,0.0,0.5
2025-11-17,0.0,0.0,0.0,0.0,,0.0,0.0,0.0,0.0,0.0,0.0
2025-11-18,25.0,42.0,35.0,21.0,,22.0,0.0,20.5,9.0,12.0,69.0
2025-11-19,25.0,0.5,1.5,21.0,,22.0,6.0,20.5,9.0,12.0,69.0
2025-11-20,9.0,43.5,1.5,8.0,,17.0,0.5,4.0,2.0,2.0,21.0
2025-11-21,28.0,43.5,10.0,8.0,,17.0,25.0,6.5,5.0,4.0,19.0
2025-11-22,28.0,8.5,10.0,4.0,,5.5,2.0,7.0,5.0,5.5,19.0
2025-11-23,103.5,65.5,41.5,51.0,,13.0,41.5,106.0,82.5,76.0,35.0
2025-11-24,119.5,87.0,44.0,63.0,,,16.5,108.5,87.5,84.0,35.5
2025-11-25,119.5,87.0,31.5,63.0,,,14.0,109.0,73.5,58.0,21.0
2025-11-26,18.5,23.0,1.5,8.0,,,2.5,28.5,17.5,16.5,8.0
2025-11-27,9.0,5.5,1.0,3.0,,2.5,1.5,3.5,4.0,4.5,0.5
2025-11-28,9.0,5.5,1.0,3.5,,3.0,2.0,13.0,8.5,4.5,1.0
2025-11-29,0.5,2.5,2.5,0.5,,3.0,2.5,13.0,8.5,4.0,1.5
2025-11-30,0.5,1.0,2.5,0.5,,1.0,0.0,1.0,1.5,1.0,1.0
2025-12-01,0.0,0.0,0.0,0.0,,0.0,0.0,0.0,0.0,0.0,0.0
2025-12-02,0.0,0.0,0.0,0.0,,0.5,0.0,0.0,0.0,0.0,0.0
2025-12-03,0.0,0.0,0.0,0.0,,0.5,0.0,0.0,0.0,0.0,0.0
2025-12-04,0.0,0.0,0.0,0.0,,0.0,0.0,1.0,0.0,0.5,0.0
2025-12-05,4.0,9.0,0.0,4.5,,0.0,0.5,1.0,1.0,2.5,5.0
2025-12-06,11.0,9.0,0.0,4.5,,1.0,0.0,21.5,10.0,2.5,5.0
2025-12-07,11.0,6.5,0.0,3.0,,1.0,0.0,21.5,10.0,2.0,0.0
2025-12-08,0.0,0.0,0.0,0.0,,0.0,0.0,0.0,0.0,0.5,0.0
2025-12-09,0.0,0.0,0.0,0.0,,0.0,0.0,0.0,0.0,0.0,0.0
2025-12-10,0.0,0.0,0.0,0.0,,0.0,0.0,0.0,0.0,0.0,0.0
2025-12-11,0.0,0.0,1.5,0.0,,0.0,0.0,0.0,0.0,0.0,0.0
2025-12-12,0.0,0.0,6.5,0.0,,0.5,26.5,0.0,0.0,1.0,12.5
2025-12-13,1.5,5.0,6.5,3.0,,1.0,0.0,0.5,0.0,1.0,13.0
2025-12-14,8.5,5.0,0.5,3.0,,1.0,3.5,2.0,0.5,0.5,1.0
2025-12-15,8.5,1.5,3.0,0.5,,9.5,0.5,9.0,13.5,15.5,1.0
2025-12-16,0.0,1.5,3.0,0.5,,9.5,0.0,9.0,14.0,15.5,1.0
2025-12-17,3.5,11.0,1.0,1.5,,1.0,2.5,18.0,6.0,4.5,1.5
2025-12-18,9.0,13.5,9.5,8.5,,13.0,0.0,18.0,25.5,31.5,1.5
2025-12-19,9.0,13.5,9.5,8.5,,13.0,0.0,13.0,25.5,31.5,1.5
2025-12-20,0.0,0.5,0.0,0.0,,0.0,0.0,0.5,0.0,0.5,0.0
2025-12-21,0.0,0.0,0.0,0.0,,0.0,0.0,0.5,0.0,0.0,0.0
2025-12-22,0.0,0.0,0.0,0.0,,0.0,0.0,0.5,0.0,0.0,0.0
2025-12-23,0.0,0.0,0.0,0.0,,0.0,0.0,0.5,0.0,0.0,0.0
2025-12-24,0.0,0.0,0.0,0.0,,0.0,0.0,0.0,0.0,0.0,0.0
2025-12-25,0.0,0.0,0.0,0.0,,4.5,0.0,0.0,0.0,0.0,0.0
2025-12-26,0.0,0.0,0.0,0.0,,4.5,0.0,0.0,0.0,0.0,0.0
2025-12-27,2.0,1.5,0.5,1.0,,0.5,0.0,0.0,0.0,0.5,0.0
2025-12-28,2.0,1.5,0.5,1.0,,0.5,0.0,0.0,0.0,0.5,0.0
2025-12-29,0.0,0.0,0.0,0.0,,0.5,0.0,0.0,0.0,0.0,0.0
2025-12-30,0.0,0.0,0.0,0.0,,0.0,0.0,0.0,0.0,0.0,0.0
2025-12-31,0.0,0.0,0.0,0.0,,0.0,0.0,0.0,0.0,0.0,0.0
2026-01-01,0.0,0.0,0.0,0.0,,0.0,0.0,0.0,0.0,0.0,0.0
2026-01-02,0.0,0.0,0.0,0.0,,0.0,0.0,0.0,0.0,0.0,0.0
2026-01-03,0.0,0.0,0.0,0.0,,0.0,0.0,0.0,0.0,0.0,0.0
2026-01-04,0.0,0.0,0.0,0.0,,,0.0,0.0,0.0,0.0,0.0
2026-01-05,0.0,0.0,0.0,0.0,,0.0,0.0,0.0,0.0,0.0,0.0
2026-01-06,0.0,0.0,0.0,0.0,,0.0,0.0,0.0,0.0,0.0,0.0
2026-01-07,0.0,0.0,0.0,0.0,,0.0,1.0,0.0,0.0,0.0,0.0
2026-01-08,0.0,0.0,0.0,0.0,,0.0,0.0,0.0,0.0,0.0,0.0
2026-01-09,0.0,0.5,0.0,0.0,,0.0,0.0,0.0,0.0,0.0,0.0
2026-01-10,0.0,0.5,0.0,0.0,,0.0,0.0,0.0,0.0,0.0,0.0
2026-01-11,0.0,0.0,0.0,0.0,,0.0,0.0,0.0,,0.0,0.0
2026-01-12,0.0,0.0,0.0,0.0,,0.0,0.0,0.0,,0.0,0.0
2026-01-13,0.0,0.0,0.0,0.0,,0.0,0.0,0.0,,8.5,0.0
2026-01-14,0.0,0.0,0.0,0.0,,0.0,22.5,0.0,,8.5,23.5
2026-01-15,0.0,0.0,0.0,0.0,,0.0,0.0,0.0,,0.0,23.5
2026-01-16,0.0,0.0,0.0,0.0,,0.0,0.0,0.0,,0.0,0.0
2026-01-17,0.0,0.0,0.0,0.0,,0.0,0.0,0.0,,0.0,2.0
2026-01-18,0.0,0.0,0.0,0.0,,0.0,0.0,0.0,,0.0,2.0
2026-01-19,0.0,0.0,0.0,0.0,,0.0,0.0,0.0,,0.0,0.0
2026-01-20,0.0,0.0,0.0,0.0,,0.0,0.0,1.0,,0.0,0.0
2026-01-21,0.0,0.0,0.0,0.0,,0.0,0.0,1.0,,0.0,0.0
2026-01-22,0.0,0.0,0.0,0.0,,0.0,0.0,0.0,,0.0,0.0
2026-01-23,0.0,0.0,0.0,0.0,,0.0,0.0,0.0,,0.0,0.0
2026-01-24,0.0,0.0,0.0,0.0,,0.0,0.0,0.0,,0.0,0.0
2026-01-25,0.0,0.0,0.0,0.0,,0.0,0.0,0.0,,0.0,0.0
2026-01-26,0.0,0.0,0.0,0.0,,0.0,0.0,0.0,,0.0,0.0
2026-01-27,0.0,0.0,0.0,0.0,,0.0,0.0,0.0,,0.0,0.0
2026-01-28,0.0,0.0,0.0,0.0,,0.0,0.0,0.0,4.5,0.0,0.0
2026-01-29,0.0,0.5,0.0,0.0,,0.0,0.0,0.0,0.0,0.0,0.0
2026-01-30,0.0,0.5,0.0,0.0,,0.0,0.0,0.0,0.0,0.0,0.0
2026-01-31,0.0,0.0,0.0,0.0,,0.0,0.0,0.0,0.0,0.0,0.0
2026-02-01,0.0,0.0,0.0,0.0,,0.0,0.0,0.0,0.0,0.0,0.0
2026-02-02,0.0,0.0,0.0,0.0,,0.0,0.0,0.0,0.0,0.0,0.0
2026-02-03,0.0,0.0,0.0,0.0,,0.0,0.0,0.0,0.0,0.0,0.0
2026-02-04,0.0,0.0,0.0,0.0,,0.0,0.5,0.0,0.0,0.0,0.0
2026-02-05,0.0,0.0,0.0,0.0,,0.0,0.0,0.0,0.0,0.0,0.0
2026-02-06,10.0,5.0,,9.5,,17.0,0.0,12.0,10.0,4.5,0.0
2026-02-07,10.0,5.0,,9.5,,17.0,0.0,12.0,10.0,4.5,0.0
2026-02-08,0.5,0.0,,0.0,,0.5,0.0,0.0,0.0,0.0,0.0
2026-02-09,0.0,0.0,,0.0,,0.0,0.0,0.0,0.0,0.0,0.0
2026-02-10,0.0,0.0,0.0,0.0,,0.0,0.0,0.0,0.0,0.0,0.0
2026-02-11,4.5,12.5,0.5,10.0,,7.5,0.0,1.5,1.5,0.0,0.0
2026-02-12,4.5,12.5,0.5,10.0,,7.5,0.0,1.5,1.5,0.0,0.0
2026-02-13,0.5,0.0,0.5,0.5,,0.0,0.0,0.0,0.0,0.0,0.0
2026-02-14,0.0,0.0,0.5,0.0,,0.0,0.0,0.0,0.0,0.0,0.0
2026-02-15,1.0,0.0,0.0,0.0,,1.5,8.5,0.0,0.0,0.0,0.0
2026-02-16,1.0,0.0,0.5,0.0,,1.5,0.0,0.0,0.0,0.0,0.0
2026-02-17,0.0,0.0,1.0,0.0,,0.0,1.5,0.0,0.0,0.0,3.0
2026-02-18,0.0,0.0,1.0,0.0,,0.0,0.0,0.0,0.0,1.5,3.0
2026-02-19,0.0,0.0,0.0,0.0,,0.0,1.5,0.0,0.0,1.5,1.0
2026-02-20,0.0,0.0,0.0,0.0,,0.0,0.0,0.0,0.0,0.5,1.0
2026-02-21,0.0,0.0,0.0,0.0,,0.0,0.0,0.0,0.0,0.0,0.0
2026-02-22,0.0,0.0,0.0,0.0,,0.0,0.0,0.0,0.0,0.0,0.0
2026-02-23,0.0,0.0,0.0,0.0,,0.0,0.0,0.0,0.0,0.0,0.0
2026-02-24,0.0,0.5,0.5,0.0,,0.0,0.0,5.0,10.0,10.5,1.5
2026-02-25,0.0,0.5,0.5,0.0,,0.5,0.0,5.0,10.0,10.5,1.5
2026-02-26,0.0,0.5,0.0,0.0,,0.5,0.0,0.0,1.0,0.0,0.5
2026-02-27,8.0,0.0,1.0,0.0,,4.0,0.0,0.0,1.0,0.0,0.5
2026-02-28,33.5,1.5,1.0,29.5,,4.0,0.0,3.5,0.0,19.5,0.5
2026-03-01,33.5,1.5,0.0,29.5,,0.5,3.0,21.0,0.5,19.5,0.0
2026-03-02,0.5,0.5,0.0,0.0,,3.5,5.5,21.0,13.0,16.5,1.0
2026-03-03,0.0,0.0,0.0,0.0,,13.5,0.5,0.5,13.0,16.5,1.0
2026-03-04,0.0,0.0,0.0,0.0,,13.5,0.0,0.5,0.0,0.0,0.0
2026-03-05,0.0,0.0,0.0,0.0,,0.0,38.5,20.5,7.5,0.0,17.0
2026-03-06,0.0,3.0,5.5,0.0,,0.5,3.5,20.5,8.0,0.5,17.0
2026-03-07,0.0,3.0,5.5,0.0,,0.5,0.0,4.5,0.5,0.5,2.5
2026-03-08,0.0,0.0,0.0,0.0,,0.0,0.0,0.0,0.0,0.0,0.0
2026-03-09,0.0,0.0,0.0,0.0,,0.0,0.0,0.0,0.0,0.0,0.0
2026-03-10,0.0,0.0,0.0,0.0,,0.0,0.0,0.0,0.0,0.0,0.0
2026-03-11,0.0,0.0,0.0,0.0,,0.0,0.0,0.0,0.0,0.0,0.0
2026-03-12,0.0,0.0,0.0,0.0,,0.0,0.0,0.0,0.0,0.0,0.0
2026-03-13,0.0,0.0,0.0,0.0,,0.0,0.0,0.0,0.0,0.0,0.0
2026-03-14,0.0,0.0,0.0,0.0,,0.0,0.0,0.0,0.0,0.0,0.0
2026-03-15,0.0,0.0,0.0,0.0,,0.0,0.0,0.0,0.0,0.0,0.0
2026-03-16,0.0,0.0,0.0,0.0,,0.0,0.0,0.0,0.0,0.0,0.0
2026-03-17,0.0,0.0,0.0,0.0,,0.0,0.0,0.0,0.0,0.0,0.0
2026-03-18,0.0,0.0,0.0,0.0,,0.0,0.0,0.0,0.0,0.0,0.0
2026-03-19,0.0,0.0,0.0,0.0,,0.0,0.0,0.0,0.0,0.0,0.0
2026-03-20,0.0,0.0,0.0,0.0,,0.0,0.5,0.0,0.0,0.0,0.0
2026-03-21,0.0,0.0,0.0,0.0,,0.0,0.0,0.0,0.0,0.0,0.0
2026-03-22,0.0,0.0,0.0,0.0,,0.0,0.0,0.0,0.0,0.0,0.0
2026-03-23,0.0,0.0,,0.0,,0.0,0.0,0.0,0.0,0.0,0.0
2026-03-24,0.0,0.0,,0.0,,0.0,0.0,0.0,0.0,0.0,0.0
2026-03-25,0.0,0.0,,0.0,,0.0,0.0,0.0,0.0,0.0,0.0
2026-03-26,0.0,0.0,0.0,0.0,,0.0,0.0,0.0,0.5,0.0,0.0
2026-03-27,0.0,0.0,0.0,0.0,,0.0,0.0,0.0,0.5,0.0,0.0
2026-03-28,0.0,0.0,0.0,0.0,,0.0,0.0,0.0,0.0,0.0,0.0
2026-03-29,50.5,50.0,0.0,0.0,,19.5,6.5,34.5,43.0,6.5,0.0
2026-03-30,50.5,50.0,0.0,0.0,,19.5,2.0,48.0,53.0,10.0,0.0
2026-03-31,8.0,0.5,12.0,0.0,,0.5,12.0,48.0,53.5,10.0,46.0
2026-04-01,8.0,2.5,12.5,0.0,,0.5,0.5,25.0,13.5,9.5,46.0
2026-04-02,0.0,2.5,0.0,0.0,,0.0,0.0,0.0,0.0,0.5,0.0
2026-04-03,0.0,0.0,0.0,0.0,,0.0,0.0,0.0,0.0,0.0,0.0
2026-04-04,0.0,0.0,0.0,0.0,,0.0,0.0,0.0,0.0,0.0,0.0
2026-04-05,0.0,0.0,0.0,0.0,,0.0,0.0,0.0,0.0,0.0,0.0
2026-04-06,2.5,1.5,0.5,0.0,,13.0,0.0,8.0,21.5,81.0,3.0
2026-04-07,2.5,1.5,0.5,0.0,,13.0,0.5,8.0,21.5,81.0,3.0
2026-04-08,40.5,29.5,0.5,0.0,,8.0,8.5,2.5,1.0,0.0,21.0
2026-04-09,40.5,29.5,16.0,0.0,,8.0,18.5,2.5,3.5,26.0,21.0
2026-04-10,1.0,0.5,16.0,0.0,,2.5,0.0,2.5,3.5,26.0,3.5
2026-04-11,,,,,,,,,,,
2026-04-12,3.5,0.0,,0.0,,0.0,0.0,0.0,0.0,0.0,0.0
2026-04-13,3.5,0.0,,0.0,,0.0,0.0,4.5,2.0,9.0,18.0
2026-04-14,0.0,0.0,,0.0,,0.0,0.0,4.5,2.0,9.0,18.0
2026-04-15,0.0,0.0,,0.0,,0.5,2.5,0.0,0.5,1.0,0.5
2026-04-16,0.0,17.5,,0.0,,1.0,13.0,17.5,52.5,20.5,34.0
2026-04-17,0.0,17.5,,0.0,,1.0,41.5,17.5,52.5,20.5,34.0
2026-04-18,0.0,0.0,,0.0,,0.5,0.0,0.0,0.5,1.5,26.0
2026-04-19,0.0,0.0,,0.0,,0.5,28.0,0.0,0.0,0.0,0.0
2026-04-20,0.0,0.0,,0.0,,0.0,0.0,0.0,0.0,0.0,0.0
2026-04-21,,,,,,,,,,,
2026-04-22,,,,,,,,,,,
2026-04-23,,,,,,,,,,,
2026-04-24,,,,,,,,,,,
2026-04-25,,,,,,,,,,,
2026-04-26,,,,,,,,,,,
2026-04-27,,,,,,,,,,,
2026-04-28,,,,,,,,,,,
2026-04-29,,,,,,,,,,,
2026-04-30,,,,,,,,,,,
2026-05-01,,,,,,,,,,,
2026-05-02,,,,,,,,,,,
2026-05-03,,,,,,,,,,,
2026-05-04,,,,,,,,,,,
2026-05-05,,,,,,,,,,,
2026-05-06,,,,,,,,,,,
2026-05-07,,,,,,,,,,,
2026-05-08,,,,,,,,,,,
2026-05-09,,,,,,,,,,,
2026-05-10,,,,,,,,,,,
2026-05-11,,,,,,,,,,,
2026-05-12,,,,,,,,,,,
2026-05-13,,,,,,,,,,,
2026-05-14,,,,,,,,,,,
2026-05-15,,,,,,,,,,,
2026-05-16,,,,,,,,,,,
2026-05-17,,,,,,,,,,,
2026-05-18,,,,,,,,,,,
2026-05-19,,,,,,,,,,,
2026-05-20,,,,,,,,,,,
2026-05-21,,,,,,,,,,,
2026-05-22,,,,,,,,,,,
2026-05-23,,,,,,,,,,,
2026-05-24,,,,,,,,,,,
2026-05-25,,,,,,,,,,,
2026-05-26,,,,,,,,,,,
2026-05-27,,,,,,,,,,,
2026-05-28,,,,,,,,,,,
2026-05-29,,,,,,,,,,,
2026-05-30,,,,,,,,,,,
2026-05-31,,,,,,,,,,,
2026-06-01,,,,,,,,,,,
