Date,klang_genting_sempah,klang_empangan_batu,klang_empangan_klang_gates,klang_gombak_simpang_3,klang_kg_sg_tua_empangan_batu,klang_lembah_jaya,klang_pandan_indah,klang_jps_ampang,klang_jps_wilayah,klang_kg_berembang_smart,klang_kolam_takungan_batu,klang_ladang_edinburgh,klang_sg_bunus_di_jln_tun_razak,klang_sg_kerayong_di_kg_cheras_baru,klang_sg_klang_di_jambatan_petaling,klang_sg_klang_di_kg_berembang,klang_sg_klang_di_leboh_pasar,klang_sg_klang_di_lembah_keramat,klang_taman_ehsan,klang_genting_sempah_imputed,klang_empangan_batu_imputed,klang_empangan_klang_gates_imputed,klang_gombak_simpang_3_imputed,klang_kg_sg_tua_empangan_batu_imputed,klang_lembah_jaya_imputed,klang_pandan_indah_imputed,klang_jps_ampang_imputed,klang_jps_wilayah_imputed,klang_kg_berembang_smart_imputed,klang_kolam_takungan_batu_imputed,klang_ladang_edinburgh_imputed,klang_sg_bunus_di_jln_tun_razak_imputed,klang_sg_kerayong_di_kg_cheras_baru_imputed,klang_sg_klang_di_jambatan_petaling_imputed,klang_sg_klang_di_kg_berembang_imputed,klang_sg_klang_di_leboh_pasar_imputed,klang_sg_klang_di_lembah_keramat_imputed,klang_taman_ehsan_imputed
2015-05-01,2.0,5.0,19.25,24.5,4.5,11.75,24.0,14.0,11.5,1.0,9.5,7.5,7.5,4.75,0.5,15.0,10.5,5.0,4.0,1,1,1,1,1,1,1,1,1,1,1,1,1,1,1,1,1,1,1
2015-05-02,5.5,5.0,18.25,24.5,4.25,9.0,6.0,7.0,11.5,8.75,9.5,6.0,16.0,6.25,0.5,6.0,15.0,8.5,5.0,1,1,1,1,1,1,1,1,1,1,1,1,1,1,1,1,1,1,1
2015-05-03,2.5,2.0,2.5,8.0,2.75,2.75,2.0,2.0,8.0,1.25,15.5,16.5,3.25,1.25,17.0,6.0,4.5,4.0,5.5,1,1,1,1,1,1,1,1,1,1,1,1,1,1,1,1,1,1,1
2015-05-04,6.5,8.5,5.5,8.0,12.5,17.75,5.0,1.0,7.5,5.5,15.0,11.5,7.5,3.5,2.5,6.0,9.5,3.5,7.0,1,1,1,1,1,1,1,1,1,1,1,1,1,1,1,1,1,1,1
2015-05-05,6.0,17.0,11.25,14.0,14.0,18.0,21.5,2.5,11.5,5.5,9.0,6.5,2.25,6.75,4.5,0.5,11.0,6.5,15.5,1,1,1,1,1,1,1,1,1,1,1,1,1,1,1,1,1,1,1
2015-05-06,6.0,2.5,1.0,5.5,9.25,9.5,0.5,2.0,0.5,0.5,2.5,0.0,0.75,0.25,0.0,1.5,1.0,7.5,0.75,1,1,1,1,1,1,1,1,1,1,1,1,1,1,1,1,1,1,1
2015-05-07,6.0,6.5,15.0,20.0,16.75,16.25,8.5,12.5,18.0,0.75,10.5,10.0,6.0,9.5,0.0,7.0,4.0,13.5,8.75,1,1,1,1,1,1,1,1,1,1,1,1,1,1,1,1,1,1,1
2015-05-08,7.5,6.5,26.75,20.0,19.0,22.5,14.5,14.75,18.0,6.0,32.5,4.0,17.5,30.0,4.5,7.0,16.0,22.5,9.0,1,1,1,1,1,1,1,1,1,1,1,1,1,1,1,1,1,1,1
2015-05-09,1.0,1.5,0.0,0.0,1.25,0.5,0.5,0.5,6.0,0.5,0.5,0.5,6.0,10.75,2.0,0.5,9.0,0.0,5.5,1,1,1,1,1,1,1,1,1,1,1,1,1,1,1,1,1,1,1
2015-05-10,1.0,2.0,5.0,1.0,0.75,3.75,0.5,1.25,2.0,0.5,1.5,0.0,7.0,7.75,3.0,4.5,0.5,1.0,1.0,1,1,1,1,1,1,1,1,1,1,1,1,1,1,1,1,1,1,1
2015-05-11,1.5,5.0,7.75,17.5,5.75,3.75,4.0,4.75,23.5,2.0,3.0,16.5,14.5,3.25,0.0,7.0,12.0,6.5,2.0,1,1,1,1,1,1,1,1,1,1,1,1,1,1,1,1,1,1,1
2015-05-12,10.0,7.5,19.25,17.5,13.5,13.0,5.5,2.5,16.0,2.0,4.5,0.5,15.0,9.25,0.0,0.5,12.0,3.5,1.5,1,1,1,1,1,1,1,1,1,1,1,1,1,1,1,1,1,1,1
2015-05-13,21.0,13.5,23.25,14.0,15.75,19.0,5.5,9.5,24.0,6.25,11.5,1.0,5.0,14.25,0.0,1.5,16.5,14.0,1.5,1,1,1,1,1,1,1,1,1,1,1,1,1,1,1,1,1,1,1
2015-05-14,18.5,5.0,11.75,4.0,8.25,19.25,8.0,7.75,16.0,6.25,9.0,3.5,8.5,15.5,0.0,4.5,14.5,13.5,1.5,1,1,1,1,1,1,1,1,1,1,1,1,1,1,1,1,1,1,1
2015-05-15,11.0,3.0,11.75,30.5,7.5,19.5,6.0,12.5,14.0,0.25,15.5,7.5,20.5,9.5,0.0,4.5,4.5,21.5,1.5,1,1,1,1,1,1,1,1,1,1,1,1,1,1,1,1,1,1,1
2015-05-16,3.0,1.5,18.0,25.0,7.25,9.0,0.5,0.5,7.0,0.5,5.5,3.0,7.0,6.75,1.0,1.5,8.0,4.5,3.0,1,1,1,1,1,1,1,1,1,1,1,1,1,1,1,1,1,1,1
2015-05-17,1.0,6.0,20.25,25.0,6.25,8.25,3.0,0.0,11.5,0.25,11.0,6.5,6.0,4.5,1.0,1.5,10.0,4.5,1.5,1,1,1,1,1,1,1,1,1,1,1,1,1,1,1,1,1,1,1
2015-05-18,2.0,15.5,10.0,6.0,6.25,14.0,7.0,7.5,10.0,0.25,14.0,12.5,6.0,5.25,0.0,3.5,2.5,4.0,6.0,1,1,1,1,1,1,1,1,1,1,1,1,1,1,1,1,1,1,1
2015-05-19,6.5,15.5,6.5,15.0,11.5,16.5,14.0,9.0,3.5,0.25,27.5,25.5,1.5,15.75,1.5,16.25,16.0,3.0,8.0,1,1,1,1,1,1,1,1,1,1,1,1,1,1,1,1,1,1,1
2015-05-20,3.0,2.5,2.5,1.5,3.5,3.75,6.5,6.0,3.5,0.25,6.0,8.0,4.0,8.75,1.5,1.25,1.5,2.5,0.0,1,1,1,1,1,1,1,1,1,1,1,1,1,1,1,1,1,1,1
2015-05-21,2.5,0.5,0.0,4.0,0.5,2.0,2.5,0.0,3.5,0.25,3.5,1.5,1.5,8.5,3.0,0.0,2.5,1.5,0.5,1,1,1,1,1,1,1,1,1,1,1,1,1,1,1,1,1,1,1
2015-05-22,6.0,15.0,7.0,8.5,0.5,0.25,0.0,0.0,5.0,0.5,6.5,6.5,1.0,2.0,3.0,5.0,4.0,3.0,3.0,1,1,1,1,1,1,1,1,1,1,1,1,1,1,1,1,1,1,1
2015-05-23,6.5,3.5,8.5,3.0,3.0,1.5,0.0,0.0,6.0,0.75,11.5,6.5,1.0,5.5,1.5,4.0,5.5,1.0,0.5,1,1,1,1,1,1,1,1,1,1,1,1,1,1,1,1,1,1,1
2015-05-24,2.5,0.5,3.0,0.0,0.75,6.0,0.0,0.0,0.5,0.5,3.25,0.0,0.0,7.75,0.0,5.0,1.0,0.5,3.5,1,1,1,1,1,1,1,1,1,1,1,1,1,1,1,1,1,1,1
2015-05-25,0.0,0.0,5.5,4.0,6.0,7.0,13.5,31.5,7.5,0.0,9.25,5.5,14.5,11.5,1.5,22.25,10.5,22.5,5.0,1,1,1,1,1,1,1,1,1,1,1,1,1,1,1,1,1,1,1
2015-05-26,2.5,10.0,5.0,11.5,13.5,10.5,20.0,19.0,10.0,0.5,23.0,10.0,6.5,13.75,4.5,13.5,13.5,9.5,4.5,1,1,1,1,1,1,1,1,1,1,1,1,1,1,1,1,1,1,1
2015-05-27,4.0,0.0,2.0,5.0,7.75,3.5,0.5,0.0,0.5,1.0,6.5,1.5,1.0,0.25,0.0,12.0,0.5,0.5,0.0,1,1,1,1,1,1,1,1,1,1,1,1,1,1,1,1,1,1,1
2015-05-28,0.5,1.5,2.0,0.0,1.0,0.0,0.0,0.0,0.0,0.5,0.5,0.0,0.0,0.5,0.0,9.25,0.5,0.0,0.25,1,1,1,1,1,1,1,1,1,1,1,1,1,1,1,1,1,1,1
2015-05-29,2.0,8.5,8.0,3.5,4.0,1.5,0.0,0.0,1.0,0.0,4.75,0.0,1.0,1.0,0.0,2.75,2.5,0.0,0.0,1,1,1,1,1,1,1,1,1,1,1,1,1,1,1,1,1,1,1
2015-05-30,3.0,3.75,6.0,3.5,4.5,2.0,0.0,0.0,1.5,0.0,7.25,0.0,1.5,1.5,0.0,0.0,0.5,0.0,0.0,1,1,1,1,1,1,1,1,1,1,1,1,1,1,1,1,1,1,1
2015-05-31,0.5,2.75,1.0,2.0,2.0,9.0,1.5,0.0,1.0,0.5,3.25,0.5,0.0,4.25,0.0,0.75,1.0,4.5,0.0,1,1,1,1,1,1,1,1,1,1,1,1,1,1,1,1,1,1,1
2015-06-01,0.0,4.5,0.0,2.0,3.75,2.5,0.0,0.0,0.0,0.5,0.0,0.0,0.0,1.25,0.0,0.75,0.0,0.0,0.0,1,1,1,1,1,1,1,1,1,1,1,1,1,1,1,1,1,1,1
2015-06-02,0.5,1.75,1.0,2.25,4.5,3.75,1.75,1.5,0.75,0.0,3.5,0.5,0.0,6.0,0.0,0.25,0.5,0.75,0.0,1,1,1,1,1,1,1,1,1,1,1,1,1,1,1,1,1,1,1
2015-06-03,0.0,1.0,0.25,0.0,0.0,2.75,0.25,3.75,4.0,0.5,3.0,0.0,0.5,1.75,0.0,5.5,0.75,0.0,0.0,1,1,1,1,1,1,1,1,1,1,1,1,1,1,1,1,1,1,1
2015-06-04,4.0,13.25,14.0,25.75,12.5,14.0,7.75,8.25,12.5,0.5,45.0,10.0,8.0,10.75,0.75,2.25,12.5,7.25,1.0,1,1,1,1,1,1,1,1,1,1,1,1,1,1,1,1,1,1,1
2015-06-05,1.75,12.5,15.0,24.25,9.0,20.5,11.5,16.5,12.25,0.5,22.5,9.75,18.0,16.0,3.75,10.5,13.5,13.0,0.75,1,1,1,1,1,1,1,1,1,1,1,1,1,1,1,1,1,1,1
2015-06-06,0.0,9.0,1.0,8.0,12.0,5.75,3.5,7.5,1.0,0.0,1.5,0.5,1.0,2.5,0.5,0.5,3.5,1.5,3.5,1,1,1,1,1,1,1,1,1,1,1,1,1,1,1,1,1,1,1
2015-06-07,0.5,2.0,0.0,1.5,2.5,0.0,0.0,0.0,0.5,0.0,0.0,0.5,1.25,0.25,0.0,0.0,0.0,0.0,0.5,1,1,1,1,1,1,1,1,1,1,1,1,1,1,1,1,1,1,1
2015-06-08,1.5,0.0,4.5,1.5,0.75,1.25,0.5,0.0,0.0,0.5,0.0,0.5,0.5,0.0,0.0,5.5,0.0,0.0,0.5,1,1,1,1,1,1,1,1,1,1,1,1,1,1,1,1,1,1,1
2015-06-09,0.0,0.0,0.0,0.0,0.25,8.0,0.0,0.5,0.0,0.5,0.5,0.0,0.25,4.5,0.5,17.5,0.5,2.5,0.0,1,1,1,1,1,1,1,1,1,1,1,1,1,1,1,1,1,1,1
2015-06-10,0.5,0.25,0.0,0.0,5.75,18.75,3.0,3.25,0.0,0.0,0.0,0.0,0.25,9.25,0.5,1.5,0.0,5.5,0.0,1,1,1,1,1,1,1,1,1,1,1,1,1,1,1,1,1,1,1
2015-06-11,0.5,0.25,1.0,11.5,2.0,5.0,0.0,0.0,0.5,0.0,0.0,0.0,1.75,1.75,0.0,10.5,0.0,0.5,0.0,1,1,1,1,1,1,1,1,1,1,1,1,1,1,1,1,1,1,1
2015-06-12,0.0,4.0,1.0,2.5,2.0,4.5,1.5,0.0,0.5,0.0,1.0,0.5,5.5,2.25,0.0,10.5,0.5,3.0,0.0,1,1,1,1,1,1,1,1,1,1,1,1,1,1,1,1,1,1,1
2015-06-13,0.5,7.25,0.5,6.5,3.25,7.5,4.0,0.0,1.0,0.0,3.0,2.0,6.75,14.75,0.5,5.75,3.5,2.0,0.5,1,1,1,1,1,1,1,1,1,1,1,1,1,1,1,1,1,1,1
2015-06-14,0.5,0.75,4.0,2.0,9.5,11.5,7.0,2.75,2.5,0.0,0.5,5.0,6.25,22.5,0.5,5.0,8.5,2.0,13.0,1,1,1,1,1,1,1,1,1,1,1,1,1,1,1,1,1,1,1
2015-06-15,0.0,0.75,0.5,0.75,0.5,2.25,3.0,0.5,5.0,0.0,0.0,0.5,1.5,2.5,1.0,1.5,4.5,0.5,1.5,1,1,1,1,1,1,1,1,1,1,1,1,1,1,1,1,1,1,1
2015-06-16,0.5,1.5,0.0,0.5,2.0,2.75,0.5,0.0,7.5,0.5,1.5,3.0,5.75,1.75,0.5,2.5,4.5,0.0,2.5,1,1,1,1,1,1,1,1,1,1,1,1,1,1,1,1,1,1,1
2015-06-17,1.0,8.0,8.0,7.0,9.5,4.5,14.0,1.25,19.5,0.5,4.5,10.0,11.5,9.75,0.0,2.5,17.5,4.5,7.0,1,1,1,1,1,1,1,1,1,1,1,1,1,1,1,1,1,1,1
2015-06-18,2.0,6.75,6.5,7.25,8.0,3.5,2.0,3.0,7.0,0.0,2.5,4.0,9.5,19.25,2.5,1.5,5.0,1.5,5.5,1,1,1,1,1,1,1,1,1,1,1,1,1,1,1,1,1,1,1
2015-06-19,0.5,0.75,6.5,3.25,7.5,5.25,0.5,1.25,5.5,0.0,1.5,1.5,1.5,5.75,1.0,1.0,5.0,1.0,3.0,1,1,1,1,1,1,1,1,1,1,1,1,1,1,1,1,1,1,1
2015-06-20,0.0,0.25,1.5,17.5,28.0,12.75,8.5,2.25,4.5,0.5,10.0,4.0,18.0,12.0,5.0,5.0,1.5,14.0,15.0,1,1,1,1,1,1,1,1,1,1,1,1,1,1,1,1,1,1,1
2015-06-21,3.0,4.25,17.0,20.0,28.0,13.25,11.0,24.5,15.5,0.5,12.0,8.5,8.0,12.5,0.5,8.0,6.0,20.5,15.0,1,1,1,1,1,1,1,1,1,1,1,1,1,1,1,1,1,1,1
2015-06-22,0.5,1.25,5.0,19.5,0.5,1.75,1.5,1.75,5.5,0.0,11.0,3.5,1.5,5.5,12.5,1.0,1.0,2.0,0.5,1,1,1,1,1,1,1,1,1,1,1,1,1,1,1,1,1,1,1
2015-06-23,3.0,0.5,11.5,17.0,2.0,2.75,9.0,0.5,2.0,0.0,3.0,0.0,4.5,9.0,0.0,1.0,1.0,1.0,0.0,1,1,1,1,1,1,1,1,1,1,1,1,1,1,1,1,1,1,1
2015-06-24,0.0,0.5,2.0,2.5,3.5,3.5,1.0,0.5,2.0,0.0,0.5,0.0,0.0,5.25,0.0,1.0,1.0,1.0,0.0,1,1,1,1,1,1,1,1,1,1,1,1,1,1,1,1,1,1,1
2015-06-25,0.0,0.0,0.0,0.0,0.0,2.0,0.5,0.0,0.0,0.0,0.0,0.0,0.0,0.0,0.0,0.5,0.0,0.0,0.0,1,1,1,1,1,1,1,1,1,1,1,1,1,1,1,1,1,1,1
2015-06-26,1.0,0.5,0.0,0.75,0.0,5.5,0.5,0.0,2.0,0.0,0.5,0.0,23.0,13.5,0.0,1.0,1.0,0.0,3.0,1,1,1,1,1,1,1,1,1,1,1,1,1,1,1,1,1,1,1
2015-06-27,4.0,15.25,1.5,15.0,6.0,5.0,0.0,0.5,15.5,0.0,3.5,0.0,23.0,7.0,0.0,1.0,0.5,1.0,3.0,1,1,1,1,1,1,1,1,1,1,1,1,1,1,1,1,1,1,1
2015-06-28,4.0,10.5,4.5,5.0,5.0,4.0,1.0,1.0,0.0,0.0,1.0,0.5,4.5,3.75,0.0,0.5,0.5,1.5,0.0,1,1,1,1,1,1,1,1,1,1,1,1,1,1,1,1,1,1,1
2015-06-29,3.0,0.5,0.0,3.5,0.0,2.0,0.0,1.5,0.0,0.0,0.0,1.5,0.0,0.0,0.0,0.0,0.5,1.5,0.0,1,1,1,1,1,1,1,1,1,1,1,1,1,1,1,1,1,1,1
2015-06-30,0.0,0.0,0.0,0.25,0.0,0.5,0.0,0.5,0.0,0.5,0.0,0.0,0.0,0.0,0.0,0.0,0.0,0.0,0.0,1,1,1,1,1,1,1,1,1,1,1,1,1,1,1,1,1,1,1
2015-07-01,0.0,0.0,0.5,0.75,0.0,1.0,0.0,0.5,0.0,0.0,0.0,0.0,2.0,1.0,0.0,0.0,0.0,2.0,0.0,1,1,1,1,1,1,1,1,1,1,1,1,1,1,1,1,1,1,1
2015-07-02,0.0,2.5,4.5,2.0,3.5,5.5,0.0,4.5,1.0,0.0,1.5,0.5,0.0,0.75,0.0,0.0,0.0,2.0,0.0,1,1,1,1,1,1,1,1,1,1,1,1,1,1,1,1,1,1,1
2015-07-03,0.0,0.75,0.0,3.75,0.0,2.0,0.0,4.5,0.0,0.0,0.0,0.0,1.0,0.5,0.0,2.0,0.0,1.5,0.0,1,1,1,1,1,1,1,1,1,1,1,1,1,1,1,1,1,1,1
2015-07-04,0.0,0.5,0.0,0.0,0.0,0.5,0.0,2.5,0.5,0.0,0.0,0.0,1.0,0.0,0.0,2.0,0.0,0.0,0.0,1,1,1,1,1,1,1,1,1,1,1,1,1,1,1,1,1,1,1
2015-07-05,4.5,1.25,0.0,5.5,0.0,1.75,0.0,4.5,0.5,0.0,4.5,3.5,2.0,0.75,0.0,2.0,0.0,0.0,0.0,1,1,1,1,1,1,1,1,1,1,1,1,1,1,1,1,1,1,1
2015-07-06,4.5,1.75,1.0,6.5,1.0,2.75,0.5,1.0,2.0,0.0,1.5,3.5,2.0,2.0,0.0,2.0,0.5,7.0,0.5,1,1,1,1,1,1,1,1,1,1,1,1,1,1,1,1,1,1,1
2015-07-07,5.0,3.25,2.5,13.25,3.5,0.75,0.5,1.0,1.5,0.0,1.5,3.5,1.5,4.5,0.0,2.0,1.5,13.0,0.5,1,1,1,1,1,1,1,1,1,1,1,1,1,1,1,1,1,1,1
2015-07-08,6.5,7.0,3.25,8.0,0.5,2.5,0.5,1.0,1.0,5.25,1.5,0.5,9.5,1.5,0.0,22.5,1.5,11.5,0.0,1,1,1,1,1,1,1,1,1,1,1,1,1,1,1,1,1,1,1
2015-07-09,6.5,6.25,1.0,9.0,2.5,19.0,1.0,4.5,2.5,5.25,2.0,0.5,9.5,13.5,11.0,3.0,12.5,11.0,1.0,1,1,1,1,1,1,1,1,1,1,1,1,1,1,1,1,1,1,1
2015-07-10,13.5,7.0,6.5,5.75,3.5,4.0,3.0,4.0,3.0,0.0,2.0,2.5,5.0,4.25,8.5,3.0,3.5,9.5,20.25,1,1,1,1,1,1,1,1,1,1,1,1,1,1,1,1,1,1,1
2015-07-11,7.0,0.5,0.25,10.25,13.5,3.25,3.0,8.5,2.5,0.25,4.5,3.0,8.0,4.0,1.0,3.0,9.5,3.0,4.5,1,1,1,1,1,1,1,1,1,1,1,1,1,1,1,1,1,1,1
2015-07-12,16.0,1.0,21.75,19.25,27.0,4.75,7.5,6.0,4.5,0.25,16.5,10.5,38.5,9.0,0.0,8.5,9.0,21.25,9.75,1,1,1,1,1,1,1,1,1,1,1,1,1,1,1,1,1,1,1
2015-07-13,16.0,7.75,8.5,16.0,16.0,15.75,7.5,6.0,4.5,0.0,7.0,10.5,16.0,9.0,0.5,0.0,4.5,22.0,9.75,1,1,1,1,1,1,1,1,1,1,1,1,1,1,1,1,1,1,1
2015-07-14,8.0,3.25,1.0,2.25,3.0,0.75,0.0,0.5,2.5,0.0,0.5,0.0,5.0,3.75,0.5,0.0,0.0,1.0,0.0,1,1,1,1,1,1,1,1,1,1,1,1,1,1,1,1,1,1,1
2015-07-15,2.0,1.75,0.0,0.25,0.0,0.75,0.0,0.0,0.0,0.0,0.0,0.0,0.5,0.0,0.0,0.0,0.0,1.0,0.0,1,1,1,1,1,1,1,1,1,1,1,1,1,1,1,1,1,1,1
2015-07-16,0.0,0.0,0.0,0.0,0.0,0.0,0.0,0.0,0.0,0.0,0.0,0.0,0.0,0.0,0.0,0.0,0.0,0.0,0.0,1,1,1,1,1,1,1,1,1,1,1,1,1,1,1,1,1,1,1
2015-07-17,0.0,0.0,0.0,0.0,0.0,1.0,0.0,0.0,0.0,0.0,0.0,0.0,0.0,0.0,0.0,0.0,0.0,0.0,0.0,1,1,1,1,1,1,1,1,1,1,1,1,1,1,1,1,1,1,1
2015-07-18,0.0,0.0,0.25,0.25,0.0,6.5,0.0,0.0,0.0,0.0,0.0,0.0,0.0,2.5,0.0,0.0,0.0,3.25,0.0,1,1,1,1,1,1,1,1,1,1,1,1,1,1,1,1,1,1,1
2015-07-19,0.5,0.0,0.0,0.0,1.0,1.75,0.0,0.0,0.0,0.0,0.0,0.0,0.0,0.0,0.0,0.0,0.0,0.0,0.0,1,1,1,1,1,1,1,1,1,1,1,1,1,1,1,1,1,1,1
2015-07-20,2.0,1.5,0.0,0.0,6.0,0.75,0.5,0.0,0.0,0.0,0.0,0.0,1.5,0.75,0.0,0.0,0.0,0.5,0.0,1,1,1,1,1,1,1,1,1,1,1,1,1,1,1,1,1,1,1
2015-07-21,0.0,0.5,0.75,0.0,0.5,0.25,0.0,0.0,0.0,0.0,0.0,0.0,0.0,0.75,0.0,0.0,0.0,0.5,0.0,1,1,1,1,1,1,1,1,1,1,1,1,1,1,1,1,1,1,1
2015-07-22,0.0,2.5,0.0,0.0,0.0,5.5,0.0,0.0,0.5,7.75,0.0,1.5,0.5,8.25,5.5,0.0,0.5,0.0,4.0,1,1,1,1,1,1,1,1,1,1,1,1,1,1,1,1,1,1,1
2015-07-23,1.0,5.0,2.5,0.5,4.0,9.5,18.5,11.5,9.5,7.75,0.5,2.0,0.5,9.5,5.5,0.0,3.0,7.0,8.0,1,1,1,1,1,1,1,1,1,1,1,1,1,1,1,1,1,1,1
2015-07-24,3.5,10.75,14.25,4.75,0.0,7.0,18.5,12.5,3.0,0.0,0.0,7.0,0.0,12.75,0.0,0.0,3.0,1.0,4.0,1,1,1,1,1,1,1,1,1,1,1,1,1,1,1,1,1,1,1
2015-07-25,3.5,8.0,14.25,5.0,0.0,0.0,0.0,0.5,3.0,0.0,0.5,6.0,7.0,3.25,0.0,0.0,5.0,0.0,0.25,1,1,1,1,1,1,1,1,1,1,1,1,1,1,1,1,1,1,1
2015-07-26,1.0,0.5,0.5,0.0,0.0,0.25,0.0,0.5,0.0,18.25,0.0,0.5,0.0,1.75,0.0,0.0,0.5,0.0,0.25,1,1,1,1,1,1,1,1,1,1,1,1,1,1,1,1,1,1,1
2015-07-27,1.0,0.25,0.0,0.0,0.0,0.0,0.5,1.0,0.0,18.25,0.0,2.5,0.0,2.25,2.5,0.0,0.5,3.5,7.25,1,1,1,1,1,1,1,1,1,1,1,1,1,1,1,1,1,1,1
2015-07-28,3.0,3.75,2.5,0.0,3.5,3.5,0.0,1.0,1.0,1.5,0.0,0.5,0.0,0.25,0.0,0.25,0.0,3.5,6.25,1,1,1,1,1,1,1,1,1,1,1,1,1,1,1,1,1,1,1
2015-07-29,3.0,1.0,2.5,0.0,3.75,2.0,0.0,0.0,0.5,10.75,0.0,0.0,0.0,0.0,0.0,0.25,0.0,0.5,1.25,1,1,1,1,1,1,1,1,1,1,1,1,1,1,1,1,1,1,1
2015-07-30,9.5,6.25,7.0,3.25,8.75,6.0,0.5,6.0,5.5,10.75,4.0,5.0,6.0,4.0,1.0,5.25,5.0,3.0,2.75,1,1,1,1,1,1,1,1,1,1,1,1,1,1,1,1,1,1,1
2015-07-31,5.5,3.0,3.5,1.75,7.75,0.0,0.0,0.5,3.0,2.25,2.0,5.0,1.5,3.0,1.5,1.25,5.0,2.5,0.0,1,1,1,1,1,1,1,1,1,1,1,1,1,1,1,1,1,1,1
2015-08-01,13.0,3.0,12.0,12.5,1.0,8.25,2.0,2.0,8.0,0.5,5.5,9.5,10.0,4.25,0.0,17.25,17.0,5.5,13.75,1,1,1,1,1,1,1,1,1,1,1,1,1,1,1,1,1,1,1
2015-08-02,5.5,2.25,4.5,6.0,2.0,5.25,2.0,0.5,3.5,0.5,1.5,3.0,10.0,3.25,0.0,8.5,2.0,5.5,16.5,1,1,1,1,1,1,1,1,1,1,1,1,1,1,1,1,1,1,1
2015-08-03,2.0,0.25,4.5,0.0,0.5,0.25,0.0,0.0,0.0,0.0,0.0,0.0,0.0,0.0,0.0,0.0,0.0,0.0,0.0,1,1,1,1,1,1,1,1,1,1,1,1,1,1,1,1,1,1,1
2015-08-04,4.0,8.5,3.5,3.75,12.0,1.5,0.5,0.5,1.5,4.75,3.5,0.0,2.25,2.0,0.5,4.25,0.0,0.0,7.5,1,1,1,1,1,1,1,1,1,1,1,1,1,1,1,1,1,1,1
2015-08-05,1.0,7.0,4.0,6.25,14.25,3.75,5.0,0.0,5.0,15.5,4.5,0.5,8.75,8.0,0.0,11.0,10.0,0.0,7.5,1,1,1,1,1,1,1,1,1,1,1,1,1,1,1,1,1,1,1
2015-08-06,2.0,0.0,2.0,3.25,5.25,1.5,0.5,5.0,8.5,15.5,4.5,6.5,8.25,0.0,0.0,0.25,0.5,4.5,0.0,1,1,1,1,1,1,1,1,1,1,1,1,1,1,1,1,1,1,1
2015-08-07,0.5,0.0,0.0,0.25,5.0,0.0,0.5,0.0,0.5,0.0,0.0,0.0,1.75,0.0,0.0,0.25,0.0,0.5,0.0,1,1,1,1,1,1,1,1,1,1,1,1,1,1,1,1,1,1,1
2015-08-08,2.0,0.75,0.0,1.0,5.5,4.25,0.5,5.5,5.0,0.5,1.0,1.0,11.0,4.75,0.5,3.5,0.5,4.0,1.0,1,1,1,1,1,1,1,1,1,1,1,1,1,1,1,1,1,1,1
2015-08-09,5.5,1.25,0.0,1.5,6.25,1.0,1.5,10.25,6.5,15.75,2.0,1.5,12.0,11.0,0.0,0.0,7.0,4.0,1.0,1,1,1,1,1,1,1,1,1,1,1,1,1,1,1,1,1,1,1
2015-08-10,0.0,0.0,0.5,0.25,8.75,8.5,0.0,2.5,0.0,15.75,0.0,0.0,12.5,0.25,0.0,0.0,0.0,7.0,0.0,1,1,1,1,1,1,1,1,1,1,1,1,1,1,1,1,1,1,1
2015-08-11,1.0,0.5,0.5,0.5,4.5,7.0,2.0,4.75,1.0,12.75,0.0,0.0,1.5,3.0,0.0,0.0,0.5,3.5,0.0,1,1,1,1,1,1,1,1,1,1,1,1,1,1,1,1,1,1,1
2015-08-12,1.0,0.5,0.0,0.5,6.0,7.0,0.0,0.0,1.0,0.0,2.0,0.0,0.5,1.5,0.0,0.0,0.0,0.0,0.0,1,1,1,1,1,1,1,1,1,1,1,1,1,1,1,1,1,1,1
2015-08-13,0.5,0.0,1.5,0.75,5.75,0.0,0.0,0.0,0.5,0.0,0.5,0.5,0.25,1.25,0.0,0.0,0.0,0.0,0.0,1,1,1,1,1,1,1,1,1,1,1,1,1,1,1,1,1,1,1
2015-08-14,1.0,4.0,0.0,8.5,10.25,3.5,5.5,4.25,10.5,22.5,8.0,2.0,7.5,9.0,2.5,0.0,0.0,0.0,1.0,1,1,1,1,1,1,1,1,1,1,1,1,1,1,1,1,1,1,1
2015-08-15,5.5,4.0,0.0,3.0,5.75,0.25,0.0,8.5,0.0,22.5,17.0,2.0,2.0,1.5,0.5,0.0,0.0,0.0,0.5,1,1,1,1,1,1,1,1,1,1,1,1,1,1,1,1,1,1,1
2015-08-16,2.5,2.5,5.5,5.0,2.5,1.25,2.5,2.75,8.5,16.5,2.25,0.5,8.5,7.5,11.0,0.0,9.5,9.0,0.0,1,1,1,1,1,1,1,1,1,1,1,1,1,1,1,1,1,1,1
2015-08-17,0.5,0.0,5.5,6.25,7.0,0.0,0.5,1.25,14.5,33.0,2.0,1.5,9.5,3.0,12.0,0.0,8.0,9.5,0.0,1,1,1,1,1,1,1,1,1,1,1,1,1,1,1,1,1,1,1
2015-08-18,2.0,0.75,9.5,1.0,3.25,9.5,3.0,18.0,14.5,0.0,4.75,5.5,7.75,15.25,4.5,0.0,4.0,1.0,0.0,1,1,1,1,1,1,1,1,1,1,1,1,1,1,1,1,1,1,1
2015-08-19,3.75,4.0,0.5,7.0,4.0,15.0,16.5,25.0,11.5,17.5,1.0,4.5,8.0,44.0,2.0,0.0,2.5,3.75,0.0,1,1,1,1,1,1,1,1,1,1,1,1,1,1,1,1,1,1,1
2015-08-20,3.25,4.0,0.0,14.25,8.25,15.0,9.75,9.75,9.0,17.5,7.5,2.75,6.5,14.0,2.0,0.0,5.5,5.0,0.75,1,1,1,1,1,1,1,1,1,1,1,1,1,1,1,1,1,1,1
2015-08-21,8.75,9.5,25.5,34.5,10.5,5.5,7.0,14.25,1.5,2.0,16.5,2.5,8.5,3.0,7.75,0.0,6.0,11.5,0.75,1,1,1,1,1,1,1,1,1,1,1,1,1,1,1,1,1,1,1
2015-08-22,8.75,13.0,36.5,29.0,18.0,5.5,7.0,8.75,2.0,2.0,16.5,11.25,8.5,3.0,0.5,0.0,3.0,11.5,8.25,1,1,1,1,1,1,1,1,1,1,1,1,1,1,1,1,1,1,1
2015-08-23,6.25,0.0,13.5,4.0,15.25,5.5,6.0,2.25,2.25,0.0,5.0,11.5,7.0,0.0,6.0,0.0,2.25,1.75,7.5,1,1,1,1,1,1,1,1,1,1,1,1,1,1,1,1,1,1,1
2015-08-24,4.5,0.0,1.5,16.5,15.0,4.5,2.75,2.25,1.25,0.0,0.0,0.0,10.0,1.0,2.5,0.0,0.5,1.25,0.25,1,1,1,1,1,1,1,1,1,1,1,1,1,1,1,1,1,1,1
2015-08-25,6.0,0.0,0.0,10.0,14.0,3.5,5.75,1.5,0.75,0.0,2.0,5.0,1.0,6.5,2.5,0.0,0.5,1.75,4.5,1,1,1,1,1,1,1,1,1,1,1,1,1,1,1,1,1,1,1
2015-08-26,2.5,1.5,1.0,6.0,3.0,2.5,5.75,1.5,1.0,0.5,0.5,2.0,1.0,6.5,0.75,0.0,0.5,2.0,0.25,1,1,1,1,1,1,1,1,1,1,1,1,1,1,1,1,1,1,1
2015-08-27,3.0,0.0,0.0,13.25,18.25,0.5,8.25,1.25,10.0,0.5,8.0,7.75,0.0,0.0,0.75,3.5,0.75,5.0,2.5,1,1,1,1,1,1,1,1,1,1,1,1,1,1,1,1,1,1,1
2015-08-28,6.0,0.5,0.0,7.75,18.25,31.0,8.0,10.25,5.5,20.0,20.5,19.75,6.0,5.0,12.0,3.5,8.25,26.5,5.75,1,1,1,1,1,1,1,1,1,1,1,1,1,1,1,1,1,1,1
2015-08-29,18.5,9.0,21.0,20.5,19.75,31.0,18.75,16.75,22.75,20.0,26.0,26.5,16.5,8.5,14.25,3.5,20.75,29.5,8.25,1,1,1,1,1,1,1,1,1,1,1,1,1,1,1,1,1,1,1
2015-08-30,5.5,0.5,0.0,2.75,4.0,2.0,1.25,3.0,2.5,3.0,0.0,0.25,0.5,1.0,0.75,3.5,0.25,1.5,0.0,1,1,1,1,1,1,1,1,1,1,1,1,1,1,1,1,1,1,1
2015-08-31,2.0,0.0,15.0,13.0,6.5,9.0,1.75,2.25,3.5,0.0,0.25,4.75,0.0,4.5,3.5,1.75,1.75,2.5,5.5,1,1,1,1,1,1,1,1,1,1,1,1,1,1,1,1,1,1,1
2015-09-01,4.5,34.0,15.0,20.25,20.5,22.5,4.0,4.0,8.5,4.5,2.25,13.5,5.0,4.5,11.5,1.75,4.25,5.5,5.75,1,1,1,1,1,1,1,1,1,1,1,1,1,1,1,1,1,1,1
2015-09-02,19.5,10.5,8.0,15.75,8.5,10.0,1.0,3.5,9.75,4.5,2.5,2.0,4.0,1.0,3.5,1.75,3.0,5.5,3.0,1,1,1,1,1,1,1,1,1,1,1,1,1,1,1,1,1,1,1
2015-09-03,3.5,6.5,0.0,3.0,2.0,1.5,0.0,0.75,3.5,2.0,3.0,0.75,0.5,1.5,0.0,1.75,0.25,0.5,0.0,1,1,1,1,1,1,1,1,1,1,1,1,1,1,1,1,1,1,1
2015-09-04,5.0,13.0,3.0,17.25,9.0,4.5,5.75,8.0,7.25,46.0,12.0,3.5,4.5,4.0,3.5,4.0,5.75,7.5,0.0,1,1,1,1,1,1,1,1,1,1,1,1,1,1,1,1,1,1,1
2015-09-05,2.0,5.5,0.5,6.75,9.0,11.0,6.75,13.0,30.75,46.0,0.25,3.25,4.5,3.0,5.5,4.0,2.0,17.5,0.0,1,1,1,1,1,1,1,1,1,1,1,1,1,1,1,1,1,1,1
2015-09-06,6.5,5.5,0.5,11.5,3.5,7.0,5.75,12.5,10.25,0.25,0.0,2.25,0.0,2.0,4.75,4.0,2.0,15.0,0.0,1,1,1,1,1,1,1,1,1,1,1,1,1,1,1,1,1,1,1
2015-09-07,16.0,5.5,2.5,7.0,3.5,12.0,3.5,2.75,2.75,0.0,2.25,3.25,1.5,11.5,4.75,4.0,3.5,12.0,4.5,1,1,1,1,1,1,1,1,1,1,1,1,1,1,1,1,1,1,1
2015-09-08,22.5,4.0,2.5,5.0,8.0,26.0,7.75,4.0,8.0,0.0,4.5,6.0,1.5,11.5,4.5,8.0,4.5,11.0,1.25,1,1,1,1,1,1,1,1,1,1,1,1,1,1,1,1,1,1,1
2015-09-09,10.25,2.5,1.5,3.0,3.0,1.0,3.75,5.0,7.5,2.0,6.75,6.25,3.5,8.0,2.75,2.5,4.25,3.25,1.75,1,1,1,1,1,1,1,1,1,1,1,1,1,1,1,1,1,1,1
2015-09-10,10.0,5.0,5.5,31.0,4.0,1.0,2.5,4.25,6.25,5.25,14.75,8.0,2.0,8.0,2.75,2.5,4.25,3.75,7.5,1,1,1,1,1,1,1,1,1,1,1,1,1,1,1,1,1,1,1
2015-09-11,3.75,3.0,5.5,14.0,4.0,0.5,7.75,4.0,6.25,6.5,4.5,2.75,6.5,9.0,7.0,0.5,4.25,4.25,1.25,1,1,1,1,1,1,1,1,1,1,1,1,1,1,1,1,1,1,1
2015-09-12,1.5,1.0,2.5,1.0,0.5,1.5,0.5,0.75,0.75,6.5,1.0,0.25,0.0,9.0,0.25,0.0,0.0,4.25,1.5,1,1,1,1,1,1,1,1,1,1,1,1,1,1,1,1,1,1,1
2015-09-13,2.5,1.5,0.0,1.0,0.0,6.0,3.5,0.75,1.0,0.75,0.25,3.5,0.0,8.5,2.75,0.0,1.25,2.25,13.25,1,1,1,1,1,1,1,1,1,1,1,1,1,1,1,1,1,1,1
2015-09-14,5.0,2.5,2.0,8.0,2.0,6.0,4.0,2.5,12.25,1.0,2.25,8.25,6.5,3.5,4.75,0.0,6.25,3.0,6.5,1,1,1,1,1,1,1,1,1,1,1,1,1,1,1,1,1,1,1
2015-09-15,11.0,9.5,3.0,3.5,11.5,0.5,7.25,3.75,8.25,19.75,7.75,10.25,6.5,23.25,4.0,0.5,7.5,2.25,13.75,1,1,1,1,1,1,1,1,1,1,1,1,1,1,1,1,1,1,1
2015-09-16,17.5,15.0,8.0,11.5,3.0,0.5,3.0,0.25,7.25,19.5,4.25,8.75,9.5,15.75,2.5,0.5,4.0,25.25,13.75,1,1,1,1,1,1,1,1,1,1,1,1,1,1,1,1,1,1,1
2015-09-17,20.5,21.0,12.5,33.0,10.5,5.0,5.75,6.25,14.75,10.25,14.0,14.0,2.5,8.5,9.0,0.5,4.5,31.5,10.5,1,1,1,1,1,1,1,1,1,1,1,1,1,1,1,1,1,1,1
2015-09-18,17.25,24.0,17.5,47.0,33.0,5.0,9.75,9.75,12.5,11.0,18.5,15.0,9.5,7.75,10.75,6.5,5.75,30.75,12.75,1,1,1,1,1,1,1,1,1,1,1,1,1,1,1,1,1,1,1
2015-09-19,5.5,10.0,10.5,17.25,2.0,5.5,3.5,4.5,6.75,1.5,9.5,9.75,1.0,6.5,16.5,6.5,1.0,21.25,4.25,1,1,1,1,1,1,1,1,1,1,1,1,1,1,1,1,1,1,1
2015-09-20,2.75,3.0,2.0,11.75,2.5,6.5,4.5,5.0,2.5,16.0,3.0,2.5,5.0,6.0,13.25,6.5,1.25,9.5,4.75,1,1,1,1,1,1,1,1,1,1,1,1,1,1,1,1,1,1,1
2015-09-21,2.0,1.0,0.0,11.25,0.5,9.0,19.5,5.0,0.5,18.25,0.5,0.5,0.5,13.0,0.25,0.0,2.5,10.0,3.5,1,1,1,1,1,1,1,1,1,1,1,1,1,1,1,1,1,1,1
2015-09-22,2.0,1.0,0.0,4.0,1.0,11.5,17.0,6.0,7.25,18.25,4.5,9.5,3.0,13.0,3.25,0.0,5.25,9.25,6.0,1,1,1,1,1,1,1,1,1,1,1,1,1,1,1,1,1,1,1
2015-09-23,2.0,1.0,0.0,1.5,4.5,9.5,10.0,4.0,3.25,14.5,2.5,5.5,0.0,4.0,1.75,3.0,4.0,5.5,5.0,1,1,1,1,1,1,1,1,1,1,1,1,1,1,1,1,1,1,1
2015-09-24,5.0,0.0,0.0,1.5,0.0,0.5,0.0,0.25,0.0,2.0,0.0,0.5,0.0,0.0,0.0,0.0,0.0,1.5,2.5,1,1,1,1,1,1,1,1,1,1,1,1,1,1,1,1,1,1,1
2015-09-25,2.0,0.0,1.5,4.5,0.0,9.75,1.5,0.25,0.0,1.5,1.25,1.5,1.0,1.25,0.5,0.0,0.0,8.0,1.5,1,1,1,1,1,1,1,1,1,1,1,1,1,1,1,1,1,1,1
2015-09-26,12.0,11.0,1.5,4.5,0.0,14.5,10.5,1.25,1.0,1.5,3.75,6.0,5.5,20.25,2.0,24.75,2.0,26.75,8.0,1,1,1,1,1,1,1,1,1,1,1,1,1,1,1,1,1,1,1
2015-09-27,16.0,11.0,5.0,12.0,7.75,12.75,0.0,7.75,5.0,8.25,13.0,8.75,5.25,24.25,12.5,24.75,11.0,26.75,11.5,1,1,1,1,1,1,1,1,1,1,1,1,1,1,1,1,1,1,1
2015-09-28,8.5,2.5,1.0,7.0,3.25,3.5,5.0,5.75,6.75,15.0,2.25,5.25,3.5,26.75,2.0,5.75,5.0,2.0,0.0,1,1,1,1,1,1,1,1,1,1,1,1,1,1,1,1,1,1,1
2015-09-29,16.0,11.0,2.0,18.5,13.0,4.5,5.0,5.75,10.75,10.5,14.0,16.25,7.25,26.75,0.5,32.5,5.5,14.0,13.0,1,1,1,1,1,1,1,1,1,1,1,1,1,1,1,1,1,1,1
2015-09-30,2.0,11.0,6.0,18.5,4.25,3.75,2.0,1.75,17.75,10.75,12.5,11.5,5.5,6.0,9.5,32.5,16.5,7.5,0.5,1,1,1,1,1,1,1,1,1,1,1,1,1,1,1,1,1,1,1
2015-10-01,10.0,4.0,0.5,3.0,1.25,3.5,2.0,2.5,16.0,11.5,8.25,8.25,7.5,4.75,17.75,1.5,20.0,4.25,1.0,1,1,1,1,1,1,1,1,1,1,1,1,1,1,1,1,1,1,1
2015-10-02,5.0,11.0,8.5,6.5,2.5,7.75,12.5,4.0,8.5,8.75,7.25,5.25,1.75,5.25,23.0,1.75,6.0,3.0,1.0,1,1,1,1,1,1,1,1,1,1,1,1,1,1,1,1,1,1,1
2015-10-03,2.5,17.5,10.0,3.5,1.25,2.75,18.5,4.0,8.5,31.75,2.25,1.25,0.0,1.75,3.75,1.5,1.5,1.25,5.0,1,1,1,1,1,1,1,1,1,1,1,1,1,1,1,1,1,1,1
2015-10-04,7.5,2.0,9.5,3.5,0.0,2.5,3.0,1.0,2.25,31.75,2.0,1.0,1.5,7.25,5.75,1.5,0.5,10.25,5.0,1,1,1,1,1,1,1,1,1,1,1,1,1,1,1,1,1,1,1
2015-10-05,5.5,0.5,9.5,4.5,14.25,2.5,4.0,5.5,12.5,0.5,2.75,10.75,3.0,3.75,11.5,4.5,0.0,5.0,1.5,1,1,1,1,1,1,1,1,1,1,1,1,1,1,1,1,1,1,1
2015-10-06,6.0,1.5,0.25,9.5,13.25,21.0,10.5,12.5,7.75,31.0,3.75,12.25,3.0,10.5,9.5,4.5,0.0,6.5,4.75,1,1,1,1,1,1,1,1,1,1,1,1,1,1,1,1,1,1,1
2015-10-07,18.0,14.0,6.0,18.5,11.25,23.5,10.5,12.75,6.75,39.5,7.0,5.75,1.75,10.75,16.5,4.0,9.0,6.0,4.75,1,1,1,1,1,1,1,1,1,1,1,1,1,1,1,1,1,1,1
2015-10-08,13.0,3.0,13.75,8.5,0.75,23.5,23.5,6.5,3.75,9.0,1.5,6.5,0.25,16.5,14.5,13.5,4.5,7.75,1.0,1,1,1,1,1,1,1,1,1,1,1,1,1,1,1,1,1,1,1
2015-10-09,16.0,3.0,6.25,6.5,1.25,23.5,30.5,12.5,5.0,8.5,3.25,6.5,1.0,19.0,14.5,13.5,2.0,11.25,3.0,1,1,1,1,1,1,1,1,1,1,1,1,1,1,1,1,1,1,1
2015-10-10,7.25,1.0,0.5,4.5,2.0,12.25,9.0,10.75,4.5,8.5,4.0,1.5,0.5,1.5,7.0,27.0,3.5,3.5,4.5,1,1,1,1,1,1,1,1,1,1,1,1,1,1,1,1,1,1,1
2015-10-11,14.25,3.25,12.0,18.0,4.0,14.25,5.5,6.0,9.0,8.25,21.5,22.5,12.5,3.5,16.0,27.0,11.25,5.0,4.5,1,1,1,1,1,1,1,1,1,1,1,1,1,1,1,1,1,1,1
2015-10-12,14.75,9.75,28.5,20.75,2.0,21.75,27.5,22.75,9.5,46.0,20.5,22.5,12.5,17.5,23.25,27.0,15.75,15.5,4.5,1,1,1,1,1,1,1,1,1,1,1,1,1,1,1,1,1,1,1
2015-10-13,4.25,9.0,29.5,33.5,2.5,21.75,30.0,23.5,9.5,46.0,9.0,7.5,15.0,37.0,11.0,3.5,14.25,15.5,4.5,1,1,1,1,1,1,1,1,1,1,1,1,1,1,1,1,1,1,1
2015-10-14,1.75,0.0,3.0,8.75,0.0,2.25,6.0,2.0,3.5,4.25,6.0,1.0,17.5,7.5,2.0,4.5,5.0,2.0,4.5,1,1,1,1,1,1,1,1,1,1,1,1,1,1,1,1,1,1,1
2015-10-15,12.0,1.0,0.0,9.75,1.5,5.5,6.0,3.25,6.5,4.25,15.0,8.5,6.5,7.5,2.5,4.5,6.5,5.0,4.5,1,1,1,1,1,1,1,1,1,1,1,1,1,1,1,1,1,1,1
2015-10-16,8.25,1.0,1.5,6.75,1.5,5.5,11.0,3.5,6.5,4.5,15.0,8.5,1.5,9.0,1.75,4.5,6.5,3.0,4.5,1,1,1,1,1,1,1,1,1,1,1,1,1,1,1,1,1,1,1
2015-10-17,17.0,14.75,10.0,21.0,17.75,17.5,12.5,11.75,14.5,25.0,24.0,15.0,15.0,11.5,8.75,0.0,12.5,23.0,5.5,1,1,1,1,1,1,1,1,1,1,1,1,1,1,1,1,1,1,1
2015-10-18,17.0,15.0,6.0,8.75,14.75,6.75,7.5,11.75,14.5,24.75,17.5,6.5,5.0,3.5,18.25,2.0,14.5,15.75,5.5,1,1,1,1,1,1,1,1,1,1,1,1,1,1,1,1,1,1,1
2015-10-19,7.75,1.5,1.0,2.75,4.25,3.0,2.5,1.5,1.0,1.5,1.5,0.5,0.0,2.0,3.75,2.5,0.75,9.25,4.5,1,1,1,1,1,1,1,1,1,1,1,1,1,1,1,1,1,1,1
2015-10-20,5.75,0.5,1.0,0.75,14.0,5.75,5.5,6.5,9.5,9.75,0.5,5.0,0.0,0.5,1.0,1.25,3.0,10.0,8.0,1,1,1,1,1,1,1,1,1,1,1,1,1,1,1,1,1,1,1
2015-10-21,4.5,3.25,1.0,9.25,8.75,5.75,5.5,8.25,12.0,12.75,6.5,5.0,0.5,5.0,7.5,1.0,0.75,10.5,1.0,1,1,1,1,1,1,1,1,1,1,1,1,1,1,1,1,1,1,1
2015-10-22,7.25,1.5,0.5,7.25,1.25,5.5,6.0,6.0,5.5,8.5,6.5,6.0,2.5,5.0,2.75,1.0,3.0,7.25,0.5,1,1,1,1,1,1,1,1,1,1,1,1,1,1,1,1,1,1,1
2015-10-23,11.5,7.5,0.5,6.25,2.0,5.5,15.0,10.0,16.5,30.5,6.5,6.0,15.0,4.5,4.25,1.0,6.25,9.25,2.0,1,1,1,1,1,1,1,1,1,1,1,1,1,1,1,1,1,1,1
2015-10-24,11.5,15.5,7.0,22.0,10.0,18.75,18.0,24.5,16.5,29.75,15.5,14.5,15.0,6.0,7.25,7.75,5.75,12.5,20.5,1,1,1,1,1,1,1,1,1,1,1,1,1,1,1,1,1,1,1
2015-10-25,14.25,1.75,9.0,5.5,6.75,3.75,3.5,1.75,5.0,1.5,2.5,2.0,1.5,1.5,2.0,2.25,0.75,8.0,2.5,1,1,1,1,1,1,1,1,1,1,1,1,1,1,1,1,1,1,1
2015-10-26,13.5,0.5,5.5,3.25,1.75,5.5,8.5,6.25,5.5,2.25,1.5,2.5,0.5,9.5,4.0,3.5,6.0,6.25,5.0,1,1,1,1,1,1,1,1,1,1,1,1,1,1,1,1,1,1,1
2015-10-27,18.0,2.25,5.5,1.75,2.0,5.5,26.0,7.5,5.5,2.25,9.0,5.5,0.0,18.0,3.75,0.0,15.75,6.0,15.5,1,1,1,1,1,1,1,1,1,1,1,1,1,1,1,1,1,1,1
2015-10-28,15.0,6.5,6.0,3.75,4.5,10.75,10.0,5.25,3.5,1.75,9.0,4.0,2.0,16.0,8.75,0.75,4.25,6.0,7.5,1,1,1,1,1,1,1,1,1,1,1,1,1,1,1,1,1,1,1
2015-10-29,4.25,3.0,4.5,0.75,2.25,5.5,6.0,2.5,4.5,1.0,2.0,0.5,1.0,3.0,7.0,12.5,2.75,3.25,0.0,1,1,1,1,1,1,1,1,1,1,1,1,1,1,1,1,1,1,1
2015-10-30,19.75,3.75,7.5,5.75,1.5,7.5,4.5,5.0,10.0,0.0,5.25,2.5,6.5,2.5,9.75,19.5,6.25,10.5,1.5,1,1,1,1,1,1,1,1,1,1,1,1,1,1,1,1,1,1,1
2015-10-31,15.75,4.0,5.75,7.5,10.5,7.75,2.5,8.0,8.0,8.25,5.75,0.5,5.75,1.5,10.75,19.5,7.75,15.25,2.75,1,1,1,1,1,1,1,1,1,1,1,1,1,1,1,1,1,1,1
2015-11-01,14.5,4.25,10.25,9.5,1.5,20.25,26.5,21.0,11.0,8.25,10.25,5.0,9.5,22.0,12.75,10.75,15.0,16.25,3.0,1,1,1,1,1,1,1,1,1,1,1,1,1,1,1,1,1,1,1
2015-11-02,4.5,4.25,10.0,11.0,1.5,24.25,11.0,23.0,4.5,15.25,11.0,3.25,21.0,22.0,14.5,1.0,17.5,22.75,5.0,1,1,1,1,1,1,1,1,1,1,1,1,1,1,1,1,1,1,1
2015-11-03,3.25,1.0,3.0,6.75,0.5,13.25,10.5,17.5,4.5,15.25,4.0,2.5,12.25,12.5,2.75,0.75,14.5,6.75,5.0,1,1,1,1,1,1,1,1,1,1,1,1,1,1,1,1,1,1,1
2015-11-04,3.75,5.25,6.0,20.25,5.5,7.0,7.5,12.5,9.5,18.25,8.75,2.0,7.75,10.5,4.5,5.0,9.75,5.5,5.0,1,1,1,1,1,1,1,1,1,1,1,1,1,1,1,1,1,1,1
2015-11-05,15.25,5.5,11.0,12.5,3.5,10.75,11.5,12.5,4.0,5.75,9.0,5.75,5.75,15.0,5.0,4.25,5.25,16.75,6.0,1,1,1,1,1,1,1,1,1,1,1,1,1,1,1,1,1,1,1
2015-11-06,7.0,0.5,4.0,1.25,0.5,10.0,14.0,12.0,0.0,35.0,4.0,0.5,3.75,13.0,7.75,0.0,2.5,4.25,3.0,1,1,1,1,1,1,1,1,1,1,1,1,1,1,1,1,1,1,1
2015-11-07,2.25,0.5,9.75,3.75,0.5,3.0,1.5,10.0,11.0,0.0,7.0,4.75,5.5,2.5,3.25,7.0,5.25,4.75,14.0,1,1,1,1,1,1,1,1,1,1,1,1,1,1,1,1,1,1,1
2015-11-08,12.75,9.5,22.25,14.25,11.0,15.0,10.5,18.0,37.0,40.75,10.25,7.25,9.75,2.5,4.25,16.5,21.5,9.5,15.0,1,1,1,1,1,1,1,1,1,1,1,1,1,1,1,1,1,1,1
2015-11-09,4.25,9.0,28.75,8.0,16.0,9.5,4.0,6.5,10.0,0.5,8.0,9.0,2.25,1.5,4.25,15.25,9.0,10.5,11.75,1,1,1,1,1,1,1,1,1,1,1,1,1,1,1,1,1,1,1
2015-11-10,9.0,9.5,13.5,14.0,24.0,11.5,29.5,20.0,21.5,22.75,9.25,12.25,7.75,6.0,9.0,32.5,18.5,17.75,7.25,1,1,1,1,1,1,1,1,1,1,1,1,1,1,1,1,1,1,1
2015-11-11,15.25,17.75,12.25,36.25,22.0,11.25,29.5,24.0,17.5,27.75,16.25,10.75,10.25,26.5,10.5,19.0,12.25,20.25,10.0,1,1,1,1,1,1,1,1,1,1,1,1,1,1,1,1,1,1,1
2015-11-12,15.0,5.25,21.5,5.5,10.5,14.0,12.5,10.5,18.0,24.0,11.5,4.75,15.25,5.5,5.25,9.0,8.75,15.5,11.75,1,1,1,1,1,1,1,1,1,1,1,1,1,1,1,1,1,1,1
2015-11-13,4.75,5.25,11.75,3.0,2.5,14.0,16.0,10.5,5.5,19.75,5.5,0.0,3.75,6.5,7.0,2.5,7.5,7.5,11.75,1,1,1,1,1,1,1,1,1,1,1,1,1,1,1,1,1,1,1
2015-11-14,11.75,7.0,12.0,17.25,10.5,7.0,16.0,17.5,12.5,19.25,3.75,5.25,6.25,12.0,7.5,29.0,16.75,12.0,7.75,1,1,1,1,1,1,1,1,1,1,1,1,1,1,1,1,1,1,1
2015-11-15,13.0,11.25,19.25,5.25,16.5,11.0,24.0,24.0,12.5,11.75,7.75,12.0,25.75,13.5,13.75,29.0,18.75,12.25,10.25,1,1,1,1,1,1,1,1,1,1,1,1,1,1,1,1,1,1,1
2015-11-16,18.25,11.75,17.25,11.75,16.5,12.5,19.5,26.5,47.0,16.25,14.75,31.0,36.0,13.0,21.75,44.0,30.0,12.25,16.75,1,1,1,1,1,1,1,1,1,1,1,1,1,1,1,1,1,1,1
2015-11-17,12.75,22.25,20.0,12.0,24.0,10.75,23.0,24.0,18.0,57.5,14.5,14.25,26.0,13.5,32.25,1.0,25.5,10.75,9.75,1,1,1,1,1,1,1,1,1,1,1,1,1,1,1,1,1,1,1
2015-11-18,14.0,11.75,13.75,13.5,23.0,15.5,12.0,6.0,17.0,57.5,11.25,13.0,11.25,25.0,26.75,0.0,15.75,14.5,8.5,1,1,1,1,1,1,1,1,1,1,1,1,1,1,1,1,1,1,1
2015-11-19,14.75,4.25,5.5,16.5,3.0,13.25,12.0,23.0,3.75,45.5,12.0,9.25,7.5,15.0,15.75,5.0,7.25,22.75,13.0,1,1,1,1,1,1,1,1,1,1,1,1,1,1,1,1,1,1,1
2015-11-20,12.0,2.75,5.5,15.5,3.5,6.25,8.75,5.0,4.5,27.25,8.0,6.0,4.5,9.0,7.25,11.25,5.5,9.5,7.25,1,1,1,1,1,1,1,1,1,1,1,1,1,1,1,1,1,1,1
2015-11-21,8.75,12.75,8.5,14.0,13.0,7.5,13.5,6.0,4.0,24.25,3.75,1.5,5.0,9.0,7.0,13.0,4.5,9.75,0.75,1,1,1,1,1,1,1,1,1,1,1,1,1,1,1,1,1,1,1
2015-11-22,5.25,12.75,8.5,15.5,16.0,5.25,10.0,5.25,23.75,20.75,8.0,7.25,7.25,9.0,10.5,2.75,15.75,6.0,0.0,1,1,1,1,1,1,1,1,1,1,1,1,1,1,1,1,1,1,1
2015-11-23,9.5,20.75,5.5,17.75,9.0,9.0,14.75,9.5,23.75,22.5,8.5,7.25,11.0,6.0,9.5,27.25,15.75,10.25,0.5,1,1,1,1,1,1,1,1,1,1,1,1,1,1,1,1,1,1,1
2015-11-24,10.75,2.0,5.25,6.75,1.0,22.25,22.25,24.5,16.75,60.25,6.5,13.0,18.25,16.5,10.0,23.5,13.0,9.0,0.5,1,1,1,1,1,1,1,1,1,1,1,1,1,1,1,1,1,1,1
2015-11-25,6.0,5.0,5.25,8.5,4.0,15.5,21.25,21.75,25.5,61.75,15.25,18.5,19.75,17.5,8.25,17.25,16.25,13.25,4.5,1,1,1,1,1,1,1,1,1,1,1,1,1,1,1,1,1,1,1
2015-11-26,6.5,5.0,4.5,8.5,6.0,7.5,17.0,8.75,21.75,6.5,15.0,11.25,12.5,9.0,7.25,13.75,13.5,13.75,6.0,1,1,1,1,1,1,1,1,1,1,1,1,1,1,1,1,1,1,1
2015-11-27,13.5,3.0,5.75,2.25,3.0,3.25,10.5,5.75,26.0,29.75,7.25,10.5,12.25,21.5,28.75,8.5,25.0,8.75,6.0,1,1,1,1,1,1,1,1,1,1,1,1,1,1,1,1,1,1,1
2015-11-28,19.0,16.75,5.5,16.0,13.75,5.25,16.75,12.25,29.25,38.0,16.75,22.25,18.25,24.5,17.5,8.5,27.75,15.0,3.5,1,1,1,1,1,1,1,1,1,1,1,1,1,1,1,1,1,1,1
2015-11-29,19.0,11.5,6.5,21.75,6.5,21.25,14.5,18.75,21.75,35.75,9.5,14.5,18.25,30.0,14.25,3.0,25.75,20.0,5.5,1,1,1,1,1,1,1,1,1,1,1,1,1,1,1,1,1,1,1
2015-11-30,6.5,2.25,6.0,6.0,5.0,6.25,11.25,18.75,6.0,16.5,3.75,2.75,5.0,5.0,14.5,10.0,10.0,6.0,6.5,1,1,1,1,1,1,1,1,1,1,1,1,1,1,1,1,1,1,1
2015-12-01,9.75,3.75,4.75,3.25,7.0,6.25,10.5,8.75,6.0,14.5,0.75,1.25,4.0,11.0,6.75,15.0,2.25,8.5,10.5,1,1,1,1,1,1,1,1,1,1,1,1,1,1,1,1,1,1,1
2015-12-02,15.25,5.5,6.0,13.25,10.75,7.75,14.75,12.0,6.25,5.5,5.25,2.25,7.75,12.5,14.5,10.0,7.75,6.5,11.0,1,1,1,1,1,1,1,1,1,1,1,1,1,1,1,1,1,1,1
2015-12-03,4.75,22.25,9.5,14.5,20.75,8.75,14.5,15.5,9.0,26.0,10.5,4.75,9.75,20.5,9.75,3.5,11.25,6.5,12.0,1,1,1,1,1,1,1,1,1,1,1,1,1,1,1,1,1,1,1
2015-12-04,9.5,26.5,10.5,12.75,14.25,1.75,7.0,22.25,11.25,5.5,10.5,10.25,18.25,7.0,3.25,0.0,11.75,5.5,5.5,1,1,1,1,1,1,1,1,1,1,1,1,1,1,1,1,1,1,1
2015-12-05,10.5,27.25,15.25,7.0,10.25,1.0,3.0,5.25,11.25,5.5,9.25,6.5,21.0,5.0,3.5,0.0,13.0,7.5,3.5,1,1,1,1,1,1,1,1,1,1,1,1,1,1,1,1,1,1,1
2015-12-06,8.5,2.75,12.5,8.75,4.0,3.75,5.25,9.75,8.75,5.5,14.25,3.0,13.0,4.0,5.0,8.0,8.5,5.5,2.0,1,1,1,1,1,1,1,1,1,1,1,1,1,1,1,1,1,1,1
2015-12-07,3.75,1.75,10.75,3.5,6.25,2.25,0.75,5.0,5.25,5.5,2.0,0.5,4.5,3.5,0.5,5.25,9.5,1.0,2.0,1,1,1,1,1,1,1,1,1,1,1,1,1,1,1,1,1,1,1
2015-12-08,4.25,4.5,10.5,3.5,10.0,1.25,0.25,4.5,6.0,5.5,1.5,0.0,0.5,0.5,6.0,0.25,5.5,0.0,0.5,1,1,1,1,1,1,1,1,1,1,1,1,1,1,1,1,1,1,1
2015-12-09,7.25,5.25,0.25,0.5,7.75,3.25,0.25,4.5,4.75,5.5,0.5,4.25,3.5,5.5,19.75,0.25,8.5,1.5,3.0,1,1,1,1,1,1,1,1,1,1,1,1,1,1,1,1,1,1,1
2015-12-10,7.0,5.75,7.75,11.25,6.75,8.5,6.0,13.5,3.75,14.0,22.0,6.0,5.25,13.5,19.5,6.25,5.25,16.0,0.0,1,1,1,1,1,1,1,1,1,1,1,1,1,1,1,1,1,1,1
2015-12-11,13.25,5.0,7.75,9.75,6.25,15.25,10.75,14.5,13.5,14.5,13.75,12.5,11.0,24.5,12.0,9.75,8.75,16.5,3.5,1,1,1,1,1,1,1,1,1,1,1,1,1,1,1,1,1,1,1
2015-12-12,11.25,2.5,3.25,6.5,4.5,12.75,5.25,14.5,14.25,34.0,5.5,12.5,5.75,12.5,7.0,2.75,9.75,6.0,2.5,1,1,1,1,1,1,1,1,1,1,1,1,1,1,1,1,1,1,1
2015-12-13,4.75,2.75,2.5,6.0,3.75,9.75,2.5,8.75,10.0,9.0,2.5,5.75,1.75,3.5,9.25,0.75,8.5,4.0,2.0,1,1,1,1,1,1,1,1,1,1,1,1,1,1,1,1,1,1,1
2015-12-14,8.25,16.0,6.5,8.5,16.75,8.75,4.0,8.75,11.0,5.5,3.5,7.25,5.5,8.5,9.25,2.0,8.5,5.5,11.0,1,1,1,1,1,1,1,1,1,1,1,1,1,1,1,1,1,1,1
2015-12-15,5.5,7.75,9.25,5.75,7.0,8.75,3.0,5.25,9.0,1.0,3.25,7.0,6.5,5.5,7.5,3.25,9.5,3.5,7.0,1,1,1,1,1,1,1,1,1,1,1,1,1,1,1,1,1,1,1
2015-12-16,1.25,7.75,12.5,8.75,6.75,6.25,3.5,8.5,9.0,7.0,3.25,7.25,12.25,7.0,26.5,3.25,12.25,10.5,3.5,1,1,1,1,1,1,1,1,1,1,1,1,1,1,1,1,1,1,1
2015-12-17,3.5,8.75,6.75,14.0,7.5,6.0,5.0,13.5,12.5,10.0,3.5,8.75,14.5,13.5,30.5,14.25,15.25,4.5,2.75,1,1,1,1,1,1,1,1,1,1,1,1,1,1,1,1,1,1,1
2015-12-18,8.75,7.25,6.25,11.5,9.5,6.0,12.75,6.0,13.75,10.0,5.25,8.75,16.5,13.5,21.25,2.5,10.0,8.25,2.25,1,1,1,1,1,1,1,1,1,1,1,1,1,1,1,1,1,1,1
2015-12-19,9.0,7.0,7.0,12.25,6.0,0.5,1.5,4.25,9.75,6.0,5.5,7.75,17.25,1.5,15.25,1.25,5.0,1.75,4.75,1,1,1,1,1,1,1,1,1,1,1,1,1,1,1,1,1,1,1
2015-12-20,3.25,7.0,4.75,8.5,4.25,0.75,1.25,3.5,3.25,3.0,2.5,1.5,2.5,0.5,2.0,0.0,3.5,0.75,6.0,1,1,1,1,1,1,1,1,1,1,1,1,1,1,1,1,1,1,1
2015-12-21,6.5,0.5,0.25,1.5,3.75,0.5,1.25,1.75,7.5,4.0,1.5,2.5,7.25,4.0,3.75,0.0,6.5,0.5,3.75,1,1,1,1,1,1,1,1,1,1,1,1,1,1,1,1,1,1,1
2015-12-22,4.75,13.5,1.25,11.75,13.0,2.0,2.25,5.25,13.5,29.5,4.75,3.25,10.25,4.0,7.25,1.25,9.75,1.5,2.75,1,1,1,1,1,1,1,1,1,1,1,1,1,1,1,1,1,1,1
2015-12-23,10.25,26.75,7.5,13.0,24.75,25.5,19.0,13.25,13.5,21.0,17.5,15.25,11.0,16.5,22.25,0.0,5.25,6.75,1.75,1,1,1,1,1,1,1,1,1,1,1,1,1,1,1,1,1,1,1
2015-12-24,7.25,23.75,3.75,11.0,20.0,6.5,4.75,5.0,9.25,0.5,19.0,16.25,11.0,4.0,19.5,0.0,7.5,0.5,8.0,1,1,1,1,1,1,1,1,1,1,1,1,1,1,1,1,1,1,1
2015-12-25,4.5,5.5,3.75,10.25,6.5,0.75,3.25,5.5,8.25,7.0,2.75,0.25,7.0,5.0,5.25,1.75,7.5,2.0,6.25,1,1,1,1,1,1,1,1,1,1,1,1,1,1,1,1,1,1,1
2015-12-26,4.25,8.75,7.0,10.5,9.5,0.75,8.5,4.25,6.25,16.5,3.75,3.5,6.5,11.5,12.25,0.75,6.25,3.5,8.0,1,1,1,1,1,1,1,1,1,1,1,1,1,1,1,1,1,1,1
2015-12-27,3.75,8.5,13.0,6.5,8.5,5.25,6.5,3.0,5.0,16.5,6.0,11.75,6.0,20.5,1.75,0.0,8.5,0.0,13.0,1,1,1,1,1,1,1,1,1,1,1,1,1,1,1,1,1,1,1
2015-12-28,0.5,1.25,2.5,0.25,0.25,0.0,4.0,1.25,1.0,0.5,2.75,0.5,2.75,5.25,1.5,0.0,2.0,0.0,0.25,1,1,1,1,1,1,1,1,1,1,1,1,1,1,1,1,1,1,1
2015-12-29,0.25,0.5,0.75,1.5,1.0,0.0,0.75,1.0,0.75,2.0,4.25,0.5,2.25,4.75,5.0,1.75,1.0,0.0,0.0,1,1,1,1,1,1,1,1,1,1,1,1,1,1,1,1,1,1,1
2015-12-30,4.25,0.5,1.25,1.0,2.75,1.0,0.5,1.75,4.5,3.0,2.5,0.5,1.5,2.5,10.0,1.0,4.25,1.0,2.25,1,1,1,1,1,1,1,1,1,1,1,1,1,1,1,1,1,1,1
2015-12-31,4.75,0.5,1.5,3.75,3.75,9.75,1.75,2.5,3.25,18.25,7.5,6.5,3.5,2.25,7.5,4.75,4.25,4.0,4.5,1,1,1,1,1,1,1,1,1,1,1,1,1,1,1,1,1,1,1
2016-01-01,2.75,4.0,1.5,4.25,8.75,6.5,3.0,8.25,16.75,0.0,4.25,16.75,13.25,7.25,11.75,1.5,10.25,1.0,1.0,1,1,1,1,1,1,1,1,1,1,1,1,1,1,1,1,1,1,1
2016-01-02,8.25,7.5,7.5,9.5,3.75,8.25,4.0,9.0,5.5,0.0,5.5,2.5,7.25,5.5,5.0,1.5,5.5,3.0,8.5,1,1,1,1,1,1,1,1,1,1,1,1,1,1,1,1,1,1,1
2016-01-03,7.5,8.5,12.5,2.5,0.5,9.75,4.75,4.5,3.25,0.25,4.0,6.75,3.25,3.25,5.75,1.5,10.25,2.0,16.5,1,1,1,1,1,1,1,1,1,1,1,1,1,1,1,1,1,1,1
2016-01-04,2.0,0.5,2.0,2.5,2.25,1.5,6.5,5.5,5.0,8.25,0.5,2.75,2.5,2.5,22.5,1.5,14.5,0.5,1.0,1,1,1,1,1,1,1,1,1,1,1,1,1,1,1,1,1,1,1
2016-01-05,1.0,2.0,1.5,3.25,6.75,1.75,2.0,4.5,8.75,14.5,0.5,4.0,3.5,4.5,2.0,0.0,5.75,0.5,1.0,1,1,1,1,1,1,1,1,1,1,1,1,1,1,1,1,1,1,1
2016-01-06,0.5,2.0,0.25,1.25,2.0,0.5,0.75,0.0,1.75,2.25,0.0,0.0,0.0,0.25,0.75,0.0,1.0,0.0,0.25,1,1,1,1,1,1,1,1,1,1,1,1,1,1,1,1,1,1,1
2016-01-07,1.25,0.0,0.0,0.0,0.5,0.25,0.0,0.0,1.75,40.0,0.0,1.75,0.0,2.25,3.0,0.0,0.25,0.0,1.75,1,1,1,1,1,1,1,1,1,1,1,1,1,1,1,1,1,1,1
2016-01-08,2.25,1.5,0.5,0.25,1.0,0.25,0.0,0.25,3.5,5.5,0.0,0.5,2.75,2.75,1.25,1.5,1.5,6.0,0.0,1,1,1,1,1,1,1,1,1,1,1,1,1,1,1,1,1,1,1
2016-01-09,2.5,1.0,1.25,1.25,2.25,0.25,0.25,0.5,0.5,2.5,0.0,0.5,0.75,0.0,0.0,0.0,0.5,0.0,0.0,1,1,1,1,1,1,1,1,1,1,1,1,1,1,1,1,1,1,1
2016-01-10,2.0,0.5,0.75,1.25,0.5,0.25,0.5,2.0,3.75,13.0,0.0,2.75,1.75,2.5,2.0,0.0,4.25,0.0,1.5,1,1,1,1,1,1,1,1,1,1,1,1,1,1,1,1,1,1,1
2016-01-11,4.5,0.0,0.25,0.25,0.0,0.25,1.0,1.0,1.25,13.25,0.0,1.75,1.25,0.75,0.25,0.0,2.25,0.0,1.5,1,1,1,1,1,1,1,1,1,1,1,1,1,1,1,1,1,1,1
2016-01-12,3.0,0.0,0.0,0.0,0.0,3.0,0.5,0.25,4.5,3.0,0.0,0.0,0.25,1.5,2.75,0.0,1.0,0.0,0.0,1,1,1,1,1,1,1,1,1,1,1,1,1,1,1,1,1,1,1
2016-01-13,0.25,0.0,0.0,0.0,0.5,0.0,0.5,0.25,0.0,0.0,0.5,0.0,0.25,0.25,0.25,0.0,0.0,0.0,0.0,1,1,1,1,1,1,1,1,1,1,1,1,1,1,1,1,1,1,1
2016-01-14,0.0,0.5,0.0,0.0,0.5,0.0,0.0,0.25,0.0,0.0,0.5,0.5,0.25,0.75,0.75,0.0,0.5,0.0,0.25,1,1,1,1,1,1,1,1,1,1,1,1,1,1,1,1,1,1,1
2016-01-15,1.0,0.0,0.0,0.0,0.5,0.0,0.0,0.0,0.75,21.0,2.5,0.75,0.25,2.0,0.5,0.0,3.0,0.25,0.75,1,1,1,1,1,1,1,1,1,1,1,1,1,1,1,1,1,1,1
2016-01-16,2.25,0.0,1.5,1.25,0.25,1.5,2.0,0.5,2.25,16.25,9.0,2.25,1.75,4.0,2.0,0.0,0.0,3.0,3.25,1,1,1,1,1,1,1,1,1,1,1,1,1,1,1,1,1,1,1
2016-01-17,2.75,7.0,2.0,1.5,10.75,5.0,6.0,5.0,16.75,2.75,12.0,13.0,4.25,11.5,15.0,6.0,9.0,0.5,9.75,1,1,1,1,1,1,1,1,1,1,1,1,1,1,1,1,1,1,1
2016-01-18,3.25,8.0,0.75,4.5,8.0,1.0,2.5,3.0,6.25,2.75,10.5,9.0,7.0,10.5,6.0,0.5,5.0,0.25,4.5,1,1,1,1,1,1,1,1,1,1,1,1,1,1,1,1,1,1,1
2016-01-19,3.75,2.5,9.0,3.5,2.0,4.0,6.5,2.5,10.75,12.0,4.5,4.25,8.0,11.75,6.75,9.25,2.0,6.5,5.25,1,1,1,1,1,1,1,1,1,1,1,1,1,1,1,1,1,1,1
2016-01-20,1.0,1.0,4.0,2.0,0.75,3.5,0.0,0.0,2.25,7.75,0.5,3.25,0.5,0.25,0.0,7.5,6.0,4.25,2.0,1,1,1,1,1,1,1,1,1,1,1,1,1,1,1,1,1,1,1
2016-01-21,1.25,2.0,9.0,3.75,1.25,3.5,4.5,0.25,3.75,0.0,12.0,0.0,2.25,2.0,0.0,13.5,2.0,0.0,0.75,1,1,1,1,1,1,1,1,1,1,1,1,1,1,1,1,1,1,1
2016-01-22,3.0,1.5,8.5,3.5,3.75,7.5,0.0,4.75,1.5,1.0,1.5,0.5,2.25,9.25,1.0,0.75,0.0,1.25,1.25,1,1,1,1,1,1,1,1,1,1,1,1,1,1,1,1,1,1,1
2016-01-23,4.5,0.5,11.5,6.25,2.75,2.75,7.5,7.0,10.0,4.75,0.5,3.5,8.0,11.75,4.0,2.5,5.0,0.0,0.0,1,1,1,1,1,1,1,1,1,1,1,1,1,1,1,1,1,1,1
2016-01-24,1.25,0.5,1.5,4.75,4.0,0.75,7.5,3.75,12.0,19.75,21.5,9.0,10.5,4.25,17.5,0.75,6.5,2.25,0.0,1,1,1,1,1,1,1,1,1,1,1,1,1,1,1,1,1,1,1
2016-01-25,0.75,0.0,1.25,6.5,2.0,0.25,7.5,3.75,7.5,17.5,14.0,12.75,5.75,7.0,17.0,0.25,0.5,0.0,0.0,1,1,1,1,1,1,1,1,1,1,1,1,1,1,1,1,1,1,1
2016-01-26,2.0,0.0,1.5,0.0,0.0,1.0,7.5,0.25,5.0,2.25,0.0,0.0,0.25,1.0,8.25,0.0,0.0,0.0,0.0,1,1,1,1,1,1,1,1,1,1,1,1,1,1,1,1,1,1,1
2016-01-27,2.5,0.0,0.25,0.0,0.25,1.5,0.0,0.0,0.25,4.25,0.5,1.0,0.25,7.75,1.25,0.0,0.0,0.0,0.0,1,1,1,1,1,1,1,1,1,1,1,1,1,1,1,1,1,1,1
2016-01-28,4.75,0.5,0.25,1.5,3.25,2.25,3.0,0.5,2.5,4.25,6.5,5.0,0.75,12.25,7.5,10.0,4.25,8.25,5.5,1,1,1,1,1,1,1,1,1,1,1,1,1,1,1,1,1,1,1
2016-01-29,8.0,1.0,3.0,1.75,4.5,4.0,4.0,2.25,2.75,1.5,6.5,7.5,1.75,8.5,7.5,11.25,3.75,4.0,8.5,1,1,1,1,1,1,1,1,1,1,1,1,1,1,1,1,1,1,1
2016-01-30,0.75,0.0,0.0,0.0,0.25,0.25,0.0,0.0,0.0,0.0,0.0,0.25,0.25,2.5,0.0,0.0,0.0,0.0,1.5,1,1,1,1,1,1,1,1,1,1,1,1,1,1,1,1,1,1,1
2016-01-31,0.5,0.0,1.0,0.25,0.0,1.5,1.5,0.25,21.75,0.0,0.5,5.0,12.25,16.0,4.5,0.0,2.75,0.0,1.0,1,1,1,1,1,1,1,1,1,1,1,1,1,1,1,1,1,1,1
2016-02-01,0.5,0.0,0.75,0.25,0.25,0.0,0.0,0.75,7.25,2.5,0.0,4.75,2.0,1.5,6.25,0.0,16.0,0.25,0.0,1,1,1,1,1,1,1,1,1,1,1,1,1,1,1,1,1,1,1
2016-02-02,0.25,0.0,0.5,0.0,0.5,0.0,0.0,0.0,2.0,3.75,0.0,0.0,3.75,1.5,6.25,0.0,0.25,0.5,0.0,1,1,1,1,1,1,1,1,1,1,1,1,1,1,1,1,1,1,1
2016-02-03,0.25,0.0,0.5,0.0,0.0,0.25,0.0,0.0,0.0,0.75,0.0,0.0,0.5,1.0,5.0,0.0,0.0,0.0,0.0,1,1,1,1,1,1,1,1,1,1,1,1,1,1,1,1,1,1,1
2016-02-04,0.5,0.0,0.0,0.0,0.0,0.0,0.0,0.0,2.25,1.0,0.0,0.25,1.75,0.25,0.0,0.0,1.25,0.0,4.5,1,1,1,1,1,1,1,1,1,1,1,1,1,1,1,1,1,1,1
2016-02-05,0.0,0.0,0.0,0.0,0.0,0.0,0.0,0.0,0.0,24.25,0.5,1.0,0.0,2.0,0.0,0.0,1.25,0.25,5.0,1,1,1,1,1,1,1,1,1,1,1,1,1,1,1,1,1,1,1
2016-02-06,0.0,2.0,1.0,2.25,4.0,3.0,11.0,4.75,6.75,25.5,4.0,9.5,4.0,15.75,1.0,1.75,4.25,7.0,4.5,1,1,1,1,1,1,1,1,1,1,1,1,1,1,1,1,1,1,1
2016-02-07,0.0,0.0,1.75,3.0,2.5,0.5,5.5,15.0,9.25,16.5,4.0,9.75,16.5,12.25,0.25,0.0,8.75,4.0,0.5,1,1,1,1,1,1,1,1,1,1,1,1,1,1,1,1,1,1,1
2016-02-08,0.0,0.0,0.25,1.25,3.5,2.75,1.5,9.0,1.5,27.0,3.5,3.25,12.0,2.0,0.75,0.0,0.5,1.5,0.5,1,1,1,1,1,1,1,1,1,1,1,1,1,1,1,1,1,1,1
2016-02-09,0.0,0.0,4.5,0.25,0.5,0.25,1.5,4.5,4.0,4.0,3.0,7.25,2.25,2.0,0.75,0.0,1.5,1.0,0.5,1,1,1,1,1,1,1,1,1,1,1,1,1,1,1,1,1,1,1
2016-02-10,0.0,0.0,1.0,0.0,0.0,0.5,4.5,0.0,1.75,0.5,0.0,1.0,0.0,0.5,0.25,1.5,0.0,0.5,1.5,1,1,1,1,1,1,1,1,1,1,1,1,1,1,1,1,1,1,1
2016-02-11,0.5,0.0,0.0,0.5,1.5,1.0,2.5,0.0,0.0,9.25,0.0,1.5,3.0,0.5,0.25,0.0,0.5,0.5,1.5,1,1,1,1,1,1,1,1,1,1,1,1,1,1,1,1,1,1,1
2016-02-12,0.5,1.0,0.0,1.0,4.5,1.75,0.0,0.5,0.0,19.75,0.0,0.0,2.0,0.5,0.0,0.0,0.25,0.0,0.0,1,1,1,1,1,1,1,1,1,1,1,1,1,1,1,1,1,1,1
2016-02-13,1.5,0.0,0.25,1.75,0.5,4.5,0.0,0.0,0.0,20.5,3.0,0.0,0.5,3.75,0.0,0.0,0.25,1.0,0.5,1,1,1,1,1,1,1,1,1,1,1,1,1,1,1,1,1,1,1
2016-02-14,1.5,0.5,1.0,1.0,0.0,1.5,1.0,0.0,0.0,15.25,0.5,0.0,0.5,3.5,0.0,0.0,0.25,1.0,2.0,1,1,1,1,1,1,1,1,1,1,1,1,1,1,1,1,1,1,1
2016-02-15,5.25,0.5,0.5,0.5,0.5,0.75,0.5,0.25,0.0,9.5,0.5,0.25,0.5,0.5,0.25,0.0,0.75,0.5,2.0,1,1,1,1,1,1,1,1,1,1,1,1,1,1,1,1,1,1,1
2016-02-16,3.5,0.0,0.5,0.25,0.5,0.75,1.5,0.0,0.0,12.75,7.5,1.75,3.5,0.0,0.5,0.0,5.75,0.0,16.0,1,1,1,1,1,1,1,1,1,1,1,1,1,1,1,1,1,1,1
2016-02-17,1.25,0.0,0.25,0.5,1.5,0.0,0.0,0.0,0.0,0.25,0.5,14.75,2.0,1.0,4.5,3.0,9.75,0.0,2.0,1,1,1,1,1,1,1,1,1,1,1,1,1,1,1,1,1,1,1
2016-02-18,3.5,0.0,0.0,0.75,0.5,3.0,4.0,1.25,0.0,2.0,4.0,4.75,10.0,7.25,0.0,0.0,7.75,5.0,2.5,1,1,1,1,1,1,1,1,1,1,1,1,1,1,1,1,1,1,1
2016-02-19,4.5,0.0,0.0,0.0,3.0,4.5,0.5,5.0,0.0,5.5,5.0,6.75,8.5,2.75,0.75,0.0,9.5,3.5,10.5,1,1,1,1,1,1,1,1,0,1,1,1,1,1,1,1,1,1,1
2016-02-20,7.25,0.0,2.0,0.25,0.0,0.5,0.0,0.5,0.0,6.25,0.5,0.75,7.0,2.75,0.75,0.0,0.75,0.25,0.5,1,1,1,1,1,1,1,1,1,1,1,1,1,1,1,1,1,1,1
2016-02-21,1.5,0.0,0.25,0.0,0.0,0.5,0.0,0.75,0.0,5.25,6.0,0.75,1.5,0.0,0.0,0.0,1.25,0.0,1.5,1,1,1,1,1,1,1,1,1,1,1,1,1,1,1,1,1,1,1
2016-02-22,1.5,0.0,0.75,1.75,0.0,0.5,1.5,1.25,0.0,4.0,11.5,1.0,4.0,0.25,7.25,0.0,13.5,0.25,5.0,1,1,1,1,1,1,1,1,1,1,1,1,1,1,1,1,1,1,1
2016-02-23,0.0,0.0,0.0,0.0,0.0,0.0,0.0,0.0,0.0,9.0,0.0,0.0,14.5,0.0,0.0,0.0,0.0,0.0,0.0,1,1,1,1,1,1,1,1,1,1,1,1,1,1,1,1,1,1,1
2016-02-24,0.0,0.0,0.0,0.0,0.0,0.0,0.0,0.0,0.0,25.75,0.0,0.0,19.5,0.0,0.0,18.0,0.0,0.0,0.0,1,1,1,1,1,1,1,1,1,1,1,1,1,1,1,1,1,1,1
2016-02-25,0.0,0.0,0.0,0.0,0.0,0.0,0.0,0.0,0.0,10.5,0.0,0.0,19.0,0.0,0.0,18.0,0.0,0.0,0.0,1,1,1,1,1,1,1,1,1,1,1,1,1,1,1,1,1,1,1
2016-02-26,0.0,0.0,0.0,0.0,0.0,0.0,0.0,0.0,0.0,0.0,0.0,0.0,0.5,0.0,0.0,0.0,0.0,0.0,0.0,1,1,1,1,1,1,1,1,1,1,1,1,1,1,1,1,1,1,1
2016-02-27,0.0,0.0,0.0,0.0,0.0,0.0,0.0,0.0,0.0,1.25,0.0,0.0,8.25,0.0,0.0,0.0,0.0,0.0,0.0,1,1,1,1,1,1,1,1,1,1,1,1,1,1,1,1,1,1,1
2016-02-28,0.0,0.0,0.0,0.0,0.0,0.0,0.0,0.0,0.0,3.25,0.0,0.0,1.0,0.0,0.0,0.0,0.0,0.0,0.0,1,1,1,1,1,1,1,1,1,1,1,1,1,1,1,1,1,1,1
2016-02-29,0.0,0.0,0.0,0.0,0.0,0.0,0.0,0.0,0.0,3.0,0.0,0.0,4.25,0.0,0.0,2.0,0.0,0.0,0.0,1,0,1,1,1,1,1,1,1,1,1,1,1,1,1,1,1,1,1
2016-03-01,0.0,0.0,0.0,0.0,0.0,0.0,0.0,0.0,0.0,3.5,0.0,0.0,5.75,0.0,0.0,9.0,0.0,0.0,0.0,0,1,0,0,0,0,0,0,1,1,0,0,1,0,0,1,0,0,0
2016-03-02,0.0,0.0,0.0,0.0,0.0,0.0,0.0,0.0,0.0,14.0,0.0,0.0,10.75,0.0,0.0,8.75,0.0,0.0,0.0,0,1,0,0,0,0,0,0,1,1,0,0,1,0,0,1,0,0,0
2016-03-03,0.0,0.0,0.0,0.0,0.0,0.0,0.0,0.0,0.0,24.25,0.0,0.0,14.0,0.0,0.0,3.5,0.0,0.0,0.0,0,0,0,0,0,0,0,0,0,1,0,0,1,0,0,1,0,0,0
2016-03-04,0.0,0.0,0.5,0.0,0.0,0.0,6.5,4.0,55.0,2.75,18.0,73.5,1.0,8.0,1.5,1.0,31.5,0.5,0.0,0,1,0,0,0,0,0,0,0,1,0,0,1,0,0,1,0,0,0
2016-03-05,0.0,0.0,0.5,0.0,0.0,0.0,6.5,4.0,55.0,11.5,18.0,73.5,13.0,8.0,1.5,5.75,31.5,3.0,1.0,0,1,0,0,0,0,0,0,0,1,0,0,1,0,0,1,0,0,0
2016-03-06,0.0,0.0,0.0,0.0,0.0,11.5,30.0,10.0,3.5,2.0,2.0,0.5,15.75,3.5,17.5,15.75,12.0,3.0,1.0,0,1,0,0,0,0,0,0,0,1,0,0,1,0,0,1,0,0,0
2016-03-07,0.0,0.0,0.0,0.0,0.0,11.5,30.0,10.0,3.5,2.25,0.0,1.0,15.5,3.5,17.5,7.5,12.0,1.0,2.0,0,1,0,0,0,0,0,0,0,1,0,0,1,0,0,1,0,0,0
2016-03-08,0.0,0.0,0.0,0.0,0.0,0.5,19.5,0.0,1.5,9.75,0.0,2.0,18.0,28.0,2.5,0.0,8.0,0.0,2.0,0,0,0,0,0,0,0,0,0,1,0,0,1,0,0,1,0,0,0
2016-03-09,0.0,0.0,1.0,0.0,0.0,39.5,25.0,29.5,18.0,1.0,0.0,4.5,2.0,28.0,2.5,1.5,19.5,0.0,0.5,0,1,0,0,0,0,0,0,0,1,0,0,1,0,0,1,0,0,0
2016-03-10,0.5,0.0,1.0,0.0,1.0,39.5,25.0,0.0,18.0,0.25,0.0,4.5,2.25,15.5,4.5,11.5,19.5,1.5,0.5,0,0,0,0,0,0,0,0,0,1,0,0,1,0,0,1,0,0,0
2016-03-11,0.5,0.0,0.0,1.5,1.0,0.0,10.0,0.5,0.0,5.75,9.5,5.0,4.75,15.5,4.5,11.5,1.0,1.5,0.5,0,1,0,0,0,0,0,0,0,1,0,0,1,0,0,1,0,0,0
2016-03-12,0.0,0.0,0.0,1.5,0.0,0.0,7.0,1.0,30.5,4.5,9.5,10.5,2.5,4.0,2.5,3.75,9.5,0.5,0.5,0,1,0,0,0,0,0,0,0,1,0,0,1,0,0,1,0,0,0
2016-03-13,0.0,0.0,0.0,0.0,0.5,6.5,0.5,1.0,30.5,4.5,5.5,10.5,18.25,0.0,8.5,2.5,9.5,6.5,0.5,0,1,0,0,0,0,0,0,0,1,0,0,1,0,0,1,0,0,0
2016-03-14,0.0,0.0,0.0,3.5,11.5,6.5,16.5,2.5,29.0,4.0,6.0,28.0,0.5,33.0,60.0,0.0,19.5,6.5,0.5,0,1,0,0,0,0,0,0,0,1,0,0,1,0,0,1,0,0,0
2016-03-15,0.0,0.0,0.0,11.5,25.5,7.0,16.5,2.5,29.0,0.75,7.0,28.0,3.5,33.0,60.0,0.0,19.5,10.0,0.5,0,1,0,0,0,0,0,0,0,1,0,0,1,0,0,1,0,0,0
2016-03-16,0.0,0.0,2.5,11.5,25.5,7.0,6.0,18.0,23.5,0.5,7.0,4.0,0.25,8.0,16.5,4.75,37.5,10.0,0.0,0,1,0,0,0,0,0,0,0,1,0,0,1,0,0,1,0,0,0
2016-03-17,0.0,0.0,2.5,16.5,3.5,2.5,5.5,10.5,23.5,0.25,5.5,2.5,2.75,8.0,14.0,4.75,37.5,9.0,0.0,0,1,0,0,0,0,0,0,0,1,0,0,1,0,0,1,0,0,0
2016-03-18,0.0,0.0,7.5,16.5,7.0,27.5,2.5,7.5,2.0,0.25,7.5,0.0,6.25,4.0,6.0,0.25,2.0,38.5,0.0,0,1,0,0,0,0,0,0,0,1,0,0,1,0,0,1,0,0,0
2016-03-19,0.0,0.0,7.5,2.0,7.0,27.5,2.5,0.0,2.0,0.5,1.0,0.0,7.5,3.0,0.0,0.25,1.5,38.5,0.0,0,1,0,0,0,0,0,0,0,1,0,0,1,0,0,1,0,0,0
2016-03-20,0.0,0.0,58.0,46.0,5.0,0.0,1.0,3.0,0.0,0.5,6.5,0.5,2.5,2.0,27.0,2.0,0.0,37.5,0.0,0,1,0,0,0,0,0,0,0,1,0,0,1,0,0,1,0,0,0
2016-03-21,0.0,0.0,58.0,46.0,5.0,0.0,2.5,3.0,0.5,3.0,6.5,0.5,2.0,3.5,27.0,0.75,0.5,37.5,0.0,0,1,0,0,0,0,0,0,0,1,0,0,1,0,0,1,0,0,0
2016-03-22,0.0,0.0,1.0,6.0,9.5,8.0,4.0,10.0,14.5,2.0,2.5,4.0,2.25,11.0,13.0,0.25,11.0,59.0,0.0,0,1,0,0,0,0,0,0,0,1,0,0,1,0,0,1,0,0,0
2016-03-23,0.0,0.0,1.0,6.0,9.5,8.0,7.5,11.5,14.5,1.0,2.5,4.0,6.75,11.0,13.0,1.5,11.0,59.0,0.0,0,0,0,0,0,0,0,0,0,1,0,0,1,0,0,1,0,0,0
2016-03-24,0.0,0.0,0.5,0.5,0.0,1.0,8.0,39.5,22.5,1.5,17.5,6.5,14.25,13.5,3.0,29.5,33.0,13.5,0.0,0,0,0,0,0,0,0,0,0,1,0,0,1,0,0,1,0,0,0
2016-03-25,19.0,5.5,0.5,0.5,7.0,11.0,32.5,39.5,87.5,1.5,17.5,31.0,14.0,50.0,3.0,24.5,42.5,7.5,1.5,0,0,0,0,0,0,0,0,0,1,0,0,1,0,0,1,0,0,0
2016-03-26,19.0,5.5,0.0,0.0,7.0,11.0,32.5,8.0,87.5,3.0,6.0,31.0,11.25,50.0,0.0,24.5,42.5,1.0,1.5,0,0,0,0,0,0,0,0,0,1,0,0,1,0,0,1,0,0,0
2016-03-27,0.0,0.0,0.0,0.0,0.0,0.0,0.0,0.0,0.0,4.5,0.0,0.0,8.0,0.0,0.0,24.5,0.0,0.0,0.0,0,0,0,0,0,0,0,0,0,1,0,0,1,0,0,1,0,0,0
2016-03-28,2.0,0.0,0.0,0.0,0.0,0.0,0.0,0.0,0.0,6.5,0.0,0.0,15.5,0.0,0.0,24.5,0.0,0.0,0.0,0,0,0,0,0,0,0,0,0,1,0,0,1,0,0,1,0,0,0
2016-03-29,0.0,0.0,0.0,0.0,0.0,0.0,0.0,0.0,0.0,10.75,0.0,0.0,14.75,0.0,0.0,24.5,0.0,0.0,0.5,0,0,0,0,0,0,0,0,0,1,0,0,1,0,0,1,0,0,0
2016-03-30,0.0,0.0,0.0,0.0,0.0,0.0,0.0,0.0,0.0,7.0,0.0,0.0,12.75,0.0,0.0,24.5,1.0,0.0,0.5,0,0,0,0,0,0,0,0,0,1,0,0,1,0,0,1,0,0,0
2016-03-31,0.0,1.0,1.0,34.5,0.0,0.0,0.0,0.0,35.0,20.25,3.0,0.0,25.5,0.0,15.0,24.5,25.5,0.0,0.5,0,0,0,0,0,0,0,0,0,1,0,0,1,0,0,1,0,0,0
2016-04-01,0.0,1.0,1.0,34.5,0.0,1.5,0.5,16.0,35.0,18.75,3.0,0.0,18.0,1.0,15.0,24.5,25.5,20.0,0.0,0,0,0,0,0,0,0,0,0,1,0,0,1,0,0,0,0,0,0
2016-04-02,0.0,4.5,0.5,0.5,7.5,23.5,47.0,18.5,29.0,1.75,0.5,0.0,5.5,9.0,11.5,27.0,8.5,20.0,0.5,0,0,0,0,0,0,0,0,0,1,0,0,1,0,0,0,0,0,0
2016-04-03,0.0,4.5,0.5,0.5,7.5,23.5,47.0,0.0,29.0,1.5,0.5,0.0,5.25,9.0,11.5,27.0,8.5,6.5,1.0,0,0,0,0,0,0,0,0,0,1,0,0,1,0,0,1,0,0,0
2016-04-04,0.0,8.0,0.0,0.0,8.0,0.0,0.0,2.0,7.5,1.5,1.5,0.0,9.5,1.5,11.0,27.0,7.0,1.0,1.0,0,0,0,0,0,0,0,0,0,1,0,0,1,0,0,1,0,0,0
2016-04-05,13.5,8.0,14.5,12.0,8.0,9.5,3.5,2.0,7.5,1.0,1.5,0.0,12.25,11.0,19.0,27.0,7.0,10.0,1.5,0,0,0,0,0,0,0,0,0,1,0,0,1,0,0,1,0,0,0
2016-04-06,13.5,2.0,15.0,12.5,0.5,9.5,3.5,1.0,0.0,6.0,0.0,0.0,13.0,11.0,19.0,27.0,0.5,0.0,1.5,0,0,0,0,0,0,0,0,0,1,0,0,1,0,0,1,0,0,0
2016-04-07,0.0,0.0,0.0,7.5,0.0,3.5,0.0,0.0,0.0,1.25,4.5,0.0,9.0,0.0,0.0,27.0,0.0,0.0,0.0,0,0,0,0,0,0,0,0,0,1,0,0,1,0,0,1,0,0,0
2016-04-08,0.0,0.0,0.0,0.0,0.0,0.0,25.5,14.0,7.0,2.5,0.0,0.0,7.75,12.0,0.0,27.0,13.5,0.0,0.5,0,0,0,0,0,0,0,0,0,1,0,0,1,0,0,1,0,0,0
2016-04-09,1.0,0.0,0.0,0.0,0.0,0.0,25.5,14.0,7.0,1.25,0.5,0.0,5.25,12.0,0.0,27.0,13.5,0.0,0.5,0,0,0,0,0,0,0,0,0,1,0,0,1,0,0,1,0,0,0
2016-04-10,1.0,0.0,0.0,0.0,0.0,0.0,25.5,14.0,7.0,20.75,0.5,0.0,18.5,12.0,0.0,11.5,13.5,0.0,0.5,1,1,1,1,1,1,1,1,1,1,1,1,1,1,1,1,1,1,1
2016-04-11,0.0,0.0,0.0,0.0,0.0,0.0,0.0,0.0,0.0,25.5,0.0,7.0,15.75,0.0,0.0,11.5,0.0,0.5,0.5,0,0,0,0,0,0,0,0,0,1,0,0,1,0,0,1,0,0,0
2016-04-12,0.0,0.0,0.0,0.0,0.0,0.0,0.0,0.0,0.0,7.0,0.0,0.0,10.0,0.0,0.0,11.5,0.0,0.0,1.0,0,0,0,0,0,0,0,0,0,1,0,0,1,0,0,1,0,0,0
2016-04-13,0.0,0.0,0.0,0.0,0.0,0.0,0.0,0.0,0.0,1.25,0.0,0.0,10.75,0.0,0.0,11.5,0.0,0.0,1.5,0,0,0,0,0,0,0,0,0,1,0,0,1,0,0,1,0,0,0
2016-04-14,0.0,0.0,0.0,0.0,0.0,0.0,0.0,0.0,0.0,4.5,0.0,0.0,9.75,0.0,0.0,11.5,0.0,0.0,1.5,0,0,0,0,0,0,0,0,0,1,0,0,1,0,0,1,0,0,0
2016-04-15,3.0,1.0,1.0,4.0,3.0,0.0,0.0,3.0,0.0,4.25,1.0,0.0,15.0,0.0,0.0,11.5,0.0,4.0,0.0,0,0,0,0,0,0,0,0,0,1,0,0,1,0,0,1,0,0,0
2016-04-16,3.0,16.0,39.5,9.5,10.0,28.0,13.5,21.0,16.0,1.5,32.5,40.0,5.75,11.5,0.0,11.5,12.0,39.5,2.0,0,0,0,0,0,0,0,0,0,1,0,0,1,0,0,0,0,0,0
2016-04-17,0.5,17.5,39.5,9.5,10.0,28.0,13.5,3.0,16.0,2.5,32.5,40.0,10.0,11.5,0.0,11.5,12.0,39.5,3.5,0,0,0,0,0,0,0,0,0,1,0,0,1,0,0,1,0,0,0
2016-04-18,1.0,19.5,1.5,0.0,16.5,9.0,2.5,3.0,0.5,2.5,0.0,4.0,19.25,3.0,0.0,11.5,1.0,2.0,3.5,0,0,0,0,0,0,0,0,0,1,0,0,1,0,0,1,0,0,0
2016-04-19,0.0,0.0,0.0,0.0,0.0,0.0,0.0,0.0,0.0,1.75,0.0,0.0,6.75,0.0,0.0,11.5,0.0,0.0,1.0,0,0,0,0,0,0,0,0,0,1,0,0,1,0,0,1,0,0,0
2016-04-20,0.0,0.0,0.0,0.0,0.0,0.0,0.0,0.0,0.0,7.5,0.0,0.0,23.0,0.0,0.0,11.5,0.0,0.0,1.0,0,0,0,0,0,0,0,0,0,1,0,0,1,0,0,1,0,0,0
2016-04-21,0.0,7.0,13.0,26.0,4.5,2.5,17.5,34.5,34.5,4.75,45.0,5.0,27.0,10.5,0.0,11.5,36.0,68.0,0.5,0,0,0,0,0,0,0,0,0,1,0,0,1,0,0,1,0,0,0
2016-04-22,0.0,7.0,13.0,26.0,4.5,2.5,17.5,34.5,34.5,18.75,45.0,5.0,31.25,10.5,0.0,11.5,36.0,68.0,2.0,0,0,0,0,0,0,0,0,0,1,0,0,1,0,0,1,0,0,0
2016-04-23,1.5,1.5,20.5,3.5,1.5,56.0,18.5,31.0,7.5,21.5,18.0,7.5,26.25,5.5,0.0,11.5,3.0,16.5,3.0,0,0,0,0,0,0,0,0,0,1,0,0,1,0,0,1,0,0,0
2016-04-24,1.5,19.5,20.5,4.5,49.5,56.5,18.5,31.0,8.5,13.0,23.5,12.0,34.25,5.5,0.0,0.0,3.0,16.5,3.0,0,0,0,0,0,0,0,0,0,1,0,0,1,0,0,1,0,0,0
2016-04-25,11.0,20.0,2.5,0.0,30.0,0.0,31.5,10.0,0.0,3.25,3.0,6.5,24.0,29.5,0.0,0.0,1.0,15.5,1.0,0,0,0,0,0,0,0,0,0,1,0,0,1,0,0,1,0,0,0
2016-04-26,46.0,20.0,2.5,1.0,30.0,25.0,31.5,7.0,18.0,4.75,3.0,44.5,24.5,29.5,0.0,0.0,21.0,15.5,1.5,0,0,0,0,0,0,0,0,0,1,0,0,1,0,0,1,0,0,0
2016-04-27,46.0,4.0,0.0,1.0,5.0,25.0,14.0,12.0,18.0,6.0,1.5,44.5,26.75,27.0,0.0,0.0,21.0,17.0,1.5,0,0,0,0,0,0,0,0,0,1,0,0,1,0,0,1,0,0,0
2016-04-28,0.0,0.0,0.0,0.0,1.0,15.5,10.0,0.0,6.5,5.5,0.5,43.0,11.75,13.0,0.0,0.0,2.0,17.0,0.5,0,0,0,0,0,0,0,0,0,1,0,0,1,0,0,1,0,0,0
2016-04-29,2.0,3.5,10.5,7.0,3.5,14.0,9.0,6.5,6.5,2.5,3.0,43.0,28.25,13.0,0.0,0.0,4.0,9.0,0.5,0,0,0,0,0,0,0,0,0,1,0,0,1,0,0,0,0,0,0
2016-04-30,2.0,3.5,10.5,7.5,3.5,14.0,29.5,27.5,27.0,1.0,3.0,28.5,7.5,30.5,0.0,0.0,10.5,9.0,0.5,0,0,0,0,0,0,0,0,0,1,0,0,1,0,0,1,0,0,0
2016-05-01,4.0,0.0,3.0,2.5,0.0,8.5,29.5,0.0,27.0,8.75,0.5,21.5,16.0,30.5,0.0,0.0,10.5,2.5,0.5,0,0,0,0,0,0,0,0,0,1,0,0,1,0,0,1,0,0,0
2016-05-02,6.5,21.5,3.5,8.0,7.5,0.5,1.0,0.0,11.5,1.25,25.0,21.5,3.25,0.5,0.0,0.0,4.0,1.0,0.0,0,0,0,0,0,0,0,0,0,1,0,0,1,0,0,0,0,0,0
2016-05-03,6.5,21.5,3.5,8.0,7.5,0.5,1.0,0.0,6.5,5.5,25.0,9.0,7.5,0.5,0.0,0.0,4.0,1.0,0.0,0,0,0,0,0,0,0,0,0,1,0,0,1,0,0,1,0,0,0
2016-05-04,0.5,1.5,22.0,14.0,1.0,2.0,0.5,0.5,0.5,5.5,3.0,4.0,2.25,1.5,0.0,0.0,0.0,8.5,0.0,0,0,0,0,0,0,0,0,0,1,0,0,1,0,0,1,0,0,0
2016-05-05,8.5,1.5,22.0,14.0,17.5,48.0,39.5,22.5,30.5,0.5,10.5,8.0,0.75,50.5,53.5,0.0,49.0,13.5,0.0,0,0,0,0,0,0,0,0,0,1,0,0,1,0,0,1,0,0,0
2016-05-06,12.0,11.5,15.0,13.5,17.5,48.0,39.5,22.5,30.5,0.75,10.5,33.5,6.0,50.5,53.5,0.0,49.0,13.5,0.0,0,0,0,0,0,0,0,0,0,1,0,0,1,0,0,1,0,0,0
2016-05-07,29.0,67.5,58.0,52.0,54.0,21.5,27.0,14.5,20.0,6.0,59.0,33.5,17.5,41.5,86.0,0.0,29.5,32.5,0.0,0,0,0,0,0,0,0,0,0,1,0,0,1,0,0,1,0,0,0
2016-05-08,29.0,2.0,58.0,52.0,54.0,21.5,0.5,0.0,20.0,0.5,59.0,27.0,6.0,33.5,86.0,0.0,29.5,32.5,0.0,0,0,0,0,0,0,0,0,0,1,0,0,1,0,0,1,0,0,0
2016-05-09,0.0,2.0,21.5,12.5,2.5,1.0,0.0,0.0,2.0,0.5,4.5,12.5,7.0,13.5,6.0,0.0,0.0,18.5,0.0,0,0,0,0,0,0,0,0,0,1,0,0,1,0,0,1,0,0,0
2016-05-10,0.0,5.0,21.5,12.5,4.0,0.0,0.5,2.0,29.5,2.0,1.0,30.0,14.5,5.5,16.0,0.0,26.0,0.0,0.0,0,0,0,0,0,0,0,0,0,1,0,0,1,0,0,1,0,0,0
2016-05-11,66.5,16.5,31.0,21.5,20.5,39.5,43.5,21.5,29.5,2.0,11.0,30.0,15.0,41.0,16.0,0.0,26.0,24.5,0.0,0,0,0,0,0,0,0,0,0,1,0,0,1,0,0,1,0,0,0
2016-05-12,66.5,25.5,32.5,42.5,33.5,39.5,43.5,21.5,108.5,6.25,41.0,51.0,5.0,41.0,15.0,0.0,61.0,24.5,0.0,0,0,0,0,0,0,0,0,0,1,0,0,1,0,0,1,0,0,0
2016-05-13,45.5,25.5,33.0,42.5,33.5,18.5,18.5,4.0,108.5,6.25,41.0,53.0,8.5,14.5,13.5,0.0,61.0,30.0,0.0,0,0,0,0,0,0,0,0,0,1,0,0,1,0,0,1,0,0,0
2016-05-14,45.5,36.5,22.0,40.0,34.0,19.0,19.0,15.5,14.0,0.25,15.5,13.0,20.5,36.5,10.0,0.0,9.5,30.0,0.0,0,0,0,0,0,0,0,0,0,1,0,0,1,0,0,1,0,0,0
2016-05-15,46.0,36.5,22.5,41.5,35.0,19.5,22.5,33.0,49.0,0.5,17.5,16.0,7.0,37.5,11.5,0.0,51.5,22.0,0.0,0,0,0,0,0,0,0,0,0,1,0,0,1,0,0,1,0,0,0
2016-05-16,3.0,1.0,17.0,10.0,1.5,7.5,22.5,33.0,49.0,0.25,3.0,14.0,6.0,6.0,2.5,0.0,51.5,13.5,0.0,0,0,0,0,0,0,0,0,0,1,0,0,1,0,0,0,0,0,0
2016-05-17,2.0,15.5,0.0,0.0,13.0,1.0,7.0,0.5,26.0,0.25,59.5,13.0,6.0,2.0,0.0,0.0,27.5,1.0,0.0,0,0,0,0,0,0,0,0,0,1,0,0,1,0,0,1,0,0,0
2016-05-18,6.5,15.5,13.5,16.5,13.0,24.0,55.0,34.0,26.0,0.25,59.5,106.5,1.5,40.5,1.5,40.0,27.5,50.5,0.0,0,0,0,0,0,0,0,0,0,1,0,0,1,0,0,0,0,0,0
2016-05-19,6.5,6.5,13.5,16.5,10.0,24.0,55.0,34.0,20.0,0.25,54.0,106.5,4.0,40.5,1.5,0.0,21.5,50.5,0.0,0,0,0,0,0,0,0,0,0,1,0,0,1,0,1,0,0,0,0
2016-05-20,0.0,0.0,0.0,4.0,0.0,21.0,21.5,8.5,3.0,0.25,0.0,0.0,1.5,18.0,1.5,0.0,4.0,1.5,0.0,0,0,0,0,0,0,0,0,0,1,0,0,1,0,1,1,0,0,0
2016-05-21,12.0,15.0,12.5,15.5,18.5,21.0,21.5,8.5,6.5,0.5,11.5,6.5,1.0,18.0,1.5,5.0,7.0,8.5,0.0,0,0,0,0,0,0,0,0,0,1,0,0,1,0,1,0,0,0,0
2016-05-22,12.0,15.0,12.5,15.5,18.5,2.0,4.0,0.0,6.5,0.75,11.5,6.5,1.0,6.0,1.5,5.0,7.0,8.5,0.0,0,0,0,0,0,0,0,0,0,1,0,0,1,0,1,1,0,0,0
2016-05-23,0.0,0.0,0.0,0.0,0.0,0.0,0.5,0.0,0.0,0.5,0.0,0.0,0.0,0.5,1.5,5.0,0.0,0.0,0.0,0,0,0,0,0,0,0,0,0,1,0,0,1,0,1,1,0,0,0
2016-05-24,0.0,0.0,0.0,0.0,0.0,0.5,1.0,0.0,0.0,0.0,0.0,0.0,14.5,1.5,1.5,5.0,0.0,0.0,0.0,0,0,0,0,0,0,0,0,0,1,0,0,1,0,1,1,0,0,0
2016-05-25,2.5,0.0,4.5,11.5,0.0,50.0,39.5,25.5,10.5,0.5,21.5,10.0,6.5,23.5,0.0,22.0,13.5,48.5,0.0,0,0,0,0,0,0,0,0,0,1,0,0,1,0,0,0,0,0,0
2016-05-26,0.0,0.0,0.0,0.0,0.0,0.0,0.0,0.0,0.0,1.0,0.0,0.0,1.0,0.0,0.0,22.0,0.0,0.0,0.0,0,0,0,0,0,0,0,0,0,1,0,0,1,0,0,1,0,0,0
2016-05-27,21.0,11.5,8.0,0.5,10.0,1.5,1.0,2.0,10.0,0.5,0.0,0.0,0.0,0.5,0.0,22.0,4.0,12.5,0.0,0,0,0,0,0,0,0,0,0,1,0,0,1,0,0,1,0,0,0
2016-05-28,28.5,11.5,8.0,1.5,10.0,1.5,1.0,2.0,10.0,0.0,3.5,1.5,1.0,0.5,0.0,22.0,4.0,12.5,0.0,0,0,0,0,0,0,0,0,0,1,0,0,1,0,0,1,0,0,0
2016-05-29,28.5,4.5,6.0,3.5,8.5,23.0,1.5,1.5,5.0,0.0,3.5,1.5,1.5,2.0,0.0,22.0,1.0,5.0,1.0,0,0,0,0,0,0,0,0,0,1,0,0,1,0,0,1,0,0,0
2016-05-30,14.5,4.0,1.0,3.5,5.0,23.0,1.5,1.5,1.0,0.5,3.0,0.5,0.0,2.0,0.0,22.0,1.0,5.0,1.0,0,0,0,0,0,0,0,0,0,1,0,0,1,0,0,1,0,0,0
2016-05-31,11.0,7.0,6.5,6.0,6.5,34.5,4.5,7.0,3.5,0.5,4.5,10.0,0.0,6.0,1.5,22.0,6.5,12.5,0.5,0,0,0,0,0,0,0,0,0,1,0,0,1,0,0,1,0,0,0
2016-06-01,11.0,7.5,23.5,28.5,11.5,73.0,38.5,14.5,8.0,0.0,4.5,10.0,0.0,62.5,7.0,23.0,8.5,111.0,0.5,0,0,0,0,0,0,0,0,0,1,0,0,1,0,0,0,0,0,0
2016-06-02,4.0,10.0,23.5,28.5,11.5,73.0,38.5,14.5,8.0,0.5,13.0,34.5,0.5,62.5,7.0,23.0,8.5,111.0,0.5,0,0,0,0,0,0,0,0,0,1,0,0,1,0,0,1,0,0,0
2016-06-03,24.5,25.0,31.5,75.0,26.0,30.0,41.5,22.0,89.5,0.5,83.5,34.5,8.0,51.0,39.5,14.0,51.0,19.5,0.5,0,0,0,0,0,0,0,0,0,1,0,0,1,0,0,0,0,0,0
2016-06-04,24.5,25.0,31.5,75.0,26.0,30.0,41.5,22.0,89.5,0.5,83.5,32.0,18.0,51.0,39.5,14.0,51.0,19.5,0.5,0,0,0,0,0,0,0,0,0,1,0,0,1,0,0,1,0,0,0
2016-06-05,0.0,4.0,1.0,75.0,2.5,0.0,0.5,6.5,13.5,0.0,1.5,0.5,1.0,0.0,0.5,17.5,21.5,0.0,0.0,0,0,0,1,0,0,0,0,0,1,0,0,1,0,0,0,0,0,0
2016-06-06,0.5,4.0,0.0,75.0,2.5,0.0,0.0,0.0,0.0,0.0,0.0,0.0,1.25,0.0,0.0,17.5,0.0,0.0,0.5,0,0,0,1,0,0,0,0,0,1,0,0,1,0,0,1,0,0,0
2016-06-07,0.5,0.0,0.0,75.0,0.5,0.0,0.0,0.0,0.0,0.5,0.0,0.0,0.5,0.0,0.0,17.5,0.0,0.0,0.5,0,0,0,1,0,0,0,0,0,1,0,0,1,0,0,1,0,0,0
2016-06-08,0.0,0.5,16.5,75.0,0.0,13.0,28.5,30.5,7.5,0.5,0.0,5.0,0.25,42.0,4.5,17.5,8.5,28.0,0.0,0,0,0,1,0,0,0,0,0,1,0,0,1,0,0,1,0,0,0
2016-06-09,0.0,0.5,16.5,75.0,0.0,13.0,28.5,30.5,7.5,0.0,0.0,5.0,0.25,42.0,4.5,17.5,8.5,28.0,0.0,1,1,1,1,1,1,1,1,1,1,1,1,1,1,1,1,1,1,1
2016-06-10,0.0,0.5,16.5,75.0,0.0,13.0,28.5,30.5,7.5,0.0,0.0,5.0,1.75,42.0,4.5,17.5,8.5,28.0,0.0,1,1,1,1,1,1,1,1,1,1,1,1,1,1,1,1,1,1,1
2016-06-11,0.0,0.5,16.5,75.0,0.0,13.0,28.5,30.5,7.5,0.0,0.0,5.0,5.5,42.0,4.5,17.5,8.5,28.0,0.0,1,1,1,1,1,1,1,1,1,1,1,1,1,1,1,1,1,1,1
2016-06-12,0.0,0.5,16.5,6.5,0.0,13.0,28.5,30.5,7.5,0.0,0.0,5.0,6.75,42.0,4.5,17.5,8.5,28.0,0.0,1,1,1,1,1,1,1,1,1,1,1,1,1,1,1,1,1,1,1
2016-06-13,0.0,0.5,16.5,2.0,0.0,13.0,28.5,30.5,7.5,0.0,0.0,5.0,6.25,42.0,4.5,5.0,8.5,28.0,0.0,1,1,1,1,1,1,1,1,1,1,1,1,1,1,1,1,1,1,1
2016-06-14,0.0,0.5,0.0,0.75,0.0,0.0,0.0,0.0,7.5,0.0,3.0,19.0,1.5,1.5,6.5,0.5,4.5,0.0,3.5,0,0,0,1,0,0,0,0,0,1,0,0,1,0,0,1,0,0,0
2016-06-15,0.0,0.5,0.0,0.5,0.0,0.0,0.0,0.0,7.5,0.5,3.0,19.0,5.75,1.5,6.5,0.5,4.5,0.0,3.5,1,1,1,1,1,1,1,1,1,1,1,1,1,1,1,1,1,1,1
2016-06-16,0.0,0.0,8.0,7.0,12.0,3.0,14.0,6.5,1.5,0.5,2.0,5.0,11.5,4.5,0.0,0.5,0.5,4.0,3.5,0,0,0,1,0,0,0,0,0,1,0,0,1,0,0,1,0,0,1
2016-06-17,38.5,0.0,79.0,7.25,58.0,44.5,56.0,37.5,51.5,0.0,47.5,39.0,9.5,56.5,39.0,0.5,44.5,41.0,43.0,0,1,0,1,0,0,0,0,0,1,0,0,1,0,0,1,0,0,0
2016-06-18,38.5,0.0,79.0,3.25,58.0,44.5,56.0,37.5,51.5,0.0,0.0,39.0,1.5,56.5,39.0,0.5,44.5,41.0,43.0,0,1,0,1,0,0,0,0,0,1,0,0,1,0,0,1,0,0,0
2016-06-19,20.0,0.0,28.0,17.5,50.0,17.5,32.0,35.5,70.5,0.5,39.0,34.0,18.0,39.0,43.0,0.5,58.0,20.0,37.5,0,1,0,1,0,0,0,0,0,1,0,0,1,0,0,1,0,0,0
2016-06-20,20.0,0.0,28.0,20.0,50.0,18.0,32.5,35.5,70.5,0.5,39.0,34.0,8.0,39.5,43.0,0.5,58.0,20.5,37.5,0,1,0,1,0,0,0,0,0,1,0,0,1,0,0,1,0,0,0
2016-06-21,0.0,0.0,0.0,19.5,0.0,0.0,0.0,0.0,0.0,0.0,0.5,0.0,1.5,0.0,0.5,0.5,0.5,0.0,0.0,0,0,0,1,0,0,0,0,0,1,0,0,1,0,0,0,0,0,0
2016-06-22,0.0,0.0,0.0,17.0,0.0,0.0,0.0,0.0,0.0,0.0,0.0,0.0,4.5,0.0,0.0,0.5,0.0,0.0,0.0,0,0,0,1,0,0,0,0,0,1,0,0,1,0,0,1,0,0,0
2016-06-23,0.0,0.0,0.0,2.5,0.0,0.0,0.0,0.0,0.0,0.0,0.0,0.0,0.0,0.0,0.0,0.5,0.0,0.0,0.0,0,0,0,1,0,0,0,0,0,1,0,0,1,0,0,1,0,0,0
2016-06-24,0.0,0.0,0.0,0.0,0.0,0.0,0.0,0.0,0.0,0.0,0.0,0.0,0.0,0.0,0.0,0.5,0.0,0.0,0.0,0,0,0,1,0,0,0,0,0,1,0,0,1,0,0,1,0,0,0
2016-06-25,0.0,0.0,0.0,0.75,0.0,0.0,0.0,0.0,0.0,0.0,0.0,0.0,23.0,0.0,0.0,0.5,0.0,0.0,0.0,0,0,0,1,0,0,0,0,0,1,0,0,1,0,0,1,0,0,1
2016-06-26,0.0,0.0,0.0,15.0,0.0,0.0,0.0,0.0,0.0,0.0,0.0,0.0,23.0,0.0,0.0,0.5,0.0,0.0,0.0,0,0,0,1,0,0,0,0,0,1,0,0,1,0,0,1,0,0,0
2016-06-27,0.0,0.0,0.0,5.0,0.0,0.0,0.0,0.0,0.0,0.0,0.0,0.0,4.5,0.0,0.0,0.5,0.0,0.0,0.0,0,0,0,1,0,0,0,0,0,1,0,0,1,0,0,1,0,0,1
2016-06-28,0.0,0.0,0.0,3.5,0.0,0.0,0.0,0.0,0.0,0.0,0.0,0.0,0.0,0.0,0.0,0.5,0.0,0.0,0.0,1,1,1,1,1,1,1,1,1,1,1,1,1,1,1,1,1,1,1
2016-06-29,0.0,0.0,0.0,0.25,0.0,0.0,0.0,0.0,0.0,0.5,0.0,0.0,0.0,0.0,0.0,0.0,0.0,0.0,0.0,0,0,0,1,0,0,0,0,0,1,0,0,1,0,0,1,0,0,1
2016-06-30,0.0,0.0,37.0,0.75,0.0,0.0,0.0,0.0,0.0,0.0,0.0,0.0,2.0,0.0,0.0,0.0,0.0,2.0,0.0,0,0,0,1,0,0,0,0,0,1,0,0,1,0,0,1,0,0,1
2016-07-01,0.0,0.0,37.0,2.0,0.0,0.0,0.0,0.0,0.0,0.0,0.0,0.0,0.0,0.0,0.0,0.0,0.0,2.0,0.0,0,0,0,1,0,0,0,0,0,1,0,0,1,0,0,1,0,0,1
2016-07-02,0.0,0.0,0.0,3.75,0.0,0.0,0.0,0.0,0.0,0.0,0.0,0.0,1.0,0.0,0.0,2.0,0.0,0.5,0.0,0,0,0,1,0,0,0,0,0,1,0,0,1,0,0,1,0,0,1
2016-07-03,0.0,0.0,0.0,0.0,0.0,0.0,0.0,0.0,0.0,0.0,0.0,0.0,1.0,0.0,0.0,2.0,0.0,0.0,0.0,0,0,0,1,0,0,0,0,0,1,0,0,1,0,0,1,0,0,1
2016-07-04,0.0,0.0,0.0,5.5,0.0,0.0,0.0,0.0,0.0,0.0,0.0,0.0,2.0,0.0,0.0,2.0,0.0,0.0,0.0,1,1,1,1,1,1,1,1,1,1,1,1,1,1,1,1,1,1,1
2016-07-05,2.0,0.5,4.0,6.5,1.0,0.5,0.0,0.0,0.0,0.0,0.0,0.0,2.0,0.0,0.0,2.0,0.0,0.5,0.5,0,0,0,1,0,0,0,0,0,1,0,0,1,0,0,1,0,0,1
2016-07-06,67.0,11.0,13.0,13.25,15.5,0.5,5.0,1.0,5.0,0.0,1.5,7.5,1.5,8.0,0.0,2.0,9.5,15.0,0.5,0,0,0,1,0,0,0,0,0,1,0,0,1,0,0,1,0,0,1
2016-07-07,67.0,11.0,13.0,8.0,1.0,0.0,0.0,0.0,0.0,5.25,1.5,1.5,9.5,0.0,0.0,22.5,0.0,0.0,0.0,0,0,0,1,0,0,0,0,0,1,0,0,1,0,0,1,0,0,1
2016-07-08,18.5,8.5,2.0,9.0,14.0,15.5,10.5,4.5,9.0,5.25,11.5,17.5,9.5,12.0,11.0,3.0,5.5,4.0,1.0,0,0,0,1,0,0,0,0,0,1,0,0,1,0,0,1,0,0,1
2016-07-09,1.0,13.0,45.5,5.75,13.0,0.0,0.0,4.0,1.0,0.0,0.5,1.0,5.0,2.0,0.0,3.0,1.5,9.5,20.25,0,0,0,1,0,0,0,0,0,1,0,0,1,0,0,1,0,0,1
2016-07-10,4.5,0.5,0.0,10.25,0.5,0.0,0.0,0.5,0.0,0.25,0.5,0.0,8.0,0.0,1.0,3.0,0.0,0.0,4.5,0,0,0,1,0,0,0,0,0,1,0,0,1,0,0,1,0,0,1
2016-07-11,0.0,1.5,48.0,19.25,1.5,0.0,0.0,0.0,0.0,0.25,0.0,2.5,38.5,0.0,0.0,8.5,0.0,32.5,9.75,0,0,0,1,0,0,0,0,0,1,0,0,1,0,0,1,0,0,1
2016-07-12,1.0,12.5,48.0,16.0,8.0,22.0,6.5,0.5,1.0,0.0,1.0,14.5,16.0,7.5,0.5,0.0,1.5,32.5,9.75,0,0,0,1,0,0,0,0,0,1,0,0,1,0,0,1,0,0,1
2016-07-13,1.5,12.5,4.0,2.25,8.0,22.0,6.5,0.5,7.5,0.0,0.0,14.5,5.0,7.5,2.0,0.0,19.0,16.5,0.0,0,0,0,1,0,0,0,0,0,1,0,0,1,0,0,1,0,0,1
2016-07-14,5.5,15.5,3.5,0.25,13.5,10.5,9.0,16.0,5.5,0.0,0.5,6.0,0.5,5.5,7.5,0.0,10.0,13.5,0.0,0,0,0,1,0,0,0,0,0,1,0,0,1,0,0,1,0,0,1
2016-07-15,5.5,15.5,3.5,0.0,13.5,10.5,9.0,16.0,5.5,0.0,0.5,6.0,0.0,5.5,7.5,0.0,10.0,13.5,0.0,0,0,0,1,0,0,0,0,0,1,0,0,1,0,0,1,0,0,1
2016-07-16,2.5,94.0,13.5,0.0,92.5,18.5,25.0,10.0,8.5,0.0,0.0,8.0,0.0,14.5,11.0,0.0,9.5,9.0,0.0,0,0,0,1,0,0,0,0,0,1,0,0,1,0,0,1,0,0,1
2016-07-17,28.5,94.0,16.0,0.25,92.5,18.5,25.0,10.0,39.5,0.0,0.0,118.0,0.0,14.5,49.0,0.0,42.0,9.0,0.0,0,0,0,1,0,0,0,0,0,1,0,0,1,0,0,1,0,0,1
2016-07-18,28.5,70.0,0.0,0.0,63.0,18.5,7.0,5.5,39.5,0.0,0.0,118.0,0.0,5.0,49.0,0.0,42.0,8.0,0.0,0,0,0,1,0,0,0,0,0,1,0,0,1,0,0,1,0,0,1
2016-07-19,2.0,3.0,0.0,0.0,6.5,0.0,0.5,0.0,0.5,0.0,0.0,0.0,1.5,0.0,0.0,0.0,0.0,2.5,0.0,0,0,0,1,0,0,0,0,0,1,0,0,1,0,0,1,0,0,1
2016-07-20,0.5,8.0,1.5,0.0,10.5,10.5,8.0,49.5,14.0,0.0,0.0,4.0,0.0,14.0,1.5,0.0,41.0,66.5,0.0,0,0,0,1,0,0,0,0,0,1,0,0,1,0,0,1,0,0,1
2016-07-21,0.5,8.0,37.5,0.0,11.5,10.5,49.5,51.5,37.5,7.75,0.0,20.5,0.5,69.0,30.5,0.0,41.0,66.5,4.0,0,0,0,1,0,0,0,0,0,1,0,0,1,0,0,1,0,0,1
2016-07-22,3.0,5.0,37.5,0.5,4.5,42.5,56.5,53.5,11.0,7.75,0.0,20.5,0.5,81.5,30.5,0.0,17.0,50.5,8.0,0,0,0,1,0,0,0,0,0,1,1,0,1,0,0,1,0,0,1
2016-07-23,3.5,39.0,29.0,4.75,41.0,42.5,56.5,53.5,11.0,0.0,0.0,18.5,0.0,81.5,30.5,0.0,17.0,23.5,4.0,0,0,0,1,0,0,0,0,0,1,0,0,1,0,0,1,0,0,1
2016-07-24,3.5,39.0,29.0,5.0,41.0,3.0,4.5,2.5,6.5,0.0,0.5,16.0,7.0,6.0,13.0,0.0,5.0,2.0,0.25,0,0,0,1,0,0,0,0,0,1,0,0,1,0,0,1,0,0,1
2016-07-25,4.0,1.0,2.0,0.0,1.5,3.0,4.5,2.5,5.5,18.25,0.0,3.5,0.0,6.0,13.0,0.0,5.0,1.0,0.25,0,0,0,1,0,0,0,0,0,1,0,0,1,0,0,1,0,0,1
2016-07-26,34.5,1.0,8.0,0.0,1.5,11.0,1.0,1.0,3.5,18.25,0.0,2.5,0.0,1.0,9.0,0.0,2.5,7.0,7.25,0,0,0,1,0,0,0,0,0,1,0,0,1,0,0,1,0,0,1
2016-07-27,34.5,28.5,8.0,0.0,47.5,11.0,1.0,1.0,3.0,1.5,0.0,0.5,0.0,1.0,0.5,0.0,0.5,7.0,6.25,0,0,0,1,0,0,0,0,0,1,0,0,1,0,0,1,0,0,1
2016-07-28,34.0,28.5,3.0,0.0,47.5,0.0,0.0,0.0,0.5,10.75,0.0,0.0,0.0,0.0,0.0,0.0,0.0,0.0,1.25,0,0,0,1,0,0,0,0,0,1,0,0,1,0,0,1,0,0,1
2016-07-29,34.0,10.5,0.0,3.25,4.5,0.0,0.0,0.0,0.0,10.75,0.0,11.5,6.0,0.0,0.0,0.0,0.0,0.0,2.75,0,0,0,1,0,0,0,0,0,1,0,0,1,0,0,1,0,0,1
2016-07-30,0.0,0.5,12.0,1.75,0.5,10.5,0.0,13.5,5.0,2.25,0.0,11.5,1.5,2.0,21.5,0.0,22.0,31.5,0.0,0,0,0,1,0,0,0,0,0,1,0,0,1,0,0,1,0,0,1
2016-07-31,25.5,0.5,12.0,12.5,0.5,10.5,0.0,28.0,5.0,0.5,0.0,3.0,10.0,2.0,21.5,0.0,22.0,31.5,13.75,0,0,0,1,0,0,0,0,0,1,0,0,1,0,0,1,0,0,1
2016-08-01,25.5,1.5,5.0,6.0,3.5,5.5,0.0,0.0,0.0,0.5,0.0,0.0,10.0,0.0,4.0,0.0,0.0,13.5,16.5,0,0,0,1,0,0,0,0,0,1,0,0,1,0,0,0,0,0,1
2016-08-02,0.0,1.5,5.0,0.0,3.5,2.0,0.5,0.5,0.0,0.0,0.0,0.0,0.0,0.5,3.0,0.0,0.0,0.0,0.0,0,0,0,1,0,0,0,0,0,1,0,0,1,0,0,1,0,0,1
2016-08-03,0.0,3.0,0.5,3.75,5.5,2.0,0.5,0.5,0.0,4.75,0.0,0.0,2.25,0.5,3.0,0.0,0.0,0.0,0.0,0,0,0,1,0,0,0,0,0,1,0,0,1,0,0,1,0,0,1
2016-08-04,0.0,0.0,0.0,6.25,0.0,0.0,0.0,0.0,0.0,15.5,0.0,0.0,8.75,0.0,0.0,0.0,0.0,0.0,0.0,0,0,0,1,0,0,0,0,0,1,0,0,1,0,0,1,0,0,1
2016-08-05,0.0,0.0,0.0,3.25,0.0,0.0,0.0,0.0,0.0,15.5,0.0,0.0,8.25,0.0,0.0,0.0,0.0,0.0,0.0,0,0,0,1,0,0,0,0,0,1,0,0,1,0,0,1,0,0,1
2016-08-06,0.0,0.0,0.0,0.25,0.0,0.0,0.0,0.0,0.0,0.0,0.0,0.0,1.75,0.0,0.0,0.0,0.0,0.0,0.0,0,0,0,1,0,0,0,0,0,1,1,0,1,0,0,1,0,0,1
2016-08-07,0.0,0.0,0.0,1.0,0.0,0.0,0.0,0.0,0.0,0.5,0.0,0.0,11.0,0.0,0.0,0.0,0.0,0.0,0.0,0,0,0,1,0,0,0,0,0,1,1,0,1,0,0,1,0,0,1
2016-08-08,0.0,0.0,0.0,1.5,0.0,0.0,0.0,0.0,0.0,15.75,0.0,0.0,12.0,0.0,0.0,0.0,0.0,0.0,0.0,0,0,0,1,0,0,0,0,0,1,1,0,1,0,0,1,0,0,1
2016-08-09,0.0,0.0,0.5,0.25,0.0,47.5,14.5,2.5,0.0,15.75,0.0,0.0,12.5,0.5,0.0,0.0,2.5,7.0,0.0,0,0,0,1,0,0,0,0,0,1,1,0,1,0,0,1,0,0,1
2016-08-10,0.0,0.0,0.5,0.5,0.0,49.5,14.5,13.0,14.0,12.75,0.0,0.0,1.5,3.0,0.0,0.0,4.0,21.5,0.0,0,0,0,1,0,0,0,0,0,1,1,0,1,0,0,1,0,0,0
2016-08-11,2.0,0.0,0.0,0.5,0.0,49.5,15.5,13.0,14.0,0.0,0.0,1.5,0.5,27.5,8.5,0.0,4.0,21.5,0.0,0,0,0,1,0,0,0,0,0,1,1,0,1,0,0,1,0,0,0
2016-08-12,2.0,0.0,0.0,0.75,0.0,10.5,15.5,0.5,0.5,0.0,0.0,1.5,0.25,27.5,9.0,0.0,2.0,0.5,0.0,0,0,0,1,0,0,0,0,0,1,1,0,1,0,0,1,0,0,0
2016-08-13,1.0,0.0,0.0,8.5,0.0,5.5,5.5,0.5,0.0,22.5,8.0,2.0,7.5,15.5,2.5,0.0,0.0,0.5,1.0,0,0,0,1,0,0,0,0,0,1,1,0,1,0,0,1,0,0,0
2016-08-14,1.0,0.0,0.0,3.0,0.0,0.5,0.0,0.0,0.0,22.5,17.0,2.0,2.0,0.5,0.5,0.0,0.0,0.0,1.0,0,0,0,1,0,0,0,0,0,1,1,0,1,0,0,1,0,0,0
2016-08-15,0.0,0.0,0.0,5.0,0.0,0.0,0.0,0.0,0.5,16.5,2.25,0.0,8.5,0.0,0.0,0.0,0.0,0.0,0.0,0,0,0,1,0,0,0,0,0,1,1,0,1,0,0,1,0,0,0
2016-08-16,0.0,0.0,0.0,6.25,0.0,0.0,0.0,0.0,0.5,33.0,2.0,0.0,9.5,0.0,0.0,0.0,0.0,0.0,0.0,1,1,1,1,1,1,1,1,1,1,1,1,1,1,1,1,1,1,1
2016-08-17,0.0,0.0,0.0,0.0,0.0,0.0,0.0,0.0,0.5,0.0,4.75,0.0,7.75,0.0,0.0,0.0,0.0,0.0,0.0,1,1,1,1,1,1,1,1,1,1,1,1,1,1,1,1,1,1,1
2016-08-18,0.0,0.0,0.0,0.0,0.0,0.0,0.0,0.0,0.5,17.5,1.0,0.0,8.0,0.0,0.0,0.0,0.0,0.0,0.0,1,1,1,1,1,1,1,1,1,1,1,1,1,1,1,1,1,1,1
2016-08-19,0.0,0.0,0.0,0.0,0.0,0.0,0.0,0.0,0.5,17.5,7.5,0.0,6.5,0.0,0.0,0.0,0.0,0.0,0.0,1,1,1,1,1,1,1,1,1,1,1,1,1,1,1,1,1,1,1
2016-08-20,0.0,0.0,0.0,0.0,0.0,0.0,0.0,0.0,0.5,2.0,16.5,0.0,8.5,0.0,0.0,0.0,0.0,0.0,0.0,1,1,1,1,1,1,1,1,1,1,1,1,1,1,1,1,1,1,1
2016-08-21,0.0,0.0,0.0,0.0,0.0,0.0,0.0,0.0,0.5,2.0,16.5,0.0,8.5,0.0,0.0,0.0,0.0,0.0,0.0,1,1,1,1,1,1,1,1,1,1,1,1,1,1,1,1,1,1,1
2016-08-22,0.0,0.0,0.0,0.0,0.0,0.0,0.0,0.0,0.5,0.0,5.0,0.0,7.0,0.0,0.0,0.0,0.0,0.0,0.0,1,1,1,1,1,1,1,1,1,1,1,1,1,1,1,1,1,1,1
2016-08-23,4.5,0.0,0.0,0.0,0.5,3.5,1.5,1.0,1.0,0.0,0.0,0.0,10.0,1.0,0.5,0.0,0.5,0.5,0.5,1,1,1,1,1,1,1,1,1,1,1,1,1,1,1,1,1,1,1
2016-08-24,6.0,0.0,0.0,0.0,0.5,3.5,1.5,1.0,1.0,0.0,2.0,0.0,1.0,1.0,0.5,0.0,0.5,0.5,0.5,1,0,0,0,0,0,0,0,0,1,1,0,1,0,0,1,0,0,0
2016-08-25,2.5,0.0,0.0,0.0,0.0,0.5,0.5,0.0,0.0,0.5,0.5,0.0,1.0,1.5,0.5,0.0,0.0,0.5,0.0,1,0,0,0,0,0,0,0,0,1,1,0,1,0,0,1,0,0,0
2016-08-26,3.0,0.0,0.0,0.0,0.0,0.5,0.5,0.0,0.0,0.5,8.0,0.0,0.0,0.0,0.5,3.5,0.0,0.5,0.0,1,0,0,0,0,0,0,0,0,1,1,0,1,0,0,1,0,0,0
2016-08-27,6.0,0.0,0.0,0.0,0.0,0.0,0.0,0.0,0.0,20.0,20.5,0.0,6.0,0.0,0.0,3.5,0.0,0.0,0.0,1,0,0,0,0,0,0,0,0,1,1,0,1,0,0,1,0,0,0
2016-08-28,18.5,0.0,0.0,0.5,0.0,9.5,0.5,1.0,0.0,20.0,26.0,0.0,16.5,0.5,0.0,3.5,0.0,0.0,0.0,1,0,0,0,0,0,0,0,0,1,1,0,1,0,0,1,0,0,1
2016-08-29,5.5,0.0,0.0,0.5,0.0,9.5,0.5,1.0,0.0,3.0,0.0,0.0,0.5,0.5,0.0,3.5,0.0,0.0,0.0,1,0,0,0,0,0,0,0,0,1,1,0,1,0,0,1,0,0,0
2016-08-30,2.0,54.5,50.5,70.0,58.0,45.5,58.5,60.5,87.5,0.0,0.0,77.0,0.0,48.5,60.0,1.75,87.0,71.5,0.5,1,0,0,0,0,0,0,0,0,1,1,0,1,0,0,1,0,0,0
2016-08-31,4.5,54.5,50.5,70.0,58.0,45.5,58.5,17.0,87.5,4.5,0.0,77.0,5.0,2.5,60.0,1.75,87.0,20.5,0.0,1,0,0,0,0,0,0,0,0,1,1,0,1,0,0,1,0,0,0
2016-09-01,19.5,2.0,12.0,18.5,1.5,10.0,8.0,19.0,16.5,4.5,0.0,8.0,4.0,4.0,55.0,1.75,13.0,21.5,0.0,1,0,0,0,0,0,0,0,0,1,1,0,1,0,0,1,0,0,1
2016-09-02,3.5,6.5,0.0,0.0,11.5,0.5,0.0,0.0,0.0,2.0,0.0,0.0,0.5,0.0,0.0,1.75,0.0,0.5,0.0,1,0,0,0,0,0,0,0,0,1,1,0,1,0,0,1,0,0,0
2016-09-03,5.0,19.5,7.0,54.0,19.5,0.5,2.0,69.0,41.0,46.0,0.0,3.0,4.5,1.0,3.5,4.0,48.0,7.5,0.0,1,0,0,0,0,0,0,0,0,1,1,0,1,0,0,1,0,0,0
2016-09-04,2.0,0.0,7.0,54.0,19.5,2.5,2.0,69.0,41.0,46.0,0.0,3.0,4.5,1.0,3.5,4.0,0.0,17.5,0.0,1,0,0,0,0,0,0,0,0,1,1,0,1,0,0,1,0,0,0
2016-09-05,6.5,5.5,8.0,28.0,3.5,2.5,0.0,12.0,0.0,0.25,0.0,0.0,0.0,0.0,0.0,4.0,0.0,17.5,0.0,1,0,0,0,0,0,0,0,0,1,1,0,1,0,0,1,0,0,0
2016-09-06,16.0,5.5,8.0,28.0,3.5,1.0,0.0,0.5,0.0,0.0,0.0,0.0,1.5,0.0,0.0,4.0,0.0,11.0,0.0,1,0,0,0,0,0,0,0,0,1,0,0,1,0,0,1,0,0,0
2016-09-07,22.5,51.5,43.5,62.0,53.5,63.0,54.0,44.0,45.0,0.0,47.5,49.5,1.5,53.5,77.5,0.0,49.5,63.5,0.0,1,0,0,0,0,0,0,0,0,1,0,0,1,0,0,1,0,0,1
2016-09-08,0.0,2.5,1.5,1.5,2.5,0.0,0.0,2.5,5.5,2.0,3.5,7.0,3.5,0.0,0.0,0.0,1.5,2.0,1.5,1,0,0,0,0,0,0,0,0,1,0,0,1,0,0,1,0,0,0
2016-09-09,0.0,3.0,3.5,2.0,4.0,2.0,3.5,8.5,7.5,5.25,4.0,7.0,2.0,4.5,11.0,0.0,5.0,4.5,1.5,1,0,0,0,0,0,0,0,0,1,0,0,1,0,0,1,0,0,0
2016-09-10,0.0,3.0,0.0,2.0,4.0,2.0,3.5,0.0,7.5,6.5,4.0,5.0,6.5,4.5,11.0,0.0,5.0,4.5,1.0,1,0,0,0,0,0,0,0,0,1,0,0,1,0,0,1,0,0,0
2016-09-11,0.0,1.5,1.0,0.5,2.0,13.0,10.0,0.0,0.0,6.5,0.5,0.0,0.0,14.0,1.5,0.0,0.0,1.5,0.0,1,0,0,0,0,0,0,1,0,1,0,0,1,0,0,1,0,0,0
2016-09-12,0.0,2.5,1.0,8.0,2.0,13.0,10.0,0.0,1.0,0.75,5.0,5.5,0.0,14.0,5.0,0.0,1.0,3.0,1.5,1,0,0,0,0,0,0,1,0,1,0,0,1,0,0,1,0,0,0
2016-09-13,0.0,2.5,1.0,8.0,2.0,2.5,2.5,0.0,1.0,1.0,0.0,5.5,6.5,3.0,5.0,0.0,1.0,3.0,1.5,1,0,0,0,0,0,0,1,0,1,0,0,1,0,0,1,0,0,0
2016-09-14,0.0,9.5,2.5,8.0,8.0,0.0,0.0,0.0,0.0,19.75,6.0,3.0,6.5,0.0,1.5,0.0,0.0,1.5,5.0,1,0,0,0,0,0,0,0,0,1,0,0,1,0,0,0,0,0,0
2016-09-15,0.0,9.5,2.5,8.0,8.0,0.0,0.0,0.0,0.0,19.5,6.0,3.0,9.5,0.0,1.5,0.0,0.0,1.5,5.0,0,0,0,0,0,0,0,0,0,1,0,0,1,0,0,1,0,0,0
2016-09-16,1.0,40.5,45.0,58.5,40.0,15.0,27.5,13.0,58.0,10.25,65.0,90.0,2.5,21.0,40.0,0.0,36.5,30.0,81.5,0,0,0,0,0,0,0,0,0,1,0,0,1,0,0,1,0,0,0
2016-09-17,0.0,40.5,45.0,58.5,40.0,15.0,27.5,13.0,0.0,11.0,65.0,90.0,9.5,21.0,40.0,0.0,0.0,30.0,81.5,0,0,0,0,0,0,0,0,0,1,0,0,1,0,0,1,0,0,0
2016-09-18,0.0,0.5,0.0,3.5,0.5,7.5,0.0,5.0,0.0,1.5,0.5,0.0,1.0,0.0,0.0,0.0,0.0,4.5,0.0,0,0,0,0,0,0,0,0,0,1,0,0,1,0,0,1,0,0,0
2016-09-19,2.5,1.0,0.0,3.5,0.5,7.5,0.0,5.0,0.0,16.0,0.5,0.0,0.0,0.0,0.0,0.0,0.0,4.5,0.0,0,0,0,0,0,0,0,0,0,1,0,0,1,0,0,1,0,0,0
2016-09-20,2.5,1.0,0.0,3.5,0.5,7.5,0.0,5.0,0.0,18.25,0.5,0.0,0.0,0.0,0.0,0.0,0.0,4.5,0.0,1,1,1,1,1,1,1,1,1,1,1,1,1,1,1,1,1,1,1
2016-09-21,2.5,1.0,0.0,3.5,0.5,7.5,0.0,5.0,0.0,18.25,0.5,0.0,0.0,0.0,0.0,0.0,0.0,4.5,0.0,1,1,1,1,1,1,1,1,1,1,1,1,1,1,1,1,1,1,1
2016-09-22,2.5,1.0,0.0,3.5,0.5,7.5,0.0,5.0,0.0,14.5,0.5,0.0,0.0,0.0,0.0,3.0,0.0,4.5,0.0,1,1,1,1,1,1,1,1,1,1,1,1,1,1,1,1,1,1,1
2016-09-23,0.0,0.0,0.0,0.0,0.0,0.0,0.0,0.0,0.0,2.0,0.0,0.0,0.0,0.0,0.0,0.0,0.0,0.0,0.0,0,0,0,0,0,0,0,0,0,1,0,0,1,0,0,1,0,0,0
2016-09-24,0.0,0.0,0.0,0.0,0.0,0.0,0.0,0.0,0.0,1.5,0.0,0.0,0.0,0.0,0.0,0.0,0.0,0.0,0.0,0,0,0,0,0,0,0,0,0,1,0,0,1,0,0,1,0,0,0
2016-09-25,0.0,0.0,0.0,0.0,0.0,0.0,0.0,0.0,0.0,1.5,0.0,0.0,0.0,0.0,0.0,24.75,0.0,0.0,0.0,0,0,0,0,0,0,0,0,0,1,0,0,1,0,0,1,0,0,1
2016-09-26,0.0,0.0,0.0,0.0,0.0,0.0,0.0,0.0,0.0,8.25,0.0,0.0,0.0,0.0,0.0,24.75,0.0,0.0,0.0,0,0,0,0,0,0,0,0,0,1,0,0,0,0,0,1,0,0,1
2016-09-27,25.5,2.5,2.0,7.0,2.5,1.0,5.0,6.0,11.5,15.0,2.5,18.5,0.0,1.0,1.0,5.75,5.5,0.0,0.0,0,0,0,0,0,0,0,0,0,1,0,0,0,0,0,1,0,0,1
2016-09-28,25.5,2.5,2.0,7.0,2.5,1.0,5.0,6.0,11.5,10.5,2.5,18.5,0.5,1.0,1.0,32.5,5.5,0.0,0.0,0,0,0,0,0,0,0,0,0,1,0,0,0,0,0,1,0,0,1
2016-09-29,15.0,1.0,27.0,9.0,1.5,4.5,19.5,9.5,21.0,10.75,30.0,11.5,0.0,20.5,15.0,32.5,20.0,8.5,0.0,0,0,0,0,0,0,0,0,0,1,0,0,0,0,0,1,0,0,1
2016-09-30,2.5,1.0,27.0,9.0,1.0,4.5,19.5,9.5,21.0,11.5,30.0,11.5,0.5,20.5,15.0,1.5,20.0,8.5,0.0,0,0,0,0,0,0,0,0,0,1,0,0,0,0,0,1,0,0,1
2016-10-01,0.5,23.0,8.5,8.5,28.0,0.0,0.0,0.0,0.0,8.75,2.0,1.5,0.5,0.0,4.0,1.75,0.0,4.0,0.0,0,0,0,0,0,0,0,0,0,1,0,0,0,0,0,1,0,0,1
2016-10-02,0.5,23.0,8.5,8.5,28.0,0.0,0.0,0.0,0.0,31.75,2.0,1.5,0.0,0.0,4.0,1.5,0.0,0.5,1.5,0,0,0,0,0,0,0,0,0,1,0,0,0,0,0,1,0,0,1
2016-10-03,0.0,0.0,0.0,0.0,0.0,0.0,1.0,0.0,0.0,31.75,0.0,0.0,0.0,0.0,0.0,1.5,0.0,0.0,1.5,0,0,0,0,0,0,0,0,0,1,0,0,0,0,0,1,0,0,1
2016-10-04,0.0,0.0,0.0,0.0,0.0,0.0,1.0,0.0,0.0,0.5,0.0,0.0,0.0,0.0,0.0,4.5,0.0,0.0,1.5,0,0,0,0,0,0,0,0,0,1,0,0,0,0,0,1,0,0,1
2016-10-05,5.0,0.0,0.0,0.0,0.0,0.0,0.0,0.0,0.0,31.0,0.0,0.0,0.0,0.0,0.0,4.5,0.0,0.0,1.5,0,0,0,0,0,0,0,0,0,1,0,0,0,0,0,1,0,0,1
2016-10-06,5.0,0.0,0.0,0.0,0.0,0.0,0.0,0.0,0.0,39.5,0.0,0.0,0.0,0.0,0.0,4.0,0.0,0.0,1.5,0,0,0,0,0,0,0,0,0,1,0,0,0,0,0,1,0,0,1
2016-10-07,5.5,8.5,12.5,8.5,9.5,17.5,30.0,12.5,23.5,9.0,8.5,11.5,0.5,36.5,49.0,13.5,22.0,11.0,1.5,0,0,0,0,0,0,0,0,0,1,0,0,0,0,0,1,0,0,1
2016-10-08,5.5,8.5,12.5,8.5,9.5,17.5,30.5,13.0,24.0,8.5,8.5,11.5,0.5,36.5,49.0,13.5,22.0,11.0,1.5,0,0,0,0,0,0,0,0,0,1,0,0,0,0,0,1,0,0,0
2016-10-09,1.0,2.0,0.5,1.0,4.0,0.5,1.0,0.5,1.0,8.5,0.5,1.5,0.5,1.5,3.5,27.0,1.0,0.5,1.5,0,0,0,0,0,0,0,0,0,1,0,0,0,0,0,1,0,0,0
2016-10-10,15.5,2.0,0.5,1.0,4.0,0.0,0.0,0.0,0.0,8.25,0.0,0.0,0.0,0.0,0.0,27.0,0.0,0.0,1.5,0,0,0,0,0,0,0,0,0,1,0,0,0,0,0,1,0,0,1
2016-10-11,15.5,3.0,4.0,1.0,4.5,0.0,0.0,0.0,0.0,46.0,0.0,0.0,0.0,0.0,14.5,27.0,0.0,0.0,0.0,0,0,0,0,0,0,0,0,0,1,0,0,0,0,0,1,0,0,0
2016-10-12,0.0,3.0,4.0,1.0,4.5,0.0,0.5,0.0,3.5,46.0,1.5,0.0,0.0,4.0,14.5,3.5,5.0,0.0,7.5,0,0,0,0,0,0,0,0,0,1,0,0,0,0,0,1,0,0,0
2016-10-13,0.5,0.0,0.0,0.0,0.0,0.0,1.0,4.0,3.5,4.25,1.5,1.0,0.0,4.0,2.0,4.5,5.5,0.0,7.5,0,0,0,0,0,0,0,0,0,1,0,0,0,0,0,1,0,0,0
2016-10-14,9.0,0.0,0.0,1.5,0.5,1.5,1.0,4.0,2.5,4.25,0.5,1.0,0.0,0.0,2.0,4.5,5.5,0.0,4.0,0,0,0,0,0,0,0,0,0,1,0,0,0,0,0,1,0,0,0
2016-10-15,9.0,0.0,1.5,1.5,0.5,1.5,1.0,0.0,0.5,4.5,0.0,2.0,0.0,0.0,0.0,4.5,0.0,0.0,1.0,0,0,0,0,0,0,0,0,0,1,0,0,0,0,0,1,0,0,0
2016-10-16,28.5,14.0,39.0,32.5,14.0,10.5,12.0,9.5,18.0,25.0,53.0,24.0,0.0,18.5,26.5,0.0,15.5,22.5,23.5,0,0,0,0,0,0,0,0,0,1,0,0,0,0,0,1,0,0,0
2016-10-17,29.0,14.5,39.5,33.0,14.0,10.5,12.0,0.5,18.0,24.75,53.5,24.5,0.0,19.0,26.5,2.0,15.5,22.5,23.5,0,0,0,0,0,0,0,0,0,1,0,0,0,0,0,1,0,0,0
2016-10-18,1.5,1.0,1.0,1.0,1.5,2.0,2.5,3.0,1.5,1.5,0.5,2.5,0.0,2.0,3.0,2.5,1.0,1.5,1.0,0,0,0,0,0,0,0,0,0,1,0,0,0,0,0,1,0,0,0
2016-10-19,0.0,0.0,1.0,0.0,0.0,2.0,2.5,3.0,1.5,9.75,0.5,2.5,0.0,2.0,3.0,1.25,1.0,1.5,0.5,0,0,0,0,0,0,0,0,0,1,0,0,0,0,0,1,0,0,0
2016-10-20,0.0,0.0,0.0,0.0,0.0,1.5,2.0,0.0,0.0,12.75,0.0,0.0,0.0,0.5,0.0,1.0,0.5,0.0,0.0,0,0,0,0,0,0,0,0,0,1,0,0,0,0,0,1,0,0,0
2016-10-21,0.0,0.0,0.0,0.0,0.0,0.0,0.0,0.0,0.0,8.5,0.0,0.0,0.0,0.0,0.0,1.0,0.0,0.0,0.0,0,0,0,0,0,0,0,0,0,1,0,0,0,0,0,1,0,0,0
2016-10-22,12.0,0.0,1.0,0.0,0.0,0.0,0.0,0.0,0.0,30.5,0.0,0.0,0.0,0.0,3.5,1.0,0.0,0.5,0.0,0,0,0,0,0,0,0,0,0,1,0,0,0,0,0,1,0,0,0
2016-10-23,12.0,13.0,9.0,21.0,19.0,3.0,6.0,8.5,0.5,29.75,15.5,0.0,0.0,6.0,3.5,7.75,0.0,5.5,3.0,0,0,0,0,0,0,0,0,0,1,0,0,0,0,0,1,0,0,0
2016-10-24,24.5,13.0,9.0,21.0,19.0,4.5,16.5,6.5,8.5,1.5,17.0,5.5,0.0,8.0,2.0,2.25,0.0,5.5,9.5,0,0,0,0,0,0,0,0,0,1,0,0,0,0,0,1,0,0,0
2016-10-25,24.5,2.5,4.0,5.0,3.0,5.0,48.0,10.0,38.5,2.25,17.0,10.0,0.0,55.0,2.0,3.5,41.0,4.0,20.5,0,0,0,0,0,0,0,0,0,1,0,0,0,0,0,1,0,0,0
2016-10-26,22.0,0.0,0.5,0.0,0.5,5.0,48.0,10.0,38.5,2.25,9.0,10.0,0.0,55.0,1.5,0.0,41.0,3.5,20.5,0,0,0,0,0,0,0,0,0,1,0,0,0,0,0,1,0,0,0
2016-10-27,22.0,32.0,6.0,16.5,40.0,52.0,40.0,18.5,4.5,1.75,17.5,4.0,6.5,26.5,8.5,0.75,6.0,18.0,9.5,0,0,0,0,0,0,0,0,0,1,0,0,0,0,0,1,0,0,0
2016-10-28,1.5,32.0,6.0,16.5,40.0,52.0,40.0,18.5,20.0,1.0,17.5,20.0,6.5,28.5,8.5,12.5,10.0,18.0,28.5,0,0,0,0,0,0,0,0,0,1,0,0,0,0,0,1,0,0,0
2016-10-29,37.5,64.0,61.5,56.5,62.5,28.0,29.0,29.0,23.5,0.0,57.0,40.0,28.5,28.5,11.0,19.5,19.0,26.5,28.5,0,0,0,0,0,0,0,0,0,1,0,0,0,0,0,1,0,0,0
2016-10-30,37.5,64.0,61.5,56.5,62.5,9.5,29.0,29.0,23.5,8.25,4.5,40.0,28.5,20.5,11.0,19.5,19.0,26.5,18.5,0,0,0,0,0,0,0,0,0,1,0,0,0,0,0,1,0,0,0
2016-10-31,14.5,4.0,2.5,5.0,6.0,24.0,11.0,21.5,11.0,8.25,4.5,9.0,15.5,9.0,4.5,10.75,11.5,12.5,3.0,0,0,0,0,0,0,0,0,0,1,0,0,0,0,0,1,0,0,0
2016-11-01,2.0,4.0,3.0,3.5,6.0,24.0,11.0,21.5,11.0,15.25,4.5,4.0,15.5,9.0,4.5,1.0,11.5,12.5,3.5,0,0,0,0,0,0,0,0,0,1,0,0,0,0,0,1,0,0,0
2016-11-02,2.5,0.5,3.0,3.5,0.5,3.5,1.0,21.5,2.0,15.25,0.0,2.5,15.5,12.5,0.5,0.75,1.5,1.0,2.0,0,0,0,0,0,0,0,1,0,1,0,0,1,0,0,1,0,0,0
2016-11-03,34.5,27.5,7.0,16.0,28.0,14.0,11.5,21.5,4.0,18.25,10.5,7.5,15.5,22.0,5.0,5.0,5.5,14.0,3.0,0,0,0,0,0,0,0,1,0,1,0,0,1,0,0,1,0,0,0
2016-11-04,34.5,27.5,7.0,16.0,28.0,14.0,11.5,21.5,4.0,5.75,10.5,7.5,15.5,22.0,5.0,4.25,6.0,14.0,3.0,0,0,0,0,0,0,0,1,0,1,0,0,1,0,0,1,0,0,0
2016-11-05,0.0,0.0,0.0,0.5,0.0,0.0,0.0,21.5,0.0,35.0,0.0,0.0,15.5,0.0,0.0,0.0,0.0,0.0,0.0,0,0,0,0,0,0,0,1,0,1,0,0,1,0,0,1,0,0,0
2016-11-06,0.0,0.0,0.0,0.5,0.0,0.0,0.0,21.5,0.0,0.0,0.0,0.0,15.5,0.0,0.0,7.0,0.0,0.0,0.0,0,0,0,0,0,0,0,1,0,1,0,0,1,0,0,1,0,0,0
2016-11-07,47.5,8.0,76.5,28.5,9.0,32.0,1.5,21.5,48.0,40.75,32.5,4.5,15.5,0.0,0.5,16.5,46.0,10.0,12.5,0,0,0,0,0,0,0,1,0,1,0,0,1,0,0,1,0,0,0
2016-11-08,47.5,8.0,76.5,28.5,9.0,0.0,1.5,21.5,48.0,0.5,32.5,39.0,0.0,0.0,0.5,15.25,46.0,10.0,12.5,0,0,0,0,0,0,0,1,0,1,0,0,0,0,0,1,0,0,0
2016-11-09,11.0,0.5,6.0,1.0,3.0,0.0,7.5,20.0,22.0,22.75,3.0,39.0,0.0,0.5,8.0,32.5,21.0,33.0,2.0,0,0,0,0,0,0,0,1,0,1,0,0,1,0,0,1,0,0,0
2016-11-10,26.0,30.0,14.5,31.5,30.0,7.0,36.0,0.5,27.5,27.75,15.5,8.0,36.5,42.5,31.5,19.0,33.0,62.0,5.5,0,0,0,0,0,0,0,1,0,1,0,0,0,0,0,1,0,0,0
2016-11-11,26.0,30.0,19.5,31.5,30.0,0.0,36.0,0.5,27.5,24.0,15.5,15.5,36.5,42.5,31.5,68.5,33.0,62.0,9.0,0,0,0,0,0,0,0,1,0,1,0,0,0,0,0,1,0,0,0
2016-11-12,3.0,9.5,19.5,11.5,7.5,0.0,20.0,0.5,31.5,19.75,6.5,27.5,9.5,9.5,34.5,68.5,24.5,23.0,9.0,0,0,0,0,0,0,0,1,0,1,0,0,0,0,0,1,0,0,0
2016-11-13,2.5,0.0,19.5,7.0,0.0,0.0,24.0,0.5,31.5,19.25,4.5,27.5,6.5,12.0,34.5,68.5,24.5,4.5,4.0,0,0,0,0,0,0,0,1,0,1,0,0,0,0,0,1,0,0,0
2016-11-14,1.0,0.0,19.5,7.0,0.0,0.0,24.0,0.5,2.0,11.75,4.5,16.5,1.0,12.0,26.0,68.5,0.5,4.5,4.0,0,0,0,0,0,0,0,1,0,1,0,0,0,0,0,1,0,0,0
2016-11-15,2.0,0.0,3.0,0.0,0.0,0.0,2.0,0.5,19.0,16.25,0.0,1.0,4.0,13.0,18.0,68.5,31.5,0.0,0.5,0,0,0,0,0,0,0,1,0,1,0,0,0,0,0,1,0,0,0
2016-11-16,7.0,52.0,3.0,11.5,60.5,0.0,2.0,0.5,19.0,57.5,11.5,2.0,23.0,13.0,18.0,68.5,31.5,1.0,8.5,0,0,0,0,0,0,0,1,0,1,0,0,0,0,0,1,0,0,0
2016-11-17,43.5,52.0,7.5,14.5,60.5,0.0,7.0,0.5,3.0,57.5,16.0,34.0,23.0,12.0,2.0,68.5,1.0,9.0,8.5,0,0,0,0,0,0,0,0,0,1,0,0,0,0,0,1,0,0,0
2016-11-18,43.5,6.5,7.5,14.5,7.0,0.0,41.5,75.5,71.5,45.5,16.0,43.0,39.5,59.0,22.5,68.5,51.0,103.5,13.0,0,0,0,0,0,0,0,0,0,1,0,0,0,0,0,0,0,0,0
2016-11-19,8.5,3.0,5.0,3.5,3.5,0.0,80.0,75.5,71.5,27.25,11.0,43.0,39.5,59.0,22.5,68.5,51.0,103.5,13.5,0,0,0,0,0,0,0,0,0,1,0,0,0,0,0,1,0,0,0
2016-11-20,8.5,11.0,7.5,3.5,24.5,3.5,80.0,5.5,2.0,24.25,1.5,0.5,6.5,55.5,1.0,68.5,2.5,5.0,0.5,0,0,0,0,0,0,0,0,0,1,0,0,0,0,0,1,0,0,0
2016-11-21,2.0,11.0,7.5,0.5,24.5,0.0,0.0,0.5,0.5,20.75,0.0,0.0,0.0,7.5,0.0,68.5,0.5,0.0,0.0,0,0,0,0,0,0,0,0,0,1,0,0,0,0,0,1,0,0,0
2016-11-22,10.5,1.5,0.0,2.0,1.0,0.0,0.0,0.5,0.0,22.5,0.5,0.0,0.0,0.5,6.0,68.5,0.0,0.0,0.0,0,0,0,0,0,0,0,0,0,1,0,0,0,0,0,1,0,0,0
2016-11-23,13.5,1.5,14.5,4.0,1.0,0.0,22.5,25.0,11.0,60.25,1.5,0.5,1.0,21.0,6.0,68.5,12.5,3.0,0.0,0,0,0,0,0,0,0,0,0,1,0,0,0,0,0,1,0,0,0
2016-11-24,13.5,3.5,14.5,34.0,2.5,7.5,22.5,25.0,28.5,61.75,18.0,28.0,45.0,21.0,0.5,68.5,24.5,19.0,4.5,0,0,0,0,0,0,0,0,0,1,0,0,0,0,0,1,0,0,0
2016-11-25,10.0,3.5,1.5,34.0,2.5,3.5,31.5,9.0,28.5,6.5,18.0,28.0,45.0,32.5,50.5,68.5,24.5,19.0,6.0,0,0,0,0,0,0,0,0,0,1,0,0,0,0,0,1,0,0,0
2016-11-26,0.5,3.5,6.0,0.0,2.5,0.0,31.5,1.5,31.5,29.75,2.5,32.0,4.0,32.5,50.5,8.5,5.0,0.5,6.0,0,0,0,0,0,0,0,0,0,1,0,0,0,0,0,1,0,0,0
2016-11-27,19.0,17.5,7.5,9.0,17.5,0.0,47.0,39.5,31.5,38.0,19.5,32.0,15.0,75.0,26.0,8.5,11.0,16.5,3.5,0,0,0,0,0,0,0,0,0,1,0,0,0,0,0,1,0,0,0
2016-11-28,19.0,17.5,7.5,9.0,17.5,22.0,47.0,39.5,23.0,35.75,5.0,16.5,57.0,75.0,35.0,3.0,36.0,20.0,5.5,0,0,0,0,0,0,0,0,0,1,0,0,0,0,0,1,0,0,0
2016-11-29,13.0,10.0,7.0,8.0,8.5,0.0,44.0,19.5,29.0,16.5,14.0,27.0,57.5,32.5,42.0,10.0,36.5,20.5,14.0,0,0,0,0,0,0,0,0,0,1,0,0,0,0,0,1,0,0,0
2016-11-30,13.0,9.0,4.0,4.0,8.5,0.0,12.0,9.5,29.0,14.5,14.0,27.0,9.0,12.5,42.0,15.0,17.0,8.5,14.0,0,0,0,0,0,0,0,0,0,1,0,0,0,0,0,1,0,0,0
2016-12-01,5.0,8.0,6.0,11.5,10.0,0.0,11.0,7.0,0.0,5.5,14.0,15.0,24.5,12.5,39.5,10.0,13.0,6.5,11.0,0,0,0,0,0,0,0,0,0,1,0,0,0,0,0,1,0,0,0
2016-12-02,17.0,24.0,9.5,14.0,24.0,1.5,11.0,7.0,7.5,26.0,14.0,16.5,24.5,13.0,40.0,3.5,13.5,6.5,12.0,0,0,0,0,0,0,0,0,0,1,0,0,0,0,0,1,0,0,0
2016-12-03,19.5,46.5,58.0,57.0,44.0,0.5,30.5,37.0,34.5,5.5,38.5,33.5,29.5,29.0,19.5,0.0,24.5,44.0,37.0,0,0,0,0,0,0,0,0,0,1,0,0,0,0,0,1,0,0,0
2016-12-04,22.5,46.5,58.0,57.0,44.0,0.0,30.5,37.0,34.5,5.5,38.5,33.5,29.5,29.0,19.5,0.0,24.5,44.0,37.0,0,0,0,0,0,0,0,0,0,1,0,0,0,0,0,1,0,0,0
2016-12-05,4.5,3.5,1.0,0.5,3.0,0.0,0.5,1.0,7.0,5.5,1.5,2.0,4.5,2.0,0.0,10.5,1.5,1.0,2.0,0,0,0,0,0,0,0,0,0,1,0,0,0,0,0,1,0,0,0
2016-12-06,4.5,3.5,1.0,0.5,3.0,0.0,0.5,1.0,7.0,5.5,1.5,2.0,4.5,2.0,0.0,10.5,1.5,1.0,2.0,0,0,0,0,0,0,0,0,0,1,0,0,0,0,0,1,0,0,0
2016-12-07,0.0,1.0,1.5,0.0,1.5,0.0,0.0,0.0,0.0,5.5,0.0,0.0,0.0,0.0,0.0,10.5,0.0,0.0,0.5,0,0,0,0,0,0,0,0,0,1,0,0,0,0,0,1,0,0,0
2016-12-08,10.0,1.0,11.5,5.0,1.5,2.0,0.0,2.5,3.5,5.5,4.0,4.0,2.5,0.0,0.0,10.5,2.0,1.5,3.0,0,0,0,0,0,0,0,0,0,1,0,0,0,0,0,1,0,0,0
2016-12-09,10.0,1.0,11.5,5.0,2.0,0.0,1.5,2.5,0.0,14.0,4.0,10.5,2.5,3.0,24.0,10.5,2.0,1.5,3.5,0,0,0,0,0,0,0,0,0,1,0,0,0,0,0,1,0,1,0
2016-12-10,18.5,1.5,10.0,8.0,2.0,12.0,28.5,15.0,3.5,14.5,3.5,10.5,4.5,12.5,24.0,10.5,8.0,1.5,3.5,0,0,0,0,0,0,0,0,0,1,0,0,0,0,0,1,0,1,0
2016-12-11,18.5,1.5,10.0,8.0,1.5,12.0,28.5,15.0,3.5,34.0,3.5,5.0,4.5,12.5,12.0,10.5,8.0,1.5,2.5,0,0,0,0,0,1,0,0,0,1,0,0,0,0,0,1,0,1,0
2016-12-12,20.0,3.0,2.5,2.0,4.5,0.0,8.0,7.0,0.0,9.0,4.0,10.0,9.5,9.5,33.0,10.5,9.5,1.5,4.0,0,0,0,0,0,0,0,0,0,1,0,0,0,0,0,0,0,1,0
2016-12-13,20.0,3.0,6.0,2.5,4.5,4.5,8.0,7.0,8.5,5.5,7.0,10.0,9.5,9.5,33.0,7.0,10.5,1.5,11.0,0,0,0,0,0,0,0,0,0,1,0,0,0,0,0,0,0,1,0
2016-12-14,2.0,1.5,6.0,2.5,1.5,3.0,6.5,4.5,9.5,1.0,7.0,9.5,9.0,4.5,2.5,3.0,10.5,1.5,11.5,0,0,0,0,0,0,0,0,0,1,0,0,0,0,0,0,0,1,0
2016-12-15,2.0,0.5,1.0,0.0,0.5,0.0,6.5,3.5,9.5,7.0,3.5,9.5,9.0,4.5,0.0,3.0,10.5,1.5,11.5,0,0,0,0,0,0,0,0,0,1,0,0,0,0,0,1,0,1,0
2016-12-16,0.0,0.0,0.0,0.0,0.0,0.0,0.0,0.0,0.0,10.0,0.0,0.0,0.0,0.0,0.0,3.0,0.0,4.5,0.0,0,0,0,0,0,0,0,0,0,1,0,0,0,0,0,1,0,1,0
2016-12-17,7.5,9.0,3.0,0.5,10.0,0.5,19.0,7.0,24.0,10.0,1.0,2.5,0.0,10.5,14.5,3.0,9.5,8.25,0.5,0,0,0,0,0,0,0,0,0,1,0,0,0,0,0,1,0,1,0
2016-12-18,34.5,9.0,7.5,5.0,10.0,0.0,19.0,10.0,16.0,6.0,1.0,2.5,18.5,10.5,14.5,2.0,23.0,1.75,0.5,0,0,0,0,0,0,0,0,0,1,0,0,0,0,0,0,0,1,0
2016-12-19,42.5,27.0,41.0,31.0,30.0,0.0,19.0,16.5,16.0,3.0,11.0,12.0,18.5,17.0,13.0,2.0,23.0,0.75,8.5,0,0,0,0,0,0,0,0,0,1,0,0,0,0,0,1,0,1,0
2016-12-20,43.0,27.0,41.5,31.0,30.0,0.0,19.0,16.5,12.5,4.0,11.0,12.0,13.5,17.0,13.0,2.0,11.5,0.5,10.5,0,0,0,0,0,0,0,0,0,1,0,0,0,0,0,1,0,1,0
2016-12-21,8.5,2.5,2.0,3.0,5.0,0.0,0.5,1.0,0.0,29.5,3.0,4.0,1.5,1.0,3.5,2.0,1.5,1.5,10.5,0,0,0,0,0,0,0,0,0,1,0,0,0,0,0,1,0,1,0
2016-12-22,14.0,58.5,37.5,0.5,46.0,0.0,14.5,14.0,0.0,21.0,30.0,1.5,1.5,3.0,44.5,2.0,0.0,6.75,0.0,0,0,0,0,0,0,0,0,0,1,0,0,0,0,0,1,0,1,0
2016-12-23,14.0,58.5,37.5,71.0,57.5,0.0,14.5,30.5,0.0,0.5,46.0,6.0,50.5,10.5,44.5,2.0,16.5,0.5,19.0,0,0,0,0,0,0,0,0,0,1,0,0,0,0,0,1,0,1,0
2016-12-24,14.5,57.5,45.5,71.0,57.5,0.0,15.0,30.5,4.5,7.0,46.0,6.0,50.5,11.5,1.5,9.5,16.5,2.0,21.5,0,0,0,0,0,0,0,0,0,1,0,0,0,0,0,0,0,1,0
2016-12-25,45.0,14.5,45.5,27.0,15.5,0.0,15.0,18.5,5.5,16.5,24.0,7.5,7.5,11.5,2.0,9.5,5.0,3.5,21.5,0,0,0,0,0,0,0,0,0,1,0,0,0,0,0,1,0,1,0
2016-12-26,45.0,35.0,33.5,22.5,36.0,0.0,3.5,16.0,0.5,16.5,6.0,37.5,7.5,4.0,35.5,9.5,5.0,0.0,36.5,0,0,0,0,0,0,0,0,0,1,0,0,0,0,0,1,0,1,0
2016-12-27,8.0,35.0,7.5,11.0,36.0,0.0,7.5,5.0,17.5,0.5,4.5,37.5,5.5,9.0,35.5,9.5,19.0,0.0,36.5,0,0,0,0,0,0,0,0,0,1,0,0,0,0,0,1,0,1,0
2016-12-28,5.0,16.5,3.0,5.5,17.0,0.0,7.5,5.0,17.5,2.0,4.0,20.5,5.5,9.0,14.0,9.5,19.0,0.0,18.0,0,0,0,0,0,0,0,0,0,1,0,0,0,0,0,1,0,1,0
2016-12-29,0.5,0.0,0.0,0.0,0.0,0.0,0.0,0.0,0.0,3.0,0.5,0.0,0.0,0.0,0.0,9.5,0.0,1.0,0.0,0,0,0,0,0,0,0,0,0,1,0,0,0,0,0,1,0,1,0
2016-12-30,0.0,0.0,0.0,0.0,0.0,0.0,0.0,0.0,0.0,18.25,0.0,0.0,0.0,0.0,0.0,9.5,0.0,4.0,0.0,0,0,0,0,0,0,0,0,0,1,0,0,0,0,0,1,0,1,0
2016-12-31,0.0,1.0,0.0,0.0,1.5,0.0,0.0,0.0,7.0,49.5,0.0,18.0,0.5,0.0,0.5,9.5,2.0,16.5,0.0,0,0,0,0,0,0,0,0,0,1,0,0,0,0,0,1,0,1,0
2017-01-01,2.5,1.0,2.0,0.5,0.5,0.0,4.5,8.0,6.0,0.0,0.0,18.0,10.5,6.0,20.0,1.5,5.0,1.0,0.5,0,0,0,0,0,0,0,0,0,1,0,0,0,0,0,1,0,1,0
2017-01-02,26.0,9.0,38.0,25.0,10.0,0.0,27.0,52.5,6.0,0.0,3.0,3.0,10.5,6.0,20.0,1.5,5.5,3.0,1.0,0,0,0,0,0,0,0,0,0,1,0,0,0,0,0,1,0,1,0
2017-01-03,26.0,9.0,38.0,25.0,10.0,0.0,27.0,52.5,2.5,0.25,7.5,44.5,14.0,7.5,26.0,1.5,25.5,2.0,24.0,0,0,0,0,0,0,0,0,0,1,0,0,0,0,0,1,0,1,0
2017-01-04,5.5,4.5,2.5,3.5,4.5,0.0,3.5,17.5,0.0,8.25,7.5,44.5,14.0,7.5,26.0,1.5,25.5,0.5,24.0,0,0,0,0,0,0,0,0,0,1,0,0,0,0,0,1,0,1,0
2017-01-05,5.5,1.0,1.0,0.5,1.0,0.0,3.5,2.5,0.0,14.5,2.0,4.0,3.5,4.0,10.0,0.0,3.5,0.5,2.5,0,0,0,0,0,0,0,0,0,1,0,0,0,0,0,1,0,1,0
2017-01-06,0.0,0.0,0.0,0.0,0.0,0.0,0.0,0.0,0.0,2.25,0.0,0.0,0.0,0.0,0.0,0.0,0.0,0.0,0.0,0,0,0,0,0,0,0,0,0,1,0,0,0,0,0,1,0,1,0
2017-01-07,0.0,0.0,0.0,0.0,0.0,0.0,0.0,0.0,0.0,40.0,0.0,0.0,0.0,0.0,0.0,0.0,0.0,0.0,0.0,0,0,0,0,0,0,0,0,0,1,0,0,0,0,0,1,0,1,0
2017-01-08,0.0,0.0,0.0,0.0,0.0,0.0,0.0,0.0,0.0,5.5,0.0,0.0,0.0,0.0,0.0,1.5,0.0,6.0,0.0,0,0,0,0,0,0,0,0,0,1,0,0,0,0,0,1,0,1,0
2017-01-09,0.0,0.0,0.0,0.0,0.0,0.0,0.0,0.0,0.0,2.5,0.0,0.0,0.0,0.0,0.0,0.0,0.0,0.0,0.0,0,0,0,0,0,0,0,0,0,1,0,0,0,0,0,1,0,1,0
2017-01-10,0.0,0.0,0.0,0.0,0.0,0.0,0.0,0.0,0.0,13.0,0.0,0.0,0.0,0.0,0.0,0.0,0.0,0.0,0.0,0,0,0,0,0,0,0,0,0,1,0,0,0,0,0,1,0,1,0
2017-01-11,12.0,0.0,0.0,2.0,0.0,0.0,0.0,0.0,0.0,13.25,0.0,0.0,0.0,0.0,0.0,0.0,0.0,0.0,0.0,0,0,0,0,0,0,0,0,0,1,0,0,0,0,0,1,0,1,0
2017-01-12,12.0,0.0,25.0,2.0,0.0,0.0,0.0,0.0,0.0,3.0,0.0,0.0,0.0,0.0,0.0,0.0,0.0,0.0,0.0,0,0,0,0,0,0,0,0,0,1,0,0,0,0,0,1,0,1,0
2017-01-13,15.5,4.5,25.0,5.5,9.5,0.0,19.0,6.0,1.0,0.0,2.5,0.5,3.5,29.5,1.0,0.0,1.5,0.0,0.0,0,0,0,0,0,0,0,0,0,1,0,0,0,0,0,1,0,1,0
2017-01-14,15.5,4.5,42.0,17.0,9.5,0.0,19.0,11.0,1.0,0.0,2.5,0.5,5.0,29.5,1.0,0.0,1.5,0.0,0.5,0,0,0,0,0,0,0,0,0,1,0,0,0,0,0,1,0,1,0
2017-01-15,11.0,23.0,42.0,22.0,32.5,0.0,12.5,11.0,1.0,21.0,2.5,0.0,5.0,3.0,1.0,0.0,1.5,0.25,9.0,0,0,0,0,0,0,0,0,0,1,0,0,0,0,0,1,0,1,0
2017-01-16,65.0,52.0,42.5,45.0,55.0,0.5,53.5,69.0,26.5,16.25,34.0,32.0,55.5,56.5,12.0,0.0,34.0,3.0,30.5,0,0,0,0,0,0,0,0,0,1,0,0,0,0,0,1,0,1,0
2017-01-17,65.0,52.0,57.5,47.0,55.0,0.0,53.5,69.0,26.5,2.75,34.0,32.0,55.5,56.5,12.0,6.0,34.0,0.5,30.5,0,0,0,0,0,0,0,0,0,1,0,0,0,0,0,1,0,1,0
2017-01-18,36.5,13.5,57.5,47.0,15.0,0.0,36.0,25.0,6.5,2.75,11.0,6.5,9.0,41.5,6.0,0.5,7.0,0.25,4.5,0,0,0,0,0,0,0,0,0,1,0,0,0,0,0,1,0,1,0
2017-01-19,31.0,1.5,8.0,7.5,1.5,0.0,6.5,13.5,31.5,12.0,4.5,19.5,20.5,23.5,38.0,9.25,29.0,6.5,15.5,0,0,0,0,0,1,0,0,0,1,0,0,0,0,0,1,0,1,0
2017-01-20,14.5,5.5,5.0,6.5,6.0,0.0,6.5,13.5,31.5,7.75,15.5,19.5,20.5,23.5,38.0,7.5,29.0,4.25,29.0,0,0,0,0,0,1,0,0,0,1,0,0,0,0,0,1,0,1,0
2017-01-21,14.5,5.5,5.0,6.5,6.0,0.0,4.5,5.5,4.0,0.0,15.5,16.0,4.5,11.0,25.5,13.5,4.0,0.0,29.0,0,0,0,0,0,0,0,0,0,1,0,0,0,0,0,1,0,1,0
2017-01-22,3.0,1.0,0.5,1.5,0.0,0.0,0.0,1.5,0.0,1.0,0.0,0.0,4.5,3.0,0.0,0.75,0.0,1.25,13.5,0,0,0,0,0,0,0,0,0,1,0,0,0,0,0,1,0,1,0
2017-01-23,19.0,8.5,13.0,10.5,8.5,0.0,21.0,17.0,31.5,4.75,21.5,48.0,41.0,24.5,50.5,2.5,19.5,0.0,28.5,0,0,0,0,0,1,0,0,0,1,0,0,0,0,0,1,0,1,0
2017-01-24,24.5,17.5,14.5,13.0,16.5,0.0,21.0,11.0,31.5,19.75,21.5,48.0,41.0,24.5,14.0,0.75,19.5,2.25,28.5,0,0,0,0,0,1,0,0,0,1,0,0,0,0,0,1,0,1,0
2017-01-25,29.5,18.0,14.5,21.5,16.5,0.0,11.0,12.5,11.5,17.5,14.0,28.0,11.5,17.5,37.0,0.25,14.5,0.0,26.0,0,0,0,0,0,0,0,0,0,1,0,0,0,0,0,1,0,1,0
2017-01-26,29.5,15.5,14.0,21.5,13.5,0.0,11.0,12.5,11.5,2.25,14.0,17.0,10.5,17.5,37.0,0.0,14.5,0.0,26.0,0,0,0,0,0,1,0,0,0,1,0,0,0,0,0,1,0,1,0
2017-01-27,1.0,3.0,0.0,0.5,3.0,0.0,0.0,0.0,0.5,4.25,3.5,24.5,0.0,0.5,0.0,0.0,0.0,0.0,3.5,0,0,0,0,0,1,0,0,0,1,0,0,0,0,0,1,0,1,0
2017-01-28,3.5,3.0,0.0,0.5,3.0,0.0,0.0,1.0,0.5,4.25,3.5,24.5,0.0,12.0,48.5,10.0,0.0,8.25,3.5,0,0,0,0,0,1,0,0,0,1,0,0,0,0,0,1,0,1,0
2017-01-29,3.5,20.0,0.0,0.0,31.0,0.0,0.0,1.0,0.0,1.5,7.0,17.0,2.0,12.0,48.5,11.25,0.0,4.0,1.0,0,0,0,0,0,1,0,0,0,1,0,0,0,0,0,1,0,1,0
2017-01-30,1.0,20.0,13.5,9.0,34.5,0.0,76.5,65.5,25.5,0.0,7.0,8.5,53.5,54.0,29.5,0.0,35.5,0.0,28.0,0,0,0,0,0,0,0,0,0,1,0,0,0,0,0,1,0,1,0
2017-01-31,15.5,21.0,13.5,9.0,35.5,0.0,76.5,65.5,25.5,0.0,4.5,8.5,53.5,54.0,29.5,0.0,35.5,0.0,28.0,0,0,0,0,0,0,0,0,0,1,0,0,0,0,0,1,0,1,0
2017-02-01,15.5,11.0,1.5,16.5,15.5,0.0,3.5,2.0,0.5,2.5,4.5,6.5,2.0,1.0,2.0,0.0,1.5,0.25,8.0,0,0,0,0,0,0,0,0,0,1,0,0,0,0,0,1,0,1,0
2017-02-02,0.0,11.0,0.0,16.5,15.5,0.0,0.0,0.0,0.0,3.75,0.0,0.0,0.0,0.0,1.5,0.0,0.0,0.5,0.0,0,0,0,0,0,0,0,0,0,1,0,0,0,0,0,1,0,1,0
2017-02-03,0.0,1.5,0.0,2.5,1.0,0.0,0.0,0.0,0.0,0.75,0.0,0.0,0.0,0.0,0.0,0.0,0.0,0.0,0.0,0,0,0,0,0,0,0,0,0,1,0,0,0,0,0,1,0,1,0
2017-02-04,0.0,0.0,0.0,0.0,0.0,0.0,0.0,0.0,0.0,1.0,0.0,0.0,0.0,0.0,0.0,0.0,0.0,0.0,0.0,0,0,0,0,0,1,0,0,0,1,0,0,0,0,0,1,0,1,1
2017-02-05,7.0,3.5,1.0,2.0,4.0,0.0,0.0,0.0,0.0,24.25,2.5,0.0,0.0,0.0,0.0,0.0,0.0,0.25,0.0,0,0,0,0,0,0,0,0,0,1,0,0,0,0,0,1,0,1,0
2017-02-06,7.0,3.5,1.0,2.0,4.0,0.0,0.0,0.0,0.0,25.5,2.5,0.0,2.5,0.0,0.0,1.75,0.0,7.0,0.0,0,0,0,0,0,1,0,0,0,1,0,0,0,0,0,1,0,1,1
2017-02-07,0.0,0.0,0.0,2.0,0.0,0.0,0.5,4.0,0.0,16.5,2.5,0.0,20.0,0.0,0.0,0.0,0.0,0.0,0.0,0,0,0,0,0,0,0,0,0,1,0,0,0,0,0,1,0,1,1
2017-02-08,0.0,0.0,0.0,2.0,0.0,0.0,1.5,4.5,0.0,27.0,0.5,0.0,20.0,0.5,2.0,0.0,0.0,0.0,0.0,0,0,0,0,0,0,0,0,0,1,0,0,0,0,0,1,0,1,1
2017-02-09,0.0,0.0,0.0,2.0,0.0,0.0,1.5,4.5,0.0,4.0,0.5,0.0,20.0,0.5,2.0,0.0,0.0,0.0,0.0,1,1,1,1,1,0,1,1,1,1,1,1,1,1,1,1,1,1,1
2017-02-10,0.0,0.0,0.0,0.0,0.0,0.0,0.0,0.0,0.0,0.5,0.0,0.0,0.0,0.0,0.0,1.5,0.0,0.0,0.0,0,0,0,0,0,1,0,0,0,1,0,0,0,0,0,1,0,1,0
2017-02-11,0.0,0.0,0.0,0.0,0.0,0.0,0.0,0.0,0.0,9.25,0.0,0.0,0.0,0.0,0.0,0.0,0.0,0.0,0.0,0,0,0,0,0,1,0,0,0,1,0,0,0,0,0,1,0,1,0
2017-02-12,0.5,0.0,0.0,0.0,0.0,0.0,0.0,0.0,0.0,19.75,0.0,0.0,0.0,0.0,0.0,0.0,0.0,0.0,0.0,0,0,0,0,0,1,0,0,0,1,0,0,0,0,0,1,0,1,0
2017-02-13,1.5,0.0,1.0,1.0,0.0,0.0,0.0,0.0,0.0,20.5,0.0,0.0,0.0,0.0,0.0,0.0,0.0,0.0,0.0,0,0,0,0,0,1,0,0,0,1,0,0,0,0,0,1,0,1,0
2017-02-14,1.5,0.0,1.0,1.0,0.0,0.0,0.5,0.0,0.0,15.25,0.5,0.0,0.0,0.0,0.0,0.0,0.0,0.0,0.0,0,0,0,0,0,1,0,0,0,1,0,0,0,0,0,1,0,0,0
2017-02-15,0.5,0.0,0.0,0.0,0.0,0.0,0.5,0.0,0.5,9.5,0.5,0.0,0.0,0.0,0.0,0.0,0.0,0.0,0.5,0,0,0,0,0,1,0,0,0,1,0,0,0,0,0,1,0,0,0
2017-02-16,0.5,0.0,0.0,0.0,0.0,0.0,0.0,0.0,0.5,12.75,0.0,0.0,0.0,0.0,0.0,0.0,0.0,0.0,0.5,0,0,0,0,0,1,0,0,0,1,0,0,0,0,0,1,0,0,0
2017-02-17,0.0,0.0,0.0,0.0,0.0,0.0,0.0,0.0,0.5,0.25,0.0,0.0,0.0,0.0,0.0,3.0,0.0,0.0,0.0,0,0,0,0,0,1,0,0,0,1,0,0,0,0,0,1,0,0,0
2017-02-18,0.0,0.0,0.0,0.0,0.0,3.0,0.5,0.0,12.0,2.0,0.0,0.0,0.0,0.0,0.0,0.0,11.5,0.0,0.0,0,0,0,0,0,1,0,0,0,1,0,0,0,0,0,1,0,0,0
2017-02-19,0.0,0.0,0.0,0.0,0.0,4.5,0.5,0.0,12.0,5.5,5.0,27.5,6.5,1.0,15.0,0.0,11.5,0.0,29.5,0,0,0,0,0,1,0,0,0,1,0,0,0,0,0,1,0,0,0
2017-02-20,0.0,50.5,34.0,26.0,61.5,0.5,67.0,19.5,0.5,6.25,9.5,27.5,8.5,77.0,15.0,0.0,1.0,15.5,29.5,0,0,0,0,0,1,0,0,0,1,0,0,0,0,0,1,0,0,0
2017-02-21,66.5,50.5,34.0,49.5,61.5,0.5,67.0,19.5,6.0,5.25,9.5,1.5,8.5,77.0,1.5,0.0,1.0,15.5,15.5,0,0,0,0,0,1,0,0,0,1,0,0,0,0,0,1,0,0,0
2017-02-22,73.0,8.5,8.0,49.5,21.5,0.5,1.5,1.0,25.0,4.0,70.5,29.5,18.5,0.5,41.0,0.0,23.0,7.0,15.5,0,0,0,0,0,1,0,0,0,1,0,0,0,0,0,1,0,0,0
2017-02-23,4.5,8.5,21.5,8.5,21.5,5.75,5.0,9.0,25.0,9.0,70.5,29.5,18.5,3.0,41.0,0.0,23.0,16.0,15.5,0,0,0,0,0,1,0,0,0,1,0,0,0,0,0,1,0,0,0
2017-02-24,13.5,18.5,21.5,20.5,28.5,3.5,30.0,12.5,53.5,25.75,95.5,72.0,22.5,49.5,51.0,18.0,39.5,33.5,58.0,0,0,0,0,0,1,0,0,0,1,0,0,0,0,0,1,0,0,0
2017-02-25,49.5,18.5,15.0,20.5,28.5,0.0,30.0,17.0,53.5,10.5,95.5,78.0,43.0,49.5,51.0,18.0,39.5,33.5,58.0,0,0,0,0,0,1,0,0,0,1,0,0,0,0,0,1,0,0,0
2017-02-26,51.0,7.0,16.0,6.5,10.0,0.0,26.0,22.5,18.5,0.0,18.5,78.5,45.0,34.5,34.0,0.0,30.0,34.5,11.0,0,0,0,0,0,1,0,0,0,1,0,0,0,0,0,1,0,0,0
2017-02-27,37.0,11.0,29.0,22.0,12.0,0.0,18.0,22.5,23.0,1.25,24.5,31.0,23.5,23.5,9.5,0.0,17.5,22.5,14.5,0,0,0,0,0,1,0,0,0,1,0,0,0,0,0,1,0,0,0
2017-02-28,22.5,11.0,29.0,22.0,12.0,0.0,14.0,13.5,23.0,3.25,24.5,31.0,23.0,10.5,7.5,0.0,17.5,22.5,14.5,0,0,0,0,0,1,0,0,0,1,0,0,0,0,0,1,0,0,0
2017-03-01,8.0,7.5,6.0,9.0,9.0,0.0,8.5,3.5,3.5,3.0,4.5,2.5,4.5,6.0,3.5,2.0,5.0,6.5,3.0,0,0,0,0,0,1,0,0,0,1,0,0,0,0,0,1,0,0,0
2017-03-02,11.0,7.0,11.0,11.0,6.5,4.75,3.0,4.5,1.5,3.5,2.5,1.0,2.5,1.0,0.0,0.0,1.5,3.5,3.0,0,0,0,0,0,1,0,0,0,1,0,0,0,0,0,1,0,0,0
2017-03-03,11.5,7.0,11.0,11.0,6.5,8.25,4.5,7.5,2.0,14.0,9.0,4.0,9.0,5.5,3.5,0.0,1.5,19.0,6.5,0,0,0,0,0,1,0,0,0,1,0,0,0,0,0,1,0,0,0
2017-03-04,2.5,2.5,4.5,2.0,3.0,16.25,4.5,7.5,2.0,24.25,9.0,4.0,9.0,5.5,3.5,0.0,1.5,19.0,6.5,0,0,0,0,0,1,0,0,0,1,0,0,0,0,0,1,0,0,0
2017-03-05,58.0,2.5,7.5,1.5,4.0,5.0,18.5,16.0,7.5,2.75,0.0,22.5,19.5,11.0,23.5,0.0,11.5,68.5,4.0,0,0,0,0,0,1,0,0,0,1,0,0,0,0,0,1,0,0,0
2017-03-06,58.0,2.5,7.5,1.5,4.0,3.75,42.5,16.0,7.5,11.5,0.0,22.5,19.5,39.0,23.5,0.0,11.5,68.5,4.0,0,0,0,0,0,1,0,0,0,1,0,0,0,0,0,1,0,0,0
2017-03-07,3.0,10.5,12.0,25.0,15.0,8.0,42.5,7.5,1.0,2.0,25.5,16.5,0.5,39.0,45.5,0.0,2.0,0.0,20.0,0,0,0,0,0,1,0,0,0,1,0,0,0,0,0,1,0,0,0
2017-03-08,3.0,10.5,12.0,25.0,15.0,10.25,8.0,8.0,24.0,2.25,57.5,34.5,19.0,23.5,45.5,0.0,17.5,3.5,26.5,0,0,0,0,0,1,0,0,0,1,0,0,0,0,0,1,0,0,0
2017-03-09,1.0,7.5,10.0,4.5,3.0,0.25,15.5,14.5,24.0,9.75,57.5,34.5,37.5,23.5,43.5,0.0,31.5,3.5,26.5,0,0,0,0,0,1,0,0,0,1,0,0,0,0,0,0,0,0,0
2017-03-10,1.0,0.5,4.5,1.0,1.0,0.75,51.5,23.5,8.5,1.0,0.5,23.5,37.5,27.5,43.5,0.0,31.5,26.0,18.5,0,0,0,0,0,1,0,0,0,1,0,0,0,0,0,1,0,0,0
2017-03-11,0.5,0.0,4.5,1.0,0.0,8.0,54.0,23.5,5.5,0.25,3.0,23.5,3.0,48.5,1.0,0.0,14.5,26.0,18.5,0,0,0,0,0,1,0,0,0,1,0,0,0,0,0,1,0,0,0
2017-03-12,0.0,6.5,0.0,7.0,5.5,7.0,54.0,13.5,30.0,5.75,17.0,4.0,3.0,48.5,10.0,0.0,44.5,10.5,9.5,0,0,0,0,0,1,0,0,0,1,0,0,0,0,0,1,0,0,0
2017-03-13,0.0,6.5,0.0,7.0,5.5,0.5,19.5,5.5,30.0,4.5,17.0,4.0,1.5,15.0,10.0,0.0,44.5,5.5,9.5,0,0,0,0,0,1,0,0,0,1,0,0,0,0,0,1,0,0,0
2017-03-14,0.0,2.5,0.5,2.5,3.5,4.5,5.5,3.0,41.0,4.5,8.5,29.5,21.5,15.0,1.5,0.0,50.0,0.5,26.5,0,0,0,0,0,1,0,0,0,1,0,0,0,0,0,1,0,0,0
2017-03-15,0.0,3.5,23.5,6.0,6.5,0.5,5.5,3.5,41.0,4.0,8.5,29.5,21.5,20.5,0.5,0.0,50.0,0.5,26.5,0,0,0,0,0,1,0,0,0,1,0,0,0,0,0,1,0,0,0
2017-03-16,33.5,6.5,23.5,9.0,11.0,1.25,2.5,11.5,1.5,0.75,7.5,13.5,3.5,21.0,0.0,0.0,1.0,114.0,5.5,0,0,0,0,0,1,0,0,0,1,0,0,0,0,0,1,0,0,0
2017-03-17,33.5,14.5,11.0,33.5,14.0,0.25,24.5,32.5,24.0,0.5,67.5,54.5,8.5,11.5,31.5,13.5,5.5,114.0,56.0,0,0,0,0,0,1,0,0,0,1,0,0,0,0,0,1,0,0,0
2017-03-18,30.5,14.5,3.0,33.5,14.0,0.0,24.5,38.0,24.0,0.25,67.5,54.5,20.0,11.5,31.5,13.5,12.5,39.5,56.0,0,0,0,0,0,1,0,0,0,1,0,0,0,0,0,1,0,0,0
2017-03-19,52.5,48.5,40.5,104.0,32.5,0.0,74.0,65.5,33.0,0.25,72.0,24.0,58.0,60.5,54.0,13.5,39.5,66.5,67.5,0,0,0,0,0,1,0,0,0,1,0,0,0,0,0,1,0,0,0
2017-03-20,54.0,48.5,40.5,104.0,40.0,3.5,74.0,65.5,33.0,0.5,72.0,24.0,58.0,60.5,54.0,13.5,39.5,66.5,67.5,0,0,0,0,0,1,0,0,0,1,0,0,0,0,0,0,0,0,0
2017-03-21,54.0,36.0,18.0,15.5,40.0,0.0,5.0,7.5,9.5,0.5,11.5,18.0,7.5,5.5,9.0,13.5,6.5,22.5,17.0,0,0,0,0,0,1,0,0,0,1,0,0,0,0,0,1,0,0,0
2017-03-22,6.0,0.0,0.5,0.5,0.0,0.5,12.0,7.0,3.0,3.0,0.0,18.0,3.0,6.5,1.5,13.5,3.0,14.5,17.0,0,0,0,0,0,1,0,0,0,1,0,0,0,0,0,1,0,0,0
2017-03-23,7.5,0.0,0.5,0.5,0.0,0.5,12.0,7.0,3.0,2.0,0.0,27.0,3.0,6.5,8.5,13.5,1.0,14.5,0.0,0,0,0,0,0,1,0,0,0,1,0,0,0,0,0,1,0,0,0
2017-03-24,7.5,6.0,6.0,6.5,7.0,1.5,18.5,18.5,10.5,1.0,0.0,27.0,8.0,9.0,35.5,13.5,27.0,7.0,22.5,0,0,0,0,0,1,0,0,0,1,0,0,0,0,0,1,0,0,0
2017-03-25,3.5,6.0,6.0,6.5,7.0,3.5,18.5,18.5,56.0,1.5,21.5,29.0,8.0,9.0,35.5,13.5,39.0,7.0,22.5,0,0,0,0,0,1,0,0,0,1,0,0,0,0,0,1,0,0,0
2017-03-26,24.0,5.5,10.0,5.0,5.0,7.5,14.5,32.5,56.0,1.5,21.5,29.0,12.0,26.5,60.5,13.5,39.0,2.5,37.5,0,0,0,0,0,1,0,0,0,1,0,0,0,0,0,1,0,0,0
2017-03-27,24.5,5.5,10.0,5.0,5.0,2.25,14.5,32.5,33.0,3.0,8.5,8.0,12.0,26.5,60.5,13.5,10.0,2.5,37.5,0,0,0,0,0,1,0,0,0,1,0,0,0,0,0,1,0,0,0
2017-03-28,5.0,6.0,31.0,17.5,5.0,0.0,36.5,40.0,45.0,4.5,27.0,29.0,26.0,32.0,102.5,0.5,55.0,15.0,17.0,0,0,0,0,0,1,0,0,0,1,0,0,0,0,0,1,0,0,0
2017-03-29,27.5,14.5,31.0,17.5,14.0,13.25,36.5,40.0,45.0,6.5,27.0,29.0,26.0,32.0,102.5,0.5,55.0,15.0,17.0,0,0,0,0,0,1,0,0,0,1,0,0,0,0,0,0,0,0,0
2017-03-30,31.0,15.0,5.5,9.0,14.0,5.5,32.0,2.5,0.5,10.75,1.5,1.5,5.5,22.5,7.0,0.5,7.5,1.5,8.0,0,0,0,0,0,1,0,0,0,1,0,0,0,0,0,1,0,0,0
2017-03-31,0.0,0.0,41.0,8.5,0.0,2.5,5.5,6.5,1.5,7.0,0.5,0.0,4.0,9.5,21.0,0.5,0.5,22.5,0.0,0,0,0,0,0,1,0,0,0,1,0,0,0,0,0,1,0,0,0
2017-04-01,13.0,13.0,41.0,12.5,15.0,3.0,28.0,60.0,20.5,20.25,21.0,15.5,57.0,21.5,40.5,0.5,22.0,42.0,16.0,0,0,0,0,0,1,0,0,0,1,0,0,0,0,0,1,0,0,0
2017-04-02,13.0,13.0,20.0,12.5,15.0,1.75,28.5,60.0,21.0,18.75,21.0,16.0,57.5,22.0,42.0,0.5,11.5,42.5,16.5,0,0,0,0,0,1,0,0,0,1,0,0,0,0,0,1,0,0,0
2017-04-03,8.0,6.0,6.5,6.0,6.0,2.0,6.5,0.5,7.0,1.75,7.0,7.5,6.5,6.5,5.5,0.0,11.5,5.5,8.0,0,0,0,0,0,1,0,0,0,1,0,0,0,0,0,0,0,0,0
2017-04-04,1.5,6.0,5.0,1.5,5.0,7.25,0.5,0.5,0.0,1.5,0.0,1.0,0.0,0.5,1.5,0.0,0.5,3.0,0.5,0,0,0,0,0,1,0,0,0,1,0,0,0,0,0,1,0,0,0
2017-04-05,0.0,11.5,2.5,2.5,11.0,10.75,1.0,0.5,2.0,1.5,3.5,6.0,0.5,2.0,0.5,0.0,1.5,6.0,6.0,0,0,0,0,0,1,0,0,0,1,0,0,0,0,0,1,0,0,0
2017-04-06,0.0,11.5,2.5,2.5,11.0,8.75,1.0,0.5,2.0,1.0,3.5,6.0,0.5,2.0,0.5,0.0,1.5,6.0,6.0,0,0,0,0,0,1,0,0,0,1,0,0,0,0,0,1,0,0,0
2017-04-07,0.0,0.0,1.0,2.0,0.0,9.25,28.0,1.5,1.5,6.0,0.0,0.0,12.0,14.0,7.5,0.0,7.0,1.0,0.0,0,0,0,0,0,1,0,0,0,1,0,0,0,0,0,1,0,0,0
2017-04-08,0.5,1.0,1.0,2.0,0.5,5.0,1.5,4.0,1.5,1.25,0.0,0.0,12.0,14.0,9.0,0.0,7.0,7.0,0.0,0,0,0,0,0,1,0,0,0,1,0,0,0,0,0,1,1,0,0
2017-04-09,14.5,28.5,17.5,44.0,34.0,7.75,1.5,20.5,2.0,2.5,49.5,68.0,9.5,2.0,57.5,0.0,7.0,46.5,19.0,0,0,0,0,0,1,0,0,0,1,0,0,0,0,0,1,1,0,0
2017-04-10,14.5,28.5,0.0,0.0,0.0,2.25,0.5,20.5,2.0,1.25,49.5,68.0,0.0,2.0,57.5,0.0,7.0,0.0,19.0,0,0,0,0,0,1,0,0,0,1,0,0,0,0,0,0,1,0,0
2017-04-11,1.0,27.0,37.0,44.0,26.5,1.5,88.0,73.5,33.5,20.75,53.5,18.0,88.5,85.5,13.5,77.5,7.0,75.0,53.5,0,0,0,0,0,1,0,0,0,1,0,0,0,0,0,0,1,0,0
2017-04-12,6.0,62.0,37.0,44.0,58.0,1.0,88.0,73.5,16.5,25.5,53.5,30.5,101.5,85.5,13.5,9.0,17.5,75.0,53.5,0,0,0,0,0,1,0,0,0,1,0,0,0,0,0,0,0,0,0
2017-04-13,21.0,62.0,31.5,46.5,59.0,4.75,0.0,1.0,16.5,7.0,44.5,30.5,101.5,0.5,0.0,0.5,17.5,15.5,31.0,0,0,0,0,0,1,0,0,0,1,0,0,0,0,0,0,0,0,0
2017-04-14,25.5,51.5,0.0,0.5,59.0,16.5,11.5,7.0,6.5,1.25,44.5,23.0,19.0,32.5,5.5,3.5,6.0,15.5,12.5,0,0,0,0,0,1,0,0,0,1,0,0,0,0,0,0,0,0,0
2017-04-15,26.0,8.5,24.0,39.5,5.5,12.0,11.5,7.0,6.5,4.5,48.0,1.5,0.5,32.5,13.5,3.5,6.0,12.0,4.0,0,0,0,0,0,1,0,0,0,1,0,0,0,0,0,1,0,0,0
2017-04-16,2.0,9.0,24.0,39.5,6.0,21.75,38.5,1.5,3.0,4.25,48.0,1.5,2.0,36.5,92.5,3.5,19.0,12.0,5.5,0,0,0,0,0,1,0,0,0,1,0,0,0,0,0,1,0,0,0
2017-04-17,0.0,9.0,10.0,7.0,6.0,18.25,38.5,1.5,11.0,1.5,0.0,1.5,28.5,36.5,92.5,3.5,19.0,2.0,5.5,0,0,0,0,0,1,0,0,0,1,0,0,0,0,0,1,0,0,0
2017-04-18,4.5,22.5,10.0,21.5,34.0,25.25,14.5,9.0,11.0,2.5,60.5,48.0,44.0,12.5,9.0,3.5,8.5,17.5,15.0,0,0,0,0,0,1,0,0,0,1,0,0,0,0,0,1,0,0,0
2017-04-19,15.0,65.0,40.0,59.5,52.5,17.25,14.5,14.5,9.0,2.5,60.5,48.0,24.5,8.0,6.0,22.0,3.0,52.0,15.0,0,0,0,0,0,1,0,0,0,1,0,0,0,0,0,0,0,0,0
2017-04-20,15.5,67.0,74.5,59.5,80.0,27.0,48.0,39.0,9.0,1.75,39.0,8.0,34.5,33.0,34.5,22.0,5.5,70.5,22.0,0,0,0,0,0,1,0,0,0,1,0,0,0,0,0,1,0,0,0
2017-04-21,2.5,67.0,74.5,51.5,80.0,10.25,48.0,39.0,7.5,7.5,39.0,10.5,34.5,33.0,34.5,22.0,5.5,70.5,22.0,0,0,0,0,0,1,0,0,0,1,0,0,0,0,0,1,0,0,0
2017-04-22,17.0,1.5,2.0,1.0,7.0,4.5,29.5,39.0,19.0,4.75,1.0,10.5,28.0,30.0,36.0,17.0,13.5,21.0,2.5,0,0,0,0,0,1,0,1,0,1,0,0,0,0,0,0,0,0,0
2017-04-23,17.0,0.5,2.0,1.0,0.5,14.25,29.5,1.0,19.0,18.75,1.0,9.0,28.0,30.0,36.0,17.0,13.5,21.0,2.5,0,0,0,0,0,1,0,0,0,1,0,0,0,0,0,1,0,0,0
2017-04-24,19.5,0.5,3.5,12.5,0.0,18.5,1.5,12.0,18.0,21.5,4.5,32.0,23.0,13.0,0.0,12.0,26.5,1.0,23.0,0,0,0,0,0,1,0,0,0,1,0,0,0,0,0,0,0,0,0
2017-04-25,19.5,7.5,11.5,12.5,9.5,18.5,103.5,89.0,18.0,13.0,19.5,32.0,58.0,75.5,0.0,12.0,26.5,116.5,23.0,0,0,0,0,0,1,0,0,0,1,0,0,0,0,0,1,0,0,0
2017-04-26,83.0,14.0,11.5,7.5,12.5,9.75,103.5,89.0,41.0,3.25,19.5,103.0,58.0,83.5,25.0,13.5,38.0,116.5,22.5,0,0,0,0,0,1,0,0,0,1,0,0,0,0,0,0,0,0,0
2017-04-27,83.0,14.0,8.5,4.0,12.5,13.25,85.0,26.5,41.0,4.75,6.0,103.0,35.5,83.5,25.0,13.5,38.0,20.5,22.5,0,0,0,0,0,1,0,0,0,1,0,0,0,0,0,1,0,0,0
2017-04-28,15.5,57.5,1.0,17.0,74.5,21.25,38.5,1.0,25.0,6.0,74.0,16.0,25.0,65.0,18.5,13.5,15.5,1.5,52.5,0,0,0,0,0,1,0,0,0,1,0,0,0,0,0,1,0,0,0
2017-04-29,15.5,57.5,0.5,17.0,74.5,15.0,38.5,1.0,71.5,5.5,74.0,39.5,45.5,65.0,38.5,18.5,64.5,1.5,52.5,0,0,0,0,0,1,0,1,0,1,0,0,0,0,0,0,0,0,0
2017-04-30,1.5,1.5,0.0,0.5,3.0,5.25,27.5,1.0,71.5,2.5,10.0,39.5,50.0,11.5,38.5,18.5,64.5,0.5,6.0,0,0,0,0,0,1,0,1,0,1,0,0,0,0,0,1,0,0,0
2017-05-01,4.0,10.0,36.5,24.5,5.5,11.75,27.0,1.0,33.0,1.0,36.0,22.5,58.5,7.0,11.5,18.5,23.5,32.0,4.5,0,0,0,0,0,1,0,1,0,1,0,0,0,0,0,1,0,0,0
2017-05-02,5.5,10.0,36.5,24.5,5.5,9.0,19.0,1.0,4.5,8.75,36.0,69.0,58.5,10.0,8.0,6.0,23.5,32.0,57.5,0,0,0,0,0,1,0,1,0,1,0,0,0,0,0,0,0,0,0
2017-05-03,5.5,2.5,0.5,0.5,4.0,2.75,19.0,1.0,4.5,1.25,18.0,69.0,4.0,10.0,11.0,6.0,4.5,4.5,57.5,0,0,0,0,0,1,0,1,0,1,0,0,0,0,0,1,0,0,0
2017-05-04,2.0,21.5,4.0,3.5,40.0,17.75,1.5,1.0,32.5,5.5,49.0,56.5,16.0,1.0,11.0,6.0,17.0,4.5,37.5,0,0,0,0,0,1,0,1,0,1,0,0,0,0,0,1,0,0,0
2017-05-05,2.0,21.5,11.5,3.5,40.0,18.0,41.0,1.0,32.5,5.5,49.0,56.5,16.0,7.5,4.5,0.5,17.0,24.0,37.5,0,0,0,0,0,1,0,1,0,1,0,0,0,0,0,0,0,0,0
2017-05-06,10.0,14.5,11.5,3.0,5.0,9.5,41.0,2.0,7.5,0.5,2.5,5.0,10.0,7.5,2.0,1.5,13.0,24.0,12.0,0,0,0,0,0,1,0,1,0,1,0,0,0,0,0,0,0,0,0
2017-05-07,12.5,62.5,16.5,41.5,72.0,16.25,19.0,12.5,22.0,0.75,46.0,5.0,22.0,44.0,23.5,1.5,14.0,10.0,12.0,0,0,0,0,0,1,0,1,0,1,0,0,0,0,0,1,0,0,0
2017-05-08,12.5,62.5,16.5,41.5,72.0,22.5,19.0,14.75,22.0,6.0,46.0,1.5,22.0,44.0,23.5,0.5,14.0,10.0,9.0,0,0,0,0,0,1,0,1,0,1,0,0,0,0,0,0,0,0,0
2017-05-09,3.5,0.0,0.0,0.0,1.0,0.5,17.0,0.5,11.5,0.5,7.0,1.5,6.0,2.5,45.5,0.5,30.0,11.5,9.0,0,0,0,0,0,1,0,1,0,1,0,0,0,0,0,1,0,0,0
2017-05-10,20.0,4.5,2.5,1.0,8.0,3.75,17.0,1.25,13.0,0.5,1.5,1.5,7.0,3.0,45.5,4.5,30.0,0.0,13.5,0,0,0,0,0,1,0,1,0,1,0,0,0,0,0,0,0,0,0
2017-05-11,20.0,13.5,11.5,26.0,13.0,3.75,7.5,4.75,23.5,2.0,39.0,16.5,16.0,3.0,0.0,4.5,17.0,0.0,13.5,0,0,0,0,0,1,0,1,0,1,0,0,0,0,0,1,0,0,0
2017-05-12,4.0,13.5,25.0,26.0,13.5,13.0,0.5,2.5,33.5,2.0,39.0,16.5,25.5,1.0,0.0,4.5,18.0,2.0,39.5,0,0,0,0,0,1,0,1,0,1,0,0,0,0,0,1,0,0,0
2017-05-13,41.0,13.5,25.0,14.0,13.5,19.0,0.5,9.5,33.5,6.25,28.5,14.0,25.5,16.5,0.0,4.5,18.0,5.0,39.5,0,0,0,0,0,1,0,1,0,1,0,0,0,0,0,1,0,0,0
2017-05-14,41.0,5.0,0.0,3.0,9.5,19.25,0.0,7.75,18.0,6.25,1.5,3.5,2.0,16.5,0.0,4.5,7.5,0.5,0.5,0,0,0,0,0,1,0,1,0,1,0,0,0,0,0,1,0,0,0
2017-05-15,5.5,5.0,0.0,3.0,4.5,19.5,0.0,12.5,0.5,0.25,0.0,0.0,0.0,0.0,0.0,4.5,0.0,0.0,0.0,0,0,0,0,0,1,0,1,0,1,0,0,0,0,0,1,0,0,0
2017-05-16,1.0,1.5,14.0,0.5,1.0,9.0,0.0,0.0,0.5,0.5,0.0,0.0,4.0,0.0,0.0,4.5,0.0,0.0,0.0,0,0,0,0,0,1,0,1,0,1,0,0,0,0,0,1,0,0,1
2017-05-17,0.0,1.5,14.0,0.0,1.0,8.25,0.0,0.0,0.0,0.25,0.0,0.0,4.0,0.0,0.0,4.5,0.0,0.0,0.0,0,0,0,0,0,1,0,1,0,1,0,0,0,0,0,1,0,0,1
2017-05-18,1.0,0.0,0.0,1.0,0.5,14.0,0.0,0.0,0.0,0.25,0.0,0.0,0.0,0.0,0.0,3.5,0.0,0.0,0.0,0,0,0,0,0,1,0,1,0,1,0,0,0,0,0,1,0,0,1
2017-05-19,1.0,0.0,0.0,1.0,0.5,16.5,0.0,0.0,0.0,0.25,0.0,0.0,0.0,0.0,0.0,16.25,0.0,0.0,0.0,0,0,0,0,0,1,0,1,0,1,0,0,0,0,0,1,0,0,1
2017-05-20,3.0,1.5,7.5,3.0,2.0,3.75,13.5,0.0,9.5,0.25,6.0,8.0,12.5,11.0,8.0,1.25,9.0,0.0,4.5,0,0,0,0,0,1,0,1,0,1,0,0,0,0,0,1,0,0,0
2017-05-21,6.5,1.5,7.5,0.0,2.0,2.0,13.5,0.0,9.5,0.25,6.0,8.0,12.5,11.0,8.0,0.0,9.0,0.0,4.5,0,0,0,0,0,1,0,1,0,1,0,0,0,0,0,1,0,0,1
2017-05-22,22.0,31.0,2.5,0.5,26.0,0.25,38.5,0.0,6.0,0.5,2.0,11.5,9.5,21.5,32.0,5.0,10.5,0.0,4.5,0,0,0,0,0,1,0,1,0,1,0,0,0,0,0,1,0,1,1
2017-05-23,108.0,31.0,8.5,2.5,26.0,1.5,38.5,0.0,6.0,0.75,2.0,11.5,9.5,21.5,32.0,5.0,10.5,0.0,4.5,0,0,0,0,0,1,0,0,0,1,0,0,0,0,0,1,0,0,1
2017-05-24,108.0,0.5,8.5,2.5,0.5,6.0,0.0,0.0,0.5,0.5,1.5,0.0,0.0,0.0,13.0,5.0,1.0,0.0,4.5,0,0,0,0,0,1,0,0,0,1,0,0,0,0,0,1,0,0,1
2017-05-25,27.0,22.5,13.5,54.0,20.0,7.0,22.5,53.5,83.5,0.0,74.5,86.5,100.0,12.0,5.0,5.0,75.0,0.0,4.5,0,0,0,0,0,1,0,0,0,1,0,0,0,0,0,1,0,0,1
2017-05-26,27.0,22.5,13.5,54.0,20.0,10.5,0.0,0.0,83.5,0.5,74.5,86.5,100.0,12.0,5.0,5.0,75.0,0.0,4.5,0,0,0,0,0,1,0,0,0,1,0,0,0,0,0,1,0,0,1
2017-05-27,15.0,6.5,25.0,17.5,11.0,3.5,49.0,19.5,0.5,1.0,32.0,4.0,1.0,20.0,0.5,5.0,0.5,0.0,4.5,0,0,0,0,0,1,0,0,0,1,0,0,0,0,0,1,0,0,1
2017-05-28,15.0,6.5,31.0,17.5,11.0,0.0,49.0,19.5,14.5,0.5,32.0,13.0,1.0,43.0,4.0,5.0,17.0,0.0,0.25,0,0,0,0,0,1,0,0,0,1,0,0,0,0,0,1,0,0,1
2017-05-29,5.0,5.5,31.0,9.0,6.0,1.5,41.5,5.5,39.0,0.0,6.0,18.0,12.5,43.0,4.0,5.0,19.5,0.0,0.0,0,0,0,0,0,1,0,0,0,1,0,0,0,0,0,0,0,0,1
2017-05-30,5.0,41.5,43.5,31.0,41.0,2.0,30.5,27.0,66.5,0.0,26.5,45.5,67.0,22.5,51.5,0.0,72.0,0.0,0.0,0,0,0,0,0,1,0,0,0,1,0,0,0,0,0,0,0,0,1
2017-05-31,0.5,41.5,43.5,31.0,41.0,9.0,2.5,0.0,66.5,0.5,26.5,45.5,67.0,5.5,51.5,0.0,72.0,0.0,0.0,0,0,0,0,0,1,0,0,0,1,0,0,0,0,0,1,0,0,1
2017-06-01,0.0,2.0,0.0,0.0,1.5,2.5,1.5,0.0,0.0,0.5,0.0,0.0,0.0,0.0,0.0,0.0,0.0,0.0,0.0,0,0,0,0,0,1,0,0,0,1,0,0,0,0,0,1,0,0,1
2017-06-02,8.5,1.5,1.0,0.5,4.0,3.75,3.5,8.5,2.0,0.0,3.5,7.5,2.0,4.5,4.5,0.0,2.0,0.0,0.0,0,0,0,0,0,1,0,0,0,1,0,0,0,0,0,1,0,0,1
2017-06-03,0.0,1.5,1.0,0.0,0.0,2.75,0.0,8.5,2.0,0.5,0.0,0.0,0.0,0.0,0.0,0.0,0.0,0.0,0.0,0,0,0,0,0,1,0,0,0,1,0,0,0,0,0,1,0,0,1
2017-06-04,6.5,17.0,23.0,27.0,12.5,14.0,10.0,9.5,21.0,0.5,15.5,10.5,18.5,15.0,31.0,0.0,17.5,0.0,0.0,0,0,0,0,0,1,0,0,0,1,0,0,0,0,0,1,0,1,1
2017-06-05,0.0,17.0,23.0,27.0,0.0,20.5,10.0,9.5,21.0,0.5,15.5,10.5,18.5,15.0,31.0,0.0,17.5,0.0,0.0,0,0,0,0,0,1,0,0,0,1,0,0,0,0,0,1,0,0,1
2017-06-06,0.0,0.0,0.0,0.0,0.0,5.75,0.0,0.0,0.0,0.0,0.0,0.0,0.0,0.0,0.0,0.0,0.0,0.0,0.0,0,0,0,0,0,1,0,0,0,1,0,0,0,0,0,1,0,0,1
2017-06-07,0.0,0.0,0.0,0.0,0.0,0.0,0.0,0.0,0.0,0.0,0.0,0.0,0.0,0.0,0.0,0.0,0.0,0.0,0.0,0,0,0,0,0,1,0,0,0,1,0,0,0,0,0,1,0,1,1
2017-06-08,9.5,1.5,6.0,55.0,0.0,1.25,0.0,0.0,0.0,0.5,0.5,0.0,0.0,0.0,0.0,5.5,0.0,0.0,0.0,0,0,0,0,1,1,0,0,0,1,0,0,0,0,0,1,0,0,0
2017-06-09,9.5,1.5,6.0,55.0,0.0,8.0,0.0,0.5,0.0,0.5,0.5,0.0,0.0,0.0,0.0,17.5,0.0,0.0,0.0,0,0,0,0,1,1,0,0,0,1,0,0,0,0,0,1,0,0,1
2017-06-10,0.0,0.0,0.0,0.0,0.0,18.75,3.0,0.0,0.0,0.0,0.0,0.0,0.0,1.0,0.0,1.5,0.0,0.0,0.0,0,0,0,0,1,1,0,0,0,1,0,0,0,0,0,1,0,0,1
2017-06-11,0.0,0.0,0.0,0.0,0.0,5.0,3.0,0.0,0.0,0.0,0.0,0.0,0.0,1.0,0.0,10.5,0.0,0.0,0.0,0,0,0,0,1,1,0,1,0,1,0,0,0,0,0,1,0,0,1
2017-06-12,13.0,26.0,0.0,0.0,0.0,4.5,8.5,0.0,0.5,0.0,19.5,0.5,20.0,1.0,0.0,10.5,3.5,0.0,0.0,0,0,0,0,1,1,0,1,0,1,0,0,0,0,0,1,0,0,1
2017-06-13,13.0,26.0,0.0,0.0,0.0,7.5,8.5,0.0,0.5,0.0,19.5,0.5,20.0,1.0,0.0,5.75,3.5,0.0,0.0,0,0,0,0,1,1,0,1,0,1,0,0,0,0,0,1,0,0,1
2017-06-14,0.5,0.0,2.0,0.0,0.0,11.5,3.5,0.0,0.0,0.0,0.5,0.0,0.0,0.5,0.0,1.0,0.0,0.0,0.0,0,0,0,0,1,1,0,1,0,1,0,0,0,0,0,1,0,1,1
2017-06-15,2.5,1.5,2.5,1.0,0.5,2.25,0.0,0.0,0.0,0.0,0.0,0.5,0.5,0.0,0.0,1.0,0.0,0.0,0.0,0,0,0,0,1,1,0,1,0,1,0,0,0,0,0,1,0,1,1
2017-06-16,2.5,11.5,12.0,1.5,2.0,2.75,51.5,0.0,46.5,0.5,0.0,23.0,46.0,23.5,34.0,1.0,40.0,0.0,2.5,0,0,0,0,1,1,0,1,0,1,0,0,0,0,0,1,0,1,1
2017-06-17,8.0,57.0,83.5,49.0,9.5,4.5,51.5,0.0,46.5,0.5,11.5,23.0,46.0,34.5,0.0,1.0,40.0,0.0,0.0,0,0,0,0,1,1,0,1,0,1,0,0,0,0,0,1,0,1,1
2017-06-18,8.0,57.0,0.5,49.0,8.0,3.5,37.5,1.0,29.0,0.0,0.0,10.0,11.5,34.5,0.0,1.0,0.0,0.0,0.0,0,0,0,0,1,1,0,1,0,1,0,0,0,0,0,1,0,1,1
2017-06-19,3.5,0.5,0.5,2.0,7.5,5.25,0.0,1.0,0.0,0.0,0.0,0.0,1.5,0.5,0.0,1.0,0.0,0.0,0.0,0,0,0,0,1,1,0,1,0,1,0,0,0,0,0,1,0,1,1
2017-06-20,0.5,0.5,1.5,1.0,28.0,12.75,16.5,1.0,4.5,0.5,0.5,2.0,5.5,20.5,29.5,1.0,0.0,0.0,0.0,0,0,0,0,1,1,0,1,0,1,0,0,0,0,0,1,0,1,1
2017-06-21,20.0,65.0,32.5,79.0,28.0,13.25,16.5,1.0,4.5,0.5,14.0,2.0,5.5,20.5,29.5,1.0,0.0,0.0,0.0,0,0,0,0,1,1,0,0,0,1,0,0,0,0,0,0,0,1,1
2017-06-22,20.0,65.0,32.5,79.0,0.5,1.75,12.5,1.0,1.0,0.0,27.0,2.0,1.5,8.5,12.5,1.0,0.0,0.0,0.0,0,0,0,0,1,1,0,0,0,1,0,0,0,0,0,1,0,1,1
2017-06-23,4.5,17.0,11.5,34.0,2.0,2.75,12.5,1.0,3.5,0.0,27.0,6.5,4.5,8.5,0.0,1.0,0.0,0.0,0.0,0,0,0,0,1,1,0,1,0,1,0,0,0,0,0,1,0,1,1
2017-06-24,0.0,0.0,0.0,0.0,3.5,3.5,0.0,1.0,3.5,0.0,0.0,0.0,0.0,7.5,0.0,1.0,0.0,0.0,0.0,0,0,0,0,1,1,0,1,0,1,0,0,0,0,0,1,0,1,0
2017-06-25,24.5,0.0,0.5,0.0,0.0,2.0,1.0,1.0,52.0,0.0,6.0,10.5,26.5,0.0,19.5,1.0,0.0,0.0,0.0,0,0,0,0,1,1,0,1,0,1,0,0,0,0,0,1,0,1,1
2017-06-26,24.5,35.5,46.0,39.0,0.0,5.5,23.5,1.0,115.5,0.0,45.5,77.0,48.0,22.0,44.5,1.0,0.0,0.0,0.0,0,0,0,0,1,1,0,1,0,1,0,0,0,0,0,1,0,1,1
2017-06-27,20.0,36.0,46.5,40.0,6.0,5.0,24.0,1.0,116.5,0.0,46.0,78.0,49.0,22.5,45.0,1.0,0.0,0.0,0.0,0,0,0,0,1,1,0,1,0,1,0,0,0,0,0,1,0,1,1
2017-06-28,3.0,3.0,2.5,3.0,5.0,4.0,2.5,1.0,0.0,0.0,0.0,51.5,4.5,3.0,3.0,3.0,0.0,0.0,0.0,0,0,0,0,1,1,0,1,0,1,0,0,0,0,0,0,0,0,1
2017-06-29,0.0,0.0,0.0,0.0,0.0,2.0,0.0,1.0,0.0,0.0,0.0,51.5,0.0,0.0,0.0,0.0,0.0,0.0,0.0,0,0,0,0,1,1,0,1,0,1,0,0,0,0,0,0,1,1,1
2017-06-30,0.0,0.0,0.0,0.0,0.0,0.5,0.0,4.5,0.0,0.5,0.0,51.5,0.0,0.0,0.0,0.0,0.0,0.0,0.0,1,1,1,1,1,1,1,1,1,1,1,1,1,1,1,1,1,1,1
2017-07-01,41.0,0.5,1.0,1.0,0.0,1.0,0.0,4.5,0.0,0.0,0.0,0.5,0.0,0.0,0.0,0.0,0.0,0.0,0.0,0,0,0,0,1,1,0,1,0,1,0,0,0,0,0,1,0,0,1
2017-07-02,41.0,0.5,10.5,1.0,3.5,5.5,0.0,4.5,1.0,0.0,0.0,0.5,0.0,0.0,0.0,0.0,0.0,0.0,0.0,0,0,0,0,1,1,0,1,0,1,0,0,0,0,0,1,0,1,1
2017-07-03,24.5,2.0,8.0,7.0,0.0,2.0,3.0,4.5,1.5,0.0,0.5,1.5,1.0,2.5,1.5,2.0,0.0,0.0,0.0,0,0,0,0,1,1,0,1,0,1,0,0,0,0,0,0,0,0,1
2017-07-04,24.5,2.0,8.5,7.0,0.0,0.5,3.0,4.5,1.5,0.0,8.5,3.5,1.0,2.5,1.5,2.0,0.0,0.0,0.0,0,0,0,0,1,1,0,0,0,1,0,0,0,0,0,1,0,1,1
2017-07-05,4.5,1.5,8.5,4.5,0.0,1.75,0.0,4.5,0.0,0.0,8.5,3.5,0.0,1.5,0.0,2.0,0.0,0.0,0.0,0,0,0,0,1,1,0,0,0,1,0,0,0,0,0,1,0,1,1
2017-07-06,4.5,1.5,0.5,0.0,1.0,2.75,0.0,0.0,0.0,0.0,0.0,0.0,0.0,0.0,0.0,2.0,0.0,0.0,0.5,0,0,0,0,1,1,0,0,0,1,0,0,0,0,0,1,0,1,1
2017-07-07,2.5,33.5,4.0,24.0,3.5,0.75,6.0,3.5,7.0,0.0,19.0,26.5,13.5,8.5,0.5,2.0,3.0,0.0,0.5,0,0,0,0,1,1,0,0,0,1,0,0,0,0,0,1,0,1,1
2017-07-08,0.0,3.0,0.0,0.0,0.5,2.5,0.0,0.5,0.0,5.25,0.0,0.0,0.0,0.0,0.0,2.0,0.0,0.0,0.0,0,0,0,0,1,1,0,0,0,1,0,0,0,0,0,1,0,1,1
2017-07-09,0.0,3.0,0.0,4.5,2.5,19.0,0.0,0.5,0.0,5.25,0.0,0.0,0.0,0.0,0.0,2.0,0.0,0.0,1.0,0,0,0,0,1,1,0,0,0,1,0,0,0,0,0,1,0,1,1
2017-07-10,33.5,11.5,2.0,6.5,3.5,4.0,4.5,1.5,0.0,0.0,0.0,0.0,0.5,0.5,8.5,2.0,0.0,0.0,20.25,0,0,0,0,1,1,0,0,0,1,0,0,0,0,0,1,0,1,1
2017-07-11,48.5,20.0,34.5,17.0,13.5,3.25,30.5,8.5,1.0,0.25,7.5,17.5,3.0,50.5,0.0,0.0,0.0,3.0,4.5,0,0,0,0,1,1,0,0,0,1,0,0,0,0,0,1,0,1,1
2017-07-12,48.5,20.0,34.5,18.5,27.0,4.75,30.5,8.5,1.0,0.25,16.5,22.5,3.0,50.5,0.0,0.0,0.0,21.25,9.75,0,0,0,0,1,1,0,0,0,1,0,0,0,0,0,1,0,1,1
2017-07-13,25.0,3.0,9.5,10.0,16.0,15.75,12.0,8.0,4.5,0.0,7.0,10.5,8.5,10.5,14.5,0.0,0.0,22.0,9.75,0,0,0,0,1,1,0,0,0,1,0,0,0,0,0,1,0,1,1
2017-07-14,26.0,3.0,2.0,1.5,3.0,0.75,12.0,8.0,4.5,0.0,0.5,11.0,8.5,11.0,14.5,0.0,0.0,1.0,0.0,0,0,0,0,1,1,0,0,0,1,0,0,0,0,0,0,0,1,1
2017-07-15,2.0,4.5,19.5,11.0,0.0,0.75,22.5,18.5,18.5,0.0,8.0,13.0,30.0,50.0,0.0,0.0,0.0,1.0,0.0,0,0,0,0,1,1,0,0,0,1,0,0,0,0,0,1,0,1,1
2017-07-16,2.0,4.5,19.5,11.0,0.0,0.0,22.5,0.0,18.5,0.0,8.0,13.0,30.0,50.0,0.0,0.0,0.0,0.0,0.0,0,0,0,0,1,1,0,0,0,1,0,0,0,0,0,1,0,1,1
2017-07-17,0.0,0.0,0.0,0.0,0.0,1.0,0.0,0.0,0.0,0.0,0.0,0.0,0.0,0.0,0.0,0.0,0.0,0.0,0.0,0,0,0,0,1,1,0,0,0,1,0,0,0,0,0,1,0,1,1
2017-07-18,0.0,0.0,0.0,0.0,0.0,6.5,0.0,0.0,0.0,0.0,0.0,0.0,0.0,0.0,0.0,0.0,0.0,3.25,0.0,0,0,0,0,1,1,0,0,0,1,0,0,0,0,0,1,0,1,1
2017-07-19,0.0,0.0,0.0,0.0,1.0,1.75,0.0,0.0,0.0,0.0,0.0,0.0,0.0,0.0,0.0,0.0,0.0,0.0,0.0,0,0,0,0,1,1,0,0,0,1,0,0,0,0,0,1,0,1,1
2017-07-20,0.0,0.0,0.0,0.0,6.0,0.75,4.0,9.0,0.0,0.0,0.0,0.0,0.0,1.5,0.0,0.0,0.0,0.0,0.0,0,0,0,0,1,1,0,0,0,1,0,0,0,0,0,1,0,1,1
2017-07-21,0.0,0.0,0.0,0.0,0.5,0.25,4.0,9.0,0.0,0.0,0.0,0.0,0.0,1.5,0.0,0.0,0.0,0.0,0.0,0,0,0,0,1,1,0,0,0,1,0,0,0,0,0,0,0,1,1
2017-07-22,0.0,0.0,0.0,0.0,0.0,5.5,0.0,0.0,0.0,7.75,0.0,0.0,0.0,0.0,0.0,0.0,0.0,0.0,4.0,0,0,0,0,1,1,0,0,0,1,0,0,0,0,0,1,0,1,1
2017-07-23,0.0,0.0,0.0,0.0,4.0,9.5,0.0,0.0,0.0,7.75,0.0,0.0,0.0,0.0,0.0,0.0,0.0,0.0,8.0,0,0,0,0,1,1,0,0,0,1,0,0,0,0,0,1,0,1,1
2017-07-24,1.5,6.0,5.5,9.5,0.0,7.0,29.5,12.5,3.0,0.0,15.0,7.0,7.0,24.5,4.0,0.0,0.0,0.0,4.0,0,0,0,0,1,1,0,0,0,1,0,0,0,0,0,1,0,1,1
2017-07-25,9.5,6.0,5.5,9.5,0.0,0.0,29.5,12.5,3.0,0.0,15.0,7.0,7.0,24.5,0.0,0.0,0.5,0.0,0.25,0,0,0,0,1,1,0,0,0,1,0,0,0,0,0,1,0,1,1
2017-07-26,9.5,4.0,2.0,9.0,0.0,0.25,0.0,0.5,0.5,18.25,6.0,2.5,0.0,0.0,0.0,0.0,0.0,0.0,0.25,0,0,0,0,1,1,0,0,0,1,0,0,0,0,0,0,0,0,1
2017-07-27,3.0,0.0,0.0,0.0,0.0,0.0,0.0,0.0,0.0,18.25,0.0,0.0,0.0,0.0,0.0,0.0,0.0,0.0,7.25,0,0,0,0,1,1,0,0,0,1,0,0,0,0,0,1,0,0,1
2017-07-28,3.0,1.5,0.0,0.0,3.5,3.5,0.0,0.0,1.0,1.5,0.0,0.0,0.0,0.0,0.0,0.0,0.0,0.0,6.25,0,0,0,0,1,1,0,0,0,1,0,0,0,0,0,0,0,0,1
2017-07-29,3.0,1.5,0.0,0.0,3.75,2.0,0.0,0.0,1.0,10.75,0.0,0.0,0.0,0.0,0.0,0.0,0.0,0.0,1.25,0,0,0,0,1,1,0,0,0,1,0,0,0,0,0,1,0,1,1
2017-07-30,0.0,0.0,18.5,2.5,8.75,6.0,0.5,10.0,2.0,10.75,4.0,41.5,27.5,4.0,1.0,17.5,1.5,0.0,2.75,0,0,0,0,1,1,0,0,0,1,0,0,0,0,0,0,0,1,1
2017-07-31,0.5,6.5,18.5,8.5,7.75,0.0,1.0,16.0,3.0,2.25,10.5,41.5,27.5,4.0,1.0,17.5,0.0,0.0,0.0,0,0,0,0,1,1,0,0,0,1,0,0,0,0,0,1,0,0,1
2017-08-01,5.0,1.5,1.0,0.0,1.0,8.25,3.5,2.0,0.0,0.5,0.0,0.0,3.0,4.0,0.0,17.5,0.0,0.0,13.75,0,0,0,0,1,1,0,0,0,1,0,0,0,0,0,1,0,0,1
2017-08-02,5.0,1.5,3.0,0.0,2.0,5.25,8.5,15.0,13.0,0.5,0.0,1.0,12.0,4.0,2.5,17.5,0.0,0.0,16.5,0,0,0,0,1,1,0,0,0,1,0,0,0,0,0,1,0,0,1
2017-08-03,14.0,8.5,4.0,4.0,0.5,0.25,8.5,15.0,13.0,0.0,3.0,2.0,12.5,4.5,11.5,17.5,0.0,0.0,0.0,0,0,0,0,1,1,0,0,0,1,0,0,0,0,0,1,0,1,1
2017-08-04,14.0,14.0,4.0,6.5,12.0,1.5,8.0,9.5,11.5,4.75,18.0,9.0,12.5,4.5,11.5,8.5,0.0,0.0,7.5,0,0,0,0,1,1,0,0,0,1,0,0,0,0,0,0,1,1,1
2017-08-05,0.5,14.0,4.0,6.5,14.25,3.75,6.5,0.0,5.0,15.5,18.0,9.0,1.5,3.5,0.0,8.5,0.0,0.0,7.5,0,0,0,0,1,1,0,0,0,1,0,0,0,0,0,0,0,0,1
2017-08-06,2.5,4.0,4.5,10.0,5.25,1.5,0.5,0.0,8.5,15.5,4.5,6.5,8.0,0.0,1.0,0.5,0.0,0.0,0.0,0,0,0,0,1,1,0,0,0,1,0,0,0,0,0,0,0,0,1
2017-08-07,2.5,4.0,4.5,10.0,5.0,0.0,0.5,0.0,8.5,0.0,4.5,6.5,8.0,0.0,1.0,0.5,0.0,0.0,0.0,0,0,0,0,1,1,0,0,0,1,0,0,0,0,0,1,0,0,1
2017-08-08,3.5,0.5,1.0,0.5,5.5,4.25,1.5,10.5,8.0,0.5,0.0,1.0,20.0,9.0,0.0,7.0,0.0,0.0,1.0,0,0,0,0,1,1,0,0,0,1,0,0,0,0,0,0,0,1,1
2017-08-09,5.5,4.0,12.5,25.0,6.25,1.0,1.5,10.5,8.0,15.75,11.0,7.0,20.0,9.0,0.0,0.0,0.0,0.0,1.0,0,0,0,0,1,1,0,0,0,1,0,0,0,0,0,0,0,0,1
2017-08-10,37.0,7.5,18.5,25.0,8.75,8.5,0.0,2.5,3.0,15.75,11.0,7.0,26.5,3.5,0.0,0.0,0.0,0.0,0.0,0,0,0,0,1,1,0,0,0,1,0,0,0,0,0,1,0,0,1
2017-08-11,37.0,11.5,24.5,22.5,4.5,7.0,42.5,69.0,27.0,12.75,19.5,7.5,42.5,51.0,0.0,0.0,0.0,0.0,0.0,0,0,0,0,1,1,0,0,0,1,0,0,0,0,0,1,0,1,1
2017-08-12,0.5,11.5,24.5,22.5,6.0,7.0,42.5,69.0,27.0,0.0,19.5,7.5,42.5,51.0,0.0,0.0,0.0,0.0,0.0,0,0,0,0,1,1,0,0,0,1,0,0,0,0,0,1,0,0,1
2017-08-13,6.5,0.0,1.5,1.0,5.75,0.0,77.0,52.0,6.0,0.0,0.5,1.5,4.0,37.5,1.0,0.0,0.0,0.0,0.0,0,0,0,0,1,1,0,0,0,1,0,0,0,0,0,1,0,0,1
2017-08-14,7.0,8.0,3.5,10.5,10.25,3.5,77.0,52.0,10.5,22.5,39.5,14.0,4.5,37.5,44.5,0.0,0.0,0.0,1.0,0,0,0,0,1,1,0,0,0,1,0,0,0,0,0,1,0,0,1
2017-08-15,5.5,8.0,30.0,10.5,5.75,0.25,4.5,17.0,17.0,22.5,39.5,14.0,4.0,2.5,44.5,0.0,0.0,0.0,0.0,0,0,0,0,1,1,0,0,0,1,0,0,0,0,0,1,0,1,1
2017-08-16,5.5,2.0,30.0,4.0,2.5,1.25,2.5,3.5,17.0,16.5,7.5,3.0,0.0,13.0,14.5,0.0,0.0,0.0,0.0,0,0,0,0,1,1,0,0,0,1,0,0,0,0,0,1,0,0,1
2017-08-17,0.5,0.0,3.0,0.0,7.0,0.0,0.5,0.0,1.0,33.0,0.5,1.5,0.5,13.0,13.0,0.0,0.0,0.0,0.0,0,0,0,0,1,1,0,0,0,1,0,0,0,0,0,1,0,1,1
2017-08-18,2.0,0.0,3.0,0.0,3.25,9.5,77.0,40.5,56.0,0.0,6.0,5.5,0.5,59.0,44.5,0.0,0.0,0.0,0.0,0,0,0,0,1,1,0,0,0,1,0,0,0,0,0,1,0,0,1
2017-08-19,2.0,4.0,0.5,0.0,4.0,15.0,77.0,40.5,56.0,17.5,1.0,43.5,0.0,59.0,44.5,0.0,0.0,0.0,0.0,0,0,0,0,1,1,0,0,0,1,0,0,0,0,0,0,0,1,1
2017-08-20,1.0,4.0,0.0,1.5,8.25,15.0,16.5,20.5,5.5,17.5,1.0,43.5,0.5,11.5,0.0,0.0,0.0,0.0,0.0,0,0,0,0,1,1,0,0,0,1,0,0,0,0,0,1,0,1,1
2017-08-21,1.5,54.0,63.0,81.5,10.5,5.5,1.0,20.5,0.0,2.0,22.5,2.5,0.5,0.5,0.0,0.0,0.0,0.0,0.0,0,0,0,0,1,1,0,0,0,1,0,0,0,0,0,1,0,1,1
2017-08-22,1.5,54.0,63.0,81.5,18.0,5.5,1.0,6.0,0.0,2.0,22.5,2.5,0.0,0.5,0.0,0.0,0.0,0.0,0.0,0,0,0,0,1,1,0,0,0,1,0,0,0,0,0,1,0,1,0
2017-08-23,1.5,0.0,0.0,0.0,15.25,5.5,0.0,0.0,0.0,0.0,0.0,0.0,0.0,0.0,0.0,0.0,0.0,0.0,0.0,0,0,0,0,1,1,0,0,0,1,0,0,0,0,0,1,0,1,1
2017-08-24,0.0,0.0,0.0,0.0,15.0,4.5,0.0,0.0,0.0,0.0,0.0,0.0,0.0,0.0,0.0,0.0,0.0,0.0,0.0,0,0,0,0,1,1,0,0,0,1,0,0,0,0,0,1,0,1,1
2017-08-25,0.0,0.0,0.0,2.5,14.0,3.5,0.0,0.0,0.0,0.0,0.0,0.0,0.5,0.0,0.0,0.0,0.0,0.0,0.0,0,0,0,0,1,1,0,0,0,1,1,0,0,0,0,1,0,1,1
2017-08-26,1.0,14.5,28.5,37.0,3.0,2.5,19.5,31.0,46.5,0.5,0.0,13.5,0.5,18.0,64.0,0.0,0.0,2.0,0.0,0,0,0,0,1,1,0,0,0,1,1,0,0,0,0,1,0,1,1
2017-08-27,3.0,14.5,28.5,37.0,18.25,0.5,19.5,31.0,46.5,0.5,3.5,13.5,0.0,18.0,64.0,3.5,0.0,5.0,0.0,0,0,0,0,1,1,0,0,0,1,0,0,0,0,0,0,0,1,1
2017-08-28,22.0,1.0,0.0,1.0,18.25,31.0,0.0,0.0,5.0,20.0,0.0,0.0,0.5,4.5,5.0,3.5,0.0,26.5,0.0,0,0,0,0,1,1,0,0,0,1,0,0,0,0,0,1,0,1,1
2017-08-29,22.0,9.0,21.0,13.0,19.75,31.0,7.5,5.5,5.0,20.0,4.5,5.0,0.5,8.0,28.0,3.5,0.0,29.5,0.0,0,0,0,0,1,1,0,0,0,1,0,0,0,0,0,1,0,1,1
2017-08-30,12.5,9.0,21.0,13.0,4.0,2.0,7.5,5.5,5.0,3.0,4.5,5.0,0.0,8.0,28.0,3.5,0.0,1.5,48.0,0,0,0,0,1,1,0,0,0,1,0,0,0,0,0,1,0,1,1
2017-08-31,1.5,9.5,26.0,13.0,6.5,9.0,1.5,0.5,0.5,0.0,0.0,3.5,0.0,2.5,0.5,3.5,0.0,2.5,48.0,0,0,0,1,1,1,0,0,0,1,0,0,0,0,0,1,1,1,1
2017-09-01,4.5,34.0,26.0,13.0,20.5,22.5,3.0,4.0,35.5,4.5,1.0,21.0,0.0,7.0,4.0,3.5,0.5,5.5,48.0,0,0,0,1,1,1,0,0,0,1,0,0,0,0,0,1,0,1,1
2017-09-02,35.0,49.5,8.0,13.0,8.5,10.0,0.0,0.0,50.5,4.5,90.5,51.0,0.0,0.0,0.0,3.5,0.0,5.5,48.0,0,0,0,1,1,1,0,0,0,1,0,0,0,0,0,1,0,1,1
2017-09-03,35.0,49.5,8.0,13.0,2.0,1.5,5.5,1.0,50.5,2.0,4.0,2.5,0.0,4.0,6.0,3.5,1.0,0.5,48.0,0,0,0,1,1,1,0,0,0,1,0,0,0,0,0,1,0,1,1
2017-09-04,5.0,13.0,3.5,13.0,9.0,4.5,5.5,1.0,3.5,46.0,13.5,2.5,0.0,4.0,6.0,8.0,0.0,7.5,48.0,0,0,0,1,1,1,0,0,0,1,0,0,0,0,0,1,0,1,1
2017-09-05,2.5,13.0,28.5,13.0,9.0,11.0,18.5,26.5,34.0,46.0,53.0,113.0,0.0,3.0,7.5,8.0,0.0,17.5,48.0,0,0,0,1,1,1,0,0,0,1,0,0,0,0,0,1,0,1,0
2017-09-06,3.5,13.0,28.5,13.0,3.5,7.0,18.5,26.5,34.0,0.25,0.0,113.0,0.0,3.0,7.5,8.0,0.0,15.0,48.0,0,0,0,1,1,1,0,0,0,1,0,0,0,0,0,1,0,1,0
2017-09-07,11.5,25.0,7.5,7.0,3.5,12.0,6.5,4.0,30.0,0.0,26.0,22.5,0.0,11.5,17.5,8.0,0.0,12.0,48.0,0,0,0,1,1,1,0,0,0,1,0,0,0,0,0,1,0,1,1
2017-09-08,17.5,25.0,29.5,5.0,8.0,26.0,22.5,7.0,30.0,0.0,4.5,22.5,0.0,11.5,35.5,8.0,0.0,11.0,48.0,0,0,0,1,1,1,0,0,0,1,0,0,0,0,0,1,0,1,1
2017-09-09,17.5,24.5,73.5,3.0,3.0,1.0,22.5,7.0,5.0,2.0,18.5,6.5,0.0,10.0,35.5,8.0,0.0,3.25,48.0,0,0,0,1,1,1,0,0,0,1,0,0,0,0,0,1,0,1,1
2017-09-10,0.0,5.0,73.5,31.0,4.0,1.0,1.0,3.0,5.0,5.25,18.5,6.5,0.0,0.5,1.0,8.0,0.0,3.75,48.0,0,0,0,1,1,1,0,0,0,1,0,0,0,0,0,1,1,1,1
2017-09-11,20.0,2.5,5.5,14.0,4.0,0.5,10.0,6.5,1.5,6.5,1.5,0.5,0.0,8.0,1.0,8.0,0.0,4.25,48.0,0,0,0,1,1,1,0,0,0,1,0,0,0,0,0,0,1,1,1
2017-09-12,20.0,2.5,5.5,1.0,0.5,1.5,0.0,6.5,1.5,6.5,1.5,0.5,0.0,8.0,1.0,0.0,0.0,4.25,48.0,0,0,0,1,1,1,0,0,0,1,1,0,0,0,0,0,0,1,1
2017-09-13,3.5,1.5,0.0,1.0,0.0,6.0,1.5,1.0,12.0,0.75,0.0,61.5,0.0,2.0,3.5,0.0,0.0,2.25,48.0,0,0,0,1,1,1,0,0,0,1,0,0,0,0,0,1,0,1,1
2017-09-14,3.5,1.5,0.0,8.0,2.0,6.0,9.0,3.0,12.0,1.0,4.0,61.5,0.0,3.5,3.5,0.0,0.0,3.0,7.0,0,0,0,1,1,1,0,0,0,1,0,0,0,0,0,1,0,1,1
2017-09-15,15.5,4.0,3.0,3.5,11.5,0.5,9.0,3.0,1.5,19.75,4.5,11.0,0.0,3.5,0.5,0.5,0.5,2.25,7.0,0,0,0,1,1,1,0,0,0,1,0,0,0,0,0,0,0,1,0
2017-09-16,15.5,4.0,3.0,11.5,3.0,0.5,0.5,0.5,1.5,19.5,0.5,11.0,0.0,1.0,1.5,0.5,0.0,25.25,7.0,0,0,0,1,1,1,0,0,0,1,0,0,0,0,0,1,0,1,1
2017-09-17,23.5,5.5,12.5,33.0,10.5,5.0,6.0,9.5,47.5,10.25,31.0,17.5,0.0,4.0,33.0,0.5,0.0,31.5,7.0,0,0,0,1,1,1,0,0,0,1,0,0,0,0,0,1,0,1,1
2017-09-18,31.5,10.0,12.5,47.0,33.0,5.0,13.5,16.5,47.5,11.0,6.5,17.5,0.0,8.0,33.0,7.5,0.0,30.75,7.0,0,0,0,1,1,1,0,0,0,1,0,0,0,0,0,0,0,1,1
2017-09-19,31.5,10.0,10.5,1.5,2.0,5.5,13.5,16.5,13.0,1.5,5.0,21.0,0.0,12.5,20.5,7.5,0.0,21.25,7.0,0,0,0,1,1,1,0,0,0,1,0,0,0,0,0,1,0,1,1
2017-09-20,3.0,35.5,21.0,1.5,2.5,6.5,4.0,5.0,13.0,16.0,10.0,21.0,0.0,12.5,20.5,7.5,0.0,9.5,7.0,0,0,0,1,1,1,0,0,0,1,0,0,0,0,0,1,0,1,1
2017-09-21,3.0,35.5,21.0,1.5,0.5,9.0,1.0,5.0,0.5,18.25,0.0,0.5,0.0,2.5,1.5,7.5,0.0,10.0,7.0,0,0,0,1,1,1,0,0,0,1,0,0,0,0,0,1,0,1,1
2017-09-22,0.0,0.0,0.0,1.5,1.0,11.5,0.0,0.0,0.0,18.25,0.0,0.0,0.0,0.0,0.0,0.0,0.0,9.25,7.0,0,0,0,1,1,1,0,0,0,1,1,0,0,0,0,0,0,1,1
2017-09-23,0.5,0.0,0.5,1.5,4.5,9.5,0.0,0.0,0.0,14.5,0.0,0.0,0.0,0.0,0.0,0.0,0.0,5.5,5.0,0,0,0,1,1,1,0,0,0,1,1,0,0,0,0,1,0,1,1
2017-09-24,0.5,0.0,0.5,1.5,0.0,0.5,0.0,0.0,0.0,2.0,0.0,0.0,0.0,0.0,0.0,0.0,0.0,1.5,2.5,0,0,0,1,1,1,0,0,0,1,0,0,0,0,0,1,0,1,1
2017-09-25,0.0,0.0,1.5,1.5,0.0,9.75,0.0,0.0,0.0,1.5,1.0,5.5,0.0,0.0,0.5,0.0,0.0,8.0,1.5,0,0,0,1,1,1,0,0,0,1,0,0,0,0,0,0,0,1,1
2017-09-26,12.0,1.0,1.5,1.5,0.0,14.5,0.0,0.0,0.5,1.5,1.0,5.5,0.0,0.0,0.5,0.0,0.0,26.75,8.0,0,0,0,0,1,1,0,0,0,1,0,0,0,0,0,1,0,1,1
2017-09-27,12.0,1.0,1.5,1.5,7.75,12.75,0.0,0.5,0.5,8.25,0.0,0.5,0.0,0.0,0.0,0.0,0.0,26.75,11.5,0,0,0,0,1,1,0,0,0,1,0,0,0,0,0,1,0,1,1
2017-09-28,3.0,0.5,1.0,1.0,3.25,3.5,57.5,24.5,10.0,15.0,0.0,3.0,0.0,62.5,18.0,0.0,0.0,2.0,0.0,0,0,0,0,1,1,0,0,0,1,0,0,0,0,0,1,0,1,1
2017-09-29,3.0,21.0,1.0,34.5,13.0,4.5,57.5,24.5,10.0,10.5,4.0,3.0,0.0,62.5,36.5,0.0,2.5,14.0,13.0,0,0,0,0,1,1,0,0,0,1,0,0,0,0,0,1,0,1,1
2017-09-30,0.0,21.0,0.5,34.5,4.25,3.75,1.5,0.5,14.5,10.75,6.0,11.5,0.0,4.5,36.5,0.0,0.0,7.5,0.5,0,0,0,0,1,1,0,0,0,1,0,0,0,0,0,1,0,1,1
2017-10-01,0.0,4.0,6.5,7.0,1.25,3.5,3.5,2.0,35.0,11.5,4.0,0.5,0.0,0.5,20.5,3.0,0.0,4.25,1.0,0,0,0,0,1,1,0,0,0,1,0,0,0,0,0,0,0,1,1
2017-10-02,5.0,17.5,44.5,56.5,2.5,7.75,4.0,2.0,55.0,8.75,26.0,15.0,0.0,0.5,21.5,3.0,0.0,3.0,1.0,0,0,0,0,1,1,0,0,0,1,0,0,0,0,0,1,0,1,1
2017-10-03,5.0,17.5,44.5,56.5,1.25,2.75,3.0,1.5,26.5,31.75,0.0,15.0,0.0,0.0,1.0,3.0,0.0,1.25,5.0,0,0,0,0,1,1,0,0,0,1,0,0,0,0,0,1,0,1,1
2017-10-04,12.5,10.0,9.5,4.5,0.0,2.5,2.5,2.0,0.0,31.75,0.0,0.0,0.0,0.5,0.0,3.0,0.0,10.25,5.0,0,0,0,0,1,1,0,0,0,1,0,0,0,0,0,1,1,1,1
2017-10-05,12.5,0.0,9.5,4.5,14.25,60.0,27.0,24.0,1.5,0.5,0.0,15.0,0.0,4.5,18.0,3.0,0.0,5.0,1.5,0,0,0,0,1,1,0,0,0,1,0,0,0,0,0,1,0,1,1
2017-10-06,1.5,1.5,0.5,9.5,13.25,60.0,27.0,24.0,2.5,31.0,1.0,15.0,0.0,10.0,18.0,3.0,0.0,6.5,4.5,0,0,0,0,1,1,0,0,0,1,0,0,0,0,0,1,0,1,1
2017-10-07,80.5,97.0,15.0,20.0,11.25,60.0,7.5,6.0,2.5,39.5,10.0,13.5,0.0,19.5,20.5,4.0,0.0,6.0,4.5,0,0,0,0,1,1,0,0,0,1,0,0,0,0,0,0,0,1,1
2017-10-08,80.5,97.0,15.0,20.0,0.75,60.0,41.0,69.5,1.0,9.0,2.5,13.5,0.0,19.5,20.5,27.0,0.0,7.75,4.5,0,0,0,0,1,1,0,0,0,1,0,0,0,0,0,0,0,1,1
2017-10-09,14.0,11.5,0.0,5.5,1.25,60.0,41.0,69.5,0.0,8.5,2.5,0.0,0.0,14.0,0.0,27.0,0.0,11.25,4.5,0,0,0,0,1,1,0,0,0,1,0,0,0,0,0,1,0,1,1
2017-10-10,13.0,1.0,24.0,22.0,2.0,60.0,23.5,24.5,3.5,8.5,21.5,13.0,0.0,20.5,9.0,27.0,0.0,3.5,4.5,0,0,0,0,1,1,0,0,0,1,0,0,0,0,0,1,0,1,1
2017-10-11,13.0,1.0,24.0,22.0,4.0,60.0,30.5,27.0,3.5,8.25,4.5,13.0,0.0,20.5,30.0,27.0,0.0,5.0,4.5,0,0,0,0,1,1,0,0,0,1,0,0,0,0,0,1,1,1,1
2017-10-12,11.5,15.0,37.0,24.0,0.0,60.0,39.0,55.5,8.5,46.0,8.0,7.5,0.0,43.5,30.0,27.0,0.0,15.5,4.5,0,0,0,0,1,0,0,0,0,1,0,0,0,0,0,1,1,1,1
2017-10-13,11.5,15.0,37.0,24.0,0.0,60.0,39.0,55.5,8.5,46.0,8.0,7.5,0.0,43.5,7.5,3.5,0.0,15.5,4.5,0,0,0,0,1,0,0,0,0,1,0,0,0,0,0,0,1,1,0
2017-10-14,1.0,0.0,6.5,5.0,0.0,0.0,16.0,0.0,0.0,4.25,0.0,0.0,0.0,17.0,0.0,4.5,0.0,2.0,4.5,0,0,0,0,1,0,0,0,0,1,0,0,0,0,0,0,1,1,1
2017-10-15,0.0,0.0,0.0,0.0,0.0,0.0,0.0,0.0,0.0,4.25,0.0,0.0,0.0,0.0,0.0,4.5,0.0,5.0,4.5,0,0,0,0,1,0,0,0,0,1,1,0,0,0,0,1,1,1,1
2017-10-16,0.0,0.0,0.0,0.0,0.0,1.0,6.5,5.5,0.0,4.5,0.0,0.0,0.0,11.5,8.0,4.5,0.0,3.0,4.5,0,0,0,1,1,0,0,0,0,1,0,0,0,0,0,1,1,1,1
2017-10-17,0.0,0.0,0.0,0.0,0.0,1.0,6.5,5.5,0.0,25.0,0.0,0.0,0.0,11.5,8.0,0.0,0.0,41.0,4.5,0,0,0,1,1,0,0,0,0,1,1,0,0,0,0,0,1,1,1
2017-10-18,0.0,0.0,0.0,0.0,0.0,0.0,0.0,0.0,0.0,24.75,0.0,0.0,0.0,0.0,0.0,0.0,0.0,41.0,4.5,0,0,0,1,1,0,0,0,0,1,1,0,0,0,0,1,1,1,1
2017-10-19,0.0,0.0,0.0,0.0,0.0,0.0,0.0,0.0,0.0,1.5,0.0,0.0,0.0,0.0,0.0,0.0,0.0,41.0,4.5,0,0,0,1,0,0,0,0,0,1,0,0,0,0,0,1,1,1,1
2017-10-20,0.0,0.0,0.0,0.0,0.0,0.0,0.0,0.0,0.0,9.75,0.0,0.0,0.0,0.0,0.0,0.0,0.0,41.0,0.0,0,0,0,0,0,0,0,0,0,1,0,0,0,0,0,0,1,1,0
2017-10-21,0.0,0.0,0.0,0.0,0.0,0.0,0.0,0.0,0.0,12.75,0.0,0.0,0.0,0.0,0.0,0.0,0.0,41.0,0.0,0,0,0,0,0,0,0,0,0,1,0,0,0,0,0,1,1,1,0
2017-10-22,0.0,0.0,0.0,0.0,0.0,0.0,1.5,0.0,0.5,8.5,0.0,2.0,0.0,0.0,0.0,0.0,0.0,41.0,0.0,0,0,0,0,0,0,0,0,0,1,0,0,0,0,0,0,1,1,1
2017-10-23,0.0,0.0,0.0,0.0,0.0,0.0,1.5,0.0,0.5,30.5,0.0,2.0,0.0,0.0,0.0,0.0,0.0,41.0,0.0,0,0,0,1,0,0,0,0,0,1,0,0,0,0,0,0,0,1,1
2017-10-24,0.0,1.0,7.0,4.5,0.0,1.0,2.0,29.5,3.0,29.75,2.0,14.5,1.5,0.0,9.5,0.0,9.5,41.0,0.0,0,0,0,0,0,0,0,0,0,1,0,0,0,0,0,1,0,0,0
2017-10-25,13.0,1.0,11.0,4.5,0.0,27.0,8.5,29.5,3.0,1.5,2.0,14.5,1.5,7.5,9.5,0.0,9.5,41.0,0.0,0,0,0,0,0,0,0,0,0,1,0,0,0,0,0,1,0,0,0
2017-10-26,13.0,0.0,11.0,0.0,0.0,27.0,8.5,14.5,0.5,2.25,1.0,0.5,0.5,7.5,7.5,0.0,2.0,9.5,5.0,0,0,0,0,0,0,0,0,0,1,0,0,0,0,0,1,0,0,0
2017-10-27,2.0,9.5,22.0,0.0,0.0,25.0,33.0,18.0,39.0,2.25,9.5,5.5,0.0,73.0,21.0,0.0,33.5,29.0,15.5,0,0,0,1,0,0,0,0,0,1,0,0,0,0,0,1,0,0,0
2017-10-28,30.0,9.5,22.0,0.0,0.0,25.0,33.0,18.0,39.0,1.75,9.5,5.5,0.0,73.0,21.0,25.0,33.5,29.0,15.5,0,0,0,1,1,0,0,0,0,1,0,0,0,0,0,0,0,0,0
2017-10-29,30.0,0.0,4.5,0.0,0.0,0.0,0.0,0.0,0.0,1.0,0.0,0.0,0.0,0.0,0.0,25.0,0.0,0.0,0.0,0,0,0,1,1,0,0,0,0,1,0,0,0,0,0,1,0,0,0
2017-10-30,30.0,0.0,4.5,0.0,0.0,0.0,0.0,0.0,0.0,0.0,0.0,0.0,0.0,0.0,0.0,25.0,0.0,0.0,0.0,1,1,1,1,1,1,1,1,1,1,1,1,1,1,1,1,1,1,1
2017-10-31,30.0,0.0,4.5,0.0,0.0,0.0,0.0,0.0,0.0,8.25,0.0,0.0,0.0,0.0,0.0,25.0,0.0,0.0,0.0,1,1,1,1,1,1,1,1,1,1,1,1,1,1,1,1,1,1,1
2017-11-01,44.5,0.0,15.5,0.0,0.0,2.0,4.5,1.0,3.0,8.25,0.0,0.0,0.0,11.0,0.0,1.5,0.0,5.5,0.0,0,0,0,0,0,0,0,0,0,1,1,0,0,0,0,0,1,0,0
2017-11-02,44.5,1.5,15.5,0.0,1.5,5.0,10.5,1.5,4.5,15.25,0.0,2.0,0.0,20.0,0.5,1.5,0.0,5.5,5.0,0,0,0,1,0,0,0,0,0,1,1,0,0,0,0,1,1,0,0
2017-11-03,22.5,1.5,3.0,0.0,1.5,5.0,10.5,2.0,4.5,15.25,1.0,0.5,0.0,20.0,8.0,1.5,0.0,0.5,5.0,0,0,0,1,0,0,0,0,0,1,0,0,0,0,0,1,1,0,0
2017-11-04,6.0,9.5,15.0,0.0,8.5,2.0,4.0,8.0,9.5,18.25,14.0,0.0,0.0,3.5,8.0,12.5,0.0,19.5,10.0,0,0,0,1,0,0,0,0,0,1,0,0,0,0,0,0,1,0,0
2017-11-05,15.5,10.5,15.0,0.0,11.5,2.0,4.0,8.0,9.5,5.75,8.0,0.0,0.0,4.5,4.5,12.5,0.0,19.5,11.5,0,0,0,1,0,0,0,0,0,1,0,0,0,0,0,1,1,0,0
2017-11-06,15.5,10.5,7.5,0.0,11.5,10.0,14.0,7.5,2.0,35.0,8.0,0.0,0.0,13.0,12.0,12.5,25.5,5.5,11.5,0,0,0,0,0,0,0,0,0,1,0,0,0,0,0,1,1,0,0
2017-11-07,24.0,13.5,23.0,0.0,14.0,47.0,48.0,29.5,11.0,0.0,8.0,0.0,0.0,37.5,21.0,20.5,25.5,32.5,13.5,0,0,0,0,0,0,0,0,0,1,1,0,0,0,0,0,0,0,0
2017-11-08,24.0,13.5,23.0,0.0,14.0,47.0,48.0,29.5,11.0,40.75,8.0,6.0,0.0,37.5,21.0,20.5,25.5,32.5,17.0,0,0,0,0,0,0,0,0,0,1,1,0,0,0,0,1,0,0,0
2017-11-09,1.0,10.0,31.0,0.0,18.5,89.0,22.0,26.5,21.0,0.5,8.0,8.0,0.0,23.5,8.0,30.5,24.5,58.0,17.0,0,0,0,0,0,0,0,0,0,1,1,0,0,0,0,0,0,0,0
2017-11-10,56.0,67.5,153.0,0.0,71.0,89.0,40.5,45.0,25.0,22.75,8.0,13.5,0.0,41.0,10.0,30.5,24.5,72.5,19.5,0,0,0,0,0,0,0,0,0,1,1,0,0,0,0,1,0,0,0
2017-11-11,56.0,67.5,153.0,0.0,71.0,89.0,40.5,45.0,25.0,27.75,8.0,13.5,0.0,41.0,10.0,51.5,17.5,72.5,19.5,0,0,0,0,0,0,0,0,0,1,1,0,0,0,0,0,0,0,0
2017-11-12,21.5,2.5,23.5,0.0,2.5,2.5,1.5,1.5,1.0,24.0,8.0,1.5,0.0,1.5,2.5,1.0,1.5,1.5,12.0,0,0,0,0,0,0,0,0,0,1,1,0,0,0,0,0,0,0,0
2017-11-13,10.0,2.5,23.5,0.0,2.5,1.0,0.5,1.0,0.0,19.75,8.0,0.0,0.0,0.5,0.0,1.0,0.0,1.5,12.0,0,0,0,0,0,0,0,0,0,1,1,0,0,0,0,1,0,0,0
2017-11-14,2.5,2.0,48.5,0.0,1.5,49.5,76.5,55.0,12.5,19.25,0.0,1.0,0.0,67.0,8.0,1.0,17.0,73.5,0.5,0,0,0,1,0,0,0,0,0,1,1,0,0,0,0,1,0,0,0
2017-11-15,45.0,23.5,48.5,0.0,41.0,49.5,76.5,55.0,12.5,11.75,0.0,1.5,0.0,67.0,52.5,1.0,17.0,73.5,4.0,0,0,0,1,0,0,0,0,0,1,1,0,0,0,0,1,0,0,0
2017-11-16,45.0,23.5,39.5,0.0,41.0,4.5,5.5,5.5,10.5,16.25,0.0,19.0,0.0,10.0,52.5,1.0,15.5,37.0,32.5,0,0,0,1,0,0,0,0,0,1,1,0,0,0,0,1,0,0,0
2017-11-17,1.0,6.0,48.0,0.0,5.5,72.5,23.0,24.0,10.5,57.5,0.0,19.0,0.0,16.5,19.5,1.0,15.5,37.0,32.5,0,0,0,1,0,0,0,0,0,1,1,0,0,0,0,1,0,1,0
2017-11-18,2.5,0.0,48.0,0.0,0.0,72.5,40.0,43.0,29.5,57.5,0.0,9.5,0.0,36.5,19.5,1.0,35.5,44.0,32.5,0,0,0,0,0,0,0,0,0,1,1,0,0,0,0,1,0,0,1
2017-11-19,2.5,0.0,5.5,0.5,0.5,25.0,40.0,43.0,0.0,45.5,0.0,9.5,0.0,36.5,9.5,0.0,35.5,44.0,0.0,0,0,0,0,0,0,0,0,0,1,1,0,0,0,0,0,0,0,0
2017-11-20,0.5,0.0,0.5,0.5,0.5,0.5,0.0,0.5,0.0,27.25,0.0,0.0,0.0,0.0,0.0,0.0,0.0,0.0,0.0,0,0,0,0,0,0,0,0,0,1,1,0,0,0,0,0,0,0,0
2017-11-21,9.5,33.0,11.0,89.0,36.0,2.0,38.5,15.0,77.0,24.25,0.0,56.0,0.0,28.0,32.5,0.0,69.5,40.0,0.0,0,0,0,0,0,0,0,0,0,1,0,0,0,0,0,1,0,0,1
2017-11-22,9.5,33.0,11.0,89.0,36.0,2.0,38.5,15.0,77.0,20.75,0.0,56.0,0.0,28.0,32.5,0.0,69.5,40.0,0.0,0,0,0,0,0,0,0,0,0,1,0,0,0,0,0,1,0,1,1
2017-11-23,32.5,45.5,37.0,22.5,58.5,39.5,28.0,25.0,41.0,22.5,0.0,14.0,0.0,31.0,26.0,29.5,40.5,40.0,0.0,0,0,0,0,0,0,0,0,0,1,0,0,0,0,0,0,0,1,1
2017-11-24,32.5,46.0,37.0,22.5,58.5,39.5,28.5,25.5,41.0,60.25,0.0,14.0,0.0,31.0,26.5,12.5,41.0,40.0,0.0,0,0,0,0,0,0,0,0,0,1,0,0,0,0,0,0,0,1,1
2017-11-25,2.0,3.0,9.0,5.5,4.0,0.0,20.5,18.5,28.5,61.75,0.0,6.0,0.0,6.0,29.0,12.5,17.5,40.0,0.0,0,0,0,0,0,0,0,0,0,1,0,0,0,0,0,1,0,1,1
2017-11-26,1.0,0.0,0.0,0.0,0.5,0.0,0.5,14.5,28.5,6.5,0.0,13.5,0.0,1.0,29.0,3.0,17.5,40.0,0.0,0,0,0,0,0,0,0,0,0,1,0,0,0,0,0,0,0,1,1
2017-11-27,9.5,1.5,0.5,0.5,1.5,0.5,0.5,0.0,1.0,29.75,0.0,13.5,0.0,0.0,29.0,3.0,3.0,40.0,0.0,0,0,0,0,0,0,0,0,0,1,0,0,0,0,1,1,0,1,0
2017-11-28,9.5,1.5,0.5,0.5,1.5,5.5,13.0,0.5,1.0,38.0,0.0,8.0,0.0,59.5,3.5,3.0,0.5,40.0,0.0,0,0,0,0,0,0,0,0,0,1,1,0,0,0,0,1,0,1,0
2017-11-29,75.5,2.5,5.0,5.5,3.5,5.5,13.0,2.5,2.5,35.75,0.0,8.0,0.0,59.5,3.5,3.0,1.0,20.0,0.0,0,0,0,0,0,0,0,0,0,1,1,0,0,0,0,1,0,1,0
2017-11-30,77.0,7.0,6.5,7.0,6.5,6.5,2.0,8.0,2.5,16.5,0.0,3.0,0.0,5.0,2.0,10.0,1.0,6.0,0.0,0,0,0,0,0,0,0,0,0,1,1,0,0,0,0,0,0,1,0
2017-12-01,38.5,7.0,16.0,23.5,6.5,6.5,2.0,8.0,2.0,14.5,0.0,2.5,0.0,5.0,0.5,10.0,0.5,8.5,0.0,0,0,0,0,0,0,0,0,0,1,1,0,0,0,0,1,0,1,0
2017-12-02,21.5,24.5,16.0,23.5,17.5,13.5,19.0,17.0,12.0,5.5,0.0,0.0,0.0,28.0,11.5,10.0,25.5,6.5,0.0,0,0,0,0,0,0,0,0,0,1,1,0,0,0,0,1,0,1,0
2017-12-03,7.5,24.5,12.0,10.0,17.5,13.5,19.0,29.0,12.0,26.0,0.0,30.0,0.0,28.0,11.5,0.0,25.5,6.5,0.0,0,0,0,0,0,0,0,0,0,1,1,0,0,0,0,0,0,1,0
2017-12-04,18.0,2.0,17.5,10.5,2.0,1.0,5.0,29.5,4.0,5.5,0.0,30.0,0.0,4.0,1.0,0.0,0.5,5.5,0.0,0,0,0,0,0,0,0,0,0,1,1,0,0,0,0,1,0,1,0
2017-12-05,18.0,2.0,17.5,10.5,2.0,1.0,5.0,29.5,4.0,5.5,0.0,30.0,0.0,4.0,1.0,0.0,0.5,7.5,0.0,1,1,1,1,1,1,1,1,1,1,1,1,1,1,1,1,1,1,1
2017-12-06,18.0,2.0,17.5,10.5,2.0,1.0,5.0,29.5,4.0,5.5,0.0,30.0,0.0,4.0,1.0,0.0,0.5,5.5,0.0,1,1,1,1,1,1,1,1,1,1,1,1,1,1,1,1,1,1,1
2017-12-07,47.0,57.0,58.5,84.0,68.5,12.0,8.0,9.0,12.0,5.5,0.0,15.5,0.0,8.5,6.5,0.0,9.0,0.0,0.0,0,0,0,0,0,0,0,0,0,1,1,0,0,0,0,1,0,1,0
2017-12-08,47.0,57.0,58.5,84.0,68.5,12.0,8.0,9.0,12.0,5.5,0.0,15.5,0.0,8.5,6.5,0.0,9.0,0.0,0.0,0,0,0,0,0,0,0,0,0,1,0,0,0,0,0,1,0,1,1
2017-12-09,0.0,0.0,0.0,0.0,1.0,0.0,2.5,0.0,0.0,5.5,0.0,9.0,0.0,4.5,0.0,0.0,9.0,0.0,0.0,0,0,0,0,0,0,0,0,0,1,0,0,0,0,0,0,1,1,1
2017-12-10,2.0,26.0,30.0,53.0,38.5,1.0,11.0,3.0,4.5,14.0,43.5,9.0,0.0,33.5,0.0,2.0,9.0,0.0,0.0,0,0,0,0,0,0,0,0,0,1,0,0,0,0,0,0,1,1,0
2017-12-11,13.5,26.0,30.0,53.0,38.5,2.0,11.0,5.5,31.0,14.5,43.5,33.0,0.0,33.5,3.0,9.0,9.0,0.0,0.0,0,0,0,0,0,0,0,0,0,1,0,0,0,0,0,0,1,1,0
2017-12-12,13.5,0.5,1.5,0.5,1.0,2.0,7.0,5.5,31.0,34.0,24.0,33.0,0.0,9.0,3.0,0.0,9.0,0.0,0.0,0,0,0,0,0,0,0,0,0,1,0,0,0,0,0,0,1,1,0
2017-12-13,0.5,0.0,0.0,0.0,0.0,0.0,0.0,0.5,0.0,9.0,0.0,0.0,0.0,0.0,1.5,0.0,9.0,0.0,0.0,0,0,0,0,0,0,0,0,0,1,0,0,0,0,0,0,1,1,0
2017-12-14,11.5,16.0,2.0,4.0,19.5,1.0,2.5,0.5,0.0,5.5,1.0,0.0,0.5,5.0,1.5,1.0,9.0,0.0,0.0,0,0,0,0,0,0,0,0,0,1,0,0,0,0,0,0,1,0,0
2017-12-15,11.5,16.0,2.0,4.0,19.5,16.0,2.5,0.5,0.0,1.0,1.0,0.0,0.5,5.0,0.0,1.0,9.0,0.0,0.0,0,0,0,0,0,0,0,0,0,1,0,0,0,0,0,1,1,0,0
2017-12-16,1.0,27.0,98.0,75.5,32.5,16.0,4.0,14.0,0.0,7.0,0.5,3.5,57.5,7.0,33.5,0.0,48.0,0.0,0.0,0,0,0,0,0,0,0,0,0,1,0,0,0,0,0,0,0,0,0
2017-12-17,1.0,27.0,98.0,75.5,32.5,3.5,4.0,14.0,0.0,10.0,0.5,3.5,57.5,7.0,33.5,0.0,48.0,0.0,0.0,0,0,0,0,0,0,0,0,0,1,0,0,0,0,0,0,0,0,0
2017-12-18,47.5,24.5,7.5,10.5,27.0,0.0,8.0,3.0,17.0,10.0,1.5,0.0,39.5,3.5,16.0,0.0,0.0,0.0,0.0,0,0,0,0,0,0,0,0,0,1,0,0,0,0,0,0,0,0,0
2017-12-19,48.0,24.5,8.0,11.0,27.0,0.5,9.0,3.0,17.0,6.0,1.5,0.0,39.5,4.0,16.0,0.0,0.0,0.0,0.0,0,0,0,0,0,0,0,0,0,1,0,0,0,0,0,1,1,0,0
2017-12-20,48.0,24.5,8.0,11.0,27.0,0.5,9.0,3.0,17.0,3.0,1.5,0.0,39.5,4.0,16.0,0.0,0.0,0.0,0.0,1,1,1,1,1,1,1,1,1,1,1,1,1,1,1,1,1,1,1
2017-12-21,48.0,24.5,8.0,11.0,27.0,0.5,9.0,3.0,17.0,4.0,1.5,0.0,39.5,4.0,16.0,0.0,0.0,0.0,0.0,1,1,1,1,1,1,1,1,1,1,1,1,1,1,1,1,1,1,1
2017-12-22,48.0,24.5,8.0,11.0,27.0,0.5,9.0,3.0,17.0,29.5,1.5,0.0,39.5,4.0,16.0,0.0,0.0,0.0,0.0,1,1,1,1,1,1,1,1,1,1,1,1,1,1,1,1,1,1,1
2017-12-23,48.0,24.5,8.0,11.0,27.0,0.5,9.0,3.0,17.0,21.0,1.5,0.0,39.5,4.0,16.0,0.0,0.0,0.0,0.0,1,1,1,1,1,1,1,1,1,1,1,1,1,1,1,1,1,1,1
2017-12-24,48.0,24.5,8.0,11.0,27.0,0.5,9.0,3.0,17.0,0.5,1.5,0.0,39.5,4.0,16.0,0.0,0.0,0.0,0.0,1,1,1,1,1,1,1,1,1,1,1,1,1,1,1,1,1,1,1
2017-12-25,48.0,24.5,8.0,11.0,27.0,0.5,9.0,3.0,17.0,7.0,1.5,0.0,39.5,4.0,16.0,0.0,0.0,0.0,0.0,1,1,1,1,1,1,1,1,1,1,1,1,1,1,1,1,1,1,1
2017-12-26,48.0,24.5,8.0,11.0,27.0,0.5,9.0,3.0,17.0,16.5,1.5,0.0,39.5,4.0,16.0,1.5,0.0,0.0,0.0,1,1,1,1,1,1,1,1,1,1,1,1,1,1,1,1,1,1,1
2017-12-27,5.0,9.5,14.5,6.5,11.0,2.0,0.0,1.5,0.0,16.5,1.5,0.0,0.0,0.0,0.0,1.5,0.0,0.0,0.0,0,0,0,0,0,0,0,0,0,1,0,0,0,0,0,1,0,0,0
2017-12-28,6.5,1.5,10.0,30.5,2.0,5.5,11.5,1.5,1.0,0.5,12.5,0.0,0.0,17.0,2.5,1.5,0.5,0.0,0.0,0,0,0,0,0,0,0,0,0,1,0,0,0,0,0,1,0,0,0
2017-12-29,0.0,0.0,0.0,2.5,2.0,0.0,11.5,0.5,0.0,2.0,4.5,11.5,3.5,17.0,4.5,1.5,0.5,0.0,0.0,0,0,0,0,0,0,0,0,0,1,0,0,0,0,0,1,0,0,0
2017-12-30,11.0,1.0,0.5,1.5,2.0,4.0,2.0,2.0,1.0,3.0,1.5,1.0,1.0,1.0,1.0,1.5,1.5,0.0,0.0,0,0,0,0,0,0,0,0,0,1,0,0,0,0,0,0,0,0,0
2017-12-31,11.0,1.0,2.0,1.5,0.0,4.0,2.0,2.0,1.0,18.25,1.5,1.0,1.0,1.0,1.0,1.5,1.5,0.0,0.0,0,0,0,0,0,0,0,0,0,1,0,0,0,0,0,1,0,0,0
2018-01-01,3.0,3.5,7.5,8.0,7.0,9.5,26.0,8.5,2.5,0.0,2.0,1.0,2.5,21.5,6.0,1.5,3.0,0.0,0.0,0,0,0,0,0,0,0,0,0,1,0,0,0,0,0,1,0,0,0
2018-01-02,3.0,3.5,7.5,8.0,7.0,9.5,26.0,8.5,2.5,0.0,2.0,1.0,2.5,21.5,6.0,1.5,3.0,0.0,0.0,0,0,0,0,0,0,0,0,0,1,0,0,0,0,0,1,0,0,0
2018-01-03,0.0,0.0,0.5,0.5,0.0,0.0,0.0,0.0,2.5,0.25,0.0,0.5,0.0,0.0,0.0,1.5,0.0,0.0,0.0,0,0,0,0,0,0,0,0,1,1,0,0,0,0,0,1,0,0,0
2018-01-04,1.0,0.0,0.5,0.0,0.0,0.0,0.5,2.0,12.0,8.25,4.0,1.5,22.5,0.0,21.5,1.5,22.5,0.0,0.0,0,0,0,0,0,0,0,0,0,1,0,0,0,0,0,1,0,0,0
2018-01-05,22.0,85.5,8.0,84.5,87.0,48.0,0.5,33.0,7.5,14.5,21.0,6.0,1.0,1.0,2.5,1.5,0.0,0.0,0.0,0,0,0,0,0,0,0,0,0,1,0,0,0,0,0,1,0,0,0
2018-01-06,0.0,0.0,0.0,0.0,0.0,0.0,0.0,0.0,0.0,2.25,0.0,0.0,0.0,0.0,0.0,1.5,0.0,0.0,0.0,0,0,0,0,0,0,0,0,0,1,0,0,0,0,0,1,0,0,0
2018-01-07,0.0,0.0,0.0,0.0,0.0,0.0,0.0,0.0,0.0,40.0,0.0,0.0,0.0,0.0,0.0,0.0,0.0,0.0,0.0,0,0,0,0,0,0,0,0,0,1,0,0,0,0,0,1,0,0,1
2018-01-08,0.0,0.0,0.0,0.0,0.0,0.0,0.0,0.0,0.0,5.5,0.0,0.0,6.0,0.0,0.0,1.5,0.0,0.0,0.0,0,0,0,0,0,0,0,0,0,1,0,0,0,0,0,1,1,0,0
2018-01-09,2.5,8.0,15.0,6.0,10.5,6.5,7.5,20.5,16.0,2.5,21.0,19.5,27.5,3.0,5.5,0.0,0.0,0.0,0.0,0,0,0,0,0,0,0,0,0,1,0,0,0,0,0,1,1,0,0
2018-01-10,11.0,19.0,15.5,7.0,25.5,27.5,42.0,20.5,17.5,13.0,13.5,43.5,27.5,32.0,70.0,0.0,0.0,0.0,0.0,0,0,0,0,0,0,0,1,0,1,0,0,0,0,0,1,1,0,0
2018-01-11,24.5,19.0,13.5,15.0,25.5,27.5,42.0,20.5,17.5,13.25,13.5,43.5,20.5,32.0,70.0,0.0,0.0,0.0,0.0,0,0,0,0,0,0,0,1,0,1,0,0,0,0,0,1,1,0,1
2018-01-12,28.0,17.5,18.5,22.0,18.0,14.0,15.5,20.5,11.5,3.0,14.0,17.0,16.5,13.5,10.5,0.0,0.0,0.0,0.0,0,0,0,0,0,0,0,1,0,1,0,0,0,0,0,1,1,0,0
2018-01-13,28.0,0.5,1.5,1.0,18.0,14.0,2.0,20.5,11.5,0.0,14.0,1.5,16.5,2.5,1.5,0.0,0.0,0.0,0.0,0,0,0,0,0,0,0,1,1,1,0,0,0,0,0,1,1,0,1
2018-01-14,0.0,0.5,1.5,1.0,0.5,3.0,2.0,0.0,0.0,0.0,0.0,1.5,2.0,2.5,1.5,0.0,0.0,0.0,0.0,0,0,0,0,0,0,0,0,0,1,0,0,0,0,0,1,1,0,1
2018-01-15,1.5,0.0,0.0,0.0,0.0,0.0,1.5,0.0,0.0,21.0,3.5,0.5,0.0,1.5,0.0,0.0,3.0,0.0,0.0,0,0,0,0,0,0,0,1,0,1,0,0,0,0,0,1,1,0,1
2018-01-16,1.5,0.0,0.0,0.0,0.0,0.0,1.5,0.0,0.0,16.25,3.5,0.5,0.0,1.5,0.0,0.0,0.0,0.0,0.0,0,0,0,0,0,0,0,1,0,1,0,0,0,0,0,1,1,0,1
2018-01-17,0.5,4.5,0.5,1.5,7.0,63.0,48.5,0.0,70.0,2.75,18.0,46.0,97.5,13.0,6.0,6.0,9.0,0.0,0.0,0,0,0,0,0,0,0,1,0,1,0,0,0,0,0,1,1,0,0
2018-01-18,7.5,9.5,0.5,1.5,11.0,63.0,48.5,0.0,70.0,2.75,18.0,46.0,97.5,13.0,6.0,0.5,5.0,0.0,0.0,0,0,0,0,0,0,0,1,0,1,0,0,0,0,0,1,1,0,0
2018-01-19,65.5,9.5,0.5,0.5,11.0,7.0,23.0,0.0,34.5,12.0,1.0,22.5,43.0,12.5,5.5,9.25,2.0,0.0,0.0,0,0,0,0,0,0,0,1,0,1,0,0,0,0,0,1,1,0,0
2018-01-20,25.5,3.0,18.0,3.5,3.0,6.5,1.0,0.0,18.0,7.75,12.0,97.5,7.5,0.5,29.0,7.5,6.0,0.0,0.0,0,0,0,0,0,0,0,1,0,1,0,0,0,0,0,1,1,0,0
2018-01-21,25.5,24.5,18.0,3.5,20.0,6.5,14.0,0.0,18.0,0.0,12.0,97.5,7.5,24.0,29.0,13.5,2.0,0.0,0.0,0,0,0,0,0,0,0,1,0,1,0,0,0,0,0,1,1,0,0
2018-01-22,3.0,24.5,4.5,10.5,20.0,6.5,14.0,32.0,13.5,1.0,10.5,9.0,4.5,24.0,1.0,0.75,0.0,0.0,0.0,0,0,0,0,0,0,0,1,0,1,0,0,0,0,0,1,1,1,1
2018-01-23,20.5,28.0,49.5,47.5,26.0,42.5,49.0,32.0,14.0,4.75,21.5,6.0,20.5,42.0,2.0,2.5,5.0,0.0,0.0,0,0,0,0,0,0,0,1,0,1,0,0,0,0,0,1,1,1,1
2018-01-24,77.0,41.5,49.5,59.0,35.0,42.5,49.0,32.0,18.0,19.75,24.5,96.0,26.0,42.0,41.5,0.75,6.5,0.0,0.0,0,0,0,0,0,0,0,0,0,1,0,0,0,0,0,1,1,1,1
2018-01-25,77.0,41.5,35.5,59.0,35.0,40.0,27.0,32.0,18.0,17.5,24.5,96.0,26.0,21.0,41.5,0.25,0.5,0.0,0.0,0,0,0,0,0,0,0,0,0,1,0,0,0,0,0,1,1,1,1
2018-01-26,21.0,15.0,2.5,16.5,21.0,7.5,7.5,0.5,22.0,2.25,5.0,14.0,8.0,24.0,60.5,0.0,0.0,0.0,0.0,0,0,0,0,0,0,0,0,0,1,0,0,0,0,0,1,1,1,1
2018-01-27,21.0,15.0,2.5,16.5,21.0,7.5,0.0,1.0,0.0,4.25,5.0,14.0,8.0,24.0,60.5,0.0,0.0,0.0,0.0,0,0,0,0,0,0,0,0,0,1,0,0,0,0,0,1,1,1,0
2018-01-28,14.5,5.5,6.0,9.0,5.5,13.5,13.0,11.0,11.0,4.25,8.0,8.0,9.0,13.5,11.0,10.0,0.0,13.0,8.5,0,0,0,0,0,0,0,0,0,1,0,0,0,0,0,1,1,0,0
2018-01-29,15.0,5.5,6.0,9.0,5.5,13.5,13.0,11.0,11.0,1.5,8.0,8.5,9.5,13.5,11.0,11.25,0.0,13.0,8.5,0,0,0,0,1,0,0,0,0,1,0,0,0,0,0,1,1,0,0
2018-01-30,0.5,0.0,0.0,0.0,5.5,0.0,0.0,0.5,0.0,0.0,0.0,0.0,0.5,0.0,0.0,0.0,0.0,0.5,0.0,0,0,0,0,1,0,0,0,0,1,0,0,0,0,0,1,1,0,0
2018-01-31,6.0,0.5,23.5,5.5,5.5,31.0,13.5,41.0,28.0,0.0,3.5,2.0,49.5,31.5,24.5,0.0,0.0,43.5,7.5,0,0,0,0,1,0,0,0,0,1,0,0,0,0,0,1,1,0,0
2018-02-01,3.5,3.0,2.5,3.5,5.5,2.0,1.5,1.5,11.0,2.5,2.5,4.5,2.0,1.5,3.0,0.0,0.0,2.0,3.0,0,0,0,0,1,0,0,0,0,1,0,0,0,0,0,1,1,0,0
2018-02-02,7.5,3.0,2.5,13.0,5.5,11.0,1.5,1.5,11.0,3.75,2.5,4.5,2.0,1.5,3.0,0.0,0.0,2.0,4.0,0,0,0,0,1,0,0,0,0,1,0,0,0,0,0,1,0,0,0
2018-02-03,0.5,0.0,0.0,0.0,5.5,0.0,0.0,0.0,0.0,0.75,0.0,0.0,0.0,0.0,0.0,0.0,0.0,0.0,0.0,0,0,0,0,1,0,0,0,0,1,0,0,0,0,0,1,0,0,0
2018-02-04,0.5,0.0,0.0,0.0,5.5,0.0,0.0,0.0,0.0,1.0,0.0,0.0,0.0,0.0,0.0,0.0,0.0,0.0,0.0,0,0,0,0,1,0,0,0,0,1,0,0,0,0,0,1,0,0,0
2018-02-05,0.0,0.0,0.0,0.0,0.0,0.0,0.0,0.0,0.0,24.25,0.0,0.0,0.0,0.0,0.0,0.0,0.0,0.0,0.0,0,0,0,0,1,0,0,0,0,1,0,0,0,0,0,1,1,0,0
2018-02-06,0.0,0.0,0.0,0.0,4.0,0.0,0.0,0.0,0.0,25.5,0.0,0.0,0.0,0.0,0.0,1.75,0.0,0.0,0.0,0,0,0,0,1,0,0,0,0,1,0,0,0,0,0,1,0,0,0
2018-02-07,0.0,0.0,0.0,0.0,2.5,0.0,0.0,0.0,0.0,16.5,0.0,0.0,0.0,0.0,0.0,0.0,0.0,0.0,0.0,0,0,0,0,1,0,0,0,0,1,0,0,0,0,0,1,0,0,0
2018-02-08,0.0,0.0,0.0,0.0,3.5,31.5,8.5,36.5,18.5,27.0,0.0,4.0,44.5,3.5,0.5,0.0,0.0,109.0,0.0,0,0,0,0,1,0,0,0,0,1,0,0,0,0,0,1,0,0,0
2018-02-09,0.5,0.0,9.0,0.0,0.5,31.5,8.5,36.5,18.5,4.0,0.0,4.0,44.5,3.5,0.5,0.0,0.0,109.0,0.0,0,0,0,0,1,0,0,0,0,1,0,0,0,0,0,1,0,0,0
2018-02-10,0.0,0.0,9.0,0.0,0.0,23.0,27.0,45.5,3.0,0.5,0.0,5.5,42.0,22.0,11.0,1.5,0.0,11.0,13.5,0,0,0,0,1,0,0,0,0,1,0,0,0,0,0,1,0,0,0
2018-02-11,0.0,0.0,0.0,0.0,1.5,0.5,0.0,0.0,6.0,9.25,0.0,1.5,8.0,0.0,6.5,0.0,0.0,0.0,0.0,0,0,0,0,1,0,0,0,0,1,0,0,0,0,0,1,0,0,0
2018-02-12,0.0,0.5,0.0,0.0,4.5,0.0,0.0,0.0,0.0,19.75,0.0,0.0,8.0,0.0,6.5,0.0,0.0,0.0,0.0,0,0,0,0,1,0,0,0,0,1,0,0,0,0,0,1,0,0,0
2018-02-13,0.0,0.0,0.0,0.0,0.5,0.0,0.0,0.0,0.0,20.5,0.0,0.0,0.0,0.0,0.0,0.0,0.0,0.0,0.0,0,0,0,0,1,0,0,0,0,1,0,0,0,0,0,1,0,0,0
2018-02-14,0.0,9.5,0.0,1.0,0.0,4.0,1.5,0.0,0.0,15.25,0.5,0.0,0.0,6.0,3.5,0.0,0.0,0.0,2.0,0,0,0,0,1,0,0,0,0,1,0,0,0,0,0,1,0,0,0
2018-02-15,0.0,0.0,0.0,0.0,0.5,0.0,0.0,0.0,0.0,9.5,0.5,0.0,0.0,0.0,3.5,0.0,0.0,0.0,2.0,0,0,0,0,1,0,0,0,0,1,0,0,0,0,0,1,0,0,0
2018-02-16,0.0,0.0,0.0,0.0,0.5,0.0,0.0,0.0,0.0,12.75,0.5,0.0,0.0,0.0,3.5,0.0,0.0,0.0,2.0,1,1,1,1,1,1,1,1,1,1,1,1,1,1,1,1,1,1,1
2018-02-17,0.0,0.0,0.0,0.0,1.5,0.0,0.0,0.0,0.0,0.25,0.5,0.0,0.0,0.0,3.5,3.0,0.0,0.0,2.0,1,1,1,1,1,1,1,1,1,1,1,1,1,1,1,1,1,1,1
2018-02-18,0.0,0.0,12.5,0.0,0.5,3.0,0.0,5.0,31.0,2.0,4.0,3.5,26.5,11.0,28.5,0.0,13.5,5.0,2.5,0,0,0,0,1,0,0,0,0,1,0,0,0,0,0,1,0,0,0
2018-02-19,2.5,0.0,0.0,0.0,3.0,0.0,0.0,5.0,13.0,5.5,21.0,67.5,2.5,0.0,0.0,0.0,13.5,5.0,56.5,0,0,0,0,1,0,0,0,0,1,0,0,0,0,0,1,0,0,0
2018-02-20,11.5,0.0,0.0,0.0,0.0,0.0,0.0,0.5,13.0,6.25,0.0,67.5,0.0,0.0,0.0,0.0,0.0,0.0,56.5,0,0,0,0,1,0,0,0,0,1,0,0,0,0,0,1,0,0,0
2018-02-21,0.0,0.0,0.0,0.0,0.0,0.0,0.0,0.0,0.0,5.25,0.0,7.0,0.0,0.0,0.0,0.0,0.0,0.0,5.0,0,0,0,0,1,0,0,0,0,1,0,0,0,0,0,1,0,0,0
2018-02-22,1.0,0.0,0.5,7.0,0.0,0.0,0.0,0.0,10.0,4.0,23.5,7.0,8.0,0.0,7.0,0.0,6.5,0.0,5.5,0,0,0,0,1,0,0,0,0,1,0,0,0,0,0,1,0,0,0
2018-02-23,1.5,1.5,12.5,12.5,5.0,0.5,42.5,19.0,10.0,9.0,21.5,2.5,10.5,27.5,31.5,0.0,24.0,4.0,5.5,0,0,0,0,1,0,0,0,0,1,0,0,0,0,0,1,0,0,0
2018-02-24,0.5,1.5,0.0,0.0,4.75,0.0,0.0,19.0,0.0,25.75,0.0,0.0,0.0,0.0,0.0,18.0,24.0,4.0,0.0,0,0,0,0,1,0,0,0,0,1,0,0,0,0,0,1,0,0,0
2018-02-25,0.0,0.0,0.0,0.0,1.25,0.0,0.0,0.0,0.0,10.5,0.0,0.0,0.0,0.0,0.0,18.0,0.0,0.0,0.0,0,0,0,0,1,0,0,0,0,1,0,0,0,0,0,1,0,0,0
2018-02-26,0.0,0.0,0.0,0.0,0.0,0.0,0.0,0.0,0.0,0.0,0.0,0.0,0.0,0.0,0.0,0.0,0.0,0.0,0.0,0,0,0,0,1,0,0,0,0,1,0,0,0,0,0,1,0,0,0
2018-02-27,0.0,0.0,0.0,0.0,0.25,0.0,0.0,0.0,0.0,1.25,0.0,0.0,0.0,0.0,0.0,0.0,0.0,0.0,0.0,0,0,0,0,1,0,0,0,0,1,0,0,0,0,0,1,0,0,0
2018-02-28,0.0,0.0,0.0,2.0,0.0,5.0,15.0,0.0,6.5,3.25,14.5,11.5,1.5,27.0,7.0,0.0,1.5,1.0,9.5,0,0,0,0,1,0,0,0,0,1,0,0,0,0,0,1,0,0,0
2018-03-01,9.5,0.0,33.0,1.5,0.0,22.0,24.5,70.5,5.5,3.0,4.0,1.0,40.0,12.5,25.0,2.0,19.5,82.5,1.5,0,0,0,0,1,0,0,0,0,1,0,0,0,0,0,1,0,0,0
2018-03-02,0.0,0.5,33.0,0.0,1.0,7.0,0.5,70.5,0.0,3.5,0.0,0.0,40.0,0.0,25.0,9.0,19.5,82.5,1.5,0,0,0,0,1,0,0,0,0,1,0,0,0,0,0,1,0,0,0
2018-03-03,33.0,5.5,34.5,13.0,3.25,4.0,1.0,0.5,24.0,14.0,14.0,25.5,4.0,0.5,34.0,8.75,23.5,12.5,26.0,0,0,0,0,1,0,0,0,0,1,0,0,0,0,0,1,0,0,0
2018-03-04,2.5,39.5,0.5,2.5,3.0,25.0,17.5,10.5,1.5,24.25,0.5,34.5,10.5,3.0,44.5,3.5,23.5,18.5,3.0,0,0,0,0,1,0,0,0,0,1,0,0,0,0,0,1,0,0,0
2018-03-05,0.0,1.5,1.0,1.5,1.5,3.0,30.5,33.0,17.5,2.75,14.0,34.5,36.0,66.0,4.0,1.0,13.5,44.5,0.5,0,0,0,0,1,0,0,0,0,1,0,0,0,0,0,1,0,0,0
2018-03-06,0.0,0.0,1.0,0.0,5.25,3.0,30.5,33.0,45.0,11.5,33.0,12.5,38.5,66.0,4.0,5.75,40.0,5.5,9.5,0,0,0,0,1,0,0,0,0,1,0,0,0,0,0,1,0,0,0
2018-03-07,0.0,1.0,0.5,5.0,17.75,2.5,2.0,10.0,23.5,2.0,21.5,24.5,14.0,2.0,0.5,15.75,40.0,5.5,45.0,0,0,0,0,1,0,0,0,0,1,0,0,0,0,0,1,0,0,0
2018-03-08,1.0,0.0,0.0,0.5,9.5,0.0,0.0,0.5,4.0,2.25,0.0,0.0,0.5,0.5,0.5,7.5,0.0,0.0,0.0,0,0,0,0,1,0,0,0,0,1,0,0,0,0,0,1,0,0,0
2018-03-09,0.0,0.0,0.0,0.0,0.75,0.0,0.0,0.0,0.0,9.75,0.0,0.0,0.0,0.0,0.0,0.0,0.0,0.0,0.0,0,0,0,0,1,0,0,0,0,1,0,0,0,0,0,1,0,0,0
2018-03-10,3.0,3.0,0.0,2.5,1.25,0.5,2.0,1.0,3.5,1.0,2.0,3.0,2.0,1.5,2.0,1.5,2.5,2.0,2.5,0,0,0,0,1,0,0,0,0,1,0,0,0,0,0,1,0,0,0
2018-03-11,3.0,1.0,1.5,1.5,1.25,0.0,0.0,1.0,0.0,0.25,0.5,0.0,0.0,0.0,0.0,11.5,2.5,2.0,0.0,0,0,0,0,1,0,0,0,0,1,0,0,0,0,0,1,0,0,0
2018-03-12,4.0,3.0,0.0,0.0,4.5,0.0,0.0,0.0,1.5,5.75,7.5,26.5,0.0,0.0,33.0,11.5,1.5,0.0,23.5,0,0,0,0,1,0,0,0,0,1,0,0,0,0,0,1,0,0,0
2018-03-13,0.0,0.0,0.0,6.0,3.25,0.0,0.0,0.0,0.0,4.5,0.5,3.5,1.5,0.0,2.5,3.75,1.5,0.0,3.5,0,0,0,0,1,0,0,0,0,1,0,0,0,0,0,1,0,0,0
2018-03-14,0.0,6.5,0.0,0.5,2.0,8.5,8.0,10.5,1.0,4.5,0.0,0.5,29.5,6.0,0.5,2.5,3.5,0.0,3.5,0,0,0,0,1,0,0,0,0,1,0,0,0,0,0,1,0,0,0
2018-03-15,11.5,0.0,3.0,0.0,1.75,1.5,3.0,12.0,0.0,4.0,0.0,1.5,1.0,2.0,0.0,0.0,0.0,23.0,0.0,0,0,0,0,1,0,0,0,0,1,0,0,0,0,0,1,0,0,0
2018-03-16,9.5,0.0,59.5,16.0,2.5,89.5,26.0,32.5,9.0,0.75,11.5,11.0,9.0,18.5,0.0,0.0,2.5,44.5,2.5,0,0,0,0,1,0,0,0,0,1,0,0,0,0,0,1,0,0,0
2018-03-17,24.0,12.5,0.0,0.0,0.0,0.0,0.0,0.0,8.5,0.5,0.0,4.5,0.0,0.0,37.5,4.75,0.0,0.0,5.0,0,0,0,0,1,0,0,0,0,1,0,0,0,0,0,1,0,0,0
2018-03-18,0.0,0.0,0.0,0.0,0.0,0.0,0.0,2.5,0.0,0.25,0.0,6.0,0.0,0.0,26.0,4.75,0.0,0.0,0.0,0,0,0,0,1,0,0,0,0,1,0,0,0,0,0,1,0,0,0
2018-03-19,0.5,14.0,0.0,0.0,0.0,61.0,19.0,7.5,3.5,0.25,29.5,11.5,0.0,8.0,49.0,0.25,1.5,0.0,8.5,0,0,0,0,1,0,0,0,0,1,0,0,0,0,0,1,0,0,0
2018-03-20,7.5,20.5,0.0,12.5,7.25,15.0,38.0,22.0,35.5,0.5,13.5,61.5,7.0,25.5,50.0,0.25,33.0,23.5,25.5,0,0,0,0,1,0,0,0,0,1,0,0,0,0,0,1,0,0,0
2018-03-21,0.0,0.0,0.0,0.0,3.0,0.0,0.0,22.0,0.0,0.5,13.5,0.0,0.0,0.0,50.0,2.0,33.0,23.5,0.5,0,0,0,0,1,0,0,0,0,1,0,0,0,0,0,1,0,0,0
2018-03-22,0.0,0.0,0.0,0.0,4.25,0.0,0.0,0.0,0.0,3.0,0.0,0.0,0.0,0.0,0.0,0.75,0.0,0.0,0.0,0,0,0,0,1,0,0,0,0,1,0,0,0,0,0,1,0,0,0
2018-03-23,0.0,0.0,0.0,0.0,1.75,0.0,0.0,0.0,0.0,2.0,0.0,0.5,0.0,0.0,1.0,0.25,0.0,0.0,0.0,0,0,0,0,1,0,0,0,0,1,0,0,0,0,0,1,0,0,0
2018-03-24,0.0,0.0,0.0,0.0,8.25,0.0,0.0,0.0,0.0,1.0,0.0,0.0,0.0,0.0,0.0,1.5,0.0,0.0,0.0,0,0,0,0,1,0,0,0,0,1,0,0,0,0,0,1,0,0,0
2018-03-25,0.0,0.0,21.0,5.0,5.25,37.0,16.5,4.5,14.5,1.5,14.5,2.5,14.0,14.5,2.5,29.5,15.5,14.0,0.5,0,0,0,0,1,0,0,0,0,1,0,0,0,0,0,1,0,0,0
2018-03-26,12.0,26.0,8.0,8.5,4.25,9.0,5.5,4.5,0.0,1.5,16.0,17.5,2.0,15.0,19.0,24.5,15.5,14.0,10.0,0,0,0,0,1,0,0,0,0,1,0,0,0,0,0,1,0,0,0
2018-03-27,34.0,14.0,14.5,14.0,2.5,10.0,9.5,20.0,34.0,3.0,16.0,115.0,42.0,10.0,29.5,13.5,27.0,20.5,90.0,0,0,0,0,1,0,0,0,0,1,0,0,0,0,0,1,0,0,0
2018-03-28,0.0,13.5,2.5,57.5,3.5,0.0,0.0,4.0,6.5,4.5,12.5,19.5,14.5,0.0,0.0,0.5,27.0,29.0,90.0,0,0,0,0,1,0,0,0,0,1,0,0,0,0,0,1,0,0,0
2018-03-29,0.0,0.0,0.0,0.0,2.5,0.0,9.0,4.0,3.5,6.5,0.5,0.0,4.0,0.0,2.0,24.5,3.5,12.0,0.0,0,0,0,0,1,0,0,0,0,1,0,0,0,0,0,1,0,0,0
2018-03-30,0.0,4.5,1.0,12.5,8.75,0.5,0.0,3.5,0.0,10.75,0.0,0.0,1.5,0.5,0.0,24.5,1.5,800.0,0.0,0,0,0,0,1,0,0,0,0,1,0,0,0,0,0,1,0,0,0
2018-03-31,5.5,0.0,0.0,0.0,5.5,24.5,66.5,12.0,55.5,7.0,0.5,63.5,45.5,70.5,12.0,8.0,46.5,1000.0,2.0,0,0,0,0,1,0,0,0,0,1,0,0,0,0,0,1,0,0,0
2018-04-01,4.0,0.5,1.0,7.0,0.25,4.0,0.0,0.0,4.0,20.25,5.5,14.0,1.0,2.5,0.5,0.5,0.0,0.5,1.0,0,0,0,0,1,0,0,0,0,1,0,0,0,0,0,1,0,0,0
2018-04-02,1.5,1.0,0.0,0.0,0.5,0.0,0.5,0.0,10.0,18.75,7.5,13.0,12.0,3.0,9.5,0.5,3.5,0.5,11.5,0,0,0,0,1,0,0,0,0,1,0,0,0,0,0,1,0,0,0
2018-04-03,0.0,22.0,4.0,1.0,6.5,0.5,37.5,23.5,57.5,1.75,44.0,42.0,56.0,46.5,1.5,0.0,63.0,7.0,68.0,0,0,0,0,1,0,0,0,0,1,0,0,0,0,0,1,0,0,0
2018-04-04,0.0,0.0,0.0,0.0,5.75,0.0,0.0,23.5,0.0,1.5,0.0,4.5,0.0,0.0,0.5,1.5,0.0,7.0,2.0,0,0,0,0,1,0,0,0,0,1,0,0,0,0,0,1,0,0,0
2018-04-05,0.0,0.0,0.0,0.0,11.25,0.0,0.0,0.0,0.0,1.5,4.0,0.0,1.5,0.0,54.5,6.0,0.0,0.0,0.0,0,0,0,0,1,0,0,0,0,1,0,0,0,0,0,1,0,0,0
2018-04-06,6.0,23.0,1.0,25.5,6.75,0.0,1.5,0.5,0.5,1.0,38.0,20.0,10.5,4.0,56.5,1.0,1.5,1.5,12.5,0,0,0,0,1,0,0,0,0,1,0,0,0,0,0,1,0,0,0
2018-04-07,3.5,0.5,0.5,1.5,4.5,0.5,2.0,7.0,1.5,6.0,0.0,0.5,4.0,0.0,0.0,7.5,0.0,10.0,1.0,0,0,0,0,1,0,0,0,0,1,0,0,0,0,0,1,0,0,0
2018-04-08,0.5,0.0,0.0,0.0,0.75,0.0,0.0,0.0,0.0,1.25,0.0,0.0,0.0,0.0,0.0,7.5,0.0,0.0,0.0,0,0,0,0,1,0,0,0,0,1,0,0,0,0,0,1,0,0,0
2018-04-09,0.0,0.0,0.0,0.0,7.25,0.0,0.0,0.0,0.0,2.5,0.0,0.0,0.0,0.0,0.0,7.5,0.0,0.0,0.0,0,0,0,0,1,0,0,0,0,1,0,0,0,0,0,1,0,0,0
2018-04-10,0.0,0.0,0.0,0.0,0.0,0.0,0.0,0.0,0.0,1.25,0.0,0.0,0.0,0.0,0.0,11.5,0.0,0.0,0.0,0,0,0,0,1,0,0,0,0,1,0,0,0,0,0,1,0,0,0
2018-04-11,0.0,0.0,0.0,0.0,1.75,0.0,0.0,0.0,0.0,20.75,0.0,0.0,0.0,0.0,0.0,26.5,0.0,0.0,0.0,0,0,0,0,1,0,0,0,0,1,0,0,0,0,0,1,0,0,0
2018-04-12,1.5,2.0,0.0,0.0,0.5,0.0,0.0,0.0,0.0,25.5,0.0,0.0,0.0,0.0,0.0,9.0,0.0,0.0,0.0,0,0,0,0,1,0,0,0,0,1,0,0,0,0,0,1,0,0,0
2018-04-13,2.0,4.0,0.0,0.0,3.75,0.0,0.0,0.0,3.5,7.0,0.0,1.0,1.0,0.0,0.0,11.5,0.5,1.0,0.0,0,0,0,0,1,0,0,0,0,1,0,0,0,0,0,1,0,0,0
2018-04-14,0.5,0.0,0.0,0.0,4.0,0.0,0.0,0.0,0.0,1.25,0.0,0.5,0.0,0.0,0.0,3.5,0.0,1.0,0.0,0,0,0,0,1,0,0,0,0,1,0,0,0,0,0,1,0,0,0
2018-04-15,9.5,21.5,2.5,4.5,0.75,1.5,4.5,4.0,10.5,4.5,4.0,24.0,5.0,10.5,35.5,3.5,11.5,3.5,13.0,0,0,0,0,1,0,0,0,0,1,0,0,0,0,0,1,0,0,0
2018-04-16,5.0,12.0,15.5,26.5,5.25,10.5,17.5,19.5,49.5,4.25,39.5,29.5,36.0,19.0,41.0,6.5,32.5,19.0,18.0,0,0,0,0,1,0,0,0,0,1,0,0,0,0,0,1,0,0,0
2018-04-17,0.0,12.0,5.5,2.5,9.5,0.0,0.0,0.0,8.5,1.5,21.0,5.0,1.0,19.0,4.5,2.5,2.0,0.0,28.5,0,0,0,0,1,0,0,0,0,1,0,0,0,0,0,1,0,0,0
2018-04-18,0.5,1.0,3.5,1.0,11.25,27.5,4.5,4.5,34.5,2.5,7.0,1.0,13.0,9.0,15.5,2.5,11.0,11.5,0.5,0,0,0,0,1,0,0,0,0,1,0,0,0,0,0,1,0,0,0
2018-04-19,0.0,0.0,0.0,0.5,2.0,0.0,0.5,0.0,18.0,2.5,7.0,1.0,21.5,0.0,58.5,10.0,17.5,7.5,0.5,0,0,0,0,1,0,0,0,0,1,0,0,0,0,0,1,0,0,0
2018-04-20,11.0,63.5,3.5,70.5,3.0,9.5,18.0,1.5,18.0,1.75,11.5,33.5,9.5,30.5,10.0,10.0,5.0,7.5,16.0,0,0,0,0,1,0,0,0,0,1,0,0,0,0,0,1,0,0,0
2018-04-21,4.0,1.5,19.5,22.5,3.75,8.5,18.5,19.5,16.0,7.5,31.0,5.5,30.5,35.0,50.5,13.5,24.0,54.0,35.5,0,0,0,0,1,0,0,0,0,1,0,0,0,0,0,1,0,0,0
2018-04-22,0.5,0.0,2.5,0.0,5.0,0.0,0.5,1.0,47.0,4.75,1.0,7.0,40.5,1.0,40.0,17.0,25.0,0.0,0.0,0,0,0,0,1,0,0,0,0,1,0,0,0,0,0,1,0,0,0
2018-04-23,53.0,3.0,4.5,2.0,3.75,95.0,56.0,30.5,1.0,18.75,1.5,1.0,2.5,47.5,30.0,11.5,1.5,51.5,2.0,0,0,0,0,1,0,0,0,0,1,0,0,0,0,0,1,0,0,0
2018-04-24,0.0,0.0,0.0,0.0,8.0,0.5,0.5,0.0,0.5,21.5,0.0,3.0,0.5,0.5,30.0,12.0,1.5,51.5,2.0,0,0,0,0,1,0,0,0,0,1,0,0,0,0,0,1,0,0,0
2018-04-25,0.0,0.0,0.0,0.0,11.5,0.0,0.0,0.0,0.0,13.0,0.0,0.0,0.0,0.0,0.0,14.0,0.0,0.0,0.0,0,0,0,0,1,0,0,0,0,1,0,0,0,0,0,1,0,0,0
2018-04-26,15.5,4.0,15.0,30.0,13.25,7.0,9.0,13.5,12.5,3.25,19.0,22.0,7.0,9.5,10.5,0.5,9.5,6.5,15.0,0,0,0,0,1,0,0,0,0,1,0,0,0,0,0,1,0,0,0
2018-04-27,0.0,6.0,2.0,30.0,13.25,0.0,31.5,13.5,61.5,4.75,2.0,41.5,14.5,64.0,18.0,13.5,85.5,6.5,38.0,0,0,0,0,1,0,0,0,0,1,0,0,0,0,0,1,0,0,0
2018-04-28,15.5,0.0,0.0,1.0,13.0,0.0,4.5,11.5,2.0,6.0,15.5,0.5,23.0,7.0,0.0,13.5,0.5,2.5,12.5,0,0,0,0,1,0,0,0,0,1,0,0,0,0,0,1,0,0,0
2018-04-29,0.0,0.0,0.0,0.0,5.5,0.0,0.0,3.0,0.0,5.5,0.0,0.0,0.0,0.0,0.0,11.0,0.5,0.0,0.5,0,0,0,0,1,0,0,0,0,1,0,0,0,0,0,1,0,0,0
2018-04-30,0.0,1.0,5.5,6.5,3.0,1.0,0.5,0.5,24.5,2.5,2.0,27.5,39.5,1.0,0.0,11.0,16.5,8.5,2.0,0,0,0,0,1,0,0,0,0,1,0,0,0,0,0,1,0,0,0
2018-05-01,0.0,48.0,17.5,33.5,4.5,56.5,22.5,34.5,19.5,1.0,34.0,7.5,2.0,7.0,3.0,15.0,16.5,72.5,2.0,0,0,0,0,1,0,0,0,0,1,0,0,0,0,0,1,0,0,0
2018-05-02,17.0,0.0,0.0,0.0,4.25,0.5,2.0,7.0,9.5,8.75,0.5,0.5,2.0,2.0,10.5,6.0,14.0,72.5,5.0,0,0,0,0,1,0,0,0,0,1,0,0,1,0,0,1,0,0,0
2018-05-03,2.5,1.0,0.5,0.5,2.75,0.0,0.0,0.5,0.0,1.25,0.0,22.5,2.0,0.5,4.0,6.0,9.0,0.5,5.0,0,0,0,0,1,0,0,0,0,1,0,0,1,0,0,1,0,0,0
2018-05-04,0.0,0.0,0.0,8.0,12.5,0.0,5.0,0.5,0.0,5.5,15.0,8.0,2.0,5.0,0.0,6.0,3.0,0.0,13.0,0,0,0,0,1,0,0,0,0,1,0,0,1,0,0,1,0,0,0
2018-05-05,5.5,17.0,0.5,9.5,14.0,17.0,3.0,2.5,34.0,5.5,24.0,2.0,2.0,2.0,0.0,0.5,37.5,3.0,18.5,0,0,0,0,1,0,0,0,0,1,0,0,1,0,0,1,0,0,0
2018-05-06,0.5,20.0,2.5,5.5,9.25,6.5,0.0,2.5,0.0,0.5,10.0,0.0,2.0,0.0,0.0,1.5,37.5,27.5,0.0,0,0,0,0,1,0,0,0,0,1,0,0,1,0,0,1,0,0,0
2018-05-07,0.5,10.0,28.5,31.0,16.75,0.5,6.0,2.5,66.0,0.75,8.5,29.0,2.0,4.0,0.0,7.0,23.5,27.5,8.5,0,0,0,0,1,0,0,1,0,1,0,0,1,0,0,1,0,0,0
2018-05-08,1.0,13.0,0.5,8.0,19.0,0.5,0.0,2.5,0.0,6.0,7.5,0.0,2.0,0.0,0.0,7.0,23.5,0.0,5.5,0,0,0,0,1,0,0,1,0,1,0,0,1,0,0,1,0,0,0
2018-05-09,0.5,23.0,0.0,0.0,1.25,0.0,0.0,2.5,0.0,0.5,0.0,0.0,6.0,0.0,0.0,0.5,0.0,0.0,5.5,0,0,0,0,1,0,0,1,0,1,0,0,1,0,0,1,0,0,0
2018-05-10,0.0,18.5,10.5,0.5,0.75,12.0,0.5,2.5,0.0,0.5,0.0,0.0,7.0,3.0,1.5,4.5,0.0,1.0,1.0,0,0,0,0,1,0,0,1,0,1,0,0,1,0,0,1,0,0,0
2018-05-11,6.0,33.5,9.5,19.0,5.75,2.5,4.0,2.5,4.5,2.0,3.0,0.5,14.5,2.5,0.5,7.0,3.0,6.5,1.5,0,0,0,0,1,0,0,1,0,1,0,0,1,0,0,1,0,0,0
2018-05-12,3.5,0.0,0.0,0.0,13.5,5.0,10.0,2.5,24.0,2.0,4.5,78.0,15.0,9.5,31.0,0.5,11.5,3.5,14.5,0,0,0,0,1,0,0,1,0,1,0,0,1,0,0,1,0,0,0
2018-05-13,31.5,36.0,22.0,19.5,15.75,5.0,12.0,2.5,27.0,6.25,11.5,44.0,5.0,14.0,69.5,1.5,23.0,4.0,46.5,0,0,0,0,1,0,0,1,0,1,0,0,1,0,0,1,0,0,0
2018-05-14,0.0,0.0,0.0,0.0,8.25,9.5,21.5,7.75,0.0,6.25,0.0,0.0,8.5,20.5,0.0,4.5,23.0,4.0,1.0,0,0,0,0,1,0,0,1,0,1,0,0,1,0,0,1,0,0,0
2018-05-15,8.5,0.0,0.0,0.0,7.5,3.5,6.0,12.5,1.0,0.25,0.0,0.0,20.5,6.0,0.0,4.5,0.0,0.5,1.0,0,0,0,0,1,0,0,1,0,1,0,0,1,0,0,1,0,0,0
2018-05-16,8.5,4.5,5.5,1.0,7.25,1.0,35.0,0.5,7.0,0.5,1.0,3.0,7.0,15.0,49.5,1.5,8.0,8.5,3.0,0,0,0,0,1,0,0,1,0,1,0,0,1,0,0,1,0,0,0
2018-05-17,0.0,15.5,32.0,46.5,6.25,7.5,3.5,0.0,23.0,0.25,28.0,46.5,6.0,3.0,1.0,1.5,19.0,55.5,25.0,0,0,0,0,1,0,0,1,0,1,0,0,1,0,0,1,0,0,0
2018-05-18,0.5,0.0,0.0,1.5,6.25,0.0,0.0,7.5,2.0,0.25,0.0,12.5,6.0,0.0,13.0,3.5,0.5,0.0,3.5,0,0,0,0,1,0,0,1,0,1,0,0,1,0,0,1,0,0,0
2018-05-19,10.0,15.5,11.5,15.0,11.5,18.0,14.0,9.0,14.5,0.25,35.0,34.0,1.5,3.0,60.5,16.25,18.0,37.0,48.5,0,0,0,0,1,0,0,1,0,1,0,0,1,0,0,1,0,0,0
2018-05-20,8.0,0.5,2.5,1.0,3.5,10.0,5.5,6.0,2.0,0.25,0.5,34.0,4.0,4.0,60.5,1.25,1.5,4.5,0.0,0,0,0,0,1,0,0,1,0,1,0,0,1,0,0,1,0,0,0
2018-05-21,21.0,0.0,2.5,2.0,0.5,0.0,0.0,0.0,0.0,0.25,3.5,1.5,1.5,0.5,6.0,0.0,0.5,0.0,0.0,0,0,0,0,1,0,0,1,0,1,0,0,1,0,0,1,0,0,0
2018-05-22,41.0,40.0,8.5,8.5,0.5,0.0,0.0,0.0,10.0,0.5,18.5,55.0,1.0,0.5,15.5,5.0,4.0,3.5,9.5,0,0,0,0,1,0,0,1,0,1,0,0,1,0,0,1,0,0,0
2018-05-23,2.5,40.0,36.5,29.5,3.0,42.0,57.0,0.0,47.0,0.75,25.0,11.0,1.0,42.0,14.5,4.0,45.5,60.5,9.5,0,0,0,0,1,0,0,1,0,1,0,0,1,0,0,1,0,0,0
2018-05-24,2.5,40.0,13.0,29.5,0.75,42.0,13.5,0.0,51.5,0.5,25.0,43.0,0.0,42.0,23.5,5.0,45.5,60.5,43.0,0,0,0,0,1,0,0,1,0,1,0,0,1,0,0,1,0,0,0
2018-05-25,0.0,0.0,13.0,4.0,6.0,7.0,13.5,31.5,51.5,0.0,9.0,43.0,14.5,0.0,23.5,22.25,28.0,29.5,43.0,0,0,0,0,1,0,0,1,0,1,0,0,1,0,0,1,0,0,0
2018-05-26,10.0,28.5,38.0,42.0,13.5,25.5,20.0,0.0,52.5,0.5,24.5,52.0,6.5,21.0,17.5,13.5,34.5,27.5,18.0,0,0,0,0,1,0,0,1,0,1,0,0,1,0,0,1,0,0,0
2018-05-27,0.0,0.0,0.5,0.0,7.75,0.0,0.0,0.0,0.0,1.0,24.5,0.0,1.0,0.5,0.0,12.0,0.0,0.0,0.0,0,0,0,0,1,0,0,1,0,1,1,0,1,0,0,1,0,0,0
2018-05-28,0.0,0.0,0.0,0.0,1.0,0.0,0.0,0.0,0.0,0.5,0.0,0.0,0.0,0.0,0.0,9.25,0.0,0.0,0.5,0,0,0,0,1,0,0,1,0,1,0,0,1,0,0,1,0,0,0
2018-05-29,2.0,23.5,0.0,38.0,4.0,5.0,46.0,0.0,44.0,0.0,47.5,25.5,1.0,39.5,59.5,2.75,70.5,9.0,25.5,0,0,0,0,1,0,0,1,0,1,0,0,1,0,0,1,0,0,0
2018-05-30,12.0,3.0,3.5,37.5,4.5,2.0,1.0,0.0,1.5,0.0,11.0,1.0,1.5,1.0,5.5,0.0,0.5,11.5,1.0,0,0,0,0,1,0,0,1,0,1,0,0,1,0,0,1,0,0,0
2018-05-31,32.0,8.5,21.0,37.5,2.0,18.5,9.0,0.0,64.0,0.5,16.0,8.5,0.0,6.5,5.5,0.75,59.0,69.0,23.0,0,0,0,0,1,0,0,1,0,1,0,0,1,0,0,1,0,0,0
2018-06-01,0.5,1.0,0.0,0.5,3.75,0.0,0.0,0.0,0.0,0.5,0.0,0.0,0.0,0.0,0.5,0.75,0.0,0.0,0.5,0,0,0,0,1,0,0,1,0,1,0,0,1,0,0,1,0,0,0
2018-06-02,0.5,2.0,1.0,1.0,4.5,0.0,0.0,0.0,1.0,0.0,0.5,1.5,0.0,0.5,3.5,0.25,0.5,0.5,1.0,0,0,0,0,1,0,0,0,0,1,0,0,1,0,0,1,0,0,0
2018-06-03,0.0,0.0,0.0,0.0,0.0,0.0,0.0,0.0,0.0,0.5,0.0,0.0,0.0,0.0,0.0,5.5,0.0,0.0,0.0,0,0,0,0,1,0,0,1,0,1,0,0,1,0,0,1,0,0,0
2018-06-04,0.0,1.5,20.5,12.0,12.5,18.0,13.0,0.0,1.0,0.5,45.0,9.5,0.0,4.0,0.0,2.25,0.5,7.5,11.0,0,0,0,0,1,0,0,1,0,1,0,0,1,0,0,1,0,0,0
2018-06-05,0.0,0.5,18.5,10.0,9.0,3.0,0.0,0.0,0.0,0.5,0.0,0.0,0.0,0.0,0.0,10.5,0.0,0.0,0.0,0,0,0,0,1,0,0,1,0,1,0,0,1,0,0,1,0,0,0
2018-06-06,0.0,24.5,20.5,23.5,12.0,3.0,0.0,0.0,0.0,0.0,0.0,0.0,0.0,0.0,0.0,0.5,0.0,0.0,4.0,0,0,0,0,1,0,0,1,0,1,0,0,1,0,0,1,0,0,0
2018-06-07,0.0,24.5,20.5,23.5,2.5,0.0,0.0,0.0,3.0,0.0,0.0,0.0,0.0,0.0,0.0,0.0,1.5,0.0,4.0,0,0,0,0,1,0,0,1,0,1,0,0,1,0,0,1,0,0,0
2018-06-08,1.5,0.0,15.5,0.0,0.75,0.0,0.0,0.0,0.0,0.5,0.0,0.0,0.0,0.0,0.0,5.5,0.0,0.0,0.0,0,0,0,0,1,0,0,1,0,1,0,0,1,0,0,1,0,0,0
2018-06-09,0.0,0.0,0.0,0.0,0.25,0.0,0.0,0.0,0.0,0.5,0.0,0.0,0.0,0.0,0.0,17.5,0.0,0.0,0.0,0,0,0,0,1,0,0,1,0,1,0,0,1,0,0,1,0,0,0
2018-06-10,0.0,0.0,0.0,0.0,5.75,0.0,0.0,0.0,0.0,0.0,0.0,0.0,0.0,0.0,0.0,1.5,0.0,0.0,0.0,0,0,0,0,1,0,0,1,0,1,0,0,0,0,0,1,0,0,0
2018-06-11,0.0,0.0,0.0,0.0,2.0,0.0,0.0,0.0,0.0,0.0,0.0,0.0,0.0,0.0,2.0,10.5,0.0,0.0,0.0,0,0,0,0,1,0,0,0,0,1,0,0,1,0,0,1,0,0,0
2018-06-12,0.0,0.0,0.0,0.0,2.0,0.0,0.0,0.0,0.0,0.0,0.0,0.0,0.0,0.0,0.0,10.5,0.0,0.0,0.0,0,0,0,0,1,0,0,0,0,1,0,0,1,0,0,1,0,0,0
2018-06-13,0.5,8.0,0.0,5.0,3.25,6.0,0.0,0.0,0.0,0.0,0.0,0.0,0.0,0.0,25.0,5.75,0.0,0.0,0.0,0,0,0,0,1,0,0,1,0,1,0,0,1,0,0,1,0,0,0
2018-06-14,11.0,0.0,1.0,0.0,9.5,0.0,0.0,0.0,0.0,0.0,0.0,0.0,0.0,0.5,0.0,5.0,0.0,0.0,0.0,0,0,0,0,1,0,0,1,0,1,0,0,1,0,0,1,0,0,0
2018-06-15,0.0,2.0,25.5,7.0,0.5,9.5,12.0,0.0,31.5,0.0,0.5,5.0,0.0,11.5,2.5,1.5,33.5,11.5,0.0,0,0,0,0,1,0,0,1,0,1,0,0,1,0,0,1,0,0,0
2018-06-16,0.0,0.0,0.0,0.0,2.0,0.0,0.0,0.0,0.0,0.5,0.0,0.0,0.0,0.0,0.0,2.5,0.0,0.0,0.0,0,0,0,0,1,0,0,1,0,1,0,0,1,0,0,1,0,0,0
2018-06-17,0.0,15.5,16.5,42.5,9.5,21.0,19.5,0.0,19.5,0.5,20.0,16.5,0.0,30.5,22.0,2.5,20.0,22.5,7.0,0,0,0,0,1,0,0,1,0,1,0,0,1,0,0,1,0,0,0
2018-06-18,0.0,6.5,0.0,0.5,8.0,1.5,0.0,5.0,5.5,0.0,2.0,1.0,9.5,1.0,5.0,1.5,5.0,0.5,3.5,0,0,0,0,1,0,0,0,0,1,0,0,1,0,0,1,0,0,0
2018-06-19,0.0,6.5,0.5,8.5,7.5,1.5,0.5,5.0,5.5,0.0,2.5,1.0,1.5,1.0,5.0,1.0,5.0,0.5,7.5,0,0,0,0,1,0,0,0,0,1,0,0,1,0,0,1,0,0,0
2018-06-20,0.0,0.0,1.5,0.5,28.0,3.0,0.0,2.5,2.5,0.5,1.5,2.0,18.0,0.0,0.0,5.0,0.0,14.0,0.0,0,0,0,0,1,0,0,0,0,1,0,0,1,0,0,1,0,0,0
2018-06-21,0.0,4.0,17.0,15.0,28.0,7.0,1.5,1.5,2.5,0.5,1.5,2.0,8.0,1.5,0.5,8.0,0.5,32.0,0.5,0,0,0,0,1,0,0,0,0,1,0,0,1,0,0,1,0,0,0
2018-06-22,0.0,54.0,17.5,53.5,0.5,43.0,76.0,45.5,49.5,0.0,11.0,19.0,1.5,55.5,49.0,1.0,36.0,45.0,11.0,0,0,0,0,1,0,0,0,0,1,0,0,1,0,0,1,0,0,0
2018-06-23,4.0,20.0,40.0,28.5,2.0,115.5,30.0,104.5,49.5,0.0,21.5,25.5,4.5,38.0,93.0,1.0,55.5,121.0,13.0,0,0,0,0,1,0,0,0,0,1,0,0,1,0,0,1,0,0,0
2018-06-24,0.0,3.5,3.0,4.0,3.5,6.0,4.0,3.5,2.0,0.0,2.5,1.5,0.0,3.0,1.5,1.0,2.0,3.5,1.5,0,0,0,0,1,0,0,0,0,1,0,0,1,0,0,1,0,0,0
2018-06-25,0.0,3.5,3.0,4.0,0.0,22.0,46.5,28.5,19.0,0.0,2.5,17.0,0.0,46.0,43.0,0.5,32.5,4.0,12.0,0,0,0,0,1,0,0,0,0,1,0,0,1,0,0,1,0,0,0
2018-06-26,0.0,0.5,0.5,1.0,0.0,22.0,46.5,28.5,19.0,0.0,1.0,17.0,23.0,46.0,43.0,1.0,32.5,4.0,12.0,0,0,0,0,1,0,0,0,0,1,0,0,1,0,0,1,0,0,0
2018-06-27,0.0,12.0,1.5,0.0,6.0,0.0,0.0,0.0,3.5,0.0,1.0,0.0,23.0,0.0,2.0,1.0,0.5,0.0,5.0,0,0,0,0,1,0,0,0,0,1,0,0,1,0,0,1,0,0,0
2018-06-28,0.0,12.0,9.0,1.5,0.0,0.0,0.0,0.0,3.5,0.0,1.0,0.0,4.5,0.0,2.0,0.5,0.5,0.0,5.0,0,0,0,0,1,0,0,0,0,1,0,0,1,0,0,1,0,0,0
2018-06-29,1.5,11.0,9.5,4.0,0.0,4.0,2.5,1.5,0.0,0.0,0.0,0.0,0.0,3.0,0.5,0.0,0.5,2.0,0.0,0,0,0,0,1,0,0,0,0,1,0,0,1,0,0,1,0,0,0
2018-06-30,0.0,0.0,0.0,0.0,0.0,0.0,0.0,0.0,0.0,0.5,0.0,0.0,0.0,0.0,0.0,0.0,0.0,0.0,0.0,0,0,0,0,1,0,0,0,0,1,0,0,1,0,0,1,0,0,0
2018-07-01,0.0,0.0,0.0,0.0,0.0,1.0,0.0,0.0,0.0,0.0,0.0,0.0,2.0,0.5,0.5,0.0,0.0,0.5,0.0,0,0,0,0,1,0,0,0,0,1,0,0,1,0,0,1,0,0,0
2018-07-02,0.0,6.0,10.0,6.5,0.0,33.5,41.0,61.5,39.0,0.0,13.0,51.0,0.0,20.0,24.0,0.0,32.5,51.5,21.5,0,0,0,0,1,0,0,0,0,1,0,0,1,0,0,1,0,0,0
2018-07-03,0.0,1.5,22.5,7.5,0.0,7.0,6.5,10.5,0.0,0.0,0.0,4.5,1.0,1.0,1.5,2.0,0.5,5.5,4.5,0,0,0,0,1,0,0,0,0,1,0,0,1,0,0,1,0,0,0
2018-07-04,0.0,3.0,8.0,0.0,0.0,0.0,0.0,0.0,0.0,0.0,0.5,0.0,1.0,0.0,0.0,2.0,0.0,0.0,0.0,0,0,0,0,1,0,0,0,0,1,0,0,1,0,0,1,0,0,0
2018-07-05,0.0,3.0,8.0,0.0,0.0,0.0,0.0,0.0,0.0,0.0,0.5,0.0,2.0,0.0,0.0,2.0,0.0,0.0,0.0,0,0,0,0,0,0,0,0,0,1,0,0,1,0,0,1,0,0,0
2018-07-06,5.0,4.5,6.5,18.5,0.0,0.0,0.5,0.0,0.5,0.0,1.5,3.5,2.0,1.0,10.0,2.0,0.5,8.5,1.0,0,0,0,0,1,0,0,0,0,1,0,0,1,0,0,1,0,0,0
2018-07-07,5.0,4.5,44.5,18.5,0.0,0.5,0.5,1.0,0.5,0.0,1.5,3.5,1.5,1.0,10.0,2.0,0.5,18.5,1.0,0,0,0,0,1,0,0,0,0,1,0,0,1,0,0,1,0,0,0
2018-07-08,0.5,0.0,44.5,10.5,0.0,0.5,0.0,1.0,0.0,5.25,1.5,0.0,9.5,0.0,0.0,22.5,0.0,18.5,2.0,0,0,0,0,1,0,0,0,0,1,0,0,1,0,0,1,0,0,0
2018-07-09,0.0,4.0,11.0,18.0,0.0,28.5,24.5,19.5,19.5,5.25,37.0,30.5,9.5,20.5,13.5,3.0,15.5,15.0,40.5,0,0,0,0,1,0,0,0,0,1,0,0,1,0,0,1,0,0,0
2018-07-10,0.0,9.5,11.0,18.0,0.0,28.5,24.5,19.5,19.5,0.0,37.0,30.5,5.0,0.0,13.5,3.0,15.5,15.5,40.5,0,0,0,0,1,0,0,0,0,1,0,0,1,0,0,1,0,0,0
2018-07-11,0.0,0.0,0.0,0.0,0.0,0.0,0.0,0.0,0.0,0.25,0.0,0.0,8.0,0.0,0.0,3.0,0.0,0.0,0.0,0,0,0,0,1,0,0,0,0,1,0,0,1,0,0,1,0,0,0
2018-07-12,0.0,0.0,0.0,0.0,0.0,0.0,0.0,0.0,0.0,0.25,0.0,0.0,38.5,0.0,0.0,8.5,0.0,0.0,0.0,0,0,0,0,1,0,0,0,0,1,0,0,1,0,0,1,0,0,0
2018-07-13,0.0,0.0,0.0,0.0,0.0,0.0,0.0,0.0,0.0,0.0,0.0,0.0,16.0,0.0,0.0,0.0,0.0,0.0,0.0,0,0,0,0,1,0,0,0,0,1,0,0,1,0,0,1,0,0,0
2018-07-14,0.0,0.0,0.0,0.0,0.0,0.0,0.0,0.0,0.0,0.0,0.0,0.0,5.0,0.0,0.0,0.0,0.0,0.0,0.0,0,0,0,0,1,0,0,0,0,1,0,0,1,0,0,1,0,0,0
2018-07-15,0.0,0.0,0.0,0.0,0.0,0.0,0.0,0.0,0.0,0.0,0.0,0.0,0.5,0.0,0.0,0.0,0.0,0.0,0.0,0,0,0,0,1,0,0,0,0,1,0,0,1,0,0,1,0,0,0
2018-07-16,0.0,0.0,0.0,0.0,0.0,0.0,0.0,0.0,0.0,0.0,0.0,0.0,0.0,0.0,0.0,0.0,0.0,0.0,0.0,0,0,0,0,1,0,0,0,0,1,0,0,1,0,0,1,0,0,0
2018-07-17,0.0,0.0,0.0,0.0,0.0,0.0,0.0,0.0,0.0,0.0,0.0,0.0,0.0,0.0,0.0,0.0,0.0,0.0,0.0,0,0,0,0,0,0,0,0,0,1,0,0,1,0,0,1,0,0,0
2018-07-18,0.0,0.0,0.0,0.0,0.0,0.0,0.0,0.0,0.0,0.0,0.0,0.0,0.0,4.5,10.0,0.0,0.0,0.0,0.0,0,0,0,0,0,0,0,0,0,1,0,0,1,0,0,1,0,0,0
2018-07-19,0.0,0.0,0.0,0.0,0.0,0.0,0.0,0.0,0.0,0.0,0.0,0.0,0.0,0.0,0.0,0.0,0.0,0.0,0.0,0,0,0,0,0,0,0,0,0,1,0,0,1,0,0,1,0,0,0
2018-07-20,0.0,0.0,0.0,0.0,0.0,0.0,0.0,0.0,0.0,0.0,0.0,0.0,1.5,0.0,0.0,0.0,0.0,0.0,0.0,0,0,0,0,1,0,0,0,0,1,0,0,1,0,0,1,0,0,0
2018-07-21,0.0,0.0,0.0,0.0,0.0,0.5,0.0,0.0,0.0,0.0,4.0,0.0,0.0,0.0,0.0,0.0,0.0,0.0,0.0,0,0,0,0,1,0,0,0,0,1,0,0,1,0,0,1,0,0,0
2018-07-22,0.0,0.0,0.0,0.0,0.0,0.5,0.0,0.0,0.0,7.75,0.0,0.0,0.5,0.0,0.0,0.0,0.0,0.0,0.0,0,0,0,0,1,0,0,0,0,1,0,0,1,0,0,1,0,0,0
2018-07-23,1.0,4.5,1.0,0.0,0.0,6.5,18.5,13.0,9.5,7.75,0.5,31.0,0.5,2.5,0.0,0.0,3.0,11.0,8.0,0,0,0,0,1,0,0,0,0,1,0,0,1,0,0,1,0,0,0
2018-07-24,16.5,68.5,69.0,84.0,0.0,6.5,18.5,13.0,9.5,0.0,27.0,31.0,0.0,2.5,0.0,0.0,3.0,42.5,34.5,0,0,0,0,1,0,0,0,0,1,0,0,1,0,0,1,0,0,0
2018-07-25,16.5,68.5,69.0,84.0,0.0,0.0,0.0,0.5,1.0,0.0,27.0,3.0,7.0,0.0,0.0,0.0,0.0,0.0,34.5,0,0,0,0,1,0,0,0,0,1,0,0,1,0,0,1,0,0,0
2018-07-26,1.0,0.0,0.5,0.0,0.0,0.0,0.0,0.5,0.0,18.25,0.0,0.0,0.0,0.0,0.0,0.0,0.0,0.0,0.5,0,0,0,0,1,0,0,0,0,1,0,0,1,0,0,1,0,0,0
2018-07-27,0.0,1.0,0.0,0.5,0.0,0.0,0.0,1.0,19.5,18.25,14.5,27.5,0.0,0.0,1.0,0.0,19.5,7.5,12.5,0,0,0,0,1,0,0,0,0,1,0,0,1,0,0,1,0,0,0
2018-07-28,3.0,6.5,4.0,3.5,3.5,3.0,0.0,5.0,0.0,1.5,42.5,22.0,0.0,0.0,1.5,0.25,0.0,9.5,10.5,0,0,0,0,1,0,0,0,0,1,0,0,1,0,0,1,0,0,0
2018-07-29,3.0,6.5,4.0,0.0,3.75,3.0,0.0,5.0,0.0,10.75,42.5,22.0,0.0,0.0,1.5,0.25,0.0,9.5,10.5,0,0,0,0,1,0,0,0,0,1,0,0,1,0,0,1,0,0,0
2018-07-30,9.5,24.0,56.5,95.0,8.75,3.5,0.5,3.0,35.0,10.75,75.0,52.5,6.0,0.5,1.0,5.25,2.0,13.0,32.0,0,0,0,0,1,0,0,0,0,1,0,0,1,0,0,1,0,0,0
2018-07-31,27.0,24.0,56.5,0.0,7.75,30.5,46.0,11.5,35.0,2.25,75.0,52.5,1.5,60.0,8.5,1.25,8.0,13.0,32.0,0,0,0,0,1,0,0,0,0,1,0,0,1,0,0,1,0,0,0
2018-08-01,27.0,17.5,29.5,27.0,1.0,30.5,46.0,11.5,36.0,0.5,15.5,12.5,10.0,60.0,8.5,17.25,29.0,14.0,21.0,0,0,0,0,1,0,0,0,0,1,0,0,1,0,0,1,0,0,0
2018-08-02,5.5,2.0,4.5,5.0,2.0,0.5,1.0,0.0,0.5,0.5,0.5,0.0,10.0,0.0,0.0,8.5,0.5,1.5,0.0,0,0,0,0,1,0,0,0,0,1,0,0,1,0,0,1,0,0,0
2018-08-03,5.5,2.0,4.5,0.0,0.5,0.5,1.0,0.0,0.5,0.0,0.5,0.0,0.0,0.0,0.0,0.0,0.5,1.5,0.0,0,0,0,0,1,0,0,0,0,1,0,0,1,0,0,1,0,0,0
2018-08-04,0.0,0.0,0.0,0.0,12.0,0.0,0.0,0.0,0.0,4.75,0.0,0.0,0.0,0.0,0.0,4.25,0.0,0.0,0.0,0,0,0,0,1,0,0,0,0,1,0,0,1,0,0,1,0,0,0
2018-08-05,0.0,0.0,0.0,0.0,14.25,0.0,0.0,0.0,3.5,15.5,0.0,0.5,0.0,0.0,0.0,11.0,0.5,0.0,0.0,0,0,0,0,1,0,0,0,0,1,0,0,1,0,0,1,0,0,0
2018-08-06,0.0,0.0,2.0,0.0,5.25,0.0,0.0,0.0,3.5,15.5,0.0,0.5,0.0,0.0,0.0,0.25,0.5,0.0,0.0,0,0,0,0,1,0,0,0,0,1,0,0,1,0,0,1,0,0,0
2018-08-07,1.5,0.0,2.0,0.0,5.0,0.0,0.0,0.0,0.0,0.0,0.0,0.0,0.0,0.0,0.0,0.25,0.0,0.0,0.0,0,0,0,0,1,0,0,0,0,1,0,0,1,0,0,1,0,0,0
2018-08-08,1.5,0.0,0.0,0.0,5.5,0.0,0.5,0.0,0.0,0.5,0.0,0.0,0.0,0.0,0.0,3.5,0.5,0.0,0.0,0,0,0,0,1,0,0,0,0,1,0,0,1,0,0,1,0,0,0
2018-08-09,0.0,0.0,0.0,0.0,6.25,0.0,0.0,0.0,0.0,15.75,0.0,0.0,0.0,0.0,0.0,0.0,0.0,0.0,0.0,0,0,0,0,1,0,0,0,0,1,0,0,1,0,0,1,0,0,0
2018-08-10,0.0,0.0,0.0,0.0,8.75,0.0,0.0,0.0,0.0,15.75,0.0,0.0,0.0,0.0,0.0,0.0,0.0,0.0,0.0,0,0,0,0,1,0,0,0,0,1,0,0,0,0,0,1,0,0,0
2018-08-11,0.0,0.0,0.0,0.0,4.5,0.0,0.0,0.0,0.0,12.75,0.0,0.0,0.0,0.0,0.0,0.0,0.0,0.0,0.0,0,0,0,0,1,0,0,0,0,1,0,0,0,0,0,1,0,0,0
2018-08-12,0.0,0.0,0.0,0.0,6.0,0.0,0.0,0.0,0.0,0.0,0.0,0.0,0.0,0.0,0.0,0.0,0.0,0.0,0.0,0,0,0,0,1,0,0,0,0,1,0,0,0,0,0,1,0,0,0
2018-08-13,0.0,0.0,0.0,0.0,5.75,0.0,0.0,0.0,0.0,0.0,0.0,0.0,0.0,0.0,0.0,0.0,0.0,0.0,0.0,0,0,0,0,1,0,0,0,0,1,0,0,0,0,0,1,0,0,0
2018-08-14,0.0,0.0,0.0,0.0,10.25,0.0,0.0,0.0,0.0,22.5,0.0,0.0,0.0,0.0,0.0,0.0,0.0,0.0,0.0,0,0,0,0,1,0,0,0,0,1,0,0,0,0,0,1,0,0,0
2018-08-15,0.0,0.0,0.0,0.0,5.75,0.0,0.0,0.0,0.0,22.5,0.0,0.0,0.0,0.0,0.0,0.0,0.0,0.0,0.0,0,0,0,0,1,0,0,0,0,1,0,0,0,0,0,1,0,0,0
2018-08-16,19.0,3.0,4.0,2.5,2.5,2.5,18.5,2.0,2.0,16.5,1.0,0.0,5.5,17.0,0.0,0.0,9.5,0.0,2.0,0,0,0,0,1,0,0,0,0,1,0,0,0,0,0,1,0,0,0
2018-08-17,0.0,0.0,5.5,0.5,7.0,0.0,0.0,0.0,0.0,33.0,0.0,0.0,0.5,2.0,0.0,0.0,0.5,0.0,0.5,0,0,0,0,1,0,0,0,0,1,0,0,0,0,0,1,0,0,0
2018-08-18,0.0,3.0,23.5,2.0,3.25,19.0,42.5,28.0,21.5,0.0,9.0,31.5,7.5,27.5,9.0,0.0,13.5,15.0,5.0,0,0,0,0,1,0,0,0,0,1,0,0,0,0,0,1,0,0,0
2018-08-19,0.0,0.0,0.0,0.0,4.0,0.0,0.0,0.0,0.0,17.5,0.0,0.0,0.0,0.0,0.0,0.0,0.0,0.0,0.0,0,0,0,0,1,0,0,0,0,1,0,0,0,0,0,1,0,0,0
2018-08-20,0.0,0.0,0.0,0.0,8.25,0.0,0.0,0.0,0.0,17.5,0.0,0.0,0.0,0.0,0.0,0.0,0.0,0.0,0.0,0,0,0,0,1,0,0,0,0,1,0,0,0,0,0,1,0,0,0
2018-08-21,23.5,9.5,67.0,54.5,10.5,29.5,5.5,17.0,0.0,2.0,16.5,0.0,4.0,0.5,0.0,0.0,0.0,50.0,0.0,0,0,0,0,1,0,0,0,0,1,0,0,0,0,0,1,0,0,0
2018-08-22,18.5,13.0,67.0,23.0,18.0,29.5,5.5,17.0,1.0,2.0,16.5,33.0,2.5,2.0,1.0,0.0,1.5,50.0,39.0,0,0,0,0,1,0,0,0,0,1,0,0,0,0,0,1,0,0,0
2018-08-23,18.5,13.0,13.5,5.0,15.25,5.5,8.0,3.5,1.5,0.0,5.0,33.0,2.5,4.5,1.0,0.0,1.5,3.0,39.0,0,0,0,0,1,0,0,0,0,1,0,0,0,0,0,1,0,0,0
2018-08-24,4.5,10.0,1.5,5.0,15.0,4.5,8.0,3.5,1.5,0.0,0.0,6.0,1.0,4.5,1.0,0.0,0.5,3.0,0.0,0,0,0,0,1,0,0,0,0,1,0,0,0,0,0,1,0,0,0
2018-08-25,0.0,0.0,0.0,0.0,14.0,0.0,0.0,0.0,0.0,0.0,0.0,0.0,0.0,0.0,0.0,0.0,0.0,0.0,0.0,0,0,0,0,1,0,0,0,0,1,0,0,0,0,0,1,0,0,0
2018-08-26,0.0,0.0,0.0,0.0,3.0,0.0,0.0,0.0,0.0,0.5,0.0,0.0,0.0,0.0,0.0,0.0,0.0,0.0,0.0,0,0,0,0,1,0,0,0,0,1,0,0,0,0,0,1,0,0,0
2018-08-27,0.0,0.0,0.0,0.0,18.25,0.0,0.0,0.0,0.0,0.5,0.0,0.0,0.0,0.0,1.0,3.5,0.0,0.0,0.0,0,0,0,0,1,0,0,0,0,1,0,0,0,0,0,1,0,0,0
2018-08-28,0.0,0.0,0.0,0.0,18.25,1.0,0.0,0.0,1.0,20.0,1.0,23.5,0.0,5.0,13.0,3.5,1.0,0.0,1.0,0,0,0,0,1,0,0,0,0,1,0,0,0,0,0,1,0,0,0
2018-08-29,5.0,5.5,2.0,10.0,19.75,31.0,16.5,29.5,1.0,20.0,5.5,23.5,0.5,5.0,13.0,3.5,5.0,4.5,6.0,0,0,0,0,1,0,0,0,0,1,0,0,0,0,0,1,0,0,0
2018-08-30,0.0,0.5,0.0,0.0,4.0,0.0,0.0,0.0,0.0,3.0,0.0,0.0,0.0,0.0,0.5,3.5,0.0,0.5,0.0,0,0,0,0,1,0,0,0,0,1,0,0,0,0,0,1,0,0,0
2018-08-31,4.0,0.0,10.5,9.5,0.0,9.0,1.0,0.5,0.0,0.0,0.5,0.0,0.0,4.5,0.0,1.75,0.0,0.5,16.0,0,0,0,0,1,0,0,0,0,1,0,0,0,0,0,1,0,0,0
2018-09-01,4.0,10.0,10.5,20.0,0.0,9.0,1.0,0.5,0.0,4.5,2.5,0.0,0.0,4.5,44.0,1.75,0.5,0.0,16.0,0,0,0,0,1,0,0,0,0,1,0,0,0,0,0,1,0,0,0
2018-09-02,8.5,10.0,15.5,20.0,0.0,0.5,1.0,1.0,1.0,4.5,2.0,1.0,1.5,4.0,44.0,1.75,1.0,2.5,1.5,0,0,0,0,1,0,0,0,0,1,0,0,0,0,0,1,0,0,0
2018-09-03,34.5,13.5,0.0,1.0,0.0,0.0,0.0,0.5,0.0,2.0,0.0,0.0,0.0,0.0,0.0,1.75,0.0,0.0,0.0,0,0,0,0,1,0,0,0,0,1,0,0,0,0,0,1,0,0,0
2018-09-04,34.5,13.5,0.5,1.0,0.0,11.0,6.0,8.0,0.0,46.0,0.0,0.0,4.5,5.5,0.5,4.0,0.5,7.5,0.0,0,0,0,0,1,0,0,0,0,1,0,0,0,0,0,1,0,0,0
2018-09-05,0.0,0.0,1.5,0.0,0.0,11.0,6.0,8.0,1.0,46.0,0.0,0.0,4.5,5.5,14.5,4.0,4.0,23.5,0.0,0,0,0,0,1,0,0,0,0,1,0,0,0,0,0,1,0,0,0
2018-09-06,7.5,24.0,18.0,23.0,0.0,13.0,22.5,33.5,29.0,0.25,38.0,22.5,53.5,27.5,14.5,4.0,31.5,25.5,20.5,0,0,0,0,1,0,0,0,0,1,0,0,0,0,0,1,0,0,0
2018-09-07,16.0,24.0,18.0,23.0,0.0,26.0,22.5,33.5,29.0,0.0,5.0,22.5,53.5,27.5,10.0,4.0,31.5,25.5,20.5,0,0,0,0,0,0,0,0,0,1,0,0,0,0,0,1,0,0,0
2018-09-08,16.0,4.0,9.0,4.0,0.0,26.0,12.0,10.0,6.5,0.0,5.5,5.5,15.5,16.5,4.5,8.0,7.0,21.5,2.5,0,0,0,0,0,0,0,0,0,1,0,0,0,0,0,1,0,0,0
2018-09-09,41.5,0.5,0.5,0.0,0.0,0.0,12.0,10.0,6.5,2.0,5.5,2.0,15.5,16.5,4.5,2.5,7.0,21.5,2.0,0,0,0,0,0,0,0,0,0,1,1,0,0,0,0,1,0,0,0
2018-09-10,41.5,26.5,42.5,36.5,0.0,0.5,16.0,11.0,10.0,5.25,32.0,14.0,23.0,17.5,4.5,2.5,9.0,37.5,13.5,0,0,0,0,0,0,0,0,0,1,0,0,0,0,0,1,0,0,0
2018-09-11,4.0,26.5,42.5,36.5,0.0,0.5,16.0,11.0,10.0,6.5,32.0,14.0,23.0,17.5,4.5,0.5,4.0,0.0,1.5,0,0,0,0,0,0,0,0,0,1,0,0,0,0,0,1,0,0,0
2018-09-12,3.0,0.5,19.5,8.0,0.0,3.5,1.0,1.5,4.5,6.5,0.0,9.0,0.5,0.5,0.5,0.0,4.0,13.0,1.5,0,0,0,0,0,0,0,0,0,1,0,0,0,0,0,1,0,0,0
2018-09-13,2.5,8.0,18.5,27.5,0.0,11.5,13.0,11.5,17.5,0.75,4.0,5.5,10.5,8.5,4.5,0.0,11.5,9.5,6.0,0,0,0,0,1,0,0,0,0,1,0,0,0,0,0,1,0,0,0
2018-09-14,14.0,8.0,18.5,27.5,0.0,11.5,13.0,11.5,17.5,1.0,0.5,7.0,10.5,8.5,4.5,0.0,11.5,9.5,6.0,0,0,0,0,1,0,0,1,0,1,0,0,0,0,0,1,0,0,0
2018-09-15,14.0,8.0,4.0,1.0,0.0,2.5,14.0,11.5,4.0,19.75,0.5,7.0,0.5,22.0,4.5,0.5,9.0,0.0,2.5,0,0,0,0,1,0,0,1,0,1,0,0,0,0,0,1,0,0,0
2018-09-16,22.5,16.0,19.0,29.0,0.0,29.5,14.0,11.5,18.5,19.5,2.5,6.5,43.5,22.0,4.5,0.5,9.0,39.5,2.0,0,0,0,0,1,0,0,1,0,1,0,0,0,0,0,1,0,0,0
2018-09-17,22.5,21.0,19.0,33.0,0.0,29.5,1.5,11.5,18.5,10.25,29.5,9.5,43.5,7.5,3.5,0.5,5.0,39.5,4.0,0,0,0,0,1,0,0,1,0,1,0,0,0,0,0,1,0,0,0
2018-09-18,6.0,21.0,17.5,33.0,0.0,1.5,8.5,11.5,12.0,11.0,29.5,11.5,14.0,7.0,15.0,6.5,9.5,2.0,11.5,0,0,0,0,1,0,0,1,0,1,0,0,0,0,0,1,0,0,0
2018-09-19,2.0,70.5,18.5,80.5,0.0,5.5,19.5,11.5,43.0,1.5,39.0,40.5,40.0,15.0,51.0,6.5,30.0,24.0,42.0,0,0,0,0,1,0,0,1,0,1,0,0,0,0,0,1,0,0,0
2018-09-20,2.5,71.5,19.0,81.5,0.0,11.5,20.5,11.5,43.5,16.0,39.5,64.5,40.5,27.0,51.0,6.5,30.5,24.5,72.0,0,0,0,0,0,0,0,1,0,1,0,0,0,0,0,1,0,0,0
2018-09-21,2.5,20.5,36.5,24.0,0.0,27.5,25.0,7.0,12.0,18.25,15.5,65.0,19.5,27.5,16.0,0.0,16.0,12.5,72.0,0,0,0,0,0,0,0,0,0,1,0,0,0,0,0,1,0,0,0
2018-09-22,7.0,10.0,37.0,4.5,0.0,27.5,25.5,7.0,15.0,18.25,4.5,25.5,2.0,19.0,3.5,0.0,4.5,12.5,24.5,0,0,0,0,1,0,0,0,0,1,0,0,0,0,0,1,0,0,0
2018-09-23,9.5,0.0,0.0,0.0,0.0,0.5,0.0,0.0,0.0,14.5,0.0,0.0,0.0,0.0,0.0,3.0,0.0,0.0,0.0,0,0,0,0,1,0,0,0,0,1,0,0,0,0,0,1,0,0,0
2018-09-24,9.5,0.0,0.0,0.0,0.0,0.5,0.0,0.0,0.0,2.0,0.0,0.0,0.0,0.0,0.0,0.0,0.0,0.0,0.0,1,1,1,1,1,1,1,0,1,1,1,1,1,1,0,1,1,1,1
2018-09-25,11.5,17.5,41.5,22.5,0.0,0.0,0.0,0.0,0.0,1.5,1.5,0.0,0.5,0.0,0.0,0.0,0.0,0.5,0.5,0,0,0,0,1,0,0,0,0,1,0,0,0,0,0,1,0,0,0
2018-09-26,14.0,17.5,41.5,53.5,0.0,19.0,72.5,0.0,94.0,1.5,18.5,41.5,17.5,62.0,55.5,24.75,46.5,87.0,14.5,0,0,0,0,1,0,0,1,0,1,0,0,0,0,0,1,0,0,0
2018-09-27,41.0,10.0,38.5,53.5,0.0,19.0,72.5,39.0,94.0,8.25,20.0,41.5,17.5,62.0,55.5,24.75,46.5,87.0,19.5,0,0,0,0,1,0,0,0,0,1,0,0,0,0,0,1,0,0,0
2018-09-28,0.0,0.0,0.0,0.0,0.0,0.0,0.0,0.0,0.0,15.0,0.0,0.0,0.0,0.0,0.0,5.75,0.0,0.0,0.0,0,0,0,0,1,0,0,0,0,1,0,0,0,0,0,1,0,0,0
2018-09-29,0.0,0.0,0.0,0.0,0.0,0.0,0.0,0.0,0.0,10.5,0.0,0.0,0.0,0.0,0.0,32.5,0.0,0.0,0.0,0,0,0,0,1,0,0,0,0,1,0,0,0,0,0,1,0,0,0
2018-09-30,0.5,0.0,0.0,1.5,0.0,0.0,0.0,0.0,0.0,10.75,0.0,0.0,0.0,0.0,4.0,32.5,0.0,0.0,0.5,0,0,0,0,1,0,0,0,0,1,0,0,0,0,0,1,0,0,0
2018-10-01,10.0,1.5,0.0,1.5,0.0,0.0,0.5,3.0,11.0,11.5,12.5,14.5,13.5,6.5,25.5,1.5,26.5,0.0,12.5,0,0,0,0,1,0,0,0,0,1,0,0,0,0,0,1,0,0,0
2018-10-02,30.0,68.5,13.0,4.0,0.0,3.0,15.0,22.0,11.0,8.75,12.5,14.5,13.5,6.5,26.5,1.75,26.5,1.0,12.5,0,0,0,0,1,0,0,0,0,1,0,0,0,0,0,1,0,0,0
2018-10-03,39.0,22.5,13.0,13.5,0.0,3.0,69.5,12.5,11.0,31.75,3.5,0.5,0.0,90.0,65.5,1.5,26.5,1.0,5.0,0,0,1,0,0,1,0,0,1,1,0,0,0,0,0,1,1,1,0
2018-10-04,39.0,22.5,11.5,13.5,0.0,0.0,69.5,7.5,0.0,31.75,3.5,0.5,2.0,90.0,65.5,1.5,0.0,3.5,5.0,0,0,0,0,0,0,0,0,0,1,0,0,0,0,0,1,0,0,0
2018-10-05,7.0,2.5,11.5,3.0,0.0,0.0,4.0,7.5,0.0,0.5,0.0,0.0,2.0,3.0,0.5,4.5,0.0,3.5,0.5,0,0,0,0,0,0,0,0,0,1,0,0,0,0,0,1,0,0,0
2018-10-06,6.0,0.0,0.0,0.0,0.0,0.0,0.0,0.0,0.0,31.0,0.0,0.0,0.0,0.0,0.0,4.5,0.0,0.0,0.0,0,0,0,0,0,0,0,0,0,1,0,0,0,0,0,1,0,0,0
2018-10-07,13.0,14.0,8.5,5.0,0.0,0.5,2.5,0.5,1.0,39.5,1.0,0.0,0.5,1.0,28.5,4.0,2.5,3.0,0.5,0,0,0,0,0,0,0,0,0,1,0,0,0,0,0,1,0,0,0
2018-10-08,13.0,14.0,28.5,25.0,0.0,26.5,30.5,43.5,39.5,9.0,17.5,79.5,25.0,20.5,34.0,13.5,32.5,24.0,17.0,0,0,0,0,0,0,0,0,0,1,0,0,0,0,0,1,0,0,0
2018-10-09,27.5,15.0,29.5,25.0,0.0,55.0,62.5,72.5,69.5,8.5,17.5,79.5,47.5,40.0,36.0,13.5,74.5,46.5,20.5,0,0,0,0,0,0,0,0,0,1,0,0,0,0,0,1,0,0,0
2018-10-10,0.5,2.0,12.0,8.0,0.0,17.5,9.0,21.5,33.0,8.5,21.5,33.0,25.0,15.0,38.5,27.0,19.0,20.5,14.5,0,0,0,0,0,0,0,0,0,1,0,0,0,0,0,1,0,0,0
2018-10-11,6.5,4.5,12.0,8.0,0.0,17.5,9.0,21.5,33.0,8.25,21.5,33.0,25.0,15.0,38.5,27.0,19.0,20.5,14.5,0,0,0,0,0,0,0,0,0,1,0,0,0,0,0,1,0,0,0
2018-10-12,14.0,28.5,43.0,68.0,0.0,19.0,22.5,27.5,84.0,46.0,45.0,81.0,67.5,37.0,40.5,27.0,32.0,67.0,41.0,0,0,0,0,0,0,0,0,0,1,0,0,0,0,0,1,0,0,0
2018-10-13,14.0,28.5,43.0,68.0,0.0,19.0,22.5,21.0,84.0,46.0,45.0,81.0,67.5,37.0,40.5,3.5,22.0,67.0,41.0,0,0,0,0,0,0,0,0,0,1,0,0,0,0,0,1,0,0,0
2018-10-14,25.5,12.0,3.0,12.5,0.0,3.5,6.0,21.0,18.5,4.25,6.0,15.5,26.0,18.5,7.5,4.5,22.0,35.5,3.5,0,0,0,0,0,0,0,0,0,1,0,0,0,0,0,1,0,0,0
2018-10-15,26.0,11.0,36.5,18.0,0.0,61.5,22.0,60.0,64.0,4.25,41.0,27.5,87.5,18.5,3.5,4.5,51.5,58.5,15.0,0,0,0,0,0,0,0,0,0,1,0,0,0,0,0,1,0,0,0
2018-10-16,8.5,11.0,36.5,18.0,0.0,61.5,22.0,60.0,64.0,4.5,41.0,27.5,87.5,9.0,0.5,4.5,51.5,58.5,15.0,0,0,0,0,0,0,0,0,0,1,0,0,0,0,0,1,0,0,0
2018-10-17,8.5,15.5,6.5,14.5,0.0,26.0,27.5,10.5,32.0,25.0,15.0,24.0,24.0,8.5,4.5,0.0,37.0,10.5,5.5,0,0,0,0,1,0,0,0,0,1,0,0,0,0,0,1,0,0,0
2018-10-18,5.0,15.5,11.0,14.5,0.0,26.0,7.5,10.5,32.0,24.75,13.0,24.0,24.0,14.5,19.0,2.0,37.0,4.5,5.5,0,0,0,0,1,0,0,0,0,1,0,0,0,0,0,1,0,0,0
2018-10-19,3.0,2.0,11.0,3.5,0.0,1.5,2.5,0.5,1.0,1.5,1.5,1.0,0.5,14.5,19.0,2.5,0.5,4.5,1.0,0,0,0,0,1,0,0,0,0,1,0,0,0,0,0,1,0,0,0
2018-10-20,2.0,0.0,0.5,0.5,0.0,0.0,0.0,0.0,12.0,9.75,4.0,5.0,0.0,0.0,0.0,0.0,0.0,0.0,17.0,0,0,0,0,1,0,0,0,0,1,0,0,0,0,0,1,0,0,0
2018-10-21,4.5,5.0,1.0,1.5,0.0,0.5,1.0,0.5,12.0,12.75,1.0,5.0,0.5,1.0,0.0,0.0,0.0,0.0,1.0,0,0,0,0,1,0,0,0,0,1,0,0,0,0,0,1,0,0,0
2018-10-22,4.5,12.5,23.5,5.0,0.0,4.5,9.5,13.5,2.0,8.5,10.0,55.5,2.5,11.5,0.0,0.0,0.5,0.5,11.5,0,0,0,0,1,0,0,0,0,1,0,0,0,0,0,1,0,0,0
2018-10-23,56.5,24.5,25.0,23.0,0.0,33.5,15.0,13.5,27.0,30.5,18.0,56.5,15.0,15.5,5.0,0.0,12.5,12.0,27.0,0,0,0,0,0,0,0,0,0,1,0,0,0,0,0,1,0,0,0
2018-10-24,56.5,24.5,13.5,23.0,0.0,33.5,15.0,0.0,27.0,29.75,18.0,32.0,15.0,15.5,5.0,0.0,0.5,12.0,27.0,0,0,0,0,0,0,0,0,0,1,0,0,0,0,0,1,0,0,0
2018-10-25,6.5,0.0,4.0,0.0,0.0,44.0,0.5,0.5,5.0,1.5,0.5,0.5,0.0,0.5,0.5,0.0,0.5,17.5,0.0,0,0,0,0,0,0,0,0,0,1,0,0,0,0,0,1,0,0,0
2018-10-26,53.5,0.0,0.5,0.0,0.0,44.0,0.5,0.5,1.5,2.25,0.0,5.5,0.0,0.5,19.5,0.0,0.0,17.5,3.0,0,0,0,0,0,0,0,0,0,1,0,0,0,0,0,1,0,0,0
2018-10-27,54.0,12.5,4.5,5.5,0.0,3.0,2.0,5.0,3.5,2.25,9.0,44.0,0.0,0.0,22.0,0.0,6.5,6.5,7.5,0,0,0,0,0,0,0,0,0,1,0,0,0,0,0,0,0,0,0
2018-10-28,8.0,12.5,14.0,5.5,0.0,8.0,5.5,5.0,3.5,1.75,9.0,44.0,0.0,3.0,23.0,0.0,6.5,6.5,7.5,0,0,0,0,0,0,0,0,0,1,0,0,0,0,0,0,0,0,0
2018-10-29,4.5,5.0,14.0,0.5,0.0,11.0,5.5,0.0,2.5,1.0,2.0,2.0,0.0,3.0,23.0,0.0,1.5,4.5,0.0,0,0,0,0,0,0,0,0,0,1,0,0,0,0,0,0,0,0,0
2018-10-30,17.0,7.0,6.5,3.5,0.0,11.0,4.5,2.0,6.0,0.0,6.5,9.5,13.5,2.5,12.5,0.0,3.0,5.0,11.5,0,0,0,0,0,0,0,0,0,1,0,0,0,0,0,0,0,0,0
2018-10-31,17.0,7.0,6.5,3.5,0.0,10.0,1.0,0.0,39.0,8.25,6.5,10.5,13.5,9.0,12.5,0.0,18.5,0.0,26.0,0,0,0,0,0,0,0,0,0,1,0,0,0,0,0,0,0,0,0
2018-11-01,3.5,21.5,27.0,24.0,0.0,10.0,27.5,4.0,39.0,8.25,16.0,10.5,3.5,35.5,27.0,0.0,18.5,13.0,26.5,0,0,0,0,0,0,0,0,0,1,0,0,0,0,0,0,0,0,0
2018-11-02,5.0,8.5,15.0,30.0,0.0,32.0,20.5,39.5,68.0,15.25,35.5,39.0,66.5,31.0,33.5,0.0,56.0,35.5,30.5,0,0,0,0,0,0,0,0,0,1,0,0,0,0,0,0,0,0,0
2018-11-03,7.0,8.5,15.0,30.0,0.0,32.0,20.5,39.5,68.0,15.25,35.5,39.0,66.5,31.0,33.5,0.0,56.0,35.5,30.5,0,0,0,0,1,0,0,0,0,1,0,0,0,0,0,1,0,0,0
2018-11-04,5.5,0.5,0.5,0.5,0.0,0.5,1.0,1.0,12.0,18.25,1.0,9.5,6.5,1.0,49.0,0.0,2.5,0.5,1.0,0,0,0,0,1,0,0,0,0,1,0,0,0,0,0,1,0,0,0
2018-11-05,36.5,0.5,18.5,6.5,0.0,10.0,19.5,12.0,19.0,5.75,14.5,25.5,29.0,25.0,52.0,0.0,19.5,39.5,5.0,0,1,0,0,1,0,0,0,0,1,0,0,0,0,0,1,0,0,0
2018-11-06,36.5,0.5,18.5,6.5,0.0,10.0,19.5,12.0,19.0,35.0,15.0,26.0,29.0,25.0,52.0,0.0,19.5,39.5,5.5,0,1,0,0,1,0,0,0,0,1,0,0,0,0,0,1,0,0,0
2018-11-07,0.0,0.5,17.0,5.5,0.0,3.5,29.0,18.0,59.0,0.0,11.0,30.0,10.0,15.5,16.0,0.0,47.5,4.5,31.5,0,1,0,0,1,0,0,0,0,1,0,0,0,0,0,1,0,0,0
2018-11-08,1.0,0.5,21.5,5.5,0.0,16.5,29.0,18.0,59.0,40.75,11.0,30.0,32.0,15.5,16.0,0.0,47.5,8.5,31.5,0,1,0,0,1,0,0,0,0,1,0,0,0,0,0,1,0,0,0
2018-11-09,1.0,0.5,45.0,56.0,0.0,16.5,4.0,18.0,22.0,0.5,37.0,7.5,32.0,0.0,1.0,0.0,25.0,34.5,11.0,0,1,0,0,1,0,0,0,0,1,0,0,0,0,0,1,0,0,0
2018-11-10,1.0,0.5,45.0,56.0,10.5,9.0,37.0,9.5,32.5,22.75,37.0,7.5,11.5,6.0,1.0,29.0,33.0,34.5,11.0,0,1,0,0,1,0,0,0,0,1,0,0,0,0,0,1,0,0,0
2018-11-11,1.0,0.5,10.0,57.0,10.5,107.0,133.5,135.5,75.0,27.75,46.0,43.0,68.0,132.5,21.5,29.0,73.5,55.5,0.0,0,1,0,0,1,0,0,0,0,1,0,0,0,0,0,1,0,0,0
2018-11-12,2.0,8.0,43.5,57.5,10.5,107.0,134.0,136.0,75.0,24.0,13.5,43.5,68.0,132.5,26.5,29.0,73.5,55.5,0.0,0,1,0,0,1,0,0,0,0,1,0,0,0,0,0,1,0,0,1
2018-11-13,12.0,8.0,43.5,53.5,10.5,17.0,16.0,35.0,24.5,19.75,10.0,25.5,50.0,6.5,9.0,29.0,27.0,6.0,0.0,0,0,0,0,1,0,0,0,0,1,0,0,0,0,0,1,0,0,1
2018-11-14,14.0,4.0,2.5,51.5,10.5,0.0,16.0,35.0,24.5,19.25,0.0,25.5,50.0,0.5,37.0,29.0,27.0,6.0,0.0,0,0,0,0,1,0,0,0,0,1,0,0,0,0,0,1,0,0,1
2018-11-15,14.0,12.5,14.0,18.0,10.5,14.5,19.5,26.5,56.0,11.75,54.0,86.0,66.0,14.0,37.0,29.0,28.5,12.5,0.0,0,0,0,0,0,0,0,0,0,1,0,0,0,0,0,0,0,0,1
2018-11-16,110.0,12.5,14.0,18.0,10.5,14.5,19.5,26.5,56.0,16.25,54.0,86.0,66.0,14.0,22.5,29.0,28.5,12.5,0.0,0,0,0,0,0,0,0,0,0,1,0,0,0,0,0,0,0,0,1
2018-11-17,110.0,0.0,1.0,0.5,0.0,0.5,0.0,0.0,3.5,57.5,0.0,4.5,0.0,0.0,0.5,0.0,0.0,0.5,0.0,0,0,0,0,0,0,0,0,0,1,0,0,0,0,0,0,0,0,1
2018-11-18,1.0,0.0,1.0,0.5,0.0,0.5,0.0,0.0,0.5,57.5,0.0,0.0,0.5,0.0,0.0,0.0,0.0,0.5,0.0,0,0,0,0,0,0,0,0,0,1,0,0,0,0,0,0,0,0,1
2018-11-19,2.5,2.5,5.5,3.5,3.0,8.0,4.5,5.0,1.5,45.5,2.0,0.5,3.0,2.5,0.0,5.0,2.0,7.5,13.0,0,0,0,0,0,0,0,0,0,1,0,0,0,0,0,0,0,0,1
2018-11-20,1.5,2.5,5.5,0.0,3.0,8.0,9.5,5.0,2.5,27.25,2.0,8.0,3.0,9.0,0.0,5.0,3.0,7.5,7.25,0,0,0,0,0,0,0,0,0,1,0,0,0,0,0,0,0,0,1
2018-11-21,15.0,2.0,0.0,0.5,0.0,13.0,0.5,1.0,0.5,24.25,4.5,0.5,1.5,2.0,1.0,1.0,0.5,0.0,0.75,0,0,0,0,0,0,0,0,0,1,0,0,0,0,0,0,0,0,1
2018-11-22,26.5,41.5,9.5,32.0,45.0,13.0,0.5,1.0,0.5,20.75,9.5,3.0,1.5,2.0,1.0,1.0,0.5,3.5,1.5,0,0,0,0,0,0,0,0,0,1,0,0,0,0,0,0,0,0,1
2018-11-23,27.0,41.5,9.5,32.0,45.0,0.5,0.0,0.0,0.0,22.5,9.5,3.0,0.5,0.0,15.5,1.0,0.0,3.5,1.5,0,0,0,0,0,0,0,0,0,1,0,0,0,0,0,0,0,0,1
2018-11-24,8.0,0.0,0.0,0.0,0.0,5.5,12.5,2.0,3.0,60.25,0.0,1.0,0.0,11.5,15.5,0.0,3.5,0.0,1.5,0,0,0,0,0,0,0,0,0,1,0,0,0,0,0,0,0,0,1
2018-11-25,0.5,12.5,2.0,2.5,9.5,6.0,12.5,2.0,3.0,61.75,7.5,7.5,0.5,11.5,13.5,0.5,3.5,1.5,1.5,0,0,0,0,0,0,0,0,0,1,0,0,0,0,0,0,0,0,1
2018-11-26,1.5,12.5,2.0,2.5,9.5,6.0,1.0,2.0,0.5,6.5,7.5,7.5,0.5,0.0,1.0,0.5,0.5,1.5,1.5,0,0,0,0,0,0,0,0,0,1,0,0,0,0,0,1,0,0,1
2018-11-27,12.5,17.0,5.5,11.0,27.5,2.5,12.0,7.0,42.5,29.75,10.0,43.5,14.0,24.5,80.5,8.5,65.0,6.5,1.5,0,0,0,0,0,0,0,0,0,1,0,0,0,0,0,0,0,0,1
2018-11-28,12.5,17.0,5.5,11.0,27.5,2.5,12.0,7.0,42.5,38.0,10.0,43.5,16.5,24.5,80.5,8.5,65.0,6.5,1.5,0,0,0,0,0,0,0,0,0,1,0,0,0,0,0,0,0,0,1
2018-11-29,3.5,3.0,5.5,12.0,6.0,21.5,9.0,19.5,40.0,35.75,3.5,12.5,29.5,9.0,52.0,16.5,38.5,5.5,1.5,0,0,0,0,0,0,0,0,0,1,0,0,0,0,0,0,0,0,0
2018-11-30,3.5,1.5,6.5,12.0,3.0,21.5,9.0,22.0,24.5,16.5,4.0,12.5,29.5,3.5,52.0,24.0,28.5,5.5,6.5,0,0,0,0,0,0,1,0,0,1,0,0,0,0,0,0,0,1,0
2018-12-01,4.0,0.0,3.5,0.5,0.5,1.0,9.0,0.0,0.0,14.5,0.0,0.0,0.5,2.0,8.0,24.0,0.0,5.5,0.5,0,0,0,0,0,0,1,0,0,1,0,0,0,0,0,1,0,1,0
2018-12-02,4.0,0.0,3.5,0.5,0.5,1.0,9.0,20.5,6.0,5.5,0.0,5.0,18.5,2.0,17.5,24.0,6.0,5.5,13.5,0,0,0,0,0,0,1,0,0,1,0,0,0,0,0,1,0,1,0
2018-12-03,0.5,1.5,3.0,1.0,3.0,7.0,9.0,6.5,6.0,26.0,0.5,5.0,18.5,20.5,17.5,3.5,6.0,5.5,18.0,0,0,0,0,0,0,1,0,0,1,0,0,0,0,0,0,0,1,0
2018-12-04,14.5,26.5,25.0,15.0,18.5,34.5,9.0,44.0,12.0,5.5,7.0,11.5,35.5,18.5,2.5,36.5,17.0,5.5,5.5,0,0,0,0,0,0,1,0,0,1,0,0,0,0,0,0,0,1,0
2018-12-05,14.5,26.5,25.0,15.0,18.5,34.5,0.0,44.0,12.0,5.5,7.0,11.5,35.5,18.5,3.5,36.5,17.0,5.5,5.5,0,0,0,0,0,0,0,0,0,1,0,0,0,0,0,0,0,1,0
2018-12-06,21.0,19.5,18.5,24.0,15.5,17.0,0.0,10.0,6.5,5.5,10.0,27.5,14.5,11.0,5.0,0.0,8.0,5.5,21.0,0,0,0,0,0,0,1,0,0,1,0,0,0,0,0,0,0,1,0
2018-12-07,36.5,19.5,18.5,24.0,15.5,17.0,0.0,10.0,11.5,5.5,41.0,27.5,14.5,11.0,56.5,0.0,15.0,1.0,30.0,0,0,0,0,0,0,1,0,0,1,0,0,0,0,0,1,0,1,0
2018-12-08,36.5,9.0,13.5,13.5,10.0,10.0,0.0,36.0,11.5,5.5,41.0,13.0,4.5,6.0,56.5,0.0,15.0,0.0,30.0,0,0,0,0,0,0,1,0,0,1,0,0,0,0,0,1,0,1,0
2018-12-09,32.5,6.5,13.5,15.5,8.0,24.0,0.0,36.0,39.5,5.5,33.0,9.0,8.0,16.5,34.0,0.0,9.0,1.5,11.5,0,0,0,0,0,0,1,0,0,1,0,0,0,0,0,1,0,1,0
2018-12-10,32.5,6.5,10.0,15.5,7.0,24.0,0.0,13.5,39.5,14.0,33.0,9.0,8.0,53.5,34.0,0.0,9.0,16.0,4.0,0,0,0,0,0,0,1,0,0,1,0,0,0,0,0,1,0,1,0
2018-12-11,13.0,37.5,14.0,11.5,39.0,14.0,0.0,13.5,5.0,14.5,4.0,7.0,3.0,53.5,64.5,4.5,8.5,16.5,72.5,0,0,0,0,0,0,1,0,0,1,0,0,0,0,0,0,0,1,0
2018-12-12,16.5,37.5,14.0,11.5,5.0,13.5,0.0,7.5,15.0,34.0,3.5,7.0,3.0,18.5,64.5,4.5,20.0,6.0,2.0,0,0,0,0,0,0,1,0,0,1,0,0,0,0,0,1,0,1,0
2018-12-13,16.5,3.5,5.5,5.5,5.0,13.5,2.5,7.5,15.0,9.0,3.0,7.0,1.5,18.5,1.5,1.0,20.0,4.0,2.0,0,0,0,0,0,0,1,0,0,1,0,0,0,0,0,0,0,1,0
2018-12-14,9.5,17.5,13.5,7.5,16.5,9.5,0.0,5.5,17.5,5.5,13.0,77.0,4.0,24.0,26.5,1.0,3.5,5.5,30.5,0,0,0,0,0,0,1,0,0,1,0,0,0,0,0,1,0,1,0
2018-12-15,10.0,17.5,13.5,7.5,16.5,9.5,0.0,5.5,17.5,1.0,13.0,77.0,4.0,24.0,26.5,1.0,3.5,3.5,30.5,0,0,0,0,0,0,1,0,0,1,0,0,0,0,0,1,0,1,0
2018-12-16,13.5,6.5,13.0,15.0,9.0,18.5,0.0,17.5,14.0,7.0,29.5,29.0,16.0,22.0,14.0,23.5,14.0,10.5,14.5,0,0,0,0,0,0,1,0,0,1,0,0,0,0,0,0,0,1,0
2018-12-17,14.0,7.0,13.5,15.5,7.0,19.0,0.0,17.5,14.5,10.0,30.0,29.0,16.0,22.5,14.0,24.5,14.5,4.5,14.5,0,0,0,0,0,0,1,0,0,1,0,0,0,0,0,0,0,1,0
2018-12-18,8.0,2.0,6.0,3.0,2.0,1.0,0.0,5.0,0.5,10.0,1.0,1.0,3.0,0.5,2.0,24.5,0.5,8.25,9.0,0,0,0,0,0,0,1,0,0,1,0,0,0,0,0,1,0,1,0
2018-12-19,8.0,5.0,31.0,20.0,3.5,0.5,0.0,5.0,1.5,6.0,5.5,0.0,56.5,0.0,0.0,24.5,1.5,1.75,9.0,0,0,0,0,0,0,1,0,0,1,0,0,0,0,0,1,0,1,0
2018-12-20,3.5,5.0,31.0,20.0,4.0,0.5,0.0,3.5,1.5,3.0,6.0,0.0,56.5,0.5,0.0,0.0,1.5,0.75,6.0,0,0,0,0,0,0,1,0,0,1,0,0,0,0,0,0,0,1,0
2018-12-21,1.5,0.5,0.0,0.5,0.5,0.0,0.0,0.0,16.0,4.0,0.0,2.5,8.0,17.5,6.5,0.0,18.0,0.5,5.0,0,0,0,0,0,0,0,0,0,1,0,0,0,0,0,0,0,1,0
2018-12-22,1.5,27.0,0.0,12.5,32.0,0.0,0.0,0.0,16.0,29.5,23.0,2.5,6.0,17.5,6.5,0.0,14.5,1.5,5.0,0,0,0,0,0,0,0,0,0,1,0,0,0,0,0,1,0,1,0
2018-12-23,15.0,23.0,1.5,20.0,32.0,68.5,91.5,30.0,15.5,21.0,33.0,34.0,12.0,111.0,6.0,0.0,14.5,6.75,2.5,0,0,0,0,0,0,0,0,0,1,0,0,0,0,0,1,0,1,0
2018-12-24,23.0,23.0,1.5,20.0,18.0,68.5,91.5,30.0,5.5,0.5,33.0,34.0,12.0,111.0,6.0,0.0,6.5,0.5,2.5,0,0,0,0,0,0,0,0,0,1,0,0,0,0,0,1,0,1,0
2018-12-25,0.0,7.5,0.5,0.0,9.0,0.0,4.0,0.0,14.0,7.0,0.0,7.0,0.5,9.5,2.0,0.0,12.0,2.0,7.5,0,0,0,0,0,0,0,0,0,1,0,0,0,0,0,0,0,1,0
2018-12-26,7.5,10.0,6.0,6.5,9.0,22.0,7.0,1.5,14.0,16.5,6.0,7.0,1.0,10.5,6.0,0.0,12.0,3.5,7.5,0,0,0,0,0,0,0,0,0,1,0,0,0,0,0,1,0,1,0
2018-12-27,19.0,10.0,11.5,6.5,7.0,22.5,21.0,11.5,8.0,16.5,6.0,5.5,9.0,39.0,47.5,0.0,9.5,0.0,2.5,0,0,0,0,0,0,0,0,0,1,0,0,0,0,0,1,0,1,0
2018-12-28,0.0,0.0,0.0,0.0,0.0,0.0,0.0,0.0,0.0,0.5,0.0,0.0,0.0,0.0,0.0,0.0,0.0,0.0,0.0,0,0,0,0,0,0,0,0,0,1,0,0,0,0,0,1,0,1,0
2018-12-29,0.0,0.0,0.0,0.0,0.0,0.0,0.0,0.0,0.0,2.0,0.0,0.0,0.0,0.0,0.0,0.0,0.0,0.0,0.0,0,0,0,0,0,0,0,0,0,1,0,0,0,0,0,1,0,1,0
2018-12-30,4.0,0.0,0.0,0.0,0.0,0.0,0.0,0.0,0.0,3.0,0.0,0.0,0.0,0.0,0.0,0.0,0.0,0.0,0.0,0,0,0,0,0,0,0,0,0,1,0,0,0,0,0,0,0,1,0
2018-12-31,4.0,28.5,7.5,11.5,33.0,11.0,0.5,0.5,6.5,18.25,11.5,20.0,3.5,0.5,0.0,0.0,5.5,0.0,25.5,0,0,0,0,0,0,0,0,0,1,0,0,0,0,0,1,0,1,0
2019-01-01,4.5,72.5,7.5,41.0,88.0,11.0,1.5,4.0,44.5,0.0,31.5,20.0,18.5,8.5,15.5,0.0,46.5,0.0,25.5,0,0,0,0,0,0,0,0,0,1,0,0,0,0,0,1,0,1,0
2019-01-02,13.5,73.0,20.0,41.0,88.0,39.5,4.0,4.0,45.0,0.0,31.5,13.5,19.0,9.0,0.0,0.0,46.5,0.0,19.5,0,0,0,0,0,0,0,0,0,1,0,0,0,0,0,1,0,1,0
2019-01-03,13.5,8.5,20.0,4.0,0.0,39.5,4.0,0.0,0.5,0.25,5.5,0.0,1.0,0.5,0.0,0.0,0.0,0.0,0.0,0,0,0,0,0,0,0,0,0,1,0,0,0,0,0,0,0,0,0
2019-01-04,0.5,0.0,0.0,0.0,0.0,0.0,0.0,0.0,0.0,8.25,0.0,0.0,0.0,0.0,0.0,0.0,0.0,0.0,0.0,0,0,0,0,0,0,0,0,0,1,0,0,0,0,0,0,0,0,0
2019-01-05,0.0,0.0,0.0,0.0,0.0,3.0,5.0,0.0,0.5,14.5,0.0,0.0,0.5,5.0,0.0,0.0,0.0,14.0,0.0,0,0,0,0,0,0,0,0,0,1,0,0,0,0,0,0,0,0,0
2019-01-06,1.0,0.0,0.0,0.0,0.0,3.0,5.0,0.0,2.0,2.25,0.0,9.0,0.5,5.0,22.0,0.0,1.0,14.0,0.0,0,0,0,0,0,0,0,0,0,1,0,0,0,0,0,0,0,0,0
2019-01-07,1.5,0.0,0.0,0.0,0.0,0.0,0.0,0.0,2.0,40.0,0.0,9.0,0.0,0.0,22.0,0.0,0.0,0.0,0.0,0,0,0,0,0,0,0,0,0,1,0,0,0,0,0,1,0,0,0
2019-01-08,0.0,0.0,0.0,0.0,0.0,0.0,0.0,0.0,5.5,5.5,0.0,5.0,0.0,0.0,1.5,0.0,1.0,0.0,0.0,0,0,0,0,0,0,0,0,0,1,0,0,0,0,0,1,0,1,0
2019-01-09,2.0,0.5,1.5,1.5,0.5,0.0,0.0,0.0,5.5,2.5,0.0,5.0,0.0,0.0,1.5,0.0,1.0,0.0,0.0,0,0,0,0,0,0,0,0,0,1,0,0,0,0,0,1,0,1,0
2019-01-10,2.0,3.0,7.0,1.5,2.5,0.0,2.0,1.0,0.5,13.0,0.0,0.5,2.0,1.5,0.0,0.0,0.0,0.0,0.0,0,0,0,0,0,0,0,0,0,1,0,0,0,0,0,1,0,1,0
2019-01-11,1.5,3.0,7.0,0.5,2.5,1.5,2.0,1.0,0.5,13.25,0.0,0.5,2.0,1.5,0.5,0.0,0.0,0.0,0.0,0,0,0,0,0,0,0,0,0,1,0,0,0,0,0,1,0,1,0
2019-01-12,0.0,0.0,0.0,0.0,0.0,3.0,17.5,25.5,8.0,3.0,0.0,0.0,20.0,1.5,12.5,0.0,19.5,0.0,0.0,0,0,0,0,0,0,0,0,0,1,0,0,0,0,0,1,0,1,0
2019-01-13,0.0,0.0,0.0,0.0,0.0,3.0,27.5,25.5,14.0,0.0,0.0,0.0,48.5,27.0,12.5,0.0,32.0,0.0,0.0,0,0,0,0,0,0,0,0,0,1,0,0,0,0,0,1,0,1,0
2019-01-14,0.0,0.0,0.0,0.0,0.0,1.5,27.5,23.5,14.0,0.0,0.0,1.0,48.5,27.0,41.0,0.0,32.0,0.0,6.5,0,0,0,0,0,0,0,0,0,1,0,0,0,0,0,1,0,1,0
2019-01-15,0.0,0.0,0.0,0.0,0.0,2.5,0.0,0.0,0.5,21.0,0.0,1.0,0.5,20.5,41.0,0.0,3.0,0.25,0.0,0,0,0,0,0,0,0,0,0,1,0,0,0,0,0,1,0,1,0
2019-01-16,15.0,0.0,0.0,0.0,0.0,2.5,0.0,0.5,0.5,16.25,0.0,3.0,0.5,20.5,0.0,0.0,0.0,3.0,2.5,0,0,0,0,0,0,0,0,0,1,0,0,0,0,0,0,0,1,0
2019-01-17,15.0,20.0,1.0,4.0,11.5,12.0,27.0,36.5,4.0,2.75,10.5,11.5,5.0,32.5,25.5,10.5,9.0,0.5,16.0,0,0,0,0,0,0,0,0,0,1,0,0,0,0,0,0,0,1,0
2019-01-18,6.0,20.0,1.0,4.0,11.5,12.0,27.0,36.5,4.0,2.75,10.5,11.5,5.0,32.5,25.5,0.0,9.0,0.25,16.0,0,0,0,0,0,0,0,0,0,1,0,0,0,0,0,0,0,1,0
2019-01-19,0.5,0.0,0.0,0.0,0.0,0.0,0.0,0.0,0.0,12.0,0.0,0.0,0.0,0.0,0.0,0.0,0.0,6.5,0.0,0,0,0,0,0,0,0,0,0,1,0,0,0,0,0,0,0,1,0
2019-01-20,0.0,2.0,0.0,0.0,3.0,0.0,0.0,0.0,0.0,7.75,0.0,25.0,0.5,0.0,0.0,0.5,4.5,4.25,2.5,0,0,0,0,0,0,0,0,0,1,0,0,0,0,0,0,0,1,0
2019-01-21,0.0,8.5,0.0,0.5,7.0,0.0,7.0,26.5,8.0,0.0,49.0,25.0,50.0,2.5,15.0,27.0,7.0,0.0,50.0,0,0,0,0,0,0,0,0,0,1,0,0,0,0,0,0,0,1,0
2019-01-22,7.0,8.5,12.5,24.0,7.0,14.5,26.5,43.5,50.5,1.0,49.0,15.5,50.0,16.0,15.0,42.0,37.0,1.25,50.0,0,0,0,0,0,0,0,0,0,1,0,0,0,0,0,0,0,1,0
2019-01-23,7.0,0.5,12.5,24.0,0.0,14.5,26.5,43.5,50.5,4.75,0.5,13.5,35.5,16.0,6.0,42.0,37.0,0.0,0.5,0,0,0,0,0,0,0,0,0,1,0,0,0,0,0,0,0,1,0
2019-01-24,1.0,0.0,0.0,0.0,0.0,0.0,0.0,0.0,0.0,19.75,0.0,0.5,0.0,0.0,20.5,0.0,0.0,2.25,0.0,0,0,0,0,0,0,0,0,0,1,0,0,0,0,0,0,0,1,0
2019-01-25,0.0,0.0,0.0,0.0,0.0,0.0,0.0,0.0,0.0,17.5,0.0,8.0,0.0,0.0,20.5,0.0,0.0,0.0,0.0,0,0,0,0,0,0,0,0,0,1,0,0,0,0,0,0,0,1,0
2019-01-26,0.0,0.0,0.0,0.0,0.0,2.0,12.0,0.5,6.5,2.25,0.0,8.0,0.5,29.5,35.5,0.0,11.5,0.0,0.0,0,0,0,0,0,0,0,0,0,1,0,0,0,0,0,0,0,1,0
2019-01-27,0.5,0.0,0.0,0.0,0.0,2.0,12.0,0.5,6.5,4.25,0.0,1.0,0.5,29.5,35.5,0.0,11.5,0.0,0.0,0,0,0,0,0,0,0,0,0,1,0,0,0,0,0,0,0,1,0
2019-01-28,0.5,0.0,0.0,0.0,0.0,0.0,0.0,0.0,0.0,4.25,0.0,0.0,0.0,0.0,0.0,0.0,0.5,8.25,0.0,0,0,0,0,0,0,0,0,0,1,0,0,0,0,0,0,0,1,0
2019-01-29,1.0,1.0,1.0,1.0,1.5,5.0,7.0,5.5,0.5,1.5,0.5,0.5,0.0,5.0,26.0,1.5,11.0,4.0,0.0,0,0,0,0,0,0,0,0,0,1,0,0,0,0,0,0,0,1,0
2019-01-30,1.5,1.0,1.0,1.5,1.5,6.0,7.5,6.5,12.0,0.0,0.5,4.5,22.0,5.0,26.5,2.5,11.5,0.0,4.0,0,0,0,0,0,0,0,0,0,1,0,0,0,0,0,0,0,1,0
2019-01-31,0.0,0.0,0.5,1.0,0.0,1.5,1.5,1.0,20.5,0.0,0.5,19.5,22.5,1.0,2.5,0.0,1.0,0.0,0.5,0,0,0,0,0,0,0,0,0,1,0,0,0,0,0,0,0,1,0
2019-02-01,0.0,0.0,0.0,0.5,0.0,0.0,0.0,0.0,0.5,2.5,0.0,19.5,17.5,4.5,17.5,0.0,4.0,0.25,7.0,0,0,0,0,0,0,0,0,0,1,0,0,0,0,0,0,0,1,0
2019-02-02,0.5,0.0,7.5,0.5,0.0,0.0,1.0,0.0,0.5,3.75,0.0,7.0,17.5,12.0,17.5,1.5,4.0,0.5,7.0,0,0,0,0,0,0,0,0,0,1,0,0,0,0,0,0,0,1,0
2019-02-03,1.0,0.0,7.5,0.5,0.0,11.5,9.5,1.5,4.0,0.75,0.0,0.0,5.5,12.0,21.0,0.0,3.0,0.0,0.0,0,0,0,0,0,0,0,0,0,1,0,0,0,0,0,0,0,1,0
2019-02-04,17.5,0.0,25.0,7.0,0.0,0.5,15.5,19.5,8.5,1.0,4.0,0.5,6.0,4.5,19.5,20.5,4.0,0.0,0.0,0,0,0,0,0,0,0,0,0,1,0,0,0,0,0,0,0,1,0
2019-02-05,0.0,0.0,0.0,0.0,0.0,0.0,15.5,0.0,0.0,24.25,0.0,26.5,0.0,5.0,1.0,0.0,0.0,0.25,5.5,0,0,0,0,0,0,0,0,0,1,0,0,0,0,0,0,0,1,0
2019-02-06,0.0,23.0,0.0,2.5,16.5,0.5,41.5,28.0,0.0,25.5,2.5,2.5,0.0,24.0,2.0,3.5,0.5,7.0,23.5,0,0,0,0,0,0,0,0,0,1,0,0,0,0,0,0,0,1,0
2019-02-07,0.0,46.5,26.0,58.0,39.0,0.5,41.5,28.0,12.5,16.5,14.0,17.5,33.5,24.0,12.5,9.0,13.0,4.0,23.5,0,0,0,0,0,0,0,0,0,1,0,0,0,0,0,0,0,1,0
2019-02-08,0.0,46.5,26.0,58.0,13.0,6.5,45.5,28.0,12.5,27.0,35.0,31.0,33.5,69.0,26.5,34.0,13.0,1.5,47.0,0,0,0,0,0,0,0,1,0,1,0,0,0,0,0,0,0,1,0
2019-02-09,0.0,18.0,8.0,51.5,13.0,6.5,45.5,28.0,10.0,4.0,35.0,38.5,19.5,69.0,26.5,34.0,10.5,1.0,47.0,0,0,0,0,0,0,0,1,0,1,0,0,0,0,0,0,0,1,0
2019-02-10,1.0,1.5,0.0,0.0,0.0,0.5,4.5,28.0,4.5,0.5,4.5,38.5,0.0,14.5,12.0,1.5,1.0,0.5,14.5,0,0,0,0,0,0,0,1,0,1,0,0,0,0,0,0,0,1,0
2019-02-11,1.0,0.0,0.0,0.0,0.0,0.5,4.5,0.0,0.0,9.25,0.0,1.5,0.0,14.5,12.0,0.0,0.0,0.5,0.0,0,0,0,0,0,0,0,0,0,1,0,0,0,0,0,0,0,1,0
2019-02-12,0.0,0.0,0.0,0.0,0.0,0.0,0.0,0.0,0.0,19.75,0.0,0.0,0.0,0.5,0.0,0.0,0.0,0.0,0.0,0,0,0,0,0,0,0,1,1,1,0,0,0,0,0,0,0,1,0
2019-02-13,0.5,0.0,0.0,0.0,0.0,0.0,0.0,0.0,0.0,20.5,0.0,0.0,0.0,0.0,0.0,0.0,0.0,1.0,0.0,0,0,0,0,0,0,0,1,1,1,0,0,0,0,0,0,0,1,0
2019-02-14,0.5,0.0,0.0,0.0,0.0,0.0,0.0,0.0,0.0,15.25,0.0,0.0,0.0,0.0,0.0,0.0,0.0,1.0,0.0,0,0,0,0,0,0,0,1,0,1,0,0,0,0,0,0,0,1,0
2019-02-15,0.0,0.0,0.0,0.0,0.0,0.0,0.0,0.0,0.0,9.5,0.0,0.0,0.0,0.0,0.0,0.0,0.0,0.5,0.0,0,0,0,0,0,0,0,1,0,1,0,0,0,0,0,0,0,1,0
2019-02-16,2.0,10.0,27.0,7.5,11.5,0.5,12.0,0.0,51.0,12.75,26.0,28.0,24.5,9.0,39.0,5.0,57.0,0.0,40.5,0,0,0,0,0,0,0,1,0,1,0,0,0,0,0,0,0,1,0
2019-02-17,2.0,20.0,27.0,9.0,21.5,1.0,12.0,0.0,51.0,0.25,36.0,28.0,24.5,9.0,39.0,9.0,57.0,0.0,40.5,0,0,0,0,0,0,0,1,0,1,0,0,0,0,0,0,0,1,0
2019-02-18,12.5,20.0,15.0,9.0,21.5,2.5,12.0,0.0,10.5,2.0,36.0,23.0,19.5,30.0,22.5,7.0,7.5,5.0,13.5,0,0,0,0,0,0,0,1,0,1,0,0,0,0,0,0,0,1,0
2019-02-19,12.5,8.5,15.0,2.0,10.0,19.5,12.0,5.0,6.5,5.5,4.5,4.0,19.5,30.0,22.5,7.0,19.5,0.0,5.0,0,0,0,0,0,0,0,1,0,1,0,0,0,0,0,1,0,1,0
2019-02-20,10.5,0.0,4.5,2.0,0.0,19.5,11.0,0.5,0.0,6.25,6.0,0.0,13.5,10.0,4.5,0.5,19.5,0.0,0.0,0,0,0,0,0,0,0,1,0,1,0,0,0,0,0,0,0,1,0
2019-02-21,0.0,0.0,0.5,0.5,0.0,0.0,0.0,1.5,0.0,5.25,6.0,0.0,1.5,0.0,4.5,0.5,1.5,0.0,0.0,0,0,0,0,0,0,0,1,0,1,0,0,0,0,0,0,0,1,0
2019-02-22,0.0,0.0,6.5,0.0,0.0,0.0,16.0,1.5,0.5,4.0,11.5,1.5,3.0,7.0,7.5,5.5,2.0,0.0,0.0,0,0,0,0,0,0,0,1,0,1,0,0,0,0,0,0,0,1,0
2019-02-23,0.0,0.0,6.5,0.0,0.0,5.0,16.0,1.5,18.0,9.0,11.5,1.5,32.5,7.0,9.0,5.5,50.5,0.0,0.0,0,0,0,0,0,0,0,1,0,1,0,0,0,0,0,0,0,1,0
2019-02-24,0.0,31.0,0.0,1.0,18.5,30.0,116.5,1.5,8.5,25.75,38.5,18.5,16.5,68.0,43.5,18.0,10.5,0.0,65.0,0,0,0,0,0,0,0,1,0,1,0,0,0,0,0,0,0,1,0
2019-02-25,0.0,31.0,0.0,1.0,18.5,30.0,116.5,1.5,8.5,10.5,38.5,18.5,16.5,68.0,43.5,18.0,10.5,0.0,0.5,0,0,0,0,0,0,0,1,0,1,0,0,0,0,0,0,0,1,0
2019-02-26,0.0,0.0,0.0,0.0,0.0,0.0,0.0,1.5,0.0,0.0,0.0,0.0,0.0,0.0,0.0,0.0,0.0,0.0,0.5,0,0,0,0,0,0,0,1,0,1,0,0,0,0,0,0,0,0,0
2019-02-27,0.0,0.0,0.0,0.0,0.0,0.0,0.0,1.5,34.0,1.25,1.0,0.5,35.5,0.0,0.0,0.0,22.0,0.0,0.0,0,0,0,0,0,0,0,1,0,1,0,0,0,0,0,0,0,1,0
2019-02-28,0.0,0.0,0.0,0.0,0.0,0.0,0.0,1.5,34.0,3.25,1.0,1.0,35.5,0.0,0.0,2.0,22.0,0.0,1.5,0,0,0,0,0,0,0,0,0,1,0,0,0,0,0,0,0,1,0
2019-03-01,0.0,0.5,0.0,0.0,0.0,0.0,0.5,1.5,0.0,3.0,0.5,9.0,0.5,0.5,34.0,2.0,0.0,0.0,5.5,0,0,0,0,0,0,0,0,0,1,0,0,0,0,0,0,0,1,0
2019-03-02,0.0,0.5,0.0,0.0,0.0,0.0,14.0,1.5,0.0,3.5,0.5,9.0,0.5,7.0,34.0,7.5,1.5,0.0,5.5,0,0,0,0,0,0,0,1,0,1,0,0,0,0,0,0,0,1,0
2019-03-03,0.0,0.0,0.0,0.0,0.0,7.5,14.0,1.5,64.5,14.0,0.0,0.0,39.5,0.0,2.5,7.0,31.5,0.0,0.0,0,0,0,0,0,0,0,1,0,1,0,0,0,0,0,0,0,1,0
2019-03-04,6.5,0.0,0.0,0.0,0.0,7.5,23.0,1.5,64.5,24.25,0.0,0.0,39.5,24.5,2.5,7.0,31.5,0.0,0.0,0,0,0,0,0,0,0,1,0,1,0,0,0,0,0,0,0,1,0
2019-03-05,7.0,0.0,1.0,0.5,0.0,1.5,23.0,1.5,0.0,2.75,0.0,0.0,0.0,0.5,0.0,0.0,0.0,0.0,0.0,0,0,0,0,0,0,0,1,0,1,0,0,0,0,0,0,0,1,0
2019-03-06,7.0,0.0,1.0,0.5,0.0,1.5,0.5,1.5,0.0,11.5,0.0,0.0,3.5,0.5,0.0,1.0,0.0,6.25,0.0,0,0,0,0,0,0,0,1,0,1,0,0,0,0,0,0,0,1,0
2019-03-07,2.5,28.5,63.0,85.0,29.0,21.5,6.5,1.5,12.5,2.0,19.0,3.5,17.5,4.0,0.0,9.0,6.0,5.5,6.5,0,0,0,0,0,0,0,1,0,1,0,0,0,0,0,0,0,1,0
2019-03-08,2.5,28.5,63.0,85.0,0.0,21.5,6.5,1.5,4.0,2.25,19.0,9.5,17.5,4.0,21.5,0.0,6.0,2.25,6.5,0,0,0,0,0,0,0,1,0,1,0,0,0,0,0,0,0,1,0
2019-03-09,0.0,0.0,0.0,0.0,0.0,0.5,0.0,0.0,1.5,9.75,0.0,40.5,0.0,2.0,10.5,0.0,0.0,0.25,0.0,0,0,0,0,0,0,0,1,0,1,0,0,0,0,0,0,0,1,0
2019-03-10,0.0,0.0,0.0,0.0,0.0,1.0,23.5,1.0,30.0,1.0,0.0,27.5,2.0,16.0,9.0,3.0,21.5,0.75,0.0,0,0,0,0,0,0,0,1,0,1,0,0,0,0,0,0,0,1,0
2019-03-11,0.0,6.5,3.0,2.0,5.0,22.5,23.5,0.5,30.0,0.25,0.0,27.5,5.5,16.0,9.0,21.5,21.5,1.75,0.0,0,0,0,0,0,0,0,1,0,1,0,0,0,0,0,0,0,1,0
2019-03-12,0.0,6.5,3.0,11.0,5.0,22.5,11.0,6.0,0.5,5.75,1.0,3.5,5.5,7.0,21.0,21.5,3.5,5.75,0.0,0,0,0,0,0,0,0,1,0,1,0,0,0,0,0,0,0,1,0
2019-03-13,0.0,5.0,7.5,11.5,1.0,0.0,11.0,5.5,0.5,4.5,3.5,0.0,3.5,7.0,21.0,3.5,1.0,3.5,1.5,0,0,0,0,0,0,0,1,0,1,0,0,0,0,0,0,0,1,0
2019-03-14,0.0,5.0,7.5,11.5,1.0,0.0,0.0,8.0,0.0,4.5,3.5,0.0,3.5,0.0,0.0,0.0,1.0,0.5,1.5,0,0,0,0,0,0,0,1,0,1,0,0,0,0,0,0,0,1,0
2019-03-15,0.0,0.0,0.0,0.0,0.0,0.0,0.0,2.5,0.0,4.0,0.0,0.0,0.0,0.0,0.0,0.0,0.0,0.5,0.0,0,0,0,0,0,0,0,1,0,1,0,0,0,0,0,0,0,1,0
2019-03-16,0.0,0.0,0.0,0.0,0.0,0.0,0.0,1.0,0.0,0.75,0.0,0.0,0.0,0.0,0.0,0.0,0.0,0.5,0.0,0,0,0,0,0,0,0,1,0,1,0,0,0,0,0,0,0,1,0
2019-03-17,0.0,0.0,0.0,0.0,0.0,0.0,0.0,0.0,0.0,0.5,0.0,0.0,0.0,0.0,0.0,0.0,0.0,1.25,0.0,0,0,0,0,0,0,0,1,0,1,0,0,0,0,0,0,0,1,0
2019-03-18,0.0,0.0,0.0,0.0,0.0,0.0,0.0,0.0,0.5,0.25,1.0,10.5,0.0,0.0,0.0,0.0,0.0,1.25,3.0,0,0,0,0,0,0,0,1,0,1,0,0,0,0,0,0,0,1,0
2019-03-19,0.0,0.0,0.0,0.0,0.0,0.0,0.0,0.0,16.5,0.25,1.0,10.5,4.5,1.0,3.0,0.0,13.5,0.0,3.0,0,0,0,0,0,0,0,1,0,1,0,0,0,0,0,0,0,1,0
2019-03-20,26.5,7.5,3.0,14.5,7.5,32.0,0.0,1.5,0.0,0.5,0.0,0.0,0.0,0.0,0.0,0.0,0.0,1.25,0.0,0,0,0,0,0,0,0,1,0,1,0,0,0,0,0,0,0,1,0
2019-03-21,26.5,7.5,4.0,14.5,7.5,32.0,5.0,2.5,0.5,0.5,2.0,0.5,1.0,0.5,0.0,3.5,0.0,1.25,1.0,0,0,0,0,0,0,0,1,0,1,0,0,0,0,0,0,0,1,0
2019-03-22,14.5,3.5,4.0,4.0,3.5,29.0,5.0,1.5,0.5,3.0,2.0,0.5,1.0,0.5,0.0,0.0,0.0,1.5,1.0,0,0,0,0,0,0,0,1,0,1,0,0,0,0,0,0,0,1,0
2019-03-23,0.5,0.0,0.5,0.0,0.0,0.0,25.0,1.0,0.5,2.0,0.0,0.0,9.0,30.0,0.0,0.5,3.0,1.75,0.0,0,0,0,0,0,0,0,1,0,1,0,0,0,0,0,0,0,1,0
2019-03-24,1.0,0.0,0.5,0.0,0.0,0.0,45.0,1.0,0.5,1.0,0.0,17.5,9.0,39.5,0.0,0.5,4.0,6.0,25.0,0,0,0,0,0,0,0,1,0,1,0,0,0,0,1,0,0,1,0
2019-03-25,21.5,40.0,39.5,63.0,23.5,1.5,45.0,4.5,49.0,1.5,55.0,25.0,84.0,39.5,0.0,81.0,50.5,10.25,14.5,0,0,0,0,0,0,0,1,0,1,0,0,0,0,1,0,0,1,0
2019-03-26,21.5,40.0,39.5,63.0,23.5,24.5,5.5,5.0,49.0,1.5,55.0,25.0,84.0,16.5,0.0,81.0,50.5,0.0,14.5,0,0,0,0,0,0,0,1,0,1,0,0,0,0,1,0,0,1,0
2019-03-27,0.5,2.0,14.0,7.5,1.0,24.5,5.5,4.5,0.0,3.0,5.5,4.0,10.5,16.5,0.0,15.0,9.5,0.0,5.5,0,0,0,0,0,0,0,1,0,1,0,0,0,0,1,0,0,1,0
2019-03-28,10.5,12.5,93.5,66.5,11.5,65.5,29.0,4.0,4.5,4.5,12.0,1.5,27.0,7.5,0.0,76.5,11.0,0.0,0.5,0,0,0,0,0,0,0,1,0,1,0,0,0,0,1,0,0,1,0
2019-03-29,10.5,12.5,93.5,66.5,0.0,65.5,29.0,4.0,0.0,6.5,12.0,1.5,27.0,7.5,0.0,76.5,0.0,0.0,0.0,0,0,0,0,0,0,0,1,0,1,0,0,0,0,1,0,0,1,0
2019-03-30,0.0,5.5,0.0,4.0,7.5,0.0,0.0,6.0,0.0,10.75,0.5,0.0,0.0,0.5,0.0,76.5,0.0,0.0,0.0,0,0,0,0,0,0,0,1,0,1,0,0,0,0,1,1,0,1,0
2019-03-31,21.0,26.5,23.5,13.0,33.5,41.5,42.5,6.5,0.0,7.0,3.5,4.5,46.0,20.5,2.0,8.0,27.0,0.0,2.5,0,0,0,0,0,0,0,1,1,1,0,0,0,0,1,0,0,1,0
2019-04-01,21.0,26.5,23.5,13.0,33.5,41.5,42.5,0.5,0.0,20.25,3.5,4.5,46.0,20.5,2.0,1.0,27.0,0.0,2.5,0,0,0,0,0,0,0,1,1,1,0,0,0,0,1,0,0,1,0
2019-04-02,6.0,30.0,11.5,85.0,30.5,46.0,34.5,6.0,0.0,18.75,108.0,20.0,49.0,34.0,2.0,10.0,53.5,0.0,50.0,0,0,0,0,0,0,0,1,1,1,0,0,0,0,1,0,0,0,0
2019-04-03,14.0,30.0,11.5,85.0,30.5,46.0,35.0,0.5,0.0,1.75,108.0,20.0,49.0,34.0,2.0,10.0,53.5,0.0,50.0,0,0,0,0,0,0,0,1,1,1,0,0,0,0,1,1,0,1,0
2019-04-04,14.0,49.0,41.5,94.0,51.0,45.5,96.0,2.0,2.5,1.5,16.5,22.5,47.0,74.5,2.0,10.0,19.0,50.5,8.0,0,0,0,0,0,0,0,1,0,1,0,0,0,0,0,1,0,0,0
2019-04-05,9.5,49.0,41.5,94.0,51.0,45.5,96.0,2.0,23.0,1.5,16.5,47.0,47.0,74.5,5.5,10.0,19.0,50.5,33.5,0,0,0,0,0,0,0,1,0,1,0,0,0,0,0,1,0,0,0
2019-04-06,3.0,9.5,1.0,5.5,14.5,4.5,9.0,0.5,39.0,1.0,24.5,48.5,30.5,25.0,54.0,1.0,38.5,3.5,33.5,0,0,0,0,0,0,0,1,0,1,0,0,0,0,0,0,0,0,0
2019-04-07,32.5,0.5,16.0,45.0,0.5,57.0,13.5,7.0,41.0,6.0,24.5,48.5,16.0,25.0,54.0,7.5,38.5,3.5,9.5,0,0,0,0,0,0,0,1,0,1,0,0,0,0,0,0,0,0,0
2019-04-08,35.0,3.5,16.0,45.0,16.0,57.0,13.5,1.5,41.0,1.25,20.5,27.5,15.5,15.0,36.0,7.5,38.5,5.5,9.5,0,0,0,0,0,0,0,1,0,1,0,0,0,0,0,1,0,0,0
2019-04-09,35.0,3.5,3.5,7.5,16.0,22.5,18.5,5.5,3.5,2.5,15.5,27.5,15.5,17.0,36.0,7.5,2.5,1.0,1.0,0,0,0,0,0,0,0,1,0,1,0,0,0,0,0,1,0,0,0
2019-04-10,2.0,0.0,0.5,0.0,0.0,22.5,18.5,6.0,0.5,1.25,8.5,0.0,7.5,17.0,0.5,0.0,0.0,0.0,0.0,0,0,0,0,0,0,0,1,0,1,0,0,0,0,0,0,0,0,0
2019-04-11,0.0,0.0,0.0,0.0,0.0,0.0,0.0,18.5,0.0,20.75,0.0,0.0,0.0,0.0,0.0,0.0,0.0,0.0,0.0,0,0,0,0,0,0,0,1,0,1,0,0,0,0,0,0,0,0,0
2019-04-12,0.5,0.5,0.0,0.5,0.5,2.0,0.0,18.5,4.0,25.5,0.0,1.0,0.0,0.0,9.5,2.5,6.5,4.5,2.0,0,0,0,0,0,0,0,1,0,1,0,0,0,0,0,0,0,0,0
2019-04-13,10.5,10.0,19.0,9.0,11.0,17.0,47.5,1.0,47.0,7.0,31.5,51.0,16.0,39.0,17.0,47.0,40.5,35.0,12.5,0,0,0,0,0,0,0,1,0,1,0,0,0,0,0,0,0,0,0
2019-04-14,26.5,10.0,19.0,14.0,11.0,17.0,47.5,3.0,47.0,1.25,31.5,51.0,16.0,39.0,17.0,2.5,40.5,35.0,12.5,0,0,0,0,0,0,0,1,0,1,0,0,0,0,0,0,0,0,0
2019-04-15,26.5,1.5,3.5,14.0,0.0,9.5,13.5,5.5,16.0,4.5,15.0,30.0,5.0,2.5,0.5,2.5,1.0,3.5,3.5,0,0,0,0,0,0,0,1,0,1,0,0,0,0,0,1,0,0,0
2019-04-16,7.5,50.5,32.5,24.5,39.0,48.5,11.0,9.5,12.0,4.25,14.5,0.0,16.0,0.0,0.0,2.5,6.0,45.5,25.5,0,0,0,0,0,0,0,1,0,1,0,0,0,0,0,1,0,0,0
2019-04-17,7.5,50.5,0.0,24.5,39.0,48.5,0.5,5.0,12.5,1.5,14.5,0.0,17.0,0.0,2.0,2.5,6.5,46.0,33.0,0,0,0,0,0,0,0,1,0,1,0,1,0,1,0,1,0,0,0
2019-04-18,0.0,1.0,0.0,0.0,1.5,0.0,10.0,4.5,7.0,2.5,0.5,0.0,0.0,0.0,6.5,2.5,4.0,0.0,1.5,0,0,0,0,0,0,0,1,0,1,0,1,0,1,0,1,0,0,0
2019-04-19,0.0,1.0,0.0,0.0,1.5,0.0,10.0,3.0,0.5,2.5,0.0,0.0,0.0,0.0,6.5,2.5,2.0,0.0,0.0,0,0,0,0,0,0,0,1,0,1,0,1,0,1,0,1,0,0,0
2019-04-20,13.5,14.5,11.0,7.0,15.5,29.0,4.0,12.5,8.5,1.75,11.5,0.0,4.0,0.0,63.5,2.5,2.0,12.0,19.0,0,0,0,0,0,0,0,1,0,1,0,1,0,1,0,1,0,0,0
2019-04-21,13.5,14.5,15.0,7.0,0.0,29.0,4.0,14.5,3.0,7.5,11.5,0.0,23.0,0.0,63.5,5.0,4.5,12.0,19.0,0,0,0,0,0,0,0,1,0,1,0,0,0,1,0,0,0,0,0
2019-04-22,0.0,0.5,15.0,2.0,0.5,20.5,15.5,23.0,3.0,4.75,2.5,0.0,23.0,0.0,5.5,5.0,4.5,6.5,2.5,0,0,0,0,0,0,0,1,0,1,0,1,0,1,0,1,0,0,0
2019-04-23,47.0,9.0,0.5,1.0,12.5,20.5,15.5,24.0,3.5,18.75,2.5,1.0,10.5,0.0,5.5,0.5,5.0,6.5,2.5,0,0,0,0,0,0,0,1,0,1,0,0,0,1,0,0,0,0,0
2019-04-24,51.0,9.0,7.0,5.5,12.5,20.0,11.0,25.0,10.5,21.5,6.0,10.0,8.5,9.25,10.5,14.0,9.5,16.5,5.0,0,0,0,0,0,0,0,1,0,1,0,0,0,1,0,0,0,0,0
2019-04-25,5.5,4.0,7.5,14.5,2.0,20.0,18.0,28.5,49.5,13.0,76.0,33.5,32.5,14.5,50.5,14.0,36.0,39.0,34.5,0,0,0,0,0,0,0,1,0,1,0,0,0,1,0,1,0,0,0
2019-04-26,4.5,5.5,7.5,14.5,6.0,14.5,18.0,8.5,49.5,3.25,76.0,33.5,32.5,19.5,50.5,14.0,16.5,19.0,34.5,0,0,0,0,0,0,0,1,0,1,0,0,0,1,0,1,0,0,0
2019-04-27,4.5,6.5,17.5,10.0,6.0,12.0,28.5,7.0,16.5,4.75,13.0,10.0,28.5,38.25,27.0,14.0,22.5,44.5,6.0,0,0,0,0,0,0,0,1,0,1,0,0,0,1,0,1,0,0,0
2019-04-28,2.0,6.5,17.5,10.0,0.0,11.0,28.5,11.5,16.5,6.0,13.0,5.5,28.5,17.75,16.0,14.0,22.5,44.5,3.0,0,0,0,0,0,0,0,1,0,1,0,0,0,1,0,1,0,0,0
2019-04-29,9.5,6.0,10.0,6.0,6.5,14.5,3.0,1.0,2.5,5.5,2.0,2.0,3.0,12.0,9.0,14.0,2.0,6.0,2.0,0,0,0,0,0,0,0,1,0,1,0,0,0,1,0,1,0,0,0
2019-04-30,78.0,32.0,51.5,62.5,26.0,66.0,34.0,2.5,45.5,2.5,44.0,49.0,37.5,11.25,30.5,48.5,40.5,17.5,25.5,0,0,0,0,0,0,0,1,0,1,0,0,0,1,0,0,0,0,0
2019-05-01,78.0,32.0,51.5,62.5,26.0,66.0,34.0,14.0,45.5,1.0,44.0,49.0,37.5,4.75,30.5,48.5,0.0,0.0,0.0,0,0,0,0,0,0,0,1,0,1,0,0,0,1,0,1,0,0,0
2019-05-02,1.0,0.0,0.0,0.0,0.0,0.0,0.0,7.0,0.0,8.75,0.0,0.0,0.0,6.25,0.0,48.5,0.0,0.0,0.0,0,0,0,0,0,0,0,1,0,1,0,0,0,1,0,1,0,0,0
2019-05-03,2.0,0.0,1.5,0.0,0.0,3.0,0.5,2.0,8.0,1.25,0.0,46.0,2.5,1.25,44.0,48.5,4.0,0.0,3.5,0,0,0,0,0,0,0,1,0,1,0,0,0,1,0,1,0,0,0
2019-05-04,27.5,5.0,11.0,19.0,3.5,31.0,35.5,1.0,8.0,5.5,9.0,31.5,39.5,3.5,44.0,40.0,9.5,25.5,3.5,0,0,0,0,0,0,0,1,0,1,0,0,0,1,0,0,0,0,0
2019-05-05,27.5,5.0,11.0,19.0,0.0,31.0,35.5,2.5,7.5,5.5,9.0,31.5,39.5,6.75,27.0,40.0,0.0,0.0,1.5,0,0,0,0,0,0,0,1,0,1,0,0,0,1,0,1,0,0,0
2019-05-06,3.0,2.5,1.0,5.5,2.5,1.5,0.0,2.0,1.0,0.5,1.5,2.0,0.5,0.25,0.0,40.0,1.0,3.0,1.5,0,0,0,0,0,0,0,1,0,1,0,0,0,1,0,1,0,0,0
2019-05-07,9.5,2.5,1.0,5.5,0.0,5.0,4.0,12.5,6.0,0.75,1.5,10.0,8.5,9.5,0.0,7.0,3.5,8.5,7.0,0,0,0,0,0,0,0,1,0,1,0,0,0,1,0,0,0,0,0
2019-05-08,9.5,0.0,0.0,0.0,0.0,5.0,4.0,14.75,6.0,6.0,1.0,10.0,8.5,30.0,0.0,7.0,3.5,0.0,7.0,0,0,0,0,0,0,0,1,0,1,0,0,0,1,0,1,0,0,0
2019-05-09,1.0,0.0,0.0,0.0,0.0,0.5,1.5,0.5,0.5,0.5,0.0,0.0,0.0,10.75,15.5,7.0,0.5,0.0,0.0,0,0,0,0,0,0,0,1,0,1,0,0,0,1,0,1,0,0,0
2019-05-10,0.0,0.0,0.0,0.0,0.0,0.5,1.5,1.25,0.5,0.5,0.0,0.0,0.0,7.75,15.5,7.0,0.5,0.0,0.0,0,0,0,0,0,0,0,1,0,1,0,0,0,1,0,1,0,0,0
2019-05-11,0.0,0.0,0.0,0.0,0.0,0.0,0.0,4.75,0.0,2.0,0.0,0.0,0.5,3.25,0.0,7.0,0.0,0.0,0.0,0,0,0,0,0,0,0,1,0,1,0,0,0,1,0,1,0,0,0
2019-05-12,0.0,0.5,24.5,0.0,2.0,0.0,0.0,2.5,0.0,2.0,0.0,0.0,1.0,9.25,0.0,0.5,0.0,0.0,0.0,0,0,0,0,0,0,0,1,0,1,0,0,0,1,0,0,0,0,0
2019-05-13,9.5,0.5,24.5,0.0,2.0,2.0,0.0,9.5,0.0,6.25,0.0,0.0,1.0,14.25,0.0,0.5,0.0,0.0,0.0,0,0,0,0,0,0,0,1,0,1,0,0,0,1,0,1,0,0,0
2019-05-14,15.0,3.0,11.0,4.0,4.0,32.5,10.5,7.75,59.0,6.25,15.5,30.0,50.5,15.5,12.5,7.0,28.5,7.5,11.0,0,0,0,0,0,0,0,1,0,1,0,0,0,1,0,0,0,0,0
2019-05-15,15.0,3.0,11.0,53.0,4.0,32.5,16.0,12.5,59.0,0.25,67.5,30.0,60.5,9.5,22.5,7.0,29.0,0.5,11.0,0,0,0,0,0,0,0,1,0,1,0,0,0,1,0,0,0,0,0
2019-05-16,0.5,1.0,36.0,53.0,0.0,13.0,3.0,0.5,3.5,0.5,17.0,40.0,1.0,6.75,26.0,7.0,1.5,3.0,8.0,0,0,0,0,0,0,0,1,0,1,0,0,0,1,0,1,0,0,0
2019-05-17,0.5,1.0,36.0,53.0,0.0,13.0,3.0,0.0,3.5,0.25,17.0,40.0,1.0,4.5,26.0,7.0,1.5,3.0,8.0,1,1,1,1,1,1,1,1,1,1,1,1,1,1,1,1,1,1,1
2019-05-18,0.5,1.0,36.0,53.0,0.0,13.0,3.0,7.5,3.5,0.25,17.0,40.0,1.0,5.25,26.0,7.0,1.5,3.0,8.0,1,1,1,1,1,1,1,1,1,1,1,1,1,1,1,1,1,1,1
2019-05-19,0.5,1.0,36.0,53.0,0.0,13.0,3.0,9.0,3.5,0.25,17.0,40.0,1.0,15.75,26.0,7.0,1.5,3.0,8.0,1,1,1,1,1,1,1,1,1,1,1,1,1,1,1,1,1,1,1
2019-05-20,0.5,0.0,36.0,53.0,0.0,13.0,3.0,6.0,3.5,0.25,17.0,40.0,1.0,8.75,26.0,7.0,1.5,3.0,8.0,1,0,1,1,1,1,1,1,1,1,1,1,1,1,1,1,1,1,1
2019-05-21,0.5,0.0,36.0,53.0,0.0,13.0,3.0,0.0,3.5,0.25,17.0,40.0,1.0,8.5,26.0,7.0,1.5,3.0,8.0,1,1,1,1,1,1,1,1,1,1,1,1,1,1,1,1,1,1,1
2019-05-22,0.5,0.0,36.0,53.0,0.0,13.0,3.0,0.0,3.5,0.5,17.0,40.0,1.0,2.0,26.0,7.0,1.5,3.0,8.0,1,1,1,1,1,1,1,1,1,1,1,1,1,1,1,1,1,1,1
2019-05-23,0.5,0.0,36.0,53.0,0.0,13.0,3.0,0.0,3.5,0.75,17.0,40.0,1.0,5.5,26.0,4.0,1.5,3.0,8.0,1,1,1,1,1,1,1,1,1,1,1,1,1,1,1,1,1,1,1
2019-05-24,0.0,0.0,0.0,0.0,0.0,6.0,0.0,0.0,0.0,0.5,3.25,0.0,0.0,7.75,0.0,5.0,0.0,0.0,0.0,1,1,1,1,1,1,1,1,1,1,1,1,1,1,1,1,1,1,1
2019-05-25,0.0,0.0,0.0,0.0,0.0,7.0,0.0,31.5,0.0,0.0,9.25,0.0,0.0,11.5,0.0,22.25,0.0,0.0,0.0,1,1,1,1,1,1,1,1,1,1,1,1,1,1,1,1,1,1,1
2019-05-26,0.0,0.0,0.0,0.0,0.0,10.5,0.0,19.0,0.0,0.5,23.0,0.0,0.0,13.75,0.0,13.5,0.0,0.0,0.0,1,1,1,1,1,1,1,1,1,1,1,1,1,1,1,1,1,1,1
2019-05-27,0.0,0.0,0.0,0.0,0.0,3.5,0.0,0.0,0.0,1.0,6.5,0.0,0.0,0.25,0.0,12.0,0.0,0.0,0.0,1,1,1,1,1,1,1,1,1,1,1,1,1,1,1,1,1,1,1
2019-05-28,0.0,1.5,0.0,0.0,0.0,0.0,0.0,0.0,0.0,0.5,0.5,0.0,0.0,0.5,0.0,9.25,0.0,0.0,0.0,1,1,1,1,1,1,1,1,1,1,1,1,1,1,1,1,1,1,1
2019-05-29,0.0,8.5,0.0,0.0,0.0,1.5,0.0,0.0,0.0,0.0,4.75,0.0,0.0,1.0,0.0,2.75,0.0,0.0,0.0,0,1,0,0,0,1,0,1,0,1,1,0,0,1,0,1,0,0,0
2019-05-30,0.0,3.75,0.0,0.0,0.0,2.0,0.0,0.0,0.0,0.0,7.25,0.0,0.0,1.5,0.0,0.0,0.0,0.0,0.0,1,1,1,1,1,1,1,1,1,1,1,1,1,1,1,1,1,1,1
2019-05-31,0.0,2.75,0.0,0.0,0.0,9.0,0.0,0.0,0.0,0.5,3.25,0.0,0.0,4.25,0.0,0.75,0.0,0.0,0.0,1,1,1,1,1,1,1,1,1,1,1,1,1,1,1,1,1,1,1
2019-06-01,0.0,4.5,0.0,0.0,0.0,2.5,0.0,0.0,0.0,0.5,0.0,0.0,0.0,1.25,0.0,0.75,0.0,0.0,0.0,1,1,1,1,1,1,1,1,1,1,1,1,1,1,1,1,1,1,1
2019-06-02,0.0,1.75,0.0,0.0,0.0,3.75,0.0,1.5,0.0,0.0,3.5,0.0,0.0,6.0,0.0,0.25,0.0,0.0,0.0,1,1,1,1,1,1,1,1,1,1,1,1,1,1,1,1,1,1,1
2019-06-03,0.0,1.0,0.0,0.0,0.0,2.75,0.0,3.75,0.0,0.5,3.0,0.0,0.0,1.75,0.0,5.5,0.0,0.0,0.0,1,1,1,1,1,1,1,1,1,1,1,1,1,1,1,1,1,1,1
2019-06-04,0.0,13.25,0.0,0.0,0.0,14.0,0.0,8.25,0.0,0.5,45.0,0.0,0.0,10.75,0.0,2.25,0.0,0.0,0.0,1,1,1,1,1,1,1,1,1,1,1,1,1,1,1,1,1,1,1
2019-06-05,0.0,12.5,0.0,0.0,0.0,20.5,0.0,16.5,0.0,0.5,22.5,0.0,0.0,16.0,0.0,10.5,0.0,0.0,0.0,1,1,1,1,1,1,1,1,1,1,1,1,1,1,1,1,1,1,1
2019-06-06,0.0,9.0,1.0,8.0,12.0,5.75,3.5,7.5,1.0,0.0,1.5,0.5,1.0,2.5,0.5,0.5,3.5,1.5,3.5,1,1,1,1,1,1,1,1,1,1,1,1,1,1,1,1,1,1,1
2019-06-07,0.5,2.0,0.0,1.5,2.5,0.0,0.0,0.0,0.5,0.0,0.0,0.5,1.25,0.25,0.0,0.0,0.0,0.0,0.5,1,1,1,1,1,1,1,1,1,1,1,1,1,1,1,1,1,1,1
2019-06-08,1.5,0.0,4.5,1.5,0.75,1.25,0.5,0.0,0.0,0.5,0.0,0.5,0.5,0.0,0.0,5.5,0.0,0.0,0.5,1,1,1,1,1,1,1,1,1,1,1,1,1,1,1,1,1,1,1
2019-06-09,0.0,0.0,0.0,0.0,0.25,8.0,0.0,0.5,0.0,0.5,0.5,0.0,0.25,4.5,0.5,17.5,0.5,2.5,0.0,1,1,1,1,1,1,1,1,1,1,1,1,1,1,1,1,1,1,1
2019-06-10,0.5,0.25,0.0,0.0,5.75,18.75,3.0,3.25,0.0,0.0,0.0,0.0,0.25,9.25,0.5,1.5,0.0,5.5,0.0,1,1,1,1,1,1,1,1,1,1,1,1,1,1,1,1,1,1,1
2019-06-11,0.5,0.25,1.0,11.5,2.0,5.0,0.0,0.0,0.5,0.0,0.0,0.0,1.75,1.75,0.0,10.5,0.0,0.5,0.0,1,1,1,1,1,1,1,1,1,1,1,1,1,1,1,1,1,1,1
2019-06-12,0.0,4.0,1.0,2.5,2.0,4.5,1.5,0.0,0.5,0.0,1.0,0.5,5.5,2.25,0.0,10.5,0.5,3.0,0.0,1,1,1,1,1,1,1,1,1,1,1,1,1,1,1,1,1,1,1
2019-06-13,0.5,7.25,0.5,6.5,3.25,7.5,4.0,0.0,1.0,0.0,3.0,2.0,6.75,14.75,0.5,5.75,3.5,2.0,0.5,1,1,1,1,1,1,1,1,1,1,1,1,1,1,1,1,1,1,1
2019-06-14,0.5,0.75,4.0,2.0,9.5,11.5,7.0,2.75,2.5,0.0,0.5,5.0,6.25,22.5,0.5,5.0,8.5,2.0,13.0,1,1,1,1,1,1,1,1,1,1,1,1,1,1,1,1,1,1,1
2019-06-15,0.0,0.75,0.5,0.75,0.5,2.25,3.0,0.5,5.0,0.0,0.0,0.5,1.5,2.5,1.0,1.5,4.5,0.5,1.5,1,1,1,1,1,1,1,1,1,1,1,1,1,1,1,1,1,1,1
2019-06-16,0.5,1.5,0.0,0.5,2.0,2.75,0.5,0.0,7.5,0.5,1.5,3.0,5.75,1.75,0.5,2.5,4.5,0.0,2.5,1,1,1,1,1,1,1,1,1,1,1,1,1,1,1,1,1,1,1
2019-06-17,1.0,8.0,8.0,7.0,9.5,4.5,14.0,1.25,19.5,0.5,4.5,10.0,11.5,9.75,0.0,2.5,17.5,4.5,7.0,1,1,1,1,1,1,1,1,1,1,1,1,1,1,1,1,1,1,1
2019-06-18,2.0,6.75,6.5,7.25,8.0,3.5,2.0,3.0,7.0,0.0,2.5,4.0,9.5,19.25,2.5,1.5,5.0,1.5,5.5,1,1,1,1,1,1,1,1,1,1,1,1,1,1,1,1,1,1,1
2019-06-19,0.5,0.75,6.5,3.25,7.5,5.25,0.5,1.25,5.5,0.0,1.5,1.5,1.5,5.75,1.0,1.0,5.0,1.0,3.0,1,1,1,1,1,1,1,1,1,1,1,1,1,1,1,1,1,1,1
2019-06-20,0.0,0.25,1.5,17.5,28.0,12.75,8.5,2.25,4.5,0.5,10.0,4.0,18.0,12.0,5.0,5.0,1.5,14.0,15.0,1,1,1,1,1,1,1,1,1,1,1,1,1,1,1,1,1,1,1
2019-06-21,3.0,4.25,17.0,20.0,28.0,13.25,11.0,24.5,15.5,0.5,12.0,8.5,8.0,12.5,0.5,8.0,6.0,20.5,15.0,1,1,1,1,1,1,1,1,1,1,1,1,1,1,1,1,1,1,1
2019-06-22,0.5,1.25,5.0,19.5,0.5,1.75,1.5,1.75,5.5,0.0,11.0,3.5,1.5,5.5,12.5,1.0,1.0,2.0,0.5,1,1,1,1,1,1,1,1,1,1,1,1,1,1,1,1,1,1,1
2019-06-23,3.0,0.5,11.5,17.0,2.0,2.75,9.0,0.5,2.0,0.0,3.0,0.0,4.5,9.0,0.0,1.0,1.0,1.0,0.0,1,1,1,1,1,1,1,1,1,1,1,1,1,1,1,1,1,1,1
2019-06-24,0.0,0.5,2.0,2.5,3.5,3.5,1.0,0.5,2.0,0.0,0.5,0.0,0.0,5.25,0.0,1.0,1.0,1.0,0.0,1,1,1,1,1,1,1,1,1,1,1,1,1,1,1,1,1,1,1
2019-06-25,0.0,0.0,0.0,0.0,0.0,2.0,0.5,0.0,0.0,0.0,0.0,0.0,0.0,0.0,0.0,0.5,0.0,0.0,0.0,1,1,1,1,1,1,1,1,1,1,1,1,1,1,1,1,1,1,1
2019-06-26,1.0,0.5,0.0,0.75,0.0,5.5,0.5,0.0,2.0,0.0,0.5,0.0,23.0,13.5,0.0,1.0,1.0,0.0,3.0,1,1,1,1,1,1,1,1,1,1,1,1,1,1,1,1,1,1,1
2019-06-27,4.0,15.25,1.5,15.0,6.0,5.0,0.0,0.5,15.5,0.0,3.5,0.0,23.0,7.0,0.0,1.0,0.5,1.0,3.0,1,1,1,1,1,1,1,1,1,1,1,1,1,1,1,1,1,1,1
2019-06-28,4.0,10.5,4.5,5.0,5.0,4.0,1.0,1.0,0.0,0.0,1.0,0.5,4.5,3.75,0.0,0.5,0.5,1.5,0.0,1,1,1,1,1,1,1,1,1,1,1,1,1,1,1,1,1,1,1
2019-06-29,3.0,0.5,0.0,3.5,0.0,2.0,0.0,1.5,0.0,0.0,0.0,1.5,0.0,0.0,0.0,0.0,0.5,1.5,0.0,1,1,1,1,1,1,1,1,1,1,1,1,1,1,1,1,1,1,1
2019-06-30,0.0,0.0,0.0,0.25,0.0,0.5,0.0,0.5,0.0,0.5,0.0,0.0,0.0,0.0,0.0,0.0,0.0,0.0,0.0,1,1,1,1,1,1,1,1,1,1,1,1,1,1,1,1,1,1,1
2019-07-01,0.0,0.0,0.5,0.75,0.0,1.0,0.0,0.5,0.0,0.0,0.0,0.0,2.0,1.0,0.0,0.0,0.0,2.0,0.0,1,1,1,1,1,1,1,1,1,1,1,1,1,1,1,1,1,1,1
2019-07-02,0.0,2.5,4.5,2.0,3.5,5.5,0.0,4.5,1.0,0.0,1.5,0.5,0.0,0.75,0.0,0.0,0.0,2.0,0.0,1,1,1,1,1,1,1,1,1,1,1,1,1,1,1,1,1,1,1
2019-07-03,0.0,0.75,0.0,3.75,0.0,2.0,0.0,4.5,0.0,0.0,0.0,0.0,1.0,0.5,0.0,2.0,0.0,1.5,0.0,1,1,1,1,1,1,1,1,1,1,1,1,1,1,1,1,1,1,1
2019-07-04,0.0,0.5,0.0,0.0,0.0,0.5,0.0,2.5,0.5,0.0,0.0,0.0,1.0,0.0,0.0,2.0,0.0,0.0,0.0,1,1,1,1,1,1,1,1,1,1,1,1,1,1,1,1,1,1,1
2019-07-05,4.5,1.25,0.0,5.5,0.0,1.75,0.0,4.5,0.5,0.0,4.5,3.5,2.0,0.75,0.0,2.0,0.0,0.0,0.0,1,1,1,1,1,1,1,1,1,1,1,1,1,1,1,1,1,1,1
2019-07-06,4.5,1.75,1.0,6.5,1.0,2.75,0.5,1.0,2.0,0.0,1.5,3.5,2.0,2.0,0.0,2.0,0.5,7.0,0.5,1,1,1,1,1,1,1,1,1,1,1,1,1,1,1,1,1,1,1
2019-07-07,5.0,3.25,2.5,13.25,3.5,0.75,0.5,1.0,1.5,0.0,1.5,3.5,1.5,4.5,0.0,2.0,1.5,13.0,0.5,1,1,1,1,1,1,1,1,1,1,1,1,1,1,1,1,1,1,1
2019-07-08,6.5,7.0,3.25,8.0,0.5,2.5,0.5,1.0,1.0,5.25,1.5,0.5,9.5,1.5,0.0,22.5,1.5,11.5,0.0,1,1,1,1,1,1,1,1,1,1,1,1,1,1,1,1,1,1,1
2019-07-09,6.5,6.25,1.0,9.0,2.5,19.0,1.0,4.5,2.5,5.25,2.0,0.5,9.5,13.5,11.0,3.0,12.5,11.0,1.0,1,1,1,1,1,1,1,1,1,1,1,1,1,1,1,1,1,1,1
2019-07-10,13.5,7.0,6.5,5.75,3.5,4.0,3.0,4.0,3.0,0.0,2.0,2.5,5.0,4.25,8.5,3.0,3.5,9.5,20.25,1,1,1,1,1,1,1,1,1,1,1,1,1,1,1,1,1,1,1
2019-07-11,7.0,0.5,0.25,10.25,13.5,3.25,3.0,8.5,2.5,0.25,4.5,3.0,8.0,4.0,1.0,3.0,9.5,3.0,4.5,1,1,1,1,1,1,1,1,1,1,1,1,1,1,1,1,1,1,1
2019-07-12,16.0,1.0,21.75,19.25,27.0,4.75,7.5,6.0,4.5,0.25,16.5,10.5,38.5,9.0,0.0,8.5,9.0,21.25,9.75,1,1,1,1,1,1,1,1,1,1,1,1,1,1,1,1,1,1,1
2019-07-13,16.0,7.75,8.5,16.0,16.0,15.75,7.5,6.0,4.5,0.0,7.0,10.5,16.0,9.0,0.5,0.0,4.5,22.0,9.75,1,1,1,1,1,1,1,1,1,1,1,1,1,1,1,1,1,1,1
2019-07-14,8.0,3.25,1.0,2.25,3.0,0.75,0.0,0.5,2.5,0.0,0.5,0.0,5.0,3.75,0.5,0.0,0.0,1.0,0.0,1,1,1,1,1,1,1,1,1,1,1,1,1,1,1,1,1,1,1
2019-07-15,2.0,1.75,0.0,0.25,0.0,0.75,0.0,0.0,0.0,0.0,0.0,0.0,0.5,0.0,0.0,0.0,0.0,1.0,0.0,1,1,1,1,1,1,1,1,1,1,1,1,1,1,1,1,1,1,1
2019-07-16,0.0,0.0,0.0,0.0,0.0,0.0,0.0,0.0,0.0,0.0,0.0,0.0,0.0,0.0,0.0,0.0,0.0,0.0,0.0,1,1,1,1,1,1,1,1,1,1,1,1,1,1,1,1,1,1,1
2019-07-17,0.0,0.0,0.0,0.0,0.0,1.0,0.0,0.0,0.0,0.0,0.0,0.0,0.0,0.0,0.0,0.0,0.0,0.0,0.0,1,1,1,1,1,1,1,1,1,1,1,1,1,1,1,1,1,1,1
2019-07-18,0.0,0.0,0.25,0.25,0.0,6.5,0.0,0.0,0.0,0.0,0.0,0.0,0.0,2.5,0.0,0.0,0.0,3.25,0.0,1,1,1,1,1,1,1,1,1,1,1,1,1,1,1,1,1,1,1
2019-07-19,0.5,0.0,0.0,0.0,1.0,1.75,0.0,0.0,0.0,0.0,0.0,0.0,0.0,0.0,0.0,0.0,0.0,0.0,0.0,1,1,1,1,1,1,1,1,1,1,1,1,1,1,1,1,1,1,1
2019-07-20,2.0,1.5,0.0,0.0,6.0,0.75,0.5,0.0,0.0,0.0,0.0,0.0,1.5,0.75,0.0,0.0,0.0,0.5,0.0,1,1,1,1,1,1,1,1,1,1,1,1,1,1,1,1,1,1,1
2019-07-21,0.0,0.5,0.75,0.0,0.5,0.25,0.0,0.0,0.0,0.0,0.0,0.0,0.0,0.75,0.0,0.0,0.0,0.5,0.0,1,1,1,1,1,1,1,1,1,1,1,1,1,1,1,1,1,1,1
2019-07-22,0.0,2.5,0.0,0.0,0.0,5.5,0.0,0.0,0.5,7.75,0.0,1.5,0.5,8.25,5.5,0.0,0.5,0.0,4.0,1,1,1,1,1,1,1,1,1,1,1,1,1,1,1,1,1,1,1
2019-07-23,1.0,5.0,2.5,0.5,4.0,9.5,18.5,11.5,9.5,7.75,0.5,2.0,0.5,9.5,5.5,0.0,3.0,7.0,8.0,1,1,1,1,1,1,1,1,1,1,1,1,1,1,1,1,1,1,1
2019-07-24,3.5,10.75,14.25,4.75,0.0,7.0,18.5,12.5,3.0,0.0,0.0,7.0,0.0,12.75,0.0,0.0,3.0,1.0,4.0,1,1,1,1,1,1,1,1,1,1,1,1,1,1,1,1,1,1,1
2019-07-25,3.5,8.0,14.25,5.0,0.0,0.0,0.0,0.5,3.0,0.0,0.5,6.0,7.0,3.25,0.0,0.0,5.0,0.0,0.25,1,1,1,1,1,1,1,1,1,1,1,1,1,1,1,1,1,1,1
2019-07-26,1.0,0.5,0.5,0.0,0.0,0.25,0.0,0.5,0.0,18.25,0.0,0.5,0.0,1.75,0.0,0.0,0.5,0.0,0.25,1,1,1,1,1,1,1,1,1,1,1,1,1,1,1,1,1,1,1
2019-07-27,1.0,0.25,0.0,0.0,0.0,0.0,0.5,1.0,0.0,18.25,0.0,2.5,0.0,2.25,2.5,0.0,0.5,3.5,7.25,1,1,1,1,1,1,1,1,1,1,1,1,1,1,1,1,1,1,1
2019-07-28,3.0,3.75,2.5,0.0,3.5,3.5,0.0,1.0,1.0,1.5,0.0,0.5,0.0,0.25,0.0,0.25,0.0,3.5,6.25,1,1,1,1,1,1,1,1,1,1,1,1,1,1,1,1,1,1,1
2019-07-29,3.0,1.0,2.5,0.0,3.75,2.0,0.0,0.0,0.5,10.75,0.0,0.0,0.0,0.0,0.0,0.25,0.0,0.5,1.25,1,1,1,1,1,1,1,1,1,1,1,1,1,1,1,1,1,1,1
2019-07-30,9.5,6.25,7.0,3.25,8.75,6.0,0.5,6.0,5.5,10.75,4.0,5.0,6.0,4.0,1.0,5.25,5.0,3.0,2.75,1,1,1,1,1,1,1,1,1,1,1,1,1,1,1,1,1,1,1
2019-07-31,5.5,3.0,3.5,1.75,7.75,0.0,0.0,0.5,3.0,2.25,2.0,5.0,1.5,3.0,1.5,1.25,5.0,2.5,0.0,1,1,1,1,1,1,1,1,1,1,1,1,1,1,1,1,1,1,1
2019-08-01,13.0,3.0,12.0,12.5,1.0,8.25,2.0,2.0,8.0,0.5,5.5,9.5,10.0,4.25,0.0,17.25,17.0,5.5,13.75,1,1,1,1,1,1,1,1,1,1,1,1,1,1,1,1,1,1,1
2019-08-02,5.5,2.25,4.5,6.0,2.0,5.25,2.0,0.5,3.5,0.5,1.5,3.0,10.0,3.25,0.0,8.5,2.0,5.5,16.5,1,1,1,1,1,1,1,1,1,1,1,1,1,1,1,1,1,1,1
2019-08-03,2.0,0.25,4.5,0.0,0.5,0.25,0.0,0.0,0.0,0.0,0.0,0.0,0.0,0.0,0.0,0.0,0.0,0.0,0.0,1,1,1,1,1,1,1,1,1,1,1,1,1,1,1,1,1,1,1
2019-08-04,4.0,8.5,3.5,3.75,12.0,1.5,0.5,0.5,1.5,4.75,3.5,0.0,2.25,2.0,0.5,4.25,0.0,0.0,7.5,1,1,1,1,1,1,1,1,1,1,1,1,1,1,1,1,1,1,1
2019-08-05,1.0,7.0,4.0,6.25,14.25,3.75,5.0,0.0,5.0,15.5,4.5,0.5,8.75,8.0,0.0,11.0,10.0,0.0,7.5,1,1,1,1,1,1,1,1,1,1,1,1,1,1,1,1,1,1,1
2019-08-06,2.0,0.0,2.0,3.25,5.25,1.5,0.5,5.0,8.5,15.5,4.5,6.5,8.25,0.0,0.0,0.25,0.5,4.5,0.0,1,1,1,1,1,1,1,1,1,1,1,1,1,1,1,1,1,1,1
2019-08-07,0.5,0.0,0.0,0.25,5.0,0.0,0.5,0.0,0.5,0.0,0.0,0.0,1.75,0.0,0.0,0.25,0.0,0.5,0.0,1,1,1,1,1,1,1,1,1,1,1,1,1,1,1,1,1,1,1
2019-08-08,2.0,0.75,0.0,1.0,5.5,4.25,0.5,5.5,5.0,0.5,1.0,1.0,11.0,4.75,0.5,3.5,0.5,4.0,1.0,1,1,1,1,1,1,1,1,1,1,1,1,1,1,1,1,1,1,1
2019-08-09,5.5,1.25,0.0,1.5,6.25,1.0,1.5,10.25,6.5,15.75,2.0,1.5,12.0,11.0,0.0,0.0,7.0,4.0,1.0,1,1,1,1,1,1,1,1,1,1,1,1,1,1,1,1,1,1,1
2019-08-10,0.0,0.0,0.5,0.25,8.75,8.5,0.0,2.5,0.0,15.75,0.0,0.0,12.5,0.25,0.0,0.0,0.0,7.0,0.0,1,1,1,1,1,1,1,1,1,1,1,1,1,1,1,1,1,1,1
2019-08-11,1.0,0.5,0.5,0.5,4.5,7.0,2.0,4.75,1.0,12.75,0.0,0.0,1.5,3.0,0.0,0.0,0.5,3.5,0.0,1,1,1,1,1,1,1,1,1,1,1,1,1,1,1,1,1,1,1
2019-08-12,1.0,0.5,0.0,0.5,6.0,7.0,0.0,0.0,1.0,0.0,2.0,0.0,0.5,1.5,0.0,0.0,0.0,0.0,0.0,1,1,1,1,1,1,1,1,1,1,1,1,1,1,1,1,1,1,1
2019-08-13,0.5,0.0,1.5,0.75,5.75,0.0,0.0,0.0,0.5,0.0,0.5,0.5,0.25,1.25,0.0,0.0,0.0,0.0,0.0,1,1,1,1,1,1,1,1,1,1,1,1,1,1,1,1,1,1,1
2019-08-14,1.0,4.0,0.0,8.5,10.25,3.5,5.5,4.25,10.5,22.5,8.0,2.0,7.5,9.0,2.5,0.0,0.0,0.0,1.0,1,1,1,1,1,1,1,1,1,1,1,1,1,1,1,1,1,1,1
2019-08-15,5.5,4.0,0.0,3.0,5.75,0.25,0.0,8.5,0.0,22.5,17.0,2.0,2.0,1.5,0.5,0.0,0.0,0.0,0.5,1,1,1,1,1,1,1,1,1,1,1,1,1,1,1,1,1,1,1
2019-08-16,2.5,2.5,5.5,5.0,2.5,1.25,2.5,2.75,8.5,16.5,2.25,0.5,8.5,7.5,11.0,0.0,9.5,9.0,0.0,1,1,1,1,1,1,1,1,1,1,1,1,1,1,1,1,1,1,1
2019-08-17,0.5,0.0,5.5,6.25,7.0,0.0,0.5,1.25,14.5,33.0,2.0,1.5,9.5,3.0,12.0,0.0,8.0,9.5,0.0,1,1,1,1,1,1,1,1,1,1,1,1,1,1,1,1,1,1,1
2019-08-18,2.0,0.75,9.5,1.0,3.25,9.5,3.0,18.0,14.5,0.0,4.75,5.5,7.75,15.25,4.5,0.0,4.0,1.0,0.0,1,1,1,1,1,1,1,1,1,1,1,1,1,1,1,1,1,1,1
2019-08-19,3.75,4.0,0.5,7.0,4.0,15.0,16.5,25.0,11.5,17.5,1.0,4.5,8.0,44.0,2.0,0.0,2.5,3.75,0.0,1,1,1,1,1,1,1,1,1,1,1,1,1,1,1,1,1,1,1
2019-08-20,3.25,4.0,0.0,14.25,8.25,15.0,9.75,9.75,9.0,17.5,7.5,2.75,6.5,14.0,2.0,0.0,5.5,5.0,0.75,1,1,1,1,1,1,1,1,1,1,1,1,1,1,1,1,1,1,1
2019-08-21,8.75,9.5,25.5,34.5,10.5,5.5,7.0,14.25,1.5,2.0,16.5,2.5,8.5,3.0,7.75,0.0,6.0,11.5,0.75,1,1,1,1,1,1,1,1,1,1,1,1,1,1,1,1,1,1,1
2019-08-22,8.75,13.0,36.5,29.0,18.0,5.5,7.0,8.75,2.0,2.0,16.5,11.25,8.5,3.0,0.5,0.0,3.0,11.5,8.25,1,1,1,1,1,1,1,1,1,1,1,1,1,1,1,1,1,1,1
2019-08-23,6.25,0.0,13.5,4.0,15.25,5.5,6.0,2.25,2.25,0.0,5.0,11.5,7.0,0.0,6.0,0.0,2.25,1.75,7.5,1,1,1,1,1,1,1,1,1,1,1,1,1,1,1,1,1,1,1
2019-08-24,4.5,0.0,1.5,16.5,15.0,4.5,2.75,2.25,1.25,0.0,0.0,0.0,10.0,1.0,2.5,0.0,0.5,1.25,0.25,1,1,1,1,1,1,1,1,1,1,1,1,1,1,1,1,1,1,1
2019-08-25,6.0,0.0,0.0,10.0,14.0,3.5,5.75,1.5,0.75,0.0,2.0,5.0,1.0,6.5,2.5,0.0,0.5,1.75,4.5,1,1,1,1,1,1,1,1,1,1,1,1,1,1,1,1,1,1,1
2019-08-26,2.5,1.5,1.0,6.0,3.0,2.5,5.75,1.5,1.0,0.5,0.5,2.0,1.0,6.5,0.75,0.0,0.5,2.0,0.25,1,1,1,1,1,1,1,1,1,1,1,1,1,1,1,1,1,1,1
2019-08-27,3.0,0.0,0.0,13.25,18.25,0.5,8.25,1.25,10.0,0.5,8.0,7.75,0.0,0.0,0.75,3.5,0.75,5.0,2.5,1,1,1,1,1,1,1,1,1,1,1,1,1,1,1,1,1,1,1
2019-08-28,6.0,0.5,0.0,7.75,18.25,31.0,8.0,10.25,5.5,20.0,20.5,19.75,6.0,5.0,12.0,3.5,8.25,26.5,5.75,1,1,1,1,1,1,1,1,1,1,1,1,1,1,1,1,1,1,1
2019-08-29,18.5,9.0,21.0,20.5,19.75,31.0,18.75,16.75,22.75,20.0,26.0,26.5,16.5,8.5,14.25,3.5,20.75,29.5,8.25,1,1,1,1,1,1,1,1,1,1,1,1,1,1,1,1,1,1,1
2019-08-30,5.5,0.5,0.0,2.75,4.0,2.0,1.25,3.0,2.5,3.0,0.0,0.25,0.5,1.0,0.75,3.5,0.25,1.5,0.0,1,1,1,1,1,1,1,1,1,1,1,1,1,1,1,1,1,1,1
2019-08-31,2.0,0.0,15.0,13.0,6.5,9.0,1.75,2.25,3.5,0.0,0.25,4.75,0.0,4.5,3.5,1.75,1.75,2.5,5.5,1,1,1,1,1,1,1,1,1,1,1,1,1,1,1,1,1,1,1
2019-09-01,4.5,34.0,15.0,20.25,20.5,22.5,4.0,4.0,8.5,4.5,2.25,13.5,5.0,4.5,11.5,1.75,4.25,5.5,5.75,1,1,1,1,1,1,1,1,1,1,1,1,1,1,1,1,1,1,1
2019-09-02,19.5,10.5,8.0,15.75,8.5,10.0,1.0,3.5,9.75,4.5,2.5,2.0,4.0,1.0,3.5,1.75,3.0,5.5,3.0,1,1,1,1,1,1,1,1,1,1,1,1,1,1,1,1,1,1,1
2019-09-03,3.5,6.5,0.0,3.0,2.0,1.5,0.0,0.75,3.5,2.0,3.0,0.75,0.5,1.5,0.0,1.75,0.25,0.5,0.0,1,1,1,1,1,1,1,1,1,1,1,1,1,1,1,1,1,1,1
2019-09-04,5.0,13.0,3.0,17.25,9.0,4.5,5.75,8.0,7.25,46.0,12.0,3.5,4.5,4.0,3.5,4.0,5.75,7.5,0.0,1,1,1,1,1,1,1,1,1,1,1,1,1,1,1,1,1,1,1
2019-09-05,2.0,5.5,0.5,6.75,9.0,11.0,6.75,13.0,30.75,46.0,0.25,3.25,4.5,3.0,5.5,4.0,2.0,17.5,0.0,1,1,1,1,1,1,1,1,1,1,1,1,1,1,1,1,1,1,1
2019-09-06,6.5,5.5,0.5,11.5,3.5,7.0,5.75,12.5,10.25,0.25,0.0,2.25,0.0,2.0,4.75,4.0,2.0,15.0,0.0,1,1,1,1,1,1,1,1,1,1,1,1,1,1,1,1,1,1,1
2019-09-07,16.0,5.5,2.5,7.0,3.5,12.0,3.5,2.75,2.75,0.0,2.25,3.25,1.5,11.5,4.75,4.0,3.5,12.0,4.5,1,1,1,1,1,1,1,1,1,1,1,1,1,1,1,1,1,1,1
2019-09-08,22.5,4.0,2.5,5.0,8.0,26.0,7.75,4.0,8.0,0.0,4.5,6.0,1.5,11.5,4.5,8.0,4.5,11.0,1.25,1,1,1,1,1,1,1,1,1,1,1,1,1,1,1,1,1,1,1
2019-09-09,10.25,2.5,1.5,3.0,3.0,1.0,3.75,5.0,7.5,2.0,6.75,6.25,3.5,8.0,2.75,2.5,4.25,3.25,1.75,1,1,1,1,1,1,1,1,1,1,1,1,1,1,1,1,1,1,1
2019-09-10,10.0,5.0,5.5,31.0,4.0,1.0,2.5,4.25,6.25,5.25,14.75,8.0,2.0,8.0,2.75,2.5,4.25,3.75,7.5,1,1,1,1,1,1,1,1,1,1,1,1,1,1,1,1,1,1,1
2019-09-11,3.75,3.0,5.5,14.0,4.0,0.5,7.75,4.0,6.25,6.5,4.5,2.75,6.5,9.0,7.0,0.5,4.25,4.25,1.25,1,1,1,1,1,1,1,1,1,1,1,1,1,1,1,1,1,1,1
2019-09-12,1.5,1.0,2.5,1.0,0.5,1.5,0.5,0.75,0.75,6.5,1.0,0.25,0.0,9.0,0.25,0.0,0.0,4.25,1.5,1,1,1,1,1,1,1,1,1,1,1,1,1,1,1,1,1,1,1
2019-09-13,2.5,1.5,0.0,1.0,0.0,6.0,3.5,0.75,1.0,0.75,0.25,3.5,0.0,8.5,2.75,0.0,1.25,2.25,13.25,1,1,1,1,1,1,1,1,1,1,1,1,1,1,1,1,1,1,1
2019-09-14,5.0,2.5,2.0,8.0,2.0,6.0,4.0,2.5,12.25,1.0,2.25,8.25,6.5,3.5,4.75,0.0,6.25,3.0,6.5,1,1,1,1,1,1,1,1,1,1,1,1,1,1,1,1,1,1,1
2019-09-15,11.0,9.5,3.0,3.5,11.5,0.5,7.25,3.75,8.25,19.75,7.75,10.25,6.5,23.25,4.0,0.5,7.5,2.25,13.75,1,1,1,1,1,1,1,1,1,1,1,1,1,1,1,1,1,1,1
2019-09-16,17.5,15.0,8.0,11.5,3.0,0.5,3.0,0.25,7.25,19.5,4.25,8.75,9.5,15.75,2.5,0.5,4.0,25.25,13.75,1,1,1,1,1,1,1,1,1,1,1,1,1,1,1,1,1,1,1
2019-09-17,20.5,21.0,12.5,33.0,10.5,5.0,5.75,6.25,14.75,10.25,14.0,14.0,2.5,8.5,9.0,0.5,4.5,31.5,10.5,1,1,1,1,1,1,1,1,1,1,1,1,1,1,1,1,1,1,1
2019-09-18,17.25,24.0,17.5,47.0,33.0,5.0,9.75,9.75,12.5,11.0,18.5,15.0,9.5,7.75,10.75,6.5,5.75,30.75,12.75,1,1,1,1,1,1,1,1,1,1,1,1,1,1,1,1,1,1,1
2019-09-19,5.5,10.0,10.5,17.25,2.0,5.5,3.5,4.5,6.75,1.5,9.5,9.75,1.0,6.5,16.5,6.5,1.0,21.25,4.25,1,1,1,1,1,1,1,1,1,1,1,1,1,1,1,1,1,1,1
2019-09-20,2.75,3.0,2.0,11.75,2.5,6.5,4.5,5.0,2.5,16.0,3.0,2.5,5.0,6.0,13.25,6.5,1.25,9.5,4.75,1,1,1,1,1,1,1,1,1,1,1,1,1,1,1,1,1,1,1
2019-09-21,2.0,1.0,0.0,11.25,0.5,9.0,19.5,5.0,0.5,18.25,0.5,0.5,0.5,13.0,0.25,0.0,2.5,10.0,3.5,1,1,1,1,1,1,1,1,1,1,1,1,1,1,1,1,1,1,1
2019-09-22,2.0,1.0,0.0,4.0,1.0,11.5,17.0,6.0,7.25,18.25,4.5,9.5,3.0,13.0,3.25,0.0,5.25,9.25,6.0,1,1,1,1,1,1,1,1,1,1,1,1,1,1,1,1,1,1,1
2019-09-23,2.0,1.0,0.0,1.5,4.5,9.5,10.0,4.0,3.25,14.5,2.5,5.5,0.0,4.0,1.75,3.0,4.0,5.5,5.0,1,1,1,1,1,1,1,1,1,1,1,1,1,1,1,1,1,1,1
2019-09-24,5.0,0.0,0.0,1.5,0.0,0.5,0.0,0.25,0.0,2.0,0.0,0.5,0.0,0.0,0.0,0.0,0.0,1.5,2.5,1,1,1,1,1,1,1,1,1,1,1,1,1,1,1,1,1,1,1
2019-09-25,2.0,0.0,1.5,4.5,0.0,9.75,1.5,0.25,0.0,1.5,1.25,1.5,1.0,1.25,0.5,0.0,0.0,8.0,1.5,1,1,1,1,1,1,1,1,1,1,1,1,1,1,1,1,1,1,1
2019-09-26,12.0,11.0,1.5,4.5,0.0,14.5,10.5,1.25,1.0,1.5,3.75,6.0,5.5,20.25,2.0,24.75,2.0,26.75,8.0,1,1,1,1,1,1,1,1,1,1,1,1,1,1,1,1,1,1,1
2019-09-27,16.0,11.0,5.0,12.0,7.75,12.75,0.0,7.75,5.0,8.25,13.0,8.75,5.25,24.25,12.5,24.75,11.0,26.75,11.5,1,1,1,1,1,1,1,1,1,1,1,1,1,1,1,1,1,1,1
2019-09-28,8.5,2.5,1.0,7.0,3.25,3.5,5.0,5.75,6.75,15.0,2.25,5.25,3.5,26.75,2.0,5.75,5.0,2.0,0.0,1,1,1,1,1,1,1,1,1,1,1,1,1,1,1,1,1,1,1
2019-09-29,16.0,11.0,2.0,18.5,13.0,4.5,5.0,5.75,10.75,10.5,14.0,16.25,7.25,26.75,0.5,32.5,5.5,14.0,13.0,1,1,1,1,1,1,1,1,1,1,1,1,1,1,1,1,1,1,1
2019-09-30,2.0,11.0,6.0,18.5,4.25,3.75,2.0,1.75,17.75,10.75,12.5,11.5,5.5,6.0,9.5,32.5,16.5,7.5,0.5,1,1,1,1,1,1,1,1,1,1,1,1,1,1,1,1,1,1,1
2019-10-01,10.0,4.0,0.5,3.0,1.25,3.5,2.0,2.5,16.0,11.5,8.25,8.25,7.5,4.75,17.75,1.5,20.0,4.25,1.0,1,1,1,1,1,1,1,1,1,1,1,1,1,1,1,1,1,1,1
2019-10-02,5.0,11.0,8.5,6.5,2.5,7.75,12.5,4.0,8.5,8.75,7.25,5.25,1.75,5.25,23.0,1.75,6.0,3.0,1.0,1,1,1,1,1,1,1,1,1,1,1,1,1,1,1,1,1,1,1
2019-10-03,2.5,17.5,10.0,3.5,1.25,2.75,18.5,4.0,8.5,31.75,2.25,1.25,0.0,1.75,3.75,1.5,1.5,1.25,5.0,1,1,1,1,1,1,1,1,1,1,1,1,1,1,1,1,1,1,1
2019-10-04,7.5,2.0,9.5,3.5,0.0,2.5,3.0,1.0,2.25,31.75,2.0,1.0,1.5,7.25,5.75,1.5,0.5,10.25,5.0,1,1,1,1,1,1,1,1,1,1,1,1,1,1,1,1,1,1,1
2019-10-05,5.5,0.5,9.5,4.5,14.25,2.5,4.0,5.5,12.5,0.5,2.75,10.75,3.0,3.75,11.5,4.5,0.0,5.0,1.5,1,1,1,1,1,1,1,1,1,1,1,1,1,1,1,1,1,1,1
2019-10-06,6.0,1.5,0.25,9.5,13.25,21.0,10.5,12.5,7.75,31.0,3.75,12.25,3.0,10.5,9.5,4.5,0.0,6.5,4.75,1,1,1,1,1,1,1,1,1,1,1,1,1,1,1,1,1,1,1
2019-10-07,18.0,14.0,6.0,18.5,11.25,23.5,10.5,12.75,6.75,39.5,7.0,5.75,1.75,10.75,16.5,4.0,9.0,6.0,4.75,1,1,1,1,1,1,1,1,1,1,1,1,1,1,1,1,1,1,1
2019-10-08,13.0,3.0,13.75,8.5,0.75,23.5,23.5,6.5,3.75,9.0,1.5,6.5,0.25,16.5,14.5,13.5,4.5,7.75,1.0,1,1,1,1,1,1,1,1,1,1,1,1,1,1,1,1,1,1,1
2019-10-09,16.0,3.0,6.25,6.5,1.25,23.5,30.5,12.5,5.0,8.5,3.25,6.5,1.0,19.0,14.5,13.5,2.0,11.25,3.0,1,1,1,1,1,1,1,1,1,1,1,1,1,1,1,1,1,1,1
2019-10-10,51.0,25.0,29.5,43.0,21.5,24.5,34.0,10.75,85.5,8.5,71.0,69.0,58.0,44.5,42.5,42.0,57.5,49.5,53.0,1,1,1,1,1,1,1,1,1,1,1,1,1,1,1,1,1,1,1
2019-10-11,51.0,25.0,29.5,43.0,21.5,24.5,34.0,6.0,85.5,8.25,71.0,69.0,58.0,44.5,42.5,42.0,57.5,49.5,53.0,1,1,1,1,1,1,1,1,1,1,1,1,1,1,1,1,1,1,1
2019-10-12,51.0,25.0,29.5,43.0,21.5,24.5,34.0,22.75,85.5,46.0,71.0,69.0,58.0,44.5,42.5,42.0,57.5,49.5,53.0,1,1,1,1,1,1,1,1,1,1,1,1,1,1,1,1,1,1,1
2019-10-13,51.0,25.0,29.5,43.0,21.5,24.5,34.0,23.5,85.5,46.0,71.0,69.0,58.0,44.5,42.5,42.0,57.5,49.5,53.0,1,1,1,1,1,1,1,1,1,1,1,1,1,1,1,1,1,1,1
2019-10-14,51.0,25.0,29.5,43.0,21.5,24.5,34.0,2.0,85.5,4.25,71.0,69.0,58.0,44.5,42.5,42.0,57.5,49.5,53.0,1,1,1,1,1,1,1,1,1,1,1,1,1,1,1,1,1,1,1
2019-10-15,51.0,25.0,29.5,43.0,21.5,24.5,34.0,3.25,85.5,4.25,71.0,69.0,58.0,44.5,42.5,42.0,57.5,49.5,53.0,1,1,1,1,1,1,1,1,1,1,1,1,1,1,1,1,1,1,1
2019-10-16,51.0,25.0,29.5,43.0,21.5,24.5,34.0,3.5,85.5,4.5,71.0,69.0,58.0,44.5,42.5,42.0,57.5,49.5,53.0,1,1,1,1,1,1,1,1,1,1,1,1,1,1,1,1,1,1,1
2019-10-17,51.0,25.0,29.5,43.0,21.5,24.5,34.0,11.75,85.5,25.0,71.0,69.0,58.0,44.5,42.5,42.0,57.5,49.5,53.0,0,0,0,0,0,0,0,1,0,1,0,0,0,0,0,0,0,0,0
2019-10-18,30.0,17.5,6.0,3.0,15.5,4.0,34.0,11.75,41.5,24.75,12.5,69.0,5.0,7.5,45.0,4.5,18.0,4.5,19.0,0,0,0,0,0,0,0,1,0,1,0,0,0,0,0,0,0,0,0
2019-10-19,37.0,29.0,44.5,42.0,27.5,9.5,7.5,1.5,4.0,1.5,45.5,22.5,0.0,13.0,16.5,2.5,5.0,13.0,23.5,0,0,0,0,0,0,0,1,0,1,0,0,0,0,0,0,0,0,0
2019-10-20,37.5,29.0,44.5,0.0,27.5,9.5,7.5,6.5,0.0,9.75,0.5,23.0,0.0,0.5,16.5,2.5,5.0,13.0,23.5,0,0,0,0,0,0,0,1,0,1,0,0,0,0,0,0,0,0,0
2019-10-21,15.0,39.5,35.5,30.5,40.0,33.0,38.5,8.25,37.5,12.75,42.0,48.5,0.5,37.0,33.0,31.5,20.0,59.0,28.5,0,0,0,0,0,0,0,1,0,1,0,0,0,0,0,0,0,0,0
2019-10-22,0.5,1.5,6.0,2.0,1.0,15.0,38.5,6.0,107.0,8.5,16.0,48.5,0.0,12.5,29.5,81.0,36.0,30.0,12.5,0,0,0,0,0,0,0,1,0,1,0,0,0,0,0,0,0,0,0
2019-10-23,2.0,4.5,2.5,1.5,7.0,1.5,23.5,10.0,33.5,30.5,0.5,26.0,44.0,5.0,17.5,2.0,21.5,3.0,2.0,0,0,0,0,0,0,0,1,0,1,0,0,0,0,0,0,0,0,0
2019-10-24,19.5,18.0,39.0,40.5,16.5,17.0,18.0,24.5,23.5,29.75,22.5,43.0,44.0,16.5,17.5,15.5,27.5,23.0,29.0,0,0,0,0,0,0,0,1,0,1,0,0,0,0,0,0,0,0,0
2019-10-25,19.5,18.5,41.5,22.5,17.0,17.0,19.0,1.75,4.5,1.5,16.5,44.0,18.0,17.0,15.5,18.0,28.0,23.5,30.0,0,0,0,0,0,0,0,1,0,1,0,0,0,0,0,0,0,0,0
2019-10-26,12.5,32.0,46.0,57.0,27.0,24.0,26.0,6.25,49.0,2.25,59.5,34.5,49.0,19.0,31.0,40.0,61.5,29.0,29.5,0,0,0,0,0,0,0,1,0,1,0,0,0,0,0,0,0,0,0
2019-10-27,6.5,0.0,46.0,0.0,27.0,24.0,26.0,7.5,0.0,2.25,59.5,34.5,49.0,19.0,31.0,0.0,61.5,29.0,29.5,0,0,0,0,0,0,0,1,0,1,0,0,0,0,0,0,0,0,0
2019-10-28,6.5,0.0,46.0,0.0,27.0,24.0,26.0,5.25,0.0,1.75,59.5,34.5,49.0,19.0,31.0,0.0,61.5,29.0,29.5,1,1,1,1,1,1,1,1,1,1,1,1,1,1,1,1,1,1,1
2019-10-29,38.5,30.0,1.0,10.5,6.5,25.5,85.5,2.5,4.5,1.0,25.5,0.5,13.0,54.5,1.5,94.5,18.5,18.5,0.0,0,0,0,0,0,0,0,1,0,1,0,0,0,0,0,0,0,0,0
2019-10-30,38.5,30.5,14.5,10.5,10.5,34.5,97.0,5.0,27.0,0.0,3.5,4.5,17.5,55.0,8.5,118.5,42.5,55.5,18.5,0,0,0,0,0,0,0,1,0,1,0,0,0,0,0,0,0,0,0
2019-10-31,20.0,0.0,0.0,7.0,10.5,1.0,41.0,8.0,27.0,8.25,7.5,4.5,37.5,0.0,8.5,118.5,42.5,55.5,18.5,0,0,0,0,0,0,0,1,0,1,0,0,0,0,0,1,0,0,0
2019-11-01,46.0,32.0,27.0,45.5,38.0,68.0,48.0,36.0,16.5,8.25,17.5,22.0,26.5,50.0,3.5,20.0,10.5,26.0,17.0,0,0,0,0,0,0,0,1,0,1,0,0,0,0,0,0,0,0,0
2019-11-02,46.0,32.0,28.0,6.5,38.0,68.0,48.0,36.0,3.0,15.25,17.5,22.0,26.5,50.0,8.0,21.0,10.5,26.0,17.0,0,0,0,0,0,0,0,1,0,1,0,0,0,0,0,0,0,0,0
2019-11-03,40.0,0.0,28.0,0.0,0.5,17.0,11.0,36.0,0.0,15.25,4.0,3.0,4.5,7.0,8.0,0.0,9.0,7.0,5.5,0,0,0,0,0,0,0,1,0,1,0,0,0,0,0,0,0,0,0
2019-11-04,0.0,0.0,39.5,44.0,0.0,6.0,0.0,36.0,4.5,18.25,0.0,25.0,0.5,0.0,5.5,0.0,3.0,1.5,5.0,0,0,0,0,0,0,0,1,0,1,0,0,0,0,0,0,0,0,0
2019-11-05,29.0,0.5,39.5,42.5,0.5,6.0,0.0,36.0,1.0,5.75,10.0,25.0,2.5,0.0,19.5,3.0,5.0,1.5,5.0,0,0,0,0,0,0,0,1,0,1,0,0,0,0,0,0,0,0,0
2019-11-06,0.0,0.0,6.0,0.5,0.5,0.0,0.0,36.0,0.0,35.0,1.5,27.5,0.0,5.0,24.0,0.0,0.0,1.5,9.0,0,0,0,0,0,0,0,1,0,1,0,0,0,0,0,0,0,0,0
2019-11-07,4.0,0.0,28.5,39.5,0.5,2.5,1.0,36.0,5.5,0.0,6.0,44.0,3.5,5.0,24.0,1.5,1.5,3.5,34.0,0,0,0,0,0,0,0,1,0,1,0,0,0,0,0,0,0,0,0
2019-11-08,20.0,79.5,36.0,85.0,86.5,18.0,42.5,36.0,61.0,40.75,76.0,66.5,58.5,43.5,61.5,34.5,50.5,22.5,55.5,0,0,0,0,0,0,0,0,0,1,0,0,0,0,0,0,0,0,0
2019-11-09,20.0,79.5,36.0,0.0,86.5,18.0,42.5,0.0,0.0,0.5,76.0,66.5,58.5,43.5,61.5,34.5,50.5,22.5,55.5,0,0,0,0,0,0,0,0,0,1,0,0,0,0,0,0,0,0,0
2019-11-10,5.0,0.0,0.0,0.0,0.0,0.0,0.0,0.0,0.0,22.75,0.0,2.5,0.0,0.0,0.0,34.5,0.0,0.0,0.0,0,0,0,1,0,0,0,0,0,1,0,0,0,0,0,1,0,0,0
2019-11-11,22.5,0.5,5.5,4.5,0.5,2.0,3.0,1.0,6.5,27.75,15.0,8.0,5.0,2.0,3.5,0.5,4.5,0.5,3.5,0,0,0,0,0,0,0,0,0,1,0,0,0,0,0,0,0,0,0
2019-11-12,22.5,0.5,5.5,4.5,1.0,43.0,12.5,27.0,0.0,24.0,29.5,8.0,5.0,0.0,5.0,7.5,4.5,15.0,11.5,0,0,0,0,0,0,0,0,0,1,0,0,0,0,0,0,0,0,0
2019-11-13,6.0,0.5,24.5,2.5,1.0,43.0,12.5,7.0,0.0,19.75,29.5,0.0,2.0,0.0,5.0,2.5,0.5,1.0,11.5,0,0,0,0,0,0,0,0,0,1,0,0,0,0,0,0,0,0,0
2019-11-14,38.0,29.0,66.0,84.0,24.5,7.0,9.0,21.0,20.0,19.25,26.5,25.5,56.5,22.5,5.5,51.5,20.5,34.0,28.0,0,0,0,0,0,0,0,0,0,1,0,0,0,0,0,0,0,0,0
2019-11-15,38.0,28.5,66.0,84.0,24.5,19.0,14.0,20.0,4.0,11.75,26.5,25.5,56.5,22.5,6.0,51.5,20.5,12.0,28.5,0,0,0,0,0,0,0,0,0,1,0,0,0,0,0,0,0,0,0
2019-11-16,25.5,44.0,33.0,35.5,40.0,19.0,31.0,23.0,21.5,16.25,32.5,35.0,31.0,13.5,21.0,44.0,20.5,12.0,36.0,0,0,0,0,0,0,0,0,0,1,0,0,0,0,0,0,0,0,0
2019-11-17,25.5,44.0,33.0,1.5,40.0,11.0,31.0,3.0,21.5,57.5,32.5,35.0,31.0,13.5,21.0,14.5,20.5,11.5,36.0,0,0,0,0,0,0,0,0,0,1,0,0,0,0,0,0,0,0,0
2019-11-18,9.5,10.0,2.5,1.5,18.5,11.0,12.0,1.0,30.0,57.5,0.5,0.5,10.0,51.5,23.5,0.0,6.5,4.0,0.0,0,0,0,1,0,0,0,0,0,1,0,0,0,0,0,0,0,0,0
2019-11-19,13.0,1.5,2.0,18.5,1.5,3.5,12.0,2.0,0.5,45.5,8.0,9.0,10.5,51.5,24.0,1.5,6.5,2.5,20.0,0,0,0,0,0,0,0,0,0,1,0,0,0,0,0,0,0,0,0
2019-11-20,9.0,1.5,0.0,18.5,1.5,3.5,1.0,0.0,0.5,27.25,8.0,9.0,2.0,0.0,0.0,0.0,0.5,2.5,20.0,0,0,0,0,0,0,0,0,0,1,0,0,0,0,0,0,0,0,0
2019-11-21,2.0,0.0,0.0,0.0,0.0,0.0,0.0,0.0,0.0,24.25,0.5,0.0,0.0,0.0,0.0,0.0,0.0,0.0,0.0,0,0,0,0,0,0,0,0,0,1,0,0,0,0,0,0,0,0,0
2019-11-22,0.0,0.0,0.0,0.0,0.0,0.0,4.5,6.5,0.0,20.75,0.0,0.0,0.0,6.0,9.0,4.0,2.0,0.0,0.0,0,0,0,0,0,0,0,0,0,1,0,0,0,0,0,0,0,0,0
2019-11-23,2.0,1.0,1.0,1.0,1.0,14.5,7.5,28.5,27.0,22.5,1.0,20.5,52.5,6.0,0.5,56.5,12.0,58.0,0.5,0,0,0,0,0,0,0,0,0,1,0,0,0,0,0,0,0,0,0
2019-11-24,2.0,0.0,2.5,4.0,1.0,14.5,7.5,0.0,0.5,60.25,1.0,20.5,52.5,6.0,6.5,57.5,12.0,0.5,0.5,0,0,0,0,0,0,0,0,0,1,0,0,0,0,0,0,0,0,0
2019-11-25,7.5,5.0,4.0,5.5,6.0,5.0,19.5,10.5,6.0,61.75,4.0,9.0,7.5,17.5,44.5,8.5,9.5,8.0,12.0,0,0,0,0,0,0,0,0,0,1,0,0,0,0,0,0,0,0,0
2019-11-26,7.5,5.0,4.0,0.0,6.0,5.0,19.5,7.5,0.0,6.5,4.0,9.0,7.5,17.5,44.5,5.5,9.5,8.0,12.0,0,0,0,0,0,0,0,0,0,1,0,0,0,0,1,0,0,0,0
2019-11-27,25.5,1.0,0.5,0.5,3.0,4.0,6.0,6.0,0.0,29.75,0.5,7.5,1.5,6.0,29.0,5.5,1.0,2.5,11.5,0,0,0,0,0,0,0,0,0,1,0,0,0,0,0,0,0,0,0
2019-11-28,12.0,1.0,9.0,21.0,0.5,0.0,0.0,0.0,0.0,38.0,1.0,0.0,0.0,0.0,0.0,0.5,0.0,2.0,0.0,0,0,0,0,0,0,0,0,0,1,0,0,0,0,0,0,0,0,0
2019-11-29,12.0,1.0,9.0,21.0,0.5,6.0,6.0,0.0,0.0,35.75,1.0,0.0,0.0,4.0,5.5,0.5,0.0,2.0,0.5,0,0,0,0,0,0,0,0,0,1,0,0,0,0,0,0,0,0,0
2019-11-30,0.5,0.5,0.5,1.5,0.5,6.0,6.0,0.0,0.0,16.5,0.0,0.0,0.0,4.0,5.5,0.0,0.0,0.5,0.5,0,0,0,0,0,0,0,0,0,1,0,0,0,0,1,0,0,0,0
2019-12-01,17.0,61.0,74.0,117.5,69.0,18.5,13.5,7.5,2.5,14.5,14.5,46.0,8.0,11.0,5.5,15.0,4.0,32.5,42.0,0,0,0,0,0,0,0,0,0,1,0,0,0,0,1,0,0,0,0
2019-12-02,17.0,61.0,0.0,117.5,69.0,18.5,13.5,0.0,0.0,5.5,14.5,46.0,8.0,11.0,0.0,0.0,4.0,32.5,42.0,0,0,0,0,0,0,0,0,0,1,0,0,0,0,0,0,0,0,0
2019-12-03,0.0,0.0,0.0,1.0,9.5,0.5,1.0,0.0,0.0,26.0,0.0,0.0,0.0,0.0,0.0,0.0,0.0,0.0,0.5,0,0,0,0,0,0,0,0,0,1,0,0,0,0,1,0,0,0,0
2019-12-04,0.0,0.0,0.0,0.0,0.0,0.0,0.0,0.0,0.0,5.5,0.0,0.0,0.0,0.0,0.0,0.0,0.0,0.0,0.0,0,0,0,0,0,0,0,0,0,1,0,0,0,0,1,0,0,0,0
2019-12-05,0.0,0.0,0.0,0.0,0.0,0.0,0.0,0.0,0.0,5.5,0.0,0.0,0.0,0.0,0.0,0.0,0.0,0.0,0.0,0,0,0,0,0,0,0,0,0,1,0,0,0,0,1,0,0,0,0
2019-12-06,0.0,0.0,0.0,0.0,0.0,0.5,22.5,24.5,22.5,5.5,0.0,17.0,4.5,3.5,0.0,29.5,51.5,37.5,0.0,0,0,0,0,0,0,0,0,0,1,0,0,0,0,1,0,0,0,0
2019-12-07,3.0,15.0,7.5,6.5,21.5,0.5,22.5,1.0,2.5,5.5,2.5,37.5,4.5,3.5,0.0,29.5,52.0,37.5,37.0,0,0,0,0,0,0,0,0,0,1,0,0,0,0,1,0,0,0,0
2019-12-08,3.5,15.5,7.5,6.5,22.0,0.0,0.5,0.0,0.5,5.5,3.0,39.0,1.0,0.5,5.5,0.5,2.0,0.5,37.5,0,0,0,0,0,0,0,0,0,1,0,0,0,0,0,0,0,0,0
2019-12-09,3.5,14.0,0.0,0.0,14.5,0.0,0.0,0.0,0.5,5.5,0.5,4.5,0.0,0.0,5.5,0.0,0.0,0.0,4.0,0,0,0,0,0,0,0,0,0,1,0,0,0,0,0,0,0,0,0
2019-12-10,1.0,14.0,0.5,0.0,14.5,0.0,0.0,0.0,0.0,14.0,0.5,0.0,0.0,0.0,0.0,0.0,0.0,1.0,0.0,0,0,0,0,0,0,0,0,0,1,0,0,0,0,0,0,0,0,0
2019-12-11,3.0,5.0,1.0,0.5,5.0,6.5,0.5,0.0,0.0,14.5,1.5,27.5,7.0,0.0,0.0,1.0,1.5,1.5,2.5,0,0,0,0,0,0,0,0,0,1,0,0,0,0,0,0,0,0,0
2019-12-12,3.0,5.0,0.5,0.0,5.0,6.5,0.5,0.0,11.0,34.0,1.5,27.5,7.0,0.5,0.0,1.0,2.0,0.0,2.5,0,0,0,0,0,0,0,0,0,1,0,0,0,0,0,0,0,0,0
2019-12-13,2.0,0.0,0.0,0.0,0.0,0.0,0.0,0.0,0.0,9.0,0.0,2.0,0.0,0.5,0.0,0.0,2.0,0.0,0.0,0,0,0,0,0,0,0,0,0,1,0,0,0,0,0,0,0,0,0
2019-12-14,57.5,16.0,21.0,25.5,17.0,20.5,16.5,17.5,15.0,5.5,15.5,15.0,16.5,16.0,11.0,18.0,13.5,21.0,14.0,0,0,0,0,0,0,0,0,0,1,0,0,0,0,0,0,0,0,0
2019-12-15,57.5,20.5,21.0,18.0,21.5,14.5,16.5,66.5,44.0,1.0,18.0,21.5,54.0,11.5,31.5,58.5,62.5,61.5,33.0,0,0,0,0,0,0,0,0,0,1,0,0,0,0,0,0,0,0,0
2019-12-16,0.0,20.5,12.0,18.0,21.5,2.0,14.5,1.0,44.0,7.0,18.0,21.5,1.5,11.5,31.5,1.0,62.5,61.5,2.0,0,0,0,0,0,0,0,0,0,1,0,0,0,0,0,0,0,0,0
2019-12-17,19.5,3.5,5.5,4.0,3.0,4.0,49.0,25.0,24.5,10.0,1.5,7.5,16.5,34.0,5.0,19.0,35.5,6.0,2.0,0,0,0,0,0,0,0,0,0,1,0,0,0,0,0,0,0,0,0
2019-12-18,19.5,4.5,5.5,5.0,3.0,4.0,49.0,0.5,2.0,10.0,5.5,7.5,16.5,34.0,1.0,0.5,35.5,0.5,4.0,0,0,0,0,0,0,0,0,0,1,0,0,0,0,0,0,0,0,0
2019-12-19,11.0,0.5,4.5,5.0,2.5,0.0,0.5,0.0,0.0,6.0,5.5,17.5,2.5,0.5,16.0,0.5,5.5,0.0,19.0,0,0,0,0,0,0,0,0,0,1,0,0,0,0,0,0,0,0,0
2019-12-20,6.5,2.0,0.5,1.5,2.5,0.0,1.5,2.0,2.0,3.0,0.5,17.5,1.0,0.5,16.0,0.5,8.0,0.5,19.0,0,0,0,0,0,0,0,0,0,1,0,0,0,0,0,0,0,0,0
2019-12-21,6.5,0.0,0.0,1.5,2.5,0.0,1.5,0.0,0.0,4.0,6.5,21.0,1.0,0.5,0.5,0.0,8.0,0.5,2.5,0,0,0,0,0,0,0,0,0,1,0,0,0,0,0,0,0,0,0
2019-12-22,0.0,0.0,0.0,13.5,0.0,0.0,4.0,58.5,37.0,29.5,6.5,21.0,52.5,0.0,27.5,47.5,47.0,0.0,2.5,0,0,0,0,0,0,0,0,0,1,0,0,0,0,0,0,0,0,0
2019-12-23,3.5,52.5,52.0,98.0,43.0,82.5,114.0,72.5,13.0,21.0,136.5,100.0,52.5,54.5,27.5,61.0,47.0,124.5,59.5,0,0,0,0,0,0,0,0,0,1,0,0,0,0,1,0,0,0,0
2019-12-24,25.5,52.5,53.5,98.0,43.0,82.5,114.0,2.0,0.0,0.5,139.0,100.5,40.5,54.5,27.5,61.5,18.5,128.5,1.5,0,0,0,0,0,0,0,0,0,1,0,0,0,0,1,0,0,0,0
2019-12-25,25.5,3.5,5.5,11.5,1.5,3.5,2.5,5.5,0.0,7.0,4.0,12.5,0.0,0.5,27.5,10.0,0.0,14.0,20.5,0,0,0,0,0,0,0,0,0,1,0,0,0,0,1,0,0,0,0
2019-12-26,0.0,11.5,51.0,11.5,10.0,49.5,9.5,11.5,2.0,16.5,19.0,22.5,19.5,19.5,27.5,20.5,7.5,38.0,43.5,0,0,0,0,0,0,0,0,0,1,0,0,0,0,1,0,0,0,0
2019-12-27,0.0,0.0,0.0,4.0,10.0,49.5,9.5,0.0,0.0,16.5,0.0,22.5,0.5,19.5,0.0,0.0,7.5,38.0,43.5,0,0,0,0,0,0,0,0,0,1,0,0,0,0,0,0,0,0,0
2019-12-28,0.0,0.0,0.0,0.0,0.0,0.0,0.0,0.0,0.0,0.5,0.0,0.0,0.5,0.5,0.0,0.0,0.5,0.0,0.5,0,0,0,0,0,0,0,0,0,1,0,0,0,0,1,0,0,0,0
2019-12-29,0.0,0.0,0.0,0.0,0.0,0.0,0.0,0.0,0.0,2.0,0.0,0.0,0.0,0.5,0.0,0.0,0.5,0.0,0.0,0,0,0,0,0,0,0,1,0,1,0,0,0,0,0,0,0,0,0
2019-12-30,0.0,0.0,0.0,0.0,0.0,0.0,0.0,0.0,0.0,3.0,0.0,0.0,0.0,0.0,0.0,0.0,0.0,0.0,0.0,0,0,0,0,0,0,0,1,0,1,0,0,0,0,1,0,0,0,0
2019-12-31,0.5,0.0,0.0,0.0,0.0,0.0,0.0,0.0,0.0,18.25,0.0,0.0,0.0,0.0,0.0,0.0,0.0,0.0,0.0,0,0,0,0,0,0,0,1,0,1,0,0,0,0,1,0,0,0,0
2020-01-01,0.5,0.0,0.0,0.0,0.0,0.0,0.0,0.0,0.0,0.0,0.0,0.0,0.0,0.0,0.0,0.0,0.0,0.0,0.0,0,0,0,0,0,0,0,1,0,1,0,0,0,0,0,0,0,0,0
2020-01-02,3.5,0.5,2.0,2.5,0.0,0.0,0.0,0.0,0.5,0.0,8.0,2.0,1.0,0.0,3.0,0.5,0.5,0.0,16.0,0,0,0,0,0,0,0,1,0,1,0,0,0,0,0,0,0,0,0
2020-01-03,4.0,0.0,2.0,0.5,0.0,0.0,0.5,0.0,0.0,0.25,0.0,2.0,1.0,0.0,3.0,0.0,0.0,0.0,16.0,0,0,0,0,0,0,0,1,0,1,0,0,0,0,1,0,0,0,0
2020-01-04,1.0,0.0,0.5,0.5,0.0,0.0,0.5,0.0,0.0,8.25,0.0,1.5,0.0,0.0,3.0,0.0,0.0,0.0,0.0,0,0,0,0,0,0,0,1,0,1,0,0,0,0,1,0,0,0,0
2020-01-05,0.5,0.0,0.0,0.5,0.0,0.0,0.0,4.5,0.0,14.5,0.0,0.5,0.0,0.0,0.0,0.0,0.0,0.0,0.0,0,0,0,0,0,0,0,1,0,1,0,0,0,0,0,0,0,0,0
2020-01-06,2.0,0.0,0.0,0.0,0.5,0.0,2.0,0.0,1.5,2.25,0.0,0.0,0.0,0.5,1.0,0.0,0.5,0.0,3.5,0,0,0,0,0,0,0,1,0,1,0,0,0,0,0,0,0,0,0
2020-01-07,2.0,0.0,0.0,0.0,0.5,3.0,0.5,0.0,0.0,40.0,0.0,8.0,0.0,3.0,1.0,0.0,0.5,0.0,3.5,0,0,0,0,0,0,0,1,0,1,0,0,0,0,1,0,0,0,0
2020-01-08,6.0,4.0,4.5,0.5,1.5,3.0,5.5,0.0,15.0,5.5,0.0,1.0,15.0,10.0,1.0,3.0,24.5,6.0,0.0,0,0,0,0,0,0,0,1,0,1,0,0,0,0,1,0,0,0,0
2020-01-09,6.0,4.0,4.5,0.0,1.5,2.5,5.5,0.0,0.5,2.5,0.0,0.0,15.0,0.0,0.5,0.0,24.5,6.0,0.0,0,0,0,0,0,0,0,1,0,1,0,0,0,0,0,0,0,0,0
2020-01-10,2.0,0.0,0.0,0.0,0.0,0.0,0.0,0.0,7.0,13.0,0.0,11.5,0.5,0.0,36.0,0.0,12.5,0.0,4.5,0,0,0,0,0,0,0,1,0,1,0,0,0,0,0,0,0,0,0
2020-01-11,2.0,0.0,0.0,0.0,0.0,0.0,0.0,0.0,0.0,13.25,0.0,11.5,0.0,0.0,36.0,0.0,12.5,0.0,4.5,0,0,0,0,0,0,0,1,0,1,0,0,0,0,1,0,0,0,0
2020-01-12,0.5,0.0,0.0,0.0,0.0,5.5,1.0,0.0,8.0,3.0,61.0,0.0,0.5,1.5,36.0,0.0,2.0,0.0,1.5,0,0,0,0,0,0,0,1,0,1,0,0,0,0,1,0,0,0,0
2020-01-13,0.5,1.0,0.0,8.5,2.0,0.0,1.0,0.0,0.0,0.0,61.0,1.5,0.5,1.5,36.0,0.0,0.0,0.0,9.0,0,0,0,0,0,0,0,0,0,1,0,0,0,0,1,0,0,0,0
2020-01-14,0.5,1.0,0.0,8.5,2.0,0.0,0.0,0.0,0.0,0.0,0.0,1.5,0.5,0.0,36.0,0.0,0.0,0.0,9.0,0,0,0,0,0,0,0,0,0,1,0,0,0,0,1,0,0,0,0
2020-01-15,0.5,0.0,0.0,0.0,0.0,0.0,0.0,0.0,3.0,21.0,0.0,0.0,0.0,0.0,0.0,0.0,19.0,0.0,0.5,0,0,0,0,0,0,0,1,0,1,0,0,0,0,0,0,0,0,0
2020-01-16,0.0,0.0,3.0,6.0,0.0,0.0,2.0,5.0,21.5,16.25,17.5,4.5,67.0,2.5,0.0,41.0,32.0,24.0,4.0,0,0,0,0,0,0,0,0,0,1,0,0,0,0,1,0,0,0,0
2020-01-17,0.0,0.0,3.0,0.0,0.0,0.0,2.0,5.0,21.5,2.75,17.5,4.5,67.0,2.5,0.0,0.0,32.0,0.0,4.0,0,0,0,0,0,0,0,0,0,1,0,0,0,0,1,0,0,0,0
2020-01-18,3.5,3.0,10.0,21.5,2.5,0.5,2.5,1.0,21.5,2.75,32.5,12.0,29.0,6.5,3.0,0.5,19.0,2.0,10.0,0,0,0,0,0,0,0,0,0,1,0,0,0,0,0,0,0,0,0
2020-01-19,8.5,3.0,10.0,21.5,2.5,34.0,30.5,30.0,17.5,12.0,32.5,3.0,29.0,27.5,8.0,18.5,19.0,14.0,10.0,0,0,0,0,0,0,0,0,0,1,0,0,0,0,0,0,0,0,0
2020-01-20,8.5,1.0,3.0,4.0,0.5,34.0,0.0,0.0,0.0,7.75,0.5,3.0,15.5,27.5,0.0,18.5,16.5,14.0,4.0,0,0,0,0,0,0,0,0,0,1,0,0,0,0,0,0,0,0,0
2020-01-21,0.5,0.5,1.0,4.0,0.5,0.5,0.0,0.0,0.0,0.0,0.0,0.0,0.0,0.0,0.0,0.0,0.0,0.0,0.0,0,0,0,0,0,0,0,0,0,1,0,0,0,0,0,0,0,0,0
2020-01-22,0.5,0.5,0.0,0.0,0.0,0.0,0.0,0.0,0.0,1.0,0.0,0.0,0.0,0.0,0.0,0.0,0.0,0.0,0.0,0,1,0,0,0,0,0,0,0,1,0,0,0,0,1,0,0,0,0
2020-01-23,0.5,0.5,0.0,0.0,0.0,0.0,0.0,0.0,3.5,4.75,0.0,0.5,0.0,0.0,0.0,0.0,6.5,0.0,0.0,0,1,0,0,0,0,0,0,0,1,0,0,0,0,1,0,0,0,0
2020-01-24,0.5,0.5,0.0,0.0,0.0,0.0,0.0,0.0,0.0,19.75,0.0,0.5,0.0,0.0,14.5,0.0,6.5,0.0,0.0,0,1,0,0,0,0,0,0,0,1,0,0,0,0,0,0,0,0,0
2020-01-25,0.0,0.5,0.0,0.0,0.0,0.0,0.0,0.0,0.0,17.5,0.0,0.0,0.0,5.0,0.0,0.0,0.0,0.0,0.0,0,1,0,0,0,0,0,1,0,1,0,0,0,0,0,0,0,0,0
2020-01-26,4.0,0.5,4.0,0.0,0.0,0.0,0.0,0.0,0.0,2.25,0.0,0.0,0.0,0.0,0.0,0.0,0.0,7.0,0.0,0,1,0,0,0,0,0,1,0,1,0,0,0,0,1,0,0,0,0
2020-01-27,4.0,0.5,4.0,0.0,0.0,7.5,0.0,0.0,0.0,4.25,0.0,0.0,2.0,0.0,0.0,1.0,0.0,60.0,0.0,0,1,0,0,0,0,0,1,0,1,0,0,0,0,1,0,0,0,0
2020-01-28,37.5,0.5,11.5,116.5,15.5,17.5,3.0,0.0,31.5,4.25,19.5,0.5,57.0,1.5,2.0,75.5,57.5,32.0,5.5,0,1,0,0,0,0,0,1,0,1,0,0,0,0,0,0,0,0,0
2020-01-29,81.0,0.0,54.5,116.5,78.0,70.5,84.0,0.0,70.0,1.5,55.5,103.5,45.5,48.0,2.0,60.5,63.5,65.5,62.0,0,1,0,0,0,0,0,1,0,1,0,0,0,0,0,0,0,0,0
2020-01-30,17.0,0.0,54.5,0.0,78.0,70.5,0.0,0.0,0.0,0.0,0.0,5.0,45.5,0.0,0.5,0.0,0.0,0.5,12.0,0,1,0,0,0,0,0,1,0,1,0,0,0,0,0,0,0,0,0
2020-01-31,18.5,0.0,1.5,0.0,0.0,4.5,0.0,0.0,23.0,0.0,0.5,22.5,19.0,0.0,0.0,3.0,35.5,0.0,8.5,0,1,0,0,0,0,0,1,0,1,0,0,0,0,0,0,0,0,0
2020-02-01,0.5,0.0,1.5,0.0,0.0,0.0,0.0,0.0,0.0,2.5,0.0,0.0,0.0,0.0,0.0,0.0,35.5,0.0,0.0,0,1,0,0,0,0,0,1,0,1,0,0,0,0,1,0,0,0,0
2020-02-02,0.5,0.0,0.0,0.0,0.0,0.0,0.0,0.0,0.0,3.75,0.0,0.0,75.0,0.0,0.0,0.0,0.0,0.0,0.0,0,1,0,0,0,0,0,1,0,1,0,0,0,0,1,1,0,0,0
2020-02-03,0.0,0.0,0.0,0.0,0.0,0.5,0.0,0.0,0.0,0.75,0.0,0.0,75.0,0.0,0.0,0.0,0.0,0.0,0.0,0,1,0,0,0,0,0,0,0,1,0,0,0,0,1,1,0,0,0
2020-02-04,0.0,0.0,0.0,0.0,0.0,0.0,0.0,0.0,6.0,1.0,0.5,1.5,3.5,0.0,0.0,0.0,10.5,0.5,5.0,0,0,0,0,0,0,0,0,0,1,0,0,0,0,0,1,0,0,0
2020-02-05,0.0,0.0,0.0,0.0,0.0,0.0,0.0,0.0,0.0,24.25,0.0,16.0,0.0,0.0,0.0,0.0,10.5,0.5,5.0,0,0,0,0,0,0,0,1,0,1,0,0,0,0,1,1,0,0,0
2020-02-06,0.0,0.0,3.0,1.5,0.5,5.5,19.5,0.0,60.5,25.5,4.0,16.0,31.5,32.5,0.0,0.0,39.5,16.0,0.0,0,0,0,0,0,0,0,1,0,1,0,0,0,0,1,1,0,0,0
2020-02-07,0.0,0.0,3.0,0.0,0.5,0.5,19.5,0.0,0.0,16.5,4.0,2.5,31.5,32.5,0.0,0.0,39.5,16.0,0.5,0,0,0,0,0,0,0,1,0,1,0,0,0,0,1,1,0,0,0
2020-02-08,0.0,0.0,0.0,0.0,0.0,0.5,0.5,0.0,0.5,27.0,0.0,2.5,0.5,0.0,0.0,0.0,0.0,0.0,0.5,0,0,0,0,0,0,0,1,0,1,0,0,0,0,1,1,0,0,0
2020-02-09,1.5,0.0,1.0,0.0,0.0,0.0,5.5,0.0,11.0,4.0,5.0,40.5,0.5,8.0,0.0,0.0,9.5,1.0,7.5,0,0,0,0,0,0,0,1,0,1,0,0,0,0,0,1,0,0,0
2020-02-10,2.0,3.5,7.0,13.0,3.5,2.5,5.5,0.0,7.5,0.5,14.5,41.0,7.0,8.0,0.0,1.5,9.5,5.5,11.5,0,0,0,0,0,0,0,1,0,1,0,0,0,0,0,1,0,0,0
2020-02-11,1.5,0.0,0.0,0.0,3.5,2.5,2.5,0.0,0.0,9.25,14.5,9.5,7.0,1.0,0.0,0.0,7.0,0.0,11.5,0,0,0,0,0,0,0,1,0,1,0,0,0,0,0,1,0,0,0
2020-02-12,1.5,0.0,0.0,1.0,0.5,1.0,0.0,0.5,0.0,19.75,0.0,0.0,0.0,0.0,0.0,0.0,0.5,0.0,0.0,0,0,0,0,0,0,0,1,0,1,0,0,0,0,0,1,0,0,0
2020-02-13,1.5,0.0,0.0,1.0,0.5,42.0,24.5,0.0,1.5,20.5,1.5,2.5,12.5,10.0,0.0,0.0,0.5,2.5,0.5,0,0,0,0,0,0,0,1,0,1,0,0,0,0,0,1,0,0,0
2020-02-14,8.5,45.5,0.0,1.0,41.0,15.5,31.0,0.0,61.0,15.25,29.0,122.5,53.5,44.5,0.0,0.0,34.5,17.5,43.5,0,0,0,0,0,0,0,1,0,1,0,0,0,0,0,1,0,0,0
2020-02-15,10.0,45.5,0.5,1.0,41.0,1.0,31.0,0.25,12.5,9.5,29.0,122.5,53.5,1.5,0.0,0.0,34.5,13.5,43.5,0,0,0,0,0,0,0,1,0,1,0,0,0,0,0,1,0,0,0
2020-02-16,5.0,6.5,0.5,0.0,15.5,1.0,1.5,0.0,11.5,12.75,42.5,55.5,3.5,0.0,0.0,0.0,11.5,13.5,16.0,0,0,0,0,0,0,0,1,0,1,0,0,0,0,0,1,0,0,0
2020-02-17,0.0,0.0,0.0,0.0,3.5,0.0,0.0,0.0,0.0,0.25,0.0,55.5,0.0,0.0,0.0,3.0,11.5,0.0,0.0,0,0,0,0,0,0,0,1,0,1,0,0,0,0,1,1,0,0,0
2020-02-18,6.5,3.5,5.0,9.0,3.0,14.5,13.5,1.25,10.5,2.0,4.5,6.0,10.0,11.5,0.0,0.0,7.5,6.5,2.5,0,0,0,0,0,0,0,1,0,1,0,0,0,0,1,1,0,0,0
2020-02-19,6.5,3.5,5.0,0.0,3.0,14.5,13.5,5.0,0.0,5.5,4.5,6.0,10.0,11.5,0.0,0.0,7.5,6.5,2.5,0,0,0,0,0,0,0,1,0,1,0,0,0,0,1,1,0,0,0
2020-02-20,2.0,0.0,0.0,0.0,0.0,0.0,0.0,0.5,0.0,6.25,0.5,0.5,0.0,0.0,0.0,0.0,0.5,0.0,0.0,0,0,0,0,0,0,0,1,0,1,0,0,0,0,0,1,0,0,0
2020-02-21,1.0,0.0,0.0,0.0,0.0,0.5,2.5,0.75,0.0,5.25,0.0,0.0,0.0,0.0,0.0,0.0,0.0,0.0,0.0,0,0,0,0,0,0,0,1,0,1,0,0,0,0,0,1,0,0,0
2020-02-22,2.0,0.0,0.0,0.0,0.0,0.5,2.5,1.25,0.0,4.0,0.0,0.0,0.0,0.0,0.0,0.0,0.0,0.0,0.0,0,0,0,0,0,0,0,1,0,1,0,0,0,0,0,1,0,0,0
2020-02-23,0.0,0.0,0.0,0.0,0.0,0.0,0.0,12.0,4.0,9.0,0.0,0.5,0.0,0.0,0.0,0.0,0.0,0.0,0.0,0,0,0,0,0,0,0,1,0,1,0,0,0,0,0,1,0,0,0
2020-02-24,0.0,0.0,0.0,0.0,0.0,0.0,9.0,10.75,0.5,25.75,0.0,0.5,6.0,7.0,0.0,18.0,4.0,0.0,0.0,0,0,0,0,0,0,0,1,0,1,0,0,0,0,0,1,0,0,0
2020-02-25,0.0,0.0,0.0,0.0,0.0,0.0,9.0,7.5,0.0,10.5,0.0,2.5,6.0,7.0,0.0,18.0,4.0,0.0,0.0,0,0,0,0,0,0,0,1,0,1,0,0,0,0,0,1,0,0,0
2020-02-26,0.0,0.0,0.0,0.0,0.0,0.0,0.0,0.75,0.0,0.0,0.0,2.5,0.0,0.0,0.0,0.0,0.0,0.0,0.0,0,0,0,0,0,0,0,1,0,1,0,0,0,0,0,1,0,0,0
2020-02-27,0.0,0.0,0.0,0.0,0.0,0.0,0.0,1.5,0.0,1.25,0.0,0.0,0.0,0.0,0.0,0.0,0.0,0.0,0.0,0,0,0,0,0,0,0,1,0,1,0,0,0,0,0,1,0,0,0
2020-02-28,0.0,0.0,0.0,0.0,0.0,0.0,0.0,0.75,0.0,3.25,0.0,0.0,0.0,0.0,0.0,0.0,0.0,0.0,0.0,0,0,0,0,0,0,0,1,0,1,0,0,0,0,0,1,0,0,0
2020-02-29,0.0,0.0,0.0,0.0,0.0,37.0,4.0,1.0,0.0,3.0,0.0,0.0,2.5,0.0,0.0,2.0,0.0,2.5,0.0,0,0,0,0,0,0,0,1,0,1,0,0,0,0,0,1,0,0,0
2020-03-01,0.0,0.0,0.0,0.0,0.0,37.0,0.0,3.0,0.0,3.5,0.0,0.0,2.5,0.0,0.0,9.0,0.0,0.0,0.0,0,0,0,0,0,0,0,1,0,1,0,0,0,0,1,1,0,0,0
2020-03-02,0.0,0.0,0.0,0.0,0.0,9.0,35.0,3.25,2.0,14.0,0.0,0.0,12.5,19.0,0.0,8.75,8.0,0.0,3.5,0,0,0,0,0,0,0,1,0,1,0,0,0,0,1,1,0,0,0
2020-03-03,0.0,0.0,0.0,0.0,0.0,29.0,35.0,7.5,1.0,24.25,22.5,4.5,17.5,19.0,0.0,3.5,14.0,18.0,14.0,0,0,0,0,0,0,0,1,0,1,0,0,0,0,1,1,0,0,0
2020-03-04,0.0,9.0,31.0,26.0,11.5,38.0,8.5,1.0,40.0,2.75,22.5,4.5,26.5,15.5,0.0,1.0,20.5,32.0,14.0,0,0,0,0,0,0,0,1,0,1,0,0,0,0,1,1,0,0,0
2020-03-05,2.5,42.0,38.0,111.0,38.5,73.0,52.0,3.5,6.5,11.5,38.0,75.0,8.0,15.0,0.0,5.75,20.5,32.0,40.5,0,0,0,0,0,0,0,1,0,1,0,0,0,0,0,1,0,0,0
2020-03-06,7.5,60.5,38.5,113.5,48.0,1.0,52.0,7.5,16.5,2.0,47.0,75.0,41.5,15.0,0.0,15.75,7.0,32.0,40.5,0,0,0,0,0,0,0,1,0,1,0,0,0,0,0,1,0,0,0
2020-03-07,31.0,60.5,0.0,113.5,48.0,1.0,5.5,4.5,39.0,2.25,47.0,6.5,12.5,14.5,0.0,7.5,59.5,27.0,30.5,0,0,0,0,0,0,0,1,0,1,0,0,0,0,0,1,0,0,0
2020-03-08,5.0,0.5,0.0,0.0,6.5,0.0,5.5,0.0,5.5,9.75,3.5,3.5,12.5,14.5,0.0,0.0,59.5,0.5,0.0,0,0,0,0,0,0,0,1,0,1,0,0,0,0,1,1,0,0,0
2020-03-09,1.5,0.0,0.0,0.0,1.5,14.5,1.5,1.0,0.0,1.0,0.0,0.0,0.0,10.0,0.0,1.5,20.0,0.5,0.0,0,0,0,0,0,0,0,1,0,1,0,0,0,0,0,1,0,0,0
2020-03-10,1.5,0.5,10.0,2.0,0.0,14.5,0.0,0.5,4.5,0.25,0.0,0.0,1.5,2.0,0.0,11.5,5.0,4.5,0.0,0,0,0,0,0,0,0,1,0,1,0,0,0,0,1,1,0,0,0
2020-03-11,0.0,0.5,10.0,2.0,0.0,8.5,26.0,6.0,1.5,5.75,0.0,0.0,3.5,42.0,0.0,11.5,8.0,7.5,0.0,0,0,0,0,0,0,0,1,0,1,0,0,0,0,1,1,0,0,0
2020-03-12,0.5,2.0,0.0,0.0,0.5,0.0,26.0,5.5,0.0,4.5,0.0,0.5,3.5,42.0,0.0,3.75,8.0,7.5,0.0,0,0,0,0,0,0,0,1,0,1,0,0,0,0,1,1,0,0,0
2020-03-13,0.5,0.0,0.0,0.0,0.5,0.0,0.0,8.0,0.0,4.5,0.0,1.0,0.0,0.0,0.0,2.5,0.0,0.0,0.0,0,0,0,0,0,0,0,1,0,1,0,0,0,0,1,1,0,0,0
2020-03-14,0.0,0.0,0.0,0.0,0.0,0.0,0.0,2.5,0.0,4.0,0.0,2.0,0.0,0.0,0.0,0.0,0.0,0.0,0.0,0,0,0,0,0,0,0,1,0,1,0,0,0,0,0,1,0,0,0
2020-03-15,4.0,0.5,0.5,2.0,0.0,1.5,1.0,1.0,0.0,0.75,2.5,7.5,0.5,5.0,0.0,0.0,0.0,0.0,0.5,0,0,0,0,0,0,0,1,0,1,0,0,0,0,0,1,0,0,0
2020-03-16,4.0,0.5,0.5,2.0,0.0,1.5,1.0,0.0,0.0,0.5,2.5,7.5,0.5,5.0,0.0,4.75,0.0,0.0,0.5,0,0,0,0,0,0,0,1,0,1,0,0,0,0,1,1,0,0,0
2020-03-17,0.5,0.0,0.0,0.0,6.0,0.0,0.0,0.0,2.0,0.25,44.0,2.0,5.5,0.0,0.0,4.75,0.0,0.0,4.5,0,0,0,0,0,0,0,1,0,1,0,0,0,0,1,1,0,0,0
2020-03-18,0.5,9.0,0.0,0.0,8.0,0.0,12.5,0.0,51.0,0.25,44.0,2.0,65.5,13.5,0.0,0.25,58.0,0.0,5.0,0,0,0,0,0,0,0,1,0,1,0,0,0,0,0,1,0,0,0
2020-03-19,7.0,0.0,0.0,0.0,8.0,26.5,17.0,1.5,0.0,0.5,0.0,1.0,65.5,13.5,0.0,0.25,58.0,0.0,2.0,0,0,0,0,0,0,0,1,0,1,0,0,0,0,1,1,0,0,0
2020-03-20,7.0,0.0,0.0,0.0,0.0,26.5,17.0,2.5,0.0,0.5,0.0,0.0,0.0,8.5,0.0,2.0,0.0,0.0,0.0,0,0,0,0,0,0,0,1,0,1,0,0,0,0,0,1,0,0,0
2020-03-21,38.5,20.0,0.0,13.5,22.5,4.5,1.5,1.5,5.5,3.0,9.5,19.0,1.5,3.0,0.0,0.75,2.0,2.0,23.0,0,0,0,0,0,0,0,1,0,1,0,0,0,0,0,1,0,0,0
2020-03-22,38.5,20.0,1.5,13.5,22.5,7.5,1.5,1.0,0.5,2.0,9.5,19.0,1.5,3.0,0.0,0.25,2.5,3.0,23.0,0,0,0,0,0,0,0,1,0,1,0,0,0,0,0,1,0,0,0
2020-03-23,4.0,39.5,1.5,54.5,14.0,7.5,25.5,1.0,7.0,1.0,2.0,25.5,1.0,3.0,0.0,1.5,14.5,18.5,9.0,0,0,0,0,0,0,0,1,0,1,0,0,0,0,1,1,0,0,0
2020-03-24,3.5,39.5,0.5,54.5,14.0,0.0,25.5,4.5,5.5,1.5,6.5,25.5,14.5,4.0,0.0,29.5,14.5,0.0,21.0,0,0,0,0,0,0,0,1,0,1,0,0,0,0,0,1,0,0,0
2020-03-25,3.5,0.0,0.5,0.0,0.0,0.0,2.0,5.0,6.0,1.5,6.5,10.0,16.0,4.0,0.0,24.5,0.5,0.0,21.0,0,0,0,0,0,0,0,1,0,1,0,0,0,0,1,1,0,0,0
2020-03-26,1.5,0.0,0.0,0.0,0.0,0.0,0.5,4.5,0.0,3.0,0.0,10.0,16.0,0.0,0.0,13.5,0.0,0.0,2.0,0,0,0,0,0,0,0,1,0,1,0,0,0,0,1,1,0,0,0
2020-03-27,7.0,4.0,11.0,13.5,4.0,0.0,3.0,4.0,2.5,4.5,1.0,0.0,7.0,14.5,0.0,0.5,0.5,0.5,0.0,0,0,0,0,0,0,0,1,0,1,0,0,0,0,1,1,0,0,0
2020-03-28,7.0,4.0,0.0,13.5,4.0,0.0,3.0,4.0,0.0,6.5,1.0,1.0,7.0,14.5,0.0,24.5,0.5,0.5,3.0,0,0,0,0,0,0,0,1,0,1,0,0,0,0,1,1,0,0,0
2020-03-29,0.0,14.0,0.0,0.0,10.0,0.0,2.5,6.0,0.0,10.75,0.0,2.5,0.0,0.0,0.0,24.5,0.0,0.0,3.0,0,0,0,0,0,0,0,1,0,1,0,0,0,0,1,1,0,0,0
2020-03-30,0.5,14.0,0.5,0.0,10.0,0.0,0.0,6.5,0.0,7.0,3.0,2.5,0.5,0.0,0.0,8.0,0.0,0.0,6.5,0,0,0,0,0,0,0,1,0,1,0,0,0,0,1,1,0,0,0
2020-03-31,0.5,5.5,0.5,0.0,4.5,1.5,42.5,0.5,58.0,20.25,9.0,14.0,49.0,60.0,0.0,0.5,50.0,33.5,10.0,0,0,0,0,0,0,0,1,0,1,0,0,0,0,1,1,0,0,0
2020-04-01,0.0,5.5,0.0,0.0,4.5,1.5,42.5,6.0,3.0,18.75,0.0,14.0,49.0,60.0,0.0,0.5,0.0,33.5,10.0,0,0,0,0,0,0,0,1,0,1,0,0,0,0,0,1,0,0,0
2020-04-02,0.0,12.0,31.0,18.0,7.0,1.5,42.5,0.5,29.0,1.75,9.5,29.0,8.5,41.0,0.0,0.0,7.5,34.0,9.0,0,0,0,0,0,0,0,1,0,1,0,0,0,0,0,1,0,0,0
2020-04-03,5.5,12.0,31.0,8.5,7.0,1.5,0.0,2.0,15.0,1.5,52.5,29.0,9.5,2.0,0.0,1.5,8.0,6.0,2.5,0,0,0,0,0,0,0,1,0,1,0,0,0,0,1,1,0,0,0
2020-04-04,7.5,82.5,50.5,68.0,78.5,23.5,24.0,2.0,5.0,1.5,58.5,22.0,10.0,14.0,0.0,6.0,4.5,40.5,48.0,0,0,0,0,0,0,0,1,0,1,0,0,0,0,1,1,0,0,0
2020-04-05,50.0,82.5,50.5,10.5,3.5,11.5,47.0,0.5,6.0,1.0,58.5,0.5,37.0,24.5,0.0,1.0,11.5,52.5,1.0,0,0,0,0,0,0,0,1,0,1,0,0,0,0,1,1,0,0,0
2020-04-06,0.0,8.0,42.5,18.0,3.5,2.0,47.0,7.0,11.0,6.0,5.0,1.5,37.0,24.5,0.0,7.5,14.5,52.5,1.0,0,0,0,0,0,0,0,1,0,1,0,0,0,0,0,1,0,0,0
2020-04-07,10.0,5.0,82.5,38.0,7.0,12.0,55.0,1.5,4.5,1.25,34.5,62.5,33.0,46.0,0.0,7.5,26.5,91.5,9.0,0,0,0,0,0,0,0,1,0,1,0,0,0,0,0,1,0,0,0
2020-04-08,10.0,5.0,0.0,11.0,5.5,12.0,55.0,5.5,3.0,2.5,21.5,62.5,31.5,46.0,0.0,7.5,26.5,23.5,9.0,0,0,0,0,0,0,0,1,0,1,0,0,0,0,0,1,0,0,0
2020-04-09,1.0,0.0,0.0,0.0,0.0,1.5,19.5,6.0,0.0,1.25,21.5,0.0,5.5,0.0,0.0,11.5,3.0,0.0,0.0,0,0,0,0,0,0,0,1,0,1,0,0,0,0,0,1,0,0,0
2020-04-10,0.0,0.0,0.5,0.0,0.0,0.0,6.5,18.5,2.0,20.75,6.5,8.0,16.5,1.0,0.0,26.5,5.5,16.0,0.0,0,0,0,0,0,0,0,1,0,1,0,0,0,0,0,1,0,0,0
2020-04-11,0.0,0.0,0.5,0.0,0.0,0.0,6.5,18.5,0.0,25.5,0.5,8.0,16.5,1.0,0.0,9.0,5.5,0.0,0.0,0,0,0,0,0,0,0,1,0,1,0,0,0,0,0,1,0,0,0
2020-04-12,0.0,0.0,0.0,0.0,0.0,1.5,11.5,1.0,0.0,7.0,0.0,0.0,0.5,10.0,0.0,11.5,0.0,0.0,1.5,0,0,0,0,0,0,0,1,0,1,0,0,0,0,0,1,0,0,0
2020-04-13,0.5,0.0,0.0,7.5,0.0,16.0,6.5,3.0,1.5,1.25,21.0,9.5,5.5,2.0,0.0,3.5,2.5,4.5,4.5,0,0,0,0,0,0,0,1,0,1,0,0,0,0,0,1,0,0,0
2020-04-14,0.5,0.0,0.0,0.0,0.0,16.0,6.5,5.5,0.0,4.5,0.0,9.5,5.5,0.0,0.0,3.5,2.5,4.5,4.5,0,0,0,0,0,0,0,1,0,1,0,0,0,0,0,1,0,0,0
2020-04-15,0.0,0.0,0.0,0.0,0.0,22.5,2.0,9.5,8.0,4.25,0.0,0.0,0.0,0.0,0.0,6.5,8.5,2.0,0.0,0,0,0,0,0,0,0,1,0,1,0,0,0,0,0,1,0,0,0
2020-04-16,0.5,0.0,0.0,0.0,0.0,22.5,2.0,5.0,36.0,1.5,10.5,49.0,5.0,0.0,0.0,2.5,30.5,2.0,66.0,0,0,0,0,0,0,0,1,0,1,0,0,0,0,0,1,0,0,0
2020-04-17,0.0,0.0,0.0,0.0,0.0,35.0,5.5,4.5,0.5,2.5,10.5,0.0,2.0,1.5,0.0,2.5,30.5,4.0,0.0,0,0,0,0,0,0,0,1,0,1,0,0,0,0,1,1,0,0,0
2020-04-18,0.0,2.0,29.5,2.0,2.0,62.5,37.0,3.0,51.5,2.5,3.0,10.0,74.5,16.0,0.0,10.0,56.0,45.0,14.5,0,0,0,0,0,0,0,1,0,1,0,0,0,0,0,1,0,0,0
2020-04-19,0.0,2.0,0.0,2.0,2.0,62.5,37.0,12.5,8.5,1.75,3.0,0.5,0.5,16.0,0.0,10.0,56.0,45.0,14.5,0,0,0,0,0,0,0,1,0,1,0,0,0,0,0,1,0,0,0
2020-04-20,6.5,0.0,0.0,0.0,0.0,0.0,0.0,14.5,0.5,7.5,0.0,0.5,0.5,0.0,0.0,13.5,12.0,0.0,11.5,0,0,0,0,0,0,0,1,0,1,0,0,0,0,0,1,0,0,0
2020-04-21,6.5,0.0,15.0,16.0,0.0,0.0,0.0,23.0,4.5,4.75,6.5,5.5,8.0,0.0,0.0,17.0,0.0,0.0,11.5,0,0,0,0,0,0,0,1,0,1,0,0,0,0,0,1,0,0,0
2020-04-22,33.5,45.0,34.5,45.0,47.5,25.0,73.5,24.0,60.5,18.75,35.0,29.5,36.0,70.5,0.0,11.5,62.0,33.5,24.5,0,0,0,0,0,0,0,1,0,1,0,0,0,0,0,1,0,0,0
2020-04-23,58.0,45.0,64.5,45.0,47.5,64.0,73.5,25.0,21.5,21.5,35.0,30.0,36.5,70.5,0.0,12.0,62.0,81.5,29.0,0,0,0,0,0,0,0,1,0,1,0,0,0,0,0,1,0,0,0
2020-04-24,58.0,24.5,64.5,28.0,28.0,64.0,58.5,28.5,12.0,13.0,22.0,15.0,36.5,8.5,0.0,14.0,28.0,81.5,29.0,0,0,0,0,0,0,0,1,0,1,0,0,0,0,0,1,0,0,0
2020-04-25,6.5,90.5,101.5,100.5,90.5,71.5,55.0,8.5,29.5,3.25,58.5,50.0,32.5,66.5,0.0,0.5,41.5,53.5,60.5,0,0,0,0,0,0,0,1,0,1,0,0,0,0,0,1,0,0,0
2020-04-26,56.5,90.5,101.5,84.0,90.5,71.5,64.0,7.0,42.5,4.75,58.5,97.5,63.5,72.0,0.0,13.5,41.5,46.5,66.5,0,0,0,0,0,0,0,1,0,1,0,0,0,0,1,1,0,0,0
2020-04-27,56.5,72.5,19.0,84.0,64.5,109.5,65.0,11.5,6.0,6.0,48.5,97.5,64.5,72.5,0.0,13.5,35.0,47.0,66.5,0,0,0,0,0,0,0,1,0,1,0,0,0,0,1,1,0,0,0
2020-04-28,14.5,4.0,4.0,4.0,4.5,109.5,35.5,1.0,11.5,5.5,12.0,7.0,19.5,40.5,0.0,11.0,11.0,12.5,66.5,0,0,0,0,0,0,0,1,0,1,0,0,0,0,1,1,0,0,1
2020-04-29,4.5,13.0,41.0,16.0,16.5,81.0,75.5,2.5,13.0,2.5,9.0,9.0,25.5,123.0,0.0,11.0,14.0,54.5,66.5,0,0,0,0,0,0,0,1,0,1,0,0,0,0,1,1,0,0,1
2020-04-30,18.5,15.5,21.0,8.0,17.0,4.5,6.0,14.0,3.5,1.0,5.5,15.0,9.5,2.5,0.0,15.0,2.0,4.5,66.5,0,0,0,0,0,0,0,1,0,1,0,0,0,0,0,1,0,0,1
2020-05-01,19.0,15.5,21.0,8.0,17.0,5.0,6.0,7.0,0.0,8.75,5.5,15.0,9.5,2.5,0.0,6.0,2.0,4.5,66.5,0,0,0,0,0,0,0,1,0,1,0,0,0,0,1,1,0,0,1
2020-05-02,10.5,0.0,0.0,0.5,0.5,0.0,0.0,2.0,0.0,1.25,0.0,0.5,1.5,0.0,0.0,6.0,0.5,0.0,66.5,0,0,0,0,0,0,0,1,0,1,0,0,0,0,1,1,0,0,1
2020-05-03,20.0,8.5,27.5,1.0,11.5,26.5,31.5,1.0,0.0,5.5,0.0,0.0,0.0,25.0,0.0,6.0,0.0,0.5,66.5,0,0,0,0,0,0,0,1,0,1,0,0,0,0,0,1,0,0,1
2020-05-04,74.0,19.5,27.5,5.0,14.5,26.5,31.5,2.5,0.0,5.5,0.0,0.0,1.0,25.0,0.0,0.5,0.0,12.0,66.5,0,0,0,0,0,0,0,1,0,1,0,0,0,0,1,1,0,0,1
2020-05-05,74.0,0.0,0.5,5.0,14.5,15.0,0.5,2.0,0.0,0.5,0.0,0.0,1.0,0.0,0.0,1.5,0.0,12.0,0.75,0,0,0,0,0,0,0,1,0,1,0,0,0,0,1,1,0,0,1
2020-05-06,1.0,0.0,110.5,20.0,0.5,9.0,1.5,12.5,0.0,0.75,16.0,0.0,4.0,0.0,0.0,7.0,3.0,7.0,8.75,0,0,0,0,0,0,0,1,0,1,0,0,0,0,1,1,0,0,1
2020-05-07,0.0,0.0,110.5,20.0,0.0,11.5,51.5,14.75,6.0,6.0,4.0,0.5,26.5,39.5,0.0,7.0,6.0,7.0,24.5,0,0,0,0,0,0,0,1,0,1,0,0,0,0,0,1,0,0,1
2020-05-08,0.0,0.0,1.0,0.5,0.0,0.5,51.5,0.5,0.0,0.5,0.0,0.5,26.5,39.5,0.0,0.5,0.0,0.0,24.5,0,0,0,0,0,0,0,1,0,1,0,0,0,0,0,1,0,0,1
2020-05-09,0.0,0.0,1.0,0.0,0.0,0.5,0.0,1.25,0.0,0.5,0.0,0.0,0.5,0.5,0.0,4.5,0.0,0.0,24.5,0,0,0,0,0,0,0,1,0,1,0,0,0,0,0,1,0,0,1
2020-05-10,0.5,0.0,0.0,2.0,0.5,6.0,11.5,4.75,0.0,2.0,2.0,0.0,13.5,0.0,0.0,7.0,0.0,20.5,24.5,0,0,0,0,0,0,0,1,0,1,0,0,0,0,0,1,0,0,1
2020-05-11,19.0,4.5,14.0,1.0,8.0,17.5,11.5,2.5,0.0,2.0,2.0,0.0,13.5,9.0,0.0,0.5,0.0,20.5,24.5,0,0,0,0,0,0,0,1,0,1,0,0,0,0,1,1,0,0,1
2020-05-12,19.0,95.0,16.5,29.0,115.0,17.5,6.0,9.5,0.0,6.25,16.5,1.0,1.0,9.0,0.0,1.5,0.0,40.0,24.5,0,0,0,0,0,0,0,1,0,1,0,0,0,0,0,1,0,0,1
2020-05-13,9.5,101.0,19.0,3.5,116.0,9.5,0.5,7.75,1.0,6.25,17.0,1.0,1.5,1.5,0.0,4.5,1.0,3.5,24.5,0,0,0,0,0,0,0,1,0,1,0,0,0,0,0,1,0,0,1
2020-05-14,1.0,14.0,5.0,18.5,10.5,3.5,0.5,12.5,38.5,0.25,43.0,7.5,42.0,1.5,0.0,4.5,28.5,3.5,24.5,0,0,0,0,0,0,0,1,0,1,0,0,0,0,0,1,0,0,0
2020-05-15,1.5,78.0,5.0,35.5,66.0,3.5,0.0,0.5,0.0,0.5,43.0,7.5,42.0,0.0,0.0,1.5,28.5,2.5,24.5,0,0,0,0,0,0,0,1,0,1,0,0,0,0,1,1,0,0,0
2020-05-16,4.0,78.0,69.0,42.0,66.0,17.5,29.5,0.0,85.5,0.25,15.5,60.0,58.5,33.0,0.0,1.5,79.5,44.5,49.5,0,0,0,0,0,0,0,1,0,1,0,0,0,0,1,1,0,0,0
2020-05-17,77.0,35.0,70.0,61.0,36.0,43.0,31.5,7.5,36.5,0.25,27.5,66.5,70.5,43.5,0.0,3.5,80.0,60.5,51.0,0,0,0,0,0,0,0,1,0,1,0,0,0,0,1,1,0,0,0
2020-05-18,82.5,35.0,0.0,0.0,36.0,43.0,29.0,9.0,3.0,0.25,27.5,25.5,70.5,28.5,0.0,16.25,37.0,20.5,19.0,0,0,0,0,0,0,0,1,0,1,0,0,0,0,1,1,0,0,0
2020-05-19,96.5,2.5,7.0,1.5,3.0,18.0,17.0,6.0,3.5,0.25,21.0,12.5,46.0,6.5,0.0,1.25,11.0,20.5,0.0,0,0,0,0,0,0,0,1,0,1,0,0,0,0,0,1,0,0,0
2020-05-20,2.5,51.5,36.0,34.5,66.5,6.0,24.0,0.0,44.5,0.25,49.5,22.5,65.5,39.0,0.0,0.0,29.5,23.0,29.5,0,0,0,0,0,0,0,1,0,1,0,0,0,0,0,1,0,0,0
2020-05-21,3.5,51.5,9.5,27.0,0.5,6.0,24.0,0.0,5.0,0.5,35.5,22.5,65.5,0.0,0.0,5.0,29.5,5.5,29.5,0,0,0,0,0,0,0,1,0,1,0,0,0,0,1,1,0,0,0
2020-05-22,44.5,2.0,2.0,3.0,1.0,0.0,0.0,0.0,9.0,0.75,3.0,0.5,0.0,27.5,0.0,4.0,0.0,0.0,0.0,0,0,0,0,0,0,0,1,0,1,0,0,0,0,0,1,0,0,0
2020-05-23,44.5,6.0,20.5,11.0,5.0,30.0,20.5,0.0,7.0,0.5,15.5,5.5,14.5,27.5,0.0,5.0,9.0,55.5,8.5,0,0,0,0,0,0,0,1,0,1,0,0,0,0,0,1,0,0,0
2020-05-24,0.0,6.0,20.5,5.0,5.0,30.0,20.5,31.5,0.0,0.0,15.5,5.5,14.5,11.0,0.0,22.25,9.0,55.5,8.5,0,0,0,0,0,0,0,1,0,1,0,0,0,0,0,1,0,0,0
2020-05-25,0.5,31.5,0.0,26.0,37.0,0.5,1.0,19.0,0.0,0.5,35.0,1.5,1.5,0.0,0.0,13.5,0.0,1.5,14.5,0,0,0,0,0,0,0,1,0,1,0,0,0,0,0,1,0,0,0
2020-05-26,4.0,31.5,27.5,21.0,37.0,4.5,1.5,0.0,7.0,1.0,4.0,4.0,9.0,0.0,0.0,12.0,5.0,18.0,14.5,0,0,0,0,0,0,0,1,0,1,0,0,0,0,0,1,0,0,0
2020-05-27,4.0,18.0,32.5,27.5,18.0,38.0,10.5,0.0,18.0,0.5,4.0,4.0,9.0,5.5,0.0,9.25,9.0,51.0,2.0,0,0,0,0,0,0,0,1,0,1,0,0,0,0,0,1,0,0,0
2020-05-28,3.0,26.5,64.5,27.5,28.0,38.0,10.5,0.0,4.5,0.0,12.5,3.0,4.0,5.5,0.0,2.75,9.0,51.0,5.0,0,0,0,0,0,0,0,1,0,1,0,0,0,0,0,1,0,0,0
2020-05-29,6.0,21.0,21.5,26.0,28.0,27.0,30.0,0.0,70.0,0.0,35.5,32.0,75.5,43.5,0.0,0.0,68.5,60.0,19.5,0,0,0,0,0,0,0,1,0,1,0,0,0,0,1,1,0,0,0
2020-05-30,11.0,21.0,22.0,0.0,18.0,28.5,30.0,0.0,2.0,0.5,35.5,32.0,75.5,43.5,0.0,0.75,69.0,60.0,3.0,0,0,0,0,0,0,0,1,0,1,0,0,0,0,1,1,0,0,0
2020-05-31,11.0,19.5,31.0,39.5,17.0,6.0,9.0,0.0,1.0,0.5,19.0,4.5,5.0,6.0,0.0,0.75,2.0,3.5,18.0,0,0,0,0,0,0,0,1,0,1,0,0,0,0,1,1,0,0,0
2020-06-01,2.0,0.0,31.0,39.5,17.0,6.0,9.0,1.5,0.0,0.0,19.0,4.5,0.0,6.0,0.0,0.25,2.0,1.0,0.0,0,0,0,0,0,0,0,1,0,1,0,0,0,0,1,1,0,0,0
2020-06-02,2.0,0.5,0.0,0.0,0.0,6.0,0.5,3.75,0.0,0.5,3.0,5.0,0.5,0.0,0.0,5.5,0.0,0.0,0.0,0,0,0,0,0,0,0,1,0,1,0,0,0,0,1,1,0,0,0
2020-06-03,1.5,1.5,6.5,35.5,0.5,10.0,3.0,8.25,5.0,0.5,53.5,23.5,10.5,16.5,0.0,2.25,1.5,7.0,22.5,0,0,0,0,0,0,0,1,0,1,0,0,0,0,1,1,0,0,0
2020-06-04,3.5,8.0,11.5,5.0,9.0,41.5,16.0,16.5,8.5,0.5,53.5,23.5,18.0,21.5,0.0,10.5,13.5,41.0,22.5,0,0,0,0,0,0,0,1,0,1,0,0,0,0,1,1,0,0,0
2020-06-05,15.0,1.5,3.5,0.0,0.0,41.5,16.0,7.5,0.0,0.0,6.5,5.5,0.0,0.5,0.0,0.5,13.5,1.5,3.5,0,0,0,0,0,0,0,1,0,1,0,0,0,0,1,1,0,0,0
2020-06-06,15.0,1.5,2.0,1.5,1.0,1.0,0.5,0.0,0.5,0.0,0.5,0.5,0.5,0.5,0.0,0.0,0.0,1.5,0.5,0,0,0,0,0,0,0,1,0,1,0,0,0,0,1,1,0,0,0
2020-06-07,16.5,0.0,0.0,1.5,1.0,1.0,0.5,0.0,0.0,0.5,0.5,0.5,0.5,0.0,0.0,5.5,0.0,0.0,0.0,0,0,0,0,0,0,0,1,0,1,0,0,0,0,1,1,0,0,0
2020-06-08,0.0,0.0,0.0,0.0,0.0,0.0,0.0,0.5,0.0,0.5,0.0,0.0,0.0,0.0,0.0,17.5,0.0,0.0,0.0,0,0,0,0,0,0,0,1,0,1,0,0,0,0,0,1,0,0,0
2020-06-09,16.5,11.0,4.5,47.5,7.0,0.0,0.0,3.25,0.0,0.0,0.0,0.0,0.0,0.0,0.0,1.5,0.0,0.0,0.0,0,0,0,0,0,0,0,1,0,1,0,0,0,0,1,1,0,0,0
2020-06-10,17.0,11.0,1.0,23.5,7.0,1.0,0.0,0.0,13.0,0.0,44.0,10.5,3.5,0.0,0.0,3.5,0.0,0.0,5.0,0,0,0,0,0,0,0,1,0,1,0,0,0,0,1,1,0,0,0
2020-06-11,2.0,49.5,1.0,8.5,43.0,3.5,8.0,0.0,12.5,0.0,55.5,23.0,6.5,20.5,0.0,3.5,14.5,3.0,50.5,0,0,0,0,0,0,0,1,0,1,0,0,0,0,1,1,0,0,0
2020-06-12,32.5,49.5,54.0,20.0,43.0,82.0,67.0,0.0,67.5,0.0,57.0,103.5,66.0,68.0,0.0,3.5,53.0,99.5,50.5,0,0,0,0,0,0,0,1,0,1,0,0,0,0,0,1,0,0,0
2020-06-13,33.0,7.5,54.0,0.0,9.0,82.0,67.0,2.75,0.0,0.0,57.0,103.5,66.0,68.0,0.0,3.5,53.0,0.5,42.5,0,0,0,0,0,0,0,1,0,1,0,0,0,0,0,1,0,0,0
2020-06-14,0.0,0.0,0.5,0.0,0.5,0.0,0.0,0.5,0.0,0.0,0.0,0.0,0.0,0.5,0.0,3.5,0.0,0.5,0.0,0,0,0,0,0,0,0,1,0,1,0,0,0,0,0,1,0,0,0
2020-06-15,1.0,3.0,0.0,0.5,5.5,5.0,0.5,0.0,0.0,0.5,0.0,0.0,2.0,0.0,0.0,3.5,0.0,0.0,0.0,0,0,0,0,0,0,0,1,0,1,0,0,0,0,1,1,0,0,0
2020-06-16,1.0,32.5,1.0,0.0,32.5,5.0,0.5,1.25,0.0,0.5,0.0,0.0,2.0,0.0,0.0,3.5,0.0,0.0,9.5,0,0,0,0,0,0,0,1,0,1,0,0,0,0,1,1,0,0,0
2020-06-17,2.0,7.0,6.5,0.0,7.5,2.5,0.5,3.0,3.0,0.0,2.5,2.5,3.5,1.0,0.0,3.5,2.0,1.0,3.0,0,0,0,1,0,0,0,1,0,1,0,0,0,0,1,0,0,0,0
2020-06-18,17.0,7.5,6.5,4.5,7.5,7.0,8.5,1.25,5.5,0.0,3.0,4.0,5.0,8.0,0.0,5.5,5.5,6.0,3.0,0,0,0,0,0,0,0,1,0,1,0,0,0,0,1,0,0,0,0
2020-06-19,18.0,10.5,63.5,30.0,7.5,18.0,8.5,2.25,2.5,0.5,5.0,4.0,7.0,8.0,0.0,8.0,5.5,13.5,3.5,0,0,0,0,1,0,0,1,0,1,0,0,0,0,1,0,0,0,0
2020-06-20,11.5,14.0,63.5,30.0,7.5,18.0,3.0,24.5,0.0,0.5,5.0,3.5,7.0,2.5,0.0,8.0,3.0,13.5,3.5,0,0,0,0,1,0,0,1,0,1,0,0,0,0,1,0,0,0,0
2020-06-21,10.0,14.0,1.0,3.5,7.5,0.5,0.0,1.75,0.0,0.0,0.5,3.5,0.5,2.5,0.0,4.5,0.5,2.0,0.5,0,0,0,0,1,0,0,1,0,1,0,0,0,0,1,0,0,0,0
2020-06-22,3.0,5.0,15.0,29.5,7.5,12.0,9.0,0.5,2.0,0.0,6.5,0.0,15.0,9.5,0.0,7.5,4.0,6.0,0.5,0,0,0,0,1,0,0,1,0,1,0,0,0,0,1,0,0,0,0
2020-06-23,2.5,5.0,15.0,29.5,7.5,4.0,9.0,0.5,11.0,0.0,6.5,1.5,15.0,9.5,0.0,7.5,4.0,6.0,0.5,0,0,0,0,1,0,0,1,0,1,1,0,0,0,1,0,0,0,0
2020-06-24,12.0,3.0,18.0,9.0,7.5,28.0,5.5,0.0,13.0,0.0,6.5,2.5,24.0,6.0,0.0,7.0,15.0,10.0,3.5,0,0,0,0,1,0,0,1,0,1,1,0,0,0,1,0,0,0,0
2020-06-25,12.0,3.0,0.0,0.0,7.5,28.0,5.5,0.0,0.0,0.0,0.5,2.5,24.0,5.0,0.0,7.0,15.0,10.0,3.5,0,0,0,0,1,0,0,1,0,1,0,0,0,0,0,0,0,0,0
2020-06-26,4.5,22.5,10.5,14.0,6.0,6.5,9.0,0.5,15.5,0.0,11.0,12.0,8.5,9.5,0.0,5.5,8.0,6.0,8.5,0,0,0,0,1,0,0,1,0,1,0,0,0,0,1,0,0,0,0
2020-06-27,4.5,22.5,10.5,0.0,5.0,6.5,9.0,1.0,0.0,0.0,11.0,12.0,8.5,9.5,0.0,0.0,8.0,6.0,8.5,0,0,0,0,1,0,0,1,0,1,0,0,0,0,1,0,0,0,0
2020-06-28,0.0,0.0,0.0,0.0,0.0,0.0,0.0,1.5,0.0,0.0,0.0,0.0,0.0,0.0,0.0,0.0,0.0,0.0,0.0,0,0,0,0,1,0,0,1,0,1,0,0,0,0,0,0,0,0,0
2020-06-29,0.0,0.0,0.0,0.0,0.0,0.0,0.0,0.5,0.0,0.5,0.0,0.0,0.0,0.0,0.0,0.0,0.0,0.0,0.0,0,0,0,0,1,0,0,1,0,1,0,0,0,0,0,0,0,0,0
2020-06-30,0.0,0.0,0.0,0.0,0.0,0.0,0.0,0.5,0.0,0.0,0.0,0.0,0.0,0.0,0.0,0.0,0.0,0.0,0.0,0,0,0,0,1,0,0,1,0,1,0,0,0,0,0,0,0,0,0
2020-07-01,0.0,0.0,0.0,0.0,3.5,0.0,0.0,4.5,0.0,0.0,0.0,0.0,0.0,0.0,0.0,0.0,0.0,0.0,0.0,0,0,0,0,1,0,0,1,0,1,0,0,0,0,0,0,0,0,1
2020-07-02,0.0,0.0,0.0,0.0,0.0,0.0,0.0,4.5,0.0,0.0,0.0,0.0,0.0,0.0,0.0,0.0,0.0,0.0,0.0,0,0,0,0,1,0,0,1,0,1,0,0,0,0,0,0,0,0,1
2020-07-03,0.0,0.0,0.0,0.0,0.0,0.0,0.0,2.5,0.0,0.0,0.0,0.0,0.0,0.0,0.0,0.0,0.0,0.0,0.0,0,0,0,0,1,0,0,1,0,1,0,0,0,1,0,0,0,0,1
2020-07-04,13.0,0.0,0.0,0.5,0.0,0.0,0.0,4.5,4.0,0.0,0.0,13.5,0.0,0.0,0.0,0.0,0.0,0.0,0.0,0,0,0,0,1,0,0,1,0,1,0,0,0,1,0,0,0,0,1
2020-07-05,14.0,1.0,0.0,0.5,1.0,0.0,3.5,1.0,2.0,0.0,0.0,13.5,0.0,28.0,18.0,0.0,0.0,0.0,0.0,0,0,0,0,1,0,0,1,0,1,0,0,0,0,0,0,0,0,1
2020-07-06,8.0,2.0,1.5,2.0,3.5,6.5,5.5,1.0,1.0,0.0,2.0,1.0,1.0,28.0,35.0,0.5,5.5,0.0,0.0,0,0,0,0,1,0,0,1,0,1,0,0,0,0,0,0,0,0,1
2020-07-07,15.0,40.5,83.0,59.0,0.5,46.5,30.0,1.0,25.5,5.25,85.5,65.5,28.0,20.0,35.0,22.5,19.5,38.0,0.0,0,0,0,0,1,0,0,1,0,1,0,0,0,0,0,0,0,0,1
2020-07-08,22.0,40.5,83.0,12.0,2.5,46.5,30.0,4.5,0.5,5.25,85.5,65.5,28.0,20.0,11.5,22.5,19.5,38.0,1.0,0,0,0,0,1,0,0,1,0,1,0,0,0,0,0,0,0,0,1
2020-07-09,22.0,8.5,18.5,0.0,3.5,3.0,3.0,4.0,9.0,0.0,2.0,19.5,5.0,6.5,11.5,3.0,10.0,0.5,20.25,0,0,0,0,1,0,0,1,0,1,0,0,0,0,0,0,0,0,1
2020-07-10,0.5,0.5,0.5,0.0,13.5,3.0,3.0,8.5,0.5,0.25,2.0,12.5,5.0,1.0,11.5,3.0,10.0,0.5,4.5,0,0,0,0,1,0,0,1,0,1,0,0,0,0,0,0,0,0,1
2020-07-11,3.5,0.5,9.0,5.5,27.0,66.5,75.5,6.0,34.5,0.25,4.0,10.5,51.5,76.0,0.0,94.5,37.5,21.0,9.75,0,0,0,0,1,0,0,1,0,1,0,0,0,0,0,0,0,0,1
2020-07-12,3.5,20.5,9.0,12.0,16.0,66.5,75.5,6.0,3.0,0.0,5.5,10.5,51.5,76.0,3.0,94.5,37.5,21.0,9.75,0,0,0,0,1,0,0,1,0,1,0,0,0,0,0,0,0,0,1
2020-07-13,33.0,20.5,21.5,17.5,3.0,15.0,8.5,0.5,5.0,0.0,7.0,10.5,5.0,8.5,9.5,8.0,4.5,10.0,0.0,0,0,0,0,1,0,0,1,0,1,0,0,0,0,0,0,0,0,1
2020-07-14,33.0,20.5,21.5,17.5,0.0,15.0,8.5,0.0,0.0,0.0,7.0,10.5,5.0,0.0,0.0,0.0,4.5,10.0,0.0,0,0,0,0,1,0,0,1,0,1,0,0,0,0,0,0,0,0,1
2020-07-15,5.5,0.5,0.0,1.0,0.0,3.0,0.0,0.0,9.0,0.0,20.0,3.0,8.5,0.5,1.5,5.0,2.5,0.0,0.0,0,0,0,0,1,0,0,1,0,1,0,0,0,0,0,0,0,0,1
2020-07-16,11.5,3.0,7.5,7.5,0.0,87.5,75.5,0.0,40.5,0.0,20.0,4.0,57.5,77.0,63.0,43.0,56.5,53.5,0.0,0,0,0,0,1,0,0,1,0,1,0,0,0,0,0,0,0,0,1
2020-07-17,48.5,10.5,23.0,13.0,0.0,103.0,81.5,0.0,10.5,0.0,12.5,87.5,60.5,88.0,4.5,46.0,58.0,57.5,0.0,0,0,0,0,1,0,0,1,0,1,0,0,0,0,0,0,0,0,1
2020-07-18,49.5,57.0,23.0,86.0,1.0,64.0,53.5,0.0,58.5,0.0,94.0,109.0,71.5,54.5,59.0,32.0,59.0,26.5,0.0,0,0,1,0,1,0,0,1,0,1,0,0,0,0,0,0,0,0,1
2020-07-19,31.0,57.0,23.0,0.0,6.0,64.0,53.5,0.0,0.0,0.0,94.0,109.0,71.5,54.5,59.0,32.0,59.0,26.5,0.0,0,0,1,0,1,0,0,1,0,1,0,0,0,0,0,0,0,0,1
2020-07-20,9.5,1.0,23.0,3.5,0.5,19.0,30.0,0.0,13.5,0.0,11.5,2.5,18.0,30.5,23.5,5.5,7.0,2.5,0.0,0,0,1,0,1,0,0,1,0,1,0,0,0,0,0,0,0,0,1
2020-07-21,11.5,14.0,23.0,11.5,0.0,19.0,30.0,0.0,21.5,7.75,11.5,3.0,18.0,30.5,7.0,5.5,25.0,2.5,4.0,0,0,1,0,1,0,0,1,0,1,0,0,0,0,0,0,0,0,1
2020-07-22,11.0,15.5,23.0,11.5,4.0,24.0,20.0,11.5,60.0,7.75,30.5,66.5,79.5,25.5,19.0,19.5,42.0,7.0,8.0,0,0,1,0,1,0,0,1,0,1,0,0,0,0,0,0,0,0,1
2020-07-23,19.0,15.5,23.0,25.0,0.0,12.0,19.0,12.5,5.0,0.0,30.5,66.5,79.5,35.5,20.5,9.0,16.0,33.5,4.0,0,0,1,0,1,0,0,1,0,1,0,0,0,0,0,0,0,0,1
2020-07-24,19.0,10.0,23.0,13.5,0.0,77.5,35.0,0.5,32.0,0.0,30.5,19.0,35.0,35.5,34.5,37.0,68.0,50.5,0.25,0,0,1,0,1,0,0,1,0,1,0,0,0,0,0,0,0,0,1
2020-07-25,12.5,87.0,0.5,56.5,0.0,77.5,50.0,0.5,56.0,18.25,144.5,41.5,35.0,33.0,34.5,37.0,68.0,50.5,0.25,0,0,1,0,1,0,0,1,0,1,0,0,0,0,0,0,0,0,1
2020-07-26,12.5,87.0,0.0,56.5,0.0,24.0,50.0,1.0,0.5,18.25,144.5,41.5,28.5,33.0,3.5,0.0,55.5,44.5,7.25,0,0,1,0,1,0,0,1,0,1,0,0,0,0,0,0,0,0,1
2020-07-27,14.0,6.0,2.5,5.5,3.5,1.0,1.5,1.0,1.0,1.5,7.5,3.0,5.0,1.0,0.0,3.0,1.0,0.0,6.25,0,0,1,0,1,0,0,1,0,1,0,0,0,0,0,0,0,0,1
2020-07-28,15.0,0.5,2.5,5.5,3.75,1.0,1.5,0.0,1.0,10.75,7.5,3.0,5.0,3.5,5.0,3.0,1.0,0.0,1.25,0,0,1,0,1,0,0,1,0,1,0,0,0,0,0,0,0,0,1
2020-07-29,13.0,2.5,7.0,1.5,8.75,7.0,3.5,6.0,7.0,10.75,1.0,2.5,1.5,4.0,3.0,2.5,5.0,2.5,2.75,0,0,1,0,1,0,0,1,0,1,0,0,0,0,0,0,0,0,1
2020-07-30,5.5,2.5,3.5,1.5,7.75,7.0,3.5,0.5,0.0,2.25,1.0,2.5,1.5,4.0,3.0,2.5,5.0,2.5,0.0,0,0,1,0,1,0,0,1,0,1,0,0,0,0,0,0,0,0,1
2020-07-31,27.5,103.0,12.0,124.5,1.0,74.5,97.5,2.0,77.0,0.5,93.0,142.5,110.5,62.0,25.5,100.5,59.0,63.0,13.75,0,0,1,0,1,0,0,1,0,1,0,0,0,0,0,0,0,0,1
2020-08-01,27.5,103.0,4.5,124.5,2.0,74.5,97.5,0.5,0.0,0.5,93.0,142.5,110.5,62.0,0.0,0.0,59.0,63.0,16.5,0,0,1,0,1,0,0,1,0,1,0,0,0,0,0,0,0,0,1
2020-08-02,2.0,0.0,4.5,0.0,0.5,0.0,0.0,0.0,0.0,0.0,0.0,0.0,0.0,0.0,0.0,0.0,0.0,0.0,0.0,0,0,1,0,1,0,0,1,0,1,0,0,0,0,0,0,0,0,1
2020-08-03,0.5,0.0,3.5,0.0,12.0,5.0,5.0,0.5,0.0,4.75,0.0,0.0,0.0,6.0,0.5,13.5,0.0,0.0,7.5,0,0,1,0,1,0,0,1,0,1,0,0,0,0,0,0,0,0,1
2020-08-04,0.5,0.0,4.0,0.0,14.25,5.0,5.0,0.0,0.0,15.5,0.0,0.0,0.0,6.0,0.0,13.5,0.0,0.0,7.5,0,0,1,0,1,0,0,1,0,1,0,0,0,0,0,0,0,0,1
2020-08-05,0.0,0.0,2.0,0.0,5.25,0.0,0.0,5.0,0.0,15.5,0.0,0.0,0.0,0.0,0.0,0.0,0.0,0.0,0.0,0,0,1,0,1,0,0,1,0,1,0,0,0,0,0,0,0,0,1
2020-08-06,0.5,0.0,0.0,0.0,5.0,0.0,0.0,0.0,0.0,0.0,0.0,0.0,0.0,0.0,0.0,0.0,0.0,0.0,0.0,0,0,1,0,1,0,0,1,0,1,0,0,0,0,0,0,0,0,1
2020-08-07,0.5,1.0,0.0,0.0,5.5,0.0,0.0,5.5,0.0,0.5,0.0,0.0,0.0,0.0,0.0,0.0,0.0,0.0,1.0,0,0,1,0,1,0,0,1,0,1,0,0,0,0,0,0,0,0,1
2020-08-08,0.5,1.0,0.0,0.0,6.25,0.0,0.0,10.25,0.0,15.75,0.0,0.0,0.0,0.0,0.0,0.0,0.0,0.0,1.0,0,0,1,0,1,0,0,1,0,1,0,0,0,0,0,0,0,0,1
2020-08-09,0.0,0.0,0.5,0.0,8.75,0.0,0.0,2.5,0.0,15.75,0.0,0.0,0.0,0.0,0.0,0.0,0.0,0.0,0.0,0,0,1,0,1,0,0,1,0,1,0,0,0,0,0,0,0,0,1
2020-08-10,0.0,0.0,0.5,0.0,4.5,0.0,0.0,4.75,0.0,12.75,0.0,0.0,0.0,0.0,0.0,0.0,0.0,0.0,0.0,0,0,1,0,1,0,0,1,0,1,0,0,0,0,0,0,0,0,1
2020-08-11,0.0,0.0,0.0,0.0,6.0,0.0,0.0,0.0,0.0,0.0,0.0,0.0,0.0,0.0,0.0,0.0,0.0,0.0,0.0,1,1,1,1,1,1,1,1,1,1,1,1,1,1,1,1,1,1,1
2020-08-12,0.0,0.0,1.5,0.0,5.75,0.0,0.0,0.0,0.0,0.0,0.0,0.0,0.0,0.0,0.0,0.0,0.0,0.0,0.0,1,1,1,1,1,1,1,1,1,1,1,1,1,1,1,1,1,1,1
2020-08-13,0.0,0.0,0.0,0.0,10.25,0.0,0.0,4.25,0.0,22.5,0.0,0.0,0.0,0.0,0.0,0.0,0.0,0.0,1.0,1,1,1,1,1,1,1,1,1,1,1,1,1,1,1,1,1,1,1
2020-08-14,0.0,0.0,0.0,0.0,5.75,0.0,0.0,8.5,0.0,22.5,0.0,0.0,0.0,0.0,0.0,0.0,0.0,0.0,0.5,1,1,1,1,1,1,1,1,1,1,1,1,1,1,1,1,1,1,1
2020-08-15,0.0,0.0,5.5,0.0,2.5,0.0,0.0,2.75,0.0,16.5,0.0,0.0,0.0,0.0,0.0,0.0,0.0,0.0,0.0,1,1,1,1,1,1,1,1,1,1,1,1,1,1,1,1,1,1,1
2020-08-16,0.0,0.0,5.5,0.0,7.0,0.0,0.0,1.25,0.0,33.0,0.0,0.0,0.0,0.0,0.0,0.0,0.0,0.0,0.0,1,1,1,1,1,1,1,1,1,1,1,1,1,1,1,1,1,1,1
2020-08-17,0.0,0.0,9.5,0.0,3.25,0.0,0.0,18.0,0.0,0.0,0.0,0.0,0.0,0.0,0.0,0.0,0.0,0.0,0.0,1,1,1,1,1,1,1,1,1,1,1,1,1,1,1,1,1,1,1
2020-08-18,3.75,4.0,0.5,7.0,4.0,15.0,16.5,25.0,11.5,17.5,1.0,4.5,8.0,44.0,2.0,0.0,2.5,3.75,0.0,1,1,1,1,1,1,1,1,1,1,1,1,1,1,1,1,1,1,1
2020-08-19,3.25,4.0,0.0,14.25,8.25,15.0,9.75,9.75,9.0,17.5,7.5,2.75,6.5,14.0,2.0,0.0,5.5,5.0,0.75,1,1,1,1,1,1,1,1,1,1,1,1,1,1,1,1,1,1,1
2020-08-20,8.75,9.5,25.5,34.5,10.5,5.5,7.0,14.25,1.5,2.0,16.5,2.5,8.5,3.0,7.75,0.0,6.0,11.5,0.75,1,1,1,1,1,1,1,1,1,1,1,1,1,1,1,1,1,1,1
2020-08-21,8.75,13.0,36.5,29.0,18.0,5.5,7.0,8.75,2.0,2.0,16.5,11.25,8.5,3.0,0.5,0.0,3.0,11.5,8.25,1,1,1,1,1,1,1,1,1,1,1,1,1,1,1,1,1,1,1
2020-08-22,6.25,0.0,13.5,4.0,15.25,5.5,6.0,2.25,2.25,0.0,5.0,11.5,7.0,0.0,6.0,0.0,2.25,1.75,7.5,1,1,1,1,1,1,1,1,1,1,1,1,1,1,1,1,1,1,1
2020-08-23,4.5,0.0,1.5,16.5,15.0,4.5,2.75,2.25,1.25,0.0,0.0,0.0,10.0,1.0,2.5,0.0,0.5,1.25,0.25,1,1,1,1,1,1,1,1,1,1,1,1,1,1,1,1,1,1,1
2020-08-24,6.0,0.0,0.0,10.0,14.0,3.5,5.75,1.5,0.75,0.0,2.0,5.0,1.0,6.5,2.5,0.0,0.5,1.75,4.5,1,1,1,1,1,1,1,1,1,1,1,1,1,1,1,1,1,1,1
2020-08-25,2.5,1.5,1.0,6.0,3.0,2.5,5.75,1.5,1.0,0.5,0.5,2.0,1.0,6.5,0.75,0.0,0.5,2.0,0.25,1,1,1,1,1,1,1,1,1,1,1,1,1,1,1,1,1,1,1
2020-08-26,3.0,0.0,0.0,13.25,18.25,0.5,8.25,1.25,10.0,0.5,8.0,7.75,0.0,0.0,0.75,3.5,0.75,5.0,2.5,1,1,1,1,1,1,1,1,1,1,1,1,1,1,1,1,1,1,1
2020-08-27,6.0,0.5,0.0,7.75,18.25,31.0,8.0,10.25,5.5,20.0,20.5,19.75,6.0,5.0,12.0,3.5,8.25,26.5,5.75,1,1,1,1,1,1,1,1,1,1,1,1,1,1,1,1,1,1,1
2020-08-28,18.5,9.0,21.0,20.5,19.75,31.0,18.75,16.75,22.75,20.0,26.0,26.5,16.5,8.5,14.25,3.5,20.75,29.5,8.25,1,1,1,1,1,1,1,1,1,1,1,1,1,1,1,1,1,1,1
2020-08-29,5.5,0.5,0.0,2.75,4.0,2.0,1.25,3.0,2.5,3.0,0.0,0.25,0.5,1.0,0.75,3.5,0.25,1.5,0.0,1,1,1,1,1,1,1,1,1,1,1,1,1,1,1,1,1,1,1
2020-08-30,2.0,0.0,15.0,13.0,6.5,9.0,1.75,2.25,3.5,0.0,0.25,4.75,0.0,4.5,3.5,1.75,1.75,2.5,5.5,1,1,1,1,1,1,1,1,1,1,1,1,1,1,1,1,1,1,1
2020-08-31,4.5,34.0,15.0,20.25,20.5,22.5,4.0,4.0,8.5,4.5,2.25,13.5,5.0,4.5,11.5,1.75,4.25,5.5,5.75,1,1,1,1,1,1,1,1,1,1,1,1,1,1,1,1,1,1,1
2020-09-01,19.5,10.5,8.0,15.75,8.5,10.0,1.0,3.5,9.75,4.5,2.5,2.0,4.0,1.0,3.5,1.75,3.0,5.5,3.0,1,1,1,1,1,1,1,1,1,1,1,1,1,1,1,1,1,1,1
2020-09-02,3.5,6.5,0.0,3.0,2.0,1.5,0.0,0.75,3.5,2.0,3.0,0.75,0.5,1.5,0.0,1.75,0.25,0.5,0.0,1,1,1,1,1,1,1,1,1,1,1,1,1,1,1,1,1,1,1
2020-09-03,5.0,13.0,3.0,17.25,9.0,4.5,5.75,8.0,7.25,46.0,12.0,3.5,4.5,4.0,3.5,4.0,5.75,7.5,0.0,1,1,1,1,1,1,1,1,1,1,1,1,1,1,1,1,1,1,1
2020-09-04,2.0,5.5,0.5,6.75,9.0,11.0,6.75,13.0,30.75,46.0,0.25,3.25,4.5,3.0,5.5,4.0,2.0,17.5,0.0,1,1,1,1,1,1,1,1,1,1,1,1,1,1,1,1,1,1,1
2020-09-05,6.5,5.5,0.5,11.5,3.5,7.0,5.75,12.5,10.25,0.25,0.0,2.25,0.0,2.0,4.75,4.0,2.0,15.0,0.0,1,1,1,1,1,1,1,1,1,1,1,1,1,1,1,1,1,1,1
2020-09-06,16.0,5.5,2.5,7.0,3.5,12.0,3.5,2.75,2.75,0.0,2.25,3.25,1.5,11.5,4.75,4.0,3.5,12.0,4.5,1,1,1,1,1,1,1,1,1,1,1,1,1,1,1,1,1,1,1
2020-09-07,22.5,4.0,2.5,5.0,8.0,26.0,7.75,4.0,8.0,0.0,4.5,6.0,1.5,11.5,4.5,8.0,4.5,11.0,1.25,1,1,1,1,1,1,1,1,1,1,1,1,1,1,1,1,1,1,1
2020-09-08,10.25,2.5,1.5,3.0,3.0,1.0,3.75,5.0,7.5,2.0,6.75,6.25,3.5,8.0,2.75,2.5,4.25,3.25,1.75,1,1,1,1,1,1,1,1,1,1,1,1,1,1,1,1,1,1,1
2020-09-09,10.0,5.0,5.5,31.0,4.0,1.0,2.5,4.25,6.25,5.25,14.75,8.0,2.0,8.0,2.75,2.5,4.25,3.75,7.5,1,1,1,1,1,1,1,1,1,1,1,1,1,1,1,1,1,1,1
2020-09-10,3.75,3.0,5.5,14.0,4.0,0.5,7.75,4.0,6.25,6.5,4.5,2.75,6.5,9.0,7.0,0.5,4.25,4.25,1.25,1,1,1,1,1,1,1,1,1,1,1,1,1,1,1,1,1,1,1
2020-09-11,1.5,1.0,2.5,1.0,0.5,1.5,0.5,0.75,0.75,6.5,1.0,0.25,0.0,9.0,0.25,0.0,0.0,4.25,1.5,1,1,1,1,1,1,1,1,1,1,1,1,1,1,1,1,1,1,1
2020-09-12,2.5,1.5,0.0,1.0,0.0,6.0,3.5,0.75,1.0,0.75,0.25,3.5,0.0,8.5,2.75,0.0,1.25,2.25,13.25,1,1,1,1,1,1,1,1,1,1,1,1,1,1,1,1,1,1,1
2020-09-13,5.0,2.5,2.0,8.0,2.0,6.0,4.0,2.5,12.25,1.0,2.25,8.25,6.5,3.5,4.75,0.0,6.25,3.0,6.5,1,1,1,1,1,1,1,1,1,1,1,1,1,1,1,1,1,1,1
2020-09-14,11.0,9.5,3.0,3.5,11.5,0.5,7.25,3.75,8.25,19.75,7.75,10.25,6.5,23.25,4.0,0.5,7.5,2.25,13.75,1,1,1,1,1,1,1,1,1,1,1,1,1,1,1,1,1,1,1
2020-09-15,17.5,15.0,8.0,11.5,3.0,0.5,3.0,0.25,7.25,19.5,4.25,8.75,9.5,15.75,2.5,0.5,4.0,25.25,13.75,1,1,1,1,1,1,1,1,1,1,1,1,1,1,1,1,1,1,1
2020-09-16,20.5,21.0,12.5,33.0,10.5,5.0,5.75,6.25,14.75,10.25,14.0,14.0,2.5,8.5,9.0,0.5,4.5,31.5,10.5,1,1,1,1,1,1,1,1,1,1,1,1,1,1,1,1,1,1,1
2020-09-17,17.25,24.0,17.5,47.0,33.0,5.0,9.75,9.75,12.5,11.0,18.5,15.0,9.5,7.75,10.75,6.5,5.75,30.75,12.75,1,1,1,1,1,1,1,1,1,1,1,1,1,1,1,1,1,1,1
2020-09-18,5.5,10.0,10.5,17.25,2.0,5.5,3.5,4.5,6.75,1.5,9.5,9.75,1.0,6.5,16.5,6.5,1.0,21.25,4.25,1,1,1,1,1,1,1,1,1,1,1,1,1,1,1,1,1,1,1
2020-09-19,2.75,3.0,2.0,11.75,2.5,6.5,4.5,5.0,2.5,16.0,3.0,2.5,5.0,6.0,13.25,6.5,1.25,9.5,4.75,1,1,1,1,1,1,1,1,1,1,1,1,1,1,1,1,1,1,1
2020-09-20,2.0,1.0,0.0,11.25,0.5,9.0,19.5,5.0,0.5,18.25,0.5,0.5,0.5,13.0,0.25,0.0,2.5,10.0,3.5,1,1,1,1,1,1,1,1,1,1,1,1,1,1,1,1,1,1,1
2020-09-21,2.0,1.0,0.0,4.0,1.0,11.5,17.0,6.0,7.25,18.25,4.5,9.5,3.0,13.0,3.25,0.0,5.25,9.25,6.0,1,1,1,1,1,1,1,1,1,1,1,1,1,1,1,1,1,1,1
2020-09-22,2.0,1.0,0.0,1.5,4.5,9.5,10.0,4.0,3.25,14.5,2.5,5.5,0.0,4.0,1.75,3.0,4.0,5.5,5.0,1,1,1,1,1,1,1,1,1,1,1,1,1,1,1,1,1,1,1
2020-09-23,5.0,0.0,0.0,1.5,0.0,0.5,0.0,0.25,0.0,2.0,0.0,0.5,0.0,0.0,0.0,0.0,0.0,1.5,2.5,1,1,1,1,1,1,1,1,1,1,1,1,1,1,1,1,1,1,1
2020-09-24,16.0,11.0,1.5,89.5,0.0,23.5,63.5,0.25,78.5,1.5,39.5,45.5,56.0,64.0,77.5,0.0,70.0,30.0,1.5,1,1,1,1,1,1,1,1,1,1,1,1,1,1,1,1,1,1,1
2020-09-25,16.0,11.0,1.5,89.5,0.0,23.5,63.5,1.25,78.5,1.5,39.5,45.5,56.0,64.0,77.5,24.75,70.0,30.0,8.0,1,1,1,1,1,1,1,1,1,1,1,1,1,1,1,1,1,1,1
2020-09-26,16.0,11.0,5.0,89.5,7.75,23.5,63.5,7.75,78.5,8.25,39.5,45.5,56.0,64.0,77.5,24.75,70.0,30.0,11.5,1,1,1,1,1,1,1,1,1,1,1,1,1,1,1,1,1,1,1
2020-09-27,16.0,11.0,1.0,89.5,3.25,23.5,63.5,5.75,78.5,15.0,39.5,45.5,56.0,64.0,77.5,5.75,70.0,30.0,0.0,1,1,1,1,1,1,1,1,1,1,1,1,1,1,1,1,1,1,1
2020-09-28,16.0,11.0,2.0,89.5,13.0,23.5,63.5,5.75,78.5,10.5,39.5,45.5,56.0,64.0,77.5,32.5,70.0,30.0,13.0,1,1,1,1,1,1,1,1,1,1,1,1,1,1,1,1,1,1,1
2020-09-29,16.0,11.0,6.0,89.5,4.25,23.5,63.5,1.75,78.5,10.75,39.5,45.5,56.0,64.0,77.5,32.5,70.0,30.0,0.5,1,1,1,1,1,1,1,1,1,1,1,1,1,1,1,1,1,1,1
2020-09-30,16.0,11.0,0.5,89.5,1.25,23.5,63.5,2.5,78.5,11.5,39.5,45.5,56.0,64.0,77.5,1.5,70.0,30.0,1.0,1,1,1,1,1,1,1,1,1,1,1,1,1,1,1,1,1,1,1
2020-10-01,16.0,11.0,8.5,89.5,2.5,23.5,63.5,4.0,78.5,8.75,39.5,45.5,56.0,64.0,77.5,1.75,70.0,30.0,1.0,0,0,1,0,1,0,0,1,0,1,0,0,0,0,0,1,0,0,1
2020-10-02,0.0,1.0,10.0,0.5,1.25,1.5,63.5,4.0,0.5,31.75,2.5,1.0,0.0,1.0,3.5,1.5,1.5,3.0,5.0,0,0,1,0,1,0,1,1,0,1,0,0,0,0,0,1,0,0,1
2020-10-03,0.0,1.0,9.5,7.0,0.0,2.5,63.5,1.0,25.0,31.75,10.5,19.0,21.5,12.0,11.5,1.5,39.0,27.0,5.0,0,0,1,0,1,0,1,1,0,1,0,0,0,0,0,1,0,0,1
2020-10-04,1.0,0.5,9.5,7.0,14.25,2.5,63.5,5.5,25.0,0.5,10.5,19.5,21.5,12.0,11.5,4.5,39.0,0.0,1.5,0,0,1,0,1,0,1,1,0,1,0,0,0,0,0,1,0,0,1
2020-10-05,5.5,0.0,0.25,0.0,13.25,23.5,63.5,12.5,1.0,31.0,0.0,19.5,0.0,22.5,0.0,4.5,0.0,0.0,4.75,0,0,1,0,1,0,1,1,0,1,0,0,0,0,0,1,0,0,1
2020-10-06,5.5,0.0,6.0,1.0,11.25,23.5,63.5,12.75,1.0,39.5,0.0,2.5,0.0,22.5,1.0,4.0,0.0,0.0,4.75,0,0,1,0,1,0,1,1,0,1,0,0,0,0,0,1,0,0,1
2020-10-07,12.0,0.0,13.75,6.5,0.75,33.5,63.5,6.5,6.5,9.0,0.0,17.0,13.0,30.5,14.5,13.5,6.0,11.5,1.0,0,0,1,0,1,0,1,1,0,1,0,0,0,0,0,1,0,0,1
2020-10-08,11.5,0.0,6.25,6.5,1.25,33.5,63.5,12.5,6.5,8.5,0.5,17.0,13.0,30.5,14.5,13.5,6.0,11.5,3.0,0,0,1,0,1,0,1,1,0,1,0,0,0,0,0,1,0,0,1
2020-10-09,0.0,0.0,0.5,0.5,2.0,0.0,9.0,10.75,0.5,8.5,0.5,1.0,0.0,0.5,0.0,27.0,0.0,0.0,4.5,0,0,1,0,1,0,1,1,0,1,0,0,0,0,0,1,0,0,1
2020-10-10,17.5,0.0,12.0,16.0,4.0,11.0,5.5,6.0,9.0,8.25,20.5,22.5,5.0,3.5,2.0,27.0,13.5,0.0,4.5,0,0,1,0,1,0,1,1,0,1,0,0,0,0,0,1,0,0,1
2020-10-11,17.5,0.0,28.5,21.0,2.0,12.0,27.5,22.75,19.5,46.0,20.5,22.5,15.0,17.5,2.0,27.0,17.0,14.0,4.5,0,0,1,0,1,0,1,1,0,1,0,0,0,0,0,1,0,0,1
2020-10-12,0.5,0.0,29.5,21.0,2.5,12.0,30.0,23.5,19.5,46.0,9.0,19.0,15.0,17.5,0.5,3.5,17.0,14.0,4.5,0,0,1,0,1,0,1,1,0,1,0,0,0,0,0,1,0,0,1
2020-10-13,4.0,0.0,3.0,2.5,0.0,1.0,6.0,2.0,0.5,4.25,1.0,0.0,0.5,0.5,0.5,4.5,1.0,0.5,4.5,0,0,1,0,1,0,1,1,0,1,0,0,0,0,0,1,0,0,1
2020-10-14,12.5,0.0,0.0,23.5,1.5,4.0,6.0,3.25,1.5,4.25,15.0,8.5,1.5,0.5,0.5,4.5,1.0,0.5,4.5,0,0,1,0,1,0,1,1,0,1,0,0,0,0,0,1,0,0,1
2020-10-15,3.0,0.0,1.5,23.5,1.5,4.0,11.0,3.5,1.5,4.5,15.0,8.5,1.5,0.0,0.0,4.5,1.0,0.0,4.5,0,0,1,0,1,0,1,1,0,1,0,0,0,0,0,1,0,0,1
2020-10-16,3.0,0.0,10.0,0.0,17.75,0.0,12.5,11.75,0.0,25.0,0.0,0.0,0.0,0.0,0.0,0.0,0.0,0.0,5.5,0,0,1,0,1,0,1,1,0,1,0,0,0,0,0,1,0,0,1
2020-10-17,0.5,0.0,6.0,0.0,14.75,0.0,7.5,11.75,0.0,24.75,0.0,0.0,0.0,0.0,0.0,2.0,0.0,0.0,5.5,0,0,1,0,1,0,1,1,0,1,0,0,0,0,0,1,0,0,1
2020-10-18,0.0,0.0,1.0,0.0,4.25,0.0,2.5,1.5,0.0,1.5,0.0,0.0,0.0,0.0,0.0,2.5,0.0,0.0,4.5,0,0,1,0,1,0,1,1,0,1,0,0,0,0,0,1,0,0,1
2020-10-19,0.5,0.0,1.0,0.0,14.0,0.0,5.5,6.5,0.0,9.75,0.0,3.0,0.0,1.5,0.0,1.25,0.0,0.0,8.0,0,0,1,0,1,0,1,1,0,1,0,0,0,0,0,1,0,0,1
2020-10-20,0.0,0.0,1.0,0.5,8.75,0.5,5.5,8.25,0.5,12.75,0.5,3.5,0.5,2.0,0.5,1.0,0.5,0.0,1.0,0,0,1,0,1,0,1,1,0,1,0,0,0,0,0,1,0,0,1
2020-10-21,25.0,0.0,0.5,9.5,1.25,6.5,6.0,6.0,5.5,8.5,6.5,6.0,6.5,4.5,3.5,1.0,5.0,6.5,0.5,0,0,1,0,1,0,1,1,0,1,0,0,0,0,0,1,0,0,1
2020-10-22,25.0,0.0,0.5,9.5,2.0,6.5,15.0,10.0,5.5,30.5,6.5,6.0,6.5,4.5,3.5,1.0,5.0,6.5,2.0,0,0,1,0,1,0,1,1,1,1,0,0,0,0,0,1,0,0,1
2020-10-23,2.5,0.0,7.0,5.0,10.0,3.0,18.0,24.5,5.5,29.75,0.0,2.5,1.5,0.5,3.5,7.75,2.0,4.0,20.5,0,0,1,0,1,0,1,1,1,1,0,0,0,0,0,1,0,0,1
2020-10-24,0.0,0.0,9.0,0.5,6.75,3.0,3.5,1.75,5.5,1.5,0.0,0.5,0.0,18.0,1.0,2.25,0.0,0.0,2.5,0,0,1,0,1,0,1,1,1,1,0,0,0,0,0,1,0,0,1
2020-10-25,0.0,0.0,5.5,0.5,1.75,3.0,8.5,6.25,5.5,2.25,0.0,0.5,0.0,18.0,1.0,3.5,0.0,0.0,5.0,0,0,1,0,1,0,1,1,1,1,0,0,0,0,0,1,0,0,1
2020-10-26,2.5,0.0,5.5,0.0,2.0,0.0,26.0,7.5,5.5,2.25,0.0,0.0,0.0,0.0,0.0,0.0,0.0,0.0,15.5,0,0,1,0,1,0,1,1,1,1,0,0,0,0,0,1,0,0,1
2020-10-27,2.5,0.0,6.0,0.0,4.5,0.0,10.0,5.25,5.5,1.75,0.0,0.0,0.0,0.0,0.0,0.75,0.0,0.0,7.5,0,0,1,0,1,0,1,1,1,1,0,0,0,0,0,1,0,0,1
2020-10-28,0.0,0.0,4.5,0.0,2.25,0.0,6.0,2.5,5.5,1.0,0.0,0.0,0.0,0.0,0.0,12.5,0.0,0.0,0.0,0,0,1,0,1,0,1,1,1,1,0,0,0,0,0,1,0,0,1
2020-10-29,5.5,0.0,7.5,8.0,1.5,20.5,4.5,5.0,10.0,0.0,5.0,0.0,5.5,14.5,19.5,19.5,0.0,26.5,1.5,0,0,1,0,1,0,1,1,1,1,0,0,0,0,0,1,0,0,1
2020-10-30,0.5,1.0,5.75,8.0,10.5,20.5,2.5,8.0,8.0,8.25,5.0,0.0,5.5,14.5,19.5,19.5,0.0,26.5,2.75,0,0,1,0,1,0,1,1,1,1,0,0,0,0,0,1,0,0,1
2020-10-31,0.5,4.5,10.25,13.5,1.5,25.0,26.5,21.0,11.0,8.25,27.0,34.0,35.0,24.5,23.0,10.75,50.0,37.0,3.0,0,0,1,0,1,0,1,1,1,1,0,0,0,0,0,1,0,0,1
2020-11-01,2.0,4.5,10.0,31.0,1.5,33.0,11.0,23.0,4.5,15.25,28.0,34.0,35.0,31.5,23.0,1.0,50.0,37.0,5.0,0,0,1,0,1,0,1,1,1,1,0,0,0,0,0,1,0,0,1
2020-11-02,2.0,2.0,3.0,31.0,0.5,33.0,10.5,17.5,4.5,15.25,28.0,18.5,35.5,31.5,22.0,0.75,45.0,16.0,5.0,0,0,1,0,1,0,1,1,1,1,0,0,0,0,0,1,0,0,1
2020-11-03,0.5,1.0,6.0,11.0,5.5,8.5,7.5,12.5,9.5,18.25,19.0,3.0,35.5,10.5,2.5,5.0,45.0,5.0,5.0,0,0,1,0,1,0,1,1,1,1,0,0,0,0,0,1,0,0,1
2020-11-04,0.5,0.5,11.0,58.0,3.5,41.5,11.5,12.5,4.0,5.75,23.0,4.5,14.0,13.0,3.0,4.25,5.5,119.0,6.0,0,0,1,0,1,0,1,1,1,1,0,0,0,0,0,1,0,0,1
2020-11-05,0.0,0.5,4.0,58.0,0.5,41.5,14.0,12.0,0.0,35.0,23.0,4.5,14.0,13.0,3.0,0.0,5.5,119.0,3.0,0,0,1,0,1,0,1,1,1,1,0,0,0,0,0,1,0,0,1
2020-11-06,0.5,0.5,9.75,11.5,0.5,1.5,1.5,10.0,11.0,0.0,46.0,40.5,2.0,0.5,0.5,7.0,2.5,5.0,14.0,0,0,1,0,1,0,1,1,1,1,0,0,0,0,0,1,0,0,1
2020-11-07,0.5,0.5,22.25,11.5,11.0,3.5,10.5,18.0,37.0,40.75,46.0,40.5,4.0,0.5,4.5,16.5,3.0,9.0,15.0,0,0,1,0,1,0,1,1,1,1,0,0,0,0,0,1,0,0,1
2020-11-08,0.5,0.5,28.75,16.5,16.0,5.0,4.0,6.5,10.0,0.5,6.0,16.5,4.0,1.5,4.5,15.25,6.0,9.5,11.75,0,0,1,0,1,0,1,1,1,1,0,0,0,0,0,1,0,0,1
2020-11-09,3.0,0.0,13.5,16.5,24.0,5.0,29.5,20.0,21.5,22.75,8.0,16.5,2.0,1.0,1.5,32.5,6.0,9.5,7.25,0,0,1,0,1,0,1,1,1,1,0,0,0,0,0,1,0,0,1
2020-11-10,15.5,0.0,12.25,9.0,22.0,2.5,29.5,24.0,17.5,27.75,8.0,5.0,2.0,1.0,0.5,19.0,0.5,7.0,10.0,0,0,1,0,1,0,1,1,1,1,0,0,0,1,0,1,0,0,1
2020-11-11,19.0,0.0,21.5,1.0,10.5,93.5,12.5,10.5,18.0,24.0,0.0,0.0,0.0,1.0,0.0,9.0,9.0,9.0,11.75,0,0,1,0,1,0,1,1,1,1,0,0,0,1,0,1,0,0,1
2020-11-12,59.0,0.0,11.75,1.0,2.5,93.5,16.0,10.5,5.5,19.75,0.0,0.0,0.0,1.0,0.0,2.5,9.0,9.0,11.75,0,0,1,0,1,0,1,1,1,1,0,0,0,1,0,1,0,0,1
2020-11-13,59.5,10.0,12.0,2.0,10.5,25.0,16.0,17.5,12.5,19.25,5.0,2.5,30.5,1.0,7.0,29.0,25.5,14.0,7.75,0,0,1,0,1,0,1,1,1,1,0,0,0,1,0,1,0,0,1
2020-11-14,4.0,10.0,19.25,2.0,16.5,25.0,24.0,24.0,12.5,11.75,5.0,7.5,30.5,1.0,2.0,29.0,25.5,14.0,10.25,0,0,1,0,1,0,1,1,1,1,0,0,0,1,0,1,0,0,1
2020-11-15,3.0,11.0,17.25,38.5,16.5,10.5,19.5,26.5,47.0,16.25,65.5,67.5,68.5,1.0,43.0,44.0,56.5,1.0,16.75,0,0,1,0,1,0,1,1,1,1,0,0,0,1,0,1,0,0,1
2020-11-16,3.0,11.0,20.0,38.5,24.0,10.5,23.0,24.0,18.0,57.5,65.5,67.5,68.5,1.0,43.0,1.0,56.5,4.5,9.75,0,0,1,0,1,0,1,1,1,1,0,0,0,1,0,1,0,0,1
2020-11-17,2.0,5.5,13.75,19.5,23.0,13.5,12.0,6.0,22.5,57.5,24.5,90.5,83.5,9.0,30.0,0.0,68.0,55.5,8.5,0,0,1,0,1,0,1,1,1,1,0,0,0,1,0,1,0,0,1
2020-11-18,3.0,6.0,5.5,20.0,3.0,13.5,12.0,23.0,22.5,45.5,24.5,90.5,83.5,9.0,30.0,5.0,68.0,55.5,13.0,0,0,1,0,1,0,1,1,1,1,0,0,0,1,0,1,0,0,1
2020-11-19,3.0,30.5,5.5,42.0,3.5,16.0,22.0,5.0,22.5,27.25,36.5,43.0,14.5,9.0,10.5,25.0,28.0,28.5,7.25,0,0,1,0,1,0,1,1,1,1,0,0,0,1,0,1,0,0,1
2020-11-20,1.0,30.5,8.5,42.0,13.0,16.0,22.0,2.0,22.5,24.25,36.5,43.0,14.5,9.0,9.5,25.0,9.0,28.5,0.75,0,0,1,0,1,0,1,1,1,1,0,0,0,1,0,1,0,0,1
2020-11-21,1.5,40.0,8.5,47.5,16.0,10.0,22.0,2.0,22.5,20.75,21.0,22.0,16.5,9.0,12.0,25.0,19.5,15.0,0.0,0,0,1,0,1,0,1,1,1,1,0,0,0,1,0,1,0,0,1
2020-11-22,1.5,40.0,5.5,47.5,9.0,10.0,22.0,2.0,22.5,22.5,21.0,22.0,16.5,9.0,12.0,25.0,19.5,15.0,0.5,0,0,1,0,1,0,1,1,1,1,0,0,0,1,0,1,0,0,1
2020-11-23,1.5,34.5,5.25,27.5,1.0,23.5,22.0,2.0,22.5,60.25,12.5,12.0,17.0,9.0,1.0,25.0,9.0,10.5,0.5,0,0,1,0,1,0,1,1,1,1,0,0,0,1,0,1,0,0,1
2020-11-24,1.5,34.5,5.25,28.0,4.0,24.0,22.0,2.0,22.5,61.75,14.0,40.0,17.5,9.0,3.5,25.0,11.5,11.0,4.5,0,0,1,0,1,0,1,1,0,1,0,0,0,0,0,1,0,0,1
2020-11-25,5.5,13.0,4.5,12.0,6.0,9.0,22.0,2.0,23.0,6.5,14.0,40.5,14.0,9.0,0.0,25.0,12.0,6.0,6.0,0,0,1,0,1,0,1,1,0,1,0,0,0,0,0,1,0,0,1
2020-11-26,22.0,6.0,5.75,2.5,2.0,5.0,22.0,2.0,27.0,29.75,35.0,19.0,70.5,22.0,28.5,25.0,27.5,9.0,6.0,0,0,1,0,1,0,0,1,0,1,0,0,0,0,0,0,0,0,1
2020-11-27,22.5,6.0,5.5,22.5,2.0,5.0,22.0,2.0,27.0,38.0,35.0,35.5,70.5,22.0,0.0,25.0,27.5,9.0,3.5,0,0,1,0,1,0,0,0,0,1,0,0,0,0,0,0,0,0,1
2020-11-28,18.0,5.5,6.5,22.5,2.0,1.0,0.5,2.0,11.0,35.75,14.0,35.5,4.0,0.5,3.0,0.5,6.5,2.0,5.5,0,0,1,0,1,0,0,0,0,1,0,0,0,0,0,0,0,0,1
2020-11-29,6.5,1.5,6.0,5.0,2.0,17.0,47.5,20.0,9.5,16.5,7.5,2.5,5.5,64.0,36.0,21.5,18.0,38.5,6.5,0,0,1,0,1,0,0,0,0,1,0,0,0,0,0,0,0,0,1
2020-11-30,6.5,0.5,4.75,2.5,2.0,17.0,47.5,20.0,9.5,14.5,2.0,2.5,0.0,64.0,0.0,21.5,18.0,38.5,10.5,0,0,1,0,1,0,0,0,0,1,0,0,0,0,0,0,0,0,1
2020-12-01,31.0,0.0,6.0,15.0,2.0,5.0,3.5,4.5,0.0,5.5,0.0,1.0,2.0,8.0,10.5,3.0,4.0,1.5,11.0,0,0,1,0,1,0,0,0,0,1,0,0,0,0,0,0,0,0,1
2020-12-02,6.0,0.0,9.5,15.0,2.0,5.0,3.5,4.5,7.0,26.0,2.0,15.0,5.5,8.0,10.5,4.0,4.0,1.5,12.0,0,0,1,0,1,0,0,0,0,1,0,0,0,0,0,0,0,0,1
2020-12-03,1.0,26.5,0.5,0.5,2.0,0.5,0.0,1.5,7.0,5.5,11.5,15.0,5.5,4.0,1.0,0.0,3.0,1.5,5.5,0,0,1,0,0,0,0,0,0,1,0,0,0,0,0,0,0,0,1
2020-12-04,1.0,26.5,0.5,0.5,2.0,0.5,0.0,0.0,1.5,5.5,11.5,0.0,0.0,0.5,1.0,0.0,3.0,1.5,3.5,0,0,1,0,0,0,0,0,0,1,0,0,0,0,0,0,0,0,1
2020-12-05,0.0,0.0,0.5,0.0,0.0,0.5,1.0,1.5,3.5,5.5,0.0,1.0,4.0,1.0,5.0,5.5,6.5,2.5,2.0,0,0,1,0,0,0,0,0,0,1,0,0,0,0,0,0,0,0,1
2020-12-06,0.0,0.0,0.5,0.0,0.0,4.0,38.5,18.5,3.5,5.5,3.0,1.0,37.5,36.0,1.0,38.0,10.0,16.0,2.0,0,0,1,0,0,0,0,0,0,1,0,0,0,0,0,0,0,0,1
2020-12-07,5.0,8.0,0.5,0.5,13.5,4.0,38.5,18.5,52.0,5.5,3.0,33.0,37.5,36.0,43.0,38.0,51.5,16.0,0.5,0,0,1,0,0,0,0,0,0,1,0,0,0,0,0,0,0,0,1
2020-12-08,5.0,8.0,0.5,0.5,13.5,12.0,1.0,3.5,52.0,5.5,0.5,0.0,4.0,27.0,0.5,0.5,51.5,4.5,3.0,0,0,1,0,0,0,0,0,0,1,0,0,0,0,0,0,0,0,1
2020-12-09,63.5,5.0,0.5,16.5,6.0,36.5,13.5,18.5,0.5,14.0,23.5,3.0,14.5,2.5,4.5,42.5,2.0,151.5,0.0,0,0,1,0,0,0,0,0,0,1,0,0,0,0,0,0,0,0,1
2020-12-10,0.5,5.0,0.5,16.5,6.0,36.5,28.0,30.0,13.5,14.5,23.5,14.5,21.0,40.0,5.0,42.5,10.5,151.5,3.5,0,0,0,0,0,0,0,0,0,1,0,0,0,0,0,0,0,0,1
2020-12-11,1.5,1.5,1.0,3.0,1.5,29.0,28.0,30.0,13.5,34.0,7.5,14.5,21.0,1.0,0.0,11.5,10.5,16.5,2.5,0,0,0,0,0,0,0,0,0,1,0,0,0,0,0,0,0,0,1
2020-12-12,5.0,2.5,2.5,4.0,3.0,29.0,7.0,9.0,13.5,9.0,2.0,4.5,2.0,3.5,0.5,11.5,8.0,7.5,2.0,0,0,0,0,0,0,0,0,0,1,0,0,0,0,0,0,0,0,1
2020-12-13,4.0,2.5,5.0,6.0,3.0,8.0,7.0,9.0,13.5,5.5,3.0,4.5,6.5,3.5,1.0,3.0,8.0,5.5,11.0,0,0,0,0,0,0,0,1,0,1,0,0,0,0,0,0,0,0,1
2020-12-14,4.5,5.5,5.0,6.0,6.0,8.0,15.0,9.0,11.0,1.0,3.0,4.5,10.5,23.5,22.5,11.0,13.5,5.5,7.0,0,0,0,0,0,0,0,1,0,1,0,0,0,0,0,0,0,0,1
2020-12-15,1.5,10.5,8.0,5.5,8.0,8.0,25.0,9.0,19.5,7.0,5.5,8.5,23.0,15.0,30.0,23.0,24.0,42.5,3.5,0,0,0,0,0,1,0,1,0,1,0,0,0,0,0,0,0,0,1
2020-12-16,16.0,10.5,8.0,15.5,8.0,8.0,25.0,1.0,19.5,10.0,5.5,14.5,23.0,57.0,30.0,9.5,24.0,42.5,2.75,0,0,0,0,0,1,0,0,0,1,0,0,0,0,0,0,0,0,1
2020-12-17,0.0,5.5,5.5,15.5,7.0,8.0,21.0,1.0,0.5,10.0,5.0,22.5,5.5,57.0,0.0,2.0,6.5,6.5,2.25,0,0,0,0,0,1,0,0,0,1,0,0,0,0,0,0,0,0,1
2020-12-18,0.5,2.5,5.5,0.5,3.0,0.0,4.0,0.5,0.5,6.0,3.0,22.5,2.5,1.5,2.5,0.0,2.0,2.5,4.75,0,0,0,0,0,0,0,0,0,1,0,0,0,0,0,0,0,0,1
2020-12-19,2.0,0.5,0.5,1.0,0.5,1.0,1.0,0.5,0.5,3.0,0.5,2.5,0.0,0.5,2.5,0.0,1.0,0.5,6.0,0,0,0,0,0,0,0,0,1,1,0,0,0,0,0,0,0,0,1
2020-12-20,2.5,0.5,0.5,1.0,0.5,1.0,1.0,0.5,0.0,4.0,0.5,1.0,0.0,0.5,0.5,0.5,1.0,1.0,3.75,0,0,0,0,0,0,0,0,0,1,0,0,0,0,0,0,0,0,1
2020-12-21,0.0,0.0,0.5,0.0,0.0,0.5,0.5,0.5,0.0,29.5,0.0,0.0,0.0,0.0,0.0,0.5,0.0,0.0,2.75,0,0,0,0,0,0,0,0,0,1,0,0,0,0,0,0,0,0,1
2020-12-22,0.0,0.0,2.5,0.0,0.0,0.0,0.0,0.5,0.0,21.0,0.0,0.0,0.0,0.0,0.0,0.0,0.0,1.0,1.75,0,0,0,0,0,0,0,0,0,1,0,0,0,0,0,0,0,0,1
2020-12-23,0.0,0.0,2.5,0.0,0.0,0.0,0.0,7.0,0.0,0.5,0.0,0.0,0.0,0.0,0.0,0.0,0.0,1.0,8.0,0,0,0,0,0,0,0,0,0,1,0,0,0,0,0,0,0,0,1
2020-12-24,0.0,0.0,0.0,0.0,0.0,0.0,1.5,7.5,0.0,7.0,0.0,0.0,0.0,2.5,8.5,0.0,0.0,0.0,6.25,0,0,0,0,0,0,0,0,0,1,0,0,0,0,0,0,0,0,1
2020-12-25,0.0,1.0,0.0,10.0,0.5,0.0,1.5,2.0,0.0,16.5,0.0,0.0,0.0,2.5,8.5,0.0,0.0,0.0,8.0,0,0,0,0,0,0,0,0,0,1,0,0,0,0,0,0,0,0,1
2020-12-26,26.0,13.5,18.5,12.5,11.5,28.5,28.5,4.5,76.0,16.5,17.0,26.0,57.5,28.5,6.5,0.0,56.5,56.0,13.0,0,0,0,0,0,0,0,0,0,1,0,0,0,0,0,1,0,0,1
2020-12-27,0.5,14.0,19.0,12.5,11.5,0.5,29.0,6.5,76.5,0.5,17.0,54.5,58.0,29.5,7.0,0.0,57.0,56.0,0.25,0,0,0,0,0,0,0,0,0,1,0,0,0,0,0,1,0,0,1
2020-12-28,7.5,2.0,1.5,3.0,3.5,9.5,21.5,9.5,11.0,2.0,17.0,54.5,7.5,29.0,4.5,2.0,1.0,2.5,0.0,0,0,0,0,0,0,0,0,0,1,1,0,0,0,0,0,0,0,1
2020-12-29,5.5,2.0,7.0,3.0,3.5,55.0,36.5,11.0,11.0,3.0,17.0,17.0,7.5,29.0,31.0,47.0,42.0,58.5,2.25,0,0,0,1,0,0,0,0,0,1,1,0,0,0,0,0,0,0,1
2020-12-30,0.0,0.0,7.0,3.0,0.5,55.0,36.5,16.5,2.5,18.25,17.0,17.0,4.5,23.0,32.5,47.0,42.0,58.5,4.5,0,0,0,1,0,0,0,0,0,1,1,0,0,0,0,0,0,0,1
2020-12-31,6.0,19.5,1.0,4.0,15.5,0.5,28.5,15.0,45.5,49.5,17.0,25.5,17.5,31.5,16.0,2.5,31.0,0.0,14.5,0,0,0,0,0,0,0,0,0,1,1,0,0,0,0,0,0,0,1
2021-01-01,1.0,19.5,1.0,4.0,15.5,1.5,28.5,15.5,45.5,0.0,17.0,25.5,17.5,31.5,16.0,2.5,31.0,1.0,1.0,0,0,0,0,0,0,0,0,1,1,1,0,0,0,0,0,0,0,1
2021-01-02,0.0,7.5,7.5,8.0,0.5,7.0,4.0,13.5,5.0,0.0,17.0,4.5,4.0,1.5,4.0,2.5,5.5,7.0,8.5,0,0,0,0,0,0,0,0,0,1,1,0,0,0,0,1,0,0,1
2021-01-03,4.5,65.0,60.5,73.5,0.5,44.0,40.5,13.5,40.5,0.25,17.0,47.0,5.5,1.5,37.5,2.5,37.5,51.5,16.5,0,0,0,0,1,0,0,1,0,1,1,0,0,1,0,1,0,0,1
2021-01-04,0.0,65.0,60.5,73.5,0.0,44.0,40.5,2.0,0.0,8.25,0.5,47.0,0.0,0.0,37.5,2.5,37.5,51.5,1.0,0,0,0,0,0,0,0,0,0,1,1,0,0,0,0,1,0,0,1
2021-01-05,0.0,11.0,1.5,14.0,11.5,3.0,0.0,4.5,28.5,14.5,0.5,33.0,29.5,45.5,1.0,2.5,16.0,0.5,1.0,0,0,0,0,0,0,0,0,0,1,1,0,0,0,0,1,0,0,1
2021-01-06,0.5,11.0,1.5,14.0,11.5,3.5,0.0,4.5,28.5,2.25,0.0,33.0,0.0,46.0,1.0,0.0,16.0,0.5,0.25,0,0,0,0,0,0,1,0,0,1,1,0,0,0,0,0,0,0,1
2021-01-07,0.0,0.5,0.0,0.5,0.5,0.5,0.0,2.5,1.5,40.0,0.0,0.5,0.0,1.5,1.5,2.0,10.0,0.5,1.75,0,0,0,0,0,0,1,0,0,1,1,0,0,0,0,0,0,0,1
2021-01-08,3.5,0.0,1.0,1.0,0.0,0.5,0.0,3.5,1.5,5.5,0.0,0.0,0.0,1.5,1.5,0.5,10.0,0.0,0.0,0,0,0,0,0,0,1,0,0,1,1,0,0,0,0,0,0,0,1
2021-01-09,2.5,0.5,1.0,1.0,0.5,0.5,0.0,3.5,0.5,2.5,0.0,0.5,0.0,0.0,0.0,0.0,0.0,0.0,0.0,0,0,0,0,0,0,1,0,0,1,1,0,0,0,0,0,0,0,1
2021-01-10,0.0,0.5,0.5,1.0,0.0,0.0,0.0,3.0,0.0,13.0,0.0,0.5,0.0,0.0,0.0,0.0,0.0,0.0,1.5,0,0,0,0,0,0,1,0,0,1,1,0,0,0,0,1,0,0,1
2021-01-11,0.0,0.0,0.0,0.0,0.0,0.0,0.0,1.0,0.0,13.25,0.0,0.0,0.0,0.0,0.0,0.0,0.0,0.0,1.5,0,0,0,0,0,0,1,0,0,1,1,0,0,0,0,0,0,0,1
2021-01-12,0.5,0.0,0.0,0.0,0.0,0.0,0.0,0.5,0.0,3.0,0.0,0.0,0.0,0.0,0.0,0.0,0.0,0.0,0.0,0,0,0,0,0,0,1,0,0,1,1,0,0,0,0,0,0,0,1
2021-01-13,0.0,0.0,0.0,0.0,0.0,0.0,0.5,0.5,0.0,0.0,0.5,0.0,0.0,0.0,0.0,0.0,0.0,0.0,0.0,0,0,0,0,0,0,1,0,0,1,1,0,0,0,0,0,0,0,1
2021-01-14,0.0,0.0,0.0,0.0,0.0,0.0,0.0,0.5,0.0,0.0,0.5,0.0,0.0,0.0,0.0,0.0,0.0,0.0,0.25,0,0,0,0,0,0,1,0,0,1,1,0,0,0,0,0,0,0,1
2021-01-15,0.0,0.0,0.0,0.0,0.5,0.0,0.0,0.0,0.0,21.0,2.5,3.5,0.0,0.0,0.0,0.0,0.0,0.0,0.75,0,0,0,0,0,0,1,0,0,1,1,0,0,0,0,0,0,0,1
2021-01-16,0.0,0.0,0.0,0.0,0.0,0.0,2.0,0.0,0.0,16.25,9.0,0.0,0.0,0.0,0.0,0.0,0.0,0.0,3.25,0,0,0,0,0,0,1,0,0,1,1,0,0,0,0,1,0,0,1
2021-01-17,15.5,7.0,0.5,1.5,10.0,25.5,6.0,5.0,28.0,2.75,12.0,0.0,0.0,79.0,18.0,1.5,43.5,0.0,9.75,0,0,0,0,0,0,1,0,0,1,1,0,0,0,0,0,0,0,1
2021-01-18,0.0,0.0,0.0,0.0,0.0,0.0,2.5,0.5,28.0,2.75,10.5,0.0,0.0,0.0,0.0,0.5,0.0,0.0,4.5,0,0,0,0,0,0,1,0,0,1,1,0,0,0,0,0,0,0,1
2021-01-19,0.0,0.0,0.0,0.0,0.0,0.0,6.5,0.5,0.0,12.0,4.5,0.0,0.0,0.0,0.0,0.0,0.0,0.0,5.25,0,0,0,0,0,0,1,0,0,1,1,0,0,0,0,0,0,0,1
2021-01-20,1.0,0.0,0.0,2.5,0.0,0.0,0.0,0.0,3.5,7.75,0.5,0.0,0.0,0.0,0.0,0.0,6.0,0.0,2.0,0,0,0,0,0,0,1,0,0,1,1,0,0,0,0,0,0,0,1
2021-01-21,27.0,4.5,61.5,36.0,1.0,27.0,4.5,0.5,3.5,0.0,12.0,0.0,0.0,1.5,0.0,0.0,6.0,0.0,0.75,0,0,0,0,0,0,1,0,0,1,1,0,0,0,0,1,0,0,1
2021-01-22,4.0,6.5,61.5,36.0,5.5,27.0,0.0,0.5,5.0,1.0,1.5,0.0,0.0,26.5,34.0,0.0,5.0,2.5,1.25,0,0,0,0,0,0,1,0,0,1,1,0,0,0,0,1,0,0,1
2021-01-23,2.0,6.5,1.0,3.0,5.5,7.0,7.5,0.5,6.0,4.75,0.5,10.5,1.0,26.5,34.0,3.5,5.0,10.5,0.0,0,0,0,0,0,0,1,0,0,1,1,0,0,1,0,0,0,0,1
2021-01-24,0.0,0.5,0.5,0.0,0.0,1.5,7.5,0.5,6.0,19.75,21.5,17.5,0.0,0.0,7.0,3.5,2.0,10.5,0.0,0,0,0,0,0,0,1,0,0,1,1,0,0,0,0,0,0,0,1
2021-01-25,0.0,0.0,0.0,0.0,0.0,0.5,7.5,0.5,3.5,17.5,14.0,17.5,0.0,0.0,13.5,0.5,0.5,0.0,0.0,0,0,0,0,0,0,1,0,0,1,1,0,0,0,0,0,0,0,1
2021-01-26,0.0,0.0,0.5,0.0,0.0,3.0,7.5,0.0,3.5,2.25,0.0,0.0,0.0,0.0,13.5,0.0,0.0,0.0,0.0,0,0,0,0,0,0,1,0,0,1,1,0,0,0,0,0,0,0,1
2021-01-27,0.0,0.0,0.5,0.0,0.0,3.0,0.0,0.0,1.0,4.25,0.5,1.0,0.0,15.0,16.0,0.0,0.0,0.0,0.0,0,0,0,0,0,0,1,0,0,1,1,0,0,0,0,0,0,0,1
2021-01-28,6.0,2.0,0.5,2.5,2.0,0.5,3.0,0.0,4.5,4.25,6.5,2.0,0.5,15.0,16.0,10.5,8.0,0.0,5.5,0,0,0,0,0,0,1,0,0,1,1,0,0,0,0,0,0,0,1
2021-01-29,6.0,3.0,0.5,2.5,3.5,0.5,4.0,0.0,5.0,1.5,6.5,2.0,0.0,0.5,16.5,11.0,8.0,0.0,8.5,0,0,0,0,0,0,1,0,0,1,1,0,0,0,0,0,0,0,1
2021-01-30,1.5,1.0,0.0,0.0,0.5,0.0,0.0,0.0,0.5,0.0,0.0,0.0,0.0,0.0,0.0,0.0,0.0,0.0,1.5,0,0,0,0,0,0,1,0,0,1,1,0,1,0,0,0,0,0,1
2021-01-31,7.5,1.5,0.0,0.5,1.0,1.5,1.5,0.0,26.0,0.0,0.5,24.5,0.0,5.0,11.0,0.0,28.0,0.0,1.0,0,0,0,0,0,0,1,1,0,1,1,0,0,0,0,0,0,0,1
2021-02-01,1.5,1.5,0.0,0.5,1.0,1.5,0.0,0.0,26.0,2.5,0.0,24.5,0.0,5.0,11.0,0.0,28.0,0.0,0.0,0,0,0,0,0,0,1,1,0,1,1,0,0,0,0,0,0,0,1
2021-02-02,1.5,0.0,0.0,0.0,0.5,0.0,0.0,0.0,0.0,3.75,0.0,0.0,0.0,11.0,0.0,0.0,0.5,0.0,0.0,0,0,0,0,0,0,1,1,0,1,1,0,0,0,0,0,0,0,1
2021-02-03,0.0,0.0,0.0,0.0,0.0,0.0,0.0,0.0,0.0,0.75,0.0,0.0,0.0,11.0,5.5,0.0,0.0,0.0,0.0,0,0,0,0,0,0,1,1,0,1,1,0,0,0,0,0,0,0,1
2021-02-04,0.0,0.0,0.0,0.0,0.0,0.0,0.0,0.0,0.0,1.0,0.0,0.0,0.0,4.0,5.5,0.0,0.0,0.0,4.5,0,0,0,0,0,0,1,1,0,1,1,0,1,0,0,0,0,0,1
2021-02-05,0.0,0.0,0.0,0.0,0.0,0.0,0.0,0.0,0.0,24.25,0.5,0.0,0.0,0.0,0.0,0.0,0.0,0.0,5.0,0,0,0,0,0,0,1,1,0,1,1,0,1,0,0,0,0,0,1
2021-02-06,3.0,0.0,0.0,0.0,0.0,0.0,11.0,0.0,10.0,25.5,4.0,41.0,0.0,0.0,2.5,0.0,6.5,0.0,4.5,0,0,0,0,0,0,1,1,0,1,1,0,1,0,0,0,0,0,1
2021-02-07,3.0,0.0,0.0,0.0,0.0,0.0,5.5,15.0,10.0,16.5,4.0,41.0,0.0,0.0,55.0,0.0,6.5,0.0,0.5,0,0,0,0,0,0,1,1,0,1,1,0,1,0,0,0,0,0,1
2021-02-08,0.0,0.0,0.0,0.0,0.0,0.0,1.5,9.0,0.0,27.0,3.5,10.5,0.0,0.0,55.0,0.0,0.5,0.0,0.5,0,0,0,0,0,0,1,1,0,1,1,0,1,0,0,0,0,0,1
2021-02-09,0.0,0.0,0.0,0.0,0.0,0.5,1.5,4.5,0.0,4.0,3.0,10.5,0.0,0.0,1.5,0.0,0.0,0.0,0.5,0,0,0,0,0,0,1,1,0,1,1,0,1,0,0,0,0,0,1
2021-02-10,0.0,0.0,0.0,0.0,0.0,0.5,4.5,0.0,0.0,0.5,0.0,0.0,0.0,0.0,0.0,0.0,0.0,0.0,1.5,0,0,0,0,0,0,1,1,0,1,1,0,1,0,0,0,0,0,1
2021-02-11,14.0,3.5,2.0,14.5,4.5,92.0,2.5,0.0,0.0,9.25,0.0,0.0,3.0,0.0,0.0,0.0,1.0,0.0,1.5,0,0,0,0,0,0,1,1,0,1,1,0,1,0,0,0,0,0,1
2021-02-12,19.5,3.5,2.0,14.5,4.5,92.0,0.0,0.5,11.5,19.75,0.0,0.0,2.0,19.5,1.0,0.0,29.5,0.0,0.0,0,0,0,0,0,0,1,1,0,1,1,0,1,0,0,0,0,0,1
2021-02-13,39.0,0.0,0.5,0.0,0.5,14.5,0.0,0.0,11.5,20.5,3.0,0.0,0.5,19.5,1.0,0.0,29.5,0.0,0.5,0,0,0,0,0,0,1,1,0,1,1,0,1,0,0,0,0,0,1
2021-02-14,0.0,0.0,6.0,0.0,0.0,11.5,1.0,0.0,8.5,15.25,0.5,0.0,0.5,6.0,0.5,0.0,3.5,0.0,2.0,0,0,0,0,0,0,1,1,0,1,1,0,1,0,0,0,0,0,1
2021-02-15,0.5,0.0,6.0,0.0,0.0,11.5,0.5,0.25,0.0,9.5,0.5,0.0,0.5,0.0,0.0,0.0,0.0,0.0,2.0,0,0,0,0,0,0,1,1,0,1,1,0,1,0,0,0,0,0,1
2021-02-16,0.0,0.0,1.5,0.0,0.0,1.5,1.5,0.0,0.0,12.75,7.5,2.5,3.5,0.0,0.5,0.0,0.0,0.0,16.0,0,0,0,0,0,0,1,1,0,1,1,0,1,0,0,0,0,0,1
2021-02-17,0.5,0.0,1.5,1.0,0.0,0.0,0.0,0.0,13.5,0.25,0.5,52.0,2.0,0.0,32.0,0.0,8.0,0.0,2.0,0,0,0,0,0,0,1,1,0,1,1,0,1,0,0,0,0,0,1
2021-02-18,0.0,0.0,0.0,1.0,0.0,0.0,4.0,1.25,13.5,2.0,4.0,52.0,10.0,0.0,32.0,0.0,8.0,0.0,2.5,0,0,0,0,0,0,1,1,0,1,1,0,1,0,0,0,0,0,1
2021-02-19,0.0,0.0,0.0,0.0,0.0,0.0,0.5,5.0,0.0,5.5,5.0,0.0,8.5,0.0,0.0,0.0,0.0,0.0,10.5,0,0,0,0,0,0,1,1,0,1,1,0,1,0,0,0,0,0,1
2021-02-20,0.0,0.0,0.0,0.0,0.0,0.0,0.0,0.5,0.0,6.25,0.5,0.0,7.0,0.0,0.0,0.0,0.0,0.0,0.5,0,0,0,0,0,0,1,1,0,1,1,0,1,0,0,0,0,0,1
2021-02-21,0.0,0.0,0.0,0.0,0.0,0.0,0.0,0.75,0.0,5.25,6.0,0.0,1.5,0.0,0.0,0.0,0.0,0.0,1.5,0,0,0,0,0,0,1,1,0,1,1,0,1,0,0,0,0,0,1
2021-02-22,0.0,0.0,0.0,0.0,0.0,0.0,1.5,1.25,0.0,4.0,11.5,0.0,4.0,0.0,0.0,0.0,0.0,0.0,5.0,0,0,0,0,0,0,1,1,0,1,1,0,1,0,0,0,0,0,1
2021-02-23,0.0,0.0,0.0,0.0,0.0,0.0,10.5,12.0,0.0,9.0,16.5,0.0,14.5,0.0,0.0,0.0,0.0,0.0,5.0,0,0,0,0,0,0,1,1,0,1,1,0,1,0,0,0,0,0,1
2021-02-24,0.0,0.0,0.0,0.0,0.0,0.0,17.25,5.0,0.0,25.75,11.0,0.0,9.0,0.0,0.0,0.0,0.0,0.0,7.0,0,0,0,0,0,0,1,1,0,1,1,0,1,0,0,0,0,0,1
2021-02-25,0.0,0.0,0.0,0.0,0.0,0.0,7.75,5.0,0.0,10.5,7.25,0.0,9.0,0.0,0.0,0.0,0.0,0.0,8.0,0,0,0,0,0,0,1,1,0,1,1,0,1,0,0,0,0,0,1
2021-02-26,0.0,0.0,0.0,0.0,0.0,0.0,0.0,5.0,0.0,0.0,0.0,0.0,9.0,0.0,0.0,0.0,0.0,0.0,0.25,0,0,0,0,0,0,1,1,0,1,1,0,1,0,0,0,0,0,1
2021-02-27,0.0,0.0,0.0,0.0,0.0,0.0,0.0,5.0,0.0,1.25,0.0,0.0,9.0,0.0,0.0,0.0,0.0,0.0,0.25,0,0,0,0,0,0,1,1,0,1,1,0,1,0,0,0,0,0,1
2021-02-28,0.0,6.0,0.0,20.0,4.0,0.0,0.0,5.0,0.0,3.25,0.5,0.0,9.0,0.0,0.5,0.0,0.0,0.0,0.75,0,0,0,0,0,0,1,1,0,1,1,0,1,0,0,0,0,0,1
2021-03-01,0.0,3.0,0.0,0.5,2.0,0.0,2.25,5.0,0.0,3.0,0.5,0.0,9.0,0.0,4.5,0.5,0.0,0.0,1.0,0,0,0,0,0,0,1,1,0,1,1,0,1,0,0,0,0,0,1
2021-03-02,0.0,3.0,0.0,0.5,2.0,0.0,1.75,5.0,2.0,3.5,0.25,60.0,9.0,0.0,76.0,12.5,1.0,0.0,2.25,0,0,0,0,0,0,1,1,0,1,1,0,1,0,0,0,0,0,1
2021-03-03,0.0,0.0,0.0,0.0,0.0,0.0,18.75,5.0,2.0,14.0,8.5,60.0,9.0,3.0,76.0,12.5,1.0,0.0,5.0,0,0,0,0,0,0,1,0,0,1,1,0,0,0,0,0,0,0,1
2021-03-04,0.5,0.0,0.0,0.0,0.0,0.0,23.0,2.5,0.0,24.25,6.5,18.0,2.5,3.0,43.5,0.0,0.5,0.0,5.75,0,0,0,0,0,0,1,0,0,1,1,0,0,0,0,0,0,0,1
2021-03-05,0.5,0.0,0.0,0.0,0.0,23.0,13.5,0.0,2.0,2.75,1.5,4.5,0.5,6.5,0.0,2.0,0.0,7.0,2.75,0,0,0,0,0,0,1,0,0,1,1,0,0,0,0,0,0,0,1
2021-03-06,1.5,8.0,4.0,40.5,16.5,23.0,11.25,0.0,2.0,11.5,9.25,37.5,4.0,18.5,6.5,22.5,2.0,7.0,6.75,0,0,0,0,0,0,1,0,0,1,1,0,0,0,0,0,0,0,1
2021-03-07,0.5,8.5,21.0,46.5,17.0,14.0,25.5,0.0,23.0,2.0,20.25,37.5,31.0,28.0,6.5,22.5,11.5,8.5,20.75,0,0,0,0,0,0,1,0,0,1,1,0,0,0,0,0,0,0,1
2021-03-08,0.5,6.5,21.0,46.5,15.0,14.0,7.25,0.0,23.0,2.25,15.75,20.5,31.0,28.0,4.5,15.0,11.5,8.5,13.5,0,0,0,0,0,0,1,0,0,1,1,0,0,0,0,0,0,0,1
2021-03-09,0.0,0.0,0.5,0.0,0.0,0.0,2.75,0.0,0.0,9.75,1.75,0.0,0.0,0.0,0.0,0.0,1.0,0.0,3.25,0,0,0,0,0,0,1,0,0,1,1,0,0,0,0,0,0,0,1
2021-03-10,0.0,0.0,0.0,0.0,0.0,0.0,1.75,0.0,0.0,1.0,1.25,0.0,0.0,0.0,0.0,0.0,0.0,0.0,1.75,0,0,0,0,0,0,1,0,0,1,1,0,0,0,0,0,0,0,1
2021-03-11,0.0,0.0,2.5,0.0,1.0,0.0,11.75,0.0,44.0,0.25,1.75,14.5,20.5,5.5,44.5,1.5,46.0,0.0,0.25,0,0,0,0,0,0,1,0,0,1,1,0,0,0,0,0,0,0,1
2021-03-12,6.0,0.0,2.5,0.5,1.0,0.0,13.25,0.0,44.0,5.75,12.0,14.5,20.5,5.5,44.5,1.5,46.0,0.0,8.5,0,0,0,0,0,0,1,0,0,1,1,0,0,0,0,0,0,0,1
2021-03-13,10.5,1.5,4.0,0.0,2.5,7.0,13.25,0.0,1.0,4.5,6.5,0.0,0.0,0.0,2.5,4.0,0.0,0.0,5.5,0,0,0,0,0,0,1,0,0,1,1,0,0,0,0,0,0,0,1
2021-03-14,25.5,1.5,4.0,0.0,2.5,7.0,6.0,0.0,5.5,4.5,3.0,2.5,16.0,0.0,2.5,5.0,5.5,0.0,2.5,0,0,0,0,0,0,1,0,0,1,1,0,0,0,0,0,0,0,1
2021-03-15,0.0,0.0,0.0,1.0,0.0,0.0,4.25,0.0,10.5,4.0,0.75,1.5,0.0,19.0,74.5,0.0,17.0,0.5,0.25,0,0,0,0,0,0,1,0,0,1,1,0,0,0,0,0,0,0,1
2021-03-16,2.5,0.0,11.0,1.5,2.5,26.0,0.5,0.0,20.5,0.75,3.25,4.0,19.0,28.0,74.5,2.5,40.0,0.5,1.5,0,0,0,0,0,0,1,1,0,1,1,0,0,0,0,0,0,0,1
2021-03-17,2.5,36.5,11.0,19.0,42.5,26.0,0.0,0.0,24.0,0.5,0.25,9.0,26.5,48.0,31.0,9.5,40.0,2.0,0.5,0,0,0,0,0,0,1,1,0,1,1,0,0,0,0,0,0,0,1
2021-03-18,0.0,36.5,7.5,19.0,42.5,10.5,0.0,0.0,24.0,0.25,0.75,9.0,26.5,48.0,31.0,9.5,40.0,8.5,1.0,0,0,0,0,0,0,1,1,0,1,1,0,0,0,0,0,0,0,1
2021-03-19,0.0,0.0,0.0,0.0,0.0,0.0,1.25,0.0,0.0,0.25,9.75,0.0,6.5,0.5,0.0,0.5,8.0,0.0,1.0,0,0,0,0,0,0,1,1,0,1,1,0,0,0,0,0,0,0,1
2021-03-20,0.0,0.0,0.0,5.0,0.5,0.0,3.25,7.0,12.0,0.5,6.5,2.0,4.0,6.5,7.0,0.5,7.5,0.0,1.0,0,0,0,0,0,0,1,0,0,1,1,0,0,0,0,0,0,0,1
2021-03-21,0.0,0.0,0.0,5.0,0.5,0.0,2.5,7.0,12.0,0.5,9.0,2.0,4.0,6.5,7.0,0.5,7.5,0.0,1.0,0,0,0,0,0,0,1,0,0,1,1,0,0,0,0,0,0,0,1
2021-03-22,1.5,0.0,0.0,0.0,0.0,0.0,2.0,0.0,0.5,3.0,5.0,0.0,0.5,0.0,0.0,0.0,0.5,0.0,1.0,0,0,0,0,0,0,1,0,0,1,1,0,0,0,0,0,0,0,1
2021-03-23,1.5,0.0,0.0,0.0,0.0,0.0,2.25,0.0,0.0,2.0,4.75,0.0,0.0,0.0,0.0,0.0,0.0,0.0,1.0,0,0,0,0,0,0,1,0,0,1,1,0,0,0,0,0,0,0,1
2021-03-24,6.5,1.5,1.5,1.5,1.5,0.5,11.0,0.0,0.0,1.0,4.75,2.5,0.0,0.0,0.0,0.0,0.0,0.0,1.0,0,0,0,0,0,0,1,0,0,1,1,0,0,0,0,0,0,0,1
2021-03-25,7.5,3.0,3.0,4.5,3.5,4.5,12.25,3.0,1.5,1.5,18.0,2.5,1.5,3.0,28.0,2.0,1.5,2.5,1.0,0,0,0,0,0,0,1,0,0,1,1,0,0,0,0,0,0,0,0
2021-03-26,7.5,3.0,3.0,4.5,3.5,4.5,5.5,3.0,1.5,1.5,19.5,1.0,1.5,3.0,28.0,2.0,1.5,2.5,1.5,0,0,0,0,0,0,1,0,0,1,1,0,0,0,0,0,0,0,0
2021-03-27,2.0,71.0,133.0,138.5,38.0,0.0,4.75,4.5,18.0,3.0,16.25,54.5,9.0,2.0,1.5,7.5,6.5,13.0,29.0,0,0,0,0,0,0,1,0,0,1,1,0,0,0,0,0,0,0,0
2021-03-28,2.0,71.0,133.0,138.5,38.0,0.0,1.25,4.5,18.0,4.5,12.25,54.5,9.0,2.0,1.5,0.0,6.5,13.0,29.0,0,0,0,0,0,0,1,0,0,1,1,0,0,0,0,0,0,0,0
2021-03-29,27.5,126.0,33.5,55.0,76.0,45.0,2.5,95.5,60.0,6.5,6.75,58.0,45.0,134.0,53.0,99.0,39.5,83.0,25.0,0,0,0,0,0,0,1,0,0,1,1,0,0,0,0,0,0,0,0
2021-03-30,27.5,126.0,33.5,55.0,76.0,45.0,2.75,95.5,60.0,10.75,1.0,58.0,45.0,134.0,53.0,0.0,39.5,83.0,25.0,0,0,0,0,0,0,1,0,0,1,1,0,0,0,0,0,0,0,0
2021-03-31,4.5,0.5,1.0,0.5,1.0,1.5,10.5,1.0,1.0,7.0,3.25,0.5,1.0,1.0,0.0,1.0,1.0,1.5,0.5,0,0,0,0,0,0,1,0,0,1,1,0,0,0,0,0,0,0,0
2021-04-01,0.0,0.0,0.0,0.0,0.0,0.0,11.0,0.0,0.0,20.25,6.0,0.0,0.5,1.0,0.0,0.0,0.0,0.0,0.0,0,0,0,0,0,0,1,0,0,1,1,0,0,1,0,0,0,0,0
2021-04-02,6.0,0.0,0.0,0.0,0.0,0.0,21.75,0.0,0.0,18.75,7.5,3.0,0.5,0.0,9.0,0.0,0.0,0.0,0.0,0,0,0,0,0,0,1,0,0,1,1,0,1,0,0,0,0,0,0
2021-04-03,23.0,0.0,0.0,0.0,0.0,0.0,6.0,0.0,0.0,1.75,8.0,3.0,0.5,0.0,9.0,0.0,0.0,0.0,0.0,0,0,0,0,0,0,1,0,0,1,1,0,1,0,0,0,0,0,0
2021-04-04,23.0,10.5,8.5,1.5,11.5,0.5,2.5,1.5,0.0,1.5,0.25,0.0,0.5,0.0,3.5,1.5,0.0,0.5,0.0,0,0,0,0,0,0,1,0,0,1,1,0,1,0,0,0,0,0,0
2021-04-05,32.5,10.5,8.5,1.5,11.5,1.5,11.5,8.5,5.5,1.5,3.75,4.5,0.5,32.5,23.5,6.0,11.5,0.5,6.0,0,0,0,0,0,0,1,0,0,1,1,0,1,0,0,0,0,0,0
2021-04-06,15.0,1.0,10.5,0.0,4.5,8.0,2.5,16.0,10.0,1.0,3.25,9.5,0.0,1.0,3.0,19.5,31.0,29.5,52.5,0,0,0,0,0,0,1,0,0,1,1,0,0,0,0,0,0,0,0
2021-04-07,26.5,27.5,19.0,36.5,39.5,8.0,16.25,16.0,33.0,6.0,3.0,25.0,7.0,1.0,18.5,19.5,31.0,29.5,52.5,0,0,0,0,0,0,1,0,0,1,1,0,0,0,0,0,0,0,0
2021-04-08,0.0,1.0,12.5,1.0,0.5,2.5,10.0,0.5,1.0,1.25,6.75,0.5,0.5,1.5,2.0,0.5,0.5,3.0,1.0,0,0,0,0,0,0,1,0,0,1,1,0,0,0,0,0,0,0,0
2021-04-09,16.0,14.0,28.0,8.0,9.0,28.0,10.0,9.5,9.5,2.5,12.75,6.5,5.5,2.5,4.5,11.5,6.0,6.0,9.0,0,0,0,0,0,0,1,0,0,1,1,0,0,0,0,0,0,0,0
2021-04-10,16.0,14.0,28.0,8.0,9.0,28.0,10.0,9.5,9.5,1.25,6.75,6.5,5.5,2.5,10.5,11.5,7.0,6.0,9.0,0,0,0,0,0,0,1,0,0,1,1,0,0,0,0,0,0,0,0
2021-04-11,4.5,0.0,8.0,0.0,0.0,52.0,10.0,30.0,4.5,20.75,5.75,6.5,26.0,67.0,13.0,26.5,11.5,5.0,5.0,0,0,0,0,0,0,1,0,0,1,1,0,0,0,0,0,0,0,0
2021-04-12,2.5,28.5,8.0,26.0,25.5,53.0,10.0,30.5,48.5,25.5,0.0,18.5,26.0,69.0,80.5,26.5,56.0,5.0,16.5,0,0,0,0,0,0,1,0,0,1,1,0,0,0,0,0,0,0,0
2021-04-13,1.0,28.5,7.5,26.0,25.5,8.0,10.0,48.0,100.5,7.0,0.0,52.0,64.0,78.0,80.5,68.0,111.5,46.5,48.0,0,0,0,0,0,0,1,0,0,1,1,0,0,0,0,0,0,0,0
2021-04-14,2.0,5.5,7.5,8.5,12.5,68.5,10.0,48.0,100.5,1.25,0.0,52.0,64.0,78.0,43.0,19.5,111.5,46.5,48.0,0,0,0,0,0,0,1,0,0,1,1,0,0,0,0,0,0,0,0
2021-04-15,2.0,0.5,5.0,0.5,0.5,68.5,10.0,11.0,56.0,4.5,0.0,58.0,23.5,57.0,23.0,19.5,45.5,34.0,12.0,0,0,0,0,0,0,0,0,0,1,1,0,0,0,0,0,0,0,0
2021-04-16,1.0,0.0,3.5,0.5,0.0,21.0,22.0,9.5,0.5,4.25,0.0,4.5,0.0,3.0,4.0,6.5,0.0,6.0,11.0,0,0,0,0,0,0,0,0,0,1,1,0,0,0,0,0,0,0,0
2021-04-17,0.5,0.0,25.5,0.0,0.0,14.0,45.0,9.5,1.5,1.5,0.0,0.0,1.5,2.5,0.0,0.5,2.5,4.0,0.0,0,0,0,0,0,0,0,1,0,1,1,0,0,0,0,0,0,0,0
2021-04-18,1.5,0.0,0.0,0.0,0.0,0.0,45.0,0.0,0.0,2.5,0.0,0.0,0.0,0.5,0.0,0.0,0.0,0.0,0.0,0,0,0,0,0,0,0,0,0,1,1,0,0,0,0,0,0,0,0
2021-04-19,3.0,0.0,1.0,1.0,0.0,29.5,34.5,42.5,0.0,2.5,0.0,0.0,3.0,64.0,28.0,10.0,3.0,4.0,0.0,0,0,0,0,0,0,0,0,0,1,0,0,0,0,0,0,0,0,0
2021-04-20,3.0,0.0,1.0,1.0,0.0,29.5,34.5,42.5,0.0,1.75,0.0,0.0,3.0,64.0,28.0,10.0,0.0,4.0,0.0,0,0,0,0,0,0,0,0,0,1,0,0,0,0,0,0,0,0,0
2021-04-21,6.5,20.0,5.0,1.0,17.5,12.0,1.5,6.0,0.0,7.5,1.0,0.0,15.0,0.0,3.5,13.5,0.0,25.0,10.5,0,0,0,0,0,0,0,0,0,1,0,0,0,0,0,0,0,0,0
2021-04-22,10.0,20.0,5.0,1.0,17.5,27.0,20.5,33.5,26.5,4.75,1.0,38.5,34.5,4.5,6.5,35.0,23.5,78.5,10.5,0,0,0,0,0,0,0,0,0,1,0,0,0,0,0,0,0,0,0
2021-04-23,10.0,1.5,1.5,0.5,2.0,27.0,20.5,33.5,26.5,18.75,0.0,38.5,34.5,4.5,6.5,0.0,23.5,78.5,5.5,0,0,0,0,0,0,0,0,0,1,0,0,0,0,0,0,0,0,0
2021-04-24,16.0,4.0,34.0,12.5,3.5,25.5,2.5,25.0,26.0,21.5,21.0,33.5,36.0,1.5,3.5,35.5,8.5,19.5,28.0,0,0,0,0,0,0,0,0,0,1,0,0,0,0,0,0,0,0,0
2021-04-25,16.0,4.0,34.0,12.5,3.5,25.5,2.5,25.0,26.0,13.0,21.0,33.5,36.0,1.5,3.5,35.5,8.5,19.5,28.0,0,0,0,0,0,0,0,0,0,1,0,0,0,0,0,0,0,0,0
2021-04-26,7.0,10.0,2.0,17.0,6.5,0.5,1.0,0.5,1.0,3.25,18.5,1.0,0.5,0.5,0.0,0.5,0.5,4.0,0.5,0,0,0,0,0,0,0,0,0,1,0,0,0,0,0,0,0,0,0
2021-04-27,7.0,10.0,29.5,19.0,6.5,14.5,2.0,3.5,15.5,4.75,18.5,55.5,9.0,4.0,8.5,13.5,22.5,5.5,18.0,0,0,0,0,0,0,0,0,0,1,0,0,0,0,0,0,0,0,0
2021-04-28,18.5,1.0,29.5,19.0,1.5,14.5,2.0,16.5,20.5,6.0,3.5,55.5,14.0,4.0,27.5,18.5,22.5,35.0,26.0,0,0,0,0,0,0,0,0,0,1,0,0,0,0,0,0,0,0,0
2021-04-29,3.5,0.0,1.0,0.0,0.0,0.0,0.0,0.5,1.0,5.5,3.0,22.0,3.0,1.5,0.0,0.5,0.0,0.0,32.0,0,0,0,0,0,0,0,0,0,1,0,0,0,0,0,0,0,0,0
2021-04-30,0.0,0.5,0.5,0.0,0.0,0.0,8.0,3.0,26.5,2.5,0.5,11.0,1.0,4.0,60.0,0.0,4.5,0.5,0.0,0,0,0,0,0,0,0,0,0,1,0,0,0,0,0,0,0,0,0
2021-05-01,0.0,0.0,0.0,0.0,0.0,0.0,0.0,0.0,0.0,1.0,0.0,0.5,1.0,0.0,0.0,0.0,0.0,0.0,0.0,0,0,0,0,0,0,0,0,0,1,0,0,1,0,0,0,0,0,0
2021-05-02,3.0,0.0,0.0,0.0,0.0,0.0,0.0,0.0,0.0,8.75,0.5,0.5,0.0,0.5,0.5,0.0,0.0,0.0,0.0,0,0,0,0,0,0,0,0,0,1,0,0,0,0,0,0,0,0,0
2021-05-03,2.0,2.0,0.0,0.0,2.5,0.5,2.0,0.0,4.0,1.25,0.0,16.5,0.0,2.0,22.5,0.0,3.0,0.0,5.5,0,0,0,0,0,0,0,0,0,1,0,0,0,0,0,0,0,0,0
2021-05-04,2.0,2.0,13.5,14.0,2.5,17.0,2.0,20.0,42.5,5.5,21.5,19.5,16.5,2.0,33.5,10.0,21.0,0.0,6.5,0,0,0,0,0,0,0,0,0,1,0,0,0,0,0,0,0,0,0
2021-05-05,6.0,35.0,37.0,36.0,29.5,23.5,21.5,20.0,42.5,5.5,32.5,32.0,16.5,23.0,77.0,10.5,21.0,10.0,15.5,0,0,0,0,0,0,0,0,0,1,0,0,0,0,0,0,0,0,0
2021-05-06,6.0,35.0,37.0,36.0,29.5,23.5,21.5,23.5,18.0,0.5,32.5,32.0,13.0,23.0,77.0,18.0,16.0,22.5,15.5,0,0,0,0,0,0,0,0,0,1,0,0,0,0,0,0,0,0,0
2021-05-07,6.0,35.0,37.0,36.0,29.5,23.5,21.5,23.5,18.0,0.75,32.5,32.0,13.0,23.0,77.0,18.0,16.0,22.5,15.5,1,1,1,1,1,1,1,1,1,1,1,1,1,1,1,1,1,1,1
2021-05-08,6.0,35.0,37.0,36.0,29.5,23.5,21.5,23.5,18.0,6.0,32.5,32.0,13.0,23.0,77.0,18.0,16.0,22.5,15.5,1,1,1,1,1,1,1,1,1,1,1,1,1,1,1,1,1,1,1
2021-05-09,9.5,10.0,0.0,0.0,11.0,0.0,0.5,1.0,6.0,0.5,0.5,6.0,4.0,12.5,49.5,1.5,9.0,0.0,24.5,0,0,0,0,0,0,0,0,0,1,0,0,0,0,0,0,0,0,0
2021-05-10,50.5,72.5,81.0,29.5,61.5,74.0,16.5,34.5,54.5,0.5,64.0,118.5,49.0,12.5,49.5,38.0,36.5,31.5,43.0,0,0,0,0,0,0,0,0,0,1,0,0,0,0,0,0,0,0,0
2021-05-11,50.5,72.5,81.0,30.5,61.5,74.0,16.5,34.5,54.5,2.0,64.0,118.5,49.0,8.5,13.0,38.0,36.5,31.5,43.0,0,0,0,0,0,0,0,0,0,1,0,0,0,0,0,0,0,0,0
2021-05-12,38.0,11.0,75.0,31.0,13.5,36.5,5.5,9.5,16.0,2.0,1.0,0.0,15.0,13.0,0.0,1.5,12.0,25.0,1.5,0,0,0,0,0,0,0,0,0,1,0,0,0,0,0,0,0,0,0
2021-05-13,38.0,11.0,75.0,31.0,13.5,36.5,5.5,9.5,16.0,6.25,1.0,0.0,15.0,13.0,0.0,1.5,12.0,25.0,1.5,1,1,1,1,1,1,1,1,1,1,1,1,1,1,1,1,1,1,1
2021-05-14,38.0,11.0,75.0,31.0,13.5,36.5,5.5,9.5,16.0,6.25,1.0,0.0,15.0,13.0,0.0,1.5,12.0,25.0,1.5,1,1,1,1,1,1,1,1,1,1,1,1,1,1,1,1,1,1,1
2021-05-15,38.0,11.0,75.0,31.0,13.5,36.5,5.5,9.5,16.0,0.25,1.0,0.0,15.0,13.0,0.0,1.5,12.0,25.0,1.5,1,1,1,1,1,1,1,1,1,1,1,1,1,1,1,1,1,1,1
2021-05-16,38.0,11.0,75.0,31.0,13.5,36.5,5.5,9.5,16.0,0.5,1.0,0.0,15.0,13.0,0.0,1.5,12.0,25.0,1.5,1,1,1,1,1,1,1,1,1,1,1,1,1,1,1,1,1,1,1
2021-05-17,38.0,11.0,75.0,31.0,13.5,36.5,5.5,9.5,16.0,0.25,1.0,0.0,15.0,13.0,0.0,1.5,12.0,25.0,1.5,1,1,1,1,1,1,1,1,1,1,1,1,1,1,1,1,1,1,1
2021-05-18,33.0,69.5,75.0,48.5,82.5,20.0,28.5,29.5,45.5,0.25,34.5,79.5,46.0,23.5,56.5,25.5,31.5,29.0,43.0,0,0,1,0,0,0,0,0,0,1,0,0,0,0,0,0,0,0,0
2021-05-19,33.0,69.5,75.0,48.5,82.5,20.0,62.0,29.5,45.5,0.25,34.5,79.5,46.0,35.5,56.5,25.5,31.5,29.0,43.0,0,0,1,0,0,0,0,0,0,1,0,0,0,0,0,0,0,0,0
2021-05-20,2.0,3.5,2.5,0.5,4.0,1.5,62.0,10.5,0.5,0.25,1.0,0.5,4.0,35.5,19.0,2.5,0.5,0.5,1.5,0,0,1,0,0,0,0,0,0,1,0,0,0,0,0,0,0,0,0
2021-05-21,72.0,0.5,0.0,0.0,0.5,0.0,0.5,0.0,0.0,0.25,0.0,0.0,0.0,0.0,3.0,0.0,0.0,0.0,0.5,0,0,1,0,0,0,0,0,0,1,0,0,0,0,0,0,0,0,0
2021-05-22,72.0,0.0,7.0,0.0,0.0,0.0,0.0,0.0,0.0,0.5,0.0,0.0,0.0,0.0,0.5,0.0,0.0,0.0,0.0,0,0,1,0,0,0,0,0,0,1,0,0,0,0,0,0,0,0,0
2021-05-23,0.0,0.0,8.5,0.0,0.0,0.0,0.0,0.0,0.0,0.75,0.0,0.0,0.0,0.0,0.5,0.0,0.0,0.0,0.0,0,0,1,0,0,0,0,0,0,1,0,0,0,0,0,0,0,0,0
2021-05-24,0.0,0.0,3.0,0.0,0.0,0.0,0.0,0.0,0.0,0.5,0.0,0.0,0.0,0.0,0.0,0.0,0.0,0.0,0.0,0,0,1,0,0,0,0,0,0,1,0,0,0,0,0,0,0,0,0
2021-05-25,0.0,22.0,5.5,19.5,14.0,41.0,45.0,43.0,29.5,0.0,9.5,0.0,12.0,12.0,0.0,39.5,28.5,55.5,7.0,0,0,1,0,0,0,0,0,0,1,0,0,0,0,0,0,0,0,0
2021-05-26,1.5,22.0,5.0,19.5,14.0,41.0,54.0,43.0,41.5,0.5,36.5,68.0,105.5,54.5,20.0,60.5,58.5,55.5,45.0,0,0,1,0,0,0,0,0,0,1,0,0,0,0,0,0,0,0,0
2021-05-27,52.5,15.5,2.0,41.5,20.0,23.0,54.0,38.5,41.5,1.0,36.5,68.0,105.5,54.5,20.5,19.0,58.5,28.0,60.5,0,0,1,0,0,0,0,0,0,1,0,0,0,0,0,0,0,0,0
2021-05-28,0.5,0.5,2.0,3.5,2.0,0.0,0.0,29.5,0.0,0.5,1.5,0.0,0.0,0.0,0.0,13.5,0.5,0.0,0.5,0,0,1,0,0,0,0,0,0,1,0,0,0,0,0,0,0,0,0
2021-05-29,0.5,0.5,8.0,3.5,2.0,0.0,0.0,29.5,0.0,0.0,1.5,0.0,1.5,0.0,0.0,0.5,0.5,0.0,0.5,0,0,1,0,0,0,0,0,0,1,0,0,0,0,0,0,0,0,0
2021-05-30,11.5,0.0,6.0,0.5,0.0,0.0,0.0,0.5,0.0,0.0,0.0,0.0,1.5,0.0,0.0,0.0,0.5,0.0,0.0,0,0,1,0,0,0,0,0,0,1,0,0,0,0,0,0,0,0,0
2021-05-31,11.5,0.0,1.0,0.0,0.0,9.0,4.5,3.5,0.0,0.5,0.0,0.0,0.0,3.0,0.0,1.5,0.0,4.5,0.0,0,0,1,0,0,0,0,0,0,1,0,0,0,0,0,0,0,0,0
2021-06-01,0.0,30.5,0.0,0.0,41.5,9.0,4.5,3.5,0.0,0.5,0.0,0.0,0.0,3.0,0.0,1.5,0.0,4.5,0.0,0,0,1,0,0,0,0,0,0,1,0,0,0,0,0,0,0,0,0
2021-06-02,0.0,30.5,1.0,4.0,41.5,1.5,13.5,0.0,2.5,0.0,29.0,0.5,0.0,22.0,0.0,0.0,0.5,0.0,4.0,0,0,1,0,0,0,0,0,0,1,0,0,0,0,0,0,0,0,0
2021-06-03,0.0,9.5,0.25,12.0,9.0,1.5,13.5,11.0,10.5,0.5,29.0,15.5,1.5,22.0,0.5,11.0,16.5,0.0,8.0,0,0,1,0,0,0,0,0,0,1,0,0,0,0,0,0,0,0,0
2021-06-04,0.0,9.5,14.0,24.5,9.0,0.0,5.5,11.0,10.5,0.5,6.5,15.5,1.5,6.5,0.5,0.0,16.5,2.0,8.0,0,0,1,0,0,0,0,0,0,1,0,0,0,0,0,0,0,0,0
2021-06-05,0.0,6.0,15.0,24.5,6.5,8.5,25.0,26.0,16.0,0.5,22.5,15.5,24.5,17.0,9.5,26.5,13.5,7.0,11.5,0,0,1,0,0,0,0,0,0,1,0,0,0,0,0,0,0,0,0
2021-06-06,0.0,16.5,1.0,74.5,17.5,8.5,25.0,26.0,16.0,0.0,38.0,15.5,24.5,17.0,9.5,1.0,13.5,14.5,11.5,0,0,1,0,0,0,0,0,0,1,0,0,0,0,0,0,0,0,0
2021-06-07,0.0,16.5,0.0,74.5,17.5,1.5,2.5,0.0,9.0,0.0,38.0,11.5,8.0,6.0,20.0,0.0,6.5,14.5,13.5,0,0,1,0,0,0,0,0,0,1,0,0,0,0,0,0,0,0,0
2021-06-08,0.0,16.0,4.5,0.0,17.0,1.5,2.5,0.0,9.0,0.5,0.0,6.5,4.0,6.0,20.0,0.0,6.5,0.0,13.5,0,0,1,0,0,0,0,0,0,1,0,0,0,0,0,0,0,0,0
2021-06-09,0.0,0.0,0.0,0.0,0.5,0.0,0.0,0.0,0.0,0.5,0.0,0.0,0.0,0.0,0.5,0.0,0.0,0.0,0.5,0,0,1,0,0,0,0,0,0,1,0,0,0,0,0,0,0,0,0
2021-06-10,0.0,3.0,0.0,0.0,4.5,0.0,0.0,1.0,0.0,0.0,0.0,0.0,0.0,0.0,0.5,1.5,0.0,5.5,0.5,0,0,1,0,0,0,0,0,0,1,0,0,0,0,0,0,0,0,0
2021-06-11,0.0,0.0,1.0,0.0,0.0,0.0,0.0,0.0,0.0,0.0,0.0,0.0,0.0,0.0,0.0,0.0,0.0,0.0,0.0,0,0,1,0,0,0,0,0,0,1,0,0,0,0,0,0,0,0,0
2021-06-12,0.0,6.5,1.0,1.5,3.0,5.5,1.5,1.5,0.5,0.0,1.0,1.0,4.5,2.5,17.0,2.5,0.5,8.0,0.5,0,0,1,0,0,0,0,0,0,1,0,0,0,0,0,0,0,0,0
2021-06-13,0.0,6.5,0.5,1.5,3.0,5.5,1.5,1.5,1.0,0.0,1.0,2.0,6.0,2.5,17.0,1.0,0.5,8.0,0.5,0,0,1,0,0,0,0,0,0,1,0,0,0,0,0,0,0,0,0
2021-06-14,0.0,14.5,4.0,4.0,13.5,21.0,7.0,5.5,2.5,0.0,1.0,5.0,6.0,18.0,26.5,6.5,2.0,4.0,15.5,0,0,1,0,0,0,0,0,0,1,0,0,0,0,0,0,0,0,0
2021-06-15,0.0,14.5,0.5,4.0,13.5,21.0,7.0,5.5,2.5,0.0,2.0,5.0,2.5,18.0,26.5,6.5,2.0,4.0,15.5,0,0,1,0,0,0,0,0,0,1,0,0,0,0,0,0,0,0,0
2021-06-16,0.5,2.5,0.0,0.5,2.0,4.0,2.5,2.5,2.0,0.5,1.5,3.0,1.5,2.0,0.5,2.5,1.5,4.5,1.5,0,0,1,0,0,0,0,0,0,1,0,0,0,0,0,0,0,0,0
2021-06-17,0.5,3.5,8.0,7.5,3.0,4.0,2.5,2.5,28.0,0.5,1.5,39.5,13.5,2.0,2.5,2.5,7.5,4.5,11.0,0,0,1,0,0,0,0,0,0,1,1,0,0,0,0,0,0,0,0
2021-06-18,0.0,3.5,6.5,7.5,3.0,2.0,2.0,1.5,28.0,0.0,0.5,39.5,13.5,3.0,2.5,1.5,7.5,1.5,11.0,0,0,1,0,0,0,0,0,0,1,0,0,0,0,0,0,0,0,0
2021-06-19,0.0,1.0,6.5,0.5,1.0,6.0,1.0,1.0,1.0,0.0,1.5,2.0,1.5,3.0,1.0,1.0,1.0,1.0,2.0,0,0,1,0,0,0,0,0,0,1,0,0,0,0,0,0,0,0,0
2021-06-20,0.0,4.5,1.5,12.5,4.0,27.5,66.0,33.0,43.0,0.5,11.5,8.5,31.0,76.0,15.0,40.0,45.0,22.5,15.0,0,0,1,0,0,0,0,0,0,1,0,0,0,0,0,0,0,0,0
2021-06-21,0.5,4.5,17.0,12.5,4.0,27.5,66.0,33.0,43.0,0.5,11.5,8.5,31.0,76.0,15.0,40.0,45.0,22.5,15.0,0,0,1,0,0,0,0,0,0,1,0,0,0,0,0,0,0,0,0
2021-06-22,0.0,0.0,5.0,0.0,0.5,0.0,1.5,2.5,5.5,0.0,0.5,5.0,1.5,2.0,13.5,1.0,1.0,1.5,3.0,0,0,1,0,0,0,0,0,0,1,0,0,0,0,0,0,0,0,0
2021-06-23,0.0,0.0,11.5,0.0,0.0,0.0,0.0,0.0,0.0,0.0,0.0,0.0,0.0,0.0,0.0,0.0,0.0,0.0,0.0,0,0,1,0,0,0,0,0,0,1,0,0,0,0,0,0,0,0,0
2021-06-24,0.0,0.0,2.0,0.0,0.0,0.0,0.0,0.0,0.0,0.0,0.0,0.0,0.0,0.0,0.0,0.0,0.0,0.0,0.0,0,0,1,0,0,0,0,0,0,1,0,0,0,0,0,0,0,0,0
2021-06-25,0.0,0.0,0.0,0.0,0.0,2.5,0.0,0.0,0.0,0.0,0.0,0.0,0.0,0.0,0.0,0.0,0.0,0.0,0.0,0,0,1,0,0,0,0,0,0,1,0,0,0,0,0,0,0,0,0
2021-06-26,2.0,3.5,0.0,1.5,5.0,7.5,45.0,17.0,19.5,0.0,8.5,5.0,23.5,97.0,66.0,9.0,27.5,10.5,3.5,0,0,1,0,0,0,0,0,0,1,0,0,0,0,0,0,0,0,0
2021-06-27,2.0,18.5,1.5,21.0,15.0,12.0,45.0,23.5,51.5,0.0,18.5,5.0,35.5,97.0,66.0,20.5,57.5,24.5,10.5,0,0,1,0,0,0,0,0,0,1,0,0,0,0,0,0,0,0,0
2021-06-28,0.0,18.5,4.5,21.0,15.0,75.5,40.5,23.5,51.5,0.0,18.5,0.5,35.5,39.0,7.5,18.0,57.5,40.5,10.5,0,0,1,0,0,0,0,0,0,1,0,0,0,0,0,0,0,0,0
2021-06-29,14.5,1.0,0.0,3.0,2.5,20.5,1.5,3.0,1.5,0.0,33.0,4.5,2.0,0.5,3.5,6.5,1.5,5.0,6.0,0,0,1,0,0,0,0,0,0,1,0,0,0,0,0,0,0,0,0
2021-06-30,0.0,0.0,0.0,0.0,0.0,0.0,0.0,0.5,0.0,0.5,0.0,0.0,0.0,0.0,0.0,0.0,0.0,0.0,6.0,0,0,1,0,0,0,0,0,0,1,0,0,0,0,0,0,0,0,0
2021-07-01,0.0,10.5,0.5,0.0,11.5,0.0,13.0,0.5,0.0,0.0,12.5,48.0,0.0,1.5,0.0,0.0,0.0,0.0,9.0,0,0,1,0,0,0,0,0,0,1,0,0,0,0,0,0,0,0,0
2021-07-02,0.0,10.5,4.5,0.0,11.5,0.0,13.0,1.5,0.0,0.0,12.5,48.0,0.0,1.5,0.0,0.0,0.0,0.0,9.0,0,0,1,0,0,0,0,0,0,1,0,0,0,0,0,0,0,0,0
2021-07-03,0.0,18.0,0.0,0.0,29.0,1.5,2.0,2.5,0.0,0.0,0.0,1.5,3.5,15.5,3.5,2.5,0.0,22.0,0.0,0,0,1,0,0,0,0,0,0,1,0,0,0,0,0,0,0,0,0
2021-07-04,0.0,18.0,0.0,0.0,29.0,20.5,2.0,2.5,0.5,0.0,0.0,17.5,6.0,15.5,16.5,2.5,2.0,22.0,0.0,0,0,1,0,0,0,0,0,0,1,0,0,0,0,0,0,0,0,0
2021-07-05,13.5,4.5,0.0,7.0,4.5,20.5,1.5,5.5,0.5,0.0,30.0,50.0,10.0,4.5,16.5,5.5,2.0,24.5,19.5,0,0,1,0,0,0,0,0,0,1,0,0,0,0,0,0,0,0,0
2021-07-06,13.5,5.0,1.0,7.0,4.5,3.5,1.0,5.5,2.5,0.0,30.0,50.0,10.0,4.5,0.0,5.5,1.5,24.5,19.5,0,0,1,0,0,0,0,0,0,1,0,0,0,0,0,0,0,0,0
2021-07-07,13.0,33.0,0.0,0.5,25.5,1.0,0.0,2.0,2.5,0.0,0.0,5.5,4.5,0.0,0.0,4.0,1.5,13.0,0.5,0,0,1,0,0,0,0,0,1,1,0,0,0,0,0,0,0,0,0
2021-07-08,37.5,33.0,0.0,8.0,25.5,37.0,26.0,29.5,2.5,5.25,1.5,18.0,14.5,29.5,18.5,25.5,20.0,37.5,2.0,0,0,1,0,0,0,0,0,1,1,0,0,0,0,0,0,0,0,0
2021-07-09,37.5,11.0,0.0,8.0,12.5,37.0,26.0,29.5,2.5,5.25,1.5,18.0,14.5,29.5,18.5,3.0,20.0,37.5,2.0,0,0,1,0,0,0,0,0,1,1,0,0,0,0,0,0,0,0,0
2021-07-10,32.5,5.5,0.0,5.0,5.5,39.0,16.0,36.5,2.5,0.0,43.5,45.0,79.5,9.0,18.5,40.5,62.0,58.5,50.0,0,0,1,0,0,0,0,0,1,1,0,0,0,0,0,0,0,0,0
2021-07-11,27.5,35.5,0.0,17.0,39.5,39.0,16.0,36.5,2.5,0.25,44.0,45.0,79.5,9.5,18.5,40.5,62.0,58.5,50.5,0,0,1,0,0,0,0,0,1,1,0,0,0,0,0,0,0,0,0
2021-07-12,24.0,27.0,0.0,20.0,27.0,9.5,7.5,6.0,2.5,0.25,17.0,16.0,10.5,8.5,3.0,8.5,9.0,11.5,18.0,0,0,1,0,0,0,0,0,1,1,0,0,0,0,0,0,0,0,0
2021-07-13,24.5,27.5,0.0,20.0,27.0,9.5,7.5,6.0,2.5,0.0,17.0,16.0,10.5,8.5,3.0,0.0,0.0,11.5,18.0,0,0,1,0,0,0,0,0,1,1,0,0,0,0,0,0,0,0,0
2021-07-14,4.0,1.0,0.0,0.5,1.5,0.0,0.0,0.0,0.0,0.0,0.5,0.5,0.0,0.0,0.0,0.0,0.0,0.0,0.5,0,0,0,0,0,0,0,0,0,1,0,0,0,0,0,0,0,0,0
2021-07-15,0.0,0.0,0.0,0.0,0.0,0.0,0.0,0.0,0.0,0.0,0.0,0.5,0.0,0.0,0.0,0.0,0.0,0.0,0.0,0,0,0,0,0,0,0,0,0,1,0,0,0,0,0,0,0,0,0
2021-07-16,0.0,0.0,0.0,0.0,0.0,0.0,0.0,0.0,0.0,0.0,0.0,0.5,0.0,0.0,0.0,0.0,0.0,0.0,0.0,0,0,0,0,0,0,0,0,0,1,0,0,0,0,0,0,0,0,0
2021-07-17,0.0,0.0,0.0,0.0,0.0,0.0,0.0,0.0,0.0,0.0,0.0,0.0,0.0,0.0,0.0,0.0,0.0,0.0,0.0,0,0,0,0,0,0,0,0,0,1,0,0,0,0,0,0,0,0,0
2021-07-18,0.0,0.0,0.0,0.0,0.0,0.0,0.0,0.0,0.0,0.0,0.5,0.0,0.0,0.0,0.0,0.0,0.0,0.0,0.0,0,0,0,0,0,0,0,0,0,1,0,0,0,0,0,0,0,0,0
2021-07-19,0.0,0.0,0.0,0.0,0.0,0.0,0.0,0.0,0.0,0.0,0.0,0.0,0.0,0.0,0.0,0.0,0.0,0.0,0.0,0,0,0,0,0,0,0,0,0,1,0,0,0,0,0,0,0,0,0
2021-07-20,0.0,0.0,0.0,0.0,0.0,0.0,0.0,0.0,0.0,0.0,0.0,0.0,0.0,0.0,0.0,0.0,0.0,0.0,0.0,0,0,0,0,0,0,0,0,0,1,0,0,0,0,0,0,0,0,0
2021-07-21,0.0,0.0,0.0,0.0,0.0,0.0,0.0,0.0,0.0,0.0,0.0,0.0,0.0,0.0,0.0,0.0,0.0,0.0,0.0,0,0,0,0,0,0,0,0,0,1,0,0,0,0,0,0,0,0,0
2021-07-22,0.0,0.0,0.0,0.0,0.0,0.0,0.0,0.0,0.0,7.75,0.0,0.0,0.0,0.0,0.0,0.0,0.0,0.0,0.0,0,0,0,0,0,0,0,0,0,1,0,0,0,0,0,0,0,0,0
2021-07-23,0.0,6.5,4.0,1.0,7.0,0.0,0.0,0.0,0.0,7.75,2.5,1.5,0.5,0.0,0.0,0.0,0.0,1.5,0.0,0,0,0,0,0,0,0,0,0,1,0,0,0,0,0,0,0,0,0
2021-07-24,0.0,0.0,0.0,0.0,7.0,0.0,0.0,0.0,0.0,0.0,0.0,0.0,0.0,0.0,0.0,0.0,0.0,0.0,0.0,0,0,0,0,1,0,0,0,0,1,0,0,0,0,0,0,0,0,0
2021-07-25,2.0,0.0,1.0,0.5,7.0,0.0,0.0,0.0,7.5,0.0,0.0,0.0,7.0,0.0,3.0,0.0,12.5,0.0,0.5,0,0,0,0,1,0,0,0,0,1,0,0,0,0,0,0,0,0,0
2021-07-26,0.0,0.0,0.0,0.0,7.0,0.0,0.0,0.0,0.0,18.25,0.0,0.5,0.0,3.5,5.0,0.0,0.5,0.0,0.0,0,0,0,0,1,0,0,0,0,1,0,0,0,0,0,0,0,0,0
2021-07-27,0.0,0.0,0.0,0.0,7.0,0.0,0.5,0.0,0.0,18.25,0.0,0.5,0.0,3.5,5.0,0.0,0.5,3.5,0.5,0,0,0,0,1,0,0,0,0,1,0,0,0,0,0,0,0,0,0
2021-07-28,1.0,0.0,2.5,0.0,7.0,0.5,0.5,0.0,0.0,1.5,0.0,0.0,0.0,0.0,0.0,0.5,0.0,3.5,0.5,0,0,0,0,1,0,0,0,0,1,0,0,0,0,0,0,0,0,0
2021-07-29,1.0,0.0,2.5,0.0,7.0,0.5,0.0,0.0,0.0,10.75,0.0,0.0,0.0,0.0,0.0,0.5,0.0,1.5,0.0,0,0,0,0,1,0,0,0,0,1,0,0,0,0,0,0,0,0,0
2021-07-30,24.5,9.5,7.0,3.5,7.0,17.0,19.5,6.0,11.5,10.75,2.5,8.5,6.0,10.5,29.5,8.0,13.0,6.0,3.5,0,0,0,0,1,0,0,0,0,1,0,0,0,0,0,0,0,0,0
2021-07-31,13.0,0.5,3.0,1.5,0.0,0.0,0.0,0.0,0.0,2.25,1.5,0.5,0.5,0.0,1.5,0.0,0.0,1.0,0.0,0,0,0,0,1,0,0,0,0,1,0,0,0,0,0,0,0,0,0
2021-08-01,13.0,13.0,27.0,22.5,0.0,6.0,13.0,2.0,24.5,0.5,15.5,32.0,10.0,4.5,8.0,17.0,17.0,15.0,6.5,0,0,0,0,1,0,0,0,0,1,0,0,0,0,0,0,0,0,0
2021-08-02,12.0,13.0,27.0,22.5,0.0,6.0,13.0,2.0,24.5,0.5,15.5,32.0,10.0,4.5,8.0,17.0,17.0,15.0,18.0,0,0,0,0,1,0,0,0,0,1,0,0,0,0,0,0,0,0,0
2021-08-03,0.0,0.0,13.0,0.0,0.0,13.0,0.0,0.0,0.0,0.0,0.0,1.0,0.0,0.0,0.0,0.0,0.0,0.0,0.0,0,0,0,0,1,0,0,0,0,1,0,0,0,0,0,0,0,0,0
2021-08-04,13.5,31.0,3.5,1.0,0.0,0.5,0.0,0.0,0.0,4.75,4.0,0.0,0.0,0.0,0.0,0.0,0.0,0.0,15.5,0,0,0,0,1,0,0,0,0,1,0,0,0,0,0,0,0,0,0
2021-08-05,13.5,31.0,32.5,1.0,0.0,2.5,9.0,15.5,10.0,15.5,4.0,14.0,9.0,21.0,28.0,27.0,15.5,26.0,15.5,0,0,0,0,0,0,0,0,0,1,0,0,0,0,0,0,0,0,0
2021-08-06,2.0,0.0,32.5,1.0,0.0,2.5,9.0,15.5,10.0,15.5,1.0,14.0,9.0,21.0,28.0,27.0,15.5,26.0,7.5,0,0,0,0,0,0,0,0,0,1,0,0,0,0,0,0,0,0,0
2021-08-07,0.0,0.0,0.0,0.0,0.0,53.5,22.0,45.0,10.0,0.0,0.0,0.5,20.5,4.5,0.0,31.0,21.0,39.0,0.0,0,0,0,0,0,0,0,0,0,1,0,0,0,0,0,0,0,0,0
2021-08-08,2.0,1.5,1.5,1.5,1.5,53.5,22.0,45.0,10.0,0.5,1.0,2.5,20.5,19.0,13.0,23.0,21.0,39.0,1.0,0,0,0,0,0,0,0,0,0,1,0,0,0,0,0,0,0,0,0
2021-08-09,2.0,1.5,1.5,1.5,1.5,24.0,22.0,33.0,6.5,15.75,1.0,2.5,22.5,19.0,13.0,38.0,13.5,31.0,1.0,0,0,0,0,0,0,0,0,0,1,0,0,0,0,0,0,0,0,0
2021-08-10,6.5,29.5,1.0,0.0,23.5,24.0,12.0,20.0,6.5,15.75,0.0,3.0,22.5,5.5,9.0,38.0,13.5,31.0,0.0,0,0,0,0,0,0,0,0,0,1,0,0,0,0,0,0,0,0,0
2021-08-11,16.5,29.5,24.0,6.5,23.5,14.0,13.0,9.5,4.0,12.75,20.5,13.5,7.5,3.0,9.0,8.5,3.0,23.0,0.0,0,0,0,0,0,0,0,0,0,1,0,0,0,0,0,0,0,0,1
2021-08-12,16.5,13.0,24.0,6.5,16.0,14.0,13.0,9.5,21.5,0.0,20.5,13.5,9.5,3.0,8.5,8.5,23.0,23.0,0.0,0,0,0,0,0,0,0,0,0,1,0,0,0,0,0,1,0,0,1
2021-08-13,0.5,19.0,10.0,6.5,9.5,18.0,5.5,0.0,21.5,0.0,0.5,0.5,9.5,2.5,0.0,8.5,23.0,0.0,0.0,0,0,0,0,0,0,0,0,0,1,0,0,0,0,0,1,0,0,1
2021-08-14,0.5,19.0,10.0,6.5,9.5,18.0,5.5,2.0,20.5,22.5,0.5,1.5,10.5,2.5,21.5,8.5,12.0,0.0,0.0,0,0,0,0,0,0,0,0,0,1,0,0,0,0,0,1,0,0,1
2021-08-15,41.0,59.5,40.0,6.0,57.5,25.0,24.5,32.0,61.5,22.5,30.0,31.5,52.0,26.5,31.0,8.5,41.0,23.0,0.0,0,0,0,0,0,0,0,0,0,1,0,0,0,0,0,1,0,0,1
2021-08-16,41.0,59.5,80.0,53.5,57.5,25.0,24.5,32.0,80.0,16.5,32.5,35.0,52.0,26.5,31.0,8.5,41.5,23.0,0.0,0,0,0,0,0,0,0,0,0,1,0,0,0,0,0,1,0,0,1
2021-08-17,11.0,50.0,80.0,53.5,41.5,12.5,7.0,21.5,80.0,33.0,32.5,91.0,20.0,7.0,15.5,8.5,41.5,10.5,0.0,0,0,0,0,0,0,0,0,0,1,0,0,0,0,0,1,0,0,1
2021-08-18,54.5,68.5,92.0,76.0,76.0,21.0,48.0,35.0,111.0,0.0,78.0,91.0,101.5,74.5,39.0,8.5,65.0,45.0,0.0,0,0,0,0,0,0,0,0,0,1,0,0,0,0,0,1,0,0,1
2021-08-19,54.5,68.5,92.0,76.0,76.0,21.0,48.0,35.0,111.0,17.5,78.0,75.5,101.5,74.5,39.0,0.0,65.0,45.0,0.0,0,0,0,0,0,0,0,0,0,1,0,0,0,0,0,1,0,0,1
2021-08-20,52.5,37.0,9.5,13.5,30.0,28.0,15.0,18.0,12.5,17.5,7.5,13.5,18.0,14.0,15.5,0.0,11.0,18.0,0.75,0,0,0,0,0,0,0,0,0,1,0,0,0,0,0,1,0,0,1
2021-08-21,52.5,37.0,9.5,13.5,30.0,28.0,15.0,18.0,12.5,2.0,7.5,13.5,18.0,14.0,15.5,0.0,11.0,18.0,0.75,0,0,0,0,0,0,0,0,0,1,0,0,0,0,0,1,0,0,1
2021-08-22,44.5,18.0,28.0,28.0,25.0,42.5,31.0,23.0,4.5,2.0,11.5,9.5,10.0,46.0,13.5,0.0,4.5,31.5,8.25,0,0,0,0,0,0,0,0,0,1,0,0,0,0,0,1,0,0,1
2021-08-23,44.5,18.0,28.0,28.0,25.0,42.5,31.0,23.0,4.5,0.0,11.5,9.5,10.0,0.0,13.5,0.0,4.5,31.5,7.5,0,0,0,0,0,0,0,0,0,1,0,0,0,0,0,1,0,0,1
2021-08-24,9.5,0.0,28.0,28.0,0.0,1.0,0.0,0.0,0.0,0.0,0.0,0.0,10.0,0.0,13.5,0.0,0.5,2.0,0.25,0,0,1,1,0,0,0,0,0,1,0,0,1,0,1,1,0,0,1
2021-08-25,16.5,1.5,34.0,15.0,2.5,12.5,6.0,1.5,0.0,0.0,0.5,0.0,0.0,14.0,4.5,0.0,0.5,2.0,4.5,0,0,0,0,0,0,0,0,0,1,0,0,0,0,0,1,0,0,1
2021-08-26,16.5,1.5,34.0,15.0,2.5,12.5,6.0,1.5,0.0,0.5,0.5,0.0,0.0,14.0,4.5,0.0,0.5,2.0,0.25,0,0,0,0,0,0,0,0,0,1,0,0,0,0,0,1,0,0,1
2021-08-27,12.0,0.0,0.0,0.0,0.5,0.0,0.0,0.0,0.0,0.5,0.0,0.0,0.0,0.0,0.0,3.5,0.0,3.5,2.5,0,0,0,0,0,0,0,0,0,1,0,0,0,0,0,1,0,0,1
2021-08-28,3.0,0.5,7.5,2.0,0.5,2.0,0.0,2.5,2.5,20.0,22.5,0.0,5.0,0.5,11.0,3.5,0.5,5.5,5.75,0,0,0,0,0,0,0,0,0,1,0,0,0,0,0,1,0,0,1
2021-08-29,18.5,82.0,107.0,137.5,80.5,42.0,35.0,29.5,25.5,20.0,47.0,29.5,42.0,37.0,18.0,3.5,28.5,57.5,8.25,0,0,0,0,0,0,0,0,0,1,0,0,0,0,0,1,0,0,1
2021-08-30,2.0,0.0,0.0,0.5,1.5,0.0,2.0,0.0,0.0,3.0,0.0,0.5,0.0,11.0,0.0,3.5,0.0,1.5,0.0,0,0,0,0,0,0,0,0,0,1,0,0,0,0,0,1,0,0,1
2021-08-31,20.0,35.0,18.0,17.5,49.5,9.0,12.5,4.0,9.5,0.0,23.0,36.5,7.0,11.0,15.5,0.0,3.5,5.0,5.5,0,0,0,0,0,0,0,0,0,1,0,0,0,0,0,1,0,0,1
2021-09-01,26.5,35.0,18.0,17.5,49.5,9.0,12.5,4.0,9.5,4.5,23.0,36.5,7.0,9.5,15.5,0.0,3.5,5.0,5.75,0,0,0,0,0,0,0,0,0,1,0,0,0,0,0,1,0,0,1
2021-09-02,26.5,10.5,0.5,5.0,9.5,1.5,1.0,0.5,0.0,4.5,2.5,2.0,0.0,0.5,5.0,0.0,0.5,1.0,3.0,0,0,0,0,0,0,0,0,0,1,0,0,0,0,0,1,0,0,1
2021-09-03,3.5,0.5,3.0,0.5,1.0,0.0,0.5,0.0,4.0,2.0,14.5,1.0,1.0,1.5,0.0,0.0,0.5,0.5,0.0,0,0,0,0,0,0,0,0,0,1,0,0,0,0,0,1,0,0,1
2021-09-04,1.0,0.0,3.0,0.0,0.5,4.5,7.5,0.0,4.0,46.0,14.5,1.0,1.0,7.0,8.0,0.0,0.5,0.5,0.0,0,0,0,0,0,0,0,0,0,1,0,0,0,0,0,1,0,0,1
2021-09-05,1.0,5.5,0.0,0.5,5.0,4.5,7.5,3.5,27.5,46.0,0.0,3.5,23.0,17.5,8.0,0.0,23.5,0.0,0.0,0,0,0,0,0,0,0,0,0,1,0,0,0,0,0,1,0,0,1
2021-09-06,6.5,5.5,0.0,0.5,5.0,1.0,6.5,3.5,27.5,0.25,0.0,3.5,23.0,23.5,3.5,0.0,23.5,0.0,0.0,0,0,0,0,0,0,0,0,0,1,0,0,0,0,0,1,0,0,1
2021-09-07,6.5,0.0,1.0,7.0,0.5,5.5,0.0,1.5,2.5,0.0,0.0,0.0,1.0,23.5,3.5,0.0,10.5,11.0,0.0,0,0,0,0,0,0,0,0,0,1,0,0,0,0,0,0,0,0,1
2021-09-08,0.0,0.0,2.0,7.0,0.5,5.5,1.0,1.0,4.0,0.0,4.5,1.0,6.0,0.0,0.5,9.5,4.5,11.0,0.0,0,0,0,0,0,0,0,0,0,1,0,0,0,0,0,0,0,0,1
2021-09-09,3.0,2.5,3.0,37.5,3.0,9.0,4.0,5.5,11.0,2.0,29.5,18.0,6.0,8.0,0.5,2.5,4.5,3.0,0.0,0,0,0,0,0,0,0,0,0,1,0,0,0,0,0,0,0,0,1
2021-09-10,3.0,2.5,5.5,37.5,3.0,9.0,4.0,5.5,11.0,5.25,29.5,18.0,2.5,8.0,0.0,2.5,3.0,3.0,0.0,0,0,0,0,0,0,0,0,0,1,0,0,0,0,0,0,0,0,0
2021-09-11,0.0,0.0,5.5,0.5,0.0,0.0,0.0,0.0,2.0,6.5,0.0,0.0,0.5,0.0,0.0,0.5,0.5,1.0,0.0,0,0,0,0,0,0,0,0,0,1,0,0,0,0,0,0,0,0,0
2021-09-12,28.0,0.5,16.5,5.5,0.5,1.5,0.0,0.0,0.0,6.5,2.5,0.0,0.0,0.0,0.0,0.0,0.0,2.0,0.0,0,0,0,0,0,0,0,0,0,1,0,0,0,0,0,0,0,0,0
2021-09-13,54.0,34.5,64.5,45.5,37.5,55.0,46.0,42.5,36.5,0.75,43.5,47.5,41.0,54.0,50.5,51.5,38.0,47.0,39.5,0,0,0,0,0,0,0,0,0,1,0,0,0,0,0,0,0,0,0
2021-09-14,54.0,34.5,64.5,45.5,37.5,55.0,46.0,42.5,36.5,1.0,43.5,47.5,41.0,0.0,50.5,51.5,38.0,47.0,39.5,0,0,0,0,0,0,0,0,0,1,0,0,0,0,0,0,0,0,0
2021-09-15,8.0,26.5,13.0,3.5,31.0,88.0,82.5,77.0,35.5,19.75,17.0,80.0,51.0,41.5,1.5,77.0,37.5,59.0,26.0,0,0,0,0,0,0,0,0,0,1,0,0,0,0,0,0,0,0,0
2021-09-16,25.0,26.5,13.0,23.5,31.0,88.0,82.5,77.0,35.5,19.5,17.0,80.0,51.0,41.5,1.5,77.0,37.5,59.0,26.0,0,0,0,0,0,0,0,0,0,1,0,0,0,0,0,0,0,0,0
2021-09-17,25.0,56.0,32.5,47.0,47.5,5.0,0.0,3.0,0.0,10.25,14.0,0.5,1.0,0.5,13.0,6.5,0.0,33.5,0.5,0,0,0,0,0,0,0,0,0,1,0,0,0,0,0,0,0,0,0
2021-09-18,0.0,56.0,32.5,47.0,47.5,5.0,0.0,3.0,0.0,11.0,14.0,4.5,1.0,7.5,13.0,6.5,0.0,33.5,1.5,0,0,0,0,0,0,0,0,0,1,0,0,0,0,0,0,0,0,0
2021-09-19,0.0,56.0,32.5,47.0,47.5,5.0,0.0,3.0,0.0,1.5,14.0,4.5,1.0,7.5,13.0,6.5,0.0,33.5,1.5,1,1,1,1,1,1,1,1,1,1,1,1,1,1,1,1,1,1,1
2021-09-20,0.0,2.5,2.0,47.0,2.5,0.0,4.5,3.0,4.0,16.0,3.0,3.5,3.5,6.0,6.5,6.5,2.5,2.5,2.5,0,0,0,1,0,0,0,0,0,1,0,0,0,0,0,1,0,0,0
2021-09-21,0.0,0.0,0.0,47.0,0.0,0.0,19.5,0.0,0.0,18.25,0.0,0.0,0.0,20.5,0.0,0.0,0.0,0.0,0.0,0,0,0,1,0,0,0,0,0,1,0,0,0,0,0,0,0,0,0
2021-09-22,0.0,16.0,15.0,47.0,15.0,11.5,19.5,12.5,8.5,18.25,19.5,17.5,5.0,20.5,25.0,5.5,6.0,5.5,21.5,0,0,0,1,0,0,0,0,0,1,0,0,0,0,0,0,0,0,0
2021-09-23,0.0,16.0,15.0,0.0,15.0,11.5,18.5,12.5,8.5,14.5,19.5,17.5,5.0,20.5,25.0,6.0,6.0,5.5,21.5,0,0,0,0,0,0,0,0,0,1,0,0,0,0,0,0,0,0,0
2021-09-24,24.5,0.0,11.5,17.0,0.0,14.0,0.5,0.5,0.0,2.0,0.0,0.5,0.0,0.0,0.0,0.0,0.0,15.0,2.5,0,0,0,0,0,0,0,0,0,1,0,0,0,0,0,0,0,0,0
2021-09-25,2.0,0.0,11.5,17.0,0.0,14.0,1.5,0.5,0.0,1.5,0.0,0.5,1.5,2.5,2.0,0.0,0.0,15.0,2.5,0,0,0,0,0,0,0,0,0,1,0,0,0,0,0,0,0,0,0
2021-09-26,4.0,31.0,16.0,9.5,29.5,24.0,16.5,28.5,15.0,1.5,5.5,6.5,36.0,36.5,22.0,49.5,15.5,37.5,8.0,0,0,0,0,0,0,0,0,0,1,0,0,0,0,0,0,0,0,0
2021-09-27,16.5,31.0,18.0,12.0,30.0,24.0,16.5,29.0,15.0,8.25,6.0,7.0,36.5,36.5,22.0,49.5,15.5,37.5,11.5,0,0,0,0,0,0,0,0,0,1,0,0,0,0,0,0,0,0,0
2021-09-28,27.0,8.0,19.0,13.0,7.5,58.5,36.0,42.5,51.5,15.0,6.0,7.5,7.0,33.5,11.0,11.5,45.5,32.5,13.0,0,0,0,0,0,0,0,0,0,1,0,0,0,0,0,0,0,0,0
2021-09-29,2.0,39.5,46.0,51.0,33.0,58.5,36.0,42.5,51.5,10.5,58.5,58.5,70.5,33.5,17.5,65.0,45.5,24.0,32.5,0,0,0,0,0,0,0,0,0,1,0,0,0,0,0,0,0,0,0
2021-09-30,2.0,39.5,46.0,51.0,33.0,16.5,13.5,31.0,45.0,10.75,58.5,58.5,70.5,7.5,17.5,65.0,39.5,24.0,32.5,0,0,0,0,0,0,0,0,0,1,0,0,0,0,0,0,0,0,0
2021-10-01,0.0,0.0,0.0,2.5,0.0,2.5,1.0,0.5,0.0,11.5,0.0,0.0,0.0,2.5,0.0,0.0,0.0,0.0,0.0,0,0,0,0,0,0,0,0,0,1,0,0,0,0,0,0,0,0,0
2021-10-02,0.0,1.0,1.0,1.0,1.0,2.5,1.0,0.5,0.5,8.75,0.5,0.0,0.5,2.5,0.5,0.5,0.0,0.5,0.0,0,0,0,0,0,0,0,0,0,1,0,0,0,0,0,0,0,0,0
2021-10-03,0.0,1.0,1.0,1.0,1.0,1.0,1.0,0.0,0.5,31.75,0.5,0.0,0.5,0.5,0.5,0.0,0.0,0.5,0.0,0,0,0,0,0,0,0,0,0,1,0,0,0,0,0,0,0,0,0
2021-10-04,0.0,0.0,0.0,0.0,0.0,0.0,0.0,0.0,0.0,31.75,0.5,1.5,0.0,1.5,0.0,0.0,0.0,0.0,4.0,0,0,0,0,0,0,0,0,0,1,0,0,0,0,0,0,0,0,0
2021-10-05,0.0,0.0,1.5,0.0,0.0,1.5,10.0,3.5,23.5,0.5,5.5,6.5,6.0,13.0,0.0,6.0,26.0,6.5,1.5,1,0,0,0,0,0,0,0,0,1,0,0,0,0,0,0,0,0,0
2021-10-06,7.5,5.5,3.5,7.5,7.0,2.5,10.0,4.5,23.5,31.0,6.5,9.5,6.0,13.0,3.5,6.0,26.0,6.5,12.5,0,0,0,0,0,0,0,0,0,1,0,0,0,0,0,0,0,0,0
2021-10-07,17.5,5.5,3.5,7.5,7.0,2.5,6.5,4.5,11.0,39.5,6.5,9.5,3.0,8.0,3.5,4.0,9.0,2.5,12.5,0,0,0,0,0,0,0,0,0,1,0,0,0,0,0,0,0,0,0
2021-10-08,0.0,0.0,0.0,0.0,0.0,0.0,0.0,0.0,0.0,9.0,0.0,0.0,0.0,0.0,0.0,0.0,0.0,0.0,0.0,0,0,0,0,0,0,0,0,0,1,0,0,0,0,0,0,0,0,0
2021-10-09,0.0,0.0,0.0,0.0,0.0,0.0,0.0,0.0,0.0,8.5,0.0,0.0,0.0,0.0,0.0,0.0,0.0,0.0,0.0,0,0,0,0,0,0,0,0,0,1,0,0,0,0,0,0,0,0,0
2021-10-10,0.0,0.0,0.0,0.0,0.0,0.0,0.0,0.0,0.0,8.5,0.0,0.0,0.0,0.0,0.0,0.0,0.0,0.0,0.0,0,0,0,0,0,0,0,0,0,1,0,0,0,0,0,0,0,0,0
2021-10-11,0.0,0.0,0.0,0.0,0.0,0.0,0.0,0.0,0.0,8.25,0.0,0.0,0.0,0.0,0.0,0.0,0.0,0.0,0.0,1,0,0,0,0,0,0,0,0,1,0,0,0,0,0,1,0,0,0
2021-10-12,0.0,0.0,0.0,0.0,0.0,0.0,0.0,0.0,0.0,46.0,0.0,0.0,0.0,0.0,0.0,0.0,0.0,0.0,0.0,0,0,0,0,0,0,0,0,0,1,0,0,0,0,0,0,0,0,0
2021-10-13,0.0,0.0,0.0,0.0,0.0,0.5,1.0,0.0,0.0,46.0,0.0,0.0,0.0,4.0,5.0,0.0,0.0,0.0,0.0,0,0,0,0,0,0,0,0,0,1,0,0,0,0,0,0,0,0,0
2021-10-14,0.0,0.0,0.0,0.0,0.0,0.0,0.0,0.0,0.0,4.25,0.0,0.0,0.0,0.5,0.0,0.0,0.5,0.0,0.0,0,0,0,0,0,0,0,0,0,1,0,0,0,0,0,0,0,0,0
2021-10-15,0.0,0.0,0.0,0.0,0.0,0.0,0.0,0.0,0.0,4.25,0.0,0.0,0.0,0.5,0.0,0.0,0.5,0.0,0.0,0,0,0,0,0,0,0,0,0,1,0,0,0,0,0,0,0,0,0
2021-10-16,0.0,0.0,0.0,0.0,0.0,0.0,0.0,0.0,0.0,4.5,0.0,0.0,0.0,0.0,0.0,0.0,0.0,0.0,0.0,0,0,0,0,0,0,0,0,0,1,0,0,0,0,0,0,0,0,0
2021-10-17,1.5,76.0,10.0,33.0,77.5,1.5,1.5,0.0,0.0,25.0,22.5,0.0,0.0,0.0,3.5,0.0,0.0,0.5,0.0,0,0,0,0,0,0,0,0,0,1,0,0,0,0,0,0,0,0,0
2021-10-18,12.5,76.0,10.0,33.0,77.5,1.5,2.0,1.5,4.0,24.75,22.5,2.5,3.0,3.0,17.5,2.0,2.5,1.0,2.0,0,0,0,0,0,0,0,0,0,1,0,0,0,0,0,0,0,0,0
2021-10-19,12.5,7.0,46.0,22.0,6.0,11.0,3.0,15.0,44.5,1.5,17.5,83.0,69.5,4.0,17.5,49.5,21.0,25.0,13.0,0,0,0,0,0,0,0,0,0,1,0,0,0,0,0,0,0,0,0
2021-10-20,22.0,115.5,71.5,64.0,111.0,71.0,73.5,72.5,100.0,9.75,53.0,83.0,69.5,101.5,96.0,70.5,64.5,66.0,42.5,0,0,0,0,0,0,0,0,0,1,0,0,0,0,0,0,0,0,0
2021-10-21,4.0,115.5,71.5,64.0,111.0,71.0,73.5,72.5,100.0,12.75,53.0,80.0,58.5,101.5,96.0,2.0,0.5,66.0,42.5,0,0,0,0,0,0,0,0,0,1,0,0,0,0,0,0,0,0,0
2021-10-22,4.0,2.5,0.5,12.5,1.5,0.0,14.0,2.0,0.5,8.5,0.5,0.5,1.5,18.5,1.0,2.0,0.5,0.0,0.5,0,0,0,0,0,0,0,0,0,1,0,0,0,0,0,0,0,0,0
2021-10-23,11.0,10.5,0.5,3.0,3.5,58.0,72.0,52.0,74.5,30.5,41.5,56.5,74.0,45.5,47.0,75.0,54.0,13.0,39.5,0,0,0,0,0,0,0,0,0,1,0,0,0,0,0,0,0,0,0
2021-10-24,11.0,10.5,1.0,3.0,3.5,58.0,72.0,52.0,74.5,29.75,41.5,56.5,74.0,45.5,47.0,75.0,54.0,13.0,39.5,0,0,0,0,0,0,0,0,0,1,0,0,0,0,0,0,0,0,0
2021-10-25,15.5,21.5,16.5,25.5,21.5,2.0,3.5,2.0,43.5,1.5,2.5,29.5,11.0,1.5,3.5,4.5,40.5,10.5,21.0,0,0,0,0,0,0,0,0,0,1,0,0,0,0,0,0,0,0,0
2021-10-26,14.0,13.0,6.5,3.0,13.0,3.0,0.5,2.0,1.5,2.25,1.5,3.0,4.0,1.0,0.0,7.0,1.0,5.0,39.0,0,0,0,0,0,0,0,0,0,1,0,0,0,0,0,0,0,0,0
2021-10-27,14.0,13.0,6.5,12.5,13.0,3.0,4.5,2.0,1.5,2.25,3.5,3.0,4.0,3.0,0.0,7.0,1.0,5.0,39.0,0,0,0,0,0,0,0,0,0,1,0,0,0,0,0,0,0,0,0
2021-10-28,2.0,7.0,0.0,12.5,5.0,1.0,4.5,2.0,1.5,1.75,3.5,0.5,2.0,3.0,9.0,1.5,3.5,2.0,0.5,0,0,0,0,0,0,0,0,0,1,0,0,0,0,0,0,0,0,0
2021-10-29,2.0,1.0,0.0,0.5,0.5,0.0,2.0,2.0,1.5,1.0,0.0,0.5,1.0,1.5,9.0,0.0,3.5,2.0,0.0,0,0,0,0,0,0,0,0,0,1,0,0,0,0,0,0,0,0,0
2021-10-30,0.5,0.5,8.5,1.5,0.5,6.0,1.0,18.5,8.0,0.0,5.5,4.0,4.0,0.0,1.5,14.0,9.5,4.5,2.5,0,0,0,0,0,0,0,0,0,1,0,0,0,0,0,0,0,0,0
2021-10-31,4.0,11.0,8.5,14.0,14.0,6.0,1.0,18.5,8.0,8.25,21.5,4.0,4.0,0.5,2.5,14.0,9.5,11.5,5.0,0,0,0,0,0,0,0,0,0,1,0,0,0,0,0,0,0,0,0
2021-11-01,19.0,52.0,56.0,46.5,36.5,24.5,26.5,29.0,59.5,8.25,22.0,18.5,33.0,22.0,21.0,22.0,38.5,19.5,14.5,0,0,0,0,0,0,0,0,0,1,0,0,0,0,0,0,0,0,0
2021-11-02,19.0,52.0,56.0,46.5,36.5,24.5,2.0,29.0,59.5,15.25,22.0,18.5,33.0,22.0,21.0,0.5,38.5,19.5,14.5,0,0,0,0,0,0,0,0,0,1,0,0,0,0,0,0,0,0,0
2021-11-03,2.5,9.5,2.0,7.0,9.0,9.5,3.0,4.0,13.5,15.25,4.0,3.5,16.0,3.5,1.0,3.5,18.0,6.5,1.0,0,0,0,0,0,0,0,0,0,1,0,0,0,0,0,0,0,0,0
2021-11-04,2.0,47.5,25.0,57.0,48.5,57.5,20.5,12.5,13.5,18.25,89.0,4.5,16.0,15.0,0.5,10.0,18.0,32.5,6.5,0,0,0,0,0,0,0,0,0,1,0,0,0,0,0,0,0,0,0
2021-11-05,22.5,47.5,25.0,57.0,48.5,57.5,26.0,12.5,25.5,5.75,89.0,10.0,6.0,15.0,26.5,5.5,21.0,32.5,20.0,0,0,0,0,0,0,0,0,0,1,0,0,0,0,0,0,0,0,0
2021-11-06,0.0,47.5,0.0,0.0,0.0,0.0,0.0,0.0,0.0,35.0,0.0,0.0,0.0,0.0,0.0,0.0,0.0,0.5,0.5,0,1,0,0,0,0,0,0,0,1,0,0,0,0,0,0,0,0,0
2021-11-07,27.0,7.0,2.5,2.0,16.5,13.5,1.5,7.0,15.0,0.0,48.0,65.5,35.5,2.5,4.0,12.5,23.5,71.0,15.5,0,0,0,0,0,0,0,0,0,1,0,0,0,0,0,0,0,0,0
2021-11-08,27.0,11.5,4.0,2.0,16.5,13.5,1.5,7.0,15.0,40.75,48.0,65.5,35.5,2.5,4.0,12.5,23.5,71.0,15.5,0,0,0,0,0,0,0,0,0,1,0,0,0,0,0,0,0,0,0
2021-11-09,11.0,11.5,4.0,2.0,14.0,1.0,0.0,1.0,0.0,0.5,0.5,0.0,0.0,0.5,0.0,0.0,0.0,0.0,0.0,0,0,0,0,0,0,0,0,0,1,0,0,0,0,0,0,0,0,0
2021-11-10,7.0,59.5,37.5,46.0,55.0,43.0,54.0,50.0,26.5,22.75,12.0,25.0,30.0,49.5,36.5,39.5,32.0,40.5,3.5,0,0,0,0,0,0,0,0,0,1,0,0,0,0,0,0,0,0,0
2021-11-11,2.0,43.5,27.0,51.0,35.0,8.5,6.0,5.5,8.0,27.75,26.0,19.0,10.5,5.5,4.0,9.0,6.5,16.0,40.5,0,0,0,0,0,0,0,0,0,1,0,0,0,0,0,0,0,0,0
2021-11-12,2.0,43.5,27.0,51.0,35.0,8.5,6.0,5.5,8.0,24.0,26.0,19.0,10.5,5.5,4.0,9.0,6.5,16.0,40.5,0,0,0,0,0,0,0,0,0,1,0,0,0,0,0,0,0,0,0
2021-11-13,3.0,1.0,0.0,0.0,1.5,0.0,0.0,0.0,0.0,19.75,0.0,0.0,0.0,0.0,0.0,0.0,0.0,0.0,40.5,0,0,0,0,0,0,0,0,0,1,0,0,0,0,0,0,0,0,1
2021-11-14,3.0,1.0,0.0,0.0,1.5,0.0,0.0,0.0,0.0,19.25,0.0,0.0,0.0,0.0,0.0,0.0,0.0,0.0,40.5,0,0,0,0,0,0,0,0,0,1,0,0,0,0,0,0,0,0,1
2021-11-15,0.0,0.0,0.0,0.0,0.0,1.0,0.0,0.0,0.0,11.75,0.0,0.0,0.0,0.0,0.0,0.0,0.0,0.0,40.5,0,0,0,0,0,0,0,0,0,1,0,0,0,0,0,0,0,0,1
2021-11-16,2.5,6.0,16.0,5.5,11.0,41.5,18.5,51.5,54.5,16.25,9.0,34.5,45.0,10.5,4.5,52.5,60.0,89.5,40.5,0,0,0,0,0,0,0,0,0,1,0,0,0,0,0,0,0,0,1
2021-11-17,1.0,13.5,18.5,3.5,24.0,0.0,0.5,1.5,3.0,57.5,6.5,39.0,0.5,30.0,34.0,1.0,0.0,0.0,40.5,0,0,0,0,0,0,0,0,0,1,0,0,0,0,0,0,0,0,1
2021-11-18,3.5,13.5,18.5,3.5,24.0,0.5,0.5,1.5,3.0,57.5,6.5,39.0,0.5,30.0,34.0,0.0,0.0,0.0,40.5,0,0,0,0,0,0,0,0,0,1,0,0,0,0,0,0,0,0,1
2021-11-19,16.5,2.0,0.5,2.5,1.5,13.0,24.5,27.5,0.0,45.5,0.5,0.0,3.5,14.0,7.0,17.5,0.5,5.0,40.5,0,0,0,0,0,0,0,0,0,1,0,0,0,0,0,0,0,0,1
2021-11-20,44.5,99.0,41.5,68.5,73.5,52.5,25.0,27.5,5.5,27.25,16.5,20.5,8.5,15.0,3.0,17.5,11.5,16.5,7.25,0,0,0,0,0,0,0,0,0,1,0,0,0,0,0,0,0,0,1
2021-11-21,44.5,99.0,41.5,68.5,73.5,53.0,18.5,15.5,15.0,24.25,16.5,20.5,55.5,12.0,23.5,30.5,23.5,64.5,0.75,0,0,0,0,0,0,0,0,0,1,0,0,0,0,0,0,0,0,1
2021-11-22,25.5,0.0,0.5,7.5,0.0,6.0,7.0,2.5,31.0,20.75,7.0,35.5,12.5,11.0,43.5,1.5,17.5,8.0,0.0,0,0,0,0,0,0,0,0,0,1,0,0,0,0,0,0,0,0,1
2021-11-23,1.0,0.0,0.5,0.0,0.0,0.5,0.5,0.5,1.0,22.5,0.0,1.5,1.0,1.0,0.5,1.0,0.5,0.5,0.5,0,0,0,0,0,0,0,0,0,1,0,0,0,0,0,0,0,0,1
2021-11-24,0.0,2.5,5.0,9.5,2.5,23.5,27.5,34.0,33.0,60.25,26.0,41.5,55.5,47.0,13.0,22.0,66.0,7.5,0.5,0,0,0,0,0,0,0,0,0,1,0,0,0,0,0,0,0,0,1
2021-11-25,0.0,2.5,5.0,9.5,2.5,23.5,27.5,34.0,33.0,61.75,26.0,41.5,55.5,47.0,13.0,22.0,66.0,7.5,4.5,1,1,1,1,1,1,1,1,1,1,1,1,1,1,1,1,1,1,1
2021-11-26,0.0,2.5,5.0,9.5,2.5,23.5,27.5,34.0,33.0,6.5,26.0,41.5,55.5,47.0,13.0,22.0,66.0,7.5,6.0,1,1,1,1,1,1,1,1,1,1,1,1,1,1,1,1,1,1,1
2021-11-27,0.0,2.5,27.5,2.0,3.0,32.5,30.0,17.0,18.0,29.75,19.0,0.5,38.0,24.0,13.5,16.0,43.0,63.0,6.0,0,0,0,0,0,0,0,0,0,1,0,0,0,0,0,0,0,0,1
2021-11-28,19.0,16.5,27.5,28.0,17.0,32.5,30.0,17.5,19.5,38.0,19.0,15.0,38.0,30.5,23.5,16.0,43.0,63.0,3.5,0,0,0,0,0,0,0,0,0,1,0,0,0,0,0,0,0,0,1
2021-11-29,20.0,17.5,19.0,29.5,18.0,27.0,27.5,18.0,20.5,35.75,16.0,17.0,16.5,31.5,25.0,3.5,23.5,20.0,5.5,0,0,0,0,0,0,0,0,0,1,0,0,0,0,0,0,0,0,1
2021-11-30,6.5,3.0,2.5,3.5,3.5,3.5,4.0,3.5,2.5,16.5,3.5,4.5,3.0,3.5,4.0,3.5,2.0,2.5,6.5,0,0,0,0,0,0,0,0,0,1,0,0,0,0,0,0,0,0,1
2021-12-01,0.0,0.0,0.0,0.0,0.0,0.0,0.0,0.0,0.0,14.5,0.0,0.0,0.0,0.0,0.0,0.0,0.0,0.0,10.5,0,0,0,0,0,0,0,0,0,1,0,0,0,0,0,0,0,0,1
2021-12-02,6.5,35.0,41.0,53.0,30.0,10.5,55.0,28.5,10.5,5.5,28.5,4.0,25.0,23.0,5.0,23.5,9.0,11.5,11.0,0,0,0,0,0,0,0,0,0,1,0,0,0,0,0,0,0,0,1
2021-12-03,6.5,35.0,41.0,53.0,30.0,10.5,55.0,28.5,10.5,26.0,28.5,4.0,25.0,23.0,5.0,23.5,9.0,11.5,12.0,1,1,1,1,1,1,1,1,1,1,1,1,1,1,1,1,1,1,1
2021-12-04,6.5,35.0,41.0,53.0,30.0,10.5,55.0,28.5,10.5,5.5,28.5,4.0,25.0,23.0,5.0,23.5,9.0,11.5,5.5,1,1,1,1,1,1,1,1,1,1,1,1,1,1,1,1,1,1,1
2021-12-05,6.5,35.0,41.0,53.0,30.0,10.5,55.0,28.5,10.5,5.5,28.5,4.0,25.0,23.0,5.0,23.5,9.0,11.5,3.5,1,1,1,1,1,1,1,1,1,1,1,1,1,1,1,1,1,1,1
2021-12-06,6.5,35.0,41.0,53.0,30.0,10.5,55.0,28.5,10.5,5.5,28.5,4.0,25.0,23.0,5.0,23.5,9.0,11.5,2.0,1,1,1,1,1,1,1,1,1,1,1,1,1,1,1,1,1,1,1
2021-12-07,0.0,0.0,0.0,0.0,0.0,0.0,0.0,0.0,0.0,5.5,0.0,0.0,0.0,0.0,0.0,0.0,0.0,0.0,2.0,0,0,0,0,0,0,0,0,0,1,0,0,0,0,0,0,0,0,1
2021-12-08,0.0,0.0,0.0,0.0,0.5,0.0,0.0,0.0,0.0,5.5,0.0,0.0,0.0,0.0,0.0,0.0,0.0,0.0,0.5,0,0,0,0,0,0,0,0,0,1,0,0,0,0,0,0,0,0,1
2021-12-09,0.0,4.0,0.0,0.0,8.0,4.5,10.0,46.5,4.0,5.5,0.0,6.5,3.0,9.5,61.0,26.0,8.0,11.0,3.0,0,0,0,0,0,0,0,0,0,1,0,0,0,0,0,0,0,0,1
2021-12-10,7.5,4.5,5.5,7.0,6.5,99.0,43.5,109.5,18.0,14.0,49.5,22.5,56.5,49.0,15.0,81.0,48.0,34.0,0.0,0,0,0,0,0,0,0,0,0,1,0,0,0,0,0,0,0,0,1
2021-12-11,7.5,4.5,5.5,7.0,6.5,99.0,43.5,109.5,18.0,14.5,49.5,30.5,56.5,49.0,15.0,81.0,48.0,34.0,3.5,0,0,0,0,0,0,0,0,0,1,0,0,0,0,0,0,0,0,1
2021-12-12,0.0,0.0,0.0,0.0,3.5,0.0,3.5,0.5,5.0,34.0,0.0,30.5,0.0,1.5,2.0,0.0,0.5,0.0,2.5,0,0,0,0,0,0,0,0,0,1,0,0,0,0,0,0,0,0,1
2021-12-13,3.5,0.0,0.0,13.5,0.0,0.0,1.0,14.0,16.5,9.0,0.0,55.5,0.0,0.0,7.5,0.5,7.5,0.0,2.0,0,0,0,0,0,0,0,0,0,1,0,0,0,0,0,0,0,0,1
2021-12-14,3.5,0.0,0.0,13.5,0.5,0.5,1.0,14.0,16.5,5.5,0.5,55.5,0.0,0.0,7.5,0.5,7.5,0.0,11.0,0,0,0,0,0,0,0,0,0,1,0,0,0,0,0,0,0,0,1
2021-12-15,0.0,0.0,12.5,5.5,0.0,44.5,26.0,5.0,5.5,1.0,2.0,47.5,0.0,27.5,0.0,3.5,0.5,34.0,7.0,0,0,0,0,0,0,0,0,0,1,0,0,0,0,0,0,0,0,1
2021-12-16,0.0,9.0,14.5,5.5,10.0,44.5,26.0,5.0,2.0,7.0,2.0,1.0,2.5,27.5,15.5,3.5,2.0,34.0,3.5,1,0,0,0,0,0,0,0,0,1,0,0,0,0,0,0,0,0,1
2021-12-17,0.0,43.0,33.0,43.5,45.0,40.5,29.0,36.0,37.5,10.0,38.0,57.0,37.0,30.5,48.5,44.5,28.5,35.0,0.0,1,0,0,0,0,0,0,0,0,1,0,0,0,0,0,0,0,0,1
2021-12-18,0.0,213.5,226.0,268.5,207.0,206.5,207.0,212.0,265.0,10.0,263.0,247.0,273.5,221.0,48.5,211.5,253.0,211.0,0.0,1,0,0,0,0,0,0,0,0,1,0,0,0,0,1,0,0,0,1
2021-12-19,0.0,25.0,12.5,21.5,21.5,4.5,2.5,3.5,265.5,6.0,21.5,36.0,1.0,0.0,0.0,4.5,4.5,211.5,0.0,1,0,0,0,0,0,0,0,0,1,0,0,0,0,0,0,0,0,1
2021-12-20,0.0,25.0,12.5,21.5,21.5,4.5,2.5,3.5,9.5,3.0,21.5,36.0,1.0,0.0,0.0,0.0,4.5,8.5,0.0,0,0,0,0,0,0,0,0,0,1,0,0,0,0,0,0,0,0,1
2021-12-21,0.0,0.0,0.0,0.0,0.5,0.5,0.0,0.0,0.0,4.0,0.0,0.0,0.0,0.0,0.0,0.0,0.0,0.0,0.0,0,0,0,0,0,0,0,0,0,1,0,0,0,0,0,0,0,0,1
2021-12-22,27.5,50.5,36.5,62.0,54.0,52.0,51.0,74.0,97.0,29.5,57.5,37.0,93.5,32.0,85.0,86.0,90.0,67.5,0.0,0,0,0,0,0,0,0,0,0,1,0,0,0,0,0,0,0,0,1
2021-12-23,27.5,50.5,36.5,62.0,0.0,52.0,51.0,74.0,97.0,21.0,57.5,37.0,93.5,32.0,85.0,0.0,90.0,67.5,0.0,0,0,0,0,0,0,0,0,0,1,0,0,0,0,0,0,0,0,1
2021-12-24,0.0,0.0,0.5,0.0,0.0,0.5,0.0,0.0,0.0,0.5,0.5,0.0,0.0,0.5,0.0,0.0,0.0,0.0,0.0,0,0,0,0,0,0,0,0,0,1,0,0,0,0,0,0,0,0,0
2021-12-25,0.5,0.0,21.5,9.5,0.0,1.0,2.0,5.5,2.0,7.0,0.0,0.0,5.5,5.0,31.0,3.5,8.5,5.0,0.5,0,0,0,0,0,0,0,0,0,1,0,0,0,0,0,0,0,0,0
2021-12-26,1.5,4.0,43.0,68.0,0.0,1.0,8.0,5.5,5.5,16.5,0.0,0.0,5.5,26.5,31.0,0.0,8.5,5.0,0.5,0,0,0,0,0,0,0,0,0,1,0,0,0,0,0,0,0,0,0
2021-12-27,1.5,4.0,43.0,68.0,0.0,0.5,47.0,0.0,26.0,16.5,8.0,10.0,4.5,73.0,2.0,0.0,20.0,0.0,7.5,0,0,0,0,0,0,0,0,0,1,0,0,0,0,0,0,0,0,0
2021-12-28,0.5,0.0,0.0,0.0,0.0,0.0,47.0,0.0,26.0,0.5,8.0,10.0,4.5,73.0,0.0,0.0,20.0,0.0,7.5,0,0,0,0,0,0,0,0,0,1,0,0,0,0,0,0,0,0,0
2021-12-29,0.0,0.0,0.0,0.0,0.0,0.0,0.0,0.0,1.5,2.0,0.0,0.0,0.0,0.0,19.0,10.0,1.0,0.0,0.0,0,0,0,0,0,0,0,0,0,1,0,0,0,0,0,0,0,0,0
2021-12-30,7.0,1.5,6.5,8.0,4.0,0.0,0.0,1.0,7.5,3.0,2.0,2.0,2.5,4.0,19.0,0.5,2.5,0.0,16.0,0,0,0,0,0,0,0,0,0,1,0,0,0,0,0,0,0,0,0
2021-12-31,27.5,16.5,18.5,23.5,16.5,22.5,17.5,12.0,9.5,18.25,18.0,12.0,7.0,26.0,14.0,8.0,6.5,10.0,16.0,0,0,0,0,0,0,0,0,0,1,0,0,0,0,0,0,0,0,0
2022-01-01,27.5,16.5,21.5,23.5,16.5,24.0,22.5,20.5,29.5,0.0,18.0,17.5,27.5,26.0,16.0,23.0,25.5,21.5,13.0,0,0,0,0,0,0,0,0,0,1,0,0,0,0,0,0,0,0,0
2022-01-02,17.0,20.0,34.5,43.0,13.0,24.0,38.5,29.0,33.5,0.0,26.0,17.5,40.5,39.5,20.0,27.0,33.5,28.0,17.0,0,0,0,0,0,0,0,0,0,1,0,0,0,0,0,0,0,0,0
2022-01-03,9.5,20.0,34.5,43.0,13.0,15.5,38.5,29.0,34.0,0.25,26.0,11.5,41.0,39.5,1.0,27.0,34.0,28.0,17.0,0,0,0,0,0,0,0,0,0,1,0,0,0,0,0,0,0,0,0
2022-01-04,6.0,5.5,1.5,8.0,8.5,23.0,44.5,31.5,21.5,8.25,6.0,4.0,3.5,26.5,38.0,1.5,27.5,1.0,2.0,0,0,0,0,0,0,0,0,0,1,0,0,0,0,0,0,0,0,0
2022-01-05,12.0,27.0,1.5,14.0,30.0,23.0,44.5,31.5,21.5,14.5,40.0,4.0,3.5,30.5,38.0,0.0,27.5,1.0,2.0,0,0,0,0,0,0,0,0,0,1,0,0,0,0,0,0,0,0,0
2022-01-06,12.0,27.0,1.0,14.0,30.0,4.0,5.0,1.5,2.0,2.25,40.0,1.5,0.5,30.5,10.5,0.0,1.0,0.0,1.0,0,0,0,0,0,0,0,0,0,1,0,0,0,0,0,0,0,0,0
2022-01-07,0.0,0.0,0.0,0.0,0.5,0.0,0.0,0.0,19.5,40.0,0.0,66.5,0.5,4.0,6.5,0.0,12.0,0.0,13.5,0,0,0,0,0,0,0,0,0,1,0,0,0,0,0,0,0,0,0
2022-01-08,0.5,1.5,0.0,0.0,0.5,0.0,0.0,13.5,19.5,5.5,1.5,66.5,0.0,4.0,6.5,2.5,12.0,7.5,13.5,0,0,0,0,0,0,0,0,0,1,0,0,0,0,0,0,0,0,0
2022-01-09,0.0,0.0,0.0,0.0,0.0,0.0,0.0,0.0,0.0,2.5,0.5,0.0,0.0,0.0,0.0,2.5,0.0,0.0,0.0,0,0,0,0,0,0,0,0,0,1,0,0,0,0,0,1,0,0,0
2022-01-10,0.0,0.0,0.0,0.0,0.0,0.0,0.0,0.5,15.0,13.0,0.0,7.5,1.0,0.0,22.0,2.5,13.0,0.0,0.0,0,0,0,0,0,0,0,0,0,1,0,0,0,0,0,1,0,0,0
2022-01-11,0.0,0.0,0.0,0.0,0.0,0.0,0.0,0.0,0.0,13.25,0.0,0.0,0.0,0.0,0.0,0.0,0.0,0.0,0.0,0,0,0,0,0,0,0,0,0,1,0,0,0,0,0,0,0,0,0
2022-01-12,0.0,0.0,0.0,0.0,0.0,0.0,0.0,0.0,0.0,3.0,0.0,0.0,0.0,0.0,0.0,0.0,0.0,0.0,0.0,0,0,0,0,0,0,0,0,0,1,0,0,0,0,0,0,0,0,0
2022-01-13,0.0,0.0,0.0,0.0,0.0,0.0,0.0,0.0,0.0,0.0,0.0,0.0,0.0,0.0,0.0,0.0,0.0,0.0,0.0,0,0,0,0,0,0,0,0,0,1,0,0,0,0,0,0,0,0,0
2022-01-14,0.0,0.0,0.0,0.0,0.0,0.0,0.0,0.0,0.0,0.0,6.5,0.0,0.0,0.0,0.0,0.0,0.0,0.0,0.0,1,0,0,0,0,0,0,0,0,1,0,0,1,0,0,0,0,0,0
2022-01-15,0.0,0.0,0.0,0.0,0.0,0.0,0.0,0.0,0.0,21.0,6.5,0.0,0.0,0.0,0.0,0.0,0.0,0.0,0.0,0,0,0,0,0,0,0,0,0,1,0,0,1,0,0,0,0,0,0
2022-01-16,0.0,0.0,0.0,0.0,0.0,0.0,2.5,0.5,0.0,16.25,28.0,0.0,0.0,0.0,4.0,0.0,0.0,1.0,0.0,0,0,0,0,0,0,0,0,0,1,0,0,1,0,0,0,0,0,0
2022-01-17,0.0,26.0,0.0,0.0,36.0,1.0,2.5,10.0,5.5,2.75,28.0,29.5,0.0,10.0,67.5,15.0,5.0,1.0,0.0,1,0,0,0,0,0,0,0,0,1,0,0,1,0,0,0,0,0,0
2022-01-18,0.0,26.0,0.0,0.0,36.0,1.0,2.5,10.0,5.5,2.75,1.5,29.5,0.0,10.0,82.0,15.0,5.0,0.5,4.5,1,0,0,0,0,0,0,0,0,1,0,0,1,0,0,0,0,0,0
2022-01-19,20.5,85.5,31.5,60.0,84.0,7.0,15.5,13.5,15.5,12.0,55.5,14.0,0.0,16.0,38.5,22.5,14.0,14.0,36.0,0,0,0,0,0,0,0,0,0,1,0,0,1,0,0,0,0,0,0
2022-01-20,20.5,85.5,31.5,60.0,84.0,7.0,32.5,13.5,15.5,7.75,55.5,14.0,0.0,16.0,38.5,14.5,14.0,14.0,36.0,0,0,0,0,0,0,0,0,0,1,0,0,1,0,0,0,0,0,0
2022-01-21,0.5,2.0,13.0,44.0,1.5,8.5,32.5,52.5,6.0,0.0,23.5,0.0,0.0,12.0,0.0,71.0,2.0,98.5,0.5,0,0,0,0,0,0,0,0,0,1,0,0,1,0,0,0,0,0,0
2022-01-22,2.0,1.5,13.0,5.5,2.0,8.5,10.0,52.5,2.0,1.0,1.5,4.0,0.0,11.0,1.0,1.5,1.0,98.5,2.5,0,0,0,0,0,0,0,0,0,1,0,0,1,0,0,0,0,0,0
2022-01-23,0.0,0.0,0.0,0.0,0.0,0.0,7.5,0.0,0.0,4.75,0.0,0.0,0.0,0.0,0.0,1.5,0.0,0.0,0.0,0,0,0,0,0,0,0,0,0,1,0,0,1,0,0,1,0,0,0
2022-01-24,0.0,0.0,0.0,0.0,0.0,0.0,7.5,0.0,0.0,19.75,0.0,0.0,0.0,0.0,0.0,1.5,0.0,0.0,0.0,1,1,1,1,1,1,1,1,1,1,1,1,1,1,1,1,1,1,1
2022-01-25,0.0,0.0,0.0,0.0,0.0,0.0,7.5,0.0,0.0,17.5,0.0,0.0,0.0,0.0,0.0,1.5,0.0,0.0,0.0,1,1,1,1,1,1,1,1,1,1,1,1,1,1,1,1,1,1,1
2022-01-26,0.0,0.0,0.0,0.0,0.0,0.0,7.5,0.0,0.0,2.25,0.0,0.0,0.0,0.0,0.0,1.5,0.0,0.0,0.0,1,1,1,1,1,1,1,1,1,1,1,1,1,1,1,1,1,1,1
2022-01-27,0.0,0.0,0.0,0.0,0.0,0.0,0.0,0.0,0.0,4.25,0.0,0.0,0.0,0.0,1.0,0.0,0.0,0.0,0.0,0,0,0,0,0,0,0,0,0,1,0,0,0,0,0,0,0,0,0
2022-01-28,1.0,7.0,0.0,0.5,13.0,32.0,22.0,11.5,0.5,4.25,6.5,13.0,1.0,12.5,49.0,9.5,0.5,13.0,12.0,0,0,0,0,0,0,0,0,0,1,0,0,0,0,0,0,0,0,0
2022-01-29,10.0,7.0,10.0,0.5,13.0,40.0,22.0,11.5,0.5,1.5,6.5,13.0,1.5,12.5,49.0,11.5,0.0,35.5,12.0,0,0,0,0,0,0,0,0,0,1,0,0,0,0,0,0,0,0,0
2022-01-30,0.0,0.0,0.0,0.0,0.0,0.5,11.0,0.0,0.0,0.0,0.0,0.0,0.0,14.5,0.0,0.0,0.0,0.0,0.0,0,0,0,0,0,0,0,0,0,1,0,0,0,0,0,0,0,0,0
2022-01-31,0.5,0.0,3.0,0.0,0.0,7.5,17.5,7.0,16.5,0.0,0.0,5.0,5.5,27.0,10.5,0.0,46.0,1.0,0.0,0,0,0,0,0,0,0,0,0,1,0,0,0,0,0,0,0,0,0
2022-02-01,0.5,0.0,3.0,0.0,0.0,7.5,17.5,17.5,16.5,2.5,0.0,5.0,5.5,27.0,10.5,1.0,46.0,1.0,0.0,0,0,0,0,0,0,0,0,0,1,0,0,0,0,0,0,0,0,0
2022-02-02,0.0,0.0,11.0,2.0,0.0,0.0,2.0,0.0,3.5,3.75,5.5,15.5,0.5,1.5,21.5,0.0,0.0,1.0,0.0,0,0,0,0,0,0,0,0,0,1,0,0,0,0,0,0,0,0,0
2022-02-03,2.0,0.0,11.0,2.5,0.0,1.5,3.0,21.0,14.5,0.75,23.0,15.5,21.5,5.5,21.5,22.0,18.0,13.5,4.5,0,0,0,0,0,0,0,0,0,1,0,0,0,0,0,0,0,0,0
2022-02-04,2.0,0.0,1.0,2.5,0.0,1.5,3.0,21.0,14.5,1.0,23.0,13.5,21.5,5.5,3.5,0.0,18.0,13.5,4.5,0,0,0,0,0,0,0,0,0,1,0,0,0,0,0,0,0,0,0
2022-02-05,2.0,0.0,1.0,0.5,0.0,0.0,0.0,0.0,1.0,24.25,0.5,0.0,0.0,0.0,0.0,0.0,0.0,0.0,0.0,0,0,0,0,0,0,0,0,0,1,0,0,0,0,0,0,0,0,0
2022-02-06,0.0,7.5,1.0,0.0,12.5,0.0,2.5,6.5,0.0,25.5,0.0,3.0,0.0,0.0,5.0,16.5,1.0,1.0,4.5,0,0,0,0,0,0,0,0,0,1,0,0,0,0,0,0,0,0,0
2022-02-07,9.5,8.0,0.5,5.0,7.0,0.0,0.0,0.0,0.0,16.5,0.5,1.5,0.0,0.0,0.0,0.0,0.5,1.5,0.5,0,0,0,0,0,0,0,0,0,1,0,0,0,0,0,0,0,0,0
2022-02-08,9.5,8.0,0.5,5.0,7.0,0.0,0.0,0.0,0.0,27.0,0.5,1.5,0.0,0.0,0.0,0.0,0.5,1.5,0.5,0,0,0,0,0,0,0,0,0,1,0,0,0,0,0,0,0,0,0
2022-02-09,0.0,0.0,0.0,0.0,0.5,0.0,0.0,0.0,0.0,4.0,0.0,1.0,0.5,0.0,0.0,0.0,2.0,0.5,0.0,0,0,0,0,0,0,0,0,0,1,0,0,0,0,0,0,0,0,0
2022-02-10,2.0,2.0,2.0,2.5,1.5,2.0,6.5,6.5,3.0,0.5,1.5,1.5,5.0,20.0,7.5,12.0,4.5,4.0,1.5,0,0,0,0,0,0,0,0,0,1,0,0,0,0,0,0,0,0,0
2022-02-11,2.5,2.0,2.0,2.5,1.5,2.0,6.5,6.5,3.0,9.25,1.5,1.5,5.0,20.0,8.0,12.0,4.5,4.0,1.5,0,0,0,0,0,0,0,0,0,1,0,0,0,0,0,0,0,0,0
2022-02-12,2.5,5.0,0.5,1.0,7.5,2.5,6.0,1.0,1.0,19.75,0.5,1.0,3.5,2.0,2.0,1.0,0.5,1.0,0.5,0,0,0,0,0,0,0,0,0,1,0,0,0,0,0,0,0,0,0
2022-02-13,0.0,0.0,1.0,4.5,0.0,0.0,0.0,0.0,0.0,20.5,79.5,0.0,3.0,1.0,48.0,0.0,0.0,1.0,18.0,0,0,0,0,0,0,0,0,0,1,0,0,0,0,0,0,0,0,0
2022-02-14,0.0,0.0,1.0,4.5,0.0,0.0,0.0,0.0,0.0,15.25,79.5,0.0,3.0,1.0,48.0,0.0,0.0,1.0,18.0,1,1,1,1,1,1,1,1,1,1,1,1,1,1,1,1,1,1,1
2022-02-15,9.0,1.5,0.5,1.0,1.5,0.5,0.5,0.5,1.0,9.5,0.5,0.5,0.5,0.0,2.5,0.5,1.0,0.5,0.0,0,0,0,0,0,0,0,0,0,1,0,0,0,0,0,0,0,0,0
2022-02-16,0.0,0.0,0.0,0.5,0.0,0.0,0.0,0.0,0.0,12.75,0.0,0.0,0.0,0.0,0.0,0.0,0.0,0.0,0.0,0,0,0,0,0,0,0,0,0,1,0,0,0,0,0,0,0,0,0
2022-02-17,59.0,1.0,2.5,2.0,1.5,4.0,2.0,3.0,2.0,0.25,2.0,1.5,3.0,2.0,5.5,3.0,1.5,2.0,1.0,0,0,0,0,0,0,0,0,0,1,0,0,0,0,0,0,0,0,0
2022-02-18,0.5,0.0,0.0,0.0,0.0,0.0,0.0,0.0,0.0,2.0,0.0,0.0,0.0,0.0,0.0,0.0,0.0,0.0,0.0,0,0,0,0,0,0,0,0,0,1,0,0,0,0,0,0,0,0,0
2022-02-19,0.0,0.0,0.0,0.0,0.0,0.0,0.0,0.0,0.0,5.5,0.0,0.0,0.0,0.0,0.0,0.0,0.0,0.0,0.0,0,0,0,0,0,0,0,0,0,1,0,0,0,0,0,0,0,0,0
2022-02-20,0.0,0.0,0.0,0.0,0.0,0.0,0.0,0.0,0.0,6.25,0.0,0.0,0.0,0.0,0.0,0.0,0.0,0.0,0.0,1,1,1,1,1,1,1,1,1,1,1,1,1,1,1,1,1,1,1
2022-02-21,0.0,0.0,0.0,0.0,0.0,0.0,0.0,0.0,0.0,5.25,0.0,0.0,0.0,0.0,0.0,0.0,0.0,0.0,0.0,1,1,1,1,1,1,1,1,1,1,1,1,1,1,1,1,1,1,1
2022-02-22,0.0,0.0,0.0,0.0,0.0,0.0,0.0,0.0,0.0,4.0,0.0,0.0,0.0,0.0,0.0,0.0,20.5,0.0,0.0,1,1,1,1,1,1,1,1,1,1,1,1,1,1,1,1,0,1,1
2022-02-23,33.0,7.0,10.0,11.0,5.5,6.5,30.5,22.5,49.0,9.0,6.0,28.5,14.5,19.5,38.5,0.0,20.5,9.5,4.5,0,0,0,0,0,0,0,0,0,1,0,0,0,0,0,0,0,0,0
2022-02-24,4.5,11.5,22.0,19.0,10.5,5.0,26.0,30.0,79.5,25.75,59.5,46.0,69.0,5.5,27.0,46.5,52.0,10.5,14.0,0,0,0,0,0,0,0,0,0,1,0,0,0,0,0,0,0,0,0
2022-02-25,6.0,18.5,22.0,19.0,20.5,5.0,26.0,30.0,79.5,10.5,59.5,59.0,69.0,6.0,27.0,46.5,52.0,10.5,126.0,0,0,0,0,0,0,0,0,0,1,0,0,0,0,0,0,0,0,0
2022-02-26,15.0,18.5,21.5,13.0,20.5,22.5,39.5,88.5,40.5,0.0,46.5,59.0,62.0,26.0,9.0,77.5,55.5,91.0,126.0,0,0,0,0,0,0,0,0,0,1,0,0,0,0,0,0,0,0,0
2022-02-27,7.5,0.5,13.0,2.5,0.5,15.5,9.0,21.5,4.0,1.25,1.0,0.5,8.0,12.5,12.0,25.0,3.0,32.5,0.5,0,0,0,0,0,0,0,0,0,1,0,0,0,0,0,0,0,0,0
2022-02-28,0.0,0.0,0.0,0.0,0.0,0.0,0.0,0.0,0.0,3.25,0.0,0.0,0.0,0.0,0.0,0.0,0.0,0.0,0.0,0,0,0,0,0,0,0,0,0,1,0,0,0,0,0,0,0,0,0
2022-03-01,16.5,3.5,0.5,8.5,6.5,4.5,38.0,0.5,5.5,3.0,8.0,7.5,29.5,41.0,2.0,10.5,7.0,1.0,10.5,0,0,0,0,0,0,0,0,0,1,0,0,0,0,0,0,0,0,0
2022-03-02,16.5,3.5,0.5,8.5,6.5,4.5,38.0,0.5,5.5,3.5,8.0,7.5,29.5,41.0,2.0,10.5,7.0,1.0,10.5,0,0,0,0,0,0,0,0,0,1,0,0,0,0,0,0,0,0,0
2022-03-03,16.5,3.5,0.5,8.5,6.5,4.5,38.0,0.5,5.5,14.0,8.0,7.5,29.5,41.0,2.0,10.5,7.0,1.0,10.5,1,1,1,1,1,1,1,1,1,1,1,1,1,1,1,1,1,1,1
2022-03-04,16.5,3.5,0.5,8.5,6.5,4.5,38.0,0.5,5.5,24.25,8.0,7.5,29.5,41.0,2.0,10.5,7.0,1.0,10.5,1,1,1,1,1,1,1,1,1,1,1,1,1,1,1,1,1,1,1
2022-03-05,16.5,3.5,0.5,8.5,6.5,4.5,38.0,0.5,5.5,2.75,8.0,7.5,29.5,41.0,2.0,10.5,7.0,1.0,10.5,1,1,1,1,1,1,1,1,1,1,1,1,1,1,1,1,1,1,1
2022-03-06,16.5,3.5,0.5,8.5,6.5,4.5,38.0,0.5,5.5,11.5,8.0,7.5,29.5,41.0,2.0,10.5,7.0,1.0,10.5,1,1,1,1,1,1,1,1,1,1,1,1,1,1,1,1,1,1,1
2022-03-07,43.5,34.5,33.0,54.5,32.5,19.5,38.5,60.0,112.0,2.0,44.5,48.5,143.5,7.0,133.0,93.5,128.5,84.5,53.0,0,0,0,0,0,0,0,0,0,1,0,0,0,0,0,0,0,0,0
2022-03-08,43.5,34.5,33.0,54.5,32.5,19.5,38.5,60.0,112.0,2.25,44.5,48.5,143.5,7.0,133.0,93.5,128.5,84.5,53.0,1,1,1,1,1,1,1,1,1,1,1,1,1,1,1,1,1,1,1
2022-03-09,43.5,34.5,33.0,54.5,32.5,19.5,38.5,60.0,112.0,9.75,44.5,48.5,143.5,7.0,133.0,93.5,128.5,84.5,53.0,1,1,1,1,1,1,1,1,1,1,1,1,1,1,1,1,1,1,1
2022-03-10,43.5,34.5,33.0,54.5,32.5,19.5,38.5,60.0,112.0,1.0,44.5,48.5,143.5,7.0,133.0,93.5,128.5,84.5,53.0,1,1,1,1,1,1,1,1,1,1,1,1,1,1,1,1,1,1,1
2022-03-11,43.5,34.5,33.0,54.5,32.5,19.5,38.5,60.0,112.0,0.25,44.5,48.5,143.5,7.0,133.0,93.5,128.5,84.5,53.0,1,1,1,1,1,1,1,1,1,1,1,1,1,1,1,1,1,1,1
2022-03-12,43.5,34.5,33.0,54.5,32.5,19.5,38.5,60.0,112.0,5.75,44.5,48.5,143.5,7.0,133.0,93.5,128.5,84.5,53.0,1,1,1,1,1,1,1,1,1,1,1,1,1,1,1,1,1,1,1
2022-03-13,43.5,34.5,33.0,54.5,32.5,19.5,38.5,60.0,112.0,4.5,44.5,48.5,143.5,7.0,133.0,93.5,128.5,84.5,53.0,1,1,1,1,1,1,1,1,1,1,1,1,1,1,1,1,1,1,1
2022-03-14,43.5,34.5,33.0,54.5,32.5,19.5,38.5,60.0,112.0,4.5,44.5,48.5,143.5,7.0,133.0,93.5,128.5,84.5,53.0,1,1,1,1,1,1,1,1,1,1,1,1,1,1,1,1,1,1,1
2022-03-15,23.0,0.5,0.0,0.0,0.0,0.0,0.0,0.0,0.5,4.0,0.0,0.0,0.0,0.0,0.0,0.0,0.0,0.0,0.0,0,0,0,0,0,0,0,0,0,1,0,0,0,0,0,1,0,0,0
2022-03-16,23.0,0.5,0.0,0.0,0.0,0.0,0.0,0.0,0.5,0.75,0.0,0.0,0.0,0.0,0.0,0.0,0.0,0.0,0.0,1,1,1,1,1,1,1,1,1,1,1,1,1,1,1,1,1,1,1
2022-03-17,23.0,0.5,0.0,0.0,0.0,0.0,0.0,0.0,0.5,0.5,0.0,0.0,0.0,0.0,0.0,0.0,0.0,0.0,0.0,1,1,1,1,1,1,1,1,1,1,1,1,1,1,1,1,1,1,1
2022-03-18,23.0,0.5,0.0,0.0,0.0,0.0,0.0,0.0,0.5,0.25,0.0,0.0,0.0,0.0,0.0,0.0,0.0,0.0,0.0,1,1,1,1,1,1,1,1,1,1,1,1,1,1,1,1,1,1,1
2022-03-19,23.0,0.5,0.0,0.0,0.0,0.0,0.0,0.0,0.5,0.25,0.0,0.0,0.0,0.0,0.0,0.0,0.0,0.0,0.0,1,1,1,1,1,1,1,1,1,1,1,1,1,1,1,1,1,1,1
2022-03-20,23.0,0.5,0.0,0.0,0.0,0.0,0.0,0.0,0.5,0.5,0.0,0.0,0.0,0.0,0.0,0.0,0.0,0.0,0.0,1,1,1,1,1,1,1,1,1,1,1,1,1,1,1,1,1,1,1
2022-03-21,20.0,0.0,0.0,0.0,0.0,0.0,0.0,0.0,0.0,0.5,0.0,0.0,0.0,0.0,0.0,0.0,0.0,0.0,0.0,0,0,0,0,0,0,0,0,0,1,0,0,0,0,0,0,0,0,0
2022-03-22,13.0,13.0,11.5,7.5,14.5,0.5,2.5,1.0,6.5,3.0,3.5,10.5,3.0,1.0,2.0,1.5,15.0,1.0,27.0,0,0,0,0,0,0,0,0,0,1,0,0,0,0,0,0,0,0,0
2022-03-23,0.0,0.0,0.0,0.0,0.0,0.0,0.0,0.0,0.0,2.0,0.0,0.5,0.0,0.0,0.0,0.0,0.0,0.0,0.0,0,0,0,0,0,0,0,0,0,1,0,0,0,0,0,0,0,0,0
2022-03-24,2.0,11.5,28.0,36.5,10.0,0.5,14.5,11.0,28.5,1.0,18.5,24.0,26.5,8.0,1.5,2.5,38.0,5.0,8.5,0,0,0,0,0,0,0,0,0,1,0,0,0,0,0,0,0,0,0
2022-03-25,2.5,11.5,28.0,36.5,10.0,41.5,34.5,41.5,28.5,1.5,18.5,24.0,33.0,56.0,12.5,45.5,38.0,37.0,10.5,0,0,0,0,0,0,0,0,0,1,0,0,0,0,0,0,0,0,0
2022-03-26,2.5,4.0,3.5,2.5,8.5,41.5,34.5,41.5,19.0,1.5,30.0,11.0,33.0,56.0,12.5,45.5,20.5,37.0,13.0,0,0,0,0,0,0,0,0,0,1,0,0,0,0,0,0,0,0,0
2022-03-27,2.5,4.0,0.5,2.0,8.5,0.5,2.0,2.5,5.5,3.0,30.0,3.5,2.5,4.0,0.0,0.0,1.5,1.5,13.0,0,0,0,0,0,0,0,0,0,1,0,0,0,0,0,0,0,0,0
2022-03-28,2.5,4.0,0.5,2.0,8.5,0.0,2.0,2.5,5.5,4.5,30.0,3.5,2.5,4.0,0.0,0.0,1.5,1.5,13.0,1,1,1,1,1,0,1,1,1,1,1,1,1,1,1,1,1,1,1
2022-03-29,2.5,4.0,0.5,2.0,8.5,17.0,2.0,2.5,5.5,6.5,30.0,3.5,2.5,4.0,0.0,0.0,1.5,1.5,41.0,1,1,1,1,1,0,1,1,1,1,1,1,1,1,1,1,1,1,0
2022-03-30,51.0,13.0,78.5,47.0,27.0,97.5,45.0,55.5,27.0,10.75,12.0,8.0,42.5,32.0,5.0,66.0,20.0,113.5,1.5,0,0,0,0,0,0,0,0,0,1,0,0,0,0,0,0,0,0,0
2022-03-31,51.0,13.0,78.5,47.0,27.0,97.5,45.0,55.5,27.0,7.0,12.0,8.0,42.5,32.0,5.0,66.0,20.0,113.5,1.5,1,1,1,1,1,0,1,1,1,1,1,1,1,1,1,1,1,1,1
2022-04-01,4.0,0.0,0.0,0.0,0.0,0.0,0.0,0.5,0.0,20.25,0.0,0.0,0.0,32.0,0.0,0.0,0.0,0.0,0.0,0,0,0,0,0,0,0,0,0,1,0,0,0,1,0,0,0,0,0
2022-04-02,0.0,0.0,0.0,0.5,0.5,0.0,0.0,0.0,0.0,18.75,0.0,0.0,0.0,0.0,0.0,0.0,0.0,0.0,0.0,0,0,0,0,0,0,0,0,0,1,0,0,0,0,0,0,0,0,0
2022-04-03,0.0,0.5,0.5,0.5,0.5,0.0,0.0,0.0,0.0,1.75,0.0,0.0,0.0,0.0,0.0,0.0,0.0,0.0,0.0,0,0,0,0,0,0,0,0,0,1,0,0,0,1,0,0,0,0,0
2022-04-04,0.0,0.5,0.5,0.5,0.5,0.0,0.0,0.0,0.0,1.5,0.0,0.0,0.0,0.0,0.0,0.0,0.0,0.0,0.0,1,1,1,1,1,1,1,1,1,1,1,1,1,1,1,1,1,1,1
2022-04-05,0.0,8.5,25.5,42.0,15.5,4.0,34.0,1.5,7.0,1.5,30.0,11.5,23.5,0.0,20.0,1.0,11.0,0.5,6.5,1,0,0,0,0,0,0,0,0,1,0,0,0,1,0,0,0,0,0
2022-04-06,0.0,0.0,0.5,0.0,0.0,0.0,0.0,0.0,0.5,1.0,0.0,0.0,0.0,0.0,0.0,0.0,0.0,0.0,0.0,1,0,0,0,0,0,0,0,0,1,0,0,0,1,0,0,0,0,0
2022-04-07,0.0,8.0,43.5,34.5,10.5,9.0,19.0,6.5,4.0,6.0,4.0,2.0,5.0,12.5,66.5,4.5,3.5,7.5,4.5,1,0,0,0,0,0,0,0,0,1,0,0,0,0,0,0,0,0,0
2022-04-08,0.0,0.0,0.0,0.0,0.0,6.5,12.5,7.0,0.5,1.25,0.0,0.0,21.5,13.5,0.0,10.0,0.5,3.5,0.0,1,0,0,0,0,0,0,0,0,1,0,0,0,0,0,0,0,0,0
2022-04-09,0.0,0.5,0.0,1.0,0.5,17.5,12.5,7.0,0.5,2.5,0.0,1.0,21.5,13.5,0.0,4.5,8.5,50.0,0.0,1,0,0,0,0,0,0,0,0,1,0,0,0,0,0,0,0,0,0
2022-04-10,0.0,0.0,0.0,0.0,0.0,22.5,8.5,44.0,7.5,1.25,0.0,0.0,21.0,13.5,0.0,86.5,17.5,70.5,0.0,1,0,0,0,0,0,0,0,0,1,0,0,0,1,0,0,0,0,0
2022-04-11,1.0,11.0,18.5,25.0,19.5,22.5,9.5,44.0,7.5,20.75,17.5,25.0,21.0,13.5,8.5,86.5,17.5,70.5,37.0,1,0,0,0,0,0,0,0,0,1,0,0,0,1,0,0,0,0,0
2022-04-12,1.0,0.5,0.0,0.0,0.0,0.0,0.0,0.0,0.0,25.5,0.0,0.0,0.0,13.5,0.0,0.0,0.0,45.5,0.0,1,0,0,0,0,0,0,0,0,1,0,0,0,1,0,0,0,0,0
2022-04-13,4.75,2.5,5.5,1.5,0.5,28.0,20.0,3.0,22.5,7.0,0.0,0.5,5.0,13.5,37.5,2.0,28.0,0.5,0.0,1,0,0,0,0,0,0,0,0,1,0,0,0,1,0,0,0,0,0
2022-04-14,5.25,2.5,5.5,1.5,0.5,28.0,20.0,3.0,22.5,1.25,0.0,5.5,5.0,0.0,37.5,0.0,0.0,0.5,2.0,1,0,0,0,0,0,0,0,0,1,0,0,0,0,0,0,0,0,0
2022-04-15,5.75,1.0,1.0,6.0,1.0,14.5,0.0,1.0,0.0,4.5,0.0,5.5,0.5,0.0,0.5,0.5,0.0,3.5,2.0,1,0,0,0,0,0,0,0,0,1,0,0,0,0,0,0,0,0,0
2022-04-16,1.5,9.5,0.0,0.5,27.5,37.5,24.0,11.0,36.0,4.25,0.0,0.0,18.0,41.0,0.5,17.0,28.5,0.0,0.0,1,0,0,0,0,0,0,0,0,1,0,0,0,0,0,0,0,0,0
2022-04-17,1.5,9.5,0.0,0.5,27.5,37.5,24.0,11.0,36.0,1.5,0.0,0.0,18.0,41.0,0.5,0.0,0.0,0.0,0.0,1,0,0,0,0,0,0,0,0,1,0,0,0,0,0,0,0,0,0
2022-04-18,1.5,9.5,0.0,0.5,27.5,37.5,24.0,11.0,36.0,2.5,0.0,0.0,18.0,41.0,0.5,0.0,0.0,0.0,0.0,1,1,1,1,1,1,1,1,1,1,1,1,1,1,1,1,1,1,1
2022-04-19,1.5,0.0,0.5,0.0,0.0,0.0,0.0,0.5,2.5,2.5,1.0,0.0,2.0,0.5,55.0,1.0,1.5,6.0,0.0,1,0,0,0,0,0,0,0,0,1,0,0,0,0,0,0,0,0,0
2022-04-20,1.5,0.5,22.5,14.5,0.5,7.0,1.0,5.0,2.5,1.75,1.0,26.5,3.0,0.5,55.0,3.0,1.5,9.5,0.0,1,0,0,0,0,0,0,0,0,1,0,0,0,0,0,0,0,0,0
2022-04-21,1.5,1.5,22.5,14.5,0.5,7.0,2.5,23.0,11.5,7.5,0.5,26.5,3.0,10.0,11.5,26.0,21.0,10.5,0.0,1,0,0,0,0,0,0,0,0,1,0,0,0,0,0,0,0,0,0
2022-04-22,1.5,2.5,33.0,5.5,3.0,5.0,2.5,23.0,11.5,4.75,1.5,3.0,26.0,24.5,18.0,26.0,21.0,10.5,4.5,1,0,0,0,0,0,0,0,0,1,0,0,0,0,0,0,0,0,0
2022-04-23,1.5,3.0,33.5,6.5,3.0,0.0,6.5,1.0,9.5,18.75,2.0,7.5,26.0,24.5,19.0,13.0,13.5,1.5,4.5,0,0,0,0,0,0,0,0,0,1,0,0,0,0,0,0,0,0,0
2022-04-24,29.5,6.5,10.0,7.0,13.5,20.0,7.0,10.0,10.5,21.5,4.5,7.5,9.5,3.5,46.5,9.0,7.0,20.5,2.0,0,0,0,0,0,0,0,0,0,1,0,0,0,0,0,0,0,0,0
2022-04-25,29.5,6.5,10.0,7.0,13.5,50.0,36.5,58.0,114.0,13.0,120.0,117.5,98.0,35.5,46.5,79.0,108.0,25.5,89.5,0,0,0,0,0,0,0,0,0,1,0,0,0,0,0,0,0,0,0
2022-04-26,0.0,0.5,0.0,0.0,0.0,14.0,0.0,0.5,2.5,3.25,0.0,1.5,1.5,0.0,0.0,0.0,1.5,25.5,0.0,0,0,0,0,0,0,0,0,0,1,0,0,0,0,0,0,0,0,0
2022-04-27,39.5,0.5,8.5,1.0,1.0,0.0,37.0,11.5,29.0,4.75,53.0,19.5,54.0,42.5,13.0,11.0,34.5,1.0,11.5,0,0,0,0,0,0,0,0,0,1,0,0,0,0,0,0,0,0,0
2022-04-28,39.5,2.5,36.0,1.0,27.0,3.0,37.0,11.5,32.5,6.0,53.0,19.5,54.0,42.5,13.0,11.0,34.5,1.5,54.0,0,0,0,0,0,0,0,0,0,1,0,0,0,0,0,0,0,0,0
2022-04-29,39.5,2.5,36.0,1.0,27.0,3.0,37.0,11.5,32.5,5.5,53.0,19.5,54.0,42.5,13.0,11.0,28.0,1.5,54.0,1,1,1,1,1,1,1,1,0,1,1,1,1,1,1,1,0,1,0
2022-04-30,39.5,2.5,36.0,1.0,27.0,3.0,37.0,11.5,4.5,2.5,53.0,19.5,54.0,42.5,13.0,11.0,1.0,1.5,33.5,1,1,1,1,1,1,1,1,0,1,1,1,1,1,1,1,0,1,0
2022-05-01,5.5,5.0,46.0,69.5,5.5,88.5,33.5,29.0,5.0,1.0,9.5,3.5,4.0,23.0,0.0,15.0,2.0,47.5,33.5,0,0,0,0,0,0,0,0,0,1,0,0,0,0,0,0,0,0,0
2022-05-02,5.5,5.0,46.0,69.5,31.5,88.5,33.5,14.0,25.5,8.75,9.5,3.5,22.5,26.5,11.0,12.5,22.0,47.5,34.5,0,0,0,0,0,0,0,0,0,1,0,0,0,0,0,0,0,0,0
2022-05-03,1.5,0.0,21.0,24.0,20.0,13.0,11.0,9.5,17.0,1.25,25.5,34.5,10.5,13.5,26.5,9.0,10.5,9.0,25.5,0,0,0,0,0,0,0,0,0,1,0,0,0,0,0,0,0,0,0
2022-05-04,1.0,0.0,0.0,0.0,0.0,0.0,0.0,0.0,0.0,5.5,0.0,0.0,0.0,0.0,0.0,0.0,0.0,0.0,0.0,0,0,0,0,0,0,0,0,0,1,0,0,0,0,0,0,0,0,0
2022-05-05,1.5,0.0,0.0,0.0,0.0,0.0,0.0,0.0,0.0,5.5,0.0,0.0,0.0,0.0,0.0,0.0,0.0,0.0,0.0,0,0,0,0,0,0,0,0,0,1,0,0,0,0,0,0,0,0,0
2022-05-06,1.5,0.0,0.0,0.0,0.0,0.5,0.0,0.0,0.0,0.5,0.0,0.0,0.0,0.0,0.0,0.0,0.0,0.0,0.0,0,0,0,0,0,0,0,0,0,1,0,0,0,0,0,0,0,0,0
2022-05-07,0.5,0.0,11.5,5.5,4.5,24.0,12.5,15.0,4.0,0.75,4.5,4.0,5.5,15.0,12.5,13.0,4.0,13.5,9.0,0,0,0,0,0,0,0,0,0,1,0,0,0,0,0,0,0,0,0
2022-05-08,0.5,0.0,11.5,5.5,4.5,24.0,12.5,15.0,4.0,6.0,4.5,4.0,5.5,15.0,12.5,13.0,4.0,13.5,9.0,1,1,1,1,1,1,1,1,1,1,1,1,1,1,1,1,1,1,1
2022-05-09,1.0,0.0,0.0,0.0,0.0,0.0,0.0,0.0,0.0,0.5,0.0,0.0,0.0,0.0,0.0,0.0,0.0,0.0,0.0,0,0,0,0,0,0,0,0,0,1,0,0,0,0,0,0,0,0,0
2022-05-10,1.0,0.0,0.0,0.0,0.0,0.0,0.0,0.0,0.0,0.5,0.0,0.0,0.0,0.0,0.0,0.0,0.0,0.0,0.0,1,1,1,1,1,1,1,1,1,1,1,1,1,1,1,1,1,1,1
2022-05-11,1.5,0.0,8.0,5.5,2.0,5.0,3.5,7.0,5.5,2.0,6.0,1.5,1.5,2.0,0.0,10.5,2.0,38.5,2.0,0,0,0,0,0,0,0,0,0,1,0,0,0,0,0,0,0,0,0
2022-05-12,3.0,0.0,8.0,4.0,19.0,8.5,0.0,1.5,5.0,2.0,0.0,0.5,0.0,0.0,0.0,0.0,0.5,0.5,0.0,0,0,0,0,0,0,0,0,0,1,0,0,0,0,0,0,0,0,0
2022-05-13,12.5,0.0,8.0,4.0,19.0,29.0,44.5,37.5,5.0,6.25,0.0,0.5,2.0,25.0,7.0,22.5,1.0,14.0,0.0,0,0,0,0,0,0,0,0,0,1,0,0,0,0,0,0,0,0,0
2022-05-14,12.5,0.0,45.0,85.0,38.0,29.0,44.5,38.0,41.0,6.25,5.5,13.0,20.5,25.0,37.0,35.5,44.5,42.0,9.0,0,0,0,0,0,0,0,0,0,1,0,0,0,0,0,0,0,0,0
2022-05-15,0.0,0.0,45.0,85.0,38.0,9.0,25.5,28.5,41.0,0.25,36.0,14.5,20.5,16.5,37.0,35.5,1.0,42.0,9.0,0,0,0,0,0,0,0,0,0,1,0,0,0,0,0,0,0,0,0
2022-05-16,1.5,0.0,22.0,25.0,25.5,4.0,0.5,0.0,9.5,0.5,11.0,6.5,7.0,0.5,4.5,1.5,2.5,4.5,5.5,0,0,0,0,0,0,0,0,0,1,0,0,0,0,0,0,0,0,0
2022-05-17,1.5,0.0,22.0,25.0,25.5,4.0,0.5,0.0,9.5,0.25,11.0,6.5,7.0,0.5,4.5,0.0,2.5,4.5,5.5,0,0,0,0,0,0,0,0,0,1,0,0,0,0,0,0,0,0,0
2022-05-18,0.0,0.0,47.5,1.0,0.0,1.0,0.0,0.0,0.0,0.25,0.0,0.0,0.0,0.0,0.0,0.0,0.0,2.0,0.0,0,0,0,0,0,0,0,0,0,1,0,0,0,0,0,0,0,0,0
2022-05-19,0.0,0.0,47.5,1.0,0.0,1.0,0.0,0.0,0.0,0.25,0.0,0.0,0.0,0.0,0.0,0.0,0.0,2.0,0.0,0,0,0,0,0,0,0,0,0,1,0,0,0,0,0,0,0,0,0
2022-05-20,0.0,0.0,0.0,0.0,0.0,0.0,0.0,0.0,0.0,0.25,0.0,0.0,0.0,0.0,0.0,0.0,0.0,0.0,0.0,0,0,0,0,0,0,0,0,0,1,0,0,0,0,0,0,0,0,0
2022-05-21,0.0,0.0,0.0,0.0,0.0,0.0,0.0,0.0,0.0,0.25,0.0,0.0,0.0,0.0,0.0,0.0,0.0,0.0,0.0,0,0,0,0,0,0,0,0,0,1,0,0,0,0,0,0,0,0,0
2022-05-22,0.0,0.0,0.0,0.0,0.0,0.0,0.0,0.0,0.0,0.5,0.0,0.0,0.0,0.0,0.0,0.0,0.0,0.0,0.0,0,0,0,0,0,0,0,0,0,1,0,0,0,0,0,0,0,0,0
2022-05-23,22.5,0.5,65.5,24.5,13.0,41.5,3.5,1.5,14.0,0.75,12.0,14.0,15.0,5.0,33.5,3.0,11.0,12.0,0.5,0,0,0,0,0,0,0,0,0,1,0,0,0,0,0,0,0,0,0
2022-05-24,0.5,0.5,17.5,19.5,2.5,92.0,30.0,35.0,11.0,0.5,5.0,4.0,8.5,15.0,2.5,38.0,17.5,87.5,13.5,0,0,0,0,0,0,0,0,0,1,0,0,0,0,0,0,0,0,0
2022-05-25,0.5,0.0,34.0,35.0,33.5,37.5,22.5,52.0,64.0,0.0,89.0,73.5,58.5,15.5,36.5,56.5,37.5,48.0,68.5,0,0,0,0,0,0,0,0,0,1,0,0,0,0,0,0,0,0,0
2022-05-26,0.5,0.0,34.0,35.0,33.5,37.5,22.5,52.0,64.0,0.5,89.0,73.5,58.5,15.5,36.5,0.0,37.5,48.0,68.5,0,0,0,0,0,0,0,0,0,1,0,0,0,0,0,0,0,0,0
2022-05-27,0.5,0.0,6.5,0.0,0.0,3.5,0.5,0.0,8.0,1.0,3.0,1.5,1.0,0.5,5.0,0.0,8.0,3.5,10.0,0,0,0,0,0,0,0,0,0,1,0,0,0,0,0,0,0,0,0
2022-05-28,0.5,0.0,6.5,0.0,0.0,3.5,0.5,0.0,8.0,0.5,3.0,1.5,1.0,0.5,5.0,0.0,8.0,3.5,10.0,0,0,0,0,0,0,0,0,0,1,0,0,0,0,0,0,0,0,0
2022-05-29,0.5,0.0,0.0,0.0,0.0,0.0,0.0,0.0,0.5,0.0,0.0,0.0,0.0,0.0,0.0,0.0,0.0,0.0,0.0,0,0,0,0,0,0,0,0,0,1,0,0,0,0,0,0,0,0,0
2022-05-30,0.0,0.0,0.0,0.0,0.0,0.0,0.0,0.0,0.0,0.0,0.0,0.0,0.0,0.0,0.0,0.0,0.0,0.0,0.0,0,0,0,0,0,0,0,0,0,1,0,0,0,0,0,0,0,0,0
2022-05-31,0.0,0.0,0.0,0.0,0.0,0.0,0.0,0.0,0.0,0.5,0.0,0.0,0.0,0.0,0.0,0.0,0.0,0.0,0.0,0,0,0,0,0,0,0,0,0,1,0,0,0,0,0,0,0,0,0
2022-06-01,0.0,0.0,0.0,0.0,0.0,0.0,0.0,0.0,0.0,0.5,0.0,0.0,0.0,0.0,0.0,0.0,0.0,0.0,0.0,0,0,0,0,0,0,0,0,0,1,0,0,0,0,0,0,0,0,0
2022-06-02,0.0,0.0,0.5,1.0,0.5,23.0,6.5,3.0,0.5,0.0,0.0,0.0,0.0,6.0,0.0,0.5,0.5,1.0,0.0,0,0,0,0,0,0,0,0,0,1,0,0,0,0,0,0,0,0,0
2022-06-03,0.0,0.0,0.5,0.0,0.0,0.0,0.0,0.0,0.0,0.5,0.0,0.0,0.0,0.0,0.0,0.0,0.0,0.0,0.0,0,0,0,0,0,0,0,0,0,1,0,0,0,0,0,0,0,0,0
2022-06-04,0.0,0.0,7.5,2.0,2.5,6.0,11.0,7.0,5.0,0.5,1.5,0.0,3.0,9.0,1.0,4.5,7.5,2.0,1.5,0,0,0,0,0,0,0,0,0,1,0,0,0,0,0,0,0,0,0
2022-06-05,0.0,0.0,7.5,2.0,2.5,20.5,13.0,11.0,5.0,0.5,1.5,0.0,4.0,19.0,6.5,7.0,7.5,6.5,1.5,0,0,0,0,0,0,0,0,0,1,0,0,0,0,0,0,0,0,0
2022-06-06,0.0,0.0,4.5,2.0,15.5,20.5,13.0,11.0,2.0,0.0,9.0,9.5,8.0,19.0,6.5,0.0,2.0,6.5,24.5,0,0,0,0,0,0,0,0,0,1,0,0,0,0,0,0,0,0,0
2022-06-07,0.5,0.0,0.0,8.0,15.5,0.5,0.0,0.0,3.0,0.0,9.0,9.5,8.0,3.0,2.0,0.0,0.5,1.0,24.5,0,0,0,0,0,0,0,0,0,1,0,0,0,0,0,0,0,0,0
2022-06-08,0.5,0.0,5.0,8.0,2.0,3.0,11.0,3.0,4.0,0.5,1.0,5.0,2.0,7.5,21.0,5.5,0.5,3.5,4.0,0,0,0,0,0,0,0,0,0,1,0,0,0,0,0,0,0,0,0
2022-06-09,1.0,0.0,24.5,12.5,23.0,62.5,95.5,90.0,84.5,0.5,41.0,48.0,57.0,96.5,101.0,63.0,0.5,21.5,45.0,0,0,0,0,0,0,0,0,0,1,0,0,0,0,0,0,0,0,0
2022-06-10,1.0,0.0,24.5,12.5,23.0,62.5,95.5,90.0,84.5,0.0,41.0,48.0,57.0,96.5,101.0,0.0,0.5,21.5,45.0,0,0,0,0,0,0,0,0,0,1,0,0,0,0,0,0,0,0,0
2022-06-11,0.5,0.0,33.0,32.0,39.0,9.0,18.0,9.5,73.0,0.0,49.0,67.5,65.5,16.0,55.5,23.5,81.0,16.5,47.0,0,0,0,0,0,0,0,0,0,1,0,0,0,0,0,0,0,0,0
2022-06-12,0.5,0.0,33.0,32.0,39.0,9.0,18.0,9.5,73.0,0.0,49.0,67.5,65.5,16.0,55.5,23.5,81.0,16.5,47.0,0,0,0,0,0,0,0,0,0,1,0,0,0,0,0,0,0,0,0
2022-06-13,0.0,0.0,23.0,37.0,18.5,114.5,102.5,33.0,20.5,0.0,58.5,7.5,6.5,72.5,16.0,8.0,16.0,7.5,13.0,0,0,0,0,0,0,0,0,0,1,0,0,0,0,0,0,0,0,0
2022-06-14,0.0,0.0,23.0,37.0,18.5,114.5,102.5,33.0,20.5,0.0,58.5,7.5,6.5,72.5,16.0,8.0,16.0,7.5,13.0,0,0,0,0,0,0,0,0,0,1,0,0,0,0,0,0,0,0,0
2022-06-15,0.0,0.0,0.5,0.5,0.5,0.0,3.0,7.0,2.5,0.0,0.0,0.5,5.5,3.5,1.0,1.5,2.5,0.0,5.0,0,0,0,0,0,0,0,0,0,1,0,0,0,0,0,0,0,0,0
2022-06-16,0.0,0.0,77.0,85.0,49.5,25.5,67.0,30.0,14.5,0.5,43.5,13.0,9.5,55.5,24.0,4.5,25.5,0.5,12.0,0,0,0,0,0,0,0,0,0,1,0,0,0,0,0,0,0,0,0
2022-06-17,1.0,0.0,77.5,85.0,49.5,25.5,67.0,30.0,14.5,0.5,43.5,19.5,9.5,55.5,29.5,10.0,25.5,12.0,19.5,0,0,0,0,0,0,0,0,0,1,0,0,0,0,0,0,0,0,0
2022-06-18,1.0,0.0,77.0,30.5,15.5,4.5,31.5,13.0,7.0,0.0,11.0,19.5,9.5,40.0,115.5,10.0,10.0,12.0,19.5,0,0,0,0,0,0,0,0,0,1,0,0,0,0,0,0,0,0,0
2022-06-19,0.0,0.0,77.5,43.0,19.5,4.5,31.5,3.5,7.5,0.0,30.5,5.5,30.5,40.5,116.5,5.0,10.5,7.0,6.0,0,0,0,0,0,0,0,0,0,1,0,0,0,0,0,0,0,0,0
2022-06-20,0.0,0.0,16.5,43.0,28.0,2.5,0.5,0.5,15.5,0.5,30.5,36.0,30.5,2.5,5.0,5.0,1.5,2.0,28.0,0,0,0,0,0,0,0,0,0,1,0,0,0,0,0,0,0,0,0
2022-06-21,0.0,0.0,0.0,11.5,28.0,4.0,4.5,31.0,15.5,0.5,7.5,36.0,6.5,3.5,5.0,8.5,2.5,13.5,28.0,0,0,0,0,0,0,0,0,0,1,0,0,0,0,0,0,0,0,0
2022-06-22,0.5,0.0,38.0,32.0,15.0,50.0,39.0,54.5,76.0,0.0,25.0,31.0,59.0,39.5,60.5,92.5,67.5,89.5,25.0,0,0,0,0,0,0,0,0,0,1,0,0,0,0,0,0,0,0,0
2022-06-23,0.5,0.0,43.5,32.0,15.0,50.0,39.0,54.5,76.0,0.0,25.0,31.0,59.0,39.5,60.5,92.5,67.5,89.5,25.0,0,0,0,0,0,0,0,0,0,1,0,0,0,0,0,0,0,0,0
2022-06-24,0.5,0.0,43.5,17.5,4.5,45.0,45.5,34.5,13.5,0.0,1.5,4.0,18.0,61.0,68.5,58.0,19.5,62.5,14.0,0,0,0,0,0,0,0,0,0,1,0,0,0,0,0,0,0,0,0
2022-06-25,0.0,0.0,0.0,0.0,0.0,0.0,0.0,0.0,0.0,0.0,0.0,0.0,0.0,0.0,0.0,0.0,0.0,0.0,0.0,0,0,0,0,0,0,0,0,0,1,0,0,0,0,0,0,0,0,0
2022-06-26,3.5,0.0,0.0,0.5,0.0,0.0,0.0,0.0,0.0,0.0,0.5,0.0,0.0,0.0,0.0,0.0,0.0,0.5,3.0,0,0,0,0,0,0,0,0,0,1,0,0,0,0,0,1,0,0,0
2022-06-27,3.5,0.0,0.0,0.5,0.5,0.0,0.0,0.0,0.0,0.0,0.5,0.0,0.0,0.0,0.0,0.0,0.0,0.5,3.0,0,0,0,0,0,0,0,0,0,1,0,0,0,0,0,1,0,0,0
2022-06-28,4.0,0.0,4.5,0.5,0.5,0.0,1.0,2.0,0.0,0.0,0.0,1.5,0.0,0.0,0.0,0.0,0.0,0.0,0.0,0,0,0,0,0,0,0,0,0,1,0,0,0,0,0,1,0,0,0
2022-06-29,4.0,0.0,4.5,0.5,0.0,0.0,1.0,2.0,0.0,0.0,0.0,1.5,0.0,0.0,0.0,0.0,0.0,0.0,0.0,0,0,0,0,0,0,0,0,0,1,0,0,0,0,0,1,0,0,0
2022-06-30,2.5,0.0,0.5,0.5,0.0,62.0,67.0,21.5,8.0,0.5,1.0,7.0,5.0,74.0,53.0,0.0,8.5,4.0,2.0,0,0,0,0,0,0,0,0,0,1,0,0,0,0,0,1,0,0,0
2022-07-01,0.5,0.0,0.5,0.5,0.0,62.0,67.0,21.5,8.0,0.0,1.0,7.0,5.0,74.0,53.0,0.0,8.5,4.0,2.0,0,0,0,0,0,0,0,0,0,1,0,0,0,0,0,1,0,0,0
2022-07-02,0.0,0.0,0.0,0.5,0.0,0.0,0.0,0.0,0.0,0.0,0.0,0.0,0.0,0.0,1.0,0.0,0.0,0.0,0.0,0,0,0,0,0,0,0,0,0,1,0,0,0,0,0,1,0,0,0
2022-07-03,0.0,0.0,0.0,0.5,0.0,0.0,0.0,0.0,0.0,0.0,0.0,0.0,0.0,0.0,1.0,2.0,0.0,0.0,0.0,0,0,0,0,0,0,0,0,0,1,0,0,0,0,0,1,0,0,0
2022-07-04,0.0,0.0,0.0,0.0,0.0,0.0,0.0,0.0,0.0,0.0,0.0,0.0,0.0,0.0,0.0,2.0,0.0,0.0,0.0,0,0,0,0,0,0,0,0,0,1,0,0,0,0,0,1,0,0,0
2022-07-05,0.0,0.0,0.0,0.0,0.0,0.0,0.0,0.0,0.0,0.0,0.0,0.0,0.0,0.0,0.0,2.0,0.0,0.0,0.0,0,0,0,0,0,0,0,0,0,1,0,0,0,0,0,1,0,0,0
2022-07-06,3.5,0.0,1.0,0.5,0.0,2.0,0.5,1.0,0.0,0.0,0.0,0.0,0.5,1.0,0.0,2.0,0.5,1.0,0.5,0,0,0,0,0,0,0,0,0,1,0,0,0,0,0,1,0,0,0
2022-07-07,3.5,0.0,2.0,8.0,0.5,2.0,0.5,1.0,0.0,0.0,0.5,0.0,0.5,1.0,0.0,2.0,0.5,1.0,0.5,0,0,0,0,0,0,0,0,0,1,0,0,0,0,0,1,0,0,0
2022-07-08,0.0,0.0,2.0,8.0,0.5,1.5,0.5,0.5,0.0,5.25,0.5,0.0,0.5,1.0,0.0,22.5,0.0,0.5,0.0,0,0,0,0,0,0,0,0,0,1,0,0,0,0,0,1,0,0,0
2022-07-09,0.0,0.0,0.0,0.0,0.0,0.0,0.5,0.0,0.0,5.25,0.0,0.0,0.0,1.0,0.0,3.0,0.0,0.0,0.0,0,0,0,0,0,0,0,0,0,1,0,0,0,0,0,1,0,0,0
2022-07-10,0.0,0.0,0.0,0.0,0.0,5.0,1.0,0.0,0.0,0.0,0.0,0.0,0.0,7.0,4.5,3.0,0.0,0.0,0.0,0,0,0,0,0,0,0,0,0,1,0,0,0,0,0,1,0,0,0
2022-07-11,7.0,0.0,2.0,3.5,13.5,11.5,18.5,15.5,5.0,0.25,4.5,3.0,16.5,7.0,4.5,3.0,11.5,5.5,9.0,0,0,0,0,0,0,0,0,0,1,0,0,0,0,0,1,0,0,0
2022-07-12,16.0,0.0,43.0,73.5,34.5,34.5,18.5,37.5,14.0,0.25,55.5,14.0,44.0,9.5,8.5,8.5,12.5,48.5,25.5,0,0,0,0,0,0,0,0,0,1,0,0,0,0,0,1,0,0,0
2022-07-13,16.0,0.0,43.0,73.5,34.5,34.5,17.0,37.5,14.0,0.0,55.5,14.0,44.0,9.5,0.0,0.0,12.5,48.5,25.5,0,0,0,0,0,0,0,0,0,1,0,0,0,0,0,1,0,0,0
2022-07-14,0.0,0.0,0.0,0.0,0.5,0.0,0.0,0.5,0.0,0.0,0.0,0.0,0.0,0.0,15.0,0.0,0.0,0.0,0.0,0,0,0,0,0,0,0,0,0,1,0,0,0,0,0,1,0,0,0
2022-07-15,0.0,0.0,0.0,0.0,0.0,0.0,0.0,0.0,0.0,0.0,0.0,0.0,0.0,0.0,15.0,0.0,0.0,0.0,0.0,0,0,0,0,0,0,0,0,0,1,0,0,0,0,0,1,0,0,0
2022-07-16,0.0,0.0,0.0,0.0,0.0,0.0,0.0,0.0,0.0,0.0,0.0,0.0,0.0,0.0,0.0,0.0,0.0,0.0,0.0,0,0,0,0,0,0,0,0,0,1,0,0,0,0,0,1,0,0,0
2022-07-17,0.0,0.0,0.0,0.0,0.0,0.0,0.0,0.0,0.0,0.0,0.0,0.0,0.0,0.0,0.0,0.0,0.0,0.0,0.0,0,0,0,0,0,0,0,0,0,1,0,0,0,0,0,1,0,0,0
2022-07-18,0.0,0.0,23.0,14.5,0.0,13.0,20.0,17.0,6.0,0.0,13.5,4.0,30.5,17.5,0.0,0.0,5.0,46.0,0.0,0,0,0,0,0,0,0,0,0,1,0,0,0,0,0,1,0,0,1
2022-07-19,45.0,9.5,23.0,14.5,10.5,13.0,20.0,17.0,27.5,0.0,17.0,4.0,30.5,17.5,0.0,0.0,17.0,46.0,3.0,0,0,0,0,0,0,0,0,0,1,0,0,0,0,0,1,0,0,0
2022-07-20,45.0,9.5,1.5,14.0,10.5,7.5,10.5,17.0,27.5,0.0,17.0,1.5,1.5,6.5,0.0,0.0,17.0,0.5,3.0,0,0,0,0,0,0,0,0,0,1,0,0,0,0,0,1,0,0,0
2022-07-21,0.0,7.0,6.0,4.5,7.5,7.5,0.0,0.0,24.0,0.0,17.0,43.5,50.0,0.0,0.0,0.0,0.5,26.5,8.0,0,0,0,0,0,0,0,0,0,1,0,0,0,0,0,1,0,0,0
2022-07-22,69.0,37.0,75.0,71.5,40.5,45.0,67.5,50.0,27.5,7.75,34.0,43.5,57.0,59.5,84.5,0.0,34.0,58.5,8.0,0,0,0,0,0,0,0,0,0,1,0,0,0,0,0,1,0,0,1
2022-07-23,69.0,37.0,75.0,3.0,40.5,45.5,72.0,52.5,28.0,7.75,34.5,14.0,57.0,64.5,95.5,0.0,34.0,59.0,8.0,0,0,0,0,0,0,0,0,0,1,0,0,0,0,0,1,0,0,1
2022-07-24,47.0,24.5,35.5,35.5,30.5,18.5,29.0,24.0,75.0,0.0,55.0,64.5,86.5,23.0,68.5,0.0,48.5,25.0,8.0,0,0,0,0,0,0,0,0,0,1,0,0,0,0,0,1,0,0,1
2022-07-25,47.0,25.0,35.5,35.5,31.0,18.5,26.0,20.0,75.5,0.0,55.0,65.0,87.0,18.5,69.0,0.0,48.5,26.5,0.0,0,0,0,0,0,0,0,0,0,1,0,0,0,0,0,1,0,0,0
2022-07-26,47.5,1.5,4.5,4.0,2.5,11.5,2.0,10.0,0.0,18.25,3.0,0.5,2.5,0.0,0.0,0.0,0.5,26.5,0.0,0,0,0,0,0,0,0,0,0,1,0,0,0,0,0,1,0,0,0
2022-07-27,47.5,0.5,0.5,6.0,0.0,0.0,3.5,1.5,0.0,18.25,0.5,3.0,0.0,4.5,1.0,0.0,0.0,0.5,2.0,0,0,0,0,0,0,0,0,0,1,0,0,0,0,0,1,0,0,0
2022-07-28,5.5,7.5,5.5,12.5,18.5,14.5,9.5,12.0,3.0,1.5,13.0,13.0,9.0,7.5,2.0,0.25,4.5,7.5,2.0,0,0,0,0,0,0,0,0,0,1,0,0,0,0,0,1,0,0,0
2022-07-29,5.5,7.5,10.5,12.5,18.5,14.5,9.5,12.0,7.5,10.75,13.0,13.0,9.0,7.5,10.0,0.25,11.0,8.0,2.0,0,0,0,0,0,0,0,0,0,1,0,0,0,0,0,1,0,0,1
2022-07-30,4.0,0.5,10.5,9.0,18.5,7.0,6.5,6.5,7.5,10.75,6.5,3.0,8.0,7.5,10.0,5.25,11.0,8.0,2.0,0,0,0,0,1,0,0,0,0,1,0,0,0,1,0,1,0,0,1
2022-07-31,2.5,0.5,0.0,0.0,18.5,0.0,0.0,0.0,3.0,2.25,0.0,9.5,0.0,1.0,0.0,1.25,0.0,0.0,0.0,0,0,0,0,1,0,0,0,0,1,0,0,0,0,0,1,0,0,0
2022-08-01,2.5,0.0,17.5,1.0,18.5,0.0,0.0,0.0,3.0,0.5,0.0,9.5,0.0,1.0,0.0,17.25,0.0,0.0,0.0,0,0,0,0,1,0,0,0,0,1,0,0,0,0,0,1,0,0,0
2022-08-02,73.0,0.0,19.5,23.0,18.5,2.5,4.0,2.0,3.5,0.5,12.5,10.0,3.0,3.0,6.5,8.5,2.0,16.0,15.0,0,0,0,0,1,0,0,0,0,1,0,0,0,0,0,1,0,0,0
2022-08-03,5.5,0.0,12.0,24.0,18.5,5.5,17.0,11.0,29.5,0.0,47.5,24.5,21.5,19.0,53.5,0.0,26.0,17.5,7.5,0,0,0,0,1,0,0,0,0,1,0,0,0,0,0,1,0,0,0
2022-08-04,4.0,0.0,7.5,7.0,18.5,38.0,18.0,41.0,18.0,4.75,5.5,31.0,8.5,7.0,5.0,4.25,26.0,11.5,7.5,0,0,0,0,1,0,0,0,0,1,0,0,0,0,0,1,0,0,1
2022-08-05,4.0,0.0,7.5,7.0,18.5,38.0,18.0,41.0,18.0,15.5,6.5,52.0,14.5,12.0,5.0,11.0,35.5,11.5,7.5,0,0,0,0,1,0,0,0,0,1,0,0,0,0,0,1,0,0,1
2022-08-06,4.0,0.0,0.0,5.5,10.0,5.5,18.0,12.0,16.0,15.5,6.5,52.0,0.5,0.0,0.0,0.25,0.0,4.5,0.0,0,0,0,0,1,0,0,0,0,1,0,0,0,0,0,1,0,0,0
2022-08-07,0.5,0.0,0.0,0.0,10.0,0.0,0.5,0.0,0.0,0.0,0.0,0.5,0.5,0.0,0.0,0.25,0.0,0.5,0.0,0,0,0,0,1,0,0,0,0,1,0,0,0,0,0,1,0,0,0
2022-08-08,5.5,0.0,0.0,1.5,10.0,2.0,8.5,10.0,5.0,0.5,2.0,1.5,3.0,13.0,61.0,3.5,7.0,4.0,2.5,0,0,0,0,1,0,0,0,0,1,0,0,0,0,0,1,0,0,0
2022-08-09,5.5,0.0,0.0,1.5,10.0,2.0,8.5,10.0,5.0,15.75,2.0,1.5,3.0,13.0,61.0,0.0,7.0,4.0,2.5,0,0,0,0,1,0,0,0,0,1,0,0,0,0,0,1,0,0,0
2022-08-10,0.0,0.0,0.0,0.0,10.0,0.0,0.0,0.0,0.0,15.75,0.0,0.0,0.0,0.0,0.0,0.0,0.0,0.0,0.0,0,0,0,0,1,0,0,0,0,1,0,0,0,0,0,1,0,0,0
2022-08-11,0.0,0.0,0.0,0.0,10.0,0.0,0.0,0.0,0.0,12.75,0.0,0.0,0.0,0.0,0.0,0.0,0.0,0.0,0.0,1,1,1,1,1,1,1,1,1,1,1,1,1,1,1,1,1,1,1
2022-08-12,0.0,0.0,0.0,0.0,10.0,0.0,0.0,0.0,0.0,0.0,0.0,0.0,0.0,0.0,0.0,0.0,0.0,0.0,0.0,1,1,1,1,1,1,1,1,1,1,1,1,1,1,1,1,1,1,1
2022-08-13,0.0,0.0,2.5,66.5,10.0,0.0,0.0,0.0,0.0,0.0,52.0,12.0,0.0,0.0,0.0,0.0,0.0,3.5,1.5,0,0,0,0,0,0,0,0,0,1,0,0,0,0,0,1,0,0,0
2022-08-14,22.0,0.0,25.0,69.5,47.5,63.5,27.5,38.5,14.0,22.5,76.0,25.0,40.5,24.0,28.0,0.0,25.0,47.0,14.0,0,0,0,0,0,0,0,0,0,1,0,0,0,0,0,1,0,0,0
2022-08-15,22.0,0.0,25.0,51.5,47.5,63.5,27.5,38.5,14.0,22.5,46.0,25.0,40.5,24.0,28.0,0.0,25.0,47.0,14.0,0,0,0,0,0,0,0,0,0,1,0,0,0,0,0,1,0,0,0
2022-08-16,2.5,0.0,5.5,0.5,0.0,0.0,0.0,1.0,0.0,16.5,3.5,1.0,0.0,0.0,4.0,0.0,0.0,15.0,0.0,0,0,0,0,0,0,0,0,0,1,0,0,0,0,0,1,0,0,0
2022-08-17,2.5,0.0,9.5,16.0,4.5,0.0,3.0,1.0,14.5,33.0,3.5,4.5,8.0,3.0,15.0,0.0,8.0,15.0,0.0,0,0,0,0,0,0,0,0,0,1,0,0,0,0,0,1,0,0,1
2022-08-18,2.0,0.0,9.5,16.0,4.5,0.0,3.0,0.0,14.5,0.0,3.5,4.5,8.0,3.0,15.0,0.0,8.0,1.0,0.0,0,0,0,0,0,0,0,0,0,1,0,0,0,0,0,1,0,0,1
2022-08-19,2.0,0.0,3.0,0.0,0.0,23.0,13.5,20.0,3.0,17.5,0.0,8.5,1.0,1.5,0.0,0.0,1.0,0.5,0.0,0,0,0,0,0,0,0,0,0,1,0,0,0,0,0,1,0,0,1
2022-08-20,5.5,0.0,25.5,39.0,8.0,68.5,54.5,66.0,32.0,17.5,69.5,30.0,59.5,53.5,44.5,0.0,48.0,78.0,42.0,0,0,0,0,0,0,0,0,0,1,0,0,0,0,0,1,0,0,0
2022-08-21,10.5,0.0,25.5,39.0,8.0,68.5,54.5,66.0,32.0,2.0,69.5,30.0,59.5,53.5,44.5,0.0,48.0,78.0,42.0,0,0,0,0,0,0,0,0,0,1,0,0,0,0,0,1,0,0,0
2022-08-22,32.5,0.0,36.5,46.0,23.0,25.0,29.0,25.0,17.0,2.0,22.5,15.0,24.5,47.0,25.0,0.0,14.0,28.0,15.0,0,0,0,0,0,0,0,0,0,1,0,0,0,0,0,1,0,0,0
2022-08-23,32.5,0.0,36.5,47.5,76.0,60.0,31.0,25.0,17.0,0.0,58.0,22.0,24.5,47.0,25.0,0.0,14.0,40.5,15.0,0,0,0,0,0,0,0,0,0,1,0,0,0,0,0,1,0,0,0
2022-08-24,24.5,0.0,20.5,47.5,76.0,60.0,31.0,25.0,5.5,0.0,58.0,22.0,24.0,19.0,4.0,0.0,6.0,40.5,15.0,0,0,0,0,0,0,0,0,0,1,0,0,0,0,0,1,0,0,1
2022-08-25,29.0,0.0,32.5,31.5,22.0,22.0,11.5,14.0,13.0,0.0,31.5,25.0,19.0,8.5,33.5,0.0,12.0,47.5,13.5,0,0,0,0,0,0,0,0,0,1,0,0,0,0,0,1,0,0,0
2022-08-26,2.0,0.0,1.5,1.0,1.0,2.5,1.0,1.0,1.0,0.5,0.5,0.5,1.0,0.5,0.5,0.0,1.0,1.5,0.5,0,0,0,0,0,0,0,0,0,1,0,0,0,0,0,1,0,0,0
2022-08-27,38.0,0.0,18.0,20.0,34.5,23.0,32.0,24.5,22.5,0.5,15.0,18.5,25.0,36.0,95.5,3.5,22.0,28.5,10.5,0,0,0,0,0,0,0,0,0,1,0,0,0,0,0,1,0,0,0
2022-08-28,63.0,0.0,75.0,46.0,45.0,31.0,33.0,38.5,61.5,20.0,49.5,93.5,68.5,33.0,17.5,3.5,50.0,62.0,10.5,0,0,0,0,0,0,0,0,0,1,0,0,0,0,0,1,0,0,1
2022-08-29,63.0,0.0,75.0,37.5,45.0,31.0,21.0,39.0,62.0,20.0,56.5,95.0,68.5,33.5,18.0,3.5,50.0,62.0,10.5,0,0,0,0,0,0,0,0,0,1,0,0,0,0,0,1,0,0,1
2022-08-30,13.0,0.0,13.5,13.5,14.0,16.5,9.5,15.0,28.0,3.0,56.5,25.5,21.0,10.0,9.5,3.5,27.0,24.5,10.5,0,0,0,0,0,0,0,0,0,1,0,0,0,0,0,1,0,0,1
2022-08-31,2.0,0.0,15.0,13.0,13.5,45.0,35.5,37.5,6.5,0.0,6.0,6.0,22.0,22.5,19.0,1.75,11.5,31.0,10.5,0,0,0,0,0,0,0,0,0,1,0,0,0,0,0,1,0,0,1
2022-09-01,2.5,0.0,15.0,34.5,13.5,45.0,35.5,37.5,6.5,4.5,6.0,6.0,22.0,246.5,19.0,1.75,11.5,31.0,10.5,0,0,0,0,0,0,0,0,0,1,0,0,0,0,0,1,0,0,1
2022-09-02,2.5,0.0,15.0,27.5,8.0,16.0,4.5,16.5,0.0,4.5,2.5,0.0,6.5,246.5,2.0,1.75,1.0,31.0,10.5,0,0,0,0,0,0,0,0,0,1,0,0,0,0,0,1,0,1,1
2022-09-03,3.0,0.0,15.0,2.5,7.5,12.0,0.0,11.0,10.5,2.0,2.0,4.0,11.5,1.0,0.0,1.75,11.0,31.0,10.5,0,0,0,0,0,0,0,0,0,1,0,0,0,0,0,1,0,1,1
2022-09-04,2.5,0.0,6.5,1.5,0.5,3.5,0.0,11.0,10.5,46.0,2.0,4.0,11.5,0.0,0.0,4.0,11.0,31.0,0.0,0,0,0,0,0,0,0,0,0,1,0,0,0,0,0,1,0,1,1
2022-09-05,2.0,0.0,0.5,0.0,0.0,16.0,0.5,15.5,0.0,46.0,0.0,1.0,0.0,0.0,0.0,4.0,0.0,31.0,0.0,0,0,0,0,0,0,0,0,0,1,0,0,0,0,0,1,0,1,1
2022-09-06,2.0,9.0,0.5,0.0,13.5,16.0,0.5,15.5,3.0,0.0,0.0,1.0,0.0,0.0,6.0,4.0,2.5,31.0,0.0,0,0,0,0,0,0,0,0,0,1,0,0,0,0,0,1,0,1,1
2022-09-07,24.0,9.0,2.5,3.0,13.5,27.5,46.5,10.0,3.0,0.0,3.0,0.0,9.0,31.0,6.0,4.0,7.0,31.0,4.5,0,0,0,0,0,0,0,0,0,1,0,0,0,0,0,1,0,1,1
2022-09-08,24.0,2.0,2.5,3.0,2.5,27.5,45.5,19.5,2.5,0.0,3.0,0.0,9.0,31.0,4.5,8.0,7.0,31.0,1.25,0,0,0,0,0,0,0,0,0,1,0,0,0,1,0,1,0,1,1
2022-09-09,2.0,0.0,1.5,3.0,6.0,14.0,11.0,19.5,37.5,0.0,8.0,0.5,3.5,31.0,39.5,2.5,22.5,3.25,1.75,0,0,0,0,0,0,0,0,0,1,0,0,0,1,0,1,0,1,1
2022-09-10,0.0,0.0,0.0,0.0,0.0,0.0,1.5,0.0,2.5,0.0,0.0,0.0,0.0,31.0,0.5,2.5,4.0,3.75,7.5,0,0,0,0,0,0,0,0,0,1,0,0,0,1,0,1,0,1,1
2022-09-11,3.5,0.0,43.5,14.0,19.5,27.5,17.5,23.5,2.5,0.0,2.5,1.0,6.5,31.0,0.5,0.5,4.0,4.25,1.25,0,0,0,0,0,0,0,0,0,1,0,0,0,1,0,1,0,1,1
2022-09-12,0.0,0.0,0.0,0.0,0.0,0.0,0.0,0.0,0.0,0.0,0.0,0.0,0.0,31.0,0.0,0.0,0.0,4.25,1.5,0,0,0,0,0,0,0,0,0,1,0,0,0,1,0,1,0,1,1
2022-09-13,2.5,0.0,0.0,0.0,0.0,6.0,0.5,0.5,1.0,0.0,0.0,0.0,0.0,31.0,0.0,0.0,6.0,2.25,13.25,0,0,0,0,0,0,0,0,0,0,0,0,1,1,0,1,0,1,1
2022-09-14,26.0,0.0,2.0,4.0,2.0,6.0,0.5,0.5,1.0,0.5,0.0,0.0,0.0,31.0,0.0,0.0,6.5,3.0,6.5,0,0,0,0,0,0,0,0,0,0,1,1,1,1,0,1,0,1,1
2022-09-15,26.0,0.0,2.0,3.5,2.0,0.5,0.0,0.0,1.0,0.5,0.0,0.0,0.0,23.25,3.5,0.5,0.5,2.25,13.75,0,0,0,0,0,0,0,0,0,0,1,1,1,1,0,1,0,1,1
2022-09-16,16.5,0.0,8.0,3.0,2.0,0.5,0.0,0.0,0.0,0.0,0.0,0.0,0.0,15.75,3.5,0.5,0.0,25.25,13.75,0,1,0,0,1,0,0,0,0,0,1,1,1,1,0,1,0,1,1
2022-09-17,16.5,0.0,8.0,3.0,2.0,2.5,6.5,2.0,2.0,1.5,0.0,0.0,0.0,8.5,0.0,0.5,3.0,31.5,10.5,0,1,0,0,1,0,0,0,0,0,1,1,1,1,0,1,0,1,1
2022-09-18,1.5,0.0,0.0,1.5,2.0,9.5,3.5,3.0,0.5,3.0,0.0,0.0,0.0,7.75,0.5,6.5,2.0,30.75,12.75,0,1,0,0,1,0,0,0,0,0,1,1,1,1,0,1,0,1,1
2022-09-19,1.5,0.0,0.0,1.5,2.0,9.5,3.5,3.0,0.5,3.0,0.0,0.0,0.0,6.5,0.5,6.5,2.0,21.25,4.25,0,1,0,0,1,0,0,0,0,0,1,1,1,1,0,1,0,1,1
2022-09-20,1.5,0.0,0.0,1.5,2.0,9.5,3.5,3.0,0.5,3.0,0.0,0.0,5.0,4.0,0.5,6.5,2.0,9.5,4.75,1,1,1,1,1,1,1,1,1,1,1,1,1,1,1,1,1,1,1
2022-09-21,1.5,0.0,0.0,1.5,2.0,9.5,3.5,3.0,0.5,3.0,0.5,0.5,0.5,4.0,0.5,0.0,2.0,10.0,3.5,1,1,1,1,1,1,1,1,1,1,1,1,1,1,1,1,1,1,1
2022-09-22,1.5,0.0,0.0,1.5,2.0,9.5,3.5,3.0,0.5,3.0,4.5,9.5,3.0,4.0,0.5,0.0,2.0,9.25,6.0,1,1,1,1,1,1,1,1,1,1,1,1,1,1,1,1,1,1,1
2022-09-23,1.5,1.0,0.0,1.5,4.5,9.5,3.5,3.0,0.5,3.0,2.5,5.5,0.0,4.0,0.5,3.0,2.0,46.0,5.0,1,1,1,1,1,1,1,1,1,1,1,1,1,1,1,1,1,1,1
2022-09-24,1.5,0.0,0.0,1.5,0.0,9.5,3.5,3.0,0.5,3.0,0.0,0.5,0.0,4.0,0.5,0.0,2.0,46.0,2.5,1,1,1,1,1,1,1,1,1,1,1,1,1,1,1,1,1,1,1
2022-09-25,1.5,0.0,0.0,1.5,0.0,9.5,3.5,3.0,0.5,3.0,1.25,1.5,1.0,4.0,0.5,0.0,2.0,46.0,1.5,1,1,1,1,1,1,1,1,1,1,1,1,1,1,1,1,1,1,1
2022-09-26,1.5,11.0,0.0,1.5,0.0,9.5,3.5,3.0,0.5,3.0,3.75,6.0,5.5,4.0,0.5,24.75,2.0,46.0,8.0,1,1,1,1,1,1,1,1,1,1,1,1,1,1,1,1,1,1,1
2022-09-27,1.5,11.0,5.0,2.5,7.75,2.0,0.0,15.0,5.0,16.5,13.0,8.75,5.25,4.0,12.5,24.75,24.5,46.0,11.5,0,1,0,0,1,0,1,0,1,0,1,1,1,0,1,1,1,1,1
2022-09-28,8.5,2.5,10.0,15.5,3.25,15.5,0.0,15.0,6.75,16.5,2.25,5.25,3.5,25.5,2.0,5.75,24.5,46.0,0.0,0,1,0,0,1,0,1,0,1,0,1,1,1,0,1,1,1,1,1
2022-09-29,20.0,11.0,10.0,15.5,13.0,15.5,0.0,8.5,10.75,7.5,14.0,16.25,7.25,25.5,0.5,32.5,24.5,46.0,13.0,0,1,1,0,1,0,1,0,1,0,1,1,1,0,1,1,1,1,1
2022-09-30,20.0,11.0,10.0,23.5,4.25,0.0,0.0,20.0,17.75,21.5,12.5,11.5,5.5,0.0,9.5,32.5,24.5,46.0,0.5,0,1,1,0,1,0,0,0,1,0,1,1,1,0,1,1,0,0,1
2022-10-01,16.5,4.0,10.0,23.5,1.25,6.5,4.0,20.0,16.0,21.5,8.25,8.25,7.5,3.5,17.75,1.5,24.0,33.5,1.0,0,1,1,0,1,0,0,0,1,0,1,1,1,0,1,1,0,0,1
2022-10-02,17.5,11.0,10.0,6.5,2.5,7.0,4.5,3.5,8.5,5.0,7.25,5.25,1.75,4.5,23.0,1.75,4.5,7.0,1.0,0,1,1,0,1,0,0,0,1,0,1,1,1,0,1,1,0,0,1
2022-10-03,2.5,17.5,10.0,2.0,1.25,2.5,3.0,3.5,8.5,3.0,2.25,1.25,0.0,2.5,3.75,1.5,0.5,0.0,5.0,0,1,1,0,1,0,0,0,1,0,1,1,1,0,1,1,0,0,1
2022-10-04,2.5,2.0,10.0,2.0,0.0,2.5,3.0,3.5,2.25,3.0,2.0,1.0,1.5,2.5,5.75,1.5,0.5,0.0,5.0,1,1,1,1,1,1,1,1,1,1,1,1,1,1,1,1,1,1,1
2022-10-05,5.5,0.5,10.0,11.0,14.25,11.0,0.0,0.5,12.5,1.0,2.75,10.75,3.0,0.0,48.0,4.5,0.0,8.0,1.5,0,1,1,0,1,0,0,0,1,0,1,1,1,0,1,1,0,0,1
2022-10-06,5.5,1.5,0.25,11.0,13.25,11.0,0.0,0.5,7.75,1.0,3.75,12.25,3.0,0.0,48.0,4.5,0.0,6.5,4.75,0,1,1,0,1,0,0,0,1,0,1,1,1,0,1,1,0,0,1
2022-10-07,44.0,14.0,6.0,18.5,11.25,25.0,23.5,35.0,6.75,18.0,7.0,5.75,1.75,13.5,48.0,4.0,13.5,19.0,4.75,0,1,1,0,1,0,0,0,1,0,1,1,1,0,1,1,0,0,1
2022-10-08,45.0,3.0,13.75,18.5,0.75,25.0,23.5,35.0,3.75,18.0,1.5,6.5,0.25,13.5,48.0,13.5,13.0,18.5,1.0,0,1,1,0,1,0,0,0,1,0,1,1,1,0,1,1,0,0,1
2022-10-09,55.5,3.0,6.25,15.5,1.25,28.0,30.5,16.0,5.0,12.5,3.25,6.5,1.0,24.0,48.0,13.5,5.5,20.5,3.0,0,1,1,0,1,0,0,0,1,0,1,1,1,0,1,1,0,0,1
2022-10-10,55.5,1.0,0.5,64.5,2.0,28.0,30.5,16.0,4.5,12.5,4.0,1.5,0.5,23.0,48.0,27.0,5.0,8.0,4.5,0,1,1,0,1,0,0,0,1,0,1,1,1,0,1,1,0,0,1
2022-10-11,10.0,3.25,12.0,64.5,4.0,2.5,4.5,7.5,9.0,10.5,21.5,22.5,12.5,12.5,48.0,27.0,7.0,11.5,4.5,0,1,1,0,1,0,0,0,1,0,1,1,1,0,1,1,0,0,1
2022-10-12,40.0,9.75,28.5,76.5,2.0,36.5,47.0,55.5,9.5,63.5,20.5,22.5,12.5,45.0,48.0,27.0,76.5,62.5,4.5,0,1,1,0,1,0,0,0,1,0,1,1,1,0,0,1,0,0,1
2022-10-13,40.0,9.0,29.5,76.5,2.5,36.5,47.0,55.5,9.5,63.5,9.0,7.5,15.0,45.0,48.0,3.5,11.0,11.0,4.5,0,1,1,0,1,0,0,0,1,0,1,1,1,0,0,1,0,0,1
2022-10-14,17.0,0.0,3.0,13.0,0.0,4.5,2.0,3.5,3.5,4.5,6.0,1.0,17.5,2.5,2.0,4.5,4.5,7.5,4.5,0,1,1,0,1,0,0,0,1,0,1,1,1,0,0,1,0,0,1
2022-10-15,17.0,1.0,0.0,10.0,1.5,7.0,11.0,3.5,6.5,4.5,15.0,8.5,6.5,9.0,2.0,4.5,6.0,7.5,4.5,0,1,1,0,1,0,0,0,1,0,1,1,1,0,0,1,0,0,1
2022-10-16,8.0,1.0,1.5,0.5,1.5,7.0,11.0,1.5,6.5,0.5,15.0,8.5,1.5,1.5,0.5,4.5,6.0,0.0,4.5,0,1,1,0,1,0,0,0,1,0,1,1,1,0,0,1,0,0,1
2022-10-17,21.5,14.75,10.0,1.0,17.75,24.5,12.5,26.0,14.5,19.0,24.0,15.0,15.0,29.0,35.5,0.0,19.5,23.5,5.5,0,1,1,0,1,0,0,0,1,0,1,1,1,0,0,1,0,0,1
2022-10-18,21.5,15.0,6.0,2.0,14.75,24.5,12.5,26.0,14.5,19.0,17.5,6.5,5.0,3.5,35.5,2.0,19.5,23.5,5.5,0,1,1,0,1,0,0,0,1,0,1,1,1,0,0,1,0,0,1
2022-10-19,19.0,1.5,1.0,2.0,4.25,4.0,7.5,1.0,1.0,0.5,1.5,0.5,0.0,0.5,4.5,2.5,9.0,5.5,4.5,0,1,1,0,1,0,0,0,1,0,1,1,1,0,0,1,0,0,1
2022-10-20,11.0,0.5,1.0,1.0,14.0,0.5,5.5,0.0,9.5,0.5,0.5,5.0,0.0,0.0,0.0,1.25,0.0,5.5,8.0,0,1,1,0,1,0,0,0,1,0,1,1,1,0,0,1,0,0,1
2022-10-21,11.0,3.25,1.0,14.5,8.75,9.0,5.5,4.5,12.0,6.5,6.5,5.0,0.5,16.0,21.5,1.0,1.0,3.5,1.0,0,1,1,0,1,0,0,0,1,0,1,1,1,0,0,1,0,0,1
2022-10-22,11.0,1.5,0.5,15.0,1.25,9.0,6.0,5.0,5.5,7.0,6.5,6.0,2.5,2.0,21.5,1.0,1.0,0.0,0.5,0,1,1,0,1,0,0,0,1,0,1,1,1,0,0,1,0,0,1
2022-10-23,0.5,7.5,0.5,25.5,2.0,36.0,18.0,30.0,16.5,29.0,6.5,6.0,15.0,0.5,1.0,1.0,1.0,4.0,2.0,0,1,1,0,1,0,0,0,1,0,1,1,1,0,0,1,1,0,1
2022-10-24,0.5,15.5,7.0,25.5,10.0,36.0,18.0,30.0,16.5,29.0,15.5,14.5,15.0,0.5,1.0,7.75,1.0,4.0,20.5,1,1,1,1,1,1,1,1,1,1,1,1,1,1,1,1,1,1,1
2022-10-25,11.5,1.75,9.0,6.5,6.75,0.5,1.0,0.5,5.0,1.0,2.5,2.0,1.5,0.5,2.0,2.25,0.0,0.5,2.5,0,1,1,0,1,0,0,0,1,0,1,1,1,0,0,1,0,0,1
2022-10-26,11.5,0.5,5.5,6.5,1.75,2.5,3.0,2.5,5.5,4.5,1.5,2.5,0.5,14.0,6.0,3.5,10.0,0.5,5.0,0,1,1,0,1,0,0,0,1,0,1,1,1,0,0,1,0,0,1
2022-10-27,86.0,2.25,5.5,53.5,2.0,17.5,28.5,4.5,5.5,4.5,9.0,5.5,0.0,18.0,6.0,0.0,10.0,5.5,15.5,0,1,1,0,1,0,0,0,1,0,1,1,1,0,0,1,0,0,1
2022-10-28,86.0,6.5,6.0,53.5,4.5,17.5,28.5,4.5,3.5,3.5,9.0,4.0,2.0,16.0,5.5,0.75,2.0,5.5,7.5,0,1,1,0,1,0,0,0,1,0,1,1,1,0,0,1,0,0,1
2022-10-29,4.0,3.0,4.5,1.0,2.25,2.0,6.0,3.0,4.5,2.0,2.0,0.5,1.0,3.0,5.5,12.5,2.0,1.0,0.0,0,1,1,0,1,0,0,0,1,0,1,1,1,0,0,1,0,0,1
2022-10-30,12.0,3.75,5.0,0.0,1.5,0.0,0.0,0.5,10.0,0.0,1.0,1.0,2.0,0.0,0.0,19.5,0.0,0.0,0.5,0,1,1,0,1,0,0,0,1,0,1,1,1,0,0,1,0,0,1
2022-10-31,14.5,4.0,5.0,4.0,1.5,23.5,28.5,21.0,0.0,16.5,1.0,1.0,2.0,33.5,53.0,19.5,28.0,24.0,0.5,0,1,1,0,1,0,0,0,1,0,1,1,1,0,0,1,0,0,1
2022-11-01,14.5,4.25,5.0,4.0,1.5,23.5,28.5,21.0,0.0,16.5,1.0,1.0,2.0,33.5,53.0,10.75,28.0,24.0,0.5,0,1,1,0,1,0,0,0,1,0,1,1,1,0,0,1,0,0,1
2022-11-02,9.5,4.25,5.0,15.5,1.5,23.5,41.5,32.0,0.0,26.5,1.0,1.0,2.0,39.5,27.0,1.0,23.5,43.5,0.5,0,1,1,0,1,1,0,0,1,0,1,1,1,0,0,1,0,0,1
2022-11-03,1.0,1.0,5.0,41.0,1.5,1.5,0.0,0.0,0.0,4.5,1.0,1.0,2.0,0.0,0.0,0.75,15.0,0.5,0.5,0,1,1,0,1,0,0,0,1,0,1,1,1,0,0,1,0,0,1
2022-11-04,3.5,5.25,5.0,41.0,1.5,8.0,10.0,10.5,0.0,10.5,1.0,1.0,2.0,19.0,5.0,5.0,15.0,6.0,0.5,0,1,1,0,1,0,0,0,1,0,1,1,1,0,0,1,0,0,1
2022-11-05,3.5,5.5,5.0,2.5,1.5,8.0,10.0,10.5,0.0,10.5,1.0,1.0,2.0,19.0,5.0,4.25,0.0,6.0,0.5,0,1,1,0,1,0,0,0,1,0,1,1,1,0,0,1,0,0,1
2022-11-06,14.0,0.5,5.0,2.0,1.5,62.0,44.0,16.5,0.0,70.0,1.0,1.0,2.0,26.0,40.5,0.0,3.5,3.0,0.5,0,1,0,0,0,0,0,0,1,0,0,0,0,0,0,1,0,0,0
2022-11-07,0.5,0.5,1.0,0.0,0.0,0.5,0.0,0.5,0.0,0.0,0.0,1.0,0.0,0.0,0.0,7.0,0.0,0.5,0.5,0,1,0,0,0,0,0,0,0,0,0,1,0,0,0,1,0,0,0
2022-11-08,8.0,9.5,7.0,31.5,11.0,9.0,1.0,2.5,3.5,81.5,9.5,1.5,2.5,1.0,2.0,16.5,5.5,2.0,2.5,0,1,0,0,0,0,0,0,0,0,0,0,0,0,0,1,0,0,0
2022-11-09,1.0,9.0,1.5,0.5,27.5,0.0,15.0,3.5,0.0,1.0,0.0,10.0,0.5,6.0,13.0,15.25,1.0,0.5,10.0,0,1,0,0,0,0,0,0,0,0,0,0,0,0,0,1,0,0,0
2022-11-10,5.0,9.5,9.0,8.5,27.5,20.0,31.5,23.5,21.0,28.0,6.0,17.5,17.0,31.0,49.0,32.5,24.0,23.0,11.5,0,1,0,0,0,0,0,0,0,0,0,0,0,0,0,1,0,0,0
2022-11-11,15.0,17.75,44.5,44.5,22.0,20.0,31.5,37.0,36.0,38.0,24.5,17.5,41.5,31.0,49.0,19.0,30.5,24.5,16.5,0,1,0,0,0,0,0,0,0,0,0,0,0,0,0,1,0,0,0
2022-11-12,15.0,5.25,44.5,44.5,22.0,12.0,20.0,37.0,36.0,38.0,24.5,1.5,41.5,16.0,42.0,9.0,30.5,24.5,16.5,0,1,0,0,0,0,0,0,0,0,0,0,0,0,0,1,0,0,0
2022-11-13,3.5,5.25,4.0,0.5,0.5,21.5,17.0,13.0,3.0,16.0,3.5,0.0,8.0,16.0,62.5,2.5,2.5,2.0,26.0,0,1,0,0,0,0,0,0,0,0,0,0,0,0,0,1,0,0,0
2022-11-14,7.0,7.0,19.0,40.5,29.0,22.0,3.5,17.5,9.5,15.0,3.0,0.0,5.5,0.0,0.5,29.0,4.0,37.0,9.0,0,1,0,0,0,0,0,0,0,0,0,0,0,0,0,1,0,0,0
2022-11-15,55.0,11.25,30.5,74.5,41.5,56.5,42.0,29.5,12.0,21.0,25.0,0.0,12.5,28.5,3.5,29.0,9.0,37.5,22.0,0,1,0,0,0,0,0,0,0,0,0,0,0,0,0,1,0,0,0
2022-11-16,55.0,11.75,30.5,74.5,41.5,56.5,42.0,29.5,12.0,21.0,25.0,0.0,12.5,28.5,3.5,44.0,9.0,31.5,22.0,0,1,0,0,0,0,0,0,0,0,0,0,0,0,0,1,0,0,0
2022-11-17,19.0,22.25,21.5,24.0,23.0,35.0,39.5,25.5,18.0,27.0,22.5,0.0,29.0,43.5,57.5,1.0,25.0,34.5,11.0,0,1,0,0,0,0,0,0,0,0,0,0,0,0,0,1,0,0,0
2022-11-18,19.0,11.75,22.0,24.0,23.0,35.0,39.5,25.5,18.0,27.0,22.5,0.0,29.0,43.5,57.5,0.0,25.0,34.5,11.0,0,1,0,0,0,0,0,0,0,0,0,0,0,0,0,1,0,0,0
2022-11-19,82.0,4.25,40.0,65.0,54.5,34.5,29.5,46.5,25.5,47.5,36.0,0.0,49.5,30.0,27.0,5.0,24.5,36.5,22.5,0,1,0,0,0,0,0,0,0,0,0,0,0,0,0,1,0,0,0
2022-11-20,82.5,2.75,40.5,65.0,55.0,34.5,29.5,46.5,25.5,47.5,36.0,0.0,49.0,29.5,26.5,11.25,24.5,36.5,24.0,0,1,0,0,0,0,0,0,0,0,0,0,0,0,0,1,0,0,0
2022-11-21,82.5,12.75,10.0,20.0,16.0,8.0,1.5,6.5,1.5,11.0,10.0,0.0,2.5,0.5,7.5,13.0,1.0,8.0,1.0,1,1,0,0,0,0,0,0,0,0,0,0,0,0,0,1,0,0,0
2022-11-22,6.0,12.75,10.0,20.0,16.0,4.5,1.0,4.0,0.5,4.0,10.0,0.0,2.0,0.5,7.5,2.75,0.5,4.0,1.0,0,1,0,0,0,0,0,0,0,0,0,0,0,0,0,1,0,0,0
2022-11-23,8.5,20.75,9.5,13.0,9.0,8.0,4.0,8.5,7.5,9.0,7.5,0.0,8.5,4.0,6.0,27.25,6.5,5.5,8.5,0,1,0,0,0,0,0,0,0,0,0,0,0,0,0,1,0,0,0
2022-11-24,22.0,2.0,0.0,0.0,0.0,0.0,0.0,0.0,0.0,0.0,3.0,0.0,0.0,4.0,6.0,23.5,0.0,0.0,21.5,0,1,0,0,0,0,0,0,0,0,0,0,0,0,0,1,0,0,0
2022-11-25,22.0,5.0,0.0,1.0,1.0,0.0,0.0,0.0,0.0,0.0,3.5,0.0,0.0,0.0,1.0,17.25,0.0,0.0,21.5,0,1,0,0,0,0,0,0,0,0,0,0,0,0,0,1,0,0,0
2022-11-26,20.0,5.0,33.5,1.0,10.5,1.5,0.0,0.5,0.0,0.5,1.0,0.0,0.0,0.0,0.5,13.75,2.5,12.0,9.5,0,1,0,0,0,0,0,0,0,0,0,0,0,0,0,1,0,0,0
2022-11-27,14.5,3.0,33.5,10.0,10.5,1.5,17.5,27.0,40.5,37.5,4.5,0.0,54.0,21.5,17.5,8.5,32.5,13.5,13.0,0,1,0,0,0,0,0,0,0,0,0,0,0,0,0,1,0,0,0
2022-11-28,23.5,16.75,0.5,10.0,10.5,0.5,17.5,27.0,40.5,37.5,4.5,0.0,54.0,21.5,17.5,8.5,32.5,13.5,13.0,0,1,0,0,0,0,0,0,0,0,0,0,0,0,0,1,0,0,0
2022-11-29,23.0,11.5,13.0,27.0,7.0,48.5,32.0,35.0,58.0,33.0,25.0,0.0,40.0,26.0,31.5,3.0,63.0,25.0,13.0,0,1,0,0,0,0,0,0,0,0,0,0,0,0,0,1,0,0,0
2022-11-30,23.0,2.25,13.0,27.0,13.0,48.5,32.0,35.0,99.5,33.0,25.0,0.0,40.0,53.0,42.0,10.0,78.0,25.0,33.0,0,1,0,0,0,0,0,0,0,0,0,0,0,0,0,1,0,0,0
2022-12-01,5.0,3.75,9.5,7.0,13.0,29.5,31.5,29.5,99.5,29.0,1.5,0.0,30.5,53.0,42.0,15.0,78.0,24.0,33.0,0,1,0,0,0,0,0,0,0,0,0,0,0,0,0,1,0,0,0
2022-12-02,17.5,5.5,14.0,17.0,26.0,31.5,39.0,21.5,21.5,26.0,8.0,0.0,10.5,58.5,115.0,10.0,31.5,11.5,46.5,0,1,0,0,0,0,0,0,0,0,0,0,0,0,0,1,0,0,0
2022-12-03,17.5,22.25,13.5,17.0,25.5,31.5,39.0,21.5,21.5,26.0,8.0,0.0,10.5,58.0,113.0,3.5,31.0,11.5,46.5,0,1,0,0,0,0,0,0,0,0,0,0,0,0,0,1,0,0,0
2022-12-04,2.0,26.5,2.0,4.0,5.5,1.5,0.5,2.0,3.5,2.0,5.5,0.0,1.5,1.5,2.5,0.0,2.5,2.0,11.0,0,1,0,0,0,0,0,0,0,0,0,0,0,0,0,1,0,0,0
2022-12-05,0.0,27.25,0.0,0.0,0.0,0.0,0.0,0.0,0.0,0.0,0.0,0.0,0.0,0.0,0.0,0.0,0.0,0.0,0.0,0,1,0,0,0,0,0,0,0,0,0,0,0,0,0,1,0,0,0
2022-12-06,10.5,2.75,7.5,7.0,5.0,6.5,5.5,9.5,33.0,13.5,29.5,0.0,54.5,6.5,63.5,8.0,25.5,7.0,39.0,0,1,0,0,0,0,0,0,0,0,0,0,0,0,0,1,0,0,0
2022-12-07,11.5,1.75,15.5,13.0,9.5,33.0,10.5,28.0,34.0,22.5,30.0,0.0,55.0,6.5,64.5,5.25,26.0,43.5,40.0,0,1,0,0,0,0,0,0,0,0,0,0,0,0,0,1,0,0,0
2022-12-08,58.0,4.5,47.0,39.0,32.0,73.5,10.5,31.0,13.0,33.0,26.5,0.0,15.5,29.5,11.5,0.25,12.0,43.5,40.0,0,1,0,0,0,0,1,0,0,0,0,0,0,0,0,1,0,0,1
2022-12-09,58.0,5.25,47.0,39.0,31.5,73.5,10.5,31.0,13.0,33.0,26.5,0.0,23.5,18.5,35.0,0.25,12.0,30.0,6.0,0,1,0,0,0,0,1,0,0,0,0,0,0,0,0,1,0,0,0
2022-12-10,6.5,5.75,33.5,40.5,26.0,38.5,10.5,36.0,36.5,75.5,63.5,0.0,61.5,33.5,35.0,6.25,33.0,36.5,47.5,0,1,0,0,0,0,1,0,0,0,0,0,0,0,0,1,0,0,0
2022-12-11,14.5,5.0,33.5,40.5,26.0,45.5,10.5,38.0,55.5,75.5,63.5,0.0,61.5,24.5,29.5,9.75,46.0,36.5,51.0,0,1,0,0,0,0,1,0,0,0,0,0,0,0,0,1,0,0,0
2022-12-12,15.0,2.5,20.5,25.5,13.5,45.0,26.0,38.0,55.5,34.0,37.5,10.5,30.0,24.5,29.5,2.75,46.0,22.5,51.5,0,1,0,0,0,0,0,0,0,0,0,0,0,0,0,1,0,0,0
2022-12-13,9.0,2.75,6.5,6.5,3.0,7.0,26.0,12.0,6.5,9.0,3.5,10.5,6.0,20.5,13.5,0.75,7.5,4.0,4.5,0,1,0,0,0,0,0,0,0,0,0,0,0,0,0,1,0,0,0
2022-12-14,7.0,16.0,7.0,9.0,7.5,4.5,4.5,4.5,2.0,4.5,3.0,2.0,4.5,8.5,4.0,2.0,2.0,3.5,2.0,0,1,0,0,0,0,0,0,0,0,0,0,0,0,0,1,0,0,0
2022-12-15,6.5,7.75,1.0,0.5,1.5,0.5,0.5,1.0,11.5,3.0,1.0,13.5,11.5,0.0,0.5,3.25,22.0,1.5,1.5,0,1,0,0,0,0,0,0,0,0,0,0,0,0,0,1,0,0,0
2022-12-16,3.5,7.75,1.0,0.5,0.0,0.0,1.5,6.0,11.5,7.0,1.0,13.5,11.5,1.0,23.0,3.25,22.0,1.5,3.5,0,1,0,0,0,0,0,0,0,0,0,0,0,0,0,1,0,0,0
2022-12-17,1.5,8.75,0.0,0.0,0.5,0.0,1.5,6.0,0.5,7.0,0.0,4.5,1.0,1.5,23.0,14.25,0.5,0.0,3.5,0,1,0,0,0,0,0,0,0,0,0,0,0,0,0,1,0,0,0
2022-12-18,3.5,7.25,6.5,84.0,26.5,0.0,0.5,0.5,1.5,0.0,0.5,11.0,16.5,1.5,32.0,2.5,2.0,0.5,0.5,0,1,0,0,0,0,0,0,0,0,0,0,0,0,0,1,0,0,0
2022-12-19,3.5,7.0,6.5,84.0,26.5,0.0,0.5,0.0,1.5,0.0,0.5,11.0,16.5,0.5,32.0,1.25,2.0,0.5,0.5,0,1,0,0,0,0,0,0,0,0,0,0,0,0,0,1,0,0,0
2022-12-20,2.5,7.0,0.0,0.0,0.0,0.0,0.0,0.0,0.0,0.0,0.0,0.0,0.0,0.0,0.0,0.0,0.0,0.0,0.0,0,1,0,0,0,0,0,0,0,0,0,0,0,0,0,1,0,0,0
2022-12-21,21.0,0.5,51.5,29.0,16.5,14.0,67.0,38.0,15.5,30.0,21.5,39.0,24.5,78.5,57.5,0.0,15.5,18.5,39.0,0,1,0,0,0,0,0,0,0,0,0,0,0,0,0,1,0,0,0
2022-12-22,32.0,13.5,51.5,40.5,25.0,34.5,67.0,38.0,15.5,30.0,21.5,39.0,24.5,78.5,57.5,1.25,15.5,18.5,39.0,0,1,0,0,0,0,0,0,0,0,0,0,0,0,0,1,0,0,0
2022-12-23,31.5,26.75,7.0,40.5,24.5,34.0,32.5,11.0,18.5,8.5,36.0,26.5,8.0,17.5,77.0,0.0,8.5,7.0,30.0,0,1,0,0,0,0,0,0,0,0,0,0,0,0,0,1,0,0,0
2022-12-24,3.5,23.75,1.0,11.0,11.5,12.5,0.5,0.5,18.5,0.5,36.0,26.5,2.5,1.0,77.0,0.0,8.5,0.0,30.0,0,1,0,0,0,0,0,0,0,0,0,0,0,0,0,1,0,0,0
2022-12-25,1.5,5.5,0.0,0.5,0.5,12.5,0.0,0.0,7.0,0.0,0.0,0.0,0.0,0.0,0.0,1.75,2.5,0.0,0.5,0,1,0,0,0,0,0,0,0,0,0,0,0,0,0,1,0,0,0
2022-12-26,0.0,8.75,0.0,0.0,0.0,0.0,0.0,0.0,7.0,0.0,0.0,0.0,0.0,0.0,1.5,0.75,2.5,0.0,0.0,0,1,0,0,0,0,0,0,0,0,0,0,0,0,0,1,0,0,0
2022-12-27,0.0,8.5,0.0,0.0,0.0,0.0,0.0,0.0,0.0,0.0,0.0,0.0,0.0,0.0,1.5,0.0,0.0,0.0,0.0,0,1,0,0,0,0,0,0,0,0,0,0,0,0,0,1,0,0,0
2022-12-28,0.0,1.25,0.0,0.0,0.0,0.0,0.5,0.5,0.0,0.0,0.0,1.0,0.5,0.0,0.5,0.0,0.5,0.0,0.0,0,1,0,0,0,0,0,0,0,0,0,0,0,0,0,1,0,0,0
2022-12-29,0.0,0.5,2.0,0.5,0.0,1.0,1.0,1.5,1.5,4.0,16.0,1.0,1.0,4.5,0.0,1.75,6.0,7.0,4.5,0,1,0,0,0,0,0,0,0,0,0,0,0,0,0,1,0,0,0
2022-12-30,0.0,0.5,2.0,0.5,0.0,1.0,1.0,1.5,1.5,4.0,16.0,0.0,1.0,4.5,0.0,1.0,6.0,7.0,4.5,0,1,0,0,0,0,0,0,0,0,0,0,0,0,0,1,0,0,0
2022-12-31,5.5,0.5,0.0,0.0,0.0,4.0,1.5,0.0,0.0,0.0,0.0,0.0,0.0,0.5,0.0,4.75,0.0,0.0,0.5,0,1,0,0,0,0,0,0,0,0,0,0,0,0,0,1,0,0,0
2023-01-01,5.5,4.0,0.0,0.0,0.0,4.0,1.5,0.0,0.0,0.0,0.0,0.0,0.0,0.0,0.0,1.5,0.0,0.0,0.0,0,1,0,0,0,0,0,0,0,0,0,0,0,0,0,1,0,0,0
2023-01-02,5.5,7.5,0.0,0.0,0.0,4.0,1.5,0.0,0.0,0.0,0.0,0.0,0.0,0.0,0.0,1.5,0.0,0.0,0.0,1,1,1,1,1,1,1,1,1,1,1,1,1,1,1,1,1,1,1
2023-01-03,5.5,8.5,0.0,0.0,0.0,4.0,1.5,0.0,0.0,0.0,0.0,0.0,0.0,0.0,0.0,1.5,0.0,0.0,0.0,1,1,1,1,1,1,1,1,1,1,1,1,1,1,1,1,1,1,1
2023-01-04,0.5,0.5,2.5,28.0,8.0,8.0,11.5,20.0,10.0,38.0,0.0,28.0,8.5,5.0,0.5,1.5,4.5,21.5,9.5,0,1,0,0,0,0,0,0,0,0,1,0,0,0,0,1,0,0,0
2023-01-05,0.5,2.0,2.5,28.0,8.0,9.0,12.5,20.0,10.0,37.5,0.5,28.0,8.0,8.0,20.0,0.0,8.0,21.5,9.5,0,1,0,0,0,0,0,0,0,0,0,0,0,0,0,1,0,0,0
2023-01-06,0.5,2.0,0.5,2.5,6.0,0.5,3.5,1.5,5.0,2.0,0.5,0.0,4.5,8.0,20.0,0.0,8.0,0.5,0.5,0,1,0,0,0,0,0,0,0,0,0,0,0,0,0,1,0,0,0
2023-01-07,76.5,0.0,75.0,75.5,60.0,64.5,79.0,70.0,10.5,75.0,11.0,3.0,16.5,66.5,11.5,0.0,15.0,111.5,3.5,0,1,0,0,0,0,0,0,0,0,0,0,0,0,0,1,0,0,0
2023-01-08,11.0,1.5,5.0,3.5,5.5,3.5,8.0,3.0,1.5,3.0,2.0,3.0,5.5,7.0,0.5,1.5,2.0,8.5,3.5,0,1,0,0,0,0,0,0,0,0,0,0,0,0,0,1,0,0,0
2023-01-09,5.5,1.0,1.0,3.0,4.5,3.5,8.0,3.0,0.5,2.5,0.0,0.5,5.5,7.0,0.0,0.0,2.0,0.5,1.0,0,1,0,0,0,0,0,0,0,0,0,0,0,0,0,1,0,0,0
2023-01-10,10.5,0.5,32.5,5.0,0.5,16.5,37.0,55.0,22.5,16.0,1.0,43.0,6.0,29.0,0.0,0.0,14.5,27.0,6.0,0,1,0,0,0,0,0,0,0,0,0,0,0,0,0,1,0,0,0
2023-01-11,10.5,0.0,32.5,5.0,0.0,49.0,41.0,55.0,22.5,16.0,1.0,43.0,6.0,29.0,0.0,0.0,14.5,27.0,6.0,0,1,0,0,0,0,0,0,0,0,0,0,0,0,0,1,0,0,0
2023-01-12,33.0,0.0,0.0,0.0,10.5,49.0,0.0,3.5,0.0,0.0,0.0,0.0,0.0,16.0,0.0,0.0,0.0,0.5,0.0,0,1,0,0,0,0,0,0,0,0,0,0,0,0,0,1,0,0,0
2023-01-13,33.0,0.0,1.0,0.0,10.5,0.0,0.5,0.0,5.0,3.0,0.5,0.0,1.0,0.0,0.0,0.0,0.0,10.5,0.0,0,1,0,0,0,0,0,0,0,0,0,0,0,0,0,1,0,0,0
2023-01-14,0.0,0.5,1.0,0.0,0.5,0.0,1.5,8.5,5.0,28.5,0.5,0.5,36.0,2.5,29.5,0.0,3.0,10.5,0.0,0,1,0,0,0,0,0,0,0,0,0,0,0,0,0,1,0,0,0
2023-01-15,15.0,0.0,0.5,3.5,3.5,1.5,1.5,8.5,4.0,28.5,9.0,15.0,36.0,2.5,29.5,0.0,3.0,5.0,11.5,0,1,0,0,0,0,0,0,0,0,0,0,0,0,0,1,0,0,0
2023-01-16,15.0,0.0,3.5,3.5,4.5,9.0,6.0,4.0,4.0,5.0,9.0,15.0,3.0,5.5,6.0,0.0,2.0,5.0,11.5,0,1,0,0,0,0,0,0,0,0,0,0,0,0,0,1,0,0,0
2023-01-17,2.5,7.0,3.5,1.0,7.0,7.5,6.0,4.0,12.0,5.0,8.5,17.5,3.5,5.5,52.5,6.0,3.0,2.5,15.5,0,1,0,0,0,0,0,0,0,0,0,0,0,0,0,1,0,0,0
2023-01-18,1.5,8.0,0.0,10.5,4.5,1.0,10.0,7.5,33.5,3.5,5.0,17.0,0.5,15.5,25.5,0.5,17.0,0.0,9.5,0,1,0,0,0,0,0,0,0,0,0,0,0,0,0,1,0,0,0
2023-01-19,1.5,2.5,12.0,10.5,4.5,14.0,16.5,11.5,33.5,15.0,5.0,17.0,7.0,16.0,25.5,9.25,17.0,13.5,9.0,0,1,0,0,0,0,0,0,0,0,0,0,0,0,0,1,0,0,0
2023-01-20,1.0,1.0,11.5,1.5,1.0,14.0,16.5,11.5,9.0,15.0,1.5,3.5,7.0,0.0,9.0,7.5,12.0,12.0,1.5,0,1,0,0,0,0,0,0,0,0,0,0,0,0,0,1,0,0,0
2023-01-21,18.0,2.0,27.5,26.5,21.5,19.0,16.5,22.0,22.5,23.0,20.5,22.0,22.0,13.0,14.5,13.5,21.0,26.5,1.5,0,1,0,0,0,0,0,0,0,0,0,0,0,0,0,1,0,0,1
2023-01-22,28.5,1.5,27.5,26.5,21.5,19.0,16.5,22.0,22.5,23.0,20.5,22.0,22.0,7.5,21.0,0.75,21.0,26.5,1.5,0,1,0,0,0,0,0,0,0,0,0,0,0,0,0,1,0,0,1
2023-01-23,28.5,0.5,13.0,23.0,16.5,16.0,16.5,13.5,16.5,9.5,16.5,33.0,15.0,7.5,26.5,2.5,20.0,7.5,1.5,0,1,0,0,0,0,0,0,0,0,0,0,0,0,0,1,0,0,1
2023-01-24,6.0,0.5,2.5,13.0,8.0,10.5,14.0,7.0,19.5,5.0,35.0,33.0,21.0,9.0,27.5,0.75,14.5,4.5,1.5,0,1,0,0,0,0,0,0,0,0,0,0,0,0,0,1,0,0,1
2023-01-25,3.0,0.0,2.5,13.0,8.0,10.5,14.0,7.0,19.5,5.0,35.0,28.0,21.0,9.0,27.5,0.25,14.5,4.5,1.5,0,1,0,0,0,0,0,0,0,0,0,0,0,0,0,1,0,0,1
2023-01-26,0.0,0.0,0.0,0.0,0.0,0.0,0.0,0.0,0.0,0.0,0.0,0.0,0.0,0.0,0.0,0.0,0.0,0.0,1.5,0,1,0,0,0,0,0,0,0,0,0,0,0,0,0,1,0,0,1
2023-01-27,18.5,0.0,0.5,0.0,0.5,1.0,25.0,10.0,57.5,8.5,8.5,2.0,25.0,45.5,1.5,0.0,53.5,0.0,1.5,0,1,0,0,0,0,0,0,0,0,0,0,0,0,0,1,0,0,1
2023-01-28,19.0,0.5,5.0,4.5,3.5,4.0,25.0,10.0,57.5,8.5,8.5,9.0,25.0,45.0,4.0,10.0,53.5,3.5,5.5,0,1,0,0,0,0,0,0,0,0,0,0,0,0,0,1,0,0,1
2023-01-29,13.0,1.0,5.0,4.5,3.5,4.0,4.0,3.5,5.5,3.0,2.5,9.0,3.0,3.5,4.0,11.25,3.5,3.5,8.5,0,1,0,0,0,0,0,0,0,0,0,0,0,0,0,1,0,0,1
2023-01-30,0.0,0.0,0.0,0.0,0.0,0.0,0.0,0.0,0.0,0.0,0.0,0.0,0.0,0.0,0.0,0.0,0.0,0.0,1.5,0,1,0,0,0,0,0,0,0,0,0,0,0,0,0,1,0,0,1
2023-01-31,0.5,0.0,0.0,0.0,3.5,0.0,0.0,0.0,0.0,0.0,0.0,0.0,0.0,0.0,0.0,0.0,0.0,0.0,1.0,0,1,0,0,0,0,0,0,0,0,0,0,0,0,0,1,0,0,1
2023-02-01,0.5,0.0,0.0,0.0,3.5,0.0,6.5,3.0,27.0,5.0,30.5,11.5,48.0,8.5,9.5,0.0,31.0,0.0,0.0,0,1,0,0,0,0,0,0,0,0,0,0,0,0,0,1,0,0,1
2023-02-02,5.0,0.0,0.0,0.0,2.0,0.0,6.5,3.0,27.0,5.0,30.5,22.5,48.0,8.5,9.5,0.0,31.0,0.0,0.0,0,1,0,0,0,0,0,0,0,0,0,0,0,0,0,1,0,0,1
2023-02-03,5.0,0.0,1.5,1.0,2.0,2.0,2.5,1.5,9.5,1.5,0.5,22.5,1.0,2.0,4.5,0.0,2.5,1.0,0.0,0,1,0,0,0,0,0,0,0,0,0,0,0,0,0,1,0,0,1
2023-02-04,3.5,0.0,0.0,0.0,0.0,0.0,0.0,0.0,0.0,0.0,0.0,0.0,0.0,0.0,0.0,0.0,0.0,0.0,4.5,0,1,0,0,0,0,0,0,0,0,0,0,0,0,0,1,0,0,1
2023-02-05,4.5,0.0,16.0,17.0,24.0,9.0,2.5,29.0,43.0,36.5,19.5,68.5,24.0,4.0,0.0,0.0,38.5,12.5,5.0,0,1,0,0,0,0,0,0,0,0,0,0,0,0,0,1,0,0,1
2023-02-06,19.0,2.0,67.5,54.5,37.0,13.0,11.0,29.0,43.0,36.5,26.0,68.5,24.0,9.5,0.5,1.75,38.5,23.5,4.5,0,1,0,0,0,0,0,0,0,0,0,0,0,0,0,1,0,0,1
2023-02-07,19.0,0.0,67.5,54.5,37.0,13.0,11.0,15.0,10.5,18.5,26.0,17.0,23.0,9.5,0.5,0.0,11.0,23.5,0.5,0,1,0,0,0,0,0,0,0,0,0,0,0,0,0,1,0,0,1
2023-02-08,7.5,0.0,32.0,38.5,28.5,4.5,4.0,9.0,1.5,8.0,3.5,0.5,4.0,5.5,0.0,0.0,1.5,20.0,0.5,0,1,0,0,0,0,0,0,0,0,0,0,0,0,0,1,0,0,1
2023-02-09,7.5,0.0,32.0,38.5,28.5,4.5,15.0,15.0,5.0,8.0,26.0,24.0,4.0,7.0,0.0,0.0,6.0,20.0,0.5,0,1,0,0,0,0,0,0,0,0,0,0,0,0,0,1,0,0,1
2023-02-10,25.5,0.0,17.0,41.5,20.5,7.0,15.0,15.0,5.0,5.5,26.0,24.0,3.0,0.0,0.5,1.5,6.0,6.5,1.5,0,1,0,0,0,0,0,0,0,0,0,0,0,0,0,1,0,0,1
2023-02-11,25.5,0.0,69.5,41.5,31.0,51.0,12.5,34.0,27.0,54.0,43.0,47.0,41.5,11.0,0.5,0.0,27.5,47.5,1.5,0,1,0,0,0,0,0,0,0,0,0,0,0,0,0,1,0,0,1
2023-02-12,25.5,1.0,69.5,37.5,38.0,51.0,67.5,34.0,27.0,54.0,43.0,86.0,41.5,42.0,0.0,0.0,30.5,47.5,0.0,0,1,0,0,0,0,0,0,0,0,0,0,0,0,0,1,0,0,1
2023-02-13,25.5,0.0,12.5,8.0,38.0,23.5,67.5,33.0,61.5,14.0,43.0,86.0,8.5,42.0,0.0,0.0,30.5,18.5,0.5,0,1,0,0,0,0,0,0,0,0,0,0,0,0,0,1,0,0,1
2023-02-14,13.0,0.5,24.0,36.5,0.5,71.0,92.5,115.0,73.5,123.5,7.5,34.0,76.5,57.0,0.0,0.0,62.5,86.0,2.0,0,1,0,0,0,0,0,0,0,0,0,0,0,0,0,1,0,0,1
2023-02-15,13.0,0.5,24.0,36.5,0.5,71.0,92.5,115.0,73.5,123.5,7.5,1.0,76.5,57.0,0.5,0.0,62.5,86.0,2.0,0,1,0,0,0,0,0,0,0,0,0,0,0,1,0,1,0,0,1
2023-02-16,13.0,0.0,24.0,36.5,0.5,71.0,92.5,115.0,73.5,123.5,7.5,1.0,76.5,57.0,0.5,0.0,62.5,86.0,16.0,1,1,1,1,1,1,1,1,1,1,1,1,1,1,1,1,1,1,1
2023-02-17,0.0,0.0,0.0,0.0,0.0,0.0,0.0,0.0,0.0,0.0,0.0,0.0,0.0,57.0,0.0,3.0,16.5,0.0,2.0,0,1,0,0,0,0,0,0,0,0,0,0,0,1,0,1,0,0,1
2023-02-18,17.0,0.0,0.0,0.5,0.5,70.0,4.0,2.5,0.0,0.0,1.0,0.0,0.0,3.0,0.0,0.0,16.5,12.5,2.5,0,1,0,0,0,0,0,0,0,0,0,0,0,0,0,1,0,0,1
2023-02-19,17.0,0.0,4.0,15.5,26.0,70.0,8.5,6.0,41.5,8.0,17.5,84.5,21.0,3.0,1.5,0.0,31.0,12.5,10.5,0,1,0,0,0,0,0,0,0,0,0,0,0,1,0,1,0,0,1
2023-02-20,4.0,0.0,4.0,15.5,26.0,18.0,15.0,7.0,41.5,9.5,48.0,84.5,21.0,5.5,1.5,0.0,31.0,7.5,0.5,0,1,0,0,0,0,0,0,0,0,0,0,0,0,0,1,0,0,1
2023-02-21,2.0,0.0,1.5,8.0,1.0,18.0,15.0,7.0,21.0,9.5,48.0,73.5,17.5,0.0,0.0,0.0,21.0,7.5,1.5,0,1,0,0,0,0,0,0,0,0,0,0,0,0,0,1,0,0,1
2023-02-22,0.5,0.0,1.0,0.0,0.0,50.5,28.0,8.5,26.5,1.5,0.0,1.0,3.0,0.0,8.5,0.0,21.5,0.5,5.0,0,1,0,0,0,0,0,0,0,0,0,0,0,1,0,1,0,0,1
2023-02-23,0.0,0.25,0.5,2.5,9.0,43.0,29.0,12.0,40.5,5.5,9.5,24.5,7.5,0.0,12.5,0.0,33.0,1.0,5.0,0,1,0,0,0,0,0,0,0,0,0,0,0,1,0,1,0,0,1
2023-02-24,0.0,0.75,0.5,2.5,9.0,2.0,25.5,11.5,46.5,5.5,9.5,92.5,39.0,0.0,34.0,18.0,27.0,1.0,7.0,0,1,0,0,0,0,0,0,0,0,0,0,0,1,0,1,0,0,1
2023-02-25,0.0,0.0,0.0,0.0,1.0,0.0,25.5,11.5,46.5,2.0,2.5,92.5,39.0,0.0,34.0,18.0,27.0,0.0,8.0,0,1,0,0,0,0,0,0,0,0,0,0,0,1,0,1,0,0,1
2023-02-26,0.0,0.0,0.0,0.0,0.0,0.0,0.0,0.0,0.5,0.0,0.0,0.0,0.0,0.0,0.0,0.0,0.0,0.0,0.25,0,1,0,0,0,0,0,0,0,0,0,0,0,1,0,1,0,0,1
2023-02-27,0.5,0.0,0.0,0.0,1.5,0.0,0.0,0.0,0.0,0.0,0.0,2.0,0.5,0.0,0.0,0.0,0.5,0.0,0.25,0,1,0,0,0,0,0,0,0,0,0,0,0,1,0,1,0,0,1
2023-02-28,10.0,0.0,4.0,9.5,8.5,0.5,0.5,1.5,2.5,0.5,7.5,7.0,0.5,0.0,0.5,0.0,0.5,1.0,0.75,0,1,0,0,0,0,0,0,0,0,0,0,0,1,0,1,0,0,1
2023-03-01,45.5,0.0,42.5,54.0,43.0,43.5,40.5,40.5,40.5,39.0,40.5,34.0,41.0,0.0,41.0,2.0,34.0,47.0,1.0,0,1,0,0,0,0,0,0,0,0,0,0,0,1,0,1,0,0,1
2023-03-02,45.5,0.25,43.0,53.5,42.5,43.0,40.5,40.0,40.0,39.0,40.5,34.0,41.5,0.5,47.5,9.0,33.5,46.5,2.25,0,1,0,0,0,0,0,0,0,0,0,0,0,1,0,1,0,0,1
2023-03-03,17.5,0.0,20.5,38.5,21.5,34.5,23.5,22.5,16.5,27.0,49.0,29.0,19.5,6.0,47.5,8.75,17.0,31.5,5.0,0,1,0,0,0,0,0,0,0,0,0,0,0,1,0,1,0,0,1
2023-03-04,17.0,1.25,20.5,38.5,20.5,34.5,23.0,22.5,16.5,26.5,49.0,29.0,19.5,16.75,14.5,3.5,17.0,31.5,5.75,0,1,0,0,0,0,0,0,0,0,0,1,0,1,0,1,0,0,1
2023-03-05,1.5,0.75,0.0,0.0,0.0,0.5,0.0,0.0,0.5,0.0,0.0,0.0,0.0,9.5,0.0,1.0,0.0,0.0,2.75,0,1,0,0,0,0,0,0,0,0,0,0,0,1,0,1,0,0,1
2023-03-06,1.5,1.25,0.0,0.0,0.0,0.0,0.0,0.0,0.0,0.0,3.0,2.0,0.0,16.75,0.0,5.75,0.0,0.0,6.75,0,1,0,0,0,0,0,0,0,0,0,0,0,1,0,1,0,0,1
2023-03-07,0.5,9.5,0.0,0.0,0.0,0.0,35.0,7.5,0.0,2.5,3.0,2.0,5.0,11.0,9.0,15.75,0.5,0.0,20.75,0,1,0,0,0,0,0,0,0,0,0,0,0,1,0,1,0,0,1
2023-03-08,0.0,3.5,0.0,0.0,0.0,0.0,35.0,7.5,0.0,2.5,0.0,0.0,5.0,10.75,9.0,7.5,0.5,0.0,13.5,0,1,0,0,0,0,0,0,0,0,0,0,0,1,0,1,0,0,1
2023-03-09,0.0,0.0,0.0,0.0,0.0,0.0,0.0,0.0,18.5,17.5,0.0,21.5,38.0,10.75,25.0,0.0,24.0,0.0,3.25,0,1,0,0,0,0,0,0,0,0,0,0,0,1,0,1,0,0,1
2023-03-10,12.5,0.0,0.0,0.0,0.0,0.0,0.0,0.0,46.0,17.5,18.0,21.5,38.0,8.5,55.5,1.5,29.5,1.0,1.75,0,1,0,0,0,0,0,0,0,0,0,0,0,1,0,1,0,0,1
2023-03-11,12.5,0.25,0.0,0.5,1.5,37.0,26.0,30.0,46.0,21.0,52.0,35.0,31.5,3.75,55.5,11.5,29.5,4.0,0.25,0,1,0,0,0,0,0,0,0,0,0,0,0,1,0,1,0,0,1
2023-03-12,1.0,1.75,1.5,3.5,1.5,37.0,52.0,30.0,15.0,21.0,52.0,35.0,31.5,7.75,31.5,11.5,19.5,4.0,8.5,0,1,0,0,0,0,0,0,0,0,0,0,0,1,0,1,0,0,1
2023-03-13,3.0,1.75,1.5,3.5,0.5,1.0,52.0,8.5,8.5,7.5,1.5,0.5,1.5,7.0,5.0,3.75,11.5,1.5,5.5,0,1,0,0,0,0,0,0,0,0,0,0,0,1,0,1,0,0,1
2023-03-14,3.0,2.0,1.5,3.5,0.5,1.0,52.0,8.5,8.5,7.5,1.5,0.5,1.5,6.5,5.0,2.5,11.5,1.5,2.5,1,1,1,1,1,1,1,1,1,1,1,1,1,1,1,1,1,1,1
2023-03-15,3.0,0.0,1.5,3.5,0.5,1.0,52.0,8.5,8.5,7.5,1.5,0.5,1.5,17.5,5.0,0.0,11.5,1.5,0.25,1,1,1,1,1,1,1,1,1,1,1,1,1,1,1,1,1,1,1
2023-03-16,0.0,0.25,0.0,0.0,0.0,0.0,0.0,0.0,0.0,0.0,0.0,0.0,0.0,17.25,0.0,0.0,0.0,0.0,1.5,0,1,0,0,0,0,0,0,0,0,0,0,0,1,0,1,0,0,1
2023-03-17,0.0,2.75,0.0,0.0,0.0,0.0,0.0,0.0,0.0,0.0,0.0,8.5,0.0,6.5,11.0,4.75,0.0,0.0,0.5,0,1,0,0,0,0,0,0,0,0,0,0,0,1,0,1,0,0,1
2023-03-18,0.0,0.0,0.0,0.0,0.0,0.0,0.0,0.0,0.0,0.0,0.0,8.5,0.0,4.0,11.0,4.75,0.0,0.0,1.0,0,1,0,0,0,0,0,0,0,0,0,0,0,1,0,1,0,0,1
2023-03-19,0.0,0.25,0.0,0.0,0.0,0.0,0.0,0.0,0.0,0.0,0.0,1.5,0.0,6.0,0.0,0.25,0.0,0.0,3.0,0,1,0,0,0,0,0,0,0,0,0,0,0,1,0,1,0,0,1
2023-03-20,7.5,0.25,4.0,27.5,37.5,6.5,4.5,1.5,21.5,5.0,28.5,86.5,19.5,4.75,30.5,0.25,5.0,12.5,1.0,0,1,0,0,0,0,0,0,0,0,0,0,0,1,0,1,0,0,1
2023-03-21,7.0,0.0,4.0,27.5,37.5,6.5,4.5,1.5,21.5,5.0,27.5,48.0,19.5,1.25,30.5,2.0,5.0,12.5,0.5,0,1,0,0,0,0,0,0,0,0,0,0,0,1,0,1,0,0,1
2023-03-22,7.0,0.0,4.0,27.5,37.5,6.5,4.5,1.5,21.5,5.0,27.5,48.0,19.5,1.0,30.5,0.75,5.0,12.5,5.5,1,1,1,1,1,1,1,1,1,1,1,1,1,1,1,1,1,1,1
2023-03-23,3.0,0.0,0.0,14.5,44.5,0.5,2.0,1.0,13.0,0.0,7.0,39.0,0.0,4.75,71.0,0.25,4.0,0.5,0.0,0,1,0,0,0,0,0,0,0,0,0,0,0,1,0,1,0,0,1
2023-03-24,7.5,3.75,0.0,14.5,44.5,2.5,2.0,1.0,13.0,0.0,7.0,39.0,0.0,8.5,71.0,1.5,4.0,1.0,9.0,0,1,0,0,0,0,0,0,0,0,0,0,0,1,0,1,0,0,1
2023-03-25,27.0,4.25,12.5,4.0,7.5,4.5,4.0,5.0,11.0,0.0,3.0,2.5,4.0,11.25,33.0,29.5,12.0,5.5,10.5,0,1,0,0,0,0,0,0,0,0,0,0,0,1,0,1,0,0,1
2023-03-26,27.0,4.75,12.5,4.0,7.5,4.5,4.0,5.0,11.0,0.0,2.0,2.5,4.0,15.75,33.0,24.5,12.0,5.5,10.0,0,1,0,0,0,0,0,0,0,0,0,0,0,1,0,1,0,0,1
2023-03-27,4.0,4.75,2.5,3.5,3.0,0.5,0.5,4.0,9.0,4.0,16.5,0.5,12.5,6.75,0.0,13.5,11.0,0.5,13.0,0,1,0,0,0,0,0,0,0,0,0,0,0,1,0,1,0,0,1
2023-03-28,4.0,4.0,2.5,3.5,3.0,0.5,0.5,4.0,9.0,4.0,16.5,3.5,12.5,4.5,4.5,0.5,11.0,0.5,13.0,0,1,0,0,0,0,0,0,0,0,0,0,0,1,0,1,0,0,1
2023-03-29,0.0,4.0,0.0,0.0,0.0,12.0,4.0,7.0,39.5,8.0,0.0,12.0,24.0,2.5,7.5,24.5,15.5,0.0,3.5,0,1,0,0,0,0,0,0,0,0,0,0,0,1,0,1,0,0,1
2023-03-30,2.0,6.5,1.0,0.0,0.0,10.0,3.0,6.0,39.5,8.0,0.0,12.0,24.0,5.0,7.5,24.5,15.5,0.0,1.5,0,1,0,0,0,0,0,0,0,0,0,0,0,1,0,1,0,0,1
2023-03-31,2.0,0.25,1.0,0.0,0.0,0.5,1.5,0.5,7.0,0.5,0.0,5.5,2.0,9.75,6.0,8.0,6.0,0.0,2.0,0,1,0,0,0,0,0,0,0,0,0,0,0,1,0,1,0,0,1
2023-04-01,0.5,0.75,3.0,6.5,0.0,8.5,2.0,26.0,16.0,42.5,5.5,1.0,27.0,21.0,5.0,0.5,39.5,71.0,2.5,0,1,0,0,0,0,0,0,0,0,0,0,0,1,0,1,0,0,1
2023-04-02,27.0,1.0,15.5,24.0,0.0,21.0,23.5,26.5,16.0,42.5,12.0,13.0,27.0,14.25,24.0,0.5,39.5,71.0,10.0,0,1,0,0,0,0,0,0,0,0,0,0,0,1,0,1,0,0,1
2023-04-03,9.5,5.25,8.5,12.0,53.0,14.0,1.0,3.0,2.5,2.5,6.5,9.5,4.5,7.25,0.0,0.0,2.0,5.5,5.0,0,1,0,0,0,0,0,0,0,0,0,0,0,1,0,1,0,0,1
2023-04-04,0.0,5.0,0.0,0.0,0.0,0.0,18.5,2.0,8.0,2.0,0.0,30.0,9.0,2.5,0.5,1.5,6.0,0.0,1.0,0,1,0,0,0,0,0,0,0,0,0,0,0,1,0,1,0,0,1
2023-04-05,0.0,8.25,0.0,0.0,0.0,0.0,18.5,2.0,8.0,2.0,0.0,30.0,9.0,2.5,0.5,6.0,6.0,0.0,6.0,1,1,1,1,1,1,1,1,1,1,1,1,1,1,1,1,1,1,1
2023-04-06,0.0,5.25,0.0,0.0,0.0,21.0,0.0,0.5,0.0,0.0,0.0,0.0,0.0,7.5,0.0,1.0,0.5,0.0,6.0,0,1,0,0,0,0,0,0,0,0,0,0,0,1,0,1,0,0,1
2023-04-07,8.5,0.75,11.0,11.5,23.5,21.0,23.0,29.0,35.5,10.5,4.5,32.0,4.0,13.25,16.0,7.5,22.5,17.5,2.0,0,1,0,0,0,0,0,0,0,0,0,0,0,1,0,1,0,0,1
2023-04-08,6.5,0.5,2.0,7.5,1.0,14.0,13.0,4.5,3.5,3.5,10.0,2.5,6.0,13.75,5.0,7.5,4.5,20.5,1.0,0,1,0,0,0,0,0,0,0,0,0,0,0,1,0,1,0,0,1
2023-04-09,6.5,0.5,2.0,7.5,1.0,14.0,13.0,4.5,3.5,3.5,10.0,2.5,6.0,2.75,5.0,7.5,4.5,20.5,3.0,0,1,0,0,0,0,0,0,0,0,0,0,0,1,0,1,0,0,1
2023-04-10,0.5,0.0,0.0,0.0,0.0,0.0,0.0,0.0,1.0,0.5,0.0,0.0,0.5,2.75,3.0,11.5,3.5,0.0,0.5,0,1,0,0,0,0,0,0,0,0,0,0,0,1,0,1,0,0,1
2023-04-11,0.0,0.0,7.0,7.5,0.0,2.0,10.0,18.5,1.5,37.0,19.0,10.0,20.5,7.5,3.0,26.5,4.0,1.5,3.0,0,1,0,0,0,0,0,0,0,0,0,0,0,1,0,1,0,0,1
2023-04-12,0.0,0.5,7.0,7.5,0.0,2.0,10.0,18.5,1.5,37.0,19.0,10.0,20.5,7.25,0.0,9.0,4.0,1.5,0.5,0,1,0,0,0,0,0,0,0,0,0,0,0,1,0,1,0,0,1
2023-04-13,7.5,2.5,8.5,2.0,2.5,40.0,1.5,18.5,8.5,25.0,6.5,3.5,54.5,5.25,2.0,11.5,7.5,0.0,7.5,0,1,0,0,0,0,0,0,0,0,0,0,0,1,0,1,0,0,1
2023-04-14,7.5,1.5,8.5,4.0,20.5,40.0,1.5,18.5,22.5,25.0,6.5,3.5,54.5,13.75,2.0,3.5,12.0,0.0,7.5,0,1,0,0,0,0,0,0,0,0,0,0,0,1,0,1,0,0,1
2023-04-15,2.0,1.0,18.0,5.5,20.5,5.5,6.5,5.5,22.5,6.5,8.5,4.0,14.0,7.0,0.0,3.5,12.0,21.5,4.0,0,1,0,0,0,0,0,0,0,0,0,0,0,1,0,1,0,0,1
2023-04-16,1.0,9.5,18.0,5.5,4.5,5.5,6.5,5.5,3.5,6.5,8.5,4.0,14.0,11.0,0.0,6.5,6.5,21.5,11.0,0,1,0,0,0,0,0,0,0,0,0,0,0,1,0,1,0,0,1
2023-04-17,1.0,9.0,8.5,19.5,12.5,0.0,2.0,2.0,62.5,1.5,58.5,11.5,5.5,15.25,87.0,2.5,35.5,15.5,5.5,0,1,0,0,0,0,0,0,0,0,0,0,0,1,0,1,0,0,1
2023-04-18,1.0,1.0,8.5,19.5,12.5,1.0,2.0,2.0,62.5,4.0,58.5,20.0,7.0,10.25,87.0,2.5,35.5,15.5,1.5,0,1,0,0,0,0,0,0,0,0,0,0,0,1,0,1,0,0,1
2023-04-19,1.0,1.0,0.0,1.0,2.0,1.0,2.0,0.5,40.5,4.0,14.5,20.0,7.0,12.0,13.5,10.0,23.0,0.0,2.5,0,1,0,0,0,0,0,0,0,0,0,0,0,1,0,1,0,0,1
2023-04-20,1.0,2.0,0.0,0.0,4.0,1.5,13.0,12.5,4.0,2.0,0.5,0.5,2.0,30.5,5.5,10.0,7.5,4.0,14.5,0,1,0,0,0,0,0,0,0,0,0,0,0,1,0,1,0,0,1
2023-04-21,11.0,3.0,18.0,15.5,41.5,56.5,16.5,12.5,31.0,13.5,21.5,57.5,23.0,2.5,67.5,13.5,23.0,12.5,13.0,0,1,0,0,0,0,0,0,0,0,0,0,0,1,0,1,0,0,1
2023-04-22,11.0,2.5,18.0,26.0,41.5,56.5,16.5,16.5,31.0,35.0,38.5,57.5,45.5,4.5,67.5,17.0,23.0,16.5,3.5,0,1,0,0,0,0,0,0,0,0,0,0,0,1,0,1,0,0,1
2023-04-23,0.5,7.0,36.0,61.5,56.5,13.0,38.5,24.0,18.5,35.0,38.5,15.0,45.5,24.5,33.0,11.5,21.5,16.5,2.5,0,1,0,0,0,0,0,0,0,0,0,0,0,1,0,1,0,0,1
2023-04-24,11.0,6.5,36.0,61.5,56.5,17.0,61.5,41.0,30.5,40.5,9.0,15.0,29.5,9.25,25.0,12.0,47.0,27.0,5.0,0,1,0,0,0,0,0,0,0,0,0,0,0,1,0,1,0,0,1
2023-04-25,11.0,6.5,32.0,28.5,20.5,17.0,61.5,41.0,30.5,40.5,12.0,22.5,29.5,14.5,69.5,14.0,47.0,27.0,28.0,0,1,0,0,0,0,0,0,0,0,0,0,0,1,0,1,0,0,1
2023-04-26,3.0,14.0,9.5,24.5,20.5,12.5,5.5,8.5,17.0,10.5,12.0,22.5,9.0,19.5,69.5,0.5,22.0,6.0,22.5,0,1,0,0,0,0,0,0,0,0,0,0,0,1,0,1,0,0,1
2023-04-27,2.0,14.0,45.0,17.5,21.0,26.5,72.0,35.0,49.0,57.5,21.5,29.5,64.5,38.25,28.5,13.5,40.0,43.0,22.5,0,1,0,0,0,0,0,0,0,0,0,0,0,1,0,1,0,0,1
2023-04-28,2.0,4.0,45.0,17.5,21.0,26.5,72.0,35.0,49.0,57.5,21.5,29.5,64.5,17.75,47.5,13.5,40.0,43.0,12.5,0,1,0,0,0,0,0,0,0,0,0,0,0,1,0,1,0,0,1
2023-04-29,15.5,2.5,19.0,13.0,16.5,19.0,7.0,15.0,11.0,9.5,11.0,5.5,18.5,12.0,63.0,11.0,16.5,9.0,27.0,0,1,0,0,0,0,0,0,0,0,0,0,0,1,0,1,0,0,1
2023-04-30,15.5,1.5,25.5,23.5,3.0,2.5,6.5,2.5,31.5,3.0,35.0,9.5,9.5,11.25,63.0,11.0,33.5,1.5,6.0,0,1,0,0,0,0,0,0,0,0,0,0,0,1,0,1,0,0,1
2023-05-01,1.0,5.0,47.5,46.0,1.0,9.5,27.5,14.0,36.0,16.5,68.0,24.0,25.5,4.75,31.5,15.0,33.5,1.5,4.0,0,1,0,0,0,0,0,0,0,0,0,0,0,1,0,1,0,0,1
2023-05-02,0.0,5.0,47.5,46.0,0.0,9.5,27.5,14.0,36.0,16.5,68.0,24.0,25.5,6.25,21.5,6.0,28.5,4.0,5.0,0,1,0,0,0,0,0,0,0,0,0,0,0,1,0,1,0,0,1
2023-05-03,2.5,2.0,16.0,8.0,0.0,2.5,16.0,2.0,28.5,1.5,15.5,6.0,1.5,1.25,40.5,6.0,4.0,4.0,5.5,0,1,0,0,0,0,0,0,0,0,0,0,0,1,0,1,0,0,1
2023-05-04,0.0,8.5,0.5,7.0,46.0,42.5,21.5,17.5,0.5,13.0,24.5,17.5,1.0,3.5,2.5,6.0,0.5,6.5,7.0,0,1,0,0,0,0,0,0,0,0,0,0,0,1,0,1,0,0,1
2023-05-05,15.0,17.0,0.5,7.0,46.0,42.5,21.5,17.5,0.5,13.0,24.5,17.5,1.0,6.75,29.5,0.5,0.5,6.5,15.5,0,1,0,0,0,0,0,0,0,0,0,0,0,1,0,1,0,0,1
2023-05-06,15.0,2.5,0.0,0.5,11.5,12.5,1.0,1.5,0.5,2.5,0.5,0.0,0.0,0.25,29.5,1.5,0.0,0.5,0.75,0,1,0,0,0,0,0,0,0,0,0,0,0,1,0,1,0,0,1
2023-05-07,10.5,6.5,0.0,53.5,23.0,26.0,8.5,10.0,8.0,11.0,49.0,22.5,6.5,9.5,4.5,7.0,3.5,25.0,8.75,0,1,0,0,0,0,0,0,0,0,0,0,0,1,0,1,0,0,1
2023-05-08,2.5,6.5,0.0,53.5,23.0,26.0,8.5,10.0,8.0,11.0,49.0,22.5,6.5,30.0,4.5,7.0,3.5,25.0,9.0,0,1,0,0,0,0,0,0,0,0,0,0,0,1,0,1,0,0,1
2023-05-09,0.5,1.5,0.0,0.0,0.0,0.0,0.0,0.0,0.0,0.0,0.0,0.0,0.0,10.75,0.0,0.5,0.0,0.0,5.5,0,1,0,0,0,0,0,0,0,0,0,0,0,1,0,1,0,0,1
2023-05-10,0.0,2.0,0.0,0.0,0.0,0.0,0.0,0.0,0.0,0.0,0.0,0.0,0.0,7.75,0.0,4.5,0.0,0.0,1.0,0,1,0,0,0,0,0,0,0,0,0,0,0,1,0,1,0,0,1
2023-05-11,0.0,5.0,0.0,45.0,13.0,0.0,0.0,0.0,7.5,3.5,57.0,26.5,4.5,3.25,53.5,7.0,12.0,0.0,2.0,0,1,0,0,0,0,0,0,0,0,0,0,0,1,0,1,0,0,1
2023-05-12,0.5,7.5,0.0,45.0,18.0,1.0,0.0,0.0,7.5,3.5,57.0,26.5,4.5,9.25,53.5,0.5,12.0,0.0,1.5,0,1,0,0,0,0,0,0,0,0,0,0,0,1,0,1,0,0,1
2023-05-13,21.0,13.5,0.0,0.5,18.0,20.5,3.5,10.0,24.0,23.0,21.0,56.0,5.0,14.25,20.5,1.5,17.5,19.0,1.5,0,1,0,0,0,0,0,0,0,0,0,0,0,1,0,1,0,0,1
2023-05-14,21.0,5.0,0.0,46.5,4.5,31.0,8.5,10.0,24.0,23.0,20.0,56.0,5.5,15.5,17.5,4.5,17.5,22.0,1.5,0,1,0,0,0,0,0,0,0,0,0,0,0,1,0,1,0,0,1
2023-05-15,11.0,3.0,0.0,46.5,4.5,31.0,8.5,8.5,8.5,4.5,17.5,0.5,5.5,9.5,1.5,4.5,4.5,22.0,1.5,0,1,0,0,0,0,0,0,0,0,0,0,0,1,0,1,0,0,1
2023-05-16,0.5,1.5,0.0,0.0,0.0,5.0,0.0,0.5,0.0,0.5,0.0,0.0,0.0,6.75,1.0,1.5,0.0,1.5,3.0,0,1,0,0,0,0,0,0,0,0,0,0,0,1,0,1,0,0,1
2023-05-17,0.0,6.0,0.0,6.0,0.0,9.0,0.0,0.0,0.0,0.0,3.0,0.0,6.0,4.5,10.0,1.5,0.5,4.0,1.5,0,1,0,0,0,0,0,0,0,0,0,0,0,1,0,1,0,0,1
2023-05-18,0.0,15.5,0.0,6.0,0.0,15.0,21.5,9.0,0.0,0.0,3.0,0.0,6.0,5.25,10.0,3.5,0.5,4.0,6.0,0,1,0,0,0,0,0,0,0,0,0,0,0,1,0,1,0,0,1
2023-05-19,2.5,15.5,0.0,39.5,45.0,15.0,21.5,9.0,40.5,0.0,42.0,5.0,30.0,15.75,7.0,16.25,39.5,2.5,8.0,0,1,0,0,0,0,0,0,0,0,0,0,0,1,0,1,0,0,1
2023-05-20,2.5,2.5,0.0,39.5,45.0,2.0,6.5,6.0,40.5,0.0,42.0,5.0,30.0,8.75,0.0,1.25,39.5,2.5,0.0,0,1,0,0,0,0,0,0,0,0,0,0,0,1,0,1,0,0,1
2023-05-21,6.0,0.5,0.0,28.0,16.0,76.0,80.0,59.0,11.0,0.0,21.5,14.5,40.0,8.5,3.0,0.0,9.5,25.0,0.5,0,1,0,0,0,0,0,0,0,0,0,0,0,1,0,1,0,0,1
2023-05-22,6.0,15.0,0.0,28.0,16.0,76.0,80.0,59.0,11.0,0.5,21.5,14.5,40.0,2.0,3.0,5.0,9.5,25.0,3.0,0,1,0,0,0,0,0,0,0,0,0,0,0,1,0,1,0,0,1
2023-05-23,2.0,3.5,0.0,0.0,0.0,0.0,0.0,0.0,0.0,1.5,0.0,0.0,0.0,5.5,0.0,4.0,0.0,0.0,0.5,0,1,0,0,0,0,0,0,0,0,0,0,0,1,0,1,0,0,1
2023-05-24,0.0,0.5,0.0,0.0,1.0,38.0,0.0,0.0,0.0,8.5,0.0,0.0,0.0,7.75,0.0,5.0,0.0,0.0,3.5,0,1,0,0,0,0,0,0,0,0,0,0,0,1,0,1,0,0,1
2023-05-25,0.0,0.0,0.0,0.5,0.0,0.0,0.0,0.0,7.5,0.0,0.0,6.0,1.5,11.5,2.5,22.25,5.0,0.0,5.0,0,1,0,0,0,0,0,0,0,0,0,0,0,1,0,1,0,0,1
2023-05-26,24.5,10.0,0.0,5.0,4.5,6.5,25.0,19.5,10.0,22.5,9.0,16.0,47.0,13.75,4.5,13.5,13.5,14.0,4.5,0,1,0,0,0,0,0,0,0,0,0,0,0,1,0,1,0,0,1
2023-05-27,24.5,0.0,0.0,5.0,4.5,6.5,25.0,19.5,10.0,23.0,9.0,16.0,47.0,0.25,4.5,12.0,13.5,14.0,0.0,0,1,0,0,0,0,0,0,0,0,0,0,0,1,0,1,0,0,1
2023-05-28,0.5,1.5,0.0,0.0,0.0,0.0,0.0,0.0,0.0,1.5,0.0,0.0,0.0,0.5,1.0,9.25,0.0,0.0,0.25,0,1,0,0,0,0,0,0,0,0,0,0,0,1,0,1,0,0,1
2023-05-29,0.5,8.5,0.0,0.0,0.0,0.0,0.0,0.0,0.0,0.0,0.0,0.0,0.0,1.0,1.0,2.75,0.0,0.0,0.0,0,1,0,0,0,0,0,0,0,0,0,0,0,1,0,1,0,0,1
2023-05-30,0.0,3.75,0.0,0.0,0.0,0.0,0.0,0.0,0.0,0.0,0.0,0.0,0.0,1.5,0.0,0.0,0.0,0.0,0.0,0,1,0,0,0,0,0,0,0,0,0,0,0,1,0,1,0,0,1
2023-05-31,0.0,2.75,0.0,36.0,0.5,2.5,8.0,16.5,19.5,5.0,37.0,13.0,19.0,4.25,2.5,0.75,17.0,12.0,0.0,0,1,0,0,0,0,0,0,0,0,0,0,0,1,0,1,0,0,1
2023-06-01,0.0,4.5,0.0,36.0,4.5,2.5,8.0,16.5,19.5,5.0,37.0,13.0,19.0,1.25,2.5,0.75,17.0,13.5,0.0,0,1,0,0,0,0,0,0,0,0,0,0,0,1,0,1,0,0,1
2023-06-02,0.5,1.75,0.0,3.5,4.5,0.0,0.0,8.5,0.0,0.5,0.0,0.5,11.0,6.0,0.0,0.25,0.0,13.5,0.0,0,1,0,0,0,0,0,0,0,0,0,0,0,1,0,1,0,0,1
2023-06-03,0.5,1.0,0.0,8.5,63.5,4.0,4.5,4.0,6.0,0.5,23.5,3.5,20.0,1.75,0.0,5.5,1.5,28.0,0.0,0,1,0,0,0,0,0,0,0,0,0,0,0,1,0,1,0,0,1
2023-06-04,19.5,13.25,0.0,40.0,65.5,63.0,48.0,63.0,41.5,0.0,70.5,63.5,56.0,10.75,57.0,2.25,47.5,58.0,1.0,0,1,0,0,0,0,0,0,0,0,0,0,0,1,0,1,0,0,1
2023-06-05,19.5,12.5,0.0,40.0,65.5,63.5,48.0,63.0,41.5,0.5,70.5,63.5,56.0,16.0,57.0,10.5,47.5,58.0,0.75,0,1,0,0,0,0,0,0,0,0,0,0,0,1,0,1,0,0,1
2023-06-06,6.5,9.0,0.0,8.0,9.0,63.5,21.0,8.5,1.0,1.0,0.5,4.0,2.0,2.5,15.0,0.5,3.5,21.0,3.5,0,1,0,0,0,0,0,0,0,0,0,0,0,1,0,1,0,0,1
2023-06-07,10.5,2.0,0.0,0.5,2.5,0.0,0.0,0.0,0.0,1.0,0.5,0.5,2.0,0.25,0.0,0.0,0.0,0.0,0.5,0,1,0,0,0,0,0,0,0,0,0,0,1,1,0,1,0,0,1
2023-06-08,16.0,0.0,0.0,0.0,0.5,15.0,18.0,8.0,45.0,7.5,0.0,0.5,9.5,0.0,7.0,5.5,30.5,0.0,0.5,0,1,0,0,0,0,0,0,0,0,0,0,0,1,0,1,0,0,1
2023-06-09,16.0,0.0,0.0,0.0,19.5,28.5,18.0,8.0,45.0,0.0,10.5,1.0,9.5,4.5,18.5,17.5,30.5,2.5,0.0,0,1,0,0,0,0,0,0,0,0,0,0,0,1,0,1,0,0,1
2023-06-10,0.5,0.25,0.0,0.0,19.5,28.5,7.5,5.5,0.0,0.0,10.5,1.0,0.5,9.25,18.5,1.5,0.0,2.5,0.0,0,1,0,0,0,0,0,0,0,1,0,0,0,1,0,1,0,0,1
2023-06-11,0.5,0.25,0.0,2.5,0.0,0.0,0.0,0.0,0.0,0.0,0.0,0.0,0.5,1.75,0.0,10.5,0.0,0.5,0.0,0,1,0,0,0,0,0,0,0,1,0,0,0,1,0,1,0,0,1
2023-06-12,0.5,4.0,0.0,2.5,0.0,0.0,0.0,0.0,0.0,0.0,0.0,0.0,0.0,2.25,0.0,10.5,0.0,0.5,0.0,0,1,0,0,0,0,0,0,0,1,0,0,0,1,0,1,0,0,1
2023-06-13,2.0,7.25,0.0,8.0,3.5,0.0,4.0,0.0,0.0,0.0,14.0,2.5,7.0,14.75,0.0,5.75,1.0,0.0,0.5,0,1,0,0,0,0,0,0,0,1,0,0,0,1,0,1,0,0,1
2023-06-14,2.0,0.75,0.0,18.5,10.0,10.0,10.5,8.5,22.0,0.0,14.0,48.5,19.0,22.5,37.5,5.0,19.0,19.0,13.0,0,1,0,0,0,0,0,0,0,1,0,0,0,1,0,1,0,0,1
2023-06-15,1.5,0.75,0.0,18.5,10.0,10.0,10.5,8.5,22.0,0.0,12.5,48.5,19.0,2.5,37.5,1.5,19.0,19.0,1.5,0,1,0,0,0,0,0,0,0,1,0,0,0,1,0,1,0,0,1
2023-06-16,0.0,1.5,0.0,0.0,0.0,0.0,0.0,0.0,0.0,0.0,0.0,0.0,0.0,1.75,0.0,2.5,0.0,0.0,2.5,0,1,0,0,0,0,0,0,0,0,0,0,0,1,0,1,0,0,1
2023-06-17,0.0,8.0,0.0,0.0,0.0,0.0,0.0,0.0,0.0,0.0,0.0,0.0,0.0,9.75,0.0,2.5,0.0,0.0,7.0,0,1,0,0,0,0,0,0,0,0,0,0,0,1,0,1,0,0,1
2023-06-18,0.0,6.75,0.0,0.0,0.0,0.0,0.0,0.0,0.0,0.0,0.0,0.0,0.0,19.25,0.0,1.5,0.0,0.0,5.5,0,1,0,0,0,0,0,0,0,1,0,0,0,1,0,1,0,0,1
2023-06-19,0.0,0.75,0.0,0.0,0.0,0.5,0.5,0.0,0.0,0.0,0.0,0.0,0.0,5.75,0.0,1.0,0.0,0.5,3.0,0,1,0,0,0,0,0,0,0,1,0,0,0,1,0,1,0,0,1
2023-06-20,0.0,0.25,0.0,22.5,57.0,8.0,2.5,2.0,0.5,0.0,10.0,0.0,31.0,12.0,0.0,5.0,0.0,102.0,15.0,0,1,0,0,0,0,0,0,0,1,0,0,0,1,0,1,0,0,1
2023-06-21,1.0,4.25,0.0,27.0,57.0,8.0,47.0,50.0,44.5,0.0,12.0,47.0,35.5,12.5,0.5,8.0,38.5,102.0,15.0,0,1,0,0,0,0,0,0,0,1,0,0,0,1,0,1,0,0,1
2023-06-22,1.5,1.25,0.0,27.0,0.0,3.0,47.0,50.0,44.5,0.0,12.0,47.0,35.5,5.5,31.5,1.0,38.5,15.0,0.5,0,1,0,0,0,0,0,0,0,1,0,0,0,1,0,1,0,0,1
2023-06-23,14.0,0.5,0.0,5.5,3.5,2.5,14.0,16.5,4.5,0.0,3.0,31.0,16.0,9.0,31.5,1.0,2.5,45.0,0.0,0,1,0,0,0,0,0,0,0,1,0,0,0,1,0,1,0,0,1
2023-06-24,14.0,0.5,0.0,5.5,3.5,38.5,14.0,16.5,4.5,0.0,1.5,31.0,16.0,5.25,16.0,1.0,2.5,45.0,0.0,0,1,0,0,0,0,0,0,0,1,0,0,0,1,0,1,0,0,1
2023-06-25,9.0,0.0,0.0,0.0,0.0,38.5,11.0,0.0,0.0,0.0,0.0,0.0,0.0,0.0,14.5,0.5,0.0,1.0,0.0,0,1,0,0,0,0,0,0,0,1,0,0,0,1,0,1,0,0,1
2023-06-26,0.0,0.5,0.0,0.0,0.0,8.5,0.0,0.0,0.0,0.0,0.0,0.0,0.0,13.5,1.0,1.0,0.0,0.0,3.0,0,1,0,0,0,0,0,0,0,1,0,0,0,1,0,1,0,0,1
2023-06-27,21.5,15.25,0.0,7.0,5.0,50.5,0.0,0.5,0.0,0.0,0.0,0.0,0.0,7.0,1.0,1.0,0.0,49.5,3.0,0,1,0,0,0,0,0,0,0,1,0,0,0,1,0,1,0,0,1
2023-06-28,21.5,10.5,0.0,7.0,5.0,50.5,0.5,0.5,0.0,0.0,0.0,0.0,0.0,3.75,0.0,0.5,0.0,49.5,0.0,0,1,0,0,0,0,0,0,0,1,0,0,0,1,0,1,0,0,1
2023-06-29,3.0,0.5,0.0,11.0,0.0,6.0,3.5,2.0,0.0,0.0,0.0,23.0,0.0,0.0,0.0,0.0,1.0,17.0,0.0,0,1,0,0,0,0,0,0,0,0,0,0,0,1,0,1,0,0,1
2023-06-30,3.0,0.0,0.0,11.0,0.0,6.0,3.5,2.0,0.0,0.0,0.0,23.0,0.0,0.0,0.0,0.0,1.0,0.0,0.0,0,1,0,0,0,0,0,0,0,0,0,0,0,1,0,1,0,0,1
2023-07-01,4.0,0.0,0.0,4.5,3.5,11.0,13.5,9.0,4.5,0.0,4.5,6.0,4.0,1.0,4.5,0.0,3.0,7.5,0.0,0,1,0,0,0,0,0,0,0,1,0,0,0,1,0,1,0,0,1
2023-07-02,4.0,2.5,0.0,4.5,3.5,11.0,13.5,9.0,4.5,0.0,4.5,6.0,4.0,0.75,4.5,0.0,3.0,7.5,0.0,0,1,0,0,0,0,0,0,0,1,0,0,0,1,0,1,0,0,1
2023-07-03,1.0,0.75,0.0,26.5,3.0,2.5,0.0,6.5,0.0,0.0,6.0,0.0,4.5,0.5,0.0,2.0,0.5,11.0,0.0,0,1,0,0,0,0,0,0,0,1,0,0,0,1,0,1,0,0,1
2023-07-04,46.0,0.5,0.0,48.5,27.0,20.5,20.0,16.5,8.5,0.0,9.0,2.5,18.5,0.0,19.5,2.0,7.5,30.0,0.0,0,1,0,0,0,0,0,0,0,1,0,0,0,1,0,1,0,0,1
2023-07-05,52.5,1.25,0.0,49.5,41.0,21.0,21.0,19.5,10.5,0.0,13.5,22.5,19.5,0.75,34.0,2.0,9.0,39.0,0.0,0,1,0,0,0,0,0,0,0,1,0,0,0,1,0,1,0,0,1
2023-07-06,10.5,1.75,0.0,6.5,14.5,11.0,91.5,34.5,8.0,0.0,13.5,22.5,10.0,2.0,87.0,2.0,19.0,8.0,0.5,0,1,0,0,0,0,0,0,0,1,0,0,0,1,0,1,0,0,1
2023-07-07,13.0,3.25,0.0,25.0,36.5,37.5,91.5,51.5,20.5,0.0,7.0,3.5,51.5,4.5,87.0,2.0,32.5,53.0,0.5,0,1,0,0,0,0,0,0,0,1,0,0,0,1,0,1,0,0,1
2023-07-08,1.0,7.0,0.0,0.0,0.5,3.5,0.5,6.5,11.5,5.25,0.5,0.5,9.5,1.5,33.0,22.5,12.5,17.5,0.0,0,1,0,0,0,0,0,0,0,1,0,0,0,1,0,1,0,0,1
2023-07-09,4.5,6.25,0.0,10.0,2.5,3.5,1.0,6.5,11.5,5.25,2.0,0.5,9.5,13.5,33.0,3.0,12.5,17.5,1.0,0,1,0,0,0,0,0,0,0,1,0,0,0,1,0,1,0,0,1
2023-07-10,13.5,7.0,0.0,31.0,25.5,12.0,14.0,13.5,8.5,0.0,42.5,3.5,10.5,4.25,22.5,3.0,3.5,13.5,20.25,0,1,0,0,0,0,0,0,0,1,0,0,0,1,0,1,0,0,1
2023-07-11,65.0,0.5,0.0,132.0,49.5,33.5,30.5,41.0,6.0,0.25,98.0,12.5,8.0,4.0,1.5,3.0,9.5,41.5,4.5,0,1,0,0,0,0,0,0,0,1,0,0,0,1,0,1,0,0,1
2023-07-12,64.5,1.0,0.0,132.0,71.0,33.5,30.5,41.0,58.5,0.25,98.5,49.5,43.5,9.0,3.0,8.5,52.0,41.0,9.75,0,1,0,0,0,0,0,0,0,1,0,0,0,1,0,1,0,0,1
2023-07-13,16.5,7.75,0.0,94.5,71.0,67.5,93.0,29.0,58.5,0.0,77.5,49.5,43.5,9.0,3.0,0.0,52.0,23.0,9.75,0,1,0,0,0,0,0,0,0,1,0,0,0,1,0,1,0,0,1
2023-07-14,16.5,3.25,0.0,3.0,4.0,67.5,93.0,29.0,2.5,0.0,5.0,0.0,28.5,3.75,0.5,0.0,5.5,2.0,0.0,0,1,0,0,0,0,0,0,0,1,0,0,0,1,0,1,0,0,1
2023-07-15,3.0,1.75,0.0,0.5,0.0,9.5,6.0,1.5,1.0,0.0,0.0,0.0,2.5,0.0,0.5,0.0,3.5,2.0,0.0,0,1,0,0,0,0,0,0,0,1,0,0,0,1,0,1,0,0,1
2023-07-16,0.0,0.0,0.0,0.0,0.0,0.0,0.0,0.0,0.0,0.0,0.0,0.0,0.0,0.0,0.5,0.0,0.0,0.0,0.0,0,1,0,0,0,0,0,0,0,1,0,0,0,1,0,1,0,0,1
2023-07-17,0.0,0.0,0.0,0.5,0.5,18.5,11.5,1.0,0.0,0.0,1.0,0.0,0.0,0.0,70.0,0.0,1.5,3.0,0.0,0,1,0,0,0,0,0,0,0,1,0,0,0,1,0,1,0,0,1
2023-07-18,1.0,0.0,0.0,0.5,0.5,18.5,11.5,4.0,0.0,0.0,1.0,0.0,0.0,2.5,70.0,0.0,1.5,6.5,0.0,0,1,0,0,0,0,0,0,0,1,0,0,0,1,0,1,0,0,1
2023-07-19,26.0,0.0,0.0,20.0,36.5,3.5,4.5,4.0,13.0,0.0,14.5,13.5,3.5,0.0,33.5,0.0,10.0,10.5,0.0,0,1,0,0,0,0,0,0,0,1,0,0,0,1,0,1,0,0,1
2023-07-20,26.0,1.5,0.0,20.0,36.5,1.5,4.5,2.0,13.0,0.0,14.5,13.5,3.5,0.75,33.5,0.0,10.0,10.5,0.0,0,1,0,0,0,0,0,0,0,1,0,0,0,1,0,1,0,0,1
2023-07-21,0.0,0.5,0.0,0.0,0.5,0.0,0.0,0.0,0.0,0.0,0.0,0.5,0.0,0.75,3.5,0.0,0.0,0.5,0.0,0,1,0,0,0,0,0,0,0,1,0,0,0,1,0,1,0,0,1
2023-07-22,0.0,2.5,0.0,0.0,0.0,0.0,0.0,0.0,0.5,7.75,0.5,1.5,0.5,8.25,12.0,0.0,0.5,0.0,4.0,0,1,0,0,0,0,0,0,0,1,0,0,0,1,0,1,0,0,1
2023-07-23,5.0,5.0,0.0,0.0,0.0,7.5,6.0,2.5,0.5,7.75,0.5,1.5,0.5,9.5,12.0,0.0,2.0,1.0,8.0,0,1,0,0,0,0,0,0,0,1,0,0,0,1,0,1,0,0,1
2023-07-24,5.0,10.75,0.0,0.0,0.0,7.5,6.0,2.5,0.0,0.0,0.0,0.0,0.0,12.75,0.0,0.0,2.0,1.0,4.0,0,1,0,0,0,0,0,0,0,1,0,0,0,1,0,1,0,0,1
2023-07-25,0.0,8.0,0.0,0.0,0.0,0.0,0.0,0.0,0.0,0.0,0.0,0.0,0.0,3.25,0.0,0.0,0.0,0.0,0.25,0,1,0,0,0,0,0,0,0,1,0,0,0,1,0,1,0,0,1
2023-07-26,0.0,0.5,0.0,0.0,0.0,0.0,0.0,0.0,0.0,18.25,0.0,0.0,0.0,1.75,0.0,0.0,0.0,0.0,0.25,0,1,0,0,0,0,0,0,0,1,0,0,0,1,0,1,0,0,1
2023-07-27,0.0,0.25,0.0,0.0,0.0,0.0,0.0,0.0,0.0,18.25,0.0,0.0,0.0,2.25,26.0,0.0,0.0,0.0,7.25,0,1,0,0,0,0,0,0,0,1,0,0,0,1,0,1,0,0,1
2023-07-28,0.0,3.75,0.0,0.0,0.0,4.0,0.0,0.0,0.0,1.5,0.0,0.0,0.0,0.25,26.0,0.25,0.0,0.5,6.25,0,1,0,0,0,0,0,0,0,1,0,0,0,1,0,1,0,0,1
2023-07-29,0.0,1.0,0.0,0.0,0.0,4.0,0.0,0.0,0.0,10.75,0.0,0.0,0.0,0.0,0.0,0.25,0.0,0.5,1.25,0,1,0,0,0,0,0,0,0,1,0,0,0,1,0,1,0,0,1
2023-07-30,5.5,6.25,0.0,2.0,10.5,0.0,0.0,0.0,5.5,10.75,18.0,5.0,5.0,4.0,0.0,5.25,5.0,0.0,2.75,0,1,0,0,0,0,0,0,0,1,0,0,0,1,0,1,0,0,1
2023-07-31,5.5,3.0,0.0,2.0,10.5,0.0,0.0,0.0,5.5,2.25,18.0,5.0,5.0,3.0,0.0,1.25,5.0,0.0,0.0,0,1,0,0,0,0,0,0,0,1,0,0,0,1,0,1,0,0,1
2023-08-01,0.0,3.0,0.0,0.0,0.0,56.0,1.0,0.5,8.0,0.5,0.5,3.0,0.0,4.25,0.0,17.25,4.5,2.0,13.75,0,1,0,0,0,0,0,0,0,1,0,0,0,1,0,1,0,0,1
2023-08-02,0.0,2.25,0.0,0.0,0.0,56.0,1.0,0.5,8.0,0.5,0.5,3.0,0.0,3.25,0.0,8.5,4.5,2.0,16.5,0,1,0,0,0,0,0,0,0,1,0,0,0,1,0,1,0,0,1
2023-08-03,0.0,0.25,0.0,0.0,0.5,0.0,0.0,0.0,0.0,0.0,0.0,0.0,0.0,0.0,0.5,0.0,0.5,0.0,0.0,0,1,0,0,0,0,0,0,0,1,0,0,0,1,0,1,0,0,1
2023-08-04,0.0,8.5,0.0,0.0,0.5,0.0,0.0,0.0,4.0,4.75,0.5,0.0,7.0,2.0,0.5,4.25,16.5,0.0,7.5,0,1,0,0,0,0,0,0,0,1,0,0,0,1,0,1,0,0,1
2023-08-05,1.0,7.0,0.0,6.0,10.0,0.0,0.0,0.0,4.0,15.5,4.5,0.0,8.5,8.0,6.5,11.0,16.5,0.0,7.5,0,1,0,0,0,0,0,0,0,1,0,0,0,1,0,1,0,0,1
2023-08-06,22.0,0.0,0.0,76.5,55.5,13.5,6.0,5.0,3.5,15.5,33.0,27.0,8.5,0.0,6.5,0.25,4.0,9.0,0.0,0,1,0,0,0,0,0,0,0,1,0,0,0,1,0,1,0,0,1
2023-08-07,22.0,0.0,0.0,76.5,55.5,13.5,6.0,5.0,3.5,0.0,33.0,27.0,3.0,0.0,0.0,0.25,4.0,9.0,0.0,0,1,0,0,0,0,0,0,0,1,0,0,0,1,0,1,0,0,1
2023-08-08,0.0,0.75,0.0,62.5,8.5,8.5,34.5,29.5,29.5,0.5,36.5,47.0,19.0,4.75,8.5,3.5,30.5,46.0,1.0,0,1,0,0,0,0,0,0,0,1,0,0,0,1,0,1,0,0,1
2023-08-09,16.5,1.25,0.0,62.5,42.0,17.5,34.5,34.5,29.5,15.75,36.5,90.5,53.0,11.0,14.5,0.0,30.5,46.0,1.0,0,1,0,0,0,0,0,0,0,1,0,0,0,1,0,1,0,0,1
2023-08-10,16.5,0.0,0.0,9.0,42.0,17.0,6.0,32.5,25.5,15.75,36.5,90.5,52.5,0.25,14.5,0.0,21.5,32.0,0.0,0,1,0,0,0,0,0,0,0,1,0,0,0,1,0,1,0,0,1
2023-08-11,11.0,0.5,0.0,0.5,1.0,19.0,2.0,0.0,1.0,12.75,1.5,14.0,0.5,3.0,0.0,0.0,0.5,13.5,0.0,0,1,0,0,0,0,0,0,0,1,0,0,0,1,0,1,0,0,1
2023-08-12,18.5,0.5,0.0,0.5,2.0,19.0,1.5,0.0,1.0,0.0,3.0,14.0,0.5,1.5,0.0,0.0,0.5,23.0,0.0,0,1,0,0,0,0,0,0,0,1,0,0,0,1,0,1,0,0,1
2023-08-13,18.5,0.0,0.0,0.5,2.0,1.0,0.0,1.0,1.0,0.0,3.0,1.5,0.5,1.25,0.0,0.0,0.5,23.0,0.0,0,1,0,0,0,0,0,0,0,1,0,0,0,1,0,1,0,0,1
2023-08-14,10.0,4.0,0.0,49.0,13.5,1.5,0.0,6.5,26.5,22.5,12.0,49.5,28.0,9.0,0.0,0.0,30.5,23.5,1.0,0,1,0,0,0,0,0,0,0,1,0,0,0,1,0,1,0,0,1
2023-08-15,10.0,4.0,0.0,0.0,0.5,0.0,0.0,0.0,0.0,22.5,0.0,0.0,0.0,1.5,0.0,0.0,0.0,0.0,0.5,0,1,0,0,0,0,0,0,0,1,0,0,0,1,0,1,0,0,1
2023-08-16,38.5,2.5,0.0,6.5,0.0,3.0,32.0,16.5,15.5,16.5,0.5,0.0,39.5,7.5,21.5,0.0,37.5,9.0,0.0,0,1,0,0,0,0,0,0,0,1,0,0,0,1,0,1,0,0,1
2023-08-17,38.5,0.0,0.0,6.5,0.0,3.0,32.0,16.5,15.5,33.0,0.5,0.0,39.5,3.0,21.5,0.0,37.5,9.5,0.0,0,1,0,0,0,0,0,0,0,1,0,0,0,1,0,1,0,0,1
2023-08-18,0.5,0.75,0.0,0.0,0.0,26.0,19.5,30.0,0.0,0.0,0.0,0.0,8.0,15.25,0.0,0.0,4.0,71.5,0.0,0,1,0,0,0,0,0,0,0,1,0,0,0,1,0,1,0,0,1
2023-08-19,6.0,4.0,0.0,14.0,5.0,26.0,19.5,30.0,0.0,17.5,0.0,0.0,8.0,44.0,0.5,0.0,4.0,71.5,0.0,0,1,0,0,0,0,0,0,0,1,0,0,0,1,0,1,0,0,1
2023-08-20,6.0,4.0,0.0,15.0,5.0,22.0,4.5,1.5,0.0,17.5,14.0,0.0,0.0,14.0,0.5,0.0,0.0,7.5,0.75,0,1,0,0,0,0,0,0,0,1,0,0,0,1,0,1,0,0,1
2023-08-21,8.5,9.5,0.0,30.0,13.0,3.0,15.0,11.5,2.0,2.0,14.0,2.5,8.5,3.0,25.0,0.0,12.5,8.0,0.75,0,1,0,0,0,0,0,0,0,1,0,0,0,1,0,1,0,0,1
2023-08-22,8.5,13.0,0.0,30.0,13.0,3.0,15.0,11.5,3.0,2.0,3.5,13.5,8.5,3.0,25.0,0.0,12.5,8.0,8.25,0,1,0,0,0,0,0,0,0,1,0,0,0,1,0,1,0,0,1
2023-08-23,0.5,0.0,0.0,3.0,5.5,2.0,8.0,1.0,3.0,0.0,3.5,13.5,7.0,0.0,11.0,0.0,3.0,0.5,7.5,0,1,0,0,0,0,0,0,0,1,0,0,0,1,0,1,0,0,1
2023-08-24,0.0,0.0,0.0,38.5,3.5,51.5,21.0,3.5,2.0,0.0,14.5,0.0,11.5,1.0,39.0,0.0,0.5,0.0,0.25,0,1,0,0,0,0,0,0,0,1,0,0,0,1,0,1,0,0,1
2023-08-25,1.5,0.0,0.0,9.5,6.0,3.5,13.5,5.5,0.5,0.0,2.0,10.5,1.0,6.5,12.0,0.0,2.0,1.5,4.5,0,1,0,0,0,0,0,0,0,1,0,0,0,1,0,1,0,0,1
2023-08-26,2.5,1.5,0.0,33.5,3.5,4.5,14.5,5.5,4.5,0.5,16.5,3.5,5.5,6.5,5.0,0.0,4.0,3.0,0.25,0,1,0,0,0,0,0,0,0,1,0,0,0,1,0,1,0,0,1
2023-08-27,2.5,0.0,0.0,33.5,12.5,56.0,16.0,21.0,19.5,0.5,16.5,13.0,6.0,0.0,13.5,3.5,11.0,26.5,2.5,0,1,0,0,0,0,0,0,0,1,0,0,0,1,0,1,0,0,1
2023-08-28,5.0,0.5,0.0,51.0,12.5,56.0,16.0,21.0,35.5,20.0,20.5,56.0,15.5,5.0,13.5,3.5,28.0,26.5,5.75,0,1,0,0,0,0,0,0,0,1,0,0,0,1,0,1,0,0,1
2023-08-29,5.0,9.0,0.0,51.0,5.5,5.0,7.5,8.5,35.5,20.0,26.0,56.0,15.5,8.5,9.0,3.5,28.0,18.0,8.25,0,1,0,0,0,0,0,0,0,1,0,0,0,1,0,1,0,0,1
2023-08-30,25.5,0.5,0.0,25.0,6.5,2.0,2.0,5.0,17.5,3.0,26.0,23.0,10.0,1.0,6.5,3.5,16.5,2.5,0.0,0,1,0,0,0,0,0,0,0,1,0,0,0,1,0,1,0,0,1
2023-08-31,25.5,0.0,0.0,25.0,6.5,2.0,2.0,5.0,17.5,0.0,26.0,23.0,10.0,4.5,6.5,1.75,16.5,2.5,5.5,1,1,1,1,1,1,1,1,1,1,1,1,1,1,1,1,1,1,1
2023-09-01,19.5,34.0,0.0,23.0,8.5,22.5,5.0,18.5,13.5,4.5,25.5,25.0,19.5,4.5,7.5,1.75,10.5,84.5,5.75,0,1,0,0,0,0,0,0,0,1,0,0,0,1,0,1,0,0,1
2023-09-02,19.5,10.5,0.0,0.0,8.5,22.5,5.0,18.5,13.5,4.5,25.5,25.0,19.5,1.0,7.5,1.75,10.5,84.5,3.0,0,1,0,0,0,0,0,0,0,1,0,0,0,1,0,1,0,0,1
2023-09-03,0.0,6.5,0.0,3.5,2.0,1.5,0.0,1.0,0.0,2.0,0.0,0.0,0.0,1.5,0.0,1.75,0.0,42.0,0.0,0,1,0,0,0,0,0,0,0,1,0,0,0,1,0,1,0,0,1
2023-09-04,12.0,13.0,0.0,37.5,41.5,14.5,21.0,8.0,38.5,46.0,44.0,34.0,25.0,4.0,14.0,4.0,22.0,5.5,0.0,0,1,0,0,0,0,0,0,0,1,0,0,0,1,0,1,0,0,1
2023-09-05,14.0,5.5,0.0,11.0,41.5,14.5,21.0,10.5,38.5,46.0,44.0,34.0,25.0,3.0,35.5,4.0,22.0,5.5,0.0,0,1,0,0,0,0,0,0,0,1,0,0,0,1,0,1,0,0,1
2023-09-06,31.0,5.5,0.0,10.0,9.5,12.0,11.5,13.0,17.5,0.25,12.5,29.0,14.5,2.0,38.5,4.0,8.0,15.0,0.0,0,1,0,0,0,0,0,0,0,1,0,0,0,1,0,1,0,0,1
2023-09-07,31.0,5.5,0.0,10.0,9.5,12.0,10.5,13.0,9.5,0.0,6.0,7.5,10.0,11.5,9.5,4.0,7.0,15.0,4.5,0,1,0,0,0,0,0,0,0,1,0,0,0,1,0,1,0,0,1
2023-09-08,27.5,4.0,0.0,14.0,12.5,0.5,0.0,0.0,9.5,0.0,1.0,5.0,0.0,11.5,10.5,8.0,0.5,2.0,1.25,0,1,0,0,0,0,0,0,1,1,0,0,0,1,0,1,0,0,1
2023-09-09,59.5,2.5,0.0,14.0,12.5,0.5,0.0,0.0,0.5,2.0,0.5,0.5,0.0,8.0,10.5,2.5,0.5,3.0,1.75,0,1,0,0,0,0,0,0,0,1,0,0,0,1,0,1,0,0,1
2023-09-10,59.5,5.0,0.0,56.5,4.0,0.5,0.0,0.5,5.0,5.25,7.0,1.5,2.0,8.0,9.5,2.5,4.5,3.0,7.5,0,1,0,0,0,0,0,0,0,1,0,0,0,1,0,1,0,0,1
2023-09-11,2.0,3.0,0.0,56.5,11.5,0.0,0.0,0.5,5.0,6.5,7.0,1.5,2.0,9.0,9.5,0.5,4.5,4.0,1.25,0,1,0,0,0,0,0,0,0,1,0,0,0,1,0,1,0,0,1
2023-09-12,0.0,1.0,0.0,0.0,0.0,0.0,0.0,0.0,0.0,6.5,0.0,0.0,0.0,9.0,0.0,0.0,0.0,0.0,1.5,0,1,0,0,0,0,0,0,0,1,0,0,0,1,0,1,0,0,1
2023-09-13,6.0,1.5,0.0,0.0,0.0,0.0,0.0,0.0,0.0,0.75,0.0,0.0,0.0,8.5,0.0,0.0,0.0,0.0,13.25,0,1,0,0,0,0,0,0,0,1,0,0,0,1,0,1,0,0,1
2023-09-14,6.5,2.5,0.0,8.5,22.5,0.0,0.0,0.0,16.5,1.0,9.5,48.5,20.0,3.5,5.0,0.0,22.5,0.0,6.5,0,1,0,0,0,0,0,0,0,1,0,0,0,1,0,1,0,0,1
2023-09-15,0.5,9.5,0.0,8.5,22.5,0.0,0.0,0.0,17.0,19.75,9.5,48.5,20.0,23.25,5.0,0.5,22.5,0.0,13.75,0,1,0,0,0,0,0,0,0,1,0,0,0,1,0,1,0,0,1
2023-09-16,3.5,15.0,0.0,10.0,1.5,0.0,0.0,0.0,0.0,19.5,0.0,0.0,0.0,15.75,0.0,0.5,0.0,0.0,13.75,0,1,0,0,0,0,0,0,0,1,0,0,0,1,0,1,0,0,1
2023-09-17,3.5,21.0,0.0,25.5,10.5,0.0,0.0,0.0,11.5,10.25,11.0,18.0,2.5,8.5,0.0,0.5,4.0,0.5,10.5,0,1,0,0,0,0,0,0,0,1,0,0,0,1,0,1,0,0,1
2023-09-18,28.5,24.0,0.0,85.0,33.0,0.5,11.0,4.0,13.0,11.0,36.0,18.0,9.5,7.75,8.0,6.5,13.5,18.5,12.75,0,1,0,0,0,0,0,0,0,1,0,0,0,1,0,1,0,0,1
2023-09-19,34.0,10.0,0.0,85.0,33.0,2.5,11.0,4.0,16.0,1.5,36.0,45.5,9.5,6.5,20.0,6.5,13.5,18.5,4.25,0,1,0,0,0,0,0,0,0,1,0,0,0,1,0,1,0,0,1
2023-09-20,34.0,3.0,0.0,19.0,12.0,6.5,27.5,9.5,16.0,16.0,31.5,45.5,6.5,6.0,20.0,6.5,9.5,9.0,4.75,0,1,0,0,0,0,0,0,0,1,0,0,0,1,0,1,0,0,1
2023-09-21,12.0,1.0,0.0,19.0,21.5,8.0,29.5,13.0,1.0,18.25,23.5,17.5,6.5,13.0,11.5,0.0,3.0,32.0,3.5,0,1,0,0,0,0,0,0,0,1,0,0,0,1,0,1,0,0,1
2023-09-22,4.5,1.0,0.0,14.5,21.5,20.5,16.5,17.5,34.5,18.25,30.5,37.0,6.5,13.0,27.0,0.0,25.5,32.0,6.0,0,1,0,0,0,0,0,0,0,1,0,0,1,1,0,1,0,0,1
2023-09-23,4.5,1.0,0.0,14.5,9.0,20.5,16.5,17.5,34.5,14.5,30.5,37.0,0.0,4.0,27.0,3.0,25.5,28.5,5.0,0,1,0,0,0,0,0,0,0,1,0,0,0,1,0,1,0,0,1
2023-09-24,2.5,0.0,0.0,0.0,0.0,0.0,0.0,0.0,0.5,2.0,0.0,0.5,0.0,0.0,0.0,0.0,0.5,0.0,2.5,0,1,0,0,0,0,0,0,0,1,0,0,0,1,0,1,0,0,1
2023-09-25,2.5,0.0,0.0,4.5,0.0,10.0,10.5,2.5,1.0,1.5,2.0,1.5,1.5,1.25,1.5,0.0,0.5,1.0,1.5,0,1,0,0,0,0,0,0,0,1,0,0,0,1,0,1,0,0,1
2023-09-26,29.5,11.0,0.0,4.5,0.0,10.0,10.5,2.5,1.0,1.5,2.0,1.5,1.5,20.25,2.0,24.75,0.5,1.0,8.0,0,1,0,0,0,0,0,0,0,1,0,0,0,1,0,1,0,0,1
2023-09-27,29.5,11.0,0.0,0.0,0.0,6.5,0.0,0.0,0.5,8.25,0.0,1.0,0.5,24.25,2.0,24.75,0.0,0.0,11.5,0,1,0,0,0,0,0,0,0,1,0,0,0,1,0,1,0,0,1
2023-09-28,0.0,2.5,0.0,0.0,0.0,0.0,0.0,0.0,0.0,15.0,0.0,0.0,0.0,26.75,0.0,5.75,0.0,0.0,0.0,0,1,0,0,0,0,0,0,0,1,0,0,0,1,0,1,0,0,1
2023-09-29,17.5,11.0,0.0,53.5,44.5,0.0,0.0,4.0,3.0,10.5,29.0,2.5,5.0,26.75,0.0,32.5,2.5,27.5,13.0,0,1,0,0,0,0,0,0,0,1,0,0,0,1,0,1,0,0,1
2023-09-30,25.5,11.0,0.0,2.5,7.0,19.0,2.0,3.0,10.5,10.75,6.5,5.0,28.5,6.0,0.5,32.5,10.5,2.0,0.5,0,1,0,0,0,0,0,0,0,1,0,0,0,1,0,1,0,0,1
2023-10-01,25.5,4.0,0.0,2.5,7.0,19.0,2.0,0.0,10.5,11.5,0.0,5.0,28.5,4.75,0.5,1.5,10.5,2.0,1.0,0,1,0,0,0,0,0,0,0,1,0,0,0,1,0,1,0,0,1
2023-10-02,1.0,11.0,0.0,2.5,14.5,23.0,18.5,4.5,6.0,8.75,0.5,1.0,0.5,5.25,15.5,1.75,7.5,1.5,1.0,0,1,0,0,0,0,0,0,0,1,0,0,0,1,0,1,0,0,1
2023-10-03,1.0,17.5,0.0,2.5,0.0,23.0,18.5,4.5,6.0,31.75,0.5,1.0,0.0,1.75,15.5,1.5,7.5,1.5,5.0,0,1,0,0,0,0,0,0,0,1,0,0,0,1,0,1,0,0,1
2023-10-04,39.5,2.0,0.0,0.5,0.0,4.0,3.0,0.0,4.5,31.75,0.5,0.0,1.0,7.25,25.0,1.5,8.0,17.0,5.0,0,1,0,0,0,0,0,0,0,1,0,0,0,1,0,1,0,0,1
2023-10-05,0.0,0.5,0.0,68.5,69.0,3.5,36.0,27.5,24.0,0.5,54.0,0.0,4.0,3.75,22.5,4.5,21.5,16.0,1.5,0,1,0,0,0,0,0,0,0,1,0,0,0,1,0,1,0,0,1
2023-10-06,7.5,1.5,0.0,68.5,69.0,25.0,49.5,27.5,61.5,31.0,54.0,0.0,37.0,10.5,22.5,4.5,70.5,16.0,4.75,0,1,0,0,0,0,0,0,0,1,0,0,0,1,0,1,0,0,1
2023-10-07,52.5,14.0,0.0,56.5,29.5,25.0,49.5,19.5,61.5,39.5,10.5,0.0,37.0,10.75,16.5,4.0,70.5,9.0,4.75,0,1,0,0,0,0,0,0,0,1,0,0,0,1,0,1,0,0,1
2023-10-08,52.5,3.0,0.0,6.5,7.5,0.0,0.0,0.0,0.0,9.0,0.5,0.0,0.0,16.5,0.0,13.5,0.0,0.0,1.0,0,1,0,0,0,0,0,0,0,1,0,0,0,1,0,1,0,0,1
2023-10-09,16.0,3.0,0.0,34.5,25.0,22.5,27.5,12.0,1.0,8.5,29.5,0.0,7.0,19.0,51.5,13.5,2.0,12.0,3.0,0,1,0,0,0,0,0,0,0,1,0,0,0,1,0,1,0,0,1
2023-10-10,52.0,1.0,0.0,34.5,25.0,22.5,36.5,59.0,90.0,8.5,73.0,0.0,105.0,1.5,51.5,27.0,85.0,85.0,4.5,0,1,0,0,0,0,0,0,0,1,0,0,0,1,0,1,0,0,1
2023-10-11,52.0,3.25,0.0,11.0,17.5,18.0,36.5,59.0,90.0,8.25,73.0,0.0,105.0,3.5,38.0,27.0,85.0,85.0,4.5,0,1,0,0,0,0,0,0,0,1,0,0,0,1,0,1,0,0,1
2023-10-12,10.5,9.75,0.0,7.0,29.0,18.0,27.5,18.0,9.5,46.0,3.0,0.0,6.5,17.5,16.5,27.0,14.0,15.5,4.5,0,1,0,0,0,0,0,0,0,1,0,0,0,1,0,1,0,0,1
2023-10-13,7.0,9.0,0.0,88.0,29.0,0.5,27.5,18.0,9.5,46.0,46.0,0.0,17.5,37.0,1.5,3.5,14.0,15.5,4.5,0,1,0,0,0,0,0,0,0,1,0,0,0,1,0,1,0,0,1
2023-10-14,2.5,0.0,0.0,88.0,77.5,0.0,0.0,0.0,0.5,4.25,46.0,0.0,17.5,7.5,0.0,4.5,0.0,0.0,4.5,0,1,0,0,0,0,0,0,0,1,0,0,0,1,0,1,0,0,1
2023-10-15,11.5,1.0,0.0,9.5,77.5,1.5,1.5,3.0,6.5,4.25,43.0,0.0,6.5,7.5,3.0,4.5,7.0,5.0,4.5,0,1,0,0,0,0,0,0,0,1,0,0,0,1,0,1,0,0,1
2023-10-16,21.5,1.0,0.0,9.5,10.5,61.0,11.0,31.0,6.5,4.5,10.5,0.0,6.5,9.0,3.0,4.5,7.0,14.0,4.5,0,1,0,0,0,0,0,0,0,1,0,0,0,1,0,1,0,0,1
2023-10-17,21.5,14.75,0.0,8.5,27.5,61.0,26.0,31.0,12.0,25.0,24.0,0.0,24.5,11.5,0.5,0.0,8.0,17.5,5.5,0,1,0,0,0,0,0,0,0,1,0,0,0,1,0,1,0,0,1
2023-10-18,23.0,15.0,0.0,29.5,27.5,63.5,65.5,58.0,12.0,24.75,24.0,0.0,24.5,3.5,97.5,2.0,13.5,73.5,5.5,0,1,0,0,0,0,0,0,0,1,0,0,0,1,0,1,0,0,1
2023-10-19,23.0,1.5,0.0,29.5,11.0,63.5,65.5,58.0,69.5,1.5,15.5,0.0,23.5,2.0,97.5,2.5,46.5,73.5,4.5,0,1,0,0,0,0,0,0,0,1,0,0,0,1,0,1,0,0,1
2023-10-20,4.5,0.5,0.0,10.5,58.5,20.5,12.5,12.0,27.5,9.75,26.5,0.0,16.0,0.5,34.0,1.25,10.5,7.0,8.0,0,1,0,0,0,0,0,0,0,1,0,0,0,1,0,1,0,0,1
2023-10-21,4.5,3.25,0.0,31.5,58.5,20.5,17.0,12.0,27.5,12.75,26.5,0.0,16.0,5.0,34.0,1.0,10.5,17.0,1.0,0,1,0,0,0,0,0,0,0,1,0,0,0,1,0,1,0,0,1
2023-10-22,10.0,1.5,0.0,36.5,33.5,18.5,18.5,8.5,18.5,8.5,25.0,0.0,13.0,5.0,3.0,1.0,6.0,17.0,0.5,0,1,0,0,0,0,0,0,0,1,0,0,0,1,0,1,0,0,1
2023-10-23,42.0,7.5,0.0,45.5,64.0,4.5,3.0,6.5,16.5,30.5,7.5,0.0,36.0,4.5,57.5,1.0,7.5,22.0,2.0,0,1,0,0,0,0,0,0,0,1,0,0,0,1,0,1,0,0,1
2023-10-24,42.0,15.5,0.0,45.5,64.0,62.0,21.5,22.0,16.5,29.75,13.5,0.0,36.0,6.0,57.5,7.75,9.5,22.0,20.5,0,1,0,0,0,0,0,0,0,1,0,0,0,1,0,1,0,0,1
2023-10-25,25.5,1.75,0.0,11.5,10.5,62.0,28.0,22.0,8.5,1.5,13.5,0.0,28.5,1.5,3.0,2.25,9.5,22.0,2.5,0,1,0,0,0,0,0,0,0,1,0,0,0,1,0,1,0,0,1
2023-10-26,41.5,0.5,0.0,5.0,3.5,40.5,33.5,23.0,25.0,2.25,4.5,0.0,17.0,9.5,18.0,3.5,27.0,17.0,5.0,0,1,0,0,0,0,0,0,0,1,0,0,0,1,0,1,0,0,1
2023-10-27,41.5,2.25,0.0,10.5,11.5,40.5,33.5,23.0,25.0,2.25,13.5,0.0,17.0,18.0,18.0,0.0,27.0,17.0,15.5,0,1,0,0,0,0,0,0,0,1,0,0,0,1,0,1,0,0,1
2023-10-28,31.0,6.5,0.0,10.5,11.5,13.5,10.0,6.5,7.5,1.75,13.5,0.0,10.0,16.0,40.5,0.75,5.0,16.0,7.5,0,1,0,0,0,0,0,0,0,1,0,0,0,1,0,1,0,0,1
2023-10-29,31.0,3.0,0.0,26.5,11.0,13.5,10.0,10.5,30.0,1.0,12.5,0.0,20.0,3.0,40.5,12.5,27.5,16.0,0.0,0,1,0,0,0,0,0,0,0,1,0,0,0,1,0,1,0,0,1
2023-10-30,29.0,3.75,0.0,26.5,10.0,6.0,46.0,10.5,43.0,0.0,59.5,0.0,20.0,2.5,26.0,19.5,27.5,16.0,1.5,0,1,0,0,0,0,0,0,0,1,0,0,0,1,0,1,0,0,1
2023-10-31,26.0,4.0,0.0,16.5,23.0,12.5,46.0,11.5,43.0,8.25,59.5,0.0,11.5,1.5,46.0,19.5,6.0,19.0,2.75,0,1,0,0,0,0,0,0,0,1,0,0,0,1,0,1,0,0,1
2023-11-01,26.0,4.25,0.0,19.0,23.0,17.0,60.0,23.0,27.5,8.25,61.0,0.0,30.5,22.0,46.0,10.75,30.0,33.5,3.0,0,1,0,0,0,0,0,0,0,1,0,0,0,1,0,1,0,0,1
2023-11-02,1.0,4.25,0.0,19.0,2.5,45.0,60.0,23.0,27.5,15.25,61.0,0.0,30.5,22.0,21.0,1.0,30.0,33.5,5.0,0,1,0,0,0,0,0,0,0,1,0,0,0,1,0,1,0,0,1
2023-11-03,1.0,1.0,0.0,38.0,5.5,45.0,48.0,17.5,19.0,15.25,56.0,0.0,42.0,12.5,4.0,0.75,20.0,22.5,5.0,0,1,0,0,0,0,0,0,0,1,0,0,0,1,0,1,0,0,1
2023-11-04,4.0,5.25,0.0,38.0,5.5,1.0,7.5,13.5,19.0,18.25,56.0,0.0,42.0,10.5,4.0,5.0,20.0,2.0,5.0,0,1,0,0,0,0,0,0,0,1,0,0,0,1,0,1,0,0,1
2023-11-05,4.5,5.5,0.0,9.0,3.5,11.5,11.5,13.5,11.0,5.75,6.5,0.0,13.0,15.0,28.5,4.25,10.0,13.5,6.0,0,1,0,0,0,0,0,0,0,1,0,0,0,1,0,1,0,0,1
2023-11-06,25.5,0.5,0.0,13.5,23.5,11.5,19.5,12.0,11.0,35.0,6.5,0.0,13.0,13.0,38.0,0.0,10.0,13.5,3.0,0,1,0,0,0,0,0,0,0,1,0,0,0,1,0,1,0,0,1
2023-11-07,25.5,0.5,0.0,30.5,23.5,6.5,19.5,9.5,37.5,0.0,5.0,0.0,7.5,2.5,38.0,7.0,8.0,10.5,14.0,0,1,0,0,0,0,0,0,0,1,0,0,0,1,0,1,0,0,1
2023-11-08,10.5,9.5,0.0,30.5,10.0,1.0,10.5,3.0,37.5,40.75,8.0,0.0,1.0,2.5,33.5,16.5,8.0,3.0,15.0,0,1,0,0,0,0,0,0,0,1,0,0,0,1,0,1,0,0,1
2023-11-09,7.0,9.0,0.0,23.0,16.0,14.0,2.5,6.5,10.0,0.5,8.0,0.0,5.5,1.5,6.0,15.25,3.5,11.0,11.75,0,1,0,0,0,0,0,0,0,1,0,0,0,1,0,1,0,0,1
2023-11-10,28.5,9.5,0.0,53.5,16.5,14.0,1.0,6.5,10.5,22.75,43.0,0.0,5.5,6.0,11.0,32.5,3.5,11.0,7.25,0,1,0,0,0,0,0,0,0,1,0,0,0,1,0,1,0,0,1
2023-11-11,28.5,17.75,0.0,53.5,16.5,0.0,1.0,2.0,9.5,27.75,43.5,0.0,1.0,26.5,11.0,19.0,1.0,0.5,10.0,0,1,0,0,0,0,0,0,0,1,0,0,0,1,0,1,0,0,1
2023-11-12,2.5,5.25,0.0,0.5,2.5,9.5,34.5,10.5,26.0,24.0,2.5,0.0,2.5,5.5,14.5,9.0,12.5,2.5,11.75,0,1,0,0,0,0,0,0,0,1,0,0,0,1,0,1,0,0,1
2023-11-13,2.5,5.25,0.0,3.5,2.5,9.5,34.5,10.5,26.0,19.75,2.5,0.0,2.5,6.5,72.5,2.5,12.5,10.0,11.75,0,1,0,0,0,0,0,0,0,1,0,0,0,1,0,1,0,0,1
2023-11-14,9.5,7.0,0.0,3.5,2.5,7.0,2.5,3.5,21.5,19.25,0.0,0.0,1.5,12.0,72.5,29.0,1.0,10.0,7.75,0,1,0,0,0,0,0,0,0,1,0,0,0,1,0,1,0,0,1
2023-11-15,12.0,11.25,0.0,3.5,16.5,4.0,34.0,44.0,47.0,11.75,10.5,0.0,41.0,13.5,40.5,29.0,0.5,2.5,10.25,0,1,0,0,0,0,0,0,0,1,0,0,0,1,0,1,0,0,1
2023-11-16,12.0,11.75,0.0,3.5,16.5,1.5,34.0,44.0,47.0,16.25,10.5,0.0,41.0,13.0,10.5,44.0,1.5,8.0,16.75,0,1,0,0,0,0,0,0,0,1,0,0,0,1,0,1,0,0,1
2023-11-17,18.5,22.25,9.0,12.5,1.5,17.5,57.0,33.0,16.0,57.5,1.0,0.0,9.0,13.5,30.5,1.0,26.0,10.0,9.75,0,1,0,0,0,0,0,0,0,1,0,0,0,1,0,1,0,0,1
2023-11-18,18.5,11.75,9.0,12.5,4.5,17.5,57.0,33.0,16.0,57.5,1.0,0.0,9.0,25.0,30.5,0.0,26.0,10.0,8.5,0,1,0,0,0,0,0,0,0,1,0,0,0,1,0,1,0,0,1
2023-11-19,0.0,4.25,0.0,12.5,0.0,0.0,0.0,0.0,0.0,45.5,0.0,0.0,0.0,15.0,0.0,5.0,0.0,0.0,13.0,0,1,0,1,0,0,0,0,0,1,0,0,0,1,0,1,0,0,1
2023-11-20,36.0,2.75,5.5,12.5,16.0,0.0,0.5,0.0,4.0,27.25,6.5,0.0,0.5,9.0,19.0,11.25,3.5,0.0,7.25,0,1,0,1,0,0,0,0,0,1,0,0,0,1,0,1,0,0,1
2023-11-21,1.5,12.75,9.5,12.5,2.0,6.0,8.5,4.5,4.0,24.25,3.0,0.0,4.0,9.0,6.5,13.0,3.5,4.0,0.75,0,1,0,1,0,0,0,0,0,1,0,0,0,1,0,1,0,0,1
2023-11-22,4.5,12.75,32.5,15.5,21.5,22.5,13.0,22.5,30.5,20.75,9.0,0.0,23.0,9.0,25.5,2.75,14.0,31.5,0.0,0,1,0,0,0,0,0,0,0,1,0,0,0,1,0,1,0,0,1
2023-11-23,17.5,20.75,32.5,50.0,51.0,41.0,89.0,74.0,60.5,22.5,55.0,0.0,101.0,6.0,30.0,27.25,64.0,131.0,0.5,0,1,0,0,0,0,0,0,0,1,0,0,0,1,0,1,0,0,1
2023-11-24,17.5,2.0,28.0,49.5,51.0,41.0,89.0,74.0,60.5,60.25,55.0,0.0,101.0,16.5,30.0,23.5,64.0,131.0,0.5,0,1,0,0,0,0,0,0,0,1,0,0,0,1,0,1,1,0,1
2023-11-25,68.5,5.0,26.5,34.5,8.0,52.0,2.5,25.5,20.5,61.75,16.5,0.0,22.0,17.5,3.0,17.25,15.0,15.5,4.5,0,1,0,0,0,0,0,0,0,1,0,0,0,1,0,1,0,0,1
2023-11-26,68.5,5.0,26.5,35.0,21.0,52.5,2.5,25.5,20.5,6.5,16.0,0.0,21.0,9.0,2.0,13.75,15.0,15.5,6.0,0,1,0,0,0,0,0,0,0,1,0,0,0,1,0,1,0,0,1
2023-11-27,60.5,3.0,15.5,10.0,21.5,17.0,7.5,5.5,25.0,29.75,14.5,0.0,10.5,21.5,1.5,8.5,22.5,8.5,6.0,0,1,0,0,0,0,0,0,0,1,0,0,0,1,0,1,0,0,1
2023-11-28,10.0,16.75,5.5,3.5,2.5,17.0,7.5,5.5,25.0,38.0,14.5,0.0,10.5,24.5,0.5,8.5,22.5,1.5,3.5,0,1,0,0,0,0,0,0,0,1,0,0,0,1,0,1,0,0,1
2023-11-29,0.0,11.5,0.0,0.0,0.0,0.0,0.0,0.0,0.5,35.75,0.0,0.0,0.0,30.0,0.0,3.0,0.0,4.0,5.5,0,1,0,0,0,0,0,0,0,1,0,0,0,1,0,1,0,0,1
2023-11-30,4.0,2.25,0.0,0.0,9.5,6.0,22.0,40.0,0.5,16.5,0.0,0.0,4.5,5.0,0.5,10.0,1.0,6.0,6.5,0,1,0,0,0,0,0,0,0,1,0,0,0,1,0,1,0,0,1
2023-12-01,14.5,3.75,0.0,0.0,9.5,6.0,23.0,40.5,10.5,14.5,0.0,0.0,7.5,11.0,26.5,15.0,6.5,6.0,10.5,0,1,0,0,0,0,0,0,0,1,0,0,0,1,0,1,0,0,1
2023-12-02,14.5,5.5,0.0,9.0,11.5,0.5,16.0,7.0,13.5,5.5,34.5,0.0,7.5,12.5,26.5,10.0,6.5,6.0,11.0,0,1,0,0,0,0,0,0,0,1,0,0,0,1,0,1,0,0,1
2023-12-03,3.0,22.25,3.5,9.0,11.5,2.0,5.0,16.0,13.5,26.0,34.5,0.0,0.5,20.5,4.0,3.5,1.0,4.0,12.0,0,1,0,0,0,0,0,0,0,1,0,0,0,1,0,1,0,0,1
2023-12-04,3.0,26.5,3.5,2.5,10.0,2.0,5.0,16.0,33.0,5.5,9.5,0.0,13.5,7.0,4.0,0.0,58.0,4.0,5.5,0,1,0,0,0,0,0,0,0,1,0,0,0,1,0,1,0,0,1
2023-12-05,6.5,27.25,13.0,3.5,0.5,9.5,1.0,7.5,33.0,5.5,0.0,0.0,19.0,5.0,4.0,0.0,58.0,7.5,3.5,0,1,0,0,0,0,0,0,0,1,0,0,0,1,0,1,0,0,1
2023-12-06,17.0,2.75,25.0,18.5,44.0,45.0,1.0,31.5,36.0,5.5,18.5,0.0,42.5,4.0,39.5,8.0,40.5,21.5,2.0,0,1,0,0,0,0,0,0,0,1,0,0,0,1,0,1,0,0,1
2023-12-07,17.0,1.75,14.0,19.0,44.0,45.0,1.0,31.5,36.5,5.5,18.5,0.0,42.5,3.5,39.5,5.25,40.5,16.5,2.0,0,1,0,0,0,0,0,0,0,1,0,0,0,1,0,1,0,0,1
2023-12-08,3.5,4.5,14.0,19.0,10.0,2.0,1.0,50.5,38.0,5.5,11.0,0.0,48.0,0.5,49.5,0.25,37.0,9.5,0.5,0,1,0,0,0,0,0,0,0,1,0,0,0,1,0,1,0,0,1
2023-12-09,5.5,5.25,0.0,0.5,1.5,1.0,0.5,50.5,38.0,5.5,0.5,0.0,48.0,5.5,49.5,0.25,37.0,0.0,3.0,0,1,0,0,0,0,0,0,0,1,0,0,0,1,0,1,0,0,1
2023-12-10,5.5,5.75,0.0,1.0,0.5,1.0,0.5,19.5,3.0,14.0,2.5,0.0,1.5,13.5,25.0,6.25,0.5,28.5,0.0,0,1,0,0,0,0,0,0,0,1,0,0,0,1,0,1,0,0,1
2023-12-11,14.5,5.0,1.0,1.5,2.5,26.0,0.5,25.5,15.0,14.5,7.0,0.0,27.5,24.5,10.0,9.75,23.5,28.5,3.5,0,1,0,0,0,0,0,0,0,1,0,0,0,1,0,1,0,0,1
2023-12-12,15.0,2.5,5.0,9.5,24.0,30.5,0.5,25.5,57.0,34.0,12.5,0.0,27.5,12.5,20.0,2.75,23.5,18.0,2.5,0,1,0,0,0,0,0,0,0,1,0,0,0,1,0,1,0,0,1
2023-12-13,15.0,2.75,13.0,9.5,30.0,30.5,2.5,8.5,57.0,9.0,12.5,0.0,25.5,3.5,78.5,0.75,23.5,10.0,2.0,0,1,0,0,0,0,0,0,0,1,0,0,0,1,0,1,0,0,1
2023-12-14,13.5,16.0,13.0,8.0,32.5,19.0,3.5,8.5,8.5,5.5,4.0,0.0,17.5,8.5,78.5,2.0,10.0,25.5,11.0,0,1,0,0,0,0,0,0,0,1,0,0,0,1,0,1,0,0,1
2023-12-15,13.5,7.75,12.5,18.5,32.5,20.5,3.5,66.0,8.5,1.0,3.5,0.0,28.5,5.5,12.5,3.25,10.0,27.0,7.0,0,1,0,0,0,0,0,0,0,1,0,0,0,1,0,1,0,0,1
2023-12-16,3.5,7.75,13.0,18.5,2.5,21.0,3.0,66.5,4.5,7.0,3.0,0.0,29.0,7.0,77.5,3.25,2.5,27.5,3.5,0,1,0,0,0,0,0,0,0,1,0,0,0,1,0,1,0,0,1
2023-12-17,41.5,8.75,1.5,1.5,0.5,1.0,0.5,2.0,1.5,10.0,1.0,0.0,2.5,13.5,77.5,14.25,2.0,3.0,2.75,0,1,0,0,0,0,0,0,0,1,0,0,0,1,0,1,0,0,1
2023-12-18,41.5,7.25,6.5,6.0,1.0,23.5,0.5,12.5,37.5,10.0,7.0,0.0,19.5,13.5,26.5,2.5,26.0,14.0,2.25,0,1,0,0,0,0,0,0,0,1,0,0,0,1,0,1,0,0,1
2023-12-19,8.5,7.0,6.5,13.5,4.5,23.5,0.5,12.5,37.5,6.0,7.0,0.0,19.5,1.5,26.5,1.25,26.0,14.0,4.75,0,1,0,0,0,0,0,0,0,1,0,0,0,1,0,1,0,0,1
2023-12-20,8.5,7.0,1.5,13.5,4.5,1.5,0.5,18.5,11.0,3.0,3.5,0.0,1.0,0.5,0.5,0.0,2.5,2.0,6.0,0,1,0,0,0,0,0,0,0,1,0,0,0,1,0,1,0,0,1
2023-12-21,6.5,0.5,0.0,1.5,5.0,3.5,0.5,18.5,11.5,4.0,1.5,0.0,6.5,4.0,1.0,0.0,5.0,0.5,3.75,0,1,0,0,0,0,0,0,0,1,0,0,0,1,0,1,0,0,1
2023-12-22,0.0,13.5,0.0,1.5,5.0,3.5,0.5,0.5,11.5,29.5,1.5,0.0,6.5,4.0,1.0,1.25,5.0,0.0,2.75,0,1,0,0,0,0,0,0,0,1,0,0,0,1,0,1,0,0,1
2023-12-23,6.5,26.75,4.5,4.5,1.0,12.5,0.5,12.5,12.5,21.0,5.0,0.0,9.5,16.5,5.5,0.0,0.0,5.5,1.75,0,1,0,0,0,0,0,0,0,1,0,0,0,1,0,1,0,0,1
2023-12-24,7.0,23.75,5.0,4.5,4.0,13.0,0.5,13.5,13.0,0.5,5.0,0.0,10.0,4.0,5.5,0.0,15.0,6.0,8.0,0,1,0,0,0,0,0,0,0,1,0,0,0,1,0,1,0,0,1
2023-12-25,45.0,5.5,2.0,3.0,4.0,2.5,0.5,2.0,9.5,7.0,5.0,0.0,8.5,5.0,1.5,1.75,15.0,3.0,6.25,0,1,0,0,0,0,0,0,0,1,0,0,0,1,0,1,0,0,1
2023-12-26,45.0,8.75,0.0,0.5,0.0,0.0,0.5,0.0,2.0,16.5,0.5,0.0,2.0,11.5,1.5,0.75,1.5,2.0,8.0,0,1,0,0,0,0,0,0,0,1,0,0,0,1,0,1,0,0,1
2023-12-27,2.5,8.5,0.0,0.5,0.5,0.0,0.0,0.0,2.0,16.5,0.5,0.0,1.0,20.5,1.5,0.0,1.5,0.0,13.0,0,1,0,0,0,0,0,0,0,1,0,0,0,1,0,1,0,0,1
2023-12-28,2.5,1.25,5.0,0.5,0.5,0.0,0.0,6.0,7.5,0.5,1.0,0.0,9.0,5.0,3.5,0.0,5.5,8.5,0.25,0,1,0,0,0,0,0,0,0,1,0,0,0,1,0,1,0,0,1
2023-12-29,10.0,0.5,6.0,5.0,3.5,2.5,0.5,6.0,14.0,0.0,5.0,0.0,12.0,5.0,16.0,1.75,6.0,8.5,0.0,0,1,0,0,0,0,0,0,0,1,0,0,0,1,0,1,0,0,1
2023-12-30,19.5,0.5,6.0,5.0,18.0,21.5,0.5,2.0,14.0,0.0,50.5,0.0,12.0,5.0,22.0,1.0,6.0,5.5,2.25,0,1,0,0,0,0,0,0,0,1,0,0,0,1,0,1,0,0,1
2023-12-31,19.5,0.5,1.0,5.0,18.0,21.5,0.5,3.0,4.0,0.0,50.5,0.0,3.5,5.0,22.0,4.75,3.0,4.0,4.5,0,1,0,0,0,0,0,0,0,1,0,0,0,1,0,1,0,0,1
2024-01-01,1.0,0.5,0.0,0.5,3.0,0.0,0.5,3.0,33.5,0.0,6.5,0.0,22.0,5.0,0.5,1.5,15.5,2.0,1.0,0,1,0,0,0,0,0,0,0,1,0,0,0,1,0,1,0,0,1
2024-01-02,2.0,0.5,0.0,1.0,0.0,0.0,0.0,25.0,34.5,0.0,0.0,0.0,21.5,5.0,8.5,1.5,15.5,9.0,8.5,0,1,0,0,0,0,0,0,0,1,0,0,0,1,0,1,0,0,1
2024-01-03,2.5,0.5,5.0,1.0,0.5,2.5,0.5,25.0,4.0,0.0,2.5,0.0,9.0,5.0,8.5,1.5,14.0,9.0,16.5,0,1,0,0,0,0,0,0,0,1,0,0,0,1,0,1,0,0,1
2024-01-04,3.0,0.5,5.5,1.5,5.5,3.0,0.5,1.0,32.5,0.0,0.5,0.0,25.5,5.0,23.5,1.5,32.0,3.0,1.0,0,1,0,0,0,0,0,0,0,1,0,0,0,0,0,1,0,0,1
2024-01-05,2.5,0.5,3.5,3.5,5.5,0.5,0.5,1.0,32.5,0.0,0.5,0.0,13.0,5.0,23.5,0.0,27.0,0.5,1.0,0,0,0,0,0,0,0,0,0,0,0,0,0,0,0,1,0,0,1
2024-01-06,5.5,2.0,3.5,3.5,2.0,0.5,0.5,0.0,0.5,0.5,1.0,0.0,0.0,0.0,0.0,0.0,0.0,0.5,0.25,0,0,0,0,0,0,0,0,0,0,0,0,0,0,0,1,0,0,1
2024-01-07,17.0,4.5,8.5,9.0,7.5,9.5,0.5,7.5,7.0,8.0,5.5,0.0,7.5,7.0,4.5,0.0,0.0,8.5,1.75,0,0,0,0,0,0,0,0,0,0,0,0,0,0,0,1,1,0,1
2024-01-08,17.0,4.5,8.5,11.5,7.5,9.5,0.0,0.5,7.0,8.0,6.0,0.0,8.0,7.0,7.5,1.5,0.0,8.5,0.0,0,0,0,0,0,0,0,0,0,0,0,0,0,0,0,1,0,0,1
2024-01-09,8.0,1.0,7.5,11.5,3.0,17.0,0.5,1.0,2.0,2.5,6.0,0.0,1.5,19.0,29.0,0.0,8.0,2.0,0.0,0,0,0,0,0,0,0,0,0,0,0,0,0,0,0,1,0,0,1
2024-01-10,3.5,1.0,1.0,5.0,1.5,17.0,0.5,1.0,1.0,2.0,1.0,0.0,1.5,19.0,28.5,0.0,8.0,2.0,1.5,0,0,0,0,0,0,0,0,0,0,0,0,0,0,0,1,0,0,1
2024-01-11,7.0,0.0,0.5,0.0,0.0,0.0,0.0,0.0,2.0,6.0,0.0,0.0,0.5,0.0,15.0,0.0,4.5,1.5,1.5,0,0,0,0,0,0,0,0,0,0,0,0,0,0,0,1,0,0,1
2024-01-12,7.0,0.0,0.5,0.0,0.0,0.0,0.0,0.0,2.0,6.0,0.0,0.0,0.5,0.0,15.0,0.0,4.5,1.5,0.0,0,0,0,0,0,0,0,0,0,0,0,0,0,0,0,1,0,0,1
2024-01-13,0.0,0.0,0.0,0.0,0.0,0.0,0.0,0.0,0.0,0.0,0.0,0.0,0.0,0.0,0.5,0.0,4.5,0.5,0.0,0,0,0,0,0,0,0,0,0,0,0,0,0,0,0,1,1,0,1
2024-01-14,0.0,0.0,0.0,0.0,0.0,0.0,0.0,0.0,0.0,0.0,0.0,0.0,0.0,0.0,0.5,0.0,4.5,0.0,0.25,0,0,0,0,0,0,0,1,0,0,0,0,0,0,0,1,1,0,1
2024-01-15,1.5,0.0,1.0,0.0,1.0,10.0,0.0,39.5,19.5,32.5,1.5,0.0,6.5,38.5,38.0,0.0,4.5,10.5,0.75,0,0,0,0,0,0,0,0,0,0,0,0,0,0,0,1,1,0,1
2024-01-16,3.0,5.5,5.5,2.5,12.0,9.5,0.0,0.5,20.0,32.5,3.0,0.0,6.5,39.0,39.0,0.0,0.0,10.5,3.25,0,0,0,0,0,0,0,0,0,0,0,0,0,0,0,1,0,0,1
2024-01-17,3.0,5.5,5.5,4.5,12.0,1.0,0.0,0.5,2.0,0.5,3.5,0.0,1.0,3.0,1.0,6.0,0.0,1.0,9.75,0,0,0,0,0,0,0,0,0,0,0,0,0,0,0,1,0,0,1
2024-01-18,3.0,6.0,17.0,6.0,9.0,0.5,0.0,4.5,6.0,9.0,17.0,0.0,10.5,1.5,22.5,0.5,0.0,6.0,4.5,1,0,0,0,0,0,0,0,0,0,0,0,0,0,0,1,1,0,1
2024-01-19,0.5,5.5,17.0,6.0,9.0,0.5,0.0,4.5,6.0,9.0,17.0,0.0,10.5,10.0,22.5,9.25,0.0,6.0,5.25,0,0,0,0,0,0,0,0,0,0,0,0,0,0,0,1,1,0,1
2024-01-20,0.5,0.5,0.0,0.0,0.5,0.5,0.0,0.5,0.5,0.5,0.0,0.0,0.0,10.0,0.0,7.5,0.0,1.5,2.0,0,0,0,0,0,0,0,0,0,0,0,0,0,0,0,1,1,0,1
2024-01-21,2.0,0.0,0.0,0.0,0.5,0.0,0.0,0.0,0.0,0.0,0.0,0.0,12.0,0.0,0.0,13.5,0.0,0.0,0.75,0,0,0,0,0,0,0,0,0,0,0,0,0,0,0,1,1,0,1
2024-01-22,17.0,5.0,0.5,0.5,6.5,3.5,0.0,8.0,1.0,2.0,17.5,0.0,27.0,25.0,2.5,0.75,0.0,3.0,1.25,0,0,0,0,0,0,0,0,0,0,0,0,0,0,0,1,1,0,1
2024-01-23,17.0,6.0,10.5,9.5,27.5,5.5,0.0,20.0,70.0,34.5,50.5,0.0,43.5,25.0,48.0,2.5,0.0,20.5,0.0,0,0,0,0,0,0,0,0,0,0,0,0,0,0,0,1,1,0,1
2024-01-24,6.0,6.0,10.5,9.5,27.5,8.0,0.0,20.0,70.0,34.5,50.5,0.0,43.5,8.5,48.0,0.75,10.0,20.5,0.0,0,0,0,0,0,0,0,0,0,0,0,0,0,0,0,1,0,0,1
2024-01-25,22.0,0.0,25.5,16.5,4.0,26.5,0.0,18.5,24.5,30.0,22.5,0.0,38.0,53.0,13.5,0.25,18.0,41.5,0.0,0,0,0,0,0,0,0,0,0,0,0,0,0,0,0,1,0,0,1
2024-01-26,22.5,0.0,25.5,16.5,4.0,26.5,0.0,18.5,14.5,30.0,4.5,0.0,38.0,53.0,13.5,0.0,18.0,41.5,0.0,0,0,0,0,0,0,0,0,0,0,0,0,0,0,0,1,1,0,1
2024-01-27,4.0,0.0,0.0,1.0,2.5,0.0,0.0,0.0,0.0,0.0,0.5,0.0,0.0,0.5,0.0,0.0,18.0,0.0,0.0,0,0,0,0,0,0,0,0,0,0,0,0,0,0,0,1,1,0,1
2024-01-28,1.5,0.0,0.0,0.0,0.5,0.0,0.0,0.0,0.0,0.0,0.0,0.0,0.0,0.0,0.0,10.0,18.0,0.0,5.5,0,0,0,0,0,0,0,1,0,0,0,0,0,0,0,1,1,0,1
2024-01-29,1.0,0.0,0.0,0.0,0.0,0.0,0.0,0.0,0.0,0.0,0.0,0.0,0.0,0.0,0.0,11.25,18.0,0.0,8.5,0,0,0,0,0,0,0,0,0,0,0,0,0,0,0,1,1,0,1
2024-01-30,1.0,0.0,0.0,0.0,0.0,3.0,0.0,0.0,56.5,11.0,26.0,0.0,41.5,50.5,0.5,0.0,18.0,0.0,1.5,0,0,0,0,0,0,0,0,0,0,0,0,0,0,0,1,1,0,1
2024-01-31,0.0,0.0,0.0,0.0,0.0,3.0,0.0,0.5,56.5,11.0,26.0,0.0,41.5,50.5,6.5,0.0,2.5,0.0,1.0,0,0,0,0,0,0,0,0,0,0,0,1,0,0,0,1,0,0,1
2024-02-01,0.0,0.0,0.0,0.0,0.0,0.0,0.0,0.0,3.5,0.0,11.0,0.0,0.0,0.0,36.5,0.0,2.5,0.5,0.0,0,0,0,0,0,0,0,0,0,0,0,0,0,0,0,1,0,0,1
2024-02-02,0.0,0.0,1.0,0.0,8.0,0.0,0.0,0.0,15.0,2.5,11.0,0.0,5.5,3.0,36.5,0.0,2.5,13.5,0.0,0,0,0,0,0,0,0,0,0,0,0,0,0,0,0,1,1,0,1
2024-02-03,2.5,8.0,1.0,0.0,13.0,1.5,0.0,1.5,15.0,2.5,19.0,0.0,7.5,3.0,19.0,0.0,2.5,13.5,0.0,0,0,0,0,0,0,0,0,0,0,0,1,0,0,0,1,1,0,1
2024-02-04,2.5,8.0,0.0,0.0,13.0,1.5,0.0,1.5,4.5,2.0,19.0,0.0,7.5,0.5,4.5,0.0,2.5,0.0,4.5,0,0,0,0,0,0,0,1,0,0,0,1,0,0,0,1,1,0,1
2024-02-05,0.0,6.5,0.0,0.0,18.0,23.5,0.0,1.5,0.0,0.0,0.5,0.0,0.0,22.0,0.0,0.0,2.5,0.0,5.0,0,0,0,0,0,0,0,1,0,0,0,0,0,0,0,1,1,0,1
2024-02-06,2.5,7.0,1.5,6.5,17.5,23.5,0.0,3.0,16.5,14.5,4.0,0.0,13.0,22.0,1.5,1.75,3.5,6.5,4.5,0,0,0,0,0,0,0,0,0,0,0,0,0,0,0,1,0,0,1
2024-02-07,5.0,7.0,47.0,10.5,12.0,37.5,0.0,25.0,16.5,14.5,4.0,0.0,13.0,15.0,2.0,0.0,3.5,39.0,0.5,0,0,0,0,0,0,0,0,0,0,0,0,0,0,0,1,0,0,1
2024-02-08,5.0,4.0,47.0,10.5,40.0,37.5,0.0,42.5,34.5,46.0,33.0,0.0,58.0,16.0,39.5,0.0,67.0,39.0,0.5,0,0,0,0,0,0,0,0,0,0,0,0,0,0,0,1,0,0,1
2024-02-09,1.5,1.0,37.5,8.0,40.0,37.0,0.0,42.5,34.5,46.0,33.0,0.0,58.0,16.0,39.5,0.0,67.0,36.5,0.5,0,0,0,0,0,0,0,0,0,0,0,0,0,0,0,1,0,0,1
2024-02-10,0.0,0.5,0.0,0.0,0.0,0.0,0.0,0.0,0.0,1.0,0.0,0.0,0.0,1.0,0.0,1.5,0.0,0.5,1.5,0,0,0,0,0,0,0,0,0,0,0,1,0,0,0,1,0,0,1
2024-02-11,0.0,0.0,0.0,0.0,0.0,0.0,0.0,0.0,0.0,1.0,0.0,0.0,0.0,1.0,0.0,0.0,0.0,0.5,1.5,0,0,0,0,0,0,0,1,0,0,0,1,0,0,0,1,0,0,1
2024-02-12,0.0,1.0,0.0,0.0,1.5,0.0,0.0,0.0,0.0,0.0,0.0,0.0,0.0,0.5,0.0,0.0,0.0,0.0,0.0,0,0,0,0,0,0,0,1,0,0,0,1,0,0,0,1,0,0,1
2024-02-13,1.5,1.0,0.0,2.5,1.5,0.0,0.0,0.0,1.0,0.0,3.0,0.0,0.0,0.0,0.0,0.0,1.0,0.0,0.5,0,0,0,0,0,0,0,1,0,0,0,1,0,0,0,1,0,0,1
2024-02-14,1.5,0.5,1.0,0.0,0.0,0.0,0.0,0.0,0.5,0.5,0.0,0.0,0.5,1.0,8.5,0.0,0.5,0.0,2.0,0,0,0,0,0,0,0,0,0,0,0,1,0,0,0,1,0,0,1
2024-02-15,1.5,0.5,1.0,0.0,0.0,0.0,0.0,0.0,0.5,0.5,0.0,0.0,0.5,1.0,8.5,0.0,0.5,0.0,2.0,0,0,0,0,0,0,0,1,0,0,0,1,0,0,0,1,0,0,1
2024-02-16,8.5,0.0,0.5,0.0,0.5,0.0,0.0,0.0,0.0,0.0,0.0,0.0,0.0,0.0,12.5,0.0,0.0,0.0,16.0,0,0,0,0,0,0,0,1,0,0,0,0,0,0,0,1,0,0,1
2024-02-17,8.5,0.0,0.5,0.0,0.5,0.0,0.0,0.0,0.5,0.0,0.0,0.0,2.0,0.0,12.5,3.0,0.0,0.0,2.0,0,0,0,0,0,0,0,1,0,0,0,0,0,0,0,1,0,0,1
2024-02-18,0.5,0.0,0.0,0.0,0.0,0.0,0.0,0.0,0.5,0.0,0.5,0.0,2.0,3.5,0.0,0.0,0.5,0.0,2.5,0,0,0,0,0,0,0,1,0,0,0,1,0,0,0,1,0,0,1
2024-02-19,0.0,0.0,0.0,0.0,0.0,0.0,0.0,0.0,0.0,3.0,0.5,0.0,7.0,3.5,2.5,0.0,0.5,27.5,10.5,0,0,0,0,0,0,0,1,0,0,0,1,0,0,0,1,0,0,1
2024-02-20,13.0,10.0,4.5,0.5,21.0,2.0,0.0,0.0,4.5,3.0,0.5,0.0,7.0,16.0,94.5,0.0,3.0,27.5,0.5,0,0,0,0,0,0,0,1,0,0,0,1,0,0,0,1,0,0,1
2024-02-21,13.0,10.0,4.5,20.5,46.5,10.0,0.0,0.0,25.0,1.0,32.0,0.0,54.0,64.5,94.5,0.0,38.0,0.0,1.5,0,0,0,0,0,0,0,1,0,0,0,1,0,0,0,1,0,0,1
2024-02-22,4.0,2.0,1.5,35.5,46.5,30.0,0.0,0.0,25.0,6.5,32.0,0.0,54.0,64.5,23.0,0.0,38.0,4.0,5.0,0,0,0,0,0,0,0,1,0,0,0,1,0,0,0,1,0,0,1
2024-02-23,0.0,0.5,5.5,35.5,23.5,30.0,0.0,0.0,7.5,12.5,31.0,0.0,6.0,28.0,23.0,0.0,15.5,47.5,5.0,0,0,0,0,0,0,0,1,0,0,0,1,0,0,0,1,0,0,1
2024-02-24,0.0,0.0,7.5,15.0,0.0,24.5,0.0,0.0,22.0,102.0,12.5,0.0,46.5,13.5,4.5,18.0,33.5,71.5,7.0,0,0,0,0,0,0,0,1,0,0,0,1,0,0,0,1,0,0,1
2024-02-25,0.0,0.0,7.5,15.0,0.0,19.0,0.0,0.0,22.0,102.0,12.5,0.0,46.5,13.5,4.5,18.0,33.5,71.5,8.0,0,0,0,0,0,0,0,0,0,0,0,1,0,0,0,1,0,0,1
2024-02-26,0.0,0.0,0.0,0.0,0.0,0.0,0.0,0.0,0.0,0.0,0.0,0.0,0.5,0.0,0.0,0.0,0.5,0.5,0.25,0,0,0,0,0,0,0,1,0,0,0,1,0,0,0,1,0,0,1
2024-02-27,0.0,0.0,0.0,0.0,0.0,0.0,0.0,0.0,0.0,0.0,0.0,0.0,0.5,0.0,0.0,0.0,0.5,0.5,0.25,0,0,0,0,0,0,0,0,0,0,0,0,0,0,1,1,0,0,1
2024-02-28,0.0,0.0,0.0,0.0,0.0,0.0,0.0,0.0,2.5,0.0,0.0,0.0,0.0,0.0,0.0,0.0,0.0,0.0,0.75,0,0,0,0,0,0,0,0,0,0,0,1,0,0,0,1,0,0,1
2024-02-29,0.0,0.0,0.0,0.0,0.0,0.0,0.0,0.0,2.5,0.0,0.0,0.0,0.0,0.0,0.0,2.0,0.0,0.0,1.0,0,0,0,0,0,0,0,0,0,0,0,1,0,0,0,1,0,0,1
2024-03-01,1.5,0.0,0.0,0.0,0.0,5.0,0.0,0.5,1.5,1.0,0.0,0.0,0.0,8.0,0.5,9.0,1.5,0.0,2.25,0,0,0,0,0,0,0,0,0,0,0,1,0,0,0,1,0,0,1
2024-03-02,1.5,0.0,11.0,1.5,0.0,25.5,0.0,0.5,2.0,1.0,21.0,0.0,8.5,8.0,6.0,8.75,1.5,0.0,5.0,0,0,0,0,0,0,0,0,0,0,0,1,0,0,0,1,0,0,1
2024-03-03,4.0,2.5,18.0,7.0,3.0,31.5,0.0,11.5,24.5,22.0,26.5,0.0,30.5,14.5,32.5,3.5,22.5,18.5,5.75,0,0,0,0,0,0,0,0,0,0,0,1,0,0,0,1,0,0,1
2024-03-04,0.5,2.5,0.0,1.5,3.0,5.5,0.0,0.0,0.0,0.0,1.0,0.0,0.0,2.0,1.0,1.0,0.0,1.0,2.75,0,0,0,0,0,0,0,0,0,0,0,1,0,0,0,1,0,0,1
2024-03-05,16.5,0.0,36.0,33.5,20.5,23.0,0.0,24.0,27.0,27.5,47.0,0.0,34.0,26.0,17.0,5.75,25.0,18.0,6.75,0,0,0,0,0,0,0,0,0,0,0,1,0,0,0,1,0,0,1
2024-03-06,16.5,0.0,36.0,33.5,21.0,23.0,0.0,24.0,27.0,27.5,47.5,0.0,34.0,26.0,24.0,15.75,25.0,18.0,20.75,0,0,0,0,0,0,0,0,0,0,0,1,0,0,0,1,0,0,1
2024-03-07,0.5,0.0,0.0,0.5,4.0,9.0,0.0,0.0,23.0,2.0,13.5,0.0,13.5,21.5,24.0,7.5,17.5,0.0,13.5,0,0,0,0,0,0,0,0,0,0,0,1,0,0,0,1,0,0,1
2024-03-08,2.0,0.0,40.0,22.5,4.0,45.5,0.0,20.0,45.0,2.0,39.5,0.0,23.5,23.0,31.0,0.0,46.5,35.0,3.25,0,0,0,0,1,0,0,0,0,0,0,1,0,0,0,1,0,0,1
2024-03-09,2.0,0.0,40.0,22.5,4.0,45.5,0.0,20.0,45.0,2.0,39.5,0.0,23.5,23.0,31.0,1.5,46.5,35.0,1.75,0,0,0,0,1,0,0,0,0,0,0,1,0,0,0,1,0,0,1
2024-03-10,0.0,0.0,0.0,0.0,4.0,0.0,0.0,0.0,0.0,0.5,27.0,0.0,0.0,0.0,0.5,11.5,0.5,0.0,0.25,0,0,0,0,1,0,0,0,0,0,0,0,0,0,0,1,0,0,1
2024-03-11,0.0,0.0,0.0,0.0,4.0,0.0,0.0,0.0,0.0,0.5,0.0,0.0,0.0,1.0,21.0,11.5,0.5,0.0,8.5,0,0,0,0,1,0,0,0,0,0,0,0,0,0,0,1,0,0,1
2024-03-12,0.0,0.0,0.0,0.0,4.0,0.0,0.0,0.0,0.0,0.0,0.0,0.0,0.0,0.0,21.0,3.75,0.0,0.0,5.5,0,0,0,0,1,0,0,1,0,0,0,0,0,0,0,1,0,0,1
2024-03-13,0.0,0.0,0.0,0.0,4.0,0.0,0.0,0.0,24.0,0.0,0.0,0.0,0.0,63.0,2.0,2.5,14.0,0.0,2.5,0,0,0,0,1,0,0,1,0,0,0,0,0,0,0,1,0,0,1
2024-03-14,0.0,0.0,0.0,0.0,4.0,0.0,0.0,0.0,24.0,0.0,0.0,0.0,0.0,63.0,2.0,0.0,14.0,0.0,0.25,0,0,0,0,1,0,0,1,0,0,0,0,0,0,0,1,0,0,1
2024-03-15,0.0,6.5,0.0,0.5,2.5,1.0,0.0,0.0,18.5,0.0,0.0,0.0,13.5,30.5,5.5,0.0,13.0,0.0,1.5,0,0,0,0,1,0,0,1,0,0,0,0,0,0,0,1,0,0,1
2024-03-16,0.0,6.5,0.5,1.0,0.0,8.0,0.0,0.0,39.0,0.5,0.0,0.0,38.5,59.0,16.0,4.75,58.5,19.5,0.5,0,0,0,0,1,0,0,1,0,0,0,0,0,0,0,1,0,0,1
2024-03-17,0.0,0.0,0.5,1.0,0.0,8.0,0.0,0.0,39.0,0.5,24.0,0.0,38.5,59.0,17.0,4.75,58.5,19.5,1.0,0,0,0,0,1,0,0,1,0,0,0,0,0,0,0,1,0,0,1
2024-03-18,0.0,0.0,0.0,0.0,0.0,0.0,0.0,0.0,2.5,0.5,24.0,0.0,26.0,11.0,17.0,0.25,4.5,0.0,3.0,0,0,0,0,1,0,0,1,0,0,0,0,0,0,0,1,0,0,1
2024-03-19,2.5,0.0,0.0,0.0,0.0,0.0,0.0,0.0,13.5,0.5,26.0,0.0,20.0,0.5,47.0,0.25,10.5,0.0,1.0,0,0,0,0,1,0,0,1,0,0,0,0,0,0,0,1,0,0,1
2024-03-20,2.5,0.0,0.0,0.0,0.0,0.0,0.0,0.0,13.5,0.5,26.0,0.0,20.0,0.5,47.0,2.0,10.5,0.0,0.5,0,0,0,0,1,0,0,1,0,0,0,0,0,0,0,1,0,0,1
2024-03-21,1.0,0.0,0.0,0.0,0.0,0.0,0.0,0.0,2.5,1.0,0.5,0.0,2.5,0.5,53.0,0.75,0.5,0.0,5.5,0,0,0,0,1,0,0,1,0,0,0,0,0,0,0,1,0,0,1
2024-03-22,1.0,20.0,7.0,52.5,0.0,4.5,0.0,0.0,2.5,1.0,11.5,0.0,6.0,0.5,53.0,0.25,2.0,19.5,0.0,0,0,0,0,1,0,0,1,0,0,0,0,0,0,0,1,0,0,1
2024-03-23,0.0,20.0,7.0,52.5,0.0,4.5,0.0,0.0,27.5,0.5,37.0,0.0,32.0,22.5,4.0,1.5,32.5,30.0,9.0,0,0,0,0,1,0,0,1,0,0,0,0,0,0,0,1,0,0,1
2024-03-24,3.5,5.5,42.0,23.5,0.0,12.0,0.0,0.0,27.5,0.5,37.0,0.0,60.5,59.5,18.0,29.5,32.5,42.5,10.5,0,0,0,0,1,0,0,1,0,0,0,0,0,0,0,1,0,0,1
2024-03-25,3.5,19.5,42.0,22.0,0.0,12.0,0.0,0.0,39.0,0.5,53.5,0.0,60.5,59.5,18.0,24.5,37.0,42.5,10.0,0,0,0,0,1,0,0,1,0,0,0,0,0,0,0,1,0,0,1
2024-03-26,0.0,19.5,21.0,20.0,0.0,0.0,0.0,0.0,39.0,0.5,53.5,0.0,34.0,0.0,0.0,13.5,37.0,4.0,13.0,0,0,0,0,0,0,0,0,0,0,0,0,0,0,0,1,0,0,1
2024-03-27,0.0,0.0,0.0,0.0,0.0,0.0,0.0,0.0,0.0,0.5,5.0,0.0,0.0,0.0,17.5,0.5,0.0,0.0,13.0,0,0,0,0,1,0,0,0,0,0,0,0,0,0,0,1,0,0,1
2024-03-28,14.5,7.5,63.5,41.0,0.0,54.0,0.0,0.0,7.0,0.5,34.5,0.0,36.0,0.0,36.5,24.5,11.0,50.5,3.5,0,0,0,0,1,0,0,1,0,0,0,0,0,0,0,1,0,0,1
2024-03-29,14.5,7.5,63.5,41.0,0.0,54.0,0.0,0.0,7.0,0.5,34.5,0.0,36.0,1.0,37.0,24.5,11.0,50.5,1.5,0,0,0,0,1,0,0,1,0,0,0,0,0,0,0,1,0,0,1
2024-03-30,1.0,0.0,22.5,49.0,0.0,3.5,0.0,0.0,3.0,0.5,6.5,0.0,20.5,4.5,37.0,8.0,2.5,35.0,2.0,0,0,0,0,1,0,0,1,0,0,0,0,0,0,0,1,0,0,1
2024-03-31,1.0,0.0,22.5,49.0,0.0,35.5,0.0,0.0,19.0,0.5,6.5,0.0,24.0,7.0,22.0,0.5,18.5,35.0,2.5,0,0,0,0,1,0,0,0,0,0,0,0,0,0,0,1,0,0,1
2024-04-01,2.0,0.0,4.0,4.0,0.0,35.5,0.0,0.0,19.0,0.5,2.0,0.0,24.0,7.0,12.0,0.5,18.5,15.0,10.0,0,0,0,0,1,0,0,1,0,0,0,0,0,0,0,1,0,0,1
2024-04-02,2.0,0.0,2.5,5.5,0.0,0.5,0.0,0.0,14.0,0.5,20.0,0.0,3.5,1.5,0.5,0.0,7.0,3.0,5.0,1,0,0,0,1,0,0,1,0,0,0,0,0,0,0,1,0,0,1
2024-04-03,3.0,1.5,29.0,13.5,5.5,43.0,0.0,3.5,10.0,0.5,20.0,0.0,9.0,12.0,2.0,1.5,12.5,40.0,1.0,0,0,0,0,1,0,0,0,0,0,0,0,0,0,0,1,0,0,1
2024-04-04,2.0,0.0,0.0,0.0,5.5,43.0,0.0,0.0,4.5,0.5,0.0,0.0,19.5,0.0,0.0,6.0,7.5,0.0,6.0,0,0,0,0,1,0,0,0,0,0,0,0,0,0,0,1,0,0,1
2024-04-05,2.0,0.0,0.0,0.0,5.5,0.5,0.0,0.0,20.5,0.5,0.0,0.0,19.5,0.0,1.0,1.0,7.5,0.0,6.0,0,0,0,0,0,0,0,0,0,0,0,0,0,0,0,1,0,0,1
2024-04-06,0.0,0.0,29.0,8.5,5.5,8.5,0.0,0.0,20.5,0.5,9.0,0.0,27.0,22.5,5.0,7.5,12.5,5.0,2.0,0,0,0,0,0,0,0,1,0,0,0,0,0,0,0,1,0,0,1
2024-04-07,0.0,0.0,29.0,26.0,21.5,8.5,0.0,0.0,7.5,0.5,9.0,0.0,27.0,22.5,22.0,7.5,12.5,5.0,1.0,0,0,0,0,0,0,0,1,0,0,0,0,0,0,0,1,0,0,1
2024-04-08,0.0,0.0,15.5,26.0,21.5,0.5,0.0,0.5,0.5,0.5,19.0,0.0,2.0,2.0,22.0,7.5,0.0,1.0,3.0,0,0,0,0,0,0,0,0,0,0,0,0,0,0,0,1,0,0,1
2024-04-09,9.5,0.0,12.5,10.5,11.0,7.5,0.0,0.5,1.0,0.5,19.0,0.0,1.0,3.0,1.5,11.5,1.0,8.0,0.5,0,0,0,0,0,0,0,1,0,0,0,0,0,0,0,1,0,0,1
2024-04-10,9.5,0.0,12.5,10.5,11.0,7.5,0.0,0.0,1.0,0.5,5.0,0.0,1.5,3.0,1.0,26.5,1.0,8.0,3.0,0,0,0,0,0,0,0,0,0,0,0,0,0,0,0,1,0,0,1
2024-04-11,0.0,0.0,6.0,6.0,0.5,0.0,0.0,0.0,1.0,0.5,5.0,0.0,1.5,0.0,0.5,9.0,1.0,2.0,0.5,0,0,0,0,0,0,0,0,0,0,0,0,0,0,0,1,0,0,1
2024-04-12,0.0,0.0,0.0,0.0,0.0,0.0,0.0,0.0,0.0,0.0,0.0,0.0,0.0,0.0,0.0,11.5,0.0,0.0,7.5,0,0,0,0,0,0,0,0,0,0,0,0,0,0,0,1,0,0,1
2024-04-13,3.0,0.0,14.0,2.0,0.0,3.0,0.0,0.0,47.5,0.0,29.5,0.0,33.5,27.5,29.5,3.5,34.0,10.5,7.5,0,0,0,0,0,0,0,1,0,0,0,0,0,0,0,1,0,0,1
2024-04-14,19.0,14.5,14.0,26.5,0.0,4.0,0.0,3.5,47.5,0.0,29.5,0.0,33.5,3.5,29.5,3.5,34.0,9.5,4.0,0,0,0,0,0,0,0,0,0,0,0,0,0,0,0,1,0,0,1
2024-04-15,19.0,14.5,12.5,26.5,0.0,4.0,0.0,2.0,3.5,0.5,10.0,0.0,3.0,2.5,6.0,6.5,1.0,9.5,11.0,0,0,0,0,0,0,0,0,0,0,0,0,0,0,0,1,0,0,1
2024-04-16,0.0,0.0,1.0,1.0,0.0,4.5,0.0,2.0,3.5,0.5,2.5,0.0,1.5,41.0,9.5,2.5,6.0,4.5,5.5,0,0,0,0,0,0,0,0,0,0,0,0,0,0,0,1,0,0,1
2024-04-17,10.0,0.0,34.0,33.0,0.0,48.0,0.0,1.5,82.0,0.0,30.0,0.0,127.5,41.0,67.5,2.5,85.0,76.0,1.5,0,0,0,0,0,0,0,0,0,0,0,0,0,0,0,1,0,0,1
2024-04-18,13.0,0.0,34.0,33.0,0.0,48.0,0.0,0.0,82.0,0.5,30.0,0.0,127.5,66.5,67.5,10.0,85.0,76.0,2.5,0,0,0,0,0,0,0,0,0,0,0,0,0,0,0,1,0,0,1
2024-04-19,13.0,0.0,40.0,5.5,0.0,28.5,0.0,0.0,81.5,0.5,19.5,0.0,27.5,66.5,37.5,10.0,74.0,81.0,14.5,0,0,0,0,0,0,0,1,0,0,0,0,0,0,0,1,0,0,1
2024-04-20,2.0,3.0,40.0,0.5,0.0,28.5,0.0,0.0,0.5,0.5,0.0,0.0,0.5,2.5,0.0,13.5,2.0,81.0,13.0,0,0,0,0,0,0,0,1,0,0,0,0,0,0,0,1,0,0,1
2024-04-21,1.5,3.0,0.0,0.0,0.0,1.0,0.0,0.0,2.0,0.5,0.0,0.0,0.0,2.0,14.5,17.0,2.0,3.0,3.5,0,0,0,0,0,0,0,1,0,0,0,0,0,0,0,1,0,0,1
2024-04-22,0.0,35.5,0.0,32.0,0.0,1.0,0.0,0.0,43.0,0.0,22.0,0.0,36.0,23.5,28.0,11.5,57.0,3.5,2.5,0,0,0,0,0,0,0,1,0,0,0,0,0,0,0,1,0,0,1
2024-04-23,17.5,35.5,0.0,32.0,0.0,4.5,0.0,0.0,43.0,0.5,70.5,0.0,36.0,25.5,28.0,12.0,57.0,14.5,5.0,0,0,0,0,0,0,0,0,0,0,0,0,0,0,0,1,0,0,1
2024-04-24,19.5,0.0,57.5,76.5,1.0,5.5,0.0,0.0,22.0,0.5,70.5,0.0,29.0,25.5,6.0,14.0,24.5,20.0,28.0,0,0,0,0,0,0,0,1,0,0,0,0,0,0,0,1,0,0,1
2024-04-25,19.5,74.0,57.5,76.5,71.0,27.5,0.0,0.0,9.0,0.0,53.0,0.0,29.0,6.0,7.5,0.5,9.5,20.0,22.5,0,0,0,0,0,0,0,1,0,0,0,0,0,0,0,1,0,0,1
2024-04-26,7.5,74.0,45.0,48.5,71.0,27.5,0.0,0.0,8.5,0.0,53.0,0.0,10.0,6.0,7.5,13.5,9.5,15.5,22.5,0,0,0,0,0,0,0,1,0,0,0,0,0,0,0,1,0,0,1
2024-04-27,0.0,10.5,11.5,18.0,9.0,34.5,0.0,0.0,12.0,0.5,7.0,0.0,5.0,8.5,7.0,13.5,19.0,18.0,12.5,0,0,0,0,0,0,0,1,0,0,0,0,0,0,0,1,0,0,1
2024-04-28,6.5,10.5,11.5,18.0,9.0,34.5,0.0,0.0,12.0,0.5,11.0,0.0,5.0,8.5,12.5,11.0,19.0,18.0,27.0,0,0,0,0,0,0,0,0,0,0,0,0,0,0,0,1,0,0,1
2024-04-29,6.5,0.0,3.0,4.5,0.0,7.5,0.0,0.0,11.0,0.0,11.0,0.0,14.0,7.0,12.5,11.0,9.5,0.0,6.0,0,0,0,0,0,0,0,0,0,0,0,0,0,0,0,1,0,0,1
2024-04-30,0.0,0.0,17.5,9.5,3.5,0.0,0.0,0.0,11.0,0.0,13.0,0.0,14.0,0.0,51.5,15.0,14.0,5.5,4.0,0,0,0,0,0,0,0,1,0,0,0,0,0,0,0,1,0,0,1
2024-05-01,38.5,20.5,86.0,88.0,17.5,97.5,0.0,0.0,38.0,0.0,76.5,0.0,60.5,44.0,51.5,6.0,37.0,98.0,5.0,0,0,0,0,0,0,0,0,0,0,0,0,0,0,0,1,0,0,1
2024-05-02,38.5,20.5,86.0,88.0,17.5,97.5,0.0,85.0,38.0,0.5,76.5,0.0,60.5,44.0,17.0,6.0,37.0,98.0,5.5,0,0,0,0,0,0,0,0,0,0,0,0,0,0,0,1,0,0,1
2024-05-03,22.5,34.0,7.0,32.5,35.0,0.0,0.0,0.0,14.5,0.5,12.0,0.0,10.0,9.5,18.5,6.0,11.0,3.5,7.0,0,0,0,0,0,0,0,0,0,0,0,0,0,0,0,1,0,0,1
2024-05-04,25.0,34.0,7.0,32.5,35.0,0.0,0.0,0.0,11.5,0.0,1.0,0.0,6.5,9.5,18.5,0.5,11.0,3.5,15.5,0,0,0,0,0,0,0,1,0,0,0,0,0,0,0,1,0,0,1
2024-05-05,25.0,2.5,1.0,23.0,16.0,0.5,0.0,0.0,0.5,0.0,3.0,0.0,0.5,0.0,0.5,1.5,0.5,7.5,0.75,0,0,0,0,0,0,0,1,0,0,0,0,0,0,0,1,0,0,1
2024-05-06,0.5,6.5,1.0,23.0,16.0,2.5,0.0,0.0,0.0,0.5,3.0,0.0,1.0,0.0,0.0,7.0,0.0,50.0,8.75,0,0,0,0,0,0,0,1,0,0,0,0,0,0,0,1,0,0,1
2024-05-07,14.5,6.5,52.0,10.5,15.0,16.5,0.0,0.0,37.0,0.5,61.0,0.0,36.0,37.0,36.0,7.0,16.5,50.0,9.0,0,0,0,0,0,0,0,1,0,0,0,0,0,0,0,1,0,0,1
2024-05-08,18.5,6.0,52.0,10.5,12.5,16.5,0.0,0.0,37.0,0.0,61.0,0.0,36.0,37.0,36.0,0.5,16.5,15.5,5.5,0,0,0,0,0,0,0,1,0,0,0,0,0,0,0,1,0,0,1
2024-05-09,18.5,6.0,7.5,1.0,12.5,6.5,0.0,0.0,25.5,0.0,36.5,0.0,14.5,31.5,3.0,4.5,9.5,15.0,1.0,0,0,0,0,0,0,0,1,0,0,0,0,0,0,0,1,0,0,1
2024-05-10,0.0,0.0,7.5,0.0,0.0,0.0,0.0,0.0,25.5,0.5,1.0,0.0,14.5,3.5,0.0,7.0,9.5,15.0,2.0,0,0,0,0,0,0,0,1,0,0,0,0,0,0,0,1,0,0,1
2024-05-11,69.5,35.5,71.0,78.5,29.0,33.0,0.0,2.5,38.0,0.5,46.0,0.0,48.5,17.0,78.0,0.5,31.0,43.5,1.5,0,0,0,0,0,0,0,1,0,0,0,0,0,0,0,1,0,0,1
2024-05-12,69.5,35.5,71.0,78.5,29.0,33.0,0.0,9.5,38.0,0.0,46.0,0.0,48.5,14.5,77.5,1.5,31.0,43.5,1.5,0,0,0,0,0,0,0,1,0,0,0,0,0,0,0,1,0,0,1
2024-05-13,34.0,12.0,12.5,2.0,7.0,20.0,0.0,7.75,5.0,0.0,11.5,0.0,45.0,27.5,36.0,4.5,14.5,21.5,1.5,0,0,0,0,0,0,0,1,0,0,0,0,0,0,0,1,0,0,1
2024-05-14,7.5,0.0,12.5,2.0,1.0,20.0,0.0,12.5,5.0,0.0,2.0,0.0,45.0,27.5,13.5,4.5,3.5,21.5,1.5,0,0,0,0,0,0,0,1,0,0,0,0,0,0,0,1,0,0,1
2024-05-15,8.5,0.0,4.0,1.5,0.5,36.0,0.0,0.5,8.0,0.5,5.5,0.0,22.5,21.0,15.0,1.5,11.0,24.5,3.0,0,0,0,0,0,0,0,1,0,0,0,0,0,0,0,1,0,0,1
2024-05-16,1.0,31.5,18.5,38.0,35.5,34.5,0.0,0.0,11.5,0.5,14.0,0.0,22.5,21.0,11.5,1.5,11.5,24.5,1.5,0,0,0,0,0,0,0,1,0,0,0,0,0,0,0,1,0,0,1
2024-05-17,6.5,31.5,18.5,38.0,35.5,22.0,0.0,7.5,11.5,0.0,14.0,0.0,14.5,8.5,0.0,3.5,8.5,24.0,6.0,0,0,0,0,0,0,0,1,0,0,0,0,0,0,0,1,0,0,1
2024-05-18,6.5,4.0,0.5,0.0,10.0,0.0,0.0,9.0,0.0,0.0,0.0,0.0,0.0,0.0,0.0,16.25,0.0,0.5,8.0,0,0,0,0,0,0,0,1,0,0,0,0,0,0,0,1,0,0,1
2024-05-19,3.0,4.0,0.5,0.0,10.0,0.0,0.0,6.0,0.0,0.0,0.0,0.0,0.0,0.0,0.0,1.25,0.0,0.0,0.0,0,0,0,0,0,0,0,1,0,0,0,0,0,0,0,1,0,0,1
2024-05-20,0.0,7.5,0.0,20.5,0.5,0.0,0.0,0.0,5.0,0.0,6.5,0.0,31.0,22.5,19.0,0.0,9.5,16.0,0.5,0,0,0,0,0,0,0,1,0,0,0,0,0,0,0,1,0,0,1
2024-05-21,6.5,19.5,7.0,20.5,14.0,0.5,0.0,0.0,5.0,0.5,6.5,0.0,31.0,22.5,19.0,5.0,9.5,16.0,3.0,0,0,0,0,0,0,0,1,0,0,0,0,0,0,0,1,0,0,1
2024-05-22,6.5,19.5,7.0,11.5,14.0,6.0,0.0,0.0,2.0,0.5,31.0,0.0,2.0,3.0,0.0,4.0,5.5,1.0,0.5,0,0,0,0,0,0,0,1,0,0,0,0,0,0,0,1,0,0,1
2024-05-23,24.5,14.5,3.0,17.0,19.0,6.0,0.0,0.0,6.5,0.0,31.0,0.0,17.5,60.0,1.0,5.0,22.0,22.0,3.5,0,0,0,0,0,0,0,1,0,0,0,0,0,0,0,1,0,0,1
2024-05-24,25.5,15.0,5.0,17.5,19.0,6.0,0.0,31.5,6.5,0.0,13.0,0.0,18.0,60.0,2.0,22.25,22.5,22.5,5.0,0,0,0,0,0,0,0,1,0,0,0,0,0,0,0,1,0,0,1
2024-05-25,8.0,10.0,5.0,6.5,13.0,2.5,0.0,19.0,2.0,0.0,3.5,0.0,2.0,3.0,26.0,13.5,1.5,3.0,4.5,0,0,0,0,0,0,0,1,0,0,0,0,0,0,0,1,0,0,1
2024-05-26,4.0,9.5,2.0,5.0,13.0,0.5,0.0,0.0,0.5,1.0,2.0,0.0,0.0,0.0,26.0,12.0,0.5,0.5,0.0,0,0,0,0,0,0,0,1,0,0,0,0,0,0,0,1,0,0,1
2024-05-27,4.0,2.5,2.0,2.5,3.0,3.0,0.0,0.0,0.5,1.0,1.0,0.0,0.0,1.5,17.0,9.25,2.5,0.5,0.25,0,0,0,0,0,0,0,1,0,0,0,0,0,0,0,1,0,0,1
2024-05-28,3.0,84.5,46.0,67.0,65.0,3.0,0.0,0.0,1.0,0.0,21.0,0.0,1.0,1.5,17.0,2.75,2.5,30.0,0.0,0,0,0,0,0,0,0,1,0,0,0,0,0,0,0,1,0,0,1
2024-05-29,3.0,84.5,46.0,67.0,65.0,42.5,0.0,0.0,3.5,0.0,21.0,0.0,17.5,64.0,6.0,0.0,11.5,30.0,0.0,0,0,0,0,0,0,0,1,0,0,0,0,0,0,0,1,0,0,1
2024-05-30,0.0,1.5,18.0,0.5,1.5,42.5,0.0,0.0,3.5,0.0,3.5,0.0,17.5,64.0,6.0,0.75,11.5,18.5,0.0,0,0,0,0,0,0,0,1,0,0,0,0,0,0,0,1,0,0,1
2024-05-31,12.5,40.0,4.0,33.5,45.5,5.0,0.0,0.0,5.5,0.0,32.5,0.0,9.0,2.5,0.0,0.75,4.0,1.5,0.0,0,0,0,0,0,0,0,1,0,0,0,0,0,0,0,1,0,0,1
2024-06-01,17.5,48.5,4.5,33.5,45.0,41.0,0.0,0.0,40.0,0.0,47.5,0.0,65.0,19.0,1.0,0.25,35.0,15.5,0.0,0,0,0,0,0,0,0,1,0,0,0,0,0,0,0,1,0,0,1
2024-06-02,8.0,48.5,6.5,19.0,36.5,41.0,0.0,0.0,40.0,0.5,47.5,0.0,65.0,19.0,2.5,5.5,35.0,15.5,0.0,0,0,0,0,0,0,0,0,0,0,0,0,0,0,0,1,0,0,1
2024-06-03,19.0,52.0,26.5,74.5,41.5,0.5,0.0,7.0,38.0,0.5,70.0,0.0,33.0,11.5,2.5,2.25,24.0,13.0,1.0,0,0,0,0,0,0,0,0,0,0,0,0,0,0,0,1,0,0,1
2024-06-04,19.0,52.5,25.0,69.0,42.0,1.5,0.0,30.0,27.0,0.0,67.0,0.0,33.0,8.5,1.0,10.5,24.5,19.0,0.75,0,0,0,0,0,0,0,0,0,0,0,0,0,0,0,1,0,0,1
2024-06-05,13.0,14.0,0.5,14.5,15.0,1.5,0.0,30.0,4.5,0.0,3.5,0.0,7.0,8.5,0.5,0.5,14.0,19.0,3.5,0,0,0,0,0,0,0,0,0,0,0,0,0,0,0,1,0,0,1
2024-06-06,0.0,0.0,4.5,0.0,0.0,0.0,0.0,0.0,2.0,0.0,0.0,0.0,2.5,0.0,0.5,0.0,0.5,0.5,0.5,0,0,0,0,0,0,0,0,0,0,0,0,0,0,0,1,0,0,1
2024-06-07,0.0,0.0,4.5,0.0,0.0,2.0,0.0,0.0,0.0,0.5,0.0,0.0,0.0,0.0,0.0,5.5,0.0,0.0,0.5,0,0,0,0,0,0,0,0,0,0,0,0,0,0,0,1,0,0,1
2024-06-08,0.0,0.0,0.0,0.0,0.0,24.5,0.0,0.0,30.0,0.5,1.0,0.0,4.5,17.5,0.0,17.5,22.0,8.0,0.0,0,0,0,0,0,0,0,1,0,0,0,0,0,0,0,1,0,0,1
2024-06-09,2.0,0.0,0.0,0.0,0.0,24.5,0.0,0.0,30.0,0.0,8.5,0.0,4.5,17.5,0.0,1.5,22.0,10.0,0.0,0,0,0,0,0,1,0,1,0,0,0,0,0,0,0,1,0,0,1
2024-06-10,2.0,1.5,9.0,11.5,4.0,18.5,0.0,0.0,0.5,0.0,8.5,0.0,3.0,2.5,0.0,10.5,1.0,19.0,0.0,0,0,0,0,0,0,0,1,0,0,0,0,0,0,0,1,0,0,1
2024-06-11,0.0,1.5,9.0,11.5,4.0,18.5,0.0,0.0,0.0,0.0,36.0,0.0,22.5,1.5,0.0,10.5,0.0,19.0,0.0,0,0,0,0,0,0,0,1,0,0,0,0,0,0,0,1,0,0,1
2024-06-12,15.0,24.0,0.5,13.5,24.5,9.0,0.0,0.0,7.5,0.0,3.0,0.0,22.5,27.0,0.5,5.75,12.0,2.0,0.5,0,0,0,0,0,0,0,1,0,0,0,0,0,0,0,1,0,0,1
2024-06-13,21.0,24.0,4.0,13.5,24.5,9.0,0.0,0.0,7.5,0.0,0.0,0.0,10.5,27.0,0.5,5.0,12.0,2.0,13.0,0,0,0,0,0,0,0,1,0,0,0,0,0,0,0,1,0,0,1
2024-06-14,21.5,0.0,4.0,0.0,0.5,2.5,0.0,0.0,8.0,0.0,0.0,0.0,4.5,1.0,0.0,1.5,6.5,4.5,1.5,0,0,0,0,0,0,0,1,0,0,0,0,0,0,0,1,0,0,1
2024-06-15,21.5,0.0,0.5,0.0,0.0,1.5,0.0,0.0,19.5,0.5,4.5,0.0,41.0,1.5,0.0,2.5,17.5,26.5,2.5,0,0,0,0,0,0,0,1,0,0,0,0,0,0,1,1,0,0,1
2024-06-16,2.5,8.0,6.5,1.0,8.5,2.0,0.0,0.0,19.5,0.5,4.5,0.0,41.0,6.5,0.0,2.5,17.5,26.5,7.0,0,0,0,0,0,0,0,0,0,0,0,0,0,0,0,1,0,0,1
2024-06-17,33.0,31.0,41.5,39.5,31.5,30.0,0.0,0.0,51.0,0.0,43.5,0.0,42.0,40.0,0.5,1.5,45.0,33.0,5.5,0,0,0,0,0,0,0,1,0,0,0,0,0,0,0,1,0,0,1
2024-06-18,33.0,31.0,41.5,39.5,32.0,30.0,0.0,0.0,51.0,0.0,43.5,0.0,42.0,40.0,0.5,1.0,45.0,33.0,3.0,0,0,0,0,0,0,0,1,0,0,0,0,0,0,1,1,0,0,1
2024-06-19,0.0,0.0,0.0,0.0,0.0,2.0,0.0,0.0,1.5,0.5,0.5,0.0,0.0,1.0,0.0,5.0,0.0,0.5,15.0,0,0,0,0,0,0,0,1,0,0,0,0,0,0,0,1,0,0,1
2024-06-20,7.5,2.5,5.0,12.0,2.5,8.5,0.0,0.0,9.0,0.5,14.5,0.0,8.0,9.0,0.5,8.0,6.0,6.0,15.0,0,0,0,0,0,0,0,1,0,0,0,0,0,0,0,1,0,0,1
2024-06-21,11.5,2.5,5.0,12.0,2.5,8.5,0.0,0.0,9.0,0.0,14.5,0.0,8.0,9.0,0.5,1.0,6.0,6.0,0.5,0,0,0,0,0,0,0,1,0,0,0,0,0,0,0,1,0,0,1
2024-06-22,11.5,1.0,2.0,5.5,2.0,3.0,0.0,0.0,0.5,0.0,3.0,0.0,0.0,1.5,0.5,1.0,1.0,1.0,0.0,0,0,0,0,0,0,0,1,0,0,0,0,0,0,1,1,0,0,1
2024-06-23,3.5,1.0,2.0,1.0,1.0,3.0,0.0,0.0,0.5,0.0,0.5,0.0,0.0,1.5,0.0,1.0,1.0,1.0,0.0,0,0,0,0,0,0,0,1,0,0,0,0,0,0,0,1,0,0,1
2024-06-24,0.0,0.0,0.0,0.0,0.0,0.0,0.0,0.0,0.0,0.0,0.0,0.0,0.0,0.0,0.0,0.5,0.0,0.0,0.0,0,0,0,0,0,0,0,1,0,0,0,0,0,0,0,1,0,0,1
2024-06-25,1.0,0.0,0.0,0.0,0.0,3.5,0.0,0.0,58.0,0.0,0.5,0.0,23.0,38.0,0.0,1.0,27.5,0.0,3.0,0,0,0,0,0,0,0,1,0,0,0,0,0,0,0,1,0,0,1
2024-06-26,4.0,25.5,19.0,23.5,32.0,3.5,0.0,0.5,58.0,0.0,3.5,0.0,23.0,38.0,0.0,1.0,27.5,1.0,3.0,0,0,0,0,0,0,0,1,0,0,0,0,0,0,0,1,0,0,1
2024-06-27,6.0,26.0,19.5,24.0,32.5,1.5,0.0,1.0,2.0,0.0,4.0,0.0,3.5,12.0,0.0,0.5,5.5,1.5,0.0,0,0,0,0,0,0,0,1,0,0,0,0,0,0,0,1,0,0,1
2024-06-28,13.5,13.0,53.5,18.5,11.5,11.5,0.0,1.5,81.0,0.0,59.5,0.0,75.0,14.5,0.0,0.0,70.5,17.0,0.0,0,0,0,0,0,0,0,1,0,0,0,0,0,0,0,1,0,0,1
2024-06-29,13.5,13.0,53.5,18.5,11.5,11.5,0.0,0.5,81.0,0.5,59.5,0.0,75.0,14.5,0.0,0.0,70.5,17.0,0.0,0,0,0,0,0,0,0,1,0,0,0,0,0,0,0,1,0,0,1
2024-06-30,31.0,10.5,4.5,3.0,5.5,3.0,0.0,0.5,3.5,0.5,2.0,0.0,3.5,2.5,0.0,0.0,3.0,4.5,0.0,0,0,0,0,0,0,0,1,0,0,0,0,0,0,0,1,0,0,1
2024-07-01,31.0,4.5,4.5,3.0,5.0,23.5,0.0,4.5,3.5,0.0,2.0,0.0,3.5,2.5,0.0,0.0,3.0,4.5,0.0,0,0,0,0,0,0,0,1,0,0,0,0,0,0,0,1,0,0,1
2024-07-02,0.0,0.0,0.0,0.5,0.0,25.5,0.0,4.5,0.5,0.0,0.5,0.0,0.0,0.5,0.0,2.0,0.5,1.5,0.0,0,0,0,0,0,0,0,1,0,0,0,0,0,0,0,1,0,0,1
2024-07-03,0.0,0.0,0.0,0.0,0.0,1.0,0.0,2.5,0.5,0.0,0.0,0.0,0.0,0.0,0.0,2.0,0.5,1.0,0.0,0,0,0,0,0,0,0,1,0,0,0,0,0,0,0,1,0,0,1
2024-07-04,1.0,6.5,1.0,6.5,7.0,3.5,0.0,4.5,3.0,0.0,4.5,0.0,2.0,1.5,0.0,2.0,2.5,2.5,0.0,0,0,0,0,0,0,0,1,0,0,0,0,0,0,0,1,0,0,1
2024-07-05,1.0,6.5,3.0,6.5,0.5,54.0,0.0,1.0,3.0,0.0,4.5,0.0,2.0,22.5,0.0,2.0,2.5,20.5,0.5,0,0,0,0,0,0,0,1,0,0,0,0,0,0,1,1,0,0,1
2024-07-06,4.5,1.0,3.0,2.0,0.5,0.0,0.0,1.0,1.5,0.0,0.5,0.0,1.5,23.0,0.0,2.0,1.5,20.5,0.5,0,0,0,0,0,0,0,1,0,0,0,0,0,0,0,1,0,0,1
2024-07-07,22.0,16.0,4.5,22.0,18.5,0.0,0.0,1.0,34.5,0.0,10.0,0.0,11.0,14.5,0.0,22.5,21.0,11.5,0.0,0,0,0,0,0,0,0,1,0,0,0,0,0,0,0,1,0,0,1
2024-07-08,22.0,16.0,4.5,22.0,18.5,22.5,0.0,4.5,33.0,0.0,10.0,0.0,11.0,15.0,0.0,3.0,21.0,11.0,1.0,0,0,0,0,0,0,0,1,0,0,0,0,0,0,0,1,0,0,1
2024-07-09,23.0,4.0,25.0,21.0,3.5,0.5,0.0,4.0,16.5,0.0,22.0,0.0,23.5,8.0,0.0,3.0,21.0,10.0,20.25,0,0,0,0,0,0,0,1,0,0,0,0,0,0,0,1,1,0,1
2024-07-10,23.0,53.5,37.5,57.5,54.0,3.5,0.0,8.5,28.0,0.5,40.5,1.0,38.5,28.5,0.0,3.0,20.5,21.5,4.5,0,0,0,0,0,0,0,1,0,0,0,0,0,0,0,1,0,0,1
2024-07-11,17.0,53.5,37.5,57.5,54.0,0.0,0.0,6.0,28.0,0.5,40.5,1.0,38.5,28.5,0.0,8.5,20.5,21.5,9.75,0,0,0,0,0,0,0,1,0,0,0,0,0,0,0,1,0,0,1
2024-07-12,8.0,18.0,8.0,20.0,16.0,0.0,0.0,6.0,20.5,0.0,20.5,0.0,16.0,28.0,0.0,0.0,14.0,24.5,9.75,0,0,0,0,0,0,0,1,0,0,0,0,0,0,0,1,0,0,1
2024-07-13,8.0,18.0,8.0,20.0,16.0,0.0,0.0,0.5,20.5,0.0,20.5,0.0,16.0,28.0,0.0,0.0,14.0,24.5,0.0,0,0,0,0,0,0,0,1,0,0,0,0,0,0,0,1,0,0,1
2024-07-14,0.0,0.0,0.0,0.0,0.0,0.0,0.0,0.0,0.0,0.0,0.0,0.0,0.5,0.0,0.0,0.0,0.0,4.0,0.0,0,0,0,0,0,0,0,1,0,0,0,0,0,0,1,1,0,0,1
2024-07-15,0.0,0.0,0.0,0.0,0.0,0.0,0.0,0.0,0.0,0.0,0.0,0.0,0.5,0.0,0.0,0.0,0.0,4.0,0.0,0,0,0,0,0,0,0,1,0,0,0,0,0,0,0,1,0,0,1
2024-07-16,0.5,0.0,0.0,0.5,0.0,2.0,0.0,0.0,0.0,0.0,0.0,0.0,0.0,0.5,0.0,0.0,0.0,0.0,0.0,0,0,0,0,0,0,0,1,0,0,0,0,0,0,0,1,0,0,1
2024-07-17,0.5,0.0,0.5,0.5,1.0,0.0,0.0,0.0,0.0,0.0,0.0,0.0,0.0,0.5,0.0,0.0,0.0,0.0,0.0,0,0,0,0,0,0,0,1,0,0,0,0,0,0,0,1,0,0,1
2024-07-18,0.5,0.0,0.5,0.0,1.0,0.0,0.0,0.0,0.0,0.0,0.0,0.0,0.0,0.0,0.0,0.0,0.0,0.0,0.0,0,0,0,0,0,0,0,1,0,0,0,0,0,0,0,1,0,0,1
2024-07-19,13.0,9.5,9.0,10.5,6.0,2.5,0.0,0.0,18.0,0.0,5.0,0.0,13.0,33.0,0.0,0.0,16.0,14.0,0.0,0,0,0,0,0,0,0,1,0,0,0,0,0,0,0,1,0,0,1
2024-07-20,13.0,9.5,9.0,10.5,6.0,0.0,0.0,0.0,18.0,0.0,5.0,0.0,13.0,33.0,0.0,0.0,16.0,14.0,0.0,0,0,0,0,0,0,0,1,0,0,0,0,0,0,0,1,0,0,1
2024-07-21,0.0,0.0,0.0,0.0,0.0,0.0,0.0,0.0,0.0,0.0,0.0,0.0,0.0,0.0,0.0,0.0,0.0,0.0,4.0,0,0,0,0,0,0,0,1,0,0,0,0,0,0,0,1,0,0,1
2024-07-22,0.0,0.0,0.0,0.0,0.0,0.0,0.0,11.5,0.0,0.0,0.0,0.0,0.0,0.0,0.0,0.0,0.0,0.0,8.0,0,0,0,0,0,0,0,1,0,0,0,0,0,0,0,1,0,0,1
2024-07-23,0.0,0.0,0.0,0.0,0.0,0.0,0.0,12.5,0.0,0.0,0.0,0.0,0.0,0.0,0.0,0.0,0.0,0.0,4.0,0,0,0,0,0,0,0,1,0,0,0,0,0,0,0,1,0,0,1
2024-07-24,0.0,0.0,0.0,0.0,0.0,0.0,0.0,0.5,0.0,0.0,0.0,0.0,0.0,0.0,0.0,0.0,0.0,0.0,0.25,0,0,0,0,0,0,0,1,0,0,0,0,0,0,0,1,0,0,1
2024-07-25,0.0,0.0,0.0,0.0,0.0,0.0,0.0,0.5,0.0,0.0,0.0,0.0,0.0,0.0,0.0,0.0,0.0,0.0,0.25,0,0,0,0,0,0,0,1,0,0,0,0,0,0,0,1,0,0,1
2024-07-26,0.0,0.0,0.0,0.0,0.0,0.0,0.0,1.0,0.0,0.0,0.0,0.0,0.0,0.0,0.0,0.0,0.0,0.0,7.25,0,0,0,0,0,0,0,1,0,0,0,0,0,0,0,1,0,0,1
2024-07-27,0.0,0.0,0.0,0.0,0.0,0.0,0.0,1.0,0.0,0.0,0.0,0.0,0.0,0.0,0.0,0.25,0.0,0.0,6.25,0,0,0,0,0,0,0,1,0,0,0,0,0,0,0,1,0,0,1
2024-07-28,0.0,0.0,0.0,0.0,0.0,0.0,0.0,0.0,0.0,0.0,0.0,0.0,0.0,0.0,0.0,0.25,0.0,0.0,1.25,0,0,0,0,0,0,0,1,0,0,0,0,0,0,0,1,0,0,1
2024-07-29,0.0,3.0,3.5,3.0,2.5,13.5,0.0,6.0,2.5,0.0,3.5,0.0,4.0,13.0,4.5,5.25,2.5,7.5,2.75,0,0,0,0,0,0,0,1,0,0,0,0,0,0,0,1,0,0,1
2024-07-30,22.0,3.5,3.5,18.0,5.0,0.0,0.0,0.5,4.0,0.0,5.5,0.0,20.0,32.0,4.5,1.25,6.0,7.5,0.0,0,0,0,0,0,0,0,1,0,0,0,0,0,0,0,1,0,0,1
2024-07-31,22.0,3.5,3.0,18.0,5.0,0.0,0.0,2.0,4.0,0.0,5.5,0.0,20.0,32.0,0.0,17.25,6.0,5.5,13.75,0,0,0,0,0,0,0,1,0,0,0,0,0,0,0,1,0,0,1
2024-08-01,2.5,3.5,3.0,4.0,2.5,0.0,0.0,0.5,1.5,0.0,1.5,0.0,1.5,3.5,0.0,8.5,2.0,5.5,16.5,0,0,0,0,0,0,0,1,0,0,0,0,0,0,0,1,0,0,1
2024-08-02,16.5,0.5,0.0,0.5,0.5,0.0,0.0,0.0,1.5,0.0,0.0,0.0,0.0,0.0,0.0,0.0,2.0,1.0,0.0,0,0,0,0,0,0,0,1,0,0,0,0,0,0,0,1,1,0,1
2024-08-03,16.5,24.5,6.0,13.0,36.0,1.0,0.0,0.5,1.5,0.0,14.0,0.0,1.5,0.0,0.0,4.25,0.0,1.0,7.5,0,0,0,0,0,0,0,1,0,0,0,0,0,0,0,1,0,0,1
2024-08-04,18.0,24.5,28.5,43.0,51.5,24.0,0.0,0.0,32.5,0.0,71.0,0.0,35.0,14.5,0.0,11.0,28.5,26.5,7.5,0,0,0,0,0,0,0,1,0,0,0,0,0,0,0,1,0,0,1
2024-08-05,18.0,17.5,29.5,43.0,51.5,0.5,0.0,5.0,58.0,0.0,71.0,0.0,60.5,33.5,0.0,0.25,49.5,26.5,0.0,0,0,0,0,0,0,0,1,0,0,0,0,0,0,0,1,0,0,1
2024-08-06,17.0,12.0,29.5,3.5,28.0,0.0,0.0,0.0,58.0,0.0,7.0,0.0,60.5,33.5,0.5,0.25,49.5,5.5,0.0,0,0,0,0,0,0,0,1,0,0,0,0,0,0,0,1,0,0,1
2024-08-07,44.5,2.5,9.5,4.0,2.5,21.5,0.0,0.0,19.5,0.0,4.0,0.0,19.0,74.5,0.5,3.5,14.0,5.5,1.0,0,0,0,0,0,0,0,1,0,0,0,0,0,0,0,1,0,0,1
2024-08-08,44.5,2.5,9.5,4.0,2.5,0.0,0.0,0.0,19.5,0.0,4.0,0.0,19.0,74.5,0.0,0.0,14.0,5.5,1.0,0,0,0,0,0,0,0,1,0,0,0,0,0,0,0,1,0,0,1
2024-08-09,4.0,7.5,8.0,15.5,7.5,1.0,0.0,0.0,0.0,0.0,4.0,0.0,2.5,0.0,7.5,0.0,0.0,13.0,0.0,0,0,0,0,0,0,0,1,0,1,1,0,0,0,0,1,0,0,1
2024-08-10,5.0,7.5,13.5,15.5,7.0,0.0,0.0,0.0,1.0,0.0,4.0,0.0,2.5,22.5,7.5,0.0,1.0,15.5,0.0,0,0,0,0,0,0,0,1,0,1,1,0,0,0,0,1,0,0,1
2024-08-11,18.5,9.0,62.0,85.0,47.0,19.5,0.0,0.0,34.5,0.0,4.0,0.0,28.0,48.5,3.5,0.0,35.5,24.5,0.0,0,0,0,0,0,0,0,1,0,1,1,0,0,0,0,1,0,0,1
2024-08-12,18.5,9.0,62.0,85.0,47.0,0.0,0.0,0.0,34.5,0.0,4.0,0.0,28.0,48.5,0.0,0.0,35.5,24.5,0.0,0,0,0,0,0,0,0,1,0,1,1,0,0,0,0,1,0,0,1
2024-08-13,0.0,16.5,0.0,0.0,0.5,0.0,0.0,0.0,0.0,0.0,4.0,0.0,0.0,0.0,0.0,0.0,0.0,0.0,1.0,0,0,0,0,0,0,0,1,0,1,1,0,0,0,0,1,0,0,1
2024-08-14,0.5,16.5,0.0,0.0,0.5,0.0,0.0,0.0,0.0,0.0,4.0,0.0,0.0,0.0,0.0,0.0,0.0,0.0,0.5,0,0,0,0,0,0,0,0,0,1,1,0,0,0,0,1,0,0,1
2024-08-15,0.5,5.5,12.5,6.0,5.0,0.0,0.0,1.5,8.5,0.0,1.0,0.5,11.5,3.0,11.0,0.0,12.5,32.5,85.0,0,0,0,0,0,0,0,0,0,1,0,0,0,0,0,1,0,0,1
2024-08-16,1.5,41.0,38.0,76.5,32.0,0.0,0.0,1.5,37.5,33.0,45.0,57.0,11.0,3.0,11.0,0.0,28.5,32.5,85.0,0,0,0,0,0,0,0,0,0,1,0,0,0,0,0,1,0,0,1
2024-08-17,5.5,41.0,38.0,76.5,32.0,35.0,0.0,8.0,42.0,0.0,58.0,57.0,55.0,54.5,4.5,0.0,43.0,76.5,85.0,0,0,0,0,0,0,0,0,0,1,0,0,0,0,0,1,0,0,1
2024-08-18,5.5,4.5,22.5,28.5,3.0,1.5,0.0,8.0,42.0,17.5,58.0,31.0,55.0,54.5,30.5,0.0,43.0,76.5,85.0,0,0,0,0,0,0,0,0,0,1,0,0,0,0,0,1,0,0,1
2024-08-19,0.5,44.0,8.0,48.0,38.5,0.5,0.0,0.0,14.0,17.5,20.0,5.0,6.5,26.5,40.5,0.0,20.0,3.0,85.0,0,0,0,0,0,0,0,0,0,1,0,0,0,0,0,1,0,0,1
2024-08-20,9.0,69.0,42.5,83.0,75.5,5.5,8.5,0.0,11.0,2.0,23.5,13.0,9.5,31.0,40.5,0.0,18.5,15.0,85.0,0,0,0,0,0,0,0,0,0,1,0,0,0,0,0,1,0,0,1
2024-08-21,9.0,69.0,42.5,83.0,75.5,0.0,8.5,0.0,11.0,2.0,23.5,13.0,9.5,31.0,0.0,0.0,18.5,15.0,85.0,0,0,0,0,0,0,0,0,0,1,0,0,0,0,0,1,0,0,1
2024-08-22,11.0,49.0,26.5,65.0,46.0,70.5,4.0,15.5,61.0,0.0,142.5,83.5,95.0,12.0,60.0,0.0,38.5,65.0,85.0,0,0,0,0,0,0,0,0,0,1,0,0,0,0,0,1,0,0,0
2024-08-23,13.5,49.0,36.5,64.5,45.5,70.5,4.0,15.5,61.0,0.0,142.5,83.5,95.0,23.5,23.5,0.0,38.5,65.0,85.0,0,0,0,0,0,0,0,0,0,1,0,0,0,0,0,1,0,0,0
2024-08-24,13.5,30.5,36.5,63.5,32.0,7.0,6.0,6.0,29.5,0.0,76.5,82.0,32.5,23.5,23.5,0.0,30.5,16.0,83.5,0,0,0,0,0,0,0,0,0,1,0,0,0,0,0,1,0,0,0
2024-08-25,5.5,4.5,1.0,1.5,4.5,35.5,37.0,2.5,1.5,0.5,2.0,7.0,1.5,53.0,1.0,0.0,0.5,7.0,1.5,0,0,0,0,0,0,0,0,0,1,0,0,0,0,0,1,0,0,0
2024-08-26,14.0,25.5,29.5,13.0,33.5,35.5,22.0,2.5,29.0,0.5,8.5,16.5,31.0,53.0,0.0,3.5,23.0,25.5,5.0,0,0,0,0,0,0,0,1,0,1,0,0,0,0,0,1,0,0,0
2024-08-27,38.5,25.5,43.0,27.0,33.5,39.5,25.5,18.0,30.5,20.0,32.0,36.0,31.0,30.0,15.5,3.5,23.0,40.0,17.5,0,0,0,0,0,0,0,0,0,1,0,0,0,0,0,1,0,0,0
2024-08-28,39.0,19.0,42.5,28.0,16.5,39.5,24.0,0.0,29.0,20.0,32.5,36.5,28.5,30.0,15.5,3.5,18.5,39.5,18.0,0,0,0,0,0,0,0,0,0,1,0,0,0,0,0,1,0,0,0
2024-08-29,0.5,0.5,0.0,0.5,0.5,0.5,0.0,0.0,0.0,3.0,0.0,0.0,0.5,0.0,1.0,3.5,0.5,0.0,0.0,0,0,0,0,0,0,0,0,0,1,0,0,0,0,0,1,0,0,0
2024-08-30,0.0,0.0,0.0,0.0,0.0,0.0,0.0,0.0,0.0,0.0,0.0,0.0,0.0,0.0,0.0,1.75,0.0,0.0,0.0,0,0,0,0,0,0,0,0,0,1,0,0,0,0,0,1,0,0,0
2024-08-31,10.5,13.0,1.0,3.0,20.5,25.5,0.0,0.5,7.5,4.5,2.0,2.0,5.0,1.0,0.0,1.75,5.0,5.5,0.0,0,0,0,0,0,0,1,0,0,1,0,0,0,0,0,1,0,0,0
2024-09-01,10.5,13.0,1.0,3.0,20.5,25.5,0.0,0.0,7.5,4.5,2.0,2.0,5.0,1.0,0.0,1.75,5.0,5.5,0.0,0,0,0,0,0,0,1,0,0,1,0,0,0,0,0,1,0,0,0
2024-09-02,0.0,0.0,0.0,9.0,0.0,2.0,0.0,0.5,3.0,2.0,4.0,9.5,0.5,2.5,0.0,1.75,0.0,0.0,0.0,0,0,0,0,0,0,1,0,0,1,0,0,0,0,0,1,0,0,0
2024-09-03,1.0,8.5,0.0,21.5,9.0,2.5,0.0,2.5,3.5,46.0,19.5,10.5,0.5,2.5,0.0,4.0,0.0,4.0,0.0,0,0,0,0,0,0,1,0,0,1,0,0,0,0,0,1,0,0,0
2024-09-04,1.0,8.5,0.0,2.5,9.0,0.5,0.0,0.0,0.0,46.0,0.5,0.0,0.0,0.5,0.0,4.0,0.0,0.0,0.0,0,0,0,0,0,0,1,0,0,1,0,0,0,0,0,1,0,0,1
2024-09-05,14.5,0.0,0.0,0.0,0.0,0.5,0.0,0.0,0.0,0.25,1.5,0.0,0.0,0.0,0.5,4.0,0.0,12.0,0.0,0,0,0,0,0,0,1,0,0,1,0,0,0,0,0,1,0,0,1
2024-09-06,14.5,0.0,0.0,0.5,0.0,26.0,0.5,0.0,0.0,0.0,1.5,0.0,1.5,0.0,0.5,4.0,0.0,12.0,0.0,0,0,0,0,0,0,0,0,0,1,0,0,0,0,0,1,0,0,1
2024-09-07,28.0,29.0,2.0,5.0,25.0,26.0,3.5,0.5,12.5,0.0,21.0,88.5,1.5,1.0,1.0,8.0,4.5,10.0,0.0,0,0,0,0,0,0,0,0,0,1,0,0,0,0,0,1,0,0,1
2024-09-08,28.0,33.5,4.5,10.0,30.0,1.0,3.5,0.5,11.0,2.0,23.0,65.5,1.5,1.0,1.0,2.5,4.0,10.0,0.0,0,0,0,0,0,0,0,0,0,1,0,0,0,0,0,1,0,0,1
2024-09-09,28.5,7.0,9.5,10.0,7.0,1.0,0.5,0.5,1.5,5.25,11.0,9.0,1.5,0.0,0.0,2.5,1.0,2.5,0.0,0,0,0,0,0,0,0,0,0,1,0,0,0,0,0,1,0,0,1
2024-09-10,28.5,3.0,9.5,8.0,4.0,0.5,5.5,1.5,24.0,6.5,5.0,4.0,14.5,9.0,34.5,0.5,19.5,6.5,0.0,0,0,0,0,0,0,0,0,0,1,0,0,0,0,0,1,0,0,1
2024-09-11,0.0,2.5,2.5,1.0,4.0,0.5,5.5,1.5,24.0,6.5,5.0,4.0,14.5,9.0,0.0,0.0,19.5,6.5,1.5,0,0,0,0,0,0,1,0,0,1,0,0,0,0,0,1,0,0,1
2024-09-12,0.0,0.0,0.0,0.0,0.0,0.0,5.5,0.0,0.0,0.75,0.0,0.0,0.0,0.0,0.0,0.0,0.0,0.0,20.5,0,0,0,0,0,0,1,0,0,1,0,0,0,0,0,1,0,0,1
2024-09-13,1.0,10.0,4.0,3.5,11.5,40.5,5.5,4.5,12.5,1.0,16.0,9.5,6.5,24.5,9.5,0.0,6.0,3.0,20.5,0,0,0,0,0,0,1,0,0,1,0,0,0,0,0,1,0,0,1
2024-09-14,8.0,10.0,4.0,3.5,11.5,40.5,5.5,4.5,12.5,19.75,16.0,9.5,6.5,24.5,9.5,0.5,6.0,3.0,20.5,0,0,0,0,0,0,1,0,0,1,0,0,0,0,0,1,0,0,1
2024-09-15,18.5,15.0,12.0,11.5,3.0,10.5,5.5,0.0,13.0,19.5,8.5,13.0,9.5,9.5,9.5,0.5,8.0,11.0,20.5,0,0,0,0,0,0,1,0,0,1,0,0,0,0,0,1,0,0,1
2024-09-16,18.5,15.0,12.0,11.5,3.0,10.5,5.5,0.0,13.0,10.25,8.5,13.0,9.5,9.5,9.5,0.5,8.0,11.0,20.5,0,0,0,0,0,0,1,0,0,1,0,0,0,0,0,1,0,0,1
2024-09-17,54.5,24.0,26.0,31.0,31.5,10.5,5.5,8.0,13.5,11.0,23.0,15.0,12.5,5.5,0.5,6.5,10.5,31.5,20.5,0,0,0,0,0,0,1,0,0,1,0,0,0,0,0,1,0,0,1
2024-09-18,54.5,24.0,26.0,31.0,31.5,10.5,3.5,8.0,13.5,1.5,23.0,15.0,12.5,5.5,0.0,6.5,10.5,31.5,20.5,0,0,0,0,0,0,1,0,0,1,0,0,0,0,0,1,0,0,1
2024-09-19,12.5,9.0,14.5,4.5,15.5,1.5,4.5,3.5,1.0,16.0,3.0,1.5,7.5,0.0,0.0,6.5,0.5,10.0,20.5,0,0,0,0,0,0,1,0,0,1,0,0,0,0,0,1,0,0,0
2024-09-20,1.5,0.5,3.0,0.0,0.0,9.0,19.5,1.0,0.0,18.25,0.0,0.5,0.5,13.0,0.0,0.0,3.0,7.5,20.5,0,0,0,0,0,0,1,0,0,1,0,0,0,0,0,1,0,0,0
2024-09-21,1.5,1.0,3.0,1.5,1.0,9.0,22.0,0.0,6.0,18.25,2.5,7.0,3.0,13.0,9.0,0.0,6.0,6.0,5.0,0,0,0,0,0,0,1,0,0,1,0,0,0,0,0,1,0,0,0
2024-09-22,0.0,1.0,1.0,1.5,1.0,1.5,22.0,0.0,6.0,14.5,2.5,7.0,3.0,5.0,9.0,3.0,6.0,1.0,5.0,0,0,0,0,0,0,1,0,0,1,0,0,0,0,0,1,0,0,0
2024-09-23,72.0,38.5,92.5,52.5,41.0,45.5,22.0,14.0,29.0,2.0,17.5,8.0,60.5,6.0,2.0,0.0,39.5,42.0,6.5,0,0,0,0,0,0,1,0,0,1,0,0,0,0,0,1,0,0,0
2024-09-24,72.5,38.5,92.0,52.5,41.0,45.5,22.0,30.5,29.0,1.5,17.5,8.0,60.5,6.5,2.0,0.0,39.5,41.5,6.5,0,0,0,0,0,0,1,0,0,1,0,0,0,0,0,1,0,0,0
2024-09-25,25.0,21.5,12.0,15.0,19.5,67.0,22.0,29.0,9.5,1.5,38.5,19.5,9.5,55.0,70.5,24.75,11.0,23.5,8.5,0,0,0,0,0,0,1,0,0,1,0,0,0,0,0,1,0,0,0
2024-09-26,25.0,15.5,12.0,15.0,19.5,67.0,22.0,29.0,9.5,8.25,38.0,19.0,9.5,55.0,70.5,24.75,11.0,23.5,8.5,0,0,0,0,0,0,1,0,0,1,0,0,0,0,0,1,0,0,0
2024-09-27,17.0,2.5,0.0,6.0,4.0,1.0,22.0,0.5,3.5,15.0,2.0,0.5,11.5,28.0,0.5,5.75,5.0,0.0,0.0,0,0,0,0,0,0,1,0,0,1,0,0,0,0,0,1,0,0,0
2024-09-28,17.0,19.5,6.0,18.5,23.5,3.0,22.0,0.5,22.0,10.5,18.5,42.0,11.5,28.0,0.0,32.5,16.5,1.0,34.0,0,0,0,0,0,0,0,0,0,1,0,0,0,0,0,1,0,0,0
2024-09-29,1.0,19.5,6.0,18.5,23.5,3.0,22.0,0.0,22.0,10.75,18.5,42.0,8.5,25.5,2.0,32.5,16.5,6.5,34.0,0,0,0,0,0,0,0,0,0,1,0,0,0,0,0,1,0,0,0
2024-09-30,1.0,5.0,0.5,0.0,1.5,0.0,1.5,3.5,29.0,11.5,42.0,26.5,24.5,6.0,24.5,1.5,28.5,6.5,8.0,0,0,0,0,0,0,0,0,0,1,0,0,0,0,0,1,0,0,0
2024-10-01,1.5,0.5,5.0,17.0,0.0,48.5,24.5,14.5,29.0,8.75,42.0,9.0,24.5,6.0,24.5,1.75,28.5,25.5,8.0,0,0,0,0,0,0,0,0,0,1,0,0,0,0,0,1,0,0,0
2024-10-02,14.5,20.5,94.0,50.5,21.5,76.5,84.5,14.5,48.0,31.75,44.0,94.0,36.5,101.0,2.5,1.5,46.0,72.0,28.5,0,0,0,0,0,0,0,1,0,1,0,0,0,0,0,1,0,0,0
2024-10-03,14.5,106.5,94.0,50.5,130.0,76.0,84.5,0.0,48.0,31.75,52.5,94.0,36.5,101.0,29.0,1.5,45.5,72.0,38.5,0,0,0,0,0,0,0,0,0,1,0,0,0,0,0,1,0,0,0
2024-10-04,23.5,106.5,17.5,48.5,130.0,8.5,4.0,20.0,32.0,0.5,52.5,47.5,31.5,13.5,29.0,4.5,33.5,40.0,8.5,0,0,0,0,0,0,0,0,0,1,0,0,0,0,0,1,0,0,0
2024-10-05,28.5,19.5,18.5,23.0,19.5,21.0,10.5,20.5,13.0,31.0,10.5,37.5,41.0,11.0,9.5,4.5,15.5,43.5,5.0,0,0,0,0,0,0,0,0,0,1,0,0,0,0,0,1,0,0,0
2024-10-06,28.5,18.0,13.0,20.0,18.0,21.0,10.5,20.5,13.0,39.5,7.5,9.0,41.0,2.0,1.0,4.0,15.5,43.5,5.0,0,0,0,0,0,0,0,0,0,1,0,0,0,0,0,1,0,0,0
2024-10-07,40.0,0.5,18.5,20.0,1.0,23.5,9.5,0.5,7.0,9.0,2.5,1.5,0.5,2.0,0.0,13.5,4.5,4.5,0.0,0,0,0,0,0,0,0,0,0,1,0,0,0,0,0,1,0,0,0
2024-10-08,40.0,0.5,18.5,3.5,0.5,23.5,9.5,0.5,5.5,8.5,1.0,1.5,0.0,2.0,0.0,13.5,0.5,4.5,0.0,0,0,0,0,0,0,0,0,0,1,0,0,0,0,0,1,0,0,1
2024-10-09,1.5,0.5,0.5,0.5,0.5,2.5,0.0,0.0,5.5,8.5,1.0,0.5,0.5,0.5,0.0,27.0,9.0,0.0,0.0,0,0,0,0,0,0,0,0,0,1,0,0,0,0,0,1,0,0,1
2024-10-10,10.0,12.0,28.5,20.5,8.0,35.0,5.5,4.5,47.0,8.25,23.0,33.5,12.5,0.5,0.5,27.0,67.0,5.0,0.0,0,0,0,0,0,0,0,0,0,1,0,0,0,0,0,1,0,0,1
2024-10-11,10.0,12.0,28.5,20.5,0.0,35.0,5.5,4.5,47.0,46.0,23.0,33.5,12.5,3.0,44.5,27.0,67.0,6.0,0.0,0,0,0,0,0,0,0,1,0,1,0,0,0,0,0,1,0,0,1
2024-10-12,1.5,44.0,52.5,86.0,63.5,108.0,84.0,26.0,95.5,46.0,98.0,60.0,90.0,77.5,49.0,3.5,84.5,68.0,0.0,0,0,0,0,0,0,0,0,0,1,0,0,0,0,0,1,0,0,1
2024-10-13,0.5,43.5,52.0,86.5,63.0,108.5,84.0,26.0,95.5,4.25,97.5,60.0,90.0,77.5,49.0,4.5,84.0,68.0,0.0,0,0,0,0,0,0,0,0,0,1,0,0,0,0,0,1,0,0,1
2024-10-14,14.0,13.0,13.0,48.5,3.5,28.5,10.0,10.0,16.5,4.25,81.5,17.0,34.5,23.5,20.5,4.5,15.5,41.0,0.0,0,0,0,0,0,0,0,0,0,1,0,0,0,0,0,1,0,0,1
2024-10-15,14.0,12.0,79.5,87.0,3.5,47.5,40.5,10.0,119.0,4.5,55.0,88.0,127.0,38.0,20.5,4.5,118.5,74.5,0.0,0,0,0,0,1,0,0,1,0,1,0,0,0,0,0,1,0,0,1
2024-10-16,17.0,8.0,79.5,87.0,3.5,47.5,40.5,42.5,119.0,25.0,55.0,88.0,127.0,38.0,9.5,0.0,118.5,74.5,0.0,0,0,0,0,1,0,0,0,0,1,0,0,0,0,0,1,0,0,1
2024-10-17,17.0,5.5,3.0,2.0,2.5,0.0,0.0,42.5,89.5,24.75,17.5,38.0,99.0,0.0,1.5,2.0,88.0,9.0,0.0,0,0,0,0,0,0,0,0,0,1,0,0,0,0,0,1,0,0,1
2024-10-18,16.5,1.0,0.0,1.0,2.5,0.0,0.0,0.0,0.0,1.5,0.0,0.0,0.0,0.0,1.5,2.5,0.0,0.0,0.0,0,0,0,0,0,0,0,0,0,1,0,0,0,0,0,1,0,0,1
2024-10-19,16.5,1.0,10.5,9.0,0.5,15.0,0.5,10.0,26.5,9.75,0.5,9.0,26.0,0.5,0.0,1.25,36.0,42.5,0.0,0,0,0,0,0,0,0,0,0,1,0,0,0,0,0,1,0,0,0
2024-10-20,16.5,1.5,10.5,9.0,7.5,15.0,4.0,14.5,26.5,12.75,6.5,11.0,26.0,5.0,13.0,1.0,36.0,42.5,0.0,1,0,0,0,0,0,0,0,0,1,0,0,0,0,0,1,0,0,1
2024-10-21,16.5,1.5,5.5,3.5,7.5,7.5,4.0,14.5,26.0,8.5,6.5,11.0,20.5,5.0,13.0,1.0,17.0,20.5,0.0,1,0,0,0,0,0,0,0,0,1,0,0,0,0,0,1,0,0,1
2024-10-22,0.0,20.5,0.0,0.0,0.5,0.0,0.0,0.0,0.0,30.5,0.0,0.0,0.0,0.0,0.5,1.0,0.0,5.0,0.0,0,0,0,0,0,0,0,0,0,1,0,0,0,0,0,1,0,0,1
2024-10-23,0.0,20.5,0.0,0.0,0.5,0.0,0.0,0.0,0.0,29.75,0.0,0.0,0.0,0.0,0.0,7.75,0.0,0.0,0.0,1,0,0,0,0,0,0,0,0,1,0,0,0,0,0,1,0,0,0
2024-10-24,0.0,0.5,0.0,0.5,0.5,3.0,0.0,1.5,0.0,1.5,11.5,0.0,2.5,0.0,0.0,2.25,0.0,2.0,0.0,1,0,0,0,0,0,0,0,0,1,0,0,0,0,0,1,0,0,1
2024-10-25,22.5,1.0,5.5,3.5,0.5,6.0,22.0,16.0,13.0,2.25,11.5,2.5,2.5,9.5,0.0,3.5,21.5,7.5,0.0,0,0,0,0,0,0,0,0,0,1,0,0,0,0,0,1,0,0,1
2024-10-26,22.5,4.5,5.5,3.5,3.5,6.0,22.0,16.0,13.0,2.25,0.0,6.0,3.5,21.5,0.5,0.0,21.5,7.5,0.0,0,0,0,0,0,0,0,0,0,1,0,0,0,0,0,1,0,0,1
2024-10-27,22.5,6.0,1.5,2.0,4.0,5.0,2.5,5.5,3.5,1.75,0.0,6.0,3.5,21.5,0.5,0.75,3.5,3.5,0.0,1,0,0,0,0,0,0,0,0,1,0,0,0,0,0,1,0,0,1
2024-10-28,22.5,6.0,12.0,5.0,4.0,9.0,12.5,8.0,12.0,1.0,25.0,12.0,7.5,17.5,35.0,12.5,13.5,20.0,0.0,1,0,0,0,0,0,0,0,0,1,0,0,0,0,0,1,0,0,1
2024-10-29,22.5,24.0,19.5,37.5,13.5,9.0,12.5,8.0,12.0,0.0,26.0,12.0,7.5,17.5,35.0,19.5,13.5,20.0,0.0,1,0,0,0,0,0,0,0,0,1,0,0,0,0,0,1,0,0,1
2024-10-30,0.0,24.0,19.5,37.5,13.5,0.5,2.5,4.5,1.5,8.25,26.0,0.0,6.0,1.5,10.5,19.5,2.0,1.5,0.0,0,0,0,0,0,0,0,0,0,1,0,0,0,0,0,1,0,0,1
2024-10-31,0.0,0.0,0.0,0.0,0.0,0.0,0.0,0.0,0.0,8.25,0.0,0.0,0.0,0.0,0.0,10.75,0.0,0.0,3.0,0,0,0,0,0,0,0,0,0,1,0,0,0,0,0,1,0,0,1
2024-11-01,4.0,0.0,0.0,0.0,0.0,0.0,0.0,0.0,0.0,15.25,0.0,0.0,0.0,0.0,0.0,1.0,0.0,0.0,5.0,0,0,0,0,0,0,0,0,0,1,0,0,0,0,0,1,0,0,1
2024-11-02,4.0,0.5,1.0,1.0,0.5,3.0,0.0,6.5,0.0,15.25,0.0,0.0,9.0,0.0,0.0,0.75,0.0,0.5,5.0,0,0,0,0,0,0,0,0,0,1,0,0,0,0,0,1,0,0,1
2024-11-03,0.0,66.5,1.5,24.5,66.0,3.0,0.0,6.5,0.0,18.25,0.0,0.0,9.0,0.0,0.0,5.0,0.0,0.5,5.0,0,0,0,0,0,0,0,0,0,1,0,0,0,0,0,1,0,0,1
2024-11-04,15.0,66.5,3.0,24.5,66.0,22.0,61.5,19.5,0.5,5.75,3.0,7.0,5.5,85.0,3.5,4.25,1.5,25.0,14.5,0,0,0,0,0,0,0,0,0,1,0,0,0,0,0,1,0,0,1
2024-11-05,15.0,11.5,3.0,18.0,13.5,22.0,61.5,19.5,0.5,35.0,16.5,7.0,5.5,85.0,3.5,0.0,1.5,25.0,14.5,1,0,0,0,0,0,0,0,0,1,0,0,0,0,0,1,0,0,1
2024-11-06,15.0,10.5,29.5,17.0,8.0,20.0,9.0,10.0,37.0,0.0,16.5,8.5,23.0,5.0,2.5,7.0,19.5,18.0,14.5,1,0,0,0,0,0,0,0,0,1,0,0,0,0,0,1,0,0,1
2024-11-07,15.0,11.0,29.5,17.0,18.0,70.0,59.0,25.0,37.0,40.75,8.0,8.5,23.0,55.5,4.0,16.5,19.5,22.5,14.5,1,0,0,0,0,0,0,0,0,1,0,0,0,0,0,1,0,0,1
2024-11-08,15.0,18.5,26.5,14.0,24.0,70.0,59.0,25.0,21.5,0.5,10.5,11.0,20.0,55.5,4.0,15.25,12.0,22.5,14.5,1,0,0,0,0,0,0,0,0,1,0,0,0,0,0,1,0,0,1
2024-11-09,15.0,18.5,18.0,11.5,24.0,7.5,1.0,16.5,21.5,22.75,10.5,11.0,20.0,1.0,4.0,32.5,12.0,6.0,14.5,1,0,0,0,0,0,0,0,0,1,0,0,0,0,0,1,0,0,1
2024-11-10,15.0,10.0,10.0,6.0,15.0,16.0,3.0,38.0,17.5,27.75,9.5,14.5,20.0,4.0,1.0,19.0,8.5,37.0,14.5,1,0,0,0,0,0,0,0,0,1,0,0,0,0,0,1,0,0,1
2024-11-11,15.0,10.0,10.0,6.5,15.0,16.0,5.5,38.0,18.0,24.0,9.5,15.0,20.0,9.5,5.5,9.0,8.5,37.0,14.5,1,0,0,0,0,0,0,0,0,1,0,0,0,0,0,1,0,0,0
2024-11-12,1.5,16.5,2.5,7.0,24.0,11.0,21.0,14.0,9.5,19.75,5.5,124.0,5.0,16.0,10.5,2.5,16.5,9.0,46.5,0,0,0,0,0,0,0,0,0,1,0,0,0,0,0,1,0,0,0
2024-11-13,22.0,25.0,5.0,27.5,24.0,10.0,21.0,14.0,9.5,19.25,7.5,124.0,6.5,16.0,14.0,29.0,16.5,6.5,46.5,0,0,0,0,0,0,0,0,0,1,0,0,0,0,0,1,0,0,0
2024-11-14,24.5,34.5,19.0,28.0,33.0,7.5,7.0,8.5,62.0,11.75,19.0,28.0,54.0,8.0,14.0,29.0,28.5,12.0,16.5,0,0,0,0,0,0,0,0,0,1,0,0,0,0,0,1,0,0,0
2024-11-15,24.5,33.5,18.5,52.0,32.5,7.5,7.0,31.5,62.0,16.25,19.0,27.5,54.0,5.0,36.0,44.0,38.5,24.0,11.5,0,0,0,0,0,0,0,0,0,1,0,0,0,0,0,1,0,0,0
2024-11-16,54.5,31.0,22.5,52.0,30.5,4.0,2.0,31.5,30.0,57.5,17.5,9.5,29.5,8.0,36.0,1.0,38.5,24.0,8.5,0,0,0,0,0,0,0,0,0,1,0,0,0,0,0,1,0,0,0
2024-11-17,55.0,31.5,22.5,19.0,30.5,20.0,9.5,6.0,6.0,57.5,40.0,33.0,12.5,8.0,22.0,0.0,4.5,19.0,8.5,0,0,0,0,0,0,0,0,0,1,0,0,0,0,0,1,0,0,0
2024-11-18,22.0,13.0,9.5,19.0,11.5,20.0,9.5,6.0,6.0,45.5,40.0,33.0,4.5,8.0,22.0,5.0,4.0,9.0,8.5,0,0,0,0,0,0,0,0,0,1,0,0,0,0,0,1,0,0,1
2024-11-19,22.5,8.5,7.0,20.0,9.5,7.0,4.0,11.0,5.0,27.25,8.0,4.0,6.0,4.0,31.5,11.25,5.5,11.5,1.0,0,0,0,0,0,0,0,0,0,1,0,0,0,0,0,1,0,0,0
2024-11-20,8.0,1.5,4.0,2.0,1.0,7.0,4.0,11.0,4.0,24.25,1.0,2.5,6.0,4.0,0.0,13.0,5.5,11.5,1.0,0,0,0,0,0,0,0,0,0,1,0,0,0,0,0,1,0,0,0
2024-11-21,2.5,0.0,1.0,0.5,0.0,3.0,29.0,10.5,25.0,20.75,1.5,11.5,13.5,43.0,68.5,2.75,23.0,0.0,0.0,0,0,0,0,0,0,0,0,0,1,0,0,0,0,0,1,0,0,0
2024-11-22,7.0,0.5,1.5,1.0,0.5,3.0,29.0,10.5,25.0,22.5,10.0,11.5,13.5,43.0,68.5,27.25,23.0,2.0,0.5,0,0,0,0,0,0,0,0,0,1,0,0,0,0,0,1,0,0,0
2024-11-23,7.0,1.0,5.5,1.0,1.0,21.0,9.0,24.0,8.0,60.25,10.0,14.5,19.5,16.5,28.5,23.5,13.5,14.0,0.5,0,0,0,1,0,0,0,0,0,1,0,0,0,0,0,1,0,0,1
2024-11-24,4.5,5.0,5.5,7.5,4.0,36.5,22.0,28.5,54.0,61.75,87.5,36.5,59.5,20.0,28.5,17.25,46.0,33.5,0.5,0,0,1,0,0,0,0,0,0,1,0,0,0,0,0,1,0,0,1
2024-11-25,1.5,5.0,5.5,7.5,4.0,36.5,22.0,28.5,54.0,6.5,87.5,36.5,59.0,20.0,12.5,13.75,46.0,33.5,0.0,0,0,1,0,0,0,0,0,0,1,0,0,0,0,0,1,0,0,0
2024-11-26,0.5,0.0,5.5,0.0,0.0,0.5,2.5,0.0,0.0,29.75,0.5,0.0,0.0,9.5,0.5,8.5,1.0,0.0,0.0,0,0,1,0,0,0,0,0,0,1,0,0,0,0,0,1,0,0,0
2024-11-27,19.0,47.0,5.5,50.0,54.5,13.0,28.5,24.0,56.5,38.0,64.0,29.5,20.0,20.0,17.5,8.5,28.0,28.0,24.5,0,0,1,0,0,0,0,0,0,1,0,0,0,0,0,1,0,0,0
2024-11-28,19.0,47.0,5.5,76.0,54.5,21.0,28.5,24.0,56.5,35.75,64.0,29.5,20.0,34.5,23.0,3.0,28.0,28.0,24.5,0,0,1,0,0,0,0,0,0,1,0,0,0,0,0,1,0,0,0
2024-11-29,8.5,17.5,5.5,76.0,14.0,22.0,13.5,18.0,26.5,16.5,45.5,14.5,14.0,35.5,23.5,10.0,20.0,13.5,20.5,0,0,1,0,0,0,0,0,0,1,0,0,0,0,0,1,0,0,0
2024-11-30,16.0,7.5,5.5,9.5,7.5,62.5,5.0,69.0,14.5,14.5,9.5,12.5,13.0,18.0,23.5,15.0,0.0,49.5,10.5,0,0,1,0,0,0,0,0,0,1,0,0,0,0,1,1,0,0,0
2024-12-01,16.0,3.0,6.0,3.5,3.0,62.5,31.0,69.0,6.5,5.5,2.5,3.5,4.5,36.0,23.5,10.0,18.0,49.5,0.0,0,0,1,0,0,0,0,0,0,1,0,0,0,0,1,1,0,0,0
2024-12-02,2.5,20.5,9.5,30.5,30.0,32.5,34.0,15.0,7.5,5.5,13.0,4.5,23.0,36.0,9.0,3.5,18.0,21.0,0.0,0,0,1,0,0,0,0,0,0,1,0,0,0,0,0,1,0,0,0
2024-12-03,12.5,20.5,10.5,30.5,30.0,3.5,34.0,11.0,24.0,5.5,55.5,9.0,23.0,7.0,9.0,0.0,14.5,20.5,0.0,0,0,1,0,0,0,0,0,0,1,0,0,0,0,0,1,0,0,1
2024-12-04,17.5,28.0,15.25,21.5,31.5,1.0,8.5,3.0,24.5,5.5,55.5,9.0,23.0,5.0,3.5,0.0,19.0,10.5,3.5,0,0,1,0,0,0,0,0,0,1,0,0,0,0,0,1,0,0,0
2024-12-05,17.5,28.0,12.5,21.5,31.5,1.0,8.5,3.0,24.5,5.5,36.0,4.5,11.5,1.5,3.5,8.0,19.0,5.0,3.5,0,0,1,0,0,0,0,0,0,1,0,0,0,0,0,1,0,0,0
2024-12-06,0.5,0.0,10.75,0.0,0.5,0.5,0.0,0.5,0.0,5.5,0.0,0.0,0.0,0.5,0.0,5.25,0.0,0.0,0.0,0,0,1,0,0,0,0,0,0,1,0,0,0,0,0,1,0,0,0
2024-12-07,0.0,0.0,10.5,0.0,0.0,0.0,0.0,0.0,0.0,5.5,0.0,0.0,0.0,0.0,0.0,0.25,0.0,0.0,0.0,0,0,1,0,0,0,0,0,0,1,0,0,0,0,0,1,0,0,1
2024-12-08,21.5,8.0,0.25,9.0,7.5,5.5,0.0,5.5,5.5,5.5,4.5,11.5,6.0,5.5,50.0,0.25,4.5,6.5,0.0,0,0,1,0,0,0,1,0,0,0,0,0,0,0,0,1,0,0,1
2024-12-09,21.0,26.0,7.75,20.0,23.5,16.0,1.0,13.5,13.0,14.0,20.5,16.0,14.5,13.5,50.0,6.25,8.5,16.0,0.0,0,0,1,0,0,0,0,0,0,0,0,0,0,0,0,1,0,0,1
2024-12-10,19.0,26.5,7.75,20.0,24.0,16.5,1.0,14.0,13.5,14.5,20.5,16.0,15.0,14.5,14.0,9.75,0.0,16.5,8.5,0,0,1,0,0,0,0,0,0,0,0,0,0,0,0,1,0,0,0
2024-12-11,9.0,3.5,3.25,5.0,4.0,5.5,0.5,14.0,4.5,5.0,3.5,4.5,4.0,13.5,11.0,2.75,0.0,6.0,8.5,0,0,1,0,0,0,0,1,0,0,0,0,0,0,0,1,0,0,0
2024-12-12,4.0,25.5,2.5,30.5,25.0,12.5,0.0,14.0,0.0,5.5,1.5,0.0,1.5,0.5,11.0,0.75,0.0,31.5,1.5,0,0,1,0,0,0,0,1,0,0,0,0,0,0,0,1,0,0,0
2024-12-13,0.5,25.5,6.5,30.5,25.0,12.5,0.0,14.0,0.0,5.5,1.5,0.0,1.5,0.0,0.0,2.0,0.0,31.5,0.0,0,0,1,0,0,0,0,1,0,0,0,0,0,0,0,1,0,0,0
2024-12-14,0.5,0.0,9.25,1.5,0.0,0.0,0.0,14.0,0.0,0.5,0.0,0.0,0.0,0.0,0.0,3.25,0.0,0.0,0.0,0,0,1,0,0,0,0,1,0,0,0,0,0,0,0,1,0,0,0
2024-12-15,0.0,0.0,12.5,0.0,0.0,0.0,0.0,14.0,0.0,0.0,0.0,0.0,0.0,0.0,0.0,3.25,0.0,0.0,0.0,0,0,1,0,0,0,0,1,0,0,0,0,0,0,0,1,0,0,0
2024-12-16,5.5,13.0,6.75,19.5,16.5,17.0,17.5,14.0,18.0,10.0,5.5,10.5,9.0,10.0,31.0,14.25,16.0,0.5,9.0,0,0,1,0,0,0,0,1,0,0,0,0,0,0,0,1,0,0,0
2024-12-17,9.5,13.0,6.25,19.5,16.5,17.0,17.5,8.0,26.0,10.0,12.5,25.0,18.0,21.0,47.5,2.5,33.5,10.0,9.5,0,0,1,0,0,0,0,0,0,0,0,0,0,0,0,1,0,0,0
2024-12-18,9.5,9.0,7.0,16.0,7.5,4.0,10.0,8.0,26.0,8.0,12.5,25.0,18.0,21.0,47.5,1.25,33.5,10.0,9.5,0,0,1,0,0,0,0,0,0,0,0,0,0,0,0,1,0,0,0
2024-12-19,3.0,9.0,4.75,1.5,7.5,28.0,21.0,20.0,3.0,3.0,1.5,0.5,25.5,10.0,1.5,0.0,11.5,3.0,6.0,0,0,1,0,0,0,0,0,0,0,0,0,0,0,0,1,0,0,0
2024-12-20,8.0,30.0,0.25,24.5,21.0,28.5,23.5,21.5,3.5,4.0,12.5,5.5,25.0,11.5,5.0,0.0,11.5,4.0,6.0,0,0,1,0,0,0,0,0,0,0,0,0,0,0,0,1,0,0,0
2024-12-21,8.0,30.0,1.25,24.5,21.0,44.5,0.0,7.5,1.0,1.5,12.5,5.5,1.0,1.5,5.0,1.25,1.5,3.0,3.0,0,0,1,0,0,0,0,0,0,0,0,0,0,0,0,1,0,0,0
2024-12-22,4.5,29.0,7.5,15.0,25.0,44.5,1.0,8.5,1.5,21.0,0.5,4.0,10.0,0.0,17.0,0.0,2.0,14.0,1.0,0,0,1,0,0,0,0,0,0,0,0,0,0,0,0,1,0,0,0
2024-12-23,7.5,94.5,3.75,83.0,84.0,25.5,18.0,9.5,13.0,21.0,48.0,39.0,13.0,15.5,23.0,0.0,6.5,14.0,34.0,0,0,1,0,0,0,0,0,0,0,0,0,0,0,0,1,0,0,0
2024-12-24,7.5,94.5,3.75,82.5,84.0,17.5,18.0,9.5,13.0,7.0,48.0,39.0,13.0,43.0,38.0,1.75,6.5,10.5,34.0,0,0,1,0,0,0,0,0,0,0,0,0,0,0,0,1,0,0,0
2024-12-25,7.0,7.0,7.0,8.0,10.5,8.5,18.0,17.0,33.5,16.5,9.0,16.5,17.5,43.0,38.0,0.75,50.0,11.5,8.5,0,0,1,0,0,0,0,0,0,0,0,0,0,0,0,1,0,0,0
2024-12-26,7.0,6.0,13.0,8.0,6.5,8.5,18.0,17.0,33.5,16.5,7.5,13.5,17.5,20.5,1.5,0.0,50.0,11.5,18.5,0,0,1,0,0,0,0,0,0,0,0,0,0,0,0,1,0,0,0
2024-12-27,4.0,15.0,2.5,49.0,20.0,59.0,16.0,72.5,0.0,78.5,6.0,14.0,22.0,5.5,10.5,0.0,3.5,65.5,26.0,0,0,1,0,0,0,0,0,0,0,0,0,0,0,0,1,0,0,0
2024-12-28,4.5,15.0,0.75,49.0,20.0,59.0,16.0,72.5,0.0,78.5,6.0,14.0,22.0,5.5,14.0,1.75,3.5,65.5,26.0,0,0,1,0,0,0,0,0,0,0,0,0,0,0,0,1,0,0,0
2024-12-29,4.5,10.0,1.25,0.0,12.0,2.0,15.0,20.5,20.0,14.5,5.0,2.5,45.0,1.5,61.5,1.0,24.5,3.5,13.0,0,0,1,0,0,0,0,0,0,0,0,0,0,0,0,1,0,0,0
2024-12-30,31.5,46.0,1.5,33.5,40.5,35.0,43.5,47.5,42.0,49.5,32.0,33.0,45.0,63.5,70.5,4.75,30.0,33.0,29.0,0,0,1,0,0,0,0,0,0,0,0,0,0,0,0,1,0,0,0
2024-12-31,31.5,46.0,0.5,33.5,40.5,35.0,43.5,47.5,42.0,49.5,32.0,33.0,29.0,63.5,70.5,6.0,30.0,33.0,29.0,0,0,1,0,0,0,0,0,0,0,0,0,0,0,0,1,0,0,0
2025-01-01,11.0,6.0,1.5,11.0,10.5,16.0,0.0,9.0,1.0,0.0,0.0,25.5,1.0,0.0,8.0,1.5,0.5,3.0,1.5,0,0,1,0,0,0,0,0,0,0,0,0,0,0,0,1,0,0,0
2025-01-02,11.0,0.0,7.5,11.0,0.0,17.0,0.0,9.0,0.0,0.0,0.0,0.0,0.0,0.0,0.0,1.5,0.0,3.0,0.0,0,0,1,0,0,0,0,0,0,0,0,0,0,0,0,1,0,0,0
2025-01-03,17.0,8.0,12.5,0.0,20.0,17.0,5.5,0.0,18.5,0.5,0.5,41.0,1.5,11.0,28.0,1.5,6.5,2.0,40.5,0,0,1,0,0,0,0,0,0,0,0,0,0,0,0,1,0,0,0
2025-01-04,17.0,8.0,2.0,0.0,20.0,0.0,9.5,28.5,18.5,16.5,0.5,41.0,1.5,11.0,28.0,1.5,6.5,0.5,40.5,0,0,1,0,0,0,0,0,0,0,0,0,0,0,0,1,0,0,0
2025-01-05,1.5,5.0,1.5,3.0,10.5,0.0,9.5,28.5,18.5,26.5,2.0,15.5,53.0,0.5,1.5,0.0,34.0,0.0,4.5,0,0,1,0,0,0,0,0,0,0,0,0,0,0,0,1,0,0,0
2025-01-06,0.0,5.0,0.25,3.0,6.0,0.5,1.0,21.0,18.5,26.5,2.0,15.5,53.0,0.0,0.5,0.0,34.0,0.0,4.5,0,0,1,0,0,0,0,0,0,0,0,0,0,0,0,1,0,0,0
2025-01-07,1.5,6.0,0.0,9.5,4.0,18.5,90.0,88.0,28.0,72.0,4.5,13.5,54.5,67.5,7.0,0.0,65.5,37.0,5.5,0,0,1,0,0,0,0,0,0,0,0,0,0,0,0,1,0,0,0
2025-01-08,9.0,11.5,0.5,21.5,18.5,18.5,90.0,88.0,44.0,72.0,46.0,13.5,54.5,67.5,7.0,1.5,65.5,37.0,7.5,0,0,1,0,0,0,0,0,0,0,0,0,0,0,0,1,0,0,0
2025-01-09,9.0,11.5,1.25,21.5,18.5,0.0,3.0,10.5,44.0,28.0,46.0,11.0,50.0,1.0,0.0,0.0,32.5,1.0,7.5,0,0,1,0,0,0,0,0,0,0,0,0,0,0,0,1,0,0,0
2025-01-10,15.5,7.5,0.75,6.5,7.0,9.5,4.5,11.0,6.5,10.0,4.5,3.5,8.5,9.0,4.0,0.0,32.5,10.5,3.5,0,0,1,0,0,0,0,0,0,0,0,0,0,0,0,1,1,0,0
2025-01-11,15.5,13.0,0.25,9.5,12.0,10.0,5.0,11.5,7.0,10.5,9.0,5.5,8.5,9.5,5.5,0.0,8.5,12.5,6.5,0,0,1,0,0,0,0,0,0,0,0,0,0,0,0,1,0,0,0
2025-01-12,5.5,13.0,0.0,9.5,12.0,10.0,5.0,8.0,7.0,9.5,9.0,5.5,7.5,9.0,5.5,0.0,8.5,12.5,6.5,0,0,1,0,0,0,0,0,0,0,0,0,0,0,0,1,0,0,0
2025-01-13,5.5,1.0,0.0,1.0,1.0,1.0,0.0,0.5,0.0,0.0,0.0,0.0,0.0,0.0,0.0,0.0,0.0,0.0,0.5,0,0,1,0,0,0,0,0,0,0,0,0,0,0,0,1,0,0,0
2025-01-14,5.0,4.5,0.0,4.0,3.5,6.0,0.0,0.5,0.5,0.0,2.0,31.0,0.0,1.5,0.0,0.0,1.0,0.0,22.5,0,0,1,0,0,0,0,0,0,0,0,0,0,0,0,1,0,0,0
2025-01-15,13.0,5.0,0.0,4.0,6.0,9.5,23.5,13.5,10.5,13.5,28.0,31.0,9.5,24.5,4.5,0.0,7.5,10.5,22.5,0,0,1,1,0,0,0,0,0,0,0,0,0,0,0,1,0,0,0
2025-01-16,16.0,23.0,1.5,17.0,13.5,29.0,26.5,27.5,28.0,27.5,27.0,18.0,21.0,26.0,40.5,0.0,27.5,20.0,32.5,0,0,1,0,0,0,0,0,0,0,0,0,0,0,0,1,0,0,0
2025-01-17,16.0,23.0,2.0,17.0,13.5,29.0,26.5,27.5,28.0,27.5,12.0,14.5,21.0,26.0,40.5,6.0,27.5,20.0,32.5,0,0,1,0,0,0,0,0,0,0,0,0,0,0,0,1,0,0,0
2025-01-18,14.0,8.0,0.75,5.0,7.0,2.0,1.0,1.5,2.0,1.5,3.0,5.5,2.0,11.0,1.0,0.5,2.0,2.5,3.5,0,0,1,0,0,0,0,0,0,0,0,0,0,0,0,1,0,0,0
2025-01-19,6.0,2.5,9.0,1.0,0.5,1.0,1.0,0.5,1.5,0.0,3.0,5.5,0.0,11.0,0.0,9.25,0.5,0.0,1.5,0,0,1,0,0,0,0,0,0,0,0,0,0,0,0,1,0,0,0
2025-01-20,0.5,0.0,4.0,0.0,0.0,0.0,0.0,0.0,0.5,0.0,0.5,0.5,0.0,0.0,0.0,7.5,0.0,0.0,0.0,0,0,1,0,0,0,0,0,0,0,0,0,0,0,0,1,0,0,0
2025-01-21,0.5,0.0,9.0,0.0,0.0,0.0,0.0,0.0,0.0,0.0,0.0,0.0,0.0,0.0,0.0,13.5,0.0,0.0,0.0,0,0,1,0,0,0,0,0,0,0,0,0,0,0,0,1,0,0,0
2025-01-22,0.0,0.0,8.5,0.0,0.0,0.0,0.0,0.0,0.0,0.0,0.0,0.0,0.0,0.0,0.0,0.75,0.0,0.0,0.0,0,0,1,0,1,0,0,0,0,0,0,0,0,0,0,1,0,0,0
2025-01-23,0.0,0.0,11.5,0.0,0.0,0.0,0.0,0.0,0.0,0.0,0.0,0.0,0.0,0.0,0.0,2.5,0.0,0.0,0.0,0,0,1,0,0,0,0,0,0,0,0,0,0,0,0,1,0,0,0
2025-01-24,1.5,23.0,1.5,15.0,27.5,19.5,59.5,32.0,124.0,76.5,23.5,74.0,69.5,39.0,85.0,0.75,99.0,16.5,36.0,0,0,1,0,0,0,0,0,0,0,0,0,0,0,0,1,0,0,0
2025-01-25,1.5,23.0,1.25,15.0,27.5,19.5,59.5,32.0,124.0,76.5,23.5,74.5,69.0,39.0,85.0,0.25,99.0,16.5,36.0,0,0,1,0,0,0,0,0,0,0,0,0,0,0,0,1,0,0,0
2025-01-26,23.0,0.0,1.5,29.5,18.0,17.5,22.0,12.0,9.5,4.5,17.0,5.5,3.5,2.0,3.0,0.0,15.0,3.0,18.5,0,0,1,0,0,0,0,0,0,0,0,0,0,0,0,1,0,0,0
2025-01-27,23.0,0.0,0.25,29.5,18.0,56.0,59.0,15.0,27.5,22.5,17.0,38.0,51.0,62.0,25.5,0.0,28.5,30.5,32.5,0,0,1,0,0,0,0,0,0,0,0,0,0,0,0,1,0,0,0
2025-01-28,30.0,0.0,0.25,24.5,20.5,56.0,59.0,15.0,27.5,22.5,13.0,38.0,51.0,62.0,25.5,10.0,28.5,31.0,33.0,0,0,1,0,0,0,0,0,0,0,0,0,0,0,0,1,0,0,0
2025-01-29,30.0,0.0,3.0,24.5,20.5,4.0,2.5,4.0,6.5,4.0,12.0,6.5,4.5,23.0,3.0,11.25,4.0,4.5,13.5,0,0,1,0,0,0,0,0,0,0,0,0,0,0,0,1,0,0,0
2025-01-30,0.0,0.0,0.0,0.0,0.0,0.5,0.0,0.0,0.0,0.0,0.0,5.0,0.0,0.0,0.0,0.0,0.0,0.0,1.5,0,0,1,0,0,0,0,0,0,0,0,0,0,0,0,1,0,0,0
2025-01-31,0.0,0.0,1.0,2.0,0.0,0.0,0.0,0.0,0.0,0.0,0.0,5.0,0.0,0.0,0.0,0.0,0.5,0.0,0.0,0,0,1,0,0,0,0,0,0,0,0,0,0,0,0,1,0,0,0
2025-02-01,0.0,0.0,0.75,2.0,0.5,0.0,0.0,0.0,0.0,0.0,0.0,0.0,0.0,0.0,0.0,0.0,0.5,0.0,0.0,0,0,1,0,0,0,0,0,0,0,0,0,0,0,0,1,0,0,0
2025-02-02,0.0,0.0,0.5,0.0,0.5,0.0,0.0,0.0,0.0,0.0,0.0,0.0,0.0,0.0,0.0,0.0,0.0,0.0,0.0,0,0,1,0,0,0,0,0,0,0,0,0,0,0,0,1,0,1,0
2025-02-03,0.0,0.0,0.5,0.0,0.0,0.0,0.0,0.0,0.0,0.0,0.0,0.0,0.0,0.0,0.0,0.0,0.0,0.0,0.0,0,0,1,0,0,0,0,0,0,0,0,0,0,0,0,1,0,0,0
2025-02-04,0.5,0.0,0.0,0.0,2.5,13.0,9.0,20.0,12.5,12.0,0.0,2.0,15.0,45.0,0.0,0.0,14.5,4.5,9.5,0,0,1,0,0,0,0,0,0,0,0,0,0,0,0,1,0,0,0
2025-02-05,0.5,0.0,0.0,0.0,2.5,13.0,9.0,20.0,12.5,12.0,0.0,2.0,15.0,45.5,0.0,0.0,14.5,4.5,9.5,0,0,1,0,0,0,0,0,0,0,0,0,0,0,0,1,0,0,0
2025-02-06,0.0,0.0,1.0,2.5,0.5,40.0,63.5,19.5,8.5,11.5,6.0,19.5,5.5,59.0,88.0,1.75,17.0,7.5,9.0,0,0,1,0,0,0,0,0,0,0,0,0,0,0,0,1,0,0,0
2025-02-07,0.0,0.0,1.75,2.5,0.5,40.0,63.5,19.5,8.5,11.5,7.5,19.5,5.5,59.0,88.0,0.0,17.0,7.5,14.0,0,0,1,0,0,0,0,0,0,0,0,0,0,0,0,1,0,0,0
2025-02-08,0.0,0.0,0.25,0.0,0.0,1.0,0.0,7.0,1.5,1.5,7.5,15.0,0.0,0.0,1.0,0.0,0.5,0.0,14.0,0,0,1,0,0,0,0,0,0,0,0,0,0,0,0,1,0,0,0
2025-02-09,0.0,0.0,4.5,0.0,0.0,0.0,0.0,0.0,0.0,0.0,0.5,0.0,0.0,0.0,1.0,0.0,0.0,0.0,0.5,0,0,1,0,0,0,0,0,0,0,0,0,0,0,0,1,0,0,0
2025-02-10,0.0,0.0,1.0,0.0,0.0,0.0,0.0,0.0,0.0,0.0,0.0,0.5,0.0,0.0,6.0,1.5,0.0,0.0,0.0,0,0,1,0,0,0,0,0,0,0,0,0,0,0,0,1,0,0,0
2025-02-11,0.0,0.5,0.0,1.0,1.5,0.0,0.5,8.0,2.0,17.0,14.0,0.5,3.0,0.0,6.0,0.0,0.0,1.5,47.5,0,0,1,0,0,0,0,0,0,0,0,0,0,0,0,1,0,0,0
2025-02-12,0.5,9.5,0.0,24.5,16.0,14.0,32.0,35.5,2.0,36.5,21.0,0.0,3.0,6.5,2.0,0.0,0.0,10.0,47.5,0,0,1,0,0,0,0,0,0,0,0,0,0,0,0,1,0,0,0
2025-02-13,2.5,9.5,0.25,24.5,16.0,14.0,32.0,35.5,1.0,36.5,21.0,0.0,0.5,6.5,0.0,0.0,0.0,10.0,1.0,0,0,1,0,0,0,0,0,0,0,0,0,0,0,0,1,0,0,0
2025-02-14,10.0,1.0,1.0,27.0,1.0,0.0,1.0,0.0,1.0,3.0,0.0,0.0,0.5,1.0,0.0,0.0,0.0,30.5,0.0,0,0,1,0,0,0,0,0,0,0,0,0,0,0,0,1,0,0,0
2025-02-15,33.5,113.0,0.5,127.0,57.5,16.0,17.0,31.0,11.5,15.0,33.0,2.0,17.5,15.0,3.0,0.0,7.0,44.0,8.5,0,0,1,0,0,0,0,0,0,0,0,0,0,0,0,1,0,0,0
2025-02-16,33.5,113.0,0.5,127.0,57.5,16.0,60.0,31.0,11.5,15.0,33.0,3.0,40.5,59.0,14.5,0.0,30.0,44.0,17.0,0,0,1,0,0,0,0,0,0,0,0,0,0,0,0,1,0,0,0
2025-02-17,22.5,21.5,0.25,28.5,22.5,1.0,60.0,3.5,11.5,0.5,17.0,34.5,40.5,59.0,14.5,3.0,30.0,3.5,20.5,0,0,1,0,0,0,0,0,0,0,0,0,0,0,0,1,0,0,0
2025-02-18,22.5,14.5,0.0,18.5,15.5,68.0,26.5,30.0,2.0,68.5,27.5,34.5,31.5,38.5,3.0,0.0,4.0,87.0,20.5,0,0,1,0,0,0,0,0,0,0,0,0,0,0,0,1,0,0,0
2025-02-19,49.0,22.0,0.0,27.5,20.0,68.5,33.5,33.5,22.5,69.0,44.0,26.0,37.5,40.5,9.5,0.0,37.0,87.5,18.0,0,0,1,0,0,0,0,0,0,0,0,0,0,0,0,1,0,0,0
2025-02-20,49.0,22.0,2.0,27.5,20.0,34.0,33.5,57.5,22.5,54.5,44.0,26.0,37.5,29.0,83.5,0.0,37.0,37.0,18.0,0,0,1,0,0,0,0,0,0,0,0,0,0,0,0,1,0,0,0
2025-02-21,7.5,0.0,0.25,0.0,1.5,14.0,29.5,57.5,17.5,42.5,6.5,2.5,4.5,29.0,78.0,0.0,16.0,17.5,5.0,0,0,1,0,0,0,0,0,0,0,0,0,0,0,0,1,0,0,0
2025-02-22,64.5,15.0,0.75,24.5,19.0,8.0,1.5,6.5,0.5,19.5,6.5,1.0,4.0,6.5,17.0,0.0,1.0,14.5,5.0,0,0,1,0,0,0,0,0,0,0,0,0,0,0,0,1,0,0,0
2025-02-23,65.0,15.0,5.5,31.5,19.5,28.0,31.0,33.5,30.5,46.0,52.0,20.5,41.5,74.5,75.0,0.0,47.5,6.5,14.0,0,0,1,0,0,0,0,0,0,0,0,0,0,0,0,1,0,0,0
2025-02-24,36.0,10.5,0.0,31.5,16.0,28.0,31.0,33.0,30.5,46.0,52.0,22.0,41.5,73.0,75.0,18.0,47.5,12.0,15.5,0,0,1,0,0,0,0,0,0,0,0,0,0,0,0,1,0,0,0
2025-02-25,6.5,1.0,0.0,0.5,1.5,0.0,0.0,17.0,12.0,19.0,12.0,22.0,21.5,0.0,12.0,18.0,3.0,12.0,15.5,0,0,1,0,0,0,0,0,0,0,0,0,0,0,0,1,0,0,0
2025-02-26,6.5,0.0,0.0,2.5,0.0,0.5,0.0,0.0,0.0,0.0,0.0,0.0,0.5,0.5,5.0,0.0,0.0,0.0,0.0,0,0,1,0,0,0,0,0,0,0,0,0,0,0,0,1,0,0,0
2025-02-27,6.5,1.5,0.0,3.5,1.5,1.0,1.5,1.5,10.5,17.0,3.5,4.5,26.0,0.5,5.0,0.0,4.0,13.0,1.5,0,0,1,0,0,0,0,0,0,0,0,0,0,0,0,1,0,0,0
2025-02-28,6.5,1.5,0.0,3.5,1.5,1.0,1.5,1.5,10.5,17.0,3.5,4.5,26.0,0.0,3.5,0.0,5.0,13.0,1.5,0,0,1,0,0,0,0,0,0,0,0,0,0,0,0,1,0,0,0
2025-03-01,0.0,0.0,0.0,0.0,0.0,0.0,0.0,0.0,10.5,0.0,0.5,0.0,4.0,0.0,3.5,2.0,5.0,2.0,0.5,0,0,1,0,0,0,0,0,0,0,0,0,0,0,0,1,0,0,0
2025-03-02,0.0,0.0,0.0,0.0,0.0,0.0,0.0,0.0,3.0,0.0,0.0,39.0,0.0,0.0,14.5,9.0,0.5,0.0,0.0,0,0,1,0,0,0,0,0,0,0,0,0,0,0,0,1,0,0,0
2025-03-03,2.5,26.0,0.5,3.0,13.0,20.0,27.5,20.0,3.0,9.5,0.0,39.0,0.0,6.5,14.5,8.75,0.5,27.5,0.0,0,0,1,0,0,0,0,0,0,0,0,0,0,0,0,1,0,0,0
2025-03-04,2.5,26.0,0.5,4.0,13.0,51.5,46.0,39.5,1.5,29.5,0.0,8.0,2.0,44.5,1.5,3.5,1.5,27.5,5.0,0,0,1,0,0,0,0,0,0,0,0,0,0,0,0,1,0,0,0
2025-03-05,0.0,0.0,0.5,10.5,0.0,51.0,45.0,39.5,8.5,27.0,0.0,8.0,1.5,44.5,1.5,1.0,38.0,16.0,5.0,0,0,1,0,0,0,0,0,0,0,0,0,0,0,0,1,0,0,0
2025-03-06,1.5,15.0,1.0,28.0,15.5,37.5,16.0,24.5,12.5,18.0,10.5,9.0,18.0,10.0,3.0,5.75,43.5,15.0,21.5,0,0,1,0,0,0,0,0,0,0,0,0,0,0,0,1,0,0,0
2025-03-07,1.5,15.0,21.0,28.0,15.5,4.5,21.0,1.0,0.5,1.5,10.0,9.0,0.5,19.5,3.0,15.75,0.5,5.5,21.5,0,0,1,0,0,0,0,0,0,0,0,0,0,0,0,1,0,0,0
2025-03-08,0.0,0.5,0.0,1.5,0.0,49.5,25.0,46.5,53.5,37.0,18.0,82.0,38.0,19.5,2.0,7.5,36.0,8.0,19.5,0,0,1,0,0,0,0,0,0,0,0,0,0,0,0,1,0,0,0
2025-03-09,1.5,0.0,0.0,1.5,0.0,49.5,25.0,46.5,53.5,37.0,18.0,82.0,38.0,14.5,2.0,0.0,36.0,8.0,19.5,0,0,1,0,0,0,0,0,0,0,0,0,0,0,0,1,0,0,0
2025-03-10,1.5,13.5,0.0,2.5,10.0,0.5,0.0,0.0,0.0,0.0,7.0,0.0,0.0,0.0,0.0,1.5,0.0,0.0,1.0,0,0,1,0,0,0,0,0,0,0,0,0,0,0,0,1,0,0,0
2025-03-11,7.5,13.5,2.5,2.5,10.0,1.5,0.0,0.5,0.0,0.0,7.0,0.5,0.0,0.5,0.0,11.5,0.0,0.5,11.0,0,0,1,0,0,0,0,0,0,0,0,0,0,0,0,1,0,0,0
2025-03-12,7.5,8.0,1.5,3.5,12.5,5.5,3.5,6.0,28.5,10.5,21.0,13.0,21.0,8.5,18.0,11.5,15.5,16.5,11.0,0,0,1,0,0,0,0,0,0,0,0,0,0,0,0,1,0,0,0
2025-03-13,4.0,8.0,0.0,3.5,12.5,5.5,3.5,6.0,28.5,10.5,21.0,13.0,21.0,8.5,18.0,3.75,15.5,16.5,11.0,0,0,1,0,0,0,0,0,0,0,0,0,0,0,0,1,0,0,0
2025-03-14,0.0,4.0,0.5,35.0,3.0,31.0,46.0,23.0,22.0,24.0,23.0,22.5,20.5,66.5,47.5,2.5,18.5,22.0,17.0,0,0,1,0,0,0,0,0,0,0,0,0,0,0,0,1,0,0,0
2025-03-15,0.0,4.0,0.0,35.0,3.0,31.0,46.0,23.0,22.0,24.0,23.0,22.5,20.5,66.5,47.5,0.0,18.5,22.0,17.0,0,0,1,0,0,0,0,0,0,0,0,0,0,0,0,1,0,0,0
2025-03-16,0.0,5.0,0.0,0.5,5.0,0.5,0.0,2.5,37.5,1.5,4.0,22.0,30.0,0.0,15.0,0.0,17.0,0.5,8.5,0,0,1,0,0,0,0,0,0,0,0,0,0,0,0,1,0,0,0
2025-03-17,0.0,5.0,0.5,0.5,5.0,0.5,0.0,2.5,37.5,0.5,4.0,3.0,30.0,0.5,15.0,4.75,17.0,0.5,1.0,0,0,1,0,0,0,0,0,0,0,0,0,0,0,0,1,0,0,0
2025-03-18,0.0,0.5,0.0,0.0,0.0,0.0,0.0,0.0,2.5,0.0,0.0,2.5,6.0,0.0,22.0,4.75,2.5,0.5,0.5,0,0,1,0,0,0,0,0,0,0,0,0,0,0,0,1,0,1,0
2025-03-19,0.0,0.5,0.0,0.0,0.0,0.0,0.0,0.0,2.5,0.0,0.0,2.5,6.0,0.0,21.0,0.25,2.5,0.0,0.5,0,0,1,0,0,0,0,0,0,0,0,0,0,0,0,1,0,0,0
2025-03-20,6.5,0.5,0.0,1.0,1.0,0.5,0.5,2.5,0.0,0.5,0.0,1.0,0.0,0.5,8.0,0.25,0.0,1.5,0.5,0,0,1,0,0,0,0,0,0,0,0,0,0,0,0,1,0,0,0
2025-03-21,6.5,0.5,0.0,1.0,1.0,0.5,0.5,2.5,0.0,0.5,0.0,1.0,0.0,0.5,8.0,2.0,0.0,1.5,0.5,0,0,1,0,0,0,0,0,0,0,0,0,0,0,0,1,0,0,0
2025-03-22,2.5,14.0,0.5,4.5,18.5,0.5,0.5,2.0,1.0,3.0,23.0,55.0,1.0,1.0,1.0,0.75,1.0,2.5,42.0,0,0,1,0,0,0,0,0,0,0,0,0,0,0,0,1,0,0,0
2025-03-23,40.5,49.5,0.5,52.0,46.5,19.0,27.0,25.0,6.5,21.5,23.0,54.5,7.0,32.5,17.5,0.25,5.5,30.0,41.5,0,0,1,0,0,0,0,0,0,0,0,0,0,0,0,1,0,0,0
2025-03-24,40.5,49.5,1.5,52.0,46.5,19.0,27.0,25.0,6.5,21.5,10.0,25.5,7.0,32.5,17.5,1.5,18.0,30.0,40.5,0,0,1,0,0,0,0,0,0,0,0,0,0,0,0,1,0,0,0
2025-03-25,8.5,1.0,12.5,0.5,1.0,2.5,0.5,1.0,0.0,2.5,7.0,0.5,0.0,3.5,0.0,29.5,18.0,2.5,0.0,0,0,1,0,0,0,0,0,0,0,0,0,0,0,0,1,0,0,0
2025-03-26,0.0,1.0,8.0,0.5,1.0,2.5,0.5,1.0,0.0,2.5,7.0,0.0,0.0,1.0,0.0,24.5,0.0,2.5,0.0,0,0,1,0,0,0,0,0,0,0,0,0,0,0,0,1,0,0,0
2025-03-27,41.0,2.0,6.25,4.0,2.0,4.0,4.0,3.5,0.5,2.0,18.5,11.5,6.0,8.5,4.0,13.5,0.0,1.5,34.5,0,0,1,0,0,0,0,0,0,0,0,0,0,0,0,1,0,0,0
2025-03-28,42.5,2.0,2.5,4.0,2.0,14.5,4.0,4.5,5.0,11.0,18.5,11.5,6.0,8.5,19.0,0.5,5.0,6.0,34.5,0,0,1,0,0,0,0,0,0,0,0,0,0,0,0,1,0,0,0
2025-03-29,22.5,0.5,0.5,0.5,1.0,14.5,1.5,4.5,5.0,11.0,1.5,1.5,5.0,1.0,19.0,24.5,5.0,6.0,3.5,0,0,1,0,0,0,0,0,0,0,0,0,0,0,0,1,0,0,0
2025-03-30,5.0,2.0,1.0,9.5,6.0,22.5,34.5,8.5,18.0,13.5,31.5,1.0,1.5,9.0,2.0,24.5,16.0,12.5,1.5,0,0,1,0,0,0,0,0,0,0,0,0,0,0,0,1,0,0,0
2025-03-31,76.5,22.5,1.0,40.0,56.0,22.5,34.5,8.5,18.0,13.5,54.5,24.0,5.0,51.0,5.5,8.0,16.0,12.5,31.0,0,0,1,0,0,0,0,0,0,0,0,0,0,0,0,1,0,0,0
2025-04-01,76.5,22.5,1.0,40.0,56.0,22.5,62.5,44.0,3.5,36.5,54.5,24.0,5.0,85.0,5.5,0.5,14.0,6.0,31.0,0,0,1,0,0,0,0,0,0,0,0,0,0,0,0,1,0,0,0
2025-04-02,57.5,15.0,0.75,13.5,17.5,22.5,62.5,44.0,5.5,36.5,7.5,5.5,8.5,85.0,4.0,0.5,5.5,13.0,5.0,0,0,1,0,0,0,0,0,0,0,0,0,0,0,0,1,0,0,0
2025-04-03,57.5,15.0,3.25,13.5,17.5,11.0,5.5,16.5,5.0,21.5,7.5,5.5,8.5,8.0,4.0,0.0,5.0,12.5,5.0,0,0,1,0,0,0,0,0,0,0,0,0,0,0,0,1,0,0,0
2025-04-04,32.5,5.5,2.75,12.0,6.0,13.0,26.0,9.0,32.0,7.0,26.0,56.5,22.0,74.5,70.0,1.5,25.5,31.0,30.0,0,0,1,0,0,0,0,0,0,0,0,0,0,0,0,1,0,0,0
2025-04-05,32.5,5.5,5.5,22.0,14.0,20.0,26.0,33.5,32.0,30.5,52.0,65.5,25.5,74.5,70.0,6.0,25.5,37.0,77.0,0,0,1,0,0,0,0,0,0,0,0,0,0,0,0,1,0,0,0
2025-04-06,1.0,2.5,1.75,22.0,14.0,20.0,12.0,52.5,23.5,60.5,52.0,65.5,25.5,12.0,28.5,1.0,16.0,55.5,77.0,0,0,1,0,0,0,0,0,0,0,0,0,0,0,0,1,0,0,0
2025-04-07,1.0,1.0,15.5,0.5,0.5,15.5,12.0,52.5,17.0,60.0,1.5,13.0,18.5,4.5,20.5,7.5,16.0,55.5,2.0,0,0,1,0,0,0,0,0,0,0,0,0,0,0,0,1,0,0,0
2025-04-08,1.0,1.0,7.25,0.5,0.5,3.0,1.0,1.5,0.5,1.5,0.0,0.5,1.0,2.0,0.5,7.5,0.5,1.5,1.0,0,0,1,0,0,0,0,0,0,0,0,0,0,0,0,1,0,0,0
2025-04-09,5.0,0.5,2.75,17.5,1.0,0.0,0.0,4.5,5.0,10.0,8.5,2.0,34.5,0.0,43.5,7.5,17.0,0.0,3.0,0,0,1,0,0,0,0,0,0,0,0,0,0,0,0,1,0,0,0
2025-04-10,26.5,0.5,0.0,17.5,1.0,0.5,0.5,4.5,5.0,10.0,8.5,2.0,34.5,0.0,43.5,11.5,17.0,23.0,3.0,0,0,1,0,0,0,0,0,0,0,0,0,0,0,0,1,0,0,0
2025-04-11,59.5,2.0,4.75,24.5,27.5,89.0,77.5,75.5,56.0,97.5,60.5,55.5,80.5,112.5,128.5,26.5,49.0,108.5,38.5,0,0,1,0,0,0,0,0,0,0,0,0,0,0,0,1,0,0,0
2025-04-12,59.5,2.0,3.25,24.5,27.5,89.0,77.5,75.5,56.0,97.5,60.5,55.5,80.5,112.5,128.5,9.0,49.0,108.5,38.5,0,0,1,0,0,0,0,0,0,0,0,0,0,0,0,1,0,0,0
2025-04-13,18.5,1.5,6.5,3.5,5.0,0.5,0.0,0.0,0.5,0.0,2.5,10.0,0.0,0.0,14.5,11.5,0.5,0.0,7.5,0,0,1,0,0,0,0,0,0,0,0,0,0,0,0,1,0,0,0
2025-04-14,18.5,1.5,6.5,3.5,5.0,0.5,0.0,0.0,14.0,0.0,2.5,3.0,0.0,0.0,9.0,3.5,1.5,0.0,7.5,0,0,1,0,0,0,0,0,0,0,0,0,0,0,0,1,0,0,0
2025-04-15,0.5,0.0,4.25,13.5,3.0,27.5,11.5,39.5,35.0,33.0,7.0,67.5,41.0,28.0,56.5,3.5,25.5,37.5,40.5,0,0,1,0,0,0,0,0,0,0,0,0,0,0,0,1,0,0,0
2025-04-16,55.0,30.5,14.0,66.5,60.5,55.0,40.0,39.5,48.0,32.5,25.0,70.0,41.0,48.5,56.5,6.5,26.0,37.5,49.5,0,0,1,0,0,0,0,0,0,0,0,0,0,0,0,1,0,0,0
2025-04-17,23.5,9.0,7.0,9.0,9.0,4.5,1.0,5.0,5.5,6.0,6.0,5.0,6.0,3.0,4.0,2.5,4.5,6.5,5.0,0,0,1,0,0,0,0,0,0,0,0,0,0,0,0,1,0,0,0
2025-04-18,40.0,20.5,6.0,9.0,30.5,4.5,3.5,8.0,5.5,9.5,6.0,5.0,6.0,3.0,4.0,2.5,4.5,6.5,5.0,0,0,1,0,0,0,0,0,0,0,0,0,0,0,0,1,0,0,0
2025-04-19,40.0,20.5,0.75,42.5,30.5,25.5,43.5,29.5,21.0,37.5,8.5,2.0,24.5,44.5,40.0,10.0,26.5,28.5,2.5,0,0,1,0,0,0,0,0,0,0,0,0,0,0,0,1,0,0,0
2025-04-20,22.5,23.0,3.0,54.0,24.0,25.5,45.5,30.5,37.5,43.0,23.5,25.5,35.5,46.0,46.0,10.0,34.5,33.5,13.0,0,0,1,0,0,0,0,0,0,0,0,0,0,0,0,1,0,0,0
2025-04-21,6.5,8.0,16.5,12.0,7.0,3.0,7.0,14.5,67.0,28.5,23.5,63.5,35.5,24.5,58.5,13.5,33.0,33.5,13.0,0,0,1,0,0,0,0,0,0,0,0,0,0,0,0,1,0,0,0
2025-04-22,6.5,5.0,14.0,30.5,5.5,15.0,15.0,8.0,67.0,7.0,4.0,63.5,16.5,22.5,58.5,17.0,33.0,2.5,3.5,0,0,1,0,0,0,0,0,0,0,0,0,0,0,0,1,0,0,0
2025-04-23,14.5,33.5,8.75,30.5,55.0,15.5,20.5,17.0,78.5,44.5,31.0,88.0,42.0,61.0,145.0,11.5,41.5,28.0,105.5,0,0,1,0,0,0,0,0,0,0,0,0,0,0,0,1,0,0,0
2025-04-24,37.5,33.5,12.25,30.5,55.0,15.5,25.5,28.5,78.5,44.5,31.0,88.0,42.0,61.0,145.0,12.0,41.5,28.0,105.5,0,0,1,0,0,0,0,0,0,0,0,0,0,0,0,1,0,0,0
2025-04-25,37.5,31.0,26.25,25.0,52.0,14.0,25.5,28.5,30.5,24.5,16.5,28.0,26.0,20.5,42.5,14.0,25.5,28.0,19.5,0,0,1,0,0,0,0,0,0,0,0,0,0,0,0,1,0,0,0
2025-04-26,9.0,26.5,10.5,1.5,14.0,1.0,28.0,1.5,30.0,3.5,50.0,36.5,19.0,34.0,1.5,0.5,19.5,4.0,22.5,0,0,1,0,0,0,0,0,0,0,0,0,0,0,0,1,0,0,0
2025-04-27,9.0,26.5,13.0,1.5,14.0,2.0,28.0,2.5,30.0,6.5,50.0,36.5,20.5,34.0,1.5,13.5,19.5,19.5,22.5,0,0,1,0,0,0,0,0,0,0,0,0,0,0,0,1,0,0,0
2025-04-28,5.5,2.0,14.5,2.0,1.5,32.5,2.5,7.5,10.5,11.5,1.5,11.5,20.5,7.0,2.5,13.5,5.0,19.5,2.0,0,0,1,0,0,0,0,0,0,0,0,0,0,0,0,1,0,0,0
2025-04-29,12.0,2.0,2.5,2.0,1.5,80.0,43.0,83.5,5.5,103.0,0.0,0.0,31.0,11.0,2.5,11.0,3.5,48.5,0.0,0,0,1,0,0,0,0,0,0,0,0,0,0,0,0,1,0,0,0
2025-04-30,12.0,0.0,8.0,0.0,0.0,80.0,43.0,83.5,5.5,103.0,0.0,1.0,31.0,11.0,2.0,11.0,3.5,48.5,0.0,0,0,1,0,0,0,0,0,0,0,0,0,0,0,0,1,0,0,0
2025-05-01,0.5,0.0,19.25,0.0,0.5,0.0,0.0,0.0,2.5,0.0,0.0,4.5,0.0,0.0,0.5,15.0,0.0,0.0,11.5,0,0,1,0,0,0,0,0,0,0,0,0,0,0,0,1,0,0,0
2025-05-02,0.5,13.5,18.25,34.5,3.0,14.0,5.0,72.5,34.0,77.0,75.0,10.5,47.5,0.0,0.0,6.0,43.0,50.5,66.5,0,0,1,0,0,0,0,0,0,0,0,0,0,0,0,1,0,0,0
2025-05-03,1.0,13.5,2.5,34.5,3.0,14.0,7.0,72.5,34.0,77.0,75.0,10.5,47.5,0.5,20.5,6.0,43.0,50.5,66.5,0,0,1,0,0,0,0,0,0,0,0,0,0,0,0,1,0,0,0
2025-05-04,30.5,14.5,5.5,25.5,13.5,18.5,10.0,15.5,14.5,10.0,15.5,11.5,47.5,6.0,26.0,6.0,14.0,12.0,7.0,0,0,1,0,0,0,0,0,0,0,0,0,1,0,0,1,0,0,0
2025-05-05,30.5,14.5,11.25,25.5,13.5,14.0,7.0,15.5,14.5,10.0,15.5,6.5,0.0,6.0,6.0,0.5,14.0,12.0,7.0,0,0,1,0,0,0,0,0,0,0,0,0,0,0,0,1,0,0,0
2025-05-06,0.0,0.0,1.0,0.0,0.0,5.0,0.0,0.0,0.0,0.0,0.0,0.0,0.0,0.5,0.0,1.5,0.0,0.0,0.0,0,0,1,0,0,0,0,0,0,0,0,0,0,0,0,1,0,0,0
2025-05-07,7.5,1.0,15.0,0.0,3.5,5.0,0.0,0.0,22.5,0.0,5.5,0.5,0.5,0.0,0.0,7.0,1.5,0.5,0.5,0,0,1,0,0,0,0,0,0,0,0,0,0,0,0,1,0,0,0
2025-05-08,7.5,1.5,26.75,0.0,3.5,26.0,14.5,30.0,68.0,49.5,5.5,1.5,51.0,9.0,2.0,7.0,46.5,54.0,1.0,0,0,1,0,0,0,0,0,0,0,0,0,0,0,0,1,0,0,0
2025-05-09,0.5,1.5,0.0,0.0,1.5,26.0,14.5,30.0,68.0,49.5,1.0,1.5,51.0,9.0,2.0,0.5,46.5,54.0,1.0,0,0,1,0,0,0,0,0,0,0,0,0,0,0,0,1,0,0,0
2025-05-10,1.5,0.5,5.0,11.5,1.0,23.5,25.5,43.0,26.5,46.0,3.0,42.5,37.0,47.0,22.5,4.5,12.5,16.0,0.0,0,0,1,0,0,0,0,0,0,0,0,0,0,0,0,1,0,0,0
2025-05-11,22.0,7.5,7.75,17.5,7.5,38.5,25.5,42.0,26.5,44.5,3.0,42.5,37.0,46.0,22.5,7.0,12.5,59.0,1.5,0,0,1,0,0,0,0,0,0,0,0,0,0,0,0,1,0,0,0
2025-05-12,22.0,7.5,19.25,17.5,7.5,38.5,10.5,16.0,34.0,12.0,5.5,18.0,20.5,7.0,0.0,0.5,16.5,59.0,1.5,0,0,1,0,0,0,0,0,0,0,0,0,0,0,0,1,0,0,0
2025-05-13,0.0,0.5,23.25,1.0,0.0,2.5,8.0,6.0,34.0,12.0,9.0,24.5,20.5,10.0,0.0,1.5,16.5,13.5,25.0,0,0,1,0,0,0,0,0,0,0,0,0,0,0,0,1,0,0,0
2025-05-14,12.5,0.5,11.75,7.0,0.0,2.5,8.0,6.0,1.0,12.0,9.0,24.5,8.5,10.0,0.0,4.5,10.0,13.5,25.0,0,0,1,0,0,0,0,0,0,0,0,0,0,0,0,1,0,0,0
2025-05-15,12.5,0.0,11.75,7.0,0.5,0.0,0.0,0.5,0.0,0.0,0.0,24.0,0.0,0.0,0.0,4.5,0.0,4.0,1.0,0,0,1,0,0,0,0,0,0,0,0,0,0,0,0,1,0,0,0
2025-05-16,3.0,0.0,18.0,0.0,0.5,0.0,0.0,0.0,0.0,0.0,0.0,0.0,0.0,0.0,0.0,1.5,0.0,0.0,0.0,0,0,1,0,0,0,0,0,0,0,0,0,0,0,0,1,0,0,0
2025-05-17,0.5,6.0,20.25,4.5,6.5,0.5,0.0,0.0,0.0,0.0,0.0,0.0,0.0,0.0,0.0,1.5,0.0,0.5,0.0,0,0,1,0,0,0,0,0,0,0,0,0,0,0,0,1,0,0,0
2025-05-18,18.0,15.5,10.0,6.5,10.0,42.0,23.5,9.5,10.0,18.0,14.0,87.0,14.0,30.0,9.0,3.5,2.5,4.5,12.5,0,0,1,0,0,0,0,0,0,0,0,0,0,0,0,1,0,0,0
2025-05-19,21.0,15.5,6.5,16.5,22.0,42.0,46.5,15.0,19.5,19.5,57.0,86.0,26.0,44.0,8.5,16.25,16.0,13.5,71.0,0,0,1,0,0,0,0,0,0,0,0,0,0,0,0,1,0,0,0
2025-05-20,112.0,11.5,2.5,17.0,22.0,5.5,47.0,16.0,19.5,19.5,57.0,22.5,26.0,44.0,8.5,1.25,16.0,13.0,71.0,0,0,1,0,0,0,0,0,0,0,0,0,0,0,0,1,0,0,0
2025-05-21,112.0,11.5,0.0,5.5,10.0,4.0,2.5,3.5,4.0,2.5,2.0,3.5,1.5,6.0,8.5,0.0,2.5,3.0,9.5,0,0,1,0,0,0,0,0,0,0,0,0,0,0,1,1,0,0,0
2025-05-22,0.5,0.0,7.0,2.0,0.5,0.0,0.0,0.0,0.0,0.5,0.0,0.5,0.0,3.5,3.0,5.0,0.0,0.0,3.0,0,0,1,0,0,0,0,0,0,0,0,0,0,0,0,1,0,0,0
2025-05-23,4.0,3.5,8.5,0.0,5.0,0.0,0.0,0.0,0.0,0.0,0.0,0.0,0.0,0.0,3.0,4.0,0.0,2.0,0.0,0,0,1,0,0,0,0,0,0,0,0,0,0,0,0,1,0,0,0
2025-05-24,4.0,3.5,3.0,0.0,5.0,0.0,0.0,0.0,0.0,0.0,0.0,0.0,0.0,0.0,0.0,5.0,0.0,2.0,0.0,0,0,1,0,0,0,0,0,0,0,0,0,0,0,0,1,0,0,0
2025-05-25,0.0,0.0,5.5,0.0,0.0,0.0,0.5,0.0,1.0,0.0,0.0,0.0,0.0,5.5,0.0,22.25,0.0,0.0,0.0,0,0,1,0,0,0,0,0,0,0,0,0,0,0,0,1,0,0,0
2025-05-26,0.0,0.0,5.0,0.0,0.0,0.0,0.5,0.0,1.0,0.0,0.0,0.0,0.0,5.5,0.0,13.5,0.0,0.0,0.0,0,0,1,0,0,0,0,0,0,0,0,0,0,0,0,1,0,0,0
2025-05-27,0.0,0.0,2.0,0.0,0.0,0.0,0.0,0.0,0.0,0.0,0.0,0.0,0.0,0.0,0.0,12.0,0.0,0.0,0.0,0,0,1,0,0,0,0,0,0,0,0,0,0,0,0,1,0,0,0
2025-05-28,0.0,0.0,2.0,0.0,0.0,0.0,0.0,0.0,0.0,0.0,0.0,0.0,0.0,0.0,0.0,9.25,0.0,0.0,0.0,0,0,1,0,0,0,0,0,0,0,0,0,0,0,0,1,0,0,0
2025-05-29,1.0,0.0,8.0,0.0,0.5,0.0,0.0,0.0,0.0,0.0,1.5,0.0,0.0,0.0,14.0,2.75,0.0,0.0,0.0,0,0,1,0,0,0,0,0,0,0,0,0,0,0,0,1,0,0,0
2025-05-30,1.0,0.0,6.0,0.0,0.5,0.0,0.0,0.0,0.0,0.0,1.5,0.0,0.0,0.0,14.0,0.0,0.0,0.0,0.0,0,0,1,0,0,0,0,0,0,0,0,0,0,0,1,1,0,0,0
2025-05-31,0.0,1.5,1.0,2.0,2.5,0.0,0.0,1.5,0.0,0.5,0.0,0.0,0.0,0.0,0.0,0.75,0.0,0.0,0.0,0,0,1,0,0,0,0,0,0,0,0,0,0,0,0,1,0,0,0
2025-06-01,0.0,1.5,0.0,2.0,2.5,0.0,0.0,1.5,0.0,0.5,0.0,0.0,0.0,0.0,0.0,0.75,0.0,0.0,0.0,0,0,1,0,0,0,0,0,0,0,0,0,0,0,0,1,0,0,0
2025-06-02,0.0,0.0,1.0,0.0,0.0,0.0,0.0,0.0,0.0,0.0,0.0,0.0,0.0,0.0,0.0,0.25,0.0,0.0,0.0,0,0,1,0,0,0,0,0,0,0,0,0,0,0,0,1,0,0,0
2025-06-03,0.0,0.0,0.25,0.0,0.0,0.5,1.0,3.5,14.5,3.0,0.0,0.0,8.0,3.5,0.0,5.5,8.5,4.0,0.0,0,0,1,0,0,0,0,0,0,0,0,0,0,0,0,1,0,0,0
2025-06-04,8.0,28.0,14.0,24.0,32.0,20.5,1.0,7.0,14.5,8.0,0.0,9.0,8.0,10.0,0.0,2.25,8.5,61.0,0.5,0,0,1,0,0,0,0,0,0,0,0,0,0,0,0,1,0,0,0
2025-06-05,33.0,28.0,15.0,24.0,32.0,20.5,0.0,7.0,3.5,8.0,0.0,9.0,3.5,10.0,0.0,10.5,1.5,61.0,1.0,0,0,1,0,0,0,0,0,0,0,0,0,0,0,0,1,0,0,0
2025-06-06,33.0,17.0,1.0,2.5,15.5,0.0,3.5,0.0,0.0,0.0,0.0,0.0,0.0,4.5,0.0,0.5,0.5,0.0,1.0,0,0,1,0,0,0,0,0,0,0,0,0,0,0,0,1,0,0,0
2025-06-07,3.0,2.5,0.0,0.0,3.0,0.0,3.5,0.0,0.0,0.0,0.0,0.5,0.0,4.5,0.0,0.0,0.0,0.0,0.0,0,0,1,0,0,0,0,0,0,0,0,0,0,0,0,1,0,0,0
2025-06-08,15.0,7.0,4.5,2.5,10.0,1.0,2.0,0.0,0.0,0.5,1.5,1.0,0.5,9.0,1.0,5.5,0.5,7.0,6.0,0,0,1,0,0,0,0,1,0,0,0,0,0,0,0,1,0,0,0
2025-06-09,11.0,6.0,0.0,2.5,8.0,3.0,2.5,0.5,0.0,0.5,1.5,1.0,0.5,9.0,5.5,17.5,0.5,7.0,6.0,0,0,1,0,0,0,0,0,0,0,0,0,0,0,0,1,0,0,0
2025-06-10,18.0,9.5,0.0,22.5,10.0,32.0,35.0,45.0,31.5,42.0,18.5,7.5,52.0,42.5,12.5,1.5,0.5,41.0,4.5,0,0,1,0,0,0,0,0,0,0,0,0,0,0,0,1,1,0,0
2025-06-11,18.0,21.5,1.0,22.5,10.0,32.0,35.0,45.0,31.5,42.0,18.5,7.5,52.0,42.5,12.5,10.5,0.0,41.0,4.5,0,0,1,0,0,0,0,0,0,0,0,0,0,0,0,1,0,0,0
2025-06-12,0.0,21.5,1.0,0.0,1.0,0.0,0.0,0.0,0.0,0.0,0.0,0.0,0.0,2.0,0.0,10.5,0.0,0.0,0.0,0,0,1,0,0,0,0,0,0,0,0,0,0,0,0,1,0,0,0
2025-06-13,0.0,0.0,0.5,0.0,0.0,0.0,0.0,0.0,0.0,0.0,0.0,0.0,0.0,0.0,0.0,5.75,0.0,0.0,20.5,0,0,1,0,0,0,0,0,0,0,0,0,0,0,0,1,0,0,0
2025-06-14,0.0,1.0,4.0,0.0,4.0,0.0,0.0,0.0,0.0,0.5,0.0,0.5,0.0,0.0,0.0,5.0,0.0,0.5,20.5,0,0,1,0,0,0,0,0,0,0,0,0,0,0,0,1,0,0,0
2025-06-15,8.0,1.0,0.5,0.0,4.0,2.0,11.0,1.0,5.0,0.5,0.0,0.5,0.0,24.5,0.0,1.5,10.0,0.5,1.5,0,0,1,0,0,0,0,0,0,0,0,0,0,0,0,1,0,0,0
2025-06-16,8.5,7.5,0.0,4.5,9.0,25.5,19.5,15.0,29.0,16.5,7.0,10.0,18.5,24.5,11.5,2.5,60.0,21.5,5.0,0,0,1,0,0,0,0,0,0,0,0,0,0,0,0,1,0,0,0
2025-06-17,13.5,8.0,8.0,6.5,9.5,11.0,16.5,15.0,29.0,16.5,7.0,10.0,18.0,13.0,11.5,2.5,60.0,22.0,5.0,0,0,1,0,0,0,0,0,0,0,0,0,0,0,0,1,0,0,0
2025-06-18,14.0,8.5,6.5,7.0,8.0,9.5,3.5,4.5,3.5,4.5,6.0,4.0,4.5,4.0,5.0,1.5,3.5,5.5,5.5,0,0,1,0,0,0,0,0,0,0,0,0,0,0,0,1,0,0,0
2025-06-19,0.5,0.5,6.5,0.5,0.5,1.5,0.0,1.5,2.5,1.0,0.5,1.5,1.5,3.5,5.0,1.0,2.0,0.5,1.0,0,0,1,0,0,0,0,0,0,0,0,0,0,0,0,1,0,0,0
2025-06-20,3.0,27.5,1.5,25.0,32.0,25.5,11.0,18.0,24.5,24.5,18.5,19.0,18.0,16.0,5.0,5.0,15.0,24.0,21.5,0,0,1,0,0,0,0,0,0,0,0,0,0,0,1,1,0,0,0
2025-06-21,3.0,27.5,17.0,25.0,32.0,25.5,11.0,18.0,24.5,24.5,18.5,19.0,18.0,16.0,0.0,8.0,15.0,24.0,21.5,0,0,1,0,0,0,0,0,0,0,0,0,0,0,0,1,0,0,0
2025-06-22,0.0,0.0,5.0,0.0,0.0,0.0,0.0,0.0,0.0,0.0,0.0,0.0,0.0,0.0,0.0,1.0,0.0,0.0,0.0,0,0,1,0,0,0,0,0,0,0,0,0,0,0,0,1,0,0,0
2025-06-23,0.0,0.0,11.5,0.0,0.0,0.0,1.0,0.0,0.0,0.0,0.0,0.0,0.0,12.0,0.0,1.0,0.0,0.0,0.0,0,0,1,0,0,0,0,0,0,0,0,0,0,0,0,1,0,0,0
2025-06-24,0.0,3.0,2.0,0.0,5.0,1.5,1.0,0.0,0.0,0.0,0.0,0.0,0.0,12.0,0.0,1.0,0.0,0.0,0.0,0,0,1,0,0,0,0,0,0,0,0,0,0,0,0,1,0,0,0
2025-06-25,0.0,3.0,0.0,1.0,5.0,1.5,0.5,0.0,2.0,0.0,10.0,0.0,0.5,1.5,0.0,0.5,1.0,0.0,0.0,0,0,1,0,0,0,0,0,0,0,0,0,0,0,0,1,0,0,0
2025-06-26,0.0,0.5,0.0,1.0,0.0,0.0,0.5,0.0,2.0,0.0,10.0,0.0,0.5,1.5,0.0,1.0,1.0,0.0,0.0,0,0,1,0,0,0,0,0,0,0,0,0,0,0,0,1,0,0,0
2025-06-27,16.5,9.0,1.5,16.0,7.0,13.0,21.5,27.5,16.0,42.0,3.5,1.5,36.5,4.5,0.0,1.0,27.5,45.5,0.0,0,0,1,0,0,0,0,0,0,0,0,0,0,0,0,1,0,0,0
2025-06-28,16.5,9.0,4.5,16.0,7.0,13.0,21.5,27.5,16.0,42.0,3.5,1.5,36.5,4.5,0.0,0.5,27.5,45.5,0.0,0,0,1,0,0,0,0,0,0,0,0,0,0,0,0,1,0,0,0
2025-06-29,23.5,18.5,0.0,34.0,6.5,0.0,0.0,0.0,0.0,0.5,3.5,2.5,8.0,0.0,0.0,0.0,1.0,1.5,4.0,0,0,1,0,0,0,0,0,0,0,0,0,0,0,0,1,0,0,0
2025-06-30,23.5,18.5,0.0,34.0,6.5,1.0,0.0,0.0,0.0,0.5,3.5,2.5,8.0,0.0,0.0,0.0,1.0,6.0,4.0,0,0,1,0,0,0,0,0,0,0,0,0,0,0,0,1,0,0,0
2025-07-01,0.0,0.0,0.5,1.0,0.0,1.0,0.0,0.0,8.0,0.0,0.0,0.0,2.0,9.5,0.0,0.0,4.0,6.0,0.0,0,0,1,0,0,0,0,0,0,0,0,0,0,0,1,1,0,0,0
2025-07-02,1.5,6.0,4.5,20.0,3.5,14.5,0.5,4.5,8.0,17.5,1.5,9.0,5.5,9.5,0.0,0.0,4.0,14.0,0.0,0,0,1,0,0,0,0,0,0,0,0,0,0,0,1,1,0,0,0
2025-07-03,15.0,6.0,0.0,20.0,3.5,14.5,0.5,4.5,3.0,17.5,1.5,9.0,5.5,0.5,0.0,2.0,1.0,14.0,0.5,0,0,1,0,0,0,0,0,0,0,0,0,0,0,0,1,0,0,0
2025-07-04,58.5,1.0,0.0,21.0,0.5,34.5,55.5,42.5,4.5,42.0,9.5,3.5,18.0,25.0,0.0,2.0,4.5,34.0,6.0,0,0,1,0,0,0,0,0,0,0,0,0,0,0,0,1,0,0,0
2025-07-05,58.5,1.0,0.0,21.0,0.0,34.5,55.5,42.5,6.0,42.0,16.0,4.0,18.0,25.0,0.0,2.0,6.0,34.0,6.0,0,0,1,0,0,0,0,0,0,0,0,0,0,0,0,1,0,0,0
2025-07-06,3.5,2.0,1.0,22.5,3.5,6.5,9.5,23.5,6.0,19.0,16.0,4.0,11.0,3.0,0.0,2.0,6.0,7.0,0.0,0,0,1,0,0,0,0,0,0,0,0,0,0,0,0,1,0,0,0
2025-07-07,3.5,2.0,2.5,22.5,3.5,0.0,0.0,0.5,0.0,0.0,4.0,0.0,0.0,0.0,0.0,2.0,0.0,0.0,0.0,0,0,1,0,0,0,0,0,0,0,0,0,0,0,0,1,0,0,0
2025-07-08,6.5,0.0,3.25,1.5,0.0,8.5,1.0,4.0,1.0,10.5,2.0,0.5,1.5,2.0,0.0,22.5,1.5,9.0,0.0,0,0,1,0,0,0,0,0,0,0,0,0,0,0,0,1,0,0,0
2025-07-09,6.5,0.0,1.0,1.5,0.0,8.5,1.0,4.0,1.0,10.5,2.0,0.5,1.5,2.0,0.0,3.0,1.5,9.0,0.0,0,0,1,0,0,0,0,0,0,0,0,0,0,0,0,1,0,0,0
2025-07-10,0.0,0.0,6.5,0.0,0.0,0.0,0.0,0.5,3.0,0.0,0.0,2.5,2.5,0.0,0.0,3.0,0.5,0.0,0.0,0,0,1,0,0,0,0,0,0,0,0,0,0,0,0,1,0,0,0
2025-07-11,0.0,0.0,0.25,0.0,0.0,0.0,0.0,0.0,3.0,0.0,0.0,2.5,2.5,0.0,0.0,3.0,0.5,0.0,0.0,0,0,1,0,0,0,0,0,0,0,0,0,0,0,0,1,0,0,0
2025-07-12,0.0,0.5,21.75,1.5,0.5,0.0,0.0,0.0,4.5,0.0,0.5,8.0,0.5,0.0,0.0,8.5,4.5,0.0,1.5,0,0,1,0,0,0,0,0,0,0,0,0,0,0,0,1,0,0,0
2025-07-13,35.0,0.5,8.5,1.5,1.0,0.0,0.0,0.0,4.5,0.0,0.5,8.0,0.5,0.0,0.0,0.0,4.5,0.0,1.5,0,0,1,0,0,0,0,0,0,0,0,0,0,0,0,1,0,0,0
2025-07-14,35.0,3.5,1.0,5.5,3.0,1.5,0.0,0.0,0.0,0.0,0.0,0.0,0.0,0.0,0.0,0.0,0.0,0.0,0.0,0,0,1,0,0,0,0,0,0,0,0,0,0,0,0,1,0,0,0
2025-07-15,2.0,3.5,0.0,5.5,3.0,1.5,0.0,0.0,0.0,0.0,0.0,0.0,0.0,0.0,0.0,0.0,0.0,0.0,0.0,0,0,1,0,0,0,0,0,0,0,0,0,0,0,0,1,0,0,0
2025-07-16,0.0,0.0,0.0,0.0,0.0,0.0,0.0,0.0,0.0,0.0,0.0,0.0,0.0,0.0,0.0,0.0,0.0,0.0,0.0,0,0,1,0,0,0,0,0,0,0,0,0,0,0,0,1,0,0,0
2025-07-17,0.0,0.0,0.0,0.0,0.0,0.0,0.0,0.0,0.0,0.0,0.0,0.0,0.0,0.0,0.0,0.0,0.0,0.0,0.0,0,0,1,0,0,0,0,0,0,0,0,0,0,0,0,1,0,0,0
2025-07-18,0.0,0.0,0.25,0.0,0.0,0.0,0.0,0.0,0.0,0.0,0.0,0.0,0.0,0.0,0.0,0.0,0.0,0.0,0.0,0,0,1,0,0,0,0,0,0,0,0,0,0,0,0,1,0,0,0
2025-07-19,0.0,0.0,0.0,0.0,0.0,0.0,0.0,0.0,0.0,0.0,0.0,0.0,0.0,0.0,0.0,0.0,0.0,0.0,0.0,0,0,1,0,0,0,0,0,0,0,0,0,0,0,0,1,0,0,0
2025-07-20,0.0,0.0,0.0,0.0,0.0,0.0,0.0,0.0,0.0,0.0,0.0,0.0,0.0,0.0,0.0,0.0,0.0,0.0,0.0,0,0,1,0,0,0,0,0,0,0,0,0,0,0,0,1,0,0,0
2025-07-21,0.0,0.0,0.75,0.0,0.0,0.0,0.0,0.0,0.0,0.0,0.0,0.0,0.0,0.0,0.0,0.0,0.0,0.0,0.0,0,0,1,0,0,0,0,0,0,0,0,0,0,0,1,1,0,0,0
2025-07-22,0.0,5.0,0.0,8.5,4.0,11.5,21.0,11.5,9.5,15.5,3.0,2.0,12.0,16.5,5.5,0.0,12.0,13.5,21.5,0,0,1,0,0,0,0,0,0,0,0,0,0,0,0,1,0,0,0
2025-07-23,0.0,5.0,2.5,8.5,4.0,11.5,21.0,11.5,9.5,15.5,3.0,2.0,12.0,16.5,5.5,0.0,12.0,13.5,21.5,0,0,1,0,0,0,0,0,0,0,0,0,0,0,0,1,0,0,0
2025-07-24,0.0,2.5,14.25,0.0,0.0,0.0,0.0,0.0,0.0,0.0,0.0,0.0,0.0,0.0,0.0,0.0,8.5,0.0,0.0,0,0,1,0,0,0,0,0,0,0,0,0,0,0,0,1,0,0,0
2025-07-25,0.0,2.5,14.25,0.0,0.0,0.0,0.0,0.0,0.0,0.0,0.0,6.0,0.0,0.5,0.0,0.0,8.5,0.0,0.0,0,0,1,0,0,0,0,0,0,0,0,0,0,0,0,1,0,0,0
2025-07-26,1.0,0.0,0.5,0.0,0.0,0.5,14.5,32.0,6.5,36.5,1.5,10.5,7.0,48.5,1.0,0.0,6.0,0.0,6.5,0,0,1,0,0,0,0,0,0,0,0,0,0,0,0,1,0,0,0
2025-07-27,1.0,0.0,0.0,0.0,0.0,7.5,14.5,32.0,6.5,36.5,1.5,24.0,7.0,48.5,2.5,0.0,6.0,15.5,15.0,0,0,1,0,0,0,0,0,0,0,0,0,0,0,0,1,0,0,0
2025-07-28,0.0,0.0,2.5,0.0,0.0,7.5,0.0,4.5,1.0,3.0,0.0,24.0,2.5,0.5,0.0,0.25,0.0,15.5,15.0,0,0,1,0,0,0,0,0,0,0,0,0,0,0,0,1,0,0,0
2025-07-29,1.0,0.0,2.5,8.5,0.5,5.0,4.0,13.0,4.0,21.5,13.0,0.0,16.0,0.5,0.0,0.25,6.0,2.5,0.5,0,0,1,0,0,0,0,0,0,0,0,0,0,0,0,1,0,0,0
2025-07-30,40.0,18.5,7.0,15.0,11.0,5.0,4.0,13.0,4.0,21.5,13.0,0.0,16.0,1.0,0.0,5.25,6.0,3.0,0.0,0,0,1,0,0,0,0,0,0,0,0,0,0,0,0,1,0,0,0
2025-07-31,40.0,18.5,3.5,15.0,11.0,0.0,0.0,0.5,0.0,4.5,2.0,0.0,0.0,1.0,0.0,1.25,0.5,3.0,0.0,0,0,1,0,0,0,0,0,0,0,0,0,0,0,0,1,0,0,0
2025-08-01,0.0,2.5,12.0,7.0,1.5,5.0,2.0,0.5,13.5,1.0,27.5,39.5,27.0,2.0,0.0,17.25,25.0,3.0,22.5,0,0,1,0,0,0,0,0,0,0,0,0,0,0,0,1,0,0,0
2025-08-02,0.0,2.5,4.5,7.0,1.5,5.0,2.0,0.5,13.5,1.0,27.5,39.5,27.0,2.0,0.0,8.5,25.0,3.0,22.5,0,0,1,0,0,0,0,0,0,0,0,0,0,0,0,1,0,0,0
2025-08-03,0.0,0.0,4.5,0.0,0.0,0.0,0.0,0.0,0.0,0.0,0.0,0.5,0.0,0.0,0.0,0.0,0.0,0.0,0.0,0,0,1,0,0,0,0,0,0,0,0,0,0,0,0,1,0,0,0
2025-08-04,47.5,22.5,3.5,11.0,24.5,28.0,3.0,8.0,2.0,9.5,3.5,7.0,3.0,3.5,0.0,4.25,1.5,12.5,9.0,0,0,1,0,0,0,0,0,0,0,0,0,0,0,0,1,0,0,0
2025-08-05,47.5,22.5,4.0,11.0,24.5,64.5,49.0,36.5,8.5,31.0,17.0,9.5,15.0,10.0,1.0,11.0,10.0,14.5,9.0,0,0,1,0,0,0,0,0,0,0,0,0,0,0,0,1,0,0,0
2025-08-06,0.5,0.5,2.0,0.5,0.5,64.5,49.0,36.5,8.5,31.0,17.0,9.5,15.0,10.0,1.0,0.25,10.0,14.5,7.0,0,0,1,0,0,0,0,0,0,0,0,0,0,0,0,1,0,0,0
2025-08-07,0.5,0.0,0.0,0.5,0.0,5.5,1.5,0.5,0.5,0.0,0.0,0.0,0.0,6.5,25.0,0.25,1.0,3.0,0.0,0,0,1,0,0,0,0,0,0,0,0,0,0,0,0,1,0,0,0
2025-08-08,17.0,9.5,0.0,0.0,12.0,6.5,0.5,1.0,3.5,1.0,6.5,13.5,0.0,0.5,25.0,3.5,0.5,9.0,17.0,0,0,1,0,0,0,0,0,0,0,0,0,0,0,0,1,0,0,0
2025-08-09,17.0,9.5,0.0,0.0,12.0,6.5,13.0,12.0,15.0,31.5,6.5,39.0,5.0,25.0,17.5,0.0,15.5,33.5,17.0,0,0,1,0,0,0,0,0,0,0,0,0,0,0,0,1,0,0,0
2025-08-10,0.0,0.0,0.5,0.5,0.0,16.0,13.0,12.5,24.5,31.5,0.0,39.0,23.0,25.0,17.5,0.0,20.5,33.5,2.0,0,0,1,0,0,0,0,0,0,0,0,0,0,0,0,1,0,0,0
2025-08-11,1.0,1.0,0.5,0.5,2.0,16.0,5.0,12.5,24.5,25.5,0.0,25.5,23.0,6.5,0.0,0.0,20.5,3.5,2.0,0,0,1,0,0,0,0,0,0,0,0,0,0,0,0,1,0,0,0
2025-08-12,1.0,1.0,0.0,0.5,2.0,0.0,0.0,0.0,0.0,0.0,2.0,0.0,0.5,0.0,0.0,0.0,0.0,0.0,0.5,0,0,1,0,0,0,0,0,0,0,0,0,0,0,0,1,0,0,0
2025-08-13,0.0,0.5,1.5,0.5,0.0,0.0,0.0,0.0,0.0,0.0,2.0,0.0,0.0,0.0,0.0,0.0,0.0,0.0,0.5,0,0,1,0,0,0,0,0,0,0,0,0,0,0,0,1,0,0,0
2025-08-14,101.5,19.5,0.0,44.5,11.0,30.5,40.0,47.5,26.5,45.0,67.5,13.5,30.0,42.0,5.5,0.0,30.5,35.5,44.5,0,0,1,0,0,0,0,0,0,0,0,0,0,0,0,1,0,0,0
2025-08-15,101.5,19.5,0.0,44.5,11.0,30.5,40.0,47.5,26.5,45.0,67.5,13.5,30.0,42.0,3.0,0.0,30.5,35.5,44.5,0,0,1,0,0,0,0,0,0,0,0,0,0,0,0,1,0,0,0
2025-08-16,0.5,8.5,5.5,6.0,9.5,16.0,12.5,25.5,34.5,33.0,7.0,22.5,37.5,12.0,12.0,0.0,25.5,27.0,20.0,0,0,1,0,0,0,0,0,0,0,0,0,0,0,0,1,0,0,0
2025-08-17,0.5,8.5,5.5,6.0,9.5,16.0,12.5,25.5,34.5,33.0,7.0,22.5,37.5,8.0,12.0,0.0,25.5,27.0,20.0,0,0,1,0,0,0,0,0,0,0,0,0,0,0,0,1,0,0,0
2025-08-18,4.5,1.5,9.5,1.0,2.0,0.0,0.0,0.5,0.5,0.0,0.0,17.5,0.0,0.0,0.0,0.0,0.5,0.5,0.0,0,0,1,0,0,0,0,0,0,0,0,0,0,0,0,1,0,0,0
2025-08-19,35.5,8.0,0.5,20.0,8.5,15.0,52.0,31.5,20.0,17.5,2.0,0.5,27.0,44.0,3.5,0.0,12.0,7.0,1.5,0,0,1,0,0,0,0,0,0,0,0,0,0,0,0,1,0,0,0
2025-08-20,35.5,8.0,0.0,20.0,8.5,15.0,52.0,31.5,20.0,17.5,2.0,0.5,27.0,44.0,3.5,0.0,12.0,7.0,1.5,0,0,1,0,0,0,0,0,0,0,0,0,0,0,0,1,0,0,0
2025-08-21,4.5,2.0,25.5,3.0,2.5,5.5,1.5,2.0,1.0,2.0,2.0,1.0,1.0,3.0,0.0,0.0,1.0,2.5,1.5,0,0,1,0,0,0,0,0,0,0,0,0,0,0,0,1,0,0,0
2025-08-22,4.5,2.0,36.5,3.0,2.5,5.5,1.5,2.0,1.0,2.0,2.0,1.0,1.0,3.0,0.0,0.0,1.0,2.5,1.5,0,0,1,0,0,0,0,0,0,0,0,0,0,0,0,1,0,0,0
2025-08-23,0.0,0.0,13.5,0.0,0.0,0.5,0.0,0.0,0.0,0.0,0.0,0.0,0.0,0.0,0.0,0.0,0.0,0.0,0.0,0,0,1,0,0,0,0,0,0,0,0,0,0,0,0,1,0,0,0
2025-08-24,0.0,9.5,1.5,0.0,26.5,0.0,0.0,0.0,0.0,0.0,0.0,0.0,0.0,0.0,0.0,0.0,0.0,0.0,0.0,0,0,1,0,0,0,0,0,0,0,0,0,0,0,0,1,0,0,0
2025-08-25,6.0,9.5,0.0,10.5,26.5,3.5,5.5,1.5,1.5,0.0,11.0,10.0,2.5,6.5,0.0,0.0,0.0,3.0,8.5,0,0,1,0,0,0,0,0,0,0,0,0,0,0,0,1,0,0,0
2025-08-26,6.5,9.5,1.0,10.5,11.5,2.0,5.5,1.5,1.0,0.5,11.0,10.0,2.5,6.5,0.0,0.0,1.5,2.5,8.5,0,0,1,0,0,0,0,0,0,0,0,0,0,0,0,1,0,0,0
2025-08-27,1.0,15.0,0.0,13.5,24.0,0.0,0.0,0.0,0.5,0.5,8.0,2.5,0.0,0.0,0.0,3.5,1.5,5.0,17.5,0,0,1,0,0,0,0,0,0,0,0,0,0,0,0,1,0,0,0
2025-08-28,6.0,15.0,0.0,13.5,24.0,39.0,29.5,25.0,6.0,20.0,15.5,16.0,6.0,8.5,0.0,3.5,15.5,29.5,17.5,0,0,1,0,0,0,0,0,0,0,0,0,0,0,0,1,0,0,0
2025-08-29,6.0,15.0,21.0,5.0,23.0,39.0,29.5,25.0,20.0,20.0,15.5,16.0,16.5,8.5,0.0,3.5,23.0,29.5,13.0,0,0,1,0,0,0,0,0,0,0,0,0,0,0,0,1,0,0,0
2025-08-30,5.5,15.0,0.0,5.0,23.0,9.5,0.0,9.5,20.0,3.0,0.0,0.0,16.5,1.0,0.0,3.5,23.0,14.5,0.0,0,0,1,0,0,0,0,0,0,0,0,0,0,0,0,1,0,0,0
2025-08-31,0.5,0.0,15.0,0.0,0.0,0.0,0.0,0.0,0.0,0.0,0.0,0.0,0.0,0.0,0.0,1.75,0.0,0.5,0.0,0,0,1,0,0,0,0,0,0,0,0,0,0,0,0,1,0,0,0
2025-09-01,1.0,46.5,15.0,20.5,46.5,0.0,0.0,0.0,0.0,4.5,0.0,1.0,0.0,0.0,0.0,1.75,0.0,1.0,1.0,0,0,1,0,0,0,0,0,0,0,0,0,0,0,0,1,0,0,0
2025-09-02,68.5,46.5,8.0,28.0,46.5,4.0,0.5,6.0,12.0,4.5,24.0,1.0,4.0,1.0,0.0,1.75,7.5,5.0,4.5,0,0,1,0,0,0,0,0,0,0,0,0,0,0,0,1,0,0,0
2025-09-03,68.5,16.0,0.0,28.0,23.0,4.0,0.5,6.0,12.0,2.0,24.0,0.5,4.0,1.5,0.0,1.75,7.5,5.0,12.0,0,0,1,0,0,0,0,0,0,0,0,0,0,0,0,1,0,0,0
2025-09-04,63.5,16.5,3.0,25.0,38.0,70.0,33.0,58.0,71.0,46.0,10.5,25.5,33.5,18.5,3.5,4.0,41.5,34.5,12.0,0,0,1,0,0,0,0,0,0,0,0,0,0,0,0,1,0,0,0
2025-09-05,63.5,16.5,0.5,25.0,38.0,70.0,33.0,58.0,71.0,46.0,10.5,25.5,33.5,18.5,3.5,4.0,41.5,34.5,4.5,0,0,1,0,0,0,0,0,0,0,0,0,0,0,0,1,0,0,0
2025-09-06,3.0,0.5,0.5,16.0,0.0,7.0,5.0,0.5,0.0,0.5,0.0,0.5,0.0,2.0,0.0,4.0,1.5,1.5,0.0,0,0,1,0,0,0,0,0,0,0,0,0,0,0,0,1,0,0,0
2025-09-07,22.5,4.0,2.5,1.0,8.0,0.0,0.0,0.5,0.0,0.0,0.0,6.5,0.0,0.0,0.0,4.0,0.0,0.0,9.0,0,0,1,0,0,0,0,0,0,0,0,0,0,0,0,1,0,0,0
2025-09-08,22.5,4.0,2.5,1.0,8.0,0.0,0.0,0.0,0.0,0.0,0.0,6.5,0.0,0.0,0.0,8.0,0.0,0.0,9.0,0,0,1,0,0,0,0,0,0,0,0,0,0,0,0,1,0,0,0
2025-09-09,2.5,2.0,1.5,2.5,1.5,8.0,2.5,4.5,8.5,4.0,2.5,6.0,4.5,6.5,0.0,2.5,8.0,3.5,3.5,0,0,1,0,0,0,0,0,0,0,0,0,0,0,0,1,0,0,0
2025-09-10,17.0,58.5,5.5,31.0,48.5,9.5,16.0,10.5,8.5,10.5,34.5,15.0,5.5,32.5,9.5,2.5,8.0,12.0,22.0,0,0,1,0,0,0,0,0,0,0,0,0,0,0,0,1,0,0,0
2025-09-11,17.0,58.5,5.5,31.0,48.5,9.5,16.0,10.5,25.5,13.0,34.0,15.0,27.0,32.5,10.0,0.5,30.5,12.0,22.0,0,0,1,0,0,0,0,0,0,0,0,0,0,0,0,1,0,0,0
2025-09-12,6.5,1.0,2.5,2.5,1.0,2.0,8.5,6.5,25.5,13.0,2.0,7.5,27.0,22.5,8.5,0.0,30.5,9.0,8.5,0,0,1,0,0,0,0,0,0,0,0,0,0,0,0,1,0,0,0
2025-09-13,1.5,0.5,0.0,1.0,0.5,0.5,0.5,2.0,1.0,1.5,0.5,1.5,1.5,2.0,2.0,0.0,1.5,1.5,0.5,0,0,1,0,0,0,0,0,0,0,0,0,0,0,0,1,0,0,0
2025-09-14,0.0,0.0,2.0,1.0,0.5,0.0,0.5,2.0,1.0,1.5,0.5,0.0,1.5,2.0,0.0,0.0,1.5,1.5,0.5,0,0,1,0,0,0,0,0,0,0,0,0,0,0,0,1,0,0,0
2025-09-15,134.0,37.5,3.0,52.0,34.5,0.0,35.0,36.5,33.5,39.0,38.5,55.5,34.5,40.5,19.0,0.5,23.0,47.5,57.0,0,0,1,0,0,0,0,0,0,0,0,0,0,0,0,1,0,0,0
2025-09-16,134.0,37.5,8.0,52.0,34.5,0.0,35.0,36.5,33.5,39.0,38.5,55.5,34.5,40.5,19.0,0.5,23.0,47.5,57.0,0,0,1,0,0,0,0,0,0,0,0,0,0,0,0,1,0,0,0
2025-09-17,57.5,48.0,12.5,64.0,55.0,0.0,34.5,18.5,16.5,19.0,14.0,15.0,12.0,59.0,8.5,0.5,12.5,33.0,14.0,0,0,1,0,0,0,0,0,0,0,0,0,0,0,0,1,0,0,0
2025-09-18,57.5,48.0,17.5,64.0,55.0,0.0,34.5,18.5,16.5,19.0,14.0,15.0,12.0,59.0,8.5,6.5,12.5,33.0,14.0,0,0,1,0,0,0,0,0,0,0,0,0,0,0,0,1,0,0,0
2025-09-19,9.0,0.0,10.5,0.0,0.0,0.0,0.0,0.0,0.0,0.0,0.0,0.0,0.0,1.0,24.0,6.5,0.0,0.0,0.0,0,0,1,0,0,0,0,0,0,0,0,0,0,0,0,1,0,0,0
2025-09-20,9.0,3.0,2.0,25.0,3.5,0.0,62.5,45.0,0.0,29.0,2.5,0.0,5.0,30.0,24.0,6.5,0.5,16.5,0.0,0,0,1,0,0,0,0,0,0,0,0,0,0,0,0,1,0,0,0
2025-09-21,1.5,3.0,0.0,25.0,3.5,9.0,62.5,49.0,7.0,33.5,2.5,9.5,10.0,30.0,0.0,0.0,21.0,32.0,0.0,0,0,1,0,0,0,0,0,0,0,0,0,0,0,0,1,0,0,0
2025-09-22,28.0,0.5,0.0,6.0,0.5,37.0,17.5,49.0,37.0,33.5,10.5,9.5,26.0,25.5,3.0,0.0,52.0,32.0,0.0,0,0,1,0,0,0,0,0,0,0,0,0,0,0,0,1,0,0,0
2025-09-23,28.0,13.5,0.0,51.5,8.0,37.0,17.5,22.0,37.0,26.0,10.5,5.5,26.0,25.5,3.0,3.0,52.0,18.5,20.0,0,0,1,0,0,0,0,0,0,0,0,0,0,0,0,1,0,0,0
2025-09-24,7.5,13.5,0.0,51.5,8.0,0.0,0.0,3.0,0.0,1.0,0.5,4.0,0.0,0.5,0.0,0.0,0.0,1.5,20.0,0,0,1,0,0,0,0,0,0,0,0,0,0,0,0,1,0,0,0
2025-09-25,2.0,0.0,1.5,0.5,0.0,0.0,0.0,0.0,0.0,0.0,0.0,1.5,0.0,0.0,0.0,0.0,0.0,0.0,1.5,0,0,1,0,0,0,0,0,0,0,0,0,0,0,0,1,0,0,0
2025-09-26,0.0,0.0,1.5,1.5,0.0,1.5,0.0,0.0,0.0,0.0,0.0,1.5,0.0,0.0,0.0,24.75,0.0,4.5,1.5,0,0,1,0,0,0,0,0,0,0,0,0,0,0,0,1,0,0,0
2025-09-27,1.0,21.0,5.0,35.0,15.5,1.5,0.0,0.0,0.5,0.0,31.5,10.5,1.0,12.0,3.0,24.75,0.0,4.5,44.0,0,0,1,0,0,0,0,0,0,0,0,0,0,0,0,1,0,0,0
2025-09-28,6.0,21.0,1.0,35.0,15.5,6.0,2.0,5.5,3.0,13.5,31.5,14.0,9.5,12.0,3.0,5.75,2.0,4.0,44.0,0,0,1,0,0,0,0,0,0,0,0,0,0,0,1,1,0,0,0
2025-09-29,6.0,2.0,2.0,2.5,2.5,6.0,2.0,5.5,3.0,13.5,9.5,14.0,9.5,0.5,0.0,32.5,2.0,4.0,13.0,0,0,1,0,0,0,0,0,0,0,0,0,0,0,0,1,0,0,0
2025-09-30,0.5,0.0,6.0,0.5,0.0,0.0,0.0,0.0,0.0,0.0,0.0,0.0,2.5,0.0,0.0,32.5,0.0,2.5,0.0,0,0,1,0,0,0,0,0,0,0,0,0,0,0,0,1,0,0,0
2025-10-01,24.0,4.0,0.5,3.0,4.0,1.0,0.5,1.5,1.5,1.5,1.5,0.0,1.5,2.0,3.5,1.5,1.5,2.0,1.0,0,0,1,0,0,0,0,0,0,0,0,0,0,0,0,1,0,0,0
2025-10-02,31.0,4.0,8.5,3.0,4.0,8.5,12.5,8.5,1.5,12.5,1.5,0.5,3.0,14.0,76.0,1.75,6.0,2.0,1.0,0,0,1,0,0,0,0,0,0,0,0,0,0,0,0,1,0,0,0
2025-10-03,31.0,2.0,10.0,3.5,1.5,20.5,20.5,37.5,14.0,60.5,5.0,7.5,20.0,27.0,76.0,1.5,23.0,64.0,20.5,0,0,1,0,0,0,0,0,0,0,0,0,0,0,0,1,0,0,0
2025-10-04,7.5,2.0,9.5,3.5,1.5,20.5,20.5,37.5,14.0,60.5,5.0,7.5,20.0,27.0,0.0,1.5,23.0,64.0,20.5,0,0,1,0,0,0,0,0,0,0,0,0,0,0,0,1,0,0,0
2025-10-05,11.0,19.5,9.5,0.5,28.5,0.0,0.0,0.5,0.0,0.0,0.0,20.5,0.0,0.0,0.0,4.5,0.0,0.0,40.5,0,0,1,0,0,0,0,0,0,0,0,0,0,0,0,1,0,0,0
2025-10-06,18.0,19.5,0.25,41.5,28.5,59.0,42.5,51.5,44.0,61.0,34.0,20.5,42.5,34.5,245.0,4.5,62.5,103.0,40.5,0,0,1,0,0,0,0,0,0,0,0,0,0,0,0,1,0,0,0
2025-10-07,18.0,14.0,6.0,41.5,15.5,59.0,42.5,51.5,44.0,61.0,34.0,12.0,42.5,34.5,245.0,4.0,62.5,103.0,5.5,0,0,1,0,0,0,0,0,0,0,0,0,0,0,0,1,0,0,0
2025-10-08,3.5,3.0,13.75,0.0,0.5,0.0,0.0,0.0,0.0,0.0,0.0,0.0,0.0,1.0,1.0,13.5,0.0,1.0,0.5,0,0,1,0,0,0,0,0,0,0,0,0,0,0,0,1,0,0,0
2025-10-09,41.5,3.0,6.25,0.5,2.0,7.0,0.0,5.5,4.5,4.5,4.0,13.5,1.5,0.5,5.0,13.5,2.0,3.5,19.5,0,0,1,0,0,0,0,0,0,0,0,0,0,0,0,1,0,0,0
2025-10-10,41.5,1.0,0.5,0.5,2.0,7.0,0.0,5.5,4.5,4.5,4.0,13.5,1.5,0.5,5.0,27.0,2.0,3.5,19.5,0,0,1,0,0,0,0,0,0,0,0,0,0,0,0,1,0,0,0
2025-10-11,34.0,7.5,12.0,20.0,4.0,0.0,0.0,2.0,7.5,6.0,44.5,25.0,29.0,0.0,1.5,27.0,9.0,4.0,24.5,0,0,1,0,0,0,0,0,0,0,0,0,0,0,0,1,0,0,0
2025-10-12,34.0,7.5,28.5,20.0,4.0,27.0,30.0,39.0,7.5,28.5,44.5,25.0,29.0,10.0,1.5,27.0,14.5,53.0,24.5,0,0,1,0,0,0,0,0,0,0,0,0,0,0,0,1,0,0,0
2025-10-13,1.5,0.5,29.5,1.5,0.5,27.0,30.0,39.0,3.0,28.5,2.0,1.5,11.0,10.0,0.0,3.5,14.5,53.0,4.5,0,0,1,0,0,0,0,0,0,0,0,0,0,0,0,1,0,0,0
2025-10-14,0.0,0.0,3.0,2.5,0.0,17.0,6.0,0.5,68.0,4.0,15.0,69.5,26.5,7.5,14.5,4.5,36.5,2.0,32.5,0,0,1,0,0,0,0,0,0,0,0,0,0,0,0,1,0,0,0
2025-10-15,6.5,2.0,0.0,4.0,2.5,17.0,6.0,0.5,68.0,4.0,15.0,69.5,26.5,7.5,14.5,4.5,36.5,2.0,32.5,0,0,1,0,0,0,0,0,0,0,0,0,0,0,0,1,0,0,0
2025-10-16,6.5,2.0,1.5,4.0,2.5,0.5,0.5,0.5,14.5,8.5,38.5,15.0,0.0,9.5,55.0,4.5,10.0,3.0,31.0,0,0,1,0,0,0,0,0,0,0,0,0,0,0,0,1,0,0,0
2025-10-17,17.0,51.5,10.0,27.5,62.0,9.5,3.0,13.0,14.5,31.0,38.5,15.0,15.0,9.5,55.0,0.0,9.5,50.5,31.0,0,0,1,0,0,0,0,0,0,0,0,0,0,0,0,1,0,0,0
2025-10-18,17.0,51.5,6.0,27.5,61.5,9.5,3.0,13.0,14.5,30.5,34.5,6.5,15.0,4.0,3.0,2.0,2.0,50.5,9.0,0,0,1,0,0,0,0,0,1,0,0,0,0,0,0,1,0,0,0
2025-10-19,2.0,59.0,1.0,15.5,70.0,14.0,0.5,2.0,0.0,2.5,16.0,0.5,1.0,3.0,0.0,2.5,0.0,37.5,9.0,0,0,1,0,0,0,0,0,0,0,0,0,0,0,0,1,0,0,0
2025-10-20,7.0,59.0,1.0,15.5,70.0,14.0,16.5,15.5,9.5,19.0,16.0,15.0,18.5,24.5,2.0,1.25,12.0,37.5,8.0,0,0,1,0,0,0,0,0,0,0,0,0,0,0,0,1,0,0,0
2025-10-21,7.0,7.5,1.0,9.5,10.0,2.5,16.5,15.5,9.5,19.0,8.5,15.0,18.5,24.5,2.0,1.0,12.0,4.0,8.0,0,0,1,0,0,0,0,0,0,0,0,0,0,0,0,1,0,0,0
2025-10-22,33.5,11.5,0.5,10.5,17.5,4.0,3.5,7.0,11.5,10.0,10.0,12.0,11.5,7.5,2.5,1.0,9.0,8.0,10.5,0,0,1,0,0,0,0,0,0,0,0,0,0,0,0,1,0,0,0
2025-10-23,54.0,22.5,0.5,26.0,25.5,20.5,24.0,27.0,33.0,32.0,21.5,31.0,27.5,38.5,22.5,1.0,31.0,29.5,20.0,0,0,1,0,0,0,0,0,0,0,0,0,0,0,0,1,0,0,0
2025-10-24,54.0,22.5,7.0,26.0,25.5,20.5,24.0,27.0,33.0,30.5,21.5,31.0,27.0,38.5,22.5,7.75,30.5,29.5,20.5,0,0,1,0,0,0,0,0,0,0,0,0,0,0,0,1,0,0,0
2025-10-25,31.0,2.5,9.0,2.5,3.0,0.5,0.0,1.0,0.5,2.0,1.0,2.0,1.5,1.0,0.5,2.25,1.0,3.0,2.5,0,0,1,0,0,0,0,0,0,0,0,0,0,0,0,1,0,0,0
2025-10-26,4.5,0.0,5.5,0.0,0.0,0.0,0.0,0.5,0.0,0.0,0.0,0.0,0.0,0.0,0.0,3.5,0.0,0.0,0.0,0,0,1,0,0,0,0,0,0,0,0,0,0,0,0,1,0,0,0
2025-10-27,0.0,0.0,5.5,0.0,0.0,0.0,0.0,0.0,0.0,0.0,0.0,0.0,0.0,0.0,0.0,0.0,0.0,0.0,0.0,0,0,1,0,0,0,0,0,0,0,0,0,0,0,0,1,0,0,0
2025-10-28,0.0,0.0,6.0,0.0,0.0,0.0,0.0,0.0,0.0,0.0,0.0,0.0,0.0,0.0,0.0,0.75,0.0,0.0,0.0,0,0,1,0,0,0,0,0,0,0,0,0,0,0,0,1,0,0,0
2025-10-29,0.0,0.0,4.5,0.0,0.0,0.0,0.0,0.0,0.0,0.0,0.0,0.0,0.0,0.0,0.0,12.5,0.0,0.0,0.0,0,0,1,0,0,0,0,0,0,0,0,0,0,0,0,1,0,0,0
2025-10-30,0.0,0.0,7.5,0.0,0.0,0.0,0.0,0.0,0.0,0.0,0.0,0.0,0.0,0.0,0.0,19.5,0.0,0.0,0.0,0,0,1,0,0,0,0,0,0,0,0,0,0,0,0,1,0,0,0
2025-10-31,0.0,0.0,5.75,0.0,0.0,0.0,0.0,0.0,0.0,0.0,0.0,0.0,0.0,0.0,0.0,19.5,0.0,0.0,0.0,0,0,1,0,0,0,0,0,0,0,0,0,0,0,0,1,0,0,0
2025-11-01,2.5,0.0,10.25,5.5,0.0,0.0,6.5,0.0,0.0,0.0,1.5,0.0,0.0,8.0,0.0,10.75,0.5,0.0,0.0,0,0,1,0,0,0,0,0,0,0,0,0,0,0,0,1,0,0,0
2025-11-02,2.5,0.0,10.0,5.5,0.0,1.0,6.5,0.5,1.0,4.0,1.5,2.5,7.5,8.0,0.0,1.0,0.5,1.0,0.0,0,0,1,0,0,0,0,0,0,0,0,0,0,0,0,1,0,0,0
2025-11-03,16.0,0.0,3.0,6.5,0.0,17.5,19.0,34.0,15.5,26.0,7.0,2.5,7.5,21.0,1.5,0.75,14.0,13.5,9.0,0,0,1,0,0,0,0,0,0,0,0,0,0,0,0,1,0,0,0
2025-11-04,16.0,0.0,6.0,6.5,0.5,17.5,19.0,34.0,15.5,26.0,7.0,1.0,6.5,21.0,1.5,5.0,14.0,13.5,9.0,0,0,1,0,0,0,0,0,0,0,0,0,0,0,0,1,0,0,0
2025-11-05,0.0,0.0,11.0,0.0,0.5,0.5,0.0,0.5,4.0,1.0,3.5,1.0,2.5,2.5,0.5,4.25,4.0,1.5,7.0,0,0,1,0,0,0,0,0,0,0,0,0,0,0,0,1,0,0,0
2025-11-06,0.0,0.0,4.0,0.0,0.0,0.0,0.0,0.0,0.0,0.0,0.0,0.0,0.0,0.0,0.0,0.0,0.0,0.0,0.0,0,0,1,0,0,0,0,0,0,0,0,0,0,0,0,1,0,0,0
2025-11-07,0.0,0.0,9.75,0.0,0.0,0.0,0.0,0.0,0.0,0.0,0.0,0.0,0.0,0.0,0.0,7.0,0.0,0.0,0.0,0,0,1,0,0,0,0,0,0,0,0,0,0,0,0,1,0,0,0
2025-11-08,0.0,0.0,22.25,0.0,0.0,0.0,0.0,0.0,0.0,0.0,0.0,0.0,0.0,0.0,0.0,16.5,0.0,0.0,0.0,0,0,1,1,0,1,1,1,0,0,1,0,0,0,0,1,0,0,0
2025-11-09,1.5,0.0,28.75,0.0,0.0,0.0,0.0,0.0,0.0,0.0,0.0,0.0,0.0,0.0,0.0,15.25,0.0,0.0,0.0,0,0,1,1,0,1,1,1,0,0,1,0,0,0,0,1,0,0,0
2025-11-10,11.5,25.5,13.5,41.0,31.0,14.0,29.5,24.0,13.0,17.5,17.0,1.5,10.0,26.5,11.0,32.5,16.0,12.5,2.5,0,0,1,0,0,0,0,0,0,0,0,0,0,0,0,1,0,0,0
2025-11-11,11.5,25.5,12.25,41.0,31.0,14.0,29.5,24.0,13.0,17.5,17.0,1.5,10.0,26.5,11.0,19.0,16.0,12.5,2.5,0,0,1,0,0,0,0,0,0,0,0,0,0,0,0,1,0,0,0
2025-11-12,5.0,2.5,21.5,0.0,1.5,17.5,0.5,4.0,1.5,10.0,1.0,1.0,23.5,3.0,4.0,9.0,2.0,13.0,1.5,0,0,1,0,0,0,0,0,0,0,0,0,0,0,0,1,0,0,0
2025-11-13,39.0,20.0,11.75,33.5,25.0,17.5,15.5,16.0,5.5,23.5,5.5,8.0,23.5,11.0,1.5,2.5,6.0,13.0,6.5,0,0,1,0,0,0,0,0,0,0,0,0,0,0,0,1,0,0,0
2025-11-14,39.0,20.0,12.0,33.5,25.0,1.5,28.0,24.0,7.0,23.5,5.5,8.0,6.0,13.5,4.5,29.0,6.0,17.0,6.5,0,0,1,0,0,0,0,0,0,0,0,0,0,0,0,1,0,0,0
2025-11-15,3.5,0.0,19.25,1.0,0.5,2.0,28.0,24.0,44.5,2.5,0.0,19.0,21.0,13.5,13.5,29.0,55.5,17.0,0.0,0,0,1,0,0,0,0,0,0,0,0,0,0,0,0,1,0,0,0
2025-11-16,0.5,2.5,17.25,0.0,1.0,76.0,35.5,26.5,47.0,11.5,0.0,66.5,21.0,16.5,57.0,44.0,55.5,0.5,1.5,0,0,1,0,0,0,0,0,0,0,0,0,0,0,0,1,0,0,0
2025-11-17,2.0,70.0,20.0,118.5,59.0,76.0,35.5,61.5,47.0,88.0,79.5,66.5,65.0,25.0,190.0,1.0,45.5,19.5,7.5,0,0,1,0,0,0,0,0,0,0,0,0,0,0,0,1,0,0,0
2025-11-18,47.0,69.5,13.75,118.0,59.0,53.0,12.0,61.5,27.0,88.0,79.5,16.5,65.0,25.0,190.0,0.0,45.5,66.0,7.5,0,0,1,0,0,0,0,0,0,0,0,0,0,0,0,1,0,0,0
2025-11-19,47.5,31.5,5.5,54.5,26.5,53.0,1.0,23.0,22.5,43.5,27.5,14.5,36.5,15.0,0.5,5.0,8.0,66.0,4.5,0,0,1,0,0,0,0,0,0,0,0,0,0,0,0,1,0,0,0
2025-11-20,15.0,0.5,5.5,1.5,1.0,5.5,8.0,5.0,1.5,7.0,1.0,1.5,1.0,9.0,4.0,11.25,5.5,7.5,0.5,0,0,1,0,0,0,0,0,0,0,0,0,0,0,0,1,0,0,0
2025-11-21,9.0,14.5,8.5,15.5,13.0,13.5,20.0,31.5,38.5,37.5,17.5,35.5,35.5,19.5,19.5,13.0,32.0,32.0,20.5,0,0,1,0,0,0,0,0,0,0,0,0,0,0,0,1,0,0,0
2025-11-22,9.0,14.5,8.5,15.5,13.0,13.5,20.0,31.5,38.5,37.5,17.5,35.5,35.5,19.5,0.0,2.75,32.0,32.0,20.5,0,0,1,0,0,0,0,0,0,0,0,0,0,0,0,1,0,0,0
2025-11-23,54.5,43.0,5.5,62.5,46.0,25.0,24.5,29.0,37.5,36.0,44.5,45.5,41.0,27.5,7.0,27.25,36.0,41.5,44.5,0,0,1,0,0,0,0,0,0,0,0,0,0,0,0,1,0,0,0
2025-11-24,108.0,104.5,5.25,141.0,107.0,141.0,102.0,113.0,144.5,120.5,127.5,161.5,136.5,126.0,7.0,23.5,105.0,128.5,109.5,0,0,1,0,0,0,0,0,0,0,0,0,0,0,1,1,0,0,0
2025-11-25,107.5,104.5,5.25,141.0,107.0,142.0,104.0,114.0,146.5,123.5,133.5,175.0,137.5,128.0,0.0,17.25,107.5,131.0,115.5,0,0,1,0,0,0,0,0,0,0,0,0,0,0,0,1,0,0,0
2025-11-26,28.5,24.0,4.5,64.0,29.0,17.0,14.5,8.5,4.5,12.5,67.5,7.0,11.0,6.0,0.0,13.75,3.5,23.0,78.5,0,0,1,0,0,0,0,0,0,0,0,0,0,0,0,1,0,0,0
2025-11-27,49.0,23.0,5.75,40.5,23.5,17.0,9.0,22.0,40.5,22.0,39.5,50.5,44.0,15.5,42.0,8.5,32.0,19.0,53.5,0,0,1,0,0,0,0,0,0,0,0,0,0,0,0,1,0,0,0
2025-11-28,50.5,40.5,5.5,52.0,40.5,44.0,16.0,35.0,40.0,38.5,39.5,50.5,44.0,30.0,42.0,8.5,32.5,48.0,53.5,0,0,1,0,0,0,0,0,0,0,0,0,0,0,0,1,0,0,0
2025-11-29,39.5,40.5,6.5,52.0,40.5,44.0,16.0,35.0,37.0,38.5,31.5,33.5,35.0,30.0,0.0,3.0,30.5,48.0,17.5,0,0,1,0,0,0,0,0,0,0,0,0,0,0,0,1,0,0,0
2025-11-30,0.0,0.0,6.0,0.0,0.5,0.0,0.0,0.0,0.5,0.0,0.0,0.5,0.0,0.5,0.0,10.0,0.0,0.0,0.5,0,0,1,0,0,0,0,0,0,0,0,0,0,0,0,1,0,0,0
2025-12-01,0.0,0.0,4.75,0.0,0.0,0.0,0.0,0.0,0.0,0.0,0.0,0.0,0.0,0.0,0.0,15.0,0.0,0.0,0.0,0,0,1,0,0,0,0,0,0,0,0,0,0,0,0,1,0,0,0
2025-12-02,0.0,0.0,6.0,0.0,0.0,0.0,0.0,0.0,0.0,0.0,0.0,0.0,0.0,0.0,0.0,10.0,0.0,0.0,0.0,0,0,1,0,0,0,0,0,0,0,0,0,0,0,0,1,0,0,0
2025-12-03,3.5,80.5,9.5,59.5,64.5,15.5,18.0,20.5,27.0,27.0,42.0,20.0,9.0,6.5,0.0,3.5,13.5,34.0,26.5,0,0,1,0,0,0,0,0,0,0,0,0,0,0,0,1,0,0,0
2025-12-04,88.0,80.5,10.5,59.5,64.5,97.5,80.0,42.5,59.5,71.0,42.0,31.5,86.5,138.0,78.5,0.0,72.5,55.5,41.0,0,0,1,0,0,0,0,0,0,0,0,0,0,0,0,1,0,0,0
2025-12-05,88.0,31.5,15.25,1.5,36.5,24.0,14.0,2.5,59.5,71.0,31.5,31.5,86.5,138.0,78.5,0.0,72.5,55.5,41.0,0,0,1,0,0,0,0,0,0,0,0,0,0,0,0,1,0,0,0
2025-12-06,0.0,0.5,12.5,1.5,0.5,24.0,14.0,2.5,1.0,4.5,31.5,1.5,24.5,36.5,77.5,8.0,3.0,3.0,2.0,0,0,1,0,0,0,0,0,0,0,0,0,0,0,0,1,0,0,0
2025-12-07,0.0,0.0,10.75,0.0,0.5,0.5,0.0,0.5,0.5,0.5,0.0,0.0,0.0,0.0,0.0,5.25,0.0,0.0,0.5,0,0,1,0,0,0,0,0,0,0,0,0,0,0,0,1,0,0,0
2025-12-08,9.0,0.0,10.5,0.0,0.0,0.5,0.0,0.0,0.0,0.0,0.0,0.0,0.0,0.0,0.0,0.25,0.0,0.0,0.5,0,0,1,0,0,0,0,0,0,0,0,0,0,0,0,1,0,0,0
2025-12-09,9.0,0.0,0.25,0.0,0.0,0.0,0.0,0.0,0.0,0.0,0.0,0.0,0.0,0.0,0.0,0.25,0.0,0.0,0.0,0,0,1,0,0,0,0,0,0,0,0,0,0,0,0,1,0,0,0
2025-12-10,0.0,0.0,7.75,0.0,0.0,0.0,24.0,7.0,0.0,0.0,0.0,1.5,0.0,11.0,0.0,6.25,0.0,0.0,0.0,0,0,1,0,0,0,0,0,0,0,0,0,0,0,0,1,0,0,0
2025-12-11,0.0,0.5,7.75,0.0,0.5,2.0,24.0,7.0,0.0,3.0,1.0,1.5,0.0,11.0,0.0,9.75,0.0,2.5,0.0,0,0,1,0,0,0,0,0,0,0,0,0,0,0,0,1,0,0,0
2025-12-12,4.5,6.0,3.25,15.5,6.0,14.5,37.0,81.0,48.5,57.0,14.0,34.5,53.0,62.5,1.0,2.75,48.0,24.5,28.0,0,0,1,0,0,0,0,0,0,0,0,0,0,0,0,1,0,0,0
2025-12-13,4.5,19.0,2.5,32.5,18.0,61.0,41.0,81.0,95.5,119.0,69.5,78.5,130.5,62.5,36.5,0.75,73.5,190.0,48.5,0,0,1,0,0,0,0,0,0,0,0,0,0,0,0,1,0,0,0
2025-12-14,0.0,19.0,6.5,32.5,18.0,61.0,41.0,80.0,95.5,119.0,69.5,78.5,130.5,21.0,36.5,2.0,73.5,190.0,48.5,0,0,1,0,0,0,0,0,0,0,0,0,0,0,0,1,0,0,0
2025-12-15,0.5,10.0,9.25,13.0,8.0,4.0,1.0,1.5,0.5,1.0,5.0,1.0,0.5,5.5,36.5,3.25,1.0,3.5,7.0,0,0,1,0,0,0,0,0,0,0,0,0,0,0,1,1,0,0,0
2025-12-16,0.5,0.5,12.5,12.0,5.5,4.5,0.5,8.0,8.5,9.5,9.5,6.0,13.0,3.5,36.5,3.25,9.0,10.5,8.0,0,0,1,0,0,0,0,0,0,0,0,0,0,0,1,1,0,0,0
2025-12-17,0.5,0.5,6.75,12.5,9.0,16.5,6.0,13.0,10.5,11.5,11.5,10.0,13.0,13.5,36.5,14.25,10.5,11.5,8.0,0,0,1,0,0,0,0,0,0,0,0,0,0,0,1,1,0,0,0
2025-12-18,77.0,0.5,6.25,12.5,9.0,16.5,6.0,13.0,10.5,11.5,11.5,10.0,11.0,13.5,36.5,2.5,10.5,11.5,8.0,0,0,1,0,0,0,0,0,0,0,0,0,0,0,1,1,0,0,0
2025-12-19,77.0,3.0,7.0,6.0,2.5,16.0,0.5,21.5,3.5,6.0,11.5,4.5,4.0,17.0,0.0,1.25,9.5,1.0,12.0,0,0,1,0,0,0,0,0,0,0,0,0,0,0,0,1,0,0,0
2025-12-20,1.0,3.0,4.75,6.0,2.5,16.0,0.5,21.5,3.5,6.0,11.5,4.5,4.0,17.0,2.5,0.0,9.5,1.0,12.0,0,0,1,0,0,0,0,0,0,0,0,0,0,0,0,1,0,0,0
2025-12-21,1.0,0.0,0.25,1.0,0.0,0.0,0.0,0.0,0.0,0.0,0.0,2.5,0.0,0.5,2.5,0.0,0.0,0.0,0.5,0,0,1,0,0,0,0,0,0,0,0,0,0,0,0,1,0,0,0
2025-12-22,0.0,0.0,1.25,0.0,0.0,18.0,23.5,27.5,10.0,29.5,1.5,2.5,14.0,16.5,8.0,1.25,33.5,6.5,0.5,0,0,1,0,0,0,0,0,0,0,0,0,0,0,0,1,0,0,0
2025-12-23,0.0,0.5,7.5,0.0,22.0,17.0,23.5,27.5,14.0,29.5,1.5,27.5,14.0,16.5,31.0,0.0,33.5,6.5,13.5,0,0,1,0,0,0,0,0,0,0,0,0,0,0,0,1,0,0,0
2025-12-24,0.0,0.5,3.75,2.0,22.0,0.5,0.0,0.5,14.0,0.0,1.0,27.5,3.0,0.5,31.0,0.0,13.5,0.0,13.5,0,0,1,0,0,0,0,0,0,0,0,0,0,0,0,1,0,0,0
2025-12-25,0.5,2.5,3.75,25.0,10.5,0.5,42.0,15.0,17.5,7.5,54.5,0.5,29.5,50.5,1.0,1.75,15.0,1.0,5.0,0,0,1,0,0,0,0,0,0,0,0,0,0,0,0,1,0,0,0
2025-12-26,0.5,7.5,7.0,25.0,55.5,33.5,42.0,15.0,42.0,17.5,54.5,14.0,56.0,50.5,34.5,0.75,27.5,23.0,33.0,0,0,1,0,0,0,0,0,0,0,0,0,0,0,0,1,0,0,0
2025-12-27,0.0,7.5,13.0,4.5,55.5,33.5,2.0,7.0,42.0,17.5,38.5,14.0,56.0,24.0,34.5,0.0,27.5,23.0,33.0,0,0,1,0,0,0,0,0,0,0,0,0,0,0,0,1,0,0,0
2025-12-28,0.0,1.0,2.5,0.0,0.0,2.0,0.0,1.0,1.0,0.5,0.0,0.0,1.0,0.5,0.5,0.0,0.5,0.5,0.0,0,0,1,0,0,0,0,0,0,0,0,0,0,0,0,1,0,0,0
2025-12-29,0.5,1.0,0.75,0.0,0.0,0.0,0.0,0.5,0.0,0.0,0.0,0.0,0.0,0.5,5.5,1.75,0.0,0.0,0.0,0,0,1,0,0,0,0,0,0,0,0,0,0,0,0,1,0,0,0
2025-12-30,0.5,0.0,1.25,3.0,7.0,1.0,0.5,2.0,17.0,2.0,3.0,14.5,2.0,3.5,73.5,1.0,7.5,1.0,8.5,0,0,1,0,0,0,0,0,0,0,0,0,0,0,0,1,0,0,0
2025-12-31,0.0,0.0,1.5,4.5,7.0,8.5,5.5,51.0,26.5,36.5,3.5,14.5,16.0,3.5,73.5,4.75,25.0,12.5,8.5,0,0,1,0,0,0,0,0,0,0,0,0,0,0,0,1,0,0,0
2026-01-01,1.5,4.0,1.5,4.5,14.5,9.0,38.0,51.0,27.5,36.5,14.5,16.0,16.0,69.5,18.5,1.5,25.0,12.5,7.0,0,0,1,0,0,0,0,0,0,0,0,0,0,0,0,1,0,0,0
2026-01-02,68.0,19.0,7.5,49.5,40.5,19.0,38.0,9.0,32.0,15.0,18.5,44.5,12.0,69.5,16.0,1.5,19.0,17.0,40.5,0,0,1,0,0,0,0,0,0,0,0,0,0,0,0,1,0,0,0
2026-01-03,68.0,19.0,12.5,49.5,40.5,19.0,15.5,9.0,32.0,15.0,18.5,44.5,5.0,8.5,16.0,1.5,19.0,17.0,40.5,0,0,1,0,0,0,0,0,0,0,0,0,0,0,0,1,0,0,0
2026-01-04,4.0,0.0,2.0,49.5,0.0,19.0,15.5,9.0,0.0,0.0,18.5,0.0,0.0,0.0,0.0,1.5,0.0,0.0,0.0,0,0,1,1,0,1,1,1,0,0,1,0,0,0,0,1,0,0,0
2026-01-05,0.0,2.0,1.5,0.0,2.0,0.0,0.0,0.5,0.0,2.5,0.0,0.0,0.5,0.0,0.0,0.0,2.0,0.0,0.0,0,0,1,0,0,0,0,0,0,0,0,0,0,0,0,1,0,0,0
2026-01-06,0.0,2.0,0.25,0.0,2.0,0.0,0.0,0.0,0.0,2.5,0.0,0.0,0.0,0.0,0.5,0.0,2.0,0.0,0.0,0,0,1,0,0,0,0,0,0,0,0,0,0,0,0,1,0,0,0
2026-01-07,1.0,0.0,0.0,0.0,0.0,0.0,0.0,0.0,0.0,0.0,0.0,0.0,0.0,0.0,0.5,0.0,0.0,0.0,0.0,0,0,1,0,0,0,0,0,0,0,0,0,0,0,0,1,0,0,0
2026-01-08,1.0,3.5,0.5,0.0,6.0,0.0,0.0,0.0,0.0,0.0,0.0,0.0,0.0,0.0,0.0,1.5,0.0,0.0,0.0,0,0,1,0,0,0,0,1,0,0,0,0,0,0,0,1,0,0,0
2026-01-09,0.0,3.5,1.25,0.0,6.0,0.0,0.0,0.0,0.0,0.0,0.0,2.0,0.0,0.0,0.0,0.0,0.0,0.0,0.0,0,0,1,0,0,0,0,0,0,0,0,0,0,0,0,1,0,0,0
2026-01-10,0.0,0.5,0.75,0.0,0.5,0.5,0.5,13.0,0.0,26.5,0.0,2.0,2.0,3.5,0.0,0.0,0.5,0.0,3.0,0,0,1,0,0,0,0,0,0,0,0,0,0,0,0,1,0,0,0
2026-01-11,0.0,0.5,0.25,0.0,1.0,0.5,2.5,13.0,23.0,26.5,0.5,3.0,2.0,4.0,0.0,0.0,10.0,0.0,3.0,0,0,1,0,0,0,0,0,0,0,0,0,0,0,1,1,0,0,0
2026-01-12,0.0,0.5,0.0,0.0,1.0,3.0,2.5,0.0,23.0,0.0,0.5,3.0,0.0,4.0,0.0,0.0,10.0,0.0,0.0,0,0,1,0,0,0,0,0,0,0,0,0,0,0,1,1,0,0,0
2026-01-13,0.0,0.0,0.0,0.0,0.0,3.0,0.0,0.0,0.0,0.0,1.5,0.5,0.0,0.5,0.0,0.0,0.0,0.0,0.0,0,0,1,0,0,0,0,0,0,0,0,0,0,0,1,1,0,0,0
2026-01-14,0.0,0.5,0.0,0.0,0.5,0.5,0.0,0.0,0.0,0.0,1.5,0.0,0.0,0.0,0.0,0.0,0.0,0.5,0.0,0,0,1,0,0,0,0,0,0,0,0,0,0,0,1,1,0,0,0
2026-01-15,0.0,0.5,0.0,0.0,0.5,0.0,0.0,0.0,0.0,0.0,0.0,1.5,0.0,0.0,0.0,0.0,0.0,0.5,1.0,0,0,1,0,0,0,0,0,0,0,0,0,0,0,1,1,0,0,0
2026-01-16,0.0,0.0,1.5,0.0,0.5,2.5,0.0,0.0,0.0,0.0,0.0,1.5,0.0,0.0,0.0,0.0,0.0,0.0,1.0,0,0,1,0,0,0,0,0,0,0,0,0,0,0,1,1,0,0,0
2026-01-17,0.0,0.0,2.0,0.0,0.0,2.5,0.0,0.0,0.0,0.0,0.0,0.0,0.0,0.0,0.0,6.0,0.0,0.0,0.0,0,0,1,0,0,0,0,0,0,0,0,0,0,0,1,1,0,0,0
2026-01-18,0.0,0.0,0.75,0.0,0.0,22.5,0.0,0.0,1.0,2.0,0.0,0.0,9.0,0.0,0.0,0.5,2.0,0.0,0.0,0,0,1,0,0,0,0,0,0,0,0,0,0,0,1,1,0,0,0
2026-01-19,0.0,0.0,9.0,0.0,0.0,22.5,0.0,0.0,1.0,30.5,0.0,0.5,9.0,0.0,0.0,9.25,2.0,7.0,0.0,0,0,1,0,0,0,0,0,0,0,0,0,0,0,1,1,0,0,0
2026-01-20,0.0,0.0,4.0,0.0,0.0,22.5,0.0,0.0,1.0,30.5,0.0,0.5,0.5,0.0,0.0,7.5,1.0,7.0,0.0,0,0,1,1,0,1,1,1,0,0,1,0,0,0,1,1,0,0,0
2026-01-21,0.0,0.0,9.0,0.0,0.0,22.5,0.0,0.0,0.0,0.0,0.0,0.0,0.0,0.0,0.0,13.5,0.0,0.0,1.0,0,0,1,1,0,1,1,1,0,0,1,0,0,0,1,1,0,0,0
2026-01-22,0.0,0.0,8.5,0.0,0.0,22.5,0.0,0.0,0.0,0.0,0.0,1.0,0.0,0.0,0.0,0.75,0.0,0.0,1.0,0,0,1,1,0,1,1,1,0,0,1,0,0,0,0,1,0,0,0
2026-01-23,0.0,0.0,11.5,0.0,0.0,0.0,0.0,0.0,0.0,0.0,0.0,1.0,0.0,0.0,0.0,2.5,0.0,0.0,0.0,0,0,1,0,0,0,0,0,0,0,0,0,0,0,0,1,0,0,0
2026-01-24,0.0,0.0,1.5,0.0,0.0,0.0,0.0,0.0,0.0,0.0,0.0,0.0,0.0,0.0,0.0,0.75,0.0,0.0,0.0,0,0,1,0,0,0,0,0,0,0,0,0,0,0,0,1,0,0,0
2026-01-25,0.0,0.0,1.25,0.0,0.0,0.0,0.0,0.0,0.0,0.0,0.0,0.0,0.0,0.0,0.0,0.25,0.0,0.0,0.0,0,0,1,0,0,0,0,0,0,0,0,0,0,0,0,1,0,0,0
2026-01-26,0.0,0.0,1.5,0.0,0.0,0.0,0.0,0.0,0.0,0.0,0.0,0.0,0.0,0.0,0.0,0.0,0.0,0.0,0.0,0,0,1,0,0,0,0,0,0,0,0,0,0,0,0,1,0,0,0
2026-01-27,0.0,0.0,0.25,0.0,0.0,0.0,0.0,0.0,0.0,0.0,0.0,0.0,0.0,0.0,0.0,0.0,0.0,0.0,0.0,0,0,1,0,0,0,0,0,0,0,0,0,0,0,0,1,0,0,0
2026-01-28,0.0,0.0,0.25,0.0,0.0,0.0,0.0,0.0,0.0,0.0,0.0,0.0,0.0,0.0,0.0,10.0,0.0,0.0,0.0,0,0,1,0,0,0,0,0,0,0,0,0,0,0,0,1,0,0,0
2026-01-29,0.0,0.0,3.0,0.0,0.0,0.0,0.0,0.0,0.0,0.0,0.0,0.0,0.0,0.0,0.0,11.25,0.5,0.0,0.0,0,0,1,0,0,0,0,0,0,0,0,0,0,0,0,1,0,0,0
2026-01-30,0.0,0.0,0.0,0.0,0.0,0.0,13.0,0.0,0.0,0.0,0.0,0.5,0.0,29.0,0.0,0.0,3.0,0.0,1.0,0,0,1,0,0,0,0,0,0,0,0,0,0,0,0,1,0,0,0
2026-01-31,0.0,0.0,1.0,0.0,0.0,0.0,13.0,0.0,0.5,0.0,0.0,0.5,0.0,29.0,0.0,0.0,3.0,0.0,1.0,0,0,1,0,0,0,0,0,0,0,0,0,0,0,0,1,0,0,0
2026-02-01,0.0,0.0,0.75,0.0,0.0,0.0,0.0,21.5,39.0,27.0,0.0,0.0,31.5,1.5,0.0,0.0,39.0,32.5,0.0,0,0,1,0,0,0,0,0,0,0,0,0,0,0,0,1,0,0,0
2026-02-02,0.0,0.0,0.5,0.0,0.0,0.0,0.0,21.5,37.5,27.0,0.0,0.0,30.5,1.5,80.0,0.0,38.0,32.5,0.0,0,0,1,0,0,0,0,0,0,0,0,0,0,0,0,1,0,0,0
2026-02-03,0.0,0.0,0.5,0.0,0.0,0.0,0.0,0.0,0.0,0.0,0.0,0.0,0.0,0.0,80.0,0.0,0.0,0.0,0.0,0,0,1,0,0,0,0,0,0,0,0,0,0,0,0,1,0,0,0
2026-02-04,0.0,0.0,0.0,0.0,0.0,0.0,0.0,0.0,0.0,0.0,0.0,19.5,0.0,0.0,0.0,0.0,0.0,0.0,14.0,0,0,1,0,0,0,0,0,0,0,0,0,0,0,0,1,0,0,0
2026-02-05,0.0,0.0,0.0,0.0,0.0,0.5,53.5,39.5,2.0,50.0,23.0,19.5,32.0,31.5,0.0,0.0,2.5,22.5,16.5,0,0,1,0,0,0,0,0,0,0,0,0,0,0,0,1,0,0,0
2026-02-06,0.0,2.0,1.0,3.5,2.5,6.0,53.5,39.5,5.0,50.0,23.0,17.0,32.0,31.5,0.0,1.75,5.0,22.5,16.5,0,0,1,0,0,0,0,0,0,0,0,0,0,0,0,1,0,0,0
2026-02-07,0.0,2.0,1.75,3.5,2.5,15.0,5.5,50.0,85.0,46.0,61.5,17.0,72.0,32.5,0.0,0.0,49.5,4.0,4.5,0,0,1,0,0,0,0,0,0,0,0,0,0,0,0,1,0,0,0
2026-02-08,0.0,5.5,0.25,0.5,3.5,15.0,5.5,50.0,85.0,46.0,61.5,34.0,72.0,32.5,0.0,0.0,49.5,2.0,3.5,0,0,1,0,0,0,0,0,0,0,0,0,0,0,0,1,0,0,0
2026-02-09,0.0,5.5,4.5,0.5,3.5,0.0,1.5,0.0,3.0,0.0,3.0,34.0,0.0,0.5,0.0,0.0,1.0,2.0,1.5,0,0,1,0,0,0,0,0,0,0,0,0,0,0,0,1,0,0,0
2026-02-10,0.0,0.0,1.0,0.0,0.0,0.0,0.0,0.0,0.5,0.0,0.0,0.0,0.0,0.0,0.0,1.5,0.0,0.0,0.0,0,0,1,0,0,0,0,0,0,0,0,0,0,0,0,1,0,0,0
2026-02-11,0.0,14.5,0.0,5.5,15.5,1.5,3.5,5.5,0.0,1.5,0.0,4.5,1.5,0.0,0.0,0.0,3.0,2.5,7.0,0,0,1,0,0,0,0,0,0,0,0,0,0,0,0,1,0,0,0
2026-02-12,0.0,25.0,0.0,50.5,26.0,9.0,3.5,5.5,3.0,3.0,13.0,7.5,2.0,0.0,0.0,0.0,3.0,13.0,11.5,0,0,1,0,0,0,0,0,0,0,0,0,0,0,0,1,0,0,0
2026-02-13,1.0,25.0,0.25,50.5,26.0,9.0,3.5,15.0,5.0,27.0,13.0,15.0,35.0,7.0,0.0,0.0,5.5,26.5,11.5,0,0,1,0,0,0,0,0,0,0,0,0,0,0,0,1,0,0,0
2026-02-14,2.0,0.5,1.0,3.5,0.5,3.0,3.5,15.0,5.0,27.5,1.5,15.0,35.0,7.0,0.0,0.0,5.5,26.5,2.0,0,0,1,0,0,0,0,0,0,0,0,0,0,0,0,1,0,0,0
2026-02-15,73.5,20.5,0.5,26.5,27.5,5.5,1.0,2.5,13.5,4.0,40.0,14.5,21.5,4.0,0.0,0.0,22.5,7.5,18.0,0,0,1,0,0,0,0,0,0,0,0,0,0,0,0,1,0,0,0
2026-02-16,74.0,24.5,0.5,26.5,29.0,16.0,22.5,17.5,41.0,10.5,57.0,57.5,41.0,17.0,0.0,0.0,22.5,27.5,44.5,0,0,1,0,0,0,0,0,0,0,0,0,0,0,0,1,0,0,0
2026-02-17,39.0,24.5,0.25,23.0,27.5,16.0,22.5,17.5,41.0,10.5,57.0,57.5,41.0,17.5,0.5,3.0,20.5,27.5,44.5,0,0,1,0,0,0,0,0,0,0,0,0,0,0,0,1,0,0,0
2026-02-18,18.0,8.0,0.0,15.0,7.0,4.5,8.0,7.0,24.5,4.0,8.0,12.5,23.0,16.5,0.0,0.0,20.5,25.5,10.5,0,0,1,0,0,0,0,0,0,0,0,0,0,0,0,1,0,0,0
2026-02-19,21.0,8.0,0.0,15.0,7.0,4.5,0.5,7.0,8.5,1.5,7.0,7.5,8.5,2.5,0.0,0.0,4.5,2.0,10.5,0,0,1,0,0,0,0,0,0,0,0,0,0,0,0,1,0,0,0
2026-02-20,21.5,0.0,2.0,0.0,0.0,0.5,0.0,0.0,0.0,1.0,0.5,1.0,0.0,0.0,0.0,0.0,0.0,0.5,0.5,0,0,1,0,0,0,0,0,0,0,0,0,0,0,0,1,0,0,0
2026-02-21,2.0,0.0,0.25,0.0,0.0,0.5,0.0,0.0,1.0,1.0,0.0,2.0,0.0,3.0,0.0,0.0,4.0,0.0,1.5,0,0,1,0,0,0,0,0,0,0,0,0,0,0,0,1,0,0,0
2026-02-22,5.0,0.0,0.75,3.5,4.5,14.0,0.0,18.0,62.5,1.5,22.0,95.0,30.5,3.0,0.0,0.0,24.5,6.5,99.0,0,0,1,0,0,0,0,0,0,0,0,0,0,0,0,1,0,0,0
2026-02-23,5.0,0.0,5.5,12.5,4.5,14.0,0.0,18.0,62.5,2.0,22.0,95.0,30.5,1.0,0.0,0.0,24.5,6.5,99.0,0,0,1,0,0,0,0,0,0,0,0,0,0,0,0,1,0,0,0
2026-02-24,13.0,0.0,0.0,12.5,0.5,40.5,6.5,10.0,0.0,1.5,0.5,0.0,0.0,15.0,0.0,18.0,0.0,6.0,0.0,0,0,1,0,0,0,0,0,0,0,0,0,0,0,0,1,0,0,0
2026-02-25,13.0,0.0,0.0,2.0,41.0,40.5,6.5,10.0,7.0,1.0,1.5,59.5,8.5,15.0,0.0,18.0,1.5,3.5,37.5,0,0,1,0,0,0,0,0,0,0,0,0,0,0,0,1,0,0,0
2026-02-26,10.0,0.0,0.0,2.0,41.0,40.5,5.0,5.0,7.0,2.0,1.5,59.5,8.5,17.5,0.0,0.0,2.0,10.0,37.5,0,0,1,0,0,0,0,0,0,0,0,0,0,0,0,1,0,0,0
2026-02-27,0.0,0.0,0.0,1.5,0.5,40.5,5.0,5.0,1.0,2.5,0.0,20.5,8.5,17.5,0.0,0.0,2.0,10.0,27.5,0,0,1,0,0,0,0,0,0,0,0,0,0,0,0,1,0,0,0
2026-02-28,0.0,0.0,0.0,0.0,0.0,0.0,0.0,0.0,0.0,6.0,0.0,0.0,0.0,0.0,0.0,0.0,0.0,0.0,0.0,0,0,1,0,0,0,0,0,0,0,0,0,0,0,0,1,0,0,0
2026-03-01,0.0,0.0,0.0,0.0,0.0,0.0,0.0,0.0,0.0,6.0,0.0,0.0,0.0,0.0,0.0,2.0,0.0,0.0,0.0,0,0,1,0,0,0,0,0,0,0,0,0,0,0,0,1,0,0,0
2026-03-02,0.0,0.0,0.0,9.0,4.5,61.5,78.5,74.0,53.5,6.0,41.0,18.0,69.0,80.5,0.0,9.0,56.0,79.5,37.5,0,0,1,0,0,0,0,0,0,0,0,0,0,0,0,1,0,0,0
2026-03-03,0.0,0.0,0.5,9.0,15.5,61.5,78.5,74.0,53.5,18.5,41.0,18.0,69.0,80.5,0.0,8.75,56.0,79.5,37.5,0,0,1,0,0,0,0,0,0,0,0,0,0,0,0,1,0,0,0
2026-03-04,3.0,0.0,0.5,10.0,22.5,7.0,24.0,7.5,5.5,18.5,5.0,13.5,2.5,50.5,0.0,3.5,30.0,1.5,17.0,0,0,1,0,0,0,0,0,0,0,0,0,0,0,0,1,0,0,0
2026-03-05,3.0,0.0,0.5,10.0,22.5,7.0,0.0,0.0,3.5,5.5,2.0,13.5,0.5,0.5,0.0,1.0,0.5,1.5,1.5,0,0,1,0,0,0,0,0,0,0,0,0,0,0,0,1,0,0,0
2026-03-06,7.5,0.0,1.0,0.0,0.0,0.0,3.0,3.0,11.0,5.0,0.0,10.0,0.0,5.5,0.0,5.75,0.0,2.0,1.5,0,0,1,0,0,0,0,0,0,0,0,0,0,0,0,1,0,0,0
2026-03-07,7.5,0.0,21.0,0.5,18.5,0.0,3.0,3.0,11.0,1.0,5.0,10.0,0.0,5.5,0.0,15.75,0.0,2.0,7.5,0,0,1,0,0,0,0,0,0,0,0,0,0,0,0,1,0,0,0
2026-03-08,23.5,0.0,0.0,0.5,18.5,0.0,0.0,0.0,15.5,0.0,5.0,0.5,1.5,0.0,0.0,7.5,19.5,0.0,7.5,0,0,1,0,0,0,0,0,0,0,0,0,0,0,0,1,0,0,0
2026-03-09,24.5,0.0,0.0,0.0,1.5,0.0,0.0,0.0,15.0,0.0,0.0,0.5,1.5,0.0,0.0,0.0,18.5,0.0,4.5,0,0,1,0,0,0,0,0,0,0,0,0,0,0,0,1,0,0,0
2026-03-10,1.0,0.0,0.0,0.0,1.5,0.0,0.0,0.0,0.0,0.0,0.0,0.5,0.0,0.0,0.0,1.5,0.0,0.0,4.5,0,0,1,0,0,0,0,0,0,0,0,0,0,0,0,1,0,0,0
2026-03-11,0.0,0.0,2.5,0.0,0.0,0.0,0.0,0.0,0.0,0.0,0.0,0.0,0.0,0.0,0.0,11.5,0.0,0.0,0.0,0,0,1,0,0,0,0,0,0,0,0,0,0,0,0,1,0,0,0
2026-03-12,23.5,0.0,1.5,14.0,21.5,37.0,15.5,14.0,6.5,1.0,14.5,56.0,4.0,15.0,0.0,11.5,5.0,13.0,7.5,0,0,1,0,0,0,0,0,0,0,0,0,0,0,0,1,0,0,0
2026-03-13,23.5,0.0,0.0,14.0,21.5,37.0,15.5,14.0,35.0,1.5,14.5,56.0,41.0,15.0,0.0,3.75,52.0,13.0,7.5,0,0,1,0,0,0,0,0,0,0,0,0,0,0,0,1,0,0,0
2026-03-14,15.5,0.0,0.5,1.5,1.5,2.5,6.5,8.0,35.0,1.5,2.5,25.5,41.0,9.5,0.0,2.5,52.0,0.5,1.5,0,0,1,0,0,0,0,0,0,0,0,0,0,0,0,1,0,0,0
2026-03-15,15.5,0.0,0.0,3.0,15.5,4.0,6.5,1.0,7.5,0.5,7.5,26.0,3.5,16.0,0.0,0.0,3.0,0.5,6.5,0,0,1,0,0,0,0,0,0,0,0,0,0,0,0,1,0,0,0
2026-03-16,8.0,0.0,0.0,3.0,15.5,4.0,6.5,1.0,7.5,2.5,7.5,26.0,3.5,16.0,0.0,0.0,3.0,0.5,6.5,0,0,1,0,0,0,0,0,0,0,0,0,0,0,0,1,0,0,0
2026-03-17,0.0,0.0,0.5,0.0,0.0,0.0,14.0,2.5,20.0,2.5,0.5,14.0,0.0,18.5,0.0,4.75,5.0,2.0,0.5,0,0,1,0,0,0,0,0,0,0,0,0,0,0,0,1,0,0,0
2026-03-18,0.0,0.0,0.0,0.0,0.0,0.0,14.0,2.5,20.0,0.5,0.5,14.0,0.0,18.5,0.0,4.75,5.0,2.0,3.0,0,0,1,0,0,0,0,0,0,0,0,0,0,0,0,1,0,0,0
2026-03-19,0.0,0.0,0.0,31.5,80.0,0.0,4.0,0.0,10.0,0.5,12.0,59.5,8.0,14.0,0.0,0.25,3.0,1.0,32.0,0,0,1,0,0,0,0,0,0,0,0,0,0,0,0,1,0,0,0
2026-03-20,0.0,0.0,0.0,31.5,80.0,0.0,4.0,0.0,10.0,0.5,12.0,59.5,8.0,14.0,0.0,0.25,3.0,1.0,32.0,0,0,1,0,0,0,0,0,0,0,0,0,0,0,0,1,0,0,0
2026-03-21,0.0,0.0,0.0,31.5,80.0,0.0,4.0,0.0,10.0,0.5,12.0,59.5,8.0,14.0,0.0,2.0,3.0,1.0,32.0,1,1,1,1,1,1,1,1,1,1,1,1,1,1,1,1,1,1,1
2026-03-22,0.0,0.0,0.5,2.5,0.0,0.5,1.0,5.0,0.5,3.0,25.5,3.5,4.0,2.5,0.0,0.75,0.0,0.5,5.5,0,0,1,0,0,0,0,0,0,0,0,0,0,0,0,1,0,0,0
2026-03-23,0.0,0.0,0.5,2.5,3.5,0.5,2.5,5.0,3.0,3.0,25.5,3.5,6.5,7.5,0.0,0.25,3.0,0.5,5.5,0,0,1,0,0,0,0,0,0,0,0,0,0,0,0,1,0,0,0
2026-03-24,0.0,0.0,1.5,0.5,3.5,0.0,2.5,0.0,3.0,1.5,34.0,1.0,6.5,7.5,0.0,1.5,4.0,0.0,34.0,0,0,1,0,0,0,0,0,0,0,0,0,0,0,0,1,0,0,0
2026-03-25,0.0,0.0,12.5,2.5,0.5,0.0,0.0,2.5,11.0,43.5,34.0,1.0,42.5,0.5,0.0,29.5,6.0,17.0,34.0,0,0,1,0,0,0,0,0,0,0,0,0,0,0,0,1,0,0,0
2026-03-26,0.0,0.0,8.0,2.5,0.5,6.0,17.0,21.5,11.5,43.5,78.0,30.0,42.5,1.5,0.0,24.5,29.0,17.0,5.5,0,0,1,0,0,0,0,0,0,0,0,0,0,0,0,1,0,0,0
2026-03-27,0.0,0.0,0.5,2.0,0.0,13.0,17.0,21.5,11.5,5.0,78.0,30.0,6.0,5.0,0.0,13.5,29.0,36.0,5.5,0,0,1,0,0,0,0,0,0,0,0,0,0,0,0,1,0,0,0
2026-03-28,0.0,0.0,0.5,2.0,0.0,13.0,0.5,12.5,0.5,5.0,0.5,0.0,0.0,5.0,0.5,0.5,1.0,36.0,0.0,0,0,1,0,0,0,0,0,0,0,0,0,0,0,0,1,0,0,0
2026-03-29,5.5,0.0,0.5,87.5,64.0,0.0,0.5,0.0,1.5,5.0,57.0,2.0,0.0,0.5,24.0,24.5,0.0,0.0,45.5,0,0,1,0,0,0,0,0,0,0,0,0,0,0,0,1,0,0,0
2026-03-30,6.5,0.0,0.5,87.5,64.0,1.0,15.5,23.5,48.0,13.5,57.0,21.0,47.0,10.0,61.0,24.5,49.5,13.5,45.5,0,0,1,0,0,0,0,0,0,0,0,0,0,0,0,1,0,0,0
2026-03-31,6.5,0.0,0.5,64.5,54.0,1.0,15.5,23.5,48.0,13.5,50.5,42.0,47.0,10.0,61.0,8.0,49.5,13.5,44.0,0,0,1,0,0,0,0,0,0,0,0,0,0,0,0,1,0,0,0
2026-04-01,6.5,0.0,0.5,0.0,0.5,2.0,20.0,9.0,36.0,4.0,15.5,42.0,38.0,21.5,0.0,0.5,16.0,4.0,42.0,0,0,1,0,0,0,0,0,0,0,0,0,0,0,0,1,0,0,0
2026-04-02,0.0,0.0,0.5,0.0,0.5,2.0,20.0,6.0,11.0,1.0,8.5,10.0,2.5,21.5,0.0,0.5,11.5,4.0,12.0,0,0,1,0,0,0,0,0,0,0,0,0,0,0,0,1,0,0,0
2026-04-03,1.5,0.0,0.5,0.0,0.0,2.5,3.5,0.0,0.5,1.0,8.5,9.0,0.0,1.0,0.0,0.0,1.0,0.0,0.0,0,1,0,0,0,0,0,0,0,0,0,0,0,0,0,1,0,0,0
2026-04-04,1.5,0.0,0.5,0.0,0.0,17.5,4.5,21.0,0.0,1.0,0.0,0.0,1.5,3.0,0.0,1.5,0.0,1.0,0.5,0,1,0,0,0,0,0,0,0,0,0,0,0,0,0,1,0,0,0
2026-04-05,22.5,0.0,25.5,59.0,7.5,17.5,4.5,21.0,3.5,1.0,3.0,2.0,8.0,3.0,0.0,6.0,4.5,4.5,0.5,0,1,0,0,0,0,0,0,0,0,0,0,0,0,0,1,0,0,0
2026-04-06,22.5,0.0,25.5,59.0,14.0,12.5,28.0,22.5,5.5,1.5,3.0,8.0,14.0,29.5,0.0,1.0,7.5,21.5,5.5,0,1,0,0,0,0,0,0,0,0,0,0,0,0,0,1,0,0,0
2026-04-07,11.5,0.0,7.5,3.5,14.0,12.5,28.0,22.5,5.5,1.5,2.0,8.0,14.0,29.5,0.0,7.5,7.5,21.5,5.5,0,1,0,0,0,0,0,0,0,0,0,0,0,1,0,1,0,0,0
2026-04-08,13.0,0.0,17.0,24.0,3.0,3.5,2.5,4.5,7.0,1.0,15.5,2.5,6.0,29.5,0.0,7.5,5.0,47.5,1.5,0,1,0,0,0,0,0,0,0,0,0,0,0,1,0,1,0,0,0
2026-04-09,75.0,0.0,17.0,24.0,11.5,3.5,2.5,5.5,7.0,1.5,15.5,5.0,6.0,3.0,0.0,7.5,5.0,47.5,3.5,0,1,0,0,0,0,0,0,0,0,0,0,0,0,0,1,0,0,0
2026-04-10,76.0,0.0,15.0,8.5,13.0,3.0,5.5,6.0,8.0,2.0,5.0,6.0,5.0,3.5,0.0,11.5,4.0,6.0,4.5,0,1,0,0,0,0,0,0,0,0,0,0,0,0,0,1,0,0,0
2026-04-11,6.0,0.0,2.5,3.5,3.5,1.0,5.5,2.0,2.0,4.5,3.0,2.5,2.0,2.0,0.0,26.5,2.0,2.0,3.0,0,1,0,0,0,0,0,0,0,0,0,0,0,0,0,1,0,0,0
2026-04-12,11.5,0.5,13.5,0.5,11.5,15.5,13.5,19.0,11.0,14.0,3.0,0.5,15.0,25.5,0.0,9.0,2.5,21.5,0.0,0,1,0,0,0,0,0,0,0,0,0,0,0,0,0,1,0,0,0
2026-04-13,12.0,2.5,13.5,0.5,11.5,15.5,13.5,19.0,11.0,14.0,3.0,50.0,15.0,25.5,0.0,11.5,2.5,21.5,27.0,0,1,0,0,0,0,0,0,0,0,0,0,0,1,0,1,0,0,0
2026-04-14,59.5,1.5,50.5,9.0,3.0,58.0,24.0,41.0,1.5,2.5,1.5,50.0,3.5,25.5,0.0,3.5,2.5,68.0,27.0,0,1,0,0,0,0,0,0,0,0,0,0,0,1,1,1,0,0,0
2026-04-15,59.5,1.0,50.5,21.0,3.0,58.0,24.0,41.0,2.5,2.5,11.0,2.0,31.0,25.5,0.0,3.5,7.5,68.0,2.5,0,1,0,0,0,0,0,0,0,0,0,0,0,1,0,1,0,0,0
2026-04-16,0.5,9.5,45.5,21.0,7.5,25.0,22.0,15.0,14.0,2.0,11.0,38.0,31.0,25.5,0.0,6.5,14.5,0.0,58.0,0,1,0,0,0,0,0,0,0,0,0,0,0,1,0,1,0,0,0
2026-04-17,62.5,9.0,10.5,25.0,26.0,23.0,0.5,17.5,30.0,1.5,33.5,38.0,59.0,25.5,0.0,2.5,39.0,25.0,58.0,0,1,0,0,0,0,0,0,0,0,0,0,0,1,0,1,0,0,0
2026-04-18,63.5,1.0,10.5,25.0,26.0,23.0,7.5,17.5,30.0,1.0,33.5,24.5,59.0,25.5,0.0,2.5,39.0,25.0,52.0,0,1,0,0,0,0,0,0,0,0,0,0,0,1,0,1,0,0,0
2026-04-19,4.5,1.0,0.5,0.0,2.0,72.0,64.5,47.0,36.0,1.0,7.5,80.0,17.0,25.5,0.0,10.0,36.0,1.0,78.0,0,1,0,0,0,0,0,0,0,0,0,0,0,1,0,1,0,0,0
2026-04-20,6.0,2.0,2.5,3.0,5.0,72.0,69.5,69.0,36.0,1.5,55.0,80.0,44.0,30.5,0.0,10.0,36.0,3.0,91.5,0,1,0,0,0,0,0,0,0,0,0,0,0,1,1,1,0,0,0
2026-04-21,10.0,3.0,8.0,14.5,16.0,31.0,69.5,69.0,60.5,1.5,55.0,76.0,54.0,2.5,0.0,13.5,50.0,34.5,91.5,0,1,0,0,0,0,0,0,0,0,0,0,0,1,1,1,0,0,0
2026-04-22,10.0,2.5,38.0,14.5,16.0,4.0,44.0,49.5,60.5,2.5,31.5,39.5,54.0,4.5,0.0,17.0,50.0,34.5,13.0,0,1,0,0,0,0,0,0,0,0,0,0,0,1,0,1,0,0,0
2026-04-23,0.0,7.0,38.0,2.5,0.5,0.5,6.0,43.5,1.0,2.5,0.5,0.0,10.0,24.5,0.0,11.5,0.5,25.0,0.0,0,1,0,0,0,0,0,0,0,0,0,0,0,1,0,1,0,0,0
2026-04-24,0.0,6.5,14.5,2.5,0.5,10.5,6.0,43.5,0.0,2.5,1.5,0.0,10.0,9.25,0.0,12.0,1.0,25.0,0.0,0,1,0,0,0,0,0,0,0,0,0,0,0,1,1,1,0,0,0
2026-04-25,6.0,6.5,41.5,24.0,6.5,10.5,1.5,17.0,46.5,1.5,25.5,21.0,49.0,14.5,0.0,14.0,33.5,41.0,33.0,0,1,0,0,0,0,0,0,0,0,0,0,0,1,1,1,0,0,0
2026-04-26,6.0,14.0,41.5,24.0,6.5,4.0,1.5,17.0,46.5,3.0,25.5,21.0,49.0,19.5,0.0,0.5,33.5,41.0,33.0,0,1,0,0,0,0,1,0,0,0,1,0,0,1,0,1,0,0,0
2026-04-27,7.5,14.0,0.0,4.5,3.5,1.0,2.0,7.0,1.5,3.0,24.0,24.0,3.0,38.25,0.0,13.5,4.5,0.0,50.5,0,1,0,0,0,0,0,0,0,0,0,0,0,1,0,1,0,0,0
2026-04-28,0.0,4.0,10.0,40.5,17.0,17.5,13.5,21.5,38.5,0.5,52.0,38.5,46.0,17.75,0.0,13.5,19.0,4.5,10.0,0,1,0,0,0,0,0,0,0,0,0,0,0,1,1,1,0,0,0
2026-04-29,0.0,2.5,1.0,0.0,0.0,0.0,0.0,0.0,1.5,1.5,1.5,0.5,3.0,12.0,0.0,11.0,1.0,11.0,27.0,0,1,0,0,0,0,0,0,0,0,0,0,0,1,1,1,0,0,0
2026-04-30,0.5,1.5,1.0,0.0,0.0,0.0,0.0,0.0,1.5,2.0,1.5,0.5,3.0,11.25,0.0,11.0,1.0,11.0,27.0,0,1,0,0,0,0,0,0,0,0,0,0,0,1,0,1,0,0,0
2026-05-01,2.0,5.0,15.5,28.5,9.0,23.5,24.0,23.0,11.5,2.0,1.0,6.0,5.5,4.75,0.0,15.0,15.0,5.0,4.0,0,1,0,0,0,0,0,0,0,0,0,0,0,1,0,1,0,0,0
2026-05-02,31.0,5.0,15.5,28.5,9.0,23.5,24.0,23.0,11.5,1.0,10.5,6.0,5.5,6.25,0.0,6.0,15.0,8.5,4.5,0,1,0,0,0,0,0,0,0,0,0,0,0,1,0,1,0,0,0
2026-05-03,10.5,2.0,18.5,40.0,1.5,42.0,62.0,27.5,3.0,1.0,10.5,9.5,5.0,1.25,0.0,6.0,4.5,15.0,5.5,0,1,0,0,0,0,0,0,0,0,0,0,0,1,1,1,0,0,0
2026-05-04,10.5,8.5,18.5,40.0,13.5,42.0,62.0,27.5,7.5,1.0,4.0,22.5,5.0,3.5,0.0,6.0,17.5,15.0,7.5,0,1,0,0,0,0,0,0,0,0,0,0,0,1,0,1,0,0,0
2026-05-05,2.0,17.0,14.0,14.5,13.5,19.0,23.0,9.0,21.5,1.0,1.0,22.5,2.5,6.75,0.0,0.5,17.5,6.5,17.5,0,1,0,0,0,0,0,0,0,0,0,0,0,1,0,1,0,0,0
2026-05-06,1.0,2.5,1.0,17.5,7.0,25.0,47.5,32.5,22.5,1.0,16.5,63.5,7.5,0.25,0.0,1.5,19.0,4.5,19.0,0,1,0,0,0,0,0,0,0,0,0,0,0,1,1,1,0,0,0
2026-05-07,2.5,6.5,15.0,17.5,20.5,25.0,47.5,32.5,22.5,1.0,16.5,63.5,7.5,9.5,0.0,7.0,19.0,4.5,19.0,0,1,0,0,0,0,0,0,0,0,0,0,0,1,0,1,0,0,0
2026-05-08,53.5,6.5,89.0,95.0,101.0,113.0,55.5,80.5,27.0,1.0,33.0,18.5,46.0,30.0,0.0,7.0,28.5,95.0,19.0,0,1,0,0,0,0,0,0,0,0,0,0,0,1,0,1,0,0,0
2026-05-09,53.5,1.5,89.0,95.0,101.0,113.0,55.5,80.5,49.5,1.0,75.5,18.5,46.0,10.75,0.0,0.5,30.0,95.0,32.5,0,1,0,0,0,0,0,0,0,0,0,0,0,1,1,1,0,0,0
2026-05-10,28.0,2.0,16.5,13.0,0.5,58.5,47.5,34.0,58.0,1.0,75.5,90.5,35.5,7.75,0.0,4.5,52.0,31.5,83.0,0,1,0,0,0,0,0,0,0,0,0,0,0,1,0,1,0,0,0
2026-05-11,28.0,5.0,1.0,29.0,9.0,57.5,42.0,32.5,58.0,0.5,9.0,90.5,25.0,3.25,0.0,7.0,52.0,3.5,83.0,0,1,0,0,0,0,0,0,0,0,0,0,0,1,0,1,0,0,0
2026-05-12,10.0,7.5,6.0,4.0,4.5,0.5,10.0,0.0,0.5,0.5,2.0,0.0,25.0,9.25,0.0,0.5,0.5,0.5,3.0,0,1,0,0,0,0,0,0,0,0,0,0,0,1,0,1,0,0,0
2026-05-13,18.5,13.5,6.0,4.0,4.5,1.5,0.0,0.0,0.5,0.5,0.0,0.0,0.5,14.25,0.0,1.5,0.5,0.5,0.0,0,1,0,0,0,0,0,0,0,0,0,0,0,1,0,1,0,0,0
2026-05-14,18.5,5.0,0.0,3.0,0.0,1.5,0.0,0.0,0.0,0.5,0.0,0.0,0.0,15.5,0.0,4.5,0.0,0.0,0.0,0,1,0,0,0,0,0,0,0,0,0,0,0,1,0,1,0,0,0
2026-05-15,23.0,3.0,30.0,30.5,44.5,25.5,20.5,21.5,56.0,0.5,22.5,57.5,47.0,9.5,0.0,4.5,34.0,35.0,54.0,0,1,0,0,0,0,0,0,0,0,0,0,0,1,0,1,0,0,0
2026-05-16,23.0,1.5,30.0,30.5,44.5,25.5,20.5,21.5,56.0,0.5,22.5,57.5,47.0,6.75,0.0,1.5,34.0,35.0,54.0,0,1,0,0,0,0,0,0,0,0,0,0,0,1,1,1,0,0,0
2026-05-17,3.0,6.0,1.5,2.5,6.0,1.0,7.0,7.0,17.5,0.5,11.5,10.5,1.5,4.5,0.0,1.5,10.0,3.5,1.0,0,1,0,0,0,0,0,0,0,0,0,0,0,1,0,1,0,0,0
2026-05-18,4.0,15.5,1.5,2.5,2.5,1.5,7.0,7.5,17.5,0.5,11.5,11.0,2.0,5.25,0.0,3.5,10.5,4.0,6.0,0,1,0,0,0,0,0,0,0,0,0,0,0,1,0,1,0,0,0
2026-05-19,4.0,15.5,1.5,2.5,2.5,1.5,0.0,0.5,1.5,0.5,2.0,1.0,1.5,15.75,0.0,16.25,0.5,1.5,6.0,0,1,0,0,0,0,0,0,0,0,0,0,0,1,1,1,0,0,0
2026-05-20,0.0,2.5,0.0,0.0,0.0,0.5,0.0,0.0,0.0,0.5,0.0,0.0,0.0,8.75,0.0,1.25,0.0,0.0,0.0,0,1,0,0,0,0,0,0,0,0,0,0,0,1,0,1,0,0,0
2026-05-21,1.5,0.5,0.0,0.0,0.0,0.0,0.0,0.0,0.0,0.5,0.0,0.0,0.0,8.5,0.0,0.0,0.0,0.0,0.0,0,1,0,0,0,0,0,0,0,0,0,0,0,1,0,1,0,0,0
2026-05-22,1.5,15.0,0.0,0.0,0.0,0.0,0.0,0.0,0.0,0.0,0.0,0.0,0.0,2.0,0.0,5.0,0.0,0.0,0.0,0,1,0,0,0,0,0,0,0,0,0,0,0,1,1,1,0,0,0
2026-05-23,19.5,3.5,0.0,0.0,0.0,1.0,0.0,1.0,20.5,1.0,22.0,61.5,5.0,5.5,0.0,4.0,20.5,0.5,3.5,0,1,0,0,0,0,0,0,0,0,0,0,0,1,0,1,0,0,0
2026-05-24,19.5,0.5,0.0,0.0,0.0,1.0,0.0,1.0,20.5,1.0,22.0,61.5,5.0,7.75,0.0,5.0,20.5,0.5,3.5,0,1,0,0,0,0,0,0,0,0,0,0,0,1,0,1,0,0,0
2026-05-25,8.5,0.0,5.5,2.5,7.0,47.0,32.0,31.5,21.5,6.5,2.5,17.0,21.0,11.5,0.0,22.25,10.5,23.5,5.0,0,1,0,0,0,0,0,0,0,0,0,0,0,1,1,1,0,0,0
2026-05-26,5.0,10.0,18.0,9.0,38.0,10.5,32.0,18.5,10.0,1.0,12.0,6.0,6.5,13.75,0.0,13.5,17.0,9.5,0.0,0,1,0,0,0,0,0,0,0,0,0,0,0,1,1,1,0,0,0
2026-05-27,5.0,0.0,18.0,9.0,38.0,10.5,1.0,18.5,10.0,1.0,12.0,6.0,6.5,0.25,0.0,12.0,17.0,9.5,0.0,0,1,0,0,0,0,0,0,0,0,0,0,0,1,0,1,0,0,0
2026-05-28,21.0,1.5,0.0,0.0,0.0,0.0,0.0,0.5,0.0,0.0,0.0,0.0,0.0,0.5,0.0,9.25,0.0,3.5,0.0,0,1,0,0,0,0,0,0,0,0,0,0,0,1,0,1,0,0,0
2026-05-29,21.0,8.5,63.0,38.5,9.5,29.5,29.5,56.0,16.5,0.5,21.0,0.0,86.0,1.0,0.0,2.75,31.0,26.0,0.0,0,1,0,0,0,0,0,0,0,0,0,0,0,1,1,1,0,0,0
2026-05-30,0.5,3.75,63.0,38.5,9.5,29.5,29.5,56.0,16.5,0.5,21.0,0.0,86.0,1.5,0.0,0.0,31.0,26.0,0.0,0,1,0,0,0,0,0,0,0,0,0,0,0,1,1,1,0,0,0
2026-05-31,1.5,2.75,0.0,2.0,3.0,0.0,0.0,0.0,0.5,0.5,0.0,0.5,0.0,4.25,0.0,0.75,0.0,0.0,0.0,0,1,0,0,0,0,0,0,0,0,0,0,0,1,0,1,0,0,0
2026-06-01,1.5,4.5,0.0,2.0,3.0,0.0,0.0,0.0,0.5,0.5,0.0,0.5,0.0,1.25,0.0,0.75,0.0,0.0,0.0,1,1,1,1,1,1,1,1,1,1,1,1,1,1,1,1,1,1,1
