Date,sarawak_aman_5_bridge,sarawak_bako_causeway,sarawak_barrage,sarawak_batu_kawa_bridge,sarawak_batu_kitang_telemetry,sarawak_bau,sarawak_bau_bridge,sarawak_buan_bidi,sarawak_buntal_did,sarawak_kampung_git,sarawak_kampung_monggak,sarawak_kampung_opar,sarawak_kampung_rayu,sarawak_kampung_sagah,sarawak_kampung_similang,sarawak_kuching_airport,sarawak_kuching_city_south,sarawak_kuching_saberkas,sarawak_malihah,sarawak_maong_tengah_kiri,sarawak_matang,sarawak_padawan,sarawak_padungan,sarawak_pang_tebang,sarawak_rampangi,sarawak_satok_b,sarawak_sebubut,sarawak_semariang_fisheries,sarawak_semban,sarawak_sibu_laut,sarawak_siniawan,sarawak_siol_jps,sarawak_sungai_china,sarawak_sungai_opar,sarawak_sungai_pedid,sarawak_sungai_tengah,sarawak_telok_assam,sarawak_ulu_maong,sarawak_upper_sungai_staat,sarawak_mid_sungai_kuap
2015-05-01,,,,,,,,,,,,,,,,,,,,,,,,,,,,,,,,,,,,,,,,
2015-05-02,,,,,,,,,,,,,,,,,,,,,,,,,,,,,,,,,,,,,,,,
2015-05-03,,,,,,,,,,,,,,,,,,,,,,,,,,,,,,,,,,,,,,,,
2015-05-04,,,,,,,,,,,,,,,,,,,,,,,,,,,,,,,,,,,,,,,,
2015-05-05,,,,,,,,,,,,,,,,,,,,,,,,,,,,,,,,,,,,,,,,
2015-05-06,,,,,,,,,,,,,,,,,,,,,,,,,,,,,,,,,,,,,,,,
2015-05-07,,,,,,,,,,,,,,,,,,,,,,,,,,,,,,,,,,,,,,,,
2015-05-08,,,,,,,,,,,,,,,,,,,,,,,,,,,,,,,,,,,,,,,,
2015-05-09,,,,,,,,,,,,,,,,,,,,,,,,,,,,,,,,,,,,,,,,
2015-05-10,,,,,,,,,,,,,,,,,,,,,,,,,,,,,,,,,,,,,,,,
2015-05-11,,,,,,,,,,,,,,,,,,,,,,,,,,,,,,,,,,,,,,,,
2015-05-12,,,,,,,,,,,,,,,,,,,,,,,,,,,,,,,,,,,,,,,,
2015-05-13,,,,,,,,,,,,,,,,,,,,,,,,,,,,,,,,,,,,,,,,
2015-05-14,,,,,,,,,,,,,,,,,,,,,,,,,,,,,,,,,,,,,,,,
2015-05-15,,,,,,,,,,,,,,,,,,,,,,,,,,,,,,,,,,,,,,,,
2015-05-16,,,,,,,,,,,,,,,,,,,,,,,,,,,,,,,,,,,,,,,,
2015-05-17,,,,,,,,,,,,,,,,,,,,,,,,,,,,,,,,,,,,,,,,
2015-05-18,,,,,,,,,,,,,,,,,,,,,,,,,,,,,,,,,,,,,,,,
2015-05-19,,,,,,,,,,,,,,,,,,,,,,,,,,,,,,,,,,,,,,,,
2015-05-20,,,,,,,,,,,,,,,,,,,,,,,,,,,,,,,,,,,,,,,,
2015-05-21,,,,,,,,,,,,,,,,,,,,,,,,,,,,,,,,,,,,,,,,
2015-05-22,,,,,,,,,,,,,,,,,,,,,,,,,,,,,,,,,,,,,,,,
2015-05-23,,,,,,,,,,,,,,,,,,,,,,,,,,,,,,,,,,,,,,,,
2015-05-24,,,,,,,,,,,,,,,,,,,,,,,,,,,,,,,,,,,,,,,,
2015-05-25,,,,,,,,,,,,,,,,,,,,,,,,,,,,,,,,,,,,,,,,
2015-05-26,,,,,,,,,,,,,,,,,,,,,,,,,,,,,,,,,,,,,,,,
2015-05-27,,,,,,,,,,,,,,,,,,,,,,,,,,,,,,,,,,,,,,,,
2015-05-28,,,,,,,,,,,,,,,,,,,,,,,,,,,,,,,,,,,,,,,,
2015-05-29,,,,,,,,,,,,,,,,,,,,,,,,,,,,,,,,,,,,,,,,
2015-05-30,,,,,,,,,,,,,,,,,,,,,,,,,,,,,,,,,,,,,,,,
2015-05-31,,,,,,,,,,,,,,,,,,,,,,,,,,,,,,,,,,,,,,,,
2015-06-01,,,,,,,,,,,,,,,,,,,,,,,,,,,,,,,,,,,,,,,,
2015-06-02,,,,,,,,,,,,,,,,,,,,,,,,,,,,,,,,,,,,,,,,
2015-06-03,,,,,,,,,,,,,,,,,,,,,,,,,,,,,,,,,,,,,,,,
2015-06-04,,,,,,,,,,,,,,,,,,,,,,,,,,,,,,,,,,,,,,,,
2015-06-05,,,,,,,,,,,,,,,,,,,,,,,,,,,,,,,,,,,,,,,,
2015-06-06,,,,,,,,,,,,,,,,,,,,,,,,,,,,,,,,,,,,,,,,
2015-06-07,,,,,,,,,,,,,,,,,,,,,,,,,,,,,,,,,,,,,,,,
2015-06-08,,,,,,,,,,,,,,,,,,,,,,,,,,,,,,,,,,,,,,,,
2015-06-09,,,,,,,,,,,,,,,,,,,,,,,,,,,,,,,,,,,,,,,,
2015-06-10,,,,,,,,,,,,,,,,,,,,,,,,,,,,,,,,,,,,,,,,
2015-06-11,,,,,,,,,,,,,,,,,,,,,,,,,,,,,,,,,,,,,,,,
2015-06-12,,,,,,,,,,,,,,,,,,,,,,,,,,,,,,,,,,,,,,,,
2015-06-13,,,,,,,,,,,,,,,,,,,,,,,,,,,,,,,,,,,,,,,,
2015-06-14,,,,,,,,,,,,,,,,,,,,,,,,,,,,,,,,,,,,,,,,
2015-06-15,,,,,,,,,,,,,,,,,,,,,,,,,,,,,,,,,,,,,,,,
2015-06-16,,,,,,,,,,,,,,,,,,,,,,,,,,,,,,,,,,,,,,,,
2015-06-17,,,,,,,,,,,,,,,,,,,,,,,,,,,,,,,,,,,,,,,,
2015-06-18,,,,,,,,,,,,,,,,,,,,,,,,,,,,,,,,,,,,,,,,
2015-06-19,,,,,,,,,,,,,,,,,,,,,,,,,,,,,,,,,,,,,,,,
2015-06-20,,,,,,,,,,,,,,,,,,,,,,,,,,,,,,,,,,,,,,,,
2015-06-21,,,,,,,,,,,,,,,,,,,,,,,,,,,,,,,,,,,,,,,,
2015-06-22,,,,,,,,,,,,,,,,,,,,,,,,,,,,,,,,,,,,,,,,
2015-06-23,,,,,,,,,,,,,,,,,,,,,,,,,,,,,,,,,,,,,,,,
2015-06-24,,,,,,,,,,,,,,,,,,,,,,,,,,,,,,,,,,,,,,,,
2015-06-25,,,,,,,,,,,,,,,,,,,,,,,,,,,,,,,,,,,,,,,,
2015-06-26,,,,,,,,,,,,,,,,,,,,,,,,,,,,,,,,,,,,,,,,
2015-06-27,,,,,,,,,,,,,,,,,,,,,,,,,,,,,,,,,,,,,,,,
2015-06-28,,,,,,,,,,,,,,,,,,,,,,,,,,,,,,,,,,,,,,,,
2015-06-29,,,,,,,,,,,,,,,,,,,,,,,,,,,,,,,,,,,,,,,,
2015-06-30,,,,,,,,,,,,,,,,,,,,,,,,,,,,,,,,,,,,,,,,
2015-07-01,,,,,,,,,,,,,,,,,,,,,,,,,,,,,,,,,,,,,,,,
2015-07-02,,,,,,,,,,,,,,,,,,,,,,,,,,,,,,,,,,,,,,,,
2015-07-03,,,,,,,,,,,,,,,,,,,,,,,,,,,,,,,,,,,,,,,,
2015-07-04,,,,,,,,,,,,,,,,,,,,,,,,,,,,,,,,,,,,,,,,
2015-07-05,,,,,,,,,,,,,,,,,,,,,,,,,,,,,,,,,,,,,,,,
2015-07-06,,,,,,,,,,,,,,,,,,,,,,,,,,,,,,,,,,,,,,,,
2015-07-07,,,,,,,,,,,,,,,,,,,,,,,,,,,,,,,,,,,,,,,,
2015-07-08,,,,,,,,,,,,,,,,,,,,,,,,,,,,,,,,,,,,,,,,
2015-07-09,,,,,,,,,,,,,,,,,,,,,,,,,,,,,,,,,,,,,,,,
2015-07-10,,,,,,,,,,,,,,,,,,,,,,,,,,,,,,,,,,,,,,,,
2015-07-11,,,,,,,,,,,,,,,,,,,,,,,,,,,,,,,,,,,,,,,,
2015-07-12,,,,,,,,,,,,,,,,,,,,,,,,,,,,,,,,,,,,,,,,
2015-07-13,,,,,,,,,,,,,,,,,,,,,,,,,,,,,,,,,,,,,,,,
2015-07-14,,,,,,,,,,,,,,,,,,,,,,,,,,,,,,,,,,,,,,,,
2015-07-15,,,,,,,,,,,,,,,,,,,,,,,,,,,,,,,,,,,,,,,,
2015-07-16,,,,,,,,,,,,,,,,,,,,,,,,,,,,,,,,,,,,,,,,
2015-07-17,,,,,,,,,,,,,,,,,,,,,,,,,,,,,,,,,,,,,,,,
2015-07-18,,,,,,,,,,,,,,,,,,,,,,,,,,,,,,,,,,,,,,,,
2015-07-19,,,,,,,,,,,,,,,,,,,,,,,,,,,,,,,,,,,,,,,,
2015-07-20,,,,,,,,,,,,,,,,,,,,,,,,,,,,,,,,,,,,,,,,
2015-07-21,,,,,,,,,,,,,,,,,,,,,,,,,,,,,,,,,,,,,,,,
2015-07-22,,,,,,,,,,,,,,,,,,,,,,,,,,,,,,,,,,,,,,,,
2015-07-23,,,,,,,,,,,,,,,,,,,,,,,,,,,,,,,,,,,,,,,,
2015-07-24,,,,,,,,,,,,,,,,,,,,,,,,,,,,,,,,,,,,,,,,
2015-07-25,,,,,,,,,,,,,,,,,,,,,,,,,,,,,,,,,,,,,,,,
2015-07-26,,,,,,,,,,,,,,,,,,,,,,,,,,,,,,,,,,,,,,,,
2015-07-27,,,,,,,,,,,,,,,,,,,,,,,,,,,,,,,,,,,,,,,,
2015-07-28,,,,,,,,,,,,,,,,,,,,,,,,,,,,,,,,,,,,,,,,
2015-07-29,,,,,,,,,,,,,,,,,,,,,,,,,,,,,,,,,,,,,,,,
2015-07-30,,,,,,,,,,,,,,,,,,,,,,,,,,,,,,,,,,,,,,,,
2015-07-31,,,,,,,,,,,,,,,,,,,,,,,,,,,,,,,,,,,,,,,,
2015-08-01,,,,,,,,,,,,,,,,,,,,,,,,,,,,,,,,,,,,,,,,
2015-08-02,,,,,,,,,,,,,,,,,,,,,,,,,,,,,,,,,,,,,,,,
2015-08-03,,,,,,,,,,,,,,,,,,,,,,,,,,,,,,,,,,,,,,,,
2015-08-04,,,,,,,,,,,,,,,,,,,,,,,,,,,,,,,,,,,,,,,,
2015-08-05,,,,,,,,,,,,,,,,,,,,,,,,,,,,,,,,,,,,,,,,
2015-08-06,,,,,,,,,,,,,,,,,,,,,,,,,,,,,,,,,,,,,,,,
2015-08-07,,,,,,,,,,,,,,,,,,,,,,,,,,,,,,,,,,,,,,,,
2015-08-08,,,,,,,,,,,,,,,,,,,,,,,,,,,,,,,,,,,,,,,,
2015-08-09,,,,,,,,,,,,,,,,,,,,,,,,,,,,,,,,,,,,,,,,
2015-08-10,,,,,,,,,,,,,,,,,,,,,,,,,,,,,,,,,,,,,,,,
2015-08-11,,,,,,,,,,,,,,,,,,,,,,,,,,,,,,,,,,,,,,,,
2015-08-12,,,,,,,,,,,,,,,,,,,,,,,,,,,,,,,,,,,,,,,,
2015-08-13,,,,,,,,,,,,,,,,,,,,,,,,,,,,,,,,,,,,,,,,
2015-08-14,,,,,,,,,,,,,,,,,,,,,,,,,,,,,,,,,,,,,,,,
2015-08-15,,,,,,,,,,,,,,,,,,,,,,,,,,,,,,,,,,,,,,,,
2015-08-16,,,,,,,,,,,,,,,,,,,,,,,,,,,,,,,,,,,,,,,,
2015-08-17,,,,,,,,,,,,,,,,,,,,,,,,,,,,,,,,,,,,,,,,
2015-08-18,,,,,,,,,,,,,,,,,,,,,,,,,,,,,,,,,,,,,,,,
2015-08-19,,,,,,,,,,,,,,,,,,,,,,,,,,,,,,,,,,,,,,,,
2015-08-20,,,,,,,,,,,,,,,,,,,,,,,,,,,,,,,,,,,,,,,,
2015-08-21,,,,,,,,,,,,,,,,,,,,,,,,,,,,,,,,,,,,,,,,
2015-08-22,,,,,,,,,,,,,,,,,,,,,,,,,,,,,,,,,,,,,,,,
2015-08-23,,,,,,,,,,,,,,,,,,,,,,,,,,,,,,,,,,,,,,,,
2015-08-24,,,,,,,,,,,,,,,,,,,,,,,,,,,,,,,,,,,,,,,,
2015-08-25,,,,,,,,,,,,,,,,,,,,,,,,,,,,,,,,,,,,,,,,
2015-08-26,,,,,,,,,,,,,,,,,,,,,,,,,,,,,,,,,,,,,,,,
2015-08-27,,,,,,,,,,,,,,,,,,,,,,,,,,,,,,,,,,,,,,,,
2015-08-28,,,,,,,,,,,,,,,,,,,,,,,,,,,,,,,,,,,,,,,,
2015-08-29,,,,,,,,,,,,,,,,,,,,,,,,,,,,,,,,,,,,,,,,
2015-08-30,,,,,,,,,,,,,,,,,,,,,,,,,,,,,,,,,,,,,,,,
2015-08-31,,,,,,,,,,,,,,,,,,,,,,,,,,,,,,,,,,,,,,,,
2015-09-01,,,,,,,,,,,,,,,,,,,,,,,,,,,,,,,,,,,,,,,,
2015-09-02,,,,,,,,,,,,,,,,,,,,,,,,,,,,,,,,,,,,,,,,
2015-09-03,,,,,,,,,,,,,,,,,,,,,,,,,,,,,,,,,,,,,,,,
2015-09-04,,,,,,,,,,,,,,,,,,,,,,,,,,,,,,,,,,,,,,,,
2015-09-05,,,,,,,,,,,,,,,,,,,,,,,,,,,,,,,,,,,,,,,,
2015-09-06,,,,,,,,,,,,,,,,,,,,,,,,,,,,,,,,,,,,,,,,
2015-09-07,,,,,,,,,,,,,,,,,,,,,,,,,,,,,,,,,,,,,,,,
2015-09-08,,,,,,,,,,,,,,,,,,,,,,,,,,,,,,,,,,,,,,,,
2015-09-09,,,,,,,,,,,,,,,,,,,,,,,,,,,,,,,,,,,,,,,,
2015-09-10,,,,,,,,,,,,,,,,,,,,,,,,,,,,,,,,,,,,,,,,
2015-09-11,,,,,,,,,,,,,,,,,,,,,,,,,,,,,,,,,,,,,,,,
2015-09-12,,,,,,,,,,,,,,,,,,,,,,,,,,,,,,,,,,,,,,,,
2015-09-13,,,,,,,,,,,,,,,,,,,,,,,,,,,,,,,,,,,,,,,,
2015-09-14,,,,,,,,,,,,,,,,,,,,,,,,,,,,,,,,,,,,,,,,
2015-09-15,,,,,,,,,,,,,,,,,,,,,,,,,,,,,,,,,,,,,,,,
2015-09-16,,,,,,,,,,,,,,,,,,,,,,,,,,,,,,,,,,,,,,,,
2015-09-17,,,,,,,,,,,,,,,,,,,,,,,,,,,,,,,,,,,,,,,,
2015-09-18,,,,,,,,,,,,,,,,,,,,,,,,,,,,,,,,,,,,,,,,
2015-09-19,,,,,,,,,,,,,,,,,,,,,,,,,,,,,,,,,,,,,,,,
2015-09-20,,,,,,,,,,,,,,,,,,,,,,,,,,,,,,,,,,,,,,,,
2015-09-21,,,,,,,,,,,,,,,,,,,,,,,,,,,,,,,,,,,,,,,,
2015-09-22,,,,,,,,,,,,,,,,,,,,,,,,,,,,,,,,,,,,,,,,
2015-09-23,,,,,,,,,,,,,,,,,,,,,,,,,,,,,,,,,,,,,,,,
2015-09-24,,,,,,,,,,,,,,,,,,,,,,,,,,,,,,,,,,,,,,,,
2015-09-25,,,,,,,,,,,,,,,,,,,,,,,,,,,,,,,,,,,,,,,,
2015-09-26,,,,,,,,,,,,,,,,,,,,,,,,,,,,,,,,,,,,,,,,
2015-09-27,,,,,,,,,,,,,,,,,,,,,,,,,,,,,,,,,,,,,,,,
2015-09-28,,,,,,,,,,,,,,,,,,,,,,,,,,,,,,,,,,,,,,,,
2015-09-29,,,,,,,,,,,,,,,,,,,,,,,,,,,,,,,,,,,,,,,,
2015-09-30,,,,,,,,,,,,,,,,,,,,,,,,,,,,,,,,,,,,,,,,
2015-10-01,,,,,,,,,,,,,,,,,,,,,,,,,,,,,,,,,,,,,,,,
2015-10-02,,,,,,,,,,,,,,,,,,,,,,,,,,,,,,,,,,,,,,,,
2015-10-03,,,,,,,,,,,,,,,,,,,,,,,,,,,,,,,,,,,,,,,,
2015-10-04,,,,,,,,,,,,,,,,,,,,,,,,,,,,,,,,,,,,,,,,
2015-10-05,,,,,,,,,,,,,,,,,,,,,,,,,,,,,,,,,,,,,,,,
2015-10-06,,,,,,,,,,,,,,,,,,,,,,,,,,,,,,,,,,,,,,,,
2015-10-07,,,,,,,,,,,,,,,,,,,,,,,,,,,,,,,,,,,,,,,,
2015-10-08,,,,,,,,,,,,,,,,,,,,,,,,,,,,,,,,,,,,,,,,
2015-10-09,,,,,,,,,,,,,,,,,,,,,,,,,,,,,,,,,,,,,,,,
2015-10-10,,,,,,,,,,,,,,,,,,,,,,,,,,,,,,,,,,,,,,,,
2015-10-11,,,,,,,,,,,,,,,,,,,,,,,,,,,,,,,,,,,,,,,,
2015-10-12,,,,,,,,,,,,,,,,,,,,,,,,,,,,,,,,,,,,,,,,
2015-10-13,,,,,,,,,,,,,,,,,,,,,,,,,,,,,,,,,,,,,,,,
2015-10-14,,,,,,,,,,,,,,,,,,,,,,,,,,,,,,,,,,,,,,,,
2015-10-15,,,,,,,,,,,,,,,,,,,,,,,,,,,,,,,,,,,,,,,,
2015-10-16,,,,,,,,,,,,,,,,,,,,,,,,,,,,,,,,,,,,,,,,
2015-10-17,,,,,,,,,,,,,,,,,,,,,,,,,,,,,,,,,,,,,,,,
2015-10-18,,,,,,,,,,,,,,,,,,,,,,,,,,,,,,,,,,,,,,,,
2015-10-19,,,,,,,,,,,,,,,,,,,,,,,,,,,,,,,,,,,,,,,,
2015-10-20,,,,,,,,,,,,,,,,,,,,,,,,,,,,,,,,,,,,,,,,
2015-10-21,,,,,,,,,,,,,,,,,,,,,,,,,,,,,,,,,,,,,,,,
2015-10-22,,,,,,,,,,,,,,,,,,,,,,,,,,,,,,,,,,,,,,,,
2015-10-23,,,,,,,,,,,,,,,,,,,,,,,,,,,,,,,,,,,,,,,,
2015-10-24,,,,,,,,,,,,,,,,,,,,,,,,,,,,,,,,,,,,,,,,
2015-10-25,,,,,,,,,,,,,,,,,,,,,,,,,,,,,,,,,,,,,,,,
2015-10-26,,,,,,,,,,,,,,,,,,,,,,,,,,,,,,,,,,,,,,,,
2015-10-27,,,,,,,,,,,,,,,,,,,,,,,,,,,,,,,,,,,,,,,,
2015-10-28,,,,,,,,,,,,,,,,,,,,,,,,,,,,,,,,,,,,,,,,
2015-10-29,,,,,,,,,,,,,,,,,,,,,,,,,,,,,,,,,,,,,,,,
2015-10-30,,,,,,,,,,,,,,,,,,,,,,,,,,,,,,,,,,,,,,,,
2015-10-31,,,,,,,,,,,,,,,,,,,,,,,,,,,,,,,,,,,,,,,,
2015-11-01,,,,,,,,,,,,,,,,,,,,,,,,,,,,,,,,,,,,,,,,
2015-11-02,,,,,,,,,,,,,,,,,,,,,,,,,,,,,,,,,,,,,,,,
2015-11-03,,,,,,,,,,,,,,,,,,,,,,,,,,,,,,,,,,,,,,,,
2015-11-04,,,,,,,,,,,,,,,,,,,,,,,,,,,,,,,,,,,,,,,,
2015-11-05,,,,,,,,,,,,,,,,,,,,,,,,,,,,,,,,,,,,,,,,
2015-11-06,,,,,,,,,,,,,,,,,,,,,,,,,,,,,,,,,,,,,,,,
2015-11-07,,,,,,,,,,,,,,,,,,,,,,,,,,,,,,,,,,,,,,,,
2015-11-08,,,,,,,,,,,,,,,,,,,,,,,,,,,,,,,,,,,,,,,,
2015-11-09,,,,,,,,,,,,,,,,,,,,,,,,,,,,,,,,,,,,,,,,
2015-11-10,,,,,,,,,,,,,,,,,,,,,,,,,,,,,,,,,,,,,,,,
2015-11-11,,,,,,,,,,,,,,,,,,,,,,,,,,,,,,,,,,,,,,,,
2015-11-12,,,,,,,,,,,,,,,,,,,,,,,,,,,,,,,,,,,,,,,,
2015-11-13,,,,,,,,,,,,,,,,,,,,,,,,,,,,,,,,,,,,,,,,
2015-11-14,,,,,,,,,,,,,,,,,,,,,,,,,,,,,,,,,,,,,,,,
2015-11-15,,,,,,,,,,,,,,,,,,,,,,,,,,,,,,,,,,,,,,,,
2015-11-16,,,,,,,,,,,,,,,,,,,,,,,,,,,,,,,,,,,,,,,,
2015-11-17,,,,,,,,,,,,,,,,,,,,,,,,,,,,,,,,,,,,,,,,
2015-11-18,,,,,,,,,,,,,,,,,,,,,,,,,,,,,,,,,,,,,,,,
2015-11-19,,,,,,,,,,,,,,,,,,,,,,,,,,,,,,,,,,,,,,,,
2015-11-20,,,,,,,,,,,,,,,,,,,,,,,,,,,,,,,,,,,,,,,,
2015-11-21,,,,,,,,,,,,,,,,,,,,,,,,,,,,,,,,,,,,,,,,
2015-11-22,,,,,,,,,,,,,,,,,,,,,,,,,,,,,,,,,,,,,,,,
2015-11-23,,,,,,,,,,,,,,,,,,,,,,,,,,,,,,,,,,,,,,,,
2015-11-24,,,,,,,,,,,,,,,,,,,,,,,,,,,,,,,,,,,,,,,,
2015-11-25,,,,,,,,,,,,,,,,,,,,,,,,,,,,,,,,,,,,,,,,
2015-11-26,,,,,,,,,,,,,,,,,,,,,,,,,,,,,,,,,,,,,,,,
2015-11-27,,,,,,,,,,,,,,,,,,,,,,,,,,,,,,,,,,,,,,,,
2015-11-28,,,,,,,,,,,,,,,,,,,,,,,,,,,,,,,,,,,,,,,,
2015-11-29,,,,,,,,,,,,,,,,,,,,,,,,,,,,,,,,,,,,,,,,
2015-11-30,,,,,,,,,,,,,,,,,,,,,,,,,,,,,,,,,,,,,,,,
2015-12-01,,,,,,,,,,,,,,,,,,,,,,,,,,,,,,,,,,,,,,,,
2015-12-02,,,,,,,,,,,,,,,,,,,,,,,,,,,,,,,,,,,,,,,,
2015-12-03,,,,,,,,,,,,,,,,,,,,,,,,,,,,,,,,,,,,,,,,
2015-12-04,,,,,,,,,,,,,,,,,,,,,,,,,,,,,,,,,,,,,,,,
2015-12-05,,,,,,,,,,,,,,,,,,,,,,,,,,,,,,,,,,,,,,,,
2015-12-06,,,,,,,,,,,,,,,,,,,,,,,,,,,,,,,,,,,,,,,,
2015-12-07,,,,,,,,,,,,,,,,,,,,,,,,,,,,,,,,,,,,,,,,
2015-12-08,,,,,,,,,,,,,,,,,,,,,,,,,,,,,,,,,,,,,,,,
2015-12-09,,,,,,,,,,,,,,,,,,,,,,,,,,,,,,,,,,,,,,,,
2015-12-10,,,,,,,,,,,,,,,,,,,,,,,,,,,,,,,,,,,,,,,,
2015-12-11,,,,,,,,,,,,,,,,,,,,,,,,,,,,,,,,,,,,,,,,
2015-12-12,,,,,,,,,,,,,,,,,,,,,,,,,,,,,,,,,,,,,,,,
2015-12-13,,,,,,,,,,,,,,,,,,,,,,,,,,,,,,,,,,,,,,,,
2015-12-14,,,,,,,,,,,,,,,,,,,,,,,,,,,,,,,,,,,,,,,,
2015-12-15,,,,,,,,,,,,,,,,,,,,,,,,,,,,,,,,,,,,,,,,
2015-12-16,,,,,,,,,,,,,,,,,,,,,,,,,,,,,,,,,,,,,,,,
2015-12-17,,,,,,,,,,,,,,,,,,,,,,,,,,,,,,,,,,,,,,,,
2015-12-18,,,,,,,,,,,,,,,,,,,,,,,,,,,,,,,,,,,,,,,,
2015-12-19,,,,,,,,,,,,,,,,,,,,,,,,,,,,,,,,,,,,,,,,
2015-12-20,,,,,,,,,,,,,,,,,,,,,,,,,,,,,,,,,,,,,,,,
2015-12-21,,,,,,,,,,,,,,,,,,,,,,,,,,,,,,,,,,,,,,,,
2015-12-22,,,,,,,,,,,,,,,,,,,,,,,,,,,,,,,,,,,,,,,,
2015-12-23,,,,,,,,,,,,,,,,,,,,,,,,,,,,,,,,,,,,,,,,
2015-12-24,,,,,,,,,,,,,,,,,,,,,,,,,,,,,,,,,,,,,,,,
2015-12-25,,,,,,,,,,,,,,,,,,,,,,,,,,,,,,,,,,,,,,,,
2015-12-26,,,,,,,,,,,,,,,,,,,,,,,,,,,,,,,,,,,,,,,,
2015-12-27,,,,,,,,,,,,,,,,,,,,,,,,,,,,,,,,,,,,,,,,
2015-12-28,,,,,,,,,,,,,,,,,,,,,,,,,,,,,,,,,,,,,,,,
2015-12-29,,,,,,,,,,,,,,,,,,,,,,,,,,,,,,,,,,,,,,,,
2015-12-30,,,,,,,,,,,,,,,,,,,,,,,,,,,,,,,,,,,,,,,,
2015-12-31,,,,,,,,,,,,,,,,,,,,,,,,,,,,,,,,,,,,,,,,
2016-01-01,,,,,,,,,,,,,,,,,,,,,,,,,,,,,,,,,,,,,,,,
2016-01-02,,,,,,,,,,,,,,,,,,,,,,,,,,,,,,,,,,,,,,,,
2016-01-03,,,,,,,,,,,,,,,,,,,,,,,,,,,,,,,,,,,,,,,,
2016-01-04,,,,,,,,,,,,,,,,,,,,,,,,,,,,,,,,,,,,,,,,
2016-01-05,,,,,,,,,,,,,,,,,,,,,,,,,,,,,,,,,,,,,,,,
2016-01-06,,,,,,,,,,,,,,,,,,,,,,,,,,,,,,,,,,,,,,,,
2016-01-07,,,,,,,,,,,,,,,,,,,,,,,,,,,,,,,,,,,,,,,,
2016-01-08,,,,,,,,,,,,,,,,,,,,,,,,,,,,,,,,,,,,,,,,
2016-01-09,,,,,,,,,,,,,,,,,,,,,,,,,,,,,,,,,,,,,,,,
2016-01-10,,,,,,,,,,,,,,,,,,,,,,,,,,,,,,,,,,,,,,,,
2016-01-11,,,,,,,,,,,,,,,,,,,,,,,,,,,,,,,,,,,,,,,,
2016-01-12,,,,,,,,,,,,,,,,,,,,,,,,,,,,,,,,,,,,,,,,
2016-01-13,,,,,,,,,,,,,,,,,,,,,,,,,,,,,,,,,,,,,,,,
2016-01-14,,,,,,,,,,,,,,,,,,,,,,,,,,,,,,,,,,,,,,,,
2016-01-15,,,,,,,,,,,,,,,,,,,,,,,,,,,,,,,,,,,,,,,,
2016-01-16,,,,,,,,,,,,,,,,,,,,,,,,,,,,,,,,,,,,,,,,
2016-01-17,,,,,,,,,,,,,,,,,,,,,,,,,,,,,,,,,,,,,,,,
2016-01-18,,,,,,,,,,,,,,,,,,,,,,,,,,,,,,,,,,,,,,,,
2016-01-19,,,,,,,,,,,,,,,,,,,,,,,,,,,,,,,,,,,,,,,,
2016-01-20,,,,,,,,,,,,,,,,,,,,,,,,,,,,,,,,,,,,,,,,
2016-01-21,,,,,,,,,,,,,,,,,,,,,,,,,,,,,,,,,,,,,,,,
2016-01-22,,,,,,,,,,,,,,,,,,,,,,,,,,,,,,,,,,,,,,,,
2016-01-23,,,,,,,,,,,,,,,,,,,,,,,,,,,,,,,,,,,,,,,,
2016-01-24,,,,,,,,,,,,,,,,,,,,,,,,,,,,,,,,,,,,,,,,
2016-01-25,,,,,,,,,,,,,,,,,,,,,,,,,,,,,,,,,,,,,,,,
2016-01-26,,,,,,,,,,,,,,,,,,,,,,,,,,,,,,,,,,,,,,,,
2016-01-27,,,,,,,,,,,,,,,,,,,,,,,,,,,,,,,,,,,,,,,,
2016-01-28,,,,,,,,,,,,,,,,,,,,,,,,,,,,,,,,,,,,,,,,
2016-01-29,,,,,,,,,,,,,,,,,,,,,,,,,,,,,,,,,,,,,,,,
2016-01-30,,,,,,,,,,,,,,,,,,,,,,,,,,,,,,,,,,,,,,,,
2016-01-31,,,,,,,,,,,,,,,,,,,,,,,,,,,,,,,,,,,,,,,,
2016-02-01,,,,,,,,,,,,,,,,,,,,,,,,,,,,,,,,,,,,,,,,
2016-02-02,,,,,,,,,,,,,,,,,,,,,,,,,,,,,,,,,,,,,,,,
2016-02-03,,,,,,,,,,,,,,,,,,,,,,,,,,,,,,,,,,,,,,,,
2016-02-04,,,,,,,,,,,,,,,,,,,,,,,,,,,,,,,,,,,,,,,,
2016-02-05,,,,,,,,,,,,,,,,,,,,,,,,,,,,,,,,,,,,,,,,
2016-02-06,,,,,,,,,,,,,,,,,,,,,,,,,,,,,,,,,,,,,,,,
2016-02-07,,,,,,,,,,,,,,,,,,,,,,,,,,,,,,,,,,,,,,,,
2016-02-08,,,,,,,,,,,,,,,,,,,,,,,,,,,,,,,,,,,,,,,,
2016-02-09,,,,,,,,,,,,,,,,,,,,,,,,,,,,,,,,,,,,,,,,
2016-02-10,,,,,,,,,,,,,,,,,,,,,,,,,,,,,,,,,,,,,,,,
2016-02-11,,,,,,,,,,,,,,,,,,,,,,,,,,,,,,,,,,,,,,,,
2016-02-12,,,,,,,,,,,,,,,,,,,,,,,,,,,,,,,,,,,,,,,,
2016-02-13,,,,,,,,,,,,,,,,,,,,,,,,,,,,,,,,,,,,,,,,
2016-02-14,,,,,,,,,,,,,,,,,,,,,,,,,,,,,,,,,,,,,,,,
2016-02-15,,,,,,,,,,,,,,,,,,,,,,,,,,,,,,,,,,,,,,,,
2016-02-16,,,,,,,,,,,,,,,,,,,,,,,,,,,,,,,,,,,,,,,,
2016-02-17,,,,,,,,,,,,,,,,,,,,,,,,,,,,,,,,,,,,,,,,
2016-02-18,,,,,,,,,,,,,,,,,,,,,,,,,,,,,,,,,,,,,,,,
2016-02-19,,,,,,,,,,,,,,,,,,,,,,,,,,,,,,,,,,,,,,,,
2016-02-20,,,,,,,,,,,,,,,,,,,,,,,,,,,,,,,,,,,,,,,,
2016-02-21,,,,,,,,,,,,,,,,,,,,,,,,,,,,,,,,,,,,,,,,
2016-02-22,,,,,,,,,,,,,,,,,,,,,,,,,,,,,,,,,,,,,,,,
2016-02-23,,,,,,,,,,,,,,,,,,,,,,,,,,,,,,,,,,,,,,,,
2016-02-24,,,,,,,,,,,,,,,,,,,,,,,,,,,,,,,,,,,,,,,,
2016-02-25,,,,,,,,,,,,,,,,,,,,,,,,,,,,,,,,,,,,,,,,
2016-02-26,,,,,,,,,,,,,,,,,,,,,,,,,,,,,,,,,,,,,,,,
2016-02-27,,,,,,,,,,,,,,,,,,,,,,,,,,,,,,,,,,,,,,,,
2016-02-28,,,,,,,,,,,,,,,,,,,,,,,,,,,,,,,,,,,,,,,,
2016-02-29,,,,,,,,,,,,,,,,,,,,,,,,,,,,,,,,,,,,,,,,
2016-03-01,,,,,,,,,,,,,,,,,,,,,,,,,,,,,,,,,,,,,,,,
2016-03-02,,,,,,,,,,,,,,,,,,,,,,,,,,,,,,,,,,,,,,,,
2016-03-03,,,,,,,,,,,,,,,,,,,,,,,,,,,,,,,,,,,,,,,,
2016-03-04,,,,,,,,,,,,,,,,,,,,,,,,,,,,,,,,,,,,,,,,
2016-03-05,,,,,,,,,,,,,,,,,,,,,,,,,,,,,,,,,,,,,,,,
2016-03-06,,,,,,,,,,,,,,,,,,,,,,,,,,,,,,,,,,,,,,,,
2016-03-07,,,,,,,,,,,,,,,,,,,,,,,,,,,,,,,,,,,,,,,,
2016-03-08,,,,,,,,,,,,,,,,,,,,,,,,,,,,,,,,,,,,,,,,
2016-03-09,,,,,,,,,,,,,,,,,,,,,,,,,,,,,,,,,,,,,,,,
2016-03-10,,,,,,,,,,,,,,,,,,,,,,,,,,,,,,,,,,,,,,,,
2016-03-11,,,,,,,,,,,,,,,,,,,,,,,,,,,,,,,,,,,,,,,,
2016-03-12,,,,,,,,,,,,,,,,,,,,,,,,,,,,,,,,,,,,,,,,
2016-03-13,,,,,,,,,,,,,,,,,,,,,,,,,,,,,,,,,,,,,,,,
2016-03-14,,,,,,,,,,,,,,,,,,,,,,,,,,,,,,,,,,,,,,,,
2016-03-15,,,,,,,,,,,,,,,,,,,,,,,,,,,,,,,,,,,,,,,,
2016-03-16,,,,,,,,,,,,,,,,,,,,,,,,,,,,,,,,,,,,,,,,
2016-03-17,,,,,,,,,,,,,,,,,,,,,,,,,,,,,,,,,,,,,,,,
2016-03-18,,,,,,,,,,,,,,,,,,,,,,,,,,,,,,,,,,,,,,,,
2016-03-19,,,,,,,,,,,,,,,,,,,,,,,,,,,,,,,,,,,,,,,,
2016-03-20,,,,,,,,,,,,,,,,,,,,,,,,,,,,,,,,,,,,,,,,
2016-03-21,,,,,,,,,,,,,,,,,,,,,,,,,,,,,,,,,,,,,,,,
2016-03-22,,,,,,,,,,,,,,,,,,,,,,,,,,,,,,,,,,,,,,,,
2016-03-23,,,,,,,,,,,,,,,,,,,,,,,,,,,,,,,,,,,,,,,,
2016-03-24,,,,,,,,,,,,,,,,,,,,,,,,,,,,,,,,,,,,,,,,
2016-03-25,,,,,,,,,,,,,,,,,,,,,,,,,,,,,,,,,,,,,,,,
2016-03-26,,,,,,,,,,,,,,,,,,,,,,,,,,,,,,,,,,,,,,,,
2016-03-27,,,,,,,,,,,,,,,,,,,,,,,,,,,,,,,,,,,,,,,,
2016-03-28,,,,,,,,,,,,,,,,,,,,,,,,,,,,,,,,,,,,,,,,
2016-03-29,,,,,,,,,,,,,,,,,,,,,,,,,,,,,,,,,,,,,,,,
2016-03-30,,,,,,,,,,,,,,,,,,,,,,,,,,,,,,,,,,,,,,,,
2016-03-31,,,,,,,,,,,,,,,,,,,,,,,,,,,,,,,,,,,,,,,,
2016-04-01,,,,,,,,,,,,,,,,,,,,,,,,,,,,,,,,,,,,,,,,
2016-04-02,,,,,,,,,,,,,,,,,,,,,,,,,,,,,,,,,,,,,,,,
2016-04-03,,,,,,,,,,,,,,,,,,,,,,,,,,,,,,,,,,,,,,,,
2016-04-04,,,,,,,,,,,,,,,,,,,,,,,,,,,,,,,,,,,,,,,,
2016-04-05,,,,,,,,,,,,,,,,,,,,,,,,,,,,,,,,,,,,,,,,
2016-04-06,,,,,,,,,,,,,,,,,,,,,,,,,,,,,,,,,,,,,,,,
2016-04-07,,,,,,,,,,,,,,,,,,,,,,,,,,,,,,,,,,,,,,,,
2016-04-08,,,,,,,,,,,,,,,,,,,,,,,,,,,,,,,,,,,,,,,,
2016-04-09,,,,,,,,,,,,,,,,,,,,,,,,,,,,,,,,,,,,,,,,
2016-04-10,,,,,,,,,,,,,,,,,,,,,,,,,,,,,,,,,,,,,,,,
2016-04-11,,,,,,,,,,,,,,,,,,,,,,,,,,,,,,,,,,,,,,,,
2016-04-12,,,,,,,,,,,,,,,,,,,,,,,,,,,,,,,,,,,,,,,,
2016-04-13,,,,,,,,,,,,,,,,,,,,,,,,,,,,,,,,,,,,,,,,
2016-04-14,,,,,,,,,,,,,,,,,,,,,,,,,,,,,,,,,,,,,,,,
2016-04-15,,,,,,,,,,,,,,,,,,,,,,,,,,,,,,,,,,,,,,,,
2016-04-16,,,,,,,,,,,,,,,,,,,,,,,,,,,,,,,,,,,,,,,,
2016-04-17,,,,,,,,,,,,,,,,,,,,,,,,,,,,,,,,,,,,,,,,
2016-04-18,,,,,,,,,,,,,,,,,,,,,,,,,,,,,,,,,,,,,,,,
2016-04-19,,,,,,,,,,,,,,,,,,,,,,,,,,,,,,,,,,,,,,,,
2016-04-20,,,,,,,,,,,,,,,,,,,,,,,,,,,,,,,,,,,,,,,,
2016-04-21,,,,,,,,,,,,,,,,,,,,,,,,,,,,,,,,,,,,,,,,
2016-04-22,,,,,,,,,,,,,,,,,,,,,,,,,,,,,,,,,,,,,,,,
2016-04-23,,,,,,,,,,,,,,,,,,,,,,,,,,,,,,,,,,,,,,,,
2016-04-24,,,,,,,,,,,,,,,,,,,,,,,,,,,,,,,,,,,,,,,,
2016-04-25,,,,,,,,,,,,,,,,,,,,,,,,,,,,,,,,,,,,,,,,
2016-04-26,,,,,,,,,,,,,,,,,,,,,,,,,,,,,,,,,,,,,,,,
2016-04-27,,,,,,,,,,,,,,,,,,,,,,,,,,,,,,,,,,,,,,,,
2016-04-28,,,,,,,,,,,,,,,,,,,,,,,,,,,,,,,,,,,,,,,,
2016-04-29,,,,,,,,,,,,,,,,,,,,,,,,,,,,,,,,,,,,,,,,
2016-04-30,,,,,,,,,,,,,,,,,,,,,,,,,,,,,,,,,,,,,,,,
2016-05-01,,,,,,,,,,,,,,,,,,,,,,,,,,,,,,,,,,,,,,,,
2016-05-02,,,,,,,,,,,,,,,,,,,,,,,,,,,,,,,,,,,,,,,,
2016-05-03,,,,,,,,,,,,,,,,,,,,,,,,,,,,,,,,,,,,,,,,
2016-05-04,,,,,,,,,,,,,,,,,,,,,,,,,,,,,,,,,,,,,,,,
2016-05-05,,,,,,,,,,,,,,,,,,,,,,,,,,,,,,,,,,,,,,,,
2016-05-06,,,,,,,,,,,,,,,,,,,,,,,,,,,,,,,,,,,,,,,,
2016-05-07,,,,,,,,,,,,,,,,,,,,,,,,,,,,,,,,,,,,,,,,
2016-05-08,,,,,,,,,,,,,,,,,,,,,,,,,,,,,,,,,,,,,,,,
2016-05-09,,,,,,,,,,,,,,,,,,,,,,,,,,,,,,,,,,,,,,,,
2016-05-10,,,,,,,,,,,,,,,,,,,,,,,,,,,,,,,,,,,,,,,,
2016-05-11,,,,,,,,,,,,,,,,,,,,,,,,,,,,,,,,,,,,,,,,
2016-05-12,,,,,,,,,,,,,,,,,,,,,,,,,,,,,,,,,,,,,,,,
2016-05-13,,,,,,,,,,,,,,,,,,,,,,,,,,,,,,,,,,,,,,,,
2016-05-14,,,,,,,,,,,,,,,,,,,,,,,,,,,,,,,,,,,,,,,,
2016-05-15,,,,,,,,,,,,,,,,,,,,,,,,,,,,,,,,,,,,,,,,
2016-05-16,,,,,,,,,,,,,,,,,,,,,,,,,,,,,,,,,,,,,,,,
2016-05-17,,,,,,,,,,,,,,,,,,,,,,,,,,,,,,,,,,,,,,,,
2016-05-18,,,,,,,,,,,,,,,,,,,,,,,,,,,,,,,,,,,,,,,,
2016-05-19,,,,,,,,,,,,,,,,,,,,,,,,,,,,,,,,,,,,,,,,
2016-05-20,,,,,,,,,,,,,,,,,,,,,,,,,,,,,,,,,,,,,,,,
2016-05-21,,,,,,,,,,,,,,,,,,,,,,,,,,,,,,,,,,,,,,,,
2016-05-22,,,,,,,,,,,,,,,,,,,,,,,,,,,,,,,,,,,,,,,,
2016-05-23,,,,,,,,,,,,,,,,,,,,,,,,,,,,,,,,,,,,,,,,
2016-05-24,,,,,,,,,,,,,,,,,,,,,,,,,,,,,,,,,,,,,,,,
2016-05-25,,,,,,,,,,,,,,,,,,,,,,,,,,,,,,,,,,,,,,,,
2016-05-26,,,,,,,,,,,,,,,,,,,,,,,,,,,,,,,,,,,,,,,,
2016-05-27,,,,,,,,,,,,,,,,,,,,,,,,,,,,,,,,,,,,,,,,
2016-05-28,,,,,,,,,,,,,,,,,,,,,,,,,,,,,,,,,,,,,,,,
2016-05-29,,,,,,,,,,,,,,,,,,,,,,,,,,,,,,,,,,,,,,,,
2016-05-30,,,,,,,,,,,,,,,,,,,,,,,,,,,,,,,,,,,,,,,,
2016-05-31,,,,,,,,,,,,,,,,,,,,,,,,,,,,,,,,,,,,,,,,
2016-06-01,,,,,,,,,,,,,,,,,,,,,,,,,,,,,,,,,,,,,,,,
2016-06-02,,,,,,,,,,,,,,,,,,,,,,,,,,,,,,,,,,,,,,,,
2016-06-03,,,,,,,,,,,,,,,,,,,,,,,,,,,,,,,,,,,,,,,,
2016-06-04,,,,,,,,,,,,,,,,,,,,,,,,,,,,,,,,,,,,,,,,
2016-06-05,,,,,,,,,,,,,,,,,,,,,,,,,,,,,,,,,,,,,,,,
2016-06-06,,,,,,,,,,,,,,,,,,,,,,,,,,,,,,,,,,,,,,,,
2016-06-07,,,,,,,,,,,,,,,,,,,,,,,,,,,,,,,,,,,,,,,,
2016-06-08,,,,,,,,,,,,,,,,,,,,,,,,,,,,,,,,,,,,,,,,
2016-06-09,,,,,,,,,,,,,,,,,,,,,,,,,,,,,,,,,,,,,,,,
2016-06-10,,,,,,,,,,,,,,,,,,,,,,,,,,,,,,,,,,,,,,,,
2016-06-11,,,,,,,,,,,,,,,,,,,,,,,,,,,,,,,,,,,,,,,,
2016-06-12,,,,,,,,,,,,,,,,,,,,,,,,,,,,,,,,,,,,,,,,
2016-06-13,,,,,,,,,,,,,,,,,,,,,,,,,,,,,,,,,,,,,,,,
2016-06-14,,,,,,,,,,,,,,,,,,,,,,,,,,,,,,,,,,,,,,,,
2016-06-15,,,,,,,,,,,,,,,,,,,,,,,,,,,,,,,,,,,,,,,,
2016-06-16,,,,,,,,,,,,,,,,,,,,,,,,,,,,,,,,,,,,,,,,
2016-06-17,,,,,,,,,,,,,,,,,,,,,,,,,,,,,,,,,,,,,,,,
2016-06-18,,,,,,,,,,,,,,,,,,,,,,,,,,,,,,,,,,,,,,,,
2016-06-19,,,,,,,,,,,,,,,,,,,,,,,,,,,,,,,,,,,,,,,,
2016-06-20,,,,,,,,,,,,,,,,,,,,,,,,,,,,,,,,,,,,,,,,
2016-06-21,,,,,,,,,,,,,,,,,,,,,,,,,,,,,,,,,,,,,,,,
2016-06-22,,,,,,,,,,,,,,,,,,,,,,,,,,,,,,,,,,,,,,,,
2016-06-23,,,,,,,,,,,,,,,,,,,,,,,,,,,,,,,,,,,,,,,,
2016-06-24,,,,,,,,,,,,,,,,,,,,,,,,,,,,,,,,,,,,,,,,
2016-06-25,,,,,,,,,,,,,,,,,,,,,,,,,,,,,,,,,,,,,,,,
2016-06-26,,,,,,,,,,,,,,,,,,,,,,,,,,,,,,,,,,,,,,,,
2016-06-27,,,,,,,,,,,,,,,,,,,,,,,,,,,,,,,,,,,,,,,,
2016-06-28,,,,,,,,,,,,,,,,,,,,,,,,,,,,,,,,,,,,,,,,
2016-06-29,,,,,,,,,,,,,,,,,,,,,,,,,,,,,,,,,,,,,,,,
2016-06-30,,,,,,,,,,,,,,,,,,,,,,,,,,,,,,,,,,,,,,,,
2016-07-01,,,,,,,,,,,,,,,,,,,,,,,,,,,,,,,,,,,,,,,,
2016-07-02,,,,,,,,,,,,,,,,,,,,,,,,,,,,,,,,,,,,,,,,
2016-07-03,,,,,,,,,,,,,,,,,,,,,,,,,,,,,,,,,,,,,,,,
2016-07-04,,,,,,,,,,,,,,,,,,,,,,,,,,,,,,,,,,,,,,,,
2016-07-05,,,,,,,,,,,,,,,,,,,,,,,,,,,,,,,,,,,,,,,,
2016-07-06,,,,,,,,,,,,,,,,,,,,,,,,,,,,,,,,,,,,,,,,
2016-07-07,,,,,,,,,,,,,,,,,,,,,,,,,,,,,,,,,,,,,,,,
2016-07-08,,,,,,,,,,,,,,,,,,,,,,,,,,,,,,,,,,,,,,,,
2016-07-09,,,,,,,,,,,,,,,,,,,,,,,,,,,,,,,,,,,,,,,,
2016-07-10,,,,,,,,,,,,,,,,,,,,,,,,,,,,,,,,,,,,,,,,
2016-07-11,,,,,,,,,,,,,,,,,,,,,,,,,,,,,,,,,,,,,,,,
2016-07-12,,,,,,,,,,,,,,,,,,,,,,,,,,,,,,,,,,,,,,,,
2016-07-13,,,,,,,,,,,,,,,,,,,,,,,,,,,,,,,,,,,,,,,,
2016-07-14,,,,,,,,,,,,,,,,,,,,,,,,,,,,,,,,,,,,,,,,
2016-07-15,,,,,,,,,,,,,,,,,,,,,,,,,,,,,,,,,,,,,,,,
2016-07-16,,,,,,,,,,,,,,,,,,,,,,,,,,,,,,,,,,,,,,,,
2016-07-17,,,,,,,,,,,,,,,,,,,,,,,,,,,,,,,,,,,,,,,,
2016-07-18,,,,,,,,,,,,,,,,,,,,,,,,,,,,,,,,,,,,,,,,
2016-07-19,,,,,,,,,,,,,,,,,,,,,,,,,,,,,,,,,,,,,,,,
2016-07-20,,,,,,,,,,,,,,,,,,,,,,,,,,,,,,,,,,,,,,,,
2016-07-21,,,,,,,,,,,,,,,,,,,,,,,,,,,,,,,,,,,,,,,,
2016-07-22,,,,,,,,,,,,,,,,,,,,,,,,,,,,,,,,,,,,,,,,
2016-07-23,,,,,,,,,,,,,,,,,,,,,,,,,,,,,,,,,,,,,,,,
2016-07-24,,,,,,,,,,,,,,,,,,,,,,,,,,,,,,,,,,,,,,,,
2016-07-25,,,,,,,,,,,,,,,,,,,,,,,,,,,,,,,,,,,,,,,,
2016-07-26,,,,,,,,,,,,,,,,,,,,,,,,,,,,,,,,,,,,,,,,
2016-07-27,,,,,,,,,,,,,,,,,,,,,,,,,,,,,,,,,,,,,,,,
2016-07-28,,,,,,,,,,,,,,,,,,,,,,,,,,,,,,,,,,,,,,,,
2016-07-29,,,,,,,,,,,,,,,,,,,,,,,,,,,,,,,,,,,,,,,,
2016-07-30,,,,,,,,,,,,,,,,,,,,,,,,,,,,,,,,,,,,,,,,
2016-07-31,,,,,,,,,,,,,,,,,,,,,,,,,,,,,,,,,,,,,,,,
2016-08-01,,,,,,,,,,,,,,,,,,,,,,,,,,,,,,,,,,,,,,,,
2016-08-02,,,,,,,,,,,,,,,,,,,,,,,,,,,,,,,,,,,,,,,,
2016-08-03,,,,,,,,,,,,,,,,,,,,,,,,,,,,,,,,,,,,,,,,
2016-08-04,,,,,,,,,,,,,,,,,,,,,,,,,,,,,,,,,,,,,,,,
2016-08-05,,,,,,,,,,,,,,,,,,,,,,,,,,,,,,,,,,,,,,,,
2016-08-06,,,,,,,,,,,,,,,,,,,,,,,,,,,,,,,,,,,,,,,,
2016-08-07,,,,,,,,,,,,,,,,,,,,,,,,,,,,,,,,,,,,,,,,
2016-08-08,,,,,,,,,,,,,,,,,,,,,,,,,,,,,,,,,,,,,,,,
2016-08-09,,,,,,,,,,,,,,,,,,,,,,,,,,,,,,,,,,,,,,,,
2016-08-10,,,,,,,,,,,,,,,,,,,,,,,,,,,,,,,,,,,,,,,,
2016-08-11,,,,,,,,,,,,,,,,,,,,,,,,,,,,,,,,,,,,,,,,
2016-08-12,,,,,,,,,,,,,,,,,,,,,,,,,,,,,,,,,,,,,,,,
2016-08-13,,,,,,,,,,,,,,,,,,,,,,,,,,,,,,,,,,,,,,,,
2016-08-14,,,,,,,,,,,,,,,,,,,,,,,,,,,,,,,,,,,,,,,,
2016-08-15,,,,,,,,,,,,,,,,,,,,,,,,,,,,,,,,,,,,,,,,
2016-08-16,,,,,,,,,,,,,,,,,,,,,,,,,,,,,,,,,,,,,,,,
2016-08-17,,,,,,,,,,,,,,,,,,,,,,,,,,,,,,,,,,,,,,,,
2016-08-18,,,,,,,,,,,,,,,,,,,,,,,,,,,,,,,,,,,,,,,,
2016-08-19,,,,,,,,,,,,,,,,,,,,,,,,,,,,,,,,,,,,,,,,
2016-08-20,,,,,,,,,,,,,,,,,,,,,,,,,,,,,,,,,,,,,,,,
2016-08-21,,,,,,,,,,,,,,,,,,,,,,,,,,,,,,,,,,,,,,,,
2016-08-22,,,,,,,,,,,,,,,,,,,,,,,,,,,,,,,,,,,,,,,,
2016-08-23,,,,,,,,,,,,,,,,,,,,,,,,,,,,,,,,,,,,,,,,
2016-08-24,,,,,,,,,,,,,,,,,,,,,,,,,,,,,,,,,,,,,,,,
2016-08-25,,,,,,,,,,,,,,,,,,,,,,,,,,,,,,,,,,,,,,,,
2016-08-26,,,,,,,,,,,,,,,,,,,,,,,,,,,,,,,,,,,,,,,,
2016-08-27,,,,,,,,,,,,,,,,,,,,,,,,,,,,,,,,,,,,,,,,
2016-08-28,,,,,,,,,,,,,,,,,,,,,,,,,,,,,,,,,,,,,,,,
2016-08-29,,,,,,,,,,,,,,,,,,,,,,,,,,,,,,,,,,,,,,,,
2016-08-30,,,,,,,,,,,,,,,,,,,,,,,,,,,,,,,,,,,,,,,,
2016-08-31,,,,,,,,,,,,,,,,,,,,,,,,,,,,,,,,,,,,,,,,
2016-09-01,,,,,,,,,,,,,,,,,,,,,,,,,,,,,,,,,,,,,,,,
2016-09-02,,,,,,,,,,,,,,,,,,,,,,,,,,,,,,,,,,,,,,,,
2016-09-03,,,,,,,,,,,,,,,,,,,,,,,,,,,,,,,,,,,,,,,,
2016-09-04,,,,,,,,,,,,,,,,,,,,,,,,,,,,,,,,,,,,,,,,
2016-09-05,,,,,,,,,,,,,,,,,,,,,,,,,,,,,,,,,,,,,,,,
2016-09-06,,,,,,,,,,,,,,,,,,,,,,,,,,,,,,,,,,,,,,,,
2016-09-07,,,,,,,,,,,,,,,,,,,,,,,,,,,,,,,,,,,,,,,,
2016-09-08,,,,,,,,,,,,,,,,,,,,,,,,,,,,,,,,,,,,,,,,
2016-09-09,,,,,,,,,,,,,,,,,,,,,,,,,,,,,,,,,,,,,,,,
2016-09-10,,,,,,,,,,,,,,,,,,,,,,,,,,,,,,,,,,,,,,,,
2016-09-11,,,,,,,,,,,,,,,,,,,,,,,,,,,,,,,,,,,,,,,,
2016-09-12,,,,,,,,,,,,,,,,,,,,,,,,,,,,,,,,,,,,,,,,
2016-09-13,,,,,,,,,,,,,,,,,,,,,,,,,,,,,,,,,,,,,,,,
2016-09-14,,,,,,,,,,,,,,,,,,,,,,,,,,,,,,,,,,,,,,,,
2016-09-15,,,,,,,,,,,,,,,,,,,,,,,,,,,,,,,,,,,,,,,,
2016-09-16,,,,,,,,,,,,,,,,,,,,,,,,,,,,,,,,,,,,,,,,
2016-09-17,,,,,,,,,,,,,,,,,,,,,,,,,,,,,,,,,,,,,,,,
2016-09-18,,,,,,,,,,,,,,,,,,,,,,,,,,,,,,,,,,,,,,,,
2016-09-19,,,,,,,,,,,,,,,,,,,,,,,,,,,,,,,,,,,,,,,,
2016-09-20,,,,,,,,,,,,,,,,,,,,,,,,,,,,,,,,,,,,,,,,
2016-09-21,,,,,,,,,,,,,,,,,,,,,,,,,,,,,,,,,,,,,,,,
2016-09-22,,,,,,,,,,,,,,,,,,,,,,,,,,,,,,,,,,,,,,,,
2016-09-23,,,,,,,,,,,,,,,,,,,,,,,,,,,,,,,,,,,,,,,,
2016-09-24,,,,,,,,,,,,,,,,,,,,,,,,,,,,,,,,,,,,,,,,
2016-09-25,,,,,,,,,,,,,,,,,,,,,,,,,,,,,,,,,,,,,,,,
2016-09-26,,,,,,,,,,,,,,,,,,,,,,,,,,,,,,,,,,,,,,,,
2016-09-27,,,,,,,,,,,,,,,,,,,,,,,,,,,,,,,,,,,,,,,,
2016-09-28,142.0,608.0,194.0,,164.0,623.0,818.0,601.0,426.0,287.0,172.0,692.0,369.0,126.0,460.0,82.0,165.0,87.0,70.0,,,366.0,26.0,160.0,0.0,0.0,21.0,,0.0,363.0,322.0,165.0,,877.0,217.0,,590.0,,,
2016-09-29,,,,,,,,,,,,,,,,,,,,,,,,,,,,,,,,,,,,,,,,
2016-09-30,,,,,,,,,,,,,,,,,,,,,,,,,,,,,,,,,,,,,,,,
2016-10-01,,,,,,,,,,,,,,,,,,,,,,,,,,,,,,,,,,,,,,,,
2016-10-02,,,,,,,,,,,,,,,,,,,,,,,,,,,,,,,,,,,,,,,,
2016-10-03,,,,,,,,,,852.0,,,,,,,,,,,,,,,,,,,,,,,,,,,,,,
2016-10-04,,,,,,,,,,,,,,,,,,,,,,,,,,,,,,,,,,,,,,,,
2016-10-05,,,,,,,,,,,,,,,,,,,,,,,,,,,,,,,,,,,,,,,,
2016-10-06,203.0,491.0,161.0,909.0,357.0,,372.0,373.0,138.0,102.0,,,567.0,856.0,275.0,,762.0,632.0,715.0,,,237.0,360.0,170.0,213.0,0.0,512.0,,245.0,759.0,,656.0,,411.0,119.0,,,,,196.0
2016-10-07,2174.0,336.0,261.0,836.0,120.0,,391.0,215.0,32.0,333.0,,,1008.0,1496.0,100.0,,1093.0,959.0,911.0,,,1223.0,194.0,55.0,25.0,0.0,919.0,,300.0,609.0,148.0,191.0,,111.0,135.0,,,,,733.0
2016-10-08,277.0,679.0,570.0,88.0,228.0,377.0,409.0,266.0,167.0,102.0,,,248.0,62.0,94.0,,127.0,48.0,44.0,,,240.0,0.0,154.0,148.0,0.0,113.0,,14.0,1715.0,437.0,230.0,,268.0,153.0,,,,,41.0
2016-10-09,223.0,207.0,85.0,279.0,339.0,401.0,243.0,400.0,371.0,210.0,,,413.0,213.0,220.0,,282.0,378.0,329.0,,,157.0,0.0,567.0,84.0,0.0,409.0,,94.0,385.0,311.0,350.0,,153.0,370.0,,,,,204.0
2016-10-10,0.0,0.0,1.0,4.0,0.0,0.0,3.0,,0.0,0.0,,,0.0,0.0,0.0,,0.0,0.0,0.0,,,0.0,0.0,0.0,60.0,0.0,0.0,,0.0,0.0,,0.0,,0.0,0.0,,,,,0.0
2016-10-11,0.0,0.0,0.0,130.0,0.0,0.0,0.0,,0.0,0.0,,,0.0,104.0,38.0,,63.0,132.0,218.0,,,0.0,0.0,0.0,0.0,0.0,138.0,,0.0,33.0,,0.0,,0.0,0.0,,,,,96.0
2016-10-12,391.0,204.0,31.0,0.0,85.0,16.0,29.0,8.0,16.0,0.0,0.0,123.0,20.0,0.0,145.0,28.0,32.0,,0.0,,,327.0,0.0,0.0,71.0,0.0,181.0,,0.0,0.0,149.0,218.0,,124.0,0.0,,90.0,,0.0,85.0
2016-10-13,163.0,637.0,114.0,0.0,78.0,78.0,38.0,203.0,72.0,78.0,258.0,39.0,204.0,281.0,788.0,38.0,1.0,,389.0,,,40.0,0.0,82.0,153.0,0.0,80.0,,0.0,276.0,158.0,152.0,,47.0,565.0,,338.0,,78.0,75.0
2016-10-14,52.0,897.0,478.0,320.0,1513.0,77.0,75.0,0.0,409.0,478.0,61.0,0.0,0.0,0.0,661.0,109.0,631.0,,65.0,,,0.0,0.0,39.0,470.0,0.0,77.0,,0.0,0.0,899.0,105.0,,0.0,0.0,,632.0,,427.0,34.0
2016-10-15,0.0,0.0,0.0,0.0,0.0,0.0,0.0,0.0,49.0,12.0,,0.0,0.0,0.0,0.0,0.0,0.0,,0.0,,,0.0,0.0,0.0,71.0,0.0,0.0,,0.0,0.0,0.0,0.0,,0.0,0.0,,18.0,,0.0,0.0
2016-10-16,464.0,35.0,0.0,0.0,84.0,145.0,176.0,191.0,0.0,32.0,146.0,219.0,75.0,0.0,566.0,36.0,0.0,,0.0,,,317.0,0.0,253.0,0.0,0.0,0.0,,0.0,73.0,106.0,318.0,,219.0,70.0,,160.0,,108.0,43.0
2016-10-17,1267.0,1011.0,88.0,86.0,575.0,501.0,536.0,998.0,505.0,891.0,1054.0,476.0,677.0,192.0,1206.0,259.0,302.0,,326.0,,,1056.0,176.0,344.0,920.0,0.0,,,0.0,2291.0,411.0,675.0,,496.0,517.0,,214.0,,740.0,319.0
2016-10-18,0.0,54.0,0.0,350.0,548.0,886.0,817.0,983.0,1013.0,965.0,106.0,0.0,139.0,269.0,1134.0,38.0,233.0,308.0,700.0,,,82.0,0.0,1032.0,1267.0,0.0,323.0,,710.0,1478.0,785.0,588.0,,94.0,230.0,,777.0,,1472.0,178.0
2016-10-19,1331.0,340.0,188.0,62.0,34.0,23.0,42.0,91.0,87.0,839.0,,114.0,182.0,574.0,67.0,269.0,128.0,30.0,130.0,,,1022.0,0.0,507.0,0.0,0.0,301.0,,138.0,88.0,59.0,31.0,,97.0,519.0,,213.0,,280.0,356.0
2016-10-20,549.0,43.0,0.0,794.0,184.0,124.0,159.0,42.0,912.0,513.0,,0.0,265.0,1310.0,0.0,527.0,70.0,746.0,813.0,,,1519.0,0.0,47.0,867.0,0.0,45.0,,0.0,74.0,138.0,118.0,,70.0,459.0,,39.0,,632.0,139.0
2016-10-21,368.0,0.0,0.0,0.0,45.0,0.0,0.0,49.0,0.0,13.0,,0.0,0.0,0.0,0.0,0.0,0.0,0.0,0.0,,,194.0,0.0,100.0,0.0,0.0,0.0,,21.0,0.0,0.0,0.0,,1.0,21.0,,1.0,,0.0,0.0
2016-10-22,0.0,246.0,83.0,156.0,80.0,127.0,185.0,618.0,498.0,0.0,,204.0,157.0,163.0,405.0,165.0,251.0,249.0,227.0,,,0.0,0.0,93.0,247.0,0.0,237.0,,429.0,300.0,80.0,326.0,,100.0,191.0,,490.0,,79.0,166.0
2016-10-23,474.0,,125.0,457.0,850.0,367.0,296.0,234.0,1002.0,1144.0,,183.0,1100.0,689.0,1433.0,1282.0,834.0,1353.0,634.0,,,,517.0,528.0,197.0,0.0,1636.0,,527.0,290.0,788.0,1497.0,,157.0,361.0,,1589.0,,340.0,1243.0
2016-10-24,81.0,0.0,81.0,37.0,30.0,466.0,533.0,114.0,41.0,143.0,,405.0,0.0,41.0,0.0,54.0,204.0,0.0,0.0,,,56.0,8.0,,0.0,0.0,0.0,,0.0,0.0,284.0,124.0,,479.0,54.0,,20.0,,190.0,0.0
2016-10-25,51.0,54.0,0.0,0.0,43.0,0.0,0.0,62.0,71.0,95.0,,0.0,0.0,0.0,1216.0,0.0,0.0,0.0,0.0,,,0.0,0.0,,0.0,0.0,0.0,,0.0,0.0,329.0,0.0,,59.0,49.0,,510.0,,49.0,0.0
2016-10-26,93.0,672.0,229.0,34.0,74.0,0.0,0.0,0.0,0.0,39.0,,0.0,1036.0,142.0,0.0,0.0,1146.0,1397.0,743.0,,,199.0,107.0,,0.0,0.0,1502.0,,0.0,0.0,0.0,547.0,,1.0,0.0,,14.0,,,0.0
2016-10-27,3.0,285.0,61.0,69.0,,309.0,351.0,,,222.0,,141.0,80.0,43.0,99.0,749.0,490.0,432.0,95.0,,,,233.0,,153.0,,98.0,,0.0,,93.0,192.0,,97.0,18.0,,187.0,,,247.0
2016-10-28,704.0,677.0,124.0,480.0,,208.0,253.0,,,448.0,,399.0,415.0,484.0,1157.0,217.0,404.0,646.0,239.0,,,152.0,26.0,122.0,513.0,,553.0,,0.0,1475.0,450.0,472.0,,486.0,113.0,,722.0,,,107.0
2016-10-29,697.0,132.0,105.0,71.0,,184.0,287.0,450.0,74.0,337.0,177.0,1165.0,996.0,721.0,278.0,84.0,655.0,207.0,272.0,,,230.0,0.0,241.0,31.0,,360.0,,90.0,345.0,92.0,446.0,,1206.0,93.0,,0.0,,341.0,35.0
2016-10-30,82.0,547.0,39.0,642.0,,510.0,335.0,363.0,1493.0,710.0,639.0,283.0,1310.0,153.0,2300.0,949.0,214.0,255.0,747.0,,,120.0,0.0,1782.0,400.0,,559.0,,0.0,678.0,144.0,229.0,,332.0,1362.0,,583.0,,310.0,72.0
2016-10-31,246.0,682.0,289.0,1058.0,,1444.0,1345.0,1782.0,0.0,208.0,2984.0,1446.0,519.0,1039.0,613.0,2095.0,1412.0,755.0,928.0,,,819.0,0.0,1447.0,0.0,,631.0,,81.0,123.0,2409.0,535.0,,1372.0,1650.0,,151.0,,845.0,1362.0
2016-11-01,1433.0,355.0,95.0,221.0,,,238.0,159.0,206.0,137.0,358.0,423.0,659.0,204.0,172.0,295.0,337.0,238.0,280.0,,,677.0,0.0,481.0,75.0,,369.0,,0.0,390.0,258.0,272.0,,491.0,302.0,,376.0,,302.0,148.0
2016-11-02,108.0,257.0,84.0,58.0,125.0,105.0,26.0,16.0,670.0,125.0,90.0,42.0,9.0,147.0,387.0,10.0,342.0,214.0,164.0,,,158.0,0.0,268.0,433.0,0.0,90.0,,0.0,625.0,58.0,226.0,,48.0,35.0,,317.0,,74.0,9.0
2016-11-03,384.0,447.0,175.0,52.0,0.0,0.0,0.0,0.0,756.0,650.0,28.0,78.0,0.0,0.0,559.0,0.0,144.0,85.0,174.0,,,,0.0,0.0,393.0,0.0,329.0,,0.0,,0.0,102.0,,111.0,0.0,,383.0,,27.0,92.0
2016-11-04,109.0,1179.0,287.0,418.0,643.0,89.0,51.0,44.0,402.0,715.0,30.0,0.0,0.0,0.0,30.0,782.0,752.0,307.0,245.0,,,,0.0,34.0,259.0,0.0,106.0,,0.0,,367.0,498.0,,0.0,84.0,,1128.0,,458.0,688.0
2016-11-05,577.0,24.0,0.0,105.0,96.0,414.0,308.0,454.0,566.0,197.0,,1123.0,632.0,0.0,236.0,27.0,91.0,23.0,204.0,,,431.0,0.0,327.0,48.0,0.0,84.0,,0.0,0.0,117.0,318.0,,793.0,586.0,,,,231.0,163.0
2016-11-06,93.0,3.0,0.0,322.0,104.0,241.0,291.0,205.0,597.0,33.0,683.0,584.0,24.0,0.0,5.0,3.0,3.0,24.0,820.0,,,0.0,0.0,1403.0,528.0,0.0,1374.0,,0.0,618.0,697.0,545.0,,762.0,1126.0,,482.0,,422.0,3.0
2016-11-07,102.0,0.0,0.0,13.0,0.0,0.0,9.0,40.0,0.0,1.0,,0.0,0.0,0.0,,0.0,0.0,0.0,0.0,,,,0.0,75.0,0.0,0.0,0.0,,0.0,0.0,0.0,0.0,,0.0,0.0,,57.0,,9.0,0.0
2016-11-08,3384.0,58.0,,321.0,0.0,129.0,122.0,432.0,,74.0,,154.0,579.0,0.0,,91.0,470.0,195.0,128.0,,,3324.0,,924.0,548.0,,167.0,,1652.0,,166.0,78.0,,183.0,1308.0,,463.0,,30.0,0.0
2016-11-09,178.0,674.0,,62.5,0.0,54.5,17.0,0.0,1328.0,1.0,17.0,0.0,,0.0,,116.5,121.5,77.0,131.0,,,68.0,,244.5,125.5,,526.5,,43.0,,221.0,413.0,,128.5,131.0,,214.0,,372.0,962.0
2016-11-10,559.5,1888.5,,414.0,389.5,132.0,131.5,138.5,1306.0,1133.5,,545.5,922.5,167.5,,869.5,721.0,596.5,365.5,,,1493.5,,23.0,530.0,,413.0,,12.5,,194.5,388.5,,672.0,5.0,,1879.0,,172.5,1717.5
2016-11-11,186.0,25.0,0.0,765.5,90.5,571.5,428.0,758.0,0.0,26.5,297.5,53.5,,208.5,,1034.0,50.0,176.5,324.0,,,,,438.5,8.5,,486.5,,1014.5,,422.5,0.0,,108.5,219.5,,0.0,,1296.5,627.5
2016-11-12,47.0,0.0,0.0,0.0,0.0,70.5,0.0,35.5,0.0,0.5,389.0,0.0,11.0,6.5,,85.0,1.5,0.0,19.0,,,39.0,,0.0,0.0,,0.0,,0.0,,0.0,0.0,,0.0,49.0,,0.0,,46.5,25.5
2016-11-13,0.0,389.5,96.5,150.5,110.0,28.5,29.0,69.0,756.5,60.0,20.0,28.0,,93.0,,214.5,282.5,222.0,153.0,,,1.5,,0.0,383.0,,281.0,,0.0,,64.0,443.0,,27.5,27.5,,1864.5,,56.5,246.5
2016-11-14,0.0,866.0,113.0,151.5,170.0,198.5,333.0,126.0,383.5,15.0,,404.0,,904.0,,342.0,200.0,324.0,901.5,,,0.0,,13.5,289.5,,132.0,,0.0,,342.5,719.5,,505.5,17.0,,439.0,,119.5,121.5
2016-11-15,1199.0,1262.0,189.0,34.0,7.0,159.0,136.0,534.5,0.0,175.0,,50.5,,81.0,,222.0,84.0,14.0,61.5,,,,,143.0,0.0,,639.5,,0.0,32.0,57.0,603.5,,49.5,443.0,,5.5,,205.0,83.0
2016-11-16,869.5,200.0,209.0,1032.5,1406.5,113.0,117.0,133.5,29.5,364.0,,106.0,,497.0,,1480.0,380.5,388.5,407.5,,,,,1819.0,0.0,,1795.5,,871.5,23.0,1240.5,469.0,,119.5,,,400.5,,273.5,1570.0
2016-11-17,405.0,161.0,190.5,135.0,28.0,3.5,0.0,0.0,6.0,,,0.0,,379.5,,122.5,23.0,33.5,936.5,,,329.0,,24.0,0.0,,428.0,,657.5,0.0,28.5,31.0,,41.0,,,52.0,,26.0,54.5
2016-11-18,271.0,0.0,0.0,70.0,153.5,0.0,0.0,0.0,0.0,,,0.0,124.0,989.5,,0.0,0.0,0.0,388.5,,,,,0.0,0.0,,360.0,,0.0,,,370.5,,0.0,,,45.0,,0.0,
2016-11-19,64.0,87.0,198.0,478.0,232.5,82.5,75.5,706.5,42.0,,,16.5,34.5,56.0,,130.5,777.5,991.5,40.0,,,434.5,,112.0,41.5,,20.0,,200.5,,214.0,87.5,,15.5,13.5,,30.0,,0.0,171.5
2016-11-20,117.5,0.0,0.0,0.0,13.5,3.0,0.0,0.0,0.0,,,0.0,0.0,0.0,,330.0,90.0,0.0,0.0,,,0.0,,356.5,0.0,,0.0,,0.0,,0.0,0.0,,0.0,566.5,,0.5,,0.0,14.0
2016-11-21,213.5,90.0,64.0,281.0,170.5,1465.0,1594.0,293.0,46.0,,,491.0,90.5,1380.0,,64.0,225.0,107.0,2745.0,,,,,1132.5,507.5,,436.5,,0.0,,27.0,307.5,,634.5,,,425.0,,,188.0
2016-11-22,404.5,160.0,136.0,131.5,133.0,200.0,198.0,212.0,92.0,,,133.0,69.0,231.0,,157.5,134.5,136.5,203.0,,,438.5,,1005.0,0.0,,400.0,,1083.5,,,248.5,,111.5,,,70.5,,,233.0
2016-11-23,862.0,214.5,50.0,125.0,73.5,110.5,137.0,36.0,22.5,,,184.0,,294.0,,379.5,323.5,921.0,949.0,,,159.0,,477.5,,,1469.0,,0.0,127.5,,388.5,,270.5,,,1.0,,708.5,1141.5
2016-11-24,105.0,25.0,25.0,547.5,143.5,122.5,195.0,581.0,0.0,,,827.0,,,,142.0,149.0,48.0,101.5,,,824.0,,132.0,,,226.0,,0.0,,,11.0,,700.0,,,,,859.0,63.0
2016-11-25,52.0,17.5,0.0,373.5,42.0,91.0,96.5,47.5,0.0,,,198.5,,143.5,,11.0,0.0,0.0,20.0,,,66.0,,138.5,,,28.0,,0.0,,,0.0,,226.5,,,,,0.0,25.5
2016-11-26,465.0,0.0,0.0,0.0,0.0,0.0,0.0,22.5,0.0,0.5,,0.0,,3.5,,1.0,0.0,0.0,0.0,,,288.0,0.0,239.5,0.0,,0.5,,0.0,,,0.0,,0.0,27.0,,0.0,,,0.0
2016-11-27,741.0,2200.5,576.0,749.5,743.0,117.0,111.5,24.0,838.5,,,17.5,,416.5,,2259.0,3032.5,1874.0,471.5,,,793.0,1743.0,,286.5,,390.0,,0.0,,,1598.5,,34.0,168.5,,2977.0,,,2729.5
2016-11-28,0.0,30.5,0.0,46.5,54.0,881.0,953.0,187.0,47.5,,,427.0,,7.5,,0.0,0.0,37.5,629.0,,,5.0,27.5,,4.5,,82.0,,0.0,,,0.0,,475.0,404.5,,50.0,,910.0,29.0
2016-11-29,,,,,,,,,,,,,,,,,,,,,,,,,,,,,,,,,,,,,,,,
2016-11-30,,,,,,,,,,,,,,,,,,,,,,,,,,,,,,,,,,,,,,,,
2016-12-01,0.0,1426.5,161.5,728.5,208.5,662.5,659.5,889.5,976.5,,,363.5,,669.5,,23.0,113.5,124.0,753.5,,,15.5,49.5,,554.0,,451.5,,486.5,,,1491.0,,414.0,962.0,,398.0,,,0.0
2016-12-02,0.0,0.0,0.0,29.5,51.0,25.5,0.0,0.0,29.5,,,0.0,,0.0,,0.0,0.0,0.0,39.0,,,0.5,1.5,37.5,0.0,,57.0,,0.0,,,0.0,,37.0,38.0,,,,0.0,0.0
2016-12-03,367.0,926.0,235.5,202.5,0.5,31.0,31.0,59.0,38.5,,,168.5,,1766.0,,0.0,806.5,357.0,704.5,,,,517.5,397.0,14.5,,395.5,,464.5,,,1420.5,,202.5,207.5,,,,18.0,0.0
2016-12-04,301.0,1486.5,348.0,560.0,248.5,564.0,450.0,622.0,1057.0,,,447.5,,1005.5,,364.0,588.5,709.0,678.5,,,,404.5,741.0,924.0,,359.0,,630.5,,,2488.5,,434.0,83.0,,575.0,,659.5,346.5
2016-12-05,0.0,0.0,350.0,19.0,31.0,18.5,0.0,0.0,33.5,,,0.0,,25.0,,0.0,0.0,0.0,0.0,,,7.0,130.0,43.0,0.0,,11.5,,39.5,,,0.0,,14.5,32.0,,42.5,,0.0,29.5
2016-12-06,169.0,0.0,-949905.0,0.0,0.5,0.0,0.0,39.0,0.0,,,0.0,,0.0,,0.0,0.0,0.0,0.0,,,,0.5,19.0,0.0,,0.0,,448.0,,,0.0,,0.0,0.5,,9.0,,65.5,0.0
2016-12-07,30.5,0.0,0.0,237.0,29.0,0.0,0.0,0.0,0.0,,,0.0,,,,14.0,0.0,,0.0,,,0.0,0.0,0.0,0.0,,,,0.0,,52.5,0.0,,0.0,,,4.5,,0.0,0.0
2016-12-08,0.0,612.5,,399.0,304.0,0.0,0.0,,281.0,,,,,,,,386.0,,103.0,,,0.0,427.5,0.0,148.0,,,,0.0,,50.5,569.5,,0.0,45.0,,,,,32.0
2016-12-09,29.5,19.0,,125.0,318.0,,164.0,,150.5,,,,,,,,45.0,107.0,148.5,,,20.0,28.5,260.5,62.5,,,,357.0,,108.5,177.5,,140.5,284.0,,,,,105.5
2016-12-10,333.5,810.5,99.0,192.0,105.0,212.5,212.0,875.5,767.0,199.5,418.0,177.0,,,622.0,273.5,496.0,171.0,70.0,,,,435.0,667.0,125.5,0.0,,,665.5,,150.5,472.5,,215.0,785.5,,502.5,,391.0,233.0
2016-12-11,1622.0,1104.0,185.0,420.0,497.0,763.5,742.5,869.0,870.0,515.5,994.5,769.0,,,1911.0,763.5,418.5,296.0,366.5,,,1004.5,286.5,957.0,272.5,0.0,,,887.5,,602.5,399.0,,897.0,1222.5,,965.5,,673.5,610.0
2016-12-12,83.5,435.5,102.5,152.5,370.5,332.5,329.5,323.5,308.5,38.0,75.5,97.0,,,238.0,437.5,170.0,103.5,278.5,,,36.5,145.5,208.5,97.5,0.0,,,90.5,,269.0,438.0,,116.5,156.5,,425.0,,121.5,356.0
2016-12-13,1.0,19.5,,3.0,0.0,0.0,6.5,29.0,0.0,26.5,1.0,0.0,,,67.5,8.5,147.5,92.5,523.0,,,0.0,109.0,0.0,14.5,0.0,,,0.0,,20.0,125.0,,2.5,0.0,,8.5,,0.0,7.0
2016-12-14,0.0,0.0,,0.0,,0.0,0.0,0.0,0.0,0.5,0.0,0.0,,,0.0,0.0,0.0,25.0,0.0,,,0.0,3.0,0.0,0.0,0.0,,,0.0,,60.0,0.0,,0.0,0.0,,0.0,,0.0,0.0
2016-12-15,40.0,0.0,,0.0,,0.0,0.0,0.0,0.0,188.5,80.5,0.0,,,0.0,0.0,0.0,0.0,0.0,,,41.5,0.0,0.0,0.0,0.0,,,127.5,,0.0,0.0,,0.0,15.0,,0.0,,0.0,0.0
2016-12-16,56.0,337.5,,0.0,,,0.0,0.0,0.0,12.5,5.5,0.0,,,0.0,193.5,0.0,0.0,0.0,,,69.0,0.0,0.0,143.5,0.0,,,0.0,,0.0,0.0,,0.0,24.0,,0.0,,25.0,17.5
2016-12-17,25.0,23.5,,0.0,,,0.0,0.0,0.0,0.0,0.0,0.0,,,0.0,323.0,434.0,467.5,0.0,,,14.5,315.5,0.0,160.0,0.0,,,0.0,,0.0,181.5,,,0.0,,0.0,,0.0,76.0
2016-12-18,0.0,0.0,,,,,20.0,98.5,,221.0,,220.0,,,0.0,4.0,0.0,0.0,0.0,,,0.0,4.0,0.0,0.0,0.0,,,0.0,,,0.0,,168.0,0.0,,0.0,,174.5,92.5
2016-12-19,0.0,0.0,,53.5,3.0,,19.5,,0.0,10.0,0.0,308.5,,,0.0,13.0,59.5,177.5,575.5,,,0.0,135.0,0.0,0.0,0.0,,,95.5,,381.5,76.0,,798.0,0.0,,0.0,,0.0,439.5
2016-12-20,0.0,91.0,30.5,55.0,933.0,761.0,187.5,442.0,31.0,216.5,131.5,606.5,111.5,234.5,116.5,973.0,91.5,123.0,134.5,,,0.0,60.5,54.0,22.5,0.0,120.0,,154.0,0.0,866.0,31.0,,765.0,218.0,,0.0,,344.0,658.0
2016-12-21,91.0,117.0,185.0,768.0,1186.5,176.5,86.0,,75.0,195.0,228.0,153.5,215.5,328.5,84.5,301.0,851.0,285.5,182.0,,,271.5,519.5,306.0,433.0,0.0,166.5,,179.5,433.0,602.5,285.0,,241.0,205.5,,0.0,,865.5,131.5
2016-12-22,175.0,70.5,0.0,446.5,37.5,354.5,,,208.5,55.0,42.5,162.5,31.5,238.5,36.5,121.0,270.5,215.0,290.0,,,,107.5,63.0,66.5,0.0,93.0,,191.0,116.0,162.5,178.0,,239.5,48.0,,149.5,,118.0,611.5
2016-12-23,1674.0,2518.5,734.0,1779.5,858.0,397.5,,,2120.5,506.5,1570.0,158.0,2487.5,1465.0,1799.0,1748.5,3110.0,2813.5,2146.5,,,,1556.5,1216.0,1282.0,0.0,3639.5,,773.5,3608.0,435.5,2054.5,,362.0,1958.5,,1868.5,,349.0,1997.5
2016-12-24,1015.0,327.0,380.0,274.0,268.0,540.5,,,362.5,546.0,1037.5,,8.0,394.5,1274.0,249.5,943.0,315.5,642.5,,,,530.5,749.5,152.5,0.0,368.5,,506.0,8.5,110.0,118.0,,240.0,487.5,,551.0,,272.5,292.5
2016-12-25,102.5,100.5,35.0,948.0,291.0,258.5,,,350.5,540.0,83.5,,809.5,1130.5,173.5,166.0,203.5,107.5,1180.5,,,,153.5,46.0,98.0,0.0,962.0,,69.5,154.5,1088.0,149.5,,49.5,64.5,,73.5,,248.0,993.0
2016-12-26,446.0,1202.5,238.5,1749.0,633.5,144.0,,,620.5,90.0,11.5,137.0,694.5,2078.5,240.0,315.0,1367.5,1230.5,1010.5,,,,760.5,125.5,268.0,0.0,1248.5,,240.5,1833.5,1091.0,788.5,,260.5,107.5,,281.0,,50.5,389.5
2016-12-27,1213.0,650.5,176.0,1512.5,791.0,2092.5,,,641.0,1286.0,599.0,,1522.0,2103.0,1067.5,1512.5,1358.0,1852.0,1490.5,,,,984.5,329.0,561.5,0.0,1415.0,,754.0,1572.5,588.5,953.5,,3277.5,382.5,,935.5,,2603.5,492.0
2016-12-28,1629.0,993.5,142.5,814.5,491.5,314.5,,,1739.5,670.0,599.0,,732.5,379.5,607.5,983.5,1096.0,802.5,696.5,,,,640.5,1257.5,373.5,0.0,1562.5,,961.5,1824.0,343.0,1173.5,,249.0,658.5,,2150.0,,591.5,1056.5
2016-12-29,162.5,309.0,79.5,170.5,157.5,173.5,,,346.0,106.0,127.5,12.5,111.0,106.0,510.5,169.0,659.5,872.0,113.5,,,,325.0,146.0,0.0,0.0,261.5,,114.0,314.5,385.5,415.5,,48.5,117.0,,314.0,,230.0,282.5
2016-12-30,0.0,15.5,2.0,169.5,23.5,779.0,,,6.0,104.5,,,30.5,119.0,26.5,296.5,47.5,178.0,32.0,,,,49.0,217.0,50.5,0.0,125.0,,108.0,58.0,121.0,50.5,,74.5,147.0,,3.5,,368.5,49.5
2016-12-31,143.0,90.0,0.0,0.0,0.0,283.0,,,342.0,157.0,,,66.5,42.0,91.0,0.0,44.5,44.0,40.5,,,,44.5,830.5,208.5,0.0,35.5,,194.0,166.5,7.5,82.5,,369.0,848.0,,235.5,,66.0,44.0
2017-01-01,503.0,0.0,36.5,0.0,0.0,1280.0,,,14.0,485.5,,,350.5,21.5,23.5,0.0,0.0,0.0,0.0,,,,0.5,793.5,127.5,0.0,0.0,,341.5,0.0,53.0,0.0,,219.5,932.5,,40.5,,633.0,28.5
2017-01-02,0.0,0.0,1.0,18.0,392.0,97.5,,,106.0,92.0,,30.0,108.0,0.0,86.5,78.5,0.0,1.5,0.0,,,,0.0,81.0,45.0,0.0,,,35.0,253.0,45.5,0.0,,66.5,253.0,,80.0,,,39.0
2017-01-03,383.5,124.0,40.5,1395.5,,325.5,,,103.5,147.0,401.0,,1087.0,1164.0,194.5,592.5,1660.0,3277.5,222.5,,,,604.0,62.0,160.5,0.0,364.0,,795.5,,229.5,302.0,,107.5,230.0,,138.5,,310.0,245.5
2017-01-04,1139.0,393.0,22.0,170.5,200.5,844.0,,,5.0,1036.0,,637.5,649.0,335.5,164.5,289.5,185.5,291.5,,,,,125.0,,18.0,,381.5,,867.0,170.0,559.0,224.0,,,,,43.5,,1154.0,
2017-01-05,50.0,574.0,272.0,346.5,25.0,101.5,64.0,,0.0,63.5,171.0,87.0,,1030.0,520.0,323.0,876.5,300.5,,,,,408.5,,18.0,,,,53.5,0.0,12.5,375.0,,,181.0,,0.0,,0.0,117.5
2017-01-06,46.0,136.0,83.0,34.5,208.0,24.5,62.0,,56.5,0.5,24.0,74.5,208.0,69.0,302.0,106.0,129.5,22.5,,,,,30.0,,45.0,,,,0.0,,131.0,179.5,,,,,20.0,,57.0,28.0
2017-01-07,0.0,0.0,0.0,0.0,0.0,0.0,0.0,,28.0,0.0,0.5,0.0,,0.0,80.0,0.0,0.0,0.0,,,,,,,,,,,0.0,,0.0,23.0,,,,,0.0,,20.0,
2017-01-08,0.0,191.5,0.0,101.0,102.5,0.0,0.0,,0.0,26.0,10.5,45.0,0.0,0.0,3.0,16.5,0.0,0.0,,,,,0.0,,0.0,,,,0.0,0.0,0.0,0.0,,,,,0.0,,40.5,0.0
2017-01-09,19.5,0.0,0.0,0.0,0.0,0.0,0.0,,0.0,25.0,0.5,0.0,0.0,0.0,0.0,48.0,0.0,0.0,,,,,0.0,,0.0,,,,0.0,,0.0,0.0,,0.0,0.0,,0.0,,39.5,
2017-01-10,275.0,0.0,0.0,21.5,0.0,0.0,0.0,,0.0,318.5,0.0,0.0,0.0,23.0,0.0,0.0,0.0,0.0,,,,,0.0,,0.0,,,,502.0,,18.5,0.0,,,,,0.0,,242.5,0.0
2017-01-11,0.0,0.0,0.0,80.0,16.0,366.5,208.0,,0.0,429.0,0.0,0.0,,49.0,0.0,6.5,59.5,229.0,,,,,45.5,,0.0,,,,28.0,,133.5,0.0,,,11.0,,0.0,,152.0,
2017-01-12,0.0,0.0,0.0,0.0,269.5,649.5,601.0,,219.0,82.0,27.0,830.0,0.0,16.0,0.0,0.0,0.0,15.0,,,,,0.0,,0.0,,,,0.0,0.0,182.0,0.0,,,0.0,,0.0,,392.5,0.0
2017-01-13,99.0,0.0,0.0,0.0,27.0,0.0,0.0,,0.0,0.0,0.0,0.0,0.0,0.0,0.0,0.0,0.0,0.0,,,,,0.0,,0.0,,,,6.5,0.0,0.0,0.0,,0.0,0.0,,0.0,,0.0,
2017-01-14,76.0,289.5,15.0,136.0,29.0,29.5,23.5,,408.5,198.5,58.0,598.5,0.0,397.0,56.0,89.0,86.0,106.0,,,,,,,,,,,192.0,,5.0,711.5,,,85.0,,403.5,,114.5,
2017-01-15,,,,,,,,,,,,,,,,,,,,,,,,,,,,,,,,,,,,,,,,
2017-01-16,55.5,34.5,36.0,564.5,800.5,598.0,648.5,,174.5,215.5,243.0,166.0,0.0,242.5,32.0,675.0,306.5,763.0,,,,143.5,494.5,,19.5,0.0,,,75.0,332.0,489.0,173.5,,,318.5,,41.0,,90.5,
2017-01-17,639.5,153.5,87.5,,9.0,16.0,17.0,,0.0,60.5,0.0,16.5,,301.5,28.5,451.0,312.0,181.5,,,,,,,,,,,371.5,,,,,,,,,,44.5,
2017-01-18,273.5,0.0,0.0,169.5,478.5,562.5,387.0,,0.0,432.5,21.0,257.5,0.0,38.0,0.0,1590.0,0.0,6.0,,,,,0.0,,0.0,,,,173.0,0.0,1802.5,121.5,,278.0,72.5,,0.0,,272.0,
2017-01-19,0.0,0.0,,0.0,445.5,192.5,196.5,425.0,0.0,13.0,364.5,524.5,0.0,11.5,0.0,506.5,0.0,0.0,,,,,,,13.5,,,,5.5,67.0,152.0,4.0,,430.0,132.0,,90.5,,0.0,
2017-01-20,204.0,0.0,,46.0,45.0,,,,5.0,36.5,431.0,6.5,0.0,0.0,0.0,2.5,0.0,0.0,,,,,,,21.0,0.0,,,164.5,141.0,49.0,0.0,,2.5,452.0,,41.5,,171.0,
2017-01-21,1121.5,312.5,,653.0,387.5,,,,65.0,1570.0,,528.5,0.0,598.5,130.5,681.5,412.5,554.5,434.5,,,809.0,,896.5,0.0,0.0,489.5,,578.0,253.5,356.5,493.5,,512.5,381.0,,38.5,,934.5,
2017-01-22,269.0,397.5,,756.5,100.5,,,,27.5,519.0,201.0,712.5,0.0,375.5,0.0,23.0,24.5,0.0,181.0,,,224.0,,851.0,113.5,0.0,204.0,,88.5,854.0,90.0,149.0,,501.5,698.5,,258.5,,57.5,
2017-01-23,226.0,0.0,,80.5,0.0,,,,802.5,16.0,10.0,156.0,0.0,123.5,3.5,0.0,5.0,0.0,218.0,,,291.0,,654.0,126.5,0.0,24.5,,1.5,17.0,0.0,47.5,,222.0,417.0,,3.5,,0.0,25.5
2017-01-24,1659.0,7920.5,,3701.5,2352.5,1438.5,,,5574.0,1598.0,1153.5,1762.0,0.0,3500.5,7532.0,4368.0,8435.5,5884.0,5240.5,,,1684.0,,1971.0,2502.5,0.0,6941.0,,1219.5,8710.0,2222.5,5751.5,,1705.5,1327.5,,3089.5,,1378.0,3296.5
2017-01-25,542.0,232.0,,29.5,20.5,208.5,,,243.0,166.5,185.5,136.0,0.0,126.0,739.0,46.0,51.5,44.0,25.0,,,463.5,140.0,142.0,41.5,0.0,163.5,,297.5,551.0,43.0,148.5,,102.5,145.0,,353.5,,133.5,40.0
2017-01-26,0.0,0.0,1.0,0.0,0.0,129.5,13.0,,0.0,0.0,12.5,0.0,0.0,0.0,45.5,0.5,0.0,0.0,,,,0.0,0.0,0.0,0.0,0.0,0.0,,0.0,0.0,0.0,23.5,,0.5,0.0,,105.0,,41.0,
2017-01-27,34.0,3924.0,3949.0,1023.0,1527.0,336.0,307.0,,3093.5,,62.0,49.0,0.0,431.0,297.5,1234.0,1297.0,765.0,,,,,1172.5,,1909.0,,,,80.0,1696.5,306.5,1905.5,,67.0,64.5,,144.0,,212.0,
2017-01-28,465.0,6585.0,3512.0,1265.0,5613.5,7509.5,3493.5,,2424.5,,3716.0,4767.5,0.0,2801.5,2448.5,1473.0,3392.5,4083.5,,,,,2563.5,3432.0,438.5,0.0,2582.5,,1242.5,1698.0,4379.0,4287.5,,4165.5,3284.5,,2463.5,,6889.5,
2017-01-29,3178.5,6975.5,5883.5,3542.0,3806.0,3523.5,1697.5,,8702.5,,4135.0,4123.0,0.0,2731.0,5378.0,3808.5,4965.5,4399.0,,,,2414.0,4931.5,4861.5,154.0,,,,4589.5,8353.5,3144.5,9937.0,,4021.5,5400.0,,5185.0,,3421.0,
2017-01-30,140.5,200.5,166.5,308.5,91.0,44.0,0.0,,306.0,,138.0,146.0,0.0,1.0,185.5,70.5,44.0,7.0,,,,32.0,80.0,191.5,456.0,0.0,1.0,,271.0,269.5,135.5,563.0,,97.0,111.5,,371.5,,215.5,
2017-01-31,81.5,82.0,166.5,109.5,209.0,0.0,0.0,,1569.5,,2.0,229.5,0.0,373.5,79.5,42.5,80.5,81.0,,,,66.0,39.5,18.5,365.5,0.0,363.0,,98.5,3005.0,86.5,44.0,,308.5,0.0,,579.5,,351.0,
2017-02-01,1.0,1584.5,778.5,126.0,82.5,0.0,0.0,,,,0.0,0.0,0.0,158.0,3188.5,41.5,268.5,350.5,288.0,,,1.0,262.5,0.0,1002.0,0.0,377.5,,0.0,1093.5,,1093.5,,0.0,20.5,,1406.5,,0.0,
2017-02-02,26.5,594.5,1302.5,1012.5,,885.5,458.5,,871.5,,100.5,258.5,0.0,1465.0,,1524.0,1661.5,1026.5,,,,21.0,1650.0,43.0,385.0,0.0,1463.0,,404.0,655.0,,886.0,,247.0,96.0,,1099.0,,348.5,
2017-02-03,154.0,85.5,90.5,211.0,302.0,272.5,259.5,,110.0,,196.5,132.0,0.0,156.5,40.5,202.5,131.0,173.0,,,,67.0,126.5,475.0,0.0,0.0,148.0,,140.0,16.0,,117.0,,217.0,252.0,,46.0,,200.0,
2017-02-04,153.0,27.0,79.5,231.0,664.0,38.5,69.5,,102.5,,124.0,54.5,0.0,37.0,0.0,689.0,300.0,0.0,89.5,,,228.0,87.5,172.5,1.0,0.0,102.0,,249.0,0.5,361.5,21.0,,116.0,354.0,,59.0,,18.5,67.0
2017-02-05,189.0,0.0,0.0,73.5,387.0,143.5,107.5,,2.5,,68.0,0.0,0.0,63.5,0.0,0.0,0.0,,0.0,,,186.5,0.0,709.5,0.0,0.0,0.0,,230.0,0.0,176.5,0.0,,0.0,339.5,,0.0,,0.0,0.0
2017-02-06,0.0,0.0,0.0,0.0,0.0,0.0,2.5,,0.0,,0.0,,19.5,0.0,,0.0,63.0,42.0,0.0,,,0.0,55.5,0.0,,0.0,0.0,,0.0,0.0,0.0,,,0.0,0.0,,,,0.0,
2017-02-07,169.5,41.5,48.5,81.0,0.0,65.5,12.0,,170.0,,,,0.0,0.0,,,,,68.5,,,0.0,0.0,0.0,0.0,0.0,0.0,,26.5,0.0,0.0,0.0,,0.0,0.0,,,,18.0,
2017-02-08,,,,,,,,,,,,,,,,,,,,,,,,,,,,,,,,,,,,,,,,
2017-02-09,,,,,,,,,,,,,,,,,,,,,,,,,,,,,,,,,,,,,,,,
2017-02-10,,,,,,,,,,,,,,,,,,,,,,,,,,,,,,,,,,,,,,,,
2017-02-11,266.5,11.5,0.0,287.5,,483.0,,,178.5,,151.5,143.5,254.0,178.0,623.0,12.5,1.0,0.0,401.0,,,217.0,3.5,37.0,56.5,0.0,174.5,,392.0,112.0,,0.0,,166.5,180.5,,32.0,,256.5,
2017-02-12,50.5,,463.5,18.5,,1539.0,,,819.5,,,36.0,1002.0,201.5,663.5,,,182.0,289.0,,,711.5,316.5,842.0,,0.0,524.5,,89.5,1178.0,,324.0,,,734.5,,1126.5,,955.0,200.5
2017-02-13,253.5,576.5,499.5,334.5,112.5,344.0,,,882.0,,,,,,,,,,,,,,,,,,,,21.5,,,,,,,,,,,
2017-02-14,,,,,,,,,,,,,,,,,,,,,,,,,,,,,,,,,,,,,,,,
2017-02-15,3306.0,6333.0,5884.5,,5165.5,4949.5,2882.0,,2338.5,,,,,,,,,,9367.0,,,,,,,,,,6721.0,,,,,,,,,,,4306.0
2017-02-16,5068.5,4658.5,4824.5,,,,3776.5,,5134.0,,,,,4387.0,,,,,5137.0,,,4568.0,5765.5,,842.5,,,,3627.0,,,8437.0,,,,,1328.5,,,5050.0
2017-02-17,28.0,0.0,0.0,,0.0,,0.0,,39.0,,,,,0.0,,0.0,,0.0,0.0,,,165.0,,,,,,,507.5,,,,,,,,,,,25.0
2017-02-18,1173.0,,2841.5,,2279.0,,886.5,,3289.5,,,,,,,,,,1484.5,,,,,,,,,,1066.5,,,,,,,,,,,
2017-02-19,23.0,128.5,110.5,174.0,338.5,72.5,52.0,,218.0,,,,,,475.5,,,,234.0,,,,,45.0,,,,,0.0,,,,,,,,,,,331.0
2017-02-20,0.0,0.0,0.0,37.5,23.5,0.0,3.0,,25.0,,,,,,0.0,0.0,0.0,0.0,0.0,,,,20.5,0.0,0.0,,,,0.0,,,,,,,,,,,0.0
2017-02-21,62.0,14.0,18.0,0.0,0.0,604.0,259.0,,0.0,,,,71.0,,122.5,20.0,4.5,15.0,0.0,,,37.0,16.5,399.5,0.0,0.0,0.0,,0.0,74.0,,144.5,,,,,0.0,,85.0,49.0
2017-02-22,70.0,1578.5,1003.5,344.0,404.5,107.5,133.0,,,,,,319.5,,,,,,606.5,,,79.5,501.0,59.0,384.5,0.0,418.5,,17.5,,,788.5,,110.0,41.0,,707.5,,,
2017-02-23,908.5,131.0,223.5,213.0,294.0,178.0,99.0,,,,,,,,,,,,136.5,,,517.5,156.5,600.0,,0.0,,,675.5,,,,,,,,,,,
2017-02-24,107.0,153.5,110.0,167.5,200.5,123.5,111.5,,127.5,,,,,,,,,,,,,,,,,,,,64.0,,,,,,,,,,,
2017-02-25,,,,,,,,,,,,,,,,,,,,,,,,,,,,,,,,,,,,,,,,
2017-02-26,348.5,0.0,0.0,40.0,,27.5,,,,,,,,,,,,,,,,,,,,,,,,,,,,,,,,,,
2017-02-27,775.5,2519.5,1294.0,298.0,,27.5,,,1636.5,,,,,,,,,,,,,,,,,,,,797.0,,,,,,,,,,,
2017-02-28,403.5,961.5,1244.0,926.0,1273.0,1487.0,,,1593.5,,967.0,,,,,,,,601.0,,,,839.0,893.0,,0.0,,,1151.0,,,,,,,,,,,
2017-03-01,6.5,1245.0,175.5,489.0,1234.5,1883.5,1011.5,,4662.5,,1235.0,,374.0,1385.0,1454.0,488.5,86.5,801.5,2586.0,,,11.5,145.0,1551.0,259.0,0.0,1345.5,,63.5,1048.0,,1633.0,,,1323.0,,4602.5,,,75.5
2017-03-02,926.0,1066.5,1077.0,952.0,762.5,1024.0,,,1055.5,,2033.0,,535.5,,,,,,558.0,,,453.5,907.0,367.0,48.5,0.0,640.5,,,,,811.5,,722.0,679.5,,1028.5,,,953.0
2017-03-03,455.0,0.0,0.0,44.5,13.0,19.5,0.0,,,,1082.5,,,,,,,,,,,,,,,,,,,,,,,,,,,,,
2017-03-04,,,,,,,,,1659.5,,,,,,,,,,,,,,,,,,,,,,,,,,,,,,,
2017-03-05,419.5,113.0,57.5,7.0,17.0,266.0,164.0,,284.5,,,,,,115.5,21.0,68.0,43.0,,,,,,,,,,,,,,,,,,,,,,
2017-03-06,22.0,0.0,1.0,0.0,0.0,7.5,,,0.0,,,0.0,0.0,9.5,0.0,0.0,27.5,0.0,0.0,,,,2.5,,87.5,0.0,,,27.5,0.0,,0.0,,1.0,,,15.0,,0.0,0.0
2017-03-07,0.0,28.5,81.5,62.0,228.0,231.0,114.5,,0.0,,,0.0,44.0,22.5,1700.0,0.0,0.0,0.0,94.5,,,0.0,0.0,0.0,,0.0,15.5,,132.0,245.0,,9.0,,0.0,0.0,,116.0,,0.0,47.5
2017-03-08,,,,,,,,,,,,,,,,,,,,,,,,,,,,,,,,,,,,,,,,
2017-03-09,,,,,,,,,,,,,,,,,,,,,,,,,,,,,,,,,,,,,,,,
2017-03-10,341.5,0.0,0.0,0.0,0.0,0.0,,0.0,0.0,,,,,,,,,,0.0,,,,0.0,,,,,,,,,,,,,,,,,
2017-03-11,33.0,0.0,0.0,0.0,38.0,541.5,,0.0,0.0,,,,,,,,,,0.0,,,,0.0,,,,,,12.5,,,,,,,,,,,
2017-03-12,2336.0,713.0,647.5,730.0,,641.0,,,649.0,,,,,,,,,,633.0,,,1523.5,1121.5,1360.0,453.5,,,,1980.5,,,,,,,,,,,480.0
2017-03-13,92.5,55.0,376.0,73.0,,200.5,,,60.0,,,,,,,,,,70.5,,,,546.0,,,,,,64.5,,,,,,,,,,,33.0
2017-03-14,529.5,625.0,769.5,1434.5,,1334.5,,,,,825.0,276.0,,,234.0,,493.0,456.5,587.5,,,,,,,,,,,,,,,,,,,,,346.5
2017-03-15,761.0,0.0,70.0,318.0,293.0,52.0,,,0.0,,,,,,,,,,0.0,,,,,,,,,,1068.0,,,,,,,,,,,687.5
2017-03-16,0.0,0.0,0.0,10.0,21.0,1.5,0.5,,0.0,,0.0,0.0,,22.0,0.0,0.0,0.0,0.0,0.0,,,,,,,,,,0.0,0.0,0.0,,,,,,,,0.0,24.5
2017-03-17,408.0,6379.5,6999.0,3095.5,5050.5,,3424.0,,6453.5,,7274.5,3586.0,,1581.0,3668.0,2892.0,3766.0,7473.5,7233.5,,,,3384.5,304.5,3692.5,0.0,3212.5,,340.5,,4439.0,2120.5,,,,,,,2135.0,2104.0
2017-03-18,6.0,0.0,0.0,,0.0,0.0,,,0.0,,98.0,0.0,,,0.0,0.0,0.0,0.0,0.0,,,,0.0,0.0,0.0,0.0,,,0.0,0.0,0.0,0.0,,,,,,,,0.0
2017-03-19,195.0,0.0,0.0,15.5,380.0,36.0,,,0.0,,,84.0,,6.0,0.0,54.5,0.0,0.0,15.0,,,,0.0,0.0,0.0,0.0,30.0,,15.0,0.0,129.0,20.5,,84.0,138.5,,,,,518.0
2017-03-20,182.0,0.0,0.0,50.0,8.5,66.0,54.0,,0.0,,187.5,0.0,,,24.5,100.0,31.5,0.0,31.5,,,,0.0,126.5,0.0,0.0,72.5,,0.0,72.0,,0.0,,,,,,,,0.0
2017-03-21,60.5,90.5,39.5,32.0,,28.0,32.5,,,,,,,,,,,,28.5,,,,,,,,,,30.0,,,,,,,,,,,
2017-03-22,0.0,0.0,0.0,0.0,,0.0,0.0,,0.0,,,0.0,,,,,,,0.0,,,,,,,,,,0.0,,,,,,,,,,,
2017-03-23,461.0,1.5,6.0,5.0,4.0,0.5,,,2.5,,,,,,,,,,,,,,,,,,,,243.5,,,,,,,,,,,7.0
2017-03-24,562.5,404.0,445.5,485.5,559.5,879.0,412.0,,412.5,,,354.0,,319.0,,,,,336.0,,,,,,,,,,,,,,,,,,,,,
2017-03-25,0.0,0.0,0.0,0.0,,38.0,,,308.5,,,,,,,,,,,,,,,,,,,,0.0,,,,,,,,,,,
2017-03-26,24.5,0.0,0.0,0.0,0.0,0.0,,,5.5,,,0.0,,,,,,,0.0,,,,,,,,,,24.5,,,,,,,,,,,0.0
2017-03-27,360.5,5881.0,3700.5,308.0,423.0,406.5,223.5,,942.5,,,232.5,,,,,,,,,,,,,,,,,,,,,,,,,,,,
2017-03-28,82.5,460.5,300.0,299.5,856.5,378.5,226.0,,3627.5,,27.0,44.5,,415.0,1782.0,188.5,338.5,336.5,379.0,,,6.5,265.0,776.5,623.0,0.0,313.0,,794.0,,,420.0,,,,,3403.0,,100.5,267.5
2017-03-29,0.0,133.0,165.0,139.0,67.0,482.5,274.0,,245.5,,539.0,24.5,2.5,46.5,690.0,24.0,203.5,8.5,47.5,,,37.0,,393.0,215.0,0.0,12.5,,,222.0,,313.5,,,361.0,,272.0,,149.0,224.5
2017-03-30,411.0,243.5,129.0,122.0,256.5,35.5,0.0,,617.0,,32.5,0.0,,34.0,470.0,92.5,567.5,403.5,14.5,,,331.5,,49.5,0.0,0.0,39.5,,,88.5,,43.5,,0.0,,,1499.5,,0.0,151.5
2017-03-31,1481.0,157.0,388.5,36.0,167.0,236.0,162.0,,262.0,5.5,12.5,548.5,,,134.5,154.5,85.5,18.5,10.0,,,2076.5,,15.0,,0.0,29.5,,,,3.5,111.0,,,,,72.5,,22.5,1059.0
2017-04-01,1056.0,1024.5,930.5,52.0,566.5,519.5,324.5,,5.5,,,,,,,,,,,,,,,,,,,,416.5,,,,,,,,,,,
2017-04-02,610.0,223.5,267.5,139.5,422.0,1145.0,893.5,,365.5,,1127.5,1213.0,,343.0,55.5,711.0,514.5,683.5,469.0,,,594.0,,564.5,,0.0,495.0,,335.5,,,422.0,,,,,367.0,,1688.5,175.5
2017-04-03,426.0,215.0,246.0,51.5,6.5,180.0,158.0,,,,204.5,124.5,,134.0,234.5,141.5,211.5,272.0,139.5,,,208.0,,290.5,,0.0,190.5,,176.0,,,249.0,,,364.0,,260.0,,96.5,239.5
2017-04-04,220.5,184.5,20.0,389.5,156.5,36.5,47.0,,0.0,,58.5,105.0,,29.5,24.5,416.0,91.5,37.0,0.0,,,92.5,,575.0,,0.0,98.5,,705.5,19.0,,31.0,,,,,35.0,,34.5,257.0
2017-04-05,26.0,0.0,0.0,14.5,181.5,0.0,0.0,,1.5,,303.0,0.0,,61.5,0.0,71.5,0.0,0.0,0.0,,,14.0,,283.0,,0.0,27.5,,84.0,,,0.0,,,390.0,,0.0,,1.0,47.5
2017-04-06,,141.0,228.0,346.5,297.5,43.0,28.0,,336.0,,13.0,10.0,,318.0,231.5,509.5,327.0,342.5,48.5,,,,,,,0.0,243.5,,199.0,,,95.0,,,21.0,,191.5,,38.0,746.0
2017-04-07,,102.0,,11.5,23.0,680.5,477.5,,88.0,,217.0,337.0,0.0,35.0,73.0,63.0,472.0,0.0,0.0,,,,,,,0.0,30.0,,600.5,,,33.0,,,,,,,775.5,303.0
2017-04-08,,,,536.0,75.5,,106.5,,0.0,67.0,123.0,140.5,311.0,1752.5,0.0,104.5,77.0,30.5,0.0,,,,,,,0.0,837.0,,156.5,,,245.5,,,,,1035.0,,57.5,240.5
2017-04-09,,0.0,,0.0,0.0,,40.5,,0.0,2.0,6.0,0.0,,26.5,0.0,23.5,0.0,0.0,0.0,,,114.0,,,,,0.0,,0.0,0.0,,0.0,,,,,,,0.0,36.0
2017-04-10,194.0,0.0,,237.0,986.0,,31.0,,0.0,,161.5,0.0,,0.0,95.0,2648.0,340.0,737.5,0.0,,,36.5,,,,,75.0,,20.5,,,12.5,,,,,0.0,,195.5,1739.5
2017-04-11,19.0,0.0,,0.0,409.5,0.0,0.0,,0.0,16.5,,250.0,,84.5,0.0,73.0,0.0,0.0,0.0,,,,,,,0.0,0.0,,79.5,,,0.0,,,,,0.0,,8.5,43.0
2017-04-12,1044.5,2775.5,3667.0,382.0,330.5,354.5,451.0,,193.5,,845.0,719.0,,693.5,3974.0,437.0,1001.5,563.5,0.0,,,657.5,,,,0.0,1504.5,,787.5,,,,,,,,,,390.0,581.5
2017-04-13,763.0,224.5,199.0,0.0,0.0,21.5,0.0,,0.0,0.0,,790.0,,,0.0,64.0,492.0,418.5,0.0,,,,,523.5,,0.0,,,289.5,0.5,,425.0,,,,,0.0,,249.0,1173.0
2017-04-14,214.5,0.0,0.0,89.0,0.0,181.5,85.5,,0.0,49.5,,400.0,,154.5,36.5,0.0,0.0,0.0,0.0,,,,,,,0.0,,,,20.5,,0.0,,,405.0,,0.0,,997.0,0.0
2017-04-15,663.5,34.5,15.5,239.0,1095.0,36.0,57.0,,400.5,,38.0,532.0,,90.0,42.0,1991.0,231.5,172.5,0.0,,,,,,,0.0,,,74.0,,,267.5,,,86.0,,252.0,,62.0,687.0
2017-04-16,,415.0,324.5,,961.0,929.0,574.5,,1734.5,,,453.0,,520.0,316.0,1124.5,485.0,833.0,0.0,,,,,,,0.0,,,1175.0,,,623.0,,,,,233.0,,1455.0,489.5
2017-04-17,33.0,35.0,0.0,,,28.0,34.0,,22.5,109.0,,32.0,,32.0,36.5,0.0,46.0,0.0,0.0,,,,,,,0.0,,,26.0,,27.5,25.0,,,27.0,,6.0,,21.0,0.0
2017-04-18,,2423.5,2536.5,218.5,169.5,162.5,169.0,,1492.0,,103.5,148.5,,770.0,730.0,401.5,2064.5,2201.5,0.0,,,,,,,0.0,1374.5,,182.5,,,4044.0,,418.0,,,1342.5,,224.0,2539.5
2017-04-19,,468.5,151.0,,278.0,,906.5,,976.0,,,252.0,,422.0,52.0,0.0,0.0,0.0,,,,,,,,0.0,,,151.0,,,,,,274.5,,390.0,,162.5,0.0
2017-04-20,,0.0,0.0,,0.0,,0.0,,,,,0.0,,0.0,0.0,0.0,0.0,0.0,,,,,,,,0.0,0.0,,0.0,,,,,,,,0.0,,0.0,0.0
2017-04-21,,,,,,,,,,,,,,,,,,,,,,,,,,,,,,,,,,,,,,,,
2017-04-22,201.0,52.5,79.0,144.0,1083.0,2000.5,1326.5,,,,,1173.0,,114.5,12.0,189.5,83.5,84.5,0.0,,,,,589.0,,0.0,112.5,,186.0,26.5,,38.5,,,,,0.0,,1184.0,100.0
2017-04-23,143.5,0.0,0.0,0.0,48.0,72.0,0.0,,,,,0.0,0.0,248.0,0.0,15.0,54.0,75.0,0.0,,,,,265.5,,0.0,,,923.0,0.0,0.0,0.0,,0.0,,,0.0,,0.0,102.0
2017-04-24,29.0,480.0,430.0,0.0,24.5,0.5,0.0,,,0.0,,51.0,,0.0,0.0,183.5,0.0,886.5,0.0,,,,,0.0,,0.0,,,91.5,,,143.0,,55.5,,,,,0.0,628.0
2017-04-25,106.5,0.0,35.0,0.0,0.0,0.0,,,,0.0,,0.0,,0.0,0.0,0.0,0.0,0.0,0.0,,,,,0.0,,0.0,,,0.0,,22.0,0.0,,2.5,,,0.0,,0.0,0.0
2017-04-26,1026.0,0.0,7.0,0.0,,176.5,46.5,,,10.5,,371.0,,0.0,0.0,19.5,103.0,0.0,0.0,,,,,275.0,,0.0,212.0,,1093.5,,0.0,37.5,,,,,0.0,,,0.0
2017-04-27,637.5,81.0,329.0,232.5,,167.5,,,,80.0,,386.5,,,327.0,1128.0,137.5,175.5,0.0,,,,,6.0,,0.0,,,830.5,,515.0,71.5,,242.5,,,44.0,,294.5,1541.5
2017-04-28,79.0,114.0,183.0,174.5,809.0,74.0,,,,,,0.0,,54.0,85.0,809.0,228.0,370.0,0.0,,,,,47.5,2.5,0.0,,,205.5,,309.5,269.5,,14.0,,,2.0,,500.0,2305.0
2017-04-29,41.5,245.5,234.0,662.0,,24.5,,,,5.0,,54.0,,,147.5,751.5,321.5,197.5,0.0,,,,,77.0,0.0,0.0,1373.5,,42.5,267.5,666.0,368.5,,103.5,,,104.5,,32.5,627.0
2017-04-30,55.0,378.0,9.0,452.5,99.5,1.0,,,,204.0,,0.0,,,41.5,27.5,142.5,175.5,0.0,,,60.5,,1314.0,25.0,0.0,,,24.0,0.0,0.0,81.0,,4.5,,,27.0,,178.5,42.5
2017-05-01,8.5,0.0,0.0,16.0,10.0,0.0,,,,112.0,,149.0,0.0,,37.5,27.0,3.0,26.5,0.0,,,,,43.0,0.5,0.0,127.5,,79.0,0.0,19.5,26.0,,,59.5,,16.5,,57.5,68.0
2017-05-02,2412.0,5704.5,5429.5,5508.0,,1268.0,,,,,,3361.0,,5245.0,6157.0,5374.5,5344.5,5664.0,0.0,,,,,2681.5,2224.0,0.0,4525.0,,1413.0,5852.5,4318.5,3681.0,,2721.5,3791.5,,2673.5,,1225.0,7729.5
2017-05-03,54.5,0.0,80.0,84.0,110.5,49.5,,,,0.0,,0.0,,0.0,24.5,0.0,0.0,0.0,0.0,,,48.5,,0.0,29.5,0.0,0.0,,25.0,,0.0,0.0,,0.0,98.0,,57.5,,34.5,0.0
2017-05-04,0.0,0.0,0.0,184.0,108.0,17.0,17.5,,0.0,0.0,0.0,18.0,,0.0,0.0,148.5,0.0,0.0,0.0,,,0.0,,0.0,0.0,0.0,0.0,,0.0,,,,,,,,,,0.0,0.0
2017-05-05,2221.5,2877.0,2392.0,369.5,442.5,119.0,270.0,,545.0,,212.0,90.5,163.0,265.5,1644.5,787.0,1568.0,1333.5,0.0,,,1108.5,,146.0,830.0,0.0,355.5,,607.5,,,2505.0,,,,,127.5,,825.0,3168.5
2017-05-06,155.0,0.0,81.0,535.0,38.0,48.5,23.5,,0.0,,121.5,37.0,,37.0,0.0,117.0,0.0,0.0,0.0,,,349.0,,410.0,0.0,0.0,22.0,,765.5,,33.0,0.0,,40.0,,,0.0,,114.5,0.0
2017-05-07,105.0,447.5,61.5,44.5,982.5,395.5,303.0,,37.0,,82.0,273.5,,6.0,78.5,600.0,489.0,286.0,0.0,,,786.5,,106.5,57.0,0.0,49.0,,68.0,200.0,823.0,608.0,,,346.5,,85.0,,1300.0,325.5
2017-05-08,1135.0,226.0,831.0,440.0,739.5,176.0,,,101.5,,,1071.5,,16.0,176.0,527.0,543.0,367.5,0.0,,,,,84.5,163.5,0.0,42.0,,327.0,,498.5,124.5,,940.5,151.5,,68.0,,44.5,950.0
2017-05-09,25.0,0.0,33.0,19.0,0.0,0.0,0.0,,2.5,,,0.0,,0.0,0.0,28.5,0.0,0.0,0.0,,,69.0,,0.0,,,0.0,,135.0,0.0,,3.0,,60.0,,,,,,24.5
2017-05-10,0.0,1275.0,239.5,209.0,1905.5,111.0,504.0,,2930.5,,,198.5,,56.5,1980.0,67.5,145.0,141.0,0.0,,,0.0,,3313.5,,0.0,734.0,,286.0,,,591.0,,,,,,,,0.0
2017-05-11,46.0,822.0,750.0,71.0,504.5,427.5,457.5,,963.5,,16.5,1687.5,,630.0,748.5,77.0,104.0,248.0,0.0,,,0.0,,46.5,,0.0,194.0,,0.0,,,838.5,,990.5,59.5,,,,,501.5
2017-05-12,0.0,0.0,13.5,1.0,443.0,15.0,20.0,,81.5,,,27.0,,28.0,67.5,19.0,0.0,0.0,26.5,,,,,337.5,,,,,35.5,,54.0,0.0,,37.0,27.0,,,,,20.0
2017-05-13,22.0,85.5,23.5,10.5,5.5,0.0,0.0,,0.0,,22.0,0.0,,0.0,24.0,11.0,73.5,78.5,5.0,,,0.0,,,0.0,,18.0,,0.0,,,44.5,,0.0,,,,,,48.5
2017-05-14,345.5,40.0,16.5,0.0,105.0,0.0,33.0,,0.0,,,43.5,,0.0,0.0,0.0,0.0,0.0,21.5,,,344.5,,,35.5,0.0,14.5,,307.0,116.5,64.0,0.0,,68.0,158.5,,,,,0.0
2017-05-15,33.0,0.0,0.5,0.0,0.0,0.0,,,,,,27.0,,0.0,0.0,0.0,0.0,0.0,0.0,,,5.0,,,0.0,0.0,,,0.0,,,0.0,,20.0,,,,,,0.0
2017-05-16,597.5,78.5,9.5,439.5,831.0,841.0,1694.0,,8.5,24.5,,1274.0,,583.0,0.0,1446.5,640.5,753.5,348.0,,,329.5,,,,,,,583.0,,1166.0,317.0,,,715.0,,,,,355.0
2017-05-17,74.5,0.0,0.0,65.0,16.5,67.0,729.0,,0.0,0.0,22.0,328.5,,489.0,0.0,0.0,0.0,0.0,1018.5,,,63.5,,28.0,0.0,0.0,109.5,,0.0,,,34.5,,,,,0.0,,144.5,0.0
2017-05-18,0.0,0.0,0.0,0.0,0.0,0.0,11.0,,0.0,0.0,0.5,0.0,,0.0,0.0,0.0,0.0,0.0,0.0,,,21.0,,,0.0,0.0,0.0,,0.0,0.0,,0.0,,,,,0.0,,0.0,40.5
2017-05-19,0.0,0.0,0.0,0.0,0.0,0.0,,,49.0,0.0,0.0,0.0,,120.5,22.5,0.0,0.0,0.0,10.0,,,0.5,,0.0,,0.0,20.0,,0.0,,,0.0,,,,,42.5,,0.0,0.0
2017-05-20,1266.0,0.0,0.0,169.0,52.0,198.5,145.5,,0.0,,85.0,1415.5,,17.0,42.0,118.5,276.0,527.5,244.5,,,1050.0,,,,0.0,,,352.0,,,14.0,,,,,1.0,,2816.0,0.0
2017-05-21,368.5,694.5,221.5,15.5,23.5,88.0,77.0,,0.0,62.0,20.5,801.5,,110.0,0.0,0.0,1525.0,947.5,187.5,,,37.0,,,,,,,,,316.5,440.0,,,,,0.0,,153.5,28.5
2017-05-22,1396.0,49.0,136.5,127.0,545.5,450.0,638.5,,157.5,,39.5,23.0,,51.0,2314.5,40.5,63.0,266.0,32.0,,,1027.5,,963.5,,,,,,490.0,95.5,109.0,,30.5,,,409.5,,101.0,94.0
2017-05-23,60.5,0.0,0.0,0.0,19.5,0.0,20.5,,16.0,0.0,0.0,0.0,,0.0,0.0,19.0,0.0,0.0,0.0,,,,,,,0.0,0.0,,0.0,,,0.0,,,,,0.0,,0.0,0.0
2017-05-24,1861.0,175.5,0.0,852.0,991.5,492.5,665.0,,2030.0,416.5,1512.5,217.5,,114.0,90.5,106.5,42.5,130.5,545.5,,,,,,,,,,558.5,,,,,,,,,,388.5,19.5
2017-05-25,0.0,1026.5,713.5,16.5,0.0,151.5,100.5,,244.0,31.5,465.5,0.0,,957.5,39.5,135.5,472.5,100.0,675.0,,,,,321.0,375.0,0.0,625.5,,0.0,432.0,,887.5,,,,,297.5,,137.5,0.0
2017-05-26,1740.5,817.0,598.0,98.5,179.5,141.5,174.5,,1280.5,,787.5,640.0,366.5,1132.0,355.5,228.0,557.5,161.5,1411.0,,,,,,122.0,0.0,,,535.0,,,1084.0,,,,,662.5,,302.5,286.5
2017-05-27,28.0,41.5,0.0,20.5,43.5,42.0,,,0.0,,88.5,0.0,,0.0,42.0,9.5,88.0,260.5,0.0,,,346.5,,0.0,0.0,0.0,0.0,,27.5,,,33.5,,,,,10.0,,152.5,88.0
2017-05-28,36.0,0.0,0.0,22.5,0.0,0.5,,,0.0,,0.5,0.0,,0.0,0.0,0.0,0.0,0.0,0.0,,,,,0.0,0.0,0.0,14.5,,19.5,0.0,,0.0,,,,,0.0,,0.0,0.0
2017-05-29,63.5,0.0,0.0,0.0,0.0,0.0,0.0,,0.0,0.5,0.0,0.0,,0.0,0.0,0.0,0.0,0.0,0.0,,,121.0,,0.0,0.0,0.0,0.0,,0.0,,,0.0,,0.0,0.0,,0.0,,0.0,0.0
2017-05-30,72.5,33.5,71.0,0.0,87.0,0.0,0.0,,69.5,65.0,0.0,0.0,,0.0,72.0,0.0,36.5,35.0,0.0,,,,,,,,25.5,,36.0,,,0.0,,,0.0,,82.0,,34.5,108.5
2017-05-31,840.5,170.5,409.0,47.5,,0.0,3.5,,0.0,18.5,105.5,0.0,,,0.0,571.5,116.5,57.0,1146.0,,,,,,,,,,12.5,,,,,,,,,,27.0,241.5
2017-06-01,1083.0,210.5,181.0,578.5,,280.0,369.5,,1871.5,391.5,368.5,645.0,1804.0,,360.5,313.0,415.0,275.0,645.0,,,,,,,,,,1018.0,,,590.0,,,281.0,,1007.5,,646.5,394.0
2017-06-02,97.0,141.5,93.5,93.0,85.5,187.0,279.5,,284.5,71.5,161.0,232.0,159.5,,69.5,47.0,94.0,93.0,126.5,,,,,124.0,,,,,47.0,,,143.0,,,107.0,,254.0,,135.0,45.0
2017-06-03,0.5,0.0,0.0,0.0,0.5,0.0,3.0,,0.0,0.5,1.5,0.0,,,0.0,0.0,0.0,0.0,0.0,,,0.0,,,0.0,,,,0.0,,,0.0,,3.0,,,2.5,,0.0,0.0
2017-06-04,0.0,0.0,0.0,0.0,0.0,0.0,,,0.0,0.0,0.0,0.0,,,0.0,0.0,0.0,0.0,0.0,,,,,,,,,,0.0,0.0,0.0,0.0,,0.0,,,0.0,,0.0,0.0
2017-06-05,49.5,72.5,95.5,272.0,19.5,142.0,340.0,,865.0,68.0,0.0,1060.0,,,0.0,18.5,114.5,97.0,447.0,,,0.0,,0.0,,0.0,,,477.5,,,423.5,,,,,28.0,,,36.5
2017-06-06,0.0,0.0,0.0,0.0,0.0,0.0,0.0,,0.0,,,,,0.0,22.0,0.0,22.0,,0.0,,,,,,,0.0,,,0.0,,,,,,,,,,,0.0
2017-06-07,49.5,0.0,0.0,0.0,0.0,0.0,0.0,,0.0,,,,0.0,0.0,0.0,220.0,544.0,126.5,0.0,,,0.0,,0.0,0.0,0.0,,,0.0,,,0.0,,,0.0,,0.0,,0.0,0.0
2017-06-08,105.5,0.0,0.0,26.5,0.0,0.0,0.0,,,,,,,0.0,0.0,0.0,0.0,0.0,19.0,,,35.0,,0.0,0.0,0.0,,,3.5,,,,,,,,,,,0.0
2017-06-09,20.0,22.0,301.0,0.5,8.0,129.5,565.0,,13.0,,331.5,312.0,,0.0,28.0,479.5,479.5,134.5,79.5,,,,,,,,,,493.0,0.0,0.0,194.0,,357.5,66.0,,,,,293.0
2017-06-10,716.5,0.0,14.0,0.0,0.0,0.0,6.5,,554.5,15.5,4.5,901.5,,0.0,0.0,0.0,0.0,0.0,0.0,,,488.0,,,,,0.0,,546.0,100.0,,0.0,,754.0,1.0,,157.5,,0.0,21.0
2017-06-11,605.0,408.5,646.0,34.5,301.5,146.5,93.0,,55.0,,765.0,320.5,,36.5,799.5,203.5,1123.5,85.5,75.5,,,,,,,,7.0,,534.0,167.0,,1889.5,,293.0,,,6.5,,466.5,36.5
2017-06-12,23.0,33.0,41.5,34.5,0.0,0.0,7.5,,36.0,14.5,121.5,0.0,75.5,0.0,33.0,,0.0,0.0,0.0,,,,,,0.0,0.0,20.5,,0.0,,,30.0,,27.0,,,60.5,,0.0,0.0
2017-06-13,25.5,463.0,371.5,138.0,322.0,32.5,49.0,,119.0,317.0,16.5,42.0,,,,,1001.0,1555.0,153.0,,,,,,,,89.5,,22.0,,,831.5,,35.0,,,218.5,,53.0,610.0
2017-06-14,,132.0,304.5,142.5,254.5,122.5,138.5,,50.0,325.5,1051.5,150.0,41.0,631.0,333.0,,181.0,168.0,134.5,,,1639.0,,456.0,,0.0,,,153.5,12.0,,633.0,,185.5,86.5,,24.5,,1273.0,391.0
2017-06-15,,0.0,0.0,0.0,0.0,0.0,27.0,,0.0,53.0,0.0,0.0,0.0,21.0,0.0,0.0,0.0,0.0,0.0,,,0.0,,0.0,,0.0,,,0.0,0.0,0.0,24.0,,34.0,0.0,,0.5,,0.0,19.5
2017-06-16,,0.0,0.0,0.0,0.0,0.0,0.0,,591.0,,0.0,0.0,36.0,0.0,0.0,64.0,0.0,0.0,0.0,,,0.0,,0.0,,0.0,0.0,,0.0,0.0,0.0,0.0,,0.0,0.0,,0.0,,0.0,0.0
2017-06-17,,163.0,289.5,8.5,21.0,642.5,899.0,,163.5,149.5,207.5,,,216.0,0.0,66.5,66.5,0.0,111.5,,,132.5,,,,0.0,377.0,,27.5,496.0,22.0,0.0,,62.5,20.5,,209.0,,220.0,755.5
2017-06-18,,2511.0,1534.0,2107.0,3748.5,4040.0,5754.5,,2558.5,1262.5,1069.0,,5510.0,6229.5,2689.5,608.0,795.0,1800.5,5485.0,,,1174.0,,,,0.0,4090.0,,,6790.0,1350.0,1923.5,,593.5,1152.0,,1816.5,,2292.0,422.5
2017-06-19,,32.0,73.0,401.5,1837.5,75.0,185.5,,17.5,13.5,1066.0,46.0,41.5,0.0,12.0,637.0,84.0,153.5,,,,64.0,,74.0,,0.0,39.5,,40.5,20.0,318.0,213.0,,39.0,659.0,,44.5,,2056.5,146.0
2017-06-20,,322.0,323.0,197.0,161.5,40.0,120.5,,325.0,73.5,95.0,39.5,63.0,158.0,355.0,161.5,228.0,197.0,160.5,,,270.0,,64.5,,0.0,97.5,,,67.0,146.0,227.5,,105.5,68.5,,392.0,,119.5,133.5
2017-06-21,,0.0,0.0,2.5,0.0,0.0,0.0,,0.0,1.0,,0.0,,0.0,0.0,0.0,0.0,0.0,,,,18.0,,,,,,,,0.0,,18.0,,0.0,0.0,,0.0,,0.0,0.0
2017-06-22,,58.5,66.0,108.5,100.0,29.5,,,0.5,,,10.0,,,204.0,,,,,,,,,,,,,,,,,,,,,,,,,
2017-06-23,,166.5,169.0,,,,,,,,,,,,188.0,,,,,,,,,,,,,,,,,,,,,,,,,
2017-06-24,,,,,,,,,,,,,,,,,,,,,,,,,,,,,,,,,,,,,,,,
2017-06-25,,,,,,,,,,,,,,,,,,,,,,,,,,,,,,,,,,,,,,,,
2017-06-26,,0.0,0.0,,,261.0,,,,,,,,,0.0,167.5,21.5,0.0,,,,,,,,,,,,,,,,,,,,,,
2017-06-27,,782.0,206.0,,,43.0,,,,,,,,,0.0,176.0,990.5,233.0,,,,,,,,,,,,,,,,,,,,,,
2017-06-28,,0.0,26.5,139.0,,85.0,,,,,,0.0,,66.5,,,128.0,268.0,,,,,,,,,,,,,,,,,,,,,,
2017-06-29,472.0,23.5,11.5,173.0,451.0,14.5,55.5,,22.5,,,,,,273.0,,,,,,,,,,,,,,,,,,,,,,,,,
2017-06-30,84.0,349.5,165.0,0.0,50.0,57.5,116.0,,,,807.0,,,,73.0,,,,,,,,,,,,,,,,,,,,,,,,,
2017-07-01,67.0,19.0,22.0,33.0,67.0,32.0,7.0,,0.0,,,,,20.5,17.0,,,,,,,,,,,,,,,,,,,,,,,,,
2017-07-02,0.0,0.0,0.0,68.5,,,,,,,,,,,,,,,,,,,,,,,,,,,,,,,,,,,,
2017-07-03,12.5,0.0,0.0,,,,,,,,,,,,0.0,,,,,,,,,,,,,,,,,,,,,,,,,
2017-07-04,235.0,0.0,0.0,,,,,,,,,,,,0.0,,,,,,,,,,,,,,,,,,,,,,,,,
2017-07-05,91.5,267.0,689.5,,,,,,,,,,,,356.5,,,,,,,,,,,,,,,,,,,,,,,,,
2017-07-06,1137.5,3893.5,3523.0,1962.5,,,,,,,,,,,,,,,,,,,,,,,,,,,,,,,,,,,,
2017-07-07,0.0,0.0,0.0,28.0,,,,,,,,,,,0.0,,,,,,,,,,,,,,,,,,,,,,,,,
2017-07-08,13.5,,,,,,,,,,,,,,,,,,,,,,,,,,,,,,,,,,,,,,,
2017-07-09,44.0,14.0,29.0,,,,,,,,,,,,,,,,,,,,,,,,,,,,,,,,,,,,,
2017-07-10,95.0,,,,,,,,,,,,,,,,,,,,,,,,,,,,,,,,,,,,,,,
2017-07-11,115.0,,,,,,,,,,,,,,,,,,,,,,,,,,,,,,,,,,,,,,,
2017-07-12,81.0,597.0,259.0,,,,,,,,,,,,,,,,,,,,,,,,,,,,,,,,,,,,,
2017-07-13,3060.5,239.0,444.0,35.5,34.5,0.0,,,0.0,,,,,,,,,,,,,,,,,,,,,,,,,,,,,,,
2017-07-14,,,,,,,,,,,,,,,,,,,,,,,,,,,,,,,,,,,,,,,,
2017-07-15,665.0,1660.5,1486.0,,,,,,,551.5,658.0,,,,1542.0,,,,,,,,,,,,,,,,,,,,,,,,,
2017-07-16,1742.5,247.5,273.5,128.5,,116.0,,,305.0,,,190.5,,149.0,380.5,,206.5,252.0,,,,,,,,,,,,,,,,,,,,,,
2017-07-17,66.5,42.0,91.5,43.0,36.0,0.0,,,,,,,,,,,,,,,,,,,,,,,,,,,,,,,,,,
2017-07-18,0.0,109.5,,,,,,,,,,,,,,,,,,,,,,,,,,,,,,,,,,,,,,
2017-07-19,140.5,0.0,0.0,,,,,,,,,,,,,,,,,,,,,,,,,,,,,,,,,,,,,
2017-07-20,,,,,,,,,,,,,,,,,,,,,,,,,,,,,,,,,,,,,,,,
2017-07-21,,,,,,,,,,,,,,,,,,,,,,,,,,,,,,,,,,,,,,,,
2017-07-22,,,,,,,,,,,,,,,,,,,,,,,,,,,,,,,,,,,,,,,,
2017-07-23,,,,,,,,,,,,,,,,,,,,,,,,,,,,,,,,,,,,,,,,
2017-07-24,,,,,,,,,,,,,,,,,,,,,,,,,,,,,,,,,,,,,,,,
2017-07-25,,,,,,,,,,,,,,,,,,,,,,,,,,,,,,,,,,,,,,,,
2017-07-26,,,,,,,,,,,,,,,,,,,,,,,,,,,,,,,,,,,,,,,,
2017-07-27,,,,,,,,,,,,,,,,,,,,,,,,,,,,,,,,,,,,,,,,
2017-07-28,,,,,,,,,,,,,,,,,,,,,,,,,,,,,,,,,,,,,,,,
2017-07-29,,,,,,,,,,,,,,,,,,,,,,,,,,,,,,,,,,,,,,,,
2017-07-30,,,,,,,,,,,,,,,,,,,,,,,,,,,,,,,,,,,,,,,,
2017-07-31,,,,,,,,,,,,,,,,,,,,,,,,,,,,,,,,,,,,,,,,
2017-08-01,,,,,,,,,,,,,,,,,,,,,,,,,,,,,,,,,,,,,,,,
2017-08-02,,,,,,,,,,,,,,,,,,,,,,,,,,,,,,,,,,,,,,,,
2017-08-03,,,,,,,,,,,,,,,,,,,,,,,,,,,,,,,,,,,,,,,,
2017-08-04,,,,,,,,,,,,,,,,,,,,,,,,,,,,,,,,,,,,,,,,
2017-08-05,,,,,,,,,,,,,,,,,,,,,,,,,,,,,,,,,,,,,,,,
2017-08-06,,,,,,,,,,,,,,,,,,,,,,,,,,,,,,,,,,,,,,,,
2017-08-07,,,,,,,,,,,,,,,,,,,,,,,,,,,,,,,,,,,,,,,,
2017-08-08,,,,,,,,,,,,,,,,,,,,,,,,,,,,,,,,,,,,,,,,
2017-08-09,,,,,,,,,,,,,,,,,,,,,,,,,,,,,,,,,,,,,,,,
2017-08-10,,,,,,,,,,,,,,,,,,,,,,,,,,,,,,,,,,,,,,,,
2017-08-11,,,,,,,,,,,,,,,,,,,,,,,,,,,,,,,,,,,,,,,,
2017-08-12,,,,,,,,,,,,,,,,,,,,,,,,,,,,,,,,,,,,,,,,
2017-08-13,142.0,55.0,56.0,69.5,,28.5,,,27.0,,,,,,27.5,,28.5,0.0,,,,,,,,,,,28.5,,,,,,,,,,,
2017-08-14,,,,,,,,,,,,,,,,,,,,,,,,,,,,,,,,,,,,,,,,
2017-08-15,,,,,,,,,,,,,,,,,,,,,,,,,,,,,,,,,,,,,,,,
2017-08-16,,,,,,,,,,,,,,,,,,,,,,,,,,,,,,,,,,,,,,,,
2017-08-17,36.5,22.0,36.0,32.5,,0.0,,,,,,,,,,,,,,,,,,,,,,,,,,,,,,,,,,
2017-08-18,11.5,0.0,0.0,0.5,0.0,0.0,0.0,,,,,,,,,,,,0.0,,,0.0,-739920.5,0.0,0.0,0.0,,,0.0,,,,,,,,,,,0.0
2017-08-19,987.5,358.5,819.5,626.5,,29.5,0.0,,,36.5,,,,,,,,,1006.5,,,767.0,-9281.0,1235.0,0.0,11.0,,,755.5,,,0.0,,,,,,,,1037.0
2017-08-20,117.5,0.0,31.5,70.5,422.0,391.0,,,,,,,,,0.0,,32.5,59.0,4.0,,,,27.5,0.0,0.0,21.0,,,57.0,0.0,327.0,0.0,,,,,0.0,,,315.0
2017-08-21,2.5,0.0,0.0,2.0,,,,,,,,,,,,,,,,,,,,,,,,,,,,,,,,,,,,
2017-08-22,79.0,,,,,,,,,,,,,,,,,,,,,,,,,,,,,,,,,,,,,,,
2017-08-23,0.0,,,,,,,,,,,,,,,,,,,,,,,,,,,,,,,,,,,,,,,
2017-08-24,,,,,,,,,,,,,,,,,,,,,,,,,,,,,,,,,,,,,,,,
2017-08-25,,,,,,,,,,,,,,,,,,,,,,,,,,,,,,,,,,,,,,,,
2017-08-26,,,,,,,,,,,,,,,,,,,,,,,,,,,,,,,,,,,,,,,,
2017-08-27,,,,,,,,,,,,,,,,,,,,,,,,,,,,,,,,,,,,,,,,
2017-08-28,297.5,,,,,,,,,,,,,,,,,,,,,,,,,,,,,,,,,,,,,,,
2017-08-29,2015.5,,,,,,,,,,,,,,,,,,,,,,,,,,,,,,,,,,,,,,,
2017-08-30,145.5,,,,,,,,,,,,,,,,,,,,,,,,,,,,,,,,,,,,,,,
2017-08-31,0.0,,,,,,,,,,,,,,,,,,,,,,,,,,,,,,,,,,,,,,,
2017-09-01,33.0,,,,,,,,,,,,,,0.0,,,,,,,,,,,,,,,,,,,,,,,,,
2017-09-02,,0.0,0.0,,,,,,,,,,,,,,,,,,,,,,,,,,,,,,,,,,,,,
2017-09-03,,,,,,,,,,,,,,,,,,,,,,,,,,,,,,,,,,,,,,,,
2017-09-04,735.5,,,,,,,,,,,,,,,,,,,,,,,,,,,,,,,,,,,,,,,
2017-09-05,514.0,,,,,,,,,,,,,,,,,,,,,,,,,,,,,,,,,,,,,,,
2017-09-06,187.0,,,,,,,,,,,,,,,,,,,,,,,,,,,,,,,,,,,,,,,
2017-09-07,115.5,,,,,,,,,,,,,,,,,,,,,,,,,,,,,,,,,,,,,,,
2017-09-08,634.5,,,,,,,,,,,,,,,,,,,,,,,,,,,,,,,,,,,,,,,
2017-09-09,172.5,,,,,,,,,,,,,,,,,,,,,,,,,,,,,,,,,,,,,,,
2017-09-10,2107.5,1513.0,929.0,98.5,316.5,960.0,850.5,,1467.5,,1305.0,,,,,511.5,,,406.5,,,1343.5,829.0,389.0,,353.5,,,,,,,,,,,,,,
2017-09-11,,,,,,,,,,,,,,,,,,,,,,,,,,,,,,,,,,,,,,,,
2017-09-12,,,,,,,,,,,,,,,,,,,,,,,,,,,,,,,,,,,,,,,,
2017-09-13,,,,,,,,,,,,,,,,,,,,,,,,,,,,,,,,,,,,,,,,
2017-09-14,,,,,,,,,,,,,,,,,,,,,,,,,,,,,,,,,,,,,,,,
2017-09-15,,,,,,,,,,,,,,,,,,,,,,,,,,,,,,,,,,,,,,,,
2017-09-16,,,,,,,,,,,,,,,,,,,,,,,,,,,,,,,,,,,,,,,,
2017-09-17,,,,,,,,,,,,,,,,,,,,,,,,,,,,,,,,,,,,,,,,
2017-09-18,,,,,,,,,,,,,,,,,,,,,,,,,,,,,,,,,,,,,,,,
2017-09-19,,,,,,,,,,,,,,,,,,,,,,,,,,,,,,,,,,,,,,,,
2017-09-20,,,,,,,,,,,,,,,,,,,,,,,,,,,,,,,,,,,,,,,,
2017-09-21,,,,,,,,,,,,,,,,,,,,,,,,,,,,,,,,,,,,,,,,
2017-09-22,,,,,,,,,,,,,,,,,,,,,,,,,,,,,,,,,,,,,,,,
2017-09-23,,,,,,,,,,,,,,,,,,,,,,,,,,,,,,,,,,,,,,,,
2017-09-24,,,,,,,,,,,,,,,,,,,,,,,,,,,,,,,,,,,,,,,,
2017-09-25,,,,,,,,,,,,,,,,,,,,,,,,,,,,,,,,,,,,,,,,
2017-09-26,,,,,,,,,,,,,,,,,,,,,,,,,,,,,,,,,,,,,,,,
2017-09-27,,,,,,,,,,,,,,,,,,,,,,,,,,,,,,,,,,,,,,,,
2017-09-28,,,,,,,,,,,,,,,,,,,,,,,,,,,,,,,,,,,,,,,,
2017-09-29,,,,,,,,,,,,,,,,,,,,,,,,,,,,,,,,,,,,,,,,
2017-09-30,,,,,,,,,,,,,,,,,,,,,,,,,,,,,,,,,,,,,,,,
2017-10-01,,,,,,,,,,,,,,,,,,,,,,,,,,,,,,,,,,,,,,,,
2017-10-02,,,,,,,,,,,,,,,,,,,,,,,,,,,,,,,,,,,,,,,,
2017-10-03,,,,,,,,,,,,,,,,,,,,,,,,,,,,,,,,,,,,,,,,
2017-10-04,,,,,,,,,,,,,,,,,,,,,,,,,,,,,,,,,,,,,,,,
2017-10-05,,,,,,,,,,,,,,,,,,,,,,,,,,,,,,,,,,,,,,,,
2017-10-06,,,,,,,,,,,,,,,,,,,,,,,,,,,,,,,,,,,,,,,,
2017-10-07,,,,,,,,,,,,,,,,,,,,,,,,,,,,,,,,,,,,,,,,
2017-10-08,,,,,,,,,,,,,,,,,,,,,,,,,,,,,,,,,,,,,,,,
2017-10-09,,,,,,,,,,,,,,,,,,,,,,,,,,,,,,,,,,,,,,,,
2017-10-10,,,,,,,,,,,,,,,,,,,,,,,,,,,,,,,,,,,,,,,,
2017-10-11,,,,,,,,,,,,,,,,,,,,,,,,,,,,,,,,,,,,,,,,
2017-10-12,,,,,,,,,,,,,,,,,,,,,,,,,,,,,,,,,,,,,,,,
2017-10-13,,,,,,,,,,,,,,,,,,,,,,,,,,,,,,,,,,,,,,,,
2017-10-14,,,,,,,,,,,,,,,,,,,,,,,,,,,,,,,,,,,,,,,,
2017-10-15,,,,,,,,,,,,,,,,,,,,,,,,,,,,,,,,,,,,,,,,
2017-10-16,,,,,,,,,,,,,,,,,,,,,,,,,,,,,,,,,,,,,,,,
2017-10-17,,,,,,,,,,,,,,,,,,,,,,,,,,,,,,,,,,,,,,,,
2017-10-18,,,,,,,,,,,,,,,,,,,,,,,,,,,,,,,,,,,,,,,,
2017-10-19,,,,,,,,,,,,,,,,,,,,,,,,,,,,,,,,,,,,,,,,
2017-10-20,,,,,,,,,,,,,,,,,,,,,,,,,,,,,,,,,,,,,,,,
2017-10-21,,,,,,,,,,,,,,,,,,,,,,,,,,,,,,,,,,,,,,,,
2017-10-22,,,,,,,,,,,,,,,,,,,,,,,,,,,,,,,,,,,,,,,,
2017-10-23,,,,,,,,,,,,,,,,,,,,,,,,,,,,,,,,,,,,,,,,
2017-10-24,,,,,,,,,,,,,,,,,,,,,,,,,,,,,,,,,,,,,,,,
2017-10-25,,,,,,,,,,,,,,,,,,,,,,,,,,,,,,,,,,,,,,,,
2017-10-26,,,,,,,,,,,,,,,,,,,,,,,,,,,,,,,,,,,,,,,,
2017-10-27,,,,,,,,,,,,,,,,,,,,,,,,,,,,,,,,,,,,,,,,
2017-10-28,,,,,,,,,,,,,,,,,,,,,,,,,,,,,,,,,,,,,,,,
2017-10-29,,,,,,,,,,,,,,,,,,,,,,,,,,,,,,,,,,,,,,,,
2017-10-30,,,,,,,,,,,,,,,,,,,,,,,,,,,,,,,,,,,,,,,,
2017-10-31,,,,,,,,,,,,,,,,,,,,,,,,,,,,,,,,,,,,,,,,
2017-11-01,,,,,,,,,,,,,,,,,,,,,,,,,,,,,,,,,,,,,,,,
2017-11-02,,,,,,,,,,,,,,,,,,,,,,,,,,,,,,,,,,,,,,,,
2017-11-03,,,,,,,,,,,,,,,,,,,,,,,,,,,,,,,,,,,,,,,,
2017-11-04,,,,,,,,,,,,,,,,,,,,,,,,,,,,,,,,,,,,,,,,
2017-11-05,,,,,,,,,,,,,,,,,,,,,,,,,,,,,,,,,,,,,,,,
2017-11-06,,,,,,,,,,,,,,,,,,,,,,,,,,,,,,,,,,,,,,,,
2017-11-07,,,,,,,,,,,,,,,,,,,,,,,,,,,,,,,,,,,,,,,,
2017-11-08,,,,,,,,,,,,,,,,,,,,,,,,,,,,,,,,,,,,,,,,
2017-11-09,,,,,,,,,,,,,,,,,,,,,,,,,,,,,,,,,,,,,,,,
2017-11-10,,,,,,,,,,,,,,,,,,,,,,,,,,,,,,,,,,,,,,,,
2017-11-11,,,,,,,,,,,,,,,,,,,,,,,,,,,,,,,,,,,,,,,,
2017-11-12,,,,,,,,,,,,,,,,,,,,,,,,,,,,,,,,,,,,,,,,
2017-11-13,,,,,,,,,,,,,,,,,,,,,,,,,,,,,,,,,,,,,,,,
2017-11-14,,,,,,,,,,,,,,,,,,,,,,,,,,,,,,,,,,,,,,,,
2017-11-15,,,,,,,,,,,,,,,,,,,,,,,,,,,,,,,,,,,,,,,,
2017-11-16,,,,,,,,,,,,,,,,,,,,,,,,,,,,,,,,,,,,,,,,
2017-11-17,,,,,,,,,,,,,,,,,,,,,,,,,,,,,,,,,,,,,,,,
2017-11-18,,,,,,,,,,,,,,,,,,,,,,,,,,,,,,,,,,,,,,,,
2017-11-19,,,,,,,,,,,,,,,,,,,,,,,,,,,,,,,,,,,,,,,,
2017-11-20,,,,,,,,,,,,,,,,,,,,,,,,,,,,,,,,,,,,,,,,
2017-11-21,,,,,,,,,,,,,,,,,,,,,,,,,,,,,,,,,,,,,,,,
2017-11-22,,,,,,,,,,,,,,,,,,,,,,,,,,,,,,,,,,,,,,,,
2017-11-23,,,,,,,,,,,,,,,,,,,,,,,,,,,,,,,,,,,,,,,,
2017-11-24,,,,,,,,,,,,,,,,,,,,,,,,,,,,,,,,,,,,,,,,
2017-11-25,,,,,,,,,,,,,,,,,,,,,,,,,,,,,,,,,,,,,,,,
2017-11-26,,,,,,,,,,,,,,,,,,,,,,,,,,,,,,,,,,,,,,,,
2017-11-27,,,,,,,,,,,,,,,,,,,,,,,,,,,,,,,,,,,,,,,,
2017-11-28,,,,,,,,,,,,,,,,,,,,,,,,,,,,,,,,,,,,,,,,
2017-11-29,,,,,,,,,,,,,,,,,,,,,,,,,,,,,,,,,,,,,,,,
2017-11-30,,,,,,,,,,,,,,,,,,,,,,,,,,,,,,,,,,,,,,,,
2017-12-01,,,,,,,,,,,,,,,,,,,,,,,,,,,,,,,,,,,,,,,,
2017-12-02,,,,,,,,,,,,,,,,,,,,,,,,,,,,,,,,,,,,,,,,
2017-12-03,,,,,,,,,,,,,,,,,,,,,,,,,,,,,,,,,,,,,,,,
2017-12-04,,,,,,,,,,,,,,,,,,,,,,,,,,,,,,,,,,,,,,,,
2017-12-05,,,,,,,,,,,,,,,,,,,,,,,,,,,,,,,,,,,,,,,,
2017-12-06,,,,,,,,,,,,,,,,,,,,,,,,,,,,,,,,,,,,,,,,
2017-12-07,,,,,,,,,,,,,,,,,,,,,,,,,,,,,,,,,,,,,,,,
2017-12-08,,,,,,,,,,,,,,,,,,,,,,,,,,,,,,,,,,,,,,,,
2017-12-09,,,,,,,,,,,,,,,,,,,,,,,,,,,,,,,,,,,,,,,,
2017-12-10,,,,,,,,,,,,,,,,,,,,,,,,,,,,,,,,,,,,,,,,
2017-12-11,,,,,,,,,,,,,,,,,,,,,,,,,,,,,,,,,,,,,,,,
2017-12-12,,,,,,,,,,,,,,,,,,,,,,,,,,,,,,,,,,,,,,,,
2017-12-13,,,,,,,,,,,,,,,,,,,,,,,,,,,,,,,,,,,,,,,,
2017-12-14,,,,,,,,,,,,,,,,,,,,,,,,,,,,,,,,,,,,,,,,
2017-12-15,,,,,,,,,,,,,,,,,,,,,,,,,,,,,,,,,,,,,,,,
2017-12-16,,,,,,,,,,,,,,,,,,,,,,,,,,,,,,,,,,,,,,,,
2017-12-17,,,,,,,,,,,,,,,,,,,,,,,,,,,,,,,,,,,,,,,,
2017-12-18,,,,,,,,,,,,,,,,,,,,,,,,,,,,,,,,,,,,,,,,
2017-12-19,,,,,,,,,,,,,,,,,,,,,,,,,,,,,,,,,,,,,,,,
2017-12-20,,,,,,,,,,,,,,,,,,,,,,,,,,,,,,,,,,,,,,,,
2017-12-21,,,,,,,,,,,,,,,,,,,,,,,,,,,,,,,,,,,,,,,,
2017-12-22,,,,,,,,,,,,,,,,,,,,,,,,,,,,,,,,,,,,,,,,
2017-12-23,,,,,,,,,,,,,,,,,,,,,,,,,,,,,,,,,,,,,,,,
2017-12-24,,,,,,,,,,,,,,,,,,,,,,,,,,,,,,,,,,,,,,,,
2017-12-25,,,,,,,,,,,,,,,,,,,,,,,,,,,,,,,,,,,,,,,,
2017-12-26,,,,,,,,,,,,,,,,,,,,,,,,,,,,,,,,,,,,,,,,
2017-12-27,,,,,,,,,,,,,,,,,,,,,,,,,,,,,,,,,,,,,,,,
2017-12-28,,,,,,,,,,,,,,,,,,,,,,,,,,,,,,,,,,,,,,,,
2017-12-29,,,,,,,,,,,,,,,,,,,,,,,,,,,,,,,,,,,,,,,,
2017-12-30,,,,,,,,,,,,,,,,,,,,,,,,,,,,,,,,,,,,,,,,
2017-12-31,,,,,,,,,,,,,,,,,,,,,,,,,,,,,,,,,,,,,,,,
2018-01-01,,,,,,,,,,,,,,,,,,,,,,,,,,,,,,,,,,,,,,,,
2018-01-02,,,,,,,,,,,,,,,,,,,,,,,,,,,,,,,,,,,,,,,,
2018-01-03,,,,,,,,,,,,,,,,,,,,,,,,,,,,,,,,,,,,,,,,
2018-01-04,,,,,,,,,,,,,,,,,,,,,,,,,,,,,,,,,,,,,,,,
2018-01-05,,,,,,,,,,,,,,,,,,,,,,,,,,,,,,,,,,,,,,,,
2018-01-06,,,,,,,,,,,,,,,,,,,,,,,,,,,,,,,,,,,,,,,,
2018-01-07,,,,,,,,,,,,,,,,,,,,,,,,,,,,,,,,,,,,,,,,
2018-01-08,,,,,,,,,,,,,,,,,,,,,,,,,,,,,,,,,,,,,,,,
2018-01-09,,,,,,,,,,,,,,,,,,,,,,,,,,,,,,,,,,,,,,,,
2018-01-10,,,,,,,,,,,,,,,,,,,,,,,,,,,,,,,,,,,,,,,,
2018-01-11,,,,,,,,,,,,,,,,,,,,,,,,,,,,,,,,,,,,,,,,
2018-01-12,,,,,,,,,,,,,,,,,,,,,,,,,,,,,,,,,,,,,,,,
2018-01-13,,,,,,,,,,,,,,,,,,,,,,,,,,,,,,,,,,,,,,,,
2018-01-14,,,,,,,,,,,,,,,,,,,,,,,,,,,,,,,,,,,,,,,,
2018-01-15,,,,,,,,,,,,,,,,,,,,,,,,,,,,,,,,,,,,,,,,
2018-01-16,,,,,,,,,,,,,,,,,,,,,,,,,,,,,,,,,,,,,,,,
2018-01-17,,,,,,,,,,,,,,,,,,,,,,,,,,,,,,,,,,,,,,,,
2018-01-18,,,,,,,,,,,,,,,,,,,,,,,,,,,,,,,,,,,,,,,,
2018-01-19,,,,,,,,,,,,,,,,,,,,,,,,,,,,,,,,,,,,,,,,
2018-01-20,,,,,,,,,,,,,,,,,,,,,,,,,,,,,,,,,,,,,,,,
2018-01-21,,,,,,,,,,,,,,,,,,,,,,,,,,,,,,,,,,,,,,,,
2018-01-22,,,,,,,,,,,,,,,,,,,,,,,,,,,,,,,,,,,,,,,,
2018-01-23,,,,,,,,,,,,,,,,,,,,,,,,,,,,,,,,,,,,,,,,
2018-01-24,,,,,,,,,,,,,,,,,,,,,,,,,,,,,,,,,,,,,,,,
2018-01-25,,,,,,,,,,,,,,,,,,,,,,,,,,,,,,,,,,,,,,,,
2018-01-26,,,,,,,,,,,,,,,,,,,,,,,,,,,,,,,,,,,,,,,,
2018-01-27,,,,,,,,,,,,,,,,,,,,,,,,,,,,,,,,,,,,,,,,
2018-01-28,,,,,,,,,,,,,,,,,,,,,,,,,,,,,,,,,,,,,,,,
2018-01-29,,,,,,,,,,,,,,,,,,,,,,,,,,,,,,,,,,,,,,,,
2018-01-30,,,,,,,,,,,,,,,,,,,,,,,,,,,,,,,,,,,,,,,,
2018-01-31,,,,,,,,,,,,,,,,,,,,,,,,,,,,,,,,,,,,,,,,
2018-02-01,,,,,,,,,,,,,,,,,,,,,,,,,,,,,,,,,,,,,,,,
2018-02-02,,,,,,,,,,,,,,,,,,,,,,,,,,,,,,,,,,,,,,,,
2018-02-03,,,,,,,,,,,,,,,,,,,,,,,,,,,,,,,,,,,,,,,,
2018-02-04,,,,,,,,,,,,,,,,,,,,,,,,,,,,,,,,,,,,,,,,
2018-02-05,,,,,,,,,,,,,,,,,,,,,,,,,,,,,,,,,,,,,,,,
2018-02-06,,,,,,,,,,,,,,,,,,,,,,,,,,,,,,,,,,,,,,,,
2018-02-07,,,,,,,,,,,,,,,,,,,,,,,,,,,,,,,,,,,,,,,,
2018-02-08,,,,,,,,,,,,,,,,,,,,,,,,,,,,,,,,,,,,,,,,
2018-02-09,,,,,,,,,,,,,,,,,,,,,,,,,,,,,,,,,,,,,,,,
2018-02-10,,,,,,,,,,,,,,,,,,,,,,,,,,,,,,,,,,,,,,,,
2018-02-11,,,,,,,,,,,,,,,,,,,,,,,,,,,,,,,,,,,,,,,,
2018-02-12,,,,,,,,,,,,,,,,,,,,,,,,,,,,,,,,,,,,,,,,
2018-02-13,,,,,,,,,,,,,,,,,,,,,,,,,,,,,,,,,,,,,,,,
2018-02-14,,,,,,,,,,,,,,,,,,,,,,,,,,,,,,,,,,,,,,,,
2018-02-15,,,,,,,,,,,,,,,,,,,,,,,,,,,,,,,,,,,,,,,,
2018-02-16,,,,,,,,,,,,,,,,,,,,,,,,,,,,,,,,,,,,,,,,
2018-02-17,,,,,,,,,,,,,,,,,,,,,,,,,,,,,,,,,,,,,,,,
2018-02-18,,,,,,,,,,,,,,,,,,,,,,,,,,,,,,,,,,,,,,,,
2018-02-19,,,,,,,,,,,,,,,,,,,,,,,,,,,,,,,,,,,,,,,,
2018-02-20,,,,,,,,,,,,,,,,,,,,,,,,,,,,,,,,,,,,,,,,
2018-02-21,,,,,,,,,,,,,,,,,,,,,,,,,,,,,,,,,,,,,,,,
2018-02-22,,,,,,,,,,,,,,,,,,,,,,,,,,,,,,,,,,,,,,,,
2018-02-23,,,,,,,,,,,,,,,,,,,,,,,,,,,,,,,,,,,,,,,,
2018-02-24,,,,,,,,,,,,,,,,,,,,,,,,,,,,,,,,,,,,,,,,
2018-02-25,,,,,,,,,,,,,,,,,,,,,,,,,,,,,,,,,,,,,,,,
2018-02-26,,,,,,,,,,,,,,,,,,,,,,,,,,,,,,,,,,,,,,,,
2018-02-27,,,,,,,,,,,,,,,,,,,,,,,,,,,,,,,,,,,,,,,,
2018-02-28,,,,,,,,,,,,,,,,,,,,,,,,,,,,,,,,,,,,,,,,
2018-03-01,,,,,,,,,,,,,,,,,,,,,,,,,,,,,,,,,,,,,,,,
2018-03-02,,,,,,,,,,,,,,,,,,,,,,,,,,,,,,,,,,,,,,,,
2018-03-03,,,,,,,,,,,,,,,,,,,,,,,,,,,,,,,,,,,,,,,,
2018-03-04,,,,,,,,,,,,,,,,,,,,,,,,,,,,,,,,,,,,,,,,
2018-03-05,,,,,,,,,,,,,,,,,,,,,,,,,,,,,,,,,,,,,,,,
2018-03-06,,,,,,,,,,,,,,,,,,,,,,,,,,,,,,,,,,,,,,,,
2018-03-07,,,,,,,,,,,,,,,,,,,,,,,,,,,,,,,,,,,,,,,,
2018-03-08,,,,,,,,,,,,,,,,,,,,,,,,,,,,,,,,,,,,,,,,
2018-03-09,,,,,,,,,,,,,,,,,,,,,,,,,,,,,,,,,,,,,,,,
2018-03-10,,,,,,,,,,,,,,,,,,,,,,,,,,,,,,,,,,,,,,,,
2018-03-11,,,,,,,,,,,,,,,,,,,,,,,,,,,,,,,,,,,,,,,,
2018-03-12,,,,,,,,,,,,,,,,,,,,,,,,,,,,,,,,,,,,,,,,
2018-03-13,,,,,,,,,,,,,,,,,,,,,,,,,,,,,,,,,,,,,,,,
2018-03-14,,,,,,,,,,,,,,,,,,,,,,,,,,,,,,,,,,,,,,,,
2018-03-15,,,,,,,,,,,,,,,,,,,,,,,,,,,,,,,,,,,,,,,,
2018-03-16,,,,,,,,,,,,,,,,,,,,,,,,,,,,,,,,,,,,,,,,
2018-03-17,,,,,,,,,,,,,,,,,,,,,,,,,,,,,,,,,,,,,,,,
2018-03-18,,,,,,,,,,,,,,,,,,,,,,,,,,,,,,,,,,,,,,,,
2018-03-19,,,,,,,,,,,,,,,,,,,,,,,,,,,,,,,,,,,,,,,,
2018-03-20,,,,,,,,,,,,,,,,,,,,,,,,,,,,,,,,,,,,,,,,
2018-03-21,,,,,,,,,,,,,,,,,,,,,,,,,,,,,,,,,,,,,,,,
2018-03-22,,,,,,,,,,,,,,,,,,,,,,,,,,,,,,,,,,,,,,,,
2018-03-23,,,,,,,,,,,,,,,,,,,,,,,,,,,,,,,,,,,,,,,,
2018-03-24,,,,,,,,,,,,,,,,,,,,,,,,,,,,,,,,,,,,,,,,
2018-03-25,,,,,,,,,,,,,,,,,,,,,,,,,,,,,,,,,,,,,,,,
2018-03-26,,,,,,,,,,,,,,,,,,,,,,,,,,,,,,,,,,,,,,,,
2018-03-27,,,,,,,,,,,,,,,,,,,,,,,,,,,,,,,,,,,,,,,,
2018-03-28,,,,,,,,,,,,,,,,,,,,,,,,,,,,,,,,,,,,,,,,
2018-03-29,,,,,,,,,,,,,,,,,,,,,,,,,,,,,,,,,,,,,,,,
2018-03-30,,,,,,,,,,,,,,,,,,,,,,,,,,,,,,,,,,,,,,,,
2018-03-31,,,,,,,,,,,,,,,,,,,,,,,,,,,,,,,,,,,,,,,,
2018-04-01,,,,,,,,,,,,,,,,,,,,,,,,,,,,,,,,,,,,,,,,
2018-04-02,,,,,,,,,,,,,,,,,,,,,,,,,,,,,,,,,,,,,,,,
2018-04-03,,,,,,,,,,,,,,,,,,,,,,,,,,,,,,,,,,,,,,,,
2018-04-04,,,,,,,,,,,,,,,,,,,,,,,,,,,,,,,,,,,,,,,,
2018-04-05,,,,,,,,,,,,,,,,,,,,,,,,,,,,,,,,,,,,,,,,
2018-04-06,,,,,,,,,,,,,,,,,,,,,,,,,,,,,,,,,,,,,,,,
2018-04-07,,,,,,,,,,,,,,,,,,,,,,,,,,,,,,,,,,,,,,,,
2018-04-08,,,,,,,,,,,,,,,,,,,,,,,,,,,,,,,,,,,,,,,,
2018-04-09,,,,,,,,,,,,,,,,,,,,,,,,,,,,,,,,,,,,,,,,
2018-04-10,,,,,,,,,,,,,,,,,,,,,,,,,,,,,,,,,,,,,,,,
2018-04-11,,,,,,,,,,,,,,,,,,,,,,,,,,,,,,,,,,,,,,,,
2018-04-12,,,,,,,,,,,,,,,,,,,,,,,,,,,,,,,,,,,,,,,,
2018-04-13,,,,,,,,,,,,,,,,,,,,,,,,,,,,,,,,,,,,,,,,
2018-04-14,,,,,,,,,,,,,,,,,,,,,,,,,,,,,,,,,,,,,,,,
2018-04-15,,,,,,,,,,,,,,,,,,,,,,,,,,,,,,,,,,,,,,,,
2018-04-16,,,,,,,,,,,,,,,,,,,,,,,,,,,,,,,,,,,,,,,,
2018-04-17,,,,,,,,,,,,,,,,,,,,,,,,,,,,,,,,,,,,,,,,
2018-04-18,,,,,,,,,,,,,,,,,,,,,,,,,,,,,,,,,,,,,,,,
2018-04-19,,,,,,,,,,,,,,,,,,,,,,,,,,,,,,,,,,,,,,,,
2018-04-20,,,,,,,,,,,,,,,,,,,,,,,,,,,,,,,,,,,,,,,,
2018-04-21,,,,,,,,,,,,,,,,,,,,,,,,,,,,,,,,,,,,,,,,
2018-04-22,,,,,,,,,,,,,,,,,,,,,,,,,,,,,,,,,,,,,,,,
2018-04-23,,,,,,,,,,,,,,,,,,,,,,,,,,,,,,,,,,,,,,,,
2018-04-24,,,,,,,,,,,,,,,,,,,,,,,,,,,,,,,,,,,,,,,,
2018-04-25,,,,,,,,,,,,,,,,,,,,,,,,,,,,,,,,,,,,,,,,
2018-04-26,,,,,,,,,,,,,,,,,,,,,,,,,,,,,,,,,,,,,,,,
2018-04-27,,,,,,,,,,,,,,,,,,,,,,,,,,,,,,,,,,,,,,,,
2018-04-28,,,,,,,,,,,,,,,,,,,,,,,,,,,,,,,,,,,,,,,,
2018-04-29,,,,,,,,,,,,,,,,,,,,,,,,,,,,,,,,,,,,,,,,
2018-04-30,,,,,,,,,,,,,,,,,,,,,,,,,,,,,,,,,,,,,,,,
2018-05-01,,,,,,,,,,,,,,,,,,,,,,,,,,,,,,,,,,,,,,,,
2018-05-02,,,,,,,,,,,,,,,,,,,,,,,,,,,,,,,,,,,,,,,,
2018-05-03,,,,,,,,,,,,,,,,,,,,,,,,,,,,,,,,,,,,,,,,
2018-05-04,,,,,,,,,,,,,,,,,,,,,,,,,,,,,,,,,,,,,,,,
2018-05-05,,,,,,,,,,,,,,,,,,,,,,,,,,,,,,,,,,,,,,,,
2018-05-06,,,,,,,,,,,,,,,,,,,,,,,,,,,,,,,,,,,,,,,,
2018-05-07,,,,,,,,,,,,,,,,,,,,,,,,,,,,,,,,,,,,,,,,
2018-05-08,,,,,,,,,,,,,,,,,,,,,,,,,,,,,,,,,,,,,,,,
2018-05-09,,,,,,,,,,,,,,,,,,,,,,,,,,,,,,,,,,,,,,,,
2018-05-10,,,,,,,,,,,,,,,,,,,,,,,,,,,,,,,,,,,,,,,,
2018-05-11,,,,,,,,,,,,,,,,,,,,,,,,,,,,,,,,,,,,,,,,
2018-05-12,,,,,,,,,,,,,,,,,,,,,,,,,,,,,,,,,,,,,,,,
2018-05-13,,,,,,,,,,,,,,,,,,,,,,,,,,,,,,,,,,,,,,,,
2018-05-14,,,,,,,,,,,,,,,,,,,,,,,,,,,,,,,,,,,,,,,,
2018-05-15,,,,,,,,,,,,,,,,,,,,,,,,,,,,,,,,,,,,,,,,
2018-05-16,,,,,,,,,,,,,,,,,,,,,,,,,,,,,,,,,,,,,,,,
2018-05-17,,,,,,,,,,,,,,,,,,,,,,,,,,,,,,,,,,,,,,,,
2018-05-18,,,,,,,,,,,,,,,,,,,,,,,,,,,,,,,,,,,,,,,,
2018-05-19,,,,,,,,,,,,,,,,,,,,,,,,,,,,,,,,,,,,,,,,
2018-05-20,,,,,,,,,,,,,,,,,,,,,,,,,,,,,,,,,,,,,,,,
2018-05-21,,,,,,,,,,,,,,,,,,,,,,,,,,,,,,,,,,,,,,,,
2018-05-22,,,,,,,,,,,,,,,,,,,,,,,,,,,,,,,,,,,,,,,,
2018-05-23,,,,,,,,,,,,,,,,,,,,,,,,,,,,,,,,,,,,,,,,
2018-05-24,,,,,,,,,,,,,,,,,,,,,,,,,,,,,,,,,,,,,,,,
2018-05-25,,,,,,,,,,,,,,,,,,,,,,,,,,,,,,,,,,,,,,,,
2018-05-26,,,,,,,,,,,,,,,,,,,,,,,,,,,,,,,,,,,,,,,,
2018-05-27,,,,,,,,,,,,,,,,,,,,,,,,,,,,,,,,,,,,,,,,
2018-05-28,,,,,,,,,,,,,,,,,,,,,,,,,,,,,,,,,,,,,,,,
2018-05-29,,,,,,,,,,,,,,,,,,,,,,,,,,,,,,,,,,,,,,,,
2018-05-30,,,,,,,,,,,,,,,,,,,,,,,,,,,,,,,,,,,,,,,,
2018-05-31,,,,,,,,,,,,,,,,,,,,,,,,,,,,,,,,,,,,,,,,
2018-06-01,,,,,,,,,,,,,,,,,,,,,,,,,,,,,,,,,,,,,,,,
2018-06-02,,,,,,,,,,,,,,,,,,,,,,,,,,,,,,,,,,,,,,,,
2018-06-03,,,,,,,,,,,,,,,,,,,,,,,,,,,,,,,,,,,,,,,,
2018-06-04,,,,,,,,,,,,,,,,,,,,,,,,,,,,,,,,,,,,,,,,
2018-06-05,,,,,,,,,,,,,,,,,,,,,,,,,,,,,,,,,,,,,,,,
2018-06-06,,,,,,,,,,,,,,,,,,,,,,,,,,,,,,,,,,,,,,,,
2018-06-07,,,,,,,,,,,,,,,,,,,,,,,,,,,,,,,,,,,,,,,,
2018-06-08,,,,,,,,,,,,,,,,,,,,,,,,,,,,,,,,,,,,,,,,
2018-06-09,,,,,,,,,,,,,,,,,,,,,,,,,,,,,,,,,,,,,,,,
2018-06-10,,,,,,,,,,,,,,,,,,,,,,,,,,,,,,,,,,,,,,,,
2018-06-11,,,,,,,,,,,,,,,,,,,,,,,,,,,,,,,,,,,,,,,,
2018-06-12,,,,,,,,,,,,,,,,,,,,,,,,,,,,,,,,,,,,,,,,
2018-06-13,,,,,,,,,,,,,,,,,,,,,,,,,,,,,,,,,,,,,,,,
2018-06-14,,,,,,,,,,,,,,,,,,,,,,,,,,,,,,,,,,,,,,,,
2018-06-15,,,,,,,,,,,,,,,,,,,,,,,,,,,,,,,,,,,,,,,,
2018-06-16,,,,,,,,,,,,,,,,,,,,,,,,,,,,,,,,,,,,,,,,
2018-06-17,,,,,,,,,,,,,,,,,,,,,,,,,,,,,,,,,,,,,,,,
2018-06-18,,,,,,,,,,,,,,,,,,,,,,,,,,,,,,,,,,,,,,,,
2018-06-19,,,,,,,,,,,,,,,,,,,,,,,,,,,,,,,,,,,,,,,,
2018-06-20,,,,,,,,,,,,,,,,,,,,,,,,,,,,,,,,,,,,,,,,
2018-06-21,,,,,,,,,,,,,,,,,,,,,,,,,,,,,,,,,,,,,,,,
2018-06-22,,,,,,,,,,,,,,,,,,,,,,,,,,,,,,,,,,,,,,,,
2018-06-23,,,,,,,,,,,,,,,,,,,,,,,,,,,,,,,,,,,,,,,,
2018-06-24,,,,,,,,,,,,,,,,,,,,,,,,,,,,,,,,,,,,,,,,
2018-06-25,,,,,,,,,,,,,,,,,,,,,,,,,,,,,,,,,,,,,,,,
2018-06-26,,,,,,,,,,,,,,,,,,,,,,,,,,,,,,,,,,,,,,,,
2018-06-27,,,,,,,,,,,,,,,,,,,,,,,,,,,,,,,,,,,,,,,,
2018-06-28,,,,,,,,,,,,,,,,,,,,,,,,,,,,,,,,,,,,,,,,
2018-06-29,,,,,,,,,,,,,,,,,,,,,,,,,,,,,,,,,,,,,,,,
2018-06-30,,,,,,,,,,,,,,,,,,,,,,,,,,,,,,,,,,,,,,,,
2018-07-01,,,,,,,,,,,,,,,,,,,,,,,,,,,,,,,,,,,,,,,,
2018-07-02,,,,,,,,,,,,,,,,,,,,,,,,,,,,,,,,,,,,,,,,
2018-07-03,,,,,,,,,,,,,,,,,,,,,,,,,,,,,,,,,,,,,,,,
2018-07-04,,,,,,,,,,,,,,,,,,,,,,,,,,,,,,,,,,,,,,,,
2018-07-05,,,,,,,,,,,,,,,,,,,,,,,,,,,,,,,,,,,,,,,,
2018-07-06,,,,,,,,,,,,,,,,,,,,,,,,,,,,,,,,,,,,,,,,
2018-07-07,,,,,,,,,,,,,,,,,,,,,,,,,,,,,,,,,,,,,,,,
2018-07-08,,,,,,,,,,,,,,,,,,,,,,,,,,,,,,,,,,,,,,,,
2018-07-09,,,,,,,,,,,,,,,,,,,,,,,,,,,,,,,,,,,,,,,,
2018-07-10,,,,,,,,,,,,,,,,,,,,,,,,,,,,,,,,,,,,,,,,
2018-07-11,,,,,,,,,,,,,,,,,,,,,,,,,,,,,,,,,,,,,,,,
2018-07-12,,,,,,,,,,,,,,,,,,,,,,,,,,,,,,,,,,,,,,,,
2018-07-13,,,,,,,,,,,,,,,,,,,,,,,,,,,,,,,,,,,,,,,,
2018-07-14,,,,,,,,,,,,,,,,,,,,,,,,,,,,,,,,,,,,,,,,
2018-07-15,,,,,,,,,,,,,,,,,,,,,,,,,,,,,,,,,,,,,,,,
2018-07-16,,,,,,,,,,,,,,,,,,,,,,,,,,,,,,,,,,,,,,,,
2018-07-17,,,,,,,,,,,,,,,,,,,,,,,,,,,,,,,,,,,,,,,,
2018-07-18,,,,,,,,,,,,,,,,,,,,,,,,,,,,,,,,,,,,,,,,
2018-07-19,,,,,,,,,,,,,,,,,,,,,,,,,,,,,,,,,,,,,,,,
2018-07-20,,,,,,,,,,,,,,,,,,,,,,,,,,,,,,,,,,,,,,,,
2018-07-21,,,,,,,,,,,,,,,,,,,,,,,,,,,,,,,,,,,,,,,,
2018-07-22,,,,,,,,,,,,,,,,,,,,,,,,,,,,,,,,,,,,,,,,
2018-07-23,,,,,,,,,,,,,,,,,,,,,,,,,,,,,,,,,,,,,,,,
2018-07-24,,,,,,,,,,,,,,,,,,,,,,,,,,,,,,,,,,,,,,,,
2018-07-25,,,,,,,,,,,,,,,,,,,,,,,,,,,,,,,,,,,,,,,,
2018-07-26,,,,,,,,,,,,,,,,,,,,,,,,,,,,,,,,,,,,,,,,
2018-07-27,,,,,,,,,,,,,,,,,,,,,,,,,,,,,,,,,,,,,,,,
2018-07-28,,,,,,,,,,,,,,,,,,,,,,,,,,,,,,,,,,,,,,,,
2018-07-29,,,,,,,,,,,,,,,,,,,,,,,,,,,,,,,,,,,,,,,,
2018-07-30,,,,,,,,,,,,,,,,,,,,,,,,,,,,,,,,,,,,,,,,
2018-07-31,,,,,,,,,,,,,,,,,,,,,,,,,,,,,,,,,,,,,,,,
2018-08-01,,,,,,,,,,,,,,,,,,,,,,,,,,,,,,,,,,,,,,,,
2018-08-02,,,,,,,,,,,,,,,,,,,,,,,,,,,,,,,,,,,,,,,,
2018-08-03,,,,,,,,,,,,,,,,,,,,,,,,,,,,,,,,,,,,,,,,
2018-08-04,,,,,,,,,,,,,,,,,,,,,,,,,,,,,,,,,,,,,,,,
2018-08-05,,,,,,,,,,,,,,,,,,,,,,,,,,,,,,,,,,,,,,,,
2018-08-06,,,,,,,,,,,,,,,,,,,,,,,,,,,,,,,,,,,,,,,,
2018-08-07,,,,,,,,,,,,,,,,,,,,,,,,,,,,,,,,,,,,,,,,
2018-08-08,,,,,,,,,,,,,,,,,,,,,,,,,,,,,,,,,,,,,,,,
2018-08-09,,,,,,,,,,,,,,,,,,,,,,,,,,,,,,,,,,,,,,,,
2018-08-10,,,,,,,,,,,,,,,,,,,,,,,,,,,,,,,,,,,,,,,,
2018-08-11,,,,,,,,,,,,,,,,,,,,,,,,,,,,,,,,,,,,,,,,
2018-08-12,,,,,,,,,,,,,,,,,,,,,,,,,,,,,,,,,,,,,,,,
2018-08-13,,,,,,,,,,,,,,,,,,,,,,,,,,,,,,,,,,,,,,,,
2018-08-14,,,,,,,,,,,,,,,,,,,,,,,,,,,,,,,,,,,,,,,,
2018-08-15,,,,,,,,,,,,,,,,,,,,,,,,,,,,,,,,,,,,,,,,
2018-08-16,,,,,,,,,,,,,,,,,,,,,,,,,,,,,,,,,,,,,,,,
2018-08-17,,,,,,,,,,,,,,,,,,,,,,,,,,,,,,,,,,,,,,,,
2018-08-18,,,,,,,,,,,,,,,,,,,,,,,,,,,,,,,,,,,,,,,,
2018-08-19,,,,,,,,,,,,,,,,,,,,,,,,,,,,,,,,,,,,,,,,
2018-08-20,,,,,,,,,,,,,,,,,,,,,,,,,,,,,,,,,,,,,,,,
2018-08-21,,,,,,,,,,,,,,,,,,,,,,,,,,,,,,,,,,,,,,,,
2018-08-22,,,,,,,,,,,,,,,,,,,,,,,,,,,,,,,,,,,,,,,,
2018-08-23,,,,,,,,,,,,,,,,,,,,,,,,,,,,,,,,,,,,,,,,
2018-08-24,,,,,,,,,,,,,,,,,,,,,,,,,,,,,,,,,,,,,,,,
2018-08-25,,,,,,,,,,,,,,,,,,,,,,,,,,,,,,,,,,,,,,,,
2018-08-26,,,,,,,,,,,,,,,,,,,,,,,,,,,,,,,,,,,,,,,,
2018-08-27,,,,,,,,,,,,,,,,,,,,,,,,,,,,,,,,,,,,,,,,
2018-08-28,,,,,,,,,,,,,,,,,,,,,,,,,,,,,,,,,,,,,,,,
2018-08-29,,,,,,,,,,,,,,,,,,,,,,,,,,,,,,,,,,,,,,,,
2018-08-30,,,,,,,,,,,,,,,,,,,,,,,,,,,,,,,,,,,,,,,,
2018-08-31,,,,,,,,,,,,,,,,,,,,,,,,,,,,,,,,,,,,,,,,
2018-09-01,,,,,,,,,,,,,,,,,,,,,,,,,,,,,,,,,,,,,,,,
2018-09-02,,,,,,,,,,,,,,,,,,,,,,,,,,,,,,,,,,,,,,,,
2018-09-03,,,,,,,,,,,,,,,,,,,,,,,,,,,,,,,,,,,,,,,,
2018-09-04,,,,,,,,,,,,,,,,,,,,,,,,,,,,,,,,,,,,,,,,
2018-09-05,,,,,,,,,,,,,,,,,,,,,,,,,,,,,,,,,,,,,,,,
2018-09-06,,,,,,,,,,,,,,,,,,,,,,,,,,,,,,,,,,,,,,,,
2018-09-07,,,,,,,,,,,,,,,,,,,,,,,,,,,,,,,,,,,,,,,,
2018-09-08,,,,,,,,,,,,,,,,,,,,,,,,,,,,,,,,,,,,,,,,
2018-09-09,,,,,,,,,,,,,,,,,,,,,,,,,,,,,,,,,,,,,,,,
2018-09-10,,,,,,,,,,,,,,,,,,,,,,,,,,,,,,,,,,,,,,,,
2018-09-11,,,,,,,,,,,,,,,,,,,,,,,,,,,,,,,,,,,,,,,,
2018-09-12,,,,,,,,,,,,,,,,,,,,,,,,,,,,,,,,,,,,,,,,
2018-09-13,,,,,,,,,,,,,,,,,,,,,,,,,,,,,,,,,,,,,,,,
2018-09-14,,,,,,,,,,,,,,,,,,,,,,,,,,,,,,,,,,,,,,,,
2018-09-15,,,,,,,,,,,,,,,,,,,,,,,,,,,,,,,,,,,,,,,,
2018-09-16,,,,,,,,,,,,,,,,,,,,,,,,,,,,,,,,,,,,,,,,
2018-09-17,,,,,,,,,,,,,,,,,,,,,,,,,,,,,,,,,,,,,,,,
2018-09-18,,,,,,,,,,,,,,,,,,,,,,,,,,,,,,,,,,,,,,,,
2018-09-19,,,,,,,,,,,,,,,,,,,,,,,,,,,,,,,,,,,,,,,,
2018-09-20,,,,,,,,,,,,,,,,,,,,,,,,,,,,,,,,,,,,,,,,
2018-09-21,,,,,,,,,,,,,,,,,,,,,,,,,,,,,,,,,,,,,,,,
2018-09-22,,,,,,,,,,,,,,,,,,,,,,,,,,,,,,,,,,,,,,,,
2018-09-23,,,,,,,,,,,,,,,,,,,,,,,,,,,,,,,,,,,,,,,,
2018-09-24,,,,,,,,,,,,,,,,,,,,,,,,,,,,,,,,,,,,,,,,
2018-09-25,,,,,,,,,,,,,,,,,,,,,,,,,,,,,,,,,,,,,,,,
2018-09-26,,,,,,,,,,,,,,,,,,,,,,,,,,,,,,,,,,,,,,,,
2018-09-27,,,,,,,,,,,,,,,,,,,,,,,,,,,,,,,,,,,,,,,,
2018-09-28,,,,,,,,,,,,,,,,,,,,,,,,,,,,,,,,,,,,,,,,
2018-09-29,,,,,,,,,,,,,,,,,,,,,,,,,,,,,,,,,,,,,,,,
2018-09-30,,,,,,,,,,,,,,,,,,,,,,,,,,,,,,,,,,,,,,,,
2018-10-01,,,,,,,,,,,,,,,,,,,,,,,,,,,,,,,,,,,,,,,,
2018-10-02,,,,,,,,,,,,,,,,,,,,,,,,,,,,,,,,,,,,,,,,
2018-10-03,,,,,,,,,,,,,,,,,,,,,,,,,,,,,,,,,,,,,,,,
2018-10-04,,,,,,,,,,,,,,,,,,,,,,,,,,,,,,,,,,,,,,,,
2018-10-05,,,,,,,,,,,,,,,,,,,,,,,,,,,,,,,,,,,,,,,,
2018-10-06,,,,,,,,,,,,,,,,,,,,,,,,,,,,,,,,,,,,,,,,
2018-10-07,,,,,,,,,,,,,,,,,,,,,,,,,,,,,,,,,,,,,,,,
2018-10-08,,,,,,,,,,,,,,,,,,,,,,,,,,,,,,,,,,,,,,,,
2018-10-09,,,,,,,,,,,,,,,,,,,,,,,,,,,,,,,,,,,,,,,,
2018-10-10,,,,,,,,,,,,,,,,,,,,,,,,,,,,,,,,,,,,,,,,
2018-10-11,,,,,,,,,,,,,,,,,,,,,,,,,,,,,,,,,,,,,,,,
2018-10-12,,,,,,,,,,,,,,,,,,,,,,,,,,,,,,,,,,,,,,,,
2018-10-13,,,,,,,,,,,,,,,,,,,,,,,,,,,,,,,,,,,,,,,,
2018-10-14,,,,,,,,,,,,,,,,,,,,,,,,,,,,,,,,,,,,,,,,
2018-10-15,,,,,,,,,,,,,,,,,,,,,,,,,,,,,,,,,,,,,,,,
2018-10-16,,,,,,,,,,,,,,,,,,,,,,,,,,,,,,,,,,,,,,,,
2018-10-17,,,,,,,,,,,,,,,,,,,,,,,,,,,,,,,,,,,,,,,,
2018-10-18,,,,,,,,,,,,,,,,,,,,,,,,,,,,,,,,,,,,,,,,
2018-10-19,,,,,,,,,,,,,,,,,,,,,,,,,,,,,,,,,,,,,,,,
2018-10-20,,,,,,,,,,,,,,,,,,,,,,,,,,,,,,,,,,,,,,,,
2018-10-21,,,,,,,,,,,,,,,,,,,,,,,,,,,,,,,,,,,,,,,,
2018-10-22,,,,,,,,,,,,,,,,,,,,,,,,,,,,,,,,,,,,,,,,
2018-10-23,,,,,,,,,,,,,,,,,,,,,,,,,,,,,,,,,,,,,,,,
2018-10-24,,,,,,,,,,,,,,,,,,,,,,,,,,,,,,,,,,,,,,,,
2018-10-25,,,,,,,,,,,,,,,,,,,,,,,,,,,,,,,,,,,,,,,,
2018-10-26,,,,,,,,,,,,,,,,,,,,,,,,,,,,,,,,,,,,,,,,
2018-10-27,,,,,,,,,,,,,,,,,,,,,,,,,,,,,,,,,,,,,,,,
2018-10-28,,,,,,,,,,,,,,,,,,,,,,,,,,,,,,,,,,,,,,,,
2018-10-29,,,,,,,,,,,,,,,,,,,,,,,,,,,,,,,,,,,,,,,,
2018-10-30,,,,,,,,,,,,,,,,,,,,,,,,,,,,,,,,,,,,,,,,
2018-10-31,,,,,,,,,,,,,,,,,,,,,,,,,,,,,,,,,,,,,,,,
2018-11-01,,,,,,,,,,,,,,,,,,,,,,,,,,,,,,,,,,,,,,,,
2018-11-02,,,,,,,,,,,,,,,,,,,,,,,,,,,,,,,,,,,,,,,,
2018-11-03,,,,,,,,,,,,,,,,,,,,,,,,,,,,,,,,,,,,,,,,
2018-11-04,,,,,,,,,,,,,,,,,,,,,,,,,,,,,,,,,,,,,,,,
2018-11-05,,,,,,,,,,,,,,,,,,,,,,,,,,,,,,,,,,,,,,,,
2018-11-06,,,,,,,,,,,,,,,,,,,,,,,,,,,,,,,,,,,,,,,,
2018-11-07,,,,,,,,,,,,,,,,,,,,,,,,,,,,,,,,,,,,,,,,
2018-11-08,,,,,,,,,,,,,,,,,,,,,,,,,,,,,,,,,,,,,,,,
2018-11-09,,,,,,,,,,,,,,,,,,,,,,,,,,,,,,,,,,,,,,,,
2018-11-10,,,,,,,,,,,,,,,,,,,,,,,,,,,,,,,,,,,,,,,,
2018-11-11,,,,,,,,,,,,,,,,,,,,,,,,,,,,,,,,,,,,,,,,
2018-11-12,,,,,,,,,,,,,,,,,,,,,,,,,,,,,,,,,,,,,,,,
2018-11-13,,,,,,,,,,,,,,,,,,,,,,,,,,,,,,,,,,,,,,,,
2018-11-14,,,,,,,,,,,,,,,,,,,,,,,,,,,,,,,,,,,,,,,,
2018-11-15,,,,,,,,,,,,,,,,,,,,,,,,,,,,,,,,,,,,,,,,
2018-11-16,,,,,,,,,,,,,,,,,,,,,,,,,,,,,,,,,,,,,,,,
2018-11-17,,,,,,,,,,,,,,,,,,,,,,,,,,,,,,,,,,,,,,,,
2018-11-18,,,,,,,,,,,,,,,,,,,,,,,,,,,,,,,,,,,,,,,,
2018-11-19,,,,,,,,,,,,,,,,,,,,,,,,,,,,,,,,,,,,,,,,
2018-11-20,,,,,,,,,,,,,,,,,,,,,,,,,,,,,,,,,,,,,,,,
2018-11-21,,,,,,,,,,,,,,,,,,,,,,,,,,,,,,,,,,,,,,,,
2018-11-22,,,,,,,,,,,,,,,,,,,,,,,,,,,,,,,,,,,,,,,,
2018-11-23,,,,,,,,,,,,,,,,,,,,,,,,,,,,,,,,,,,,,,,,
2018-11-24,,,,,,,,,,,,,,,,,,,,,,,,,,,,,,,,,,,,,,,,
2018-11-25,,,,,,,,,,,,,,,,,,,,,,,,,,,,,,,,,,,,,,,,
2018-11-26,,,,,,,,,,,,,,,,,,,,,,,,,,,,,,,,,,,,,,,,
2018-11-27,,,,,,,,,,,,,,,,,,,,,,,,,,,,,,,,,,,,,,,,
2018-11-28,,,,,,,,,,,,,,,,,,,,,,,,,,,,,,,,,,,,,,,,
2018-11-29,,,,,,,,,,,,,,,,,,,,,,,,,,,,,,,,,,,,,,,,
2018-11-30,,,,,,,,,,,,,,,,,,,,,,,,,,,,,,,,,,,,,,,,
2018-12-01,,,,,,,,,,,,,,,,,,,,,,,,,,,,,,,,,,,,,,,,
2018-12-02,,,,,,,,,,,,,,,,,,,,,,,,,,,,,,,,,,,,,,,,
2018-12-03,,,,,,,,,,,,,,,,,,,,,,,,,,,,,,,,,,,,,,,,
2018-12-04,,,,,,,,,,,,,,,,,,,,,,,,,,,,,,,,,,,,,,,,
2018-12-05,,,,,,,,,,,,,,,,,,,,,,,,,,,,,,,,,,,,,,,,
2018-12-06,,,,,,,,,,,,,,,,,,,,,,,,,,,,,,,,,,,,,,,,
2018-12-07,,,,,,,,,,,,,,,,,,,,,,,,,,,,,,,,,,,,,,,,
2018-12-08,,,,,,,,,,,,,,,,,,,,,,,,,,,,,,,,,,,,,,,,
2018-12-09,,,,,,,,,,,,,,,,,,,,,,,,,,,,,,,,,,,,,,,,
2018-12-10,,,,,,,,,,,,,,,,,,,,,,,,,,,,,,,,,,,,,,,,
2018-12-11,,,,,,,,,,,,,,,,,,,,,,,,,,,,,,,,,,,,,,,,
2018-12-12,,,,,,,,,,,,,,,,,,,,,,,,,,,,,,,,,,,,,,,,
2018-12-13,,,,,,,,,,,,,,,,,,,,,,,,,,,,,,,,,,,,,,,,
2018-12-14,,,,,,,,,,,,,,,,,,,,,,,,,,,,,,,,,,,,,,,,
2018-12-15,,,,,,,,,,,,,,,,,,,,,,,,,,,,,,,,,,,,,,,,
2018-12-16,,,,,,,,,,,,,,,,,,,,,,,,,,,,,,,,,,,,,,,,
2018-12-17,,,,,,,,,,,,,,,,,,,,,,,,,,,,,,,,,,,,,,,,
2018-12-18,,,,,,,,,,,,,,,,,,,,,,,,,,,,,,,,,,,,,,,,
2018-12-19,,,,,,,,,,,,,,,,,,,,,,,,,,,,,,,,,,,,,,,,
2018-12-20,,,,,,,,,,,,,,,,,,,,,,,,,,,,,,,,,,,,,,,,
2018-12-21,,,,,,,,,,,,,,,,,,,,,,,,,,,,,,,,,,,,,,,,
2018-12-22,,,,,,,,,,,,,,,,,,,,,,,,,,,,,,,,,,,,,,,,
2018-12-23,,,,,,,,,,,,,,,,,,,,,,,,,,,,,,,,,,,,,,,,
2018-12-24,,,,,,,,,,,,,,,,,,,,,,,,,,,,,,,,,,,,,,,,
2018-12-25,,,,,,,,,,,,,,,,,,,,,,,,,,,,,,,,,,,,,,,,
2018-12-26,,,,,,,,,,,,,,,,,,,,,,,,,,,,,,,,,,,,,,,,
2018-12-27,,,,,,,,,,,,,,,,,,,,,,,,,,,,,,,,,,,,,,,,
2018-12-28,,,,,,,,,,,,,,,,,,,,,,,,,,,,,,,,,,,,,,,,
2018-12-29,,,,,,,,,,,,,,,,,,,,,,,,,,,,,,,,,,,,,,,,
2018-12-30,,,,,,,,,,,,,,,,,,,,,,,,,,,,,,,,,,,,,,,,
2018-12-31,,,,,,,,,,,,,,,,,,,,,,,,,,,,,,,,,,,,,,,,
2019-01-01,,,,,,,,,,,,,,,,,,,,,,,,,,,,,,,,,,,,,,,,
2019-01-02,,,,,,,,,,,,,,,,,,,,,,,,,,,,,,,,,,,,,,,,
2019-01-03,,,,,,,,,,,,,,,,,,,,,,,,,,,,,,,,,,,,,,,,
2019-01-04,,,,,,,,,,,,,,,,,,,,,,,,,,,,,,,,,,,,,,,,
2019-01-05,,,,,,,,,,,,,,,,,,,,,,,,,,,,,,,,,,,,,,,,
2019-01-06,,,,,,,,,,,,,,,,,,,,,,,,,,,,,,,,,,,,,,,,
2019-01-07,,,,,,,,,,,,,,,,,,,,,,,,,,,,,,,,,,,,,,,,
2019-01-08,,,,,,,,,,,,,,,,,,,,,,,,,,,,,,,,,,,,,,,,
2019-01-09,,,,,,,,,,,,,,,,,,,,,,,,,,,,,,,,,,,,,,,,
2019-01-10,,,,,,,,,,,,,,,,,,,,,,,,,,,,,,,,,,,,,,,,
2019-01-11,,,,,,,,,,,,,,,,,,,,,,,,,,,,,,,,,,,,,,,,
2019-01-12,,,,,,,,,,,,,,,,,,,,,,,,,,,,,,,,,,,,,,,,
2019-01-13,,,,,,,,,,,,,,,,,,,,,,,,,,,,,,,,,,,,,,,,
2019-01-14,,,,,,,,,,,,,,,,,,,,,,,,,,,,,,,,,,,,,,,,
2019-01-15,,,,,,,,,,,,,,,,,,,,,,,,,,,,,,,,,,,,,,,,
2019-01-16,,,,,,,,,,,,,,,,,,,,,,,,,,,,,,,,,,,,,,,,
2019-01-17,,,,,,,,,,,,,,,,,,,,,,,,,,,,,,,,,,,,,,,,
2019-01-18,,,,,,,,,,,,,,,,,,,,,,,,,,,,,,,,,,,,,,,,
2019-01-19,,,,,,,,,,,,,,,,,,,,,,,,,,,,,,,,,,,,,,,,
2019-01-20,,,,,,,,,,,,,,,,,,,,,,,,,,,,,,,,,,,,,,,,
2019-01-21,,,,,,,,,,,,,,,,,,,,,,,,,,,,,,,,,,,,,,,,
2019-01-22,,,,,,,,,,,,,,,,,,,,,,,,,,,,,,,,,,,,,,,,
2019-01-23,,,,,,,,,,,,,,,,,,,,,,,,,,,,,,,,,,,,,,,,
2019-01-24,,,,,,,,,,,,,,,,,,,,,,,,,,,,,,,,,,,,,,,,
2019-01-25,,,,,,,,,,,,,,,,,,,,,,,,,,,,,,,,,,,,,,,,
2019-01-26,,,,,,,,,,,,,,,,,,,,,,,,,,,,,,,,,,,,,,,,
2019-01-27,,,,,,,,,,,,,,,,,,,,,,,,,,,,,,,,,,,,,,,,
2019-01-28,,,,,,,,,,,,,,,,,,,,,,,,,,,,,,,,,,,,,,,,
2019-01-29,,,,,,,,,,,,,,,,,,,,,,,,,,,,,,,,,,,,,,,,
2019-01-30,,,,,,,,,,,,,,,,,,,,,,,,,,,,,,,,,,,,,,,,
2019-01-31,,,,,,,,,,,,,,,,,,,,,,,,,,,,,,,,,,,,,,,,
2019-02-01,,,,,,,,,,,,,,,,,,,,,,,,,,,,,,,,,,,,,,,,
2019-02-02,,,,,,,,,,,,,,,,,,,,,,,,,,,,,,,,,,,,,,,,
2019-02-03,,,,,,,,,,,,,,,,,,,,,,,,,,,,,,,,,,,,,,,,
2019-02-04,,,,,,,,,,,,,,,,,,,,,,,,,,,,,,,,,,,,,,,,
2019-02-05,,,,,,,,,,,,,,,,,,,,,,,,,,,,,,,,,,,,,,,,
2019-02-06,,,,,,,,,,,,,,,,,,,,,,,,,,,,,,,,,,,,,,,,
2019-02-07,,,,,,,,,,,,,,,,,,,,,,,,,,,,,,,,,,,,,,,,
2019-02-08,,,,,,,,,,,,,,,,,,,,,,,,,,,,,,,,,,,,,,,,
2019-02-09,,,,,,,,,,,,,,,,,,,,,,,,,,,,,,,,,,,,,,,,
2019-02-10,,,,,,,,,,,,,,,,,,,,,,,,,,,,,,,,,,,,,,,,
2019-02-11,,,,,,,,,,,,,,,,,,,,,,,,,,,,,,,,,,,,,,,,
2019-02-12,,,,,,,,,,,,,,,,,,,,,,,,,,,,,,,,,,,,,,,,
2019-02-13,,,,,,,,,,,,,,,,,,,,,,,,,,,,,,,,,,,,,,,,
2019-02-14,,,,,,,,,,,,,,,,,,,,,,,,,,,,,,,,,,,,,,,,
2019-02-15,,,,,,,,,,,,,,,,,,,,,,,,,,,,,,,,,,,,,,,,
2019-02-16,,,,,,,,,,,,,,,,,,,,,,,,,,,,,,,,,,,,,,,,
2019-02-17,,,,,,,,,,,,,,,,,,,,,,,,,,,,,,,,,,,,,,,,
2019-02-18,,,,,,,,,,,,,,,,,,,,,,,,,,,,,,,,,,,,,,,,
2019-02-19,,,,,,,,,,,,,,,,,,,,,,,,,,,,,,,,,,,,,,,,
2019-02-20,,,,,,,,,,,,,,,,,,,,,,,,,,,,,,,,,,,,,,,,
2019-02-21,,,,,,,,,,,,,,,,,,,,,,,,,,,,,,,,,,,,,,,,
2019-02-22,,,,,,,,,,,,,,,,,,,,,,,,,,,,,,,,,,,,,,,,
2019-02-23,,,,,,,,,,,,,,,,,,,,,,,,,,,,,,,,,,,,,,,,
2019-02-24,,,,,,,,,,,,,,,,,,,,,,,,,,,,,,,,,,,,,,,,
2019-02-25,,,,,,,,,,,,,,,,,,,,,,,,,,,,,,,,,,,,,,,,
2019-02-26,,,,,,,,,,,,,,,,,,,,,,,,,,,,,,,,,,,,,,,,
2019-02-27,,,,,,,,,,,,,,,,,,,,,,,,,,,,,,,,,,,,,,,,
2019-02-28,,,,,,,,,,,,,,,,,,,,,,,,,,,,,,,,,,,,,,,,
2019-03-01,,,,,,,,,,,,,,,,,,,,,,,,,,,,,,,,,,,,,,,,
2019-03-02,,,,,,,,,,,,,,,,,,,,,,,,,,,,,,,,,,,,,,,,
2019-03-03,,,,,,,,,,,,,,,,,,,,,,,,,,,,,,,,,,,,,,,,
2019-03-04,,,,,,,,,,,,,,,,,,,,,,,,,,,,,,,,,,,,,,,,
2019-03-05,,,,,,,,,,,,,,,,,,,,,,,,,,,,,,,,,,,,,,,,
2019-03-06,,,,,,,,,,,,,,,,,,,,,,,,,,,,,,,,,,,,,,,,
2019-03-07,,,,,,,,,,,,,,,,,,,,,,,,,,,,,,,,,,,,,,,,
2019-03-08,,,,,,,,,,,,,,,,,,,,,,,,,,,,,,,,,,,,,,,,
2019-03-09,,,,,,,,,,,,,,,,,,,,,,,,,,,,,,,,,,,,,,,,
2019-03-10,,,,,,,,,,,,,,,,,,,,,,,,,,,,,,,,,,,,,,,,
2019-03-11,,,,,,,,,,,,,,,,,,,,,,,,,,,,,,,,,,,,,,,,
2019-03-12,,,,,,,,,,,,,,,,,,,,,,,,,,,,,,,,,,,,,,,,
2019-03-13,,,,,,,,,,,,,,,,,,,,,,,,,,,,,,,,,,,,,,,,
2019-03-14,,,,,,,,,,,,,,,,,,,,,,,,,,,,,,,,,,,,,,,,
2019-03-15,,,,,,,,,,,,,,,,,,,,,,,,,,,,,,,,,,,,,,,,
2019-03-16,,,,,,,,,,,,,,,,,,,,,,,,,,,,,,,,,,,,,,,,
2019-03-17,,,,,,,,,,,,,,,,,,,,,,,,,,,,,,,,,,,,,,,,
2019-03-18,,,,,,,,,,,,,,,,,,,,,,,,,,,,,,,,,,,,,,,,
2019-03-19,,,,,,,,,,,,,,,,,,,,,,,,,,,,,,,,,,,,,,,,
2019-03-20,,,,,,,,,,,,,,,,,,,,,,,,,,,,,,,,,,,,,,,,
2019-03-21,,,,,,,,,,,,,,,,,,,,,,,,,,,,,,,,,,,,,,,,
2019-03-22,,,,,,,,,,,,,,,,,,,,,,,,,,,,,,,,,,,,,,,,
2019-03-23,,,,,,,,,,,,,,,,,,,,,,,,,,,,,,,,,,,,,,,,
2019-03-24,,,,,,,,,,,,,,,,,,,,,,,,,,,,,,,,,,,,,,,,
2019-03-25,,,,,,,,,,,,,,,,,,,,,,,,,,,,,,,,,,,,,,,,
2019-03-26,,,,,,,,,,,,,,,,,,,,,,,,,,,,,,,,,,,,,,,,
2019-03-27,,,,,,,,,,,,,,,,,,,,,,,,,,,,,,,,,,,,,,,,
2019-03-28,,,,,,,,,,,,,,,,,,,,,,,,,,,,,,,,,,,,,,,,
2019-03-29,,,,,,,,,,,,,,,,,,,,,,,,,,,,,,,,,,,,,,,,
2019-03-30,,,,,,,,,,,,,,,,,,,,,,,,,,,,,,,,,,,,,,,,
2019-03-31,,,,,,,,,,,,,,,,,,,,,,,,,,,,,,,,,,,,,,,,
2019-04-01,,,,,,,,,,,,,,,,,,,,,,,,,,,,,,,,,,,,,,,,
2019-04-02,,,,,,,,,,,,,,,,,,,,,,,,,,,,,,,,,,,,,,,,
2019-04-03,,,,,,,,,,,,,,,,,,,,,,,,,,,,,,,,,,,,,,,,
2019-04-04,,,,,,,,,,,,,,,,,,,,,,,,,,,,,,,,,,,,,,,,
2019-04-05,,,,,,,,,,,,,,,,,,,,,,,,,,,,,,,,,,,,,,,,
2019-04-06,,,,,,,,,,,,,,,,,,,,,,,,,,,,,,,,,,,,,,,,
2019-04-07,,,,,,,,,,,,,,,,,,,,,,,,,,,,,,,,,,,,,,,,
2019-04-08,,,,,,,,,,,,,,,,,,,,,,,,,,,,,,,,,,,,,,,,
2019-04-09,,,,,,,,,,,,,,,,,,,,,,,,,,,,,,,,,,,,,,,,
2019-04-10,,,,,,,,,,,,,,,,,,,,,,,,,,,,,,,,,,,,,,,,
2019-04-11,,,,,,,,,,,,,,,,,,,,,,,,,,,,,,,,,,,,,,,,
2019-04-12,,,,,,,,,,,,,,,,,,,,,,,,,,,,,,,,,,,,,,,,
2019-04-13,,,,,,,,,,,,,,,,,,,,,,,,,,,,,,,,,,,,,,,,
2019-04-14,,,,,,,,,,,,,,,,,,,,,,,,,,,,,,,,,,,,,,,,
2019-04-15,,,,,,,,,,,,,,,,,,,,,,,,,,,,,,,,,,,,,,,,
2019-04-16,,,,,,,,,,,,,,,,,,,,,,,,,,,,,,,,,,,,,,,,
2019-04-17,,,,,,,,,,,,,,,,,,,,,,,,,,,,,,,,,,,,,,,,
2019-04-18,,,,,,,,,,,,,,,,,,,,,,,,,,,,,,,,,,,,,,,,
2019-04-19,,,,,,,,,,,,,,,,,,,,,,,,,,,,,,,,,,,,,,,,
2019-04-20,,,,,,,,,,,,,,,,,,,,,,,,,,,,,,,,,,,,,,,,
2019-04-21,,,,,,,,,,,,,,,,,,,,,,,,,,,,,,,,,,,,,,,,
2019-04-22,,,,,,,,,,,,,,,,,,,,,,,,,,,,,,,,,,,,,,,,
2019-04-23,,,,,,,,,,,,,,,,,,,,,,,,,,,,,,,,,,,,,,,,
2019-04-24,,,,,,,,,,,,,,,,,,,,,,,,,,,,,,,,,,,,,,,,
2019-04-25,,,,,,,,,,,,,,,,,,,,,,,,,,,,,,,,,,,,,,,,
2019-04-26,,,,,,,,,,,,,,,,,,,,,,,,,,,,,,,,,,,,,,,,
2019-04-27,,,,,,,,,,,,,,,,,,,,,,,,,,,,,,,,,,,,,,,,
2019-04-28,,,,,,,,,,,,,,,,,,,,,,,,,,,,,,,,,,,,,,,,
2019-04-29,,,,,,,,,,,,,,,,,,,,,,,,,,,,,,,,,,,,,,,,
2019-04-30,,,,,,,,,,,,,,,,,,,,,,,,,,,,,,,,,,,,,,,,
2019-05-01,,,,,,,,,,,,,,,,,,,,,,,,,,,,,,,,,,,,,,,,
2019-05-02,,,,,,,,,,,,,,,,,,,,,,,,,,,,,,,,,,,,,,,,
2019-05-03,,,,,,,,,,,,,,,,,,,,,,,,,,,,,,,,,,,,,,,,
2019-05-04,,,,,,,,,,,,,,,,,,,,,,,,,,,,,,,,,,,,,,,,
2019-05-05,,,,,,,,,,,,,,,,,,,,,,,,,,,,,,,,,,,,,,,,
2019-05-06,,,,,,,,,,,,,,,,,,,,,,,,,,,,,,,,,,,,,,,,
2019-05-07,,,,,,,,,,,,,,,,,,,,,,,,,,,,,,,,,,,,,,,,
2019-05-08,,,,,,,,,,,,,,,,,,,,,,,,,,,,,,,,,,,,,,,,
2019-05-09,,,,,,,,,,,,,,,,,,,,,,,,,,,,,,,,,,,,,,,,
2019-05-10,,,,,,,,,,,,,,,,,,,,,,,,,,,,,,,,,,,,,,,,
2019-05-11,,,,,,,,,,,,,,,,,,,,,,,,,,,,,,,,,,,,,,,,
2019-05-12,,,,,,,,,,,,,,,,,,,,,,,,,,,,,,,,,,,,,,,,
2019-05-13,,,,,,,,,,,,,,,,,,,,,,,,,,,,,,,,,,,,,,,,
2019-05-14,,,,,,,,,,,,,,,,,,,,,,,,,,,,,,,,,,,,,,,,
2019-05-15,,,,,,,,,,,,,,,,,,,,,,,,,,,,,,,,,,,,,,,,
2019-05-16,,,,,,,,,,,,,,,,,,,,,,,,,,,,,,,,,,,,,,,,
2019-05-17,,,,,,,,,,,,,,,,,,,,,,,,,,,,,,,,,,,,,,,,
2019-05-18,,,,,,,,,,,,,,,,,,,,,,,,,,,,,,,,,,,,,,,,
2019-05-19,,,,,,,,,,,,,,,,,,,,,,,,,,,,,,,,,,,,,,,,
2019-05-20,,,,,,,,,,,,,,,,,,,,,,,,,,,,,,,,,,,,,,,,
2019-05-21,,,,,,,,,,,,,,,,,,,,,,,,,,,,,,,,,,,,,,,,
2019-05-22,,,,,,,,,,,,,,,,,,,,,,,,,,,,,,,,,,,,,,,,
2019-05-23,,,,,,,,,,,,,,,,,,,,,,,,,,,,,,,,,,,,,,,,
2019-05-24,,,,,,,,,,,,,,,,,,,,,,,,,,,,,,,,,,,,,,,,
2019-05-25,,,,,,,,,,,,,,,,,,,,,,,,,,,,,,,,,,,,,,,,
2019-05-26,,,,,,,,,,,,,,,,,,,,,,,,,,,,,,,,,,,,,,,,
2019-05-27,,,,,,,,,,,,,,,,,,,,,,,,,,,,,,,,,,,,,,,,
2019-05-28,,,,,,,,,,,,,,,,,,,,,,,,,,,,,,,,,,,,,,,,
2019-05-29,,,,,,,,,,,,,,,,,,,,,,,,,,,,,,,,,,,,,,,,
2019-05-30,,,,,,,,,,,,,,,,,,,,,,,,,,,,,,,,,,,,,,,,
2019-05-31,,,,,,,,,,,,,,,,,,,,,,,,,,,,,,,,,,,,,,,,
2019-06-01,,,,,,,,,,,,,,,,,,,,,,,,,,,,,,,,,,,,,,,,
2019-06-02,,,,,,,,,,,,,,,,,,,,,,,,,,,,,,,,,,,,,,,,
2019-06-03,,,,,,,,,,,,,,,,,,,,,,,,,,,,,,,,,,,,,,,,
2019-06-04,,,,,,,,,,,,,,,,,,,,,,,,,,,,,,,,,,,,,,,,
2019-06-05,,,,,,,,,,,,,,,,,,,,,,,,,,,,,,,,,,,,,,,,
2019-06-06,,,,,,,,,,,,,,,,,,,,,,,,,,,,,,,,,,,,,,,,
2019-06-07,,,,,,,,,,,,,,,,,,,,,,,,,,,,,,,,,,,,,,,,
2019-06-08,,,,,,,,,,,,,,,,,,,,,,,,,,,,,,,,,,,,,,,,
2019-06-09,,,,,,,,,,,,,,,,,,,,,,,,,,,,,,,,,,,,,,,,
2019-06-10,,,,,,,,,,,,,,,,,,,,,,,,,,,,,,,,,,,,,,,,
2019-06-11,,,,,,,,,,,,,,,,,,,,,,,,,,,,,,,,,,,,,,,,
2019-06-12,,,,,,,,,,,,,,,,,,,,,,,,,,,,,,,,,,,,,,,,
2019-06-13,,,,,,,,,,,,,,,,,,,,,,,,,,,,,,,,,,,,,,,,
2019-06-14,,,,,,,,,,,,,,,,,,,,,,,,,,,,,,,,,,,,,,,,
2019-06-15,,,,,,,,,,,,,,,,,,,,,,,,,,,,,,,,,,,,,,,,
2019-06-16,,,,,,,,,,,,,,,,,,,,,,,,,,,,,,,,,,,,,,,,
2019-06-17,,,,,,,,,,,,,,,,,,,,,,,,,,,,,,,,,,,,,,,,
2019-06-18,,,,,,,,,,,,,,,,,,,,,,,,,,,,,,,,,,,,,,,,
2019-06-19,,,,,,,,,,,,,,,,,,,,,,,,,,,,,,,,,,,,,,,,
2019-06-20,,,,,,,,,,,,,,,,,,,,,,,,,,,,,,,,,,,,,,,,
2019-06-21,,,,,,,,,,,,,,,,,,,,,,,,,,,,,,,,,,,,,,,,
2019-06-22,,,,,,,,,,,,,,,,,,,,,,,,,,,,,,,,,,,,,,,,
2019-06-23,,,,,,,,,,,,,,,,,,,,,,,,,,,,,,,,,,,,,,,,
2019-06-24,,,,,,,,,,,,,,,,,,,,,,,,,,,,,,,,,,,,,,,,
2019-06-25,,,,,,,,,,,,,,,,,,,,,,,,,,,,,,,,,,,,,,,,
2019-06-26,,,,,,,,,,,,,,,,,,,,,,,,,,,,,,,,,,,,,,,,
2019-06-27,,,,,,,,,,,,,,,,,,,,,,,,,,,,,,,,,,,,,,,,
2019-06-28,,,,,,,,,,,,,,,,,,,,,,,,,,,,,,,,,,,,,,,,
2019-06-29,,,,,,,,,,,,,,,,,,,,,,,,,,,,,,,,,,,,,,,,
2019-06-30,,,,,,,,,,,,,,,,,,,,,,,,,,,,,,,,,,,,,,,,
2019-07-01,,,,,,,,,,,,,,,,,,,,,,,,,,,,,,,,,,,,,,,,
2019-07-02,,,,,,,,,,,,,,,,,,,,,,,,,,,,,,,,,,,,,,,,
2019-07-03,,,,,,,,,,,,,,,,,,,,,,,,,,,,,,,,,,,,,,,,
2019-07-04,,,,,,,,,,,,,,,,,,,,,,,,,,,,,,,,,,,,,,,,
2019-07-05,,,,,,,,,,,,,,,,,,,,,,,,,,,,,,,,,,,,,,,,
2019-07-06,,,,,,,,,,,,,,,,,,,,,,,,,,,,,,,,,,,,,,,,
2019-07-07,,,,,,,,,,,,,,,,,,,,,,,,,,,,,,,,,,,,,,,,
2019-07-08,,,,,,,,,,,,,,,,,,,,,,,,,,,,,,,,,,,,,,,,
2019-07-09,,,,,,,,,,,,,,,,,,,,,,,,,,,,,,,,,,,,,,,,
2019-07-10,,,,,,,,,,,,,,,,,,,,,,,,,,,,,,,,,,,,,,,,
2019-07-11,,,,,,,,,,,,,,,,,,,,,,,,,,,,,,,,,,,,,,,,
2019-07-12,,,,,,,,,,,,,,,,,,,,,,,,,,,,,,,,,,,,,,,,
2019-07-13,,,,,,,,,,,,,,,,,,,,,,,,,,,,,,,,,,,,,,,,
2019-07-14,,,,,,,,,,,,,,,,,,,,,,,,,,,,,,,,,,,,,,,,
2019-07-15,,,,,,,,,,,,,,,,,,,,,,,,,,,,,,,,,,,,,,,,
2019-07-16,,,,,,,,,,,,,,,,,,,,,,,,,,,,,,,,,,,,,,,,
2019-07-17,,,,,,,,,,,,,,,,,,,,,,,,,,,,,,,,,,,,,,,,
2019-07-18,,,,,,,,,,,,,,,,,,,,,,,,,,,,,,,,,,,,,,,,
2019-07-19,,,,,,,,,,,,,,,,,,,,,,,,,,,,,,,,,,,,,,,,
2019-07-20,,,,,,,,,,,,,,,,,,,,,,,,,,,,,,,,,,,,,,,,
2019-07-21,,,,,,,,,,,,,,,,,,,,,,,,,,,,,,,,,,,,,,,,
2019-07-22,,,,,,,,,,,,,,,,,,,,,,,,,,,,,,,,,,,,,,,,
2019-07-23,,,,,,,,,,,,,,,,,,,,,,,,,,,,,,,,,,,,,,,,
2019-07-24,,,,,,,,,,,,,,,,,,,,,,,,,,,,,,,,,,,,,,,,
2019-07-25,,,,,,,,,,,,,,,,,,,,,,,,,,,,,,,,,,,,,,,,
2019-07-26,,,,,,,,,,,,,,,,,,,,,,,,,,,,,,,,,,,,,,,,
2019-07-27,,,,,,,,,,,,,,,,,,,,,,,,,,,,,,,,,,,,,,,,
2019-07-28,,,,,,,,,,,,,,,,,,,,,,,,,,,,,,,,,,,,,,,,
2019-07-29,,,,,,,,,,,,,,,,,,,,,,,,,,,,,,,,,,,,,,,,
2019-07-30,,,,,,,,,,,,,,,,,,,,,,,,,,,,,,,,,,,,,,,,
2019-07-31,,,,,,,,,,,,,,,,,,,,,,,,,,,,,,,,,,,,,,,,
2019-08-01,,,,,,,,,,,,,,,,,,,,,,,,,,,,,,,,,,,,,,,,
2019-08-02,,,,,,,,,,,,,,,,,,,,,,,,,,,,,,,,,,,,,,,,
2019-08-03,,,,,,,,,,,,,,,,,,,,,,,,,,,,,,,,,,,,,,,,
2019-08-04,,,,,,,,,,,,,,,,,,,,,,,,,,,,,,,,,,,,,,,,
2019-08-05,,,,,,,,,,,,,,,,,,,,,,,,,,,,,,,,,,,,,,,,
2019-08-06,,,,,,,,,,,,,,,,,,,,,,,,,,,,,,,,,,,,,,,,
2019-08-07,,,,,,,,,,,,,,,,,,,,,,,,,,,,,,,,,,,,,,,,
2019-08-08,,,,,,,,,,,,,,,,,,,,,,,,,,,,,,,,,,,,,,,,
2019-08-09,,,,,,,,,,,,,,,,,,,,,,,,,,,,,,,,,,,,,,,,
2019-08-10,,,,,,,,,,,,,,,,,,,,,,,,,,,,,,,,,,,,,,,,
2019-08-11,,,,,,,,,,,,,,,,,,,,,,,,,,,,,,,,,,,,,,,,
2019-08-12,,,,,,,,,,,,,,,,,,,,,,,,,,,,,,,,,,,,,,,,
2019-08-13,,,,,,,,,,,,,,,,,,,,,,,,,,,,,,,,,,,,,,,,
2019-08-14,,,,,,,,,,,,,,,,,,,,,,,,,,,,,,,,,,,,,,,,
2019-08-15,,,,,,,,,,,,,,,,,,,,,,,,,,,,,,,,,,,,,,,,
2019-08-16,,,,,,,,,,,,,,,,,,,,,,,,,,,,,,,,,,,,,,,,
2019-08-17,,,,,,,,,,,,,,,,,,,,,,,,,,,,,,,,,,,,,,,,
2019-08-18,,,,,,,,,,,,,,,,,,,,,,,,,,,,,,,,,,,,,,,,
2019-08-19,,,,,,,,,,,,,,,,,,,,,,,,,,,,,,,,,,,,,,,,
2019-08-20,,,,,,,,,,,,,,,,,,,,,,,,,,,,,,,,,,,,,,,,
2019-08-21,,,,,,,,,,,,,,,,,,,,,,,,,,,,,,,,,,,,,,,,
2019-08-22,,,,,,,,,,,,,,,,,,,,,,,,,,,,,,,,,,,,,,,,
2019-08-23,,,,,,,,,,,,,,,,,,,,,,,,,,,,,,,,,,,,,,,,
2019-08-24,,,,,,,,,,,,,,,,,,,,,,,,,,,,,,,,,,,,,,,,
2019-08-25,,,,,,,,,,,,,,,,,,,,,,,,,,,,,,,,,,,,,,,,
2019-08-26,,,,,,,,,,,,,,,,,,,,,,,,,,,,,,,,,,,,,,,,
2019-08-27,,,,,,,,,,,,,,,,,,,,,,,,,,,,,,,,,,,,,,,,
2019-08-28,,,,,,,,,,,,,,,,,,,,,,,,,,,,,,,,,,,,,,,,
2019-08-29,,,,,,,,,,,,,,,,,,,,,,,,,,,,,,,,,,,,,,,,
2019-08-30,,,,,,,,,,,,,,,,,,,,,,,,,,,,,,,,,,,,,,,,
2019-08-31,,,,,,,,,,,,,,,,,,,,,,,,,,,,,,,,,,,,,,,,
2019-09-01,,,,,,,,,,,,,,,,,,,,,,,,,,,,,,,,,,,,,,,,
2019-09-02,,,,,,,,,,,,,,,,,,,,,,,,,,,,,,,,,,,,,,,,
2019-09-03,,,,,,,,,,,,,,,,,,,,,,,,,,,,,,,,,,,,,,,,
2019-09-04,,,,,,,,,,,,,,,,,,,,,,,,,,,,,,,,,,,,,,,,
2019-09-05,,,,,,,,,,,,,,,,,,,,,,,,,,,,,,,,,,,,,,,,
2019-09-06,,,,,,,,,,,,,,,,,,,,,,,,,,,,,,,,,,,,,,,,
2019-09-07,,,,,,,,,,,,,,,,,,,,,,,,,,,,,,,,,,,,,,,,
2019-09-08,,,,,,,,,,,,,,,,,,,,,,,,,,,,,,,,,,,,,,,,
2019-09-09,,,,,,,,,,,,,,,,,,,,,,,,,,,,,,,,,,,,,,,,
2019-09-10,,,,,,,,,,,,,,,,,,,,,,,,,,,,,,,,,,,,,,,,
2019-09-11,,,,,,,,,,,,,,,,,,,,,,,,,,,,,,,,,,,,,,,,
2019-09-12,,,,,,,,,,,,,,,,,,,,,,,,,,,,,,,,,,,,,,,,
2019-09-13,,,,,,,,,,,,,,,,,,,,,,,,,,,,,,,,,,,,,,,,
2019-09-14,,,,,,,,,,,,,,,,,,,,,,,,,,,,,,,,,,,,,,,,
2019-09-15,,,,,,,,,,,,,,,,,,,,,,,,,,,,,,,,,,,,,,,,
2019-09-16,,,,,,,,,,,,,,,,,,,,,,,,,,,,,,,,,,,,,,,,
2019-09-17,,,,,,,,,,,,,,,,,,,,,,,,,,,,,,,,,,,,,,,,
2019-09-18,,,,,,,,,,,,,,,,,,,,,,,,,,,,,,,,,,,,,,,,
2019-09-19,,,,,,,,,,,,,,,,,,,,,,,,,,,,,,,,,,,,,,,,
2019-09-20,,,,,,,,,,,,,,,,,,,,,,,,,,,,,,,,,,,,,,,,
2019-09-21,,,,,,,,,,,,,,,,,,,,,,,,,,,,,,,,,,,,,,,,
2019-09-22,,,,,,,,,,,,,,,,,,,,,,,,,,,,,,,,,,,,,,,,
2019-09-23,,,,,,,,,,,,,,,,,,,,,,,,,,,,,,,,,,,,,,,,
2019-09-24,,,,,,,,,,,,,,,,,,,,,,,,,,,,,,,,,,,,,,,,
2019-09-25,,,,,,,,,,,,,,,,,,,,,,,,,,,,,,,,,,,,,,,,
2019-09-26,,,,,,,,,,,,,,,,,,,,,,,,,,,,,,,,,,,,,,,,
2019-09-27,,,,,,,,,,,,,,,,,,,,,,,,,,,,,,,,,,,,,,,,
2019-09-28,,,,,,,,,,,,,,,,,,,,,,,,,,,,,,,,,,,,,,,,
2019-09-29,,,,,,,,,,,,,,,,,,,,,,,,,,,,,,,,,,,,,,,,
2019-09-30,,,,,,,,,,,,,,,,,,,,,,,,,,,,,,,,,,,,,,,,
2019-10-01,,,,,,,,,,,,,,,,,,,,,,,,,,,,,,,,,,,,,,,,
2019-10-02,,,,,,,,,,,,,,,,,,,,,,,,,,,,,,,,,,,,,,,,
2019-10-03,,,,,,,,,,,,,,,,,,,,,,,,,,,,,,,,,,,,,,,,
2019-10-04,,,,,,,,,,,,,,,,,,,,,,,,,,,,,,,,,,,,,,,,
2019-10-05,,,,,,,,,,,,,,,,,,,,,,,,,,,,,,,,,,,,,,,,
2019-10-06,,,,,,,,,,,,,,,,,,,,,,,,,,,,,,,,,,,,,,,,
2019-10-07,,,,,,,,,,,,,,,,,,,,,,,,,,,,,,,,,,,,,,,,
2019-10-08,,,,,,,,,,,,,,,,,,,,,,,,,,,,,,,,,,,,,,,,
2019-10-09,,,,,,,,,,,,,,,,,,,,,,,,,,,,,,,,,,,,,,,,
2019-10-10,,,,,,,,,,,,,,,,,,,,,,,,,,,,,,,,,,,,,,,,
2019-10-11,,,,,,,,,,,,,,,,,,,,,,,,,,,,,,,,,,,,,,,,
2019-10-12,,,,,,,,,,,,,,,,,,,,,,,,,,,,,,,,,,,,,,,,
2019-10-13,,,,,,,,,,,,,,,,,,,,,,,,,,,,,,,,,,,,,,,,
2019-10-14,,,,,,,,,,,,,,,,,,,,,,,,,,,,,,,,,,,,,,,,
2019-10-15,,,,,,,,,,,,,,,,,,,,,,,,,,,,,,,,,,,,,,,,
2019-10-16,,,,,,,,,,,,,,,,,,,,,,,,,,,,,,,,,,,,,,,,
2019-10-17,,,,,,,,,,,,,,,,,,,,,,,,,,,,,,,,,,,,,,,,
2019-10-18,,,,,,,,,,,,,,,,,,,,,,,,,,,,,,,,,,,,,,,,
2019-10-19,,,,,,,,,,,,,,,,,,,,,,,,,,,,,,,,,,,,,,,,
2019-10-20,,,,,,,,,,,,,,,,,,,,,,,,,,,,,,,,,,,,,,,,
2019-10-21,,,,,,,,,,,,,,,,,,,,,,,,,,,,,,,,,,,,,,,,
2019-10-22,,,,,,,,,,,,,,,,,,,,,,,,,,,,,,,,,,,,,,,,
2019-10-23,,,,,,,,,,,,,,,,,,,,,,,,,,,,,,,,,,,,,,,,
2019-10-24,,,,,,,,,,,,,,,,,,,,,,,,,,,,,,,,,,,,,,,,
2019-10-25,,,,,,,,,,,,,,,,,,,,,,,,,,,,,,,,,,,,,,,,
2019-10-26,,,,,,,,,,,,,,,,,,,,,,,,,,,,,,,,,,,,,,,,
2019-10-27,,,,,,,,,,,,,,,,,,,,,,,,,,,,,,,,,,,,,,,,
2019-10-28,,,,,,,,,,,,,,,,,,,,,,,,,,,,,,,,,,,,,,,,
2019-10-29,,,,,,,,,,,,,,,,,,,,,,,,,,,,,,,,,,,,,,,,
2019-10-30,,,,,,,,,,,,,,,,,,,,,,,,,,,,,,,,,,,,,,,,
2019-10-31,,,,,,,,,,,,,,,,,,,,,,,,,,,,,,,,,,,,,,,,
2019-11-01,,,,,,,,,,,,,,,,,,,,,,,,,,,,,,,,,,,,,,,,
2019-11-02,,,,,,,,,,,,,,,,,,,,,,,,,,,,,,,,,,,,,,,,
2019-11-03,,,,,,,,,,,,,,,,,,,,,,,,,,,,,,,,,,,,,,,,
2019-11-04,,,,,,,,,,,,,,,,,,,,,,,,,,,,,,,,,,,,,,,,
2019-11-05,,,,,,,,,,,,,,,472.0,,,,,,,,666.0,,,,,,,494.0,,,,,,,,,,
2019-11-06,,,,,,,,,,,,,,,,,,,,,,,0.0,,,,,,,0.0,,,,,,,,,,
2019-11-07,,,,,,,,,,,33.0,,,,,,,,,,,,600.0,,,,,,,124.0,,,,,,,,,,
2019-11-08,,,,,,,,,,,,,,,,,,,,,,,,,,,,,,199.0,,,,,,,,,,
2019-11-09,,,,,,,,,,,,,,,,,,,,,,,,,,,,,859.0,370.0,,,,,,,,,,
2019-11-10,,,,,,,,,,,,,,,,,,,,,,,,,,,,,0.0,53.0,,,,,,,,,,
2019-11-11,,,,,,,,,,,,,,,,,,,,,,,,,,,,,0.0,267.0,,,,,,,,,,
2019-11-12,,,,,,,,,,,,,,,,,,,,,,,,,,,,,0.0,459.0,,,,,,,,,,
2019-11-13,,,,,,,,,,,,,,,,,,,,,,,,,,,,,1001.0,177.0,,,,,,,,,,
2019-11-14,,,,,,,,,,,,,,,,,,,,,,,,,,,,,,503.0,,,,,,,,,,
2019-11-15,,,,,,,,,,,,,,,,,,,,,,,,,,,,,,0.0,,,,,,,,,,
2019-11-16,,,,,,,,,,,,,,,,,,,,,,,,,,,,,,,,,,,,,,,,
2019-11-17,,,,,,,,,,,,,,,,,,,,,,,,,,,,,0.0,,,,,,,,,,,
2019-11-18,,,,,,,,,,,,,,,,,,,,,,,,,,,,,,,,,,,,,,,,
2019-11-19,,,,,,,,,,,,,,,0.0,,,,,,,,0.0,,,,,,56.0,0.0,,,,,,,,,,
2019-11-20,,,,,,,,,,,,,,,,,,,,,,,,,,,,,152.0,1551.0,,,,,,,,,,
2019-11-21,,,,,,,,,,,,,,,,,,,,,,,,,,,,,,,,,,,,,,,,
2019-11-22,,,,,,,,,,,,,,,549.0,,,,,,,,,,,,,,,,,,,,,,,,,
2019-11-23,,,,,,,,,,,,,,,,,,,,,,,,,,,,,,,,,,,,,,,,
2019-11-24,,,,,,,,,,,,,,,,,,,,,,,,,,,,,,,,,,,,,,,,
2019-11-25,,,,,,,,,,,,,,,,,,,,,,,,,,,,,,,,,,,,,,,,
2019-11-26,,,,,,,,,,,,,,,,,,,,,,,,,,,,,,,,,,,,,,,,
2019-11-27,,,,,,,,,,,,,,,,,,,,,,,,,,,,,,,,,,,,,,,,
2019-11-28,,,,,,,,,,,,,,,,,,,,,,,,,,,,,,,,,,,,,,,,
2019-11-29,,,,,,,,,,,,,,,,,,,,,,,,,,,,,,,,,,,,,,,,
2019-11-30,,,,,,,,,,,,,,,,,,,,,,,,,,,,,,,,,,,,,,,,
2019-12-01,,,,,,,,,,,,,,,,,,,,,,,,,,,,,,,,,,,,,,,,
2019-12-02,,,,,,,,,,,,,,,,,,,,,,,,,,,,,,,,,,,,,,,,
2019-12-03,,,,,,,,,,,651.0,,,,,,,,,,,,251.0,,,,,,,989.0,,,,,,,,,,
2019-12-04,,,,,,,,,,,,,,,,,,,,,,,42.0,,,,,,,659.0,,,,,,,,,,
2019-12-05,,,,,,,,,,,,,,,,,,,,,,,641.0,,,,,,,7811.0,,,,,,,,,,
2019-12-06,,,,,,,,,,,571.0,,,,576.0,,,,,,,,821.0,,,,,,92.0,1719.0,,,,,,,,,,
2019-12-07,,,,,,,,,,,,,,,,,,,,,,,2335.0,,,,,,,1568.0,,,,,,,,,,
2019-12-08,,,,,,,,,,,,,,,,,,,,,,,,,,,,,,643.0,,,,,,,,,,
2019-12-09,,,,,,,,,,,,,,,1040.0,,,,,,,,,,,,,,,1047.0,,,,,,,,,,
2019-12-10,,,,,,,,,,,,,,,,,,,,,,,,,,,,,2094.0,169.0,,,,,,,,,,
2019-12-11,,,,,,,,,,,,,,,,,,,,,,,,,,,,,286.0,1186.0,,,,,,,,,,
2019-12-12,,,,,,,,,,,,,,,,,,,,,,,,,,,,,,1611.0,,,,,,,,,,
2019-12-13,,,,,,,,,,,,,,,,,,,,,,,,,,,,,,,,,,,,,,,,
2019-12-14,,,,,,,,,,,,,,,,,,,,,,,,,,,,,,,,,,,,,,,,
2019-12-15,,,,,,,,,,,,,,,,,,,,,,,,,,,,,,,,,,,,,,,,
2019-12-16,,,,,,,,,,,,,,,,,,,,,,,,,,,,,,,,,,,,,,,,
2019-12-17,,,,,,,,,,,,,,,,,,,,,,,533.0,,,,,,,859.0,,,,,,,,,,
2019-12-18,,,,,,,,,,,,,,,,,,,,,,,350.0,,,,,,,503.0,,,,,,,,,,
2019-12-19,,,,,,,,,,,,,,,,,,,,,,,,,,,,,,0.0,,,,,,,,,,
2019-12-20,,,,,,,,,,,,,,,,,,,,,,,,,,,,,,0.0,,,,,,,,,,
2019-12-21,,,,,,,,,,,,,,,,,,,,,,,,,,,,,,45.0,,,,,,,,,,
2019-12-22,,,,,,,,,,,,,,,,,,,,,,,,,,,,,1059.0,3854.0,,,,,,,,,,
2019-12-23,,,,,,,,,,,,,,,,,,,,,,,,,,,,,0.0,74.0,,,,,,,,,,
2019-12-24,,,,,,,,,,,,,,,,,,,,,,,,,,,,,,1066.0,,,,,,,,,,
2019-12-25,,,,,,,,,,,20.0,,,,0.0,,,,,,,,0.0,,,,,,,0.0,,,,,,,,,,
2019-12-26,,,,,,,,,,,,,,,,,,,,,,,0.0,,,,,,,299.0,,,,,,,,,,
2019-12-27,,,,,,,,,,,,,,,,,,,,,,,122.0,,,,,,,2995.0,,,,,,,,,,
2019-12-28,,,,,,,,,,,,,,,,,,,,,,,3396.0,,,,,,,510.0,,,,,,,,,,
2019-12-29,,,,,,,,,,,,,,,,,,,,,,,,,,,,,,2286.0,,,,,,,,,,
2019-12-30,,,,,,,,,,,,,,,,,,,,,,,,,,,,,338.0,5445.0,,,,,,,,,,
2019-12-31,,,,,,,,,,,,,,,,,,,,,,,,,,,,,3990.0,1943.0,,,,,,,,,,
2020-01-01,,,,,,,,,,,,,,,,,,,,,,,,,,,,,,,,,,,,,,,,
2020-01-02,,,,,,,,,,,,,,,,,,,,,,,,,,,,,,,,,,,,,,,,
2020-01-03,,,,,,,,,,,,,,,,,,,,,,,,,,,,,,,,,,,,,,,,
2020-01-04,,,,,,,,,,,,,,,,,,,,,,,,,,,,,,,,,,,,,,,,
2020-01-05,,,,,,,,,,,,,,,,,,,,,,,,,,,,,,,,,,,,,,,,
2020-01-06,,,,,,,,,,,,,,,,,,,,,,,,,,,,,,,,,,,,,,,,
2020-01-07,,,,,,,,,,,,,,,,,,,,,,,,,,,,,,,,,,,,,,,,
2020-01-08,,,,,,,,,,,,,,,,,,,,,,,,,,,,,,,,,,,,,,,,
2020-01-09,,,,,,,,,,,,,,,,,,,,,,,,,,,,,,,,,,,,,,,,
2020-01-10,,,,,,,,,,,,,,,,,,,,,,,,,,,,,,,,,,,,,,,,
2020-01-11,,,,,,,,,,,,,,,,,,,,,,,,,,,,,,,,,,,,,,,,
2020-01-12,,,,,,,,,,,,,,,,,,,,,,,,,,,,,,,,,,,,,,,,
2020-01-13,,,,,,,,,,,,,,,,,,,,,,,,,,,,,,,,,,,,,,,,
2020-01-14,,,,,,,,,,,,,,,,,,,,,,,,,,,,,,,,,,,,,,,,
2020-01-15,,,,,,,,,,,,,,,,,,,,,,,,,,,,,,,,,,,,,,,,
2020-01-16,,,,,,,,,,,,,,,,,,,,,,,,,,,,,,,,,,,,,,,,
2020-01-17,,,,,,,,,,,,,,,,,,,,,,,,,,,,,,,,,,,,,,,,
2020-01-18,,,,,,,,,,,,,,,,,,,,,,,,,,,,,,,,,,,,,,,,
2020-01-19,,,,,,,,,,,,,,,,,,,,,,,,,,,,,,,,,,,,,,,,
2020-01-20,,,,,,,,,,,,,,,,,,,,,,,,,,,,,,,,,,,,,,,,
2020-01-21,,,,,,,,,,,,,,,,,,,,,,,,,,,,,,,,,,,,,,,,
2020-01-22,,,,,,,,,,,,,,,,,,,,,,,,,,,,,,,,,,,,,,,,
2020-01-23,,,,,,,,,,,,,,,,,,,,,,,,,,,,,,,,,,,,,,,,
2020-01-24,,,,,,,,,,,,,,,,,,,,,,,,,,,,,,,,,,,,,,,,
2020-01-25,,,,,,,,,,,,,,,,,,,,,,,,,,,,,,,,,,,,,,,,
2020-01-26,,,,,,,,,,,,,,,,,,,,,,,,,,,,,,,,,,,,,,,,
2020-01-27,,,,,,,,,,,,,,,,,,,,,,,,,,,,,,,,,,,,,,,,
2020-01-28,,,,,,,,,,,,,,,,,,,,,,,,,,,,,,,,,,,,,,,,
2020-01-29,,,,,,,,,,,,,,,,,,,,,,,,,,,,,,,,,,,,,,,,
2020-01-30,,,,,,,,,,,,,,,,,,,,,,,,,,,,,,,,,,,,,,,,
2020-01-31,,,,,,,,,,,,,,,,,,,,,,,,,,,,,,,,,,,,,,,,
2020-02-01,,,,,,,,,,,,,,,,,,,,,,,,,,,,,,,,,,,,,,,,
2020-02-02,,,,,,,,,,,,,,,,,,,,,,,,,,,,,,,,,,,,,,,,
2020-02-03,,,,,,,,,,,,,,,,,,,,,,,,,,,,,,,,,,,,,,,,
2020-02-04,,,,,,,,,,,,,,,,,,,,,,,,,,,,,,,,,,,,,,,,
2020-02-05,,,,,,,,,,,,,,,,,,,,,,,,,,,,,,,,,,,,,,,,
2020-02-06,,,,,,,,,,,,,,,,,,,,,,,,,,,,,,,,,,,,,,,,
2020-02-07,,,,,,,,,,,,,,,,,,,,,,,,,,,,,,,,,,,,,,,,
2020-02-08,,,,,,,,,,,,,,,,,,,,,,,,,,,,,,,,,,,,,,,,
2020-02-09,,,,,,,,,,,,,,,,,,,,,,,,,,,,,,,,,,,,,,,,
2020-02-10,,,,,,,,,,,,,,,,,,,,,,,,,,,,,,,,,,,,,,,,
2020-02-11,,,,,,,,,,,,,,,,,,,,,,,,,,,,,,,,,,,,,,,,
2020-02-12,,,,,,,,,,,,,,,,,,,,,,,,,,,,,,,,,,,,,,,,
2020-02-13,,,,,,,,,,,,,,,,,,,,,,,,,,,,,,,,,,,,,,,,
2020-02-14,,,,,,,,,,,,,,,,,,,,,,,,,,,,,,,,,,,,,,,,
2020-02-15,,,,,,,,,,,,,,,,,,,,,,,,,,,,,,,,,,,,,,,,
2020-02-16,,,,,,,,,,,,,,,,,,,,,,,,,,,,,,,,,,,,,,,,
2020-02-17,,,,,,,,,,,,,,,,,,,,,,,,,,,,,,,,,,,,,,,,
2020-02-18,,,,,,,,,,,,,,,,,,,,,,,,,,,,,,,,,,,,,,,,
2020-02-19,,,,,,,,,,,,,,,,,,,,,,,,,,,,,,,,,,,,,,,,
2020-02-20,,,,,,,,,,,,,,,,,,,,,,,,,,,,,,,,,,,,,,,,
2020-02-21,,,,,,,,,,,,,,,,,,,,,,,,,,,,,,,,,,,,,,,,
2020-02-22,,,,,,,,,,,,,,,,,,,,,,,,,,,,,,,,,,,,,,,,
2020-02-23,,,,,,,,,,,,,,,,,,,,,,,,,,,,,,,,,,,,,,,,
2020-02-24,,,,,,,,,,,,,,,,,,,,,,,,,,,,,,,,,,,,,,,,
2020-02-25,,,,,,,,,,,,,,,,,,,,,,,,,,,,,,,,,,,,,,,,
2020-02-26,,,,,,,,,,,,,,,,,,,,,,,,,,,,,,,,,,,,,,,,
2020-02-27,,,,,,,,,,,,,,,,,,,,,,,,,,,,,,,,,,,,,,,,
2020-02-28,,,,,,,,,,,,,,,,,,,,,,,,,,,,,,,,,,,,,,,,
2020-02-29,,,,,,,,,,,,,,,,,,,,,,,,,,,,,,,,,,,,,,,,
2020-03-01,,,,,,,,,,,,,,,,,,,,,,,,,,,,,,,,,,,,,,,,
2020-03-02,,,,,,,,,,,,,,,,,,,,,,,,,,,,,,,,,,,,,,,,
2020-03-03,,,,,,,,,,,,,,,,,,,,,,,,,,,,,,,,,,,,,,,,
2020-03-04,,,,,,,,,,,,,,,,,,,,,,,,,,,,,,,,,,,,,,,,
2020-03-05,,,,,,,,,,,,,,,,,,,,,,,,,,,,,,,,,,,,,,,,
2020-03-06,,,,,,,,,,,,,,,,,,,,,,,,,,,,,,,,,,,,,,,,
2020-03-07,,,,,,,,,,,,,,,,,,,,,,,,,,,,,,,,,,,,,,,,
2020-03-08,,,,,,,,,,,,,,,,,,,,,,,,,,,,,,,,,,,,,,,,
2020-03-09,,,,,,,,,,,,,,,,,,,,,,,,,,,,,,,,,,,,,,,,
2020-03-10,,,,,,,,,,,,,,,,,,,,,,,,,,,,,,,,,,,,,,,,
2020-03-11,,,,,,,,,,,,,,,,,,,,,,,,,,,,,,,,,,,,,,,,
2020-03-12,,,,,,,,,,,,,,,,,,,,,,,,,,,,,,,,,,,,,,,,
2020-03-13,,,,,,,,,,,,,,,,,,,,,,,,,,,,,,,,,,,,,,,,
2020-03-14,,,,,,,,,,,,,,,,,,,,,,,,,,,,,,,,,,,,,,,,
2020-03-15,,,,,,,,,,,,,,,,,,,,,,,,,,,,,,,,,,,,,,,,
2020-03-16,,,,,,,,,,,,,,,,,,,,,,,,,,,,,,,,,,,,,,,,
2020-03-17,,,,,,,,,,,,,,,,,,,,,,,,,,,,,,,,,,,,,,,,
2020-03-18,,,,,,,,,,,,,,,,,,,,,,,,,,,,,,,,,,,,,,,,
2020-03-19,,,,,,,,,,,,,,,,,,,,,,,,,,,,,,,,,,,,,,,,
2020-03-20,,,,,,,,,,,,,,,,,,,,,,,,,,,,,,,,,,,,,,,,
2020-03-21,,,,,,,,,,,,,,,,,,,,,,,,,,,,,,,,,,,,,,,,
2020-03-22,,,,,,,,,,,,,,,,,,,,,,,,,,,,,,,,,,,,,,,,
2020-03-23,,,,,,,,,,,,,,,,,,,,,,,,,,,,,,,,,,,,,,,,
2020-03-24,,,,,,,,,,,,,,,,,,,,,,,,,,,,,,,,,,,,,,,,
2020-03-25,,,,,,,,,,,,,,,,,,,,,,,,,,,,,,,,,,,,,,,,
2020-03-26,,,,,,,,,,,,,,,,,,,,,,,,,,,,,,,,,,,,,,,,
2020-03-27,,,,,,,,,,,,,,,,,,,,,,,,,,,,,,,,,,,,,,,,
2020-03-28,,,,,,,,,,,,,,,,,,,,,,,,,,,,,,,,,,,,,,,,
2020-03-29,,,,,,,,,,,,,,,,,,,,,,,,,,,,,,,,,,,,,,,,
2020-03-30,,,,,,,,,,,,,,,,,,,,,,,,,,,,,,,,,,,,,,,,
2020-03-31,,,,,,,,,,,,,,,,,,,,,,,,,,,,,,,,,,,,,,,,
2020-04-01,,,,,,,,,,,,,,,,,,,,,,,,,,,,,,,,,,,,,,,,
2020-04-02,,,,,,,,,,,,,,,,,,,,,,,,,,,,,,,,,,,,,,,,
2020-04-03,,,,,,,,,,,,,,,,,,,,,,,,,,,,,,,,,,,,,,,,
2020-04-04,,,,,,,,,,,,,,,,,,,,,,,,,,,,,,,,,,,,,,,,
2020-04-05,,,,,,,,,,,,,,,,,,,,,,,,,,,,,,,,,,,,,,,,
2020-04-06,,,,,,,,,,,,,,,,,,,,,,,,,,,,,,,,,,,,,,,,
2020-04-07,,,,,,,,,,,,,,,,,,,,,,,,,,,,,,,,,,,,,,,,
2020-04-08,,,,,,,,,,,,,,,,,,,,,,,,,,,,,,,,,,,,,,,,
2020-04-09,,,,,,,,,,,,,,,,,,,,,,,,,,,,,,,,,,,,,,,,
2020-04-10,,,,,,,,,,,,,,,,,,,,,,,,,,,,,,,,,,,,,,,,
2020-04-11,,,,,,,,,,,,,,,,,,,,,,,,,,,,,,,,,,,,,,,,
2020-04-12,,,,,,,,,,,,,,,,,,,,,,,,,,,,,,,,,,,,,,,,
2020-04-13,,,,,,,,,,,,,,,,,,,,,,,,,,,,,,,,,,,,,,,,
2020-04-14,,,,,,,,,,,,,,,,,,,,,,,,,,,,,,,,,,,,,,,,
2020-04-15,,,,,,,,,,,,,,,,,,,,,,,,,,,,,,,,,,,,,,,,
2020-04-16,,,,,,,,,,,,,,,,,,,,,,,,,,,,,,,,,,,,,,,,
2020-04-17,,,,,,,,,,,,,,,,,,,,,,,,,,,,,,,,,,,,,,,,
2020-04-18,,,,,,,,,,,,,,,,,,,,,,,,,,,,,,,,,,,,,,,,
2020-04-19,,,,,,,,,,,,,,,,,,,,,,,,,,,,,,,,,,,,,,,,
2020-04-20,,,,,,,,,,,,,,,,,,,,,,,,,,,,,,,,,,,,,,,,
2020-04-21,,,,,,,,,,,,,,,,,,,,,,,,,,,,,,,,,,,,,,,,
2020-04-22,,,,,,,,,,,,,,,,,,,,,,,,,,,,,,,,,,,,,,,,
2020-04-23,,,,,,,,,,,,,,,,,,,,,,,,,,,,,,,,,,,,,,,,
2020-04-24,,,,,,,,,,,,,,,,,,,,,,,,,,,,,,,,,,,,,,,,
2020-04-25,,,,,,,,,,,,,,,,,,,,,,,,,,,,,,,,,,,,,,,,
2020-04-26,,,,,,,,,,,,,,,,,,,,,,,,,,,,,,,,,,,,,,,,
2020-04-27,,,,,,,,,,,,,,,,,,,,,,,,,,,,,,,,,,,,,,,,
2020-04-28,,,,,,,,,,,,,,,,,,,,,,,,,,,,,,,,,,,,,,,,
2020-04-29,,,,,,,,,,,,,,,,,,,,,,,,,,,,,,,,,,,,,,,,
2020-04-30,,,,,,,,,,,,,,,,,,,,,,,,,,,,,,,,,,,,,,,,
2020-05-01,,,,,,,,,,,,,,,,,,,,,,,,,,,,,,,,,,,,,,,,
2020-05-02,,,,,,,,,,,,,,,,,,,,,,,,,,,,,,,,,,,,,,,,
2020-05-03,,,,,,,,,,,,,,,,,,,,,,,,,,,,,,,,,,,,,,,,
2020-05-04,,,,,,,,,,,,,,,,,,,,,,,,,,,,,,,,,,,,,,,,
2020-05-05,,,,,,,,,,,,,,,,,,,,,,,,,,,,,,,,,,,,,,,,
2020-05-06,,,,,,,,,,,,,,,,,,,,,,,,,,,,,,,,,,,,,,,,
2020-05-07,,,,,,,,,,,,,,,,,,,,,,,,,,,,,,,,,,,,,,,,
2020-05-08,,,,,,,,,,,,,,,,,,,,,,,,,,,,,,,,,,,,,,,,
2020-05-09,,,,,,,,,,,,,,,,,,,,,,,,,,,,,,,,,,,,,,,,
2020-05-10,,,,,,,,,,,,,,,,,,,,,,,,,,,,,,,,,,,,,,,,
2020-05-11,,,,,,,,,,,,,,,,,,,,,,,,,,,,,,,,,,,,,,,,
2020-05-12,,,,,,,,,,,,,,,,,,,,,,,,,,,,,,,,,,,,,,,,
2020-05-13,,,,,,,,,,,,,,,,,,,,,,,,,,,,,,,,,,,,,,,,
2020-05-14,,,,,,,,,,,,,,,,,,,,,,,,,,,,,,,,,,,,,,,,
2020-05-15,,,,,,,,,,,,,,,,,,,,,,,,,,,,,,,,,,,,,,,,
2020-05-16,,,,,,,,,,,,,,,,,,,,,,,,,,,,,,,,,,,,,,,,
2020-05-17,,,,,,,,,,,,,,,,,,,,,,,,,,,,,,,,,,,,,,,,
2020-05-18,,,,,,,,,,,,,,,,,,,,,,,,,,,,,,,,,,,,,,,,
2020-05-19,,,,,,,,,,,,,,,,,,,,,,,,,,,,,,,,,,,,,,,,
2020-05-20,,,,,,,,,,,,,,,,,,,,,,,,,,,,,,,,,,,,,,,,
2020-05-21,,,,,,,,,,,,,,,,,,,,,,,,,,,,,,,,,,,,,,,,
2020-05-22,,,,,,,,,,,,,,,,,,,,,,,,,,,,,,,,,,,,,,,,
2020-05-23,,,,,,,,,,,,,,,,,,,,,,,,,,,,,,,,,,,,,,,,
2020-05-24,,,,,,,,,,,,,,,,,,,,,,,,,,,,,,,,,,,,,,,,
2020-05-25,,,,,,,,,,,,,,,,,,,,,,,,,,,,,,,,,,,,,,,,
2020-05-26,,,,,,,,,,,,,,,,,,,,,,,,,,,,,,,,,,,,,,,,
2020-05-27,,,,,,,,,,,,,,,,,,,,,,,,,,,,,,,,,,,,,,,,
2020-05-28,,,,,,,,,,,,,,,,,,,,,,,,,,,,,,,,,,,,,,,,
2020-05-29,,,,,,,,,,,,,,,,,,,,,,,,,,,,,,,,,,,,,,,,
2020-05-30,,,,,,,,,,,,,,,,,,,,,,,,,,,,,,,,,,,,,,,,
2020-05-31,,,,,,,,,,,,,,,,,,,,,,,,,,,,,,,,,,,,,,,,
2020-06-01,,,,,,,,,,,,,,,,,,,,,,,,,,,,,,,,,,,,,,,,
2020-06-02,,,,,,,,,,,,,,,,,,,,,,,,,,,,,,,,,,,,,,,,
2020-06-03,,,,,,,,,,,,,,,,,,,,,,,,,,,,,,,,,,,,,,,,
2020-06-04,,,,,,,,,,,,,,,,,,,,,,,,,,,,,,,,,,,,,,,,
2020-06-05,,,,,,,,,,,,,,,,,,,,,,,,,,,,,,,,,,,,,,,,
2020-06-06,,,,,,,,,,,,,,,,,,,,,,,,,,,,,,,,,,,,,,,,
2020-06-07,,,,,,,,,,,,,,,,,,,,,,,,,,,,,,,,,,,,,,,,
2020-06-08,,,,,,,,,,,,,,,,,,,,,,,,,,,,,,,,,,,,,,,,
2020-06-09,,,,,,,,,,,,,,,,,,,,,,,,,,,,,,,,,,,,,,,,
2020-06-10,,,,,,,,,,,,,,,,,,,,,,,,,,,,,,,,,,,,,,,,
2020-06-11,,,,,,,,,,,,,,,,,,,,,,,,,,,,,,,,,,,,,,,,
2020-06-12,,,,,,,,,,,,,,,,,,,,,,,,,,,,,,,,,,,,,,,,
2020-06-13,,,,,,,,,,,,,,,,,,,,,,,,,,,,,,,,,,,,,,,,
2020-06-14,,,,,,,,,,,,,,,,,,,,,,,,,,,,,,,,,,,,,,,,
2020-06-15,,,,,,,,,,,,,,,,,,,,,,,,,,,,,,,,,,,,,,,,
2020-06-16,,,,,,,,,,,,,,,,,,,,,,,,,,,,,,,,,,,,,,,,
2020-06-17,,,,,,,,,,,,,,,,,,,,,,,,,,,,,,,,,,,,,,,,
2020-06-18,,,,,,,,,,,,,,,,,,,,,,,,,,,,,,,,,,,,,,,,
2020-06-19,,,,,,,,,,,,,,,,,,,,,,,,,,,,,,,,,,,,,,,,
2020-06-20,,,,,,,,,,,,,,,,,,,,,,,,,,,,,,,,,,,,,,,,
2020-06-21,,,,,,,,,,,,,,,,,,,,,,,,,,,,,,,,,,,,,,,,
2020-06-22,,,,,,,,,,,,,,,,,,,,,,,,,,,,,,,,,,,,,,,,
2020-06-23,,,,,,,,,,,,,,,,,,,,,,,,,,,,,,,,,,,,,,,,
2020-06-24,,,,,,,,,,,,,,,,,,,,,,,,,,,,,,,,,,,,,,,,
2020-06-25,,,,,,,,,,,,,,,,,,,,,,,,,,,,,,,,,,,,,,,,
2020-06-26,,,,,,,,,,,,,,,,,,,,,,,,,,,,,,,,,,,,,,,,
2020-06-27,,,,,,,,,,,,,,,,,,,,,,,,,,,,,,,,,,,,,,,,
2020-06-28,,,,,,,,,,,,,,,,,,,,,,,,,,,,,,,,,,,,,,,,
2020-06-29,,,,,,,,,,,,,,,,,,,,,,,,,,,,,,,,,,,,,,,,
2020-06-30,,,,,,,,,,,,,,,,,,,,,,,,,,,,,,,,,,,,,,,,
2020-07-01,,,,,,,,,,,,,,,,,,,,,,,,,,,,,,,,,,,,,,,,
2020-07-02,,,,,,,,,,,,,,,,,,,,,,,,,,,,,,,,,,,,,,,,
2020-07-03,,,,,,,,,,,,,,,,,,,,,,,,,,,,,,,,,,,,,,,,
2020-07-04,,,,,,,,,,,,,,,,,,,,,,,,,,,,,,,,,,,,,,,,
2020-07-05,,,,,,,,,,,,,,,,,,,,,,,,,,,,,,,,,,,,,,,,
2020-07-06,,,,,,,,,,,,,,,,,,,,,,,,,,,,,,,,,,,,,,,,
2020-07-07,,,,,,,,,,,,,,,,,,,,,,,,,,,,,,,,,,,,,,,,
2020-07-08,,,,,,,,,,,,,,,,,,,,,,,,,,,,,,,,,,,,,,,,
2020-07-09,,,,,,,,,,,,,,,,,,,,,,,,,,,,,,,,,,,,,,,,
2020-07-10,,,,,,,,,,,,,,,,,,,,,,,,,,,,,,,,,,,,,,,,
2020-07-11,,,,,,,,,,,,,,,,,,,,,,,,,,,,,,,,,,,,,,,,
2020-07-12,,,,,,,,,,,,,,,,,,,,,,,,,,,,,,,,,,,,,,,,
2020-07-13,,,,,,,,,,,,,,,,,,,,,,,,,,,,,,,,,,,,,,,,
2020-07-14,,,,,,,,,,,,,,,,,,,,,,,,,,,,,,,,,,,,,,,,
2020-07-15,,,,,,,,,,,,,,,,,,,,,,,,,,,,,,,,,,,,,,,,
2020-07-16,,,,,,,,,,,,,,,,,,,,,,,,,,,,,,,,,,,,,,,,
2020-07-17,,,,,,,,,,,,,,,,,,,,,,,,,,,,,,,,,,,,,,,,
2020-07-18,,,,,,,,,,,,,,,,,,,,,,,,,,,,,,,,,,,,,,,,
2020-07-19,,,,,,,,,,,,,,,,,,,,,,,,,,,,,,,,,,,,,,,,
2020-07-20,,,,,,,,,,,,,,,,,,,,,,,,,,,,,,,,,,,,,,,,
2020-07-21,,,,,,,,,,,,,,,,,,,,,,,,,,,,,,,,,,,,,,,,
2020-07-22,,,,,,,,,,,,,,,,,,,,,,,,,,,,,,,,,,,,,,,,
2020-07-23,,,,,,,,,,,,,,,,,,,,,,,,,,,,,,,,,,,,,,,,
2020-07-24,,,,,,,,,,,,,,,,,,,,,,,,,,,,,,,,,,,,,,,,
2020-07-25,,,,,,,,,,,,,,,,,,,,,,,,,,,,,,,,,,,,,,,,
2020-07-26,,,,,,,,,,,,,,,,,,,,,,,,,,,,,,,,,,,,,,,,
2020-07-27,,,,,,,,,,,,,,,,,,,,,,,,,,,,,,,,,,,,,,,,
2020-07-28,,,,,,,,,,,,,,,,,,,,,,,,,,,,,,,,,,,,,,,,
2020-07-29,,,,,,,,,,,,,,,,,,,,,,,,,,,,,,,,,,,,,,,,
2020-07-30,,,,,,,,,,,,,,,,,,,,,,,,,,,,,,,,,,,,,,,,
2020-07-31,,,,,,,,,,,,,,,,,,,,,,,,,,,,,,,,,,,,,,,,
2020-08-01,,,,,,,,,,,,,,,,,,,,,,,,,,,,,,,,,,,,,,,,
2020-08-02,,,,,,,,,,,,,,,,,,,,,,,,,,,,,,,,,,,,,,,,
2020-08-03,,,,,,,,,,,,,,,,,,,,,,,,,,,,,,,,,,,,,,,,
2020-08-04,,,,,,,,,,,,,,,,,,,,,,,,,,,,,,,,,,,,,,,,
2020-08-05,,,,,,,,,,,,,,,,,,,,,,,,,,,,,,,,,,,,,,,,
2020-08-06,,,,,,,,,,,,,,,,,,,,,,,,,,,,,,,,,,,,,,,,
2020-08-07,,,,,,,,,,,,,,,,,,,,,,,,,,,,,,,,,,,,,,,,
2020-08-08,,,,,,,,,,,,,,,,,,,,,,,,,,,,,,,,,,,,,,,,
2020-08-09,,,,,,,,,,,,,,,,,,,,,,,,,,,,,,,,,,,,,,,,
2020-08-10,,,,,,,,,,,,,,,,,,,,,,,,,,,,,,,,,,,,,,,,
2020-08-11,,,,,,,,,,,,,,,,,,,,,,,,,,,,,,,,,,,,,,,,
2020-08-12,,,,,,,,,,,,,,,,,,,,,,,,,,,,,,,,,,,,,,,,
2020-08-13,,,,,,,,,,,,,,,,,,,,,,,,,,,,,,,,,,,,,,,,
2020-08-14,,,,,,,,,,,,,,,,,,,,,,,,,,,,,,,,,,,,,,,,
2020-08-15,,,,,,,,,,,,,,,,,,,,,,,,,,,,,,,,,,,,,,,,
2020-08-16,,,,,,,,,,,,,,,,,,,,,,,,,,,,,,,,,,,,,,,,
2020-08-17,,,,,,,,,,,,,,,,,,,,,,,,,,,,,,,,,,,,,,,,
2020-08-18,,,,,,,,,,,,,,,,,,,,,,,,,,,,,,,,,,,,,,,,
2020-08-19,,,,,,,,,,,,,,,,,,,,,,,,,,,,,,,,,,,,,,,,
2020-08-20,,,,,,,,,,,,,,,,,,,,,,,,,,,,,,,,,,,,,,,,
2020-08-21,,,,,,,,,,,,,,,,,,,,,,,,,,,,,,,,,,,,,,,,
2020-08-22,,,,,,,,,,,,,,,,,,,,,,,,,,,,,,,,,,,,,,,,
2020-08-23,,,,,,,,,,,,,,,,,,,,,,,,,,,,,,,,,,,,,,,,
2020-08-24,,,,,,,,,,,,,,,,,,,,,,,,,,,,,,,,,,,,,,,,
2020-08-25,,,,,,,,,,,,,,,,,,,,,,,,,,,,,,,,,,,,,,,,
2020-08-26,,,,,,,,,,,,,,,,,,,,,,,,,,,,,,,,,,,,,,,,
2020-08-27,,,,,,,,,,,,,,,,,,,,,,,,,,,,,,,,,,,,,,,,
2020-08-28,,,,,,,,,,,,,,,,,,,,,,,,,,,,,,,,,,,,,,,,
2020-08-29,,,,,,,,,,,,,,,,,,,,,,,,,,,,,,,,,,,,,,,,
2020-08-30,,,,,,,,,,,,,,,,,,,,,,,,,,,,,,,,,,,,,,,,
2020-08-31,,,,,,,,,,,,,,,,,,,,,,,,,,,,,,,,,,,,,,,,
2020-09-01,,,,,,,,,,,,,,,,,,,,,,,,,,,,,,,,,,,,,,,,
2020-09-02,,,,,,,,,,,,,,,,,,,,,,,,,,,,,,,,,,,,,,,,
2020-09-03,,,,,,,,,,,,,,,,,,,,,,,,,,,,,,,,,,,,,,,,
2020-09-04,,,,,,,,,,,,,,,,,,,,,,,,,,,,,,,,,,,,,,,,
2020-09-05,,,,,,,,,,,,,,,,,,,,,,,,,,,,,,,,,,,,,,,,
2020-09-06,,,,,,,,,,,,,,,,,,,,,,,,,,,,,,,,,,,,,,,,
2020-09-07,,,,,,,,,,,,,,,,,,,,,,,,,,,,,,,,,,,,,,,,
2020-09-08,,,,,,,,,,,,,,,,,,,,,,,,,,,,,,,,,,,,,,,,
2020-09-09,,,,,,,,,,,,,,,,,,,,,,,,,,,,,,,,,,,,,,,,
2020-09-10,,,,,,,,,,,,,,,,,,,,,,,,,,,,,,,,,,,,,,,,
2020-09-11,,,,,,,,,,,,,,,,,,,,,,,,,,,,,,,,,,,,,,,,
2020-09-12,,,,,,,,,,,,,,,,,,,,,,,,,,,,,,,,,,,,,,,,
2020-09-13,,,,,,,,,,,,,,,,,,,,,,,,,,,,,,,,,,,,,,,,
2020-09-14,,,,,,,,,,,,,,,,,,,,,,,,,,,,,,,,,,,,,,,,
2020-09-15,,,,,,,,,,,,,,,,,,,,,,,,,,,,,,,,,,,,,,,,
2020-09-16,,,,,,,,,,,,,,,,,,,,,,,,,,,,,,,,,,,,,,,,
2020-09-17,,,,,,,,,,,,,,,,,,,,,,,,,,,,,,,,,,,,,,,,
2020-09-18,,,,,,,,,,,,,,,,,,,,,,,,,,,,,,,,,,,,,,,,
2020-09-19,,,,,,,,,,,,,,,,,,,,,,,,,,,,,,,,,,,,,,,,
2020-09-20,,,,,,,,,,,,,,,,,,,,,,,,,,,,,,,,,,,,,,,,
2020-09-21,,,,,,,,,,,,,,,,,,,,,,,,,,,,,,,,,,,,,,,,
2020-09-22,,,,,,,,,,,,,,,,,,,,,,,,,,,,,,,,,,,,,,,,
2020-09-23,,,,,,,,,,,,,,,,,,,,,,,,,,,,,,,,,,,,,,,,
2020-09-24,,,,,,,,,,,,,,,,,,,,,,,,,,,,,,,,,,,,,,,,
2020-09-25,,,,,,,,,,,,,,,,,,,,,,,,,,,,,,,,,,,,,,,,
2020-09-26,,,,,,,,,,,,,,,,,,,,,,,,,,,,,,,,,,,,,,,,
2020-09-27,,,,,,,,,,,,,,,,,,,,,,,,,,,,,,,,,,,,,,,,
2020-09-28,,,,,,,,,,,,,,,,,,,,,,,,,,,,,,,,,,,,,,,,
2020-09-29,,,,,,,,,,,,,,,,,,,,,,,,,,,,,,,,,,,,,,,,
2020-09-30,,,,,,,,,,,,,,,,,,,,,,,,,,,,,,,,,,,,,,,,
2020-10-01,0.5,0.0,17.0,1308.5,33.5,0.0,0.0,,0.0,33.0,0.0,215.5,,786.0,0.0,74.0,1080.0,962.0,1749.0,1175.0,,,936.0,,0.0,401.5,136.5,,0.0,0.0,,142.5,,186.0,30.0,823.0,,,15.0,
2020-10-02,480.0,107.0,123.5,836.0,138.5,56.5,54.5,,999.0,64.5,287.5,140.5,,473.5,,802.5,368.0,397.5,938.0,685.0,,,414.0,,300.5,347.0,516.5,,,235.0,125.0,106.5,,95.0,1053.0,697.5,,,65.5,916.5
2020-10-03,,,,,,,,,,,,,,,,,,,,,,,,,,,,,,,,,,,,,,,,
2020-10-04,,,,,,,,,,,,,,,,,,,,,,,,,,,,,,,,,,,,,,,,
2020-10-05,,89.0,97.0,0.0,,46.5,23.0,,86.5,70.5,57.5,62.0,,66.5,,26.0,170.5,157.0,145.0,170.5,,,244.5,,104.0,317.0,201.0,,71.0,67.5,,343.0,,104.0,109.5,215.0,112.0,,71.5,
2020-10-06,39.5,1141.5,412.0,17.0,28.5,225.5,95.5,,167.5,121.5,104.5,3.5,,281.5,,14.0,260.0,81.0,137.5,18.0,,,424.0,,5.0,363.5,509.0,,,279.5,,555.0,,2.5,19.5,289.0,471.0,,629.5,13.0
2020-10-07,,0.0,0.0,25.5,,531.0,430.0,,,,1492.5,81.0,,208.5,,,0.0,30.0,13.5,0.5,,,14.0,,192.5,34.5,214.5,,,333.0,,30.5,,17.5,,15.5,1277.5,,,
2020-10-08,,1258.0,1858.0,296.5,338.5,575.5,523.5,,1115.5,,983.5,1767.0,,1136.5,,238.0,1922.0,907.5,1045.5,780.5,,,1737.0,,244.5,1768.5,265.0,,634.0,799.5,,2639.5,,1353.5,1583.5,1088.0,974.5,,555.0,407.0
2020-10-09,,0.0,61.5,0.0,74.0,41.5,0.0,,48.5,,334.0,216.0,,85.5,,75.5,0.0,0.0,103.0,37.0,,,56.5,,8.0,0.0,21.5,,0.0,0.0,,0.0,,152.0,183.0,28.0,20.0,,65.5,
2020-10-10,,28.5,104.0,0.0,333.0,79.0,109.5,,0.0,102.5,23.5,153.5,,0.0,,130.5,483.0,0.0,188.0,4.5,,,308.5,,14.5,0.0,82.0,,133.5,0.0,88.0,0.0,,265.5,79.0,44.5,0.0,,146.5,
2020-10-11,,,,,,,,,,,,,,,,,,,,,,,,,,,,,,,,,,,,,,,,
2020-10-12,,,,,,,,,,,,,,,,,,,,,,,,,,,,,,,,,,,,,,,,
2020-10-13,,,,,,,,,,,,,,,,,,,,,,,,,,,,,,,,,,,,,,,,
2020-10-14,,666.0,818.5,1237.5,762.5,2219.0,3224.0,,864.5,,464.5,1677.0,,1353.5,,2187.0,870.5,1184.0,1210.0,1139.0,,,813.5,,387.0,1110.5,1395.5,,667.5,1002.5,2003.0,847.0,,1261.5,965.5,,1016.0,,631.0,
2020-10-15,96.5,40.5,71.5,0.0,37.5,42.5,40.0,,0.0,,41.0,0.0,,40.5,59.0,57.5,69.0,43.0,96.0,0.0,,,40.0,,15.5,25.0,57.0,,114.0,21.5,,64.5,,91.0,86.5,41.0,49.0,,21.5,
2020-10-16,0.0,0.0,0.5,0.0,0.0,0.0,0.0,,20.0,,0.0,0.0,,0.0,,24.0,0.0,0.0,0.5,0.0,,,21.5,,43.0,0.0,41.5,,0.0,0.0,,0.0,,0.5,1.0,0.0,19.5,,0.0,
2020-10-17,,32.5,51.0,230.0,639.0,0.0,0.0,,501.5,,572.0,77.5,,24.0,,392.0,156.0,212.5,20.5,241.5,,,137.5,,142.5,95.0,7.5,,,13.0,539.0,188.0,,39.0,143.0,34.5,575.5,,277.0,
2020-10-18,,117.0,173.0,115.0,,203.0,195.5,,450.5,,,759.5,,,,317.5,754.0,323.5,,,,,618.5,,,759.5,146.5,,343.5,,210.5,264.5,,465.5,513.0,330.5,,,491.0,
2020-10-19,,119.5,110.5,0.0,95.0,163.0,299.5,,37.0,,11.5,914.5,,34.5,,39.0,57.0,38.0,71.5,45.0,,,84.0,,40.5,80.5,85.5,,46.0,42.5,368.5,103.5,,658.5,55.5,38.0,119.0,,130.0,
2020-10-20,,0.0,1.5,0.0,0.0,0.0,0.0,,0.0,0.0,136.0,26.0,,0.0,,41.5,0.0,0.0,1.0,0.0,,0.5,1.0,,0.5,0.0,1.0,,,,0.0,0.0,,18.5,13.5,0.0,1.0,,41.5,
2020-10-21,202.0,119.0,189.0,550.5,262.0,1019.0,844.0,88.0,99.5,,25.0,557.0,,1019.5,,85.0,325.0,511.5,684.5,230.5,,,295.5,,136.0,147.5,240.5,,,94.0,781.5,202.0,,712.0,25.0,572.5,131.0,,325.5,
2020-10-22,1529.5,1065.0,2007.5,561.0,754.0,1080.5,916.5,,571.5,,1000.5,251.5,,147.0,,581.0,922.5,436.0,422.0,344.0,,,1234.5,,320.0,446.0,670.5,,,555.0,419.5,1658.5,,207.0,984.5,738.0,291.5,,930.5,
2020-10-23,,,61.5,32.5,,47.5,53.5,,5.5,,74.5,,,3.5,,85.5,25.0,,16.0,65.5,,,80.5,,18.5,36.0,54.0,,,,50.5,7.0,,6.5,104.5,,22.0,,240.5,
2020-10-24,697.5,240.0,317.5,475.0,293.5,1055.0,970.0,,12.5,,184.5,121.0,,994.5,,214.0,107.5,94.0,144.0,173.5,,,184.5,,33.0,158.5,907.5,,,56.0,1403.5,262.5,,84.0,62.5,475.0,188.5,,782.0,
2020-10-25,,,,,,,,,,,,,,,,,,,,,,,,,,,,,,,,,,,,,,,,
2020-10-26,,749.0,923.0,107.0,120.0,249.5,191.0,,358.0,,866.5,78.0,,254.0,,107.5,641.0,568.5,708.5,503.5,,203.0,600.0,,39.0,596.5,,,545.0,546.0,103.5,846.0,,88.0,819.0,760.0,147.0,,740.5,263.0
2020-10-27,,382.0,700.5,36.5,431.0,54.0,35.0,,,109.5,33.5,0.0,,9.0,621.5,450.5,333.5,133.5,0.0,111.5,,,338.5,,2.0,143.5,53.0,,284.0,96.5,141.0,82.5,,0.0,153.5,36.0,98.0,,112.0,625.5
2020-10-28,,527.5,663.5,626.0,,107.0,113.0,,,,509.0,0.0,,142.0,,103.5,902.0,891.5,540.0,696.5,,,1237.5,,,584.0,123.5,,,23.0,12.5,188.5,,11.5,663.0,250.5,7.0,,317.5,
2020-10-29,,,,,,,,,,,,,,,,,,,,,,,,,,,,,,,,,,,,,,,,
2020-10-30,,0.0,136.5,50.0,0.5,0.0,0.0,,,,20.0,0.0,,0.0,2.0,375.0,77.5,410.0,129.5,87.0,,,22.5,,,254.5,0.0,,,0.0,162.0,270.5,,0.0,61.5,0.0,0.0,,168.5,
2020-10-31,,357.0,325.0,0.0,,0.0,0.0,,,,,0.0,,0.0,,18.5,278.0,133.5,0.0,,,,,,,,,,,,,,,,,,,,,
2020-11-01,,,,,,,,,,,,,,,,,,,,,,,,,,,,,,,,,,,,,,,,
2020-11-02,,1543.5,1074.0,136.5,413.0,94.5,154.5,,,,352.0,43.0,,317.5,,508.5,435.5,155.5,369.5,110.5,,,439.0,,,210.0,1005.5,,,1304.5,345.0,428.5,,42.0,138.5,684.5,340.0,,859.5,370.0
2020-11-03,,546.5,347.0,85.0,176.5,387.0,438.0,,,,456.0,331.5,,105.0,,77.0,92.5,76.0,153.5,50.5,,,129.5,,,348.0,87.5,,,478.0,447.5,781.5,,143.0,194.5,90.0,383.5,,699.0,
2020-11-04,,1906.0,1998.0,490.5,,329.0,,,,,,,,,,,,,,,,,,,,1706.0,,,,,1050.5,,,,,,,,,
2020-11-05,,179.5,86.5,0.0,842.5,255.0,122.5,,,,522.0,53.0,,57.0,,41.0,370.0,384.0,64.5,337.5,,,475.5,,,214.5,131.0,,,83.5,861.5,355.5,,102.5,223.5,51.0,148.0,,317.5,53.5
2020-11-06,,1.5,0.0,0.0,34.5,0.0,0.0,,,,21.5,0.0,,0.0,,0.0,0.0,0.0,0.0,0.0,,350.5,10.0,,,28.0,0.0,,,0.0,0.0,0.0,,3.0,6.5,0.0,1.0,,0.0,
2020-11-07,,1054.0,679.0,333.0,495.0,782.5,604.0,,,,414.5,694.5,,927.5,,329.5,697.0,474.5,849.0,555.5,,264.0,918.0,,,804.5,1200.5,,,395.0,573.5,525.5,,739.0,294.0,1130.5,4800.0,,1099.5,285.0
2020-11-08,,62.5,4.5,22.0,1449.0,2572.5,2585.0,,,,750.0,1205.5,,49.0,,40.0,39.0,97.5,93.5,270.5,,257.0,0.0,,,212.5,237.5,,,413.5,616.5,100.0,,864.0,1100.5,174.0,271.5,,2350.5,120.5
2020-11-09,,1194.0,714.5,431.0,586.5,704.5,669.0,,894.5,,297.5,588.5,,707.0,,369.0,826.5,537.0,1812.0,581.5,,396.0,632.5,,,798.5,878.0,,,693.5,1065.5,2177.5,,455.5,565.5,868.0,1465.5,,732.0,279.5
2020-11-10,,231.0,0.0,0.0,16.5,0.0,25.5,,,,64.0,93.0,,211.0,,0.0,0.0,0.0,0.0,20.0,,37.0,21.5,,,15.5,457.5,,,900.5,0.0,217.5,,132.5,15.5,150.0,162.0,,94.0,0.0
2020-11-11,2.5,32.0,0.0,0.0,0.0,0.0,0.0,,,,20.0,3.0,,0.0,,0.0,0.0,0.0,0.0,0.0,,2.0,0.0,,,0.0,0.0,,,21.5,0.0,26.5,,41.5,0.0,0.0,5.5,,1.5,
2020-11-12,0.0,122.0,64.0,0.0,74.0,0.0,0.0,,,0.0,373.0,277.5,,0.0,130.0,0.0,0.0,0.0,0.0,0.0,,0.0,22.5,,,362.0,0.0,,,2051.0,0.0,193.5,,278.0,273.0,20.0,2818.0,,0.0,
2020-11-13,58.0,145.5,59.0,92.0,29.5,0.0,0.0,,302.0,0.0,86.0,83.5,,0.0,408.0,885.5,798.0,966.0,0.0,867.0,,0.0,494.0,,,291.5,39.5,,,908.0,63.5,628.0,,44.5,60.0,139.0,219.5,,37.0,611.5
2020-11-14,,1132.5,1535.0,2941.0,1614.5,981.0,658.5,,1979.5,1666.5,988.0,474.5,,1354.5,,1883.0,1246.0,1252.0,1130.5,1307.5,,3073.5,1121.0,,,1224.5,1421.0,,,920.5,1358.5,1438.0,,385.5,1551.5,2360.5,1093.5,,1176.5,
2020-11-15,,43.0,56.5,596.5,501.5,143.0,126.5,,136.5,,344.5,222.5,,367.0,21.0,523.5,112.5,196.0,503.5,357.5,,105.0,163.0,,,30.0,763.5,,,85.0,330.0,82.0,,175.0,400.5,523.5,172.0,,297.0,
2020-11-16,,108.5,89.5,35.0,151.0,100.5,102.0,135.5,814.5,249.5,63.0,7.0,,98.5,207.0,252.0,104.0,88.0,271.0,5.5,,195.5,119.5,,,302.0,341.5,,,571.5,162.0,259.0,,36.5,143.0,175.5,1060.0,,141.5,
2020-11-17,,271.5,598.5,122.0,148.5,0.0,29.0,,443.5,,589.0,32.5,,56.0,195.0,507.0,1025.5,889.5,147.5,346.0,,1724.5,562.0,,,936.0,148.0,,,130.5,58.0,403.5,,42.5,258.0,62.5,666.0,,30.5,451.0
2020-11-18,,355.0,291.0,599.0,229.0,321.0,342.5,340.5,1295.0,373.0,158.5,1667.5,,98.0,288.5,234.5,143.0,416.5,163.5,294.5,,1136.5,127.0,,115.0,651.0,171.0,,,323.5,1098.5,367.0,,1411.5,256.5,180.0,156.0,,670.0,81.5
2020-11-19,,0.0,0.0,79.0,389.5,102.5,129.5,179.0,98.0,,137.5,571.0,,100.0,48.0,20.0,392.0,220.5,149.5,82.5,,789.0,310.0,,32.0,143.0,29.5,,,11.0,1479.5,279.5,,463.5,89.0,154.5,,,156.0,
2020-11-20,,0.0,0.0,0.0,0.0,0.0,0.0,0.0,36.5,0.0,27.5,0.0,,0.0,18.0,38.0,0.0,0.0,0.0,2.0,,0.0,0.0,,0.0,0.0,0.0,,,0.0,0.0,24.0,,0.0,200.0,16.5,,,37.5,
2020-11-21,,1120.0,1265.5,453.0,677.5,242.5,235.5,203.0,333.5,238.5,128.0,84.5,,306.0,1534.0,859.5,962.0,727.0,349.0,783.0,,387.5,1004.0,,85.5,810.0,253.5,,,442.0,384.0,735.0,,119.0,152.0,,,,330.0,
2020-11-22,,72.0,24.5,359.0,1029.0,0.0,13.5,,3.0,356.0,199.0,0.0,,272.0,96.0,268.5,43.5,1.0,22.5,68.5,,18.0,46.0,,2.0,20.5,34.0,,,25.5,226.0,101.0,,21.0,190.0,15.5,,,68.5,291.5
2020-11-23,,427.5,292.0,36.0,126.5,141.0,175.0,,97.0,11.5,890.0,545.0,,250.5,12.0,10.5,101.5,79.5,411.0,8.5,,18.0,140.0,,5.5,148.0,198.0,,,915.0,481.5,608.0,,436.5,364.5,70.0,,,211.0,
2020-11-24,,673.5,1208.0,332.5,319.5,691.5,1004.5,,1147.0,593.0,314.0,178.0,,362.0,836.0,214.0,1117.0,157.5,345.5,131.5,,1316.0,826.5,,169.5,599.0,298.5,,,2093.5,318.0,801.5,,182.0,819.5,874.0,,,1564.0,
2020-11-25,,0.0,34.0,117.5,676.0,705.0,580.5,652.5,29.5,,279.0,314.5,,215.5,,243.5,13.0,99.5,78.0,382.0,,477.5,,,6.5,64.5,651.0,,,488.0,1288.0,14.0,,382.0,474.5,,,,1173.5,
2020-11-26,,477.0,517.0,449.0,182.5,119.0,128.5,341.0,187.0,353.0,1590.5,104.0,,202.0,,545.0,841.5,557.5,636.0,600.5,,356.5,,,19.5,895.5,656.0,,,329.0,122.0,909.0,,126.0,753.5,500.0,182.5,,487.0,
2020-11-27,,581.5,662.5,880.0,439.5,1090.5,1017.5,478.5,1410.5,1306.0,998.0,306.0,,624.0,836.5,700.0,276.0,770.5,961.5,577.0,,767.5,373.5,,342.5,862.5,815.0,,765.0,991.5,3308.0,620.0,,412.5,1877.0,719.5,1482.0,,911.5,271.0
2020-11-28,,60.5,101.5,0.0,6.0,0.0,43.5,16.0,,35.0,34.0,0.0,,1.0,36.5,3.5,162.5,72.5,25.5,38.5,,285.0,118.5,,8.0,348.5,0.0,,,48.0,100.5,150.0,,11.0,368.5,0.0,165.5,,16.0,
2020-11-29,,845.5,643.5,87.0,444.0,570.5,667.0,147.0,,495.0,825.0,1566.5,,118.0,,563.5,97.5,100.0,42.5,102.0,,125.0,139.5,,106.0,105.5,98.5,,,408.0,933.0,935.5,,1198.5,621.5,75.5,528.5,,686.5,
2020-11-30,136.0,380.5,206.0,123.0,124.5,475.0,383.5,589.5,81.0,280.0,40.5,392.5,,342.0,810.0,58.5,90.0,183.0,208.0,139.5,,212.0,134.0,,17.5,57.0,14.0,,,784.5,73.5,731.5,,384.0,14.5,,233.0,,410.0,
2020-12-01,,,,,,,,,,,,,,,,,,,,,,,,,,,,,,,,,,,,,,,,
2020-12-02,,0.0,43.0,0.0,0.0,12.0,18.0,0.0,0.0,44.0,96.0,63.5,,0.0,21.5,0.0,83.0,326.5,30.0,413.0,,368.0,302.0,,0.0,145.0,1.5,,,0.0,48.5,30.0,,61.5,91.5,34.0,0.0,,0.0,
2020-12-03,,1879.0,1735.0,252.0,639.0,926.0,244.0,,148.5,,205.5,1349.5,,0.0,1509.5,567.0,1351.0,717.5,397.0,486.5,,31.5,1559.5,,152.5,462.5,1129.5,,,1393.5,783.5,2761.0,,1133.5,65.5,179.0,1000.5,,436.0,
2020-12-04,,639.5,184.0,474.0,390.0,,102.5,658.0,1546.0,,436.5,364.0,,,684.0,371.0,110.0,127.5,167.5,127.0,,360.0,68.0,,116.0,150.0,558.5,,,525.0,112.0,555.5,,231.5,483.5,307.5,594.5,,1276.5,104.5
2020-12-05,,1709.5,2071.5,1353.0,1258.5,644.5,681.0,,1010.0,1272.5,416.0,1144.5,,508.5,422.0,984.5,2176.5,2468.5,1480.0,2295.0,,233.0,2437.5,,135.5,1775.5,1429.0,,,916.5,980.5,1295.5,,1248.5,268.5,2016.5,522.0,,1300.0,1521.5
2020-12-06,,2241.0,2310.0,2699.5,2551.0,1215.0,1418.0,,2705.0,2099.5,1231.0,871.5,,0.0,,2628.5,2879.0,2808.5,3282.0,3543.5,,519.0,2675.5,,258.5,2759.0,5799.0,,,3474.0,2764.5,2418.5,,630.5,869.5,4410.5,1463.5,,1521.0,2426.5
2020-12-07,,0.0,23.0,38.0,94.5,64.5,76.5,,141.0,481.5,21.0,98.0,,,,26.0,21.5,0.0,91.5,75.5,,35.5,62.0,,3.5,74.5,154.0,,,0.0,333.0,68.5,,91.5,16.5,81.0,19.5,,181.0,
2020-12-08,28.0,1.5,0.0,0.0,0.0,1.0,1.5,,54.0,32.5,303.5,2.5,,,,43.0,0.0,0.0,0.5,0.5,,64.0,0.5,,0.0,0.5,25.0,,,0.0,8.5,0.0,,3.0,28.5,2.0,46.0,,4.0,
2020-12-09,,863.5,379.5,0.0,22.5,0.0,22.5,,2552.5,85.5,910.5,111.5,,,,176.0,303.0,153.5,129.5,156.0,,68.5,238.0,,376.0,359.0,269.5,,,965.5,41.0,497.5,,54.0,868.5,46.0,1556.5,,0.0,103.0
2020-12-10,,527.0,708.5,1351.0,407.5,1034.0,876.5,,112.5,1100.5,43.5,858.0,,,,2859.5,1938.0,2292.0,2086.0,2620.5,,37.0,1725.5,,76.0,2325.0,3621.5,,,258.5,590.0,472.0,,1032.5,288.5,2855.0,211.5,,752.0,
2020-12-11,,1951.0,910.0,300.0,583.0,423.0,380.0,,1575.0,454.5,424.0,313.0,,,,319.5,413.5,585.0,936.0,680.5,,117.0,377.0,,406.5,502.5,381.0,,,927.0,683.0,2006.5,,311.5,170.0,1047.0,1217.5,,697.0,
2020-12-12,,367.5,514.0,1555.0,576.0,1507.0,1077.0,,501.5,290.5,520.0,1748.5,,,,4044.0,651.0,1553.0,1037.0,1937.0,,498.5,836.5,,29.0,772.0,1033.5,,,151.5,618.0,428.5,,1448.0,83.0,1158.5,869.0,,530.0,
2020-12-13,,121.5,318.5,67.5,75.0,21.5,14.5,,18.0,,20.0,20.0,,,,475.0,395.0,685.5,199.0,532.0,,66.5,239.5,,24.0,519.0,96.0,,,26.5,238.0,478.0,,17.5,26.5,211.0,16.0,,14.0,
2020-12-14,,21.5,0.0,167.0,714.0,,237.5,,22.5,,55.5,634.0,,,,309.0,17.0,514.0,115.5,325.0,,189.0,76.5,,0.0,29.0,20.0,,,2.5,71.5,24.5,,444.5,31.0,220.0,0.5,,7.0,0.0
2020-12-15,,244.0,0.0,0.0,18.5,344.5,163.0,,0.0,,156.0,1675.5,,,,0.0,0.0,0.0,3.5,9.5,,,2.0,,0.0,0.0,5.5,,,0.0,73.5,30.0,,1130.5,443.5,0.0,29.0,,561.5,
2020-12-16,,0.0,0.0,0.0,0.0,153.0,,,56.5,,576.5,357.5,,13.0,,11.5,1.0,0.5,5.0,0.0,,199.5,0.5,,23.0,1.5,,,,621.0,35.0,3.5,,329.5,,155.0,2.0,,176.5,
2020-12-17,,193.5,209.5,171.5,125.0,767.0,,,518.5,125.0,260.0,222.0,,381.0,,174.0,255.0,208.5,200.0,165.0,,147.0,151.5,,111.0,242.5,,,,479.0,292.5,288.5,,230.0,,252.5,491.0,,148.5,
2020-12-18,502.5,114.0,2072.0,614.5,1313.0,338.5,145.0,,673.0,1220.0,342.0,86.0,,1394.0,253.0,476.5,980.0,440.0,833.5,305.0,,237.5,838.0,,124.5,327.5,,,,221.0,280.5,135.5,,101.0,,1165.5,1631.0,,387.5,
2020-12-19,,107.5,51.5,24.5,58.0,51.0,22.5,,42.0,65.5,121.5,158.0,,43.5,,38.0,0.0,72.5,24.5,82.0,,48.5,29.0,,3.5,9.0,,,,5.0,86.0,55.5,,158.0,193.0,47.0,235.5,,47.5,
2020-12-20,,25.0,36.5,65.5,306.5,356.5,267.5,,302.5,145.5,307.0,298.0,,34.5,,16.5,22.0,30.5,128.5,16.0,,14.5,59.5,,286.5,67.0,,,,355.5,220.5,102.0,,332.0,555.0,27.5,171.0,,46.5,
2020-12-21,,1383.5,1447.5,827.0,1828.0,2250.5,2238.0,,1528.0,1908.0,2230.5,2455.0,,1913.0,1023.5,1069.5,1502.5,1489.0,1965.0,1522.5,,0.5,1633.5,,251.5,1188.5,,,,1705.5,2356.0,2116.0,,1920.0,2895.5,2217.5,2809.0,,1648.5,1075.5
2020-12-22,,4624.5,2339.5,98.0,560.0,408.0,429.5,,16162.5,,594.0,98.0,,235.0,5719.0,639.0,1048.5,1031.0,336.5,750.5,,711.0,959.5,,3990.5,1365.5,,,,9139.5,244.5,4288.0,,66.0,919.5,330.5,9092.0,,731.0,539.5
2020-12-23,,0.0,27.5,0.0,11.0,26.5,31.5,,0.0,,0.0,0.0,,0.0,0.0,33.0,0.0,0.0,0.0,0.0,,,0.0,,0.0,0.0,15.5,,,174.0,23.0,0.0,,0.0,0.0,0.0,0.0,,108.5,
2020-12-24,,299.0,966.0,0.0,0.0,55.5,97.5,,0.0,,455.0,23.0,,0.0,138.5,27.5,1468.0,609.5,110.0,38.5,,,1073.0,,0.0,390.5,0.5,,,0.0,0.0,95.0,,12.0,122.0,19.0,0.0,,351.5,
2020-12-25,,,,,,,,,,,,,,,,,,,,,,,,,,,,,,,,,,,,,,,,
2020-12-26,,,,,,,,,,,,,,,,,,,,,,,,,,,,,,,,,,,,,,,,
2020-12-27,,0.0,0.0,0.0,0.0,0.0,0.0,,33.5,0.0,0.0,0.0,,0.0,0.0,0.0,0.0,0.0,0.0,0.0,,,0.0,,0.0,0.0,0.5,,,0.0,0.0,0.0,,0.0,0.0,29.5,0.0,,0.0,
2020-12-28,,0.0,0.0,31.5,0.0,0.0,27.0,,0.0,0.0,0.0,0.0,,0.0,0.0,0.0,0.0,0.0,485.0,0.0,,,0.0,,0.0,0.0,604.0,,,144.0,0.0,0.0,,0.0,0.0,491.5,0.0,,0.0,
2020-12-29,,0.0,3.0,0.0,39.0,27.5,29.0,,0.0,,118.5,0.0,,20.0,0.0,0.0,0.0,0.0,0.0,32.5,,,7.0,,359.0,46.0,194.0,,,31.0,90.0,27.5,,0.0,114.5,0.0,566.0,,119.0,
2020-12-30,,244.0,329.5,571.0,299.5,373.5,353.5,,1311.0,,195.5,149.0,,261.0,825.0,200.5,252.0,248.0,186.0,208.5,,239.0,254.5,,,257.5,341.0,,,339.0,262.5,297.5,,153.5,1109.5,298.5,955.0,,169.0,
2020-12-31,,,,,,,,,,,,,,,,,,,,,,,,,,,,,,,,,,,,,,,,
2021-01-01,,37.0,23.5,22.5,35.0,75.0,50.0,,,,14.0,19.0,,30.5,7.5,8.5,31.0,26.5,18.5,28.0,,510.5,26.5,,0.0,26.5,16.0,,,4.0,40.5,16.0,,15.0,17.5,43.5,,,91.0,
2021-01-02,,1065.5,2050.5,1345.5,258.5,197.5,141.5,,84.5,1214.0,48.5,29.5,,908.0,177.5,,1407.5,1458.5,949.5,1392.0,,43.5,1316.0,,282.5,1613.0,1446.5,,,288.5,292.5,1244.0,,31.5,187.5,1177.0,,,1289.0,1331.5
2021-01-03,,636.0,1573.5,367.0,1555.5,480.5,1000.0,,38.5,808.5,731.5,664.5,,382.0,34.5,,279.0,443.0,181.5,422.5,,984.0,389.0,,53.0,110.5,336.5,,,295.0,1408.0,382.0,,476.5,831.5,408.5,,,1900.5,698.5
2021-01-04,,420.0,471.5,196.0,348.5,297.5,275.5,,,,704.0,483.5,,,520.0,,600.0,487.0,,,,456.5,554.0,,,419.5,355.0,,,652.5,,419.0,,328.0,758.0,244.0,,,1695.0,302.5
2021-01-05,,76.5,39.0,0.0,80.5,117.0,119.5,,100.0,,92.5,64.5,,70.5,71.5,,72.0,74.5,43.0,48.5,,80.5,73.0,,,100.0,113.0,,,99.0,101.5,78.5,,76.5,75.5,79.5,,,200.5,66.0
2021-01-06,,18.0,27.5,14.0,10.5,39.5,67.0,,267.0,,0.0,0.5,,29.5,,,88.0,0.0,93.0,4.0,,873.0,146.5,,,4.5,176.5,,,1779.5,30.0,89.0,,0.0,290.0,143.5,,,14.0,69.5
2021-01-07,,2440.0,2095.0,1437.0,4010.0,,708.5,,,,810.0,111.5,,,,,813.5,93.5,,520.0,,339.0,1576.0,,,600.5,613.0,,,223.5,,748.5,,92.0,400.0,647.5,,,784.0,948.0
2021-01-08,,393.0,406.5,0.0,1249.5,692.5,767.0,,1785.0,205.0,1709.5,429.5,,54.5,229.0,,231.5,270.0,86.0,432.5,,843.0,178.0,,,131.0,472.0,,,820.5,154.5,244.5,,,1556.5,255.5,,,291.0,630.5
2021-01-09,,0.0,34.5,0.5,86.5,19.5,1.5,,0.0,20.0,113.0,12.0,,3.0,19.5,0.0,0.0,28.5,15.5,48.0,,182.0,0.0,,,0.0,0.0,,,602.0,9.0,0.0,,35.5,275.5,25.0,,,11.0,26.0
2021-01-10,,1785.0,2966.0,538.0,884.0,1613.0,1938.5,852.0,788.5,962.0,3544.0,1248.0,,1569.5,1610.0,1851.0,4514.5,1905.0,703.0,475.5,,1097.5,5038.5,,,726.5,879.0,,,6358.5,1689.0,3353.0,,922.0,2177.0,1512.5,,,1886.0,4270.0
2021-01-11,,221.0,503.0,170.0,733.0,506.0,564.5,,327.5,917.5,1117.5,878.5,,251.0,270.5,459.0,501.5,361.0,313.0,233.5,,778.5,448.0,,32.5,141.5,306.0,,,298.5,387.5,64.0,,436.5,1304.0,368.5,,,795.5,514.5
2021-01-12,,3419.5,3545.5,5100.5,6135.0,3715.5,4805.0,,1989.5,7213.0,3176.0,2026.0,,4441.0,,2842.5,4553.5,3597.0,4146.0,3180.0,,2115.5,3912.0,,,3786.0,4152.5,,,1214.5,3450.0,4517.0,,1784.5,3849.0,4536.0,,,3586.0,2292.0
2021-01-13,,6883.0,9083.5,4916.5,3540.5,3357.5,3777.0,,3547.0,2222.5,4387.5,5524.0,,3849.0,5126.5,2573.5,6455.5,3795.0,6082.5,4308.5,,1083.0,6493.0,,859.5,7429.5,6429.0,,,3141.0,3162.0,6465.5,,3746.0,5206.5,7692.0,,,2196.0,4124.5
2021-01-14,,6401.5,,4291.0,3298.5,2754.0,3002.5,,3124.0,3047.5,4059.0,2746.0,,4190.5,4008.5,3711.5,8534.0,7361.5,6068.5,7469.5,,,7977.0,,1164.5,7860.5,7656.5,,,5699.0,3790.5,,,1840.5,3062.0,6456.5,,,3578.0,3140.0
2021-01-15,,,,,,,,,,,,,,,,,,,,,,,,,,,,,,,,,,,,,,,,
2021-01-16,,690.0,798.5,498.0,684.5,422.5,519.0,,588.5,817.5,394.0,436.0,,773.5,908.5,722.5,893.5,946.5,877.5,1023.5,,219.5,830.5,,,975.5,963.0,,,798.0,635.0,848.0,,327.0,1106.0,1235.5,,,642.5,645.5
2021-01-17,,32.0,50.5,17.5,87.0,38.5,79.0,,9.5,,60.5,35.0,,29.5,29.0,195.5,359.5,1023.5,,812.0,,,298.5,,,437.0,279.0,,,32.5,54.0,140.0,,37.5,67.5,247.0,,,63.5,
2021-01-18,,116.5,54.5,0.0,0.0,0.0,0.0,,0.0,3.5,0.0,0.0,,65.0,178.5,0.0,,0.0,182.5,15.0,,2.0,72.5,,,78.5,112.0,,,0.0,69.5,88.5,,0.5,0.5,47.5,,,2.0,48.0
2021-01-19,0.0,0.0,0.0,0.0,0.0,0.0,0.0,,51.5,,0.0,0.0,,,0.0,0.0,,33.5,3.0,0.5,,0.0,0.0,,,64.0,19.0,,,0.0,0.0,0.0,,0.0,0.0,0.5,,,31.0,
2021-01-20,,,,,,,,,,,,,,,,,,,,,,,,,,,,,,,,,,,,,,,,
2021-01-21,25.0,0.0,19.5,0.0,0.0,0.0,16.5,,,,0.0,0.0,,,,5.5,,29.5,101.0,,,21.0,71.0,,,6.0,397.5,,,0.0,0.0,27.5,,0.0,145.5,77.5,,,0.0,
2021-01-22,,0.0,0.0,0.0,5.0,133.0,114.5,,,,155.5,106.0,,,,0.0,,0.0,,,,,,,,0.0,,,,0.0,52.5,0.0,,103.0,96.5,0.0,,,524.0,
2021-01-23,11.0,0.0,0.0,0.0,0.0,28.0,22.0,,43.5,,5.5,4.5,,,0.0,0.0,,0.0,,0.0,,23.5,0.0,,113.5,0.0,,,,61.5,0.0,0.0,,0.0,11.0,8.5,,,0.0,
2021-01-24,,0.0,0.0,0.0,0.0,0.0,0.0,,0.0,,0.0,0.0,,0.0,,0.0,,0.0,0.0,0.0,,0.0,0.0,,0.0,0.0,0.0,,,0.0,0.0,0.0,,0.0,0.0,33.0,,,32.0,0.0
2021-01-25,,71.5,17.5,19.5,0.0,0.0,0.0,,1212.5,,0.0,0.0,,32.0,,29.0,,24.5,,62.5,,,41.5,,,54.5,,,,2515.0,0.0,17.0,,,0.0,36.5,,,0.0,
2021-01-26,,4154.0,5702.5,3055.0,1656.0,3304.0,3073.0,,1046.5,,4558.5,4222.0,,1493.0,,5462.0,,5235.0,2981.0,5262.5,,-699886.5,2367.0,,,6629.0,4186.0,,,2862.0,2357.0,2698.0,,3258.0,4793.0,3701.5,,,4520.5,3265.5
2021-01-27,,745.0,978.5,1411.5,356.0,369.5,284.0,,,,374.5,261.5,,1350.0,,726.5,,974.0,1831.0,1180.0,,-749833.5,748.0,,,2091.0,3797.0,,,2321.5,422.5,3584.0,,219.5,1379.5,3021.5,,,557.0,740.5
2021-01-28,,,5319.0,1548.0,1057.5,,508.5,,,,,,,,,,,1646.5,,,,,,,,2559.0,,,,777.5,,2665.0,,,61.0,2353.5,,,,
2021-01-29,330.0,2493.5,2741.5,5224.0,5252.5,3559.0,3720.0,,2345.5,,1909.0,3122.0,,2939.5,2501.0,3514.0,,3987.5,3314.0,4755.5,,526.5,2985.5,,,4666.0,5131.5,,,3072.5,3991.5,3819.0,,2195.0,1345.0,4335.5,3116.5,,3030.5,3045.0
2021-01-30,,,,,,,,,,,,,,,,,,,,,,,,,,,,,,,,,,,,,,,,
2021-01-31,,2990.0,5362.5,753.5,805.0,1259.0,1349.5,,5552.0,,876.0,2539.0,,1637.0,5507.0,2317.5,,2029.0,2046.5,1308.0,,970.5,2353.0,1424.5,,1896.0,2376.5,,,5387.0,806.5,2898.5,,1541.5,1071.5,2175.0,4492.5,,982.0,3528.5
2021-02-01,,,,,,,,,,,,,,,,,,,,,,,,,,,,,,,,,,,,,,,,
2021-02-02,,148.0,53.0,30.0,19.0,15.0,11.5,,129.5,,11.5,28.0,,0.0,7.5,34.0,,20.5,1.0,82.5,,33.5,100.5,53.5,0.0,50.5,9.5,,,0.0,59.5,117.5,,22.0,5.0,19.5,111.0,,25.5,11.0
2021-02-03,,,,,,,,,,,,,,,,,,,,,,,,,,,,,,,,,,,,,,,,
2021-02-04,,,4729.5,4622.0,4593.5,5779.5,5490.0,,4787.5,,1933.5,3774.0,,6380.5,,8961.5,,6920.0,,6757.0,,1512.0,8771.5,,,6836.0,6870.0,,,6304.0,,8626.5,,2224.5,2001.0,,2359.5,,5584.5,7099.5
2021-02-05,,6192.0,6762.5,3101.5,3483.5,1707.0,2314.5,,3883.0,,452.0,1465.5,,3104.5,4875.5,4630.5,3892.5,2970.5,3456.5,3334.0,,1813.0,4193.5,260.5,,3468.0,2978.5,,,4485.0,2568.5,3422.5,,,228.5,3967.0,5722.5,,1264.0,4043.5
2021-02-06,,1807.5,1849.0,123.0,114.0,391.5,475.5,,2383.0,,135.5,320.0,,282.5,5021.0,240.0,2123.0,912.5,245.0,511.0,,88.5,2249.0,39.0,18.5,475.5,2027.5,,,3206.5,115.5,1085.0,,176.0,181.5,394.0,6509.5,,25.0,279.5
2021-02-07,,885.5,717.5,594.5,588.0,5483.5,5747.0,,2836.5,,4547.5,2327.0,,,4543.0,442.5,353.0,344.0,850.0,278.0,,60.0,375.0,2305.5,,421.5,1116.5,,,5756.5,1574.5,1266.5,,1889.0,2142.5,1280.0,3186.0,,971.5,211.0
2021-02-08,,1404.0,1341.5,349.0,223.0,228.5,199.0,,1892.5,,404.0,297.0,,,1187.5,859.0,1502.5,1312.5,824.0,1302.5,,452.5,1248.0,336.0,,1727.5,898.5,,,1216.5,257.0,2611.0,,251.0,453.5,1082.0,1794.5,,113.0,482.5
2021-02-09,,,344.0,59.0,4.5,3.0,0.0,,434.5,,7.5,0.0,,,,,357.0,394.0,,338.0,,10.5,,0.0,,327.0,359.5,,,1044.5,5.0,379.5,,,9.0,268.5,1874.0,,,
2021-02-10,,0.0,0.0,0.5,0.0,0.0,21.0,,0.0,0.5,0.0,0.0,,,0.0,0.0,6.5,0.0,4.0,5.5,,0.0,7.0,173.0,0.0,0.0,6.0,,,0.0,0.0,0.0,,0.5,0.0,30.0,0.0,,0.0,0.0
2021-02-11,,0.0,0.0,0.0,0.0,0.0,0.0,,0.0,0.0,0.0,0.0,,,0.0,0.0,0.0,0.0,0.0,0.0,,0.0,0.0,0.0,,0.0,0.0,,,0.0,24.0,0.0,,0.0,0.0,0.0,0.0,,0.0,0.0
2021-02-12,,,,,,,,,,,,,,,,,,,,,,,,,,,,,,,,,,,,,,,,
2021-02-13,,24.0,80.0,340.5,323.5,45.0,88.0,,0.0,43.0,90.0,0.0,,,0.0,,67.0,0.0,624.5,0.5,,0.0,23.0,248.5,,27.0,94.0,,,0.0,,47.5,,1.0,13.5,31.5,0.0,,38.5,
2021-02-14,,,0.0,23.0,0.0,,2.0,,,,0.0,0.0,,,,,1.5,,,0.0,,,,0.0,,0.0,1.5,,,0.0,,0.0,,,,0.0,,,,
2021-02-15,,,,,,,,,,,,,,,,,,,,,,,,,,,,,,,,0.0,,,,,,,,
2021-02-16,,0.0,0.0,0.0,0.0,0.0,0.0,,0.0,0.0,0.0,0.0,,,0.0,,0.0,0.0,0.0,0.0,,0.0,0.0,0.0,,0.0,0.0,,,0.0,0.0,0.0,,0.0,0.5,0.0,0.0,,0.0,0.0
2021-02-17,,0.0,0.0,0.0,0.0,0.0,0.0,,0.0,0.0,0.0,0.0,,0.0,0.0,,0.0,0.0,,0.0,,0.0,0.0,0.0,,0.0,0.0,,,0.0,,0.0,,0.0,0.0,0.0,0.0,,0.0,0.0
2021-02-18,,54.0,195.0,280.0,41.5,185.5,222.5,,11.0,196.5,163.0,74.0,,1944.0,933.5,,799.0,728.0,892.0,637.0,,128.5,691.5,306.0,,303.0,1440.0,,,8.5,,195.5,,55.5,285.0,1449.0,58.0,,656.0,204.0
2021-02-19,,,,,,,,,,,,,,,,,,,,,,,,3019.5,,,,,,,,8336.0,,,,,,,,
2021-02-20,,,18.5,98.0,458.5,259.5,280.0,,118.5,,178.5,96.5,,,240.5,,55.0,210.0,,732.5,,487.5,35.0,151.0,,699.5,577.5,,,0.0,,423.5,,59.0,148.0,713.0,,,,
2021-02-21,,1.5,93.5,30.0,82.0,0.0,0.0,,30.0,,145.0,32.0,,,46.5,,0.0,16.0,117.0,62.5,,156.0,17.0,9.0,0.0,24.0,0.0,,,30.0,37.0,0.0,,38.0,12.5,5.5,2.5,,23.0,
2021-02-22,,,,,,,,,,,,,,,,,,,,,,,,,,,,,,,,,,,,,,,,
2021-02-23,,,,,,,,,,,,,,,,,,,,,,,,,,,,,,,,,,,,,,,,
2021-02-24,,,0.0,0.0,0.0,31.0,22.5,,0.0,,0.0,0.0,,,19.5,0.0,,0.0,,,,,,1.5,,0.0,32.5,,,0.0,0.0,19.5,,,,0.0,,,,
2021-02-25,,,,,,,,,,,,,,,,,,,,,,,,,,,,,,,,,,,,,,,,
2021-02-26,,0.0,0.0,0.0,0.0,0.0,0.0,,0.0,,0.0,0.0,,0.0,0.0,0.0,,,,,,,,0.0,,0.0,,,,0.0,0.0,0.0,,,,0.0,0.0,,,
2021-02-27,,,,,,,,,,,,,,,,,,,,,,,,,,,,,,,,,,,,,,,,
2021-02-28,,,,,,,,,,,,,,,,,,,,,,,,,,,,,,,,,,,,,,,,
2021-03-01,,,,,,,,,,,,,,,,,,,,,,,,,,,,,,,,,,,,,,,,
2021-03-02,,0.0,0.0,0.0,0.0,0.0,0.0,,0.0,1.0,32.5,0.0,,0.0,0.0,0.0,,0.0,,0.0,,0.5,0.0,0.0,,0.0,0.0,,,0.0,0.0,0.0,,,0.5,0.0,0.0,,0.5,
2021-03-03,,90.0,584.5,0.0,558.5,,122.5,,365.0,0.0,0.0,50.5,,20.5,0.0,62.5,,0.0,,,,,20.5,48.0,,0.0,,,,0.0,,679.5,,,282.5,22.0,,,,
2021-03-04,,3004.0,3405.0,3281.5,1560.0,1525.0,1771.0,,2475.5,,2349.0,1601.5,,1693.0,2911.5,2384.5,,1861.5,,,,478.5,1547.0,1074.0,2193.0,1332.5,885.5,,,2385.0,581.5,3327.0,,1496.5,1738.5,1072.5,3890.0,,1177.0,
2021-03-05,0.0,0.0,0.0,0.0,45.5,111.5,149.0,,43.0,104.5,0.0,0.0,,0.0,0.0,25.5,0.0,100.0,0.0,88.5,,50.0,33.0,24.5,36.0,32.0,28.5,,,0.0,0.0,0.0,,0.0,125.5,0.0,63.5,,36.5,
2021-03-06,,,,,,,,,,,,,,,,,,,,,,,,,,,,,,,,,,,,,,,,
2021-03-07,1570.5,4599.5,6133.5,914.0,1196.5,1390.5,1646.5,,3214.5,1024.5,722.0,1420.5,,3053.0,5981.0,3585.0,2824.5,2402.5,1962.5,1870.5,,,3732.0,350.0,3422.0,3576.5,3090.5,,,1244.5,953.5,3632.5,,1536.0,392.0,2557.0,2822.0,,1198.0,2935.0
2021-03-08,,1731.5,1976.5,706.5,356.0,867.5,813.5,,708.0,,892.5,561.5,,106.0,1133.5,319.5,1369.5,1137.5,265.0,471.0,,746.5,1425.0,415.5,1262.0,1077.0,494.0,,,667.5,957.5,2072.0,,619.0,646.5,385.5,3634.5,,69.5,951.0
2021-03-09,2271.5,736.0,965.5,600.0,720.0,2733.0,2311.0,,2743.0,1349.5,568.5,2017.5,,966.5,2930.5,1318.0,1157.5,887.5,1209.0,735.0,,2449.0,979.5,385.5,3999.0,916.0,1053.0,,,1279.0,1186.5,1172.0,,1887.5,371.0,1097.5,1325.5,,1658.0,
2021-03-10,,,,,,,,,,,,,,,,,,,,,,,,,,,,,,,,,,,,,,,,
2021-03-11,,0.0,0.0,10.5,155.0,1734.0,1636.0,,227.5,219.5,1682.0,966.5,,142.5,0.0,0.0,19.5,0.0,0.0,20.5,,0.0,0.5,624.0,0.0,33.0,23.5,,,0.0,928.5,33.5,,918.5,115.0,21.5,20.0,,651.0,
2021-03-12,,0.0,0.0,132.5,0.0,,,,,,456.0,,,,,1530.5,,,,0.5,,,,30.5,0.0,,,,,178.5,43.0,0.0,,,292.0,14.5,,,,
2021-03-13,,12.5,443.5,1014.0,773.0,45.0,21.0,,,,280.0,0.0,,,34.0,291.0,,208.5,764.0,289.5,,1725.5,112.5,1069.5,254.0,220.5,33.5,,,86.5,454.5,26.0,,,723.5,192.5,,,,12.5
2021-03-14,,0.0,0.0,0.0,0.0,,1.5,,,,33.5,0.0,,,0.5,227.0,,0.0,0.0,0.0,,104.0,3.0,52.5,122.0,,36.5,,,0.0,0.0,0.0,,,98.0,0.0,878.5,,,
2021-03-15,,,,,,,,,,,,,,,,,,,,,,,,,,,,,,,,,,,,,,,,
2021-03-16,,,,,,,,,,,,,,,,,,,,,,,,,,,,,,,,,,,,,,,,
2021-03-17,,,,,,,,,,,,,,,,,,,,,,,,,,,,,,,,,,,,,,,,
2021-03-18,,,,,,,,,,,,,,,,,,,,,,,,,,,,,,,,,,,,,,,,
2021-03-19,,0.0,0.0,0.0,,0.0,0.0,,,0.0,0.0,0.0,,0.0,,23.0,,36.5,0.0,,,0.0,0.0,22.5,,,0.0,,,0.0,,0.0,,,,0.0,,,,
2021-03-20,,215.0,156.5,18.5,345.5,117.5,172.5,,217.5,283.5,0.0,80.5,,0.0,0.0,0.0,,18.5,0.0,34.5,,,18.5,1.5,,,0.0,,,48.0,,24.0,,72.0,,0.0,,,72.0,0.0
2021-03-21,,,,,,,,,,,,,,,,,,,,,,,,,,,,,,,,,,,,,,,,
2021-03-22,,,,,,,,,,,,,,,,,,,,,,,,,,,,,,,,,,,,,,,,
2021-03-23,,,,,,,,,,,,,,,,,,,,,,,,,,,,,,,,,,,,,,,,
2021-03-24,,1453.0,1237.5,94.0,270.0,273.5,169.0,,1206.5,,555.5,97.0,,166.0,1855.0,856.0,,1146.5,422.0,921.0,,52.5,1406.0,1201.5,,1209.5,540.0,,,413.0,,1693.0,,,1283.0,461.0,1278.0,,204.5,1705.5
2021-03-25,,,,,,,,,,,,,,,,,,,,,,,,,,,,,,,,,,,,,,,,
2021-03-26,448.0,34.5,35.0,10.5,1257.5,88.0,85.5,,10.0,,1676.5,583.5,,179.5,466.5,117.0,444.0,746.0,45.5,,,826.0,231.0,1990.0,,462.0,295.0,,,51.5,,759.0,,551.5,996.0,155.5,0.0,,283.0,177.5
2021-03-27,,,862.0,488.0,614.5,486.0,0.0,,,,,,,,,605.5,,,,,,,1121.0,385.5,,,,,,,,894.0,,,,,,,,
2021-03-28,108.0,0.0,0.0,0.0,0.0,0.0,0.0,,13.5,,1871.5,0.0,,0.0,0.0,0.0,15.5,0.0,0.0,14.0,,87.5,0.0,8.0,,15.0,0.0,,,0.0,,0.0,,0.0,58.0,0.0,18.0,,0.0,0.0
2021-03-29,,,,,,,,,,,,,,,,,,,,,,,,,,,,,,,,,,,,,,,,
2021-03-30,,,0.0,155.0,20.0,265.5,,,,,,185.0,,,,,,,1.5,,,,0.0,219.0,,,,,,81.5,,0.0,,,,0.0,,,,
2021-03-31,,,,,,,,,,,,,,,,,,,,,,,,,,,,,,,,,,,,,,,,
2021-04-01,0.0,0.0,0.0,30.5,448.0,15.5,0.0,,0.5,,0.0,60.0,,,0.0,176.5,49.5,14.5,49.5,0.0,,1.5,,22.0,,0.0,,,,0.0,,0.0,,106.5,0.5,51.0,0.0,,0.0,110.5
2021-04-02,,,,,,,,,,,,,,,,,,,,,,,,,,,,,,,,,,,,0.0,,,,
2021-04-03,0.0,0.0,0.0,0.0,0.0,0.0,0.0,,0.0,0.0,0.0,0.0,,0.0,0.0,0.0,0.0,0.0,0.0,0.0,,0.0,0.0,0.0,,0.0,0.0,,,0.0,,0.0,,0.0,0.0,0.0,0.0,,0.5,0.0
2021-04-04,,0.0,0.0,0.0,0.0,0.0,0.0,,0.0,,0.0,0.0,,0.0,0.0,,0.0,0.0,0.0,0.0,,0.0,0.0,3.5,,0.0,0.0,,,0.0,,0.0,,0.0,0.0,0.0,0.0,,0.0,0.0
2021-04-05,,,,,,,,,,,,,,,,,,,,,,,,,,,,,,,,,,,,,,,,
2021-04-06,,,,,,,,,,,,,,,,,,,,,,,,,,,,,,,,,,,,,,,,
2021-04-07,,,,,,,,,,,,,,,,,,,,,,,,,,,,,,,,,,,,,,,,
2021-04-08,,,,,,,,,,,,,,,,,,,,,,,,,,,,,,,,,,,,,,,,
2021-04-09,,0.0,0.0,0.0,0.0,0.0,0.0,,22.5,0.0,0.0,0.0,,0.0,0.0,,0.0,0.0,0.0,0.0,,0.0,0.0,0.0,0.0,0.0,0.0,,,0.0,0.0,0.0,,0.0,0.0,15.0,33.0,,0.5,0.0
2021-04-10,,,,,,,,,,,,,,,,,,,,,,,,,,,,,,,,,,,,,,,,
2021-04-11,,,,,,,,,,,,,,,,,,,,,,,,,,,,,,,,,,,,,,,,
2021-04-12,,,,,,,,,,,,,,,,,,,,,,,,,,,,,,,,,,,,,,,,
2021-04-13,,7.5,0.0,115.0,120.5,491.0,458.5,407.5,0.0,,338.0,695.0,,14.5,,63.0,90.5,155.0,78.5,203.5,,92.0,69.0,171.0,,294.0,58.5,,,137.5,339.5,0.0,,606.5,244.5,49.0,8.0,,148.5,53.5
2021-04-14,,109.5,28.0,20.5,966.0,154.5,220.0,,16.0,,134.0,625.0,,99.0,,,85.5,64.5,31.0,67.5,,557.5,39.5,1689.0,,156.0,0.0,,,45.0,402.5,0.0,,633.5,1369.5,20.0,0.0,,6.0,0.0
2021-04-15,,0.0,0.0,0.5,28.0,0.0,5.5,,0.0,1.0,3.5,15.5,,0.0,,,2.5,0.0,0.5,1.5,,831.5,1.0,73.5,,,25.5,,,0.5,0.0,0.0,,16.5,42.5,0.0,0.0,,0.0,0.0
2021-04-16,,,,,,,,,,,,,,,,,,,,,,,,,,,,,,,,,,,,,,,,
2021-04-17,,,,,,,,,,,,,,,,,,,,,,,,,,,,,,,,,,,,,,,,
2021-04-18,,,,,,,,,,,,,,,,,,,,,,,,,,,,,,,,,,,,,,,,
2021-04-19,,,,,,,,,,,,,,,,,,,,,,,,,,,,,,,,,,,,,,,,
2021-04-20,,0.0,0.0,18.0,0.0,0.0,0.5,,20.0,,1.0,136.0,,51.0,,,,0.0,17.0,68.0,,213.0,86.5,30.0,,47.5,0.0,,,22.5,,0.0,,192.5,1.0,0.0,32.0,,23.5,766.5
2021-04-21,,,,,,,,,,,,,,,,,,,,,,,,,,,,,,,,0.0,,,52.5,,,,,
2021-04-22,,238.5,564.0,276.0,0.0,46.0,108.5,,,,225.5,201.5,,,,,,54.5,,155.5,,,0.0,67.5,,,73.5,,,0.0,60.0,152.0,,,4.0,0.0,201.0,,75.0,491.0
2021-04-23,,373.5,20.0,7.5,0.0,0.0,3.5,,6.0,,7.5,7.5,,0.0,,,0.0,0.0,29.0,33.0,,470.0,0.0,2.0,,,6.5,,,0.0,26.0,21.0,,0.0,0.0,0.0,33.0,,2.5,20.0
2021-04-24,,,,,,,,,,,,,,,,,,,,,,,,,,,,,,,,,,,,,,,,
2021-04-25,,0.0,0.0,537.5,17.5,0.0,5.5,,,,0.0,28.0,,64.0,,,,0.0,152.0,63.0,,,1.5,0.0,,2.0,98.5,,,0.0,0.0,0.0,,,0.0,134.5,0.5,,25.5,0.0
2021-04-26,,,,,,,,,,,,,,,,,,,,,,,,,,,,,,,,,,,,,,,,
2021-04-27,,95.5,1054.5,1171.5,351.5,19.5,0.0,,,,9.5,7.5,,61.0,,,857.0,291.0,217.5,125.5,,25.0,834.0,363.0,,918.0,1097.5,,,0.0,0.0,327.0,,0.5,45.5,,0.0,,38.5,105.5
2021-04-28,,,,,,,,,,,,,,,,,,,,,,,,,,,,,,,,,,,,,,,,
2021-04-29,,,,,,,,,,,,,,,,,,,,,,,,,,,,,,,,,,,,,,,,
2021-04-30,,,,,,,,,,,,,,,,,,,,,,,,,,,,,,,,,,,,,,,,
2021-05-01,,,,,,,,,,,,,,,,,,,,,,,,,,,,,,,,,,,,,,,,
2021-05-02,,,,,,,,,,,,,,,,,,,,,,,,,,,,,,,,,,,,,,,,
2021-05-03,,,,,,,,,,,,,,,,,,,,,,,,,,,,,,,,,,,,,,,,
2021-05-04,,58.0,299.5,142.0,33.5,202.5,93.0,,,,305.0,24.0,,,,,,155.5,,919.0,,199.5,,1098.5,,,0.0,,,0.0,0.0,0.0,,26.5,590.5,0.0,35.0,,1191.0,49.0
2021-05-05,1913.5,110.0,185.5,91.5,356.5,1554.0,2015.0,,597.5,730.0,304.5,2190.0,,1725.5,,,1395.0,899.0,2258.5,2169.0,,1223.0,2033.5,902.5,,2031.5,2407.5,,,508.5,337.5,1917.0,,2423.5,426.0,2523.0,384.5,,553.5,125.5
2021-05-06,,,,,,,,,,,,,,,,,,,,,,,,,,,,,,,,,,,,,,,,
2021-05-07,,,,,,,,,,,,,,,,,,,,,,,,,,,,,,,,,,,,,,,,
2021-05-08,,,,,,,,,,,,,,,,,,,,,,,,,,,,,,,,,,,,,,,,
2021-05-09,,,,,,,,,,,,,,,,,,,,,,,,,,,,,,,,,,,,,,,,
2021-05-10,,,,,,,,,,,,,,,,,,,,,,,,,,,,,,,,,,,,,,,,
2021-05-11,,,,,,,,,,,,,,,,,,,,,,,,,,,,,,,,,,,,,,,,
2021-05-12,,,,,,,,,,,,,,,,,,,,,,,,,,,,,,,,,,,,,,,,
2021-05-13,,,,,,,,,,,,,,,,,,,,,,,,,,,,,,,,,,,,,,,,
2021-05-14,,,,,,,,,,,,,,,,,,,,,,,,,,,,,,,,,,,,,,,,
2021-05-15,,,,,,,,,,,,,,,,,,,,,,,,,,,,,,,,,,,,,,,,
2021-05-16,,,,,,,,,,,,,,,,,,,,,,,,,,,,,,,,,,,,,,,,
2021-05-17,,,,,,,,,,,,,,,,,,,,,,,,,,,,,,,,,,,,,,,,
2021-05-18,,,,,,,,,,,,,,,,,,,,,,,,,,,,,,,,,,,,,,,,
2021-05-19,,,,,,,,,,,,,,,,,,,,,,,,,,,,,,,,,,,,,,,,
2021-05-20,,,,,,,,,,,,,,,,,,,,,,,,,,,,,,,,,,,,,,,,
2021-05-21,,,,,,,,,,,,,,,,,,,,,,,,,,,,,,,,,,,,,,,,
2021-05-22,,,,,,,,,,,,,,,,,,,,,,,,,,,,,,,,,,,,,,,,
2021-05-23,,,,,,,,,,,,,,,,,,,,,,,,,,,,,,,,,,,,,,,,
2021-05-24,,,,,,,,,,,,,,,,,,,,,,,,,,,,,,,,,,,,,,,,
2021-05-25,,0.0,0.0,0.0,0.0,0.0,0.0,,0.0,0.5,0.0,0.0,,3.0,,,0.0,0.0,0.0,10.0,,0.0,0.0,0.5,,0.0,0.0,,,0.0,27.5,0.0,,0.0,25.5,0.0,0.0,,0.0,0.0
2021-05-26,,0.0,0.0,0.0,0.0,0.0,0.0,0.0,0.0,0.0,0.0,0.0,,0.0,,,0.0,0.0,0.0,0.5,,0.0,0.0,0.0,,0.0,0.0,,,0.0,0.5,0.0,,0.0,29.5,0.0,0.0,,0.0,0.0
2021-05-27,,,,,,,,,,,,,,,,,,,,,,,,,,,,,,,,,,,,,,,,
2021-05-28,,,,,,,,,,,,,,,,,,,,,,,,,,,,,,,,,,,,,,,,
2021-05-29,,1289.5,1507.5,1260.0,809.0,288.0,339.5,,67.0,,1075.0,1313.0,,,,,,1782.0,785.5,1483.0,,684.0,1338.5,1186.5,,1780.0,470.5,,,1347.5,778.5,2383.5,,1441.5,1357.5,,231.5,,,1623.0
2021-05-30,,0.0,0.0,39.0,0.0,0.0,0.0,0.0,0.0,,29.5,0.0,,44.5,,,62.0,0.0,26.0,45.0,,19.0,0.0,77.5,,55.0,0.0,,,39.5,25.5,0.0,,80.5,46.0,,5.5,,0.0,19.0
2021-05-31,,0.0,0.0,0.0,0.0,0.0,0.0,0.0,0.0,0.0,0.0,17.0,,0.0,,,0.0,0.0,13.0,0.0,,0.0,0.0,0.5,0.0,0.0,0.0,,,0.0,0.0,0.0,,49.5,0.0,,30.0,,10.5,0.0
2021-06-01,,0.0,0.0,0.0,0.0,0.0,0.0,0.0,0.0,40.5,0.0,0.0,,0.0,,,0.0,0.0,0.5,0.0,,256.0,0.0,0.0,0.0,0.0,489.0,,,0.0,0.0,0.0,,40.5,0.0,,0.5,,280.5,1215.0
2021-06-02,,798.0,1500.5,410.5,31.5,128.5,39.5,,100.0,,704.0,0.0,,0.0,,,922.0,795.5,27.0,1289.5,,9.0,854.5,340.5,,1205.5,0.0,,,0.0,0.0,579.5,,0.5,1538.0,,113.5,,14.0,941.0
2021-06-03,,0.0,0.0,16.5,1.5,0.0,0.0,,0.0,0.0,149.5,0.0,,0.0,,,46.5,51.0,1.5,172.5,,0.0,45.5,149.0,,54.5,22.0,,,0.0,20.0,0.0,,0.0,144.0,,6.0,,40.5,19.0
2021-06-04,,164.5,37.0,83.5,89.0,3.0,10.5,,84.0,,184.0,11.5,,,,,236.5,171.0,,519.5,,0.0,233.0,174.5,,42.5,6.0,,,42.5,1.5,81.0,,1.0,263.5,,32.5,,99.5,29.5
2021-06-05,,774.0,0.0,532.5,66.5,42.5,0.0,,,0.0,85.5,127.0,,89.0,,,44.5,0.0,42.5,32.5,,32.5,0.0,617.5,,12.5,0.0,,,0.0,0.5,94.5,,85.5,207.0,,129.5,,10.0,0.0
2021-06-06,,741.0,769.5,196.0,447.5,65.0,96.0,,206.0,,673.0,94.5,,213.0,,,250.0,222.5,155.0,246.5,,2687.0,265.0,191.0,,226.0,200.5,,,284.0,392.5,453.0,,94.5,184.5,169.5,235.5,,768.5,267.5
2021-06-07,,,0.0,6.5,12.5,37.5,0.0,,,,27.0,3.5,,,,,23.5,0.0,,9.0,,98.5,,168.0,,,18.0,,,,10.5,33.0,,,23.5,,7.5,,,0.0
2021-06-08,,,,,,,,,,,,,,,,,,,,,,,,,,,,,,,,,,,,,,,,
2021-06-09,,0.0,0.0,14.0,25.0,0.0,18.0,,,,537.0,18.5,,0.0,,,0.0,0.0,,24.5,,0.0,0.0,883.5,,19.0,0.0,,,0.5,24.0,0.0,,13.0,449.5,,205.0,,41.0,0.0
2021-06-10,,,,,,,,,,,,,,,,,,,,,,,,,,,,,,,,,,,,,,,,
2021-06-11,,,,,,,,,,,,,,,,,,,,,,,,,,,,,,,,,,,,,,,,
2021-06-12,,,,,,,,,,,,,,,,,,,,,,,,,,,,,,,,,,,,,,,,
2021-06-13,,,0.0,0.0,0.0,0.0,25.5,,0.0,,91.0,0.0,,0.0,0.0,,0.0,0.0,0.0,0.0,,0.0,0.0,0.0,0.0,0.0,0.0,,,0.0,31.5,0.0,,0.0,100.5,0.0,0.0,,0.0,0.0
2021-06-14,,0.0,0.0,0.0,0.0,0.0,0.5,,0.0,0.0,4.5,0.0,,0.0,,,0.0,0.0,12.5,0.0,,0.0,0.0,0.0,,0.0,0.0,,,0.0,0.5,0.0,,0.0,29.0,0.0,0.0,,,0.0
2021-06-15,,,150.5,0.0,21.0,0.0,0.0,,0.0,0.0,0.0,0.0,,0.0,,,74.5,0.0,0.5,0.0,,38.0,,0.0,,0.0,0.0,,,701.0,21.0,58.0,,0.0,0.5,0.0,0.0,,,0.0
2021-06-16,,,,,,,,,,,,,,,,,,,,,,,,,,,,,,,,,,,,,,,,
2021-06-17,,1698.0,1532.5,633.5,804.0,496.0,703.5,,2155.5,464.0,469.0,202.0,,647.5,,805.5,1301.5,1129.0,823.0,859.5,,662.0,1191.5,488.5,,1043.0,1222.0,,,1002.5,584.0,1678.0,,291.5,359.0,801.5,4016.5,,407.0,1087.0
2021-06-18,,,,,,,429.0,,,,,,,,,,,,,,,,,,,,,,,,,,,,,,,,,
2021-06-19,,201.0,151.5,38.5,122.0,114.0,108.5,,78.0,,83.5,42.5,,68.5,,,82.5,75.0,,,,500.5,75.0,438.5,,100.0,32.5,,,31.5,86.0,421.0,,78.5,84.0,,64.0,,259.5,1021.0
2021-06-20,,,0.0,0.0,0.0,0.0,0.0,,0.0,,38.0,0.0,,0.0,,,36.0,0.0,,0.0,,,,381.0,,4.5,,,,0.0,34.0,0.0,,0.0,,15.5,,,,0.0
2021-06-21,,,6.5,0.0,,,0.0,,0.0,,0.0,0.0,,,,,,,,,,,,16.5,,,,,,,0.0,0.0,,,,,,,,55.0
2021-06-22,,,,,,,,,,,,,,,,,,,,,,,,,,,,,,,,,,,,,,,,
2021-06-23,,,,,,,,,,,,,,,,,,,,,,,,,,,,,,,,,,,,,,,,
2021-06-24,,,0.0,0.0,6.5,0.0,0.0,,0.0,,23.5,0.0,,0.0,,,0.0,0.0,0.0,0.0,,,,11.5,,0.0,0.0,,,34.0,26.5,0.0,,22.0,23.5,0.0,0.0,,0.0,0.0
2021-06-25,,,0.0,71.5,92.0,0.0,0.0,,0.0,,0.0,15.5,,11.0,,,50.0,93.5,16.0,,,,33.0,0.0,,64.5,0.0,,,0.0,0.0,28.5,,1.5,0.5,,0.0,,0.0,0.0
2021-06-26,,,0.0,0.0,0.0,24.0,32.0,,0.0,,277.5,798.5,,18.5,,,,34.5,0.0,22.5,,,,0.0,,42.0,32.0,,,0.0,0.0,18.5,,765.0,0.0,,0.0,,,0.0
2021-06-27,,,,,,,,,,,,,,,,,,,,,,,,,,,,,,,,,,,,,,,,
2021-06-28,,,995.5,1362.0,1522.0,1622.0,1932.0,,1631.5,,658.0,1047.5,,2376.0,,,945.5,2062.0,2579.5,3127.0,,,1205.0,717.0,,2319.0,3665.5,,,1251.0,1372.5,5581.5,,1150.5,725.0,2856.0,2755.5,,,496.0
2021-06-29,,,29.0,0.0,28.0,0.0,0.0,,26.0,,16.0,0.0,,27.0,,,12.5,26.5,13.5,0.0,,40.0,15.0,30.5,,0.0,0.0,,,0.0,29.5,28.5,,0.0,16.0,0.0,27.0,,0.0,52.5
2021-06-30,,,0.0,55.0,0.0,193.5,196.0,,,,19.5,124.0,,46.0,,,,0.0,149.5,16.5,,,0.0,27.5,,0.0,151.5,,,0.0,0.0,119.0,,119.0,100.0,137.0,0.0,,,187.0
2021-07-01,,,24.0,225.5,828.5,111.5,102.0,,,,113.5,200.5,,1031.5,,,,2.5,488.5,27.0,,,,199.0,,1.5,,,,31.0,,21.0,,,164.5,,,,,388.5
2021-07-02,,,0.0,0.0,62.5,6.5,51.5,,,,13.0,0.0,,35.0,,,,36.0,,,,,,46.0,,,,,,,34.0,0.0,,,,36.0,,,,
2021-07-03,,,,,,,,,,,,,,,,,,,,,,,,,,,,,,,,,,,,,,,,
2021-07-04,,,,,,,,,,,,,,,,,,,,,,,,,,,,,,,,,,,,,,,,
2021-07-05,,262.0,636.0,80.5,180.0,394.0,305.0,,,,49.0,631.0,,712.5,,,,,222.0,233.0,,,,0.5,,204.5,784.5,,,101.0,545.0,171.5,,629.5,24.5,,524.0,,,0.0
2021-07-06,18.0,0.0,31.5,0.0,7.5,15.5,0.0,,0.0,,0.0,0.0,,29.5,,,0.0,37.5,22.5,86.0,,0.0,18.5,0.0,,9.0,0.0,,,3.5,26.0,0.0,,27.5,22.5,19.5,0.0,,0.0,0.0
2021-07-07,,0.0,30.5,0.0,59.5,0.0,0.0,,0.0,,0.0,0.0,,0.0,,,0.0,0.0,0.0,26.5,,,0.0,0.0,,0.0,0.0,,,0.0,0.0,0.0,,0.0,9.0,0.0,0.0,,0.0,0.0
2021-07-08,0.0,,0.0,16.5,2.5,0.0,0.0,,,,0.0,0.0,,0.0,,5.5,,0.0,0.0,0.5,,,0.0,26.5,,0.0,0.0,,,0.0,0.0,0.0,,0.0,0.5,0.0,0.0,,0.0,0.0
2021-07-09,,,,,,,,,,,,,,,,,,,,,,,,,,,,,,,,,,,,,,,,
2021-07-10,,,,,,,,,,,,,,,,,,,,,,,,1677.0,,,,,,,,0.0,,,,,0.0,,,
2021-07-11,9.0,,106.5,0.0,338.5,67.0,58.5,,,,33.0,21.0,,0.0,,0.0,,0.0,0.0,0.0,,,0.0,137.0,,0.0,0.0,,,28.5,127.0,201.0,,33.5,163.5,6.5,120.0,,,4.0
2021-07-12,,,,,,,,,,,,,,,,,,,,,,,,,,,,,,,,,,,,,,,,
2021-07-13,,,405.0,571.0,775.0,1967.5,1784.5,,,,113.0,943.0,,74.5,,,,354.5,,-739926.0,,,110.0,660.0,440.5,,0.0,,,535.5,1408.5,594.5,,,86.5,8.5,4.0,,,639.5
2021-07-14,,,25.0,10.5,155.5,49.0,58.0,,,,167.5,0.0,,0.0,,,,,27.5,,,,10.5,676.5,,,9.0,,,0.0,72.5,32.5,,,241.0,0.0,9.0,,,
2021-07-15,,,,,,,,,,,,,,,,,,,,,,,,,,,,,,,,,,,,,,,,
2021-07-16,,,192.5,645.5,16.5,0.0,8.5,,,,,17.0,,482.0,,475.5,,511.0,265.5,,,,,319.0,,,256.5,,,77.0,,144.5,,32.5,277.0,526.5,0.0,,,
2021-07-17,,,,,,,,,,,,,,,,,,,,,,,,,,,,,,,,,,,,,,,,
2021-07-18,,,,,,,,,,,,,,,,,,,,,,,,,,,,,,,,,,,,,,,,
2021-07-19,,,,,,,,,,,,,,,,,,,,,,,,,,,,,,,,,,,,,,,,
2021-07-20,,,,,,,,,,,,,,,,,,,,,,,,,,,,,,,,,,,,,,,,
2021-07-21,,,80.5,220.5,161.5,1.0,47.5,,,,,95.5,,21.5,,,,241.0,,,,,65.5,114.5,,,,,,0.0,,35.0,,145.0,,0.0,176.5,,,
2021-07-22,,,,,,,,,,,,,,,,,,,,,,,,,,,,,,,,,,,,,,,,
2021-07-23,,,14.0,357.0,224.0,84.0,63.0,,,,7.0,0.0,,24.0,,,168.0,357.5,,,,,,0.0,,294.0,,,,0.0,266.0,252.0,,0.0,0.0,13.5,,,,
2021-07-24,,,21.5,0.0,0.0,36.0,,,,,,0.0,,,,,0.0,,,,,,,0.0,,,,,,,0.0,18.5,,,,,,,,
2021-07-25,,,205.5,103.0,44.5,0.0,0.5,,180.0,,56.5,0.0,,12.5,,,72.5,170.0,,138.0,,,43.0,45.5,0.0,,,,,14.5,,0.0,,0.0,42.0,0.0,,,,
2021-07-26,,,0.0,0.0,,0.0,,,,,,,,0.0,,,0.0,,,,,,,105.5,,,,,,,,22.5,,,,,,,,
2021-07-27,,,60.0,60.0,80.5,0.0,0.0,,0.0,,4.0,0.0,,92.0,,144.5,16.5,62.0,84.0,3.5,,,,38.5,5.0,10.5,,,,56.0,,70.0,,,39.5,67.5,0.5,,,
2021-07-28,,,,,,,,,,,,,,,,,,,,,,,,,,,,,,,,,,,,,,,,
2021-07-29,,,,,,,,,,,,,,,,,,,,,,,,,,,,,,,,,,,,,,,,
2021-07-30,,,,,,,,,,,,,,,,,,,,,,,,,,,,,,,,,,,,,,,,
2021-07-31,,,,,,,,,,,,,,,,,,,,,,,,,,,,,,,,,,,,,,,,
2021-08-01,,724.0,,,,,15.5,,,,,,,,,,,,17.0,,586.5,,,,,,732.0,,,,,,,50.5,,168.5,,,,
2021-08-02,,,,,,,,,,,,,,,,,,,,,,,,,,,,,,,,,,,,,,,,
2021-08-03,,,,,,,,,,,,,,,,,,,,,,,,,,,,,,,,,,,,,,,,
2021-08-04,,,,,,,35.0,,,,,,,,,,,,,,,,,,,,,,,,,,,,,,,,,
2021-08-05,17.5,0.0,0.0,0.0,0.0,,1.0,0.0,0.0,,0.0,0.0,,,,51.0,0.0,0.0,2.0,16.0,,,28.5,0.0,38.0,5.5,0.0,,,0.0,,43.5,,0.0,0.0,0.0,18.5,,,
2021-08-06,,0.0,9.5,0.0,0.0,,0.0,,28.0,,0.0,0.0,,0.0,,0.5,0.0,0.0,0.0,0.0,0.0,18.5,0.0,0.0,24.0,0.0,0.0,,,0.0,0.5,0.0,0.0,0.0,0.0,0.0,0.5,,23.5,
2021-08-07,,0.0,0.0,0.0,6.0,,23.5,,0.0,,77.5,117.0,,,,744.5,0.0,0.0,0.0,0.0,0.0,,0.0,201.0,0.5,0.0,0.0,,,0.0,,0.0,48.0,117.0,364.5,0.0,0.0,,188.5,
2021-08-08,125.0,873.5,864.5,250.5,394.0,,640.0,,1178.0,,196.5,308.5,,296.5,,380.5,248.5,201.5,176.0,178.0,208.0,195.5,272.0,334.5,1711.0,182.0,205.5,,,215.5,,423.0,182.5,413.0,272.5,190.5,152.0,,,
2021-08-09,,0.0,0.0,4.5,0.0,,12.0,,0.0,,4.5,0.0,,6.5,,6.5,0.0,0.0,4.0,3.5,0.0,22.0,5.0,5.5,,3.5,0.0,,,4.0,6.0,0.0,23.5,0.0,42.0,0.0,3.0,,8.0,
2021-08-10,,108.0,80.5,229.0,1209.5,,778.0,,199.5,,22.5,923.0,,15.5,,165.5,13.5,7.0,22.5,28.0,,0.5,5.5,806.5,319.0,12.0,16.0,,,690.5,,291.0,,814.0,327.0,50.5,17.0,,195.5,
2021-08-11,,,,,,,,,,,,,,,,,,,,,,,,,,,,,,,,,631.5,,,,,,,
2021-08-12,,,,,,,,,,,,,,,,,,,,,,,,,,,,,,,,,,,,,,,,
2021-08-13,,,,,,,,,,,,,,,,,,,,,,,,,,,,,,,,,,,,,,,,
2021-08-14,,0.0,0.0,22.0,587.0,,369.5,,0.0,,314.5,268.0,,,,1.5,0.0,32.0,7.5,1.5,0.0,,,125.5,0.0,27.5,0.0,,,0.5,,0.0,24.0,,118.0,0.0,0.0,,,
2021-08-15,,157.0,220.5,782.0,1078.5,,325.0,,297.0,,9.5,52.5,,957.0,,1219.0,463.0,1267.5,838.0,1300.0,899.0,0.0,296.0,3.5,212.5,849.5,1041.0,,,1091.5,,119.0,1213.5,93.5,3.5,1301.0,531.0,,44.5,
2021-08-16,,58.0,153.0,194.5,881.5,,335.5,,417.0,,955.5,0.0,,248.5,,170.0,915.0,304.5,424.5,585.5,243.0,358.5,887.5,766.0,448.5,407.5,323.0,,,717.0,,66.0,510.0,48.5,1464.0,366.5,956.0,,277.5,
2021-08-17,,,,,,,,,,,,,,,,,,,,,,,,,,,,,,,,,,,,,,,,
2021-08-18,,389.5,374.0,114.5,50.5,,18.5,,897.0,,1106.0,0.0,,150.5,,76.0,566.0,270.5,152.0,,216.0,147.5,259.5,286.0,615.5,280.5,230.0,,,356.5,,375.0,,33.0,287.5,188.5,639.5,,,
2021-08-19,536.5,140.5,210.5,445.5,213.0,,640.0,,124.5,,646.0,940.0,,414.0,,40.0,94.0,40.0,578.0,67.5,850.5,319.0,102.5,655.5,183.0,52.5,680.0,,,201.5,,99.0,1046.5,1504.5,1244.5,1090.0,108.5,,,155.5
2021-08-20,,732.5,601.0,315.5,235.0,298.5,289.5,,557.0,,,185.0,,,,276.5,533.5,519.0,409.0,536.0,,,443.0,158.5,627.5,538.0,506.5,,,704.0,,674.0,,266.0,193.0,538.5,773.0,,,313.0
2021-08-21,549.0,584.0,262.5,520.5,343.0,986.5,,,,,,,,,,575.0,778.5,471.0,,,,,577.5,264.5,,1065.0,1072.5,,,50.5,,767.5,,1594.0,319.0,1446.0,,,,542.0
2021-08-22,,65.5,72.0,32.5,96.0,80.0,,,,,,194.0,,,,68.5,74.5,64.5,74.5,82.5,,,29.5,65.5,25.5,32.0,23.5,,,22.0,,31.5,,251.5,84.0,,63.0,,,
2021-08-23,,,,,,,,,,,,,,,,,,,,,,,,,,,,,,,,,,,,,,,,
2021-08-24,,,,,,,,,,,,,,,,,,,,,,,,,,,,,,,,,,,,,,,,
2021-08-25,,,,,,,,,,,,,,,,,,,,,,,,,,,,,,,,,,,,,,,,
2021-08-26,64.5,114.5,199.0,80.5,178.5,174.5,,,263.5,,,146.5,,,,116.5,178.0,206.5,30.5,207.0,100.5,,179.5,289.5,93.5,155.5,104.5,,,148.0,,75.0,96.0,270.0,341.0,34.0,174.0,,,
2021-08-27,,0.0,2.0,0.0,,2.5,0.0,,,,,,,,,37.0,2.0,0.0,,2.5,,,,0.0,,0.0,,,,0.0,,0.0,,,20.5,,1.5,,,
2021-08-28,,0.0,0.0,0.0,0.0,18.0,30.0,,24.0,,,0.0,,,,0.0,0.0,0.0,0.0,0.0,0.0,,0.0,0.0,23.0,0.0,0.0,,,0.0,,0.0,,0.0,0.5,8.5,0.0,,,
2021-08-29,0.0,53.5,52.5,0.0,0.0,59.5,75.5,,,,,,,,,0.0,,0.0,15.0,0.0,,,,0.0,,0.0,,,,0.0,,19.0,,17.0,,,14.0,,,
2021-08-30,,,,,,,,,,,,,,,,,,,,,,,,,,,,,,,,,,,,,,,,
2021-08-31,,1003.0,217.0,0.0,40.0,,0.0,,654.0,,,0.0,,,,46.0,23.0,24.0,351.5,0.5,237.5,,47.0,20.0,409.0,23.0,333.0,,,126.0,,563.0,275.0,4.0,39.5,218.0,523.0,,,
2021-09-01,,163.0,102.0,0.0,1.0,,873.0,,262.0,,,427.0,,,,23.5,28.5,0.0,235.5,31.0,170.0,,30.0,0.0,100.5,21.0,86.0,,,140.0,,89.0,0.0,437.5,0.5,18.0,444.0,,,
2021-09-02,,708.0,655.5,1043.5,2095.0,,2983.0,3045.5,806.0,,,1960.0,,1716.5,,582.5,615.5,682.0,1059.0,976.5,1224.5,,536.0,2309.5,789.5,689.5,1311.0,,,2741.5,,701.0,1383.0,1787.0,2730.0,1174.0,1131.5,,,
2021-09-03,,16.0,0.0,0.0,4.0,,3.5,0.0,0.0,,0.0,0.0,,0.0,,0.0,0.0,0.0,0.0,20.5,0.0,0.0,0.0,45.0,0.0,0.0,0.0,,,18.0,0.0,0.0,0.0,0.0,0.0,0.0,0.0,,,33.0
2021-09-04,,577.0,707.0,600.5,12.0,,137.5,541.0,0.0,,0.0,0.0,,98.0,,95.5,315.5,37.0,180.0,77.0,569.5,105.5,1242.0,0.0,0.0,27.5,559.0,,,0.0,,129.0,50.0,0.0,0.0,518.0,0.0,,,25.0
2021-09-05,,0.0,0.0,0.0,0.0,,0.0,0.0,0.0,,,964.5,,0.0,,0.0,0.0,0.0,0.0,26.0,0.0,3.5,45.0,106.0,21.0,0.0,0.0,,,0.0,,0.0,0.0,1160.5,0.0,20.5,0.0,,,22.5
2021-09-06,,0.5,1.0,8.5,1.0,,0.0,,0.0,,,45.0,,,,0.5,1.5,1.0,0.0,1.0,0.0,49.5,1.5,52.0,0.0,0.5,0.0,,,0.0,,0.0,0.0,0.0,4.5,0.0,0.0,,18.5,4.0
2021-09-07,,771.5,460.5,131.5,158.0,,0.0,,765.0,,56.0,0.0,,522.0,,274.5,260.0,225.5,218.0,353.5,872.0,2153.0,225.5,62.0,2190.5,229.0,520.5,,,739.5,,716.5,1584.0,0.0,38.5,403.5,247.5,,3.5,605.0
2021-09-08,,215.5,281.0,208.0,1383.0,,63.5,,437.5,,,69.5,,51.0,,597.0,,712.0,109.5,701.0,82.0,,317.5,279.5,254.5,467.0,110.5,,,102.0,320.0,726.0,41.5,,17.0,86.5,436.0,,1053.0,427.0
2021-09-09,19.5,0.0,0.0,26.0,5.0,2.0,24.5,,0.0,,50.0,2.5,,0.0,,0.0,0.0,18.0,4.0,39.5,0.0,,11.0,35.5,7.0,67.5,0.0,,,172.5,10.5,57.5,0.0,,0.5,0.0,31.5,,43.5,21.5
2021-09-10,,66.5,173.0,558.0,1676.0,1665.5,1564.5,956.5,37.5,,1480.0,1400.5,,286.5,,580.5,338.5,225.5,234.5,216.5,428.5,1544.0,588.0,1322.5,230.5,241.0,583.0,,,28.5,1269.5,132.5,402.5,1692.0,1228.5,370.0,9.0,,760.5,545.5
2021-09-11,,20.0,0.0,0.0,0.0,51.0,0.0,,0.0,,0.0,47.5,,0.0,,0.0,14.5,0.0,11.0,30.0,0.0,77.5,20.0,35.5,13.0,9.5,26.5,,,2.0,67.0,0.0,0.0,0.0,37.0,0.0,0.0,,26.5,0.0
2021-09-12,,26.5,0.0,481.5,,530.0,606.0,,0.0,,,754.0,,,,60.5,,,,0.5,0.0,,0.0,1530.5,27.0,0.0,0.0,,,,50.5,0.0,,,913.0,0.0,53.0,,,0.0
2021-09-13,,0.0,24.0,276.5,1031.5,,71.5,,0.0,,69.0,33.5,,0.0,,0.0,62.5,20.5,0.0,9.5,125.5,194.5,44.0,61.5,0.5,0.0,13.5,,,0.0,294.0,0.0,0.0,40.0,27.5,0.0,0.0,,130.5,0.0
2021-09-14,,1414.0,1386.5,893.0,993.0,,1155.5,,1743.0,,690.5,1740.0,,,,1063.0,,1268.0,1023.5,1329.0,1778.5,,1350.0,644.0,2204.5,1327.5,1638.5,,,2615.5,1015.5,1557.0,2678.5,1479.0,732.0,1483.0,2186.0,,858.0,1109.0
2021-09-15,,157.0,107.0,70.0,99.0,,33.5,,128.0,,26.0,58.5,,122.5,,125.5,119.0,64.0,115.5,123.5,169.5,59.0,151.0,44.0,174.0,114.0,123.5,,,143.0,82.5,118.5,91.5,57.5,42.0,65.0,130.0,,,116.0
2021-09-16,,0.0,0.0,0.0,0.0,,0.0,,0.0,,0.0,0.5,,0.0,,0.0,2.0,0.0,0.0,1.5,0.0,,2.0,29.0,2.0,1.5,0.0,,,20.5,1.0,0.0,16.5,,0.5,0.0,0.0,,,0.0
2021-09-17,,0.0,14.0,0.0,0.0,222.5,308.0,,158.5,,998.5,996.5,,0.0,,0.0,0.0,0.0,0.0,0.0,0.0,68.5,82.0,50.5,0.0,262.5,0.0,,,0.5,52.0,0.0,0.0,844.0,144.0,0.0,0.0,,,139.5
2021-09-18,,,,,,,,,,,,,,,,,,,,,,,,,,,,,,,,,,,,,,,,
2021-09-19,,,,,,,,,,,,,,,,,,,,,,,,,,,,,,,,,,,,,,,,
2021-09-20,,,,,,,,,,,,,,,,,,,,,,,,,,,,,,,,,,,,,,,,
2021-09-21,,,,,,,,,,,,,,,,,,,,,,,,,,,,,,,,,,,,,,,,
2021-09-22,,,,,,,,,,,,,,,,,,,,,,,,,,,,,,,,,,,,,,,,
2021-09-23,,0.0,3.5,0.0,0.0,337.5,491.0,496.0,0.0,,510.0,0.0,,94.0,,0.0,0.0,0.0,0.0,0.0,122.5,15.0,,279.0,0.0,0.0,0.0,,,0.0,,0.0,0.0,15.5,483.5,0.0,,,,0.0
2021-09-24,,0.0,0.0,0.0,0.0,0.0,24.0,,0.0,,59.5,90.0,,0.0,,0.0,0.0,0.0,0.0,0.0,0.0,,0.0,151.0,0.0,0.0,0.0,,,0.0,,0.0,0.0,70.0,,0.0,0.0,,,0.0
2021-09-25,,40.5,0.0,0.0,0.0,17.0,82.0,,28.0,,243.0,149.5,,0.0,,0.0,0.0,0.0,0.0,0.0,0.0,,,131.0,2.0,0.0,0.0,,,0.0,,0.0,0.0,40.0,136.5,0.0,16.0,,,0.0
2021-09-26,,318.5,0.0,150.0,287.5,,1140.0,,76.5,,52.5,,,109.5,,356.0,0.0,0.0,479.5,0.0,359.5,,0.0,157.5,0.0,171.5,118.5,,,147.5,346.0,149.0,18.0,88.0,14.5,105.5,31.0,,,160.5
2021-09-27,,143.5,81.0,240.5,210.0,,324.0,,1021.0,,,45.0,,154.0,,93.0,300.5,54.0,166.5,58.0,192.0,,151.0,305.5,514.0,,227.0,,,1471.0,,287.0,854.0,41.5,161.5,170.5,2102.0,,,118.0
2021-09-28,,861.0,2143.0,57.0,0.0,,0.0,,0.0,,540.5,0.0,,27.0,-839916.0,425.0,195.0,189.5,515.5,346.5,694.5,8.0,240.0,577.0,21.0,84.0,493.0,,,0.0,,225.0,1965.5,0.0,80.0,214.5,0.0,,,1298.0
2021-09-29,,136.0,82.5,0.0,51.5,,0.0,26.5,193.5,,9.0,0.0,,54.5,,77.0,68.5,61.5,67.0,92.0,39.0,,44.0,18.5,123.0,82.5,53.0,,,19.0,25.5,143.0,35.5,9.5,,124.5,184.0,,,98.5
2021-09-30,,0.0,20.5,0.0,,,29.5,,0.0,,,,,,,20.5,0.0,0.0,95.5,1.5,44.5,,,821.5,,,29.0,,,30.5,,39.0,0.0,,,52.0,23.0,,,
2021-10-01,,1059.0,1042.5,505.0,548.5,,383.5,314.0,924.5,635.0,346.0,280.0,,458.5,,626.5,860.5,751.5,489.0,801.0,545.5,,924.0,512.0,773.0,780.0,552.0,,,938.0,,1023.5,705.5,309.5,,447.0,1103.5,,,619.5
2021-10-02,,58.5,0.0,0.0,70.5,,7.0,35.5,104.0,50.5,50.5,0.0,,0.0,-729927.0,32.0,0.0,32.5,60.0,14.0,,,0.0,67.5,23.5,15.0,0.0,,,0.0,0.0,34.0,0.0,,,13.5,54.0,,,184.5
2021-10-03,,0.0,0.0,0.0,0.0,,16.0,,0.0,683.5,29.5,168.0,,,-759924.0,0.0,0.0,0.0,1.0,0.0,0.0,,0.0,0.0,0.0,0.0,0.0,,,0.0,,0.0,0.0,127.5,,0.0,0.0,,26.0,0.0
2021-10-04,,,,,,,,,,,,,,,,,,,,,,,,,,,,,,,,,,,,,,,,
2021-10-05,,,,,,,,,,,,,,,,,,,,,,,,,,,,,,,,,,,,,,,,
2021-10-06,,34.5,264.5,137.5,78.0,0.0,0.0,,73.0,,0.0,0.0,,265.5,,75.0,80.5,58.0,387.5,161.0,134.0,,221.0,19.5,24.0,83.5,121.0,,,303.5,152.0,270.0,129.5,0.0,,138.0,381.5,,,69.5
2021-10-07,,,,,,,,,,,,,,,,,,,,,,,,,,,,,,,,,,,,,,,,
2021-10-08,,,,,,,,,,,,,,,,,,,,,,,,,,,,,,,,,,,,,,,,
2021-10-09,,0.0,0.0,0.0,29.5,,23.5,0.0,0.0,,0.0,0.0,,0.0,,0.0,0.0,0.0,0.0,0.0,0.0,,37.0,0.0,0.0,0.0,0.0,,,0.0,0.0,0.0,0.0,0.0,,26.5,0.0,,,0.0
2021-10-10,,,,,,,,,,,,,,,,,,,,,,,,,,,,,,,,,,,,,,,,
2021-10-11,,,,,,,,,,,,,,,,,,,,,,,,,,,,,,,,,,,,,,,,
2021-10-12,,,,,,,,,,,,,,,,,,,,,,,,,,,,,,,,,,,,,,,,
2021-10-13,,,,,,,,,,,,,,,,,,,,,,,,,,,,,,,,,,,,,,,,
2021-10-14,,,,,,,,,,,,,,,,,,,,,,,,,,,,,,,,,,,,,,,,
2021-10-15,,0.0,0.0,796.5,0.0,,1221.5,59.5,0.0,,172.0,224.5,,0.0,,186.0,0.0,0.0,178.5,205.0,103.5,,,61.0,0.0,106.0,111.5,,,0.0,333.0,0.0,0.0,177.0,,222.0,0.0,,,0.0
2021-10-16,,41.0,16.0,383.5,1048.0,,1513.5,,26.5,,201.5,476.5,,60.5,,944.5,145.5,332.5,41.0,430.0,62.5,,,306.5,55.0,117.5,123.5,,,22.5,1936.5,50.0,148.0,777.0,,44.5,59.5,,,53.0
2021-10-17,,,,,,,,,,,22.0,,,,,,,,,,71.5,,,,,,,,,,,,26.0,,,,,,,
2021-10-18,,,,,,,,,,,593.5,,,,,,,,,,1807.0,,,,,,,,,,,,1630.5,,,,,,,
2021-10-19,,238.5,288.5,139.5,184.5,,4.5,26.5,267.0,,184.5,3.0,,282.5,,184.0,,274.5,122.5,356.0,101.0,44.5,130.0,330.0,247.5,180.0,105.0,,,472.0,104.5,162.0,173.5,,,67.0,466.0,,13.5,220.5
2021-10-20,,208.5,261.5,218.5,282.5,,385.0,491.5,362.0,,570.0,395.5,,278.0,,354.0,,360.5,209.5,192.0,286.5,,345.0,900.5,362.5,374.5,287.5,,,370.5,298.5,295.5,296.0,409.5,,281.5,431.5,,,541.5
2021-10-21,,,4.0,0.0,,,23.0,,,,,,,29.0,,,19.0,,20.0,96.5,0.0,,,281.5,0.0,0.0,0.5,,,20.5,,24.0,250.0,,,19.5,83.5,,,
2021-10-22,,440.0,571.0,464.5,658.5,,158.5,98.0,1297.0,,97.5,,,487.0,,386.5,415.5,,337.5,121.0,447.5,,395.0,133.0,1042.0,425.5,517.5,,,544.0,,686.0,352.5,,,336.0,894.0,,,460.0
2021-10-23,,466.5,417.0,0.0,7.0,,6.5,466.5,710.5,,23.0,887.5,,211.0,,59.5,472.5,40.0,88.0,28.5,842.5,,346.0,155.5,686.5,,584.5,,,90.0,,1242.5,837.0,,,47.0,40.0,,361.5,98.0
2021-10-24,,,,,,,,,,,,,,,,,,,,,,,,,,,,,,,,,,,,,,,,
2021-10-25,,98.0,511.0,657.5,561.5,,560.0,114.5,0.0,,90.0,731.0,,354.5,,1537.5,,165.5,52.5,93.5,220.5,,547.0,84.0,0.0,61.0,286.0,,,253.0,,7.0,477.0,,24.5,108.5,42.5,,,1609.5
2021-10-26,,,,,,,,,,,,,,,,,,,,,,,,,,,,,,,,,,,,,,,,
2021-10-27,,0.0,0.0,3.5,16.0,,0.0,8.0,0.0,,85.5,17.0,,31.5,,56.0,0.0,10.0,74.0,0.0,34.0,,,1609.0,0.0,20.0,53.0,,,41.5,,0.0,21.0,,446.5,89.5,0.5,,,0.0
2021-10-28,,,,,,,,,,,,,,,,,,,,,445.0,,,,,701.0,,,,,,,,,,,2178.0,,,
2021-10-29,,0.0,0.0,0.0,0.0,,20.0,0.0,0.0,,34.5,281.5,,0.0,,0.0,38.0,30.5,0.0,,,,8.0,9.5,0.0,36.5,0.0,,,0.0,,,0.0,,59.5,0.0,40.5,,,40.0
2021-10-30,,34.0,81.0,24.5,81.5,,281.0,,56.5,,28.5,508.0,,455.0,203.5,260.0,40.0,50.0,343.5,70.5,41.5,,35.0,195.5,50.5,306.5,28.5,,,150.5,,82.5,168.5,,197.5,16.0,100.5,,,75.0
2021-10-31,,311.0,31.5,9.5,707.5,,263.0,179.5,16.0,,,,,69.5,,386.5,77.0,,258.5,40.0,193.0,,,155.0,0.0,22.5,,,,80.0,,86.5,665.5,,2.0,241.5,,,,0.0
2021-11-01,,17.0,0.0,60.5,15.5,,292.0,65.0,0.0,,210.5,415.0,,86.5,,0.0,2.5,0.0,55.0,19.5,34.0,,,453.5,0.0,123.0,0.0,,,33.0,,42.0,18.0,,406.5,17.0,,,,0.0
2021-11-02,,,196.5,115.5,,,331.5,,179.5,,,,,118.0,,29.5,71.5,,151.5,69.5,310.5,,,103.5,84.0,115.0,397.0,,,,,117.5,444.5,,,,,,,
2021-11-03,,,,,,,,,,,,,,,,,,,,,,,,,,,,,,,,,,,,,,,,
2021-11-04,,,290.5,1019.0,384.0,,1671.0,915.5,531.5,,1394.0,1383.0,,2195.0,,328.5,355.0,308.5,939.0,201.0,998.5,,324.0,1198.0,450.0,419.5,993.0,,,1372.5,,371.0,1245.0,2131.5,,620.5,472.5,,,317.5
2021-11-05,,,,,,,,,,,,,,,,,,,,,,,,,,,,,,,,,,,,,,,,
2021-11-06,,,,,,,,,,,,,,,,,,,,,,,,,,,,,,,,,,,,,,,,
2021-11-07,,,,,,,,,,,,,,,,,,,,,,,,,,,,,,,,,,,,,,,,
2021-11-08,,,0.5,0.5,,,,,0.0,,,,,0.0,,,,,,,99.0,,,51.5,,16.5,,,,0.0,,0.0,,716.5,,,,,,
2021-11-09,,,,,,,,,,,,,,,,,,,,,,,,,,,,,,,,,,,,,,,,
2021-11-10,,,,,,,,,,,,,,,,,,,,,,,,,,,,,,,,,,,,,,,,
2021-11-11,,,,,,,,,,,,,,,,,,,,,,,,,,,,,,,,,,,,,,,,
2021-11-12,,,,,,,,,,,,,,,,,,,,,,,,,,,,,,,,,,,,,,,,
2021-11-13,,,,334.5,,,,,,,,,,,,,,,,,1114.5,,,469.0,,225.5,,,,,,390.5,,,,,,,,
2021-11-14,,,,,,,,,,,,,,,,,,,,,,,,,,,,,,,,,,,,,,,,
2021-11-15,,,,,,,,,,,,,,,,,,,,,,,,,,,,,,,,,,,,,,,,
2021-11-16,,,,,,,,,,,,,,,,,,,,,,,,,,,,,,,,,,,,,,,,
2021-11-17,,,,,,,,,,,,,,,,,,,,,,,,,,,,,,,,,,,,,,,,
2021-11-18,,,,,,,,,,,,,,,,,,,,,,,,,,,,,,,,,,,,,,,,
2021-11-19,,427.0,534.0,253.5,351.0,,866.0,,5.5,,1037.0,725.0,,,,244.5,73.0,100.0,171.0,8.0,,678.0,54.0,2175.5,,563.0,,,,108.5,558.5,1802.0,469.0,991.5,1323.5,724.5,0.5,,972.5,25.0
2021-11-20,,,938.0,527.0,,,,,0.0,,,,,,,,,,,,,,482.5,11.0,,169.5,,,,,,20.5,,2.5,,,2.5,,,
2021-11-21,,,17.0,0.0,,12.5,40.5,,30.5,,,,,,,,31.5,,190.0,24.0,,,0.0,1.5,,380.5,,,,0.0,11.0,193.5,,0.0,,,,,,
2021-11-22,,,,,,,,,,,,,,,,,,,,,,,,,,,,,,,,,,,,,,,,
2021-11-23,,,,,,,,,,,,,,,,,,,,,,,,,,,,,,,,,,,,,,,,
2021-11-24,,,,,,,,,,,,,,,,,,,,,,,,,,,,,,,,,,,,,,,,
2021-11-25,,,,,,,,,,,,,,,,,,,,,,,,,,,,,,,,,,,,,,,,
2021-11-26,,,,,,,,,,,,,,,,,,,,,,,,,,,,,,,,,,,,,,,,
2021-11-27,,,,,,,,,,,,,,,,,,,,,,,,,,,,,,,,,,,,,,,,
2021-11-28,,,,,,,,,,,,,,,,,,,,,,,,,,,,,,,,,,,,,,,,
2021-11-29,346.0,294.0,351.5,307.0,,254.0,296.5,,320.0,,36.5,,,,,297.0,249.0,253.5,0.0,28.5,214.5,,251.5,227.5,,441.5,195.0,,5.0,663.0,231.0,174.0,255.5,652.5,43.5,308.0,139.5,,,222.5
2021-11-30,,,249.0,143.5,,84.5,,,,,,,,,,,,,0.0,,131.0,,194.0,85.0,,206.5,,,64.5,168.0,125.0,194.0,,66.0,,,221.5,,,
2021-12-01,,,,,,,,,,,,,,,,,,,,,,,,,,,,,,,,,,,,,,,,
2021-12-02,,,,,,,,,,,,,,,,,,,,,,,,,,,,,,,,,,,,,,,,
2021-12-03,,,,,,,,,,,,,,,,,,,,,,,,,,,,,,,,,,,,,,,,
2021-12-04,,,,,,,,,,,,,,,,,,,,,,,,,,,,,,,,,,,,,,,,
2021-12-05,,,,,,,,,,,,,,,,,,,,,,,,,,,,,,,,,,,,,,,,
2021-12-06,,,,,,,,,,,,,,,,,,,,,,,,,,,,,,,,,,,,,,,,
2021-12-07,,,,,,,,,,,,,,,,,,,,,,,,,,,,,,,,,,,,,,,,
2021-12-08,,,,,,,,,,,,,,,,,,,,,,,,,,,,,,,,,,,,,,,,
2021-12-09,,,,,,,,,,,,,,,,,,,,,,,,,,,,,,,,,,,,,,,,
2021-12-10,,,,,,,,,,,,,,,,,,,,,,,,,,,,,,,,,,,,,,,,
2021-12-11,49.0,230.5,280.5,328.0,33.0,768.5,828.0,265.5,951.0,,1220.0,936.5,,1650.5,,0.0,38.5,47.0,945.0,65.0,1064.5,99.0,12.5,1702.0,,73.5,1314.5,,323.0,1071.5,305.5,220.0,3573.0,1123.5,,826.5,644.5,,353.5,78.5
2021-12-12,41.5,236.0,125.0,387.5,37.5,77.5,24.5,155.0,445.0,,259.5,96.5,,438.5,,,176.0,178.0,340.5,101.5,418.0,139.5,442.0,324.5,289.5,610.0,375.5,,463.5,1181.0,27.5,223.5,553.0,59.5,,426.0,217.0,,270.0,29.5
2021-12-13,311.0,46.0,36.5,124.0,119.0,235.0,289.0,,,,18.5,,,201.0,,,36.5,,117.5,,246.5,,76.5,28.0,,25.0,194.5,,602.5,,119.5,100.5,252.5,690.5,,,31.5,,,47.5
2021-12-14,,21.5,15.0,71.0,245.5,238.0,208.0,332.5,238.0,,364.0,443.0,,110.5,,,50.5,26.5,288.5,39.5,350.5,96.5,35.0,28.0,,76.5,333.0,,0.0,220.5,105.0,165.5,703.0,,,189.0,337.5,,736.5,223.0
2021-12-15,,126.5,20.0,102.5,38.5,0.0,29.0,,98.5,,0.0,0.0,,0.0,,,38.0,30.0,19.5,8.5,11.0,,17.0,0.0,,180.0,48.5,,200.0,,42.5,90.0,16.0,27.0,,,130.0,,13.0,89.5
2021-12-16,,,188.0,55.0,,,,,,,,,,,,,,,,,458.5,,,74.0,,,,,,,,543.0,593.0,,,,,,,
2021-12-17,733.0,30.5,5.5,11.5,44.5,27.5,32.5,120.5,55.0,,219.0,224.0,,123.0,,,130.5,46.0,0.0,50.0,95.5,706.0,27.0,73.5,,93.0,76.0,,,199.0,105.5,47.5,372.0,301.5,,,82.5,,181.0,109.0
2021-12-18,,,,,,,,,,,,,,,,,,,,,,,,,,,,,,,,,,,,,,,,
2021-12-19,,,,,,,,,,,,,,,,,,,,,,,,,,,,,,,,,,,,,,,,
2021-12-20,30.5,22.0,45.5,49.5,39.5,44.0,62.0,81.0,40.5,,621.0,151.0,,123.5,0.0,111.0,34.0,0.0,0.0,73.0,137.0,126.0,38.5,91.5,,0.0,141.5,,,125.5,38.5,42.5,135.5,130.5,,93.0,18.0,,172.0,24.0
2021-12-21,,,,,,,,,,,,,,,,,,,,,,,,,,,,,,,,,,,,,,,,
2021-12-22,,,,,,,,,,,,,,,,,,,,,,,,,,,,,,,,,,,,,,,,
2021-12-23,,1216.0,2542.0,1748.0,1375.0,10.0,0.0,52.0,5275.0,,1584.0,0.0,,875.5,,,1700.0,4447.0,0.0,4779.5,3247.5,67.5,1403.0,674.5,,6998.0,3652.0,,,100.0,316.5,684.0,4474.0,0.0,,1627.5,979.0,,282.0,1025.0
2021-12-24,,,,,,,,,,,,,,,,,,,,,,,,,,,,,,,,,,,,,,,,
2021-12-25,,,,,,,,,,,,,,,,,,,,,,,,,,,,,,,,,,,,,,,,
2021-12-26,,,,,,,,,,,,,,,,,,,,,,,,,,,,,,,,,,,,,,,,
2021-12-27,,,,,,,,,,,,,,,,,,,,,,,,,,,,,,,,,,,,,,,,
2021-12-28,,,,,,,,,,,,,,,,,,,,,,,,,,,,,,,,,,,,,,,,
2021-12-29,,,,,,,,,,,,,,,,,,,,,,,,,,,,,,,,,,,,,,,,
2021-12-30,,,,,,,,,,,,,,,,,,,,,,,,,,,,,,,,,,,,,,,,
2021-12-31,,,,,,,,,,,,,,,,,,,,,,,,,,,,,,,,,,,,,,,,
2022-01-01,,,,,,,,,,,,,,,,,,,,,,,,,,,,,,,,,,,,,,,,
2022-01-02,,,,,,,,,,,,,,,,,,,,,,,,,,,,,,,,,,,,,,,,
2022-01-03,,,,,,,,,,,,,,,,,,,,,,,,,,,,,,,,,,,,,,,,
2022-01-04,,,,,,,,,,,,,,,,,,,,,,,,,,,,,,,,,,,,,,,,
2022-01-05,,522.0,394.0,481.0,635.5,281.0,113.0,226.0,,,255.5,132.0,,498.0,,,481.0,545.5,13.0,510.0,267.0,,476.0,288.0,,490.0,277.0,,,127.0,476.5,334.0,,196.5,,,,,350.0,1268.0
2022-01-06,,541.0,605.5,334.0,183.0,26.5,60.5,,,,26.0,29.0,,903.5,,,12.0,34.0,0.0,78.5,155.5,,117.0,84.5,,24.0,185.5,,,474.5,441.0,879.5,,,48.0,469.0,20.5,,40.5,10.5
2022-01-07,,,222.5,122.5,,124.5,,,,,,,,,,,,,,,,,,,,,,,,,,,,,,,130.5,,,
2022-01-08,,,,,,,,,,,,,,,,,,,,,,,,,,,,,,,,,,,,,,,,
2022-01-09,,,,,,,,,,,,,,,,,,,,,,,,,,,,,,,,,,,,,,,,
2022-01-10,,,,,,,,,,,,,,,,,,,,,,,,,,,,,,,,,,,,,,,,
2022-01-11,,,,,,,,,,,,,,,,,,,,,,,,,,,,,,,,,,,,,,,,
2022-01-12,,2683.5,2391.5,967.5,851.5,1858.5,2031.5,1359.0,2756.0,724.0,660.0,,4154.5,2155.0,,,2143.0,2117.5,94.0,1974.5,3223.5,,1994.5,972.0,,,2913.0,2086.5,,4577.0,1276.0,2650.5,5098.5,1105.0,658.0,,3849.5,1282.5,1001.0,1285.5
2022-01-13,,,,,,,,,,,,,,,,,,,,,,,,,,,,,,,,,,,,,,,,
2022-01-14,,,,,,,,,,,,,,,,,,,,,,,,,,,,,,,,,,,,,,,,
2022-01-15,,296.0,372.0,81.0,337.0,692.5,644.0,416.0,3227.5,,321.5,,,869.0,0.0,,586.0,322.0,421.0,261.0,1112.0,1083.0,617.5,412.0,,,1189.5,377.5,,208.5,,374.5,,129.0,393.5,,693.5,,278.0,457.5
2022-01-16,,,,,,,,,,,,,,,,,,,,,,,,,,,,,,,,,,,,,,,,
2022-01-17,,,,,,,,,,,,,,,,,,,,,,,,,,,,,,,,,,,,,,,,
2022-01-18,,3050.0,2580.5,6568.5,6099.0,5788.0,5283.0,3655.5,3130.0,,1526.0,3252.5,,5182.0,3877.5,3107.0,2827.5,3817.0,8421.0,4350.5,7959.0,,2768.5,2904.0,,5882.5,8746.0,7526.0,,4101.5,,6022.5,,3283.0,2346.5,,3556.0,3403.0,2388.5,2968.5
2022-01-19,,,,,,,,,,,,,,,,,,,,,,,,,,,,,,,,,,,,,,,,
2022-01-20,,,,,,,,,,,,,,,,,,,,,,,,,,,,,,,,,,,,,,,,
2022-01-21,,,,,,,,,,,,,,,,,,,,,,,,,,,,,,,,,,,,,,,,
2022-01-22,,,,,,,,,,,,,,,,,,,,,,,,,,,,,,,,,,,,,,,,
2022-01-23,,,,,,,,,,,,,,,,,,,,,,,,,,,,,,,,,,,,,,,,
2022-01-24,,,,,,,,,,,,,,,,,,,,,,,,,,,,,,,,,,,,,,,,
2022-01-25,,,,,,,,,,,,,,,,,,,,,,,,,,,,,,,,,,,,,,,,
2022-01-26,,,,,,,,,,,,,,,,,,,,,,,,,,,,,,,,,,,,,,,,
2022-01-27,,,,,,,,,,,,,,,,,,,,,,,,,,,,,,,,,,,,,,,,
2022-01-28,,0.0,0.0,0.0,0.0,0.0,0.0,26.0,0.0,,47.5,36.5,0.0,0.0,,0.0,0.0,0.0,0.0,0.0,0.0,,0.0,22.0,,0.0,0.0,0.0,0.0,0.0,0.0,0.0,0.5,171.0,15.0,,0.0,0.0,34.5,0.0
2022-01-29,,,,,,,,,,,,,,,,,,,,,,,,,,,,,,,,,,,,,,,,
2022-01-30,,,0.0,0.0,0.0,0.0,,,,,0.0,,,,,0.0,0.0,,,0.0,,,0.0,0.0,,0.0,0.0,,0.0,0.0,0.0,0.0,0.0,0.0,,,,,,0.0
2022-01-31,,,,,,,,,,,,,,,,,,,,,,,,,,,,,,,,,,,,,,,,
2022-02-01,,,,,,,,,,,,,,,,,,,,,,,,,,,,,,,,,,,,,,,,
2022-02-02,,,,,,,,,,,,,,,,,,,,,,,,,,,,,,,,,,,,,,,,
2022-02-03,,32.5,0.0,0.0,0.0,75.0,35.5,14.0,832.0,,100.5,0.0,1222.5,0.0,,0.0,0.0,33.5,55.0,1.0,0.0,116.5,0.0,100.0,,0.0,32.0,1525.5,0.0,634.5,0.0,386.5,188.5,0.0,83.0,,1495.5,0.0,14.0,0.0
2022-02-04,,,,,,,,,,,,,,,,,,,,,,,,,,,,,,,,,,,,,,,,
2022-02-05,,,,,,,,,,,,,,,,,,,,,,,,,,,,,,,,,,,,,,,,
2022-02-06,,346.0,841.5,68.5,92.5,1159.0,1138.0,168.0,27.0,,254.0,1201.0,160.5,441.0,,291.0,313.0,98.0,600.5,139.5,,182.0,398.0,36.0,,,735.0,155.5,245.0,97.5,699.0,618.0,571.5,1393.0,,,11.5,66.5,283.5,265.0
2022-02-07,,,282.0,225.5,,182.0,,125.0,114.0,,,,,,,,,,,,,,420.5,154.5,,,,,102.0,,497.5,548.0,,49.0,,,,,,
2022-02-08,,,196.5,45.0,,464.0,,,,255.0,,,,11.5,,,287.5,,,169.5,,0.0,,62.0,,,132.0,,0.0,,137.0,680.5,377.5,220.0,,,,,,
2022-02-09,,3093.0,3072.0,480.5,272.0,180.0,218.5,229.0,1629.0,414.0,801.0,800.5,655.5,2469.5,,397.5,1700.5,961.0,1136.5,769.5,,2020.0,1778.5,1159.5,,963.5,440.5,1793.0,1144.0,2169.0,162.0,2865.5,1071.5,,,,856.0,490.0,313.5,532.5
2022-02-10,,,1292.5,1028.0,,,,1711.0,,,,,,,,,,,,,,,,,,,,,,,,,,,,,,,,
2022-02-11,,,,,,,,,,,,,,,,,,,,,,,,,,,,,,,,,,,,,,,,
2022-02-12,,,,,,,,,,,,,,,,,,,,,,,,,,,,,,,,,,,,,,,,
2022-02-13,,,,,,,,,,,,,,,,,,,,,,,,,,,,,,,,,,,,,,,,
2022-02-14,,,,,,,,,,,,,,,,,,,,,,,,,,,,,,,,,,,,,,,,
2022-02-15,,,,,,,,,,,,,,,,,,,,,,,,,,,,,,,,,,,,,,,,
2022-02-16,,,,,,,,,,,,,,,,,,,,,,,,,,,,,,,,,,,,,,,,
2022-02-17,,,,,,,,,,,,,,,,,,,,,,,,,,,,,,,,,,,,,,,,
2022-02-18,,,,,,,,,,,,,,,,,,,,,,,,,,,,,,,,,,,,,,,,
2022-02-19,,,,,,,,,,,,,,,,,,,,,,,,,,,,,,,,,,,,,,,,
2022-02-20,,,,,,,,,,,,,,,,,,,,,,,,,,,,,,,,,,,,,,,,
2022-02-21,,,,,,,,,,,,,,,,,,,,,,,,,,,,,,,,,,,,,,,,
2022-02-22,,,,,,,,,,,,,,,,,,,,,,,,,,,,,,,,,,,,,,,,
2022-02-23,,,,,,,,,,,,,,,,,,,,,,,,,,,,,,,,,,,,,,,,
2022-02-24,,,,,,,,,,,,,,,,,,,,,,,,,,,,,,,,,,,,,,,,
2022-02-25,,25.5,2.0,6.0,4.0,41.0,24.0,20.5,72.0,79.0,0.0,0.0,116.0,57.0,,41.5,12.0,4.5,73.5,22.5,0.0,,116.5,15.0,,33.5,0.0,,220.0,60.5,11.0,0.5,0.0,96.5,,,136.5,17.0,36.0,259.0
2022-02-26,,229.5,191.5,0.0,0.0,0.0,0.5,0.0,186.0,5.0,0.0,0.0,1.5,0.0,,40.0,114.5,40.0,0.0,28.0,0.0,31.0,100.0,21.0,,28.0,0.0,,0.0,0.0,0.0,121.0,0.0,0.5,0.0,,688.0,39.5,0.0,152.0
2022-02-27,,,,,,,,,,,,,,,,,,,,,,,,,,,,,,,,,,,,,,,,
2022-02-28,,,,,,,,,,,,,,,,,,,,,,,,,,,,,,,,,,,,,,,,
2022-03-01,,,,,,,,,,,,,,,,,,,,,,,,,,,,,,,,,,,,,,,,
2022-03-02,,,,,,,,,,,,,,,,,,,,,,,,,,,,,,,,,,,,,,,,
2022-03-03,,,,,,,,,,,,,,,,,,,,,,,,,,,,,,,,,,,,,,,,
2022-03-04,,,,,,,,,,,,,,,,,,,,,,,,,,,,,,,,,,,,,,,,
2022-03-05,,,,,,,,,,,,,,,,,,,,,,,,,,,,,,,,,,,,,,,,
2022-03-06,,,,,,,,,,,,,,,,,,,,,,,,,,,,,,,,,,,,,,,,
2022-03-07,,125.5,34.5,0.0,0.0,52.5,25.5,0.0,68.5,,36.5,0.0,92.0,48.5,94.5,34.5,111.0,34.5,115.5,89.5,69.0,21.5,125.5,36.5,,96.5,32.0,104.5,39.5,120.5,22.0,71.0,31.0,16.5,80.5,63.0,90.5,63.5,79.0,67.0
2022-03-08,,,,,,,,,,,,,,,,,,,,,,,,,,,,,,,,,,,,,,,,
2022-03-09,,,,,,,,,,,,,,,,,,,,,,,,,,,,,,,,,,,,,,,,
2022-03-10,,,,,,,,,,,,,,,,,,,,,,,,,,,,,,,,,,,,,,,,
2022-03-11,,,,,,,,,,,,,,,,,,,,,,,,,,,,,,,,,,,,,,,,
2022-03-12,,,,,,,,,,,,,,,,,,,,,,,,,,,,,,,,,,,,,,,,
2022-03-13,,,,,,,,,,,,,,,,,,,,,,,,,,,,,,,,,,,,,,,,
2022-03-14,,,,,,,,,,,,,,,,,,,,,,,,,,,,,,,,,,,,,,,,
2022-03-15,,,,,,,,,,,,,,,,,,,,,,,,,,,,,,,,,,,,,,,,
2022-03-16,,,,,,,,,,,,,,,,,,,,,,,,,,,,,,,,,,,,,,,,
2022-03-17,,,,,,,,,,,,,,,,,,,,,,,,,,,,,,,,,,,,,,,,
2022-03-18,,,,,,,,,,,,,,,,,,,,,,,,,,,,,,,,,,,,,,,,
2022-03-19,,,,,,,,,,,,,,,,,,,,,,,,,,,,,,,,,,,,,,,,
2022-03-20,,,,,,,,,,,,,,,,,,,,,,,,,,,,,,,,,,,,,,,,
2022-03-21,,,,,,,,,,,,,,,,,,,,,,,,,,,,,,,,,,,,,,,,
2022-03-22,,,,,,,,,,,,,,,,,,,,,,,,,,,,,,,,,,,,,,,,
2022-03-23,,,,,,,,,,,,,,,,,,,,,,,,,,,,,,,,,,,,,,,,
2022-03-24,,,,,,,,,,,,,,,,,,,,,,,,,,,,,,,,,,,,,,,,
2022-03-25,,,,,,,,,,,,,,,,,,,,,,,,,,,,,,,,,,,,,,,,
2022-03-26,,,,,,,,,,,,,,,,,,,,,,,,,,,,,,,,,,,,,,,,
2022-03-27,,,,,,,,,,,,,,,,,,,,,,,,,,,,,,,,,,,,,,,,
2022-03-28,,,,,,,,,,,,,,,,,,,,,,,,,,,,,,,,,,,,,,,,
2022-03-29,,,,,,,,,,,,,,,,,,,,,,,,,,,,,,,,,,,,,,,,
2022-03-30,,,,,,,,,,,,,,,,,,,,,,,,,,,,,,,,,,,,,,,,
2022-03-31,,,,,,,,,,,,,,,,,,,,,,,,,,,,,,,,,,,,,,,,
2022-04-01,,,,,,,,,,,,,,,,,,,,,,,,,,,,,,,,,,,,,,,,
2022-04-02,,,,,,,,,,,,,,,,,,,,,,,,,,,,,,,,,,,,,,,,
2022-04-03,,,,,,,,,,,,,,,,,,,,,,,,,,,,,,,,,,,,,,,,
2022-04-04,,,,,,,,,,,,,,,,,,,,,,,,,,,,,,,,,,,,,,,,
2022-04-05,,,,,,,,,,,,,,,,,,,,,,,,,,,,,,,,,,,,,,,,
2022-04-06,,,,,,,,,,,,,,,,,,,,,,,,,,,,,,,,,,,,,,,,
2022-04-07,,1069.0,1243.0,421.0,709.0,1072.0,975.0,540.5,807.0,189.0,434.5,1830.0,1097.5,683.0,631.5,378.0,969.5,605.5,1007.0,604.5,1335.5,,900.5,435.0,1543.5,1355.0,1430.5,,65.5,936.5,,1301.5,957.5,1861.0,312.0,748.0,526.0,591.0,449.5,
2022-04-08,,,,,,,,,,,,,,,,,,,,,,,,,,,,,,,,,,,,,,,,
2022-04-09,,,,,,,,,,,,,,,,,,,,,,,,,,,,,,,,,,,,,,,,
2022-04-10,,,,,,,,,,,,,,,,,,,,,,,,,,,,,,,,,,,,,,,,
2022-04-11,,,,,,,,,,,,,,,,,,,,,,,,,,,,,,,,,,,,,,,,
2022-04-12,,,,,,,,,,,,,,,,,,,,,,,,,,,,,,,,,,,,,,,,
2022-04-13,,,,,,,,,,,,,,,,,,,,,,,,,,,,,,,,,,,,,,,,
2022-04-14,,0.0,0.0,0.0,28.0,0.0,0.0,115.5,14.5,,50.5,0.0,0.0,0.0,,,24.5,0.0,0.0,4.0,,316.0,,222.0,27.5,0.0,0.0,,473.0,120.0,,0.0,32.0,4.0,91.0,,0.0,11.5,56.5,
2022-04-15,,,,,,,,,,,,,,,,,,,,,,,,,,,,,,,,,,,,,,,,
2022-04-16,,0.0,245.0,13.0,129.0,0.0,0.0,0.0,86.0,555.0,264.5,56.0,509.5,41.0,,,12.5,0.0,13.0,0.0,20.5,,309.0,522.0,396.0,0.0,34.5,,446.5,0.0,,62.5,241.5,73.0,113.5,,0.0,,496.0,
2022-04-17,,,,,,,,,,,,,,,,,,,,,,,,,,,,,,,,,,,,,,,,
2022-04-18,,,,,,,,,,,,,,,,,,,,,,,,,,,,,,,,,,,,,,,,
2022-04-19,,,,,,,,,,,,,,,,,,,,,,,,,,,,,,,,,,,,,,,,
2022-04-20,,,0.0,,,0.0,,,,,,,,,,,,,0.0,,,,,0.0,,,,,0.0,,,16.0,,0.0,,,,,,
2022-04-21,,17.0,4.5,0.0,266.5,626.0,493.5,280.5,2.5,,1501.0,1509.5,185.5,75.5,32.0,,0.0,0.0,0.0,27.5,207.0,177.5,,1016.0,0.0,14.0,336.5,0.0,129.5,0.0,,0.0,27.0,,882.0,,34.5,,502.5,
2022-04-22,,,,,,,,,,,,,,,,,,,,,,,,,,,,,,,,,,,,,,,,
2022-04-23,,,,,,,,,,,,,,,,,,,,,,,,,,,,,,,,,,,,,,,,
2022-04-24,,,,,,,,,,,,,,,,,,,,,,,,,,,,,,,,,,,,,,,,
2022-04-25,,,,,,,,,,,,,,,,,,,,,,,,,,,,,,,,,,,,,,,,
2022-04-26,,,10.0,155.0,59.5,1309.0,1429.5,1108.0,198.0,475.5,1003.5,619.5,183.0,316.5,,,12.5,17.5,,48.0,182.5,363.5,0.0,266.5,240.0,37.5,156.5,62.5,1033.5,150.0,,31.5,380.5,,222.0,,18.0,,1458.0,
2022-04-27,,,,,,,,,,,,,,,,,,,,,,,,,,,,,,,,,,,,,,,,
2022-04-28,,,,,,,,,,,,,,,,,,,,,,,,,,,,,,,,,,,,,,,,
2022-04-29,,,,,,,,,,,,,,,,,,,,,,,,,,,,,,,,,,,,,,,,
2022-04-30,,,,,,,,,,,,,,,,,,,,,,,,,,,,,,,,,,,,,,,,
2022-05-01,,,,,,,,,,,,,,,,,,,,,,,,,,,,,,,,,,,,,,,,
2022-05-02,,,,,,,,,,,,,,,,,,,,,,,,,,,,,,,,,,,,,,,,
2022-05-03,,,,,,,,,,,,,,,,,,,,,,,,,,,,,,,,,,,,,,,,
2022-05-04,,,,,,,,,,,,,,,,,,,,,,,,,,,,,,,,,,,,,,,,
2022-05-05,,,0.0,673.5,236.0,135.5,65.0,180.0,455.5,250.5,388.5,942.0,153.0,0.5,,,14.0,39.0,321.0,102.5,110.5,,0.0,255.5,,228.0,196.5,,82.0,503.0,39.0,80.5,,1234.5,434.0,116.0,283.0,96.5,160.5,
2022-05-06,,,,,,,,,,,,,,,,,,,,,,,,,,,,,,,,,,,,,,,,
2022-05-07,,,,,,,,,,,,,,,,,,,,,,,,,,,,,,,,,,,,,,,,
2022-05-08,,,,,,,,,,,,,,,,,,,,,,,,,,,,,,,,,,,,,,,,
2022-05-09,,,,,,,,,,,,,,,,,,,,,,,,,,,,,,,,,,,,,,,,
2022-05-10,,,,,,,,,,,,,,,,,,,,,,,,,,,,,,,,,,,,,,,,
2022-05-11,,,,,,,,,,,,,,,,,,,,,,,,,,,,,,,,,,,,,,,,
2022-05-12,,269.0,455.0,524.0,387.0,36.0,41.5,106.0,,33.0,444.0,251.5,1038.5,1438.0,,,1574.0,691.0,1470.5,777.0,,,1610.0,302.0,,,,,383.5,408.0,37.0,1046.5,618.0,236.0,346.5,,,542.0,58.5,
2022-05-13,,73.0,151.5,518.5,694.0,1133.5,924.5,389.0,0.0,329.5,217.5,1299.0,56.0,601.5,7.0,,403.0,320.0,593.0,472.5,1038.5,,231.0,1039.0,,,860.0,,87.0,20.0,1165.5,158.5,358.5,1602.5,,664.5,0.0,341.5,815.5,
2022-05-14,,34.0,30.0,0.0,0.0,0.0,0.0,39.0,0.0,0.0,24.0,0.0,0.0,0.0,,,0.0,0.0,0.0,27.5,24.5,,38.5,19.5,,,0.0,,19.5,0.0,71.0,25.5,21.0,39.0,0.0,16.0,0.0,0.0,35.0,
2022-05-15,,,,,,,,,,,,,,,,,,,,,,,,,,,,,,,,,,,,,,,,
2022-05-16,,105.0,166.5,0.0,0.0,0.0,0.0,10.0,42.0,0.0,510.5,459.5,19.5,9.0,,,232.5,352.5,78.5,424.5,60.5,,20.5,0.0,,,21.0,489.0,0.0,57.0,0.0,319.5,42.0,312.5,24.0,35.0,73.5,781.0,11.0,
2022-05-17,,,19.5,430.5,1411.5,103.0,121.0,17.0,61.5,686.5,81.5,427.0,0.0,,,,20.0,38.5,143.5,150.5,0.0,,35.5,54.5,,,61.5,,830.5,123.0,,,19.5,491.5,,,87.5,58.5,317.0,
2022-05-18,,,,,,,,,,,,,,,,,,,,,,,,,,,,,,,,,,,,,,,,
2022-05-19,,,,,,,,,,,,,,,,,,,,,,,,600.5,,,,,1057.5,,,,,,,,,,,
2022-05-20,,,1766.0,21.5,62.5,19.5,49.5,20.5,47.0,53.5,81.5,10.0,128.5,12.5,283.0,,137.0,46.0,84.0,44.0,404.5,,642.0,43.0,78.5,,398.0,,55.5,1.5,644.5,,262.5,29.5,0.0,156.0,0.0,20.0,0.0,
2022-05-21,,,,,,,,,,,,,,,,,,,,,,,,,,,,,,,,,,,,,,,,
2022-05-22,,,,,,,,,,,,,,,,,,,,,,,,,,,,,,,,,,,,,,,,
2022-05-23,,,,,,,,,,,,,,,,,,,,,,,,,,,,,,,,,,,,,,,,
2022-05-24,,,,,,,,,,,,,,,,,,,,,,,,,,,,,,,,,,,,,,,,
2022-05-25,,,,,,,,,,,,,,,,,,,,,,,,,,,,,,,,,,,,,,,,
2022-05-26,,,,,,,,,,,,,,,,,,,,,,,,,,,,,,,,,,,,,,,,
2022-05-27,,,,,,,,,,,,,,,,,,,,,,,,,,,,,,,,,,,,,,,,
2022-05-28,,,,,,,,,,,,,,,,,,,,,,,,,,,,,,,,,,,,,,,,
2022-05-29,,,,,,,,,,,,,,,,,,,,,,,,,,,,,,,,,,,,,,,,
2022-05-30,,,,,,,,,,,,,,,,,,,,,,,,,,,,,,,,,,,,,,,,
2022-05-31,,0.0,0.0,0.0,0.0,0.0,0.0,0.0,0.0,,13.0,0.0,0.0,0.0,0.0,,245.0,496.0,0.0,43.0,80.0,,0.0,162.0,,491.5,14.0,,34.0,0.0,,0.0,0.0,0.0,132.5,0.0,0.0,83.0,0.0,0.0
2022-06-01,,0.0,0.0,0.0,20.5,0.0,58.0,616.0,0.0,0.0,212.0,1152.5,1274.0,0.0,,,0.0,0.0,0.0,1.5,128.0,,0.0,972.0,0.0,16.5,196.5,,2977.0,120.5,25.0,0.0,327.0,608.5,436.0,0.0,82.0,560.0,0.0,0.0
2022-06-02,,0.0,0.0,0.0,28.0,0.0,0.0,0.0,28.5,0.0,0.0,0.0,0.0,0.0,95.0,,0.0,0.0,0.0,0.0,0.0,,0.0,34.0,,0.0,0.0,,0.0,0.0,,0.0,,0.0,0.0,0.0,112.5,0.0,0.0,0.0
2022-06-03,,14.0,32.0,316.0,148.0,1405.0,1170.5,129.5,504.0,790.0,148.0,43.0,0.0,914.5,0.0,,14.5,142.0,1238.5,119.0,374.5,1176.5,0.0,375.5,,,289.5,786.0,831.5,0.0,,855.0,407.0,78.5,32.5,722.5,8.0,410.0,431.5,15.5
2022-06-04,,0.5,0.0,0.0,25.0,41.5,49.5,0.0,0.0,23.5,0.0,0.0,22.0,0.0,0.0,156.0,0.0,0.0,0.0,3.5,0.0,274.5,0.0,0.0,,,0.0,,36.5,0.0,,0.0,22.5,0.0,0.0,0.0,0.5,0.0,86.0,0.5
2022-06-05,,,432.5,55.5,76.5,0.0,26.5,40.5,2003.0,103.0,150.5,65.5,261.0,16.5,,,52.5,167.0,25.5,137.5,264.5,,0.0,80.0,,,59.5,,81.0,302.0,,139.5,56.0,117.5,54.5,29.0,725.0,55.0,90.5,25.5
2022-06-06,,19.5,0.0,0.0,0.0,0.0,0.5,0.0,26.0,2.0,0.0,0.0,,0.0,0.0,,0.0,0.0,0.0,2.5,0.0,,0.0,0.0,0.0,,0.0,,0.0,0.0,,0.0,0.0,34.0,0.0,0.0,38.0,0.0,0.0,0.5
2022-06-07,,0.0,0.0,0.0,0.0,0.0,0.0,0.0,0.0,0.0,0.0,0.0,0.0,0.0,0.0,,0.0,0.0,0.0,0.0,0.0,,20.5,37.5,0.0,,0.0,,0.0,0.0,,22.5,,0.0,0.0,,0.5,0.0,0.0,0.0
2022-06-08,,36.5,0.0,1212.0,908.5,43.0,29.0,860.5,0.0,114.5,846.0,13.0,77.0,86.0,,,0.0,0.0,64.5,0.0,0.0,0.0,0.0,592.0,,430.5,20.0,,131.5,40.0,,129.0,546.5,0.0,563.0,0.0,56.5,0.0,138.5,0.0
2022-06-09,,596.0,934.5,277.5,148.0,49.0,45.0,162.5,2342.5,75.5,0.0,24.5,421.0,272.5,2334.5,,322.5,210.0,237.0,200.5,219.5,,319.5,394.5,1097.0,186.5,253.0,,20.0,2399.5,,538.5,873.0,51.5,0.0,280.0,1255.5,262.0,121.0,278.0
2022-06-10,,,,,,,,,,,,,,,,,,,,,,,,,,,,,,,,,,,,,,,,
2022-06-11,,,,,,,,,,,,,,,,,,,,,,,,,,,,,,,,,,,,,,,,
2022-06-12,,894.0,218.0,1170.5,992.5,718.0,930.0,202.5,315.5,2480.0,644.5,245.0,164.0,323.5,163.5,,913.5,2058.5,516.0,1829.5,425.0,,787.0,135.0,,836.0,357.5,,149.0,22.0,1050.5,911.0,277.5,337.5,,466.5,739.0,664.5,1695.5,966.5
2022-06-13,,,0.0,0.0,23.0,108.0,113.5,44.0,134.5,354.5,82.5,0.0,58.0,12.0,,,0.0,0.0,31.0,80.5,30.0,235.5,40.0,183.0,,,29.5,,387.0,27.0,,89.5,29.5,0.0,,0.0,75.0,0.0,220.5,52.0
2022-06-14,,,,,,,,,,,,,,,,,,,,,,,,,,,,,,,,,,,,,,,,
2022-06-15,,,,,,,,,,,,,,,,,,,,,,,,,,,,,,,,,,,,,,,,
2022-06-16,,1691.5,1625.5,413.5,946.0,1056.5,1068.5,378.0,3577.0,,310.5,1168.0,2874.0,2043.5,2080.0,,1929.0,1438.0,3394.5,1287.5,2776.0,407.5,1651.5,184.5,,1603.0,2232.0,1482.0,293.5,2296.0,1363.0,2012.5,2425.5,1082.5,,3602.5,2459.5,271.5,963.0,
2022-06-17,,1303.0,1141.5,527.0,225.5,459.0,453.5,409.5,555.0,,620.5,239.0,537.5,379.0,779.0,,1019.0,811.5,618.5,,424.5,238.0,1121.0,193.5,,,437.5,,256.5,1476.0,183.5,1031.0,575.0,451.5,,,,814.5,113.5,
2022-06-18,,0.0,0.0,0.0,23.0,16.0,16.0,0.0,0.0,,21.0,0.0,0.0,7.0,0.0,0.0,0.0,37.0,20.5,0.0,0.0,0.0,67.0,19.5,0.0,29.5,0.0,,56.5,52.0,32.5,0.0,0.0,14.5,,23.0,12.0,23.0,0.0,
2022-06-19,,0.0,0.0,52.0,0.0,0.0,0.0,382.5,0.0,0.0,87.0,0.0,21.0,0.0,0.0,,0.0,740.0,43.5,991.5,0.0,,0.5,33.0,,219.0,13.5,,40.0,0.0,0.5,0.0,0.0,0.0,,26.0,0.0,888.0,0.0,
2022-06-20,,0.0,0.0,398.5,0.0,16.0,0.0,85.0,0.0,0.0,1177.5,0.0,548.5,0.0,299.5,,1254.0,415.0,0.0,415.5,64.5,,52.5,749.5,,,77.0,0.0,99.5,120.0,0.0,0.0,67.5,0.0,,13.5,41.0,35.0,58.0,
2022-06-21,,32.0,30.5,175.0,29.0,4.5,3.0,0.5,0.0,0.0,120.5,0.0,0.0,38.0,0.0,,0.0,0.0,95.0,11.5,57.5,66.5,26.0,117.5,,1.0,87.0,,173.0,26.5,110.0,0.0,38.5,0.0,,63.5,2.0,0.0,167.5,
2022-06-22,,66.0,38.5,274.5,360.5,159.5,88.0,191.5,109.0,76.0,692.5,0.0,0.0,43.0,178.5,,37.0,0.0,75.0,35.5,0.0,186.0,38.5,950.5,,32.5,69.5,,239.5,629.5,43.5,62.5,70.0,0.0,,30.0,62.5,38.5,75.0,
2022-06-23,,63.0,0.0,0.0,209.0,77.5,53.5,258.5,0.5,603.5,415.0,0.0,0.0,0.5,167.5,,0.0,0.0,0.0,0.5,0.0,,0.5,155.5,,,0.0,,313.0,36.5,683.5,0.0,0.0,0.0,-869913.0,,208.0,0.0,343.5,
2022-06-24,-809919.0,,0.0,0.0,545.0,8.5,14.0,33.5,,,21.0,151.0,115.0,0.0,0.0,,0.0,0.0,0.0,0.0,27.0,49.5,0.0,36.5,,,,,28.5,378.0,782.0,36.5,130.5,262.5,-819918.0,,,0.0,2.0,
2022-06-25,-899910.0,194.0,389.5,6.0,250.0,0.5,0.5,0.0,114.0,2.0,0.5,0.0,220.5,17.0,76.0,,180.5,85.0,10.0,5.0,59.5,,311.0,889.5,,186.5,33.0,,217.0,75.0,61.0,744.5,245.0,52.5,-879912.0,69.5,149.5,12.5,0.0,
2022-06-26,-899910.0,598.5,655.5,671.5,798.0,766.5,706.0,677.5,600.5,1257.0,535.0,698.0,410.0,561.0,601.5,,740.5,790.5,726.5,739.5,555.0,922.5,726.5,399.0,,804.5,551.5,672.0,485.0,439.0,668.0,673.0,,800.0,-879912.0,,506.5,879.5,887.0,724.5
2022-06-27,-319933.5,338.0,119.0,0.0,45.5,9.5,0.0,45.0,,32.5,7.0,0.0,0.0,7.0,56.5,,59.5,0.0,89.0,9.0,20.0,,8.5,4.5,,9.5,0.0,7.5,21.5,5.5,8.5,0.0,0.0,14.0,-299845.0,,7.0,0.0,0.0,
2022-06-28,1353.5,94.0,87.0,0.0,117.5,0.0,0.0,114.5,,,114.0,62.5,728.0,0.0,505.5,,722.0,506.0,15.5,787.0,550.5,1520.0,598.0,28.5,,615.5,,238.5,608.5,1161.5,38.5,266.0,1379.0,55.0,10.5,,0.0,217.5,852.5,
2022-06-29,1051.0,50.0,74.0,0.0,33.5,28.5,0.0,11.5,670.5,852.5,42.5,10.0,49.0,35.5,962.0,,39.5,37.5,34.0,10.0,47.5,,62.5,1.0,,42.5,55.5,63.0,444.5,84.5,24.0,93.0,565.0,9.5,0.5,,402.5,28.0,0.0,
2022-06-30,117.0,,57.5,443.0,146.5,479.0,236.5,163.0,807.0,8.0,57.5,41.0,54.5,527.0,0.0,19.5,82.5,139.0,868.0,181.5,0.0,,62.0,283.5,,361.5,0.0,872.0,93.0,131.5,289.0,310.5,190.0,36.0,64.5,60.0,189.0,57.0,147.0,31.0
2022-07-01,136.0,39.5,39.0,0.0,93.5,60.5,49.5,42.5,38.0,72.5,44.5,0.0,22.0,61.5,34.5,,79.5,40.0,74.0,47.5,40.5,114.5,66.0,34.5,,52.0,37.0,75.5,92.5,48.0,52.5,40.5,41.5,45.5,45.5,,49.0,65.5,41.5,
2022-07-02,462.5,0.0,0.0,0.0,1.0,0.5,0.0,0.0,0.0,1.0,0.5,0.0,0.0,0.5,0.0,,0.0,0.0,0.0,0.5,0.0,170.5,1.0,0.5,,0.5,0.0,0.5,559.0,0.5,0.5,0.0,0.0,0.5,0.5,,0.5,0.0,0.0,
2022-07-03,33.0,0.0,0.0,0.0,0.0,0.0,0.0,0.0,0.0,0.0,0.0,0.0,0.0,0.0,0.0,,0.0,0.0,0.0,0.0,0.0,,0.0,0.0,,0.0,0.0,0.0,77.0,0.0,0.0,0.0,0.0,0.0,0.0,0.0,0.0,0.0,0.0,
2022-07-04,,,,,,,,,,,,,,,,,,,,,,,,,,,,,,,,,,,,,,,,
2022-07-05,,,,,,,,,,,,,,,,,,,,,,,,,,,,,,,,,,,,,,,,
2022-07-06,,0.0,13.0,0.0,37.5,3.0,23.5,45.0,17.5,,1.0,92.5,0.0,0.0,0.0,,18.5,0.0,0.0,0.5,0.0,26.5,26.0,0.0,,0.5,0.0,5.5,1.0,27.0,1.5,0.0,0.0,78.0,0.0,,0.5,0.0,0.0,
2022-07-07,1.0,,0.0,35.0,0.5,0.0,0.5,0.0,,,0.0,,0.0,22.5,0.0,,0.0,0.0,22.5,23.5,0.0,35.5,0.5,0.0,,0.0,0.0,0.0,0.0,0.5,0.0,0.0,0.0,1.5,0.0,,0.0,0.0,0.0,
2022-07-08,90.5,0.0,0.0,0.0,0.0,0.0,0.0,0.0,182.0,90.0,141.5,0.0,186.0,0.5,0.0,,0.0,0.0,0.0,0.5,0.0,567.0,0.0,0.0,,0.0,11.0,0.0,7.0,38.5,0.0,0.0,283.0,0.0,29.5,,0.0,0.0,0.0,-2639957.5
2022-07-09,6.0,0.0,0.0,35.0,40.0,0.0,0.0,0.0,40.5,6.0,8.0,0.0,45.0,0.0,0.0,,0.0,0.0,0.0,0.0,21.0,25.5,0.0,0.0,,0.0,0.0,0.0,0.5,2.0,0.0,0.0,0.0,0.0,0.5,,24.0,0.0,0.0,0.0
2022-07-10,0.0,0.0,190.5,0.0,0.5,0.0,0.0,0.0,0.0,0.0,0.0,0.0,0.0,0.0,0.0,,0.0,0.0,0.0,0.0,0.0,0.0,13.0,0.0,,0.0,0.0,0.0,0.0,0.0,0.0,0.0,0.0,0.0,0.0,,0.5,0.0,0.0,0.0
2022-07-11,0.0,365.0,478.0,0.0,0.0,0.0,0.0,0.0,74.5,0.0,0.0,0.0,626.0,0.0,1166.5,,35.5,18.5,55.5,0.0,753.5,0.0,36.0,0.0,,35.5,675.0,55.5,0.0,0.0,0.0,98.0,508.0,0.0,0.0,,187.0,0.0,0.0,0.0
2022-07-12,265.5,1303.0,1236.5,422.0,445.0,67.5,112.0,0.0,20.0,0.0,65.5,20.0,47.0,346.0,308.5,,469.0,456.0,283.5,797.5,1556.5,264.0,425.5,464.5,,590.5,2057.0,862.0,283.5,44.5,373.5,764.5,18.5,14.0,101.0,1033.0,26.5,314.5,67.0,258.5
2022-07-13,70.0,255.0,562.0,0.0,51.0,57.0,30.0,81.0,344.5,42.0,55.0,0.0,26.5,8.0,,,48.5,0.0,0.0,70.0,185.5,16.0,109.5,119.0,,86.5,162.0,230.0,82.5,137.5,10.5,367.0,356.5,0.5,2.5,4.5,125.0,25.5,40.5,0.0
2022-07-14,16.5,0.0,0.0,0.0,28.0,22.5,0.5,0.0,122.5,1.0,1.0,0.0,23.0,343.5,,,0.0,0.0,190.0,8.5,22.0,80.0,2.0,2.0,,1.5,22.0,4.0,19.5,2.5,0.0,0.0,0.0,0.0,0.0,0.0,2.5,0.0,0.0,12.5
2022-07-15,223.0,277.0,71.5,425.5,454.5,8.0,6.5,6.5,0.0,463.5,0.0,0.0,41.5,50.5,,,80.5,258.0,214.0,335.0,78.5,105.0,49.0,0.0,1.0,12.0,48.0,4.0,351.5,79.0,170.0,,6.0,6.0,0.0,,0.0,287.0,162.0,1209.5
2022-07-16,266.5,408.0,489.0,1303.5,993.0,215.0,271.5,113.5,153.5,,47.5,589.5,300.0,859.0,411.5,,413.0,707.5,542.5,869.0,480.5,62.5,478.5,158.0,,288.5,391.0,114.0,408.5,249.5,1266.0,,341.5,699.0,398.5,375.5,95.5,1115.5,825.5,468.5
2022-07-17,39.0,22.0,23.5,0.0,58.5,13.0,15.5,42.5,35.0,,5.0,27.5,14.5,0.0,51.0,,0.0,35.5,0.0,0.0,,0.0,24.5,7.5,,15.5,0.0,0.0,16.5,47.5,,,17.5,33.0,16.0,,28.5,27.5,0.0,0.0
2022-07-18,0.5,0.0,27.0,0.0,41.0,0.0,0.0,0.0,0.0,,0.0,0.0,0.0,0.0,0.0,,0.0,0.0,0.0,0.0,0.0,0.0,0.0,0.0,0.0,0.0,0.0,0.0,0.0,0.5,,,0.0,0.0,0.0,17.0,0.0,0.0,0.0,0.0
2022-07-19,0.0,0.0,1.0,0.0,0.0,0.0,0.0,0.0,0.0,,0.0,0.0,0.0,0.0,0.0,,0.0,0.0,0.0,0.0,,0.0,0.0,0.0,,0.0,0.0,0.0,0.0,0.0,,,,0.0,0.0,1.5,,0.0,0.0,0.0
2022-07-20,0.0,,310.0,88.5,0.0,0.0,0.0,0.0,0.0,,0.0,0.0,0.0,0.0,,,1016.5,689.0,0.0,,,12.5,,0.0,,262.0,0.0,0.0,47.5,0.0,16.5,,,11.5,16.0,0.0,,1590.5,0.0,88.0
2022-07-21,0.0,,345.5,85.0,108.0,53.0,52.5,24.0,,,6.0,242.0,64.0,352.5,,,65.0,13.5,14.5,,93.5,0.5,,749.5,,8.0,58.5,1.5,164.0,0.0,404.5,45.5,,239.5,970.5,,,11.0,100.0,22.0
2022-07-22,,,,,,,,,,,,,,,,,,,,,,,,,,,,,,,,,,,,,,,,
2022-07-23,307.0,,37.0,945.5,11.5,497.5,358.0,1329.0,,,271.0,55.5,513.5,116.0,,,0.0,363.5,119.5,530.5,65.0,,95.5,989.0,,1174.0,56.0,86.0,13.0,14.0,61.5,62.5,323.5,75.0,312.5,42.0,,125.0,83.0,41.5
2022-07-24,35.0,357.0,690.0,95.5,21.5,81.5,91.0,70.0,,0.0,562.0,751.0,1213.5,19.5,,,213.5,582.0,107.0,343.0,101.5,57.5,,412.0,,896.5,145.5,962.0,87.0,1082.5,220.5,334.5,688.5,789.5,802.0,249.0,546.5,853.0,186.5,326.5
2022-07-25,190.5,,1058.5,161.0,368.0,53.5,78.0,556.5,,,104.5,406.5,1499.5,118.0,,,448.0,407.0,309.5,,170.5,,,879.0,,366.5,191.5,,308.0,1009.5,59.5,785.5,1104.5,481.0,250.5,169.5,,745.5,263.5,1489.0
2022-07-26,93.5,,329.0,9.5,153.5,199.5,160.5,55.5,,,2178.5,29.5,1212.0,49.5,47.0,,117.5,227.5,135.5,129.5,88.5,122.5,,753.0,,77.0,125.0,585.0,206.0,1194.5,335.0,266.5,1042.0,73.0,90.5,83.0,69.0,147.5,332.5,84.0
2022-07-27,19.5,,12.0,0.0,5.0,7.0,5.0,0.0,0.0,,56.0,0.5,43.0,0.5,25.5,,5.0,10.0,0.0,5.0,2.0,,1.0,37.0,,1.5,0.0,25.5,5.5,22.0,12.5,0.0,39.5,1.0,1.0,2.0,0.5,0.0,0.0,0.0
2022-07-28,,0.0,0.0,0.0,0.0,0.0,67.5,0.0,,0.0,0.0,0.0,0.0,0.0,0.5,,0.0,0.0,0.0,0.0,0.0,,0.0,0.5,,0.0,0.0,0.0,0.0,0.5,0.0,0.0,0.0,0.0,0.0,0.0,18.0,19.0,25.0,0.0
2022-07-29,320.0,,1880.0,1386.0,2376.5,234.5,198.0,226.5,,,96.0,338.0,90.0,645.0,4303.5,,1217.5,,1075.0,1484.0,941.0,,,64.5,,1076.0,985.0,,231.0,318.0,344.0,2012.0,238.5,452.0,94.5,,,3345.0,338.0,3558.5
2022-07-30,826.5,1041.5,563.0,2036.0,767.5,582.0,645.5,766.5,0.0,,74.5,599.0,890.0,1900.5,61.0,,1518.0,1304.5,1296.0,1540.5,708.0,899.5,1237.5,1235.0,52.5,1469.5,822.0,874.5,415.5,1508.0,954.5,1272.5,191.5,747.0,1250.5,,52.0,1075.0,154.0,1233.5
2022-07-31,47.0,,41.0,0.0,57.5,28.5,18.5,0.0,132.5,,23.0,16.0,39.0,52.0,29.0,,63.0,,0.0,0.0,47.5,66.0,46.5,51.0,103.0,66.5,0.0,31.0,61.0,157.0,26.5,36.0,33.5,51.5,28.5,24.5,78.0,0.0,21.0,0.0
2022-08-01,22.5,,0.5,1141.5,791.5,0.5,18.5,43.0,,,0.5,325.5,0.5,703.0,0.5,,0.5,,1380.0,87.5,334.5,,,21.0,,15.0,566.5,0.0,1.0,23.5,217.5,0.0,,433.0,13.5,,0.0,269.0,0.5,68.5
2022-08-02,438.5,,161.5,194.5,208.0,357.5,205.5,323.0,43.5,573.5,233.5,534.0,1836.0,706.0,895.0,,103.0,,1128.5,120.0,2397.5,,92.0,1048.0,,411.0,2175.0,252.5,526.0,1154.0,213.0,172.5,,544.0,781.0,1144.5,61.0,152.5,1394.5,198.0
2022-08-03,32.5,,8.5,177.0,338.0,34.0,29.0,10.0,,171.5,108.5,75.5,90.0,206.5,48.5,,87.0,,27.0,108.0,2412.0,,,190.0,,82.0,19.5,225.0,38.0,482.5,112.0,423.0,62.5,93.0,139.0,,26.0,68.5,137.5,0.0
2022-08-04,187.0,,390.5,118.5,162.5,333.0,222.5,394.0,,405.0,860.0,326.0,252.0,125.0,344.0,,337.0,,170.5,171.0,,,,407.5,,303.5,313.5,,286.5,381.0,143.0,427.5,353.5,189.5,1080.0,,426.0,204.0,290.0,307.0
2022-08-05,,,287.5,845.0,451.0,1948.0,2040.0,2535.5,,134.0,443.0,1718.0,1433.5,1404.5,,,363.0,,1292.0,,1184.0,,,266.0,,281.5,,,122.5,928.0,1016.0,178.5,1625.0,1579.0,318.5,,,432.0,440.5,274.5
2022-08-06,2.0,,5.0,0.0,41.0,29.5,67.5,31.5,7.5,,8.0,33.0,25.0,32.0,,,6.5,8.5,20.5,,290.0,,,38.0,,5.0,,,3.0,17.0,16.5,20.0,27.5,80.5,5.0,,0.0,,8.0,24.0
2022-08-07,40.5,,0.0,268.5,868.0,104.5,52.5,,115.0,51.5,850.5,0.5,107.0,30.5,,,0.0,,59.5,14.5,879.0,,15.0,251.0,,528.5,515.5,,0.0,384.5,1244.0,1387.5,768.5,1.0,444.0,61.0,744.5,0.0,554.0,0.0
2022-08-08,,87.5,805.5,11.0,754.5,1010.5,821.5,,4.5,,716.5,693.0,41.5,1.0,2.5,440.0,173.0,295.5,81.5,174.0,1631.0,0.0,230.0,439.5,,70.0,59.0,81.0,29.0,13.0,1030.5,0.0,0.0,815.0,150.5,,20.5,512.5,269.5,396.0
2022-08-09,185.5,,20.5,22.0,420.5,118.0,142.5,305.5,0.0,,36.0,25.5,0.0,105.0,,,8.0,0.0,41.5,0.0,165.0,181.5,0.0,887.0,,0.0,143.0,,14.0,0.0,,24.5,1.0,29.5,254.5,,0.0,0.0,80.5,0.0
2022-08-10,,,,,,,,,,,,,,,,,,,,,,,,,,,,,,,,,,,,,,,,
2022-08-11,,,,,,,,,,,,,,,,,,,,,,,,,,,,,,,,,,,,,,,,
2022-08-12,,,,,,,,,,,,,,,,,,,,,,,,,,,,,,,,,,,,,,,,
2022-08-13,,,,,,,,,,,,,,,,,,,,,,,,,,,,,,,,,,,,,,,,
2022-08-14,36.0,0.0,48.0,0.0,40.5,77.5,37.0,45.0,52.5,,38.0,9.0,331.0,31.5,,59.0,32.5,35.0,30.5,44.0,18.5,13.0,53.0,0.0,,23.5,35.5,,34.0,0.0,,29.0,35.0,37.5,0.0,13.5,87.0,63.5,35.5,62.0
2022-08-15,445.5,,583.5,0.0,0.0,0.0,0.0,18.0,379.0,0.0,0.0,0.0,254.0,0.0,1.5,0.0,0.0,0.0,0.0,0.5,0.0,665.5,,0.0,,0.0,0.0,,297.5,734.0,,87.5,71.5,,0.0,,124.0,,0.0,0.0
2022-08-16,136.5,61.5,37.5,0.0,37.5,574.5,572.0,119.0,,47.5,570.5,455.5,493.5,31.0,0.0,0.0,0.0,0.0,381.5,0.0,1146.0,49.0,0.0,1475.5,,69.0,1126.0,,355.0,906.0,,336.0,1834.5,,271.0,731.0,187.5,30.0,28.0,0.0
2022-08-17,0.0,52.5,13.5,36.5,0.0,0.0,0.0,3.5,372.5,0.0,0.0,24.0,130.0,779.5,0.0,0.0,420.5,149.5,499.5,52.0,1058.5,17.5,151.5,148.0,,188.0,741.5,,0.0,957.0,,862.5,386.5,10.5,30.0,635.0,7.5,25.0,18.0,0.0
2022-08-18,0.0,,0.0,0.0,,0.0,,,0.0,,,,,,,,,,33.0,28.0,,,,0.0,,0.0,,,0.0,0.0,,23.5,,33.5,,,,,0.0,0.0
2022-08-19,107.0,0.0,0.0,33.0,0.0,0.0,0.0,,0.0,,,,,,0.0,0.0,0.0,76.5,874.5,46.0,0.0,34.0,0.0,39.5,,0.0,,,0.0,0.0,,0.0,,0.5,0.0,442.0,0.0,,0.0,0.0
2022-08-20,467.5,85.0,666.0,846.0,49.5,197.5,244.5,,68.0,,,476.0,,,0.0,262.5,432.0,1155.0,437.5,1921.5,,,,0.0,,209.5,,,18.0,68.0,,504.0,,,0.0,,92.0,,0.0,122.5
2022-08-21,84.0,1029.5,1041.0,390.5,94.5,56.0,83.5,,287.0,,,14.0,,,85.5,490.5,706.5,292.5,642.0,495.0,553.0,,611.5,77.0,,627.5,,,,916.5,,1570.5,,0.0,149.0,,239.0,393.5,0.0,365.0
2022-08-22,,,,,,,,,,,,,,,,,,,,,,,,,,,,,,,,,,,,,,,,
2022-08-23,422.5,,102.5,90.0,,826.0,720.5,,,,,,,,217.0,,,,30.5,,,,,836.5,,,,,,,,64.0,,,,,,,,205.5
2022-08-24,,,,,,,,,,,,,,,,,,,,,,,,,,,,,,,,,,,,,,,,
2022-08-25,,,,,,,,,,,,,,,,,,,,,,,,,,,,,,,,,,,,,,,,
2022-08-26,,,,,,,,,,,,,,,,,,,,,,,,,,,,,,,,,,,,,,,,
2022-08-27,351.0,1722.5,917.5,96.5,517.5,672.0,554.0,,887.5,,,,,,934.0,56.0,286.5,274.5,820.5,256.5,,,284.0,643.5,,407.0,,,518.0,2951.0,,1517.5,,978.0,494.0,,,218.5,292.0,92.0
2022-08-28,,,,,,,,,,,,,,,,,,,,,,,,,,,,,,,,,,,,,,,,
2022-08-29,39.0,0.0,0.0,0.0,34.5,11.5,,,0.0,,,,,,0.0,,,0.0,0.0,21.0,,,,50.5,,,,,28.5,28.0,,0.0,,131.0,,,49.0,22.5,9.5,0.0
2022-08-30,154.5,821.5,671.0,640.5,,787.5,,621.5,1042.5,352.0,,387.5,0.0,963.5,231.5,,948.0,703.5,1669.0,,,,731.0,168.5,446.5,840.5,,,,167.5,,1210.0,,372.0,501.0,,,470.0,779.5,237.0
2022-08-31,,,,,,,,,,,,,,,,,,,,,,,,,,,,,,,,,,,,,,,,
2022-09-01,0.0,0.0,0.0,70.0,119.0,0.0,0.0,0.0,,0.0,273.5,0.0,0.0,0.0,0.0,,0.5,17.0,0.0,1039.5,0.0,0.0,0.0,708.0,0.5,0.0,0.0,,477.0,0.0,11.0,0.0,0.0,0.0,406.5,,20.0,34.0,0.5,0.0
2022-09-02,0.0,0.0,0.0,45.0,,0.0,0.0,15.0,,,253.0,0.0,0.0,178.0,0.0,,32.0,137.0,0.0,87.5,0.0,0.0,,56.0,1.5,91.5,,,19.5,63.0,18.5,0.0,0.0,0.0,66.5,,,325.5,85.5,0.0
2022-09-03,0.0,0.0,0.0,2.5,0.5,0.0,0.0,0.5,,0.0,7.5,384.5,0.0,8.5,0.0,0.0,19.0,0.0,0.0,4.5,44.0,0.0,0.0,0.5,0.0,29.5,16.0,,0.0,516.5,0.5,0.0,439.0,417.5,1.5,,0.0,40.0,16.5,0.0
2022-09-04,18.0,0.0,0.0,0.0,0.0,0.0,0.0,0.0,,0.0,0.0,0.0,0.0,0.0,0.0,,0.5,0.0,0.0,0.0,0.0,0.0,,0.0,0.0,0.5,0.0,,0.0,0.0,0.0,0.0,0.0,36.0,0.0,36.0,0.0,0.0,0.5,0.0
2022-09-05,0.5,0.0,0.0,0.0,0.0,0.0,0.0,0.0,,,17.5,0.0,0.0,0.0,0.0,,0.0,0.0,0.0,0.0,20.0,0.0,0.0,36.0,0.0,0.0,0.0,,0.0,0.0,0.0,0.0,0.0,14.5,0.0,0.0,0.0,0.0,0.0,0.0
2022-09-06,41.0,0.0,34.0,0.0,32.0,37.5,77.0,76.5,0.0,0.0,295.5,4.0,0.0,79.5,0.0,,0.0,0.0,192.5,0.0,71.5,37.0,0.0,66.0,49.0,31.0,78.5,,310.0,651.0,121.0,32.5,11.5,43.5,20.0,65.5,0.0,0.0,32.0,0.0
2022-09-07,22.5,150.0,117.5,264.5,,50.0,49.5,104.0,,,115.0,199.0,151.5,326.5,,,132.0,483.0,,,170.5,,,1295.5,213.0,257.0,178.0,,226.0,266.0,115.5,156.0,,179.5,270.0,,124.5,514.0,43.0,39.0
2022-09-08,18.5,192.5,169.0,107.5,86.0,115.0,108.0,44.5,,,20.0,140.5,503.0,343.0,352.0,,157.0,123.0,,,569.0,,148.5,51.0,472.5,254.0,539.5,,11.0,1858.0,180.5,696.0,1711.5,193.5,12.0,431.0,245.0,85.5,24.0,67.5
2022-09-09,78.0,802.5,643.0,485.0,422.5,88.5,89.5,109.5,358.5,,63.0,61.0,179.0,112.0,370.0,,878.0,1187.5,327.0,689.0,321.0,,1041.0,39.0,480.0,612.0,271.5,,123.5,290.0,89.0,929.0,256.5,113.0,63.5,281.5,513.5,1028.5,59.5,815.5
2022-09-10,4.0,27.0,40.0,12.0,175.0,0.0,0.0,0.0,0.0,,3.0,0.0,1.0,,32.5,,76.0,8.5,0.0,2.5,2.5,,,57.0,0.0,22.0,1.0,,15.5,,27.5,0.0,0.5,0.0,16.0,1.0,20.0,10.0,63.5,34.5
2022-09-11,71.0,1.0,0.0,1.5,44.5,0.0,0.0,0.0,0.0,,4.0,0.0,0.0,0.0,29.5,,5.0,0.0,22.5,1.0,18.5,,0.0,41.0,0.0,2.0,0.0,,168.0,0.0,3.0,0.0,0.0,0.0,28.5,0.0,0.5,0.0,4.5,0.0
2022-09-12,560.5,98.0,349.0,20.0,,94.0,75.0,405.5,,,955.0,20.0,38.0,49.0,,,133.0,52.5,43.0,61.5,37.0,,122.5,539.5,53.5,87.0,38.5,,638.0,,42.0,36.5,40.5,24.5,346.5,,332.0,199.0,1607.0,699.5
2022-09-13,1118.5,,625.0,1281.5,1235.0,,,,,,,,,634.0,,,2413.0,,,,,,,262.5,,2340.5,,,716.5,167.0,,572.0,161.5,67.0,,,756.5,,327.0,2224.0
2022-09-14,,,,,,,,,,,,,,,,,,,,,,,,,,,,,,,,,,,,,,,,
2022-09-15,986.0,17.0,0.0,160.0,,1485.5,1396.0,1904.5,,,58.0,1584.0,232.0,290.5,0.0,,45.5,85.0,365.0,48.0,851.5,,0.0,95.5,0.5,27.5,767.0,,482.5,107.5,742.5,0.0,675.0,1406.0,38.5,,0.5,55.0,778.0,13.0
2022-09-16,,,,,,,,,,,,,,,,,,,,,,,,,,,,,,,,,,,,,,,,
2022-09-17,77.0,198.0,801.0,1459.0,212.5,672.0,812.0,1364.0,0.0,70.0,1030.0,847.0,,1048.5,0.0,,757.5,221.0,2223.0,357.5,709.5,,456.5,1406.0,0.0,1086.5,953.5,1330.0,1551.0,0.0,53.0,177.0,273.5,711.0,467.0,1093.5,0.0,204.0,15.0,220.0
2022-09-18,840.5,,31.0,888.5,789.5,1188.5,1142.5,920.5,0.0,,746.5,1258.0,18.0,72.5,,,28.5,0.0,179.5,0.0,0.0,,0.0,448.0,0.0,0.0,12.0,,1230.0,0.0,793.0,0.0,,1469.5,,397.0,0.0,14.0,1248.5,599.0
2022-09-19,,,,,,,,,,,,,,,,,,,,,,,,,,,,,,,,,,,,,,,,
2022-09-20,,,,,,,,,,,,,,,,,,,,,,,,,,,,,,,,,,,,,,,,
2022-09-21,,,,,,,,,,,,,,,,,,,,,,,,,,,,,,,,,,,,,,,,
2022-09-22,,,,,,,,,,,,,,,,,,,,,,,,,,,,,,,,,,,,,,,,
2022-09-23,,,,,,,,,,,,,,,,,,,,,,,,,,,,,,,,,,,,,,,,
2022-09-24,,,,,,,,,,,,,,,,,,,,,,,,,,,,,,,,,,,,,,,,
2022-09-25,,,,,,,,,,,,,,,,,,,,,,,,,,,,,,,,,,,,,,,,
2022-09-26,,,2579.5,,,,,,,,,,,,,,3055.0,,,,,,3881.5,,,,,,,,,,,,,,,,,
2022-09-27,,,,,,,,,,,,,,,,,,,,,,,,,,,,,,,,,,,,,,,,
2022-09-28,120.5,,1052.5,315.5,7.0,210.5,58.0,27.5,1041.0,157.5,25.5,328.0,870.0,981.0,88.0,11.5,1739.5,1141.5,2141.0,800.0,1354.0,199.5,1762.5,100.0,431.0,3406.5,1110.5,,477.5,162.5,49.0,592.5,904.0,194.0,177.0,,136.0,128.5,0.0,31.0
2022-09-29,24.0,,33.5,11.0,0.5,6.5,38.5,1.0,64.0,5.0,0.5,0.0,0.0,,131.0,32.0,93.0,0.0,30.5,50.0,2871.0,,,3.0,79.0,117.5,25.5,,37.5,32.0,2.0,32.5,33.5,39.0,24.5,,100.5,5.0,22.0,33.5
2022-09-30,23.5,0.0,0.0,267.5,536.0,564.5,574.0,755.0,0.0,322.5,879.5,100.0,23.0,898.5,0.0,211.5,0.5,0.0,525.5,,164.0,49.0,0.0,78.0,1.0,450.0,102.5,,0.5,0.5,150.0,0.0,0.0,81.5,685.0,116.0,1.5,0.0,306.5,0.0
2022-10-01,108.0,,48.0,120.5,384.5,529.0,691.0,249.0,0.0,61.5,159.0,395.0,,173.0,,,249.0,221.0,198.5,,371.0,,,1236.0,0.0,,90.5,,346.0,60.0,718.0,70.5,210.0,483.0,,325.0,12.5,209.0,147.0,0.0
2022-10-02,194.5,,6254.0,4893.0,1901.5,954.5,923.5,323.5,3445.5,1006.5,606.0,1046.0,2918.0,1902.5,7937.0,,5096.5,4041.0,3634.0,,3335.5,217.5,5598.0,647.5,2438.0,4332.0,2757.5,4970.5,867.5,3557.5,1763.0,4696.5,4461.0,1373.5,222.0,2805.5,3529.0,2629.5,711.0,2067.5
2022-10-03,,,,,,,,,,,,,,,,,,,,,,,,,,,,,,,,,,,,,,,,
2022-10-04,,,,,,,,,,,,,,,,,,,,,,,,,,,,,,,,,,,,,,,,
2022-10-05,,,,,,,,,,,,,,,,,,,,,,,,,,,,,,,,,,,,,,,,
2022-10-06,,,,,,,,,,,,,,,,,,,,,,,,,,,,,,,,,,,,,,,,
2022-10-07,140.0,1484.0,1843.5,2281.0,740.0,511.0,444.5,391.5,4317.5,894.5,341.5,480.0,2240.5,2245.0,2335.0,1636.0,1523.0,1792.5,2926.0,2158.5,2207.0,77.5,1410.0,400.5,4431.0,1628.0,2092.0,,220.0,3038.0,682.5,1764.5,2753.0,532.5,,2417.0,5968.0,2163.5,581.5,0.0
2022-10-08,74.0,734.5,1288.5,462.5,515.5,386.0,338.5,304.0,140.5,1575.0,252.0,187.5,914.5,635.0,1433.5,427.0,871.0,729.5,650.0,798.5,455.0,60.0,1003.0,187.5,18.5,496.5,715.0,,110.0,687.5,318.5,473.5,755.0,226.0,136.5,513.5,190.0,769.5,550.5,0.0
2022-10-09,126.5,0.0,0.0,10.0,0.0,0.0,0.0,0.0,2.0,68.0,0.0,4.5,,0.0,31.0,9.5,24.0,0.0,15.5,0.0,0.0,152.5,0.0,223.5,33.5,0.0,35.5,,71.5,37.5,0.0,10.5,0.0,0.0,115.5,0.0,3.0,0.0,0.0,36.0
2022-10-10,173.0,0.0,0.0,69.0,41.0,23.0,67.5,0.0,0.0,4.5,11.5,116.0,74.5,220.0,0.0,0.0,0.0,0.0,44.0,20.0,,948.5,0.0,58.5,0.0,0.0,12.0,,149.5,10.5,109.5,0.0,0.0,200.5,4.0,46.0,0.0,0.0,19.0,0.0
2022-10-11,557.5,,89.5,52.5,36.5,141.0,90.0,586.0,31.5,741.0,219.0,191.0,,0.0,62.5,8.0,46.0,30.0,25.0,,0.0,,,551.0,30.0,30.5,0.5,30.5,467.5,0.0,24.0,31.0,13.5,201.0,,0.0,206.5,29.5,385.0,0.0
2022-10-12,497.5,473.5,748.5,153.0,320.0,608.5,495.0,521.0,408.5,703.0,564.0,758.0,18.5,186.5,,126.5,1679.5,338.0,1250.5,279.0,,499.5,1655.0,427.0,823.0,1559.5,1428.5,845.5,515.5,773.0,380.0,1293.0,,790.0,166.5,1921.5,681.5,213.5,618.5,0.0
2022-10-13,67.5,312.0,271.0,89.0,88.0,20.5,62.0,47.0,299.0,72.0,0.0,305.0,23.0,129.0,766.0,317.5,52.5,78.5,193.0,100.5,3048.5,68.0,66.0,64.5,283.5,170.0,72.0,147.0,193.0,312.0,145.5,119.5,66.0,260.0,89.5,56.0,177.5,208.0,23.5,0.0
2022-10-14,,,,,,,,,,,,,,,,,,,,,,,,,,,,,,,,,,,,,,,,
2022-10-15,767.0,320.5,627.0,248.5,592.5,408.0,616.5,227.0,626.0,,979.0,354.0,473.5,106.0,1480.0,763.5,1154.5,1115.0,329.5,1308.0,60.5,123.5,1063.5,722.0,1072.5,1009.5,59.5,700.5,266.0,723.5,711.5,1069.5,570.5,548.5,984.5,45.5,320.0,991.0,674.5,
2022-10-16,952.0,1059.0,665.5,176.0,76.0,72.5,157.5,297.5,616.5,,0.0,834.5,967.5,489.0,,106.5,1577.5,609.0,463.5,598.0,1302.0,157.5,976.0,8.5,1086.5,902.0,1144.0,969.5,1187.0,1933.5,172.0,1316.0,996.5,886.0,32.0,902.0,245.0,1064.0,139.0,65.5
2022-10-17,632.0,,30.0,0.0,8.0,28.0,18.5,27.5,0.0,,53.5,8.5,23.0,60.0,65.0,164.5,0.0,0.0,55.5,,27.5,592.0,24.0,31.5,0.0,0.0,28.5,0.0,75.5,29.5,350.0,26.5,0.0,30.0,22.5,77.0,0.0,43.5,38.5,0.0
2022-10-18,,,,,,,,,,,,,,,,,,,,,,,,,,,,,,,,,,,,,,,,
2022-10-19,315.5,,62.5,0.0,0.0,21.5,0.0,0.0,1.5,,1.0,0.0,1.5,0.0,0.0,0.0,0.0,0.0,0.0,0.0,0.0,822.0,0.0,155.0,0.0,0.0,0.0,0.0,113.5,0.0,0.0,0.5,0.0,0.0,25.0,0.0,5.0,40.0,1.0,0.0
2022-10-20,44.0,0.0,0.0,19.5,2612.0,271.0,287.5,435.5,0.0,304.5,33.5,718.0,0.0,47.0,0.0,319.5,13.0,0.0,0.0,0.0,0.0,39.5,54.5,44.5,0.0,0.0,0.0,0.0,46.0,0.0,1682.0,0.0,0.0,593.5,0.5,0.0,0.0,0.0,98.0,45.0
2022-10-21,0.5,,81.0,0.5,20.5,0.0,0.0,0.0,490.5,,0.0,0.0,0.0,0.0,402.5,42.0,60.5,31.0,0.0,59.5,0.0,0.0,,36.5,703.5,17.0,0.0,192.0,14.5,0.0,32.5,177.5,0.0,29.5,0.0,0.0,607.5,30.0,3.5,85.0
2022-10-22,,,,,,,,,,,,,,,,,,,,,,,,,,,,,,,,,,,,,,,,
2022-10-23,,,,,,,,,,,,,,,,,,,,,,,,,,,,,,,,,,,,,,,,
2022-10-24,,,,,,,,,,,,,,,,,,,,,,,,,,,,,,,,,,,,,,,,
2022-10-25,807.5,,0.0,0.0,57.0,0.0,0.0,0.0,27.0,,80.5,0.0,0.0,0.0,0.0,0.0,0.0,0.0,0.0,0.0,0.0,546.0,0.0,26.5,140.5,39.0,0.0,27.0,273.0,0.0,38.5,0.0,38.5,,38.0,36.0,0.0,0.0,0.0,0.0
2022-10-26,265.5,,1735.0,459.0,105.5,199.5,180.0,372.5,874.0,,589.0,387.5,157.5,609.0,1214.0,654.0,332.5,323.0,731.0,233.5,835.5,222.5,429.0,486.0,977.5,420.0,970.5,568.5,574.0,542.0,118.5,552.0,212.0,394.5,264.0,1320.5,1683.0,352.0,245.5,781.0
2022-10-27,654.5,,975.0,307.0,378.0,,239.0,219.0,357.0,,530.5,335.5,603.5,1116.5,1170.5,323.0,676.5,564.5,1103.5,465.5,1375.0,842.5,546.5,458.5,425.5,608.0,1464.5,768.5,86.0,301.5,549.5,1180.0,312.5,421.5,679.5,1380.5,499.0,535.0,343.0,188.5
2022-10-28,306.5,21.5,81.0,174.5,193.5,,7.0,18.5,0.0,,101.5,19.5,18.0,496.5,131.0,169.0,252.0,278.5,292.0,181.0,0.0,374.0,,96.5,11.5,174.5,41.0,,189.0,118.5,82.0,52.5,0.0,33.0,18.5,80.0,13.0,224.5,40.5,178.5
2022-10-29,,,,,,,,,,,,,,,,,,,,,,,,,,,,,,,,,,,,,,,,
2022-10-30,,,,,,,,,,,,,,,,,,,,,,,,,,,,,,,,,,,,,,,,
2022-10-31,279.5,,63.5,0.0,76.0,,72.5,31.0,515.0,38.0,69.5,29.0,17.5,99.5,287.0,3.5,18.5,0.0,259.0,0.0,239.0,463.5,54.0,18.5,290.5,52.5,226.0,,492.5,370.0,0.0,1054.0,120.0,60.0,72.5,,167.5,0.0,73.5,76.5
2022-11-01,,,,,,,,,,,,,,,,,,,,,,,,,,,,,,,,,,,,,,,,
2022-11-02,,,,,,,,,,,,,,,,,,,,,,,,,,,,,,,,,,,,,,,,
2022-11-03,,,,,,,,,,,,,,,,,,,,,,,,,,,,,,,,,,,,,,,,
2022-11-04,1082.0,,988.5,840.0,1271.0,,460.0,292.0,940.0,,422.0,390.5,735.5,605.5,1409.0,1257.5,938.5,750.5,618.5,770.5,871.5,732.0,908.5,733.0,,690.0,607.5,,905.5,658.0,826.5,,810.0,438.0,0.0,652.5,1096.0,979.0,744.0,2713.0
2022-11-05,,,,,,,,,,,,,,,,,,,,,,,,,,,,,,,,,,,,,,,,
2022-11-06,566.0,2037.0,2126.0,2730.0,2995.0,,2643.0,1704.0,2136.0,,920.5,1464.0,3768.5,,4026.0,2467.5,2340.5,2362.5,,2430.0,7393.5,,2523.0,1032.5,,2281.0,4662.5,,1266.0,4059.5,3090.0,2846.5,4627.5,1870.5,,,3112.0,2721.5,,2976.0
2022-11-07,,,,,,,,,,,,,,,,,,,,,,,,,,,,,,,,,,,,,,,,
2022-11-08,,,,,,,,,,,,,,,,,,,,,,,,,,,,,,,,,,,,,,,,
2022-11-09,,,,,,,,,,,,,,,,,,,,,,,,,,,,,,,,,,,,,,,,
2022-11-10,902.5,1173.5,1862.0,2028.0,1446.0,974.5,796.0,1308.0,692.5,,450.5,1311.5,975.0,828.0,1038.0,1636.0,1374.5,1082.5,1218.5,886.5,,541.0,1368.5,1849.0,,,810.5,,741.0,1080.5,759.5,1959.0,1048.0,1353.5,379.0,1056.5,371.5,1292.5,757.0,2305.0
2022-11-11,1001.5,347.0,495.5,664.0,237.5,553.0,398.0,33.5,111.5,414.5,379.0,74.5,242.5,1574.0,386.5,59.5,1826.5,1929.5,491.5,1640.5,51.5,806.5,1207.0,468.5,,1121.5,26.5,,,17.5,466.5,1235.0,295.5,86.5,498.0,63.5,56.0,1389.5,991.0,974.5
2022-11-12,173.0,66.0,88.0,102.0,509.0,83.5,96.0,95.0,79.5,,109.5,3.0,0.0,97.0,148.0,273.5,153.0,122.5,95.5,107.5,66.0,107.5,95.5,1157.5,,105.0,39.0,,164.0,70.5,116.5,112.5,339.5,32.0,224.0,80.0,125.0,174.5,275.5,332.5
2022-11-13,107.5,93.0,79.5,41.0,,1029.0,1484.0,180.5,30.0,,459.0,2381.0,191.5,,173.5,630.5,80.0,9.0,,,0.0,,96.0,1690.5,,,7.0,,1067.0,42.0,805.0,,655.0,2519.5,1303.0,0.0,106.5,10.5,74.0,175.0
2022-11-14,,,,,,,,,,,,,,,,,,,,,,,,,,,,,,,,,,,,,,,,
2022-11-15,368.5,80.5,168.5,308.0,385.0,265.0,328.0,190.0,118.0,,303.0,123.0,29.5,811.5,11.0,86.0,333.0,167.5,415.5,124.0,284.5,,293.5,279.5,,,274.5,,187.0,354.0,812.0,107.5,156.0,177.5,324.5,654.5,88.0,102.5,113.5,83.5
2022-11-16,383.5,296.5,258.0,86.5,96.0,105.5,113.0,111.0,360.5,,124.5,42.5,124.0,91.5,273.0,74.0,131.0,161.5,101.0,132.0,81.0,277.5,118.0,127.0,174.0,,69.5,,216.0,205.0,116.5,110.0,104.5,131.5,77.0,111.0,451.5,125.5,98.5,38.5
2022-11-17,4.5,432.5,602.5,149.5,1.0,648.5,656.0,1009.5,90.0,,378.5,423.5,191.5,292.0,717.5,0.0,189.0,187.0,865.0,142.5,340.5,4.0,47.0,231.5,,,641.0,86.0,48.5,0.0,410.5,198.5,,693.5,464.0,614.0,6.0,43.0,22.5,22.0
2022-11-18,88.5,1206.0,772.0,311.5,212.0,128.5,118.5,108.0,977.0,,397.0,57.5,481.5,294.0,939.5,314.0,557.0,466.5,474.0,468.5,456.5,,540.0,846.5,,506.5,422.5,,452.0,788.0,203.0,906.0,705.5,98.5,387.0,426.5,863.0,425.0,78.5,380.0
2022-11-19,,,,,,,,,,,,,,,,,,,,,,,,,,,,,,,,,,,,,,,,
2022-11-20,345.0,0.0,14.5,13.0,59.5,4.0,0.5,5.5,188.0,,4.5,170.5,0.0,45.5,0.0,36.0,19.5,0.0,51.5,15.0,44.0,,19.5,5.0,,23.5,85.0,,3.0,56.0,0.0,93.0,0.0,206.0,6.0,70.5,165.5,3.5,20.5,50.0
2022-11-21,431.0,0.0,0.0,0.0,2.0,21.0,0.5,0.0,0.0,,54.5,0.0,0.0,2.0,0.0,24.0,0.5,0.0,2.0,0.5,0.0,323.0,0.5,87.0,,,0.0,,430.5,0.0,0.0,,0.0,7.5,46.0,0.0,32.5,0.0,150.5,22.0
2022-11-22,,,,,,,,,,,,,,,,,,,,,,,,,,,,,,,,,,,,,,,,
2022-11-23,,,,,,,,,,,,,,,,,,,,,,,,,,,,,,,,,,,,,,,,
2022-11-24,21.0,0.0,0.0,0.0,9.5,0.5,0.0,2.5,0.0,25.0,13.5,0.0,0.0,0.0,0.0,0.0,75.5,0.0,44.0,0.0,0.0,15.5,53.0,28.5,29.5,26.0,0.0,61.5,28.5,20.5,0.0,48.0,0.0,4.0,0.5,0.0,42.5,18.5,47.0,0.0
2022-11-25,0.0,573.0,761.5,233.0,352.0,87.5,177.0,70.5,192.5,,51.0,520.0,419.0,238.0,583.5,107.5,905.5,268.5,932.0,347.0,919.0,17.5,938.5,40.5,219.5,538.5,973.5,377.5,13.0,409.0,569.5,456.5,585.5,452.5,298.0,466.5,645.5,534.5,40.0,288.0
2022-11-26,303.5,717.0,517.5,345.0,423.5,153.5,246.5,520.5,536.0,444.0,345.5,370.0,52.5,856.0,259.0,500.0,471.5,251.0,504.5,322.5,392.5,130.0,593.5,264.5,,532.0,444.0,743.5,95.0,571.0,261.0,1821.0,215.5,319.5,69.0,437.5,249.0,279.5,362.0,265.0
2022-11-27,1209.5,273.0,194.5,449.5,,46.5,13.5,,0.0,81.0,,0.0,127.5,,107.0,83.5,98.0,100.5,,419.5,501.5,605.5,554.0,,,,736.5,764.5,211.5,34.0,123.5,471.0,459.5,16.0,,,51.0,445.5,58.0,400.0
2022-11-28,223.0,19.0,0.0,383.5,35.0,0.5,0.0,0.5,0.0,1.0,3.0,0.0,21.5,86.0,42.5,834.5,1.5,0.0,25.0,13.5,0.0,85.0,15.5,2.0,,,0.0,21.0,17.0,,260.5,11.0,16.0,0.0,34.5,,0.5,237.0,218.0,2260.5
2022-11-29,,,,,,,,,,,,,,,,,,,,,,,,,,,,,,,,,,,,,,,,
2022-11-30,850.5,,106.5,5.0,,54.0,,80.5,114.5,644.5,56.5,8.5,1615.5,,,25.5,163.0,27.0,,34.5,639.0,,,465.0,,,552.5,35.0,618.5,0.0,10.0,43.5,,38.0,280.5,,15.5,28.5,84.0,49.0
2022-12-01,114.0,,0.0,,,3.5,,,0.0,,,52.0,0.0,,,,4.0,,,0.5,0.0,,,27.5,,0.5,0.0,,46.0,,21.5,2.0,,43.5,,,0.5,,,0.5
2022-12-02,234.0,,650.5,737.0,,46.0,48.5,41.5,0.0,,100.5,468.0,432.5,,,349.5,614.0,1037.0,,1398.0,577.5,,,20.0,,370.0,508.0,40.0,56.0,198.0,471.5,273.5,177.5,406.5,0.0,,42.5,1772.0,,408.5
2022-12-03,57.0,,36.5,104.0,210.0,225.0,116.5,78.0,111.0,,5.0,132.5,33.0,,0.0,282.0,206.5,172.5,,177.5,57.0,9.5,116.5,29.5,,180.5,66.0,22.5,144.5,75.0,152.5,62.0,16.5,140.0,,,604.5,250.0,569.0,186.0
2022-12-04,,,,,,,,,,,,,,,,,,,,,,,,,,,,,,,,,,,,,,,,
2022-12-05,,,,,,,,,,,,,,,,,,,,,,,,,,,,,,,,,,,,,,,,
2022-12-06,49.5,,1462.0,578.5,360.0,115.0,105.5,53.0,1122.5,,17.5,198.0,1635.5,1830.5,612.0,1596.0,630.0,789.0,1160.0,839.0,1558.0,49.0,388.0,39.0,,962.0,1594.0,633.5,27.5,1240.0,310.5,,1320.5,332.0,,,1780.0,1305.5,140.0,1770.0
2022-12-07,494.0,,1249.0,196.5,598.0,498.5,,1440.0,584.0,,233.5,1213.0,216.5,,578.0,781.5,148.0,161.5,170.5,432.5,1004.5,129.0,,325.0,,292.0,1294.0,101.0,90.5,1657.5,16.0,153.5,856.0,1918.5,57.0,,511.5,471.0,2.5,916.5
2022-12-08,,,,,,,,,,,,,,,,,,,,,,,,,,,,,,,,,,,,,,,,
2022-12-09,,,,,,,,,,,,,,,,,,,,,,,,,,,,,,,,,,,,,,,,
2022-12-10,151.0,,37.5,5.0,60.5,39.0,,48.5,0.0,,54.0,0.0,66.0,,,67.0,79.5,35.0,,77.0,32.5,110.0,,42.0,,,0.0,,87.5,32.5,,64.0,0.0,86.0,,,57.0,62.5,69.5,28.5
2022-12-11,193.0,,88.0,159.0,,378.0,,218.5,488.5,215.5,289.0,124.0,269.0,,,251.5,,,,713.0,,,,29.0,,,242.5,,98.0,532.0,,375.0,,154.5,,,275.5,,48.5,286.0
2022-12-12,659.0,,1366.0,805.0,456.5,505.0,388.0,343.0,939.0,711.0,83.0,800.0,1069.5,788.0,722.5,676.5,974.0,779.0,623.5,1207.0,996.5,957.5,722.0,284.0,,,830.0,422.0,1415.5,1395.5,474.0,915.5,1478.0,715.5,145.0,,874.0,1188.0,478.0,1278.5
2022-12-13,407.0,,148.5,66.5,,336.5,,,249.0,39.0,,259.0,329.0,,,59.0,,,,142.0,404.5,,,153.0,,,455.5,,689.5,276.5,205.0,370.5,528.5,306.0,,,414.0,,,52.0
2022-12-14,143.0,,475.5,84.5,10.0,25.5,19.5,601.5,154.0,276.5,51.0,218.0,162.5,67.0,,158.0,263.0,256.0,,221.0,173.5,440.0,374.0,159.0,,260.5,188.5,198.5,463.0,94.5,158.0,301.5,71.5,197.0,21.0,,155.0,210.0,521.5,237.5
2022-12-15,,,,,,,,,,,,,,,,,,,,,,,,,,,,,,,,,,,,,,,,
2022-12-16,790.0,,423.0,244.5,332.0,341.5,,232.5,265.5,,208.0,52.5,152.5,199.0,,277.5,422.5,,,359.0,204.0,,381.5,309.0,,,234.0,332.0,524.0,182.5,342.5,367.5,166.5,139.0,109.5,,232.5,385.0,343.0,333.0
2022-12-17,473.5,,416.0,3.5,5.0,4.0,3.5,3.0,,,86.0,0.0,2.0,3.0,,6.5,104.0,,,5.5,6.0,1018.5,66.0,20.0,,,15.0,1139.5,1036.0,0.0,,800.5,,1.5,69.0,,11.5,5.5,5.0,6.5
2022-12-18,866.5,,38.0,153.5,0.0,0.0,,33.5,30.5,,230.5,0.0,666.5,0.0,,70.0,36.5,,,12.0,9.5,134.5,34.0,330.0,,,0.0,336.5,167.5,546.5,,231.5,241.5,0.0,205.5,,63.0,29.0,232.5,4.0
2022-12-19,95.5,,16.5,735.5,,512.5,,,,,,,,,,,,,,238.5,72.0,,,,,,,15.0,237.5,,,6.0,,573.0,,,1281.0,,,163.5
2022-12-20,434.5,,14.0,154.5,177.0,509.5,,,28.0,,,146.0,26.5,,14.0,1180.0,144.5,,,349.5,3.5,,131.0,528.0,,,18.0,66.0,921.5,0.0,,52.5,3.0,245.5,,,51.5,444.5,,718.5
2022-12-21,366.5,,95.5,365.0,447.0,260.5,160.5,218.0,210.0,,1527.5,398.5,27.5,81.0,,426.5,133.5,,,136.5,194.5,903.0,136.5,199.5,,,375.0,80.0,327.5,78.5,,41.0,79.5,343.0,272.0,,318.0,74.0,638.5,214.0
2022-12-22,269.5,,1174.5,774.0,490.0,714.0,689.5,448.0,2693.5,542.0,627.0,575.5,1904.0,975.5,,511.5,903.5,,1279.5,685.5,1523.5,249.0,745.0,761.5,,,1466.0,1227.5,403.5,2040.0,,1524.5,1211.5,725.5,258.0,,1948.5,685.0,490.5,538.0
2022-12-23,2876.0,,7978.5,4589.5,6069.0,4006.0,4197.5,5371.5,9732.0,4338.5,3373.5,6312.0,9657.5,4532.5,,5627.5,8079.5,5603.5,4903.0,6985.0,7021.0,2709.5,6768.0,4049.5,,,6775.5,,3455.5,11390.5,,9241.5,9854.0,6478.5,2134.5,,15092.5,6270.0,4120.0,5331.0
2022-12-24,51.0,,23.0,96.5,24.5,74.0,105.5,99.5,0.0,121.5,64.5,0.0,218.5,111.5,0.0,0.0,146.5,0.0,121.0,131.5,11.0,48.5,119.5,87.0,,,36.0,142.0,59.0,181.5,,158.0,145.0,106.5,50.0,,252.5,109.0,,11.0
2022-12-25,0.0,,56.0,2.5,0.0,16.5,0.5,0.0,99.5,1.0,0.0,0.0,1.5,3.0,19.0,180.0,113.5,285.5,47.5,685.0,29.0,0.0,170.5,0.5,,36.5,39.0,,0.0,836.0,,106.0,28.0,0.0,0.0,,251.0,372.5,0.0,0.0
2022-12-26,31.5,,336.5,4.5,21.0,13.0,11.5,0.0,76.0,0.0,0.0,0.0,507.0,25.5,167.5,0.0,904.0,396.5,227.0,377.0,615.0,34.5,923.5,0.0,,,541.5,,110.5,11.0,,96.0,293.0,0.0,15.5,,350.0,256.0,109.5,313.0
2022-12-27,1.5,,0.0,0.5,1.0,0.5,18.5,0.0,0.0,,0.0,0.0,9.5,1.0,0.0,20.5,12.5,0.0,5.0,5.5,22.5,2.0,12.5,0.0,,,0.0,,4.5,0.0,,2.0,,12.5,18.0,,4.5,4.0,4.5,0.0
2022-12-28,,,,,,,,,,,,,,,,,,,,,,,,,,,,,,,,,,,,,,,,
2022-12-29,35.0,,6.5,0.0,0.0,0.0,0.0,0.5,0.0,,5.5,0.0,0.0,0.5,,0.0,0.5,,,,0.0,12.5,0.0,7.0,,,,,12.5,0.0,,0.0,,0.0,45.0,,0.0,1.0,,0.0
2022-12-30,0.0,,0.0,0.0,,0.0,,0.0,,,0.0,,0.0,,,,,,,,,0.0,0.0,0.0,,,,,0.0,0.0,,0.0,0.0,,,,,,,0.0
2022-12-31,0.0,,21.5,0.0,,0.0,,0.0,,,0.0,,21.5,,,,16.5,,,,,,0.0,0.0,,,,,0.0,21.0,,47.0,87.0,0.0,,,,0.0,,0.0
2023-01-01,,,,,,,,,,,,,,,,,,,,,,,,,,,,,,,,,,,,,,,,
2023-01-02,,,,,,,,,,,,,,,,,,,,,,,,,,,,,,,,,,,,,,,,
2023-01-03,,,,,,,,,,,,,,,,,,,,,,,,,,,,,,,,,,,,,,,,
2023-01-04,,,,,,,,,,,,,,,,,,,,,,,,,,,,,,,,,,,,,,,,
2023-01-05,34.5,567.0,687.5,375.0,595.0,441.5,473.0,383.0,,,463.5,540.0,410.5,262.5,,421.0,400.0,158.0,120.0,206.5,396.0,39.5,325.0,187.5,,298.0,326.0,,52.5,671.0,,903.0,,539.0,204.0,,287.0,367.5,212.0,502.0
2023-01-06,,,,,,,,,,,,,,,,,,,,,,,,,,,,,,,,,,,,,,,,
2023-01-07,1182.0,,32.5,18.0,86.5,516.5,,1167.0,320.0,,653.0,248.0,300.5,35.0,,,13.0,,,27.5,,598.5,13.0,182.5,,,,,126.5,174.5,,348.0,224.5,265.5,391.0,,,18.0,365.0,37.0
2023-01-08,481.0,575.0,649.5,11.0,116.5,21.0,9.5,148.0,205.5,,51.5,6.5,25.5,9.0,156.0,322.5,417.5,79.0,216.0,20.5,4.5,,509.5,165.0,,,45.5,434.0,327.0,51.5,,514.5,42.0,37.0,274.5,310.5,223.5,123.5,734.0,401.5
2023-01-09,379.5,268.5,193.0,136.5,338.0,219.0,222.5,242.0,78.0,,135.0,557.5,550.5,466.5,244.0,178.5,107.0,161.5,389.0,210.0,340.0,,127.5,666.0,,,271.5,262.0,557.5,168.5,,298.5,277.5,631.0,304.0,,168.5,128.5,392.0,205.5
2023-01-10,254.0,20.5,36.5,153.5,283.5,229.0,266.5,135.5,22.5,,122.5,358.0,88.0,77.0,44.0,101.5,63.0,59.5,77.5,93.0,89.0,,69.5,386.5,,,61.0,37.5,148.5,13.5,,34.0,13.0,377.5,159.0,,,68.0,19.0,51.0
2023-01-11,123.0,776.5,1023.5,15.5,11.0,224.0,208.0,177.5,120.0,48.5,570.0,452.0,58.5,302.5,305.0,71.5,952.0,380.0,98.5,717.5,127.0,,1057.5,374.5,245.0,,124.0,1114.5,89.0,302.0,,932.0,254.5,552.5,388.5,,29.0,142.0,99.5,250.0
2023-01-12,38.0,0.0,23.0,0.0,0.0,83.5,89.5,,0.0,352.0,67.5,329.5,51.5,0.0,0.0,0.0,0.0,24.0,39.0,0.0,24.5,,32.5,18.5,,25.5,25.0,0.0,82.0,68.5,,0.0,143.0,280.0,39.5,,91.0,0.0,43.5,23.5
2023-01-13,17.5,2165.0,189.5,0.0,0.0,2.5,0.0,4.0,127.0,12.0,30.0,0.0,953.5,29.0,29.5,24.5,33.5,0.0,0.0,0.0,0.0,,207.5,35.0,,,0.0,0.0,0.0,262.0,0.0,24.0,96.0,0.0,0.0,,354.0,26.0,0.0,0.0
2023-01-14,0.0,0.0,0.0,0.0,0.0,0.0,0.0,0.0,425.5,,0.5,0.0,0.0,0.0,275.0,0.0,0.0,0.0,0.0,0.0,0.0,,3.0,0.0,,0.0,0.0,0.0,0.0,0.0,,0.0,0.0,0.0,206.5,,27.5,0.0,19.0,78.0
2023-01-15,0.0,0.0,0.0,0.0,0.0,0.0,0.0,0.0,0.0,,273.0,326.5,0.0,0.0,0.0,0.0,0.0,0.0,0.0,0.0,0.0,,0.0,58.5,,0.0,0.0,0.0,0.0,0.0,,0.0,0.0,248.0,204.0,,0.5,0.0,0.0,0.0
2023-01-16,0.0,0.0,0.0,140.0,0.0,0.0,0.0,0.0,0.0,,9.5,0.0,0.0,0.0,21.5,0.0,0.0,,93.0,140.5,73.5,,0.0,105.0,,0.0,322.5,472.5,25.5,693.5,,144.5,22.5,0.0,25.0,,399.0,22.0,0.0,0.0
2023-01-17,,,,,,,,,,,,,,,,,,,,,,,,,,,,,,,,,,,,,,,,
2023-01-18,,,,,,,,,,,,,,,,,,,,,,,,,,,,,,,,,,,,,,,,
2023-01-19,130.0,377.0,255.0,7.0,306.5,813.0,479.0,333.0,127.0,,905.0,500.5,303.5,41.5,208.5,16.0,82.5,49.0,20.0,240.5,26.5,,139.5,102.0,,,28.5,92.0,55.5,358.0,,202.5,218.5,607.5,176.0,,275.0,38.0,935.0,63.0
2023-01-20,,,,,,,,,,,,,,,,,,,,,,,,,,,,,,,,,,,,,,,,
2023-01-21,,,,,,,,,,,,,,,,,,,,,,,,,,,,,,,,,,,,,,,,
2023-01-22,625.5,65.0,108.5,841.5,2151.5,1898.5,1650.0,2341.0,0.0,,506.5,937.0,202.5,993.5,234.5,1886.0,430.5,353.0,870.0,362.5,294.5,,231.0,655.5,,173.0,302.0,,753.5,41.5,,101.0,186.5,1222.5,493.5,,31.0,1064.5,2378.5,1848.0
2023-01-23,22.0,206.0,88.0,0.0,14.5,41.0,66.0,56.5,0.0,25.0,137.5,0.0,112.5,0.0,0.0,0.0,15.0,1.0,0.0,2.0,13.0,,13.0,1108.5,,,0.0,,144.0,263.0,,1.5,153.0,14.5,657.0,,49.5,15.0,31.0,10.0
2023-01-24,399.5,184.5,139.0,368.5,191.5,596.0,505.0,965.5,302.0,455.0,1157.5,1558.5,326.0,97.0,379.0,305.5,244.5,42.5,141.5,129.5,177.5,,366.0,1687.5,,,227.5,,670.0,166.5,,375.0,,1468.0,1434.0,,231.5,92.5,398.0,477.0
2023-01-25,594.5,,3165.5,1651.0,873.5,,295.0,397.5,6845.0,475.0,940.5,281.0,3925.0,1888.0,1765.0,848.0,,856.0,1084.5,,1037.5,,1119.0,777.5,,,891.0,,697.0,,,1539.5,,355.0,907.5,,3486.0,982.0,802.5,
2023-01-26,115.5,1090.5,605.0,397.5,223.5,193.5,188.5,154.0,234.5,148.0,227.5,251.5,784.0,396.0,781.5,473.5,793.5,530.0,487.0,707.5,447.0,88.0,712.0,304.5,,689.0,383.0,,242.5,382.5,,1564.0,,295.5,136.5,,553.0,727.0,255.0,381.5
2023-01-27,298.0,35.5,28.0,64.5,147.5,450.5,346.0,563.5,0.0,173.0,594.0,522.5,30.0,62.5,41.0,88.0,26.5,24.5,56.0,57.5,30.0,161.5,50.0,1024.5,,44.0,28.5,,534.5,0.0,,31.5,,560.0,48.0,,8.0,60.0,413.0,53.5
2023-01-28,,,,,,,,,,,,,,,,,,,,,,,,,,,,,,,,,,,,,,,,
2023-01-29,2085.0,2678.5,3631.0,5307.5,3724.0,3308.0,3485.5,4453.5,1677.0,3099.0,3986.5,4288.5,24453.5,5930.5,2125.0,6617.0,5621.5,4520.0,9682.0,6166.0,14430.0,3238.0,6595.5,4196.5,,,12981.5,,2692.0,6416.0,,4704.5,,4438.0,1823.5,,799.0,7416.5,3752.5,6805.5
2023-01-30,542.0,3446.5,2264.0,296.0,565.5,599.5,672.5,655.5,4018.5,858.5,816.0,3222.5,3333.5,367.5,3306.0,621.0,667.0,616.5,1251.0,329.0,1481.5,677.0,1175.0,1026.0,,,1257.0,,901.0,2873.5,,989.5,3667.0,2916.5,994.0,,1785.5,589.0,1638.5,556.5
2023-01-31,1357.5,280.5,377.0,519.5,663.5,557.5,456.0,567.0,184.0,589.0,350.0,285.5,310.0,456.0,364.5,427.5,181.0,417.0,306.0,215.5,212.5,295.0,203.0,747.0,163.0,,278.0,,494.0,196.5,,294.0,483.5,300.0,486.0,,207.0,263.5,667.0,389.0
2023-02-01,39.5,263.5,97.0,11.0,236.5,173.0,204.0,304.5,272.5,95.0,198.5,281.5,158.0,215.0,198.0,235.5,44.0,39.0,184.5,36.5,136.0,9.0,150.5,243.5,,,191.0,,38.5,111.0,,398.0,166.0,335.5,445.0,,402.5,48.5,104.0,81.5
2023-02-02,554.5,48.5,175.5,195.5,211.0,471.0,342.5,681.5,1.5,897.0,517.5,162.0,7.0,149.5,147.5,486.0,415.5,159.0,113.0,154.0,52.0,412.0,453.0,1557.0,,,41.0,,780.0,7.5,,79.5,11.5,280.5,1048.0,,7.0,229.5,742.5,656.5
2023-02-03,274.0,167.0,167.5,208.5,256.0,468.5,354.0,1233.0,176.0,106.5,1044.5,401.5,200.0,547.0,260.5,740.5,82.5,93.5,112.5,172.0,264.5,427.0,72.0,959.5,,,214.5,120.0,522.0,174.5,,128.0,163.0,462.0,526.0,,155.5,115.5,287.5,116.0
2023-02-04,406.5,,511.5,2052.5,,1101.0,876.5,1416.5,,581.5,,,651.0,,775.0,2080.5,1250.5,,,1912.0,,,1074.0,907.5,,,,552.0,343.5,460.5,,668.0,,460.5,1065.0,,,,,1423.0
2023-02-05,74.5,,185.0,279.5,147.0,127.0,96.5,73.0,154.0,38.0,272.5,525.0,51.0,174.5,273.0,1081.5,1169.0,415.5,202.0,384.5,58.5,167.5,904.0,324.0,,,85.0,215.0,465.5,95.5,,200.5,87.5,905.5,827.5,,178.0,764.5,201.5,629.0
2023-02-06,252.0,452.0,930.5,283.0,378.0,43.5,48.5,59.0,171.0,,60.0,8.5,67.0,354.5,2253.5,932.0,219.5,129.5,238.5,280.0,233.0,73.0,324.0,221.5,,270.0,167.0,242.0,540.0,55.0,,640.0,,,58.0,,140.5,452.0,176.0,937.0
2023-02-07,87.5,90.5,108.5,127.0,221.0,25.5,53.5,19.0,0.0,,12.0,0.0,105.5,20.5,180.5,78.0,217.0,103.0,12.0,0.0,0.0,84.0,262.5,36.5,,165.5,0.0,,30.0,21.5,,243.0,,,43.0,,22.0,44.0,56.0,247.0
2023-02-08,0.0,24.5,12.0,74.0,235.5,0.0,40.5,19.5,0.0,,0.5,23.0,96.5,6.0,0.0,55.0,31.5,21.5,31.0,46.0,76.5,1.0,6.0,0.5,,35.5,66.5,,0.0,0.0,,13.0,,0.0,0.5,,7.0,59.5,15.0,12.0
2023-02-09,87.0,287.0,85.0,55.0,73.0,463.0,559.5,0.0,332.0,118.5,0.0,214.5,261.5,0.0,157.5,,1.0,0.0,38.5,0.0,108.5,22.0,0.0,0.0,,33.0,174.0,72.5,135.0,289.5,,81.5,,451.0,0.0,,602.0,0.0,30.5,204.5
2023-02-10,92.0,51.5,52.0,40.0,83.5,0.0,0.0,0.0,146.5,,65.5,0.0,0.0,0.0,113.5,,28.0,0.0,0.5,0.0,0.0,61.5,27.5,520.0,,,15.5,,351.5,0.0,,32.0,0.0,0.0,222.0,,164.0,36.0,1.0,37.0
2023-02-11,23.0,0.0,0.0,60.0,2.5,339.0,192.5,895.5,0.0,,259.0,0.0,42.0,0.0,0.0,,0.0,0.0,0.0,0.0,0.0,64.5,0.0,433.0,,,0.0,,542.0,64.0,19.5,0.0,,0.0,119.5,,0.0,1.0,144.5,0.0
2023-02-12,191.0,201.0,634.5,1186.5,478.5,1680.0,1711.0,493.0,642.0,,3799.0,93.5,688.0,2387.5,2334.0,,159.0,202.0,1601.0,274.5,862.5,665.0,86.5,2820.5,870.5,460.5,944.5,,1375.0,1061.0,3004.5,210.5,382.0,124.5,4047.5,1538.0,230.5,410.5,1963.0,110.0
2023-02-13,151.0,402.0,569.0,980.5,1692.5,2223.0,2177.5,1990.0,256.0,898.5,1126.0,1485.5,558.5,457.0,839.0,,728.5,966.5,278.0,1040.5,251.0,199.5,738.5,341.5,341.0,,237.0,304.0,274.0,877.5,1120.0,414.0,459.0,1651.5,429.0,271.5,269.5,1263.0,1744.0,911.5
2023-02-14,22.0,0.0,0.0,0.0,70.0,251.0,132.5,220.0,0.0,,254.5,263.5,16.5,,0.0,19.0,0.0,0.0,39.5,38.0,0.0,,0.0,160.5,31.5,,42.5,31.5,90.5,23.5,89.5,24.0,27.5,244.5,82.5,,48.0,76.0,97.5,22.0
2023-02-15,,,,,,,,,,,,,,,,,,,,,,,,,,,,,,,,,,,,,,,,
2023-02-16,,,,,,,,,,,,,,,,,,,,,,,,,,,,,,,,,,,,,,,,
2023-02-17,,,,,,,,,,,,,,,,,,,,,,,,,,,,,,,,,,,,,,,,
2023-02-18,0.0,0.0,0.0,0.0,0.0,0.0,0.0,0.0,0.0,0.0,0.0,353.0,106.0,67.5,0.0,,71.0,0.0,0.0,31.0,0.0,0.0,66.5,2.0,,69.5,0.0,77.0,0.5,168.0,24.0,26.0,19.5,284.0,0.5,,45.0,42.5,40.0,0.0
2023-02-19,253.0,4199.0,3511.5,2501.5,551.0,214.5,318.0,316.5,1632.5,277.5,331.5,38.0,84.5,3156.5,6701.5,181.0,322.0,96.0,2398.5,305.0,3192.5,216.5,892.5,637.5,,330.5,2540.0,0.0,139.0,269.5,234.5,158.0,168.5,72.0,36.0,,1279.5,649.5,1.0,1653.0
2023-02-20,0.0,,38.0,87.5,0.0,0.0,,,,,,,,,,,,,,,214.5,,,35.5,,,,,,,,205.0,,15.0,,,,,,0.0
2023-02-21,0.0,0.0,0.0,0.0,0.0,0.0,0.0,0.0,0.0,,0.0,0.0,5.5,0.0,0.0,,0.0,0.0,0.0,0.0,38.0,0.0,0.0,0.0,,,69.5,0.0,0.0,2.5,41.0,24.5,0.0,28.5,0.0,,0.0,0.0,0.0,0.0
2023-02-22,0.0,21.5,0.0,0.0,0.0,0.0,0.0,0.0,0.0,,0.0,0.0,93.5,0.0,75.5,,0.0,0.0,0.0,0.0,0.0,0.0,0.0,0.0,,0.0,25.5,0.0,0.0,0.0,0.0,0.0,19.5,0.5,0.0,,0.0,0.0,0.0,0.0
2023-02-23,5.5,53.5,81.5,0.0,0.0,147.0,110.5,99.5,11.5,24.0,78.0,62.0,71.5,5.0,132.0,,36.0,17.5,41.5,12.0,85.5,0.0,15.0,116.5,,,72.0,65.0,222.0,77.0,0.0,49.5,77.0,172.5,,,270.5,0.0,20.5,116.5
2023-02-24,226.0,225.5,289.0,1001.5,580.0,,969.0,1284.0,254.5,,1411.0,1683.0,3218.5,1133.5,250.0,,543.0,538.0,1710.5,571.0,1531.5,289.5,505.5,2092.5,,459.0,1007.5,1225.5,1512.0,568.5,1159.5,860.5,1817.5,2398.0,1697.0,,857.0,708.5,1282.5,407.0
2023-02-25,4994.5,462.5,760.0,941.0,1205.0,3522.5,3445.5,3002.0,970.0,,2664.5,3270.5,683.0,3149.0,1138.5,,947.5,916.0,1139.5,1230.5,1068.5,4597.0,1152.0,1536.0,,,1039.5,1313.5,3520.0,267.5,1467.0,3282.0,391.5,4276.0,1422.5,,317.5,1144.0,3612.5,499.5
2023-02-26,1666.5,2621.0,2056.0,5567.5,4677.0,4596.0,4784.0,3219.0,4206.0,,2665.0,3096.5,5400.5,5368.0,965.0,1636.0,3489.5,3977.0,4759.0,4705.5,8087.5,1603.0,3125.0,2939.0,,4938.0,7867.5,6270.5,1506.0,5395.0,4060.5,5539.5,6949.0,4057.0,2609.0,,3605.5,4923.5,2907.0,1365.0
2023-02-27,1071.5,2369.5,3103.5,1718.5,4877.0,,1548.5,1793.0,973.0,,1971.0,987.5,1063.0,1193.5,1867.0,,2153.0,1632.0,2088.0,1662.5,1653.5,1290.0,2029.0,3336.0,,1030.0,1594.5,1780.0,4115.0,673.5,2163.0,1536.0,1817.5,1553.0,2697.5,,2247.0,2686.0,3963.0,1177.5
2023-02-28,6843.5,4923.0,6143.5,8830.5,7187.5,,9928.5,10509.0,3521.0,8252.0,7049.0,7044.5,5730.5,8653.5,993.0,,9842.0,7286.5,13304.0,8951.5,11479.5,4681.5,9482.0,5745.0,,,10971.5,7445.5,12319.5,3616.5,7376.5,,6495.5,7504.5,4803.0,9544.5,2599.5,5700.0,8824.5,3516.5
2023-03-01,549.0,708.0,909.5,327.0,403.5,,395.0,449.0,524.0,472.0,511.5,354.0,395.0,489.5,688.5,358.5,667.0,398.5,392.0,556.0,443.5,685.0,687.0,570.5,,416.5,431.5,547.0,894.0,513.0,421.0,,509.0,460.0,368.0,,715.5,467.5,513.5,516.5
2023-03-02,436.0,25.5,35.0,80.5,83.5,73.0,46.0,117.5,0.0,68.0,19.5,1.0,43.0,7.0,40.0,,23.5,8.5,10.5,80.5,19.0,578.0,62.5,9.0,38.5,43.0,35.0,58.0,344.5,8.0,73.0,,0.5,9.0,6.5,5.0,47.5,77.5,54.0,124.0
2023-03-03,583.0,1772.5,1672.5,2578.5,796.5,2267.0,1453.0,1880.5,2949.0,811.5,3742.5,2152.5,1759.5,1747.0,1675.5,2253.0,1639.5,2189.0,2762.0,2086.5,3528.0,532.5,1694.0,1663.0,,,4329.0,2062.0,6090.5,3913.0,3958.5,2114.0,,2167.0,2571.0,,1618.5,3315.5,1155.0,2006.0
2023-03-04,606.0,289.0,336.0,2084.0,1451.5,3138.5,2782.0,1327.0,544.5,923.0,1119.0,707.0,1476.0,2061.5,456.5,,530.5,557.0,1547.0,758.0,2156.0,694.0,1678.0,822.0,419.5,,1752.0,366.0,1411.5,1261.0,2172.0,348.5,,1059.0,991.5,1862.5,849.5,1004.5,1041.0,684.0
2023-03-05,1064.0,437.0,607.5,770.0,706.0,1136.0,1210.5,734.5,945.0,372.0,699.5,770.0,432.5,954.5,387.5,308.5,428.0,412.0,651.5,672.0,385.5,841.0,330.5,803.0,265.5,559.0,392.0,501.5,1260.0,426.0,828.5,539.5,,874.5,586.5,288.0,602.0,577.5,801.0,475.0
2023-03-06,421.0,1134.5,1219.0,1245.0,1757.0,1205.0,1686.0,1819.5,2393.0,,704.5,1165.0,2473.0,1078.0,661.0,1288.0,852.5,817.0,957.5,1003.0,953.0,500.0,707.5,1656.5,1303.0,979.5,874.5,1534.5,753.5,1707.0,1229.5,1824.0,,1320.0,1033.5,729.0,2246.0,987.5,1316.0,956.0
2023-03-07,189.0,32.5,43.5,75.5,117.5,745.0,716.5,1707.0,0.0,,975.5,167.0,85.0,201.0,23.5,,61.5,27.5,102.0,60.0,29.5,162.0,472.5,947.5,,,41.5,44.5,2658.5,0.0,125.0,57.5,85.0,242.0,589.0,68.0,53.0,58.5,682.0,266.0
2023-03-08,65.5,8.5,31.5,0.0,8.0,0.0,24.0,51.5,8.0,68.0,1054.5,0.0,9.0,42.0,0.0,,8.5,29.0,86.0,8.0,19.0,129.0,6.0,753.0,46.0,1.0,31.5,27.0,83.5,2979.0,4.0,2.0,2.0,6.5,1818.0,59.5,579.0,0.0,43.5,0.0
2023-03-09,5308.0,660.5,787.0,942.0,1043.5,7625.0,5328.5,4815.5,1000.0,1370.0,4807.5,1173.0,7169.5,5974.5,781.0,,928.0,1234.5,4429.0,1037.5,5581.5,4340.0,37.0,11519.5,1662.5,704.0,6524.5,976.0,5500.5,7391.5,2879.5,657.0,5336.0,1923.5,9954.0,5696.5,548.0,2434.0,4309.0,1439.0
2023-03-10,341.5,3231.0,4040.5,2264.0,1853.5,2995.0,1472.0,1660.0,7353.0,1896.5,2100.0,220.5,2414.0,4046.0,3530.0,,4133.5,2464.0,5798.5,2472.0,3537.5,276.0,38.5,3965.0,,2028.5,3505.0,2342.0,4875.5,2681.0,2521.5,2616.5,3875.0,320.0,3440.5,,3668.0,2944.5,1564.5,2481.0
2023-03-11,2037.0,6744.5,7134.5,9825.0,9642.0,3288.0,2629.5,2935.5,11540.5,4047.0,2335.0,2909.0,13598.0,8589.5,7377.5,6966.5,5911.5,6396.0,12119.0,4297.0,10802.5,1387.5,0.5,2610.5,,4871.5,11510.0,6398.0,3237.0,12432.5,5856.0,5873.5,17972.5,3724.0,2392.5,8903.0,10978.5,7967.0,4019.5,8677.5
2023-03-12,49.0,256.0,467.5,60.0,163.5,18.5,65.5,49.0,155.0,,36.5,0.0,1013.5,392.0,479.0,,273.0,80.5,765.5,162.0,566.0,20.0,0.0,36.5,,,503.0,351.0,42.0,459.0,170.0,247.5,230.5,104.0,0.0,,503.5,94.5,60.0,98.0
2023-03-13,,,,,,,,,,,,,,,,,,,,,,,,252.5,,,,,,,,860.5,,156.0,,,,,,
2023-03-14,,,,,,,,,,,,,,,,,,,,,,,,,,,,,,,,,,,,,,,,
2023-03-15,,,,,,,,,,,,,,,,,,,,,,,,,,,,,,,,,,,,,,,,
2023-03-16,,,,,,,,,,,,,,,,,,,,,,,,,,,,,,,,,,,,,,,,
2023-03-17,,,,,,,,,,,,,,,,,,,,,,,,,,,,,,,,,,,,,,,,
2023-03-18,1896.0,,6236.0,,5664.5,519.5,,,1997.5,3438.5,,695.0,2188.5,3141.0,8057.0,,10423.0,8267.0,4368.5,8623.5,2871.0,1318.5,7607.5,272.5,,7243.5,2759.0,5773.5,680.0,2072.0,,7375.0,1588.5,1031.5,333.0,3282.5,2230.0,12603.5,5142.5,5500.0
2023-03-19,,,,,,,,,,,,,,,,,,,,,,,,,,,,,,,,,,,,,,,,
2023-03-20,,,,,,,,,,,,,,,,,,,,,,,,,,,,,,,,,,,,,,,,
2023-03-21,,,,,,,,,,,,,,,,,,,,,,,,,,,,,,,,,,,,,,,,
2023-03-22,,,,,,,,,,,,,,,,,,,,,,,,,,,,,,,,,,,,,,,,
2023-03-23,,,,,,,,,,,,,,,,,,,,,,,,,,,,,,,,,,,,,,,,
2023-03-24,2087.5,,127.5,147.5,131.5,1523.5,997.5,929.5,510.5,264.5,911.5,867.0,1114.0,31.5,,67.0,113.0,83.0,81.5,104.0,1062.0,1855.0,156.5,3366.0,,158.5,758.0,629.5,833.5,449.0,142.5,188.0,1343.5,742.0,1999.5,,11.0,193.5,751.5,159.5
2023-03-25,521.5,,1606.0,877.0,828.5,952.0,783.0,841.5,1257.5,541.0,764.5,615.0,1105.0,931.5,1528.0,1123.5,1207.5,860.5,888.5,1028.5,1323.0,385.5,1071.5,595.0,,968.5,1178.0,1234.0,627.5,1059.5,851.5,1350.5,1194.0,1049.5,714.5,1155.5,1070.5,1060.0,754.5,1503.0
2023-03-26,,,,,,,,,,,,,,,,,,,,,,,,,,,,,,,,,,,,,,,,
2023-03-27,,,,,,,,,,,,,,,,,,,,,,,,,,,,,,,,,,,,,,,,
2023-03-28,,,,,,,,,,,,,,,,,,,,,,,,,,,,,,,,,,,,,,,,
2023-03-29,0.0,,37.5,0.0,0.0,0.0,0.0,0.0,,41.0,295.5,0.0,101.0,0.0,,,,,0.0,99.0,121.5,29.0,,61.0,34.5,196.0,0.0,1199.5,32.0,101.0,0.0,1696.0,645.5,0.0,1326.0,,418.0,58.5,,0.0
2023-03-30,84.5,,4989.0,643.0,84.5,278.0,167.0,516.0,,210.5,2579.5,124.0,105.5,31.0,,107.5,,,60.0,163.5,69.0,80.0,,344.5,1032.5,827.0,66.5,2130.5,342.5,1032.5,73.5,545.0,102.0,193.5,47.5,49.5,5973.5,189.0,,1035.0
2023-03-31,389.5,,60.5,244.5,1176.0,537.5,,334.5,,70.0,100.0,261.0,211.0,1191.5,,299.5,,,1622.0,35.5,401.5,219.5,,78.0,104.5,138.5,843.5,1012.5,774.0,33.5,329.0,96.5,68.0,384.0,98.0,829.5,528.0,77.0,,184.5
2023-04-01,640.0,,632.5,326.5,464.5,5.5,24.5,6.5,,2.5,8.5,40.0,22.5,382.0,,1162.5,,,241.5,412.0,176.0,576.5,,46.0,11.5,117.0,127.5,241.0,841.5,5.5,37.5,66.0,215.0,91.0,3.0,328.5,53.0,1412.0,,991.5
2023-04-02,208.0,,119.0,51.5,,25.5,,40.0,,,,,2.0,20.0,,,,,,,,,,186.5,1.5,,,100.5,889.0,7.5,42.0,96.5,22.0,64.0,,,,169.0,,415.0
2023-04-03,,,,,,,,,,,,,,,,,,,,,,,,,,,,,,,,,,,,,,,,
2023-04-04,,,,,,,,,,,,,,,,,,,,,,,,,,,,,,,,,,,,,,,,
2023-04-05,,,,,,,,,,,,,,,,,,,,,,,,,,,,,,,,,,,,,,,,
2023-04-06,,,,,,,,,,,,,,,,,,,,,,,,,,,,,,,,,,,,,,,,
2023-04-07,,,,,,,,,,,,,,,,,,,,,,,,,,,,,,,,,,,,,,,,
2023-04-08,62.5,,35.0,0.0,,0.0,,0.0,,,,,54.5,0.0,,,0.0,,,,0.0,56.5,,153.5,0.0,,40.0,0.0,89.0,0.0,0.0,23.5,,0.0,,,,36.5,,35.0
2023-04-09,2.0,,0.5,0.0,0.0,0.0,0.0,0.0,0.0,1.0,16.5,19.0,1.5,0.0,,0.0,0.0,,0.0,0.0,0.0,28.5,0.0,6.5,0.0,0.0,0.0,0.0,4.0,0.0,0.0,0.0,,19.5,45.5,0.0,0.0,0.5,,0.0
2023-04-10,24.5,,0.0,0.0,0.0,0.0,0.0,0.0,0.0,0.0,0.0,0.0,0.0,0.0,,0.0,0.0,,0.0,0.0,0.0,23.0,0.0,0.0,0.0,0.0,0.0,0.0,0.0,0.0,0.0,0.0,,0.5,0.5,0.0,0.0,0.0,,0.0
2023-04-11,0.5,,0.0,27.0,0.0,0.0,22.0,0.0,0.0,0.0,0.0,0.0,0.0,0.0,,0.0,0.0,,0.0,0.0,0.0,0.5,0.0,0.0,0.0,0.0,0.0,0.0,0.0,0.0,0.0,0.0,0.0,0.0,0.0,0.0,0.0,0.0,,0.0
2023-04-12,0.0,,0.0,0.0,,0.0,0.0,0.0,,0.0,0.0,0.0,0.0,21.5,,0.0,0.0,,,0.0,,11.5,,0.0,0.0,0.0,0.0,0.0,0.0,0.0,0.0,0.0,0.0,0.0,8.5,0.0,0.0,0.0,,0.0
2023-04-13,0.0,,0.0,0.0,,0.0,0.0,0.0,0.0,0.0,0.0,0.0,25.0,0.0,,0.0,0.0,,,0.0,0.0,0.5,0.0,0.0,,0.0,25.5,0.0,0.0,0.0,0.0,0.0,0.0,0.0,0.5,0.0,,0.0,,0.0
2023-04-14,0.0,,0.0,0.0,0.0,0.0,0.0,0.0,0.0,0.0,0.0,0.0,0.5,0.0,,23.0,0.0,,,0.0,0.0,0.0,0.0,0.0,0.0,0.0,0.0,0.0,0.0,0.0,0.0,0.0,0.0,0.0,0.0,0.0,0.0,0.0,,0.0
2023-04-15,0.0,,0.0,0.0,0.0,0.0,0.0,0.0,0.0,0.0,0.0,0.0,0.0,0.0,,0.0,0.0,,,0.0,0.0,0.0,,0.0,0.0,0.0,0.0,0.0,0.0,0.0,0.0,0.0,0.0,0.0,0.0,39.0,0.0,0.0,,0.0
2023-04-16,0.0,,0.0,0.0,0.0,0.0,0.0,0.0,0.0,,0.0,0.0,0.0,0.0,,0.0,0.0,,,0.0,0.0,0.0,0.0,0.0,0.0,0.0,0.0,0.0,0.0,0.0,0.0,0.0,0.0,0.0,0.0,0.0,0.0,0.0,,0.0
2023-04-17,0.0,,0.0,0.0,0.0,0.0,0.0,0.0,,0.0,0.0,,0.0,0.0,,0.0,0.0,,,0.0,0.0,0.0,,0.0,0.0,0.0,0.0,0.0,,0.0,0.0,0.0,0.0,0.0,0.0,0.0,,0.0,,0.0
2023-04-18,1871.0,0.0,0.0,0.0,221.5,0.0,0.0,0.0,0.0,0.0,44.0,,0.0,179.0,,0.0,0.0,,,0.0,0.0,1821.5,0.0,296.5,0.0,0.0,0.0,0.0,,0.0,0.0,0.0,0.0,30.0,89.5,230.0,18.5,0.0,,0.0
2023-04-19,121.5,,0.0,0.0,43.5,0.0,0.0,0.0,,260.0,,,0.0,6.5,,0.0,0.0,,,,0.0,104.5,,70.5,52.5,217.5,0.0,0.0,,6.5,0.0,0.0,0.0,272.0,,0.0,0.5,0.0,,0.0
2023-04-20,24.0,,0.0,141.0,10.0,0.0,0.0,135.0,0.0,13.0,0.0,7.0,689.5,71.5,,382.0,223.5,,133.5,974.0,11.0,2.5,25.5,37.5,0.0,137.5,5.0,0.0,,14.5,0.0,0.0,44.0,59.5,0.0,0.0,0.0,515.0,,0.0
2023-04-21,20.0,,0.0,0.0,0.0,0.0,0.0,0.0,0.0,0.0,0.0,1.0,76.5,3.0,,0.0,0.0,,,46.5,24.0,303.0,1.0,0.5,0.0,0.0,22.5,0.0,,1.5,0.0,0.0,0.0,4.5,0.0,0.0,0.0,22.0,,0.0
2023-04-22,1.0,,0.0,0.0,0.0,0.0,0.0,0.0,0.0,0.0,0.0,,0.5,0.0,,0.0,0.0,,,0.0,0.0,63.0,0.0,0.0,5.0,0.0,0.0,0.0,,0.0,0.0,0.0,0.0,0.0,15.0,0.0,0.0,0.0,,0.0
2023-04-23,,,959.0,,,,,,,,,,,,,,844.5,,,,,,,209.0,,,,,,,,1170.0,,,,,,,,712.0
2023-04-24,1654.5,2139.5,662.0,1916.5,1091.0,127.0,226.5,124.0,603.0,128.5,267.5,104.0,2145.5,1579.5,,3152.5,3484.0,,,2900.0,2229.0,559.0,2397.5,638.0,794.0,2375.5,2108.0,2097.5,,1775.0,559.5,2948.5,2379.0,137.0,98.0,1824.0,574.0,3898.0,,3985.5
2023-04-25,63.5,,7.5,18.5,,,,86.0,,,,,1063.0,76.5,,,0.0,,,,183.0,14.5,,223.0,,,41.5,59.0,,19.5,66.5,0.0,706.0,66.5,,24.0,,153.5,,0.0
2023-04-26,1138.0,0.0,0.5,0.0,15.5,499.0,422.0,752.0,16.0,,,272.0,39.0,2.5,,,400.5,,,3.5,283.5,1715.0,,2487.5,347.5,68.0,434.5,108.5,,23.0,296.5,0.0,91.0,229.5,1518.0,55.0,0.0,35.0,,105.0
2023-04-27,337.5,,0.5,0.0,,,,17.5,,,,,0.0,0.0,,,63.0,,,,37.0,252.0,,172.5,,,34.5,4.0,,37.5,8.5,38.0,0.0,309.0,,,,38.0,,29.5
2023-04-28,306.0,,0.0,26.0,,,,0.0,,,,,196.0,0.0,,,186.5,,,,22.0,341.0,,431.0,,,63.5,4.5,,0.5,0.0,0.0,17.0,24.5,,,,340.0,,178.5
2023-04-29,,,,,,,,,,,,,,,,,,,,,,,,,,,,,,,,,,,,,,,,
2023-04-30,26.5,0.0,0.0,0.0,2.5,27.5,32.0,0.0,0.0,,586.5,7.0,52.5,17.5,,0.0,0.0,,14.0,18.5,0.0,1.5,4.5,13.5,0.0,2.5,0.0,11.0,,0.0,35.0,21.5,0.0,9.5,,0.0,0.5,35.0,,0.0
2023-05-01,389.5,0.0,0.0,19.0,333.5,52.0,121.5,322.5,440.0,,227.0,58.0,372.0,95.5,,393.0,574.0,,0.0,12.0,0.0,307.0,405.0,273.5,45.0,17.0,0.0,0.0,,0.0,0.0,59.5,525.5,69.0,45.0,,0.0,119.0,,118.0
2023-05-02,81.0,528.5,620.0,524.5,494.5,132.0,136.5,41.0,38.5,,295.5,51.5,610.0,2072.0,,914.5,1148.5,,139.0,66.5,637.0,146.5,978.5,1474.0,,329.5,466.5,259.5,,393.5,1171.0,453.5,1354.5,76.5,167.5,915.5,3.5,537.0,,1091.0
2023-05-03,,,,,,,,,,,,,,,,,,,,,,,,,,,,,,,,,,,,,,,,
2023-05-04,,,,,,,,,,,,,,,,,,,,,,,,,,,,,,,,,,,,,,,,
2023-05-05,354.0,0.0,0.0,0.0,33.5,84.5,20.0,578.0,60.0,396.5,179.5,250.5,26.5,1.5,,0.0,25.5,,,2.5,163.5,1639.0,3.0,1463.0,197.0,1.0,80.5,78.0,,0.0,,463.5,172.0,339.5,905.5,65.0,0.0,34.5,,0.0
2023-05-06,1860.0,82.0,66.0,346.5,612.5,643.5,744.5,1401.0,952.5,,,2081.0,1230.0,355.5,,179.5,41.5,,,193.5,1217.0,1761.5,15.5,104.0,,107.0,1438.0,700.0,,492.0,819.5,608.5,756.0,1912.0,,,206.0,73.0,,364.0
2023-05-07,292.0,351.5,91.5,30.5,222.5,292.0,183.0,837.5,692.0,492.0,,140.0,681.5,34.5,,141.5,276.0,,,147.0,46.5,245.5,300.0,523.0,,209.0,91.5,702.0,,363.0,,776.0,585.0,145.5,203.5,,833.0,13.0,,419.0
2023-05-08,78.5,35.5,0.0,16.5,0.0,,7.5,0.0,0.0,,0.0,3.0,62.5,42.0,,0.0,0.0,,,6.5,,7.0,14.5,20.5,,8.5,0.0,66.5,,0.0,26.5,36.0,0.0,35.0,9.0,0.0,38.0,1.0,,0.0
2023-05-09,907.5,468.5,351.0,973.5,91.0,792.5,965.0,1492.0,925.5,34.0,1102.0,501.5,1015.0,138.0,,256.0,357.0,,,153.5,,299.0,272.5,2400.0,,183.5,220.5,553.0,,1644.5,554.5,271.5,984.5,462.5,1084.5,256.5,1517.0,364.5,,356.0
2023-05-10,,,,,,,,,,,,,,,,,,,,,,,,,,,,,,,,,,,,,,,,
2023-05-11,3.5,,0.0,0.0,0.0,,0.0,0.0,0.0,0.0,0.0,0.0,26.5,0.0,,0.0,0.0,,,0.0,,5.0,0.0,0.0,0.0,0.0,28.0,0.0,,0.0,0.0,0.0,0.0,20.5,0.5,0.0,,0.0,,0.0
2023-05-12,0.0,,6.0,139.0,0.0,,59.0,139.0,0.0,0.0,76.5,62.5,10.0,232.0,,1258.0,0.0,,,183.0,,0.0,0.0,33.5,0.0,0.0,0.0,0.0,0.0,0.0,0.0,0.0,0.0,,443.0,,,33.5,,12.0
2023-05-13,212.5,,414.5,445.5,528.5,,227.0,314.0,521.0,558.0,132.5,170.0,289.0,355.5,,485.5,461.0,,,477.5,,190.0,350.0,250.0,,406.5,320.0,459.0,215.0,368.0,361.0,493.0,304.0,171.0,205.5,318.5,,613.0,,620.5
2023-05-14,347.5,,8.0,0.0,0.0,,41.0,0.0,0.0,80.5,34.5,3.5,5.5,7.0,,0.0,0.0,,,10.0,,728.0,8.0,43.5,9.0,8.0,0.0,8.5,389.5,0.0,7.5,21.5,,0.0,44.0,0.0,,11.5,,0.0
2023-05-15,4.0,,0.0,0.0,0.0,,0.0,0.0,0.0,0.0,75.5,0.0,0.0,147.0,,0.0,0.0,,,0.0,,8.5,0.0,11.5,0.0,0.0,45.0,34.0,46.0,0.0,0.0,31.5,,0.0,12.0,0.0,,0.0,,0.0
2023-05-16,0.0,,0.0,0.0,143.5,,69.5,62.0,0.0,0.0,12.5,30.0,0.0,108.5,,21.0,0.0,,,0.0,,0.0,0.0,70.0,0.0,0.0,0.0,2.0,2.0,0.0,248.0,24.0,,16.5,107.0,30.0,,130.0,,0.0
2023-05-17,0.0,,0.0,0.0,0.0,,0.0,16.0,0.0,0.0,0.0,1.5,0.0,4.0,,0.0,0.0,,,13.0,,0.0,0.0,2.5,0.0,0.0,,25.5,0.0,0.0,0.0,0.0,,0.0,39.5,,,5.0,,812.0
2023-05-18,0.0,,0.0,0.0,0.0,,253.5,58.0,24.5,110.5,0.0,320.0,0.0,0.0,,0.0,0.0,,,0.5,,0.0,0.0,0.0,,0.0,,0.5,0.0,0.0,8.0,0.0,,331.0,0.5,0.0,,0.0,,32.0
2023-05-19,458.5,,0.0,17.0,0.0,,164.0,457.0,0.0,0.0,0.0,430.0,0.0,0.0,,0.0,28.5,,,148.0,,771.0,0.0,801.0,,17.0,513.5,271.0,254.0,0.0,0.0,545.0,,166.5,0.0,160.0,,0.0,,0.0
2023-05-20,17.0,,900.0,40.5,99.0,,22.5,0.0,5.0,79.0,0.0,12.5,693.5,201.0,,64.5,531.0,,,49.0,,45.5,501.0,49.0,21.5,56.0,83.5,15.5,1554.5,125.5,137.0,305.0,,0.0,0.0,,,436.5,,331.5
2023-05-21,0.0,,182.5,0.0,30.5,,42.0,0.0,0.0,0.0,0.0,0.0,32.0,9.5,,0.0,0.0,,,2.0,,45.0,24.0,1.0,,4.0,0.0,0.5,45.0,0.0,,24.0,,0.0,0.0,0.0,,16.0,,0.0
2023-05-22,19.0,,31.5,106.0,178.0,,276.0,19.0,11.0,106.5,0.0,0.0,265.5,0.0,,81.5,932.5,,,,,0.5,298.5,342.0,264.0,1811.5,184.5,948.5,0.0,23.0,,949.0,,0.0,9.0,24.0,,449.0,,352.5
2023-05-23,123.5,,28.5,243.0,800.0,56.0,52.0,125.0,195.5,203.5,1030.5,6.5,237.5,489.0,,432.0,172.5,,,,,218.5,117.0,949.5,,350.0,722.5,204.0,133.0,392.0,89.5,93.0,,18.5,569.0,566.5,,148.5,,330.5
2023-05-24,84.0,,0.0,0.0,0.0,22.5,0.0,0.0,0.0,0.0,49.5,1.0,45.5,0.0,,0.0,0.0,,,,,85.5,0.0,90.5,12.5,14.5,0.0,8.5,13.0,0.0,4.5,0.0,,0.0,51.5,0.0,,7.0,,0.0
2023-05-25,1.0,,1388.5,291.0,0.0,219.0,140.5,376.0,53.0,33.0,2095.5,13.0,231.0,418.5,,55.0,669.5,,,,,13.0,292.5,48.5,,1167.5,296.0,543.0,0.0,31.0,,1756.5,8.5,14.5,440.0,230.5,,398.5,,19.5
2023-05-26,15.5,,0.0,65.0,13.5,0.0,41.5,10.0,0.0,0.0,54.0,303.5,377.5,183.5,,861.0,0.0,,,8.5,,14.5,0.0,0.0,,0.0,291.0,268.5,408.0,102.0,26.5,71.0,370.0,251.5,0.0,313.0,,30.5,,791.5
2023-05-27,35.5,,0.0,0.0,152.0,0.0,0.0,30.0,0.0,0.0,1.0,14.5,21.5,0.0,,66.5,22.0,,,207.0,,0.5,0.0,0.0,,0.0,0.0,11.5,35.0,0.0,33.0,24.0,29.5,0.0,0.0,15.0,,196.5,,10.0
2023-05-28,0.5,,313.0,693.5,366.0,6.0,8.0,0.0,237.5,1192.0,292.0,0.0,0.0,0.0,,838.5,2194.0,,,780.0,,0.0,1657.0,0.0,,344.5,298.0,384.0,718.5,0.0,218.0,381.5,20.0,,0.0,366.0,,1719.0,,339.5
2023-05-29,23.0,,203.5,11.5,,,46.5,172.5,,135.5,628.0,60.5,548.5,9.0,,,114.0,,,59.5,,8.5,,863.5,,80.0,131.5,158.5,376.5,260.0,214.0,174.0,508.0,64.5,597.0,31.0,,156.5,,150.5
2023-05-30,2057.5,,802.0,182.5,235.5,,423.5,214.0,94.0,266.0,70.5,158.5,497.5,124.0,,91.5,210.5,,,150.0,,1010.0,170.0,71.5,,253.0,666.5,200.5,227.0,11.5,594.5,205.0,294.0,197.0,78.5,159.5,117.5,187.5,,237.0
2023-05-31,8.0,,81.5,0.0,0.0,,438.0,,,0.0,639.5,6.5,61.0,330.5,,,143.5,,,74.0,,36.5,,159.0,,,640.0,504.0,135.5,0.5,35.5,75.5,,12.5,,,,50.0,,
2023-06-01,311.5,,1192.0,1250.0,820.0,72.5,159.5,532.0,239.0,438.0,123.5,153.0,587.0,243.0,,353.0,838.5,,,476.0,,374.0,525.5,509.5,,1236.5,1407.0,669.0,737.5,42.0,904.0,,1264.5,116.5,134.0,387.0,140.5,316.0,,518.0
2023-06-02,0.0,,176.0,192.5,0.0,0.0,0.0,0.0,37.0,0.0,160.0,0.0,21.0,8.5,,0.0,158.0,,,780.0,,0.0,111.0,619.5,,141.5,0.0,20.5,82.5,27.0,28.5,,47.0,9.0,55.0,0.0,36.5,679.0,,0.0
2023-06-03,534.5,,0.0,0.0,13.5,17.5,21.0,166.5,,893.5,481.5,874.5,0.0,0.0,,0.0,0.0,,,0.0,,682.5,5.0,64.0,,4.0,144.0,0.0,695.5,0.0,448.5,,187.5,910.5,35.5,0.0,0.0,25.5,,344.5
2023-06-04,181.0,,9.5,53.5,52.5,247.0,360.0,65.5,18.0,99.5,79.0,106.5,1326.0,86.0,,284.5,138.5,,,514.5,,315.0,92.5,174.5,,0.0,408.5,123.5,801.5,0.0,331.0,,709.0,166.5,120.5,104.0,0.0,478.0,,274.0
2023-06-05,43.0,,0.0,0.0,0.0,0.0,44.0,0.0,0.0,0.0,3.0,0.0,34.0,7.0,,0.0,0.0,,,0.0,,35.5,9.0,11.5,,0.0,31.0,9.5,69.5,0.0,0.0,,0.0,37.0,38.0,33.0,0.0,18.0,,0.0
2023-06-06,161.5,,417.5,8.0,59.5,647.5,585.0,497.0,35.5,0.0,318.5,70.5,54.5,133.5,,151.0,10.5,,,29.5,,22.5,52.5,185.0,,0.0,636.5,0.0,37.0,88.0,172.5,,6.5,193.5,316.0,546.5,0.0,356.0,,296.5
2023-06-07,47.0,,0.0,23.5,0.0,0.0,0.0,20.5,0.0,31.0,25.5,0.0,30.5,6.5,,542.0,0.0,,,434.0,330.5,0.0,2.0,397.5,,24.0,231.0,24.5,15.0,0.0,0.0,130.0,0.5,0.0,207.0,15.5,0.0,152.0,,189.0
2023-06-08,699.5,,0.0,59.0,78.0,100.0,77.5,57.5,0.0,838.5,1171.5,0.0,736.5,2873.5,,573.0,428.5,,,1439.5,984.5,239.5,610.0,71.5,,628.5,667.0,3275.5,255.5,0.0,1542.0,2327.0,95.5,0.0,252.5,636.0,0.0,2607.0,,896.5
2023-06-09,40.0,,0.0,0.0,13.0,0.0,0.0,0.0,0.0,37.5,32.0,0.0,33.5,66.5,,23.5,29.0,,,0.0,0.0,139.0,16.5,1.5,0.0,15.5,20.5,77.5,136.0,0.0,0.0,24.5,23.5,0.0,6.5,,0.0,58.5,,0.0
2023-06-10,0.0,,183.0,0.0,885.5,19.5,16.0,11.0,20.5,89.0,29.5,0.0,0.5,465.0,,0.0,0.0,,,0.0,29.0,21.5,0.0,543.5,0.0,27.0,0.0,0.0,107.0,0.0,0.0,0.0,0.0,0.0,73.0,0.0,0.0,0.0,,310.5
2023-06-11,130.5,,90.5,162.5,0.0,,737.5,581.0,0.0,22.0,77.0,845.5,0.0,26.0,,0.0,266.5,,,952.0,0.0,0.0,30.0,7.0,,465.5,0.0,117.5,707.0,0.0,0.0,0.0,0.0,903.0,1.0,,,394.5,,171.0
2023-06-12,609.0,,0.0,0.0,0.0,22.5,0.0,0.0,0.0,199.0,109.5,206.5,0.0,0.0,,174.5,0.0,,,54.0,0.0,1055.5,1.5,74.0,,20.5,0.0,5.0,139.0,0.0,182.0,0.0,0.0,224.0,0.0,10.5,0.0,1563.5,,0.0
2023-06-13,0.0,,0.0,52.0,0.0,0.0,0.0,0.0,0.0,0.0,1.5,0.0,0.0,0.0,,0.0,0.0,0.0,,0.0,0.0,0.0,0.0,1.0,0.0,0.0,0.0,0.0,1.5,0.0,0.0,0.0,0.0,0.0,0.0,0.5,0.0,22.0,,0.0
2023-06-14,,,,,,,,,,,,,,,,,,,,,,,,,,,,,,,,,,,,,,,,
2023-06-15,,,0.0,,388.0,,0.0,,,63.0,,,,12.5,,,21.0,,,0.0,0.0,,,,,5.0,,28.0,,0.0,0.0,20.0,,12.0,,,,,,0.0
2023-06-16,,,,,,,,,,,,,,,,,,,,,,,,,,,,,,,,,,,,,,,,
2023-06-17,14.0,,,0.0,57.0,0.0,0.0,0.0,7.0,456.5,,0.0,,5.5,,28.5,870.5,0.0,,0.0,0.0,0.0,445.0,94.5,,90.5,,1280.0,68.0,104.0,95.5,,160.5,27.0,53.0,7.0,0.0,8.0,,65.5
2023-06-18,235.0,,,,0.0,,0.0,0.0,,0.0,,,,0.0,,0.0,0.0,,,0.0,0.0,,,,,0.0,0.0,0.0,,0.0,0.0,,,0.0,43.5,,,,,0.0
2023-06-19,97.5,,16.0,0.0,0.0,0.0,0.0,18.5,161.5,22.0,91.5,0.0,1.0,0.0,,0.0,0.0,0.0,,0.0,0.0,240.5,0.5,178.0,,91.0,0.0,0.0,141.0,0.0,26.5,0.0,4.0,0.0,134.5,20.5,106.0,0.0,,0.0
2023-06-20,384.5,,526.0,,1210.0,,371.5,,,663.5,471.0,155.0,,,,,379.5,,,39.0,,,,113.5,,,,21.5,,0.0,781.0,0.0,128.5,,,,,108.5,,687.0
2023-06-21,1773.5,,260.0,481.5,44.0,,,1012.5,50.0,140.0,557.5,1413.5,314.0,453.5,,447.5,280.0,219.5,,497.5,1407.0,594.5,172.5,378.5,,68.0,2094.0,145.0,277.0,246.0,50.0,69.5,575.5,1126.5,385.0,982.5,22.5,457.5,,1516.0
2023-06-22,24.0,,0.0,0.0,0.0,,32.0,37.5,,0.0,0.0,0.0,0.0,0.0,,,0.0,,,0.0,24.5,112.0,,8.5,,4.5,41.0,8.5,,0.0,37.5,0.0,0.0,33.0,154.0,0.0,,0.0,,0.0
2023-06-23,0.0,,0.0,0.0,0.0,0.0,0.0,0.0,0.0,0.0,20.5,9.0,0.0,2.5,,7.5,0.0,0.0,,0.0,0.0,24.5,0.0,0.5,0.0,32.5,,0.0,3.5,161.0,0.0,203.5,10.0,1.0,0.0,11.5,0.0,232.0,,236.5
2023-06-24,150.5,,,115.0,98.0,,447.5,507.0,,421.0,19.5,292.0,,3.5,,,9.5,,,380.5,0.0,99.5,,0.0,,57.0,,98.0,69.0,141.0,33.0,,27.0,540.5,47.5,53.0,,501.0,,208.0
2023-06-25,43.0,,653.5,44.5,109.0,795.0,903.5,211.0,35.0,19.0,807.5,46.0,71.0,734.5,,,1788.0,463.5,,571.0,58.5,86.0,1253.0,1532.5,901.5,121.5,,,60.0,23.5,134.5,466.0,657.5,,1588.5,453.0,158.0,843.5,,1468.0
2023-06-26,,,,,,,,,,,,,,,,,,,,,,,,,,103.0,,,,,,,,,,,,,,
2023-06-27,37.0,,0.0,0.0,0.0,0.0,0.0,22.5,0.0,0.0,5.5,0.0,18.0,1.5,,,0.0,0.0,,0.0,0.0,0.0,34.5,0.0,0.5,3.5,,32.0,29.0,0.0,0.0,0.0,0.5,,29.0,0.0,0.0,1.0,13.5,0.0
2023-06-28,,,,,,,,,,,,,,,,,,,,,,,,,,,,,,,,,,,,,,,,
2023-06-29,77.0,,0.0,44.0,0.0,78.0,0.0,0.0,0.0,0.0,0.0,16.0,111.5,0.0,,,402.0,223.5,,333.0,0.0,132.5,394.5,18.0,0.0,0.0,,0.0,356.5,0.0,0.0,0.0,264.0,0.0,14.5,0.0,,592.0,0.0,109.5
2023-06-30,190.0,,0.0,569.5,1498.5,2017.5,1367.0,1119.0,349.0,87.5,122.0,638.0,3165.0,3509.0,,,32.0,107.5,,66.0,3582.5,362.5,0.0,1458.0,627.0,130.5,,339.5,13.5,4443.0,2670.0,56.5,3788.0,480.5,1.0,1600.5,466.0,52.0,1090.0,29.5
2023-07-01,507.0,,220.0,141.5,774.5,,157.5,249.5,744.0,1511.0,1807.5,69.5,1222.5,35.0,,,84.0,,,720.0,314.0,116.5,82.0,737.0,127.0,28.5,,,1053.0,86.5,242.5,278.5,632.5,73.0,1904.0,,,696.0,,237.5
2023-07-02,1381.0,,4308.5,1445.0,1302.5,1177.0,1462.5,972.5,2921.0,1293.5,489.5,836.5,1722.5,5783.5,,,2678.5,1758.5,,2083.5,7682.5,2032.0,2436.0,670.5,3835.0,2987.0,,,854.5,1798.5,2693.5,5429.5,,918.5,555.5,,1048.5,1693.0,,1984.5
2023-07-03,26.0,,0.0,36.0,16.0,0.0,38.0,0.0,0.0,0.0,7.5,0.0,27.0,77.5,,,38.5,32.5,,0.0,0.0,0.0,40.0,32.5,0.0,76.5,,,12.5,31.0,0.0,36.0,37.0,0.0,19.0,,31.0,62.5,,39.5
2023-07-04,19.0,,0.0,0.0,0.0,,0.0,0.0,0.0,0.0,0.0,0.0,0.0,0.0,,,0.0,0.0,,0.0,0.0,10.5,0.0,0.5,0.0,0.5,,,12.5,0.0,0.0,0.0,0.0,0.0,0.0,,,0.5,,0.0
2023-07-05,0.0,,0.0,237.5,163.5,213.0,17.5,34.0,0.0,1755.5,52.0,618.0,0.0,55.0,,,0.0,0.0,,0.0,0.0,36.0,18.5,0.0,0.0,0.0,,,647.0,0.0,1002.5,0.0,21.0,694.5,0.0,0.0,0.0,0.0,,24.5
2023-07-06,882.0,,1622.5,1040.5,1956.5,1005.5,1170.5,1462.0,1071.5,2241.0,1016.5,799.5,926.5,930.0,,,1767.0,1113.0,,1316.5,1488.0,779.0,1475.5,1288.5,865.5,1284.0,,,1082.5,1247.5,1192.0,1633.0,1128.0,1014.0,851.5,,1396.0,1626.5,,1362.0
2023-07-07,61.5,,310.5,0.0,36.0,,,26.5,193.5,32.5,80.0,0.0,62.0,20.0,,,240.0,117.5,,105.0,37.0,33.0,355.0,61.0,323.5,257.5,,169.0,79.5,0.0,30.0,256.0,64.0,25.5,29.0,,,163.0,,318.5
2023-07-08,,,,,,,,,,,,,,,,,,,,,,,,,,,,,,,,,,,,,,,,
2023-07-09,0.0,,20.5,0.0,0.0,0.0,,0.0,9.5,0.0,0.0,0.0,0.0,0.0,,,5.0,1.0,,0.0,0.0,0.0,5.5,0.0,10.5,0.0,,0.0,0.0,0.0,0.0,,0.0,0.0,0.0,,5.0,0.5,0.0,0.5
2023-07-10,483.5,,375.5,139.0,192.0,,188.5,159.0,1157.0,360.0,52.0,666.5,1346.0,672.5,,,109.0,149.0,,571.5,386.5,195.5,,606.0,1255.0,581.5,,,721.0,2085.0,6.5,,1191.0,426.5,76.0,,,156.5,224.5,197.0
2023-07-11,,,,,,,,,,,,,,,,,,,,,,,,,,,,,,,,,,,,,,,,
2023-07-12,354.0,,842.5,263.5,581.0,,1356.0,803.5,,,94.5,68.5,376.5,18.0,,,649.5,,,393.5,796.0,250.0,,437.5,647.5,92.0,,,,579.0,102.5,,1102.5,72.0,222.5,,,696.0,,295.5
2023-07-13,0.0,,333.5,11.5,299.0,,34.5,18.5,,11.5,382.0,0.0,11.0,81.0,,,598.0,,,23.0,11.5,,,370.5,,60.5,,,,19.0,100.0,,34.5,0.0,494.5,,,,,0.0
2023-07-14,0.0,,1159.5,0.0,97.5,,0.0,0.0,,34.0,31.0,0.0,182.5,3.5,,,0.0,,,0.0,46.5,,,38.5,72.0,2.5,,,,168.5,0.0,92.0,25.0,,0.0,,,30.0,175.5,160.5
2023-07-15,28.0,,0.0,0.0,0.0,,0.0,0.0,0.0,0.0,0.0,0.0,0.0,0.0,,,0.0,,,0.0,0.0,0.0,0.0,0.0,0.0,0.0,,,0.0,0.0,0.0,0.0,,0.0,0.0,,,0.0,,0.0
2023-07-16,0.0,,0.0,0.0,0.0,0.0,35.5,0.0,40.5,0.0,0.0,0.0,0.0,0.0,,,0.0,0.0,,0.0,0.0,0.0,0.0,0.0,21.0,0.0,,,0.0,0.0,0.0,0.0,0.0,0.0,0.0,,0.0,0.0,0.0,0.0
2023-07-17,0.0,,0.0,8.0,0.0,,61.5,21.5,20.5,0.0,0.0,525.5,127.5,87.5,,,0.0,0.0,,0.0,158.0,0.0,,0.0,19.5,0.0,,,0.0,,52.0,0.0,64.0,504.0,0.0,,,0.0,0.0,0.0
2023-07-18,0.0,,0.0,0.0,0.0,,0.0,0.0,,0.0,,0.0,7.5,22.0,,,0.0,,,8.0,0.0,,,0.0,0.0,40.0,,,,,0.0,0.0,,17.0,0.0,,,0.0,,0.0
2023-07-19,14.5,,114.5,63.0,6.0,,9.5,21.5,,55.0,,0.0,121.0,228.0,,,76.5,,,0.0,735.5,,,4.5,60.0,110.5,,,89.0,236.5,2.0,274.5,,2.0,38.0,,,2.0,,4.0
2023-07-20,,,,,,,,,,,,,,,,,,,,,,,,,,,,,,,,,,,,,,,,
2023-07-21,75.5,,92.0,93.0,306.0,187.0,370.0,191.0,340.5,156.0,43.0,,118.5,48.0,,,142.5,119.5,,95.5,32.0,27.5,0.0,70.0,179.5,145.5,,,104.5,48.0,262.0,211.5,63.0,90.0,120.5,,299.5,118.5,72.0,234.5
2023-07-22,,,24.5,0.0,0.0,,0.0,10.5,,0.0,90.0,,,0.0,,,0.0,,,0.0,0.0,0.0,,59.5,,,,,,0.0,0.0,1.5,,34.5,131.0,,,1.0,,11.0
2023-07-23,223.0,,320.0,400.0,696.5,0.0,0.0,22.5,131.0,114.0,199.5,,1022.0,10.0,,,182.5,106.5,,188.5,112.5,54.0,0.0,254.5,625.5,63.0,,,,602.0,0.0,1174.5,,67.0,512.0,,172.5,30.0,65.0,329.5
2023-07-24,,,,0.0,13.5,,0.0,0.0,,0.0,,,33.5,6.0,,,0.0,,,0.0,0.0,,,20.0,,,,,,,14.0,44.5,,,0.0,,,,,2.0
2023-07-25,,,,,,,,,,,,,,,,,,,,,,,,,,,,,,,,,,,,,,,,
2023-07-26,0.0,,76.5,0.0,0.0,0.0,0.0,0.0,0.0,0.0,0.0,,0.0,0.0,,,299.0,13.5,,48.0,0.0,0.0,342.5,0.0,0.5,117.5,,,0.0,0.0,0.0,0.0,0.0,0.0,0.0,,,0.0,0.0,150.0
2023-07-27,0.0,,0.0,0.0,0.0,0.0,0.0,0.0,0.0,0.0,0.0,,0.0,0.0,,,0.0,0.0,,0.0,0.0,0.0,0.0,0.0,0.0,4.0,,,51.0,0.0,0.0,0.0,0.0,0.0,0.0,,,0.0,0.0,0.0
2023-07-28,0.0,,15.0,0.0,0.0,,0.0,0.0,0.0,0.0,0.0,,0.0,0.0,,,0.0,,,0.0,0.0,0.0,0.0,0.0,0.0,0.0,,,1.0,0.0,0.0,0.0,,0.0,0.0,,,0.0,,0.0
2023-07-29,,,0.0,0.0,0.0,,0.0,0.0,,0.0,0.0,,0.0,0.0,,,0.0,,,0.0,0.0,0.0,0.0,0.0,,0.0,,,0.0,0.0,0.0,0.0,,0.0,0.0,,,0.0,,0.0
2023-07-30,0.0,,0.0,0.0,0.0,0.0,0.0,0.0,0.0,0.0,0.0,,0.0,0.0,,,0.0,0.0,,0.0,0.0,0.0,0.0,0.0,0.0,0.0,,,0.0,0.0,0.0,0.0,0.0,0.0,0.0,,,0.0,0.0,0.0
2023-07-31,0.0,,44.0,0.0,0.0,0.0,0.0,0.0,0.0,0.0,0.0,,0.0,0.0,,,0.0,0.0,,0.0,0.0,0.0,0.0,0.0,0.0,0.0,,,0.0,0.0,0.0,0.0,0.0,0.0,0.0,,,0.0,0.0,0.0
2023-08-01,,,,,,,,,,,,,,,,,,,,,,,,,,,,,,,,0.0,,,,,,,,
2023-08-02,102.0,,692.5,388.5,1220.5,,1123.5,924.5,767.0,422.0,767.5,,1074.0,1333.5,,,2008.0,,,1969.0,1433.0,219.5,1420.5,1136.5,222.5,,,,1680.0,727.5,2189.5,1071.0,,564.0,868.0,1834.5,,1714.5,,909.5
2023-08-03,281.5,,104.5,282.0,16.0,,37.0,14.5,,0.0,38.5,,,,,,421.0,,,277.5,42.5,392.5,411.0,174.0,,593.0,,,,4.0,22.5,76.0,52.0,65.0,64.5,,,564.5,,701.0
2023-08-04,,,,,,,,,,,,,,,,,,,,,,,,,,,,,,,,1.5,,,,,,,,
2023-08-05,,,0.0,0.0,131.5,,0.0,0.0,,0.0,0.0,,5.0,0.0,,,0.0,,,0.0,0.0,,0.0,0.0,,0.0,,,,0.0,0.0,0.0,5.5,0.0,1.5,,,0.0,,0.0
2023-08-06,,,,,,,,,,,,,,,,,,,,,,,,,,,,,,,,,,,,,,,,
2023-08-07,370.5,,490.5,12.0,87.0,,104.0,344.0,,738.0,89.0,,6.0,0.0,,,766.0,,,301.0,31.0,,1012.5,50.5,,368.5,,,,0.0,98.5,123.5,,252.5,321.5,,,241.0,,0.0
2023-08-08,,,,,,,,,,,,,,,,,,,,,,,,,,,,,,,,,,,,,,,,
2023-08-09,,,,,,,,,,,,,,,,,,,,,,,,,,,,,,,,,,,,,,,,
2023-08-10,,,,,,,,,,,,,,,,,,,,,,,,,,,,,,,,,,,,,,,,
2023-08-11,,,,,,,,,,,,,,,,,,,,,,,,,,,,,,,,,,,,,,,,
2023-08-12,121.0,,50.0,0.5,0.0,,42.5,53.5,,3.0,94.0,552.0,,,,,61.0,5.0,,4.0,70.5,,38.0,67.5,,,,,,,15.0,8.0,,618.0,3.0,18.0,,4.5,,218.0
2023-08-13,34.0,,0.0,256.0,23.0,,0.0,21.0,,0.0,34.0,0.0,0.0,0.0,,,0.0,0.0,,43.0,0.0,0.0,0.0,8.5,0.0,0.0,,,,,0.0,0.0,9.0,0.0,35.0,42.0,,129.0,,0.0
2023-08-14,1322.0,,16.0,0.0,0.0,0.0,0.0,0.0,,0.0,,0.0,0.0,0.0,,,11.5,454.5,,516.5,0.0,434.5,0.0,1505.5,0.0,274.0,,,328.0,0.0,0.0,0.0,0.0,0.0,113.5,0.0,0.0,291.0,0.0,633.5
2023-08-15,281.5,,,,,,,,,,,,,,,,,,,,,,,,,,,,,,,,,,,,,,,
2023-08-16,0.0,,90.0,0.0,0.0,,277.5,98.5,,0.0,46.5,257.0,604.0,449.5,,,48.0,8.5,,2.5,1190.0,0.0,0.0,0.0,490.5,29.5,,,,397.0,0.0,428.0,1322.5,235.5,0.0,756.5,1175.5,0.0,,0.0
2023-08-17,760.5,,,,,,,,,,,,,,,,,,,,,,,,,,,,,,,,,,,,,,,
2023-08-18,1074.0,,638.0,661.0,487.5,,1095.0,1268.0,223.0,99.5,,918.0,,,,,801.5,747.5,,890.5,594.5,,904.5,526.0,376.5,598.0,,,,37.5,712.0,744.0,,959.5,102.5,840.0,405.5,784.0,,405.5
2023-08-19,-129828.5,-9999.0,27.5,0.0,0.0,-169983.0,0.0,21.0,-19998.0,-19998.0,-129980.5,0.0,-39988.0,0.0,-319968.0,-479952.0,-9974.0,0.0,-319933.5,0.0,-9786.5,-29758.0,0.0,38.5,0.0,0.0,-609862.0,0.0,-509560.0,-9999.0,-9971.0,185.0,-199958.0,0.0,0.0,-9999.0,-9978.5,0.0,-19998.0,-9972.5
2023-08-20,1.5,921.5,633.5,0.0,0.0,-169686.5,298.0,0.0,691.5,-149985.0,-149985.0,0.0,-79533.5,0.0,-319968.0,-479952.0,247.5,486.5,-319940.5,420.0,0.0,3.5,23.0,38.5,552.0,603.0,-509939.0,956.0,-519920.5,295.0,166.0,1047.0,-209924.0,30.5,57.0,13.0,850.0,143.5,-59994.0,0.0
2023-08-21,-19789.5,-19738.5,507.5,-8348.0,-16460.0,-149400.0,-19294.5,-29626.0,-19123.0,-67999.5,-179755.0,103.5,-319924.0,-28542.0,-329556.0,-489385.5,-18208.5,-19755.0,-318337.5,-18737.0,-18987.5,-19737.5,-19620.0,135.0,-17492.5,846.5,-289396.5,-18592.0,-499627.5,-19406.5,-18624.0,-19357.0,-219316.5,-19900.0,241.5,-18535.5,-19788.0,-19293.0,-48738.5,-19449.0
2023-08-22,669.5,402.5,423.5,362.0,669.5,-169323.0,680.0,1296.5,161.5,-49418.0,-148968.0,759.0,-169660.0,-19416.0,-319766.5,-479780.5,435.5,409.5,-329679.5,405.5,-9616.5,-59333.5,-9548.5,533.0,163.5,534.5,-179663.0,434.0,-429520.0,159.5,813.0,390.5,-219706.5,-9205.5,876.5,410.0,167.0,-9572.5,-19387.5,360.0
2023-08-23,433.5,1327.5,1308.5,829.5,867.5,-189370.5,787.0,638.5,2613.0,-39399.0,-179610.0,596.0,782.5,-39278.0,-318113.5,-469467.5,983.0,1024.0,-319323.0,967.5,840.0,291.5,1015.0,365.0,1032.5,978.0,900.5,835.5,-329660.0,3524.0,832.0,953.0,-159119.5,658.5,385.5,827.5,4209.5,1017.0,-29317.5,1070.5
2023-08-24,-39963.0,0.0,,-309937.0,16.0,-449955.0,0.0,0.0,-9999.0,-59882.0,-459954.0,,-9999.0,-219890.0,-519927.0,-629920.0,0.0,0.0,-529929.5,0.0,0.0,-319968.0,-9999.0,,-279972.0,,-9974.5,-9999.0,-329959.5,-319968.0,-9999.0,-9999.0,-429939.0,-9900.5,,-9999.0,-9999.0,-19998.0,-339949.5,0.0
2023-08-25,637.0,232.5,279.5,152.5,274.0,501.0,792.5,262.0,273.5,679.5,358.0,165.5,89.0,195.5,,,278.5,177.5,,203.0,238.0,502.0,255.5,2431.0,,202.5,212.5,172.5,777.0,952.5,1455.0,197.0,118.5,215.5,2053.5,221.0,359.5,200.5,931.0,280.5
2023-08-26,41.0,25.0,0.0,0.0,0.0,0.0,0.0,0.0,0.0,0.0,,0.0,0.0,0.0,,,20.5,60.5,0.0,31.5,26.0,0.0,0.0,53.0,,0.0,0.0,0.0,40.5,,0.0,0.0,3.0,0.0,0.0,0.0,0.0,392.0,22.5,158.5
2023-08-27,295.0,359.0,497.0,798.0,426.0,0.0,0.0,0.0,0.0,0.0,59.5,0.0,410.5,77.0,,,1177.0,815.0,13.5,807.0,0.0,668.0,1264.0,0.0,0.0,254.0,39.0,65.0,0.5,,126.0,426.5,509.5,5.0,0.0,25.5,287.5,1240.5,155.0,1016.0
2023-08-28,0.0,56.5,48.0,229.0,0.0,,24.5,0.0,0.0,0.0,,0.0,20.5,387.5,,,0.0,0.0,35.0,35.5,147.5,,0.0,0.0,0.0,0.0,62.0,35.0,,,20.5,0.0,,0.0,0.0,24.0,0.0,0.0,,967.0
2023-08-29,,0.0,0.0,13.0,0.0,0.0,30.0,0.0,0.0,0.0,0.0,0.0,104.0,0.0,,,0.0,0.0,0.0,0.0,22.5,0.0,0.0,5.5,1.5,0.0,15.0,0.0,,,0.0,0.0,12.0,0.0,0.0,37.5,0.0,0.0,0.0,0.0
2023-08-30,,,,,,,,,,,,,,,,,,,,,,,,,,,,,,,,,,,,,,,,
2023-08-31,,,,,,,,,,,,,,,,,,,,,,,,,,,,,,,,,,,,,,,,
2023-09-01,,,,,,,,,,,,,,,,,,,,,,,,,,,,,,,,,,,,,,,,
2023-09-02,70.0,1030.5,560.5,70.0,417.0,0.0,0.0,0.0,601.5,0.0,196.5,0.0,762.0,183.0,,,1216.0,924.5,552.0,665.5,2115.0,0.0,1470.0,559.0,,1014.5,1673.0,528.0,,,216.0,700.5,1254.0,0.0,172.5,540.5,285.0,426.0,1096.0,249.0
2023-09-03,0.0,0.0,0.0,0.0,28.5,0.0,0.0,0.0,0.0,85.5,0.0,0.0,103.5,0.0,,,0.0,0.0,0.0,0.0,0.0,,0.0,55.5,,0.0,0.0,30.0,,,26.5,0.0,397.0,0.0,0.0,0.0,0.0,0.0,0.0,0.0
2023-09-04,0.0,0.0,0.0,0.0,0.0,0.0,0.0,0.0,0.0,0.0,0.0,0.0,23.0,0.0,,,0.0,0.0,0.0,0.0,0.0,,0.0,46.0,,0.0,0.0,0.0,0.5,,0.0,0.0,0.0,0.0,0.0,31.5,0.0,0.0,0.0,0.0
2023-09-05,0.0,0.0,29.0,370.5,19.0,0.0,15.0,83.5,0.0,7.5,0.0,0.0,0.0,20.0,,,0.0,0.0,20.0,329.5,0.0,,0.0,111.5,,0.0,0.0,0.0,,,0.0,0.0,0.0,3.5,22.5,0.0,0.0,0.0,0.0,0.0
2023-09-06,,,,,,,,,,,,,,,,,,,,,,,,,,,,,,,,,,,,,,,,
2023-09-07,,,,,,,,,,,,,,,,,,,,,,,,,,,,,,,,,,,,,,,,
2023-09-08,,,,,,,,,,,,,,,,,,,,,,,,,,,,,,,,,,,,,,,,
2023-09-09,0.0,902.0,529.5,1182.0,474.0,0.0,0.0,0.0,3884.5,243.0,540.5,140.0,1608.5,46.5,,,254.5,403.0,1453.5,638.5,3703.0,,131.5,632.5,3754.5,2225.0,5470.5,3097.5,,,159.5,2661.0,2777.0,53.0,781.5,1786.0,2688.5,387.5,151.5,33.0
2023-09-10,126.0,203.5,237.0,99.5,129.0,,265.5,357.5,664.5,153.5,,350.0,953.0,172.0,,,204.0,132.0,204.0,170.0,311.5,,203.5,97.0,1072.0,196.0,281.5,235.0,,,99.5,258.5,247.5,400.5,111.0,203.0,941.5,154.0,,168.0
2023-09-11,680.0,609.5,667.0,537.5,558.5,,418.5,237.0,482.0,453.0,,713.0,317.5,607.0,,,722.0,602.5,563.5,645.5,450.5,,708.5,411.0,444.5,599.5,472.5,600.5,,,527.0,608.5,331.5,920.0,529.0,517.0,928.5,773.0,,733.5
2023-09-12,,0.0,0.0,16.5,0.0,,0.0,0.0,200.0,,,14.0,829.5,162.0,,,0.0,0.0,89.5,0.0,208.0,,0.0,,495.0,0.0,196.5,14.5,,,0.0,0.0,,12.5,12.0,569.0,0.0,0.0,,0.0
2023-09-13,24.0,0.0,0.0,0.0,0.0,,85.5,0.0,59.0,0.0,28.0,0.0,68.0,109.0,,,11.5,0.0,,10.5,524.5,,0.0,775.0,76.5,50.5,288.0,130.0,,,0.0,0.0,,38.5,0.0,300.5,0.0,3.5,26.0,197.5
2023-09-14,0.0,0.0,0.0,167.5,164.0,,,,0.0,1673.5,476.0,,691.0,162.0,,,0.0,2.0,,172.5,1412.0,,0.0,29.5,0.0,30.0,1147.5,97.0,,0.0,267.0,0.0,2490.5,,,633.5,0.0,393.5,1718.0,89.5
2023-09-15,274.5,0.0,0.0,0.0,27.0,,10.5,62.5,0.0,113.5,261.0,46.5,50.0,25.0,,,0.0,0.0,24.5,0.0,25.5,,0.0,651.5,0.0,27.0,16.5,0.0,,0.0,24.0,21.0,,74.5,595.5,25.0,0.0,25.5,75.5,0.0
2023-09-16,0.0,0.0,135.5,208.5,605.5,0.0,0.0,126.0,0.0,36.5,19.5,0.0,0.0,0.0,,,0.0,0.0,0.0,0.0,0.0,,18.5,17.5,0.0,142.0,0.0,169.0,,0.0,12.0,623.5,0.5,0.0,64.5,0.0,0.0,0.0,0.0,261.5
2023-09-17,3.5,29.0,3.0,0.5,46.0,,15.5,0.5,2.0,2.0,0.5,0.0,0.0,0.0,,,1.0,0.5,1.5,27.0,0.0,,0.0,1.0,0.5,0.0,0.0,1.0,,0.0,470.0,2.5,92.5,0.5,0.5,0.0,105.0,1.5,24.0,1.5
2023-09-18,786.5,379.0,633.0,,845.0,,434.0,207.0,488.5,716.0,393.5,169.5,173.0,580.0,,,931.0,1186.0,606.0,1998.5,323.0,,615.5,471.0,363.5,1256.0,341.0,635.0,,264.0,403.5,401.0,,243.5,615.0,295.0,228.0,2024.5,557.5,1078.5
2023-09-19,1025.5,79.0,37.0,0.0,0.0,,0.0,75.0,0.0,41.0,77.0,606.0,27.0,0.0,,,32.5,81.0,37.5,38.5,38.0,,0.0,55.0,61.5,40.0,38.5,33.0,,66.5,0.0,33.0,,713.5,94.0,14.5,0.0,39.0,0.0,77.5
2023-09-20,128.5,186.0,413.0,409.5,23.5,,0.0,82.0,132.5,77.5,21.0,56.0,471.5,8.5,,,371.0,196.0,800.5,200.0,373.5,,725.0,483.0,52.5,609.5,306.5,0.0,,1109.5,18.0,186.5,886.0,49.5,1386.5,766.5,980.0,554.0,25.0,0.0
2023-09-21,80.5,2641.5,419.5,437.0,956.0,,306.0,110.5,591.5,322.5,140.0,115.0,1545.0,134.0,,,445.5,244.5,630.5,136.0,182.5,,723.5,58.5,458.5,175.5,186.0,554.5,,1203.0,1498.0,252.0,599.0,151.5,31.0,145.5,707.0,281.0,901.0,314.0
2023-09-22,,,,,,,,,,,,,,,,,,,,,,,,,,,,,,,,,,,,,,,,
2023-09-23,30.0,0.0,0.0,415.5,157.0,,1381.0,962.0,117.5,118.5,428.0,123.5,561.0,207.5,,,0.0,0.0,114.5,0.0,76.5,,0.0,378.0,401.5,82.5,83.5,58.5,,39.5,1677.5,0.0,,204.5,472.5,39.0,66.5,0.0,1327.5,32.5
2023-09-24,0.0,31.5,230.0,0.0,0.0,,0.0,0.0,0.0,29.5,0.0,0.0,0.0,0.0,,,40.0,16.5,0.0,13.0,0.0,,65.5,0.0,0.0,7.5,0.0,0.0,,0.0,0.0,0.0,0.0,0.0,0.0,0.0,0.0,15.5,0.0,8.5
2023-09-25,,0.0,16.0,59.0,70.5,,0.0,0.0,0.0,0.0,0.0,0.0,0.0,0.0,,,0.0,28.0,0.0,0.0,0.0,,0.0,228.0,0.0,9.0,0.0,100.0,,0.0,0.0,52.5,0.0,0.0,359.0,0.0,0.0,34.5,0.0,0.0
2023-09-26,126.0,0.0,0.0,0.0,0.0,,0.0,0.0,0.0,0.0,0.0,0.0,0.0,5.0,,,0.0,0.0,80.5,0.0,12.5,,0.0,0.0,46.5,0.0,12.0,0.0,,0.0,0.0,0.0,543.5,0.0,0.0,62.5,0.0,24.0,0.0,0.0
2023-09-27,0.0,19.5,0.0,29.0,0.0,0.0,0.0,0.0,31.5,0.0,0.0,0.0,27.5,0.0,,,377.5,451.0,21.0,167.0,0.0,,0.0,0.0,61.0,103.5,0.0,28.5,,0.0,0.0,28.0,24.0,0.0,0.0,31.5,29.5,669.5,0.0,0.0
2023-09-28,0.0,167.5,209.0,100.5,100.5,502.0,536.5,532.0,239.0,0.0,1199.5,156.0,161.0,68.0,,,124.0,135.0,66.5,101.0,166.5,,134.0,898.5,198.5,101.0,168.5,163.0,,168.0,66.5,166.0,164.5,145.0,1641.0,98.5,3966.5,103.5,193.5,135.0
2023-09-29,,,,,,,,,,,,,,,,,,,,,,,,,,,,,,,,,,,,,,,,
2023-09-30,1312.0,1451.0,684.0,905.5,414.5,709.0,972.0,2233.0,212.5,94.0,819.5,869.5,149.5,1069.0,,,1915.0,713.0,803.5,385.5,1070.0,,2272.5,1843.0,146.5,152.5,1253.5,132.0,,114.5,408.5,180.0,120.0,1136.5,1231.0,747.0,420.0,825.5,471.0,792.0
2023-10-01,544.5,51.0,16.0,127.0,110.5,213.5,210.5,172.5,17.0,135.0,183.0,303.5,31.0,33.0,,,22.5,16.5,81.0,27.5,53.5,,21.5,289.0,132.5,56.0,31.5,15.0,,198.0,745.5,41.5,112.0,313.0,149.0,33.5,44.0,27.5,60.0,35.0
2023-10-02,10.5,43.5,81.5,0.0,0.0,37.0,0.0,0.0,0.0,41.0,43.0,0.0,0.0,0.0,,,43.5,19.5,0.0,38.0,22.0,,210.5,114.5,0.0,0.0,0.0,0.0,,0.0,0.0,63.5,,40.0,42.5,0.0,0.0,22.5,64.0,43.5
2023-10-03,0.0,67.0,0.0,23.5,527.0,102.5,127.5,46.0,6.5,429.5,267.5,0.0,0.0,0.0,,,30.5,15.5,0.0,70.0,0.0,,53.5,407.5,6.5,16.0,0.0,15.0,,0.0,556.5,74.0,0.0,0.0,226.5,0.0,6.5,135.5,195.0,53.0
2023-10-04,0.0,19.5,0.0,0.0,0.0,0.0,0.0,0.0,0.0,33.5,19.5,0.0,0.0,0.0,,,0.0,0.0,0.0,0.0,0.0,,0.0,31.0,0.0,0.0,0.0,7.0,,14.0,11.0,0.0,,0.0,80.0,0.0,0.0,0.0,0.0,0.0
2023-10-05,69.0,555.0,937.0,602.5,649.0,,741.5,586.0,1641.5,424.0,469.5,1567.0,2784.0,568.0,2177.0,,808.5,581.5,812.5,645.5,531.5,,493.0,555.5,2654.0,578.5,600.0,641.0,,684.5,605.0,535.0,471.0,1531.0,580.0,634.0,1662.0,972.5,997.0,1792.5
2023-10-06,669.0,996.0,52.5,140.5,1202.0,192.0,278.0,156.0,47.5,754.0,258.0,373.0,297.5,362.0,155.5,,89.0,319.0,108.0,392.0,456.5,,8.0,125.5,56.0,918.0,330.0,760.0,,711.5,354.0,314.0,141.5,244.0,91.0,356.5,97.5,15.0,1103.0,0.0
2023-10-07,0.0,50.5,52.0,47.0,1011.0,111.0,97.0,213.0,50.0,404.5,50.5,2217.0,30.5,22.0,320.5,,25.5,73.5,24.5,69.0,0.0,14.5,0.0,77.5,49.5,0.0,0.0,0.0,,36.0,280.5,40.5,18.0,2062.5,209.5,0.0,100.5,324.0,100.0,77.0
2023-10-08,610.0,0.0,0.0,0.0,0.0,104.0,127.5,56.5,0.0,1182.5,183.5,18.5,27.0,0.0,100.0,,24.0,0.0,0.0,0.0,0.0,90.0,0.0,56.0,0.0,0.0,0.0,0.0,,0.0,150.0,0.0,0.0,18.5,211.0,0.0,65.0,0.0,407.5,0.0
2023-10-09,117.5,113.0,468.0,247.5,562.0,0.0,45.0,0.0,668.0,66.5,0.0,91.5,675.0,24.5,0.0,,929.5,1272.0,523.0,829.0,882.5,179.5,0.0,0.0,449.0,246.5,746.0,0.0,,790.0,27.0,169.5,937.0,91.5,0.0,125.5,1467.0,1559.5,45.0,0.0
2023-10-10,79.0,911.5,176.5,75.0,685.0,283.5,521.5,168.0,0.0,600.0,0.0,131.5,61.0,36.0,757.5,,91.5,502.0,56.0,723.0,21.0,6.5,0.0,0.0,0.0,964.0,44.5,115.5,,0.0,417.0,732.0,0.0,190.0,25.0,34.0,0.0,912.5,347.5,63.0
2023-10-11,54.0,0.0,0.0,30.0,12.5,200.5,160.5,1782.5,0.0,853.5,1086.0,614.0,559.5,782.5,0.0,,26.5,0.0,112.0,27.0,889.5,0.0,0.0,365.0,39.0,0.0,482.5,433.0,,910.0,135.0,235.0,972.0,697.5,622.0,498.0,0.0,0.0,289.0,0.0
2023-10-12,110.5,0.0,0.0,216.0,73.5,0.0,29.5,0.0,0.0,72.5,135.5,0.0,27.0,123.5,128.5,,607.0,1601.5,34.0,1205.0,38.5,0.0,248.5,0.0,0.0,667.5,77.5,0.0,,0.0,439.5,125.0,659.0,0.0,0.0,17.0,0.0,537.5,783.5,0.0
2023-10-13,417.0,0.0,0.0,29.5,0.0,116.5,419.0,0.0,0.0,228.5,59.5,0.0,423.5,0.0,0.0,,23.5,0.0,1249.0,0.0,954.0,406.5,182.0,566.5,0.0,0.0,806.5,0.0,,740.5,0.0,0.0,920.0,0.0,94.5,301.0,0.0,0.0,13.0,0.0
2023-10-14,8.5,0.0,330.5,41.0,33.5,49.5,109.0,67.5,65.0,55.5,252.5,105.5,0.0,818.5,87.0,,0.0,0.0,583.5,0.0,344.5,24.0,45.5,131.0,64.0,21.0,625.5,218.0,,0.0,344.0,0.0,28.0,194.5,227.0,642.0,3.0,30.5,49.0,759.0
2023-10-15,119.5,438.0,604.5,0.0,37.0,0.0,41.5,409.5,141.0,69.0,45.0,69.5,515.0,0.0,0.0,,219.0,0.0,0.0,13.0,14.0,88.5,0.0,238.5,82.0,109.0,14.0,268.0,,655.5,0.0,1057.0,858.0,87.5,0.0,13.0,638.0,0.0,46.5,0.0
2023-10-16,224.5,196.0,311.0,10.5,149.5,1911.0,1841.0,47.0,137.0,153.5,170.5,514.5,302.5,10.5,278.0,,428.5,719.0,716.5,655.5,233.5,451.5,242.0,129.5,385.5,477.5,301.0,855.5,,395.5,243.5,1279.5,525.5,518.5,87.5,239.5,51.0,927.0,123.0,249.0
2023-10-17,210.5,42.0,0.0,0.0,0.0,0.0,12.5,92.0,7.0,29.0,337.0,18.0,0.0,0.0,6.5,,0.0,0.0,36.0,0.0,22.5,329.5,0.0,1042.0,0.0,0.0,22.0,0.0,,0.0,25.0,0.0,0.0,79.5,1979.5,22.5,2.5,0.0,335.0,0.0
2023-10-18,1122.5,667.0,735.5,668.5,974.5,451.0,383.5,288.0,743.5,493.0,192.5,353.5,1924.5,836.0,629.5,,728.5,489.5,671.5,475.5,713.0,1209.5,0.0,541.5,519.5,678.0,744.0,351.5,,1446.0,581.0,424.0,873.5,398.0,783.0,662.0,743.0,622.5,481.0,1182.5
2023-10-19,372.5,584.0,1223.0,1329.0,873.5,192.5,213.5,215.0,324.5,808.0,98.0,185.0,436.5,362.5,1315.0,,669.0,535.5,674.5,653.0,593.0,350.0,0.0,93.0,519.0,911.5,614.0,859.5,,300.0,581.5,532.5,336.5,236.0,114.0,479.5,257.0,583.0,266.0,1014.0
2023-10-20,0.0,0.0,0.0,0.0,0.0,0.0,24.5,0.0,0.0,0.0,101.0,0.0,0.0,0.0,0.0,,0.0,0.0,0.0,0.0,0.0,0.0,0.0,344.5,0.0,0.0,0.0,0.0,,0.0,0.0,0.0,0.0,0.0,457.0,0.0,0.0,0.0,0.0,0.0
2023-10-21,57.0,0.0,0.0,76.0,16.5,427.0,692.0,1141.0,0.0,14.5,0.0,834.5,0.0,0.0,0.0,,19.5,0.0,0.0,98.0,0.0,0.0,0.0,0.0,0.0,0.0,0.0,0.0,,0.0,0.0,38.5,0.0,1008.5,26.5,0.0,0.0,25.0,29.0,707.0
2023-10-22,,143.5,120.5,0.0,185.5,0.0,0.0,37.0,436.5,58.0,33.0,0.0,52.0,20.5,666.0,,72.5,68.5,26.5,44.0,27.0,0.0,67.0,22.5,145.5,48.5,24.0,168.5,,73.5,212.5,365.5,41.0,0.0,92.0,0.0,439.5,66.0,20.0,158.0
2023-10-23,26.0,0.0,28.0,0.0,0.0,0.0,0.0,310.5,0.0,0.0,19.0,0.0,0.0,0.0,0.0,,0.0,0.0,72.0,0.0,0.0,0.0,0.0,0.0,0.0,0.0,0.0,0.0,,0.0,0.0,0.0,0.0,29.5,86.5,29.5,0.0,0.0,0.0,0.0
2023-10-24,14.5,0.0,52.5,7.5,11.0,4.5,8.5,1083.0,0.0,142.0,794.0,215.0,0.0,57.0,0.0,,143.0,0.0,3.0,3.5,329.5,126.0,197.5,65.0,0.0,0.0,0.0,0.0,,0.0,150.5,0.0,294.0,252.5,86.5,281.5,0.0,3.5,19.0,4.0
2023-10-25,79.5,31.5,15.0,1239.0,90.0,38.5,62.5,548.5,0.0,46.5,28.5,928.5,770.5,1516.0,0.0,,469.0,210.0,2059.0,266.5,638.5,148.5,696.5,1141.5,77.5,405.0,687.5,141.5,,29.5,71.5,73.5,933.5,534.5,898.0,2229.0,0.0,228.5,27.0,78.0
2023-10-26,,,,,,,,,,,,,,,,,,,,,,,,,,,,,,,,,,,,,,,,
2023-10-27,152.0,20.0,13.0,0.0,0.0,,0.0,0.0,61.0,0.5,0.0,0.0,0.0,0.0,,,0.0,0.0,0.0,0.0,0.0,204.0,0.0,703.5,30.0,0.0,0.0,0.0,,0.0,0.0,0.0,,0.0,94.5,0.0,32.5,0.0,0.0,0.5
2023-10-28,311.5,654.0,680.0,259.5,351.0,511.0,673.0,865.5,448.0,664.5,1737.5,583.0,128.0,303.0,450.5,,343.0,223.0,305.5,221.5,344.5,696.5,316.5,1217.5,306.5,179.5,302.0,225.0,,155.5,403.0,293.0,147.5,663.0,1314.5,343.0,1654.0,220.0,598.5,351.0
2023-10-29,623.5,0.0,18.0,1489.0,1632.0,263.0,292.5,520.5,0.0,475.5,70.5,1641.5,181.0,504.0,0.0,,523.0,297.5,278.5,263.5,109.0,1407.0,1164.0,65.0,127.5,461.0,28.5,301.5,,80.0,740.0,53.0,287.5,1861.0,45.0,100.0,160.5,68.0,25.0,1589.5
2023-10-30,0.0,211.0,0.0,0.0,0.0,0.0,0.0,43.0,86.0,21.5,68.0,0.0,26.0,0.0,45.5,,28.5,0.0,90.0,0.0,0.0,430.0,39.0,16.5,33.0,119.0,0.0,0.0,,44.0,0.0,109.0,0.0,0.0,83.5,0.0,169.0,0.0,0.0,28.5
2023-10-31,0.0,0.0,0.0,0.0,0.0,418.0,337.0,66.0,159.5,0.0,810.5,38.0,0.0,0.0,,,0.0,12.5,127.0,82.5,55.0,44.0,0.0,498.5,0.0,0.0,121.5,0.0,,0.0,0.0,0.0,0.0,74.5,390.0,20.5,213.5,0.0,0.0,0.0
2023-11-01,184.5,46.0,173.5,30.5,53.0,1421.0,1393.0,836.0,120.5,232.0,1501.5,1353.5,691.5,215.5,,,135.5,40.0,105.0,60.0,90.5,110.0,142.5,690.0,609.5,55.5,124.0,282.0,,859.5,497.5,241.0,413.5,1179.0,974.5,114.5,128.0,19.0,831.0,55.0
2023-11-02,,0.0,0.0,0.0,46.0,62.5,12.0,242.5,0.0,33.5,0.5,622.5,22.5,0.0,,,0.0,43.0,0.0,0.0,0.0,42.0,0.0,199.0,0.0,33.0,25.5,0.0,,0.0,13.0,0.0,0.0,462.0,0.0,20.0,0.0,0.0,13.0,0.0
2023-11-03,16.0,205.5,256.0,153.0,327.5,152.0,177.5,439.5,386.5,413.5,257.0,64.5,3027.0,348.5,,,320.0,1045.0,133.0,292.5,86.5,342.5,179.0,580.0,2472.5,691.5,131.0,244.5,,872.5,190.0,177.0,1192.5,79.0,185.5,84.5,626.0,610.5,708.5,806.5
2023-11-04,,0.0,22.5,13.5,27.0,19.0,33.5,0.0,0.0,0.0,34.0,0.0,0.0,0.0,,,38.0,0.0,0.0,0.0,0.0,0.0,0.0,0.0,0.0,0.0,0.0,0.0,,0.0,0.0,0.0,20.5,0.0,0.0,0.0,0.0,0.0,0.0,0.0
2023-11-05,959.5,304.0,23.0,0.0,18.0,41.5,49.5,155.5,0.0,334.0,128.0,185.0,46.5,0.0,,,4.5,84.0,0.0,81.5,0.0,1228.0,4.5,273.0,469.5,0.0,24.0,50.0,,512.5,24.0,433.5,80.5,203.5,660.5,0.0,179.5,477.0,277.5,5.0
2023-11-06,784.5,1196.0,798.0,2097.5,478.5,467.0,797.5,345.5,1941.5,3773.5,923.5,373.5,2581.5,1227.5,,,4008.5,3674.5,887.5,2846.0,3240.5,945.0,2831.5,363.0,1182.5,3267.5,3220.0,4375.5,,908.5,2220.5,2861.0,3747.0,394.5,425.5,2043.5,1147.0,2249.5,1846.0,1263.0
2023-11-07,59.0,0.0,0.0,29.5,0.0,0.0,31.0,0.0,0.0,0.0,0.0,0.0,0.0,0.0,,,0.0,0.0,0.0,0.0,0.0,0.0,0.0,0.0,0.0,0.0,0.0,25.0,,34.0,0.0,0.0,16.5,29.0,0.0,0.0,29.0,0.0,0.0,36.0
2023-11-08,73.5,467.5,112.0,198.5,151.5,308.0,545.0,1407.0,1317.5,66.5,226.0,11.0,1049.0,65.5,,,567.5,214.0,506.0,735.0,1596.0,37.0,864.5,332.5,953.5,1516.0,1629.0,1085.0,,460.5,45.0,1000.5,2009.5,21.5,1185.5,705.0,808.5,533.5,18.5,1222.0
2023-11-09,,599.0,998.5,0.0,0.0,110.5,683.0,22.5,517.0,301.0,0.0,133.5,80.0,0.0,,,71.5,0.0,0.0,12.0,0.0,95.0,471.0,0.0,300.0,0.0,29.0,42.0,,0.0,608.5,274.0,75.5,43.0,0.0,62.0,42.0,0.0,0.0,0.0
2023-11-10,792.0,212.0,174.0,163.0,1286.5,300.0,353.5,292.0,106.5,428.0,289.0,683.5,144.0,67.5,,,137.5,138.5,78.0,139.5,69.5,331.5,173.5,1524.5,93.0,135.5,104.5,105.0,,39.0,1727.0,175.0,278.0,543.5,439.5,69.5,143.0,173.5,93.0,164.5
2023-11-11,,24.5,0.0,0.0,0.0,10.5,0.0,365.5,0.0,0.0,640.0,0.0,0.0,59.5,,,0.0,62.0,70.0,17.5,0.0,1784.5,0.0,496.5,0.0,146.5,0.0,25.0,580.0,0.0,0.0,0.0,34.0,0.0,442.5,17.0,0.0,0.0,12.5,370.0
2023-11-12,,36.0,42.5,0.0,231.0,470.0,678.5,76.5,0.0,40.5,211.0,23.5,99.5,22.0,,,0.0,0.0,0.0,0.0,0.0,297.5,0.0,41.5,9.0,0.0,0.0,17.0,468.0,0.0,571.5,42.5,11.0,23.0,0.0,18.5,0.0,34.0,597.0,44.5
2023-11-13,,2733.5,2011.5,875.5,922.0,352.0,269.5,24.0,119.0,19.0,136.5,687.5,181.0,1723.0,,,782.5,674.0,2254.5,444.5,2096.5,144.5,460.0,0.0,730.5,665.5,1520.0,300.0,24.5,0.0,1407.0,477.5,1185.5,740.5,0.0,2376.0,43.0,273.0,301.0,1057.0
2023-11-14,0.0,0.0,256.5,29.5,26.0,397.5,336.5,101.0,0.0,0.0,174.5,30.0,1128.5,24.0,,,0.0,0.0,0.0,14.5,29.0,0.0,13.5,1010.5,94.0,0.0,42.5,12.5,0.0,0.0,0.0,0.0,30.5,15.5,1809.0,38.5,0.0,59.0,27.0,43.5
2023-11-15,0.0,83.0,261.5,1105.0,884.5,660.0,410.5,66.0,405.5,20.0,484.0,62.0,4475.5,1079.0,,,2091.5,1921.0,890.5,1319.0,1928.5,0.0,2147.5,0.0,131.0,374.0,2079.5,68.0,0.0,26.0,274.0,41.5,2098.5,65.5,414.5,1616.0,216.0,2783.5,17.5,1472.5
2023-11-16,423.5,85.5,33.0,33.5,0.0,26.0,0.0,43.5,61.5,135.0,450.5,0.0,0.0,26.5,,,32.5,0.0,32.0,29.0,0.0,186.5,39.0,1841.0,86.5,32.5,0.0,170.5,370.0,24.0,87.5,180.5,0.0,34.5,686.0,24.5,197.0,85.5,189.5,1353.5
2023-11-17,0.0,28.5,0.0,0.0,0.0,390.0,303.0,19.5,47.5,,552.5,0.0,0.0,241.0,,,0.0,0.0,0.0,0.0,23.5,0.0,171.0,24.0,321.5,0.0,43.0,79.0,601.5,0.0,458.0,121.5,0.0,22.0,72.5,70.5,874.5,9.0,345.5,94.0
2023-11-18,83.0,430.5,514.0,1061.5,251.0,101.5,81.0,33.0,2039.0,96.0,402.5,65.5,403.0,826.5,,,1295.0,1791.5,1175.5,1449.0,560.5,0.0,1808.0,1219.0,1101.5,1603.5,491.5,859.5,124.5,305.5,968.5,1368.5,417.5,28.5,681.0,344.5,1148.5,1975.0,1463.0,1301.5
2023-11-19,,675.5,726.0,159.0,617.0,669.0,1308.5,308.0,996.0,502.0,468.0,64.0,2168.5,87.0,,,787.0,534.0,221.0,541.5,170.5,16.5,652.5,379.5,949.5,499.0,90.0,187.0,387.5,1323.5,285.5,612.0,2890.0,72.5,145.5,99.5,1248.0,938.0,534.5,301.0
2023-11-20,27.5,20.5,109.5,498.0,198.0,89.0,99.5,211.5,116.0,333.5,174.0,129.5,468.5,169.0,,,45.5,42.0,220.0,91.5,377.0,49.5,35.5,390.5,178.5,147.0,555.0,190.5,535.5,353.0,233.5,149.5,308.0,116.5,198.5,183.5,59.0,91.5,168.5,888.0
2023-11-21,,,,,,,,,,,,,,,,,,,,,,,,,,,,,,,,,,,,,,,,
2023-11-22,479.0,1628.0,1311.0,709.5,544.5,270.5,346.5,353.0,4767.5,552.0,526.0,133.5,386.5,509.0,,,942.0,888.5,612.5,1306.0,494.5,536.0,1012.5,1101.0,3032.0,1107.0,533.5,837.5,305.0,720.5,510.0,932.5,478.0,153.0,1442.5,459.5,2573.5,1131.5,508.5,883.0
2023-11-23,,0.0,17.0,79.0,82.0,20.0,17.0,17.5,55.5,67.0,0.0,129.0,30.5,41.0,,,0.0,16.0,74.5,64.5,16.0,98.5,0.0,466.0,109.5,0.0,16.0,27.0,0.0,46.5,172.0,0.0,45.0,146.5,290.0,31.0,115.5,131.0,0.0,79.5
2023-11-24,,0.0,0.0,28.5,267.0,97.5,138.5,0.0,0.0,0.0,0.0,48.0,0.0,142.5,,,0.0,0.0,171.5,26.0,201.0,32.0,0.0,125.5,0.0,0.0,226.0,0.0,0.0,0.0,0.0,24.0,0.0,48.0,14.5,42.0,0.0,0.0,0.0,104.0
2023-11-25,,36.5,0.0,0.0,463.0,4.0,0.0,16.5,39.0,155.5,739.5,0.0,0.0,0.0,,,0.0,0.0,0.0,9.0,26.0,365.0,0.0,581.5,0.0,0.0,0.0,0.0,375.0,0.0,94.0,0.0,0.0,10.5,366.0,15.5,76.5,0.0,200.0,0.0
2023-11-26,,168.0,235.0,530.5,199.0,521.0,531.5,114.5,203.5,148.5,682.5,378.0,815.0,945.0,,,719.0,249.0,1468.0,435.0,668.5,18.5,298.5,49.5,127.0,343.5,686.0,569.0,15.0,181.0,340.5,194.5,602.5,370.0,121.0,1564.5,579.0,391.5,230.5,149.0
2023-11-27,88.0,21.5,184.0,44.5,52.0,49.5,81.5,54.0,9.0,36.0,22.0,31.5,5.5,150.5,,,1465.0,1067.5,31.0,167.0,22.5,92.0,1230.5,22.5,0.0,1076.5,32.0,124.5,70.0,28.0,50.5,83.5,519.5,32.5,25.0,28.5,115.0,60.5,34.0,112.0
2023-11-28,119.0,40.5,84.0,218.0,259.5,148.0,212.5,171.0,143.0,252.5,129.5,80.0,571.5,232.0,,,173.5,219.0,203.5,264.5,92.5,88.0,141.5,87.0,219.0,193.5,132.0,84.0,129.0,14.0,231.0,52.5,327.0,210.0,118.0,173.5,316.0,342.0,227.5,285.0
2023-11-29,980.0,91.0,90.0,400.0,405.5,995.0,1373.0,103.5,88.5,202.5,565.0,92.0,381.5,225.0,,,46.0,90.0,137.5,126.0,6.5,693.0,45.5,84.0,44.5,45.0,54.0,25.5,210.0,0.0,1790.0,91.0,236.0,151.0,255.5,34.5,133.5,121.5,577.5,89.5
2023-11-30,39.0,93.5,30.0,0.0,0.0,70.0,10.5,29.5,1675.5,166.5,28.5,0.0,114.5,0.0,,,29.5,0.0,23.0,50.0,77.0,43.0,29.0,51.5,1173.5,46.0,91.0,761.0,321.5,295.0,39.0,1522.5,230.0,24.5,28.0,3.5,1132.0,0.0,90.0,0.0
2023-12-01,375.5,808.0,617.5,87.0,226.0,130.0,169.5,148.5,932.5,224.5,130.0,85.0,565.0,168.0,,,264.0,220.5,174.0,179.5,172.0,254.0,267.5,243.5,1075.5,255.0,218.0,501.0,110.5,1716.5,258.0,536.0,544.0,126.5,169.5,175.0,931.5,180.5,255.5,230.5
2023-12-02,168.0,150.5,142.5,141.5,147.5,265.0,315.5,142.0,226.0,192.5,95.0,93.0,89.0,47.5,,,143.5,95.0,94.5,143.0,92.5,236.5,96.0,101.5,203.0,140.0,94.0,95.0,94.0,93.5,245.0,141.5,140.0,99.5,97.0,72.0,266.0,109.5,265.0,141.0
2023-12-03,40.0,47.5,25.5,705.5,83.5,,204.0,418.5,0.0,507.0,1062.0,303.5,142.5,45.0,,,136.5,538.5,186.0,144.0,207.5,628.0,307.5,1069.0,47.0,25.0,213.5,73.0,36.0,46.5,147.5,51.0,92.5,360.0,1260.0,103.5,0.0,24.5,853.5,402.0
2023-12-04,,62.0,16.0,589.0,474.5,,1469.0,1022.5,56.0,262.0,1030.0,2052.5,575.0,1107.0,,,210.5,176.5,1072.5,355.5,911.0,298.0,141.0,340.0,127.5,236.5,1109.0,218.5,144.5,400.5,342.5,177.5,986.0,2164.5,724.5,1354.5,64.0,180.5,437.0,56.5
2023-12-05,19.5,0.0,47.0,28.5,0.0,,40.0,0.0,0.0,0.0,0.0,0.0,35.0,0.0,,,0.0,0.0,0.0,0.0,0.0,27.0,0.0,46.0,,47.0,0.0,0.0,22.5,29.0,24.0,0.0,15.5,25.0,0.0,0.0,45.5,0.0,0.0,0.0
2023-12-06,115.5,49.0,4.5,6.5,92.5,,94.0,169.0,0.0,41.0,879.5,6.5,0.0,109.0,,,0.0,0.0,68.5,0.0,0.0,412.0,0.0,906.5,2.0,0.0,10.5,0.0,132.0,4.5,462.0,1.0,0.0,13.5,951.0,33.0,0.0,0.0,1290.0,0.0
2023-12-07,,1514.0,1341.5,1160.5,984.0,,693.5,699.5,1617.5,733.5,640.5,975.5,848.0,984.0,,,1590.0,1322.0,1343.5,1256.0,1003.0,599.0,1744.5,960.5,1401.0,1406.0,1091.5,1329.0,986.0,1016.0,870.5,1394.0,1051.5,1099.5,603.5,1036.0,3560.5,1331.0,719.0,1406.5
2023-12-08,539.5,183.0,86.0,0.0,46.0,70.5,93.0,138.0,426.0,61.5,312.0,188.0,235.5,94.0,,,97.0,0.0,183.0,53.0,184.0,217.0,44.5,42.0,322.5,119.0,226.5,272.0,138.5,672.5,46.5,199.5,309.5,188.0,230.0,221.0,685.0,57.0,117.0,24.0
2023-12-09,,412.0,1366.5,883.0,463.0,416.0,545.5,325.0,206.0,1088.5,1396.5,305.0,1269.5,431.0,215.5,,278.0,712.0,991.0,893.0,443.5,725.0,283.5,1206.5,659.0,369.5,463.5,285.5,1653.0,414.5,588.5,151.5,1860.5,396.5,1414.0,793.5,329.0,1135.5,892.0,1494.0
2023-12-10,564.5,634.5,224.0,78.5,136.5,126.0,158.0,72.0,88.0,252.0,114.0,60.5,59.0,28.0,106.0,,533.5,540.0,57.5,463.5,130.5,303.0,532.0,166.0,87.5,226.5,127.0,139.0,1021.0,90.0,217.5,217.0,93.5,144.0,96.5,88.0,87.5,771.0,141.5,1882.0
2023-12-11,690.0,122.5,340.5,786.5,1503.0,43.0,82.0,34.5,131.0,11.0,56.0,27.5,980.0,44.0,0.0,,839.5,1446.5,44.5,614.5,2535.5,1261.5,799.5,36.5,0.0,193.5,1165.0,201.0,601.0,503.5,575.5,376.5,409.0,20.0,9.5,157.0,65.5,1034.0,34.5,954.5
2023-12-12,700.0,85.0,89.0,69.0,304.0,459.5,697.5,234.5,33.0,148.0,35.5,711.0,127.0,678.5,0.0,,103.5,150.0,332.5,114.0,105.5,1969.5,250.0,121.5,8.5,92.0,145.0,236.0,252.0,65.0,419.5,664.0,129.0,639.5,470.0,717.5,26.0,282.5,1570.5,822.0
2023-12-13,,1754.0,957.0,469.5,444.5,80.5,127.0,443.5,28.5,0.0,716.5,215.0,218.0,408.5,124.0,,1164.5,320.5,354.0,164.5,85.5,451.0,865.5,529.5,78.5,383.5,76.5,108.5,446.0,102.5,30.0,519.5,505.0,239.5,285.5,152.5,0.0,456.0,41.0,1496.0
2023-12-14,169.5,24.5,0.5,78.0,327.0,570.5,372.0,394.0,11.5,425.5,759.0,793.0,450.5,399.5,81.0,,0.5,258.5,220.0,87.5,31.5,155.5,0.5,378.5,164.5,215.5,6.5,107.5,239.0,51.0,839.5,0.5,22.5,247.0,547.0,83.5,155.5,261.5,1636.5,30.0
2023-12-15,832.0,1594.0,1469.5,962.0,783.0,508.5,497.0,559.5,2027.0,523.5,900.0,1309.0,814.5,756.5,2018.5,848.5,1479.0,1248.5,1461.5,1192.5,1048.5,391.0,1461.0,2519.0,1918.0,1313.5,1130.5,1555.0,382.5,1283.0,639.0,1631.5,1104.0,1363.0,1672.0,1260.0,2030.5,1265.5,508.0,1242.0
2023-12-16,156.0,0.0,24.5,0.0,44.0,163.0,269.0,152.5,0.0,0.0,143.5,128.0,0.0,0.0,0.0,87.5,0.0,0.0,0.0,22.5,0.0,659.0,0.0,377.5,0.0,0.0,0.0,0.0,36.5,108.0,1247.0,0.0,0.0,192.0,110.5,0.0,0.0,332.5,0.0,511.0
2023-12-17,,113.5,205.0,0.5,789.0,196.5,160.5,607.5,329.0,597.5,407.0,47.0,0.0,222.0,0.0,135.0,20.5,110.5,122.0,334.5,537.5,0.0,686.5,0.0,117.0,188.0,440.0,68.5,0.0,78.0,199.5,305.5,0.0,94.0,23.0,145.5,0.0,314.0,46.0,103.5
2023-12-18,,1261.5,262.0,57.5,535.5,563.0,158.5,1179.5,460.0,0.0,0.0,300.5,23.0,9.5,4331.5,,8.0,0.0,85.5,0.0,177.0,37.5,30.0,121.5,0.0,8.0,207.5,0.0,249.0,9.0,2052.0,18.5,592.0,579.0,251.5,257.5,0.0,0.0,208.5,322.0
2023-12-19,602.0,1475.0,961.5,562.0,899.5,739.5,513.5,857.5,306.0,1307.0,1426.0,491.0,217.0,585.5,1639.0,1078.0,852.0,792.5,719.0,821.5,903.5,1048.0,811.5,1440.0,285.5,761.5,1088.0,538.5,275.0,207.0,1078.0,1053.5,195.5,484.0,1837.0,778.5,532.0,1055.5,1312.0,1216.5
2023-12-20,,896.0,663.5,700.0,917.5,456.0,672.5,106.0,204.0,22.0,26.5,489.5,453.5,784.0,374.0,,833.5,1021.0,535.0,313.5,442.5,148.0,637.0,0.5,285.0,343.5,367.5,261.5,458.0,559.5,1223.5,227.0,321.0,431.5,0.0,272.5,242.0,695.0,75.5,338.5
2023-12-21,,969.0,1213.0,1632.0,1518.5,296.5,468.0,291.5,111.0,109.5,205.5,167.0,185.0,91.0,269.5,210.5,1697.0,1325.0,506.5,1392.0,35.0,75.0,2038.5,276.0,49.0,863.0,55.5,1002.5,222.0,331.5,1984.5,1213.0,157.5,211.5,311.0,41.5,356.5,1086.5,318.5,125.0
2023-12-22,,313.0,254.0,155.0,325.5,481.0,551.0,346.5,518.0,229.0,214.5,545.0,349.5,216.5,353.0,,641.5,252.0,154.0,123.5,337.0,117.0,468.0,271.0,421.5,212.0,263.5,301.0,11.0,276.5,203.5,744.0,521.0,549.0,350.0,330.5,281.0,187.5,246.5,176.0
2023-12-23,13.5,24.0,0.0,238.0,218.0,86.0,214.0,109.0,0.0,19.0,115.5,45.5,356.0,358.5,0.0,,0.0,0.0,177.0,0.0,59.5,70.5,0.0,98.0,37.5,0.0,32.0,34.5,12.5,25.0,454.5,0.0,48.0,11.0,14.0,37.5,0.0,0.0,216.0,27.0
2023-12-24,373.0,176.5,151.0,59.5,0.0,3.0,0.0,0.0,103.5,38.5,43.0,0.0,303.0,30.5,234.5,,105.0,59.5,40.5,89.5,96.5,0.0,94.0,36.0,149.5,112.5,58.0,120.5,0.0,240.5,76.5,229.5,218.0,0.5,0.0,70.5,160.0,91.0,38.5,63.0
2023-12-25,170.0,1257.5,1615.5,1182.0,630.5,1234.5,1297.5,2702.0,2319.0,769.5,894.0,1847.0,1854.5,1289.5,1011.5,,1210.5,476.0,2112.0,606.0,1803.0,111.0,1265.5,1488.0,2270.0,479.5,1550.0,2063.0,507.0,705.5,1071.0,1037.5,2420.5,2165.0,1187.0,1191.5,1797.0,672.0,1190.5,1460.5
2023-12-26,433.0,70.0,78.5,49.0,82.0,563.0,369.0,257.0,199.0,134.0,477.0,261.0,187.5,46.5,145.5,,71.0,69.5,75.5,75.5,108.0,565.5,67.5,316.0,95.0,101.5,119.0,101.0,519.0,384.0,47.0,131.5,174.5,339.5,164.0,66.5,3906.5,56.5,298.0,123.0
2023-12-27,192.0,75.0,34.5,7.5,0.0,30.0,62.5,0.0,47.0,0.0,321.0,0.0,38.0,0.0,20.0,15.0,631.0,35.5,93.5,64.5,0.0,13.5,61.0,132.5,46.5,460.0,47.0,679.0,18.0,84.0,48.0,479.5,47.0,76.0,189.0,68.5,95.5,0.0,48.0,22.0
2023-12-28,118.0,23.5,0.0,14.5,91.0,372.0,448.0,227.0,0.0,12.5,1057.5,88.0,0.0,0.0,0.0,0.0,0.0,30.5,0.0,61.5,31.0,936.0,0.0,335.5,7.5,0.0,0.0,0.0,23.0,0.0,24.5,0.0,0.0,76.5,499.0,0.0,445.0,0.0,0.0,0.0
2023-12-29,0.0,162.5,0.0,6.5,81.0,13.5,39.0,295.5,0.0,20.0,314.5,123.5,328.5,0.0,1014.0,0.0,0.0,0.0,0.0,0.0,55.0,154.0,0.0,139.5,0.0,0.0,49.5,0.0,0.0,200.0,103.5,24.0,209.0,73.5,488.0,0.0,1100.0,0.0,0.0,0.0
2023-12-30,0.0,44.0,30.0,0.0,21.5,0.0,0.0,323.0,45.5,0.0,63.0,34.5,69.5,76.0,0.0,0.0,0.0,0.0,0.0,0.0,0.0,0.0,0.0,110.0,44.0,0.0,0.0,23.5,42.0,196.5,0.0,117.0,16.5,33.0,119.0,7.0,284.5,0.0,21.5,0.0
2023-12-31,-9456.5,4701.5,2445.0,1445.0,644.0,660.0,601.0,221.5,1833.5,764.0,1792.0,203.0,431.5,212.0,6808.5,1918.5,1872.5,2406.0,210.0,1830.5,383.0,3569.0,1857.5,5100.0,1129.0,1115.5,310.5,1422.5,1104.5,493.0,350.5,1822.0,405.0,285.5,2771.5,310.5,4571.5,1950.5,284.5,4004.0
2024-01-01,0.0,0.0,0.0,0.0,272.0,217.5,188.5,79.5,0.0,292.0,646.5,0.0,0.0,13.0,42.5,0.0,0.0,0.0,25.0,0.0,0.0,77.5,0.0,11.0,0.0,0.0,0.0,0.0,0.0,0.0,476.5,30.5,39.5,0.0,0.0,31.0,66.0,0.0,286.5,114.5
2024-01-02,583.5,80.5,52.0,194.0,1728.5,1307.5,1206.0,1208.0,715.0,734.5,541.0,917.5,0.0,41.0,216.0,939.0,166.5,48.5,10.0,95.5,0.0,352.5,119.0,599.0,406.0,25.5,0.0,74.0,161.5,29.0,799.5,53.5,0.0,648.0,1481.5,0.0,229.5,370.5,604.5,619.5
2024-01-03,586.0,0.0,0.0,0.0,0.0,278.0,346.5,67.5,0.0,15.5,137.5,14.0,0.0,0.0,0.0,0.0,16.0,31.0,39.0,0.0,0.0,233.5,0.0,830.5,0.0,0.0,0.0,28.5,1220.5,24.5,0.0,27.5,0.0,29.5,211.0,15.0,0.0,0.0,204.5,0.0
2024-01-04,334.0,492.0,679.0,1146.5,1390.5,501.5,345.5,136.0,661.0,428.0,258.5,227.0,369.5,1463.0,410.5,728.0,519.0,568.0,2115.0,576.0,943.5,372.5,584.0,288.0,843.5,775.0,1093.0,1225.0,89.0,1055.0,494.0,1339.0,515.0,335.5,403.5,1268.5,578.5,592.0,382.5,791.0
2024-01-05,3147.0,167.0,163.0,988.5,2675.5,1244.5,1069.5,1638.5,679.5,2878.5,2713.5,1498.0,246.5,769.5,85.5,178.5,190.5,181.0,317.5,189.0,297.5,1932.5,189.5,5358.5,407.0,190.5,290.5,141.0,2378.0,310.5,2480.5,189.0,234.5,1416.5,4855.5,315.0,667.5,182.5,1018.5,190.5
2024-01-06,207.0,27.0,42.5,360.5,947.0,248.0,876.5,965.5,103.0,1560.0,177.5,396.0,1499.5,413.0,25.0,946.0,129.0,148.0,434.0,85.0,481.5,119.0,107.5,230.5,62.0,170.5,296.0,308.5,38.0,601.5,540.0,172.5,1202.5,392.5,339.5,440.0,72.5,315.5,337.5,1244.5
2024-01-07,557.0,309.0,335.5,190.5,118.0,64.5,22.5,15.5,938.0,33.0,1071.0,23.5,448.0,187.0,541.5,445.5,346.0,269.5,422.5,254.0,669.5,941.5,302.5,2972.5,699.5,481.0,677.0,412.5,4419.5,2213.5,314.5,408.0,478.0,26.0,2636.5,561.5,910.0,203.5,242.5,914.0
2024-01-08,756.5,9.5,19.0,13.0,58.5,36.5,37.0,138.0,0.0,44.0,342.0,133.0,0.0,0.0,7.5,987.5,0.0,22.5,25.0,0.0,0.0,305.5,10.0,309.0,0.0,0.0,0.0,0.0,1474.5,0.0,58.5,0.0,0.0,173.0,961.0,0.0,18.5,40.5,38.5,0.0
2024-01-09,960.0,0.0,0.0,28.5,0.0,41.5,0.0,422.5,0.0,274.0,422.5,13.5,0.0,0.0,0.0,42.5,43.0,0.0,0.0,34.5,22.5,825.0,0.0,1309.5,0.0,0.0,34.0,0.0,711.0,22.0,27.5,0.0,69.0,0.0,1383.0,0.0,0.0,0.0,203.0,0.0
2024-01-10,521.5,1158.5,632.5,57.0,231.5,122.5,65.5,303.5,3078.5,690.5,315.0,2.5,260.0,141.0,2719.0,610.5,1382.5,755.0,205.0,368.0,238.0,389.0,1061.0,791.0,1814.0,971.5,403.5,1991.0,397.0,673.0,228.0,529.5,578.0,35.0,1089.5,503.5,5217.0,784.5,178.5,933.5
2024-01-11,239.0,413.5,970.0,838.0,146.5,842.0,956.0,1132.0,2266.0,354.0,1367.0,1436.0,403.5,975.0,1297.0,283.0,136.0,137.0,803.5,81.0,1117.5,138.5,117.0,888.0,1253.0,171.0,1069.0,471.0,561.5,704.0,2462.0,331.0,1488.5,1118.5,388.5,975.5,2918.5,159.0,1284.5,361.5
2024-01-12,967.0,2485.5,1743.5,651.5,1738.5,832.5,1032.5,1475.0,1659.0,1404.0,602.5,1006.5,1453.5,1054.5,2690.0,2216.0,1211.5,1111.0,1931.5,976.5,1449.5,692.0,1311.0,256.5,2011.5,858.0,1544.5,1238.0,455.5,1633.0,1554.5,1642.5,2395.5,1041.5,446.0,1759.5,5341.0,1241.0,1833.5,1311.5
2024-01-13,500.5,778.0,749.5,67.0,461.5,612.5,348.5,533.0,1091.0,1310.5,69.0,256.0,1036.5,94.0,679.0,785.0,955.5,697.0,197.5,530.0,607.0,316.5,754.5,10.0,1180.5,698.0,689.5,413.5,711.5,486.0,147.0,379.5,1042.0,277.0,22.5,369.0,640.5,724.0,217.0,1314.0
2024-01-14,421.0,2.0,0.0,0.0,26.5,28.5,31.0,26.0,0.5,10.0,64.5,0.0,5.5,47.0,0.5,0.0,0.0,0.0,0.0,0.0,0.0,352.5,0.0,250.5,0.5,0.0,95.5,44.0,507.5,0.0,0.0,44.5,64.0,0.0,72.5,0.0,0.0,28.0,53.5,0.0
2024-01-15,376.0,49.5,78.0,12.5,0.0,0.0,0.0,47.0,328.0,15.0,34.0,0.0,19.5,0.0,84.0,0.0,62.0,34.0,34.0,46.0,32.0,325.0,50.5,81.5,66.0,26.0,31.5,34.5,,33.0,0.0,52.5,143.5,0.0,86.0,32.5,438.5,24.0,0.0,33.0
2024-01-16,932.0,249.0,328.5,157.5,1233.5,457.5,532.0,771.5,105.0,991.5,2296.0,1340.0,185.0,694.0,269.0,2043.5,543.0,1770.5,293.0,1000.0,835.0,832.5,454.5,3344.0,135.5,817.5,795.0,259.0,,160.0,746.0,371.0,392.5,1551.0,1626.0,261.0,216.0,1675.5,723.0,2812.5
2024-01-17,985.0,2105.0,1942.5,3426.5,3742.5,3396.5,2980.0,2016.5,1241.0,1934.0,2652.0,2554.0,2510.0,3113.5,1395.0,2508.5,2728.0,2567.0,3331.5,2598.5,3372.0,963.5,2864.5,2663.0,2454.0,3000.5,3243.0,2300.0,1137.5,1483.0,2603.0,2777.5,2389.5,2578.5,2929.5,3888.5,1036.5,2406.5,2539.5,2766.0
2024-01-18,3452.0,6399.0,5023.5,3536.0,5055.5,4900.5,4280.0,2420.0,4450.0,5432.0,2378.0,5239.0,5213.5,4405.5,3254.5,4467.0,5953.5,4463.5,3781.5,4935.5,4043.5,3636.5,4913.0,1581.0,4780.5,5028.0,3990.5,4609.5,1275.5,5062.0,4574.0,7461.0,4655.0,5250.0,1483.0,4092.5,6848.0,5420.5,6233.5,4597.0
2024-01-19,,265.5,120.0,38.5,97.5,366.0,246.0,143.5,162.0,95.5,123.0,40.5,33.5,37.5,417.5,141.5,118.5,52.5,10.5,26.5,20.5,59.0,128.5,219.5,46.5,33.5,32.0,33.5,84.5,12.5,78.5,71.0,11.5,49.5,164.0,11.5,313.5,37.0,265.0,128.5
2024-01-20,166.5,1199.5,1016.5,548.0,1013.5,302.0,258.5,422.5,950.0,285.5,911.5,157.0,153.0,192.0,406.0,763.5,1515.5,1379.5,135.5,1797.5,125.5,186.5,888.5,1338.5,1152.0,2173.0,134.5,1230.5,172.0,170.0,777.5,2093.5,85.5,239.5,1126.5,205.5,719.0,1030.5,544.5,575.5
2024-01-21,114.0,235.5,194.0,321.0,560.5,119.5,153.0,166.5,90.0,573.5,54.5,215.5,41.0,251.0,72.0,942.0,546.5,458.0,628.0,295.5,92.5,150.5,359.0,90.5,92.0,272.5,50.5,112.5,30.5,42.5,69.0,79.5,53.0,183.5,24.0,164.5,80.0,1040.5,177.0,626.5
2024-01-22,44.0,0.0,0.0,0.0,0.0,0.0,39.5,23.5,44.0,64.0,0.0,0.0,0.0,0.0,0.0,0.0,44.0,33.5,0.0,0.0,39.5,37.0,61.0,25.0,1.5,62.5,37.0,0.0,164.0,41.0,0.0,4.5,0.0,0.0,9.5,0.0,5.5,0.0,154.5,0.0
2024-01-23,373.5,24.5,24.5,76.0,872.5,12.0,8.5,21.0,204.5,1113.5,452.5,0.0,151.0,0.0,44.0,0.0,0.0,0.0,97.5,0.0,0.0,256.5,0.0,23.5,33.0,28.0,8.5,25.0,610.0,29.0,135.5,20.0,299.0,0.0,55.0,129.0,249.0,0.0,661.5,704.0
2024-01-24,0.0,184.5,47.0,28.5,128.5,22.5,11.0,10.5,1057.5,0.0,0.0,0.0,204.5,127.0,27.0,10.5,69.0,29.0,151.0,29.0,289.5,74.0,43.5,25.5,517.5,54.0,240.0,328.5,17.5,1131.0,31.0,756.0,350.0,28.5,20.5,187.0,339.5,12.0,0.0,0.0
2024-01-25,0.0,6.5,6.5,149.0,5.5,0.0,0.0,0.0,121.5,20.0,108.0,43.5,105.0,143.5,6.0,22.0,32.0,11.0,6.5,17.5,19.5,0.0,30.5,16.0,83.0,37.5,5.0,10.5,86.0,286.5,43.5,57.0,147.0,18.5,76.5,0.0,0.0,0.0,53.5,0.0
2024-01-26,279.5,432.5,873.5,37.0,357.5,94.0,53.0,313.0,82.0,730.5,209.0,0.0,102.0,65.0,69.0,69.0,1609.0,1454.5,138.0,759.5,269.0,575.5,843.5,79.0,0.0,253.0,175.0,29.0,66.5,35.0,32.5,131.5,492.5,0.0,59.5,134.5,0.0,943.0,34.5,0.0
2024-01-27,705.5,1399.5,718.5,755.0,2209.0,512.5,471.0,85.5,1211.5,5162.0,6455.0,309.5,1480.0,417.0,2452.5,3018.5,1538.5,1155.5,562.5,1614.5,1127.5,451.0,1245.5,2104.0,1350.5,904.5,960.5,1268.5,2731.0,755.5,1517.5,1223.0,1558.5,361.5,2627.5,631.5,1644.0,1665.5,6325.5,0.0
2024-01-28,,7268.0,10292.0,5914.5,3071.5,1552.5,1293.0,2458.0,1303.0,3186.5,589.5,649.5,1825.5,4874.5,3253.0,4847.5,10195.5,7930.0,7733.5,7298.0,6312.0,3421.5,9426.0,477.0,2166.5,7461.0,5547.0,7223.5,648.0,1858.5,2741.5,8591.0,5907.0,855.5,598.5,5145.5,302.0,7636.0,1518.5,8111.0
2024-01-29,379.5,1432.0,524.0,43.5,170.5,710.0,426.5,331.5,339.0,171.0,633.5,203.5,1425.0,74.0,27.0,68.0,259.5,207.5,129.0,165.0,2110.0,566.5,408.5,417.0,320.5,93.5,1846.5,271.0,224.5,1231.0,118.5,361.5,3976.5,219.5,612.5,647.0,348.0,158.0,818.5,0.0
2024-01-30,,4563.5,4205.0,1146.5,1793.0,1455.5,1304.0,748.0,8333.5,1464.0,2770.0,1251.0,2816.0,2121.5,3459.5,2711.0,2318.5,2138.0,1560.5,2328.0,2185.5,566.0,2397.5,1437.0,6560.5,2005.5,2473.0,2806.0,1061.0,4904.0,2595.5,2565.0,3955.5,1117.5,1301.5,1457.5,2782.5,2496.0,1617.0,1811.0
2024-01-31,234.5,322.0,368.0,0.0,0.0,0.0,0.0,82.0,539.5,168.0,1439.0,18.0,145.5,3.5,20.5,1.5,17.0,81.0,535.0,0.5,781.5,252.0,63.0,227.0,411.5,25.5,552.0,183.0,22.0,28.5,37.0,194.0,809.5,16.5,1561.5,121.5,90.0,0.5,13.5,77.0
2024-02-01,718.5,1631.5,1893.5,1026.0,1417.0,271.5,320.5,21.5,6291.0,951.0,199.0,163.5,1087.0,1057.0,2762.0,1716.5,1275.5,1796.5,1240.5,2121.0,1055.0,494.5,1108.0,99.0,2755.0,1484.0,915.5,2120.5,348.5,1450.0,761.5,975.0,871.0,155.0,125.0,1089.0,2643.5,2439.5,240.0,2072.5
2024-02-02,14.0,510.0,20.0,61.5,0.0,0.0,24.5,0.0,0.0,0.0,17.5,0.0,74.0,0.0,0.0,18.5,0.0,0.0,75.0,0.0,36.5,104.5,0.0,277.0,0.0,0.0,18.5,0.0,416.0,20.0,246.0,21.5,0.5,0.0,117.0,0.0,43.5,0.0,0.0,0.0
2024-02-03,61.0,71.5,151.5,1888.0,2008.0,36.0,0.0,39.5,212.5,663.5,75.0,203.0,1690.0,609.0,21.0,1961.5,1180.5,3267.0,1586.5,3916.5,555.0,21.5,698.5,126.5,2464.0,4738.5,707.5,7094.5,315.0,913.0,1050.0,2191.5,3590.0,226.0,91.5,275.5,0.0,2220.0,1180.0,174.5
2024-02-04,23.0,0.0,0.0,0.0,0.0,0.0,0.0,0.0,0.0,0.0,0.0,0.0,37.0,0.0,0.0,0.0,0.0,0.0,0.0,0.0,0.0,0.0,0.0,0.0,0.0,0.0,0.0,0.0,7.0,0.0,0.0,0.0,7.0,0.0,0.0,0.0,0.0,0.0,0.0,0.0
2024-02-05,27.0,0.0,0.0,0.0,0.0,0.0,0.0,0.0,25.0,0.0,68.5,283.0,0.0,0.0,0.0,0.0,0.0,0.0,538.5,23.5,35.5,0.0,0.0,0.0,0.0,0.0,0.0,0.0,0.0,25.5,0.0,0.0,34.5,182.0,0.0,0.0,71.0,22.5,0.0,39.5
2024-02-06,272.5,69.0,0.0,0.0,0.0,147.5,21.0,0.0,0.0,43.0,71.0,0.0,,0.0,20.5,54.5,0.0,0.0,0.0,0.0,0.0,389.5,0.0,329.5,0.0,22.0,0.0,0.0,1310.0,0.0,0.0,140.5,497.0,0.0,420.0,0.0,13.5,0.0,0.0,78.5
2024-02-07,,406.5,784.5,38.5,296.0,643.5,622.0,488.0,974.0,1002.0,597.0,158.0,,36.5,2662.5,644.5,569.0,93.0,0.0,0.0,745.0,406.5,257.0,215.0,1206.0,29.0,863.0,380.0,246.5,841.5,236.0,438.0,860.5,159.0,920.5,178.0,4934.0,58.5,187.5,2454.0
2024-02-08,0.0,0.0,0.0,0.0,0.0,0.0,0.0,22.5,0.0,0.0,0.0,0.0,0.0,0.0,0.0,0.0,0.0,0.0,0.0,0.0,0.0,0.0,0.0,0.0,0.0,0.0,0.0,29.0,9.0,0.0,0.0,27.0,26.5,19.0,0.0,0.0,0.0,0.0,0.0,0.0
2024-02-09,0.0,44.0,0.0,10.0,0.0,0.0,50.0,0.0,1727.0,11.0,0.0,0.0,478.5,0.0,1994.5,23.0,23.5,4.0,0.0,0.0,20.0,16.5,0.0,0.0,645.0,0.0,0.0,5.5,0.0,1103.5,0.0,0.0,16.0,0.0,15.5,0.0,706.5,86.5,0.0,0.0
2024-02-10,2960.0,1902.0,346.0,1750.0,1663.0,176.5,189.5,311.0,1435.5,739.0,179.0,204.5,759.5,1142.5,153.0,1184.5,2440.5,1656.5,1512.5,2103.5,1833.5,3046.0,2175.0,429.0,1203.5,1567.5,1255.5,1686.5,984.0,954.5,759.5,2147.5,1394.0,217.5,411.0,1455.5,1449.0,1906.0,980.5,245.0
2024-02-11,,1646.5,3460.5,5243.0,7297.0,5012.0,4079.5,3748.0,599.5,5601.0,3450.0,6602.5,2942.0,5073.0,1609.0,10500.5,3981.5,4907.0,7371.5,4109.5,8627.0,3214.0,3542.0,3462.5,511.0,3268.5,7599.5,4839.5,6427.0,3451.0,5878.5,2263.5,9189.5,7392.5,3824.0,6825.5,460.0,7582.0,5181.5,11788.5
2024-02-12,,2686.5,2393.0,6110.0,2778.5,8354.5,8350.0,4301.0,3196.0,4157.0,5058.5,5740.5,8318.0,3876.5,444.5,1929.0,4662.0,4310.5,4625.0,5484.0,10969.5,1761.0,3764.0,7947.5,4489.5,4607.0,9349.5,5381.0,5742.0,3961.0,8079.0,4958.0,15846.5,6304.5,6605.5,4953.5,1355.5,5167.5,7242.0,3327.0
2024-02-13,206.5,708.0,696.5,834.0,943.5,947.5,979.5,527.0,462.0,693.0,909.0,996.5,550.0,754.0,576.5,906.0,769.5,790.5,845.5,925.5,812.5,238.0,838.0,1073.0,484.5,682.5,816.0,762.0,733.5,786.5,778.5,976.5,894.5,1140.0,1074.0,801.5,404.5,945.0,924.0,1111.5
2024-02-14,150.0,130.0,93.5,119.0,194.0,133.5,118.0,259.5,46.5,224.5,377.0,679.5,,180.0,41.0,1011.0,337.0,321.5,218.5,219.0,251.5,93.5,400.5,856.5,37.5,214.5,249.5,263.0,79.5,75.0,154.5,214.0,116.5,505.0,1607.0,284.5,0.0,306.0,758.5,450.0
2024-02-15,348.0,1971.0,1739.0,2306.5,2338.0,1118.0,885.5,462.0,355.0,1472.5,1395.5,285.5,2806.0,1754.5,114.5,986.5,1905.0,961.5,1828.0,1286.5,2845.5,333.0,1899.5,313.0,605.5,2154.0,3389.5,2626.5,,3449.0,1063.0,2254.0,4997.5,407.0,669.5,1616.5,189.5,1466.0,1145.5,997.5
2024-02-16,2243.5,3648.0,3493.0,9135.5,15779.5,8326.0,8682.5,5077.0,1320.0,5824.5,5578.5,5971.0,10492.5,9363.0,743.5,7422.5,6704.5,7504.0,12848.0,9865.5,13352.0,2495.0,6381.0,4403.0,2789.5,8867.5,12353.0,11730.5,2051.5,6886.5,12864.0,7042.0,14299.0,7189.0,5841.0,12755.5,2456.5,6248.5,4854.5,8609.5
2024-02-17,27.5,2199.5,2450.0,47.5,194.5,107.0,70.5,62.0,341.0,965.5,38.0,18.0,89.5,0.0,23.0,2007.5,1589.5,918.5,54.5,561.0,48.5,28.0,1989.5,128.0,227.5,600.0,132.5,940.0,181.0,56.0,25.5,1226.0,259.0,106.5,398.0,20.0,785.0,1576.5,161.5,3479.0
2024-02-18,178.0,52.5,29.0,0.0,16.5,249.5,372.0,1084.5,417.0,94.5,1063.0,519.0,407.0,0.0,322.5,35.5,0.0,15.5,40.0,0.0,0.0,109.5,0.0,1594.0,175.5,0.0,38.5,26.5,881.0,1063.5,0.0,47.0,0.0,448.5,1258.5,29.0,2572.5,75.0,1422.5,36.5
2024-02-19,0.0,284.5,481.0,381.0,1989.5,1250.5,1648.0,4511.0,1980.5,100.0,1315.5,9377.0,6513.5,1761.5,160.5,137.0,406.5,339.0,1571.5,194.0,7261.0,0.0,442.5,658.0,401.0,292.0,6789.5,104.0,76.5,622.5,2764.5,170.0,8777.0,8327.0,728.0,4373.5,3772.5,254.0,548.0,664.0
2024-02-20,63.0,0.0,0.0,0.0,0.0,0.0,0.0,0.0,0.0,0.0,83.5,11.0,0.0,0.0,0.0,0.0,0.0,0.0,0.0,0.0,0.0,21.0,0.0,242.0,0.0,20.0,0.0,0.0,14.0,0.0,0.0,0.0,0.0,10.5,179.5,10.5,0.0,22.5,66.0,0.0
2024-02-21,24.5,0.0,0.0,0.0,0.0,84.0,0.0,0.0,0.0,0.0,0.0,119.5,0.0,0.0,73.5,0.0,0.0,0.0,23.5,117.0,0.0,0.0,0.0,331.0,0.0,144.0,26.0,0.0,170.5,0.0,28.5,0.0,0.0,90.0,18.5,140.5,0.0,0.0,52.5,0.0
2024-02-22,62.0,2853.5,1003.0,139.0,0.0,715.5,654.5,522.5,0.0,1044.5,63.5,1366.5,156.5,1019.5,1187.5,688.0,1444.5,123.5,114.5,120.5,709.0,75.0,934.5,1095.0,258.5,472.0,1024.0,928.5,488.5,0.0,0.0,1077.0,848.5,1009.5,162.5,611.0,0.0,0.0,1280.0,427.5
2024-02-23,33.0,27.0,0.0,0.0,0.0,0.0,0.0,0.0,0.0,382.5,114.0,0.0,0.0,0.0,0.0,0.0,0.0,0.0,18.0,0.0,23.5,0.0,0.0,40.0,24.5,0.0,25.0,0.0,54.0,0.0,0.0,0.0,0.0,0.0,0.0,0.0,0.0,0.0,48.0,0.0
2024-02-24,95.0,0.0,24.0,0.0,206.5,636.0,589.5,135.5,0.0,1611.5,278.0,294.0,0.0,0.0,0.0,0.0,0.0,0.0,0.0,0.0,27.5,15.5,0.0,72.5,0.0,0.0,0.0,0.0,192.5,0.0,1946.0,0.0,28.5,367.5,38.0,0.0,0.0,0.0,735.5,0.0
2024-02-25,524.0,2113.0,873.5,227.5,522.0,110.0,221.5,263.5,193.0,1102.0,911.5,467.5,531.5,254.0,19.0,303.5,1303.5,1049.0,173.0,915.5,512.5,941.5,648.5,581.0,319.0,494.0,410.5,820.0,886.5,680.0,222.5,1258.0,598.0,557.0,1071.0,207.5,111.5,2206.0,687.0,437.0
2024-02-26,6015.0,2061.5,2335.5,819.5,220.0,1019.0,704.5,607.0,6822.0,622.5,1139.5,1211.0,1356.0,1933.5,2816.0,327.5,1543.5,1479.5,1178.5,1404.5,1620.5,6315.5,1447.0,1261.5,5388.0,2065.5,2171.0,3331.0,2641.5,2379.0,1358.5,4715.0,3798.0,1513.0,1226.0,2545.0,4831.0,727.5,1495.0,1156.0
2024-02-27,689.5,1.0,5.0,15.0,37.5,53.0,71.5,45.5,0.0,39.0,749.5,237.5,229.0,6.5,0.5,24.0,10.0,51.0,26.0,16.0,143.5,1114.0,12.5,2337.0,1.0,20.5,210.0,5.5,200.0,0.0,18.0,25.5,720.0,391.5,996.5,3.5,24.5,61.0,79.5,24.5
2024-02-28,4746.5,2668.5,7747.5,2618.5,4356.0,2031.0,733.0,1921.0,5055.5,1635.0,4632.0,1063.0,4093.5,2982.5,1261.5,5046.5,4131.5,4352.5,3605.5,3972.5,3097.5,3881.0,4319.5,10624.5,5110.5,3137.0,3403.5,3475.5,1937.0,6240.0,1889.5,3519.0,3481.0,1006.5,8946.0,3903.0,881.5,4345.0,1521.0,5366.5
2024-02-29,716.5,4758.0,4060.0,2966.0,890.5,1451.0,0.0,894.0,3396.0,819.5,426.0,315.0,7435.5,5120.0,8546.0,1282.5,1484.5,1546.0,5858.5,1826.0,6479.0,507.0,1671.0,965.5,5091.5,2228.0,7244.0,1097.0,518.0,5655.0,1303.0,2446.0,8469.5,316.0,706.5,6769.5,2924.5,1344.0,844.5,1726.5
2024-03-01,300.5,45.5,79.5,327.0,439.0,201.0,0.0,202.0,125.0,128.5,1315.0,300.5,49.0,579.0,0.5,114.5,220.5,42.0,37.0,412.0,592.5,1328.0,67.5,1270.0,116.0,195.5,641.5,84.5,682.0,218.0,35.0,316.0,221.0,334.0,951.0,410.0,1.5,74.0,361.5,51.0
2024-03-02,2392.0,6342.5,4340.0,10135.0,8417.5,7637.5,0.0,6034.5,4327.0,5028.0,4565.5,10167.0,,14111.5,1800.0,9624.5,8987.0,11156.0,13639.5,13467.0,11587.5,2536.0,7258.5,3387.0,4797.0,10751.5,11948.5,6932.5,4857.5,7042.5,5578.5,7798.0,11184.5,10488.0,3419.5,14521.5,4604.5,11104.0,4635.5,4126.0
2024-03-03,1539.0,200.0,256.0,373.5,562.0,277.0,0.0,264.5,813.0,709.0,398.0,456.0,2433.5,972.5,152.0,797.0,1043.5,1329.5,690.0,1298.5,1105.0,1358.5,1046.0,799.0,595.5,741.5,923.0,406.5,1663.5,978.0,585.5,202.5,1692.0,513.0,851.0,625.0,317.5,635.5,323.5,820.5
2024-03-04,23.5,235.0,311.5,164.0,21.5,20.0,0.0,0.0,669.0,16.5,0.0,0.0,104.0,93.0,993.0,181.0,291.0,286.0,170.0,267.0,111.0,146.5,267.5,44.0,239.0,224.5,119.5,58.5,160.0,170.5,0.0,95.0,204.5,0.0,44.5,107.0,2120.5,286.5,0.0,330.5
2024-03-05,239.5,762.5,705.0,399.5,539.0,345.0,0.0,298.0,464.0,250.5,219.5,320.0,511.5,365.0,878.0,587.5,628.0,527.0,461.0,522.5,433.5,259.0,696.5,1234.0,359.0,595.0,450.5,567.0,524.0,582.5,424.5,655.5,601.5,319.0,315.0,426.5,982.0,585.5,308.0,630.0
2024-03-06,4966.0,668.5,594.0,1222.5,2474.0,1272.0,0.0,1228.0,451.5,975.5,1413.0,783.0,555.5,1431.5,689.5,1620.5,2057.0,1890.0,1118.0,1886.5,531.5,3462.0,1643.5,3526.5,560.0,1270.0,712.0,1349.5,3035.5,320.5,1163.5,1088.5,440.0,790.5,2364.5,810.5,320.5,1520.5,1298.5,706.5
2024-03-07,0.0,50.0,0.0,12.0,0.0,0.0,0.0,0.0,0.0,0.0,9.5,0.0,14.0,0.0,0.0,0.0,26.5,0.0,0.0,0.0,0.0,0.0,0.0,0.0,0.0,0.0,0.0,0.0,0.0,0.0,0.0,0.0,0.0,0.0,18.5,0.0,0.0,0.0,0.0,0.0
2024-03-08,985.5,1926.0,3034.0,1076.5,1315.5,1035.5,973.5,2036.0,222.5,579.5,1030.5,784.0,823.5,2015.5,2292.5,1167.0,1579.5,1088.0,2481.0,851.5,1989.0,1006.0,1694.0,705.0,1253.5,931.0,917.0,758.0,744.5,20.0,1779.0,789.0,286.5,1004.5,952.5,2157.5,0.0,1264.5,1156.0,2737.0
2024-03-09,1807.5,10642.0,10780.5,7009.5,7026.5,6774.0,6716.5,3660.5,5875.0,4295.5,2608.5,4288.5,3262.5,4565.5,9495.0,4001.5,6509.0,5718.0,8468.0,6151.5,5393.5,1415.5,7237.5,3491.5,6783.5,6710.5,5462.0,6393.5,2347.0,2547.5,6905.5,8807.0,3687.0,4497.5,3667.5,5813.0,4766.5,5623.5,3335.0,5412.5
2024-03-10,46.5,0.0,0.0,0.0,0.0,0.0,0.0,0.0,0.0,0.0,0.0,0.0,0.0,0.0,0.0,0.0,0.0,0.0,0.0,0.0,0.0,138.5,0.0,0.0,0.0,0.0,0.0,0.0,0.0,0.0,0.0,0.0,0.0,0.0,0.0,0.0,0.0,0.0,0.0,0.0
2024-03-11,1766.0,0.0,0.0,298.0,142.0,775.5,770.5,151.5,19.5,2660.5,144.5,1773.5,281.0,92.5,151.5,51.5,0.0,124.0,49.5,90.5,183.0,2273.5,37.0,2579.0,127.0,64.5,93.0,28.0,3409.0,0.0,100.5,260.5,193.0,1714.0,356.0,84.0,276.5,0.0,285.0,56.0
2024-03-12,,0.0,0.0,76.0,47.5,18.5,14.0,137.0,0.0,15.0,59.0,0.0,113.0,0.0,0.0,0.0,18.5,0.0,0.0,53.0,0.0,33.5,568.0,357.5,0.0,0.0,44.5,0.0,170.5,0.0,17.5,0.0,0.0,35.0,68.0,0.0,0.0,21.0,0.0,109.0
2024-03-13,30.5,911.5,1395.0,3934.5,2073.0,200.5,211.5,70.0,78.5,341.0,572.0,31.5,1105.0,1764.0,857.5,1405.0,985.0,1414.0,3098.0,2394.5,2483.5,0.0,972.0,68.5,34.5,2294.0,2096.5,1259.5,0.0,144.0,1211.5,269.5,1156.5,29.0,72.0,2535.0,58.5,1601.5,766.0,2906.0
2024-03-14,,29.0,0.0,27.5,0.0,3.0,0.0,0.0,0.0,0.0,0.0,0.0,28.5,0.0,0.0,0.0,0.0,0.0,0.0,0.0,0.0,0.0,0.0,0.0,0.0,22.5,24.0,0.0,0.0,0.0,0.0,0.0,22.0,0.0,0.0,0.0,0.0,0.0,0.0,0.0
2024-03-15,0.0,287.5,475.0,0.0,0.0,0.0,0.0,0.0,736.5,0.0,0.0,0.0,0.0,0.0,411.0,25.5,0.0,0.0,0.0,0.0,0.0,0.0,30.0,0.0,257.5,0.0,0.0,0.0,77.5,82.5,71.5,52.0,173.0,0.0,0.0,16.5,1443.0,0.0,0.0,0.0
2024-03-16,,41.0,0.0,134.5,56.5,0.0,11.0,0.0,37.0,938.0,0.0,0.0,908.5,972.0,0.0,0.0,65.0,0.0,179.5,0.0,46.0,516.5,0.0,99.0,82.0,296.0,41.0,175.5,508.0,68.5,512.5,110.0,38.0,13.5,0.0,755.0,389.0,83.5,562.5,0.0
2024-03-17,,0.0,0.0,29.5,0.0,0.0,0.0,0.0,0.0,0.0,0.0,0.0,0.0,0.0,0.0,0.0,0.0,0.0,0.0,0.0,0.0,0.0,0.0,26.5,0.0,0.0,0.0,0.0,25.0,0.0,26.5,0.0,0.0,0.0,0.0,0.0,0.0,28.5,0.0,0.0
2024-03-18,66.0,55.0,0.0,0.0,9.0,0.0,0.0,0.0,0.0,0.0,0.0,0.0,37.0,0.0,0.0,0.0,0.0,0.0,0.0,0.0,0.0,684.0,0.0,41.5,0.0,0.0,0.0,0.0,0.0,49.5,0.0,0.0,18.0,0.0,0.0,0.0,1079.5,0.0,0.0,0.0
2024-03-19,,118.0,0.0,0.0,0.0,19.0,136.0,0.0,2561.5,329.0,25.5,0.0,29.0,0.0,4527.5,85.5,0.0,0.0,0.0,0.0,14.0,1599.0,50.0,143.0,5541.5,0.0,153.0,361.5,1162.0,1343.0,100.5,28.5,49.5,0.0,144.5,0.0,845.5,,,0.0
2024-03-20,210.0,23.0,23.5,239.5,175.0,5108.0,3868.0,1952.0,1184.0,205.5,314.5,117.0,1221.5,282.0,0.0,578.5,0.0,58.0,2208.5,110.0,5194.5,147.5,0.0,926.0,1518.5,110.5,4968.0,152.5,98.5,42.0,425.5,229.5,5088.5,155.0,705.0,1329.0,38.0,,,259.0
2024-03-21,74.5,615.5,481.5,0.0,0.0,27.5,136.5,0.0,29.0,0.0,0.0,0.0,165.5,0.0,502.5,267.0,0.0,0.0,323.0,0.0,583.5,120.0,0.0,38.5,0.0,0.0,737.0,32.5,19.5,39.0,30.0,98.5,3937.0,0.0,0.0,245.5,713.5,,,101.0
2024-03-22,0.0,0.0,0.0,0.0,0.0,0.5,19.0,0.0,0.0,0.0,0.0,0.0,0.0,0.0,0.0,0.0,0.0,0.0,0.0,0.0,0.0,0.0,0.0,0.0,0.0,0.0,0.0,0.0,0.0,0.0,0.0,64.5,0.0,0.0,0.0,0.0,0.0,,,0.0
2024-03-23,724.5,219.0,116.0,565.5,2228.0,39.0,70.0,384.5,20.5,193.0,1268.5,,757.0,112.0,3.0,335.5,79.0,401.0,569.0,649.0,102.0,598.0,292.0,655.0,131.5,113.0,137.5,171.0,591.0,362.5,164.0,314.0,505.0,,1311.0,64.0,86.0,,,559.0
2024-03-24,16.0,32.0,79.5,0.0,21.5,234.5,183.5,607.0,31.5,80.5,83.5,780.5,41.0,145.5,142.5,27.0,0.0,41.5,0.0,0.0,40.5,32.5,70.5,363.5,95.5,0.0,0.0,0.0,17.5,66.0,22.0,97.5,182.0,973.0,544.0,37.0,42.5,,,42.0
2024-03-25,36.0,0.0,0.0,0.0,0.0,3.0,0.0,0.0,0.0,0.0,0.0,0.0,28.0,0.0,0.0,0.0,0.0,0.0,0.0,0.0,0.0,0.0,0.0,0.0,0.0,0.0,0.0,0.0,0.0,0.0,0.0,26.0,0.0,0.0,0.0,0.0,0.0,,,0.0
2024-03-26,,0.0,16.0,0.0,0.0,0.0,0.0,0.0,0.0,0.0,0.0,0.0,0.0,0.0,,,0.0,0.0,0.0,0.0,0.0,0.0,0.0,0.0,0.0,0.0,0.0,0.0,0.0,0.0,0.0,0.0,0.0,0.0,14.5,0.0,0.0,,,0.0
2024-03-27,,,,,,,,,,,,,,,,,,,,,,,,,,,,,,,,,,,,,,,,
2024-03-28,93.5,0.0,11.5,0.0,0.0,11.5,16.0,19.5,60.0,0.0,39.5,0.0,21.0,0.0,25.5,0.0,0.0,0.0,0.0,0.0,0.0,37.5,0.0,24.5,18.5,0.0,0.0,41.5,49.0,23.5,33.0,0.0,41.0,28.0,34.0,0.0,156.5,,,0.0
2024-03-29,0.0,0.0,0.0,0.0,0.0,0.0,0.0,0.0,0.0,0.0,0.0,0.0,0.0,0.0,0.0,0.0,0.0,0.0,0.0,0.0,0.0,0.0,0.0,0.0,0.0,0.0,0.0,0.0,0.5,0.0,0.0,0.0,0.0,0.0,0.0,0.0,0.0,,,0.0
2024-03-30,312.5,2826.0,3588.5,1055.0,664.0,50.5,98.0,17.5,2169.0,29.5,406.0,0.0,1269.5,876.0,862.0,837.0,2729.5,1786.0,2759.0,2002.0,2017.0,278.0,2864.5,471.5,2457.5,2234.0,2148.5,4403.5,70.5,1633.0,154.0,4269.5,2109.0,0.0,420.0,2531.0,4013.5,,,2349.0
2024-03-31,414.5,0.0,0.0,327.0,362.5,335.5,273.0,286.0,23.0,309.0,306.5,147.5,49.5,446.0,124.0,460.0,155.5,278.0,512.5,433.0,103.5,519.5,80.5,1771.0,10.0,174.0,118.5,4.0,795.5,14.0,292.0,11.0,4.5,158.0,1410.0,315.5,27.5,,,117.5
2024-04-01,667.5,0.0,0.0,94.5,42.0,341.5,327.0,1034.0,0.0,114.0,1447.0,1138.5,3124.5,45.5,0.0,41.5,25.5,29.0,73.5,72.5,752.0,1045.5,0.0,1233.0,0.0,0.0,314.5,0.0,750.5,464.0,95.0,25.5,1034.5,1221.0,1577.5,139.5,0.0,,,0.0
2024-04-02,36.0,25.5,0.0,0.0,0.0,3.5,0.0,0.0,0.0,183.0,17.5,0.0,0.0,0.0,0.0,0.0,0.0,0.0,0.0,0.0,0.0,33.5,0.0,527.0,0.0,0.0,0.0,0.0,180.5,0.0,0.0,0.0,0.0,0.0,274.0,0.0,0.0,,,0.0
2024-04-03,0.0,0.0,0.0,0.0,0.0,554.5,848.0,736.5,0.0,0.0,31.0,0.0,0.0,0.0,0.0,0.0,0.0,0.0,0.0,0.0,59.5,74.0,0.0,766.5,0.0,0.0,0.0,25.5,619.5,0.0,0.0,27.0,25.0,0.0,252.0,0.0,0.0,,,84.0
2024-04-04,210.0,0.0,0.0,0.0,0.0,185.0,310.0,0.0,28.0,309.0,116.0,0.0,0.0,0.0,0.0,0.0,0.0,0.0,0.0,0.0,0.0,335.5,0.0,40.5,134.5,0.0,0.0,0.0,150.5,0.0,0.0,0.0,0.0,0.0,72.5,0.0,0.0,,,0.0
2024-04-05,9.0,0.0,0.0,0.0,0.0,4.0,0.0,0.0,0.0,0.0,9.0,19.5,0.0,0.0,0.0,228.0,27.0,0.0,0.0,0.0,0.0,234.5,0.0,390.0,0.0,0.0,0.0,0.0,4.5,0.0,0.0,0.0,0.0,0.0,85.5,11.0,0.0,,,0.0
2024-04-06,659.0,417.0,422.0,226.5,327.0,219.0,187.0,187.0,725.0,350.0,187.5,150.5,148.5,220.0,300.0,484.0,363.0,304.5,295.5,302.5,240.0,1297.5,331.5,130.5,481.5,299.5,329.5,1189.0,129.5,201.0,226.0,412.0,254.5,178.5,186.0,288.5,660.0,,,709.0
2024-04-07,86.0,43.0,45.0,0.0,131.0,69.5,46.0,0.0,0.0,61.0,730.5,0.0,0.0,0.0,41.5,77.0,42.0,42.5,0.0,0.0,0.0,306.5,47.5,24.0,0.0,0.0,0.0,0.0,20.0,0.0,45.5,0.0,26.5,43.0,35.5,0.0,0.0,,,93.5
2024-04-08,210.5,0.5,0.0,0.0,0.0,26.0,0.0,0.0,0.0,0.0,30.0,0.0,0.0,0.0,2.5,0.0,0.0,0.0,0.0,0.0,0.0,682.5,0.0,440.5,0.0,0.0,0.0,0.0,195.0,0.0,0.0,0.0,0.0,0.0,47.5,0.0,0.0,,,4.5
2024-04-09,0.0,374.0,183.0,63.0,126.0,425.0,474.5,324.5,750.5,45.0,435.0,685.5,38.5,104.0,43.0,107.5,40.0,79.0,40.5,85.0,42.0,0.0,40.0,109.5,121.5,38.0,43.5,75.0,45.5,40.5,1160.0,61.0,42.5,590.0,97.0,80.0,42.0,,,164.0
2024-04-10,81.5,743.5,211.0,197.0,0.0,13.5,0.0,269.0,1190.5,398.5,3097.0,279.5,476.5,69.0,2780.5,475.0,1578.5,2276.0,123.0,1592.5,195.5,99.0,1034.0,2224.5,714.0,972.0,294.5,4052.0,140.5,2679.5,521.0,5878.5,343.0,301.5,4929.5,187.0,1888.5,,,545.5
2024-04-11,40.5,0.0,0.0,0.0,180.5,0.0,0.0,65.5,502.0,0.0,434.0,0.0,53.5,442.5,0.0,45.5,0.0,115.5,174.0,5.0,102.0,41.5,0.0,275.0,45.0,38.0,124.5,0.0,341.0,0.0,148.0,44.0,0.0,0.0,148.5,205.0,171.0,,,127.0
2024-04-12,244.0,9.5,39.5,594.0,1071.5,308.0,196.5,305.0,158.0,651.0,2166.5,302.5,522.5,126.5,30.0,559.0,262.5,322.0,180.0,1746.5,31.0,59.5,332.5,741.0,125.5,981.5,86.5,0.0,292.0,392.0,306.0,0.0,1816.0,484.5,789.0,155.5,301.5,,,52.5
2024-04-13,410.5,1436.5,1220.5,1094.5,1145.0,799.0,749.0,518.0,1353.0,876.0,448.0,901.5,,903.0,1404.0,1443.0,1514.0,1386.0,1211.0,1305.5,1044.5,621.0,1360.5,513.0,1368.0,1385.0,1248.5,1298.5,532.5,1068.0,1000.5,1375.5,1156.5,983.5,813.5,979.0,1300.5,,,1353.5
2024-04-14,0.0,0.0,0.0,0.0,0.0,43.5,144.5,0.0,0.0,0.0,0.0,216.0,0.0,0.0,0.0,84.0,224.5,119.5,0.0,18.5,37.0,18.0,0.0,221.0,0.0,0.0,0.0,0.0,6.5,0.0,0.0,0.0,0.0,96.0,60.0,0.0,0.0,,,0.0
2024-04-15,162.0,0.0,0.0,0.0,0.0,144.0,0.0,0.0,0.0,0.0,0.0,0.0,0.0,0.0,0.0,70.0,0.0,0.0,0.0,0.0,0.0,786.0,0.0,0.0,0.0,0.0,0.0,0.0,84.5,0.0,0.0,0.0,0.0,0.0,29.0,0.0,0.0,,,17.0
2024-04-16,30.5,0.0,0.0,25.5,0.0,200.5,127.0,1101.5,0.0,211.5,69.0,258.0,0.0,0.0,0.0,25.5,0.0,0.0,0.0,0.0,0.0,0.0,0.0,368.0,0.0,0.0,0.0,0.0,130.5,0.0,0.0,0.0,0.0,471.5,268.5,14.5,0.0,,,28.5
2024-04-17,2741.0,2.0,33.5,43.5,1037.0,542.5,367.5,251.5,356.5,991.0,2743.0,0.0,0.0,91.5,10.0,85.5,44.0,44.5,62.0,71.5,37.5,4780.0,43.5,1960.0,235.5,43.0,42.5,5.0,3317.5,101.5,263.0,7.5,2.0,40.5,2473.5,42.5,230.0,,,125.0
2024-04-18,0.0,0.0,91.5,95.0,0.0,7.5,0.0,0.0,0.0,0.0,0.0,0.0,67.5,47.5,0.0,40.0,95.5,96.0,110.0,95.5,84.0,0.0,96.0,12.0,0.0,124.5,120.0,76.0,44.5,74.0,0.0,21.5,95.0,0.0,61.5,47.0,46.5,,,71.5
2024-04-19,0.0,0.0,0.0,0.0,0.0,0.0,0.0,0.0,0.0,0.0,0.0,18.5,0.0,0.0,0.0,24.0,739.5,485.5,129.0,676.5,174.5,0.0,18.5,41.0,0.0,0.0,57.0,0.0,0.0,0.0,0.0,0.0,0.0,75.5,0.0,25.5,0.0,,,42.5
2024-04-20,0.0,0.0,0.0,0.0,0.0,269.0,180.0,137.0,0.0,582.5,0.0,379.0,,683.5,48.5,0.0,0.0,0.0,0.0,0.0,151.5,0.0,0.0,0.0,0.0,0.0,51.5,0.0,0.0,0.0,59.0,19.5,279.0,177.5,15.5,25.5,31.0,,,0.0
2024-04-21,0.0,0.0,0.0,0.0,549.5,24.0,17.0,0.0,0.0,516.0,0.0,299.0,,54.5,0.0,0.0,0.0,0.0,0.0,0.0,0.0,0.0,0.0,0.0,0.0,67.5,29.5,0.0,0.0,0.0,567.5,632.5,0.0,359.5,0.0,88.0,0.0,,,0.0
2024-04-22,70.5,75.0,0.0,0.0,618.0,170.0,96.0,0.0,385.0,521.0,0.0,38.5,,141.0,33.5,0.0,72.0,0.0,525.0,0.0,927.5,56.5,0.0,216.5,342.0,35.0,969.0,195.0,59.0,297.5,36.0,148.0,839.5,40.0,31.5,1384.5,232.0,,,0.0
2024-04-23,1031.0,1968.0,1806.5,860.0,385.5,368.5,456.5,368.0,328.5,1495.5,221.0,1901.5,715.5,893.5,20.5,1646.0,3557.5,3472.5,,2375.5,436.5,1162.5,2857.5,262.5,426.5,2010.0,480.0,3024.5,750.0,381.5,2056.0,1308.5,1229.5,1522.5,95.0,1003.5,380.5,,,3027.5
2024-04-24,346.0,264.5,414.5,0.5,65.0,153.5,84.5,220.0,12.0,873.0,939.0,0.0,,0.5,31.0,640.0,38.5,21.5,1.0,2.0,41.5,322.0,75.0,82.5,6.5,132.5,58.5,385.5,494.5,48.0,2.0,18.5,148.0,11.0,199.5,0.0,26.0,,,1021.0
2024-04-25,1270.5,411.5,366.5,593.0,817.0,729.0,596.0,357.5,228.5,1526.0,490.5,314.0,,368.5,712.0,715.0,545.0,363.5,501.0,590.5,400.0,853.0,540.5,311.5,225.0,498.5,408.5,315.5,670.0,162.0,822.0,452.5,205.5,312.5,359.5,456.5,320.0,,,822.0
2024-04-26,173.0,107.0,88.0,55.5,42.5,168.0,126.5,87.5,113.0,16.0,79.0,,,36.0,188.5,65.5,86.0,86.5,55.0,74.5,26.0,134.0,57.5,57.0,139.5,55.5,27.5,83.0,136.0,103.5,28.0,83.0,41.0,,0.0,54.5,143.0,,,84.5
2024-04-27,26.0,0.0,0.0,0.0,0.0,0.0,0.0,0.0,0.0,0.0,0.0,0.0,,0.0,0.0,0.0,0.0,0.0,0.0,0.0,0.0,0.0,0.0,54.0,0.0,0.0,0.0,0.0,22.5,0.0,0.0,0.0,0.0,42.5,0.0,0.0,0.0,,,0.0
2024-04-28,254.5,85.0,46.0,0.0,48.5,1031.0,738.5,1672.0,217.5,348.0,1138.5,231.0,,0.0,231.0,62.5,0.0,0.0,37.5,0.0,56.5,507.0,0.0,357.5,279.0,0.0,57.5,96.5,186.5,259.5,49.0,116.5,132.0,208.0,423.0,37.5,438.5,,,92.0
2024-04-29,122.5,703.5,729.0,386.0,539.0,406.5,369.0,395.0,531.0,500.5,253.0,326.0,,502.0,916.5,578.5,654.0,548.0,583.0,543.0,574.5,159.5,613.5,157.5,580.0,658.5,613.0,583.0,143.0,435.0,502.5,616.0,539.0,329.5,147.5,570.0,664.0,,,656.0
2024-04-30,384.0,0.0,0.0,25.0,716.5,,34.5,0.0,0.0,0.0,0.0,0.0,,0.0,0.0,96.0,35.5,11.0,0.0,42.0,0.0,339.5,23.0,42.0,0.0,0.0,0.0,0.0,783.5,0.0,12.5,24.0,26.5,0.0,0.0,0.0,26.0,,,0.0
2024-05-01,-229964.0,-229121.5,-229773.5,-229680.0,-229746.5,-109844.0,-229784.5,-229854.5,-229977.0,-219970.0,-229839.5,-229731.0,,-119394.5,-199878.0,-109602.0,-229501.0,-229458.5,-229483.0,-229595.0,-229963.5,-229953.5,-229405.5,-229977.0,-229745.5,-229747.5,-229973.0,-229822.0,-109908.0,-229977.0,-229770.5,-229833.0,-229961.0,-229647.0,-229952.5,-229923.5,-229977.0,,,-229977.0
2024-05-02,-189870.5,-189674.0,-189753.0,-189788.0,-189877.5,-189981.0,-189933.0,-189965.5,-189718.0,-189943.0,-189961.0,-189229.5,-189981.0,-189942.5,-159650.5,-179769.5,-189521.5,-189424.0,-189865.5,-189395.0,-189905.0,-189890.5,-189602.5,-189981.0,-189765.5,-189827.5,-189904.0,-189827.0,-189907.0,-189943.5,-189958.5,-189791.0,-189910.0,-179199.5,-189958.0,-189904.0,-179571.5,,,-179982.0
2024-05-03,52.0,34.5,26.0,213.0,309.0,1067.5,640.0,350.0,68.5,58.0,1619.0,7.0,,71.5,0.0,299.5,34.5,81.0,1055.5,29.5,23.0,61.0,69.5,174.5,68.5,223.5,15.0,82.0,88.5,33.5,17.5,168.0,77.5,11.0,548.0,71.0,138.5,,,18.5
2024-05-04,,,,,,112.5,,,,,,,,,,,,,,,,,,,,,,,366.5,,,,,,,,,,,
2024-05-05,0.0,66.5,33.0,0.0,0.0,0.0,0.0,0.0,128.5,44.0,0.0,0.0,,0.0,28.5,0.0,33.0,0.0,0.0,0.0,15.5,0.0,32.5,0.0,99.0,0.0,22.0,33.0,14.5,80.5,0.0,33.0,62.5,26.0,42.5,0.0,194.0,,,0.0
2024-05-06,28.0,0.0,0.0,0.0,0.0,0.0,19.0,0.0,0.0,0.0,0.0,46.0,,0.0,0.0,0.0,0.0,0.0,0.0,0.0,0.0,0.0,0.0,0.0,0.0,0.0,0.0,0.0,22.5,0.0,0.0,0.0,0.0,30.5,0.0,14.0,0.0,,,0.0
2024-05-07,462.5,3772.0,2430.0,4965.0,3143.5,2533.0,2611.5,743.0,2645.5,2938.5,108.5,702.0,,3046.0,1798.0,3418.5,1848.0,3704.5,5661.0,5564.0,4711.0,760.5,1778.0,1263.0,2322.0,2695.0,4917.5,2259.5,922.0,1321.0,3376.0,1567.5,1868.0,728.5,380.0,3261.0,1507.0,,,576.5
2024-05-08,730.0,62.5,0.0,1241.0,48.0,568.0,670.5,1463.5,0.0,1608.5,1536.5,1189.5,,9.0,0.0,1283.0,112.5,9.0,9.0,17.5,0.0,1064.0,21.5,1020.0,0.0,36.0,0.0,26.0,1107.0,0.0,59.0,25.5,0.0,1256.0,1925.0,56.0,0.0,,,758.0
2024-05-09,117.0,0.5,0.0,0.0,32.5,0.0,0.0,0.0,27.5,0.0,27.5,0.0,,0.0,0.0,46.0,1.0,6.5,0.0,4.5,0.0,30.0,9.5,0.0,26.0,23.0,0.0,0.0,0.0,0.0,0.0,0.0,0.0,35.5,0.0,0.0,0.0,,,12.5
2024-05-10,26.5,1965.5,2167.0,0.0,0.0,0.0,0.0,0.0,351.5,0.0,66.0,0.0,,0.0,41.0,560.0,728.5,42.5,0.0,22.5,0.0,91.5,4394.5,2315.0,211.0,0.0,0.0,0.0,20.5,37.0,0.0,0.0,240.0,0.0,585.5,0.0,0.0,,,0.0
2024-05-11,4233.0,447.0,247.5,4961.5,4561.0,1545.5,1472.5,2642.5,2095.0,3349.0,3701.5,1266.5,,1544.0,554.5,764.5,1479.5,3361.0,1764.5,5830.0,540.0,3806.5,831.0,3891.0,672.5,4430.0,478.5,1800.0,1591.0,1539.0,3999.5,2535.0,834.0,1122.5,4788.0,934.5,1686.0,,,999.0
2024-05-12,7.0,0.0,0.0,0.0,0.0,0.0,0.0,0.0,0.0,0.0,32.0,201.5,,0.0,0.0,1237.0,27.0,30.5,23.5,0.0,0.0,25.0,0.0,125.5,0.0,0.0,0.0,40.0,289.5,0.0,0.0,0.0,0.0,77.0,0.0,0.0,26.0,,,510.5
2024-05-13,-389961.0,-389941.0,-389938.0,-389936.0,-389960.5,-139961.0,-389960.5,-389954.5,-389961.0,-389961.0,-389943.5,-329967.0,,-389951.5,-109989.0,-389940.0,-389940.5,-389946.0,-389931.0,-389932.5,-389931.0,-389961.0,-389933.5,-369940.0,-389961.0,-279828.0,-279267.0,-279972.0,-379961.0,-279952.5,-279972.0,-279966.0,-279952.0,-279972.0,-269973.0,-279852.5,-279972.0,,,-389959.5
2024-05-14,-119023.0,-118959.5,-119854.0,-109959.5,-119489.0,-99313.0,-119501.0,-118673.0,-119194.5,-118461.0,-119688.0,-119951.0,,-119988.0,-119810.0,-119974.5,-119829.0,-119948.5,-119988.0,-119970.5,-119828.0,-119817.5,-119865.0,-117673.0,-119949.0,-119949.0,-119662.0,-119975.5,-108729.0,-119988.0,-109967.0,-119910.0,-119956.5,-119912.5,-119478.0,-119988.0,-119616.5,,,-119949.0
2024-05-15,0.0,0.0,0.0,0.0,3.0,46.0,31.5,0.0,0.0,0.0,65.5,8.0,,27.5,0.0,0.0,0.0,0.0,0.0,0.0,0.0,0.0,0.0,42.5,0.0,0.0,0.0,0.0,19.5,0.0,0.0,25.0,0.0,23.0,21.0,31.0,0.0,,,0.0
2024-05-16,37.5,1317.5,764.5,104.5,50.0,,472.5,1052.0,4224.0,35.5,66.5,411.5,,432.0,59.5,1294.0,1923.5,424.5,408.5,179.5,80.0,32.0,1843.0,70.5,1550.5,604.0,55.5,650.0,86.0,187.5,0.0,2975.5,0.0,368.5,14.0,139.5,1601.5,,,611.0
2024-05-17,96.5,19.0,130.0,0.0,0.0,412.5,441.0,598.5,84.5,385.0,419.5,332.5,,142.5,0.0,0.0,36.0,451.0,72.0,304.5,96.0,589.5,0.0,2751.5,0.0,126.5,66.5,0.0,249.5,57.0,76.0,17.5,4.5,251.0,2027.5,134.0,127.0,,,0.0
2024-05-18,61.5,0.0,0.0,53.0,7.0,29.0,0.0,65.0,1567.0,658.0,966.5,0.0,,355.0,194.0,29.0,127.0,0.0,2387.0,0.0,3360.5,100.5,907.0,595.5,215.0,26.0,3035.5,239.5,46.5,403.0,88.5,935.0,4618.0,0.0,788.5,2825.0,848.5,,,59.5
2024-05-19,0.0,0.0,0.0,33.0,24.5,0.5,26.0,0.0,0.0,23.0,230.5,0.0,,721.5,0.0,0.0,0.0,115.0,857.0,32.0,1057.5,0.0,0.0,457.5,0.0,0.0,1180.5,138.5,0.0,0.0,24.5,16.0,71.0,0.0,531.0,616.5,0.0,,,64.0
2024-05-20,85.0,0.0,0.0,0.0,168.0,50.0,102.5,223.5,0.0,198.5,2963.5,0.0,,0.0,0.0,620.0,24.0,237.0,0.0,68.5,0.0,178.0,28.0,597.0,301.0,333.5,0.0,952.0,1235.5,0.0,1245.0,352.5,18.5,0.0,1970.5,0.0,26.5,,,154.0
2024-05-21,188.0,0.0,40.5,1109.0,25.0,2.0,0.0,191.5,0.0,3.5,0.0,0.0,,0.0,0.0,275.5,153.0,0.0,0.0,284.0,339.5,253.5,68.5,3.0,0.0,0.0,14.5,249.0,185.5,0.0,0.5,0.0,27.5,31.5,26.0,26.5,0.0,,,48.0
2024-05-22,5289.5,188.5,375.5,1401.5,2750.5,1489.0,1039.0,2201.0,1592.5,1025.5,4894.5,2600.0,1402.0,1682.5,1579.0,2274.0,487.5,571.0,3082.0,274.0,1917.5,4792.5,304.0,9364.0,1735.0,514.5,1895.0,459.0,8227.5,1618.5,1276.5,224.0,1884.0,2707.0,6550.0,2512.5,1505.0,,,3030.0
2024-05-23,623.0,169.0,17.5,139.0,0.0,63.5,,1083.0,0.0,413.5,728.0,757.5,13.5,63.5,0.0,0.0,0.0,0.0,102.5,108.5,15.0,455.0,0.0,25.0,0.0,0.0,29.0,15.0,157.5,796.5,0.0,192.0,27.0,992.0,29.0,475.5,17.5,,,13.0
2024-05-24,80.0,0.0,26.5,751.5,851.0,1.5,0.0,0.0,22.0,12.5,387.0,344.0,37.0,150.0,0.0,2209.5,308.0,451.0,0.0,5.0,0.0,25.5,172.5,0.0,0.0,137.5,0.0,0.0,717.5,0.0,115.0,0.0,19.0,471.0,20.5,48.0,542.5,,,1771.0
2024-05-25,3054.5,1451.5,1433.5,1282.5,1434.5,1697.0,1569.5,1030.5,1772.0,1266.0,1051.0,525.5,1332.5,778.5,1280.0,994.5,1321.5,789.5,1139.0,11.5,678.5,3183.0,1120.5,3001.5,1168.0,1023.5,695.5,1110.0,1867.5,1724.5,2633.5,1298.0,1049.5,771.5,1671.5,856.0,2003.0,,,1300.5
2024-05-26,165.0,0.0,0.0,0.0,25.0,352.5,204.0,706.5,204.5,0.0,1314.0,244.0,388.5,402.5,25.0,91.5,364.5,104.0,223.0,14.5,100.5,276.5,251.0,695.0,215.0,102.0,99.0,62.0,663.0,27.0,0.0,202.0,271.5,246.0,356.0,159.5,25.5,,,237.0
2024-05-27,0.0,7.0,29.5,0.0,0.0,10.5,24.5,0.0,0.0,0.0,149.5,108.0,363.5,0.0,0.0,0.0,355.5,132.0,0.0,12.5,2.0,0.0,433.5,48.0,0.0,394.0,9.0,2.5,18.5,39.5,0.0,7.5,29.5,27.0,342.5,0.0,0.0,,,0.0
2024-05-28,150.5,129.5,30.5,81.5,229.5,41.0,27.5,134.0,104.0,83.0,91.0,194.5,379.0,99.0,22.0,39.5,6.5,30.5,232.0,5.5,270.0,53.0,61.0,87.5,104.0,12.0,334.0,3.5,252.0,146.5,27.5,0.0,436.0,151.5,35.0,291.0,90.5,,,28.5
2024-05-29,663.5,334.0,284.0,906.0,792.0,990.5,1020.0,1455.5,692.0,373.0,2179.5,918.0,737.0,559.0,201.5,391.0,479.0,452.0,713.5,2.0,651.5,637.5,473.5,1024.0,562.0,536.5,708.0,434.5,552.5,1259.0,901.0,364.5,515.0,1191.5,3364.0,685.0,440.0,,,390.5
2024-05-30,250.5,1.5,0.0,311.5,299.5,568.0,446.0,479.0,0.0,36.0,154.0,33.0,0.0,0.0,11.0,45.0,563.0,622.0,0.0,0.0,0.0,340.5,157.0,289.5,14.5,363.0,0.0,0.0,162.5,0.0,169.0,0.0,0.0,15.5,616.5,0.0,5.0,,,90.0
2024-05-31,590.5,821.5,775.0,507.0,514.5,427.0,410.5,491.5,529.0,519.5,396.0,400.0,367.5,514.5,1375.5,720.0,567.0,500.0,499.5,42.0,408.5,506.0,571.5,475.5,565.5,502.5,468.0,668.5,741.5,372.5,429.0,651.0,398.5,392.0,396.5,537.5,898.0,,,834.0
2024-06-01,1007.5,389.0,465.0,371.5,379.5,541.5,498.5,493.0,212.5,501.5,266.0,695.5,264.5,552.5,943.0,385.0,383.0,309.0,432.5,38.0,313.0,725.0,403.5,253.0,177.0,357.0,331.0,261.0,915.5,266.5,351.5,296.5,293.5,732.5,248.0,380.5,214.5,,,819.5
2024-06-02,79.5,2200.5,2237.5,1085.0,1490.0,990.5,923.5,2311.0,2277.5,1247.0,1320.5,794.5,1193.0,882.0,1645.5,1423.5,1646.5,1412.5,1150.5,35.5,1116.5,54.5,1737.5,1451.0,2116.0,1356.0,1126.5,1630.5,316.5,1831.5,1390.0,1808.5,1416.5,957.0,1846.0,945.0,1533.5,,,1919.5
2024-06-03,,0.0,48.0,0.0,45.0,304.5,243.0,40.5,0.0,28.5,21.5,0.0,55.5,559.0,16.0,16.0,15.0,223.0,501.0,35.5,482.5,0.0,0.0,0.0,10.0,206.5,532.5,0.0,41.0,25.0,494.0,0.0,92.0,144.0,0.0,920.0,31.0,,,62.0
2024-06-04,1724.0,0.0,15.5,30.0,40.0,7.5,0.0,0.0,0.0,261.5,0.0,0.0,0.0,0.0,27.0,40.0,102.5,203.5,0.0,33.5,0.0,1484.0,128.5,152.0,871.5,0.0,0.0,0.0,479.0,0.0,0.0,30.0,22.5,0.0,57.5,0.0,0.0,,,0.0
2024-06-05,0.0,42.0,40.0,277.5,405.0,162.5,107.5,34.0,51.0,31.0,27.5,0.0,268.0,37.5,57.5,50.0,34.0,275.0,171.0,337.5,874.5,0.0,11.0,5.0,8.5,214.0,801.0,101.5,8.0,246.0,0.0,117.5,518.0,0.0,9.5,536.0,2.5,,,36.0
2024-06-06,151.0,861.5,288.0,0.0,162.5,150.0,187.0,491.0,68.0,40.5,295.0,58.0,24.0,202.0,43.0,52.5,432.5,496.5,360.5,1069.5,276.5,107.0,970.5,530.0,101.0,218.5,273.5,251.0,214.0,10.0,134.5,934.5,70.5,43.5,538.5,286.5,7.0,,,290.0
2024-06-07,28.5,684.0,910.0,113.5,534.5,390.0,348.0,199.5,0.0,457.5,805.0,222.5,298.0,0.0,201.0,645.5,1351.0,996.5,0.0,0.0,53.5,0.0,926.0,1016.5,36.0,1895.0,108.5,1461.5,124.0,0.0,820.5,1239.0,730.5,588.0,1836.5,35.5,135.5,,,502.0
2024-06-08,0.0,0.0,0.0,0.0,0.0,6.0,0.0,0.0,0.0,0.0,0.0,0.0,0.0,0.0,0.0,0.0,0.0,0.0,0.0,0.0,0.0,0.0,0.0,0.0,0.0,0.0,0.0,0.0,2.0,0.0,0.0,0.0,0.0,0.0,0.0,0.0,0.0,,,0.0
2024-06-09,0.0,0.0,0.0,29.5,11.0,0.0,0.0,0.0,0.0,0.0,0.0,0.0,0.0,0.0,0.0,1057.5,1188.5,279.5,0.0,12.5,14.5,0.0,947.5,245.0,0.0,0.0,0.0,0.0,28.5,0.0,9.5,0.0,0.0,0.0,0.0,0.0,0.0,,,0.0
2024-06-10,1101.0,494.0,89.5,0.0,423.0,15.0,61.5,68.0,31.0,1322.5,36.0,1381.0,561.0,0.0,584.5,88.0,256.5,674.0,0.0,73.5,0.0,809.0,212.5,470.0,233.5,156.0,19.5,30.5,1194.5,1303.0,45.5,15.0,7682.5,1303.5,279.0,0.0,1026.5,,,256.5
2024-06-11,0.0,0.0,0.0,0.0,0.0,27.5,0.0,0.0,0.0,25.0,0.0,0.0,0.0,0.0,0.0,0.0,0.0,0.0,0.0,0.0,24.5,0.0,0.0,11.5,0.0,0.0,0.0,0.0,51.0,0.0,11.5,20.5,17.0,0.0,0.0,0.0,0.0,,,0.0
2024-06-12,112.5,135.5,0.0,65.5,553.5,263.0,203.5,38.0,0.0,311.5,19.5,123.5,0.0,763.0,0.0,117.0,64.0,20.5,1250.0,0.0,0.0,88.0,86.0,39.0,0.0,0.0,0.0,803.0,519.5,0.0,887.0,223.5,0.0,193.5,40.0,81.5,23.5,,,61.5
2024-06-13,0.0,31.5,33.0,81.0,0.0,6.5,41.0,0.0,0.0,0.0,0.0,0.0,27.5,215.5,0.0,642.0,111.0,54.0,895.0,0.0,575.0,0.0,136.0,0.0,0.0,83.5,898.0,282.5,13.5,0.0,0.0,183.5,0.0,0.0,28.5,742.5,0.0,,,985.5
2024-06-14,78.5,0.0,0.0,0.0,27.5,0.0,0.0,0.0,0.0,4.5,5.0,0.0,223.5,241.0,0.0,42.5,28.0,0.0,28.5,0.0,142.5,129.5,0.0,47.0,37.5,0.0,179.0,0.0,69.0,0.0,12.0,0.0,67.0,0.0,7.5,144.5,0.0,,,536.0
2024-06-15,170.0,164.5,610.5,0.5,1.5,11.5,0.0,37.5,10.0,221.5,3.0,150.0,595.0,0.0,937.5,13.0,1550.5,121.0,141.0,3.0,24.0,117.5,659.5,34.0,0.0,362.5,0.0,873.5,25.0,523.5,0.0,407.5,571.0,93.5,54.5,0.0,7.0,,,39.0
2024-06-16,150.5,328.0,281.0,617.5,257.5,184.5,267.5,850.5,280.0,1019.0,170.0,87.5,30.0,308.0,288.5,354.0,457.0,293.0,507.0,270.0,128.0,139.5,342.0,,233.5,383.5,158.0,509.0,130.0,44.0,82.5,678.5,526.0,174.0,194.0,393.0,217.5,,,427.0
2024-06-17,117.5,0.0,1.5,2.0,54.0,82.5,55.0,17.0,1.5,312.5,4.5,225.5,0.0,9.0,0.0,236.0,0.0,10.5,36.0,7.0,23.5,38.0,3.5,13.0,1.0,0.0,0.5,0.0,38.5,0.5,112.5,0.0,4.0,262.0,4.5,3.5,,,,417.0
2024-06-18,,,,,,88.0,,,,,,,,,398.0,,,,,,,,,,,,,,113.5,,,,,,,,,,,
2024-06-19,470.0,0.0,0.0,0.0,0.0,1.5,0.0,0.0,0.0,0.0,0.0,0.0,294.0,0.0,0.0,320.0,11.0,0.0,0.0,0.0,0.0,549.5,42.0,428.0,0.0,0.0,0.0,0.0,18.0,0.0,0.0,0.0,527.5,0.0,386.0,0.0,10.0,,,12.0
2024-06-20,300.0,0.0,0.0,2563.5,4953.0,475.5,368.0,1199.0,82.5,4061.5,290.5,314.5,2766.5,4436.0,0.0,475.5,51.5,99.5,1031.0,216.0,1043.0,299.5,0.0,582.5,131.5,69.0,788.0,196.0,3269.5,752.5,3973.5,0.0,261.0,315.5,1269.5,1555.5,371.0,,,0.0
2024-06-21,1879.0,452.5,1065.5,1068.5,0.0,365.5,504.5,66.5,63.0,34.5,240.5,11.5,25.5,375.0,1235.0,0.0,529.5,818.5,387.5,1770.5,201.0,1188.5,583.5,245.0,62.5,411.0,453.5,329.5,1213.5,26.0,128.5,627.0,60.5,9.0,222.5,122.0,433.0,,,0.0
2024-06-22,2829.5,358.0,122.5,702.0,767.5,771.5,981.5,2061.0,146.0,232.5,1067.5,1317.5,285.5,553.5,259.5,1527.5,444.5,599.5,325.0,675.0,127.5,4314.5,158.0,746.5,300.0,999.5,187.0,714.0,276.5,324.5,2083.0,1168.0,85.5,1570.5,756.5,129.5,489.5,,,807.0
2024-06-23,590.5,275.0,238.0,180.5,283.0,221.5,252.0,308.0,226.0,350.0,199.0,170.0,106.0,192.0,129.0,281.0,243.0,163.5,189.0,246.0,175.0,601.0,237.5,224.5,193.0,200.0,186.5,190.5,393.5,106.0,263.5,190.0,105.0,244.5,235.0,188.0,279.0,,,305.0
2024-06-24,0.0,0.0,0.0,0.0,0.0,2.5,0.0,0.0,0.0,0.0,0.0,0.0,0.0,0.0,15.0,0.0,0.0,0.0,0.0,0.0,0.0,0.0,0.0,0.0,0.0,0.0,0.0,0.0,5.0,0.0,0.0,0.0,0.0,0.0,,0.0,0.0,,,0.0
2024-06-25,129.0,126.5,143.5,0.0,231.5,0.0,0.0,0.0,0.0,315.0,137.0,0.0,0.0,250.5,0.0,0.0,0.0,0.0,216.5,21.0,0.0,15.5,0.0,222.0,0.0,0.0,0.0,0.0,62.0,0.0,0.0,0.0,0.0,0.0,392.5,117.0,0.0,,,0.0
2024-06-26,0.0,0.0,0.0,0.0,0.0,0.0,0.0,0.0,0.0,0.0,0.0,0.0,0.0,0.0,0.0,0.0,0.0,0.0,0.0,0.0,0.0,0.0,0.0,0.0,0.0,21.0,0.0,0.0,1.5,0.0,0.5,0.0,0.0,0.0,0.0,0.0,0.0,,,0.0
2024-06-27,779.0,1437.0,553.0,830.5,1120.5,478.5,454.0,147.5,1887.0,234.5,0.0,111.5,2530.0,499.5,1195.0,2048.5,1449.5,1256.5,737.0,1783.0,1295.0,1350.0,2215.5,232.5,2168.0,1133.0,1255.0,1593.5,420.5,1562.5,1302.0,3146.0,2757.5,174.0,21.5,807.5,768.0,,,661.5
2024-06-28,181.5,0.0,0.0,0.0,0.0,7.5,0.0,0.0,0.0,0.0,51.0,21.5,0.0,0.0,0.0,0.0,0.0,0.0,0.0,0.0,0.0,120.0,0.0,82.0,0.0,0.0,0.0,0.0,78.5,0.0,0.0,0.0,0.0,0.0,37.0,0.0,0.0,,,0.0
2024-06-29,75.5,283.5,366.5,669.0,102.0,239.0,230.5,55.0,649.0,0.0,305.0,44.0,219.0,536.5,41.5,755.0,924.5,681.5,531.0,1044.5,771.5,125.5,819.0,623.5,1286.5,468.5,875.0,572.5,132.5,271.0,288.5,811.5,2072.0,52.0,468.5,706.0,31.0,,,1554.5
2024-06-30,518.0,63.0,119.0,112.5,73.5,33.0,62.0,60.0,123.0,91.5,122.0,89.5,105.5,103.5,283.5,101.0,164.0,331.5,38.5,278.5,104.0,530.5,239.0,621.5,73.0,105.0,144.0,103.0,194.0,510.0,40.0,205.5,76.0,133.5,,36.0,189.0,,,253.5
2024-07-01,23.0,353.0,331.5,132.5,172.5,128.0,87.5,87.5,992.5,0.0,43.0,44.0,550.5,222.0,453.5,262.5,360.0,297.5,266.5,293.0,374.0,49.5,360.0,0.0,684.0,388.0,420.5,589.0,0.0,2463.5,131.0,490.0,726.5,87.0,,264.5,738.5,,,264.0
2024-07-02,0.0,0.0,0.0,28.0,0.0,1.5,0.0,0.0,42.5,0.0,0.0,0.0,0.0,0.0,0.0,0.0,42.0,0.0,0.0,0.0,0.0,0.0,0.0,16.0,139.5,0.0,0.0,42.0,0.0,42.5,16.5,41.0,42.5,0.0,,42.5,85.5,,,23.5
2024-07-03,2024.5,42.0,61.5,278.0,1159.0,151.5,225.0,575.0,811.0,1259.0,1167.5,136.0,1956.5,91.5,549.5,273.0,394.5,201.5,135.5,481.5,661.0,658.5,488.5,1780.5,935.5,214.0,529.0,680.0,1210.0,620.0,659.0,390.5,906.5,110.0,,99.5,0.0,,,168.5
2024-07-04,74.0,93.5,47.5,48.0,48.0,8.0,0.5,55.0,46.5,20.5,47.5,8.0,72.5,129.0,43.5,0.0,94.5,0.0,47.5,47.0,76.5,77.0,47.5,102.5,45.5,47.5,111.0,93.5,95.5,80.5,73.5,121.0,78.5,42.5,,46.5,46.0,,,48.0
2024-07-05,587.5,5931.0,4194.5,1267.0,1089.0,1675.0,1903.5,2160.0,3650.0,641.5,1582.5,1556.0,1104.0,1343.5,2165.0,2821.0,3536.5,2446.0,2028.0,2253.5,1704.5,547.5,3220.5,780.0,3789.0,2284.5,1828.5,3124.5,575.5,1764.0,1321.0,4244.5,367.5,1758.0,,1720.5,3233.5,,,3470.0
2024-07-06,191.0,0.0,0.0,104.0,39.0,412.0,380.5,722.0,777.5,145.5,664.0,348.5,1083.0,98.0,57.5,0.0,0.0,0.0,323.0,0.0,164.5,99.5,0.0,612.5,317.0,30.0,244.5,342.5,0.0,995.5,500.5,116.0,0.0,247.5,,447.5,463.5,,,0.0
2024-07-07,78.0,37.0,38.5,34.0,55.0,36.0,0.0,0.0,75.0,40.0,0.0,0.0,0.0,33.5,105.0,56.5,34.5,34.5,35.0,63.0,0.0,46.5,36.5,58.5,38.5,34.0,0.0,35.5,38.0,36.0,33.0,35.5,0.0,0.0,,33.5,116.5,,,69.5
2024-07-08,0.0,0.0,0.0,0.0,0.0,0.5,16.0,497.5,0.0,0.0,392.5,405.0,145.0,0.0,0.0,0.0,0.0,0.0,0.0,0.0,0.0,0.0,0.0,1130.5,0.0,0.0,0.0,0.0,0.0,0.0,0.0,0.0,0.0,409.0,,0.0,0.0,,,0.0
2024-07-09,127.0,96.5,148.0,595.5,1065.0,559.0,641.5,568.5,151.0,1240.5,222.0,128.5,104.5,516.5,215.5,160.5,110.0,257.0,982.0,430.5,1028.5,108.5,124.0,456.0,88.5,208.5,1098.0,263.0,117.0,287.0,189.0,95.5,57.0,147.0,,588.0,1.0,,,118.5
2024-07-10,734.0,587.0,386.5,2119.5,460.5,499.0,429.5,559.5,1354.5,991.5,505.5,1228.5,1487.0,2025.5,527.5,432.5,493.5,608.5,2495.5,1474.5,1787.5,713.5,371.0,1194.0,1455.0,973.0,2078.0,1748.5,1296.0,932.5,1254.5,1269.5,0.0,1595.5,,1862.0,1204.5,,,274.5
2024-07-11,0.0,0.0,0.0,0.0,0.0,20.0,0.0,0.0,27.5,0.0,0.0,0.0,21.0,0.0,6.0,25.5,0.0,0.0,35.5,27.5,0.0,0.0,0.0,0.0,50.0,0.0,0.0,0.0,0.0,0.0,0.0,0.0,0.0,0.0,0.0,0.0,0.0,,,0.0
2024-07-12,41.5,0.0,0.0,0.0,10.0,0.0,0.0,0.0,43.0,823.0,18.0,0.0,0.0,0.0,18.0,23.5,0.0,11.0,0.0,0.0,14.0,28.5,0.0,562.0,35.5,0.0,0.0,1.0,657.5,0.0,10.0,0.0,0.0,0.0,455.0,0.0,8.5,,,99.5
2024-07-13,0.0,0.0,39.0,0.0,0.0,0.0,24.5,37.0,221.0,0.0,0.0,0.0,86.5,0.0,1.0,26.0,0.0,0.0,38.5,0.0,110.0,23.5,0.0,0.0,215.0,0.0,132.5,150.0,0.0,90.0,37.0,80.5,46.0,37.0,29.0,58.0,286.0,,,0.0
2024-07-14,0.0,12.5,12.5,0.0,0.0,0.0,0.0,0.0,9.0,0.0,0.0,0.0,0.0,0.0,21.5,0.0,0.0,0.0,0.0,0.0,0.0,0.0,0.0,0.0,0.0,0.0,0.0,0.0,1000.0,0.0,60.0,50.5,0.0,0.0,0.0,0.0,34.5,,,0.0
2024-07-15,0.0,0.0,0.0,34.5,0.0,0.0,0.0,0.0,0.0,0.0,0.0,0.0,0.0,0.0,1.0,0.0,0.0,0.0,0.0,0.0,0.0,0.0,0.0,0.0,0.0,0.0,0.0,0.0,19.5,0.0,46.5,0.0,0.0,0.0,0.0,0.0,0.0,,,13.5
2024-07-16,0.0,856.0,420.5,12.5,0.0,0.0,0.0,0.0,0.0,0.0,0.0,0.0,0.0,26.0,95.0,12.0,396.0,36.5,117.0,12.5,0.0,0.0,213.0,0.0,0.0,567.5,0.0,189.5,0.0,0.0,0.0,527.5,0.0,0.0,0.0,2.5,21.5,,,0.0
2024-07-17,0.0,79.0,187.5,0.0,0.0,0.0,0.0,0.0,0.0,0.0,0.0,0.0,0.0,0.0,5.0,0.0,0.0,0.0,0.0,39.0,108.0,0.0,0.0,0.0,0.0,0.0,126.0,0.0,0.0,0.0,0.0,123.5,288.5,0.0,0.0,0.0,0.0,,,0.0
2024-07-18,92.0,397.0,565.0,0.0,11.0,,551.0,10.5,5.5,75.0,140.0,0.0,0.0,0.0,26.5,33.5,12.5,0.0,0.0,0.0,0.0,0.0,61.0,0.0,6.0,24.5,0.0,8.5,269.5,7.0,131.5,10.0,0.0,0.0,11.0,0.0,198.0,,,167.0
2024-07-19,13.5,138.0,317.5,25.0,268.0,160.5,132.5,172.0,737.0,834.0,273.5,99.5,901.5,178.5,586.5,982.5,317.5,188.0,312.5,372.0,263.5,0.0,294.5,221.0,618.0,196.5,323.0,89.5,852.0,869.0,123.0,66.0,34.0,94.0,485.5,101.0,718.5,,,731.5
2024-07-20,107.5,43.5,0.0,0.0,0.0,9.0,5.0,4.5,44.0,13.0,113.0,0.0,0.0,3.5,0.0,26.0,0.0,0.0,0.0,0.0,0.0,207.0,0.0,606.0,2.5,45.5,0.0,0.0,101.0,0.0,0.0,22.5,0.0,1.0,439.0,0.0,0.0,,,30.5
2024-07-21,77.5,0.0,0.0,0.0,94.0,0.0,25.5,0.0,0.0,48.0,24.0,0.0,0.0,0.0,0.0,56.5,6.5,10.5,0.0,0.0,0.0,94.5,20.5,71.0,0.0,0.0,0.0,0.0,61.5,0.0,72.5,0.0,0.0,0.0,46.0,0.0,0.0,,,169.5
2024-07-22,0.0,0.0,0.0,0.0,0.0,0.0,0.0,0.0,1099.0,0.0,0.0,0.0,0.0,0.0,0.0,0.0,0.0,0.0,0.0,0.0,0.0,0.0,0.0,0.0,1064.5,0.0,0.0,0.0,0.0,0.0,0.0,0.0,0.0,0.0,0.0,0.0,989.5,,,0.0
2024-07-23,0.0,0.0,0.0,0.0,0.0,0.0,0.0,0.0,0.0,32.5,0.0,0.0,0.0,0.0,0.0,0.0,0.0,0.0,0.0,0.0,0.0,0.0,0.0,0.0,0.0,0.0,0.0,0.0,0.0,0.0,0.0,0.0,0.0,0.0,0.0,0.0,0.0,,,0.0
2024-07-24,0.0,0.0,0.0,0.0,0.0,0.0,0.0,0.0,0.0,0.0,0.0,0.0,0.0,0.0,,0.0,0.0,0.0,0.0,0.0,0.0,0.0,0.0,0.0,0.0,0.0,0.0,0.0,0.0,0.0,0.0,0.0,0.0,0.0,0.0,0.0,0.0,,,0.0
2024-07-25,0.0,0.0,0.0,0.0,0.0,0.0,0.0,0.0,0.0,0.0,0.0,0.0,0.0,0.0,0.0,0.0,0.0,0.0,0.0,0.0,0.0,0.0,0.0,0.0,0.0,0.0,0.0,0.0,0.0,0.0,0.0,0.0,0.0,0.0,7.5,0.0,0.0,,,0.0
2024-07-26,0.0,0.0,0.0,0.0,0.0,0.0,0.0,0.0,0.0,0.0,0.0,0.0,0.0,0.0,0.0,0.0,0.0,0.0,0.0,0.0,0.0,0.0,0.0,0.0,0.0,0.0,0.0,0.0,0.0,0.0,0.0,0.0,0.0,0.0,0.0,3.5,0.0,,,0.0
2024-07-27,0.0,0.0,0.0,0.0,0.0,0.0,0.0,0.0,0.0,0.0,0.0,0.0,0.0,0.0,0.0,0.0,0.0,0.0,0.0,0.0,0.0,0.0,0.0,0.0,0.0,0.0,0.0,0.0,0.0,0.0,0.0,0.0,0.0,0.0,0.0,0.0,0.0,,,0.0
2024-07-28,0.0,242.5,5.5,333.5,0.0,0.0,0.0,0.0,10.5,0.0,0.0,0.0,0.0,708.5,0.0,27.0,0.0,0.0,23.5,152.5,268.0,0.0,0.0,0.0,0.0,88.0,428.0,0.0,469.0,0.0,13.0,4.5,166.5,0.0,0.0,159.5,0.0,,,25.5
2024-07-29,0.0,0.0,46.5,17.0,0.0,0.0,0.0,0.0,0.0,0.0,0.0,0.0,0.0,180.0,0.0,123.5,0.0,0.0,35.5,0.0,0.0,0.0,0.0,13.0,0.0,0.0,0.0,0.0,0.0,0.0,0.0,0.0,0.0,0.0,0.0,22.5,0.0,,,0.0
2024-07-30,2465.5,99.5,324.5,376.0,594.5,159.5,152.5,105.5,11.5,26.5,132.5,75.0,34.5,539.5,77.0,984.5,1089.0,2847.5,2630.5,2976.0,849.5,1804.0,458.0,532.5,23.5,2235.5,628.0,66.5,1670.0,0.0,137.5,74.0,133.5,71.5,562.5,1670.5,12.0,,,1652.0
2024-07-31,0.0,0.0,0.0,0.0,0.0,0.0,0.0,0.0,0.0,42.0,0.0,0.0,0.0,46.0,21.5,0.0,0.0,0.0,0.0,0.0,0.0,14.0,0.0,0.0,0.0,0.0,0.0,46.0,16.5,26.0,0.0,30.5,35.5,0.0,0.0,32.5,21.0,,,0.0
2024-08-01,162.5,0.0,0.0,23.5,0.0,854.5,663.5,1213.0,0.0,89.5,68.0,51.0,186.5,0.0,0.0,57.5,0.0,0.0,0.0,0.0,0.0,121.0,0.0,163.5,24.0,0.0,0.0,24.0,,0.0,0.0,0.0,0.0,105.0,573.5,0.0,0.0,,,0.0
2024-08-02,201.0,314.5,299.5,1787.0,4333.0,2146.0,1293.0,1150.5,522.5,613.5,778.0,343.5,424.5,613.5,286.5,826.0,363.5,304.0,538.0,398.5,1411.0,136.5,278.0,463.0,281.0,243.0,1290.0,160.0,,649.0,3080.0,360.0,2175.0,467.5,579.0,852.5,439.5,,,369.0
2024-08-03,24.5,0.0,0.0,0.0,30.0,0.0,38.5,0.0,0.0,0.0,0.0,0.0,0.0,0.0,20.0,0.0,0.0,0.0,0.0,0.0,0.0,57.0,0.0,0.0,0.0,0.0,0.0,0.0,284.5,0.0,0.0,0.0,0.0,0.0,0.0,0.0,0.0,,,0.0
2024-08-04,538.0,159.5,12.5,302.5,10.5,58.0,54.0,31.0,814.5,73.5,373.5,659.0,899.0,277.5,162.0,27.0,1076.5,936.5,504.5,1346.5,1398.5,592.0,1022.0,934.5,1136.0,674.0,1458.5,1698.5,216.0,719.0,213.0,840.5,231.5,677.5,614.0,745.0,254.0,,,314.0
2024-08-05,72.0,0.0,0.0,0.0,0.0,0.0,0.0,0.0,0.0,39.0,36.5,0.0,0.0,0.0,0.0,0.0,0.0,0.0,0.0,44.5,37.5,24.0,0.0,0.0,0.0,0.0,30.0,30.5,0.0,0.0,0.0,0.0,0.0,0.0,48.0,0.0,24.5,,,0.0
2024-08-06,0.0,6.0,16.0,0.0,17.0,6.5,2.5,2.0,758.5,69.5,394.0,0.0,22.5,1069.0,27.0,0.0,0.0,0.0,935.5,22.0,145.0,0.0,0.0,560.5,1002.0,0.0,182.5,0.0,0.0,40.0,27.0,0.0,76.0,0.0,530.0,416.0,0.0,,,0.0
2024-08-07,62.5,129.5,199.0,140.0,33.5,34.5,54.5,68.0,171.0,33.5,59.5,28.5,307.5,361.0,153.5,68.0,219.0,225.0,771.5,333.5,367.5,192.5,159.0,331.0,131.0,585.0,362.5,124.5,63.5,714.0,67.5,152.5,286.0,63.5,54.5,471.0,394.5,,,0.0
2024-08-08,562.5,0.0,0.0,0.0,46.5,42.0,71.5,180.5,94.5,531.5,315.5,48.0,71.0,74.0,1.5,46.0,23.0,38.5,42.0,0.0,40.5,520.5,0.0,488.5,137.0,23.0,17.0,42.5,477.5,47.5,40.0,48.0,41.5,43.5,520.5,65.0,28.0,,,0.0
2024-08-09,0.0,0.0,0.0,2306.0,818.0,435.5,473.0,213.0,326.0,1003.0,0.0,384.0,3793.0,2150.5,0.0,670.5,42.0,135.5,1039.5,72.5,1754.5,235.5,85.5,184.5,0.0,171.5,1416.0,0.0,79.0,472.0,563.5,0.0,2078.5,425.5,40.5,1435.0,893.0,,,0.0
2024-08-10,695.5,26.0,158.5,446.0,253.0,306.5,271.5,509.5,0.0,160.5,69.0,10.5,509.5,245.0,82.0,154.0,165.5,78.0,164.5,88.0,417.0,539.0,160.0,161.5,0.0,198.5,384.5,4.5,74.0,148.0,124.5,63.0,525.5,10.5,251.5,229.0,0.0,,,0.0
2024-08-11,1263.5,583.0,583.0,1417.5,2792.5,2974.0,2777.5,2695.0,436.5,,3265.5,2302.5,2501.5,1208.5,412.0,1998.0,924.5,1368.0,1160.0,1669.0,931.0,1308.0,672.0,5603.5,604.5,1071.5,975.0,699.5,,1159.0,2599.5,723.0,1728.5,2233.5,3121.5,1226.5,453.0,,,0.0
2024-08-12,31.5,80.5,80.5,0.0,48.0,0.0,53.0,48.0,222.0,,47.5,0.0,92.5,48.0,32.0,74.5,81.0,80.5,93.5,47.0,125.5,28.5,47.0,47.0,169.0,47.0,94.0,111.5,,183.5,60.5,80.5,138.0,47.0,87.0,74.0,187.5,,,24.0
2024-08-13,0.0,0.0,0.0,0.0,0.0,0.0,0.0,0.0,0.0,,0.0,0.0,0.0,37.5,,0.0,0.0,0.0,203.5,0.0,0.0,0.0,0.0,0.0,0.0,0.0,0.0,0.0,,0.0,0.0,0.0,0.0,0.0,0.0,61.5,0.0,,,0.0
2024-08-14,475.0,1198.5,1732.0,0.0,0.0,416.0,371.0,279.5,34.0,,134.5,25.0,0.0,42.5,2253.0,62.0,536.0,165.5,0.0,101.0,29.5,1116.5,538.0,198.0,72.0,105.0,59.5,95.0,,165.5,141.0,170.0,0.0,25.5,421.5,0.0,145.0,,,180.5
2024-08-15,605.5,1921.0,1182.0,646.0,282.0,1883.0,1380.0,2768.5,2070.5,,3893.0,1170.5,1045.5,2297.0,397.5,433.5,452.0,518.5,1038.0,1333.5,272.5,1929.5,386.0,943.5,1738.5,648.5,317.5,771.0,,1403.5,403.0,993.5,329.0,1350.5,1298.5,804.0,4122.0,,,176.5
2024-08-16,0.0,30.5,74.0,1734.0,449.5,1176.0,1274.5,3486.0,22.0,721.0,750.0,2866.5,1849.5,2337.0,24.0,367.5,84.0,508.0,2935.0,1269.5,2214.5,116.0,47.5,362.5,24.0,257.5,1639.0,347.0,,138.0,1720.0,54.0,1152.0,2760.5,319.0,2831.5,0.0,,,510.0
2024-08-17,0.0,0.0,0.0,0.0,34.0,0.0,0.0,0.0,0.0,,235.0,0.0,0.0,0.0,0.0,0.0,27.5,0.0,72.0,0.0,22.5,0.0,0.0,127.0,41.0,24.5,18.5,19.5,,0.0,44.0,38.5,0.0,0.0,614.0,150.0,0.0,,,25.5
2024-08-18,3296.0,1729.0,1965.5,1770.5,2153.5,682.0,862.0,760.5,625.0,,1540.5,3276.0,3695.5,1357.5,1558.0,2457.5,1520.5,1616.0,1351.5,2584.5,2754.0,2426.0,1840.5,1230.0,556.5,1212.5,2672.5,896.0,,5983.5,963.5,820.5,5129.0,2660.0,1157.5,1999.0,1223.0,,,772.5
2024-08-19,105.0,0.0,17.5,0.0,7.0,0.0,25.5,0.0,0.0,,0.0,0.0,32.5,0.0,0.0,0.0,0.0,0.0,0.0,0.0,203.5,167.0,0.0,0.0,0.0,0.0,41.0,0.0,,0.0,0.0,0.0,19.5,0.0,0.0,0.0,0.0,,,0.0
2024-08-20,214.0,405.5,485.5,222.5,552.0,1780.5,1315.5,2013.0,238.5,,2408.5,730.0,161.0,288.0,336.5,515.0,1658.0,536.5,394.0,415.5,1689.5,40.5,1212.5,497.5,304.5,986.0,1171.5,439.5,,226.5,1534.5,762.5,218.0,660.5,826.0,326.0,308.5,,,672.0
2024-08-21,300.0,1434.0,1438.5,3192.0,1250.0,2153.0,2286.5,2129.5,1892.5,,1675.0,1828.0,1117.5,2294.5,1646.0,1777.5,1278.5,1507.0,4465.0,1766.0,1620.0,228.0,1359.5,1312.0,1523.0,1291.0,2111.0,1694.5,,1415.0,1508.0,1688.0,1903.0,2639.5,1400.0,3668.5,1256.5,,,2280.5
2024-08-22,1585.5,1363.5,1735.0,934.0,617.5,494.0,282.0,535.5,587.5,1491.0,723.5,195.5,1811.5,1503.5,767.5,793.0,2222.0,2035.0,2129.5,2380.0,2019.0,1033.0,1837.5,1240.0,940.0,2042.0,1683.5,1972.5,,732.5,462.0,1566.5,2884.0,264.5,1424.0,1701.5,246.5,,,1395.0
2024-08-23,81.0,119.5,90.5,0.0,110.0,80.0,81.0,76.5,124.5,139.5,117.5,0.0,97.0,40.5,77.0,84.5,72.5,42.0,72.0,80.0,111.0,87.0,92.0,99.0,69.0,44.5,84.0,71.5,,109.5,112.0,120.0,112.0,120.0,83.0,82.5,79.5,,,91.0
2024-08-24,41.0,0.0,12.5,784.0,1658.5,2524.5,2272.0,1547.5,0.0,120.5,1491.5,699.0,41.5,244.0,0.0,1758.0,487.0,517.5,394.5,722.0,210.5,701.0,137.0,1872.5,0.0,108.5,285.0,12.5,,13.0,1030.5,0.0,1067.0,669.5,1741.5,755.0,0.0,,,1296.5
2024-08-25,,13.0,49.0,0.0,59.5,3.0,21.5,130.0,0.0,76.0,36.0,6.0,48.0,0.0,37.5,124.5,89.0,165.5,5.0,186.0,32.0,397.5,199.5,75.5,0.0,31.5,51.0,14.0,,0.0,48.5,38.0,23.5,0.0,34.5,16.5,0.5,,,48.0
2024-08-26,1653.5,1608.5,1597.0,433.5,1091.5,1136.5,1450.0,443.0,435.5,149.0,799.0,915.5,1833.0,490.0,1253.0,1643.0,1683.5,1416.0,636.5,1595.5,1246.5,1040.5,1543.0,1552.0,739.5,1439.0,1043.0,795.5,,1457.0,2025.5,1009.0,1621.5,1115.0,861.0,883.5,450.5,,,1071.5
2024-08-27,698.5,1382.5,1016.0,1363.5,1581.0,1880.0,1145.5,1014.0,321.5,1062.0,715.5,1353.0,1091.5,1808.5,1083.0,1428.5,803.5,992.5,2525.0,1238.0,1630.0,648.0,737.5,371.5,361.0,490.5,1701.5,940.0,,831.5,1124.5,1467.5,1178.0,1354.5,470.0,2144.5,228.5,,,869.0
2024-08-28,766.5,341.0,824.0,1879.5,1191.5,374.5,526.0,461.0,140.5,650.5,505.0,1350.0,995.5,913.0,1625.5,1972.5,2163.5,1330.0,864.0,1942.0,304.5,794.5,1383.0,508.5,163.5,2617.5,236.0,297.0,,383.5,649.0,655.0,95.0,1568.0,535.5,305.0,156.5,,,1847.0
2024-08-29,3952.5,1051.5,1028.5,2337.0,5542.5,2541.0,2557.0,3406.5,625.0,3848.0,4491.5,1133.0,1615.0,2663.5,1052.0,3011.0,1226.0,1638.0,3685.0,2363.5,3426.0,3414.5,1377.5,1926.5,1238.0,1509.5,3179.5,1128.0,,1565.0,2925.5,829.5,3024.5,1459.5,2959.0,3522.5,751.0,,,3125.0
2024-08-30,,0.0,0.0,0.0,0.0,0.0,0.0,0.0,0.0,0.0,0.0,0.0,0.0,0.0,0.0,0.0,0.0,0.0,0.0,0.0,0.0,0.0,0.0,0.0,0.0,0.0,0.0,0.0,,0.0,0.0,0.0,0.0,0.0,0.0,0.0,0.0,,,0.0
2024-08-31,0.0,0.0,0.0,672.0,0.0,13.0,24.0,38.0,0.0,265.0,0.0,238.0,0.0,112.0,0.5,1684.5,0.0,195.0,36.0,1035.0,0.0,0.0,0.0,0.0,1.0,0.0,0.0,0.0,0.0,0.0,16.5,0.0,0.0,189.5,0.0,9.5,15.5,,,140.5
2024-09-01,64.0,106.5,27.0,0.0,27.0,0.0,0.0,0.0,41.5,195.0,0.0,11.0,27.5,0.0,74.0,533.5,97.5,118.5,24.5,134.0,183.5,29.5,163.5,14.0,81.0,0.0,128.5,0.0,36.5,1163.0,0.0,186.0,135.0,0.0,0.0,45.0,233.0,,,714.5
2024-09-02,82.5,1386.5,1817.0,479.0,59.0,68.5,66.0,100.0,340.0,74.0,359.5,0.0,27.0,338.0,,835.0,852.5,466.5,518.5,341.0,128.0,83.5,241.5,172.5,620.0,575.0,142.0,723.5,0.0,0.0,718.0,1279.0,197.0,0.0,383.5,283.0,621.0,,,1841.0
2024-09-03,26.5,57.0,285.0,28.0,65.5,59.0,26.0,652.0,25.5,96.5,144.5,0.0,15.5,0.0,356.0,45.0,926.5,113.0,4.0,70.0,0.0,20.5,806.5,767.0,33.5,0.0,0.0,199.0,35.0,131.5,34.0,97.0,557.5,0.0,308.5,33.0,6.0,,,43.0
2024-09-04,586.5,308.0,264.0,298.0,385.0,435.5,424.5,367.5,316.5,295.5,468.0,257.5,480.0,333.5,154.0,343.5,393.0,396.5,494.5,385.0,490.5,1021.5,25.5,1043.5,295.5,0.0,534.5,356.0,542.0,263.5,388.0,356.0,486.5,371.0,471.5,399.0,272.0,,,343.0
2024-09-05,16.5,0.0,29.0,0.0,0.0,0.0,0.0,0.0,0.0,0.0,23.5,0.0,28.5,0.0,0.0,0.0,0.0,0.0,0.0,0.0,0.0,23.0,21.5,24.5,0.0,0.0,23.5,0.0,45.0,0.0,0.0,0.0,24.5,0.0,0.0,0.0,0.0,,,46.0
2024-09-06,29.0,0.0,0.0,0.0,0.0,,0.0,0.0,0.0,0.0,0.0,0.0,0.0,0.0,0.0,24.5,0.0,0.0,0.0,0.0,0.0,0.0,0.0,186.5,0.0,0.0,0.0,0.0,0.0,0.0,0.0,0.0,0.0,0.0,0.0,0.0,0.0,,,0.0
2024-09-07,2.5,15.5,50.0,274.0,124.5,2.0,0.0,0.0,220.0,21.0,0.0,40.0,0.0,208.5,239.0,0.0,3.5,0.0,363.5,0.0,309.5,6.5,0.0,37.5,27.0,0.0,233.5,13.0,25.0,5.0,268.5,78.0,0.0,80.0,103.0,406.5,109.5,,,0.0
2024-09-08,514.0,1584.0,1026.5,802.5,1058.5,836.5,1055.0,779.0,3133.5,863.0,678.0,899.0,1654.0,780.5,901.5,1104.0,1070.5,972.5,1045.5,1053.5,1149.5,686.0,0.0,563.0,3305.0,800.0,1204.5,2429.5,590.0,1698.5,920.5,3158.0,1357.0,1150.5,599.0,1130.0,3011.5,,,1413.5
2024-09-09,545.0,1602.0,1365.5,603.5,648.5,499.5,539.0,464.0,1301.0,547.0,368.5,446.5,1044.5,702.0,1388.5,1020.5,2760.0,1421.0,790.0,1403.5,890.5,621.0,0.0,327.0,3157.0,1781.5,879.0,2935.5,543.0,2066.5,615.0,7489.5,1105.0,501.0,302.5,754.0,1977.5,,,1233.5
2024-09-10,524.5,542.0,741.5,22.0,138.5,300.0,118.5,96.0,290.0,490.0,104.5,52.5,904.0,43.5,164.5,59.5,9.0,11.0,10.5,11.5,28.0,271.5,16.0,53.5,341.5,0.0,148.0,396.0,43.0,41.0,258.0,667.5,1058.0,64.5,38.5,36.5,483.5,,,160.5
2024-09-11,87.0,0.0,0.0,0.0,0.0,0.0,0.0,0.0,54.0,31.0,31.0,0.0,0.0,0.0,0.0,0.0,0.0,0.0,35.5,0.0,35.5,91.5,0.0,30.0,51.0,0.0,0.0,0.0,53.5,0.0,0.0,18.5,0.0,30.0,0.0,0.0,0.0,,,0.0
2024-09-12,118.0,1154.0,109.0,41.5,0.0,88.5,71.0,362.0,696.5,19.0,511.0,125.0,995.5,39.5,0.0,0.0,29.0,0.0,1000.0,0.0,100.0,256.5,0.0,499.5,68.0,0.0,168.5,0.0,0.0,873.0,37.5,1160.5,359.5,83.5,544.0,84.0,1146.0,,,23.5
2024-09-13,237.0,0.0,0.0,0.0,0.0,39.5,0.0,66.0,0.0,0.0,0.0,0.0,0.0,0.0,0.0,0.0,89.5,0.0,22.5,0.0,0.0,250.5,0.0,0.0,0.0,18.5,0.0,0.0,0.0,0.0,0.0,41.5,0.0,0.0,67.5,0.0,0.0,,,0.0
2024-09-14,0.0,0.0,0.0,0.0,0.0,0.0,0.0,0.0,0.0,0.0,0.0,0.0,0.0,0.0,,0.0,0.0,0.0,0.0,0.0,0.0,0.0,0.0,0.0,0.0,0.0,0.0,0.0,0.0,0.0,0.0,0.0,0.0,0.0,0.0,0.0,0.0,,,0.0
2024-09-15,0.0,0.0,0.0,0.0,0.0,0.0,0.0,0.0,0.0,0.0,0.0,0.0,0.0,0.0,0.0,0.0,0.0,0.0,0.0,0.0,0.0,0.0,0.0,0.0,0.0,0.0,0.0,0.0,0.0,0.0,0.0,0.0,0.0,0.0,0.0,0.0,0.0,,,0.0
2024-09-16,0.0,0.0,0.0,0.0,0.0,0.0,0.0,0.0,0.0,0.0,0.0,0.0,0.0,0.0,0.0,0.0,0.0,0.0,0.0,0.0,0.0,0.0,0.0,0.0,0.0,0.0,0.0,0.0,0.0,0.0,0.0,0.0,0.0,0.0,0.0,0.0,0.0,,,0.0
2024-09-17,0.0,0.0,0.0,0.0,0.0,0.0,0.0,0.0,0.0,0.0,0.0,0.0,0.0,0.0,0.0,0.0,0.0,0.0,0.0,0.0,0.0,0.0,0.0,0.0,0.0,0.0,0.0,0.0,0.0,0.0,0.0,0.0,0.0,0.0,0.0,32.0,26.0,,,0.0
2024-09-18,71.5,0.0,0.0,0.0,22.0,38.0,37.5,72.0,0.0,149.5,37.0,0.0,0.0,0.0,0.0,0.0,0.0,0.0,0.0,0.0,0.0,113.5,0.0,176.5,0.0,0.0,0.0,0.0,151.0,0.0,15.5,0.0,0.0,0.0,75.0,0.0,0.0,,,0.0
2024-09-19,0.0,0.0,0.0,0.0,0.0,0.0,0.0,0.0,0.0,0.0,0.0,0.0,0.0,0.0,0.0,0.0,0.0,0.0,0.0,0.0,0.0,23.5,0.0,0.0,0.0,0.0,0.0,0.0,0.0,0.0,0.0,0.0,0.0,0.0,0.0,0.0,0.0,,,0.0
2024-09-20,0.0,0.0,64.0,0.0,0.0,0.0,0.0,0.0,0.0,0.0,0.0,0.0,0.0,0.0,164.5,12.0,0.0,0.0,0.0,0.0,0.0,0.0,0.0,0.0,0.0,0.0,0.0,0.0,0.0,0.0,0.0,0.0,0.0,0.0,0.0,0.0,0.0,,,149.5
2024-09-21,17.5,1430.0,1888.5,0.0,0.0,0.0,0.0,0.0,333.0,23.0,191.5,0.0,357.0,30.0,142.5,47.5,301.0,150.5,60.0,342.0,815.0,0.0,0.0,18.5,506.5,47.0,824.5,1335.5,56.5,0.0,0.0,749.5,667.0,0.0,38.5,507.0,42.5,,,30.5
2024-09-22,64.5,2194.0,1884.5,880.5,1574.5,1765.0,1631.0,625.0,14.5,1008.0,249.0,1060.5,0.0,440.5,59.0,119.0,1065.5,792.0,750.0,818.0,1533.0,71.5,0.0,131.0,0.0,59.0,1282.5,71.0,59.0,0.0,858.5,210.5,38.5,1168.0,151.0,1292.0,0.0,,,831.5
2024-09-23,0.0,0.0,0.0,0.0,0.0,0.0,0.0,0.0,0.0,0.0,44.5,0.0,0.0,0.0,39.0,43.5,27.0,0.0,34.0,46.5,0.0,24.5,0.0,0.0,0.0,0.0,0.0,0.0,0.0,0.0,0.0,0.0,0.0,0.0,14.0,0.0,0.0,,,0.0
2024-09-24,0.0,5.5,4.5,247.5,0.0,195.5,263.5,107.0,0.0,0.0,487.5,435.0,11.0,0.0,0.0,0.0,59.0,8.5,0.0,26.0,0.0,0.0,0.0,532.0,0.0,0.0,0.0,0.0,76.5,0.0,10.0,0.0,0.0,503.0,690.5,0.0,0.0,,,0.0
2024-09-25,927.5,807.5,643.0,146.0,566.0,137.0,100.5,395.5,1490.0,1158.5,584.0,76.5,2057.5,1018.0,880.5,605.0,382.0,360.5,872.0,268.5,2305.0,942.0,0.0,2214.0,1700.0,879.5,2848.5,1051.5,1316.5,941.0,110.0,641.0,982.0,118.5,1621.5,1909.5,1156.0,,,689.5
2024-09-26,24.0,0.0,0.0,0.0,0.0,0.0,0.0,22.0,75.0,4.5,39.5,30.5,33.5,0.0,0.0,43.5,0.0,0.0,0.0,0.0,0.0,0.0,0.0,14.5,101.0,0.0,0.0,20.5,0.0,28.0,31.0,25.0,0.0,23.5,38.0,0.0,43.5,,,0.0
2024-09-27,0.0,0.0,0.0,0.0,0.0,0.0,22.0,0.0,0.0,0.0,0.0,0.0,0.0,0.0,0.0,0.0,0.0,0.0,0.0,0.0,0.0,0.0,0.0,0.0,0.0,0.0,0.0,0.0,0.0,0.0,0.0,0.0,0.0,0.0,0.0,0.0,0.0,,,0.0
2024-09-28,0.0,0.0,0.0,0.0,0.0,0.0,0.0,0.0,0.0,0.0,0.0,0.0,0.0,0.0,0.0,0.0,0.0,0.0,0.0,0.0,0.0,0.0,0.0,0.0,0.0,0.0,0.0,0.0,0.0,0.0,0.0,0.0,0.0,0.0,0.0,0.0,0.0,,,0.0
2024-09-29,1258.0,213.0,416.0,177.0,354.0,297.5,292.0,304.5,1051.5,310.0,745.0,187.5,205.0,313.5,1387.0,689.5,238.0,220.5,1045.5,180.5,341.5,781.5,0.0,202.5,410.5,27.0,442.5,121.0,674.5,297.0,182.5,169.0,315.0,265.5,335.0,418.0,2052.0,,,1049.0
2024-09-30,277.5,2087.0,101.0,31.0,31.5,21.5,0.0,0.0,34.5,35.5,104.5,0.0,175.0,452.5,490.5,96.0,98.0,32.5,848.0,64.5,617.0,1083.0,28.5,796.0,82.5,227.0,608.5,1729.0,314.5,177.5,31.0,2006.5,230.0,0.0,442.5,648.5,69.0,,,95.5
2024-10-01,104.5,0.0,0.0,0.0,0.0,517.0,251.5,40.0,0.0,0.0,29.5,20.0,25.0,0.0,23.0,0.0,0.0,0.0,0.0,29.5,0.0,82.0,0.0,0.0,0.0,0.0,0.0,28.5,57.0,0.0,19.5,27.5,0.0,20.0,0.0,0.0,0.0,,,0.0
2024-10-02,467.0,1569.0,2066.5,972.0,2889.5,2775.5,2319.0,1189.5,1923.5,1308.0,498.0,950.5,968.5,2230.5,1042.0,1781.5,2640.5,2512.5,1396.0,1970.0,1038.0,545.5,2694.5,469.0,2481.0,1159.0,1061.0,2261.5,464.5,1338.5,2229.0,2047.5,1251.0,902.0,381.5,1809.5,2204.5,,,2564.0
2024-10-03,0.0,0.5,0.0,0.0,0.0,0.0,0.0,21.0,27.0,0.0,0.0,0.0,0.0,0.0,81.5,0.0,0.0,0.0,0.0,0.0,0.0,65.0,0.0,49.5,25.0,0.0,20.0,0.0,188.5,0.0,0.0,0.0,0.0,0.0,0.0,0.0,0.0,,,0.0
2024-10-04,324.0,792.0,93.0,98.5,183.0,91.5,101.5,173.0,1133.0,756.5,114.5,175.0,1268.5,267.5,50.0,46.0,69.0,0.0,255.5,42.5,412.5,212.5,42.5,479.0,568.0,85.5,384.0,266.0,388.5,1627.0,781.5,361.0,840.0,203.5,1301.5,341.5,2078.5,,,530.0
2024-10-05,,,,,,206.0,,,,,,,,,188.0,,,,,,,,,,,,,,,,,,,,,,,,,
2024-10-06,0.0,27.5,0.0,335.0,1129.0,0.0,0.0,19.0,35.5,17.5,559.0,0.0,0.0,927.0,7.5,244.0,0.0,0.0,259.0,42.0,0.0,30.5,0.0,50.5,0.0,0.0,0.0,0.0,23.0,0.0,24.5,0.0,109.0,0.0,19.0,133.5,47.0,,,0.0
2024-10-07,132.5,111.5,419.5,0.0,19.5,144.5,70.0,113.5,145.0,68.0,113.5,325.0,0.0,22.5,1157.5,671.0,69.0,90.0,70.0,125.5,0.0,0.0,69.5,43.5,71.5,126.0,20.5,0.0,176.0,0.0,0.0,23.5,0.0,641.5,64.0,66.5,339.0,,,962.0
2024-10-08,23.5,0.0,0.0,0.0,0.0,0.0,0.0,38.0,56.5,0.0,0.0,0.0,0.0,0.0,58.5,0.0,0.0,0.0,0.0,0.0,0.0,0.0,0.0,26.5,19.5,0.0,0.0,0.0,0.0,24.5,0.0,0.0,0.0,0.0,0.0,0.0,98.0,,,34.5
2024-10-09,187.5,315.0,21.0,150.0,39.5,0.0,0.0,0.0,0.0,0.0,0.0,1058.5,0.0,956.0,0.5,140.0,149.0,751.5,,715.5,19.5,17.0,216.0,0.0,24.5,43.0,0.0,226.5,0.0,0.0,0.0,602.5,43.5,1519.0,0.0,0.0,0.0,,,377.0
2024-10-10,72.5,213.0,151.5,144.5,306.5,75.5,94.5,85.5,32.5,295.5,0.0,704.0,1.0,0.0,114.5,96.0,138.5,48.5,0.0,24.0,270.0,8.5,175.0,8.0,0.0,0.0,27.0,0.0,64.0,0.0,117.5,0.0,0.0,782.5,95.5,79.5,100.0,,,78.5
2024-10-11,,8374.5,6125.5,5309.0,4367.5,,877.5,1265.0,3041.0,1551.5,1455.0,909.0,2150.5,3847.5,1855.5,9741.5,7634.5,4630.0,,4322.5,3244.0,459.5,7934.5,2747.0,5291.5,5473.5,3410.5,6157.5,1439.0,2288.5,2913.5,6632.5,2811.5,860.0,2133.0,3696.5,2908.0,,,9447.5
2024-10-12,0.0,0.0,55.5,0.0,0.0,25.5,27.0,0.0,0.0,16.0,0.0,0.0,0.0,0.0,50.5,26.5,0.0,0.0,0.0,0.0,0.0,21.5,0.0,25.0,0.0,0.0,45.0,0.0,23.5,29.5,14.5,27.5,0.0,32.5,0.0,0.0,0.0,,,0.0
2024-10-13,631.0,9.0,0.0,338.0,994.5,1257.0,1413.0,626.0,0.0,468.0,81.0,1835.0,717.5,492.0,87.5,326.5,19.5,10.5,549.5,13.5,727.0,149.5,10.0,1133.0,16.0,185.0,323.5,332.5,415.0,76.0,1216.5,324.0,1192.5,1562.0,658.5,1223.5,0.0,,,365.0
2024-10-14,270.0,200.0,133.0,2119.0,3008.5,1984.5,1607.5,1833.5,429.0,,2967.5,732.5,4173.5,1000.0,10.0,2081.5,514.0,770.0,1607.0,384.5,2345.0,192.0,336.0,5380.5,126.5,750.0,2414.5,379.0,643.5,256.0,3910.5,170.0,4816.5,739.0,3212.5,1312.0,0.0,,,1647.5
2024-10-15,329.0,176.0,148.5,729.5,1580.5,31.0,31.5,89.0,39.0,,304.5,115.0,752.0,88.5,0.5,1324.5,1159.5,367.5,351.5,268.0,619.5,937.0,621.0,1440.0,0.0,85.5,485.0,78.5,965.0,10.0,14.5,17.0,229.5,285.5,1042.5,103.0,24.5,,,745.5
2024-10-16,25.0,574.0,175.5,0.0,0.0,0.0,0.0,86.5,1769.5,479.0,487.0,691.0,475.5,175.0,23.5,0.0,175.0,86.0,971.0,12.5,745.0,15.0,47.5,826.0,876.5,749.0,586.0,947.0,7.5,155.0,453.0,589.0,492.5,945.5,631.5,1284.0,232.0,,,0.0
2024-10-17,1138.5,923.0,1980.0,441.5,778.5,1127.5,1028.0,652.0,966.5,1044.0,948.5,232.0,343.0,276.0,2649.0,1075.0,886.0,646.5,384.5,601.5,462.5,1248.5,1009.5,751.5,953.0,885.5,519.0,1068.0,792.5,1335.5,1186.5,1024.5,611.0,282.5,1029.5,387.5,1061.0,,,2078.0
2024-10-18,561.0,4.0,2.0,56.5,148.5,,121.5,30.0,26.5,85.5,47.0,5.0,263.0,16.5,36.5,26.0,1.0,1.0,18.0,32.0,56.5,310.0,0.5,254.5,131.0,60.0,50.5,222.5,834.5,140.0,177.5,9.0,121.0,15.5,99.5,23.5,37.0,,,0.5
2024-10-19,204.5,227.0,230.0,45.0,129.0,,71.0,87.5,160.5,104.0,120.0,0.0,75.5,82.5,261.0,175.5,166.0,136.5,128.5,124.0,68.5,548.5,181.5,360.0,88.0,137.0,81.0,134.0,122.0,82.0,113.5,136.0,63.5,91.5,452.5,83.0,219.0,,,270.0
2024-10-20,510.5,55.0,33.5,130.5,232.5,,477.0,443.0,34.0,1508.0,1063.0,900.0,72.5,460.5,17.0,308.5,63.0,154.0,130.5,144.5,210.0,1086.5,52.5,1048.0,92.5,82.5,190.0,87.0,866.5,42.5,436.0,127.5,211.5,828.0,1174.0,212.0,86.0,,,111.5
2024-10-21,43.5,0.0,0.0,0.0,43.5,,48.0,23.5,0.0,41.0,0.0,12.0,26.0,17.5,38.5,31.5,0.0,0.0,39.0,0.0,37.5,0.0,0.0,0.0,79.5,0.0,43.0,47.5,0.0,0.0,42.5,20.5,35.5,12.0,27.5,53.5,24.5,,,0.0
2024-10-22,0.0,0.0,18.0,17.0,0.0,,0.0,0.0,0.0,0.0,0.0,0.0,0.0,0.0,0.5,0.0,0.0,0.0,0.0,34.5,0.0,0.0,0.0,0.0,0.0,0.0,0.0,0.0,0.0,0.0,0.0,0.0,0.0,0.0,0.0,0.0,0.0,,,0.0
2024-10-23,0.0,0.0,0.0,0.0,0.0,0.0,0.0,0.0,0.0,0.0,0.0,0.0,0.0,0.0,0.0,0.0,0.0,0.0,0.0,0.0,0.0,0.0,0.0,0.0,0.0,0.0,0.0,0.0,0.0,0.0,0.0,0.0,0.0,0.0,0.0,0.0,0.0,,,0.0
2024-10-24,0.0,0.0,0.0,30.0,0.0,,0.0,0.0,0.0,0.0,0.0,0.0,0.0,0.0,0.0,0.0,0.0,0.0,0.0,0.0,0.0,0.0,0.0,0.0,0.0,0.0,0.0,0.0,0.0,0.0,0.0,0.0,0.0,0.0,0.0,0.0,0.0,,,0.0
2024-10-25,0.0,0.0,0.0,0.0,0.0,,0.0,0.0,0.0,0.0,0.0,0.0,0.0,90.0,0.0,0.0,0.0,0.0,88.5,0.0,0.0,0.0,0.0,0.0,0.0,0.0,0.0,0.0,0.0,0.0,0.0,0.0,0.0,0.0,0.0,99.0,0.0,,,0.0
2024-10-26,,,,,,,,,,,,,,,,,,,,,,,,,,,,,,,,,,,,,,,,
2024-10-27,0.0,0.0,11.5,0.0,0.0,,0.0,0.0,0.0,0.0,0.0,0.0,0.0,0.0,8.0,0.0,0.0,0.0,0.0,0.0,0.0,0.0,0.0,0.0,0.0,0.0,0.0,43.0,0.0,0.0,0.0,0.0,0.0,0.0,0.0,0.0,0.0,,,0.0
2024-10-28,0.0,654.0,367.0,451.5,722.0,,0.0,0.0,0.0,0.0,16.0,0.0,0.0,0.0,300.5,910.0,388.5,155.5,31.5,92.0,0.0,0.0,1039.0,0.0,42.5,103.0,0.0,251.5,0.0,50.5,681.5,219.0,125.5,0.0,0.0,0.0,249.0,,,480.5
2024-10-29,0.0,0.0,0.0,0.0,25.0,,0.0,0.0,20.5,0.0,0.0,0.0,157.0,0.0,30.0,0.0,0.0,0.0,0.0,0.0,0.0,0.0,0.0,0.0,0.0,0.0,0.0,0.0,0.0,0.0,0.0,0.0,0.0,0.0,0.0,0.0,0.0,,,0.0
2024-10-30,0.0,932.5,1083.0,544.5,1634.0,,1090.0,1469.5,315.5,298.0,178.0,430.5,367.5,1582.5,341.0,2129.5,443.5,817.5,658.0,1755.0,1591.5,0.0,585.0,1081.0,77.5,1418.0,1400.0,1711.5,47.5,2248.0,1304.5,188.5,3720.5,,1634.0,1749.0,98.0,,,2390.0
2024-10-31,120.0,660.0,17.0,940.5,121.5,,1066.5,1805.0,286.5,1554.0,2281.5,1624.5,311.5,898.0,46.0,121.5,59.0,57.5,1779.0,556.0,577.0,78.5,0.0,144.5,132.5,525.0,467.5,122.5,21.5,1471.5,535.5,56.0,1054.0,1886.5,738.0,278.5,32.0,,,925.0
2024-11-01,72.5,0.0,0.0,0.0,0.0,,104.0,91.5,0.0,392.0,99.0,436.0,0.0,27.5,0.5,0.0,0.0,0.0,13.5,0.0,0.0,307.5,0.0,0.0,0.0,0.0,0.0,0.0,0.0,0.0,0.0,0.0,63.5,744.5,44.5,0.0,0.0,,,0.0
2024-11-02,0.0,0.0,0.0,0.0,0.0,,0.0,0.0,0.0,0.0,41.5,0.0,0.0,0.0,0.0,0.0,0.0,52.5,26.5,70.0,0.0,142.0,0.0,529.0,0.0,0.0,0.0,0.0,0.0,0.0,0.0,0.0,0.0,0.0,,0.0,0.0,,,0.0
2024-11-03,511.5,256.0,0.0,0.0,0.0,,363.0,0.0,0.0,0.0,18.0,163.5,0.0,144.5,0.0,131.5,920.0,977.0,269.5,554.5,150.5,457.0,1557.5,27.5,0.0,1560.5,566.0,0.0,714.5,0.0,46.0,19.5,173.5,144.0,61.0,42.5,0.0,,,919.0
2024-11-04,59.0,17.0,152.5,266.0,17.5,,43.5,372.5,0.0,18.5,745.0,0.0,271.0,477.0,0.0,786.0,53.5,480.5,0.0,413.5,554.5,0.0,0.0,223.0,0.0,0.0,52.0,0.0,504.5,0.0,503.5,0.0,45.5,0.0,108.5,53.0,0.0,,,769.5
2024-11-05,300.0,0.0,15.0,0.0,179.5,,0.0,147.5,0.0,642.5,41.0,7.0,82.0,0.0,0.0,0.0,0.0,0.0,0.0,0.0,0.0,118.5,0.0,503.0,20.5,13.5,25.0,5.5,685.5,185.5,0.0,0.0,0.5,22.5,498.5,0.0,0.0,,,82.0
2024-11-06,551.5,554.0,1039.5,0.0,83.0,,0.0,0.0,227.5,9.0,0.0,46.0,286.5,12.5,105.0,66.5,95.5,15.0,15.0,51.0,399.0,567.0,121.5,36.0,220.5,14.5,206.0,138.5,39.5,684.5,9.5,1373.5,0.0,69.0,92.0,37.0,189.0,,,1406.0
2024-11-07,268.0,505.0,744.0,70.0,514.5,,300.5,1067.0,0.0,1004.5,34.5,64.0,1659.5,154.0,339.0,445.0,3495.0,813.0,89.0,101.5,644.5,558.0,2410.5,17.0,0.0,193.0,308.0,1205.0,74.0,0.0,1909.5,550.0,595.0,104.0,46.5,400.0,0.0,,,1127.0
2024-11-08,40.0,436.0,188.0,0.0,83.5,,186.5,72.0,89.5,136.5,76.5,205.5,603.0,88.0,293.0,108.0,784.0,155.0,0.0,44.5,63.0,0.0,535.0,99.0,147.5,80.0,0.0,85.0,0.0,477.5,95.0,468.0,245.0,124.0,14.5,12.0,185.0,,,57.0
2024-11-09,19.0,295.5,316.0,22.0,0.0,,0.0,83.0,255.5,0.0,142.5,0.0,0.0,0.0,210.5,0.0,21.5,0.0,0.0,0.0,0.0,476.5,23.5,96.0,86.5,0.0,0.0,0.0,1387.0,39.5,0.0,43.0,0.0,22.5,78.0,47.5,279.5,,,0.0
2024-11-10,781.5,1.0,0.0,0.0,787.5,,260.5,839.5,6.5,19.5,723.5,0.0,1282.0,1609.0,4.5,18.0,248.0,130.5,266.0,71.5,848.5,291.5,162.0,617.5,74.5,16.0,703.5,0.0,0.0,0.0,236.5,67.0,1500.0,16.0,961.5,752.5,17.5,,,0.0
2024-11-11,90.0,138.0,54.0,0.0,63.5,,204.0,1280.0,284.0,335.5,348.0,0.0,783.0,52.5,89.5,0.0,26.5,0.0,79.5,0.0,184.5,618.5,0.0,52.0,246.0,26.0,189.0,168.0,72.0,226.5,1013.5,140.5,214.0,0.0,45.0,126.5,2153.5,,,0.0
2024-11-12,,0.0,0.0,0.0,31.0,,0.0,0.0,0.0,543.0,11.5,0.0,0.0,0.0,1.5,173.0,0.0,0.0,15.0,0.0,0.0,236.0,0.0,24.0,0.0,0.0,0.0,0.0,222.5,0.0,14.5,0.0,0.0,0.0,47.0,26.0,0.0,,,235.0
2024-11-13,,0.0,0.0,23.5,23.0,,0.0,0.0,271.0,0.0,0.0,0.0,108.5,0.0,1198.0,0.0,0.0,0.0,0.0,0.0,0.0,43.0,0.0,0.0,260.5,0.0,0.0,21.0,0.0,470.5,55.5,21.0,327.5,12.5,0.0,0.0,474.0,,,0.0
2024-11-14,654.0,0.0,0.0,24.0,0.0,,844.0,112.5,0.0,886.5,14.0,2241.5,27.5,0.0,26.0,0.0,0.5,0.0,0.0,0.0,0.0,143.5,0.0,341.0,0.0,0.0,25.0,0.0,671.5,44.0,442.0,0.0,0.0,2300.0,14.5,0.0,0.0,,,45.5
2024-11-15,555.5,634.0,47.5,70.5,517.0,,1230.0,1512.0,154.0,,1747.0,,460.0,52.0,26.5,39.5,77.5,25.0,26.5,169.0,32.5,578.0,120.0,1842.5,81.5,52.5,53.0,38.5,324.5,822.0,309.0,50.0,131.5,,2848.0,17.5,73.0,,,43.0
2024-11-16,39.0,97.5,230.0,226.0,690.0,,250.5,458.5,26.0,50.5,338.5,791.5,25.5,0.0,0.0,50.5,0.0,0.0,11.5,0.0,43.5,23.5,48.0,153.5,0.0,70.0,24.0,46.0,18.0,7.5,118.0,65.5,22.5,982.5,172.5,25.5,0.0,,,0.0
2024-11-17,,0.0,0.0,38.5,8.5,,6.0,91.5,161.5,58.5,528.5,40.0,0.0,89.5,57.5,0.0,0.0,0.0,90.0,189.0,0.0,527.5,0.0,639.0,95.5,0.0,0.0,130.0,1442.0,33.0,6.5,23.5,0.0,15.5,537.5,22.5,1056.0,,,6.5
2024-11-18,,113.0,213.0,516.0,421.0,,171.5,218.0,125.0,266.0,551.0,44.5,22.5,568.5,248.5,115.0,68.0,66.5,391.0,91.0,25.0,55.0,77.5,241.5,78.0,30.0,41.5,27.5,125.0,15.5,154.0,52.5,16.0,44.5,-9762.5,169.5,204.5,,,147.5
2024-11-19,,194.0,154.0,59.0,71.0,,1452.5,918.5,621.5,785.0,483.0,1555.0,287.5,295.0,359.0,150.0,203.0,141.0,169.5,128.5,143.0,326.0,205.5,535.0,471.5,157.5,108.5,256.0,660.0,1103.5,1608.0,191.5,367.0,1550.0,1105.0,157.5,1506.0,,,101.5
2024-11-20,,1143.5,1064.5,1144.0,886.5,514.0,787.5,708.5,1591.5,806.0,787.5,742.0,1787.5,1836.0,1025.0,1196.5,1337.0,1304.5,2329.5,1437.0,2603.0,1268.5,1348.0,1493.5,1565.0,1340.5,2602.0,1378.5,1456.0,2330.5,827.5,1350.0,2302.5,996.0,1046.0,2243.0,1053.5,,,1218.5
2024-11-21,,0.0,0.0,0.0,637.0,,239.5,170.0,0.0,307.5,304.0,273.0,0.0,0.0,0.0,62.0,0.0,0.0,0.0,0.0,0.0,559.0,0.0,874.5,0.0,0.0,0.0,0.0,155.0,0.0,485.0,0.0,0.0,222.0,147.0,0.0,0.0,,,0.0
2024-11-22,,500.0,370.0,119.0,69.0,,243.5,1492.0,1806.5,208.5,731.0,565.0,961.0,84.0,976.0,1499.5,576.0,274.0,1302.5,399.0,799.0,14.5,454.0,274.0,1813.5,188.5,977.0,438.0,222.0,1001.0,280.5,564.5,1795.5,439.0,492.0,795.5,274.0,,,934.0
2024-11-23,,0.0,0.0,111.0,79.0,,0.0,15.0,0.0,0.0,1002.5,9.0,0.0,0.0,24.0,1146.0,0.0,65.5,59.5,222.5,7.0,910.5,0.0,1588.0,0.0,26.5,10.0,12.0,291.0,0.0,0.0,0.0,42.0,8.5,1337.5,43.5,0.0,,,195.0
2024-11-24,,530.0,618.0,0.0,19.0,,0.0,20.5,17.5,0.0,0.0,40.5,279.0,0.0,0.0,179.0,251.5,142.5,27.5,142.0,243.0,450.0,169.0,328.5,309.0,41.0,317.0,778.5,0.0,0.0,17.5,606.5,975.5,73.0,62.5,0.0,44.5,,,339.0
2024-11-25,,51.5,25.5,24.5,25.0,,24.0,48.5,50.5,22.5,23.0,23.5,48.5,25.0,25.5,24.5,25.5,50.0,25.0,23.5,144.5,138.5,25.0,9.0,76.5,25.5,103.5,24.5,0.0,0.0,24.5,36.0,299.0,40.0,22.5,25.0,52.5,,,24.0
2024-11-26,107.0,581.5,137.0,677.0,2003.5,,400.0,1059.0,49.5,2144.0,659.0,333.5,1884.0,319.0,35.5,38.5,91.0,5.0,24.0,3.5,347.0,338.5,164.5,631.5,15.0,8.5,131.0,9.0,858.0,34.5,2149.0,9.0,238.5,344.0,525.0,291.0,48.0,,,76.5
2024-11-27,,561.0,188.5,1286.0,559.0,,705.0,91.5,284.5,980.5,19.5,176.0,534.0,586.5,69.0,1464.5,1266.0,2536.5,627.5,1418.0,462.0,536.0,969.5,579.0,417.0,1333.5,508.0,482.0,316.5,437.5,126.5,280.0,585.5,415.5,622.5,475.0,176.5,,,167.0
2024-11-28,1638.5,565.0,412.0,222.5,2139.5,,891.0,692.0,248.5,182.5,150.0,313.0,,161.0,477.0,575.5,307.0,236.0,172.5,252.0,157.5,716.0,336.0,297.5,333.5,279.0,144.5,192.5,1533.0,42.5,1455.5,401.5,80.0,464.5,203.5,128.5,48.0,,,1068.5
2024-11-29,419.5,569.5,429.5,607.5,163.5,,79.0,225.5,500.0,900.0,198.0,331.0,,714.0,540.5,1378.0,726.0,270.5,678.0,200.5,1203.5,168.5,745.5,373.0,588.0,210.5,1083.5,885.0,386.0,735.0,130.5,336.0,1305.0,337.5,88.0,388.5,670.5,,,1175.0
2024-11-30,0.0,25.0,0.0,0.0,0.0,,0.0,23.5,66.0,0.0,0.0,0.0,,47.5,25.5,0.0,0.0,0.0,0.0,25.0,42.0,13.0,45.5,33.0,0.0,0.0,0.0,0.0,0.0,0.0,32.0,0.0,0.0,0.0,22.0,44.0,26.5,,,0.0
2024-12-01,40.0,0.0,0.0,24.0,76.5,,819.5,216.0,227.0,0.0,0.0,0.0,,0.0,0.0,11.5,26.0,27.0,67.5,13.5,212.0,0.0,0.0,0.0,182.0,0.0,127.0,246.0,293.5,412.0,238.5,66.0,271.0,0.0,0.0,24.0,331.0,,,0.0
2024-12-02,131.5,1003.5,1062.5,128.0,347.5,,187.0,0.0,43.0,2149.0,46.0,47.5,,327.5,1788.0,1297.0,552.0,550.0,425.5,689.0,48.0,68.5,601.0,239.0,137.5,978.0,91.0,231.0,419.5,0.0,90.5,471.5,140.5,94.5,46.0,132.0,134.0,,,1331.0
2024-12-03,72.5,255.5,604.0,825.5,92.5,,194.0,180.5,1929.0,565.0,139.5,271.0,111.5,1140.0,717.0,244.0,251.5,159.5,1479.5,369.5,852.5,25.5,102.5,700.0,1607.5,642.5,980.5,693.5,1265.0,102.0,2321.5,522.0,559.5,511.5,282.0,1443.5,2102.0,,,144.5
2024-12-04,54.5,58.0,15.0,0.0,179.5,,0.0,0.0,372.5,457.0,8.5,0.0,28.5,0.0,417.5,215.0,202.5,114.5,0.0,80.5,0.0,11.0,169.0,9.0,375.5,0.0,0.0,54.5,250.0,48.0,5.0,0.0,117.0,0.0,45.0,27.0,539.5,,,78.0
2024-12-05,268.5,1075.5,1719.0,128.5,173.0,55.5,51.5,152.0,444.0,73.0,58.0,,1605.0,95.5,784.0,168.5,1426.0,631.0,268.0,343.5,1704.5,379.5,1197.0,655.0,255.0,1585.5,2377.5,1531.0,115.5,674.5,126.5,1936.5,2009.5,11.0,675.5,245.5,207.0,,,245.5
2024-12-06,169.5,0.0,0.0,0.0,0.0,,0.0,44.0,29.5,0.0,0.0,0.0,24.0,0.0,0.0,73.0,26.0,44.5,40.5,0.0,0.0,130.5,91.0,42.5,0.0,0.0,42.5,0.0,44.5,0.0,25.5,38.0,37.0,0.0,,0.0,0.0,,,25.5
2024-12-07,0.0,0.0,33.0,0.0,413.5,,126.0,0.0,0.0,13.0,0.0,131.5,0.0,50.5,0.0,0.0,0.0,0.0,29.0,0.0,0.0,16.0,0.0,0.0,0.0,0.0,0.0,0.0,0.0,0.0,91.5,0.0,0.0,204.0,0.0,0.0,0.0,,,0.0
2024-12-08,0.0,116.5,204.0,27.5,177.5,,688.0,275.5,0.0,19.0,20.0,258.5,26.5,118.0,573.0,577.5,1032.0,513.5,87.0,762.5,201.0,0.0,846.5,73.5,564.5,1165.0,133.0,2635.5,20.0,208.5,301.5,144.5,527.5,190.5,0.0,208.0,30.5,,,801.5
2024-12-09,528.0,405.0,477.0,45.5,68.0,,142.5,371.0,43.0,76.5,641.5,2868.5,219.0,248.0,875.5,132.5,324.0,287.0,130.0,275.0,202.5,621.5,427.0,51.0,84.0,214.5,259.5,262.5,155.0,39.0,481.0,354.0,587.0,2719.5,75.5,159.5,316.5,,,296.5
2024-12-10,545.5,70.5,14.5,230.0,374.5,,97.0,71.0,487.0,84.0,12.0,0.0,69.5,0.0,68.5,202.5,173.0,266.0,56.5,927.0,72.0,405.0,198.5,13.5,207.5,344.0,,413.0,480.0,123.5,262.0,158.0,133.0,0.0,12.5,42.0,181.0,,,60.0
2024-12-11,111.5,43.0,42.0,30.0,63.5,135.5,114.0,192.0,60.0,249.5,1084.5,117.0,40.5,42.0,0.0,246.0,0.0,51.0,34.0,31.5,0.0,138.0,0.0,913.5,61.5,77.0,,0.0,151.5,0.0,264.5,20.5,0.0,111.5,694.0,73.0,0.0,,,100.5
2024-12-12,45.0,1405.5,375.0,112.5,30.0,447.0,223.5,84.0,173.0,56.0,192.0,0.0,150.0,72.0,2378.5,27.0,29.0,49.0,36.0,43.5,41.0,63.5,0.5,288.0,577.5,0.5,,372.5,55.0,208.0,153.5,947.5,24.5,1.5,735.0,58.5,20.5,,,47.5
2024-12-13,943.5,841.5,841.5,686.5,682.5,292.0,326.0,281.0,1147.5,699.5,323.0,368.0,568.0,442.0,949.5,811.0,716.5,613.0,597.0,703.5,698.0,971.0,816.5,299.5,1068.5,798.0,,845.5,1176.5,634.0,492.0,893.0,686.5,373.5,281.0,511.0,867.5,,,1175.5
2024-12-14,47.5,0.0,47.0,0.0,6.0,10.0,6.0,50.0,0.0,116.5,104.0,21.5,23.5,0.0,35.5,0.0,0.0,0.0,45.0,0.0,33.0,17.0,0.0,48.5,37.0,0.0,,0.0,0.0,0.0,0.0,23.5,33.5,13.5,4.5,19.0,22.0,,,0.0
2024-12-15,155.0,0.0,33.5,49.0,194.0,199.5,203.5,32.0,0.0,13.0,41.5,164.5,0.0,307.5,0.0,282.5,0.0,0.0,373.5,9.5,217.5,578.0,0.0,0.0,0.0,12.5,,0.0,0.0,0.0,269.0,0.0,0.0,123.0,0.0,232.0,0.0,,,252.0
2024-12-16,216.5,193.0,151.5,262.5,65.0,190.0,55.5,40.5,344.5,54.5,0.0,0.0,4.5,0.0,35.0,862.5,37.5,37.0,32.5,25.5,6.0,219.0,69.0,213.0,506.0,34.5,,97.0,181.5,458.5,536.5,80.0,6.0,0.0,156.0,25.5,32.5,,,912.0
2024-12-17,1294.5,150.5,109.5,348.5,705.0,2285.5,2035.0,1113.5,220.0,619.0,1035.0,1761.0,104.5,351.5,91.5,1841.5,196.5,126.0,246.0,166.5,138.5,1285.0,155.5,4297.5,175.5,138.5,144.5,281.0,1197.5,329.5,261.5,264.0,168.0,2150.5,3162.5,260.5,602.5,,,686.0
2024-12-18,1128.5,2381.0,2728.0,1534.5,270.5,624.0,437.0,901.0,1072.0,340.5,2506.5,2144.5,2375.0,2495.0,395.0,221.5,856.5,547.5,1865.5,1091.5,1446.0,947.5,1488.5,2868.5,2737.5,710.0,1201.0,2389.5,1622.5,2006.0,301.0,1994.5,2837.5,1858.0,2727.5,2146.0,510.5,,,391.0
2024-12-19,1572.5,923.0,765.0,717.0,922.5,932.0,855.5,1191.5,3661.0,2032.0,1164.0,2687.5,1536.0,2067.0,1888.0,847.5,977.5,1007.0,1385.0,997.5,1487.5,782.5,1000.0,1712.5,3042.5,920.0,1348.0,1190.0,1255.0,3714.5,1165.5,1717.0,2845.0,1993.0,1389.0,1166.0,2778.5,,,726.0
2024-12-20,97.0,2419.5,2333.5,975.0,849.0,552.0,492.0,957.0,2154.5,817.0,464.5,960.5,2414.0,1150.0,1763.5,1241.0,2097.0,1878.5,1446.5,1637.0,1921.0,88.5,1978.5,378.0,3422.0,1908.5,2024.0,2303.5,190.0,3611.0,806.0,2763.0,3042.0,712.0,408.0,1454.5,1612.0,,,1344.5
2024-12-21,288.5,1760.0,1510.0,438.0,609.5,969.5,816.5,219.5,1982.0,567.5,36.0,226.5,2387.5,1412.5,1260.5,504.0,973.5,830.5,1016.5,674.5,1535.0,,897.0,890.0,1069.0,913.5,1323.0,1044.0,560.0,1004.0,1229.0,1224.5,1909.0,257.5,519.5,1297.5,527.5,,,1086.5
2024-12-22,25.5,707.5,957.0,1673.5,1528.5,819.5,749.0,449.5,1038.0,1464.5,301.0,465.0,1640.0,3626.0,347.0,535.5,1313.0,1201.5,2880.5,1726.0,2117.5,49.0,1366.0,52.0,385.0,1246.5,2312.5,276.5,156.5,298.0,1422.5,767.0,933.0,712.5,77.5,2874.0,171.5,,,849.0
2024-12-23,185.0,0.0,13.0,40.0,0.0,0.0,0.0,0.0,0.0,0.0,0.0,0.0,0.0,0.0,0.0,0.0,0.0,0.0,0.0,0.0,38.0,228.0,0.0,0.0,0.0,0.0,120.0,0.0,196.5,5.0,0.0,0.0,123.5,0.0,0.0,16.5,0.0,,,0.0
2024-12-24,30.0,18.0,0.0,0.0,129.5,449.0,382.5,694.5,161.0,447.0,899.5,85.5,0.0,18.0,0.0,34.5,0.0,0.0,0.0,19.5,0.0,96.5,0.0,737.0,115.0,59.5,0.0,0.0,282.0,65.5,207.0,19.0,130.0,104.5,1625.0,0.0,0.0,,,147.5
2024-12-25,165.5,0.0,5.0,0.0,56.5,13.5,3.0,6.5,0.0,24.5,99.0,0.0,0.0,0.0,0.0,0.0,0.0,0.0,0.0,0.0,0.0,7.5,0.0,164.5,0.0,0.0,0.0,0.0,294.0,0.0,37.5,0.0,0.0,0.0,61.0,31.5,0.0,,,0.0
2024-12-26,,65.0,105.0,14.5,97.0,52.0,9.5,276.5,0.5,765.0,276.0,538.5,63.5,33.5,0.0,281.5,414.5,131.5,13.0,145.0,8.0,,575.0,1146.5,0.0,0.5,7.5,29.5,367.5,5.0,31.5,0.0,4.0,310.5,1326.0,49.0,102.0,,,115.0
2024-12-27,76.0,484.5,553.5,139.0,109.0,13.5,46.0,46.5,274.0,0.0,0.0,0.0,129.0,137.5,412.5,232.0,496.0,412.5,233.5,340.0,137.5,125.5,551.5,43.5,386.0,416.0,183.0,553.5,46.5,368.5,114.0,681.5,228.5,37.0,43.0,110.0,291.5,,,323.0
2024-12-28,0.0,0.0,0.0,0.0,0.0,92.5,90.0,243.5,21.5,112.0,120.5,0.0,0.0,72.5,24.5,96.0,73.5,25.0,23.5,51.5,50.0,0.0,25.0,199.0,15.5,68.0,24.5,0.0,0.0,0.0,69.5,23.0,63.0,15.0,501.5,15.5,0.0,,,0.0
2024-12-29,0.0,0.0,0.0,0.0,0.0,0.0,0.0,16.0,0.0,184.0,207.5,0.0,20.0,0.0,58.0,0.0,0.0,0.0,0.0,16.5,0.0,0.0,0.0,0.0,0.0,0.0,0.0,0.0,0.0,5.0,0.0,0.0,28.5,0.0,14.0,17.0,208.5,,,0.0
2024-12-30,53.5,0.0,0.0,0.0,0.0,186.0,454.5,20.5,238.5,0.0,247.5,120.0,108.0,0.0,0.0,0.0,0.0,0.0,0.0,0.0,107.0,134.0,0.0,21.0,213.0,0.0,40.5,0.0,370.0,835.5,106.0,0.0,56.5,115.5,75.0,0.0,0.0,,,0.0
2024-12-31,97.0,1894.0,1363.5,177.0,257.5,69.0,81.0,16.5,1310.5,7.0,44.0,21.5,753.5,372.0,1177.5,262.5,607.0,376.0,265.0,313.0,534.0,314.5,570.0,167.0,324.5,620.5,528.5,1143.0,156.5,895.0,361.0,1349.0,951.0,88.0,58.0,389.0,191.0,,,353.5
2025-01-01,35.5,3725.5,3432.0,1219.5,957.5,42.0,78.0,22.0,1556.0,172.0,41.5,42.5,4487.5,1019.0,3372.5,1577.5,4913.0,3887.5,2525.0,3844.5,4306.5,0.0,4194.5,24.5,1239.0,5383.0,4524.5,4627.0,41.0,3539.5,459.5,4873.0,5974.0,42.5,0.0,2142.5,1125.0,,,3681.5
2025-01-02,0.0,14.5,15.0,649.5,309.0,961.0,1151.0,163.5,370.5,0.0,13.0,692.5,0.0,100.0,0.0,411.0,137.5,208.5,64.0,79.0,96.5,0.0,61.5,246.0,44.5,257.0,99.5,0.0,25.0,34.5,532.5,14.5,0.0,971.5,38.5,73.5,30.0,,,326.0
2025-01-03,0.0,0.0,40.0,164.0,450.0,13.5,0.0,0.0,1134.0,0.0,24.0,33.0,0.0,224.5,0.0,106.0,18.5,43.5,347.0,28.5,314.0,0.0,1.5,0.0,460.5,36.5,,0.0,0.0,0.0,0.0,0.5,0.0,47.0,0.0,618.5,927.0,,,45.5
2025-01-04,1037.5,1975.5,781.0,222.0,793.0,465.0,455.5,467.0,3340.0,743.0,149.5,744.0,60.0,448.5,1871.5,532.5,501.0,370.5,315.5,386.0,524.5,974.5,500.5,384.5,3301.0,271.0,,1193.5,633.5,3947.0,757.5,1208.0,156.5,974.5,509.0,293.0,2055.5,,,420.5
2025-01-05,54.0,84.5,267.0,434.5,249.0,389.5,372.5,384.0,46.5,450.0,560.0,240.5,186.0,529.5,129.0,762.5,834.0,264.0,217.0,405.0,480.0,40.5,779.0,244.5,77.5,432.5,,86.0,28.0,178.0,154.5,88.5,281.5,298.0,110.5,234.5,23.0,,,880.0
2025-01-06,106.0,5940.0,4380.5,471.0,648.0,79.5,73.0,57.5,759.0,81.5,149.5,79.0,8335.0,978.0,5128.5,712.5,4378.5,1703.0,1731.0,1705.5,4114.0,31.5,3889.0,134.5,974.5,2830.5,,5491.5,58.5,526.0,553.5,9161.5,9967.5,22.5,300.5,2839.0,1867.0,,,916.5
2025-01-07,163.0,559.5,611.5,320.0,255.5,1944.5,1768.0,592.0,1491.5,1497.0,1511.0,224.0,1652.0,811.0,77.5,1065.5,503.5,625.5,889.5,918.0,1549.5,176.0,437.0,955.5,1983.0,482.5,,922.0,652.0,2704.5,1944.5,1085.5,2183.0,264.0,1089.0,1072.0,405.0,,,626.0
2025-01-08,506.0,2399.5,2184.0,452.5,292.5,188.0,199.5,57.0,3585.0,942.5,286.0,157.5,1321.0,949.5,3341.5,1351.0,3530.0,1191.0,690.0,839.5,1491.0,444.0,4112.0,1215.0,2187.5,1160.5,844.0,2275.5,442.5,241.0,816.0,2394.5,999.0,135.0,1290.0,1166.0,5828.5,,,4683.5
2025-01-09,30.0,2805.5,1230.5,1934.5,1356.0,77.5,81.0,160.5,4266.5,151.0,71.5,869.0,3204.5,660.5,1756.0,584.5,1009.0,953.0,3439.5,2648.0,3759.0,31.5,644.5,364.5,5332.5,3339.5,5242.5,7011.0,334.5,1784.5,173.0,5180.5,4051.0,882.5,351.0,1922.0,2875.0,,,344.5
2025-01-10,0.0,1160.5,916.5,173.0,329.5,246.0,328.5,195.5,299.5,155.5,0.0,392.0,3477.5,709.5,1246.0,900.5,927.0,533.0,553.0,414.5,1046.0,0.0,418.0,22.5,645.0,943.0,941.5,1892.5,-376.0,1028.5,248.0,885.0,857.5,500.0,39.5,691.0,918.5,,,316.5
2025-01-11,1067.0,642.0,782.5,842.0,1012.0,874.5,758.5,1613.5,378.5,676.5,1383.0,2235.5,2374.5,693.5,425.0,1217.5,1028.5,572.5,1399.0,617.5,1769.0,1246.5,1071.0,1391.5,386.0,1009.5,1761.0,762.5,820.0,1424.5,1893.5,1039.0,2785.0,1810.0,1380.0,1313.0,641.5,,,1561.0
2025-01-12,300.5,521.5,459.0,281.0,319.0,413.5,420.5,394.0,606.0,384.5,370.0,372.5,621.0,412.0,569.5,508.5,544.0,494.0,577.5,552.0,652.5,316.0,540.0,361.5,637.5,585.5,657.0,603.5,295.0,764.0,338.5,649.0,667.5,412.0,382.5,529.5,810.0,,,501.0
2025-01-13,1995.5,3394.0,1477.0,1054.0,335.0,805.5,683.5,860.5,538.5,584.5,1607.0,1783.5,2704.5,1640.0,696.0,618.0,1495.5,1367.5,733.0,1644.0,802.0,2464.0,1641.5,800.0,749.5,1118.0,889.5,3004.0,788.5,2111.0,384.0,2732.5,2547.0,1453.0,748.0,922.5,3332.0,,,899.5
2025-01-14,81.5,45.5,0.0,0.0,0.0,0.0,0.0,0.0,64.5,44.0,22.0,0.0,28.5,0.0,45.0,20.0,0.0,0.0,0.0,0.0,0.0,130.5,0.0,75.0,4.5,18.5,0.0,73.5,43.5,72.0,22.5,24.5,16.0,58.0,27.5,0.0,73.5,,,47.0
2025-01-15,141.5,0.0,0.0,0.0,0.0,0.0,0.0,0.0,1162.0,311.0,192.0,13.5,46.5,1.5,0.0,0.0,0.0,0.0,9.5,0.0,1.0,48.5,0.0,873.5,26.0,0.0,8.5,0.0,284.5,0.0,0.0,0.0,78.5,0.0,570.0,0.0,0.0,,,0.0
2025-01-16,388.0,356.5,275.5,76.0,213.0,167.5,168.0,92.5,578.0,309.0,60.5,84.0,1496.0,186.5,480.5,40.0,212.5,412.5,135.5,210.5,247.5,382.5,193.0,118.5,556.0,314.5,283.0,532.0,206.5,568.0,23.5,772.0,2063.0,137.5,171.5,141.0,1034.0,,,67.5
2025-01-17,104.0,1648.5,230.0,31.0,0.0,363.0,205.0,380.5,1217.5,43.0,116.5,271.5,219.5,233.5,357.5,72.5,108.0,3.0,42.0,27.0,181.0,116.0,461.5,896.5,297.5,96.0,87.5,96.0,627.0,177.5,120.5,508.5,555.0,361.0,709.0,206.5,1213.0,,,25.0
2025-01-18,853.0,131.5,539.5,418.5,687.5,525.5,446.0,804.5,2225.5,1049.5,1466.0,114.0,1818.0,875.0,562.0,602.5,209.0,99.5,1549.5,495.5,1192.0,1440.0,226.5,3012.0,1118.5,1169.0,1290.0,1032.5,483.5,1464.5,414.0,622.0,970.5,148.5,2468.5,1366.5,304.5,,,221.0
2025-01-19,2658.5,8030.0,7314.0,4181.5,5624.5,3473.5,3461.0,3040.5,8042.0,3629.0,3558.5,2252.5,5385.5,5301.0,7717.5,7196.0,8399.0,8817.5,7848.5,9577.0,8618.0,1779.5,8578.5,2981.0,8070.0,8733.0,8168.5,7850.5,2564.0,4576.5,3151.5,9845.5,4664.5,2072.5,2918.0,9109.0,7675.5,,,7181.0
2025-01-20,389.0,39.5,40.0,149.0,186.0,361.0,362.0,363.5,270.5,169.5,357.0,466.5,257.5,565.5,78.0,76.5,115.0,154.0,391.5,181.0,484.5,267.5,75.0,516.5,190.0,294.0,396.0,404.5,318.5,63.5,147.5,548.0,352.0,544.5,450.0,539.5,76.5,,,142.5
2025-01-21,894.0,3134.5,4057.0,1450.0,1644.5,2674.5,2193.0,3039.5,7857.5,3762.0,2384.5,2786.5,4168.0,1505.5,6638.0,860.0,2542.0,1587.0,1617.0,1466.5,1853.0,675.5,2578.0,3676.5,3074.0,1847.5,1655.0,2611.0,869.5,654.0,2184.5,2777.0,2823.0,2630.5,2810.0,1610.0,7250.5,,,1305.5
2025-01-22,2078.5,1507.0,1008.0,3672.5,3975.0,1159.0,1106.0,2087.5,1754.0,5530.5,2116.5,1461.5,7419.0,1651.0,1509.0,1731.0,1393.5,1110.5,2428.5,1896.0,3991.0,1700.0,1054.0,1537.5,1853.5,1595.5,3266.0,1210.5,2233.0,7763.0,1624.0,1051.5,6886.5,1384.5,1150.5,2341.0,2676.0,,,982.0
2025-01-23,849.0,813.5,748.0,500.0,581.0,881.5,999.5,579.5,4364.5,405.0,580.0,951.5,452.5,1176.0,1180.0,557.5,941.5,573.0,877.0,575.0,1137.0,514.5,922.5,567.5,4003.0,975.5,1226.5,1610.0,486.0,1823.0,540.5,1419.0,652.5,992.0,,1094.5,1148.0,,,517.5
2025-01-24,584.5,507.0,527.0,328.0,441.0,606.5,575.0,1119.0,1299.0,197.0,3454.5,1238.0,990.0,437.5,346.0,258.5,541.0,250.0,436.5,428.5,577.5,864.0,523.5,1454.0,1123.0,634.5,424.0,1119.0,2277.5,734.5,542.5,815.5,943.0,915.5,,443.5,451.5,,,772.5
2025-01-25,27.0,126.0,114.5,92.5,82.5,29.5,31.5,48.5,50.0,84.5,45.0,0.0,24.5,61.5,116.0,157.5,126.0,124.5,128.0,125.0,91.5,25.5,114.5,32.0,76.0,122.5,95.5,85.5,0.0,53.0,63.5,86.0,57.5,47.5,26.5,127.0,61.0,,,190.0
2025-01-26,4728.5,1485.5,1469.5,488.0,1061.5,507.5,483.0,643.0,1805.0,1367.5,434.0,417.0,1064.5,882.5,4304.5,816.5,1859.5,1446.5,957.5,1081.5,900.5,5561.0,1761.0,460.0,1262.0,888.0,793.5,1927.0,1248.0,1685.5,467.0,1403.0,1758.0,358.5,635.5,838.0,1541.0,,,713.5
2025-01-27,,35.0,13.0,150.5,216.0,371.5,493.5,644.5,166.5,276.0,457.0,591.5,0.0,110.0,6.0,61.0,104.0,15.0,233.5,536.0,166.0,838.5,0.0,1120.5,56.0,63.0,202.5,30.5,690.0,63.0,118.5,33.5,116.5,584.0,1873.0,71.5,32.0,,,5.5
2025-01-28,6754.0,5424.5,5986.5,5487.0,7649.0,6934.5,6818.0,6345.0,4086.0,7458.0,5073.0,6268.5,4760.0,4638.5,5494.0,7704.5,6618.5,5724.5,5281.5,5711.5,6048.0,1178.0,5787.0,6700.0,3487.5,4517.0,5391.5,4304.5,8854.0,5589.5,6503.0,4931.0,7094.0,5733.5,,4582.5,4909.5,,,9083.5
2025-01-29,,5414.5,4620.0,3141.5,4054.5,2284.5,2278.0,2136.5,6043.0,3015.5,2308.5,1514.0,2556.0,2752.0,8694.5,4063.0,4492.0,3547.5,3327.5,3977.0,3776.5,0.0,3604.5,2579.0,6813.0,3880.5,3276.0,5531.0,2444.5,3959.5,2616.0,6116.5,4569.5,1827.5,2434.5,3029.5,8216.5,,,3831.0
2025-01-30,,908.0,1220.0,1103.5,1418.0,676.5,837.5,1004.0,222.5,868.5,825.5,312.5,257.5,367.0,1409.0,448.0,450.0,443.0,1035.5,515.5,431.0,0.0,586.5,1333.0,282.5,376.5,311.0,442.5,113.0,143.0,719.0,452.5,359.5,381.5,1222.5,382.5,678.5,,,1216.0
2025-01-31,,8533.0,7402.5,4651.0,4704.0,4925.5,5028.5,5485.0,7964.0,3577.5,4619.5,4978.0,4965.5,4140.0,7014.5,6531.5,8681.5,7365.0,4500.5,7639.0,4763.5,0.0,8282.5,3999.0,9774.0,6877.0,4371.0,7277.0,1754.0,6446.0,3863.5,10442.0,6448.5,5283.0,4441.5,3572.0,6912.5,,,5847.0
2025-02-01,,31.0,43.5,0.0,0.0,0.0,41.5,14.5,78.5,135.5,16.0,0.0,41.5,0.0,69.5,0.0,46.0,0.0,0.0,24.0,21.5,0.0,0.0,55.5,51.0,0.0,36.0,50.0,31.5,99.5,0.0,80.0,89.5,32.0,11.0,0.0,30.0,,,42.0
2025-02-02,0.0,44.5,0.0,162.0,129.0,0.0,0.0,0.0,81.5,0.0,0.0,0.0,182.5,66.5,45.0,31.5,0.0,33.5,165.0,33.0,290.0,0.0,0.0,0.0,81.5,34.0,101.0,34.0,36.5,169.0,29.0,33.5,185.0,0.0,0.0,139.0,123.0,,,23.5
2025-02-03,512.5,835.0,894.0,580.5,1314.0,1072.0,906.5,831.5,504.5,1378.5,1837.0,345.0,1484.0,2612.5,130.5,280.5,337.0,352.5,724.0,370.0,1887.0,0.0,444.0,1233.5,235.0,178.5,1110.5,396.0,2755.0,687.5,1811.5,583.0,1583.0,599.0,2026.5,1589.5,29.5,,,516.0
2025-02-04,1216.0,1635.0,1577.0,4683.5,2474.0,4309.0,4034.0,4605.5,6743.5,1839.5,6312.5,4349.0,8162.0,6536.5,1691.0,3471.5,2101.0,3033.5,5866.0,3544.0,8342.0,0.0,2024.5,2429.0,6878.0,3314.5,7313.5,4232.0,1641.0,6277.0,4188.0,4260.5,10356.5,4402.0,4186.0,6771.0,3255.0,,,1995.5
2025-02-05,820.0,3958.0,3481.0,3163.5,2479.5,2799.5,3013.5,2814.5,9663.5,1148.0,1781.5,5100.5,13580.0,4800.5,2056.0,3589.5,4538.5,3085.5,7142.5,3775.0,7830.5,0.0,3331.0,2365.5,12405.0,5346.0,7785.0,10558.0,1687.5,14478.5,3654.5,8436.0,13412.5,5284.0,1883.5,5579.0,8354.5,,,2119.0
2025-02-06,,573.5,,427.0,988.0,,,,735.5,881.5,1169.0,604.0,368.5,221.5,266.0,294.0,,,498.5,,,0.0,,1121.5,298.0,92.5,540.0,84.5,453.5,,,366.5,179.0,,,366.0,166.0,,,
2025-02-07,36.0,45.5,132.0,0.0,132.5,132.5,121.0,128.5,0.0,342.5,41.5,0.0,112.5,0.0,329.0,199.5,70.5,46.0,216.0,192.5,541.0,0.0,21.0,664.0,103.5,125.5,1345.0,210.5,38.0,92.5,410.0,42.5,95.0,38.5,347.0,426.5,220.5,,,132.5
2025-02-08,0.0,119.5,65.5,0.0,0.0,178.0,141.5,294.0,162.0,20.5,154.5,68.5,218.0,51.0,19.0,3.5,35.5,5.5,189.5,3.0,92.0,0.0,24.5,209.5,156.5,5.5,83.5,85.0,40.5,0.0,0.0,72.5,36.5,44.0,196.0,26.0,14.0,,,8.0
2025-02-09,218.5,263.0,154.0,517.5,634.5,188.0,197.5,146.0,367.0,112.0,339.0,265.5,426.0,673.0,165.5,410.5,513.5,313.0,1051.0,418.5,1211.0,0.0,225.0,609.0,586.0,387.5,1001.0,203.0,799.5,275.5,204.0,229.5,1067.5,177.5,391.0,966.0,77.5,,,307.5
2025-02-10,37.5,102.0,112.0,50.5,104.5,178.5,246.5,160.5,266.0,238.5,130.5,235.0,865.0,413.0,107.5,297.0,912.0,211.0,137.5,189.5,1011.0,0.0,579.5,365.5,141.5,163.0,797.5,318.5,151.0,144.5,318.5,449.0,973.5,350.5,323.0,324.5,25.0,,,389.0
2025-02-11,105.0,344.5,269.5,151.5,23.0,58.0,105.5,181.0,100.5,110.0,192.5,47.5,286.5,134.5,555.5,357.0,385.5,232.0,728.0,307.5,1423.0,0.0,302.5,206.5,699.5,201.0,1613.0,361.0,213.5,229.5,37.5,804.0,876.0,113.5,127.0,496.0,71.5,,,245.5
2025-02-12,,,,,,,,,,,,,,,,,,,,,,,,,,,,,,,,,,,,,,,,
2025-02-13,123.0,0.0,0.0,60.5,0.0,109.5,41.5,140.0,0.0,183.5,23.0,0.0,26.5,11.0,0.0,367.0,76.0,23.5,135.5,15.0,0.0,0.0,11.5,21.0,0.0,0.0,28.5,0.0,224.5,0.0,364.0,192.0,0.0,0.0,129.0,0.0,0.0,,,129.0
2025-02-14,48.0,0.0,0.0,0.0,0.0,0.0,0.0,0.0,0.0,0.0,21.0,0.0,0.0,0.0,0.0,24.0,0.0,0.0,0.0,29.5,0.0,0.0,15.5,0.0,0.0,0.0,0.0,0.0,21.5,0.0,0.0,0.0,0.0,0.0,0.0,0.0,0.0,,,0.0
2025-02-15,0.0,0.0,0.0,0.0,0.0,0.0,0.0,0.0,0.0,0.0,0.0,0.0,0.0,0.0,0.0,0.0,0.0,0.0,0.0,0.0,0.0,0.0,0.0,0.0,0.0,0.0,0.0,0.0,0.0,0.0,0.0,0.0,0.0,0.0,0.0,0.0,0.0,,,0.0
2025-02-16,87.0,0.0,9.5,0.0,0.0,78.0,0.0,0.0,0.0,11.0,0.0,0.0,0.0,0.0,0.0,0.0,0.0,0.0,0.0,0.0,0.0,0.0,0.0,1.5,0.0,0.0,0.0,0.0,239.5,0.0,0.0,0.0,0.0,0.0,0.5,0.0,0.0,,,0.0
2025-02-17,168.0,477.5,111.5,303.5,191.0,180.5,204.5,429.0,2469.5,762.0,116.0,36.5,0.0,1919.0,1790.0,20.5,226.0,73.0,40.5,58.0,785.5,0.0,162.0,494.5,1734.5,350.5,394.0,1074.5,273.5,69.5,840.0,2124.5,234.5,69.0,155.0,845.0,1735.5,,,174.5
2025-02-18,0.0,0.0,0.0,0.0,0.0,0.0,22.5,0.0,63.0,17.5,218.5,0.0,0.0,0.0,0.0,0.0,0.0,0.0,0.0,25.0,24.0,0.0,21.0,443.5,496.5,19.0,0.0,60.0,0.0,0.0,316.0,88.0,188.5,0.0,653.5,0.0,0.0,,,0.0
2025-02-19,100.0,1.0,0.0,52.0,0.0,72.0,55.5,124.0,0.0,19.0,16.0,19.0,0.0,0.0,23.5,0.0,25.5,1.0,0.5,0.0,6.0,13.0,26.5,132.0,0.0,0.0,3.5,26.0,14.5,0.0,39.0,15.5,4.5,52.0,0.0,0.0,0.0,,,0.0
2025-02-20,75.0,4189.0,6851.5,629.5,245.0,107.5,115.0,109.5,2698.0,21.0,39.0,357.0,3966.5,1455.5,3487.0,365.5,5553.5,2339.0,1615.5,1382.0,4303.0,36.5,3423.5,38.0,1660.0,863.5,3803.5,994.5,209.0,1031.0,183.5,1754.0,7495.5,427.5,38.5,2447.0,3936.5,,,1680.5
2025-02-21,418.5,256.5,484.0,51.5,860.5,877.0,545.0,68.0,2241.0,278.5,87.0,91.0,185.5,48.5,4623.0,506.5,251.5,210.0,706.0,185.5,73.0,2304.5,266.5,126.5,441.5,181.0,86.0,415.5,1536.0,3985.0,100.0,418.5,573.0,97.0,96.5,240.5,764.0,,,176.5
2025-02-22,636.5,83.5,42.0,6.0,25.0,0.0,0.0,0.0,43.0,0.0,99.0,19.0,32.0,163.0,119.5,25.5,63.0,0.0,0.0,0.0,16.5,894.5,76.0,43.0,41.5,0.0,22.0,83.0,14.5,66.5,204.5,120.0,67.5,19.5,45.5,35.5,0.0,,,84.0
2025-02-23,464.0,135.0,100.5,558.0,98.5,20.0,19.5,20.0,87.0,234.5,106.5,0.0,495.5,1184.0,585.5,905.0,274.5,1052.5,264.0,1560.5,1231.5,203.0,168.5,151.5,149.0,220.5,1109.5,108.0,409.5,55.5,71.5,76.0,400.0,40.0,132.5,978.0,258.0,,,12.5
2025-02-24,1454.5,1355.0,1138.0,529.0,500.0,1857.0,1783.5,720.0,4284.5,4122.0,3644.0,1473.0,466.5,1392.0,2580.5,855.0,1019.0,885.5,655.5,955.0,560.5,1469.0,1063.5,4213.0,1935.5,852.0,795.5,869.5,1369.0,1144.5,420.0,1128.5,324.0,727.5,2290.0,1312.5,2108.5,,,824.0
2025-02-25,413.5,1209.0,1008.0,770.0,2772.5,3457.0,4018.0,2193.0,3762.0,1497.5,5942.0,1926.0,164.0,180.5,584.5,1238.5,2372.0,2298.0,882.0,1785.5,365.5,275.5,1600.5,745.5,680.0,1451.0,384.5,1550.5,74.0,615.0,2636.0,1738.0,702.0,2147.0,827.5,409.0,103.0,,,1512.5
2025-02-26,28.0,248.5,223.5,21.0,20.0,0.0,0.0,18.5,388.0,20.5,9.5,0.0,245.5,41.5,365.0,39.5,121.0,62.0,78.5,62.5,191.5,34.5,125.5,0.0,396.5,121.5,165.0,299.5,21.0,430.5,20.0,308.0,234.5,23.5,0.0,74.0,387.0,,,61.0
2025-02-27,24.5,211.0,164.0,31.0,100.0,176.5,165.0,214.0,68.5,418.5,512.5,0.0,167.0,0.0,320.5,240.5,80.5,73.5,33.5,40.5,119.5,83.0,73.0,472.5,589.5,0.0,99.5,361.5,96.5,485.5,57.0,126.0,97.0,36.0,1060.5,67.5,76.5,,,125.5
2025-02-28,411.0,5701.5,3911.5,4707.5,3684.5,1473.0,1259.0,874.0,9467.5,2331.5,2338.5,1298.0,4982.0,1653.5,6980.5,3492.5,3562.0,3335.5,2936.0,4062.5,2648.0,334.0,3984.0,1583.5,6698.0,3967.5,2616.0,6772.5,538.0,7297.0,2357.0,7000.0,4369.5,1353.5,1358.0,2211.0,6486.0,,,2681.0
2025-03-01,1419.0,74.5,43.0,117.0,483.0,1144.0,962.5,497.5,664.5,945.0,231.5,552.5,1261.5,92.5,242.0,99.5,82.0,324.5,179.0,205.5,178.0,1212.5,51.5,2035.0,344.0,61.0,137.0,73.0,617.0,3300.5,397.5,102.0,899.0,665.0,807.5,179.0,612.5,,,144.0
2025-03-02,1358.5,1408.5,1256.5,428.5,965.0,518.0,426.5,1189.5,1716.5,1077.0,782.5,123.5,839.0,477.0,5353.0,922.0,596.5,405.0,536.0,537.5,558.0,912.0,698.0,2581.5,547.0,507.5,592.0,904.0,951.5,1199.0,616.5,1143.5,1037.0,196.5,1551.5,447.0,4052.0,,,1033.5
2025-03-03,24.0,6.5,0.0,3.5,59.5,586.5,299.5,346.0,72.0,86.5,343.0,71.0,12.5,9.5,20.0,79.5,27.0,2.5,6.5,0.5,22.5,39.5,0.0,162.5,54.0,0.0,0.0,0.0,23.0,81.5,500.0,1.0,53.5,97.5,216.5,2.0,99.5,,,8.5
2025-03-04,1441.0,1912.0,829.5,423.5,978.0,279.5,341.0,188.0,9813.5,1654.5,1004.5,516.0,5752.5,519.0,-7056.0,357.0,403.5,261.5,515.0,206.0,2170.0,771.0,209.0,1120.0,8806.5,694.0,1014.5,1401.5,931.0,3170.0,277.0,3938.5,5640.0,988.0,234.0,953.5,3658.5,,,42.5
2025-03-05,,,,,,,,,,,,,,,,,,,,,,,,,,,,,,,,,,,,,,,,
2025-03-06,547.0,36.5,23.5,17.5,201.0,342.0,199.5,1426.5,11.5,582.5,139.5,,211.5,115.0,222.5,46.0,30.0,86.0,115.5,66.0,102.5,-8697.0,4.0,399.5,1.0,3.5,136.0,12.5,48.5,23.5,500.5,7.5,0.0,,466.5,213.0,25.0,,,0.0
2025-03-07,1588.0,2940.0,2282.0,817.0,682.5,373.0,300.0,338.0,2760.0,1447.0,587.5,300.0,998.0,976.0,3418.0,1723.5,2420.5,2513.0,1128.5,2101.0,1762.5,1820.5,2438.0,386.5,2491.0,1814.5,1610.5,2276.5,558.0,2436.0,343.0,2456.0,0.0,319.5,397.5,1270.0,2481.5,,,1484.5
2025-03-08,69.5,67.5,40.5,0.0,45.5,0.0,45.5,43.5,29.0,44.0,44.5,0.0,44.0,42.5,68.0,43.0,43.0,85.0,17.5,86.0,0.0,158.0,41.0,0.0,0.0,25.0,0.0,26.5,14.5,0.0,44.5,43.5,0.0,14.5,0.0,45.5,45.0,,,0.0
2025-03-09,405.5,40.5,14.5,10.0,84.0,557.5,620.0,1255.5,28.0,826.5,485.5,2741.0,527.5,256.5,7.5,208.0,22.0,157.5,108.0,93.0,164.5,634.0,0.0,206.0,29.0,0.0,197.0,39.5,657.5,251.0,139.5,5.5,0.0,2634.0,245.0,169.5,27.5,,,302.5
2025-03-10,1077.5,1293.5,1350.5,1108.5,1480.5,982.5,958.5,809.0,1185.5,1058.0,775.5,668.0,1290.5,1211.5,1745.0,1317.5,1381.5,1245.0,1441.5,1375.0,1354.5,1029.5,1383.5,793.0,1212.0,1472.5,1308.0,1428.0,1164.5,1423.5,1134.5,1496.5,0.0,831.0,673.0,1356.5,1197.0,,,1511.5
2025-03-11,126.0,635.5,218.5,339.0,215.5,85.5,87.5,184.0,804.0,147.0,64.5,927.0,108.0,325.0,859.5,718.0,757.5,766.5,321.5,767.5,181.5,71.0,653.0,199.0,493.0,1300.0,230.5,708.0,132.0,258.5,96.0,586.5,0.0,1063.0,159.5,,-7937.5,,,352.0
2025-03-12,659.0,1022.5,776.5,384.5,453.0,263.0,268.5,182.5,1352.0,283.0,194.5,47.5,569.0,317.0,1260.0,580.5,647.5,563.0,407.5,555.0,517.5,755.0,691.5,442.5,2455.5,578.0,485.0,805.5,457.0,1219.5,366.5,1371.5,0.0,162.0,220.5,381.5,1559.0,,,741.5
2025-03-13,0.0,0.0,0.0,18.5,24.5,360.5,202.5,142.0,0.0,0.0,19.0,202.0,0.0,0.0,0.0,111.5,28.0,16.0,0.0,32.0,0.0,0.0,0.0,35.0,26.0,0.0,0.0,0.0,0.0,0.0,0.0,0.0,0.0,146.0,109.5,24.0,0.0,,,0.0
2025-03-14,0.0,50.5,0.0,15.0,763.5,683.0,554.5,893.5,76.0,974.5,444.5,304.0,201.0,76.0,769.5,527.5,47.0,45.0,0.0,46.0,0.0,94.0,0.0,391.5,184.5,12.5,0.0,25.0,964.0,25.0,526.0,118.0,0.0,397.5,2305.0,0.0,186.0,,,1507.5
2025-03-15,1364.0,1349.0,1968.0,989.0,807.5,1006.5,988.0,499.0,1104.0,1681.0,1014.0,542.5,910.5,1057.0,1324.5,1823.0,2689.0,2053.5,1927.5,1264.5,2263.0,1480.0,3331.0,1130.5,816.0,1162.0,2241.5,2000.5,760.5,2484.5,615.5,1352.0,0.0,771.5,1778.0,1717.0,1920.5,,,3985.5
2025-03-16,256.0,69.0,210.5,49.5,15.0,11.0,9.0,14.5,131.5,10.5,34.5,10.0,256.5,169.0,326.5,99.0,539.0,114.0,259.5,104.5,196.0,270.0,106.5,69.0,119.0,468.5,174.5,161.0,354.0,0.0,187.5,62.0,0.0,10.5,73.0,180.5,287.0,,,120.0
2025-03-17,,,,,,,,,,,,,,,,,,,,,,,,,,,,,,,,,,,,,,,,
2025-03-18,,,,,,,,,,,,,,,,,,,,,,,,,,,,,,,,,,,,,,,,
2025-03-19,454.5,7184.0,4779.5,3074.5,2073.0,2107.5,1966.5,1098.0,7865.0,2314.0,2817.5,1345.5,3617.5,2374.5,6499.5,2487.0,5032.5,3861.5,3504.5,4223.0,3529.0,438.5,5317.0,1234.0,9129.5,5705.5,3726.5,5658.0,800.5,9192.5,1629.5,8621.5,0.0,1280.0,1805.5,3134.0,4872.5,,,3063.0
2025-03-20,3213.5,1727.0,1528.0,3089.5,5156.0,5431.5,5923.5,4860.5,1886.0,6512.0,1792.0,7301.5,1057.5,4306.0,1958.5,3736.0,2411.0,3278.0,2580.0,3281.0,1847.0,3525.0,2628.5,2217.5,1684.0,3004.0,1842.5,1957.5,3132.0,2294.0,8071.0,1434.0,0.0,6596.5,1866.0,3841.5,1652.0,,,2487.0
2025-03-21,348.0,370.0,339.0,594.5,704.0,538.5,470.0,385.0,875.0,660.0,338.5,358.0,241.5,487.0,504.5,783.0,593.5,519.5,406.0,585.5,367.5,264.5,514.5,268.0,599.0,482.0,367.5,495.5,733.5,331.5,719.0,458.0,0.0,383.5,292.0,484.5,695.5,,,622.0
2025-03-22,23.0,40.0,73.5,0.0,72.5,0.0,0.0,0.0,42.5,33.0,0.0,0.0,0.0,0.0,33.5,0.0,0.0,15.0,0.0,0.0,0.0,31.5,20.0,0.0,0.0,0.0,0.0,0.0,0.0,0.0,0.0,0.0,0.0,0.0,24.0,0.0,79.0,,,35.5
2025-03-23,100.5,1640.5,764.5,717.0,2366.5,222.5,260.5,847.5,608.5,435.5,260.5,1641.0,3304.0,389.0,1425.0,2402.0,1496.0,3382.5,342.5,3391.0,1114.5,219.5,1394.5,193.5,1834.0,1260.0,858.0,802.5,157.0,4389.5,1948.0,1011.0,0.0,1926.5,220.0,540.0,429.0,,,1660.5
2025-03-24,1461.5,209.5,260.0,696.5,446.5,929.0,661.5,200.5,1573.5,926.0,942.5,553.5,429.5,1610.0,231.5,121.5,141.0,190.5,1103.5,126.0,1112.5,999.5,35.0,1683.0,2450.0,130.5,1042.5,178.5,1869.0,1433.5,1122.0,359.5,0.0,603.5,1932.0,1165.5,625.5,,,35.5
2025-03-25,45.5,0.0,0.0,0.0,0.0,0.0,0.0,0.0,60.0,0.0,0.0,0.0,0.0,0.0,26.5,0.0,0.0,0.0,0.0,17.0,0.0,42.0,0.0,0.0,88.0,0.0,18.0,0.0,0.0,106.0,0.0,0.0,0.0,0.0,0.0,26.5,337.0,,,0.0
2025-03-26,24.0,0.0,0.0,0.0,0.0,0.0,0.0,0.0,0.0,0.0,0.0,0.0,0.0,0.0,0.0,0.0,0.0,0.0,0.0,34.5,0.0,0.0,0.0,0.0,0.0,0.0,0.0,0.0,,0.0,13.5,0.0,0.0,0.0,0.0,0.0,0.0,,,0.0
2025-03-27,,,,,,,,,,,,,,,,,,,,,,,,,,,,,,,,,,,,,,,,
2025-03-28,0.0,0.0,13.0,0.0,0.0,0.0,0.0,0.0,22.0,0.0,0.0,0.0,0.0,0.0,199.5,0.0,0.0,0.0,0.0,0.0,0.0,0.0,0.0,0.0,0.0,0.0,0.0,0.0,0.0,0.0,0.0,0.0,0.0,0.0,0.0,0.0,0.0,,,0.0
2025-03-29,1065.5,76.0,224.5,45.0,170.0,196.0,198.0,282.5,79.5,1187.0,974.0,931.5,360.0,24.0,80.0,137.0,53.0,0.0,68.5,31.0,55.5,678.0,128.0,193.5,163.5,0.0,76.0,48.0,678.0,0.0,250.5,86.5,0.0,926.0,979.5,57.5,9.0,,,138.5
2025-03-30,1017.0,1119.0,387.0,1139.0,488.0,302.0,290.5,317.0,207.0,69.0,460.0,564.5,55.0,581.5,698.0,1180.5,868.5,2084.0,440.0,1909.5,512.5,732.5,422.5,616.0,386.5,1695.5,398.0,1262.0,149.5,96.5,284.0,936.5,0.0,491.0,217.5,374.5,770.0,,,287.5
2025-03-31,2426.0,1359.0,1188.0,33.5,339.0,1060.5,673.5,258.5,236.5,134.0,202.0,273.0,1037.5,596.5,146.0,226.0,113.0,98.5,616.5,100.5,1146.5,1100.0,85.0,124.0,598.5,51.0,610.0,222.5,255.5,687.5,717.0,85.5,0.0,275.5,142.0,778.0,677.0,,,559.0
2025-04-01,702.0,36.5,400.0,696.5,294.0,121.0,221.5,258.0,0.0,217.5,321.5,1092.0,0.0,953.5,0.0,2656.5,2155.0,665.0,822.5,711.0,47.5,1230.5,1911.5,745.5,0.0,113.5,87.0,0.0,224.0,32.5,329.0,0.0,0.0,732.5,1797.0,47.5,0.0,,,1407.5
2025-04-02,1781.0,15.5,14.5,445.5,244.5,479.0,458.0,625.0,5.5,558.5,576.0,1228.5,16.0,216.5,13.5,60.5,61.5,97.5,43.0,95.0,24.0,1358.0,29.5,604.0,8.5,41.5,25.0,24.0,645.0,22.5,1093.0,17.0,0.0,1403.0,736.0,72.0,6.5,,,76.5
2025-04-03,347.5,697.5,633.0,213.0,903.5,357.0,416.0,734.0,1052.0,988.5,1041.5,245.0,218.5,185.5,948.0,389.0,454.0,268.5,231.5,316.0,266.5,343.0,453.0,762.5,632.0,363.5,221.5,536.5,203.5,479.0,919.0,582.0,0.0,226.5,730.5,230.5,364.0,,,369.0
2025-04-04,325.0,24.5,47.5,349.5,273.5,55.5,65.5,43.0,0.0,288.0,790.5,239.0,0.0,244.5,48.0,48.0,10.0,0.0,50.0,65.5,62.0,483.0,0.0,165.5,9.0,19.0,21.5,18.0,232.0,89.5,585.5,70.0,0.0,310.5,195.5,273.5,0.0,,,204.5
2025-04-05,782.5,1167.5,1025.0,998.5,720.5,1173.5,1211.5,2212.0,0.0,370.0,145.5,778.0,409.5,2453.0,691.5,1310.5,1624.5,2361.0,1485.0,1946.0,1326.5,1263.0,1123.0,78.5,9.5,1117.0,1459.5,304.5,371.0,1513.0,958.5,369.5,0.0,740.5,67.5,972.5,0.0,,,893.5
2025-04-06,400.5,25.5,6.0,1.5,2.0,360.0,33.0,287.5,5.5,139.5,2013.0,263.5,1.0,0.0,12.0,5.0,4.5,3.0,0.5,43.0,1.5,127.5,6.0,1028.5,7.0,1.0,22.0,4.0,1081.5,1.5,4.0,4.5,0.0,165.0,1400.5,25.5,47.0,,,8.0
2025-04-07,754.5,1182.5,1148.0,239.5,1192.5,353.0,246.5,451.5,988.0,1753.0,535.5,187.5,179.5,103.5,610.0,905.0,720.5,603.0,111.5,412.5,101.5,886.0,695.0,712.5,714.0,263.5,115.0,455.5,401.5,738.5,608.5,882.5,0.0,221.5,495.0,113.5,634.5,,,1028.0
2025-04-08,1512.0,551.5,447.5,685.0,475.0,772.0,683.5,805.0,66.0,509.0,497.5,421.0,274.5,1479.0,370.0,732.0,1575.0,2110.0,1965.5,1075.5,882.5,1350.0,1348.0,734.0,197.5,1566.5,1199.5,1004.0,1367.0,787.0,361.0,304.0,419.5,355.5,905.5,1526.5,93.5,,,436.5
2025-04-09,26.0,27.5,25.0,0.0,0.0,0.0,0.0,26.0,0.0,0.0,0.0,0.0,29.0,26.5,0.0,0.0,0.0,0.0,53.0,0.0,0.0,0.0,0.0,0.0,0.0,0.0,0.0,0.0,0.0,23.5,0.0,0.0,0.0,0.0,0.0,0.0,0.0,,,0.0
2025-04-10,28.0,67.5,11.0,0.0,0.0,5.0,0.0,18.0,0.0,0.0,65.5,0.0,28.0,0.0,0.5,0.0,0.0,0.0,0.0,0.0,0.0,17.5,0.0,341.5,20.0,0.0,25.5,5.0,487.5,27.0,0.0,0.0,0.0,0.0,54.5,0.0,0.0,,,0.0
2025-04-11,795.0,137.5,650.0,0.0,0.0,72.5,30.5,107.5,0.0,454.0,832.0,284.5,0.0,17.0,0.0,75.0,0.0,0.0,0.0,0.0,0.0,974.5,0.0,1593.0,25.5,0.0,0.0,0.0,929.5,0.0,227.5,0.0,0.0,418.5,745.0,0.0,21.5,,,882.0
2025-04-12,2078.5,0.0,0.0,24.5,127.0,16.5,39.5,17.0,1.5,60.0,46.5,197.5,0.0,0.0,0.0,0.0,0.0,0.0,0.0,31.0,0.0,1512.5,0.0,586.0,26.0,0.0,0.0,0.0,2051.0,0.0,33.5,0.0,0.0,278.0,108.0,0.0,2.5,,,0.0
2025-04-13,224.5,1012.5,981.5,63.5,46.5,480.5,341.0,998.5,415.0,366.0,1446.0,323.5,557.5,38.5,882.0,564.0,1580.5,443.5,208.0,185.0,167.0,395.0,1457.5,1390.0,469.0,465.0,179.5,742.5,1152.0,915.0,219.0,1351.5,610.0,307.5,2333.5,210.0,1048.0,,,128.5
2025-04-14,1663.5,509.0,337.5,701.0,353.0,196.0,232.0,397.0,314.5,241.5,1241.0,1184.5,1545.0,850.0,366.0,386.5,420.5,505.0,1960.5,807.5,1926.0,1082.5,416.5,1289.0,447.0,723.5,1944.5,2509.0,1651.5,439.0,336.5,1791.5,1905.5,819.5,2341.5,1751.0,257.5,,,438.0
2025-04-15,43.0,259.0,48.0,534.5,311.5,216.5,203.5,1211.5,0.0,279.0,617.0,140.5,199.5,648.5,46.5,513.5,258.0,170.0,524.0,93.0,326.5,0.0,268.5,1438.0,0.0,65.5,489.5,44.0,13.5,260.0,136.0,79.5,289.5,131.0,930.5,448.5,0.0,,,10.5
2025-04-16,967.0,59.0,188.5,327.5,658.0,86.5,125.0,97.5,101.5,118.5,309.0,414.5,132.0,27.5,536.0,1009.0,384.0,259.5,39.0,202.5,154.5,1215.0,443.0,338.5,84.0,77.0,239.0,105.0,876.5,79.0,185.0,73.0,492.5,366.5,603.0,79.5,75.0,,,1486.5
2025-04-17,,,,,,,,,,,,,,,,,,,,,,,,,,,,,,,,,,,,,,,,
2025-04-18,86.0,0.0,0.0,0.0,0.0,866.5,917.0,214.5,0.0,44.0,24.5,0.0,26.5,0.0,0.0,0.0,0.0,0.0,0.0,0.0,0.0,0.0,0.0,26.5,46.0,0.0,22.0,0.0,52.0,45.5,0.0,0.0,0.0,42.5,46.0,0.0,0.0,,,0.0
2025-04-19,107.0,0.0,0.0,97.0,290.0,763.0,388.0,369.0,0.0,37.0,618.5,475.0,0.0,0.0,0.0,549.0,566.0,883.0,0.0,729.0,0.0,56.5,70.0,63.0,0.0,169.0,0.0,0.0,0.0,0.0,0.0,0.0,0.0,449.5,74.0,0.0,0.0,,,0.0
2025-04-20,1698.5,1790.5,993.0,1333.0,1790.5,2593.5,2218.0,2307.0,1201.0,2618.5,2580.0,1399.5,900.5,648.0,1877.5,1808.5,505.5,907.0,885.5,860.5,907.5,1690.0,670.0,3492.5,601.0,1053.5,774.5,660.0,2371.0,1051.5,2766.0,674.0,424.0,1323.0,3346.5,996.5,1928.5,,,1167.0
2025-04-21,1384.5,175.0,211.0,934.5,225.0,1043.5,863.5,919.0,1669.0,408.0,796.5,813.5,389.0,540.0,286.0,267.5,252.0,130.5,443.0,173.5,208.5,1301.0,227.5,1978.0,417.0,230.5,247.0,122.5,1109.0,504.0,605.5,180.0,137.5,729.0,700.0,492.5,96.5,,,385.0
2025-04-22,155.5,79.0,127.5,93.5,99.5,221.5,241.0,134.5,85.0,857.0,100.0,331.5,85.0,92.5,86.0,182.0,210.0,441.5,167.0,274.5,156.5,88.0,161.5,216.5,48.0,197.5,167.5,103.0,84.5,132.0,127.0,97.5,128.5,197.5,177.5,176.5,91.0,,,182.0
2025-04-23,0.0,40.5,117.0,0.0,0.0,342.5,401.5,61.5,0.0,0.0,3.5,757.5,1488.5,399.0,0.0,4.5,410.5,0.0,66.5,0.0,173.5,0.0,506.5,0.0,0.0,16.5,121.0,32.5,0.0,17.0,0.0,425.5,682.5,677.0,0.0,258.5,0.0,,,0.0
2025-04-24,443.0,1378.0,1168.5,781.0,922.5,969.5,901.5,548.5,2392.5,848.5,694.0,444.0,649.5,656.0,1707.5,1027.5,1591.5,951.0,738.5,939.0,773.0,446.0,1115.0,1369.5,898.5,914.0,713.5,1547.0,637.0,757.5,1140.5,1615.5,797.5,490.0,738.0,669.5,4063.5,,,1134.0
2025-04-25,195.0,0.0,0.0,0.0,0.0,3.5,0.0,36.0,34.0,671.0,107.0,47.5,0.0,0.0,0.0,0.0,0.0,0.0,0.0,0.0,0.0,180.0,0.0,920.0,0.0,0.0,0.0,0.0,145.0,33.5,0.0,0.0,0.0,77.5,310.0,0.0,0.0,,,0.0
2025-04-26,1014.5,0.0,0.0,35.5,0.0,0.0,0.0,0.0,0.0,0.0,27.5,34.5,0.0,0.0,0.0,0.0,0.0,0.0,0.0,0.0,0.0,1204.5,0.0,71.5,0.0,0.0,0.0,0.0,1560.0,0.0,0.0,0.0,0.0,154.5,15.5,0.0,0.0,,,0.0
2025-04-27,0.0,0.0,0.0,0.0,0.0,0.0,0.0,0.0,0.0,56.5,42.0,0.0,0.0,0.0,0.0,0.0,0.0,0.0,0.0,0.0,84.0,0.0,0.0,97.5,0.0,0.0,133.0,0.0,16.5,0.0,0.0,0.0,0.0,0.0,0.0,41.5,0.0,,,0.0
2025-04-28,34.5,65.0,0.0,0.0,0.0,97.0,0.0,0.0,0.0,291.5,1397.5,0.0,0.0,0.0,0.0,137.5,171.5,118.0,49.5,204.0,18.0,216.5,76.5,182.0,0.0,95.0,0.0,110.0,63.0,0.0,0.0,85.5,60.0,47.5,1257.0,0.0,0.0,,,202.0
2025-04-29,714.0,386.0,467.0,81.0,366.0,2075.5,1510.5,599.5,140.0,583.5,1057.0,846.0,611.0,727.5,483.5,10.0,604.5,247.5,997.5,284.0,679.0,153.0,605.0,351.5,313.0,668.5,810.0,692.5,244.0,912.5,222.5,908.0,576.0,966.5,626.5,729.0,227.5,,,122.5
2025-04-30,635.5,151.5,55.0,0.0,199.5,0.0,34.0,0.0,0.0,0.0,0.0,1053.5,379.0,0.0,0.0,29.5,0.0,0.0,25.5,0.0,20.0,680.0,0.0,0.0,25.0,28.0,0.0,0.0,12.5,28.5,0.0,322.5,21.0,791.5,32.5,0.0,0.0,,,0.0
2025-05-01,635.0,89.0,239.0,495.0,918.5,1122.0,978.5,526.0,516.5,7.0,1125.5,630.0,640.5,843.0,0.5,635.5,377.5,233.5,1252.0,227.0,2357.0,349.5,474.0,825.0,265.0,327.5,2386.5,763.5,648.5,834.0,1272.5,455.0,574.0,611.0,1105.5,1816.0,58.0,,,580.0
2025-05-02,933.0,2571.0,1950.5,2893.0,3379.0,1480.0,1934.0,1285.0,747.5,,2124.0,1174.0,2585.5,3507.0,759.5,1776.0,3368.0,4838.5,3685.5,6172.0,1838.5,797.5,3540.5,760.5,874.0,3330.5,1784.0,3215.5,484.5,1013.0,2850.5,4982.5,3484.0,1185.0,,1899.0,1311.5,,,2904.0
2025-05-03,155.0,0.0,385.0,0.0,104.5,229.5,316.5,91.0,0.0,431.0,1012.5,893.5,0.0,174.5,19.5,50.5,52.0,1092.5,33.5,1310.5,46.0,245.5,306.5,-9640.0,0.0,15.5,35.0,32.0,160.5,0.0,231.0,0.0,342.0,971.5,,24.5,0.0,,,124.5
2025-05-04,944.0,1353.5,1734.5,857.0,411.0,994.5,849.0,737.5,512.5,1088.5,2663.0,817.0,738.0,698.5,379.5,324.0,1512.0,1161.5,714.5,1037.0,417.5,1406.5,1770.0,474.0,370.5,1431.5,378.0,345.5,100.5,218.5,672.0,502.5,566.0,711.0,1838.5,100.5,87.5,,,300.5
2025-05-05,41.0,0.0,0.0,0.0,452.0,0.0,28.0,28.0,0.0,0.0,0.0,0.0,280.0,0.0,0.0,55.0,131.5,1042.0,0.0,607.0,21.5,25.0,70.5,165.5,41.5,0.0,32.0,0.0,0.0,0.0,0.0,22.5,0.0,29.0,46.0,0.0,0.0,,,0.0
2025-05-06,427.0,31.5,10.5,0.0,0.0,0.0,0.0,0.0,39.5,0.0,87.5,129.0,165.5,112.5,0.0,69.0,44.0,10.5,215.0,90.0,810.0,620.5,265.5,385.0,39.0,0.0,911.5,39.5,0.0,63.0,14.5,0.0,152.5,96.0,1176.0,686.0,38.0,,,44.0
2025-05-07,35.5,139.5,188.5,33.0,65.0,35.0,22.5,20.5,211.5,102.5,34.0,0.0,23.5,33.0,277.0,140.5,115.0,69.0,68.0,67.5,34.5,36.0,200.0,30.5,105.0,67.0,114.0,385.0,34.0,35.5,53.5,164.0,35.5,35.5,42.5,67.5,140.5,,,176.5
2025-05-08,0.0,0.0,0.0,0.0,0.0,0.0,0.0,0.0,0.0,0.0,46.0,0.0,0.0,0.0,0.0,0.0,0.0,0.0,0.0,18.0,0.0,0.0,0.0,0.0,0.0,0.0,0.0,0.0,0.0,0.0,31.5,0.0,0.0,0.0,0.0,0.0,0.0,,,0.0
2025-05-09,0.0,0.0,0.0,0.0,0.0,112.5,68.0,0.0,264.0,152.5,0.0,0.0,32.0,0.0,0.0,0.0,562.0,251.0,0.0,0.0,0.0,0.0,189.0,0.0,221.0,31.5,0.0,579.5,0.0,28.0,0.0,32.0,0.0,0.0,20.5,0.0,0.0,,,0.0
2025-05-10,652.0,0.0,0.0,222.0,0.0,0.0,0.0,0.0,0.0,0.0,0.0,88.0,0.0,0.0,0.0,18.5,0.0,0.0,0.0,0.0,58.0,134.0,0.0,10.5,0.0,0.0,19.0,0.0,488.5,0.0,0.0,0.0,0.0,195.5,0.0,0.0,0.0,,,0.0
2025-05-11,468.5,0.0,0.0,46.0,43.5,485.5,396.0,1166.0,0.0,310.5,190.0,1496.0,0.0,221.0,107.5,67.5,0.0,0.0,0.0,0.0,139.5,979.0,0.0,267.5,0.0,47.5,77.5,0.0,1569.0,0.0,116.5,0.0,0.0,1493.5,468.5,227.0,0.0,,,894.5
2025-05-12,117.0,0.0,0.0,0.0,0.0,0.0,0.0,26.0,0.0,17.5,86.5,0.0,0.0,0.0,0.0,0.0,0.0,0.0,24.5,0.0,0.0,121.5,0.0,32.5,0.0,0.0,0.0,0.0,0.0,0.0,34.5,0.0,0.0,20.5,35.5,0.0,0.0,,,0.0
2025-05-13,399.5,56.0,0.0,0.0,0.0,179.5,12.0,0.0,1785.0,0.0,75.0,0.0,1735.0,585.5,0.0,0.0,1590.0,950.5,1278.0,355.5,1503.0,1006.5,901.0,16.5,1598.0,497.0,959.0,841.5,57.5,931.5,352.0,968.0,3723.5,0.0,0.0,1027.0,307.5,,,0.0
2025-05-14,0.0,66.0,42.0,0.0,21.5,0.0,36.0,0.0,86.5,28.0,0.0,0.0,0.0,0.0,101.5,18.0,29.0,0.0,0.0,28.5,33.0,0.0,0.0,0.0,83.0,0.0,40.5,112.0,0.0,41.0,0.0,139.5,34.0,0.0,35.5,0.0,133.0,,,28.5
2025-05-15,0.0,35.5,136.5,146.5,59.5,187.5,223.5,32.0,48.5,0.0,15.5,265.0,1518.0,415.5,1261.5,78.0,1258.5,1336.5,165.0,1754.0,1604.0,104.0,1114.0,47.0,873.5,1494.0,1606.0,571.5,148.5,526.5,1022.0,385.5,1698.5,241.5,41.0,719.5,130.5,,,75.5
2025-05-16,,,,,,,,,,,,,,,,,,,,,,,,,,,,,,,,,,,,,,,,
2025-05-17,904.5,375.5,217.5,852.0,601.0,47.0,112.5,27.5,7.5,53.0,871.5,655.0,341.5,117.0,0.0,588.5,669.5,1081.5,80.5,1599.0,94.0,1785.5,678.5,35.5,7.5,981.5,89.0,205.0,147.5,14.5,203.0,407.5,445.0,852.0,138.5,109.0,0.0,,,1171.5
2025-05-18,0.0,36.5,7.5,199.5,94.5,651.0,655.0,1108.5,0.0,976.5,923.0,1344.5,7.0,168.0,30.0,99.0,115.5,21.0,494.5,439.5,59.0,77.5,34.0,1361.0,25.5,1170.0,51.5,177.5,442.0,0.0,723.5,62.5,122.5,1383.0,1427.0,56.0,0.0,,,68.5
2025-05-19,216.5,1375.0,1107.5,56.5,60.0,73.5,133.5,593.0,141.5,209.5,794.0,60.0,1090.5,601.5,1854.5,84.0,175.0,179.5,406.5,265.0,1372.0,46.5,314.5,1042.0,105.0,533.0,1197.5,772.5,324.0,1159.0,546.0,625.5,1752.5,122.5,1091.5,1279.0,59.5,,,143.0
2025-05-20,0.0,0.0,37.5,55.0,0.0,46.0,46.0,0.0,0.0,0.0,48.0,0.0,44.5,0.0,0.0,0.0,0.0,0.0,39.5,0.0,0.0,0.0,0.0,0.0,0.0,0.0,40.0,36.0,0.0,0.0,0.0,24.0,26.5,0.0,65.5,0.0,0.0,,,0.0
2025-05-21,,,,,,,,,,,,,,,,,,,,,,,,,,,,,,,,,,,,,,,,
2025-05-22,109.5,0.0,0.0,0.0,0.0,0.0,12.5,0.0,179.5,628.0,468.5,0.0,26.0,0.0,0.0,0.0,0.0,0.0,0.0,0.0,0.0,64.0,0.0,3400.5,151.5,0.0,28.5,0.0,1443.0,0.0,0.0,0.0,0.0,0.0,1772.0,0.0,0.0,,,0.0
2025-05-23,365.5,59.0,164.5,38.5,215.5,25.0,62.0,89.5,0.0,109.5,364.5,273.5,0.0,770.5,0.0,807.5,336.0,324.0,452.5,300.5,224.0,238.5,461.0,9.0,0.0,574.5,373.5,987.0,7.0,0.0,148.5,706.0,0.0,202.0,24.5,377.5,84.0,,,53.5
2025-05-24,195.0,0.0,0.0,0.0,38.5,0.0,0.0,0.0,0.0,80.0,0.0,0.0,0.0,0.0,0.0,26.5,0.0,0.0,0.0,0.0,0.0,38.5,0.0,0.0,0.0,0.0,0.0,0.0,481.5,0.0,3.5,33.5,0.0,48.0,0.0,0.0,0.0,,,0.0
2025-05-25,25.0,0.0,0.0,0.0,0.0,0.0,0.0,0.0,0.0,0.0,0.0,0.0,0.0,0.0,0.0,0.0,0.0,0.0,0.0,0.0,0.0,0.0,0.0,0.0,0.0,0.0,0.0,0.0,0.0,0.0,0.0,0.0,0.0,0.0,0.0,0.0,0.0,,,0.0
2025-05-26,105.5,85.5,213.0,89.0,31.0,144.0,64.0,238.5,163.0,111.5,48.5,210.5,323.0,65.5,582.5,440.5,31.0,0.0,128.0,0.0,149.0,68.5,43.0,111.0,595.0,0.0,142.5,704.5,217.5,0.0,0.0,520.0,0.0,193.5,0.0,115.5,511.5,,,26.5
2025-05-27,544.0,13.0,6.5,132.0,255.5,8.5,9.0,23.5,70.0,8.5,19.0,2.5,192.5,895.5,0.0,21.0,0.0,0.0,505.5,0.0,111.0,907.5,0.0,6.0,7.0,0.0,211.0,6.5,18.0,0.0,51.5,63.0,89.5,0.0,14.0,932.0,63.5,,,263.0
2025-05-28,61.0,189.5,257.0,443.0,48.0,84.0,75.5,98.5,226.5,289.0,80.0,996.0,423.0,569.5,32.5,1434.0,737.5,361.5,495.0,605.0,330.0,54.0,677.5,38.0,200.0,304.0,386.0,348.0,84.0,101.5,72.5,861.0,366.5,904.0,33.5,445.0,155.5,,,351.5
2025-05-29,167.5,211.0,166.0,10.0,23.0,28.5,75.0,772.0,573.0,91.0,762.5,179.0,1447.5,74.0,16.0,56.5,90.5,223.5,81.5,245.5,60.0,150.0,67.0,165.0,163.0,128.0,6.0,41.5,182.0,796.0,44.5,89.5,599.0,204.0,79.5,67.5,431.5,,,38.0
2025-05-30,130.0,203.5,125.5,47.0,106.5,223.5,251.0,372.5,169.0,204.0,406.0,174.0,60.0,129.5,270.0,136.5,153.0,154.5,95.5,126.0,83.5,116.5,140.0,757.0,136.5,125.5,61.5,184.5,139.0,56.5,131.5,252.0,67.0,211.0,610.5,78.5,125.5,,,106.0
2025-05-31,171.0,37.5,36.5,74.5,114.5,150.5,112.0,136.5,0.0,115.5,79.5,110.5,0.0,36.5,0.0,76.0,73.0,0.0,37.5,36.5,29.0,148.0,37.0,127.5,0.0,37.0,32.5,0.0,212.5,0.0,113.5,0.0,0.0,146.5,109.5,20.5,0.0,,,76.0
2025-06-01,275.0,343.0,233.0,229.5,415.0,95.5,61.0,1248.5,0.0,819.5,765.0,28.5,0.0,49.0,21.0,1699.5,1221.0,769.0,134.5,698.0,0.0,44.0,1067.5,411.0,0.0,860.0,0.0,149.5,286.5,0.0,95.5,261.5,0.0,49.0,492.5,0.0,0.0,,,779.5
2025-06-02,0.0,0.0,0.0,0.0,0.0,0.0,43.5,0.0,0.0,0.0,0.0,0.0,0.0,0.0,0.0,0.0,0.0,0.0,25.5,0.0,0.0,0.0,0.0,0.0,0.0,0.0,0.0,26.0,41.5,0.0,0.0,0.0,0.0,16.5,46.0,25.5,0.0,,,0.0
2025-06-03,172.0,368.5,554.5,1169.5,983.0,794.0,898.0,253.5,709.0,109.0,549.5,2110.5,7.5,724.0,637.0,1503.0,901.5,987.0,889.5,790.5,237.5,144.0,966.5,393.5,866.5,914.5,237.5,626.5,412.5,49.0,1067.5,474.0,135.5,1666.0,829.0,460.5,282.0,,,960.0
2025-06-04,253.5,228.0,181.0,179.0,182.5,165.5,183.0,114.0,139.5,88.5,93.5,92.0,176.0,224.5,88.0,204.5,224.5,134.0,224.0,223.5,250.0,134.5,224.0,72.0,230.0,270.0,226.5,226.0,51.5,92.0,170.5,270.5,230.5,182.5,43.5,226.0,135.5,,,177.5
2025-06-05,60.5,83.5,102.0,0.0,427.0,83.0,122.0,282.0,0.0,43.5,1040.5,102.0,202.0,0.0,104.0,2339.0,501.0,161.5,0.0,168.5,3.5,0.0,754.5,964.0,0.0,211.5,7.5,0.0,364.5,0.0,110.0,0.0,213.0,126.0,1104.5,28.0,0.0,,,516.5
2025-06-06,110.0,470.0,148.0,314.0,1062.0,1784.5,1477.5,1923.5,90.0,628.5,701.0,1782.5,539.5,274.0,211.5,455.5,85.5,143.0,133.0,227.0,460.5,165.5,108.5,991.0,211.0,65.0,313.5,22.5,226.0,101.5,1114.0,21.5,435.0,1819.0,337.0,148.5,0.0,,,897.0
2025-06-07,207.5,133.0,86.5,248.0,419.0,515.0,467.5,517.0,204.5,156.0,469.0,438.5,183.5,283.0,22.5,308.0,142.0,217.0,303.0,182.5,56.0,525.0,93.5,235.5,257.5,94.0,108.5,129.5,1399.5,41.5,406.5,62.5,89.5,478.5,287.0,146.5,366.5,,,373.0
2025-06-08,0.0,0.0,0.0,0.0,0.0,0.0,0.0,0.0,24.5,0.0,0.0,0.0,36.0,31.5,0.0,0.0,0.0,0.0,9.0,0.0,0.0,0.0,0.0,0.0,0.0,0.0,0.0,26.5,0.0,0.0,0.0,24.0,29.5,0.0,0.0,25.5,0.0,,,0.0
2025-06-09,0.0,9.0,9.5,0.0,0.0,0.0,0.0,0.0,0.0,0.0,0.0,22.5,197.5,241.0,0.0,0.0,10.0,0.0,137.0,0.0,153.0,0.0,0.0,0.0,10.5,50.0,109.0,78.5,0.0,11.0,0.0,27.5,403.5,30.0,0.0,107.0,0.0,,,0.0
2025-06-10,0.0,618.0,60.0,310.0,210.0,0.0,0.0,0.0,58.5,297.5,0.0,27.5,389.0,60.5,1455.5,590.0,52.0,73.5,159.0,105.5,250.5,0.0,43.5,0.0,26.5,41.0,171.5,233.0,142.0,766.0,0.0,91.5,623.0,68.0,29.0,178.5,81.0,,,1283.0
2025-06-11,0.0,0.0,23.5,0.0,0.0,0.0,0.0,0.0,0.0,0.0,0.0,0.0,0.0,8.5,0.0,47.5,411.0,37.5,175.0,0.0,26.0,0.0,339.0,0.0,0.0,11.5,0.0,0.0,0.0,0.0,0.0,0.0,0.0,0.0,0.0,41.0,22.5,,,0.0
2025-06-12,0.0,0.0,0.0,0.0,0.0,0.0,0.0,15.5,,0.0,774.0,0.0,0.0,0.0,0.0,0.0,0.0,0.0,0.0,0.0,0.0,0.0,0.0,0.0,0.0,0.0,0.0,27.0,0.0,0.0,0.0,0.0,23.0,0.0,201.5,44.5,0.0,,,0.0
2025-06-13,0.0,0.0,0.0,0.0,0.0,0.0,0.0,0.0,,0.0,44.0,0.0,20.5,0.0,0.0,0.0,0.0,0.0,0.0,21.5,0.0,0.0,0.0,0.0,0.0,0.0,0.0,23.5,0.0,0.0,61.5,157.0,40.5,0.0,0.0,0.0,0.0,,,0.0
2025-06-14,1067.0,974.0,435.0,0.0,0.0,0.0,26.5,0.0,,184.5,42.5,0.0,0.0,47.0,681.5,0.0,164.0,65.5,0.0,65.0,0.0,1050.5,164.5,24.5,33.5,99.0,0.0,0.0,263.5,0.0,93.0,98.5,0.0,0.0,41.5,0.0,0.0,,,0.0
2025-06-15,0.0,0.0,0.0,0.0,0.0,0.0,0.0,0.0,,0.0,0.0,0.0,0.0,0.0,0.0,0.0,0.0,0.0,0.0,0.0,0.0,0.0,0.0,0.0,0.0,0.0,0.0,0.0,0.0,0.0,0.0,0.0,0.0,0.0,0.0,0.0,0.0,,,0.0
2025-06-16,120.5,189.0,25.5,47.5,192.0,1464.0,1358.5,440.0,,73.5,79.0,888.0,2922.5,973.5,66.5,24.0,50.5,631.5,241.0,424.5,366.5,202.0,145.0,18.0,181.5,495.5,171.0,463.0,100.5,73.0,638.0,533.0,249.5,1185.5,55.5,358.0,406.5,,,291.5
2025-06-17,25.5,40.0,62.0,99.5,735.0,52.5,33.0,17.5,,211.0,669.5,129.0,27.5,678.0,8.0,264.5,51.0,32.0,16.0,21.5,16.5,27.0,21.5,993.0,0.0,19.5,5.0,40.0,61.5,248.5,643.0,31.0,98.5,166.5,1033.0,85.5,0.0,,,309.5
2025-06-18,978.0,184.5,726.5,56.5,46.5,204.0,185.0,51.0,,91.5,554.0,460.0,200.0,61.5,317.5,1181.0,655.0,381.0,71.0,358.5,38.5,416.5,1097.0,68.5,49.0,202.5,21.5,87.5,1249.0,688.0,449.5,164.0,349.0,244.5,43.0,165.5,80.5,,,365.0
2025-06-19,420.5,129.0,94.5,0.0,29.5,58.5,76.5,57.5,,185.0,197.5,45.5,93.5,60.0,393.0,121.0,219.0,217.5,192.0,251.5,127.5,769.0,192.0,96.0,440.5,159.0,120.5,269.5,432.5,113.5,59.0,215.0,113.5,63.5,54.0,128.5,405.0,,,151.0
2025-06-20,99.5,0.0,0.0,37.5,524.5,118.5,104.5,0.0,,470.5,0.0,279.0,15.5,0.0,683.5,11.0,16.5,0.0,0.0,0.0,0.0,41.0,0.0,6.0,74.5,0.0,0.0,0.0,14.0,0.0,781.0,0.0,0.0,247.5,0.0,44.5,17.0,,424.0,0.0
2025-06-21,48.0,0.0,14.5,0.0,26.0,0.0,0.0,0.0,0.0,42.0,0.0,0.0,0.0,0.0,137.5,0.0,0.0,0.0,0.0,10.0,0.0,40.5,0.0,23.0,0.0,0.0,0.0,0.0,89.5,0.0,0.0,0.0,0.0,0.0,0.0,18.0,15.0,,0.0,0.0
2025-06-22,22.0,165.5,127.5,393.5,696.5,458.0,422.0,0.0,0.0,19.5,0.0,166.0,15.0,498.5,403.5,129.5,41.0,54.5,466.0,159.5,40.5,0.0,22.0,0.0,81.5,124.0,47.5,41.5,0.0,0.0,528.5,75.0,4.0,164.0,0.0,356.0,0.0,,0.0,85.0
2025-06-23,0.0,27.5,47.5,365.5,70.0,0.0,16.0,33.5,0.0,0.0,0.0,0.0,53.5,41.0,0.0,110.5,350.0,370.0,37.0,501.0,294.5,0.0,173.0,0.0,0.0,396.0,99.0,0.0,0.0,0.0,27.5,23.5,0.0,0.0,34.5,198.0,0.0,,0.0,184.5
2025-06-24,286.0,409.5,71.5,0.0,12.5,0.0,0.0,0.0,26.0,157.0,0.0,0.0,103.0,0.0,70.0,11.5,21.5,0.0,0.0,0.0,25.5,175.0,21.5,0.0,25.0,34.5,106.5,536.0,17.5,28.0,0.0,1088.5,34.5,0.0,0.0,0.0,23.0,,10.5,287.5
2025-06-25,0.0,250.5,91.0,53.5,44.0,0.0,0.0,30.0,0.0,216.0,0.0,0.0,12.5,256.5,318.5,59.0,82.5,29.5,368.5,21.0,229.0,0.0,74.5,0.0,0.0,128.5,346.0,7.5,0.0,13.0,17.5,156.5,292.5,0.0,0.0,428.5,18.5,,0.0,479.0
2025-06-26,0.0,38.5,47.0,0.0,23.5,0.0,0.0,0.0,0.0,49.5,0.0,25.5,0.0,0.0,0.0,0.0,0.0,0.0,0.0,0.0,0.0,0.0,0.0,0.0,0.0,0.0,0.0,0.0,0.0,0.0,0.0,0.0,0.0,34.5,0.0,0.0,0.0,,0.0,0.0
2025-06-27,1116.0,928.0,317.0,1270.0,1875.0,324.5,242.0,486.5,193.5,58.0,612.5,192.0,834.5,492.5,668.0,1297.0,895.0,1220.5,217.0,1842.5,1126.0,780.0,666.0,1074.5,1271.0,1358.0,1468.0,542.0,1091.0,1617.5,129.0,1462.5,1265.0,230.0,559.0,263.5,346.5,,224.0,1280.5
2025-06-28,88.5,0.0,42.5,0.0,176.0,45.5,46.0,91.5,0.0,83.5,45.5,0.0,0.0,45.0,25.0,0.0,0.0,28.5,0.0,20.5,38.0,44.0,45.5,44.0,0.0,0.0,46.0,0.0,44.0,39.0,89.0,45.5,0.0,72.5,69.0,30.5,45.5,,86.0,0.0
2025-06-29,21.0,973.5,590.5,113.0,46.5,34.0,33.5,43.0,1020.5,22.0,59.5,21.5,134.0,134.0,615.5,102.5,345.0,179.5,208.0,251.0,86.5,19.5,318.5,9.0,1422.5,236.0,83.5,720.5,0.5,879.0,47.0,1476.5,271.0,32.5,12.0,191.0,571.5,,27.0,216.0
2025-06-30,0.0,22.0,0.0,0.0,0.0,32.0,45.0,107.5,0.0,0.0,24.0,0.0,0.0,0.0,0.0,23.0,0.0,0.0,24.5,0.0,33.5,47.5,0.0,0.0,0.0,0.0,0.0,35.5,0.0,0.0,31.0,0.0,31.5,0.0,0.0,15.0,0.0,,0.0,23.5
2025-07-01,81.0,1.0,0.0,0.0,20.0,0.0,0.0,0.0,0.0,20.5,0.0,0.0,0.0,0.0,0.0,26.0,33.5,24.5,0.0,32.5,0.0,24.0,26.5,0.0,0.0,18.5,0.0,11.5,0.0,0.0,1.0,35.0,0.0,29.5,0.0,0.0,0.0,,0.0,0.0
2025-07-02,1342.5,1799.0,956.5,158.5,150.5,1097.5,1038.5,1046.0,2994.0,682.5,830.5,454.5,12.5,90.0,29.5,208.0,687.0,163.0,33.0,148.0,243.5,1323.5,840.0,1451.5,1438.5,667.5,190.0,478.5,842.0,0.0,440.0,2117.5,93.0,465.5,283.5,74.5,8.0,,872.5,265.0
2025-07-03,540.0,215.0,281.5,0.0,46.5,56.5,33.5,224.5,0.0,337.0,282.0,133.5,3.0,5.0,194.5,50.0,634.0,696.0,52.0,348.5,12.0,396.5,478.0,218.0,0.0,582.0,38.0,109.5,647.5,0.0,20.0,141.0,42.5,98.5,406.0,7.5,0.0,,91.0,203.0
2025-07-04,529.5,91.5,43.0,74.0,47.5,36.5,59.0,6.0,89.0,0.0,30.0,0.0,88.0,45.0,0.0,45.0,102.5,89.0,69.0,130.0,43.5,135.0,89.5,192.5,44.0,88.5,44.5,91.5,364.0,119.5,22.5,90.5,89.5,0.0,98.5,71.5,70.0,,0.0,43.5
2025-07-05,47.5,16.0,485.5,0.0,193.5,0.0,0.0,0.0,0.0,37.0,0.0,0.0,0.0,0.0,111.0,102.0,17.0,33.5,0.0,16.0,0.0,94.5,305.5,47.5,0.0,0.0,0.0,0.0,46.0,0.0,17.0,0.0,0.0,0.0,47.0,0.0,270.0,,0.0,47.5
2025-07-06,64.0,0.0,0.0,0.0,0.0,0.0,0.0,0.0,0.0,117.5,12.5,0.0,0.0,0.0,0.0,26.5,0.0,0.0,0.0,0.0,0.0,71.0,0.0,49.0,0.0,0.0,0.0,0.0,423.0,0.0,0.0,0.0,0.0,0.0,21.5,0.0,22.5,,7.0,0.0
2025-07-07,275.0,283.5,369.0,456.5,485.0,125.5,154.0,355.0,21.0,100.0,134.0,66.0,22.0,485.0,357.5,641.0,509.5,289.5,740.5,352.0,501.5,197.5,597.0,102.0,35.0,281.5,506.0,264.0,199.0,9.0,675.0,431.0,134.5,133.0,268.5,564.0,210.5,,199.0,311.0
2025-07-08,0.0,0.0,0.0,0.0,0.0,0.0,0.0,0.0,0.0,33.5,0.0,0.0,66.5,0.0,0.0,27.5,0.0,0.0,0.0,0.0,0.0,0.0,0.0,0.0,0.0,0.0,0.0,0.0,0.0,29.0,0.0,0.0,0.0,0.0,0.0,0.0,0.0,,0.0,0.0
2025-07-09,16.5,333.5,573.5,6.0,7.5,833.5,765.5,320.0,900.5,0.0,0.0,18.5,1458.0,91.5,361.5,0.0,1173.5,103.5,313.5,39.5,1033.0,320.0,1135.5,0.0,1024.0,1101.0,1185.5,1191.5,926.5,491.5,350.0,372.0,1594.0,17.5,0.0,214.0,997.0,,129.5,6.0
2025-07-10,34.5,58.0,0.0,0.0,598.5,385.5,258.0,46.0,57.0,30.5,0.0,0.0,31.5,0.0,23.0,26.5,14.5,76.0,0.0,213.5,21.0,36.0,0.0,0.0,24.5,15.0,0.0,57.5,946.5,399.5,60.5,364.0,8.5,0.0,0.0,0.0,21.0,,221.5,0.0
2025-07-11,24.5,0.0,0.0,0.0,0.0,0.0,0.0,0.0,23.0,12.0,0.0,0.0,0.0,0.0,12.5,40.5,0.0,0.0,0.0,29.5,0.0,22.5,0.0,0.0,0.0,0.0,0.0,25.5,0.0,0.0,0.0,0.0,0.0,0.0,0.0,0.0,0.0,,0.0,1293.5
2025-07-12,0.0,1262.5,465.0,616.5,110.0,27.5,8.5,600.0,12.5,320.5,65.5,196.0,274.5,901.0,333.5,295.5,288.5,309.0,387.5,839.5,100.0,0.0,103.0,17.5,39.0,1310.5,98.0,376.5,,6.0,146.0,1171.0,41.0,146.5,17.5,250.0,752.0,,407.0,12.0
2025-07-13,455.0,197.5,160.0,808.5,221.5,1764.5,1907.5,849.5,121.0,90.5,24.0,929.0,26.5,371.5,6.0,272.5,251.0,97.0,72.5,0.0,689.0,1278.0,149.0,123.5,27.0,302.5,627.0,849.5,,59.5,262.0,697.0,621.0,1103.0,461.0,333.0,316.5,,862.0,868.5
2025-07-14,137.0,26.5,0.0,41.0,135.0,38.0,61.0,301.5,296.5,60.5,243.5,0.0,179.0,12.5,346.0,71.5,0.0,0.0,184.0,21.5,795.5,68.5,0.0,429.0,537.0,0.0,712.5,0.0,,486.5,181.5,22.0,647.5,45.0,305.0,545.5,511.0,,537.5,93.5
2025-07-15,0.0,78.5,0.0,222.0,484.0,0.0,0.0,39.0,1095.5,55.5,0.0,0.0,22.5,0.0,0.0,0.0,607.0,135.5,26.0,339.5,0.0,11.0,523.5,38.5,1527.5,51.0,0.0,28.5,,0.0,0.0,138.0,0.0,0.0,13.0,33.0,318.0,,474.0,0.0
2025-07-16,17.5,206.5,120.5,683.0,165.0,383.0,230.0,327.5,177.0,21.5,208.0,373.0,459.0,661.5,702.5,234.0,530.0,608.0,356.5,554.0,360.0,37.5,262.5,41.5,116.5,253.5,358.0,110.5,,67.0,887.5,312.0,70.5,349.5,86.5,450.5,112.5,,186.0,30.5
2025-07-17,0.0,319.0,447.5,15.5,46.5,21.5,38.5,94.0,76.0,44.0,0.0,58.0,25.0,17.5,115.0,121.5,335.0,76.0,53.0,62.5,69.5,0.0,493.0,0.0,217.5,607.0,29.0,519.5,,84.0,7.5,800.0,99.5,82.0,-9954.5,33.0,79.5,,0.0,350.0
2025-07-18,88.0,183.0,96.5,13.5,26.0,112.0,122.5,44.0,66.5,15.5,0.0,0.0,0.0,194.5,655.0,79.5,12.5,0.0,159.5,44.5,0.0,63.5,7.0,0.0,36.0,106.5,0.0,0.0,,36.0,151.0,57.0,0.0,0.0,25.5,40.0,105.5,,43.0,24.5
2025-07-19,0.0,0.0,0.0,0.0,0.0,0.0,0.0,36.5,24.5,0.0,0.0,0.0,0.0,0.0,0.0,0.0,0.0,0.0,0.0,0.0,0.0,0.0,0.0,0.0,0.0,24.0,0.0,0.0,,28.0,0.0,0.0,0.0,0.0,0.0,0.0,0.0,,0.0,0.0
2025-07-20,0.0,0.0,0.0,0.0,0.0,0.0,0.0,0.0,0.0,0.0,0.0,0.0,0.0,0.0,0.0,0.0,0.0,0.0,0.0,37.5,0.0,0.0,0.0,0.0,0.0,0.0,0.0,0.0,,0.0,0.0,0.0,0.0,0.0,0.0,0.0,0.0,,0.0,0.0
2025-07-21,0.0,0.0,0.0,0.0,0.0,0.0,0.0,0.0,0.0,0.0,0.0,0.0,0.0,0.0,0.0,0.0,0.0,0.0,31.5,0.0,0.0,0.0,0.0,0.0,0.0,0.0,0.0,0.0,,0.0,0.0,0.0,0.0,0.0,0.0,0.0,0.0,,0.0,0.0
2025-07-22,0.0,0.0,0.0,0.0,0.0,0.0,0.0,0.0,0.0,0.0,0.0,0.0,0.0,0.0,0.0,0.0,0.0,0.0,0.0,0.0,0.0,0.0,0.0,0.0,0.0,0.0,0.0,0.0,,0.0,78.0,0.0,0.0,0.0,0.0,0.0,0.0,0.0,0.0,0.0
2025-07-23,0.0,0.0,0.0,0.0,0.0,0.0,0.0,0.0,0.0,0.0,0.0,0.0,0.0,0.0,0.0,0.0,0.0,0.0,0.0,0.0,0.0,0.0,0.0,0.0,0.0,0.0,0.0,0.0,,0.0,0.0,0.0,0.0,0.0,0.0,0.0,24.5,0.0,0.0,0.0
2025-07-24,201.5,0.0,0.0,0.0,0.0,0.0,0.0,0.0,0.0,0.0,0.0,0.0,0.0,0.0,0.0,0.0,0.0,0.0,0.0,0.0,0.0,100.0,0.0,0.0,0.0,0.0,0.0,0.0,,0.0,0.0,0.0,0.0,0.0,0.0,0.0,0.0,0.0,0.0,0.0
2025-07-25,45.0,0.0,0.0,0.0,0.0,0.0,0.0,0.0,0.0,0.0,0.0,0.0,0.0,0.0,0.0,0.0,0.0,0.0,0.0,0.0,0.0,0.0,0.0,0.0,0.0,0.0,0.0,0.0,,0.0,0.0,0.0,0.0,28.5,7.5,0.0,0.0,0.0,0.0,0.0
2025-07-26,0.0,0.0,0.0,0.0,0.0,0.0,0.0,0.0,0.0,,0.0,0.0,0.0,0.0,0.0,0.0,0.0,0.0,0.0,0.0,0.0,0.0,0.0,0.0,0.0,0.0,0.0,0.0,,0.0,0.0,0.0,0.0,0.0,0.0,0.0,0.0,0.0,0.0,0.0
2025-07-27,0.0,1047.0,410.5,656.0,167.0,836.0,852.5,1048.0,225.0,34.5,37.5,581.0,58.5,411.0,0.0,669.0,2071.5,1174.0,342.0,1364.5,310.5,0.0,2242.5,17.0,142.0,666.5,282.5,352.0,,6.5,369.5,510.5,105.0,563.0,85.0,359.5,472.5,1416.5,87.0,501.5
2025-07-28,0.0,0.0,0.0,0.0,25.5,0.0,0.0,0.0,0.0,42.5,0.0,0.0,18.5,0.0,0.0,24.5,0.0,0.0,0.0,0.0,0.0,0.0,0.0,0.0,0.0,27.0,39.0,0.0,,0.0,21.5,0.0,23.5,22.0,0.0,35.0,0.0,0.0,0.0,26.0
2025-07-29,0.0,0.0,0.0,12.5,0.0,0.0,0.0,0.0,0.0,0.0,0.0,506.0,0.0,0.0,0.0,0.0,0.0,0.0,0.0,0.0,0.0,0.0,0.0,143.0,0.0,0.0,0.0,0.0,,0.0,0.0,0.0,0.0,297.5,0.0,0.0,0.0,0.0,0.0,0.0
2025-07-30,0.0,0.0,0.0,0.0,0.0,0.0,0.0,0.0,0.0,0.0,0.0,0.0,0.0,0.0,0.0,0.0,0.0,0.0,0.0,0.0,0.0,0.0,0.0,146.5,0.0,0.0,0.0,0.0,,0.0,0.0,0.0,0.0,40.5,46.5,0.0,0.0,0.0,0.0,0.0
2025-07-31,0.0,0.0,0.0,0.0,0.0,0.0,0.0,0.0,0.0,0.0,0.0,0.0,0.0,0.0,0.0,0.0,0.0,0.0,0.0,0.0,0.0,0.0,0.0,0.0,0.0,0.0,0.0,0.0,,0.0,0.0,0.0,0.0,0.0,0.0,0.0,0.0,0.0,0.0,0.0
2025-08-01,0.0,0.0,0.0,171.0,0.0,0.0,0.0,0.0,0.0,0.0,96.0,0.0,0.0,128.5,0.0,0.0,0.0,1217.5,228.5,1705.0,332.5,0.0,0.0,0.0,0.0,872.0,636.5,418.0,,0.0,125.5,317.0,0.0,0.0,98.5,581.0,0.0,771.0,0.0,0.0
2025-08-02,2001.0,1318.5,1603.5,2492.0,2694.5,3139.0,2315.0,3342.5,2753.0,1630.5,5127.0,3166.5,1888.0,2144.5,1159.5,2250.0,1473.5,1475.5,846.5,1259.5,1672.5,1493.5,1770.0,1997.0,2180.0,1295.0,1398.0,1696.5,,1654.0,3371.5,1460.0,1544.5,2666.5,3677.0,2214.0,1844.0,1915.5,2339.5,3126.0
2025-08-03,0.0,0.0,0.0,0.0,0.0,0.0,0.0,24.5,0.0,0.0,22.5,0.0,0.0,0.0,0.0,27.5,0.0,0.0,0.0,0.0,0.0,0.0,0.0,0.0,0.0,0.0,0.0,23.0,,0.0,0.0,0.0,0.0,6.5,0.0,0.0,0.0,0.0,0.0,0.0
2025-08-04,189.5,2327.5,1193.5,257.0,122.5,41.5,24.5,24.0,2317.0,107.0,121.5,1264.5,236.5,256.5,76.0,204.0,2538.0,2436.5,366.0,2055.0,161.0,83.5,1149.5,65.0,2395.5,2773.5,160.0,2907.5,,397.5,149.0,1810.5,266.5,704.5,73.5,236.0,1628.5,1371.0,49.0,399.0
2025-08-05,235.0,312.5,350.5,343.5,8.5,379.5,388.5,1219.5,39.0,391.0,111.5,376.0,82.5,75.0,198.0,275.0,1040.5,1163.5,340.5,1632.5,359.0,101.0,1445.0,90.0,150.5,816.0,208.0,301.5,,172.5,71.0,395.0,1006.5,289.0,615.0,120.0,23.5,1276.5,26.5,513.0
2025-08-06,15.5,426.0,15.0,34.0,202.5,18.0,18.0,1214.5,139.0,56.0,116.0,0.0,285.0,0.0,0.0,31.5,0.0,0.0,17.0,0.0,572.5,0.0,0.0,3.5,391.0,0.0,191.0,824.5,68.0,287.5,0.0,581.5,259.5,0.0,20.5,31.5,244.0,10.5,71.5,26.0
2025-08-07,0.0,0.0,0.0,0.0,0.0,0.0,25.5,39.5,23.5,0.0,251.0,84.5,0.0,0.0,0.0,0.0,22.5,0.0,0.0,0.0,0.0,0.0,0.0,50.5,23.5,0.0,0.0,22.5,0.0,0.0,0.0,,24.0,66.5,408.0,0.0,0.0,0.0,0.0,0.0
2025-08-08,179.5,1301.5,1310.5,1841.0,1169.0,713.5,492.5,795.0,1040.0,220.0,1521.5,1784.5,1210.5,726.5,10934.0,1783.0,707.5,618.0,922.5,1090.5,1273.0,123.0,700.5,1675.5,839.5,300.0,1277.5,590.5,584.0,359.0,626.5,,1079.5,1762.5,1252.0,1710.0,992.5,1320.5,612.5,1704.5
2025-08-09,2992.0,365.0,488.5,45.0,207.5,204.0,153.5,339.5,88.5,323.5,352.5,200.5,0.0,20.5,51.5,754.5,32.0,83.5,10.0,346.5,12.0,2139.5,56.5,261.0,21.5,70.0,0.0,0.0,836.0,0.0,909.5,0.0,0.0,173.5,483.5,35.0,31.0,392.5,1299.5,470.5
2025-08-10,781.5,141.5,223.0,72.0,205.0,417.0,401.5,258.5,0.0,165.0,91.0,149.0,0.0,274.0,29.5,1379.5,1971.5,1566.0,203.5,832.0,652.5,,1068.5,375.5,16.0,607.5,580.0,499.5,,0.0,198.0,1200.5,69.0,127.5,227.5,434.0,0.0,1345.0,284.5,77.5
2025-08-11,69.0,25.5,22.0,0.0,302.5,0.0,0.0,0.0,84.5,98.0,0.0,0.0,20.5,79.5,123.0,27.5,1172.5,1885.5,115.5,876.0,148.0,15.5,712.5,34.0,674.5,796.0,383.5,114.0,230.5,443.0,0.0,314.5,213.0,0.0,27.5,83.5,101.5,931.0,0.0,0.0
2025-08-12,247.0,1176.5,905.0,712.0,969.0,439.0,448.0,322.5,1271.0,3005.0,576.5,290.5,1113.5,590.0,1049.5,1219.0,1181.5,1193.0,665.5,1070.0,822.5,266.5,1148.0,709.0,1306.0,956.5,822.5,1087.0,1634.0,1757.0,761.5,1089.0,1734.0,325.5,595.5,748.0,1281.5,1024.0,749.5,804.0
2025-08-13,-8547.5,1978.5,2174.5,640.5,644.0,1244.5,953.0,655.0,684.5,881.0,1545.5,430.0,1768.0,1119.5,1547.5,666.5,2654.0,1411.5,1780.5,1325.0,818.5,1521.0,2140.0,1629.0,408.0,1995.0,920.5,1451.5,-9292.5,977.0,762.0,1851.0,774.5,425.0,833.0,1352.0,921.5,729.5,1565.0,649.0
2025-08-14,36.5,38.5,35.0,0.0,0.0,0.0,0.0,0.0,-9999.0,23.5,0.0,0.0,0.0,0.0,0.0,0.0,0.0,0.0,0.0,0.0,0.0,,0.0,0.0,0.0,0.0,0.0,0.0,31.0,0.0,0.0,0.0,0.0,0.0,0.0,,47.0,0.0,26.0,58.5
2025-08-15,0.0,0.0,0.0,0.0,0.0,0.0,0.0,0.0,0.0,0.0,0.0,0.0,0.0,0.0,18.5,0.0,261.0,0.0,0.0,0.0,92.0,0.0,209.0,-9999.0,0.0,0.0,54.0,0.0,389.0,0.0,44.5,0.0,0.0,0.0,19.0,,0.0,0.0,0.0,0.0
2025-08-16,388.5,0.0,144.0,217.0,0.0,0.0,0.0,0.0,177.0,0.0,0.0,0.0,269.0,406.0,0.0,0.0,523.5,363.0,97.0,452.0,85.5,0.0,314.0,351.0,615.0,236.0,36.5,752.0,723.0,358.0,0.0,347.5,884.0,0.0,0.0,35.5,456.5,35.5,0.0,0.0
2025-08-17,0.0,0.0,43.0,0.0,0.0,0.0,0.0,0.0,0.0,0.0,0.0,0.0,0.0,0.0,0.0,0.0,0.0,0.0,19.0,29.0,0.0,0.0,0.0,25.0,0.0,0.0,0.0,0.0,0.0,0.0,0.0,0.0,47.5,0.0,15.5,0.0,32.0,0.0,0.0,0.0
2025-08-18,588.5,4370.0,3463.5,386.0,348.5,113.5,114.0,112.0,160.5,75.0,0.0,148.5,424.0,1861.0,274.5,1321.5,1527.5,1327.5,2057.0,933.5,1672.5,72.0,1372.5,0.0,4866.5,1363.5,1473.0,1129.5,0.0,4305.0,114.5,1712.0,932.0,147.0,0.0,4727.0,0.0,898.5,38.0,1596.5
2025-08-19,169.5,1230.5,1997.0,203.5,42.5,69.0,80.0,80.5,586.5,79.0,124.5,76.5,1333.0,80.0,3755.5,242.5,742.5,406.0,128.5,315.5,858.5,127.5,830.5,165.5,470.5,205.0,588.5,360.5,168.5,864.5,56.0,561.0,664.0,77.0,164.5,195.5,1618.0,443.5,114.5,448.5
2025-08-20,97.5,545.0,578.5,167.0,298.0,145.0,130.5,134.0,185.5,207.0,131.0,67.5,228.5,185.0,477.5,505.0,379.5,281.0,185.0,249.0,242.5,94.5,387.0,82.5,200.5,0.0,268.5,255.0,175.5,217.0,199.0,266.5,342.0,126.0,81.5,195.0,231.5,376.5,165.5,319.0
2025-08-21,35.5,41.0,33.5,389.5,8.0,0.0,24.5,22.5,0.0,40.0,0.0,0.0,0.0,32.0,0.0,7.0,184.0,215.0,286.0,666.0,28.0,0.0,203.0,0.0,12.5,67.5,75.5,12.5,0.0,0.0,29.0,94.0,0.0,0.0,40.5,107.5,0.0,163.5,0.0,39.0
2025-08-22,0.0,285.0,89.5,0.0,0.0,17.5,25.0,0.0,0.0,0.0,77.0,0.0,0.0,47.5,0.0,25.5,359.0,142.5,467.0,174.0,140.0,0.0,123.0,0.0,0.0,0.0,263.0,455.0,302.5,0.0,0.0,690.5,0.0,0.0,0.0,231.0,0.0,8.0,0.0,0.0
2025-08-23,0.0,2618.5,2743.0,651.0,642.5,66.5,66.5,33.0,2164.0,0.0,0.0,65.5,626.0,504.5,596.0,2287.0,2069.0,3812.0,692.5,3035.0,735.0,16.0,2169.0,24.5,2382.5,0.0,922.5,1017.0,0.0,1696.0,202.0,1055.5,620.5,91.0,0.0,649.5,800.0,3467.5,33.5,3719.0
2025-08-24,0.0,164.5,217.0,98.5,3.0,107.5,64.5,114.0,104.0,278.5,101.0,386.0,22.5,966.0,38.5,4.0,183.0,0.0,930.0,14.5,454.0,,255.0,52.0,565.0,0.0,425.5,0.0,86.5,307.0,1499.0,0.0,322.0,264.0,15.5,339.5,63.0,0.0,332.5,0.0
2025-08-25,30.5,288.0,292.0,1133.5,552.5,142.0,142.0,94.0,1788.0,104.5,70.0,208.0,521.0,741.0,619.0,530.5,614.0,596.5,972.5,980.0,849.5,31.0,756.5,36.0,2172.0,0.0,716.0,2205.5,30.0,440.5,266.0,667.5,842.0,278.0,70.0,914.0,1966.0,1165.0,134.5,498.5
2025-08-26,0.0,0.0,0.0,0.0,0.0,0.0,0.0,0.0,0.0,0.0,0.0,0.0,0.0,0.0,0.0,0.0,0.0,0.0,0.0,0.0,0.0,0.0,0.0,0.0,0.0,0.0,0.0,0.0,0.0,0.0,0.0,0.0,0.0,0.0,0.0,0.0,0.0,0.0,0.0,0.0
2025-08-27,0.0,0.0,0.0,0.0,0.0,0.0,0.0,0.0,0.0,0.0,0.0,0.0,0.0,0.0,0.0,0.0,0.0,0.0,0.0,21.0,0.0,0.0,0.0,0.0,0.0,0.0,0.0,0.0,0.0,0.0,0.0,0.0,0.0,0.0,0.0,0.0,0.0,0.0,0.0,0.0
2025-08-28,309.5,6.0,6.5,0.0,0.0,0.0,0.0,0.0,244.0,0.0,0.0,0.0,0.0,0.0,0.0,0.0,0.0,0.0,0.0,0.0,0.0,863.0,0.0,16.5,174.5,0.0,0.0,0.0,34.5,0.0,0.0,0.0,0.0,0.0,69.5,17.5,137.5,0.0,0.0,68.0
2025-08-29,19.0,138.5,217.5,178.5,0.0,0.0,0.0,0.0,42.5,0.0,0.0,0.0,0.0,0.0,327.5,122.5,221.5,275.0,0.0,240.5,0.0,80.5,358.5,25.0,108.0,0.0,0.0,0.0,0.0,0.0,0.0,0.0,0.0,0.0,0.0,0.0,0.0,505.5,0.0,27.0
2025-08-30,378.5,59.0,18.5,120.0,84.0,32.0,18.0,0.0,119.5,230.0,38.0,0.0,83.0,42.5,290.5,303.5,35.0,75.5,15.0,100.0,14.5,793.0,20.5,90.5,81.0,4.5,4.0,24.5,230.5,64.0,214.5,14.5,1.0,0.0,27.0,0.0,19.0,155.0,50.5,497.0
2025-08-31,41.5,46.5,35.0,0.0,20.5,19.0,0.0,0.0,22.5,21.5,42.0,0.0,16.5,0.0,47.0,0.0,0.0,48.0,34.5,0.0,0.0,41.5,0.0,0.0,35.0,35.0,34.0,36.0,47.5,22.5,0.0,36.0,0.0,0.0,47.5,39.0,48.0,0.0,34.0,0.0
2025-09-01,433.0,115.0,313.0,0.0,0.0,90.5,78.0,93.5,0.0,520.5,1430.5,24.5,247.0,40.5,217.5,0.0,246.5,23.5,89.0,0.0,54.5,571.5,393.0,2482.0,46.0,260.0,52.0,212.0,37.0,0.0,51.5,422.0,110.5,24.0,1542.5,45.0,0.0,0.0,2030.0,13.0
2025-09-02,131.5,28.0,40.5,55.0,0.0,0.0,138.5,21.0,0.0,61.5,0.0,398.0,23.5,151.5,40.5,0.0,39.5,0.0,0.0,0.0,35.0,109.0,0.0,75.5,40.0,0.0,13.5,0.0,107.5,0.0,0.0,0.0,0.0,399.0,40.0,170.0,0.0,0.0,26.0,40.5
2025-09-03,365.0,2722.5,2499.5,1898.5,2967.0,1416.5,1609.5,756.0,727.0,661.0,1870.0,908.5,279.0,1394.0,1775.0,1795.0,3168.0,2308.0,964.0,2618.0,780.5,398.0,3048.0,1892.0,182.5,2282.5,854.5,337.5,309.0,150.0,1391.5,534.5,229.0,954.0,2087.5,832.0,2094.5,2676.5,1034.0,1537.5
2025-09-04,49.5,0.0,0.0,0.0,21.5,0.0,0.0,25.5,0.0,22.0,1.0,119.5,29.5,20.5,0.0,0.0,0.0,0.0,13.0,0.0,0.0,52.0,0.0,25.0,47.0,58.5,29.0,0.0,51.5,45.0,0.0,37.0,36.5,105.0,16.5,67.0,0.0,38.0,20.0,23.5
2025-09-05,819.5,1260.5,681.5,2120.5,810.0,588.5,477.5,503.0,38.5,2063.0,495.0,357.0,188.0,870.0,885.5,508.5,584.5,727.5,594.5,1056.0,317.0,1069.5,769.0,262.5,4.5,487.5,315.0,216.0,740.5,688.0,990.5,171.5,452.0,437.0,349.5,299.5,0.0,1006.0,537.0,1667.5
2025-09-06,116.0,163.5,812.5,40.0,114.5,15.5,31.0,62.5,214.5,505.0,182.0,55.0,107.0,394.5,894.0,140.0,198.0,42.5,1273.5,421.5,450.5,405.5,73.0,82.5,284.0,136.0,384.0,337.0,883.0,51.0,121.0,261.5,116.5,107.5,133.0,1578.0,536.0,60.0,160.0,157.5
2025-09-07,0.0,394.5,63.5,0.0,0.0,0.0,24.5,0.0,138.5,0.0,0.0,0.0,0.0,0.0,736.0,24.0,0.0,0.0,33.5,0.0,16.0,,0.0,84.0,74.0,18.5,27.5,45.0,64.5,32.0,0.0,67.0,0.0,0.0,0.0,0.0,230.5,16.0,26.0,20.0
2025-09-08,580.0,1058.0,1184.5,696.0,1023.0,502.5,413.0,489.5,827.0,941.5,423.0,272.0,446.5,539.0,1340.5,985.0,1143.5,1022.0,738.5,1006.0,675.0,,1144.0,331.0,797.0,1013.5,690.0,1001.0,514.0,515.5,628.5,1054.5,610.0,329.0,360.5,656.0,1899.0,1139.0,749.5,1070.0
2025-09-09,426.0,241.0,211.5,15.0,101.5,14.0,40.0,860.0,27.0,586.5,921.0,209.5,77.0,4.0,97.5,14.5,139.0,130.0,9.5,110.5,89.0,332.5,129.0,386.5,55.0,133.5,61.0,76.5,228.0,10.5,20.0,162.5,23.5,207.5,637.0,10.5,92.0,45.0,243.0,36.0
2025-09-10,2387.0,1632.5,1758.0,1016.0,1161.0,1620.0,1713.0,4576.5,2178.0,1228.0,4276.0,2026.0,2052.0,2090.0,2519.5,1787.5,1489.5,1626.5,2040.5,1538.0,3790.0,1662.5,1517.5,4154.0,3393.5,1129.0,4247.0,3164.5,2387.0,3209.0,1275.5,1986.5,3172.0,2103.0,4249.0,4027.5,3533.5,1678.5,2328.5,1943.5
2025-09-11,149.0,20.5,0.0,42.5,0.0,73.0,95.5,143.0,0.0,415.5,291.0,77.5,984.0,0.0,41.5,220.5,359.0,109.0,0.0,0.0,59.5,194.5,122.5,1675.5,91.0,479.5,36.5,46.0,87.0,79.0,7.5,794.0,9.0,114.5,3278.5,8.0,202.0,66.5,112.0,36.5
2025-09-12,2054.5,48.0,95.5,215.5,144.5,413.0,359.0,1062.5,16.0,427.0,619.0,1077.5,2207.5,182.5,190.0,105.5,85.0,46.5,25.0,65.0,103.5,1894.0,69.0,839.0,47.0,32.5,109.5,63.5,1055.0,2509.0,235.5,31.0,1549.5,1041.5,882.5,95.5,20.0,58.0,504.0,103.0
2025-09-13,857.0,159.5,227.5,633.5,119.5,249.0,189.5,221.5,183.5,529.0,271.0,159.0,177.0,152.5,837.5,242.5,638.5,368.0,350.0,510.5,157.5,,202.0,164.5,256.5,209.0,176.0,155.5,685.0,281.5,150.0,150.5,217.0,180.0,210.5,153.5,273.0,850.5,300.5,660.5
2025-09-14,172.0,114.0,134.0,204.5,334.5,264.5,243.5,290.0,43.5,252.5,270.5,176.5,89.5,114.0,89.0,228.5,181.5,154.5,162.5,191.5,58.0,169.5,179.5,288.0,0.0,137.5,91.5,88.0,137.5,27.5,290.5,119.0,46.0,223.0,381.0,89.5,24.5,246.0,298.0,247.0
2025-09-15,247.0,449.0,197.5,1007.5,41.5,0.0,0.0,0.0,1068.5,0.0,451.0,0.0,775.5,251.0,364.0,1.0,12.0,0.0,884.5,0.0,703.5,726.0,16.5,203.0,583.5,3.5,1069.5,181.0,414.5,700.0,61.0,153.5,1285.0,0.0,455.5,729.5,0.0,0.0,629.0,4.5
2025-09-16,550.5,300.5,230.0,571.5,928.0,338.5,297.0,256.0,292.0,268.5,253.5,494.5,208.0,362.0,353.0,372.0,261.5,258.5,754.0,386.5,737.5,457.0,234.5,509.5,359.0,247.0,699.0,295.5,377.0,209.0,,325.5,258.0,502.5,859.0,1206.5,419.5,309.5,318.0,231.0
2025-09-17,646.5,859.0,935.0,844.5,821.0,1643.0,1249.0,1662.0,834.0,651.5,1861.5,553.5,590.0,590.0,1322.0,1584.0,797.5,640.5,596.0,925.5,498.0,1387.0,776.5,1306.0,672.5,635.0,517.5,664.0,537.5,439.0,904.0,733.5,426.0,554.0,1431.5,560.0,1177.5,1020.5,879.5,878.0
2025-09-18,84.5,43.5,39.0,45.5,,77.0,74.0,101.5,0.0,80.0,41.5,45.5,0.0,45.0,0.0,36.0,45.0,86.0,86.0,88.0,40.5,83.5,45.5,33.5,0.0,45.0,39.5,42.5,116.5,0.0,71.5,32.5,38.5,66.0,77.0,44.0,0.0,87.5,118.5,86.5
2025-09-19,0.0,0.0,41.0,20.5,,181.0,77.0,19.0,0.0,0.0,183.5,44.5,0.0,21.5,0.0,0.0,23.0,0.0,0.0,22.0,0.0,0.0,44.5,423.5,-9999.0,0.0,0.0,0.0,159.0,0.0,0.0,0.0,0.0,133.5,17.5,0.0,0.0,0.0,448.0,0.0
2025-09-20,0.0,286.0,35.0,237.0,,0.0,0.0,24.0,,,0.0,0.0,54.0,33.0,93.5,0.0,317.5,245.0,54.5,207.5,32.5,,142.5,0.0,202.5,739.5,32.5,136.0,22.5,30.5,0.0,141.0,61.5,0.0,0.0,66.5,2024.0,31.0,0.0,169.5
2025-09-21,0.0,33.5,71.0,0.0,,29.5,19.0,0.0,0.0,0.0,0.0,0.0,0.0,0.0,27.0,125.0,16.0,0.0,0.0,0.0,0.0,,44.0,0.0,0.0,17.5,0.0,0.0,84.5,0.0,402.0,0.0,0.0,0.0,0.0,0.0,0.0,8.0,209.5,77.5
2025-09-22,23.5,9.5,28.0,295.0,,74.0,73.0,0.0,0.0,0.0,0.0,0.0,95.5,0.0,0.0,25.0,90.0,15.5,110.0,0.0,0.0,0.0,0.0,0.0,0.0,121.5,0.0,13.5,0.0,0.0,0.0,40.0,0.0,0.0,0.0,14.5,0.0,0.0,0.0,0.0
2025-09-23,292.5,284.5,260.0,0.0,,0.0,0.0,0.0,0.0,147.0,0.0,12.5,417.5,0.0,416.0,218.0,97.0,71.0,0.0,0.0,427.0,495.0,98.0,0.0,153.5,0.0,257.0,0.0,289.5,1079.0,17.0,52.5,473.5,0.0,0.0,12.5,0.0,28.5,49.5,0.0
2025-09-24,407.5,327.5,328.5,0.0,0.0,0.0,0.0,0.0,0.0,21.0,13.0,0.0,26.0,270.0,50.0,319.0,117.0,0.0,42.5,0.0,0.0,,324.5,0.0,0.0,93.5,0.0,0.0,0.0,0.0,3.0,28.5,10.0,0.0,44.5,14.0,0.0,112.0,63.0,28.0
2025-09-25,383.5,0.0,0.0,0.0,0.0,73.5,38.0,0.0,33.0,1205.0,0.0,8.0,52.5,0.0,268.5,80.5,27.0,0.0,0.0,0.0,0.0,,0.0,93.0,162.0,0.0,0.0,0.0,167.5,0.0,0.0,0.0,25.5,7.5,26.5,0.0,0.0,0.0,31.5,864.0
2025-09-26,47.0,0.0,0.0,0.0,0.0,0.0,0.0,0.0,0.0,0.0,0.0,0.0,26.0,0.0,0.0,0.0,0.0,0.0,0.0,0.0,0.0,38.5,0.0,0.0,0.0,0.0,0.0,0.0,0.0,0.0,0.0,0.0,0.0,28.5,0.0,0.0,0.0,0.0,27.5,28.0
2025-09-27,0.0,0.0,0.0,0.0,0.0,217.0,79.5,53.0,0.0,0.0,692.5,0.0,0.0,0.0,0.0,45.5,0.0,0.0,0.0,0.0,0.0,9.5,0.0,455.0,0.0,0.0,0.0,0.0,9.0,0.0,168.0,0.0,253.0,0.0,541.5,0.0,0.0,0.0,63.5,0.0
2025-09-28,0.0,29.0,235.5,273.0,181.0,70.5,77.0,33.5,164.0,73.5,118.0,87.0,18.0,256.5,0.0,348.5,638.5,392.0,673.5,486.0,8.5,0.0,828.0,78.0,62.0,816.5,10.5,841.0,253.5,66.0,549.0,789.5,38.5,244.0,,90.0,5.5,167.0,35.0,0.0
2025-09-29,160.5,391.5,381.0,254.5,295.0,229.5,186.0,193.5,447.5,261.0,75.5,111.5,252.5,260.5,548.5,290.5,382.5,295.5,291.0,290.5,283.0,233.0,380.5,75.0,444.5,315.5,286.0,338.0,96.0,310.0,225.0,401.5,307.5,142.0,79.5,348.5,510.0,297.0,228.0,351.5
2025-09-30,25.5,5.0,0.0,8.0,42.5,1235.0,1049.0,1206.0,129.5,0.0,184.0,0.0,19.5,253.5,0.0,87.0,0.0,12.5,129.5,45.0,95.0,0.0,0.0,727.0,42.0,0.0,43.5,135.0,13.5,46.0,18.0,87.0,16.5,0.0,150.0,219.5,85.5,187.0,604.5,0.0
2025-10-01,22.0,0.0,0.0,0.0,0.0,0.0,0.0,17.5,100.0,0.0,22.0,603.5,0.0,0.0,0.0,25.0,0.0,0.0,0.0,84.0,0.0,0.0,0.0,0.0,56.5,0.0,0.0,0.0,0.0,31.0,0.0,0.0,0.0,569.0,0.0,0.0,32.0,0.0,0.0,0.0
2025-10-02,131.0,0.0,0.0,0.0,0.0,0.0,0.0,406.0,0.0,27.0,0.0,91.0,1622.5,0.0,0.0,0.0,0.0,0.0,0.0,84.0,59.5,324.5,0.0,28.0,0.0,0.0,60.0,0.0,20.0,134.0,0.0,0.0,847.5,67.0,0.0,82.0,0.0,0.0,65.0,0.0
2025-10-03,202.0,4779.0,3608.0,670.0,790.0,360.5,335.5,149.0,2750.5,251.0,307.0,225.5,723.5,416.5,4237.5,1300.0,2392.0,1027.0,557.0,1104.0,526.5,195.0,2660.0,203.5,2743.5,1121.0,578.0,1384.5,205.5,1164.0,275.0,1997.0,791.5,257.5,227.0,466.0,4492.0,1435.5,229.5,1603.0
2025-10-04,110.5,107.5,114.5,40.0,92.0,51.5,50.0,53.0,245.5,134.5,105.5,32.0,73.0,57.5,94.0,87.5,69.0,49.5,67.5,60.5,65.0,51.0,76.5,122.5,196.5,60.5,69.0,95.0,82.5,96.0,73.5,87.5,75.5,38.0,103.0,85.0,227.5,66.5,96.0,155.5
2025-10-05,125.0,80.5,40.5,0.0,44.0,44.0,0.0,42.5,48.0,87.0,77.5,43.5,73.5,0.0,77.5,30.5,40.0,39.0,71.0,28.5,86.0,128.0,40.5,43.5,40.0,0.0,39.0,86.5,63.5,38.0,43.0,80.0,75.5,43.0,79.0,39.0,32.5,30.0,43.0,37.5
2025-10-06,0.0,0.0,0.0,0.0,0.0,0.0,0.0,0.0,0.0,35.0,0.0,0.0,0.0,25.0,0.0,0.0,0.0,0.0,200.0,0.0,0.0,0.0,0.0,312.5,0.0,0.0,0.0,0.0,0.0,0.0,0.0,0.0,0.0,0.0,91.5,24.5,0.0,0.0,0.0,0.0
2025-10-07,48.0,0.0,0.0,0.0,98.5,1348.0,1163.0,900.0,0.0,0.0,503.5,35.0,0.0,0.0,0.0,14.5,0.0,0.0,0.0,0.0,0.0,23.0,0.0,44.5,0.0,0.0,0.0,0.0,28.0,0.0,15.0,0.0,0.0,0.0,186.0,0.0,0.0,0.0,744.0,46.5
2025-10-08,1469.5,288.5,816.0,7.5,852.0,276.0,192.5,70.0,164.5,8.5,19.0,108.0,209.5,693.0,548.0,40.0,0.0,0.0,391.0,0.0,588.0,545.0,0.0,86.0,239.0,6.5,632.5,1252.0,94.0,486.5,320.5,600.0,558.5,155.5,50.5,618.5,163.0,0.0,26.5,0.0
2025-10-09,293.0,454.0,203.5,325.0,274.0,35.0,50.0,102.0,240.0,676.5,200.0,0.0,60.0,1155.5,265.5,235.5,245.0,353.5,-9307.0,502.5,399.5,45.0,172.0,512.5,295.0,217.5,337.5,122.5,622.5,314.0,66.0,146.5,1981.5,0.0,353.0,567.5,694.5,472.5,348.0,2078.0
2025-10-10,1045.0,537.5,230.5,291.0,66.0,323.5,288.0,458.0,338.5,860.0,91.0,577.5,463.0,1023.5,42.0,10.5,133.0,70.5,730.0,123.5,809.5,567.5,97.0,0.0,1289.5,150.5,973.0,666.0,310.0,180.5,413.5,685.5,945.0,535.5,0.0,635.0,395.5,34.5,424.5,107.5
2025-10-11,32.0,0.0,14.0,70.0,25.5,106.5,39.0,82.5,27.5,0.0,339.5,144.0,399.5,49.5,10.5,107.0,0.0,142.0,0.0,361.5,344.0,0.0,34.5,432.0,26.5,0.0,206.5,0.0,14.5,28.0,10.5,0.0,192.5,199.0,377.5,75.5,0.0,61.5,29.0,0.0
2025-10-12,135.0,159.5,1264.0,350.0,1210.5,169.5,188.0,95.5,358.5,101.0,41.0,283.5,193.5,443.0,219.5,224.5,258.5,505.0,346.0,510.0,944.0,5.5,199.5,1488.5,155.0,446.0,393.0,817.5,23.0,104.5,791.5,576.5,363.0,327.5,20.0,291.0,204.0,695.5,143.5,206.5
2025-10-13,751.5,441.5,486.5,438.5,836.5,657.0,524.5,613.5,392.0,663.5,527.5,480.0,413.0,440.5,403.0,651.5,575.5,529.0,507.0,613.5,460.5,823.0,531.0,617.0,422.5,486.5,426.5,393.5,889.5,387.0,701.5,465.0,389.5,525.0,553.0,451.0,267.0,573.0,617.0,709.0
2025-10-14,167.5,326.0,592.0,740.0,1092.5,125.5,140.0,139.5,867.0,1174.0,256.0,109.5,370.0,124.5,794.5,1552.0,522.0,415.0,187.0,379.0,190.0,583.0,533.5,291.5,237.0,343.5,177.0,109.0,,1389.0,310.0,100.5,256.5,135.5,288.5,101.0,404.0,720.0,523.5,1076.5
2025-10-15,34.0,0.0,0.0,0.0,0.0,0.0,16.0,0.0,28.5,0.0,0.0,188.5,0.0,0.0,0.0,21.5,0.0,0.0,23.5,13.0,0.0,0.0,0.0,0.0,27.0,0.0,0.0,0.0,0.0,0.0,0.0,27.5,0.0,311.0,0.0,0.0,0.0,0.0,25.5,0.0
2025-10-16,812.0,761.0,751.0,37.0,0.0,872.5,1250.5,1101.5,2663.5,105.0,1537.0,227.0,89.0,,1778.5,2187.0,994.5,873.5,147.5,474.5,73.5,329.5,767.5,1404.0,1408.5,610.5,171.0,0.0,67.5,468.0,831.5,2005.5,144.0,356.0,1442.5,73.5,1025.5,1330.5,13.5,1207.5
2025-10-17,1407.5,894.5,2014.0,366.0,2375.5,1364.0,1780.0,2495.0,572.5,2780.5,1342.5,1768.5,685.5,289.5,1738.0,2124.5,889.0,296.0,300.0,296.0,210.5,,1023.5,1398.0,620.0,333.0,227.0,392.5,826.0,352.0,1370.5,901.0,336.0,1904.5,2395.0,196.5,729.5,514.0,2675.5,1823.5
2025-10-18,36.0,0.0,0.0,0.0,46.0,28.5,45.0,0.0,0.0,0.0,0.0,28.0,0.0,0.0,0.0,0.0,0.0,0.0,0.0,33.5,0.0,,40.5,66.0,0.0,23.5,41.0,25.0,203.0,0.0,44.5,34.5,0.0,57.0,81.5,0.0,0.0,0.0,0.0,0.0
2025-10-19,0.0,0.0,0.0,0.0,0.0,0.0,0.0,0.0,0.0,0.0,165.5,0.0,0.0,0.0,0.0,0.0,0.0,0.0,0.0,0.0,0.0,53.5,0.0,79.0,0.0,0.0,0.0,0.0,0.0,0.0,0.0,0.0,0.0,0.0,26.0,0.0,0.0,0.0,1520.5,68.5
2025-10-20,0.0,26.0,0.0,418.0,0.0,565.0,440.5,0.0,0.0,278.0,40.0,729.0,0.0,193.0,0.0,0.0,0.0,0.0,0.0,0.0,14.0,0.0,0.0,60.0,0.0,0.0,0.0,738.5,113.0,0.0,281.0,229.5,0.0,311.5,0.0,38.0,0.0,0.0,248.5,23.0
2025-10-21,654.0,872.0,494.0,785.5,635.5,1167.0,930.0,1847.0,787.0,1029.0,195.5,229.5,969.0,964.5,440.0,153.0,923.5,347.0,1053.5,594.5,1421.0,956.5,905.5,65.5,1077.5,840.5,1787.5,397.5,111.5,68.5,1252.0,540.0,3145.0,247.0,175.5,945.0,3.5,1037.0,1623.0,878.0
2025-10-22,1082.0,2028.5,2361.0,284.0,468.5,319.5,265.0,346.5,1740.0,315.0,476.0,337.5,3780.5,277.5,2113.5,327.0,1880.0,1485.0,435.0,1758.5,635.0,1202.0,2145.5,557.0,1920.5,1846.0,677.5,1576.5,866.0,1255.5,364.0,1544.5,2551.0,323.0,449.0,442.0,1981.0,522.5,884.0,237.0
2025-10-23,189.5,41.0,0.0,77.5,28.5,0.0,0.0,0.0,819.5,0.0,0.0,48.0,61.0,185.5,72.5,0.0,0.0,15.0,106.5,15.0,101.0,322.0,13.5,0.0,267.0,208.5,76.5,455.0,283.5,73.5,0.0,453.5,110.5,37.5,41.0,272.0,1008.0,0.0,0.0,16.0
2025-10-24,76.0,0.0,0.0,0.0,0.0,0.0,0.0,0.0,8.5,0.0,0.0,198.5,0.0,0.0,34.0,0.0,8.0,0.0,0.0,20.0,30.0,177.0,0.0,0.0,0.0,18.0,30.0,31.0,0.0,0.0,0.0,0.0,45.0,-9855.5,0.0,0.0,22.5,0.0,0.0,0.0
2025-10-25,14.0,0.0,0.0,0.0,0.0,0.0,0.0,0.0,0.0,64.0,0.0,0.0,0.0,0.0,0.0,0.0,0.0,0.0,0.0,0.0,0.0,14.0,0.0,0.0,0.0,0.0,42.0,0.0,156.5,0.0,0.0,0.0,0.0,0.0,0.0,23.5,0.0,0.0,0.0,25.0
2025-10-26,0.0,41.0,776.5,41.0,0.0,0.0,0.0,0.0,15.0,0.0,0.0,0.0,132.5,0.0,851.0,0.0,406.5,142.5,0.0,0.0,0.0,0.0,559.0,0.0,0.0,0.0,0.0,0.0,0.0,81.5,0.0,11.5,78.0,0.0,0.0,4.0,0.0,30.5,0.0,0.0
2025-10-27,332.0,8.5,0.0,0.0,545.5,151.0,25.0,189.5,0.0,699.0,452.5,0.0,0.0,0.0,93.5,441.5,24.5,0.0,7.5,0.0,0.0,470.0,0.0,444.5,0.0,0.0,31.5,0.0,750.5,28.0,123.0,18.5,0.0,0.0,286.5,30.5,18.0,0.0,538.5,321.5
2025-10-28,309.0,38.0,0.0,0.0,34.0,0.0,0.0,21.0,358.5,82.0,27.5,0.0,0.0,0.0,39.0,39.5,0.0,0.0,0.0,0.0,0.0,316.5,0.0,87.5,285.0,0.0,0.0,0.0,176.5,21.5,0.0,0.0,0.0,0.0,71.0,0.0,114.5,48.0,45.0,26.0
2025-10-29,0.0,0.0,30.0,0.0,0.0,0.0,0.0,0.0,0.0,0.0,0.0,0.0,0.0,0.0,10.5,0.0,0.0,0.0,0.0,0.0,0.0,0.0,0.0,0.0,0.0,0.0,0.0,0.0,0.0,0.0,0.0,0.0,0.0,0.0,-9999.0,32.5,0.0,0.0,0.0,0.0
2025-10-30,8.5,251.0,318.0,155.0,316.0,144.0,247.0,382.0,375.5,125.0,16.0,307.0,134.5,464.5,357.0,29.5,141.5,260.5,543.5,211.0,474.5,,137.5,-9994.5,70.5,55.5,388.0,48.5,6.0,450.0,41.0,428.5,268.0,350.5,44.5,786.5,145.5,128.5,-9926.5,495.0
2025-10-31,199.5,179.0,230.0,153.5,280.5,196.0,211.5,375.5,46.0,228.5,583.5,92.0,26.5,94.5,231.5,231.5,170.5,188.0,140.5,189.0,88.5,209.5,170.5,357.5,95.0,141.0,94.0,94.0,309.0,46.5,255.5,116.5,0.0,193.0,549.5,125.0,92.5,234.5,223.5,306.5
2025-11-01,466.5,0.0,0.0,0.0,0.0,25.0,0.0,0.0,0.0,0.0,0.0,0.0,0.0,0.0,0.0,0.0,19.0,-9999.0,0.0,14.5,0.0,460.0,38.0,0.0,0.0,0.0,0.0,0.0,0.0,0.0,0.0,0.0,25.0,0.0,0.0,0.0,0.0,0.0,0.0,0.0
2025-11-02,42.5,0.0,0.0,66.5,0.0,0.0,0.0,0.0,337.5,16.5,93.0,0.0,0.0,0.0,26.0,0.0,0.0,0.0,0.0,0.0,120.0,,0.0,100.5,334.0,0.0,0.0,0.0,97.5,0.0,0.0,0.0,0.0,0.0,205.5,0.0,2099.5,0.0,0.0,0.0
2025-11-03,162.0,752.5,1330.5,1522.0,404.5,0.0,16.0,58.0,0.0,0.0,445.5,595.5,19.5,1777.0,0.0,2144.0,507.5,1528.5,2333.0,908.5,415.0,,697.0,65.0,0.0,322.5,413.0,0.0,22.5,0.0,48.0,432.0,132.5,873.0,59.5,386.5,0.0,1944.0,96.0,2706.5
2025-11-04,0.0,0.0,0.0,24.5,0.0,0.0,0.0,0.0,0.0,0.0,0.0,0.0,0.0,0.0,0.0,0.0,0.0,0.0,8.5,0.0,0.0,0.0,0.0,0.0,0.0,0.0,33.0,0.0,0.0,0.0,13.5,0.0,0.0,0.0,0.0,29.5,0.0,0.0,26.0,0.0
2025-11-05,500.0,291.0,601.0,270.0,455.5,378.5,468.0,385.0,217.5,92.5,409.5,950.0,1545.0,536.5,242.0,204.0,772.0,713.5,1373.0,702.0,1467.0,,545.5,347.0,207.5,431.0,1613.0,1385.5,289.0,105.0,441.5,682.5,1695.0,1007.5,190.0,1256.5,250.0,681.0,124.5,164.0
2025-11-06,213.5,29.0,76.5,14.5,184.5,83.0,5.5,35.0,308.5,14.5,24.0,0.0,30.5,132.0,282.0,27.0,133.5,13.0,246.5,12.5,102.5,616.0,86.5,26.0,102.5,32.5,149.0,223.5,0.0,159.0,0.0,107.0,17.0,0.0,25.0,110.0,654.5,15.5,18.5,340.0
2025-11-07,43.5,25.0,107.5,528.5,529.5,1346.5,1065.0,298.5,0.0,1047.5,103.5,829.0,27.5,335.5,8.0,188.0,251.0,792.5,318.0,1049.0,50.0,0.0,254.0,63.0,8.0,467.5,70.0,238.0,15.0,29.0,692.5,255.0,29.5,897.5,115.5,138.0,12.0,774.0,1631.5,58.5
2025-11-08,0.0,0.0,0.0,337.5,0.0,18.0,0.0,0.0,26.0,0.0,0.0,0.0,0.0,528.5,0.0,506.0,37.5,394.5,19.5,93.5,408.0,0.0,15.5,43.5,31.0,0.0,223.0,0.0,24.0,28.5,43.5,0.0,0.0,28.0,0.0,275.0,0.0,371.5,0.0,214.5
2025-11-09,716.0,308.5,22.0,47.0,0.0,337.5,188.0,22.0,78.0,1724.5,220.5,135.5,328.0,23.5,447.5,45.5,252.0,651.5,98.0,632.0,47.0,694.5,89.0,243.0,218.0,914.0,48.5,850.5,41.0,0.0,242.5,570.0,185.5,90.5,0.0,0.0,0.0,345.5,1332.0,0.0
2025-11-10,105.5,27.5,32.5,0.0,602.0,26.0,0.0,128.5,0.0,0.0,19.5,21.0,87.0,641.0,989.5,129.0,42.5,64.5,292.0,304.5,41.0,0.0,21.0,250.5,482.5,303.5,168.5,403.5,880.5,758.5,82.5,50.0,0.0,129.5,55.5,273.5,40.0,544.0,0.0,129.0
2025-11-11,1389.0,0.0,0.0,6.0,110.0,956.5,1207.5,777.5,46.0,,130.5,1417.0,6.0,52.0,0.0,173.5,27.0,0.0,35.5,0.0,0.0,174.5,0.0,389.5,154.0,1.0,0.0,28.0,825.0,0.0,475.0,27.5,0.0,1497.5,306.5,5.5,26.0,70.0,569.0,88.0
2025-11-12,740.5,1085.0,294.5,586.0,681.5,1684.5,1448.0,3349.0,128.5,2280.5,2017.5,2480.0,2497.0,515.5,7.5,2224.0,2600.5,1744.5,122.0,1412.0,1063.0,915.0,2184.0,2434.0,60.0,1191.5,726.0,1684.5,1239.0,52.0,907.0,1317.5,214.5,3599.0,1515.0,246.0,3.5,1403.5,1257.0,1373.0
2025-11-13,304.5,0.0,0.0,0.0,0.0,0.0,0.0,0.0,0.0,0.0,0.0,0.0,28.5,,0.0,0.0,0.0,0.0,0.0,24.5,0.0,449.0,0.0,571.5,29.0,0.0,0.0,23.0,224.5,0.0,2.0,21.5,0.0,0.0,93.0,0.0,0.0,0.0,0.0,0.0
2025-11-14,57.5,0.0,0.0,110.5,85.0,0.0,0.0,0.0,0.0,1390.0,0.0,0.0,0.0,40.5,0.0,37.5,0.0,0.0,2.0,47.5,0.0,61.5,0.0,0.0,0.0,0.0,0.0,0.0,6.5,9.5,85.0,0.0,0.0,0.0,0.0,0.0,1.0,0.0,83.5,0.0
2025-11-15,1053.5,37.0,0.5,0.0,67.5,102.5,-9959.5,36.5,684.0,477.5,306.0,648.5,468.0,400.5,125.0,0.0,0.0,-9999.0,0.0,0.0,0.0,146.5,0.0,422.5,304.0,0.0,0.0,0.0,621.0,1659.5,71.5,0.0,93.0,278.0,495.0,318.5,2214.0,0.0,20.0,122.0
2025-11-16,608.5,184.5,187.0,218.0,4.5,659.5,842.5,1431.0,46.5,267.0,1247.5,135.5,19.5,225.0,0.0,0.0,367.5,110.0,71.5,38.5,0.0,887.0,164.5,2923.5,0.0,91.5,17.0,16.5,357.5,47.0,1212.5,36.0,561.0,224.0,2504.0,38.5,153.0,110.5,974.5,5.0
2025-11-17,133.5,227.5,624.5,90.5,479.0,190.5,172.5,126.0,56.0,551.0,,161.5,489.0,74.0,208.0,350.5,579.0,1160.5,49.0,656.5,305.5,151.0,453.5,598.0,28.0,678.5,95.5,109.5,134.0,22.0,808.0,123.0,585.0,183.5,243.5,41.5,267.0,834.0,732.5,735.5
2025-11-18,503.5,409.5,565.5,627.0,1468.0,1581.0,1432.5,970.0,352.5,1188.0,,1027.5,293.5,480.5,457.0,564.5,757.0,684.5,973.5,918.0,476.0,407.0,633.0,1235.0,411.5,814.5,913.0,1009.5,1304.0,317.0,1945.0,525.0,1390.0,1072.5,830.0,506.5,563.0,686.5,2018.5,1267.0
2025-11-19,344.5,60.5,29.0,51.5,24.5,695.0,601.0,616.5,22.0,558.0,1148.5,71.0,102.0,172.0,20.0,50.0,42.0,127.5,249.5,52.5,37.5,626.5,16.5,101.5,2.5,74.5,71.5,223.5,30.5,378.0,187.5,236.0,55.5,103.0,341.0,18.5,29.5,76.5,658.5,151.0
2025-11-20,1169.0,1255.5,751.0,820.0,2180.5,760.5,646.5,781.0,344.0,801.5,240.5,489.0,2633.0,,626.5,1719.0,823.5,898.5,1769.0,1519.0,1836.0,1123.5,929.0,818.5,651.0,790.5,1870.5,2333.5,479.0,956.5,2454.5,2606.5,1855.0,547.5,528.5,,377.5,1472.0,1328.0,1206.0
2025-11-21,262.5,107.5,14.5,185.0,947.5,450.5,644.0,266.0,20.0,202.0,35.0,456.0,44.0,274.5,92.5,392.0,27.0,73.0,129.5,87.0,107.0,17.5,26.5,4.0,14.5,24.0,85.5,59.0,322.0,0.0,766.5,3.5,135.5,567.5,11.5,90.5,55.0,174.0,92.0,256.5
2025-11-22,329.5,1399.5,712.0,378.5,265.5,163.5,124.0,162.5,456.0,115.5,56.0,186.5,1103.0,220.5,729.5,910.0,1095.5,1490.5,323.0,933.5,383.5,,864.0,61.0,1020.0,1217.5,394.0,861.0,560.5,1013.5,194.0,1065.0,1522.0,301.0,37.0,270.5,662.5,1114.5,69.0,1263.5
2025-11-23,164.0,163.5,628.0,647.0,773.0,754.0,828.0,615.5,125.5,299.0,335.5,897.5,923.0,1313.0,140.0,932.0,1303.0,1966.5,896.5,2662.0,905.0,,1371.0,467.5,86.0,1328.0,685.5,518.0,279.0,198.5,849.5,571.0,572.5,940.5,650.5,780.0,156.0,2011.5,394.5,2047.5
2025-11-24,363.0,261.5,75.5,11.5,630.0,532.5,472.0,161.5,114.5,220.5,224.5,78.0,746.5,230.0,609.5,235.0,136.0,123.5,442.5,111.0,321.0,176.5,68.0,385.5,108.0,124.0,288.5,531.0,830.5,85.0,413.5,553.0,599.0,113.0,81.0,325.5,280.5,114.0,165.5,146.0
2025-11-25,835.0,589.0,474.5,547.5,592.0,369.0,254.5,369.0,325.0,412.5,510.0,372.0,376.5,656.0,235.0,1125.5,701.5,557.0,536.5,662.5,750.0,1539.5,640.0,795.0,469.5,484.5,891.5,-9018.5,531.5,417.0,546.0,911.0,854.5,488.0,546.0,484.5,283.0,672.0,263.0,1314.0
2025-11-26,0.0,0.0,16.5,281.0,114.5,0.0,0.0,0.0,0.0,0.0,22.0,0.0,24.5,,80.0,356.0,77.0,109.0,0.0,165.0,0.0,13.5,28.5,67.0,24.5,33.0,45.5,101.0,45.5,36.5,0.0,18.0,21.0,0.0,0.0,0.0,18.5,283.0,0.0,394.0
2025-11-27,782.5,484.5,1185.5,196.5,301.5,280.5,171.5,67.5,3805.5,433.0,0.0,12.0,220.0,0.0,597.0,1210.5,1210.5,1106.5,17.5,971.0,316.0,660.5,962.5,0.0,722.0,501.5,377.5,339.0,2264.5,249.5,424.5,375.0,336.5,12.0,0.0,71.5,3647.5,1220.5,149.0,836.5
2025-11-28,458.0,1425.5,1110.5,607.5,462.5,914.0,556.5,504.5,721.5,282.0,,169.5,345.0,651.5,494.5,856.0,958.0,315.5,1555.5,364.5,438.0,509.5,1204.0,575.0,1099.0,380.0,574.5,865.0,885.0,1019.5,1627.5,1094.0,724.5,222.0,684.0,627.5,1856.5,468.0,627.5,634.5
2025-11-29,137.0,23.5,150.0,0.0,0.0,0.0,0.0,0.0,0.0,72.5,0.0,0.0,0.0,0.0,24.0,181.5,75.0,0.0,22.5,26.0,0.0,249.5,101.5,21.0,0.0,0.0,0.0,0.0,27.5,0.0,44.0,50.0,0.0,0.0,0.0,0.0,24.5,129.0,28.0,307.5
2025-11-30,20.5,44.0,64.0,229.0,454.5,237.5,177.5,326.5,80.5,154.0,,50.0,15.5,115.0,8.5,185.0,299.0,216.0,391.5,196.0,271.5,4.0,182.5,9.5,347.5,182.5,285.5,197.5,0.0,12.0,830.0,127.5,41.5,83.5,47.0,215.0,519.0,176.5,48.5,458.0
2025-12-01,1899.5,618.0,258.5,1086.5,1814.5,554.0,564.0,559.5,303.0,884.5,,1103.5,449.0,703.5,230.5,2208.5,773.5,338.0,252.0,607.5,407.5,1893.0,524.0,387.0,321.5,794.5,755.0,366.5,2211.0,561.5,2842.5,313.0,972.5,1599.5,353.0,751.5,168.5,322.0,466.0,216.5
2025-12-02,446.0,544.5,1443.0,650.0,1195.0,132.0,335.5,178.0,70.5,151.5,81.0,469.5,156.0,242.5,22.0,927.0,606.5,1398.5,456.5,2506.0,238.5,404.5,434.5,260.0,0.0,2244.5,328.5,236.0,1249.0,291.5,1066.5,46.0,179.0,454.5,627.5,296.0,5.5,1281.5,513.0,601.0
2025-12-03,146.0,2597.0,2173.5,463.0,496.0,185.5,182.5,127.0,3075.0,131.5,46.0,79.0,705.0,477.0,1908.5,764.0,1213.0,775.0,589.5,665.5,508.0,107.5,1138.0,38.5,1902.5,591.0,521.5,767.0,96.0,478.0,292.5,1143.5,649.5,149.0,43.5,580.5,4813.5,855.0,121.5,793.0
2025-12-04,427.5,70.0,46.5,4.5,0.0,100.0,60.0,26.0,0.0,199.0,1449.0,240.0,34.5,,63.0,26.5,0.0,0.0,0.0,0.0,0.0,361.0,29.0,1456.5,0.0,0.0,0.0,0.0,357.5,0.0,128.5,0.0,7.5,135.0,1045.5,13.0,34.5,30.5,0.0,0.0
2025-12-05,16.0,0.0,0.0,581.5,253.0,0.0,0.0,0.0,0.0,32.5,0.0,0.0,68.0,244.5,0.0,112.0,0.0,874.0,16.5,975.0,0.0,530.0,-9999.0,0.0,141.5,174.0,0.0,0.0,404.5,0.0,76.0,22.5,0.0,18.5,28.0,248.0,0.0,352.5,9.0,0.0
2025-12-06,90.0,147.5,488.5,98.5,420.5,433.5,357.5,41.5,539.0,30.5,154.5,132.0,120.0,0.0,45.5,125.0,1074.5,384.5,61.5,969.0,454.5,131.5,678.5,562.0,1470.0,1269.0,135.5,1003.5,578.0,852.5,249.0,898.5,390.5,44.0,328.5,244.0,2046.5,349.0,0.0,122.5
2025-12-07,175.5,5978.0,4524.0,314.5,377.5,796.0,592.5,623.0,5667.0,513.5,459.0,1134.0,5645.5,756.0,5819.0,1665.5,3559.0,2941.5,1334.5,1279.0,1821.0,332.5,2328.0,457.5,4900.5,1651.5,1896.0,3694.5,527.0,5620.5,272.0,3095.0,2761.0,1238.0,583.0,1135.5,3971.5,1560.0,202.5,754.0
2025-12-08,613.5,4836.5,4706.5,3429.5,1911.0,4210.5,3635.0,4005.5,1528.0,940.5,2458.5,4897.0,4266.5,4282.5,2294.0,3182.0,4360.5,4046.5,3578.0,5628.0,6637.5,742.5,4141.5,1807.0,2334.0,3977.0,5671.5,4252.0,,2363.5,5408.0,4541.5,3865.5,5219.5,2036.0,4556.5,3328.0,4095.0,1419.5,1753.0
2025-12-09,,,,,,,,,,,,,,,,,,,,,,,,,,,,,,,,,,,,,,,,
2025-12-10,35.5,75.0,8.5,19.0,0.0,0.0,0.0,24.0,0.0,0.0,0.0,0.0,0.0,0.0,0.0,0.0,28.0,0.0,0.0,0.0,0.0,0.0,0.0,0.0,0.0,0.0,43.0,0.0,0.0,0.0,0.0,0.0,0.0,0.0,0.0,0.0,0.0,0.0,0.0,0.0
2025-12-11,0.0,18.0,123.5,109.0,27.5,2.0,0.5,81.0,4.5,0.0,73.5,7.5,78.5,0.0,45.5,1875.0,363.5,120.5,0.0,14.5,3.5,308.5,269.0,63.0,155.0,135.5,29.5,53.5,503.5,204.5,37.5,94.0,12.5,9.0,50.5,14.5,89.5,735.5,0.0,84.0
2025-12-12,255.5,1330.0,1335.5,920.5,1039.0,1569.0,1209.5,738.0,1342.0,745.0,423.5,934.0,1730.5,995.0,1555.0,1283.5,1116.5,1314.5,981.0,1577.0,1262.0,377.5,1206.0,555.0,1402.5,1166.5,1290.0,1534.5,527.0,1044.0,906.5,1513.0,1890.0,819.0,440.0,1075.5,1166.0,1426.0,798.5,1625.5
2025-12-13,16.5,132.0,636.5,78.0,-9719.0,1741.0,1693.0,225.5,,306.5,181.0,0.0,61.0,906.5,306.5,22.5,0.0,3.5,16.0,0.0,84.5,0.0,23.0,774.0,336.0,0.0,67.0,54.0,0.0,202.0,808.5,23.5,680.5,22.5,90.5,72.5,105.5,0.0,609.5,64.5
2025-12-14,197.5,0.0,279.0,181.0,137.0,223.0,122.5,385.5,0.0,225.0,349.0,77.0,25.0,48.0,0.0,793.0,39.5,21.5,20.5,57.5,0.0,197.0,20.0,311.0,0.0,0.0,0.0,0.0,238.0,0.0,30.0,0.0,22.5,103.0,698.0,93.5,34.5,235.5,1154.5,40.0
2025-12-15,1379.5,135.0,105.5,1283.5,1849.5,1900.5,2513.0,1601.0,439.5,162.5,947.5,2078.0,437.5,450.0,80.0,127.5,174.0,870.0,207.5,839.5,101.0,2107.0,175.0,200.5,454.5,204.0,144.0,514.5,,53.5,1216.0,136.5,91.0,2072.0,331.5,141.5,534.0,1113.5,438.0,207.0
2025-12-16,1121.0,333.5,299.5,379.5,1956.5,284.0,416.0,155.0,48.5,289.0,442.0,1499.0,345.5,743.5,76.0,943.5,815.5,784.0,819.0,993.0,215.0,1381.0,702.0,1031.5,174.0,689.5,196.5,563.5,1600.5,38.5,1926.5,620.0,974.0,1533.5,837.0,291.5,0.0,979.5,149.0,494.0
2025-12-17,155.0,409.5,440.0,419.0,1394.5,916.0,613.0,159.5,42.0,689.5,193.0,200.0,914.5,1062.5,26.0,126.5,472.5,108.0,876.5,211.0,203.5,158.0,279.5,849.0,45.5,128.5,371.5,497.5,41.5,324.5,867.0,249.5,302.5,192.0,266.0,1032.5,116.0,,91.0,36.5
2025-12-18,203.0,0.0,0.0,0.0,0.0,47.5,0.0,24.0,22.0,37.0,0.0,0.0,0.0,0.0,0.0,0.0,0.0,0.0,25.5,23.5,22.5,112.0,0.0,6.0,25.0,0.0,23.5,0.0,68.0,11.5,0.0,0.0,0.0,0.0,45.5,0.0,0.0,,0.0,0.0
2025-12-19,712.5,30.0,0.0,48.5,0.0,497.5,435.0,327.5,1181.0,335.5,274.0,823.5,1151.5,192.0,219.5,0.0,0.0,73.0,248.0,437.5,296.5,109.0,0.0,105.5,288.5,25.5,384.5,208.0,64.5,1797.0,205.0,166.0,475.5,887.5,77.5,321.0,1063.0,,460.0,0.0
2025-12-20,90.5,4699.0,3736.5,2407.0,929.5,0.0,0.0,0.0,434.0,0.0,47.5,18.5,782.5,824.0,2755.5,2235.5,3478.5,1723.5,829.5,1233.0,936.5,90.5,4439.5,210.5,2825.0,1648.0,851.0,1876.0,428.5,1735.5,36.0,2555.5,1214.0,37.0,114.5,908.0,1068.0,,0.0,2613.0
2025-12-21,3569.5,1966.5,1545.0,4931.0,3430.0,1987.5,2006.0,1715.0,2848.0,1253.0,913.5,1506.5,3247.5,4041.0,1399.0,4443.0,1500.5,2179.5,3448.0,2718.0,2991.0,2129.0,792.0,995.5,2520.0,1884.5,2600.5,1390.5,1334.5,1845.0,3353.5,892.0,2713.0,1439.0,1470.5,3758.5,1721.5,,1480.0,1300.0
2025-12-22,80.5,835.5,830.5,1014.5,1238.5,1443.5,1673.5,1226.5,505.5,1600.0,1132.5,2069.0,1965.0,1174.5,701.0,1642.5,930.5,1297.0,1049.5,1696.5,925.5,110.0,975.0,657.0,449.0,1021.0,845.5,679.5,361.5,1900.5,1122.0,698.5,1251.0,2462.0,685.0,1233.0,961.5,,1491.0,1629.5
2025-12-23,58.0,21.0,36.0,40.0,81.0,119.5,76.5,131.0,539.5,35.5,98.0,203.0,49.0,89.5,79.0,150.0,44.5,36.5,39.5,35.5,84.0,9.0,36.5,136.5,217.5,27.0,168.0,66.0,67.0,2633.0,161.0,41.5,204.0,419.0,295.0,47.5,690.5,,140.0,42.0
2025-12-24,15.5,53.0,96.0,803.5,186.0,1457.5,1227.0,87.0,176.5,328.0,1111.5,243.5,697.0,592.5,0.0,521.0,40.0,923.5,510.0,856.5,1041.5,97.0,0.0,280.5,165.0,390.5,1059.5,248.0,412.0,530.5,1829.5,510.0,1818.5,232.0,409.0,761.5,70.0,,773.5,216.0
2025-12-25,528.5,36.0,0.0,278.0,13.5,46.0,20.5,379.0,27.5,47.5,22.0,5.5,26.0,0.0,0.0,137.5,45.5,0.0,0.0,0.0,47.0,,0.0,42.5,59.0,0.0,47.0,0.0,16.0,26.5,46.5,19.0,34.0,62.5,8.5,44.5,19.5,,37.5,46.5
2025-12-26,892.5,1091.5,536.0,4822.5,692.5,68.5,70.5,325.0,1157.0,344.0,170.5,16.5,970.0,1326.0,4436.0,445.5,405.5,262.0,2207.0,445.0,1345.0,798.0,420.0,1262.0,456.5,1243.0,2088.5,1229.0,300.5,216.5,123.5,1390.5,1433.0,74.5,853.0,2083.0,658.0,,64.0,506.0
2025-12-27,248.5,3218.5,1485.5,961.5,693.0,45.0,68.5,30.0,222.0,330.0,172.0,344.5,589.5,949.0,459.0,370.5,962.0,1340.5,1388.0,1195.5,945.0,800.0,527.5,124.0,2273.0,1673.5,688.5,1207.0,635.0,-9083.5,902.0,979.0,2430.5,270.5,187.0,785.0,234.5,,82.5,1251.5
2025-12-28,1466.5,761.5,996.0,387.0,231.5,951.0,790.5,1125.5,247.5,2206.5,2650.0,771.0,750.5,558.0,901.0,392.0,1416.5,334.5,1466.0,251.0,1445.5,1396.0,1854.5,2828.5,908.0,602.5,1250.5,1875.0,246.0,1238.5,683.0,1240.5,2566.5,695.0,2196.5,1302.5,1006.0,,816.0,368.5
2025-12-29,22.5,0.0,0.0,54.0,93.5,93.5,92.0,96.5,95.0,47.5,68.0,0.0,273.0,60.0,28.0,44.0,52.0,8.5,80.0,55.0,152.5,0.0,1.5,88.5,47.5,30.5,127.5,58.0,68.5,101.5,76.0,27.0,329.5,115.0,147.5,88.5,90.0,,95.0,25.0
2025-12-30,128.5,481.5,418.5,224.5,1595.5,1428.0,1471.5,662.5,4711.5,66.5,521.5,441.5,1028.5,1173.0,393.0,369.0,1224.0,-8614.0,362.0,1312.0,1289.5,96.0,1293.5,-9768.5,1543.0,870.0,1075.5,1234.5,441.5,10458.5,371.5,637.5,2291.0,852.0,226.5,432.5,3535.0,,191.0,796.5
2025-12-31,1270.5,15888.0,14683.0,11377.0,9105.5,3362.0,3596.0,2495.5,11460.0,3526.5,1228.5,1738.5,11697.5,11441.0,12001.0,12311.0,13926.5,15595.5,16733.5,15412.5,18343.0,1274.5,13904.0,945.0,13024.5,16004.0,19546.5,15576.5,998.0,15137.0,3666.0,16848.5,15837.0,2118.0,1007.0,17956.0,13871.5,14520.0,2661.5,10646.5
2026-01-01,3955.5,5550.0,5378.0,12476.5,10300.0,9271.0,9384.5,6393.5,10983.5,6661.5,4616.5,5226.0,9574.0,11995.0,5448.0,-4519.5,5709.5,7878.5,16305.5,13124.5,15150.5,3982.5,5357.0,4140.5,16288.5,10429.5,14265.0,12541.5,3799.5,10831.5,8956.0,8343.0,12629.5,5282.5,4298.5,12934.5,5438.0,8511.0,7450.0,4289.0
2026-01-02,419.0,1460.0,1420.5,1627.0,481.0,212.0,272.5,253.5,1447.0,377.0,1134.0,676.0,2213.0,935.0,1676.5,799.0,1621.5,1079.5,2025.5,894.5,1978.5,158.0,1477.5,2519.5,2475.5,889.0,2104.0,1827.0,967.5,5947.0,602.0,1984.5,4256.5,491.0,2907.5,2430.5,846.0,605.5,128.0,1774.5
2026-01-03,615.0,-9783.5,116.0,258.0,1329.5,897.5,817.5,1609.5,1222.5,635.5,1789.0,1626.5,1271.0,2007.5,487.0,261.5,91.5,124.5,-9175.5,55.5,1010.0,1353.0,10.5,1370.5,1229.5,40.0,-8856.0,113.5,1032.0,217.0,1163.0,183.0,716.5,1417.5,-8585.0,1764.0,1822.5,213.5,989.0,22.0
2026-01-04,230.0,1494.0,1949.5,1890.0,1811.5,647.5,641.5,466.0,1755.0,626.5,239.5,490.0,1494.0,924.0,2207.0,1126.0,1943.5,1325.0,1763.0,1686.0,1380.5,199.0,1996.0,192.5,1267.0,1428.5,1332.5,1561.5,194.0,2925.5,1067.0,1962.0,1458.5,728.5,154.5,1322.5,1908.5,1312.5,754.0,1573.5
2026-01-05,489.5,48.5,29.0,55.5,82.0,53.0,46.5,53.0,10.0,680.0,78.5,36.0,15.5,149.5,42.5,89.0,53.5,55.5,81.5,54.5,27.0,489.5,54.0,204.5,7.5,42.5,35.0,55.5,279.0,5.5,52.5,31.5,19.0,42.0,112.5,34.5,7.0,56.5,227.0,92.0
2026-01-06,82.5,1231.0,1102.0,315.0,544.5,1677.0,2010.5,1231.0,425.0,159.0,141.0,621.0,623.0,618.0,807.5,714.5,1850.5,876.5,629.5,833.5,1291.5,79.5,1929.0,86.0,323.5,738.0,1080.5,613.0,380.0,398.5,732.0,1574.0,861.0,661.5,108.5,551.5,213.5,799.0,662.0,818.0
2026-01-07,0.0,23.0,37.0,0.0,0.0,0.0,22.5,0.0,200.0,,22.5,0.0,0.0,27.0,39.0,36.0,27.0,0.0,25.5,0.0,48.5,0.0,0.0,108.5,44.5,0.0,245.0,0.0,51.5,107.0,0.0,24.5,28.0,-479950.5,66.5,95.0,1515.5,0.0,0.0,23.0
2026-01-08,2306.0,1355.5,1274.5,1207.5,1999.0,2174.0,1983.0,1302.0,1458.5,2128.0,2062.5,849.5,1426.5,1652.0,4158.5,2164.0,1784.5,1182.0,2383.5,1685.5,2138.5,2245.0,1756.5,2036.0,1261.5,1321.5,2158.0,1593.0,1447.0,1468.5,,1521.5,2536.0,-779922.0,2293.5,1765.5,1177.5,1422.5,2424.0,2140.5
2026-01-09,11412.0,656.5,874.0,1650.0,5210.5,5264.0,3879.5,2545.0,133.0,3991.5,3838.0,1314.0,516.5,951.5,896.0,4329.5,1773.5,2557.0,1572.0,3024.0,1595.0,12395.5,936.5,3129.5,126.0,1884.0,1348.0,1160.0,-2969.5,158.5,2635.5,1016.0,1173.5,-949905.0,3058.0,1221.0,431.5,3078.0,4520.5,1954.0
2026-01-10,133.0,1898.0,2624.5,1875.5,1291.0,1184.5,1353.0,307.5,552.0,739.5,914.5,328.5,2618.5,2999.5,2674.5,1790.0,3409.5,3202.5,4421.5,3511.5,4990.0,28.0,3377.0,707.0,832.5,3172.5,3637.0,1936.0,639.0,1059.0,1882.5,2371.5,2876.0,-529521.0,913.0,4995.5,253.0,2893.5,1116.5,3728.5
2026-01-11,291.5,1867.0,1810.0,123.0,243.5,79.5,46.0,47.0,2282.0,165.5,125.5,26.5,2030.0,248.0,2423.5,170.0,805.5,599.5,697.0,591.5,2147.5,204.0,610.5,585.5,4889.5,1242.5,2092.0,2992.0,839.0,2663.5,447.0,2517.0,2697.0,0.0,332.5,1011.5,2403.5,389.0,77.5,230.0
2026-01-12,0.0,553.5,803.5,309.0,75.0,80.0,74.0,128.0,619.5,39.5,0.0,0.0,999.0,239.5,442.5,562.0,495.5,299.0,505.5,559.5,1065.5,0.0,459.5,0.0,297.0,408.5,676.0,720.0,29.5,428.0,356.0,882.5,1087.5,37.5,67.0,681.0,-9965.0,411.5,143.5,463.5
2026-01-13,155.5,1090.0,1034.0,51.5,164.0,572.5,583.5,347.0,707.0,57.0,698.0,243.5,750.0,260.0,1022.0,145.0,335.0,384.5,145.5,74.5,258.0,176.0,478.0,762.0,325.5,219.5,222.5,202.5,535.5,1084.0,539.0,557.0,181.0,408.0,426.0,259.0,919.5,100.0,365.5,874.5
2026-01-14,36.5,103.0,166.0,72.5,549.0,256.0,258.0,792.5,96.0,79.0,751.5,359.0,109.0,212.5,240.5,94.5,121.0,148.5,347.0,301.0,601.5,13.0,117.0,945.0,724.5,76.0,568.5,343.5,648.5,0.0,50.0,0.0,181.5,912.5,667.0,356.5,188.5,94.0,108.0,402.5
2026-01-15,20.5,0.0,0.0,0.0,25.0,0.0,0.0,0.0,0.0,0.0,0.0,0.0,0.0,0.0,-9959.0,0.0,0.0,0.0,0.0,0.0,38.5,,0.0,0.0,0.0,0.0,38.5,0.0,0.0,79.5,0.0,0.0,0.0,0.0,0.0,74.0,118.0,33.0,0.0,0.0
2026-01-16,0.0,0.0,25.0,,0.0,0.0,0.0,0.0,0.0,0.0,0.0,0.0,0.0,0.0,0.0,0.0,0.0,0.0,0.0,0.0,37.0,,0.0,0.0,0.0,0.0,36.0,0.0,0.0,0.0,0.0,0.0,74.0,0.0,0.0,38.5,0.0,0.0,0.0,0.0
2026-01-17,0.0,0.0,20.5,0.0,0.0,0.0,0.0,0.0,0.0,0.0,0.0,0.0,0.0,0.0,0.0,0.0,0.0,0.0,0.0,0.0,0.0,0.0,0.0,0.0,0.0,0.0,0.0,0.0,0.0,0.0,0.0,0.0,0.0,,0.0,18.0,0.0,0.0,0.0,0.0
2026-01-18,0.0,0.0,21.0,0.0,0.0,0.0,0.0,0.0,0.0,0.0,0.0,0.0,0.0,0.0,0.0,0.0,0.0,0.0,0.0,0.0,0.0,0.0,0.0,0.0,0.0,0.0,0.0,0.0,0.0,0.0,0.0,0.0,0.0,0.0,29.5,0.0,0.0,0.0,0.0,0.0
2026-01-19,0.0,0.0,0.0,0.0,0.0,0.0,0.0,0.0,0.0,0.0,0.0,0.0,0.0,0.0,0.0,0.0,0.0,0.0,0.0,0.0,0.0,0.0,0.0,0.0,0.0,0.0,0.0,0.0,0.0,0.0,0.0,0.0,0.0,0.0,30.0,0.0,28.0,0.0,0.0,0.0
2026-01-20,0.0,0.0,0.0,0.0,0.0,0.0,0.0,0.0,0.0,0.0,0.0,0.0,0.0,0.0,0.0,0.0,0.0,0.0,0.0,0.0,0.0,0.0,0.0,0.0,0.0,0.0,0.0,0.0,0.0,0.0,0.0,0.0,0.0,0.0,0.0,17.5,0.0,0.0,0.0,0.0
2026-01-21,0.0,0.0,0.0,0.0,0.0,0.0,0.0,0.0,0.0,0.0,0.0,0.0,0.0,0.0,0.0,0.0,0.0,0.0,0.0,0.0,0.0,0.0,0.0,0.0,0.0,0.0,-9999.0,0.0,0.0,0.0,0.0,0.0,0.0,0.0,0.0,0.0,0.0,0.0,0.0,0.0
2026-01-22,0.0,0.0,30.0,0.0,0.0,0.0,0.0,0.0,0.0,0.0,0.0,0.0,0.0,0.0,0.0,0.0,0.0,0.0,0.0,0.0,0.0,0.0,0.0,0.0,0.0,0.0,0.0,0.0,0.0,0.0,0.0,0.0,0.0,0.0,0.0,0.0,0.0,0.0,0.0,0.0
2026-01-23,0.0,0.0,0.0,0.0,0.0,0.0,0.0,0.0,0.0,0.0,0.0,0.0,0.0,0.0,0.0,0.0,0.0,0.0,0.0,0.0,0.0,0.0,0.0,0.0,10.5,0.0,0.0,0.0,0.0,0.0,0.0,0.0,0.0,0.0,0.0,12.0,0.0,0.0,0.0,0.0
2026-01-24,346.5,123.5,89.5,652.0,387.5,904.0,1004.5,582.0,294.5,551.0,942.0,728.0,643.5,602.5,111.5,78.5,194.5,376.5,619.0,479.5,774.5,374.0,92.0,867.5,574.5,642.5,871.5,710.5,298.5,675.5,477.5,390.5,840.5,801.5,,594.0,359.0,386.0,789.0,145.0
2026-01-25,5497.0,6761.0,9329.0,3977.5,6506.0,2592.0,2964.0,2166.5,1628.5,4949.0,2262.0,2445.5,10683.5,4934.0,7558.5,10128.0,10293.5,7402.0,5216.5,7250.0,8673.0,5237.5,10565.5,2623.0,1469.0,7281.0,6491.0,8045.5,3240.0,1918.0,3876.0,5612.5,8740.5,3132.0,2525.0,5922.5,891.0,8528.5,3409.0,10976.5
2026-01-26,0.0,5659.5,4859.0,114.0,50.0,89.0,112.0,128.0,7082.5,0.0,485.5,4656.0,7929.0,165.0,6698.5,1388.5,2900.5,1792.0,458.0,1253.5,1202.0,44.0,3082.5,900.5,6962.0,1741.0,2079.0,5824.0,103.5,8426.0,21.5,,2983.0,5674.0,623.5,600.5,2626.0,1185.0,22.0,2074.0
2026-01-27,0.0,0.0,0.0,0.0,0.0,0.0,0.0,0.0,0.0,0.0,0.0,0.0,0.0,57.0,0.0,0.0,0.0,-9985.0,68.0,0.0,214.0,0.0,0.0,0.0,0.0,0.0,255.5,14.0,0.0,29.5,0.0,,0.0,18.0,0.0,563.0,0.0,0.0,0.0,0.0
2026-01-28,0.0,0.0,0.0,0.0,0.0,0.0,0.0,0.0,0.0,0.0,0.0,0.0,0.0,0.0,0.0,0.0,0.0,0.0,0.0,0.0,56.0,0.0,0.0,0.0,0.0,0.0,0.0,0.0,0.0,0.0,0.0,0.0,0.0,0.0,0.0,0.0,0.0,0.0,0.0,0.0
2026-01-29,0.0,0.0,63.0,380.0,354.0,0.0,0.0,0.0,0.0,0.0,0.0,0.0,320.5,210.5,0.0,0.0,0.0,0.0,240.0,0.0,282.5,0.0,0.0,0.0,0.0,0.0,283.0,0.0,0.0,66.5,72.5,28.5,205.5,0.0,0.0,289.5,15.5,0.0,0.0,0.0
2026-01-30,43.5,0.0,0.0,0.0,0.0,0.0,0.0,0.0,0.0,0.0,0.0,0.0,0.0,0.0,0.0,0.0,0.0,0.0,0.0,0.0,0.0,0.0,0.0,0.0,0.0,-9999.0,0.0,0.0,0.0,0.0,0.0,0.0,0.0,0.0,0.0,30.5,0.0,0.0,0.0,0.0
2026-01-31,0.0,0.0,0.0,0.0,0.0,0.0,43.0,0.0,4.5,101.0,-9697.0,37.5,0.5,0.0,0.0,0.0,0.0,0.0,0.0,1.5,33.5,0.0,0.0,1793.5,762.5,0.0,5.0,0.0,97.5,25.0,0.0,2.0,-9922.5,-9971.5,1905.0,54.0,10.5,0.0,52.5,0.0
2026-02-01,348.0,1384.5,1284.5,4231.0,3610.0,4243.0,4710.5,3918.0,722.5,804.0,-8333.0,2060.5,964.0,1602.0,641.5,3216.0,5325.0,5365.0,2411.0,6474.5,2070.5,-9661.0,3572.5,1684.5,829.0,-5216.0,1834.5,2033.5,568.5,1424.0,2401.5,3725.5,2077.5,2929.0,2408.5,1646.5,171.0,5071.5,1483.0,4849.5
2026-02-02,121.5,0.0,32.0,0.0,-9975.0,0.0,0.0,22.0,0.0,93.0,27.0,53.0,-9920.0,78.0,814.0,0.0,43.5,285.0,122.5,85.0,85.0,151.0,0.0,26.0,0.0,0.0,162.0,0.0,45.5,28.0,46.0,-9999.0,524.0,181.5,21.0,169.0,0.0,427.5,51.5,521.0
2026-02-03,203.0,2451.0,6288.5,178.5,166.0,60.0,77.5,19.0,,403.0,0.0,121.5,265.0,165.5,2479.5,307.5,530.0,271.0,206.5,218.5,-9620.5,85.5,615.5,123.0,1439.5,197.0,361.5,287.5,0.0,236.0,105.0,538.5,681.5,128.0,8.0,255.0,1938.5,341.0,455.5,1213.0
2026-02-04,49.0,197.0,544.5,0.0,0.0,0.0,0.0,41.5,1349.5,0.0,118.5,0.0,202.5,18.0,0.0,119.5,96.0,401.0,56.0,59.0,107.0,42.5,31.5,1.5,1933.0,268.0,59.0,32.0,40.5,730.0,32.0,191.5,104.5,-9971.0,70.0,67.0,402.0,182.5,65.0,539.0
2026-02-05,0.0,80.5,24.5,517.0,139.5,176.5,206.0,0.0,-9366.0,0.0,0.0,0.0,485.5,117.0,711.0,590.0,238.0,401.5,986.5,337.5,596.0,0.0,143.0,0.0,259.0,439.5,368.0,277.0,59.5,174.0,68.5,598.0,603.0,30.0,25.5,798.0,61.5,341.0,31.0,38.0
2026-02-06,459.5,27.5,157.0,0.0,164.5,60.0,122.0,61.0,274.0,234.5,332.0,53.0,0.0,,1830.0,159.5,415.0,547.5,79.5,0.0,213.0,183.5,839.5,433.5,88.5,46.5,79.5,20.5,460.5,0.0,1380.5,345.5,89.0,106.5,228.0,124.0,0.0,350.0,532.0,469.5
2026-02-07,0.0,0.0,0.0,0.0,0.0,0.0,0.0,0.0,0.0,0.0,0.0,0.0,0.0,0.0,-9999.0,0.0,0.0,0.0,0.0,0.0,0.0,0.0,0.0,24.5,0.0,0.0,0.0,0.0,0.0,0.0,0.0,0.0,0.0,0.0,23.0,0.0,0.0,0.0,0.0,0.0
2026-02-08,0.0,0.0,0.0,0.0,0.0,0.0,0.0,0.0,,0.0,0.0,0.0,0.0,0.0,0.0,0.0,0.0,0.0,0.0,0.0,0.0,0.0,0.0,0.0,0.0,0.0,0.0,0.0,0.0,0.0,0.0,0.0,0.0,0.0,0.0,0.0,0.0,0.0,0.0,0.0
2026-02-09,0.0,0.0,0.0,0.0,0.0,0.0,0.0,0.0,,0.0,0.0,0.0,0.0,0.0,0.0,0.0,0.0,0.0,0.0,0.0,0.0,0.0,0.0,0.0,0.0,0.0,0.0,0.0,0.0,0.0,33.5,26.0,0.0,0.0,,0.0,0.0,0.0,0.0,0.0
2026-02-10,0.0,0.0,0.0,0.0,0.0,0.0,0.0,0.0,0.0,21.5,0.0,0.0,0.0,0.0,0.0,0.0,0.0,0.0,0.0,0.0,0.0,0.0,0.0,0.0,0.0,0.0,0.0,28.0,0.0,0.0,0.0,0.0,0.0,0.0,2.0,0.0,0.0,0.0,0.0,0.0
2026-02-11,0.0,16.0,0.0,0.0,0.0,0.0,0.0,0.0,0.0,0.0,0.0,0.0,0.0,94.0,0.0,23.0,27.5,0.0,0.0,0.0,0.0,0.0,15.5,0.0,0.0,0.0,0.0,0.0,0.0,0.0,21.0,0.0,0.0,0.0,0.0,0.0,501.5,0.0,0.0,0.0
2026-02-12,228.5,239.0,596.5,136.0,203.5,479.0,182.5,458.0,407.5,179.0,463.0,24.0,651.5,32.5,122.0,481.0,347.0,205.0,69.0,-9872.0,96.0,40.5,443.0,142.5,520.0,204.5,41.5,529.5,174.0,612.0,78.0,776.5,221.0,57.5,83.0,84.5,499.5,226.0,505.5,347.0
2026-02-13,0.0,632.0,500.5,128.0,174.5,88.5,89.5,66.0,692.0,124.0,45.5,226.0,703.0,321.5,891.5,98.0,332.0,243.0,419.5,231.0,496.5,32.0,327.5,20.5,702.5,377.5,702.5,827.5,,1224.5,685.0,667.5,1311.0,357.0,43.0,571.0,1573.0,163.0,178.5,35.5
2026-02-14,621.5,378.0,376.5,1810.0,1337.5,1042.0,922.0,1584.0,314.0,621.5,2921.5,2004.5,1106.5,945.5,436.5,367.5,393.0,434.0,1670.5,610.5,1023.0,636.5,301.5,212.5,402.5,383.0,883.0,758.0,1014.5,219.5,684.0,838.5,1155.5,1759.0,427.0,2136.5,354.5,590.5,940.0,209.0
2026-02-15,25.0,241.5,784.0,648.5,60.5,342.5,260.5,76.0,0.0,711.5,98.5,224.5,1328.5,34.5,0.0,786.0,679.0,517.5,851.0,1197.0,389.0,32.0,672.5,338.5,0.0,542.5,732.5,274.5,720.0,116.5,146.0,73.0,698.0,265.5,264.5,695.0,471.5,890.5,164.5,1039.0
2026-02-16,0.0,42.0,39.0,26.0,97.0,0.0,0.0,0.0,41.0,50.0,387.5,719.5,11.5,36.0,1.5,0.0,152.5,0.0,0.0,0.0,0.0,18.5,125.5,503.5,2.5,97.5,0.0,12.5,0.0,0.0,659.0,60.0,0.0,629.5,319.0,8.5,0.0,0.0,0.0,0.0
2026-02-17,1689.0,6198.0,2950.0,3727.0,3217.0,2117.5,1807.5,2001.5,1748.5,1430.5,2446.0,479.5,2404.0,,3503.5,3093.5,4360.0,2622.5,2013.5,2080.5,2727.0,2677.5,4584.0,1088.0,4599.5,3164.0,2169.5,3838.0,3274.5,2751.0,2172.5,6134.0,3848.5,868.5,841.5,2593.5,6015.0,2489.0,2676.0,4483.0
2026-02-18,20.0,569.0,443.5,365.0,244.0,96.0,160.5,59.0,,36.5,46.5,78.5,816.5,436.0,696.5,188.0,412.0,392.5,694.0,455.0,765.0,28.0,380.0,1798.0,-9503.5,-9576.0,759.0,876.5,78.5,1267.0,182.5,754.5,819.5,156.0,94.5,676.5,1839.5,333.5,119.0,188.5
2026-02-19,3739.0,362.5,285.0,629.0,3453.0,3986.0,4270.5,4315.5,1028.5,2561.0,2932.0,5277.5,4115.0,,144.0,714.5,532.5,310.5,1973.5,287.5,5431.5,2684.0,430.5,3569.5,1993.5,326.0,4989.5,1496.0,3208.5,1010.0,5010.0,414.5,6654.0,5577.5,3071.5,2813.0,501.5,509.5,5062.0,626.0
2026-02-20,3180.0,3163.5,4031.0,3314.0,4057.5,7977.0,7477.0,9032.0,,7164.5,9714.0,6160.0,12236.0,4649.0,1698.0,4748.5,6904.5,6556.5,4912.5,5026.5,7409.5,2252.0,6189.0,5614.0,9046.5,7654.5,7354.5,5179.0,3901.0,11295.5,5605.5,5243.5,12807.5,6256.0,,6172.0,7630.0,4448.5,8701.5,4285.5
2026-02-21,772.5,2125.0,1991.0,963.0,900.0,1146.5,1101.5,822.0,3070.0,1022.0,734.0,536.0,1697.5,1414.0,2180.0,1142.0,1579.0,1295.0,1361.0,1454.5,1818.5,809.5,1683.0,518.0,4036.0,1710.0,1769.5,2962.0,705.5,2120.0,1460.0,3300.0,1809.0,758.0,745.5,1723.5,2175.0,1276.0,1278.5,1483.0
2026-02-22,0.0,0.0,0.0,0.0,0.0,0.0,0.0,0.0,-9964.0,0.0,0.0,0.0,0.0,0.0,0.0,0.0,0.0,0.0,0.0,0.0,0.0,12.0,0.0,0.0,41.0,0.0,28.0,0.0,-9999.0,0.0,0.0,0.0,0.0,0.0,72.5,0.0,0.0,21.5,25.5,0.0
2026-02-23,171.0,48.5,103.5,655.0,1062.0,2897.5,2766.0,3092.0,353.0,918.0,1315.0,2717.5,36.0,1187.5,135.0,1174.0,518.0,891.5,1280.0,1550.5,-8835.0,831.5,305.0,600.0,180.5,279.5,1206.0,-9902.0,1825.5,156.0,1570.0,,50.5,2007.5,1999.5,1425.0,172.5,2009.5,706.0,1530.0
2026-02-24,211.0,202.0,539.5,175.0,507.0,618.5,528.5,206.0,44.5,119.5,117.0,444.5,2283.5,179.0,94.0,190.5,562.0,664.5,296.5,278.0,887.0,226.0,672.5,91.5,49.5,224.5,-8920.5,331.0,159.0,489.5,1005.0,,2028.5,465.5,108.5,489.5,81.0,1059.5,217.5,328.0
2026-02-25,,231.0,237.5,304.0,649.5,516.0,522.5,711.5,170.5,603.0,454.0,541.0,298.0,233.0,370.0,574.0,318.5,342.0,225.5,424.0,209.0,146.5,319.5,1278.5,125.5,199.0,207.5,171.5,632.0,144.0,490.0,155.5,263.5,580.0,902.5,208.5,188.0,405.5,485.0,535.0
2026-02-26,226.0,74.5,90.5,106.5,21.5,19.0,85.0,40.0,141.5,123.5,10.5,0.0,47.5,46.5,129.5,89.5,95.0,101.5,90.5,80.0,122.5,167.5,79.5,168.0,93.0,144.5,80.5,94.5,20.0,212.5,57.0,137.0,46.5,0.0,60.5,69.5,140.0,90.0,37.5,75.0
2026-02-27,464.5,1267.0,600.0,62.0,348.5,133.5,58.0,195.5,55.5,183.0,506.0,47.0,73.0,110.5,758.5,39.0,27.5,11.5,59.0,14.5,47.5,686.0,8.5,634.0,132.0,57.0,94.5,275.0,345.5,0.0,64.5,301.0,107.0,63.5,242.5,31.0,128.0,107.0,239.0,145.0
2026-02-28,0.0,0.0,40.5,0.0,57.5,0.0,59.5,0.0,23.5,19.0,0.0,0.0,0.0,18.0,0.0,0.0,0.0,0.0,17.0,46.5,0.0,41.5,0.0,0.0,23.5,0.0,29.0,0.0,0.0,0.0,0.0,0.0,0.0,0.0,12.5,32.0,0.0,0.0,0.0,26.0
2026-03-01,0.0,0.0,0.0,0.0,0.0,23.5,0.0,0.0,0.0,0.0,0.0,0.0,0.0,0.0,0.0,0.0,0.0,0.0,0.0,0.0,0.0,0.0,0.0,0.0,0.0,0.0,0.0,0.0,0.0,0.0,0.0,0.0,0.0,0.0,0.0,1.5,0.0,0.0,0.0,0.0
2026-03-02,21.0,0.0,0.0,9.0,0.0,0.0,0.0,0.0,0.0,208.0,0.0,0.0,0.0,0.0,0.0,0.0,0.0,0.0,0.0,0.0,0.0,26.5,0.0,0.0,0.0,0.0,0.0,0.0,0.0,0.0,28.0,0.0,0.0,0.0,0.0,0.0,0.0,0.0,26.0,0.0
2026-03-03,0.0,0.0,0.0,121.5,121.5,0.0,0.0,33.0,0.0,83.0,0.0,152.0,0.0,21.5,0.0,269.0,0.0,386.5,0.0,299.5,0.0,0.0,0.0,0.0,0.0,0.0,0.0,0.0,0.0,0.0,774.5,0.0,0.0,167.5,0.0,0.0,0.0,423.0,113.5,626.0
2026-03-04,0.0,0.0,0.0,0.0,0.0,0.0,10.5,0.0,1771.0,0.0,0.0,0.0,0.5,0.0,0.0,0.0,0.0,0.0,57.0,0.0,0.0,188.0,0.0,0.0,1213.5,0.0,27.5,0.0,8.0,0.0,16.0,0.0,0.0,21.5,0.0,25.5,0.0,0.0,0.0,0.0
2026-03-05,0.0,744.5,280.5,42.0,81.0,0.0,0.0,0.0,757.0,52.0,0.0,0.0,383.0,810.0,1284.5,557.0,721.5,967.0,28.0,1399.5,1028.5,0.0,200.5,2302.0,3864.5,646.5,436.0,792.5,43.5,65.5,0.0,1964.5,181.5,0.0,75.0,692.5,2675.5,695.0,0.0,420.5
2026-03-06,107.5,1889.5,3120.0,2292.5,494.5,174.5,185.0,189.0,4411.0,143.5,110.5,239.0,1385.5,1594.0,3230.0,1080.5,1970.5,2232.0,2839.0,2916.0,1493.0,,1438.5,132.0,4134.0,2989.0,-8571.5,8351.0,0.0,4195.5,3666.0,1463.0,3862.0,238.0,86.5,1595.0,1632.0,2985.0,1569.5,3436.5
2026-03-07,361.5,7978.0,9231.0,662.5,538.5,1727.0,1384.5,994.5,6156.0,385.0,803.0,366.5,3113.0,1758.0,9070.0,2187.5,6799.5,4181.0,1489.5,2326.0,3317.0,287.5,6730.5,750.0,7599.5,3875.5,3078.0,6450.5,265.5,1431.0,1134.5,10812.0,3843.5,455.5,442.5,2256.5,1228.5,2651.0,555.5,3117.5
2026-03-08,503.0,145.5,104.5,172.0,32.5,454.5,594.5,115.0,559.0,63.0,215.5,598.5,548.0,425.0,1500.5,221.5,162.0,215.0,616.5,215.0,762.5,456.5,91.0,192.0,795.5,375.5,665.5,255.5,894.0,203.0,-9857.0,658.0,1853.5,591.0,277.5,535.5,30.5,217.5,348.0,405.5
2026-03-09,452.5,1335.5,2679.5,223.0,753.5,1600.5,1423.0,1150.0,767.5,1030.0,1432.5,2812.5,2643.5,1378.5,3054.5,2036.0,1136.0,827.0,819.0,468.5,3499.0,510.0,1409.5,1663.0,417.5,716.0,3192.0,630.5,1267.0,1941.0,347.5,518.5,3234.5,2743.5,1056.0,2586.0,2817.0,1147.0,1663.5,1098.0
2026-03-10,2271.5,10509.5,11393.0,8648.0,8851.0,4292.0,4132.0,3931.0,5542.5,3614.5,4350.0,7039.5,11297.0,11354.5,8910.5,11171.0,10148.5,8493.0,11058.5,10346.0,10937.0,2368.0,10207.0,4352.0,5660.0,9198.5,10705.5,10122.0,4486.0,6733.0,3671.5,10185.0,8200.5,7234.5,4789.5,13808.5,4200.5,10088.0,3151.0,11725.5
2026-03-11,113.0,0.0,43.0,0.0,0.0,340.5,385.5,82.0,43.5,0.0,133.5,0.0,40.5,0.0,131.0,26.0,26.5,0.0,0.0,25.5,31.5,0.0,52.0,721.5,42.0,0.0,29.0,25.5,143.0,0.0,120.5,,84.0,20.0,362.0,21.5,72.0,27.0,356.5,152.5
2026-03-12,569.5,0.0,0.0,0.0,0.0,0.0,0.0,20.0,225.0,0.0,0.0,0.0,0.0,0.0,0.0,22.0,115.5,24.0,0.0,239.5,0.0,28.5,383.0,0.0,0.0,77.0,221.0,0.0,0.0,168.5,0.0,0.0,38.5,0.0,0.0,0.0,550.5,33.5,24.5,438.5
2026-03-13,939.0,0.0,32.5,0.0,0.0,0.0,0.0,0.0,0.0,0.0,65.0,0.0,0.0,0.0,92.5,0.0,94.0,0.0,0.0,30.5,0.0,1051.5,63.0,777.5,0.0,0.0,0.0,0.0,56.5,0.0,0.0,0.0,0.0,0.0,443.5,127.5,1114.5,0.0,0.0,36.5
2026-03-14,0.0,0.0,0.0,0.0,0.0,0.0,0.0,0.0,319.5,0.0,0.0,0.0,0.0,0.0,2870.0,478.5,344.0,427.0,0.0,151.0,383.5,0.0,270.5,35.5,0.0,694.0,414.5,0.0,0.0,0.0,0.0,0.0,0.0,0.0,0.0,6.5,3982.5,1410.0,0.0,0.0
2026-03-15,0.0,168.5,141.0,78.5,124.0,640.5,379.0,38.5,0.0,297.0,195.0,0.0,130.0,0.0,667.0,115.0,0.0,0.0,65.0,64.0,117.5,0.0,28.5,38.5,0.0,126.5,0.0,221.5,0.0,0.0,210.0,0.0,142.0,0.0,522.5,38.5,20.0,69.5,1932.5,407.0
2026-03-16,22.0,0.0,0.0,582.0,0.0,0.0,0.0,108.0,42.0,0.0,0.0,0.0,0.0,96.0,0.0,44.0,2186.5,170.0,291.0,192.5,79.0,543.5,1168.0,0.0,1088.5,364.5,106.5,301.5,49.0,0.0,147.0,471.0,0.0,0.0,40.5,106.0,0.0,537.0,65.5,0.0
2026-03-17,20.5,,648.0,110.0,83.0,0.0,0.0,0.0,2059.5,0.0,419.0,0.0,31.5,36.0,0.0,41.0,1673.0,957.5,161.0,400.5,59.0,0.0,1292.5,0.0,1384.0,1848.5,61.0,462.0,0.0,65.5,23.0,1188.0,35.5,0.0,0.0,247.0,0.0,433.5,0.0,146.0
2026-03-18,11.0,147.5,0.0,0.0,0.0,101.0,166.0,95.5,149.0,53.0,536.5,0.0,0.0,0.0,0.0,0.0,0.0,0.0,0.0,0.0,0.0,336.5,0.0,1207.0,70.0,0.0,0.0,0.0,365.5,0.0,28.0,0.0,0.0,15.0,289.5,0.0,6109.5,11.5,250.5,0.0
2026-03-19,1839.0,2571.5,1648.0,80.0,168.0,90.5,112.0,531.0,1914.5,731.0,1907.5,181.5,1941.5,1789.0,1528.0,1277.5,888.5,455.5,911.5,963.5,7270.0,2553.5,592.5,3281.0,480.5,2616.0,6573.0,737.5,2354.0,114.5,599.5,709.0,5825.0,335.0,1492.5,2967.5,129.5,361.5,609.0,2050.5
2026-03-20,0.0,26.5,0.0,0.0,0.0,0.0,0.0,0.0,3026.5,42.0,0.0,0.0,0.0,29.5,7672.0,23.0,0.0,0.0,0.0,38.5,59.0,,0.0,0.0,4043.0,82.0,59.0,110.0,0.0,1331.5,0.0,101.0,0.0,0.0,21.0,58.5,3072.0,0.0,0.0,0.0
2026-03-21,0.0,0.0,0.0,0.0,0.0,0.0,0.0,0.0,0.0,0.0,0.0,0.0,0.0,0.0,0.0,0.0,0.0,0.0,0.0,0.0,23.5,0.0,0.0,0.0,0.0,0.0,23.0,0.0,0.0,0.0,0.0,0.0,0.0,0.0,0.0,0.0,0.0,0.0,0.0,0.0
2026-03-22,0.0,0.0,0.0,0.0,0.0,0.0,0.0,0.0,0.0,0.0,0.0,0.0,0.0,0.0,0.0,0.0,0.0,0.0,0.0,0.0,0.0,0.0,0.0,0.0,0.0,0.0,0.0,0.0,0.0,0.0,0.0,0.0,0.0,0.0,85.5,0.0,0.0,27.0,0.0,0.0
2026-03-23,0.0,0.0,0.0,0.0,0.0,0.0,0.0,0.0,0.0,0.0,0.0,0.0,0.0,0.0,0.0,0.0,-9999.0,0.0,0.0,0.0,0.0,0.0,0.0,0.0,0.0,0.0,0.0,0.0,0.0,0.0,0.0,0.0,0.0,0.0,0.0,0.0,0.0,0.0,0.0,0.0
2026-03-24,0.0,0.0,0.0,0.0,0.0,0.0,0.0,0.0,0.0,0.0,0.0,0.0,0.0,0.0,0.0,0.0,0.0,0.0,0.0,0.0,0.0,0.0,0.0,0.0,0.0,0.0,0.0,0.0,0.0,282.5,0.0,0.0,0.0,0.0,0.0,0.0,0.0,0.0,0.0,0.0
2026-03-25,0.0,0.0,0.0,0.0,0.0,0.0,0.0,0.0,0.0,0.0,0.0,0.0,0.0,0.0,0.0,0.0,0.0,0.0,0.0,0.0,0.0,0.0,0.0,0.0,0.0,0.0,0.0,0.0,0.0,0.0,0.0,0.0,0.0,0.0,31.0,0.0,0.0,0.0,0.0,0.0
2026-03-26,0.0,0.0,0.0,0.0,0.0,0.0,0.0,0.0,0.0,0.0,0.0,0.0,0.0,0.0,0.0,0.0,0.0,0.0,0.0,0.0,0.0,0.0,0.0,0.0,0.0,0.0,0.0,0.0,0.0,0.0,0.0,0.0,0.0,0.0,0.0,0.0,52.0,0.0,0.0,0.0
2026-03-27,0.0,0.0,0.0,0.0,0.0,0.0,0.0,0.0,0.0,0.0,0.0,0.0,0.0,0.0,0.0,0.0,0.0,0.0,0.0,0.0,0.0,0.0,0.0,17.5,0.0,0.0,0.0,0.0,0.0,0.0,0.0,0.0,0.0,0.0,0.0,0.0,0.0,0.0,0.0,0.0
2026-03-28,0.0,308.5,118.0,0.0,0.0,232.0,863.0,44.5,0.0,0.0,16.0,0.0,0.0,0.0,292.0,0.0,0.0,0.0,0.0,30.5,0.0,0.0,0.0,119.5,0.0,0.0,0.0,467.0,20.0,0.0,0.0,90.0,0.0,0.0,167.0,59.5,0.0,0.0,110.0,0.0
2026-03-29,20.0,860.5,657.5,16.5,331.5,76.5,196.0,32.5,198.0,70.5,1660.0,603.5,377.5,1625.0,0.0,108.5,51.0,34.0,1695.5,89.5,1580.0,39.5,208.0,396.5,0.0,0.0,1047.0,34.5,279.0,0.0,55.0,33.0,323.5,670.5,536.0,3595.0,1096.0,80.5,43.0,457.5
2026-03-30,0.0,0.0,30.0,231.5,36.5,0.0,0.0,48.5,31.5,0.0,140.5,0.0,180.0,0.0,0.0,0.0,0.0,0.0,82.5,0.0,130.0,0.0,0.0,919.5,0.0,0.0,190.0,0.0,0.0,499.0,20.0,,310.5,0.0,46.0,250.5,31.5,20.5,239.5,199.5
2026-03-31,0.0,0.0,0.0,16.5,0.0,0.0,0.0,0.0,0.0,47.5,0.0,0.0,0.0,0.0,0.0,0.0,0.0,0.0,0.0,0.0,0.0,0.0,0.0,0.0,0.0,0.0,0.0,0.0,0.0,0.0,0.0,,0.0,0.0,0.0,0.0,0.0,0.0,0.0,0.0
2026-04-01,0.0,0.0,0.0,0.0,0.0,0.0,0.0,0.0,0.0,0.0,0.0,0.0,0.0,0.0,0.0,23.5,0.0,0.0,0.0,0.0,0.0,0.0,0.0,27.5,0.0,0.0,0.0,0.0,13.5,0.0,0.0,0.0,0.0,0.0,29.5,0.0,0.0,0.0,0.0,0.0
2026-04-02,5.5,107.5,185.0,0.0,0.0,0.0,0.0,0.0,58.0,0.0,0.0,0.0,0.0,0.0,20.5,0.0,0.0,343.5,0.0,0.0,556.5,14.5,19.5,49.5,0.0,0.0,1031.0,0.0,3.5,0.0,0.0,0.0,573.0,0.0,34.5,33.5,3.5,60.0,0.0,19.0
2026-04-03,0.0,137.0,136.5,0.0,0.0,0.0,0.0,0.0,0.0,0.0,0.0,3.0,0.0,0.0,47.0,0.0,620.5,0.0,0.0,0.0,0.0,0.0,44.0,81.0,0.0,0.0,36.5,0.0,0.0,0.0,0.0,35.5,42.0,2.5,156.0,0.0,46.5,0.0,0.0,0.0
2026-04-04,252.0,0.0,0.0,0.0,0.0,946.0,722.0,2812.0,0.0,69.5,969.0,1211.5,1800.0,0.0,0.0,0.0,0.0,0.0,0.0,0.0,0.0,1417.5,0.0,165.0,0.0,0.0,0.0,0.0,325.5,218.0,173.0,,332.5,1255.5,80.0,0.0,0.0,0.0,449.5,0.0
2026-04-05,165.5,0.0,0.0,0.0,548.5,230.5,38.0,80.5,0.0,15.0,115.0,0.0,0.0,165.0,0.0,0.0,0.0,0.0,0.0,0.0,74.0,65.5,0.0,14.0,863.0,0.0,0.0,0.0,145.5,0.0,273.0,0.0,0.0,0.0,331.5,71.5,113.5,0.0,284.5,0.0
2026-04-06,0.0,43.0,66.0,231.0,898.5,41.5,63.0,323.5,0.0,20.5,25.5,0.0,7.5,345.5,24.0,1799.0,20.0,0.0,0.0,0.0,0.0,0.0,0.0,24.0,0.0,230.0,41.0,38.5,33.0,0.0,888.0,26.0,3.0,82.5,0.0,41.0,0.0,237.5,85.5,70.0
2026-04-07,151.0,0.0,0.0,0.0,0.0,138.5,102.0,412.5,0.0,10.5,762.0,0.0,0.0,0.0,0.0,89.5,0.0,18.5,0.0,0.0,0.0,,0.0,1749.0,0.0,0.0,0.0,0.0,40.0,0.0,0.0,,0.0,0.0,1832.0,0.0,259.5,0.0,44.0,0.0
2026-04-08,388.0,252.5,0.0,421.5,18.5,0.0,0.0,36.5,1134.0,16.0,711.5,89.5,1424.5,0.0,0.0,1041.0,416.0,1569.0,19.0,724.5,398.5,,315.5,23.5,102.5,1290.0,354.5,86.5,205.5,0.0,0.0,,1361.5,226.5,89.0,335.5,20.5,951.0,108.5,1537.5
2026-04-09,773.5,42.0,462.5,81.0,221.0,155.0,193.0,410.0,0.0,498.5,164.0,1044.5,0.0,207.0,11.0,927.5,77.0,38.0,27.0,12.5,55.5,498.5,129.5,276.0,0.0,0.0,56.0,0.0,433.0,26.0,444.0,,0.0,1028.5,92.0,0.0,0.0,617.0,161.0,422.0
2026-04-10,572.0,402.5,351.0,279.5,20.5,121.5,55.0,32.5,0.0,256.0,-9198.5,0.0,843.5,819.0,288.5,253.0,188.5,72.0,989.5,67.0,494.0,176.5,437.0,1626.0,525.0,66.0,446.0,745.0,477.5,26.5,0.0,316.5,315.5,33.5,1664.0,778.5,0.0,208.0,33.5,1230.5
2026-04-11,91.5,28.5,26.5,88.0,835.5,0.0,11.5,0.0,17.0,10.5,28.5,0.0,0.0,169.5,9.5,300.0,286.5,151.5,0.0,40.0,51.0,144.0,448.5,13.0,19.0,9.5,25.0,13.5,0.0,0.0,3.5,,0.0,0.0,12.5,79.5,8.5,245.0,0.0,36.5
2026-04-12,233.5,59.0,121.0,1084.5,307.5,39.0,0.0,127.0,457.5,57.5,233.0,233.5,0.0,338.5,63.5,1619.0,869.0,556.5,529.0,1095.5,134.0,0.0,925.5,810.5,631.0,426.0,73.5,417.5,0.0,314.5,316.0,,53.5,420.0,922.5,151.5,308.0,944.0,167.0,2093.5
2026-04-13,0.0,59.0,81.5,25.0,4.5,313.0,371.0,771.5,66.0,13.0,1224.5,872.5,25.5,290.0,0.0,699.0,966.0,1869.5,26.5,1703.0,0.0,0.0,607.0,846.0,244.5,1002.5,0.0,989.0,0.0,0.0,99.0,245.0,0.0,815.0,,85.5,0.0,1427.5,783.0,474.0
2026-04-14,1167.5,73.0,31.5,0.0,532.0,2042.5,2960.0,1285.0,0.0,217.0,1578.5,1101.0,18.5,462.5,0.0,32.5,47.5,148.5,20.0,163.0,160.0,2025.0,0.0,503.0,0.0,239.5,160.0,0.0,1738.0,0.0,602.0,139.0,205.0,1120.5,2773.5,16.5,0.0,0.0,170.0,62.0
2026-04-15,150.5,38.0,108.5,0.0,4.0,12.5,16.5,67.0,20.0,59.0,886.5,256.5,180.5,0.0,350.0,119.5,98.0,23.0,0.0,0.0,936.5,65.0,138.0,904.0,19.5,117.0,791.0,1152.0,291.5,0.0,43.5,1430.0,526.0,256.0,789.5,174.5,0.0,0.0,21.5,369.0
2026-04-16,197.0,119.0,0.0,0.0,0.0,55.5,45.0,0.0,26.5,0.0,0.0,138.0,0.0,0.0,0.0,297.5,27.0,354.5,0.0,0.0,0.0,847.5,0.0,4.0,0.0,46.0,0.0,183.5,45.0,0.0,26.0,364.0,0.0,92.5,,0.0,23.0,45.5,0.0,0.0
2026-04-17,149.5,0.0,18.5,0.0,0.0,0.0,0.0,73.5,0.0,558.0,184.5,0.0,367.5,105.0,0.0,0.0,0.0,0.0,257.5,0.0,531.0,275.0,0.0,0.0,0.0,229.5,449.0,21.5,301.5,112.5,0.0,0.0,1408.0,0.0,41.5,144.5,850.5,0.0,261.0,0.0
2026-04-18,0.0,528.0,2212.5,0.0,0.0,0.0,0.0,16.5,2549.0,0.0,19.5,25.5,0.0,0.0,0.0,-9703.5,27.5,0.0,83.0,27.5,63.0,139.5,218.0,0.0,301.5,0.0,0.0,0.0,0.0,313.5,0.0,0.0,26.0,0.0,0.0,0.0,185.5,0.0,181.0,101.5
2026-04-19,0.0,0.0,0.0,0.0,44.0,1082.5,876.0,2221.5,0.0,1006.5,213.0,33.5,155.5,0.0,0.0,0.0,355.0,176.0,0.0,0.0,0.0,17.5,44.0,296.5,0.0,1098.0,0.0,59.0,59.0,0.0,0.0,0.0,87.0,65.0,306.0,0.0,351.0,487.5,309.0,0.0
2026-04-20,789.5,24.0,0.0,0.0,29.5,0.0,0.0,22.5,0.0,0.0,72.0,0.0,0.0,165.0,0.0,889.5,160.0,0.0,122.0,0.0,40.5,79.5,96.5,57.0,0.0,0.0,0.0,0.0,45.5,0.0,0.0,0.0,0.0,0.0,265.0,81.0,0.0,0.0,0.0,0.0
2026-04-21,220.0,28.0,0.0,0.0,0.0,0.0,0.0,0.0,673.0,0.0,20.0,0.0,477.5,29.5,91.5,0.0,0.0,0.0,0.0,0.0,67.0,130.5,26.0,303.5,3099.0,0.0,0.0,50.0,27.0,620.0,0.0,202.5,2237.0,0.0,32.0,0.0,3295.0,0.0,0.0,0.0
2026-04-22,0.0,0.0,0.0,0.0,0.0,0.0,0.0,0.0,0.0,,0.0,0.0,0.0,0.0,0.0,-9999.0,0.0,0.0,0.0,0.0,0.0,,0.0,0.0,0.0,0.0,0.0,0.0,0.0,0.0,,0.0,0.0,0.0,0.0,0.0,0.0,0.0,0.0,0.0
2026-04-23,0.0,101.5,11.5,0.0,0.0,158.0,165.0,525.5,0.0,66.5,1306.5,503.0,218.5,0.0,0.0,61.0,70.0,316.0,137.0,239.5,103.0,,56.0,179.5,0.0,332.0,43.5,19.0,17.5,0.0,,0.0,1029.5,623.0,219.0,,0.0,24.0,556.5,322.5
2026-04-24,,0.0,0.0,0.0,0.0,0.0,46.0,0.0,0.0,0.0,94.0,0.0,0.0,0.0,0.0,61.0,0.0,0.0,0.0,0.0,224.0,0.0,0.0,0.0,0.0,0.0,192.5,0.0,91.0,0.0,0.0,0.0,74.5,0.0,109.5,,236.0,0.0,0.0,186.0
2026-04-25,45.0,166.5,797.5,395.5,605.5,181.0,277.0,62.5,0.0,23.0,179.0,100.0,1724.5,106.0,678.5,167.0,492.0,203.0,173.0,121.5,530.5,45.0,650.0,320.0,1079.0,251.0,540.0,305.0,185.0,4338.5,421.0,373.5,1313.5,95.5,182.5,434.0,44.0,308.0,839.0,425.0
2026-04-26,1387.0,0.0,0.0,18.5,547.5,529.5,225.0,235.5,0.0,0.0,0.0,283.5,88.0,0.0,0.0,226.5,0.0,0.0,194.5,138.5,0.0,1274.5,0.0,65.5,0.0,0.0,0.0,0.0,61.5,0.0,208.5,0.0,0.0,380.5,92.5,93.0,115.0,19.0,0.0,0.0
2026-04-27,49.5,64.5,133.5,0.0,0.0,70.5,40.5,280.5,0.0,703.0,997.0,14.0,890.0,0.0,0.0,16.5,122.0,101.0,0.0,52.0,0.0,200.0,133.0,1560.5,0.0,0.0,0.0,0.0,1703.0,0.0,0.0,152.5,0.0,52.5,1287.5,306.0,9.0,66.0,114.0,0.0
2026-04-28,,,,,,,,,,,,,,,,,,,,,,,,,,,,,,,,,,,,,,,,
2026-04-29,,38.5,0.0,554.5,74.5,0.0,27.0,154.5,0.0,109.0,51.5,279.5,137.5,,0.0,0.0,268.0,36.5,0.0,9.0,0.0,,187.0,0.0,0.0,372.0,0.0,36.0,0.0,0.0,0.0,108.0,42.0,401.0,134.5,0.0,0.0,35.5,42.0,0.0
2026-04-30,0.0,217.0,66.0,452.5,281.0,40.5,0.0,0.0,0.0,230.0,383.0,41.0,30.5,120.5,1654.0,773.5,0.0,271.0,193.0,399.5,60.5,0.0,0.0,294.5,0.0,474.0,113.0,150.0,0.0,220.0,84.5,161.0,61.5,104.5,406.0,192.0,0.0,232.5,124.0,268.0
2026-05-01,207.5,0.0,16.5,103.0,199.0,221.0,247.0,90.0,0.0,7.5,187.0,175.0,25.5,195.0,0.0,30.5,0.0,6.0,1147.5,8.0,383.0,330.5,0.0,529.0,0.0,0.0,639.5,0.0,192.5,0.0,1311.5,0.0,79.0,185.5,196.5,358.0,0.0,0.0,58.5,417.0
2026-05-02,0.0,609.0,1679.0,58.0,1945.5,46.5,0.0,311.5,0.0,300.5,168.0,52.5,0.0,912.0,333.5,743.5,1597.5,676.0,343.5,271.5,45.0,29.0,1337.0,10.0,0.0,470.0,15.5,1013.5,36.5,0.0,140.5,1683.0,0.0,44.0,1546.0,305.0,0.0,821.0,33.5,1092.5
2026-05-03,,0.0,26.0,0.0,0.0,0.0,0.0,0.0,-9999.0,0.0,0.0,0.0,0.0,0.0,23.5,0.0,0.0,0.0,0.0,36.5,0.0,,0.0,304.0,0.0,0.0,0.0,25.5,28.5,0.0,0.0,0.0,0.0,0.0,0.0,12.5,0.0,22.0,0.0,37.5
2026-05-04,,0.0,166.5,0.0,1092.5,425.5,98.0,1540.5,47.0,4626.0,501.5,161.5,0.0,90.5,10.0,333.5,521.5,27.0,56.5,0.0,21.0,,526.0,959.0,91.0,154.0,43.0,249.0,1111.5,103.5,4.0,551.5,53.5,160.0,1412.5,20.0,0.0,0.0,571.5,1472.0
2026-05-05,210.5,0.0,7.5,14.0,123.0,114.0,66.5,497.0,38.5,622.0,90.0,-9750.5,0.0,0.0,0.0,0.0,0.0,0.0,0.0,14.0,0.0,,0.0,493.0,23.5,0.0,0.0,0.0,391.5,0.0,181.0,25.0,0.0,336.5,239.0,0.0,19.5,0.0,615.0,0.0
2026-05-06,,196.5,41.5,59.0,118.5,1650.0,1446.0,697.5,92.5,30.0,179.5,1246.0,3.0,12.0,326.5,116.0,132.0,71.5,15.0,68.5,15.0,,77.5,3.5,35.0,40.0,16.5,712.5,54.0,10.5,198.5,130.0,673.5,1762.0,0.0,41.5,357.0,213.0,289.5,59.0
2026-05-07,649.5,414.5,572.5,496.5,2513.0,9804.5,7123.5,7622.0,464.5,3577.5,3702.0,3289.5,1194.0,,1413.0,1119.5,499.5,406.5,1091.0,435.5,1223.5,529.0,755.5,2324.0,426.5,398.5,918.0,211.5,1076.5,603.5,1410.5,170.5,1135.0,,1579.5,1748.5,431.0,318.5,6303.0,697.5
2026-05-08,2938.0,0.0,0.0,38.0,1471.0,536.5,310.0,1192.5,120.5,2148.0,3601.5,164.5,253.0,122.0,0.0,69.5,0.0,0.0,0.0,43.5,43.5,3043.0,0.0,3128.0,90.0,0.0,53.0,0.0,5892.5,80.0,520.5,0.0,41.0,244.5,3666.0,35.0,0.0,0.0,4081.0,0.0
2026-05-09,296.0,686.5,1135.0,1631.0,1021.5,0.0,0.0,319.0,-9593.5,24.0,-9999.0,0.0,600.0,405.5,87.5,324.5,922.0,917.0,601.0,135.5,89.5,206.5,1293.0,0.0,748.5,228.0,0.0,466.0,570.0,2073.0,349.5,553.5,366.0,37.0,0.0,52.5,132.5,819.5,25.0,1642.0
2026-05-10,47.5,0.0,0.0,0.0,0.0,4.5,9.0,0.0,0.0,0.0,0.0,197.5,0.0,0.0,47.5,0.0,0.0,0.0,0.0,0.0,0.0,80.0,0.0,16.0,0.0,0.0,0.0,0.0,470.0,0.0,0.0,0.0,0.0,118.0,37.5,182.5,18.0,0.0,0.0,0.0
2026-05-11,12.5,28.5,55.0,0.0,0.0,115.5,203.0,0.0,19.5,0.0,20.5,0.0,0.0,0.0,20.5,0.0,0.0,0.0,0.0,0.0,0.0,12.5,52.0,28.5,0.0,0.0,0.0,0.0,22.5,0.0,0.0,25.0,0.0,27.0,45.0,0.0,0.0,0.0,0.0,0.0
2026-05-12,147.0,28.5,41.5,92.0,0.0,18.0,11.0,31.5,736.5,89.0,479.5,0.0,326.5,212.5,25.5,331.0,778.5,256.5,180.0,431.5,102.0,25.0,502.0,249.0,718.0,119.0,97.5,1401.0,1092.0,15.5,0.0,615.5,108.0,0.0,633.5,52.5,701.0,1161.5,70.5,221.5
2026-05-13,71.0,64.0,241.5,286.5,959.0,343.5,532.0,176.5,168.0,103.5,363.5,1667.5,425.0,879.0,151.5,844.5,805.0,161.0,232.0,223.0,311.0,531.0,882.5,47.0,133.5,616.0,473.0,278.0,264.0,1241.0,1179.0,219.0,224.5,1610.0,1267.5,226.0,89.5,318.5,43.0,1278.0
2026-05-14,835.5,0.0,0.0,47.0,0.0,536.5,489.5,968.0,11.0,0.0,117.5,2010.0,0.0,23.5,0.0,444.0,0.0,0.0,0.0,0.0,34.0,448.0,28.0,114.0,0.0,0.0,0.0,0.0,100.0,26.0,698.5,0.0,24.5,1946.5,69.0,0.0,41.0,18.5,14.5,846.5
2026-05-15,130.0,0.0,0.0,0.0,175.5,219.5,67.0,200.5,87.0,29.5,472.5,1091.0,0.0,0.0,87.0,228.5,21.0,95.0,0.0,175.0,0.0,756.5,0.0,524.5,42.5,363.0,0.0,0.0,200.0,0.0,30.0,19.0,41.5,1169.0,407.0,31.0,114.5,365.5,109.5,661.0
2026-05-16,,107.0,487.0,1443.5,183.5,100.5,118.0,81.0,0.0,83.0,1641.5,128.0,351.0,300.0,0.0,669.0,77.0,104.0,275.5,141.5,101.0,,37.5,129.0,44.5,1189.5,147.0,507.0,41.5,0.0,77.5,733.5,39.0,303.0,784.5,104.0,0.0,187.0,66.5,463.0
2026-05-17,,32.5,33.5,89.0,919.0,186.0,197.5,125.0,32.5,478.5,159.0,400.5,0.0,32.5,35.5,98.0,28.0,0.0,1.5,0.0,0.0,,0.0,195.0,31.5,28.0,0.0,0.0,269.0,3.0,1702.0,24.5,30.0,562.0,136.5,0.0,73.0,33.5,177.5,54.5
2026-05-18,0.0,0.0,0.0,16.5,0.0,43.5,25.5,83.0,0.0,43.5,15.0,102.0,0.0,0.0,0.0,0.0,0.0,18.5,37.5,37.5,36.5,46.5,0.0,0.0,0.0,0.0,37.0,0.0,0.0,0.0,28.0,0.0,20.0,205.0,22.5,0.0,0.0,18.5,62.0,21.0
2026-05-19,,0.0,0.0,0.0,0.0,0.0,0.0,0.0,0.0,0.0,0.0,0.0,0.0,0.0,0.0,0.0,0.0,0.0,0.0,0.0,0.0,0.0,0.0,0.0,0.0,0.0,0.0,0.0,0.0,0.0,0.0,0.0,0.0,0.0,26.0,0.0,0.0,0.0,0.0,0.0
2026-05-20,,0.0,0.0,39.0,0.0,0.0,0.0,0.0,0.0,0.0,0.0,0.0,0.0,0.0,0.0,0.0,0.0,0.0,0.0,0.0,0.0,0.0,0.0,0.0,0.0,0.0,0.0,0.0,0.0,0.0,0.0,0.0,0.0,0.0,0.0,0.0,0.0,0.0,0.0,0.0
2026-05-21,72.5,0.0,82.5,0.0,0.0,0.0,0.0,0.0,0.0,118.0,24.5,0.0,6.0,0.0,0.0,0.0,0.0,0.0,0.0,-9999.0,0.0,,0.0,1173.0,0.0,0.0,0.0,251.5,80.0,0.0,0.0,37.0,90.5,0.0,526.5,0.0,0.0,0.0,170.0,0.0
2026-05-22,,1515.0,2662.5,160.5,158.5,1644.0,1177.5,1874.0,38.0,662.5,1544.0,2344.0,83.5,54.0,786.0,45.5,347.5,44.0,102.5,43.5,1184.0,,1044.0,222.0,62.5,178.0,1490.0,1609.5,1531.0,98.0,151.0,1136.5,406.0,2100.5,1068.0,268.0,3.5,55.0,1314.0,93.5
2026-05-23,,0.0,0.0,0.0,37.0,0.0,22.5,0.0,0.0,0.0,0.0,0.0,0.0,4.0,0.0,26.5,26.0,0.0,1.5,0.0,0.0,,93.5,0.0,23.5,0.0,5.0,0.0,25.0,0.0,0.0,0.0,34.0,44.5,0.0,0.0,0.0,0.0,0.0,0.0
2026-05-24,163.0,41.5,100.5,118.5,1248.5,99.0,152.5,41.0,0.0,165.0,352.5,0.0,91.0,270.5,570.5,623.5,91.0,107.0,16.5,68.0,8.0,,77.5,1028.5,5.5,72.5,16.0,16.0,397.0,0.0,88.5,17.0,642.0,8.5,637.0,57.5,0.0,121.0,636.0,1452.0
2026-05-25,393.0,209.0,153.5,643.5,1076.5,993.5,1155.5,1569.5,1658.5,521.0,1392.0,362.0,174.5,492.0,161.0,562.5,332.5,345.5,325.0,327.0,378.0,,388.5,1512.0,1297.5,163.0,261.0,189.5,259.0,3151.0,1612.0,385.0,209.0,396.5,1038.0,337.5,818.5,489.0,922.5,255.5
2026-05-26,0.0,486.0,101.5,58.5,18.5,47.0,78.0,144.5,747.0,781.0,271.0,94.0,654.5,285.5,154.5,104.0,52.5,42.5,175.0,43.5,540.5,,57.0,24.0,543.0,42.0,638.0,97.0,146.0,487.0,22.0,59.0,532.5,143.0,10.5,198.5,678.0,149.0,479.5,106.5
2026-05-27,0.0,343.5,101.0,13.0,0.0,0.0,43.5,0.0,275.0,82.0,206.0,0.0,149.0,0.0,674.0,29.5,92.5,66.5,42.0,39.5,98.0,,65.0,0.0,181.0,213.0,70.5,0.0,0.0,24.5,48.0,12.0,247.5,0.0,27.5,55.0,172.0,0.0,0.0,0.0
2026-05-28,0.0,0.0,42.5,0.0,0.0,0.0,0.0,0.0,7.0,0.0,0.0,0.0,240.0,0.0,101.5,10.0,0.0,0.0,0.0,0.0,0.0,,0.0,0.0,0.0,0.0,0.0,0.0,0.0,253.0,0.0,0.0,191.0,0.0,,0.0,0.0,0.0,0.0,425.0
2026-05-29,0.0,22.0,5.5,13.0,63.0,37.5,100.0,0.0,143.0,151.5,254.5,156.0,211.5,24.5,33.0,22.5,5.5,0.0,48.0,0.0,0.0,,5.5,43.5,368.0,0.0,-9999.0,28.0,8.5,667.5,72.0,84.0,182.0,126.5,205.5,0.0,59.0,0.0,279.0,111.5
2026-05-30,9.5,27.0,110.0,252.0,0.0,0.0,0.0,0.0,0.0,0.0,0.0,0.0,0.0,226.0,13.5,0.0,328.0,244.0,162.0,318.5,0.0,0.0,255.5,0.0,0.0,315.5,0.0,0.0,0.0,0.0,0.0,14.0,0.0,15.5,0.0,46.5,0.0,63.5,21.0,13.5
2026-05-31,0.0,182.5,16.0,0.0,176.5,229.5,263.5,0.0,375.5,93.0,0.0,557.0,84.0,0.0,447.5,430.5,0.0,6.0,0.0,18.5,12.0,0.0,0.0,0.0,122.0,0.0,5.0,243.0,0.0,180.0,23.5,362.5,181.0,580.5,0.0,0.0,366.5,26.0,39.0,499.0
2026-06-01,,,,,,,,,,,,,,,,,,,,,,,,,,,,,,,,,,,,,,,,
