Date,sarawak_aman_5_bridge,sarawak_bako_causeway,sarawak_barrage,sarawak_batu_kawa_bridge,sarawak_batu_kitang_telemetry,sarawak_bau,sarawak_bau_bridge,sarawak_buan_bidi,sarawak_buntal_did,sarawak_kampung_git,sarawak_kampung_monggak,sarawak_kampung_opar,sarawak_kampung_rayu,sarawak_kampung_sagah,sarawak_kampung_similang,sarawak_kuching_airport,sarawak_kuching_city_south,sarawak_kuching_saberkas,sarawak_malihah,sarawak_maong_tengah_kiri,sarawak_matang,sarawak_padawan,sarawak_padungan,sarawak_pang_tebang,sarawak_rampangi,sarawak_satok_b,sarawak_sebubut,sarawak_semariang_fisheries,sarawak_semban,sarawak_sibu_laut,sarawak_siniawan,sarawak_siol_jps,sarawak_sungai_china,sarawak_sungai_opar,sarawak_sungai_pedid,sarawak_sungai_tengah,sarawak_telok_assam,sarawak_ulu_maong,sarawak_upper_sungai_staat,sarawak_mid_sungai_kuap,sarawak_aman_5_bridge_imputed,sarawak_bako_causeway_imputed,sarawak_barrage_imputed,sarawak_batu_kawa_bridge_imputed,sarawak_batu_kitang_telemetry_imputed,sarawak_bau_imputed,sarawak_bau_bridge_imputed,sarawak_buan_bidi_imputed,sarawak_buntal_did_imputed,sarawak_kampung_git_imputed,sarawak_kampung_monggak_imputed,sarawak_kampung_opar_imputed,sarawak_kampung_rayu_imputed,sarawak_kampung_sagah_imputed,sarawak_kampung_similang_imputed,sarawak_kuching_airport_imputed,sarawak_kuching_city_south_imputed,sarawak_kuching_saberkas_imputed,sarawak_malihah_imputed,sarawak_maong_tengah_kiri_imputed,sarawak_matang_imputed,sarawak_padawan_imputed,sarawak_padungan_imputed,sarawak_pang_tebang_imputed,sarawak_rampangi_imputed,sarawak_satok_b_imputed,sarawak_sebubut_imputed,sarawak_semariang_fisheries_imputed,sarawak_semban_imputed,sarawak_sibu_laut_imputed,sarawak_siniawan_imputed,sarawak_siol_jps_imputed,sarawak_sungai_china_imputed,sarawak_sungai_opar_imputed,sarawak_sungai_pedid_imputed,sarawak_sungai_tengah_imputed,sarawak_telok_assam_imputed,sarawak_ulu_maong_imputed,sarawak_upper_sungai_staat_imputed,sarawak_mid_sungai_kuap_imputed
2015-05-01,,,,,,,,,,,,,,,,,,,,,,,,,,,,,,,,,,,,,,,,,0,0,0,0,0,0,0,0,0,0,0,0,0,0,0,0,0,0,0,0,0,0,0,0,0,0,0,0,0,0,0,0,0,0,0,0,0,0,0,0
2015-05-02,,,,,,,,,,,,,,,,,,,,,,,,,,,,,,,,,,,,,,,,,0,0,0,0,0,0,0,0,0,0,0,0,0,0,0,0,0,0,0,0,0,0,0,0,0,0,0,0,0,0,0,0,0,0,0,0,0,0,0,0
2015-05-03,,,,,,,,,,,,,,,,,,,,,,,,,,,,,,,,,,,,,,,,,0,0,0,0,0,0,0,0,0,0,0,0,0,0,0,0,0,0,0,0,0,0,0,0,0,0,0,0,0,0,0,0,0,0,0,0,0,0,0,0
2015-05-04,,,,,,,,,,,,,,,,,,,,,,,,,,,,,,,,,,,,,,,,,0,0,0,0,0,0,0,0,0,0,0,0,0,0,0,0,0,0,0,0,0,0,0,0,0,0,0,0,0,0,0,0,0,0,0,0,0,0,0,0
2015-05-05,,,,,,,,,,,,,,,,,,,,,,,,,,,,,,,,,,,,,,,,,0,0,0,0,0,0,0,0,0,0,0,0,0,0,0,0,0,0,0,0,0,0,0,0,0,0,0,0,0,0,0,0,0,0,0,0,0,0,0,0
2015-05-06,,,,,,,,,,,,,,,,,,,,,,,,,,,,,,,,,,,,,,,,,0,0,0,0,0,0,0,0,0,0,0,0,0,0,0,0,0,0,0,0,0,0,0,0,0,0,0,0,0,0,0,0,0,0,0,0,0,0,0,0
2015-05-07,,,,,,,,,,,,,,,,,,,,,,,,,,,,,,,,,,,,,,,,,0,0,0,0,0,0,0,0,0,0,0,0,0,0,0,0,0,0,0,0,0,0,0,0,0,0,0,0,0,0,0,0,0,0,0,0,0,0,0,0
2015-05-08,,,,,,,,,,,,,,,,,,,,,,,,,,,,,,,,,,,,,,,,,0,0,0,0,0,0,0,0,0,0,0,0,0,0,0,0,0,0,0,0,0,0,0,0,0,0,0,0,0,0,0,0,0,0,0,0,0,0,0,0
2015-05-09,,,,,,,,,,,,,,,,,,,,,,,,,,,,,,,,,,,,,,,,,0,0,0,0,0,0,0,0,0,0,0,0,0,0,0,0,0,0,0,0,0,0,0,0,0,0,0,0,0,0,0,0,0,0,0,0,0,0,0,0
2015-05-10,,,,,,,,,,,,,,,,,,,,,,,,,,,,,,,,,,,,,,,,,0,0,0,0,0,0,0,0,0,0,0,0,0,0,0,0,0,0,0,0,0,0,0,0,0,0,0,0,0,0,0,0,0,0,0,0,0,0,0,0
2015-05-11,,,,,,,,,,,,,,,,,,,,,,,,,,,,,,,,,,,,,,,,,0,0,0,0,0,0,0,0,0,0,0,0,0,0,0,0,0,0,0,0,0,0,0,0,0,0,0,0,0,0,0,0,0,0,0,0,0,0,0,0
2015-05-12,,,,,,,,,,,,,,,,,,,,,,,,,,,,,,,,,,,,,,,,,0,0,0,0,0,0,0,0,0,0,0,0,0,0,0,0,0,0,0,0,0,0,0,0,0,0,0,0,0,0,0,0,0,0,0,0,0,0,0,0
2015-05-13,,,,,,,,,,,,,,,,,,,,,,,,,,,,,,,,,,,,,,,,,0,0,0,0,0,0,0,0,0,0,0,0,0,0,0,0,0,0,0,0,0,0,0,0,0,0,0,0,0,0,0,0,0,0,0,0,0,0,0,0
2015-05-14,,,,,,,,,,,,,,,,,,,,,,,,,,,,,,,,,,,,,,,,,0,0,0,0,0,0,0,0,0,0,0,0,0,0,0,0,0,0,0,0,0,0,0,0,0,0,0,0,0,0,0,0,0,0,0,0,0,0,0,0
2015-05-15,,,,,,,,,,,,,,,,,,,,,,,,,,,,,,,,,,,,,,,,,0,0,0,0,0,0,0,0,0,0,0,0,0,0,0,0,0,0,0,0,0,0,0,0,0,0,0,0,0,0,0,0,0,0,0,0,0,0,0,0
2015-05-16,,,,,,,,,,,,,,,,,,,,,,,,,,,,,,,,,,,,,,,,,0,0,0,0,0,0,0,0,0,0,0,0,0,0,0,0,0,0,0,0,0,0,0,0,0,0,0,0,0,0,0,0,0,0,0,0,0,0,0,0
2015-05-17,,,,,,,,,,,,,,,,,,,,,,,,,,,,,,,,,,,,,,,,,0,0,0,0,0,0,0,0,0,0,0,0,0,0,0,0,0,0,0,0,0,0,0,0,0,0,0,0,0,0,0,0,0,0,0,0,0,0,0,0
2015-05-18,,,,,,,,,,,,,,,,,,,,,,,,,,,,,,,,,,,,,,,,,0,0,0,0,0,0,0,0,0,0,0,0,0,0,0,0,0,0,0,0,0,0,0,0,0,0,0,0,0,0,0,0,0,0,0,0,0,0,0,0
2015-05-19,,,,,,,,,,,,,,,,,,,,,,,,,,,,,,,,,,,,,,,,,0,0,0,0,0,0,0,0,0,0,0,0,0,0,0,0,0,0,0,0,0,0,0,0,0,0,0,0,0,0,0,0,0,0,0,0,0,0,0,0
2015-05-20,,,,,,,,,,,,,,,,,,,,,,,,,,,,,,,,,,,,,,,,,0,0,0,0,0,0,0,0,0,0,0,0,0,0,0,0,0,0,0,0,0,0,0,0,0,0,0,0,0,0,0,0,0,0,0,0,0,0,0,0
2015-05-21,,,,,,,,,,,,,,,,,,,,,,,,,,,,,,,,,,,,,,,,,0,0,0,0,0,0,0,0,0,0,0,0,0,0,0,0,0,0,0,0,0,0,0,0,0,0,0,0,0,0,0,0,0,0,0,0,0,0,0,0
2015-05-22,,,,,,,,,,,,,,,,,,,,,,,,,,,,,,,,,,,,,,,,,0,0,0,0,0,0,0,0,0,0,0,0,0,0,0,0,0,0,0,0,0,0,0,0,0,0,0,0,0,0,0,0,0,0,0,0,0,0,0,0
2015-05-23,,,,,,,,,,,,,,,,,,,,,,,,,,,,,,,,,,,,,,,,,0,0,0,0,0,0,0,0,0,0,0,0,0,0,0,0,0,0,0,0,0,0,0,0,0,0,0,0,0,0,0,0,0,0,0,0,0,0,0,0
2015-05-24,,,,,,,,,,,,,,,,,,,,,,,,,,,,,,,,,,,,,,,,,0,0,0,0,0,0,0,0,0,0,0,0,0,0,0,0,0,0,0,0,0,0,0,0,0,0,0,0,0,0,0,0,0,0,0,0,0,0,0,0
2015-05-25,,,,,,,,,,,,,,,,,,,,,,,,,,,,,,,,,,,,,,,,,0,0,0,0,0,0,0,0,0,0,0,0,0,0,0,0,0,0,0,0,0,0,0,0,0,0,0,0,0,0,0,0,0,0,0,0,0,0,0,0
2015-05-26,,,,,,,,,,,,,,,,,,,,,,,,,,,,,,,,,,,,,,,,,0,0,0,0,0,0,0,0,0,0,0,0,0,0,0,0,0,0,0,0,0,0,0,0,0,0,0,0,0,0,0,0,0,0,0,0,0,0,0,0
2015-05-27,,,,,,,,,,,,,,,,,,,,,,,,,,,,,,,,,,,,,,,,,0,0,0,0,0,0,0,0,0,0,0,0,0,0,0,0,0,0,0,0,0,0,0,0,0,0,0,0,0,0,0,0,0,0,0,0,0,0,0,0
2015-05-28,,,,,,,,,,,,,,,,,,,,,,,,,,,,,,,,,,,,,,,,,0,0,0,0,0,0,0,0,0,0,0,0,0,0,0,0,0,0,0,0,0,0,0,0,0,0,0,0,0,0,0,0,0,0,0,0,0,0,0,0
2015-05-29,,,,,,,,,,,,,,,,,,,,,,,,,,,,,,,,,,,,,,,,,0,0,0,0,0,0,0,0,0,0,0,0,0,0,0,0,0,0,0,0,0,0,0,0,0,0,0,0,0,0,0,0,0,0,0,0,0,0,0,0
2015-05-30,,,,,,,,,,,,,,,,,,,,,,,,,,,,,,,,,,,,,,,,,0,0,0,0,0,0,0,0,0,0,0,0,0,0,0,0,0,0,0,0,0,0,0,0,0,0,0,0,0,0,0,0,0,0,0,0,0,0,0,0
2015-05-31,,,,,,,,,,,,,,,,,,,,,,,,,,,,,,,,,,,,,,,,,0,0,0,0,0,0,0,0,0,0,0,0,0,0,0,0,0,0,0,0,0,0,0,0,0,0,0,0,0,0,0,0,0,0,0,0,0,0,0,0
2015-06-01,,,,,,,,,,,,,,,,,,,,,,,,,,,,,,,,,,,,,,,,,0,0,0,0,0,0,0,0,0,0,0,0,0,0,0,0,0,0,0,0,0,0,0,0,0,0,0,0,0,0,0,0,0,0,0,0,0,0,0,0
2015-06-02,,,,,,,,,,,,,,,,,,,,,,,,,,,,,,,,,,,,,,,,,0,0,0,0,0,0,0,0,0,0,0,0,0,0,0,0,0,0,0,0,0,0,0,0,0,0,0,0,0,0,0,0,0,0,0,0,0,0,0,0
2015-06-03,,,,,,,,,,,,,,,,,,,,,,,,,,,,,,,,,,,,,,,,,0,0,0,0,0,0,0,0,0,0,0,0,0,0,0,0,0,0,0,0,0,0,0,0,0,0,0,0,0,0,0,0,0,0,0,0,0,0,0,0
2015-06-04,,,,,,,,,,,,,,,,,,,,,,,,,,,,,,,,,,,,,,,,,0,0,0,0,0,0,0,0,0,0,0,0,0,0,0,0,0,0,0,0,0,0,0,0,0,0,0,0,0,0,0,0,0,0,0,0,0,0,0,0
2015-06-05,,,,,,,,,,,,,,,,,,,,,,,,,,,,,,,,,,,,,,,,,0,0,0,0,0,0,0,0,0,0,0,0,0,0,0,0,0,0,0,0,0,0,0,0,0,0,0,0,0,0,0,0,0,0,0,0,0,0,0,0
2015-06-06,,,,,,,,,,,,,,,,,,,,,,,,,,,,,,,,,,,,,,,,,0,0,0,0,0,0,0,0,0,0,0,0,0,0,0,0,0,0,0,0,0,0,0,0,0,0,0,0,0,0,0,0,0,0,0,0,0,0,0,0
2015-06-07,,,,,,,,,,,,,,,,,,,,,,,,,,,,,,,,,,,,,,,,,0,0,0,0,0,0,0,0,0,0,0,0,0,0,0,0,0,0,0,0,0,0,0,0,0,0,0,0,0,0,0,0,0,0,0,0,0,0,0,0
2015-06-08,,,,,,,,,,,,,,,,,,,,,,,,,,,,,,,,,,,,,,,,,0,0,0,0,0,0,0,0,0,0,0,0,0,0,0,0,0,0,0,0,0,0,0,0,0,0,0,0,0,0,0,0,0,0,0,0,0,0,0,0
2015-06-09,,,,,,,,,,,,,,,,,,,,,,,,,,,,,,,,,,,,,,,,,0,0,0,0,0,0,0,0,0,0,0,0,0,0,0,0,0,0,0,0,0,0,0,0,0,0,0,0,0,0,0,0,0,0,0,0,0,0,0,0
2015-06-10,,,,,,,,,,,,,,,,,,,,,,,,,,,,,,,,,,,,,,,,,0,0,0,0,0,0,0,0,0,0,0,0,0,0,0,0,0,0,0,0,0,0,0,0,0,0,0,0,0,0,0,0,0,0,0,0,0,0,0,0
2015-06-11,,,,,,,,,,,,,,,,,,,,,,,,,,,,,,,,,,,,,,,,,0,0,0,0,0,0,0,0,0,0,0,0,0,0,0,0,0,0,0,0,0,0,0,0,0,0,0,0,0,0,0,0,0,0,0,0,0,0,0,0
2015-06-12,,,,,,,,,,,,,,,,,,,,,,,,,,,,,,,,,,,,,,,,,0,0,0,0,0,0,0,0,0,0,0,0,0,0,0,0,0,0,0,0,0,0,0,0,0,0,0,0,0,0,0,0,0,0,0,0,0,0,0,0
2015-06-13,,,,,,,,,,,,,,,,,,,,,,,,,,,,,,,,,,,,,,,,,0,0,0,0,0,0,0,0,0,0,0,0,0,0,0,0,0,0,0,0,0,0,0,0,0,0,0,0,0,0,0,0,0,0,0,0,0,0,0,0
2015-06-14,,,,,,,,,,,,,,,,,,,,,,,,,,,,,,,,,,,,,,,,,0,0,0,0,0,0,0,0,0,0,0,0,0,0,0,0,0,0,0,0,0,0,0,0,0,0,0,0,0,0,0,0,0,0,0,0,0,0,0,0
2015-06-15,,,,,,,,,,,,,,,,,,,,,,,,,,,,,,,,,,,,,,,,,0,0,0,0,0,0,0,0,0,0,0,0,0,0,0,0,0,0,0,0,0,0,0,0,0,0,0,0,0,0,0,0,0,0,0,0,0,0,0,0
2015-06-16,,,,,,,,,,,,,,,,,,,,,,,,,,,,,,,,,,,,,,,,,0,0,0,0,0,0,0,0,0,0,0,0,0,0,0,0,0,0,0,0,0,0,0,0,0,0,0,0,0,0,0,0,0,0,0,0,0,0,0,0
2015-06-17,,,,,,,,,,,,,,,,,,,,,,,,,,,,,,,,,,,,,,,,,0,0,0,0,0,0,0,0,0,0,0,0,0,0,0,0,0,0,0,0,0,0,0,0,0,0,0,0,0,0,0,0,0,0,0,0,0,0,0,0
2015-06-18,,,,,,,,,,,,,,,,,,,,,,,,,,,,,,,,,,,,,,,,,0,0,0,0,0,0,0,0,0,0,0,0,0,0,0,0,0,0,0,0,0,0,0,0,0,0,0,0,0,0,0,0,0,0,0,0,0,0,0,0
2015-06-19,,,,,,,,,,,,,,,,,,,,,,,,,,,,,,,,,,,,,,,,,0,0,0,0,0,0,0,0,0,0,0,0,0,0,0,0,0,0,0,0,0,0,0,0,0,0,0,0,0,0,0,0,0,0,0,0,0,0,0,0
2015-06-20,,,,,,,,,,,,,,,,,,,,,,,,,,,,,,,,,,,,,,,,,0,0,0,0,0,0,0,0,0,0,0,0,0,0,0,0,0,0,0,0,0,0,0,0,0,0,0,0,0,0,0,0,0,0,0,0,0,0,0,0
2015-06-21,,,,,,,,,,,,,,,,,,,,,,,,,,,,,,,,,,,,,,,,,0,0,0,0,0,0,0,0,0,0,0,0,0,0,0,0,0,0,0,0,0,0,0,0,0,0,0,0,0,0,0,0,0,0,0,0,0,0,0,0
2015-06-22,,,,,,,,,,,,,,,,,,,,,,,,,,,,,,,,,,,,,,,,,0,0,0,0,0,0,0,0,0,0,0,0,0,0,0,0,0,0,0,0,0,0,0,0,0,0,0,0,0,0,0,0,0,0,0,0,0,0,0,0
2015-06-23,,,,,,,,,,,,,,,,,,,,,,,,,,,,,,,,,,,,,,,,,0,0,0,0,0,0,0,0,0,0,0,0,0,0,0,0,0,0,0,0,0,0,0,0,0,0,0,0,0,0,0,0,0,0,0,0,0,0,0,0
2015-06-24,,,,,,,,,,,,,,,,,,,,,,,,,,,,,,,,,,,,,,,,,0,0,0,0,0,0,0,0,0,0,0,0,0,0,0,0,0,0,0,0,0,0,0,0,0,0,0,0,0,0,0,0,0,0,0,0,0,0,0,0
2015-06-25,,,,,,,,,,,,,,,,,,,,,,,,,,,,,,,,,,,,,,,,,0,0,0,0,0,0,0,0,0,0,0,0,0,0,0,0,0,0,0,0,0,0,0,0,0,0,0,0,0,0,0,0,0,0,0,0,0,0,0,0
2015-06-26,,,,,,,,,,,,,,,,,,,,,,,,,,,,,,,,,,,,,,,,,0,0,0,0,0,0,0,0,0,0,0,0,0,0,0,0,0,0,0,0,0,0,0,0,0,0,0,0,0,0,0,0,0,0,0,0,0,0,0,0
2015-06-27,,,,,,,,,,,,,,,,,,,,,,,,,,,,,,,,,,,,,,,,,0,0,0,0,0,0,0,0,0,0,0,0,0,0,0,0,0,0,0,0,0,0,0,0,0,0,0,0,0,0,0,0,0,0,0,0,0,0,0,0
2015-06-28,,,,,,,,,,,,,,,,,,,,,,,,,,,,,,,,,,,,,,,,,0,0,0,0,0,0,0,0,0,0,0,0,0,0,0,0,0,0,0,0,0,0,0,0,0,0,0,0,0,0,0,0,0,0,0,0,0,0,0,0
2015-06-29,,,,,,,,,,,,,,,,,,,,,,,,,,,,,,,,,,,,,,,,,0,0,0,0,0,0,0,0,0,0,0,0,0,0,0,0,0,0,0,0,0,0,0,0,0,0,0,0,0,0,0,0,0,0,0,0,0,0,0,0
2015-06-30,,,,,,,,,,,,,,,,,,,,,,,,,,,,,,,,,,,,,,,,,0,0,0,0,0,0,0,0,0,0,0,0,0,0,0,0,0,0,0,0,0,0,0,0,0,0,0,0,0,0,0,0,0,0,0,0,0,0,0,0
2015-07-01,,,,,,,,,,,,,,,,,,,,,,,,,,,,,,,,,,,,,,,,,0,0,0,0,0,0,0,0,0,0,0,0,0,0,0,0,0,0,0,0,0,0,0,0,0,0,0,0,0,0,0,0,0,0,0,0,0,0,0,0
2015-07-02,,,,,,,,,,,,,,,,,,,,,,,,,,,,,,,,,,,,,,,,,0,0,0,0,0,0,0,0,0,0,0,0,0,0,0,0,0,0,0,0,0,0,0,0,0,0,0,0,0,0,0,0,0,0,0,0,0,0,0,0
2015-07-03,,,,,,,,,,,,,,,,,,,,,,,,,,,,,,,,,,,,,,,,,0,0,0,0,0,0,0,0,0,0,0,0,0,0,0,0,0,0,0,0,0,0,0,0,0,0,0,0,0,0,0,0,0,0,0,0,0,0,0,0
2015-07-04,,,,,,,,,,,,,,,,,,,,,,,,,,,,,,,,,,,,,,,,,0,0,0,0,0,0,0,0,0,0,0,0,0,0,0,0,0,0,0,0,0,0,0,0,0,0,0,0,0,0,0,0,0,0,0,0,0,0,0,0
2015-07-05,,,,,,,,,,,,,,,,,,,,,,,,,,,,,,,,,,,,,,,,,0,0,0,0,0,0,0,0,0,0,0,0,0,0,0,0,0,0,0,0,0,0,0,0,0,0,0,0,0,0,0,0,0,0,0,0,0,0,0,0
2015-07-06,,,,,,,,,,,,,,,,,,,,,,,,,,,,,,,,,,,,,,,,,0,0,0,0,0,0,0,0,0,0,0,0,0,0,0,0,0,0,0,0,0,0,0,0,0,0,0,0,0,0,0,0,0,0,0,0,0,0,0,0
2015-07-07,,,,,,,,,,,,,,,,,,,,,,,,,,,,,,,,,,,,,,,,,0,0,0,0,0,0,0,0,0,0,0,0,0,0,0,0,0,0,0,0,0,0,0,0,0,0,0,0,0,0,0,0,0,0,0,0,0,0,0,0
2015-07-08,,,,,,,,,,,,,,,,,,,,,,,,,,,,,,,,,,,,,,,,,0,0,0,0,0,0,0,0,0,0,0,0,0,0,0,0,0,0,0,0,0,0,0,0,0,0,0,0,0,0,0,0,0,0,0,0,0,0,0,0
2015-07-09,,,,,,,,,,,,,,,,,,,,,,,,,,,,,,,,,,,,,,,,,0,0,0,0,0,0,0,0,0,0,0,0,0,0,0,0,0,0,0,0,0,0,0,0,0,0,0,0,0,0,0,0,0,0,0,0,0,0,0,0
2015-07-10,,,,,,,,,,,,,,,,,,,,,,,,,,,,,,,,,,,,,,,,,0,0,0,0,0,0,0,0,0,0,0,0,0,0,0,0,0,0,0,0,0,0,0,0,0,0,0,0,0,0,0,0,0,0,0,0,0,0,0,0
2015-07-11,,,,,,,,,,,,,,,,,,,,,,,,,,,,,,,,,,,,,,,,,0,0,0,0,0,0,0,0,0,0,0,0,0,0,0,0,0,0,0,0,0,0,0,0,0,0,0,0,0,0,0,0,0,0,0,0,0,0,0,0
2015-07-12,,,,,,,,,,,,,,,,,,,,,,,,,,,,,,,,,,,,,,,,,0,0,0,0,0,0,0,0,0,0,0,0,0,0,0,0,0,0,0,0,0,0,0,0,0,0,0,0,0,0,0,0,0,0,0,0,0,0,0,0
2015-07-13,,,,,,,,,,,,,,,,,,,,,,,,,,,,,,,,,,,,,,,,,0,0,0,0,0,0,0,0,0,0,0,0,0,0,0,0,0,0,0,0,0,0,0,0,0,0,0,0,0,0,0,0,0,0,0,0,0,0,0,0
2015-07-14,,,,,,,,,,,,,,,,,,,,,,,,,,,,,,,,,,,,,,,,,0,0,0,0,0,0,0,0,0,0,0,0,0,0,0,0,0,0,0,0,0,0,0,0,0,0,0,0,0,0,0,0,0,0,0,0,0,0,0,0
2015-07-15,,,,,,,,,,,,,,,,,,,,,,,,,,,,,,,,,,,,,,,,,0,0,0,0,0,0,0,0,0,0,0,0,0,0,0,0,0,0,0,0,0,0,0,0,0,0,0,0,0,0,0,0,0,0,0,0,0,0,0,0
2015-07-16,,,,,,,,,,,,,,,,,,,,,,,,,,,,,,,,,,,,,,,,,0,0,0,0,0,0,0,0,0,0,0,0,0,0,0,0,0,0,0,0,0,0,0,0,0,0,0,0,0,0,0,0,0,0,0,0,0,0,0,0
2015-07-17,,,,,,,,,,,,,,,,,,,,,,,,,,,,,,,,,,,,,,,,,0,0,0,0,0,0,0,0,0,0,0,0,0,0,0,0,0,0,0,0,0,0,0,0,0,0,0,0,0,0,0,0,0,0,0,0,0,0,0,0
2015-07-18,,,,,,,,,,,,,,,,,,,,,,,,,,,,,,,,,,,,,,,,,0,0,0,0,0,0,0,0,0,0,0,0,0,0,0,0,0,0,0,0,0,0,0,0,0,0,0,0,0,0,0,0,0,0,0,0,0,0,0,0
2015-07-19,,,,,,,,,,,,,,,,,,,,,,,,,,,,,,,,,,,,,,,,,0,0,0,0,0,0,0,0,0,0,0,0,0,0,0,0,0,0,0,0,0,0,0,0,0,0,0,0,0,0,0,0,0,0,0,0,0,0,0,0
2015-07-20,,,,,,,,,,,,,,,,,,,,,,,,,,,,,,,,,,,,,,,,,0,0,0,0,0,0,0,0,0,0,0,0,0,0,0,0,0,0,0,0,0,0,0,0,0,0,0,0,0,0,0,0,0,0,0,0,0,0,0,0
2015-07-21,,,,,,,,,,,,,,,,,,,,,,,,,,,,,,,,,,,,,,,,,0,0,0,0,0,0,0,0,0,0,0,0,0,0,0,0,0,0,0,0,0,0,0,0,0,0,0,0,0,0,0,0,0,0,0,0,0,0,0,0
2015-07-22,,,,,,,,,,,,,,,,,,,,,,,,,,,,,,,,,,,,,,,,,0,0,0,0,0,0,0,0,0,0,0,0,0,0,0,0,0,0,0,0,0,0,0,0,0,0,0,0,0,0,0,0,0,0,0,0,0,0,0,0
2015-07-23,,,,,,,,,,,,,,,,,,,,,,,,,,,,,,,,,,,,,,,,,0,0,0,0,0,0,0,0,0,0,0,0,0,0,0,0,0,0,0,0,0,0,0,0,0,0,0,0,0,0,0,0,0,0,0,0,0,0,0,0
2015-07-24,,,,,,,,,,,,,,,,,,,,,,,,,,,,,,,,,,,,,,,,,0,0,0,0,0,0,0,0,0,0,0,0,0,0,0,0,0,0,0,0,0,0,0,0,0,0,0,0,0,0,0,0,0,0,0,0,0,0,0,0
2015-07-25,,,,,,,,,,,,,,,,,,,,,,,,,,,,,,,,,,,,,,,,,0,0,0,0,0,0,0,0,0,0,0,0,0,0,0,0,0,0,0,0,0,0,0,0,0,0,0,0,0,0,0,0,0,0,0,0,0,0,0,0
2015-07-26,,,,,,,,,,,,,,,,,,,,,,,,,,,,,,,,,,,,,,,,,0,0,0,0,0,0,0,0,0,0,0,0,0,0,0,0,0,0,0,0,0,0,0,0,0,0,0,0,0,0,0,0,0,0,0,0,0,0,0,0
2015-07-27,,,,,,,,,,,,,,,,,,,,,,,,,,,,,,,,,,,,,,,,,0,0,0,0,0,0,0,0,0,0,0,0,0,0,0,0,0,0,0,0,0,0,0,0,0,0,0,0,0,0,0,0,0,0,0,0,0,0,0,0
2015-07-28,,,,,,,,,,,,,,,,,,,,,,,,,,,,,,,,,,,,,,,,,0,0,0,0,0,0,0,0,0,0,0,0,0,0,0,0,0,0,0,0,0,0,0,0,0,0,0,0,0,0,0,0,0,0,0,0,0,0,0,0
2015-07-29,,,,,,,,,,,,,,,,,,,,,,,,,,,,,,,,,,,,,,,,,0,0,0,0,0,0,0,0,0,0,0,0,0,0,0,0,0,0,0,0,0,0,0,0,0,0,0,0,0,0,0,0,0,0,0,0,0,0,0,0
2015-07-30,,,,,,,,,,,,,,,,,,,,,,,,,,,,,,,,,,,,,,,,,0,0,0,0,0,0,0,0,0,0,0,0,0,0,0,0,0,0,0,0,0,0,0,0,0,0,0,0,0,0,0,0,0,0,0,0,0,0,0,0
2015-07-31,,,,,,,,,,,,,,,,,,,,,,,,,,,,,,,,,,,,,,,,,0,0,0,0,0,0,0,0,0,0,0,0,0,0,0,0,0,0,0,0,0,0,0,0,0,0,0,0,0,0,0,0,0,0,0,0,0,0,0,0
2015-08-01,,,,,,,,,,,,,,,,,,,,,,,,,,,,,,,,,,,,,,,,,0,0,0,0,0,0,0,0,0,0,0,0,0,0,0,0,0,0,0,0,0,0,0,0,0,0,0,0,0,0,0,0,0,0,0,0,0,0,0,0
2015-08-02,,,,,,,,,,,,,,,,,,,,,,,,,,,,,,,,,,,,,,,,,0,0,0,0,0,0,0,0,0,0,0,0,0,0,0,0,0,0,0,0,0,0,0,0,0,0,0,0,0,0,0,0,0,0,0,0,0,0,0,0
2015-08-03,,,,,,,,,,,,,,,,,,,,,,,,,,,,,,,,,,,,,,,,,0,0,0,0,0,0,0,0,0,0,0,0,0,0,0,0,0,0,0,0,0,0,0,0,0,0,0,0,0,0,0,0,0,0,0,0,0,0,0,0
2015-08-04,,,,,,,,,,,,,,,,,,,,,,,,,,,,,,,,,,,,,,,,,0,0,0,0,0,0,0,0,0,0,0,0,0,0,0,0,0,0,0,0,0,0,0,0,0,0,0,0,0,0,0,0,0,0,0,0,0,0,0,0
2015-08-05,,,,,,,,,,,,,,,,,,,,,,,,,,,,,,,,,,,,,,,,,0,0,0,0,0,0,0,0,0,0,0,0,0,0,0,0,0,0,0,0,0,0,0,0,0,0,0,0,0,0,0,0,0,0,0,0,0,0,0,0
2015-08-06,,,,,,,,,,,,,,,,,,,,,,,,,,,,,,,,,,,,,,,,,0,0,0,0,0,0,0,0,0,0,0,0,0,0,0,0,0,0,0,0,0,0,0,0,0,0,0,0,0,0,0,0,0,0,0,0,0,0,0,0
2015-08-07,,,,,,,,,,,,,,,,,,,,,,,,,,,,,,,,,,,,,,,,,0,0,0,0,0,0,0,0,0,0,0,0,0,0,0,0,0,0,0,0,0,0,0,0,0,0,0,0,0,0,0,0,0,0,0,0,0,0,0,0
2015-08-08,,,,,,,,,,,,,,,,,,,,,,,,,,,,,,,,,,,,,,,,,0,0,0,0,0,0,0,0,0,0,0,0,0,0,0,0,0,0,0,0,0,0,0,0,0,0,0,0,0,0,0,0,0,0,0,0,0,0,0,0
2015-08-09,,,,,,,,,,,,,,,,,,,,,,,,,,,,,,,,,,,,,,,,,0,0,0,0,0,0,0,0,0,0,0,0,0,0,0,0,0,0,0,0,0,0,0,0,0,0,0,0,0,0,0,0,0,0,0,0,0,0,0,0
2015-08-10,,,,,,,,,,,,,,,,,,,,,,,,,,,,,,,,,,,,,,,,,0,0,0,0,0,0,0,0,0,0,0,0,0,0,0,0,0,0,0,0,0,0,0,0,0,0,0,0,0,0,0,0,0,0,0,0,0,0,0,0
2015-08-11,,,,,,,,,,,,,,,,,,,,,,,,,,,,,,,,,,,,,,,,,0,0,0,0,0,0,0,0,0,0,0,0,0,0,0,0,0,0,0,0,0,0,0,0,0,0,0,0,0,0,0,0,0,0,0,0,0,0,0,0
2015-08-12,,,,,,,,,,,,,,,,,,,,,,,,,,,,,,,,,,,,,,,,,0,0,0,0,0,0,0,0,0,0,0,0,0,0,0,0,0,0,0,0,0,0,0,0,0,0,0,0,0,0,0,0,0,0,0,0,0,0,0,0
2015-08-13,,,,,,,,,,,,,,,,,,,,,,,,,,,,,,,,,,,,,,,,,0,0,0,0,0,0,0,0,0,0,0,0,0,0,0,0,0,0,0,0,0,0,0,0,0,0,0,0,0,0,0,0,0,0,0,0,0,0,0,0
2015-08-14,,,,,,,,,,,,,,,,,,,,,,,,,,,,,,,,,,,,,,,,,0,0,0,0,0,0,0,0,0,0,0,0,0,0,0,0,0,0,0,0,0,0,0,0,0,0,0,0,0,0,0,0,0,0,0,0,0,0,0,0
2015-08-15,,,,,,,,,,,,,,,,,,,,,,,,,,,,,,,,,,,,,,,,,0,0,0,0,0,0,0,0,0,0,0,0,0,0,0,0,0,0,0,0,0,0,0,0,0,0,0,0,0,0,0,0,0,0,0,0,0,0,0,0
2015-08-16,,,,,,,,,,,,,,,,,,,,,,,,,,,,,,,,,,,,,,,,,0,0,0,0,0,0,0,0,0,0,0,0,0,0,0,0,0,0,0,0,0,0,0,0,0,0,0,0,0,0,0,0,0,0,0,0,0,0,0,0
2015-08-17,,,,,,,,,,,,,,,,,,,,,,,,,,,,,,,,,,,,,,,,,0,0,0,0,0,0,0,0,0,0,0,0,0,0,0,0,0,0,0,0,0,0,0,0,0,0,0,0,0,0,0,0,0,0,0,0,0,0,0,0
2015-08-18,,,,,,,,,,,,,,,,,,,,,,,,,,,,,,,,,,,,,,,,,0,0,0,0,0,0,0,0,0,0,0,0,0,0,0,0,0,0,0,0,0,0,0,0,0,0,0,0,0,0,0,0,0,0,0,0,0,0,0,0
2015-08-19,,,,,,,,,,,,,,,,,,,,,,,,,,,,,,,,,,,,,,,,,0,0,0,0,0,0,0,0,0,0,0,0,0,0,0,0,0,0,0,0,0,0,0,0,0,0,0,0,0,0,0,0,0,0,0,0,0,0,0,0
2015-08-20,,,,,,,,,,,,,,,,,,,,,,,,,,,,,,,,,,,,,,,,,0,0,0,0,0,0,0,0,0,0,0,0,0,0,0,0,0,0,0,0,0,0,0,0,0,0,0,0,0,0,0,0,0,0,0,0,0,0,0,0
2015-08-21,,,,,,,,,,,,,,,,,,,,,,,,,,,,,,,,,,,,,,,,,0,0,0,0,0,0,0,0,0,0,0,0,0,0,0,0,0,0,0,0,0,0,0,0,0,0,0,0,0,0,0,0,0,0,0,0,0,0,0,0
2015-08-22,,,,,,,,,,,,,,,,,,,,,,,,,,,,,,,,,,,,,,,,,0,0,0,0,0,0,0,0,0,0,0,0,0,0,0,0,0,0,0,0,0,0,0,0,0,0,0,0,0,0,0,0,0,0,0,0,0,0,0,0
2015-08-23,,,,,,,,,,,,,,,,,,,,,,,,,,,,,,,,,,,,,,,,,0,0,0,0,0,0,0,0,0,0,0,0,0,0,0,0,0,0,0,0,0,0,0,0,0,0,0,0,0,0,0,0,0,0,0,0,0,0,0,0
2015-08-24,,,,,,,,,,,,,,,,,,,,,,,,,,,,,,,,,,,,,,,,,0,0,0,0,0,0,0,0,0,0,0,0,0,0,0,0,0,0,0,0,0,0,0,0,0,0,0,0,0,0,0,0,0,0,0,0,0,0,0,0
2015-08-25,,,,,,,,,,,,,,,,,,,,,,,,,,,,,,,,,,,,,,,,,0,0,0,0,0,0,0,0,0,0,0,0,0,0,0,0,0,0,0,0,0,0,0,0,0,0,0,0,0,0,0,0,0,0,0,0,0,0,0,0
2015-08-26,,,,,,,,,,,,,,,,,,,,,,,,,,,,,,,,,,,,,,,,,0,0,0,0,0,0,0,0,0,0,0,0,0,0,0,0,0,0,0,0,0,0,0,0,0,0,0,0,0,0,0,0,0,0,0,0,0,0,0,0
2015-08-27,,,,,,,,,,,,,,,,,,,,,,,,,,,,,,,,,,,,,,,,,0,0,0,0,0,0,0,0,0,0,0,0,0,0,0,0,0,0,0,0,0,0,0,0,0,0,0,0,0,0,0,0,0,0,0,0,0,0,0,0
2015-08-28,,,,,,,,,,,,,,,,,,,,,,,,,,,,,,,,,,,,,,,,,0,0,0,0,0,0,0,0,0,0,0,0,0,0,0,0,0,0,0,0,0,0,0,0,0,0,0,0,0,0,0,0,0,0,0,0,0,0,0,0
2015-08-29,,,,,,,,,,,,,,,,,,,,,,,,,,,,,,,,,,,,,,,,,0,0,0,0,0,0,0,0,0,0,0,0,0,0,0,0,0,0,0,0,0,0,0,0,0,0,0,0,0,0,0,0,0,0,0,0,0,0,0,0
2015-08-30,,,,,,,,,,,,,,,,,,,,,,,,,,,,,,,,,,,,,,,,,0,0,0,0,0,0,0,0,0,0,0,0,0,0,0,0,0,0,0,0,0,0,0,0,0,0,0,0,0,0,0,0,0,0,0,0,0,0,0,0
2015-08-31,,,,,,,,,,,,,,,,,,,,,,,,,,,,,,,,,,,,,,,,,0,0,0,0,0,0,0,0,0,0,0,0,0,0,0,0,0,0,0,0,0,0,0,0,0,0,0,0,0,0,0,0,0,0,0,0,0,0,0,0
2015-09-01,,,,,,,,,,,,,,,,,,,,,,,,,,,,,,,,,,,,,,,,,0,0,0,0,0,0,0,0,0,0,0,0,0,0,0,0,0,0,0,0,0,0,0,0,0,0,0,0,0,0,0,0,0,0,0,0,0,0,0,0
2015-09-02,,,,,,,,,,,,,,,,,,,,,,,,,,,,,,,,,,,,,,,,,0,0,0,0,0,0,0,0,0,0,0,0,0,0,0,0,0,0,0,0,0,0,0,0,0,0,0,0,0,0,0,0,0,0,0,0,0,0,0,0
2015-09-03,,,,,,,,,,,,,,,,,,,,,,,,,,,,,,,,,,,,,,,,,0,0,0,0,0,0,0,0,0,0,0,0,0,0,0,0,0,0,0,0,0,0,0,0,0,0,0,0,0,0,0,0,0,0,0,0,0,0,0,0
2015-09-04,,,,,,,,,,,,,,,,,,,,,,,,,,,,,,,,,,,,,,,,,0,0,0,0,0,0,0,0,0,0,0,0,0,0,0,0,0,0,0,0,0,0,0,0,0,0,0,0,0,0,0,0,0,0,0,0,0,0,0,0
2015-09-05,,,,,,,,,,,,,,,,,,,,,,,,,,,,,,,,,,,,,,,,,0,0,0,0,0,0,0,0,0,0,0,0,0,0,0,0,0,0,0,0,0,0,0,0,0,0,0,0,0,0,0,0,0,0,0,0,0,0,0,0
2015-09-06,,,,,,,,,,,,,,,,,,,,,,,,,,,,,,,,,,,,,,,,,0,0,0,0,0,0,0,0,0,0,0,0,0,0,0,0,0,0,0,0,0,0,0,0,0,0,0,0,0,0,0,0,0,0,0,0,0,0,0,0
2015-09-07,,,,,,,,,,,,,,,,,,,,,,,,,,,,,,,,,,,,,,,,,0,0,0,0,0,0,0,0,0,0,0,0,0,0,0,0,0,0,0,0,0,0,0,0,0,0,0,0,0,0,0,0,0,0,0,0,0,0,0,0
2015-09-08,,,,,,,,,,,,,,,,,,,,,,,,,,,,,,,,,,,,,,,,,0,0,0,0,0,0,0,0,0,0,0,0,0,0,0,0,0,0,0,0,0,0,0,0,0,0,0,0,0,0,0,0,0,0,0,0,0,0,0,0
2015-09-09,,,,,,,,,,,,,,,,,,,,,,,,,,,,,,,,,,,,,,,,,0,0,0,0,0,0,0,0,0,0,0,0,0,0,0,0,0,0,0,0,0,0,0,0,0,0,0,0,0,0,0,0,0,0,0,0,0,0,0,0
2015-09-10,,,,,,,,,,,,,,,,,,,,,,,,,,,,,,,,,,,,,,,,,0,0,0,0,0,0,0,0,0,0,0,0,0,0,0,0,0,0,0,0,0,0,0,0,0,0,0,0,0,0,0,0,0,0,0,0,0,0,0,0
2015-09-11,,,,,,,,,,,,,,,,,,,,,,,,,,,,,,,,,,,,,,,,,0,0,0,0,0,0,0,0,0,0,0,0,0,0,0,0,0,0,0,0,0,0,0,0,0,0,0,0,0,0,0,0,0,0,0,0,0,0,0,0
2015-09-12,,,,,,,,,,,,,,,,,,,,,,,,,,,,,,,,,,,,,,,,,0,0,0,0,0,0,0,0,0,0,0,0,0,0,0,0,0,0,0,0,0,0,0,0,0,0,0,0,0,0,0,0,0,0,0,0,0,0,0,0
2015-09-13,,,,,,,,,,,,,,,,,,,,,,,,,,,,,,,,,,,,,,,,,0,0,0,0,0,0,0,0,0,0,0,0,0,0,0,0,0,0,0,0,0,0,0,0,0,0,0,0,0,0,0,0,0,0,0,0,0,0,0,0
2015-09-14,,,,,,,,,,,,,,,,,,,,,,,,,,,,,,,,,,,,,,,,,0,0,0,0,0,0,0,0,0,0,0,0,0,0,0,0,0,0,0,0,0,0,0,0,0,0,0,0,0,0,0,0,0,0,0,0,0,0,0,0
2015-09-15,,,,,,,,,,,,,,,,,,,,,,,,,,,,,,,,,,,,,,,,,0,0,0,0,0,0,0,0,0,0,0,0,0,0,0,0,0,0,0,0,0,0,0,0,0,0,0,0,0,0,0,0,0,0,0,0,0,0,0,0
2015-09-16,,,,,,,,,,,,,,,,,,,,,,,,,,,,,,,,,,,,,,,,,0,0,0,0,0,0,0,0,0,0,0,0,0,0,0,0,0,0,0,0,0,0,0,0,0,0,0,0,0,0,0,0,0,0,0,0,0,0,0,0
2015-09-17,,,,,,,,,,,,,,,,,,,,,,,,,,,,,,,,,,,,,,,,,0,0,0,0,0,0,0,0,0,0,0,0,0,0,0,0,0,0,0,0,0,0,0,0,0,0,0,0,0,0,0,0,0,0,0,0,0,0,0,0
2015-09-18,,,,,,,,,,,,,,,,,,,,,,,,,,,,,,,,,,,,,,,,,0,0,0,0,0,0,0,0,0,0,0,0,0,0,0,0,0,0,0,0,0,0,0,0,0,0,0,0,0,0,0,0,0,0,0,0,0,0,0,0
2015-09-19,,,,,,,,,,,,,,,,,,,,,,,,,,,,,,,,,,,,,,,,,0,0,0,0,0,0,0,0,0,0,0,0,0,0,0,0,0,0,0,0,0,0,0,0,0,0,0,0,0,0,0,0,0,0,0,0,0,0,0,0
2015-09-20,,,,,,,,,,,,,,,,,,,,,,,,,,,,,,,,,,,,,,,,,0,0,0,0,0,0,0,0,0,0,0,0,0,0,0,0,0,0,0,0,0,0,0,0,0,0,0,0,0,0,0,0,0,0,0,0,0,0,0,0
2015-09-21,,,,,,,,,,,,,,,,,,,,,,,,,,,,,,,,,,,,,,,,,0,0,0,0,0,0,0,0,0,0,0,0,0,0,0,0,0,0,0,0,0,0,0,0,0,0,0,0,0,0,0,0,0,0,0,0,0,0,0,0
2015-09-22,,,,,,,,,,,,,,,,,,,,,,,,,,,,,,,,,,,,,,,,,0,0,0,0,0,0,0,0,0,0,0,0,0,0,0,0,0,0,0,0,0,0,0,0,0,0,0,0,0,0,0,0,0,0,0,0,0,0,0,0
2015-09-23,,,,,,,,,,,,,,,,,,,,,,,,,,,,,,,,,,,,,,,,,0,0,0,0,0,0,0,0,0,0,0,0,0,0,0,0,0,0,0,0,0,0,0,0,0,0,0,0,0,0,0,0,0,0,0,0,0,0,0,0
2015-09-24,,,,,,,,,,,,,,,,,,,,,,,,,,,,,,,,,,,,,,,,,0,0,0,0,0,0,0,0,0,0,0,0,0,0,0,0,0,0,0,0,0,0,0,0,0,0,0,0,0,0,0,0,0,0,0,0,0,0,0,0
2015-09-25,,,,,,,,,,,,,,,,,,,,,,,,,,,,,,,,,,,,,,,,,0,0,0,0,0,0,0,0,0,0,0,0,0,0,0,0,0,0,0,0,0,0,0,0,0,0,0,0,0,0,0,0,0,0,0,0,0,0,0,0
2015-09-26,,,,,,,,,,,,,,,,,,,,,,,,,,,,,,,,,,,,,,,,,0,0,0,0,0,0,0,0,0,0,0,0,0,0,0,0,0,0,0,0,0,0,0,0,0,0,0,0,0,0,0,0,0,0,0,0,0,0,0,0
2015-09-27,,,,,,,,,,,,,,,,,,,,,,,,,,,,,,,,,,,,,,,,,0,0,0,0,0,0,0,0,0,0,0,0,0,0,0,0,0,0,0,0,0,0,0,0,0,0,0,0,0,0,0,0,0,0,0,0,0,0,0,0
2015-09-28,,,,,,,,,,,,,,,,,,,,,,,,,,,,,,,,,,,,,,,,,0,0,0,0,0,0,0,0,0,0,0,0,0,0,0,0,0,0,0,0,0,0,0,0,0,0,0,0,0,0,0,0,0,0,0,0,0,0,0,0
2015-09-29,,,,,,,,,,,,,,,,,,,,,,,,,,,,,,,,,,,,,,,,,0,0,0,0,0,0,0,0,0,0,0,0,0,0,0,0,0,0,0,0,0,0,0,0,0,0,0,0,0,0,0,0,0,0,0,0,0,0,0,0
2015-09-30,,,,,,,,,,,,,,,,,,,,,,,,,,,,,,,,,,,,,,,,,0,0,0,0,0,0,0,0,0,0,0,0,0,0,0,0,0,0,0,0,0,0,0,0,0,0,0,0,0,0,0,0,0,0,0,0,0,0,0,0
2015-10-01,,,,,,,,,,,,,,,,,,,,,,,,,,,,,,,,,,,,,,,,,0,0,0,0,0,0,0,0,0,0,0,0,0,0,0,0,0,0,0,0,0,0,0,0,0,0,0,0,0,0,0,0,0,0,0,0,0,0,0,0
2015-10-02,,,,,,,,,,,,,,,,,,,,,,,,,,,,,,,,,,,,,,,,,0,0,0,0,0,0,0,0,0,0,0,0,0,0,0,0,0,0,0,0,0,0,0,0,0,0,0,0,0,0,0,0,0,0,0,0,0,0,0,0
2015-10-03,,,,,,,,,,,,,,,,,,,,,,,,,,,,,,,,,,,,,,,,,0,0,0,0,0,0,0,0,0,0,0,0,0,0,0,0,0,0,0,0,0,0,0,0,0,0,0,0,0,0,0,0,0,0,0,0,0,0,0,0
2015-10-04,,,,,,,,,,,,,,,,,,,,,,,,,,,,,,,,,,,,,,,,,0,0,0,0,0,0,0,0,0,0,0,0,0,0,0,0,0,0,0,0,0,0,0,0,0,0,0,0,0,0,0,0,0,0,0,0,0,0,0,0
2015-10-05,,,,,,,,,,,,,,,,,,,,,,,,,,,,,,,,,,,,,,,,,0,0,0,0,0,0,0,0,0,0,0,0,0,0,0,0,0,0,0,0,0,0,0,0,0,0,0,0,0,0,0,0,0,0,0,0,0,0,0,0
2015-10-06,,,,,,,,,,,,,,,,,,,,,,,,,,,,,,,,,,,,,,,,,0,0,0,0,0,0,0,0,0,0,0,0,0,0,0,0,0,0,0,0,0,0,0,0,0,0,0,0,0,0,0,0,0,0,0,0,0,0,0,0
2015-10-07,,,,,,,,,,,,,,,,,,,,,,,,,,,,,,,,,,,,,,,,,0,0,0,0,0,0,0,0,0,0,0,0,0,0,0,0,0,0,0,0,0,0,0,0,0,0,0,0,0,0,0,0,0,0,0,0,0,0,0,0
2015-10-08,,,,,,,,,,,,,,,,,,,,,,,,,,,,,,,,,,,,,,,,,0,0,0,0,0,0,0,0,0,0,0,0,0,0,0,0,0,0,0,0,0,0,0,0,0,0,0,0,0,0,0,0,0,0,0,0,0,0,0,0
2015-10-09,,,,,,,,,,,,,,,,,,,,,,,,,,,,,,,,,,,,,,,,,0,0,0,0,0,0,0,0,0,0,0,0,0,0,0,0,0,0,0,0,0,0,0,0,0,0,0,0,0,0,0,0,0,0,0,0,0,0,0,0
2015-10-10,,,,,,,,,,,,,,,,,,,,,,,,,,,,,,,,,,,,,,,,,0,0,0,0,0,0,0,0,0,0,0,0,0,0,0,0,0,0,0,0,0,0,0,0,0,0,0,0,0,0,0,0,0,0,0,0,0,0,0,0
2015-10-11,,,,,,,,,,,,,,,,,,,,,,,,,,,,,,,,,,,,,,,,,0,0,0,0,0,0,0,0,0,0,0,0,0,0,0,0,0,0,0,0,0,0,0,0,0,0,0,0,0,0,0,0,0,0,0,0,0,0,0,0
2015-10-12,,,,,,,,,,,,,,,,,,,,,,,,,,,,,,,,,,,,,,,,,0,0,0,0,0,0,0,0,0,0,0,0,0,0,0,0,0,0,0,0,0,0,0,0,0,0,0,0,0,0,0,0,0,0,0,0,0,0,0,0
2015-10-13,,,,,,,,,,,,,,,,,,,,,,,,,,,,,,,,,,,,,,,,,0,0,0,0,0,0,0,0,0,0,0,0,0,0,0,0,0,0,0,0,0,0,0,0,0,0,0,0,0,0,0,0,0,0,0,0,0,0,0,0
2015-10-14,,,,,,,,,,,,,,,,,,,,,,,,,,,,,,,,,,,,,,,,,0,0,0,0,0,0,0,0,0,0,0,0,0,0,0,0,0,0,0,0,0,0,0,0,0,0,0,0,0,0,0,0,0,0,0,0,0,0,0,0
2015-10-15,,,,,,,,,,,,,,,,,,,,,,,,,,,,,,,,,,,,,,,,,0,0,0,0,0,0,0,0,0,0,0,0,0,0,0,0,0,0,0,0,0,0,0,0,0,0,0,0,0,0,0,0,0,0,0,0,0,0,0,0
2015-10-16,,,,,,,,,,,,,,,,,,,,,,,,,,,,,,,,,,,,,,,,,0,0,0,0,0,0,0,0,0,0,0,0,0,0,0,0,0,0,0,0,0,0,0,0,0,0,0,0,0,0,0,0,0,0,0,0,0,0,0,0
2015-10-17,,,,,,,,,,,,,,,,,,,,,,,,,,,,,,,,,,,,,,,,,0,0,0,0,0,0,0,0,0,0,0,0,0,0,0,0,0,0,0,0,0,0,0,0,0,0,0,0,0,0,0,0,0,0,0,0,0,0,0,0
2015-10-18,,,,,,,,,,,,,,,,,,,,,,,,,,,,,,,,,,,,,,,,,0,0,0,0,0,0,0,0,0,0,0,0,0,0,0,0,0,0,0,0,0,0,0,0,0,0,0,0,0,0,0,0,0,0,0,0,0,0,0,0
2015-10-19,,,,,,,,,,,,,,,,,,,,,,,,,,,,,,,,,,,,,,,,,0,0,0,0,0,0,0,0,0,0,0,0,0,0,0,0,0,0,0,0,0,0,0,0,0,0,0,0,0,0,0,0,0,0,0,0,0,0,0,0
2015-10-20,,,,,,,,,,,,,,,,,,,,,,,,,,,,,,,,,,,,,,,,,0,0,0,0,0,0,0,0,0,0,0,0,0,0,0,0,0,0,0,0,0,0,0,0,0,0,0,0,0,0,0,0,0,0,0,0,0,0,0,0
2015-10-21,,,,,,,,,,,,,,,,,,,,,,,,,,,,,,,,,,,,,,,,,0,0,0,0,0,0,0,0,0,0,0,0,0,0,0,0,0,0,0,0,0,0,0,0,0,0,0,0,0,0,0,0,0,0,0,0,0,0,0,0
2015-10-22,,,,,,,,,,,,,,,,,,,,,,,,,,,,,,,,,,,,,,,,,0,0,0,0,0,0,0,0,0,0,0,0,0,0,0,0,0,0,0,0,0,0,0,0,0,0,0,0,0,0,0,0,0,0,0,0,0,0,0,0
2015-10-23,,,,,,,,,,,,,,,,,,,,,,,,,,,,,,,,,,,,,,,,,0,0,0,0,0,0,0,0,0,0,0,0,0,0,0,0,0,0,0,0,0,0,0,0,0,0,0,0,0,0,0,0,0,0,0,0,0,0,0,0
2015-10-24,,,,,,,,,,,,,,,,,,,,,,,,,,,,,,,,,,,,,,,,,0,0,0,0,0,0,0,0,0,0,0,0,0,0,0,0,0,0,0,0,0,0,0,0,0,0,0,0,0,0,0,0,0,0,0,0,0,0,0,0
2015-10-25,,,,,,,,,,,,,,,,,,,,,,,,,,,,,,,,,,,,,,,,,0,0,0,0,0,0,0,0,0,0,0,0,0,0,0,0,0,0,0,0,0,0,0,0,0,0,0,0,0,0,0,0,0,0,0,0,0,0,0,0
2015-10-26,,,,,,,,,,,,,,,,,,,,,,,,,,,,,,,,,,,,,,,,,0,0,0,0,0,0,0,0,0,0,0,0,0,0,0,0,0,0,0,0,0,0,0,0,0,0,0,0,0,0,0,0,0,0,0,0,0,0,0,0
2015-10-27,,,,,,,,,,,,,,,,,,,,,,,,,,,,,,,,,,,,,,,,,0,0,0,0,0,0,0,0,0,0,0,0,0,0,0,0,0,0,0,0,0,0,0,0,0,0,0,0,0,0,0,0,0,0,0,0,0,0,0,0
2015-10-28,,,,,,,,,,,,,,,,,,,,,,,,,,,,,,,,,,,,,,,,,0,0,0,0,0,0,0,0,0,0,0,0,0,0,0,0,0,0,0,0,0,0,0,0,0,0,0,0,0,0,0,0,0,0,0,0,0,0,0,0
2015-10-29,,,,,,,,,,,,,,,,,,,,,,,,,,,,,,,,,,,,,,,,,0,0,0,0,0,0,0,0,0,0,0,0,0,0,0,0,0,0,0,0,0,0,0,0,0,0,0,0,0,0,0,0,0,0,0,0,0,0,0,0
2015-10-30,,,,,,,,,,,,,,,,,,,,,,,,,,,,,,,,,,,,,,,,,0,0,0,0,0,0,0,0,0,0,0,0,0,0,0,0,0,0,0,0,0,0,0,0,0,0,0,0,0,0,0,0,0,0,0,0,0,0,0,0
2015-10-31,,,,,,,,,,,,,,,,,,,,,,,,,,,,,,,,,,,,,,,,,0,0,0,0,0,0,0,0,0,0,0,0,0,0,0,0,0,0,0,0,0,0,0,0,0,0,0,0,0,0,0,0,0,0,0,0,0,0,0,0
2015-11-01,,,,,,,,,,,,,,,,,,,,,,,,,,,,,,,,,,,,,,,,,0,0,0,0,0,0,0,0,0,0,0,0,0,0,0,0,0,0,0,0,0,0,0,0,0,0,0,0,0,0,0,0,0,0,0,0,0,0,0,0
2015-11-02,,,,,,,,,,,,,,,,,,,,,,,,,,,,,,,,,,,,,,,,,0,0,0,0,0,0,0,0,0,0,0,0,0,0,0,0,0,0,0,0,0,0,0,0,0,0,0,0,0,0,0,0,0,0,0,0,0,0,0,0
2015-11-03,,,,,,,,,,,,,,,,,,,,,,,,,,,,,,,,,,,,,,,,,0,0,0,0,0,0,0,0,0,0,0,0,0,0,0,0,0,0,0,0,0,0,0,0,0,0,0,0,0,0,0,0,0,0,0,0,0,0,0,0
2015-11-04,,,,,,,,,,,,,,,,,,,,,,,,,,,,,,,,,,,,,,,,,0,0,0,0,0,0,0,0,0,0,0,0,0,0,0,0,0,0,0,0,0,0,0,0,0,0,0,0,0,0,0,0,0,0,0,0,0,0,0,0
2015-11-05,,,,,,,,,,,,,,,,,,,,,,,,,,,,,,,,,,,,,,,,,0,0,0,0,0,0,0,0,0,0,0,0,0,0,0,0,0,0,0,0,0,0,0,0,0,0,0,0,0,0,0,0,0,0,0,0,0,0,0,0
2015-11-06,,,,,,,,,,,,,,,,,,,,,,,,,,,,,,,,,,,,,,,,,0,0,0,0,0,0,0,0,0,0,0,0,0,0,0,0,0,0,0,0,0,0,0,0,0,0,0,0,0,0,0,0,0,0,0,0,0,0,0,0
2015-11-07,,,,,,,,,,,,,,,,,,,,,,,,,,,,,,,,,,,,,,,,,0,0,0,0,0,0,0,0,0,0,0,0,0,0,0,0,0,0,0,0,0,0,0,0,0,0,0,0,0,0,0,0,0,0,0,0,0,0,0,0
2015-11-08,,,,,,,,,,,,,,,,,,,,,,,,,,,,,,,,,,,,,,,,,0,0,0,0,0,0,0,0,0,0,0,0,0,0,0,0,0,0,0,0,0,0,0,0,0,0,0,0,0,0,0,0,0,0,0,0,0,0,0,0
2015-11-09,,,,,,,,,,,,,,,,,,,,,,,,,,,,,,,,,,,,,,,,,0,0,0,0,0,0,0,0,0,0,0,0,0,0,0,0,0,0,0,0,0,0,0,0,0,0,0,0,0,0,0,0,0,0,0,0,0,0,0,0
2015-11-10,,,,,,,,,,,,,,,,,,,,,,,,,,,,,,,,,,,,,,,,,0,0,0,0,0,0,0,0,0,0,0,0,0,0,0,0,0,0,0,0,0,0,0,0,0,0,0,0,0,0,0,0,0,0,0,0,0,0,0,0
2015-11-11,,,,,,,,,,,,,,,,,,,,,,,,,,,,,,,,,,,,,,,,,0,0,0,0,0,0,0,0,0,0,0,0,0,0,0,0,0,0,0,0,0,0,0,0,0,0,0,0,0,0,0,0,0,0,0,0,0,0,0,0
2015-11-12,,,,,,,,,,,,,,,,,,,,,,,,,,,,,,,,,,,,,,,,,0,0,0,0,0,0,0,0,0,0,0,0,0,0,0,0,0,0,0,0,0,0,0,0,0,0,0,0,0,0,0,0,0,0,0,0,0,0,0,0
2015-11-13,,,,,,,,,,,,,,,,,,,,,,,,,,,,,,,,,,,,,,,,,0,0,0,0,0,0,0,0,0,0,0,0,0,0,0,0,0,0,0,0,0,0,0,0,0,0,0,0,0,0,0,0,0,0,0,0,0,0,0,0
2015-11-14,,,,,,,,,,,,,,,,,,,,,,,,,,,,,,,,,,,,,,,,,0,0,0,0,0,0,0,0,0,0,0,0,0,0,0,0,0,0,0,0,0,0,0,0,0,0,0,0,0,0,0,0,0,0,0,0,0,0,0,0
2015-11-15,,,,,,,,,,,,,,,,,,,,,,,,,,,,,,,,,,,,,,,,,0,0,0,0,0,0,0,0,0,0,0,0,0,0,0,0,0,0,0,0,0,0,0,0,0,0,0,0,0,0,0,0,0,0,0,0,0,0,0,0
2015-11-16,,,,,,,,,,,,,,,,,,,,,,,,,,,,,,,,,,,,,,,,,0,0,0,0,0,0,0,0,0,0,0,0,0,0,0,0,0,0,0,0,0,0,0,0,0,0,0,0,0,0,0,0,0,0,0,0,0,0,0,0
2015-11-17,,,,,,,,,,,,,,,,,,,,,,,,,,,,,,,,,,,,,,,,,0,0,0,0,0,0,0,0,0,0,0,0,0,0,0,0,0,0,0,0,0,0,0,0,0,0,0,0,0,0,0,0,0,0,0,0,0,0,0,0
2015-11-18,,,,,,,,,,,,,,,,,,,,,,,,,,,,,,,,,,,,,,,,,0,0,0,0,0,0,0,0,0,0,0,0,0,0,0,0,0,0,0,0,0,0,0,0,0,0,0,0,0,0,0,0,0,0,0,0,0,0,0,0
2015-11-19,,,,,,,,,,,,,,,,,,,,,,,,,,,,,,,,,,,,,,,,,0,0,0,0,0,0,0,0,0,0,0,0,0,0,0,0,0,0,0,0,0,0,0,0,0,0,0,0,0,0,0,0,0,0,0,0,0,0,0,0
2015-11-20,,,,,,,,,,,,,,,,,,,,,,,,,,,,,,,,,,,,,,,,,0,0,0,0,0,0,0,0,0,0,0,0,0,0,0,0,0,0,0,0,0,0,0,0,0,0,0,0,0,0,0,0,0,0,0,0,0,0,0,0
2015-11-21,,,,,,,,,,,,,,,,,,,,,,,,,,,,,,,,,,,,,,,,,0,0,0,0,0,0,0,0,0,0,0,0,0,0,0,0,0,0,0,0,0,0,0,0,0,0,0,0,0,0,0,0,0,0,0,0,0,0,0,0
2015-11-22,,,,,,,,,,,,,,,,,,,,,,,,,,,,,,,,,,,,,,,,,0,0,0,0,0,0,0,0,0,0,0,0,0,0,0,0,0,0,0,0,0,0,0,0,0,0,0,0,0,0,0,0,0,0,0,0,0,0,0,0
2015-11-23,,,,,,,,,,,,,,,,,,,,,,,,,,,,,,,,,,,,,,,,,0,0,0,0,0,0,0,0,0,0,0,0,0,0,0,0,0,0,0,0,0,0,0,0,0,0,0,0,0,0,0,0,0,0,0,0,0,0,0,0
2015-11-24,,,,,,,,,,,,,,,,,,,,,,,,,,,,,,,,,,,,,,,,,0,0,0,0,0,0,0,0,0,0,0,0,0,0,0,0,0,0,0,0,0,0,0,0,0,0,0,0,0,0,0,0,0,0,0,0,0,0,0,0
2015-11-25,,,,,,,,,,,,,,,,,,,,,,,,,,,,,,,,,,,,,,,,,0,0,0,0,0,0,0,0,0,0,0,0,0,0,0,0,0,0,0,0,0,0,0,0,0,0,0,0,0,0,0,0,0,0,0,0,0,0,0,0
2015-11-26,,,,,,,,,,,,,,,,,,,,,,,,,,,,,,,,,,,,,,,,,0,0,0,0,0,0,0,0,0,0,0,0,0,0,0,0,0,0,0,0,0,0,0,0,0,0,0,0,0,0,0,0,0,0,0,0,0,0,0,0
2015-11-27,,,,,,,,,,,,,,,,,,,,,,,,,,,,,,,,,,,,,,,,,0,0,0,0,0,0,0,0,0,0,0,0,0,0,0,0,0,0,0,0,0,0,0,0,0,0,0,0,0,0,0,0,0,0,0,0,0,0,0,0
2015-11-28,,,,,,,,,,,,,,,,,,,,,,,,,,,,,,,,,,,,,,,,,0,0,0,0,0,0,0,0,0,0,0,0,0,0,0,0,0,0,0,0,0,0,0,0,0,0,0,0,0,0,0,0,0,0,0,0,0,0,0,0
2015-11-29,,,,,,,,,,,,,,,,,,,,,,,,,,,,,,,,,,,,,,,,,0,0,0,0,0,0,0,0,0,0,0,0,0,0,0,0,0,0,0,0,0,0,0,0,0,0,0,0,0,0,0,0,0,0,0,0,0,0,0,0
2015-11-30,,,,,,,,,,,,,,,,,,,,,,,,,,,,,,,,,,,,,,,,,0,0,0,0,0,0,0,0,0,0,0,0,0,0,0,0,0,0,0,0,0,0,0,0,0,0,0,0,0,0,0,0,0,0,0,0,0,0,0,0
2015-12-01,,,,,,,,,,,,,,,,,,,,,,,,,,,,,,,,,,,,,,,,,0,0,0,0,0,0,0,0,0,0,0,0,0,0,0,0,0,0,0,0,0,0,0,0,0,0,0,0,0,0,0,0,0,0,0,0,0,0,0,0
2015-12-02,,,,,,,,,,,,,,,,,,,,,,,,,,,,,,,,,,,,,,,,,0,0,0,0,0,0,0,0,0,0,0,0,0,0,0,0,0,0,0,0,0,0,0,0,0,0,0,0,0,0,0,0,0,0,0,0,0,0,0,0
2015-12-03,,,,,,,,,,,,,,,,,,,,,,,,,,,,,,,,,,,,,,,,,0,0,0,0,0,0,0,0,0,0,0,0,0,0,0,0,0,0,0,0,0,0,0,0,0,0,0,0,0,0,0,0,0,0,0,0,0,0,0,0
2015-12-04,,,,,,,,,,,,,,,,,,,,,,,,,,,,,,,,,,,,,,,,,0,0,0,0,0,0,0,0,0,0,0,0,0,0,0,0,0,0,0,0,0,0,0,0,0,0,0,0,0,0,0,0,0,0,0,0,0,0,0,0
2015-12-05,,,,,,,,,,,,,,,,,,,,,,,,,,,,,,,,,,,,,,,,,0,0,0,0,0,0,0,0,0,0,0,0,0,0,0,0,0,0,0,0,0,0,0,0,0,0,0,0,0,0,0,0,0,0,0,0,0,0,0,0
2015-12-06,,,,,,,,,,,,,,,,,,,,,,,,,,,,,,,,,,,,,,,,,0,0,0,0,0,0,0,0,0,0,0,0,0,0,0,0,0,0,0,0,0,0,0,0,0,0,0,0,0,0,0,0,0,0,0,0,0,0,0,0
2015-12-07,,,,,,,,,,,,,,,,,,,,,,,,,,,,,,,,,,,,,,,,,0,0,0,0,0,0,0,0,0,0,0,0,0,0,0,0,0,0,0,0,0,0,0,0,0,0,0,0,0,0,0,0,0,0,0,0,0,0,0,0
2015-12-08,,,,,,,,,,,,,,,,,,,,,,,,,,,,,,,,,,,,,,,,,0,0,0,0,0,0,0,0,0,0,0,0,0,0,0,0,0,0,0,0,0,0,0,0,0,0,0,0,0,0,0,0,0,0,0,0,0,0,0,0
2015-12-09,,,,,,,,,,,,,,,,,,,,,,,,,,,,,,,,,,,,,,,,,0,0,0,0,0,0,0,0,0,0,0,0,0,0,0,0,0,0,0,0,0,0,0,0,0,0,0,0,0,0,0,0,0,0,0,0,0,0,0,0
2015-12-10,,,,,,,,,,,,,,,,,,,,,,,,,,,,,,,,,,,,,,,,,0,0,0,0,0,0,0,0,0,0,0,0,0,0,0,0,0,0,0,0,0,0,0,0,0,0,0,0,0,0,0,0,0,0,0,0,0,0,0,0
2015-12-11,,,,,,,,,,,,,,,,,,,,,,,,,,,,,,,,,,,,,,,,,0,0,0,0,0,0,0,0,0,0,0,0,0,0,0,0,0,0,0,0,0,0,0,0,0,0,0,0,0,0,0,0,0,0,0,0,0,0,0,0
2015-12-12,,,,,,,,,,,,,,,,,,,,,,,,,,,,,,,,,,,,,,,,,0,0,0,0,0,0,0,0,0,0,0,0,0,0,0,0,0,0,0,0,0,0,0,0,0,0,0,0,0,0,0,0,0,0,0,0,0,0,0,0
2015-12-13,,,,,,,,,,,,,,,,,,,,,,,,,,,,,,,,,,,,,,,,,0,0,0,0,0,0,0,0,0,0,0,0,0,0,0,0,0,0,0,0,0,0,0,0,0,0,0,0,0,0,0,0,0,0,0,0,0,0,0,0
2015-12-14,,,,,,,,,,,,,,,,,,,,,,,,,,,,,,,,,,,,,,,,,0,0,0,0,0,0,0,0,0,0,0,0,0,0,0,0,0,0,0,0,0,0,0,0,0,0,0,0,0,0,0,0,0,0,0,0,0,0,0,0
2015-12-15,,,,,,,,,,,,,,,,,,,,,,,,,,,,,,,,,,,,,,,,,0,0,0,0,0,0,0,0,0,0,0,0,0,0,0,0,0,0,0,0,0,0,0,0,0,0,0,0,0,0,0,0,0,0,0,0,0,0,0,0
2015-12-16,,,,,,,,,,,,,,,,,,,,,,,,,,,,,,,,,,,,,,,,,0,0,0,0,0,0,0,0,0,0,0,0,0,0,0,0,0,0,0,0,0,0,0,0,0,0,0,0,0,0,0,0,0,0,0,0,0,0,0,0
2015-12-17,,,,,,,,,,,,,,,,,,,,,,,,,,,,,,,,,,,,,,,,,0,0,0,0,0,0,0,0,0,0,0,0,0,0,0,0,0,0,0,0,0,0,0,0,0,0,0,0,0,0,0,0,0,0,0,0,0,0,0,0
2015-12-18,,,,,,,,,,,,,,,,,,,,,,,,,,,,,,,,,,,,,,,,,0,0,0,0,0,0,0,0,0,0,0,0,0,0,0,0,0,0,0,0,0,0,0,0,0,0,0,0,0,0,0,0,0,0,0,0,0,0,0,0
2015-12-19,,,,,,,,,,,,,,,,,,,,,,,,,,,,,,,,,,,,,,,,,0,0,0,0,0,0,0,0,0,0,0,0,0,0,0,0,0,0,0,0,0,0,0,0,0,0,0,0,0,0,0,0,0,0,0,0,0,0,0,0
2015-12-20,,,,,,,,,,,,,,,,,,,,,,,,,,,,,,,,,,,,,,,,,0,0,0,0,0,0,0,0,0,0,0,0,0,0,0,0,0,0,0,0,0,0,0,0,0,0,0,0,0,0,0,0,0,0,0,0,0,0,0,0
2015-12-21,,,,,,,,,,,,,,,,,,,,,,,,,,,,,,,,,,,,,,,,,0,0,0,0,0,0,0,0,0,0,0,0,0,0,0,0,0,0,0,0,0,0,0,0,0,0,0,0,0,0,0,0,0,0,0,0,0,0,0,0
2015-12-22,,,,,,,,,,,,,,,,,,,,,,,,,,,,,,,,,,,,,,,,,0,0,0,0,0,0,0,0,0,0,0,0,0,0,0,0,0,0,0,0,0,0,0,0,0,0,0,0,0,0,0,0,0,0,0,0,0,0,0,0
2015-12-23,,,,,,,,,,,,,,,,,,,,,,,,,,,,,,,,,,,,,,,,,0,0,0,0,0,0,0,0,0,0,0,0,0,0,0,0,0,0,0,0,0,0,0,0,0,0,0,0,0,0,0,0,0,0,0,0,0,0,0,0
2015-12-24,,,,,,,,,,,,,,,,,,,,,,,,,,,,,,,,,,,,,,,,,0,0,0,0,0,0,0,0,0,0,0,0,0,0,0,0,0,0,0,0,0,0,0,0,0,0,0,0,0,0,0,0,0,0,0,0,0,0,0,0
2015-12-25,,,,,,,,,,,,,,,,,,,,,,,,,,,,,,,,,,,,,,,,,0,0,0,0,0,0,0,0,0,0,0,0,0,0,0,0,0,0,0,0,0,0,0,0,0,0,0,0,0,0,0,0,0,0,0,0,0,0,0,0
2015-12-26,,,,,,,,,,,,,,,,,,,,,,,,,,,,,,,,,,,,,,,,,0,0,0,0,0,0,0,0,0,0,0,0,0,0,0,0,0,0,0,0,0,0,0,0,0,0,0,0,0,0,0,0,0,0,0,0,0,0,0,0
2015-12-27,,,,,,,,,,,,,,,,,,,,,,,,,,,,,,,,,,,,,,,,,0,0,0,0,0,0,0,0,0,0,0,0,0,0,0,0,0,0,0,0,0,0,0,0,0,0,0,0,0,0,0,0,0,0,0,0,0,0,0,0
2015-12-28,,,,,,,,,,,,,,,,,,,,,,,,,,,,,,,,,,,,,,,,,0,0,0,0,0,0,0,0,0,0,0,0,0,0,0,0,0,0,0,0,0,0,0,0,0,0,0,0,0,0,0,0,0,0,0,0,0,0,0,0
2015-12-29,,,,,,,,,,,,,,,,,,,,,,,,,,,,,,,,,,,,,,,,,0,0,0,0,0,0,0,0,0,0,0,0,0,0,0,0,0,0,0,0,0,0,0,0,0,0,0,0,0,0,0,0,0,0,0,0,0,0,0,0
2015-12-30,,,,,,,,,,,,,,,,,,,,,,,,,,,,,,,,,,,,,,,,,0,0,0,0,0,0,0,0,0,0,0,0,0,0,0,0,0,0,0,0,0,0,0,0,0,0,0,0,0,0,0,0,0,0,0,0,0,0,0,0
2015-12-31,,,,,,,,,,,,,,,,,,,,,,,,,,,,,,,,,,,,,,,,,0,0,0,0,0,0,0,0,0,0,0,0,0,0,0,0,0,0,0,0,0,0,0,0,0,0,0,0,0,0,0,0,0,0,0,0,0,0,0,0
2016-01-01,,,,,,,,,,,,,,,,,,,,,,,,,,,,,,,,,,,,,,,,,0,0,0,0,0,0,0,0,0,0,0,0,0,0,0,0,0,0,0,0,0,0,0,0,0,0,0,0,0,0,0,0,0,0,0,0,0,0,0,0
2016-01-02,,,,,,,,,,,,,,,,,,,,,,,,,,,,,,,,,,,,,,,,,0,0,0,0,0,0,0,0,0,0,0,0,0,0,0,0,0,0,0,0,0,0,0,0,0,0,0,0,0,0,0,0,0,0,0,0,0,0,0,0
2016-01-03,,,,,,,,,,,,,,,,,,,,,,,,,,,,,,,,,,,,,,,,,0,0,0,0,0,0,0,0,0,0,0,0,0,0,0,0,0,0,0,0,0,0,0,0,0,0,0,0,0,0,0,0,0,0,0,0,0,0,0,0
2016-01-04,,,,,,,,,,,,,,,,,,,,,,,,,,,,,,,,,,,,,,,,,0,0,0,0,0,0,0,0,0,0,0,0,0,0,0,0,0,0,0,0,0,0,0,0,0,0,0,0,0,0,0,0,0,0,0,0,0,0,0,0
2016-01-05,,,,,,,,,,,,,,,,,,,,,,,,,,,,,,,,,,,,,,,,,0,0,0,0,0,0,0,0,0,0,0,0,0,0,0,0,0,0,0,0,0,0,0,0,0,0,0,0,0,0,0,0,0,0,0,0,0,0,0,0
2016-01-06,,,,,,,,,,,,,,,,,,,,,,,,,,,,,,,,,,,,,,,,,0,0,0,0,0,0,0,0,0,0,0,0,0,0,0,0,0,0,0,0,0,0,0,0,0,0,0,0,0,0,0,0,0,0,0,0,0,0,0,0
2016-01-07,,,,,,,,,,,,,,,,,,,,,,,,,,,,,,,,,,,,,,,,,0,0,0,0,0,0,0,0,0,0,0,0,0,0,0,0,0,0,0,0,0,0,0,0,0,0,0,0,0,0,0,0,0,0,0,0,0,0,0,0
2016-01-08,,,,,,,,,,,,,,,,,,,,,,,,,,,,,,,,,,,,,,,,,0,0,0,0,0,0,0,0,0,0,0,0,0,0,0,0,0,0,0,0,0,0,0,0,0,0,0,0,0,0,0,0,0,0,0,0,0,0,0,0
2016-01-09,,,,,,,,,,,,,,,,,,,,,,,,,,,,,,,,,,,,,,,,,0,0,0,0,0,0,0,0,0,0,0,0,0,0,0,0,0,0,0,0,0,0,0,0,0,0,0,0,0,0,0,0,0,0,0,0,0,0,0,0
2016-01-10,,,,,,,,,,,,,,,,,,,,,,,,,,,,,,,,,,,,,,,,,0,0,0,0,0,0,0,0,0,0,0,0,0,0,0,0,0,0,0,0,0,0,0,0,0,0,0,0,0,0,0,0,0,0,0,0,0,0,0,0
2016-01-11,,,,,,,,,,,,,,,,,,,,,,,,,,,,,,,,,,,,,,,,,0,0,0,0,0,0,0,0,0,0,0,0,0,0,0,0,0,0,0,0,0,0,0,0,0,0,0,0,0,0,0,0,0,0,0,0,0,0,0,0
2016-01-12,,,,,,,,,,,,,,,,,,,,,,,,,,,,,,,,,,,,,,,,,0,0,0,0,0,0,0,0,0,0,0,0,0,0,0,0,0,0,0,0,0,0,0,0,0,0,0,0,0,0,0,0,0,0,0,0,0,0,0,0
2016-01-13,,,,,,,,,,,,,,,,,,,,,,,,,,,,,,,,,,,,,,,,,0,0,0,0,0,0,0,0,0,0,0,0,0,0,0,0,0,0,0,0,0,0,0,0,0,0,0,0,0,0,0,0,0,0,0,0,0,0,0,0
2016-01-14,,,,,,,,,,,,,,,,,,,,,,,,,,,,,,,,,,,,,,,,,0,0,0,0,0,0,0,0,0,0,0,0,0,0,0,0,0,0,0,0,0,0,0,0,0,0,0,0,0,0,0,0,0,0,0,0,0,0,0,0
2016-01-15,,,,,,,,,,,,,,,,,,,,,,,,,,,,,,,,,,,,,,,,,0,0,0,0,0,0,0,0,0,0,0,0,0,0,0,0,0,0,0,0,0,0,0,0,0,0,0,0,0,0,0,0,0,0,0,0,0,0,0,0
2016-01-16,,,,,,,,,,,,,,,,,,,,,,,,,,,,,,,,,,,,,,,,,0,0,0,0,0,0,0,0,0,0,0,0,0,0,0,0,0,0,0,0,0,0,0,0,0,0,0,0,0,0,0,0,0,0,0,0,0,0,0,0
2016-01-17,,,,,,,,,,,,,,,,,,,,,,,,,,,,,,,,,,,,,,,,,0,0,0,0,0,0,0,0,0,0,0,0,0,0,0,0,0,0,0,0,0,0,0,0,0,0,0,0,0,0,0,0,0,0,0,0,0,0,0,0
2016-01-18,,,,,,,,,,,,,,,,,,,,,,,,,,,,,,,,,,,,,,,,,0,0,0,0,0,0,0,0,0,0,0,0,0,0,0,0,0,0,0,0,0,0,0,0,0,0,0,0,0,0,0,0,0,0,0,0,0,0,0,0
2016-01-19,,,,,,,,,,,,,,,,,,,,,,,,,,,,,,,,,,,,,,,,,0,0,0,0,0,0,0,0,0,0,0,0,0,0,0,0,0,0,0,0,0,0,0,0,0,0,0,0,0,0,0,0,0,0,0,0,0,0,0,0
2016-01-20,,,,,,,,,,,,,,,,,,,,,,,,,,,,,,,,,,,,,,,,,0,0,0,0,0,0,0,0,0,0,0,0,0,0,0,0,0,0,0,0,0,0,0,0,0,0,0,0,0,0,0,0,0,0,0,0,0,0,0,0
2016-01-21,,,,,,,,,,,,,,,,,,,,,,,,,,,,,,,,,,,,,,,,,0,0,0,0,0,0,0,0,0,0,0,0,0,0,0,0,0,0,0,0,0,0,0,0,0,0,0,0,0,0,0,0,0,0,0,0,0,0,0,0
2016-01-22,,,,,,,,,,,,,,,,,,,,,,,,,,,,,,,,,,,,,,,,,0,0,0,0,0,0,0,0,0,0,0,0,0,0,0,0,0,0,0,0,0,0,0,0,0,0,0,0,0,0,0,0,0,0,0,0,0,0,0,0
2016-01-23,,,,,,,,,,,,,,,,,,,,,,,,,,,,,,,,,,,,,,,,,0,0,0,0,0,0,0,0,0,0,0,0,0,0,0,0,0,0,0,0,0,0,0,0,0,0,0,0,0,0,0,0,0,0,0,0,0,0,0,0
2016-01-24,,,,,,,,,,,,,,,,,,,,,,,,,,,,,,,,,,,,,,,,,0,0,0,0,0,0,0,0,0,0,0,0,0,0,0,0,0,0,0,0,0,0,0,0,0,0,0,0,0,0,0,0,0,0,0,0,0,0,0,0
2016-01-25,,,,,,,,,,,,,,,,,,,,,,,,,,,,,,,,,,,,,,,,,0,0,0,0,0,0,0,0,0,0,0,0,0,0,0,0,0,0,0,0,0,0,0,0,0,0,0,0,0,0,0,0,0,0,0,0,0,0,0,0
2016-01-26,,,,,,,,,,,,,,,,,,,,,,,,,,,,,,,,,,,,,,,,,0,0,0,0,0,0,0,0,0,0,0,0,0,0,0,0,0,0,0,0,0,0,0,0,0,0,0,0,0,0,0,0,0,0,0,0,0,0,0,0
2016-01-27,,,,,,,,,,,,,,,,,,,,,,,,,,,,,,,,,,,,,,,,,0,0,0,0,0,0,0,0,0,0,0,0,0,0,0,0,0,0,0,0,0,0,0,0,0,0,0,0,0,0,0,0,0,0,0,0,0,0,0,0
2016-01-28,,,,,,,,,,,,,,,,,,,,,,,,,,,,,,,,,,,,,,,,,0,0,0,0,0,0,0,0,0,0,0,0,0,0,0,0,0,0,0,0,0,0,0,0,0,0,0,0,0,0,0,0,0,0,0,0,0,0,0,0
2016-01-29,,,,,,,,,,,,,,,,,,,,,,,,,,,,,,,,,,,,,,,,,0,0,0,0,0,0,0,0,0,0,0,0,0,0,0,0,0,0,0,0,0,0,0,0,0,0,0,0,0,0,0,0,0,0,0,0,0,0,0,0
2016-01-30,,,,,,,,,,,,,,,,,,,,,,,,,,,,,,,,,,,,,,,,,0,0,0,0,0,0,0,0,0,0,0,0,0,0,0,0,0,0,0,0,0,0,0,0,0,0,0,0,0,0,0,0,0,0,0,0,0,0,0,0
2016-01-31,,,,,,,,,,,,,,,,,,,,,,,,,,,,,,,,,,,,,,,,,0,0,0,0,0,0,0,0,0,0,0,0,0,0,0,0,0,0,0,0,0,0,0,0,0,0,0,0,0,0,0,0,0,0,0,0,0,0,0,0
2016-02-01,,,,,,,,,,,,,,,,,,,,,,,,,,,,,,,,,,,,,,,,,0,0,0,0,0,0,0,0,0,0,0,0,0,0,0,0,0,0,0,0,0,0,0,0,0,0,0,0,0,0,0,0,0,0,0,0,0,0,0,0
2016-02-02,,,,,,,,,,,,,,,,,,,,,,,,,,,,,,,,,,,,,,,,,0,0,0,0,0,0,0,0,0,0,0,0,0,0,0,0,0,0,0,0,0,0,0,0,0,0,0,0,0,0,0,0,0,0,0,0,0,0,0,0
2016-02-03,,,,,,,,,,,,,,,,,,,,,,,,,,,,,,,,,,,,,,,,,0,0,0,0,0,0,0,0,0,0,0,0,0,0,0,0,0,0,0,0,0,0,0,0,0,0,0,0,0,0,0,0,0,0,0,0,0,0,0,0
2016-02-04,,,,,,,,,,,,,,,,,,,,,,,,,,,,,,,,,,,,,,,,,0,0,0,0,0,0,0,0,0,0,0,0,0,0,0,0,0,0,0,0,0,0,0,0,0,0,0,0,0,0,0,0,0,0,0,0,0,0,0,0
2016-02-05,,,,,,,,,,,,,,,,,,,,,,,,,,,,,,,,,,,,,,,,,0,0,0,0,0,0,0,0,0,0,0,0,0,0,0,0,0,0,0,0,0,0,0,0,0,0,0,0,0,0,0,0,0,0,0,0,0,0,0,0
2016-02-06,,,,,,,,,,,,,,,,,,,,,,,,,,,,,,,,,,,,,,,,,0,0,0,0,0,0,0,0,0,0,0,0,0,0,0,0,0,0,0,0,0,0,0,0,0,0,0,0,0,0,0,0,0,0,0,0,0,0,0,0
2016-02-07,,,,,,,,,,,,,,,,,,,,,,,,,,,,,,,,,,,,,,,,,0,0,0,0,0,0,0,0,0,0,0,0,0,0,0,0,0,0,0,0,0,0,0,0,0,0,0,0,0,0,0,0,0,0,0,0,0,0,0,0
2016-02-08,,,,,,,,,,,,,,,,,,,,,,,,,,,,,,,,,,,,,,,,,0,0,0,0,0,0,0,0,0,0,0,0,0,0,0,0,0,0,0,0,0,0,0,0,0,0,0,0,0,0,0,0,0,0,0,0,0,0,0,0
2016-02-09,,,,,,,,,,,,,,,,,,,,,,,,,,,,,,,,,,,,,,,,,0,0,0,0,0,0,0,0,0,0,0,0,0,0,0,0,0,0,0,0,0,0,0,0,0,0,0,0,0,0,0,0,0,0,0,0,0,0,0,0
2016-02-10,,,,,,,,,,,,,,,,,,,,,,,,,,,,,,,,,,,,,,,,,0,0,0,0,0,0,0,0,0,0,0,0,0,0,0,0,0,0,0,0,0,0,0,0,0,0,0,0,0,0,0,0,0,0,0,0,0,0,0,0
2016-02-11,,,,,,,,,,,,,,,,,,,,,,,,,,,,,,,,,,,,,,,,,0,0,0,0,0,0,0,0,0,0,0,0,0,0,0,0,0,0,0,0,0,0,0,0,0,0,0,0,0,0,0,0,0,0,0,0,0,0,0,0
2016-02-12,,,,,,,,,,,,,,,,,,,,,,,,,,,,,,,,,,,,,,,,,0,0,0,0,0,0,0,0,0,0,0,0,0,0,0,0,0,0,0,0,0,0,0,0,0,0,0,0,0,0,0,0,0,0,0,0,0,0,0,0
2016-02-13,,,,,,,,,,,,,,,,,,,,,,,,,,,,,,,,,,,,,,,,,0,0,0,0,0,0,0,0,0,0,0,0,0,0,0,0,0,0,0,0,0,0,0,0,0,0,0,0,0,0,0,0,0,0,0,0,0,0,0,0
2016-02-14,,,,,,,,,,,,,,,,,,,,,,,,,,,,,,,,,,,,,,,,,0,0,0,0,0,0,0,0,0,0,0,0,0,0,0,0,0,0,0,0,0,0,0,0,0,0,0,0,0,0,0,0,0,0,0,0,0,0,0,0
2016-02-15,,,,,,,,,,,,,,,,,,,,,,,,,,,,,,,,,,,,,,,,,0,0,0,0,0,0,0,0,0,0,0,0,0,0,0,0,0,0,0,0,0,0,0,0,0,0,0,0,0,0,0,0,0,0,0,0,0,0,0,0
2016-02-16,,,,,,,,,,,,,,,,,,,,,,,,,,,,,,,,,,,,,,,,,0,0,0,0,0,0,0,0,0,0,0,0,0,0,0,0,0,0,0,0,0,0,0,0,0,0,0,0,0,0,0,0,0,0,0,0,0,0,0,0
2016-02-17,,,,,,,,,,,,,,,,,,,,,,,,,,,,,,,,,,,,,,,,,0,0,0,0,0,0,0,0,0,0,0,0,0,0,0,0,0,0,0,0,0,0,0,0,0,0,0,0,0,0,0,0,0,0,0,0,0,0,0,0
2016-02-18,,,,,,,,,,,,,,,,,,,,,,,,,,,,,,,,,,,,,,,,,0,0,0,0,0,0,0,0,0,0,0,0,0,0,0,0,0,0,0,0,0,0,0,0,0,0,0,0,0,0,0,0,0,0,0,0,0,0,0,0
2016-02-19,,,,,,,,,,,,,,,,,,,,,,,,,,,,,,,,,,,,,,,,,0,0,0,0,0,0,0,0,0,0,0,0,0,0,0,0,0,0,0,0,0,0,0,0,0,0,0,0,0,0,0,0,0,0,0,0,0,0,0,0
2016-02-20,,,,,,,,,,,,,,,,,,,,,,,,,,,,,,,,,,,,,,,,,0,0,0,0,0,0,0,0,0,0,0,0,0,0,0,0,0,0,0,0,0,0,0,0,0,0,0,0,0,0,0,0,0,0,0,0,0,0,0,0
2016-02-21,,,,,,,,,,,,,,,,,,,,,,,,,,,,,,,,,,,,,,,,,0,0,0,0,0,0,0,0,0,0,0,0,0,0,0,0,0,0,0,0,0,0,0,0,0,0,0,0,0,0,0,0,0,0,0,0,0,0,0,0
2016-02-22,,,,,,,,,,,,,,,,,,,,,,,,,,,,,,,,,,,,,,,,,0,0,0,0,0,0,0,0,0,0,0,0,0,0,0,0,0,0,0,0,0,0,0,0,0,0,0,0,0,0,0,0,0,0,0,0,0,0,0,0
2016-02-23,,,,,,,,,,,,,,,,,,,,,,,,,,,,,,,,,,,,,,,,,0,0,0,0,0,0,0,0,0,0,0,0,0,0,0,0,0,0,0,0,0,0,0,0,0,0,0,0,0,0,0,0,0,0,0,0,0,0,0,0
2016-02-24,,,,,,,,,,,,,,,,,,,,,,,,,,,,,,,,,,,,,,,,,0,0,0,0,0,0,0,0,0,0,0,0,0,0,0,0,0,0,0,0,0,0,0,0,0,0,0,0,0,0,0,0,0,0,0,0,0,0,0,0
2016-02-25,,,,,,,,,,,,,,,,,,,,,,,,,,,,,,,,,,,,,,,,,0,0,0,0,0,0,0,0,0,0,0,0,0,0,0,0,0,0,0,0,0,0,0,0,0,0,0,0,0,0,0,0,0,0,0,0,0,0,0,0
2016-02-26,,,,,,,,,,,,,,,,,,,,,,,,,,,,,,,,,,,,,,,,,0,0,0,0,0,0,0,0,0,0,0,0,0,0,0,0,0,0,0,0,0,0,0,0,0,0,0,0,0,0,0,0,0,0,0,0,0,0,0,0
2016-02-27,,,,,,,,,,,,,,,,,,,,,,,,,,,,,,,,,,,,,,,,,0,0,0,0,0,0,0,0,0,0,0,0,0,0,0,0,0,0,0,0,0,0,0,0,0,0,0,0,0,0,0,0,0,0,0,0,0,0,0,0
2016-02-28,,,,,,,,,,,,,,,,,,,,,,,,,,,,,,,,,,,,,,,,,0,0,0,0,0,0,0,0,0,0,0,0,0,0,0,0,0,0,0,0,0,0,0,0,0,0,0,0,0,0,0,0,0,0,0,0,0,0,0,0
2016-02-29,,,,,,,,,,,,,,,,,,,,,,,,,,,,,,,,,,,,,,,,,0,0,0,0,0,0,0,0,0,0,0,0,0,0,0,0,0,0,0,0,0,0,0,0,0,0,0,0,0,0,0,0,0,0,0,0,0,0,0,0
2016-03-01,,,,,,,,,,,,,,,,,,,,,,,,,,,,,,,,,,,,,,,,,0,0,0,0,0,0,0,0,0,0,0,0,0,0,0,0,0,0,0,0,0,0,0,0,0,0,0,0,0,0,0,0,0,0,0,0,0,0,0,0
2016-03-02,,,,,,,,,,,,,,,,,,,,,,,,,,,,,,,,,,,,,,,,,0,0,0,0,0,0,0,0,0,0,0,0,0,0,0,0,0,0,0,0,0,0,0,0,0,0,0,0,0,0,0,0,0,0,0,0,0,0,0,0
2016-03-03,,,,,,,,,,,,,,,,,,,,,,,,,,,,,,,,,,,,,,,,,0,0,0,0,0,0,0,0,0,0,0,0,0,0,0,0,0,0,0,0,0,0,0,0,0,0,0,0,0,0,0,0,0,0,0,0,0,0,0,0
2016-03-04,,,,,,,,,,,,,,,,,,,,,,,,,,,,,,,,,,,,,,,,,0,0,0,0,0,0,0,0,0,0,0,0,0,0,0,0,0,0,0,0,0,0,0,0,0,0,0,0,0,0,0,0,0,0,0,0,0,0,0,0
2016-03-05,,,,,,,,,,,,,,,,,,,,,,,,,,,,,,,,,,,,,,,,,0,0,0,0,0,0,0,0,0,0,0,0,0,0,0,0,0,0,0,0,0,0,0,0,0,0,0,0,0,0,0,0,0,0,0,0,0,0,0,0
2016-03-06,,,,,,,,,,,,,,,,,,,,,,,,,,,,,,,,,,,,,,,,,0,0,0,0,0,0,0,0,0,0,0,0,0,0,0,0,0,0,0,0,0,0,0,0,0,0,0,0,0,0,0,0,0,0,0,0,0,0,0,0
2016-03-07,,,,,,,,,,,,,,,,,,,,,,,,,,,,,,,,,,,,,,,,,0,0,0,0,0,0,0,0,0,0,0,0,0,0,0,0,0,0,0,0,0,0,0,0,0,0,0,0,0,0,0,0,0,0,0,0,0,0,0,0
2016-03-08,,,,,,,,,,,,,,,,,,,,,,,,,,,,,,,,,,,,,,,,,0,0,0,0,0,0,0,0,0,0,0,0,0,0,0,0,0,0,0,0,0,0,0,0,0,0,0,0,0,0,0,0,0,0,0,0,0,0,0,0
2016-03-09,,,,,,,,,,,,,,,,,,,,,,,,,,,,,,,,,,,,,,,,,0,0,0,0,0,0,0,0,0,0,0,0,0,0,0,0,0,0,0,0,0,0,0,0,0,0,0,0,0,0,0,0,0,0,0,0,0,0,0,0
2016-03-10,,,,,,,,,,,,,,,,,,,,,,,,,,,,,,,,,,,,,,,,,0,0,0,0,0,0,0,0,0,0,0,0,0,0,0,0,0,0,0,0,0,0,0,0,0,0,0,0,0,0,0,0,0,0,0,0,0,0,0,0
2016-03-11,,,,,,,,,,,,,,,,,,,,,,,,,,,,,,,,,,,,,,,,,0,0,0,0,0,0,0,0,0,0,0,0,0,0,0,0,0,0,0,0,0,0,0,0,0,0,0,0,0,0,0,0,0,0,0,0,0,0,0,0
2016-03-12,,,,,,,,,,,,,,,,,,,,,,,,,,,,,,,,,,,,,,,,,0,0,0,0,0,0,0,0,0,0,0,0,0,0,0,0,0,0,0,0,0,0,0,0,0,0,0,0,0,0,0,0,0,0,0,0,0,0,0,0
2016-03-13,,,,,,,,,,,,,,,,,,,,,,,,,,,,,,,,,,,,,,,,,0,0,0,0,0,0,0,0,0,0,0,0,0,0,0,0,0,0,0,0,0,0,0,0,0,0,0,0,0,0,0,0,0,0,0,0,0,0,0,0
2016-03-14,,,,,,,,,,,,,,,,,,,,,,,,,,,,,,,,,,,,,,,,,0,0,0,0,0,0,0,0,0,0,0,0,0,0,0,0,0,0,0,0,0,0,0,0,0,0,0,0,0,0,0,0,0,0,0,0,0,0,0,0
2016-03-15,,,,,,,,,,,,,,,,,,,,,,,,,,,,,,,,,,,,,,,,,0,0,0,0,0,0,0,0,0,0,0,0,0,0,0,0,0,0,0,0,0,0,0,0,0,0,0,0,0,0,0,0,0,0,0,0,0,0,0,0
2016-03-16,,,,,,,,,,,,,,,,,,,,,,,,,,,,,,,,,,,,,,,,,0,0,0,0,0,0,0,0,0,0,0,0,0,0,0,0,0,0,0,0,0,0,0,0,0,0,0,0,0,0,0,0,0,0,0,0,0,0,0,0
2016-03-17,,,,,,,,,,,,,,,,,,,,,,,,,,,,,,,,,,,,,,,,,0,0,0,0,0,0,0,0,0,0,0,0,0,0,0,0,0,0,0,0,0,0,0,0,0,0,0,0,0,0,0,0,0,0,0,0,0,0,0,0
2016-03-18,,,,,,,,,,,,,,,,,,,,,,,,,,,,,,,,,,,,,,,,,0,0,0,0,0,0,0,0,0,0,0,0,0,0,0,0,0,0,0,0,0,0,0,0,0,0,0,0,0,0,0,0,0,0,0,0,0,0,0,0
2016-03-19,,,,,,,,,,,,,,,,,,,,,,,,,,,,,,,,,,,,,,,,,0,0,0,0,0,0,0,0,0,0,0,0,0,0,0,0,0,0,0,0,0,0,0,0,0,0,0,0,0,0,0,0,0,0,0,0,0,0,0,0
2016-03-20,,,,,,,,,,,,,,,,,,,,,,,,,,,,,,,,,,,,,,,,,0,0,0,0,0,0,0,0,0,0,0,0,0,0,0,0,0,0,0,0,0,0,0,0,0,0,0,0,0,0,0,0,0,0,0,0,0,0,0,0
2016-03-21,,,,,,,,,,,,,,,,,,,,,,,,,,,,,,,,,,,,,,,,,0,0,0,0,0,0,0,0,0,0,0,0,0,0,0,0,0,0,0,0,0,0,0,0,0,0,0,0,0,0,0,0,0,0,0,0,0,0,0,0
2016-03-22,,,,,,,,,,,,,,,,,,,,,,,,,,,,,,,,,,,,,,,,,0,0,0,0,0,0,0,0,0,0,0,0,0,0,0,0,0,0,0,0,0,0,0,0,0,0,0,0,0,0,0,0,0,0,0,0,0,0,0,0
2016-03-23,,,,,,,,,,,,,,,,,,,,,,,,,,,,,,,,,,,,,,,,,0,0,0,0,0,0,0,0,0,0,0,0,0,0,0,0,0,0,0,0,0,0,0,0,0,0,0,0,0,0,0,0,0,0,0,0,0,0,0,0
2016-03-24,,,,,,,,,,,,,,,,,,,,,,,,,,,,,,,,,,,,,,,,,0,0,0,0,0,0,0,0,0,0,0,0,0,0,0,0,0,0,0,0,0,0,0,0,0,0,0,0,0,0,0,0,0,0,0,0,0,0,0,0
2016-03-25,,,,,,,,,,,,,,,,,,,,,,,,,,,,,,,,,,,,,,,,,0,0,0,0,0,0,0,0,0,0,0,0,0,0,0,0,0,0,0,0,0,0,0,0,0,0,0,0,0,0,0,0,0,0,0,0,0,0,0,0
2016-03-26,,,,,,,,,,,,,,,,,,,,,,,,,,,,,,,,,,,,,,,,,0,0,0,0,0,0,0,0,0,0,0,0,0,0,0,0,0,0,0,0,0,0,0,0,0,0,0,0,0,0,0,0,0,0,0,0,0,0,0,0
2016-03-27,,,,,,,,,,,,,,,,,,,,,,,,,,,,,,,,,,,,,,,,,0,0,0,0,0,0,0,0,0,0,0,0,0,0,0,0,0,0,0,0,0,0,0,0,0,0,0,0,0,0,0,0,0,0,0,0,0,0,0,0
2016-03-28,,,,,,,,,,,,,,,,,,,,,,,,,,,,,,,,,,,,,,,,,0,0,0,0,0,0,0,0,0,0,0,0,0,0,0,0,0,0,0,0,0,0,0,0,0,0,0,0,0,0,0,0,0,0,0,0,0,0,0,0
2016-03-29,,,,,,,,,,,,,,,,,,,,,,,,,,,,,,,,,,,,,,,,,0,0,0,0,0,0,0,0,0,0,0,0,0,0,0,0,0,0,0,0,0,0,0,0,0,0,0,0,0,0,0,0,0,0,0,0,0,0,0,0
2016-03-30,,,,,,,,,,,,,,,,,,,,,,,,,,,,,,,,,,,,,,,,,0,0,0,0,0,0,0,0,0,0,0,0,0,0,0,0,0,0,0,0,0,0,0,0,0,0,0,0,0,0,0,0,0,0,0,0,0,0,0,0
2016-03-31,,,,,,,,,,,,,,,,,,,,,,,,,,,,,,,,,,,,,,,,,0,0,0,0,0,0,0,0,0,0,0,0,0,0,0,0,0,0,0,0,0,0,0,0,0,0,0,0,0,0,0,0,0,0,0,0,0,0,0,0
2016-04-01,,,,,,,,,,,,,,,,,,,,,,,,,,,,,,,,,,,,,,,,,0,0,0,0,0,0,0,0,0,0,0,0,0,0,0,0,0,0,0,0,0,0,0,0,0,0,0,0,0,0,0,0,0,0,0,0,0,0,0,0
2016-04-02,,,,,,,,,,,,,,,,,,,,,,,,,,,,,,,,,,,,,,,,,0,0,0,0,0,0,0,0,0,0,0,0,0,0,0,0,0,0,0,0,0,0,0,0,0,0,0,0,0,0,0,0,0,0,0,0,0,0,0,0
2016-04-03,,,,,,,,,,,,,,,,,,,,,,,,,,,,,,,,,,,,,,,,,0,0,0,0,0,0,0,0,0,0,0,0,0,0,0,0,0,0,0,0,0,0,0,0,0,0,0,0,0,0,0,0,0,0,0,0,0,0,0,0
2016-04-04,,,,,,,,,,,,,,,,,,,,,,,,,,,,,,,,,,,,,,,,,0,0,0,0,0,0,0,0,0,0,0,0,0,0,0,0,0,0,0,0,0,0,0,0,0,0,0,0,0,0,0,0,0,0,0,0,0,0,0,0
2016-04-05,,,,,,,,,,,,,,,,,,,,,,,,,,,,,,,,,,,,,,,,,0,0,0,0,0,0,0,0,0,0,0,0,0,0,0,0,0,0,0,0,0,0,0,0,0,0,0,0,0,0,0,0,0,0,0,0,0,0,0,0
2016-04-06,,,,,,,,,,,,,,,,,,,,,,,,,,,,,,,,,,,,,,,,,0,0,0,0,0,0,0,0,0,0,0,0,0,0,0,0,0,0,0,0,0,0,0,0,0,0,0,0,0,0,0,0,0,0,0,0,0,0,0,0
2016-04-07,,,,,,,,,,,,,,,,,,,,,,,,,,,,,,,,,,,,,,,,,0,0,0,0,0,0,0,0,0,0,0,0,0,0,0,0,0,0,0,0,0,0,0,0,0,0,0,0,0,0,0,0,0,0,0,0,0,0,0,0
2016-04-08,,,,,,,,,,,,,,,,,,,,,,,,,,,,,,,,,,,,,,,,,0,0,0,0,0,0,0,0,0,0,0,0,0,0,0,0,0,0,0,0,0,0,0,0,0,0,0,0,0,0,0,0,0,0,0,0,0,0,0,0
2016-04-09,,,,,,,,,,,,,,,,,,,,,,,,,,,,,,,,,,,,,,,,,0,0,0,0,0,0,0,0,0,0,0,0,0,0,0,0,0,0,0,0,0,0,0,0,0,0,0,0,0,0,0,0,0,0,0,0,0,0,0,0
2016-04-10,,,,,,,,,,,,,,,,,,,,,,,,,,,,,,,,,,,,,,,,,0,0,0,0,0,0,0,0,0,0,0,0,0,0,0,0,0,0,0,0,0,0,0,0,0,0,0,0,0,0,0,0,0,0,0,0,0,0,0,0
2016-04-11,,,,,,,,,,,,,,,,,,,,,,,,,,,,,,,,,,,,,,,,,0,0,0,0,0,0,0,0,0,0,0,0,0,0,0,0,0,0,0,0,0,0,0,0,0,0,0,0,0,0,0,0,0,0,0,0,0,0,0,0
2016-04-12,,,,,,,,,,,,,,,,,,,,,,,,,,,,,,,,,,,,,,,,,0,0,0,0,0,0,0,0,0,0,0,0,0,0,0,0,0,0,0,0,0,0,0,0,0,0,0,0,0,0,0,0,0,0,0,0,0,0,0,0
2016-04-13,,,,,,,,,,,,,,,,,,,,,,,,,,,,,,,,,,,,,,,,,0,0,0,0,0,0,0,0,0,0,0,0,0,0,0,0,0,0,0,0,0,0,0,0,0,0,0,0,0,0,0,0,0,0,0,0,0,0,0,0
2016-04-14,,,,,,,,,,,,,,,,,,,,,,,,,,,,,,,,,,,,,,,,,0,0,0,0,0,0,0,0,0,0,0,0,0,0,0,0,0,0,0,0,0,0,0,0,0,0,0,0,0,0,0,0,0,0,0,0,0,0,0,0
2016-04-15,,,,,,,,,,,,,,,,,,,,,,,,,,,,,,,,,,,,,,,,,0,0,0,0,0,0,0,0,0,0,0,0,0,0,0,0,0,0,0,0,0,0,0,0,0,0,0,0,0,0,0,0,0,0,0,0,0,0,0,0
2016-04-16,,,,,,,,,,,,,,,,,,,,,,,,,,,,,,,,,,,,,,,,,0,0,0,0,0,0,0,0,0,0,0,0,0,0,0,0,0,0,0,0,0,0,0,0,0,0,0,0,0,0,0,0,0,0,0,0,0,0,0,0
2016-04-17,,,,,,,,,,,,,,,,,,,,,,,,,,,,,,,,,,,,,,,,,0,0,0,0,0,0,0,0,0,0,0,0,0,0,0,0,0,0,0,0,0,0,0,0,0,0,0,0,0,0,0,0,0,0,0,0,0,0,0,0
2016-04-18,,,,,,,,,,,,,,,,,,,,,,,,,,,,,,,,,,,,,,,,,0,0,0,0,0,0,0,0,0,0,0,0,0,0,0,0,0,0,0,0,0,0,0,0,0,0,0,0,0,0,0,0,0,0,0,0,0,0,0,0
2016-04-19,,,,,,,,,,,,,,,,,,,,,,,,,,,,,,,,,,,,,,,,,0,0,0,0,0,0,0,0,0,0,0,0,0,0,0,0,0,0,0,0,0,0,0,0,0,0,0,0,0,0,0,0,0,0,0,0,0,0,0,0
2016-04-20,,,,,,,,,,,,,,,,,,,,,,,,,,,,,,,,,,,,,,,,,0,0,0,0,0,0,0,0,0,0,0,0,0,0,0,0,0,0,0,0,0,0,0,0,0,0,0,0,0,0,0,0,0,0,0,0,0,0,0,0
2016-04-21,,,,,,,,,,,,,,,,,,,,,,,,,,,,,,,,,,,,,,,,,0,0,0,0,0,0,0,0,0,0,0,0,0,0,0,0,0,0,0,0,0,0,0,0,0,0,0,0,0,0,0,0,0,0,0,0,0,0,0,0
2016-04-22,,,,,,,,,,,,,,,,,,,,,,,,,,,,,,,,,,,,,,,,,0,0,0,0,0,0,0,0,0,0,0,0,0,0,0,0,0,0,0,0,0,0,0,0,0,0,0,0,0,0,0,0,0,0,0,0,0,0,0,0
2016-04-23,,,,,,,,,,,,,,,,,,,,,,,,,,,,,,,,,,,,,,,,,0,0,0,0,0,0,0,0,0,0,0,0,0,0,0,0,0,0,0,0,0,0,0,0,0,0,0,0,0,0,0,0,0,0,0,0,0,0,0,0
2016-04-24,,,,,,,,,,,,,,,,,,,,,,,,,,,,,,,,,,,,,,,,,0,0,0,0,0,0,0,0,0,0,0,0,0,0,0,0,0,0,0,0,0,0,0,0,0,0,0,0,0,0,0,0,0,0,0,0,0,0,0,0
2016-04-25,,,,,,,,,,,,,,,,,,,,,,,,,,,,,,,,,,,,,,,,,0,0,0,0,0,0,0,0,0,0,0,0,0,0,0,0,0,0,0,0,0,0,0,0,0,0,0,0,0,0,0,0,0,0,0,0,0,0,0,0
2016-04-26,,,,,,,,,,,,,,,,,,,,,,,,,,,,,,,,,,,,,,,,,0,0,0,0,0,0,0,0,0,0,0,0,0,0,0,0,0,0,0,0,0,0,0,0,0,0,0,0,0,0,0,0,0,0,0,0,0,0,0,0
2016-04-27,,,,,,,,,,,,,,,,,,,,,,,,,,,,,,,,,,,,,,,,,0,0,0,0,0,0,0,0,0,0,0,0,0,0,0,0,0,0,0,0,0,0,0,0,0,0,0,0,0,0,0,0,0,0,0,0,0,0,0,0
2016-04-28,,,,,,,,,,,,,,,,,,,,,,,,,,,,,,,,,,,,,,,,,0,0,0,0,0,0,0,0,0,0,0,0,0,0,0,0,0,0,0,0,0,0,0,0,0,0,0,0,0,0,0,0,0,0,0,0,0,0,0,0
2016-04-29,,,,,,,,,,,,,,,,,,,,,,,,,,,,,,,,,,,,,,,,,0,0,0,0,0,0,0,0,0,0,0,0,0,0,0,0,0,0,0,0,0,0,0,0,0,0,0,0,0,0,0,0,0,0,0,0,0,0,0,0
2016-04-30,,,,,,,,,,,,,,,,,,,,,,,,,,,,,,,,,,,,,,,,,0,0,0,0,0,0,0,0,0,0,0,0,0,0,0,0,0,0,0,0,0,0,0,0,0,0,0,0,0,0,0,0,0,0,0,0,0,0,0,0
2016-05-01,,,,,,,,,,,,,,,,,,,,,,,,,,,,,,,,,,,,,,,,,0,0,0,0,0,0,0,0,0,0,0,0,0,0,0,0,0,0,0,0,0,0,0,0,0,0,0,0,0,0,0,0,0,0,0,0,0,0,0,0
2016-05-02,,,,,,,,,,,,,,,,,,,,,,,,,,,,,,,,,,,,,,,,,0,0,0,0,0,0,0,0,0,0,0,0,0,0,0,0,0,0,0,0,0,0,0,0,0,0,0,0,0,0,0,0,0,0,0,0,0,0,0,0
2016-05-03,,,,,,,,,,,,,,,,,,,,,,,,,,,,,,,,,,,,,,,,,0,0,0,0,0,0,0,0,0,0,0,0,0,0,0,0,0,0,0,0,0,0,0,0,0,0,0,0,0,0,0,0,0,0,0,0,0,0,0,0
2016-05-04,,,,,,,,,,,,,,,,,,,,,,,,,,,,,,,,,,,,,,,,,0,0,0,0,0,0,0,0,0,0,0,0,0,0,0,0,0,0,0,0,0,0,0,0,0,0,0,0,0,0,0,0,0,0,0,0,0,0,0,0
2016-05-05,,,,,,,,,,,,,,,,,,,,,,,,,,,,,,,,,,,,,,,,,0,0,0,0,0,0,0,0,0,0,0,0,0,0,0,0,0,0,0,0,0,0,0,0,0,0,0,0,0,0,0,0,0,0,0,0,0,0,0,0
2016-05-06,,,,,,,,,,,,,,,,,,,,,,,,,,,,,,,,,,,,,,,,,0,0,0,0,0,0,0,0,0,0,0,0,0,0,0,0,0,0,0,0,0,0,0,0,0,0,0,0,0,0,0,0,0,0,0,0,0,0,0,0
2016-05-07,,,,,,,,,,,,,,,,,,,,,,,,,,,,,,,,,,,,,,,,,0,0,0,0,0,0,0,0,0,0,0,0,0,0,0,0,0,0,0,0,0,0,0,0,0,0,0,0,0,0,0,0,0,0,0,0,0,0,0,0
2016-05-08,,,,,,,,,,,,,,,,,,,,,,,,,,,,,,,,,,,,,,,,,0,0,0,0,0,0,0,0,0,0,0,0,0,0,0,0,0,0,0,0,0,0,0,0,0,0,0,0,0,0,0,0,0,0,0,0,0,0,0,0
2016-05-09,,,,,,,,,,,,,,,,,,,,,,,,,,,,,,,,,,,,,,,,,0,0,0,0,0,0,0,0,0,0,0,0,0,0,0,0,0,0,0,0,0,0,0,0,0,0,0,0,0,0,0,0,0,0,0,0,0,0,0,0
2016-05-10,,,,,,,,,,,,,,,,,,,,,,,,,,,,,,,,,,,,,,,,,0,0,0,0,0,0,0,0,0,0,0,0,0,0,0,0,0,0,0,0,0,0,0,0,0,0,0,0,0,0,0,0,0,0,0,0,0,0,0,0
2016-05-11,,,,,,,,,,,,,,,,,,,,,,,,,,,,,,,,,,,,,,,,,0,0,0,0,0,0,0,0,0,0,0,0,0,0,0,0,0,0,0,0,0,0,0,0,0,0,0,0,0,0,0,0,0,0,0,0,0,0,0,0
2016-05-12,,,,,,,,,,,,,,,,,,,,,,,,,,,,,,,,,,,,,,,,,0,0,0,0,0,0,0,0,0,0,0,0,0,0,0,0,0,0,0,0,0,0,0,0,0,0,0,0,0,0,0,0,0,0,0,0,0,0,0,0
2016-05-13,,,,,,,,,,,,,,,,,,,,,,,,,,,,,,,,,,,,,,,,,0,0,0,0,0,0,0,0,0,0,0,0,0,0,0,0,0,0,0,0,0,0,0,0,0,0,0,0,0,0,0,0,0,0,0,0,0,0,0,0
2016-05-14,,,,,,,,,,,,,,,,,,,,,,,,,,,,,,,,,,,,,,,,,0,0,0,0,0,0,0,0,0,0,0,0,0,0,0,0,0,0,0,0,0,0,0,0,0,0,0,0,0,0,0,0,0,0,0,0,0,0,0,0
2016-05-15,,,,,,,,,,,,,,,,,,,,,,,,,,,,,,,,,,,,,,,,,0,0,0,0,0,0,0,0,0,0,0,0,0,0,0,0,0,0,0,0,0,0,0,0,0,0,0,0,0,0,0,0,0,0,0,0,0,0,0,0
2016-05-16,,,,,,,,,,,,,,,,,,,,,,,,,,,,,,,,,,,,,,,,,0,0,0,0,0,0,0,0,0,0,0,0,0,0,0,0,0,0,0,0,0,0,0,0,0,0,0,0,0,0,0,0,0,0,0,0,0,0,0,0
2016-05-17,,,,,,,,,,,,,,,,,,,,,,,,,,,,,,,,,,,,,,,,,0,0,0,0,0,0,0,0,0,0,0,0,0,0,0,0,0,0,0,0,0,0,0,0,0,0,0,0,0,0,0,0,0,0,0,0,0,0,0,0
2016-05-18,,,,,,,,,,,,,,,,,,,,,,,,,,,,,,,,,,,,,,,,,0,0,0,0,0,0,0,0,0,0,0,0,0,0,0,0,0,0,0,0,0,0,0,0,0,0,0,0,0,0,0,0,0,0,0,0,0,0,0,0
2016-05-19,,,,,,,,,,,,,,,,,,,,,,,,,,,,,,,,,,,,,,,,,0,0,0,0,0,0,0,0,0,0,0,0,0,0,0,0,0,0,0,0,0,0,0,0,0,0,0,0,0,0,0,0,0,0,0,0,0,0,0,0
2016-05-20,,,,,,,,,,,,,,,,,,,,,,,,,,,,,,,,,,,,,,,,,0,0,0,0,0,0,0,0,0,0,0,0,0,0,0,0,0,0,0,0,0,0,0,0,0,0,0,0,0,0,0,0,0,0,0,0,0,0,0,0
2016-05-21,,,,,,,,,,,,,,,,,,,,,,,,,,,,,,,,,,,,,,,,,0,0,0,0,0,0,0,0,0,0,0,0,0,0,0,0,0,0,0,0,0,0,0,0,0,0,0,0,0,0,0,0,0,0,0,0,0,0,0,0
2016-05-22,,,,,,,,,,,,,,,,,,,,,,,,,,,,,,,,,,,,,,,,,0,0,0,0,0,0,0,0,0,0,0,0,0,0,0,0,0,0,0,0,0,0,0,0,0,0,0,0,0,0,0,0,0,0,0,0,0,0,0,0
2016-05-23,,,,,,,,,,,,,,,,,,,,,,,,,,,,,,,,,,,,,,,,,0,0,0,0,0,0,0,0,0,0,0,0,0,0,0,0,0,0,0,0,0,0,0,0,0,0,0,0,0,0,0,0,0,0,0,0,0,0,0,0
2016-05-24,,,,,,,,,,,,,,,,,,,,,,,,,,,,,,,,,,,,,,,,,0,0,0,0,0,0,0,0,0,0,0,0,0,0,0,0,0,0,0,0,0,0,0,0,0,0,0,0,0,0,0,0,0,0,0,0,0,0,0,0
2016-05-25,,,,,,,,,,,,,,,,,,,,,,,,,,,,,,,,,,,,,,,,,0,0,0,0,0,0,0,0,0,0,0,0,0,0,0,0,0,0,0,0,0,0,0,0,0,0,0,0,0,0,0,0,0,0,0,0,0,0,0,0
2016-05-26,,,,,,,,,,,,,,,,,,,,,,,,,,,,,,,,,,,,,,,,,0,0,0,0,0,0,0,0,0,0,0,0,0,0,0,0,0,0,0,0,0,0,0,0,0,0,0,0,0,0,0,0,0,0,0,0,0,0,0,0
2016-05-27,,,,,,,,,,,,,,,,,,,,,,,,,,,,,,,,,,,,,,,,,0,0,0,0,0,0,0,0,0,0,0,0,0,0,0,0,0,0,0,0,0,0,0,0,0,0,0,0,0,0,0,0,0,0,0,0,0,0,0,0
2016-05-28,,,,,,,,,,,,,,,,,,,,,,,,,,,,,,,,,,,,,,,,,0,0,0,0,0,0,0,0,0,0,0,0,0,0,0,0,0,0,0,0,0,0,0,0,0,0,0,0,0,0,0,0,0,0,0,0,0,0,0,0
2016-05-29,,,,,,,,,,,,,,,,,,,,,,,,,,,,,,,,,,,,,,,,,0,0,0,0,0,0,0,0,0,0,0,0,0,0,0,0,0,0,0,0,0,0,0,0,0,0,0,0,0,0,0,0,0,0,0,0,0,0,0,0
2016-05-30,,,,,,,,,,,,,,,,,,,,,,,,,,,,,,,,,,,,,,,,,0,0,0,0,0,0,0,0,0,0,0,0,0,0,0,0,0,0,0,0,0,0,0,0,0,0,0,0,0,0,0,0,0,0,0,0,0,0,0,0
2016-05-31,,,,,,,,,,,,,,,,,,,,,,,,,,,,,,,,,,,,,,,,,0,0,0,0,0,0,0,0,0,0,0,0,0,0,0,0,0,0,0,0,0,0,0,0,0,0,0,0,0,0,0,0,0,0,0,0,0,0,0,0
2016-06-01,,,,,,,,,,,,,,,,,,,,,,,,,,,,,,,,,,,,,,,,,0,0,0,0,0,0,0,0,0,0,0,0,0,0,0,0,0,0,0,0,0,0,0,0,0,0,0,0,0,0,0,0,0,0,0,0,0,0,0,0
2016-06-02,,,,,,,,,,,,,,,,,,,,,,,,,,,,,,,,,,,,,,,,,0,0,0,0,0,0,0,0,0,0,0,0,0,0,0,0,0,0,0,0,0,0,0,0,0,0,0,0,0,0,0,0,0,0,0,0,0,0,0,0
2016-06-03,,,,,,,,,,,,,,,,,,,,,,,,,,,,,,,,,,,,,,,,,0,0,0,0,0,0,0,0,0,0,0,0,0,0,0,0,0,0,0,0,0,0,0,0,0,0,0,0,0,0,0,0,0,0,0,0,0,0,0,0
2016-06-04,,,,,,,,,,,,,,,,,,,,,,,,,,,,,,,,,,,,,,,,,0,0,0,0,0,0,0,0,0,0,0,0,0,0,0,0,0,0,0,0,0,0,0,0,0,0,0,0,0,0,0,0,0,0,0,0,0,0,0,0
2016-06-05,,,,,,,,,,,,,,,,,,,,,,,,,,,,,,,,,,,,,,,,,0,0,0,0,0,0,0,0,0,0,0,0,0,0,0,0,0,0,0,0,0,0,0,0,0,0,0,0,0,0,0,0,0,0,0,0,0,0,0,0
2016-06-06,,,,,,,,,,,,,,,,,,,,,,,,,,,,,,,,,,,,,,,,,0,0,0,0,0,0,0,0,0,0,0,0,0,0,0,0,0,0,0,0,0,0,0,0,0,0,0,0,0,0,0,0,0,0,0,0,0,0,0,0
2016-06-07,,,,,,,,,,,,,,,,,,,,,,,,,,,,,,,,,,,,,,,,,0,0,0,0,0,0,0,0,0,0,0,0,0,0,0,0,0,0,0,0,0,0,0,0,0,0,0,0,0,0,0,0,0,0,0,0,0,0,0,0
2016-06-08,,,,,,,,,,,,,,,,,,,,,,,,,,,,,,,,,,,,,,,,,0,0,0,0,0,0,0,0,0,0,0,0,0,0,0,0,0,0,0,0,0,0,0,0,0,0,0,0,0,0,0,0,0,0,0,0,0,0,0,0
2016-06-09,,,,,,,,,,,,,,,,,,,,,,,,,,,,,,,,,,,,,,,,,0,0,0,0,0,0,0,0,0,0,0,0,0,0,0,0,0,0,0,0,0,0,0,0,0,0,0,0,0,0,0,0,0,0,0,0,0,0,0,0
2016-06-10,,,,,,,,,,,,,,,,,,,,,,,,,,,,,,,,,,,,,,,,,0,0,0,0,0,0,0,0,0,0,0,0,0,0,0,0,0,0,0,0,0,0,0,0,0,0,0,0,0,0,0,0,0,0,0,0,0,0,0,0
2016-06-11,,,,,,,,,,,,,,,,,,,,,,,,,,,,,,,,,,,,,,,,,0,0,0,0,0,0,0,0,0,0,0,0,0,0,0,0,0,0,0,0,0,0,0,0,0,0,0,0,0,0,0,0,0,0,0,0,0,0,0,0
2016-06-12,,,,,,,,,,,,,,,,,,,,,,,,,,,,,,,,,,,,,,,,,0,0,0,0,0,0,0,0,0,0,0,0,0,0,0,0,0,0,0,0,0,0,0,0,0,0,0,0,0,0,0,0,0,0,0,0,0,0,0,0
2016-06-13,,,,,,,,,,,,,,,,,,,,,,,,,,,,,,,,,,,,,,,,,0,0,0,0,0,0,0,0,0,0,0,0,0,0,0,0,0,0,0,0,0,0,0,0,0,0,0,0,0,0,0,0,0,0,0,0,0,0,0,0
2016-06-14,,,,,,,,,,,,,,,,,,,,,,,,,,,,,,,,,,,,,,,,,0,0,0,0,0,0,0,0,0,0,0,0,0,0,0,0,0,0,0,0,0,0,0,0,0,0,0,0,0,0,0,0,0,0,0,0,0,0,0,0
2016-06-15,,,,,,,,,,,,,,,,,,,,,,,,,,,,,,,,,,,,,,,,,0,0,0,0,0,0,0,0,0,0,0,0,0,0,0,0,0,0,0,0,0,0,0,0,0,0,0,0,0,0,0,0,0,0,0,0,0,0,0,0
2016-06-16,,,,,,,,,,,,,,,,,,,,,,,,,,,,,,,,,,,,,,,,,0,0,0,0,0,0,0,0,0,0,0,0,0,0,0,0,0,0,0,0,0,0,0,0,0,0,0,0,0,0,0,0,0,0,0,0,0,0,0,0
2016-06-17,,,,,,,,,,,,,,,,,,,,,,,,,,,,,,,,,,,,,,,,,0,0,0,0,0,0,0,0,0,0,0,0,0,0,0,0,0,0,0,0,0,0,0,0,0,0,0,0,0,0,0,0,0,0,0,0,0,0,0,0
2016-06-18,,,,,,,,,,,,,,,,,,,,,,,,,,,,,,,,,,,,,,,,,0,0,0,0,0,0,0,0,0,0,0,0,0,0,0,0,0,0,0,0,0,0,0,0,0,0,0,0,0,0,0,0,0,0,0,0,0,0,0,0
2016-06-19,,,,,,,,,,,,,,,,,,,,,,,,,,,,,,,,,,,,,,,,,0,0,0,0,0,0,0,0,0,0,0,0,0,0,0,0,0,0,0,0,0,0,0,0,0,0,0,0,0,0,0,0,0,0,0,0,0,0,0,0
2016-06-20,,,,,,,,,,,,,,,,,,,,,,,,,,,,,,,,,,,,,,,,,0,0,0,0,0,0,0,0,0,0,0,0,0,0,0,0,0,0,0,0,0,0,0,0,0,0,0,0,0,0,0,0,0,0,0,0,0,0,0,0
2016-06-21,,,,,,,,,,,,,,,,,,,,,,,,,,,,,,,,,,,,,,,,,0,0,0,0,0,0,0,0,0,0,0,0,0,0,0,0,0,0,0,0,0,0,0,0,0,0,0,0,0,0,0,0,0,0,0,0,0,0,0,0
2016-06-22,,,,,,,,,,,,,,,,,,,,,,,,,,,,,,,,,,,,,,,,,0,0,0,0,0,0,0,0,0,0,0,0,0,0,0,0,0,0,0,0,0,0,0,0,0,0,0,0,0,0,0,0,0,0,0,0,0,0,0,0
2016-06-23,,,,,,,,,,,,,,,,,,,,,,,,,,,,,,,,,,,,,,,,,0,0,0,0,0,0,0,0,0,0,0,0,0,0,0,0,0,0,0,0,0,0,0,0,0,0,0,0,0,0,0,0,0,0,0,0,0,0,0,0
2016-06-24,,,,,,,,,,,,,,,,,,,,,,,,,,,,,,,,,,,,,,,,,0,0,0,0,0,0,0,0,0,0,0,0,0,0,0,0,0,0,0,0,0,0,0,0,0,0,0,0,0,0,0,0,0,0,0,0,0,0,0,0
2016-06-25,,,,,,,,,,,,,,,,,,,,,,,,,,,,,,,,,,,,,,,,,0,0,0,0,0,0,0,0,0,0,0,0,0,0,0,0,0,0,0,0,0,0,0,0,0,0,0,0,0,0,0,0,0,0,0,0,0,0,0,0
2016-06-26,,,,,,,,,,,,,,,,,,,,,,,,,,,,,,,,,,,,,,,,,0,0,0,0,0,0,0,0,0,0,0,0,0,0,0,0,0,0,0,0,0,0,0,0,0,0,0,0,0,0,0,0,0,0,0,0,0,0,0,0
2016-06-27,,,,,,,,,,,,,,,,,,,,,,,,,,,,,,,,,,,,,,,,,0,0,0,0,0,0,0,0,0,0,0,0,0,0,0,0,0,0,0,0,0,0,0,0,0,0,0,0,0,0,0,0,0,0,0,0,0,0,0,0
2016-06-28,,,,,,,,,,,,,,,,,,,,,,,,,,,,,,,,,,,,,,,,,0,0,0,0,0,0,0,0,0,0,0,0,0,0,0,0,0,0,0,0,0,0,0,0,0,0,0,0,0,0,0,0,0,0,0,0,0,0,0,0
2016-06-29,,,,,,,,,,,,,,,,,,,,,,,,,,,,,,,,,,,,,,,,,0,0,0,0,0,0,0,0,0,0,0,0,0,0,0,0,0,0,0,0,0,0,0,0,0,0,0,0,0,0,0,0,0,0,0,0,0,0,0,0
2016-06-30,,,,,,,,,,,,,,,,,,,,,,,,,,,,,,,,,,,,,,,,,0,0,0,0,0,0,0,0,0,0,0,0,0,0,0,0,0,0,0,0,0,0,0,0,0,0,0,0,0,0,0,0,0,0,0,0,0,0,0,0
2016-07-01,,,,,,,,,,,,,,,,,,,,,,,,,,,,,,,,,,,,,,,,,0,0,0,0,0,0,0,0,0,0,0,0,0,0,0,0,0,0,0,0,0,0,0,0,0,0,0,0,0,0,0,0,0,0,0,0,0,0,0,0
2016-07-02,,,,,,,,,,,,,,,,,,,,,,,,,,,,,,,,,,,,,,,,,0,0,0,0,0,0,0,0,0,0,0,0,0,0,0,0,0,0,0,0,0,0,0,0,0,0,0,0,0,0,0,0,0,0,0,0,0,0,0,0
2016-07-03,,,,,,,,,,,,,,,,,,,,,,,,,,,,,,,,,,,,,,,,,0,0,0,0,0,0,0,0,0,0,0,0,0,0,0,0,0,0,0,0,0,0,0,0,0,0,0,0,0,0,0,0,0,0,0,0,0,0,0,0
2016-07-04,,,,,,,,,,,,,,,,,,,,,,,,,,,,,,,,,,,,,,,,,0,0,0,0,0,0,0,0,0,0,0,0,0,0,0,0,0,0,0,0,0,0,0,0,0,0,0,0,0,0,0,0,0,0,0,0,0,0,0,0
2016-07-05,,,,,,,,,,,,,,,,,,,,,,,,,,,,,,,,,,,,,,,,,0,0,0,0,0,0,0,0,0,0,0,0,0,0,0,0,0,0,0,0,0,0,0,0,0,0,0,0,0,0,0,0,0,0,0,0,0,0,0,0
2016-07-06,,,,,,,,,,,,,,,,,,,,,,,,,,,,,,,,,,,,,,,,,0,0,0,0,0,0,0,0,0,0,0,0,0,0,0,0,0,0,0,0,0,0,0,0,0,0,0,0,0,0,0,0,0,0,0,0,0,0,0,0
2016-07-07,,,,,,,,,,,,,,,,,,,,,,,,,,,,,,,,,,,,,,,,,0,0,0,0,0,0,0,0,0,0,0,0,0,0,0,0,0,0,0,0,0,0,0,0,0,0,0,0,0,0,0,0,0,0,0,0,0,0,0,0
2016-07-08,,,,,,,,,,,,,,,,,,,,,,,,,,,,,,,,,,,,,,,,,0,0,0,0,0,0,0,0,0,0,0,0,0,0,0,0,0,0,0,0,0,0,0,0,0,0,0,0,0,0,0,0,0,0,0,0,0,0,0,0
2016-07-09,,,,,,,,,,,,,,,,,,,,,,,,,,,,,,,,,,,,,,,,,0,0,0,0,0,0,0,0,0,0,0,0,0,0,0,0,0,0,0,0,0,0,0,0,0,0,0,0,0,0,0,0,0,0,0,0,0,0,0,0
2016-07-10,,,,,,,,,,,,,,,,,,,,,,,,,,,,,,,,,,,,,,,,,0,0,0,0,0,0,0,0,0,0,0,0,0,0,0,0,0,0,0,0,0,0,0,0,0,0,0,0,0,0,0,0,0,0,0,0,0,0,0,0
2016-07-11,,,,,,,,,,,,,,,,,,,,,,,,,,,,,,,,,,,,,,,,,0,0,0,0,0,0,0,0,0,0,0,0,0,0,0,0,0,0,0,0,0,0,0,0,0,0,0,0,0,0,0,0,0,0,0,0,0,0,0,0
2016-07-12,,,,,,,,,,,,,,,,,,,,,,,,,,,,,,,,,,,,,,,,,0,0,0,0,0,0,0,0,0,0,0,0,0,0,0,0,0,0,0,0,0,0,0,0,0,0,0,0,0,0,0,0,0,0,0,0,0,0,0,0
2016-07-13,,,,,,,,,,,,,,,,,,,,,,,,,,,,,,,,,,,,,,,,,0,0,0,0,0,0,0,0,0,0,0,0,0,0,0,0,0,0,0,0,0,0,0,0,0,0,0,0,0,0,0,0,0,0,0,0,0,0,0,0
2016-07-14,,,,,,,,,,,,,,,,,,,,,,,,,,,,,,,,,,,,,,,,,0,0,0,0,0,0,0,0,0,0,0,0,0,0,0,0,0,0,0,0,0,0,0,0,0,0,0,0,0,0,0,0,0,0,0,0,0,0,0,0
2016-07-15,,,,,,,,,,,,,,,,,,,,,,,,,,,,,,,,,,,,,,,,,0,0,0,0,0,0,0,0,0,0,0,0,0,0,0,0,0,0,0,0,0,0,0,0,0,0,0,0,0,0,0,0,0,0,0,0,0,0,0,0
2016-07-16,,,,,,,,,,,,,,,,,,,,,,,,,,,,,,,,,,,,,,,,,0,0,0,0,0,0,0,0,0,0,0,0,0,0,0,0,0,0,0,0,0,0,0,0,0,0,0,0,0,0,0,0,0,0,0,0,0,0,0,0
2016-07-17,,,,,,,,,,,,,,,,,,,,,,,,,,,,,,,,,,,,,,,,,0,0,0,0,0,0,0,0,0,0,0,0,0,0,0,0,0,0,0,0,0,0,0,0,0,0,0,0,0,0,0,0,0,0,0,0,0,0,0,0
2016-07-18,,,,,,,,,,,,,,,,,,,,,,,,,,,,,,,,,,,,,,,,,0,0,0,0,0,0,0,0,0,0,0,0,0,0,0,0,0,0,0,0,0,0,0,0,0,0,0,0,0,0,0,0,0,0,0,0,0,0,0,0
2016-07-19,,,,,,,,,,,,,,,,,,,,,,,,,,,,,,,,,,,,,,,,,0,0,0,0,0,0,0,0,0,0,0,0,0,0,0,0,0,0,0,0,0,0,0,0,0,0,0,0,0,0,0,0,0,0,0,0,0,0,0,0
2016-07-20,,,,,,,,,,,,,,,,,,,,,,,,,,,,,,,,,,,,,,,,,0,0,0,0,0,0,0,0,0,0,0,0,0,0,0,0,0,0,0,0,0,0,0,0,0,0,0,0,0,0,0,0,0,0,0,0,0,0,0,0
2016-07-21,,,,,,,,,,,,,,,,,,,,,,,,,,,,,,,,,,,,,,,,,0,0,0,0,0,0,0,0,0,0,0,0,0,0,0,0,0,0,0,0,0,0,0,0,0,0,0,0,0,0,0,0,0,0,0,0,0,0,0,0
2016-07-22,,,,,,,,,,,,,,,,,,,,,,,,,,,,,,,,,,,,,,,,,0,0,0,0,0,0,0,0,0,0,0,0,0,0,0,0,0,0,0,0,0,0,0,0,0,0,0,0,0,0,0,0,0,0,0,0,0,0,0,0
2016-07-23,,,,,,,,,,,,,,,,,,,,,,,,,,,,,,,,,,,,,,,,,0,0,0,0,0,0,0,0,0,0,0,0,0,0,0,0,0,0,0,0,0,0,0,0,0,0,0,0,0,0,0,0,0,0,0,0,0,0,0,0
2016-07-24,,,,,,,,,,,,,,,,,,,,,,,,,,,,,,,,,,,,,,,,,0,0,0,0,0,0,0,0,0,0,0,0,0,0,0,0,0,0,0,0,0,0,0,0,0,0,0,0,0,0,0,0,0,0,0,0,0,0,0,0
2016-07-25,,,,,,,,,,,,,,,,,,,,,,,,,,,,,,,,,,,,,,,,,0,0,0,0,0,0,0,0,0,0,0,0,0,0,0,0,0,0,0,0,0,0,0,0,0,0,0,0,0,0,0,0,0,0,0,0,0,0,0,0
2016-07-26,,,,,,,,,,,,,,,,,,,,,,,,,,,,,,,,,,,,,,,,,0,0,0,0,0,0,0,0,0,0,0,0,0,0,0,0,0,0,0,0,0,0,0,0,0,0,0,0,0,0,0,0,0,0,0,0,0,0,0,0
2016-07-27,,,,,,,,,,,,,,,,,,,,,,,,,,,,,,,,,,,,,,,,,0,0,0,0,0,0,0,0,0,0,0,0,0,0,0,0,0,0,0,0,0,0,0,0,0,0,0,0,0,0,0,0,0,0,0,0,0,0,0,0
2016-07-28,,,,,,,,,,,,,,,,,,,,,,,,,,,,,,,,,,,,,,,,,0,0,0,0,0,0,0,0,0,0,0,0,0,0,0,0,0,0,0,0,0,0,0,0,0,0,0,0,0,0,0,0,0,0,0,0,0,0,0,0
2016-07-29,,,,,,,,,,,,,,,,,,,,,,,,,,,,,,,,,,,,,,,,,0,0,0,0,0,0,0,0,0,0,0,0,0,0,0,0,0,0,0,0,0,0,0,0,0,0,0,0,0,0,0,0,0,0,0,0,0,0,0,0
2016-07-30,,,,,,,,,,,,,,,,,,,,,,,,,,,,,,,,,,,,,,,,,0,0,0,0,0,0,0,0,0,0,0,0,0,0,0,0,0,0,0,0,0,0,0,0,0,0,0,0,0,0,0,0,0,0,0,0,0,0,0,0
2016-07-31,,,,,,,,,,,,,,,,,,,,,,,,,,,,,,,,,,,,,,,,,0,0,0,0,0,0,0,0,0,0,0,0,0,0,0,0,0,0,0,0,0,0,0,0,0,0,0,0,0,0,0,0,0,0,0,0,0,0,0,0
2016-08-01,,,,,,,,,,,,,,,,,,,,,,,,,,,,,,,,,,,,,,,,,0,0,0,0,0,0,0,0,0,0,0,0,0,0,0,0,0,0,0,0,0,0,0,0,0,0,0,0,0,0,0,0,0,0,0,0,0,0,0,0
2016-08-02,,,,,,,,,,,,,,,,,,,,,,,,,,,,,,,,,,,,,,,,,0,0,0,0,0,0,0,0,0,0,0,0,0,0,0,0,0,0,0,0,0,0,0,0,0,0,0,0,0,0,0,0,0,0,0,0,0,0,0,0
2016-08-03,,,,,,,,,,,,,,,,,,,,,,,,,,,,,,,,,,,,,,,,,0,0,0,0,0,0,0,0,0,0,0,0,0,0,0,0,0,0,0,0,0,0,0,0,0,0,0,0,0,0,0,0,0,0,0,0,0,0,0,0
2016-08-04,,,,,,,,,,,,,,,,,,,,,,,,,,,,,,,,,,,,,,,,,0,0,0,0,0,0,0,0,0,0,0,0,0,0,0,0,0,0,0,0,0,0,0,0,0,0,0,0,0,0,0,0,0,0,0,0,0,0,0,0
2016-08-05,,,,,,,,,,,,,,,,,,,,,,,,,,,,,,,,,,,,,,,,,0,0,0,0,0,0,0,0,0,0,0,0,0,0,0,0,0,0,0,0,0,0,0,0,0,0,0,0,0,0,0,0,0,0,0,0,0,0,0,0
2016-08-06,,,,,,,,,,,,,,,,,,,,,,,,,,,,,,,,,,,,,,,,,0,0,0,0,0,0,0,0,0,0,0,0,0,0,0,0,0,0,0,0,0,0,0,0,0,0,0,0,0,0,0,0,0,0,0,0,0,0,0,0
2016-08-07,,,,,,,,,,,,,,,,,,,,,,,,,,,,,,,,,,,,,,,,,0,0,0,0,0,0,0,0,0,0,0,0,0,0,0,0,0,0,0,0,0,0,0,0,0,0,0,0,0,0,0,0,0,0,0,0,0,0,0,0
2016-08-08,,,,,,,,,,,,,,,,,,,,,,,,,,,,,,,,,,,,,,,,,0,0,0,0,0,0,0,0,0,0,0,0,0,0,0,0,0,0,0,0,0,0,0,0,0,0,0,0,0,0,0,0,0,0,0,0,0,0,0,0
2016-08-09,,,,,,,,,,,,,,,,,,,,,,,,,,,,,,,,,,,,,,,,,0,0,0,0,0,0,0,0,0,0,0,0,0,0,0,0,0,0,0,0,0,0,0,0,0,0,0,0,0,0,0,0,0,0,0,0,0,0,0,0
2016-08-10,,,,,,,,,,,,,,,,,,,,,,,,,,,,,,,,,,,,,,,,,0,0,0,0,0,0,0,0,0,0,0,0,0,0,0,0,0,0,0,0,0,0,0,0,0,0,0,0,0,0,0,0,0,0,0,0,0,0,0,0
2016-08-11,,,,,,,,,,,,,,,,,,,,,,,,,,,,,,,,,,,,,,,,,0,0,0,0,0,0,0,0,0,0,0,0,0,0,0,0,0,0,0,0,0,0,0,0,0,0,0,0,0,0,0,0,0,0,0,0,0,0,0,0
2016-08-12,,,,,,,,,,,,,,,,,,,,,,,,,,,,,,,,,,,,,,,,,0,0,0,0,0,0,0,0,0,0,0,0,0,0,0,0,0,0,0,0,0,0,0,0,0,0,0,0,0,0,0,0,0,0,0,0,0,0,0,0
2016-08-13,,,,,,,,,,,,,,,,,,,,,,,,,,,,,,,,,,,,,,,,,0,0,0,0,0,0,0,0,0,0,0,0,0,0,0,0,0,0,0,0,0,0,0,0,0,0,0,0,0,0,0,0,0,0,0,0,0,0,0,0
2016-08-14,,,,,,,,,,,,,,,,,,,,,,,,,,,,,,,,,,,,,,,,,0,0,0,0,0,0,0,0,0,0,0,0,0,0,0,0,0,0,0,0,0,0,0,0,0,0,0,0,0,0,0,0,0,0,0,0,0,0,0,0
2016-08-15,,,,,,,,,,,,,,,,,,,,,,,,,,,,,,,,,,,,,,,,,0,0,0,0,0,0,0,0,0,0,0,0,0,0,0,0,0,0,0,0,0,0,0,0,0,0,0,0,0,0,0,0,0,0,0,0,0,0,0,0
2016-08-16,,,,,,,,,,,,,,,,,,,,,,,,,,,,,,,,,,,,,,,,,0,0,0,0,0,0,0,0,0,0,0,0,0,0,0,0,0,0,0,0,0,0,0,0,0,0,0,0,0,0,0,0,0,0,0,0,0,0,0,0
2016-08-17,,,,,,,,,,,,,,,,,,,,,,,,,,,,,,,,,,,,,,,,,0,0,0,0,0,0,0,0,0,0,0,0,0,0,0,0,0,0,0,0,0,0,0,0,0,0,0,0,0,0,0,0,0,0,0,0,0,0,0,0
2016-08-18,,,,,,,,,,,,,,,,,,,,,,,,,,,,,,,,,,,,,,,,,0,0,0,0,0,0,0,0,0,0,0,0,0,0,0,0,0,0,0,0,0,0,0,0,0,0,0,0,0,0,0,0,0,0,0,0,0,0,0,0
2016-08-19,,,,,,,,,,,,,,,,,,,,,,,,,,,,,,,,,,,,,,,,,0,0,0,0,0,0,0,0,0,0,0,0,0,0,0,0,0,0,0,0,0,0,0,0,0,0,0,0,0,0,0,0,0,0,0,0,0,0,0,0
2016-08-20,,,,,,,,,,,,,,,,,,,,,,,,,,,,,,,,,,,,,,,,,0,0,0,0,0,0,0,0,0,0,0,0,0,0,0,0,0,0,0,0,0,0,0,0,0,0,0,0,0,0,0,0,0,0,0,0,0,0,0,0
2016-08-21,,,,,,,,,,,,,,,,,,,,,,,,,,,,,,,,,,,,,,,,,0,0,0,0,0,0,0,0,0,0,0,0,0,0,0,0,0,0,0,0,0,0,0,0,0,0,0,0,0,0,0,0,0,0,0,0,0,0,0,0
2016-08-22,,,,,,,,,,,,,,,,,,,,,,,,,,,,,,,,,,,,,,,,,0,0,0,0,0,0,0,0,0,0,0,0,0,0,0,0,0,0,0,0,0,0,0,0,0,0,0,0,0,0,0,0,0,0,0,0,0,0,0,0
2016-08-23,,,,,,,,,,,,,,,,,,,,,,,,,,,,,,,,,,,,,,,,,0,0,0,0,0,0,0,0,0,0,0,0,0,0,0,0,0,0,0,0,0,0,0,0,0,0,0,0,0,0,0,0,0,0,0,0,0,0,0,0
2016-08-24,,,,,,,,,,,,,,,,,,,,,,,,,,,,,,,,,,,,,,,,,0,0,0,0,0,0,0,0,0,0,0,0,0,0,0,0,0,0,0,0,0,0,0,0,0,0,0,0,0,0,0,0,0,0,0,0,0,0,0,0
2016-08-25,,,,,,,,,,,,,,,,,,,,,,,,,,,,,,,,,,,,,,,,,0,0,0,0,0,0,0,0,0,0,0,0,0,0,0,0,0,0,0,0,0,0,0,0,0,0,0,0,0,0,0,0,0,0,0,0,0,0,0,0
2016-08-26,,,,,,,,,,,,,,,,,,,,,,,,,,,,,,,,,,,,,,,,,0,0,0,0,0,0,0,0,0,0,0,0,0,0,0,0,0,0,0,0,0,0,0,0,0,0,0,0,0,0,0,0,0,0,0,0,0,0,0,0
2016-08-27,,,,,,,,,,,,,,,,,,,,,,,,,,,,,,,,,,,,,,,,,0,0,0,0,0,0,0,0,0,0,0,0,0,0,0,0,0,0,0,0,0,0,0,0,0,0,0,0,0,0,0,0,0,0,0,0,0,0,0,0
2016-08-28,,,,,,,,,,,,,,,,,,,,,,,,,,,,,,,,,,,,,,,,,0,0,0,0,0,0,0,0,0,0,0,0,0,0,0,0,0,0,0,0,0,0,0,0,0,0,0,0,0,0,0,0,0,0,0,0,0,0,0,0
2016-08-29,,,,,,,,,,,,,,,,,,,,,,,,,,,,,,,,,,,,,,,,,0,0,0,0,0,0,0,0,0,0,0,0,0,0,0,0,0,0,0,0,0,0,0,0,0,0,0,0,0,0,0,0,0,0,0,0,0,0,0,0
2016-08-30,,,,,,,,,,,,,,,,,,,,,,,,,,,,,,,,,,,,,,,,,0,0,0,0,0,0,0,0,0,0,0,0,0,0,0,0,0,0,0,0,0,0,0,0,0,0,0,0,0,0,0,0,0,0,0,0,0,0,0,0
2016-08-31,,,,,,,,,,,,,,,,,,,,,,,,,,,,,,,,,,,,,,,,,0,0,0,0,0,0,0,0,0,0,0,0,0,0,0,0,0,0,0,0,0,0,0,0,0,0,0,0,0,0,0,0,0,0,0,0,0,0,0,0
2016-09-01,,,,,,,,,,,,,,,,,,,,,,,,,,,,,,,,,,,,,,,,,0,0,0,0,0,0,0,0,0,0,0,0,0,0,0,0,0,0,0,0,0,0,0,0,0,0,0,0,0,0,0,0,0,0,0,0,0,0,0,0
2016-09-02,,,,,,,,,,,,,,,,,,,,,,,,,,,,,,,,,,,,,,,,,0,0,0,0,0,0,0,0,0,0,0,0,0,0,0,0,0,0,0,0,0,0,0,0,0,0,0,0,0,0,0,0,0,0,0,0,0,0,0,0
2016-09-03,,,,,,,,,,,,,,,,,,,,,,,,,,,,,,,,,,,,,,,,,0,0,0,0,0,0,0,0,0,0,0,0,0,0,0,0,0,0,0,0,0,0,0,0,0,0,0,0,0,0,0,0,0,0,0,0,0,0,0,0
2016-09-04,,,,,,,,,,,,,,,,,,,,,,,,,,,,,,,,,,,,,,,,,0,0,0,0,0,0,0,0,0,0,0,0,0,0,0,0,0,0,0,0,0,0,0,0,0,0,0,0,0,0,0,0,0,0,0,0,0,0,0,0
2016-09-05,,,,,,,,,,,,,,,,,,,,,,,,,,,,,,,,,,,,,,,,,0,0,0,0,0,0,0,0,0,0,0,0,0,0,0,0,0,0,0,0,0,0,0,0,0,0,0,0,0,0,0,0,0,0,0,0,0,0,0,0
2016-09-06,,,,,,,,,,,,,,,,,,,,,,,,,,,,,,,,,,,,,,,,,0,0,0,0,0,0,0,0,0,0,0,0,0,0,0,0,0,0,0,0,0,0,0,0,0,0,0,0,0,0,0,0,0,0,0,0,0,0,0,0
2016-09-07,,,,,,,,,,,,,,,,,,,,,,,,,,,,,,,,,,,,,,,,,0,0,0,0,0,0,0,0,0,0,0,0,0,0,0,0,0,0,0,0,0,0,0,0,0,0,0,0,0,0,0,0,0,0,0,0,0,0,0,0
2016-09-08,,,,,,,,,,,,,,,,,,,,,,,,,,,,,,,,,,,,,,,,,0,0,0,0,0,0,0,0,0,0,0,0,0,0,0,0,0,0,0,0,0,0,0,0,0,0,0,0,0,0,0,0,0,0,0,0,0,0,0,0
2016-09-09,,,,,,,,,,,,,,,,,,,,,,,,,,,,,,,,,,,,,,,,,0,0,0,0,0,0,0,0,0,0,0,0,0,0,0,0,0,0,0,0,0,0,0,0,0,0,0,0,0,0,0,0,0,0,0,0,0,0,0,0
2016-09-10,,,,,,,,,,,,,,,,,,,,,,,,,,,,,,,,,,,,,,,,,0,0,0,0,0,0,0,0,0,0,0,0,0,0,0,0,0,0,0,0,0,0,0,0,0,0,0,0,0,0,0,0,0,0,0,0,0,0,0,0
2016-09-11,,,,,,,,,,,,,,,,,,,,,,,,,,,,,,,,,,,,,,,,,0,0,0,0,0,0,0,0,0,0,0,0,0,0,0,0,0,0,0,0,0,0,0,0,0,0,0,0,0,0,0,0,0,0,0,0,0,0,0,0
2016-09-12,,,,,,,,,,,,,,,,,,,,,,,,,,,,,,,,,,,,,,,,,0,0,0,0,0,0,0,0,0,0,0,0,0,0,0,0,0,0,0,0,0,0,0,0,0,0,0,0,0,0,0,0,0,0,0,0,0,0,0,0
2016-09-13,,,,,,,,,,,,,,,,,,,,,,,,,,,,,,,,,,,,,,,,,0,0,0,0,0,0,0,0,0,0,0,0,0,0,0,0,0,0,0,0,0,0,0,0,0,0,0,0,0,0,0,0,0,0,0,0,0,0,0,0
2016-09-14,,,,,,,,,,,,,,,,,,,,,,,,,,,,,,,,,,,,,,,,,0,0,0,0,0,0,0,0,0,0,0,0,0,0,0,0,0,0,0,0,0,0,0,0,0,0,0,0,0,0,0,0,0,0,0,0,0,0,0,0
2016-09-15,,,,,,,,,,,,,,,,,,,,,,,,,,,,,,,,,,,,,,,,,0,0,0,0,0,0,0,0,0,0,0,0,0,0,0,0,0,0,0,0,0,0,0,0,0,0,0,0,0,0,0,0,0,0,0,0,0,0,0,0
2016-09-16,,,,,,,,,,,,,,,,,,,,,,,,,,,,,,,,,,,,,,,,,0,0,0,0,0,0,0,0,0,0,0,0,0,0,0,0,0,0,0,0,0,0,0,0,0,0,0,0,0,0,0,0,0,0,0,0,0,0,0,0
2016-09-17,,,,,,,,,,,,,,,,,,,,,,,,,,,,,,,,,,,,,,,,,0,0,0,0,0,0,0,0,0,0,0,0,0,0,0,0,0,0,0,0,0,0,0,0,0,0,0,0,0,0,0,0,0,0,0,0,0,0,0,0
2016-09-18,,,,,,,,,,,,,,,,,,,,,,,,,,,,,,,,,,,,,,,,,0,0,0,0,0,0,0,0,0,0,0,0,0,0,0,0,0,0,0,0,0,0,0,0,0,0,0,0,0,0,0,0,0,0,0,0,0,0,0,0
2016-09-19,,,,,,,,,,,,,,,,,,,,,,,,,,,,,,,,,,,,,,,,,0,0,0,0,0,0,0,0,0,0,0,0,0,0,0,0,0,0,0,0,0,0,0,0,0,0,0,0,0,0,0,0,0,0,0,0,0,0,0,0
2016-09-20,,,,,,,,,,,,,,,,,,,,,,,,,,,,,,,,,,,,,,,,,0,0,0,0,0,0,0,0,0,0,0,0,0,0,0,0,0,0,0,0,0,0,0,0,0,0,0,0,0,0,0,0,0,0,0,0,0,0,0,0
2016-09-21,,,,,,,,,,,,,,,,,,,,,,,,,,,,,,,,,,,,,,,,,0,0,0,0,0,0,0,0,0,0,0,0,0,0,0,0,0,0,0,0,0,0,0,0,0,0,0,0,0,0,0,0,0,0,0,0,0,0,0,0
2016-09-22,,,,,,,,,,,,,,,,,,,,,,,,,,,,,,,,,,,,,,,,,0,0,0,0,0,0,0,0,0,0,0,0,0,0,0,0,0,0,0,0,0,0,0,0,0,0,0,0,0,0,0,0,0,0,0,0,0,0,0,0
2016-09-23,,,,,,,,,,,,,,,,,,,,,,,,,,,,,,,,,,,,,,,,,0,0,0,0,0,0,0,0,0,0,0,0,0,0,0,0,0,0,0,0,0,0,0,0,0,0,0,0,0,0,0,0,0,0,0,0,0,0,0,0
2016-09-24,,,,,,,,,,,,,,,,,,,,,,,,,,,,,,,,,,,,,,,,,0,0,0,0,0,0,0,0,0,0,0,0,0,0,0,0,0,0,0,0,0,0,0,0,0,0,0,0,0,0,0,0,0,0,0,0,0,0,0,0
2016-09-25,,,,,,,,,,,,,,,,,,,,,,,,,,,,,,,,,,,,,,,,,0,0,0,0,0,0,0,0,0,0,0,0,0,0,0,0,0,0,0,0,0,0,0,0,0,0,0,0,0,0,0,0,0,0,0,0,0,0,0,0
2016-09-26,,,,,,,,,,,,,,,,,,,,,,,,,,,,,,,,,,,,,,,,,0,0,0,0,0,0,0,0,0,0,0,0,0,0,0,0,0,0,0,0,0,0,0,0,0,0,0,0,0,0,0,0,0,0,0,0,0,0,0,0
2016-09-27,,,,,,,,,,,,,,,,,,,,,,,,,,,,,,,,,,,,,,,,,0,0,0,0,0,0,0,0,0,0,0,0,0,0,0,0,0,0,0,0,0,0,0,0,0,0,0,0,0,0,0,0,0,0,0,0,0,0,0,0
2016-09-28,5.0,10.0,6.0,,2.0,18.0,23.0,17.0,5.0,3.0,1.0,22.0,17.0,3.0,16.0,1.0,3.0,0.0,1.0,,,10.0,1.0,3.0,0.0,0.0,1.0,,0.0,9.0,9.0,3.0,,28.0,3.0,,7.0,,,,0,0,0,0,0,0,0,0,0,0,0,0,0,0,0,0,0,0,0,0,0,0,0,0,0,0,0,0,0,0,0,0,0,0,0,0,0,0,0,0
2016-09-29,,,,,,,,,,,,,,,,,,,,,,,,,,,,,,,,,,,,,,,,,0,0,0,0,0,0,0,0,0,0,0,0,0,0,0,0,0,0,0,0,0,0,0,0,0,0,0,0,0,0,0,0,0,0,0,0,0,0,0,0
2016-09-30,,,,,,,,,,,,,,,,,,,,,,,,,,,,,,,,,,,,,,,,,0,0,0,0,0,0,0,0,0,0,0,0,0,0,0,0,0,0,0,0,0,0,0,0,0,0,0,0,0,0,0,0,0,0,0,0,0,0,0,0
2016-10-01,,,,,,,,,,,,,,,,,,,,,,,,,,,,,,,,,,,,,,,,,0,0,0,0,0,0,0,0,0,0,0,0,0,0,0,0,0,0,0,0,0,0,0,0,0,0,0,0,0,0,0,0,0,0,0,0,0,0,0,0
2016-10-02,,,,,,,,,,,,,,,,,,,,,,,,,,,,,,,,,,,,,,,,,0,0,0,0,0,0,0,0,0,0,0,0,0,0,0,0,0,0,0,0,0,0,0,0,0,0,0,0,0,0,0,0,0,0,0,0,0,0,0,0
2016-10-03,,,,,,,,,,31.0,,,,,,,,,,,,,,,,,,,,,,,,,,,,,,,0,0,0,0,0,0,0,0,0,0,0,0,0,0,0,0,0,0,0,0,0,0,0,0,0,0,0,0,0,0,0,0,0,0,0,0,0,0,0,0
2016-10-04,,,,,,,,,,,,,,,,,,,,,,,,,,,,,,,,,,,,,,,,,0,0,0,0,0,0,0,0,0,0,0,0,0,0,0,0,0,0,0,0,0,0,0,0,0,0,0,0,0,0,0,0,0,0,0,0,0,0,0,0
2016-10-05,,,,,,,,,,,,,,,,,,,,,,,,,,,,,,,,,,,,,,,,,0,0,0,0,0,0,0,0,0,0,0,0,0,0,0,0,0,0,0,0,0,0,0,0,0,0,0,0,0,0,0,0,0,0,0,0,0,0,0,0
2016-10-06,2.0,27.0,9.0,42.0,11.0,,13.0,12.0,7.0,2.0,,,27.0,36.0,11.0,,41.0,29.0,32.0,,,3.0,21.0,5.0,6.0,0.0,22.0,,6.0,34.0,,28.0,,16.0,3.0,,,,,5.0,0,0,0,0,0,0,0,0,0,0,0,0,0,0,0,0,0,0,0,0,0,0,0,0,0,0,0,0,0,0,0,0,0,0,0,0,0,0,0,0
2016-10-07,59.0,10.0,7.0,25.0,2.0,,13.0,6.0,1.0,8.0,,,35.0,47.0,3.0,,29.0,27.0,28.0,,,33.0,6.0,2.0,1.0,0.0,28.0,,8.0,26.0,3.0,6.0,,2.0,5.0,,,,,21.0,0,0,0,0,0,0,0,0,0,0,0,0,0,0,0,0,0,0,0,0,0,0,0,0,0,0,0,0,0,0,0,0,0,0,0,0,0,0,0,0
2016-10-08,8.0,18.0,14.0,4.0,8.0,14.0,14.0,8.0,9.0,5.0,,,6.0,3.0,4.0,,4.0,2.0,2.0,,,7.0,0.0,5.0,6.0,0.0,3.0,,1.0,47.0,16.0,7.0,,10.0,5.0,,,,,3.0,0,0,0,0,0,0,0,0,0,0,0,0,0,0,0,0,0,0,0,0,0,0,0,0,0,0,0,0,0,0,0,0,0,0,0,0,0,0,0,0
2016-10-09,2.0,3.0,1.0,4.0,5.0,3.0,2.0,3.0,5.0,2.0,,,6.0,3.0,3.0,,3.0,6.0,5.0,,,2.0,0.0,7.0,1.0,0.0,6.0,,1.0,6.0,4.0,5.0,,2.0,4.0,,,,,3.0,0,0,0,0,0,0,0,0,0,0,0,0,0,0,0,0,0,0,0,0,0,0,0,0,0,0,0,0,0,0,0,0,0,0,0,0,0,0,0,0
2016-10-10,0.0,0.0,0.0,0.0,0.0,0.0,0.0,,0.0,0.0,,,0.0,0.0,0.0,,0.0,0.0,0.0,,,0.0,0.0,0.0,1.0,0.0,0.0,,0.0,0.0,,0.0,,0.0,0.0,,,,,0.0,0,0,0,0,0,0,0,0,0,0,0,0,0,0,0,0,0,0,0,0,0,0,0,0,0,0,0,0,0,0,0,0,0,0,0,0,0,0,0,0
2016-10-11,0.0,0.0,0.0,4.0,0.0,0.0,0.0,,0.0,0.0,,,0.0,3.0,1.0,,2.0,4.0,6.0,,,0.0,0.0,0.0,0.0,0.0,4.0,,0.0,1.0,,0.0,,0.0,0.0,,,,,3.0,0,0,0,0,0,0,0,0,0,0,0,0,0,0,0,0,0,0,0,0,0,0,0,0,0,0,0,0,0,0,0,0,0,0,0,0,0,0,0,0
2016-10-12,12.0,7.0,1.0,0.0,3.0,1.0,1.0,1.0,2.0,0.0,0.0,4.0,1.0,0.0,5.0,1.0,1.0,,0.0,,,10.0,0.0,0.0,1.0,0.0,6.0,,0.0,0.0,5.0,7.0,,4.0,0.0,,3.0,,0.0,3.0,0,0,0,0,0,0,0,0,0,0,0,0,0,0,0,0,0,0,0,0,0,0,0,0,0,0,0,0,0,0,0,0,0,0,0,0,0,0,0,0
2016-10-13,4.0,17.0,3.0,0.0,2.0,2.0,1.0,4.0,2.0,2.0,15.0,1.0,5.0,7.0,21.0,1.0,0.0,,10.0,,,1.0,0.0,2.0,4.0,0.0,2.0,,0.0,7.0,4.0,4.0,,1.0,15.0,,9.0,,2.0,2.0,0,0,0,0,0,0,0,0,0,0,0,0,0,0,0,0,0,0,0,0,0,0,0,0,0,0,0,0,0,0,0,0,0,0,0,0,0,0,0,0
2016-10-14,1.0,25.0,13.0,9.0,39.0,2.0,1.0,0.0,12.0,12.0,1.0,0.0,0.0,0.0,19.0,3.0,17.0,,1.0,,,0.0,0.0,1.0,12.0,0.0,1.0,,0.0,0.0,24.0,3.0,,0.0,0.0,,18.0,,11.0,1.0,0,0,0,0,0,0,0,0,0,0,0,0,0,0,0,0,0,0,0,0,0,0,0,0,0,0,0,0,0,0,0,0,0,0,0,0,0,0,0,0
2016-10-15,0.0,0.0,0.0,0.0,0.0,0.0,0.0,0.0,1.0,0.0,,0.0,0.0,0.0,0.0,0.0,0.0,,0.0,,,0.0,0.0,0.0,1.0,0.0,0.0,,0.0,0.0,0.0,0.0,,0.0,0.0,,0.0,,0.0,0.0,0,0,0,0,0,0,0,0,0,0,0,0,0,0,0,0,0,0,0,0,0,0,0,0,0,0,0,0,0,0,0,0,0,0,0,0,0,0,0,0
2016-10-16,13.0,1.0,0.0,0.0,2.0,4.0,5.0,6.0,0.0,1.0,4.0,6.0,2.0,0.0,15.0,1.0,0.0,,0.0,,,9.0,0.0,7.0,0.0,0.0,0.0,,0.0,2.0,3.0,9.0,,6.0,2.0,,4.0,,3.0,1.0,0,0,0,0,0,0,0,0,0,0,0,0,0,0,0,0,0,0,0,0,0,0,0,0,0,0,0,0,0,0,0,0,0,0,0,0,0,0,0,0
2016-10-17,39.0,31.0,3.0,4.0,18.0,16.0,17.0,30.0,16.0,28.0,32.0,15.0,20.0,7.0,37.0,9.0,10.0,,10.0,,,33.0,6.0,12.0,27.0,0.0,,,0.0,63.0,14.0,21.0,,16.0,16.0,,8.0,,23.0,10.0,0,0,0,0,0,0,0,0,0,0,0,0,0,0,0,0,0,0,0,0,0,0,0,0,0,0,0,0,0,0,0,0,0,0,0,0,0,0,0,0
2016-10-18,0.0,1.0,0.0,10.0,14.0,24.0,22.0,26.0,28.0,24.0,3.0,0.0,4.0,8.0,34.0,1.0,5.0,9.0,20.0,,,1.0,0.0,25.0,36.0,0.0,8.0,,20.0,44.0,21.0,16.0,,0.0,6.0,,23.0,,35.0,5.0,0,0,0,0,0,0,0,0,0,0,0,0,0,0,0,0,0,0,0,0,0,0,0,0,0,0,0,0,0,0,0,0,0,0,0,0,0,0,0,0
2016-10-19,35.0,11.0,6.0,2.0,1.0,1.0,2.0,3.0,3.0,23.0,,5.0,8.0,18.0,1.0,8.0,4.0,1.0,3.0,,,28.0,0.0,13.0,0.0,0.0,10.0,,4.0,4.0,1.0,1.0,,4.0,14.0,,6.0,,7.0,11.0,0,0,0,0,0,0,0,0,0,0,0,0,0,0,0,0,0,0,0,0,0,0,0,0,0,0,0,0,0,0,0,0,0,0,0,0,0,0,0,0
2016-10-20,21.0,1.0,0.0,22.0,5.0,3.0,4.0,1.0,25.0,13.0,,0.0,6.0,34.0,0.0,15.0,2.0,21.0,21.0,,,56.0,0.0,1.0,24.0,0.0,1.0,,0.0,2.0,4.0,3.0,,1.0,11.0,,1.0,,16.0,4.0,0,0,0,0,0,0,0,0,0,0,0,0,0,0,0,0,0,0,0,0,0,0,0,0,0,0,0,0,0,0,0,0,0,0,0,0,0,0,0,0
2016-10-21,17.0,0.0,0.0,0.0,1.0,0.0,0.0,1.0,0.0,0.0,,0.0,0.0,0.0,0.0,0.0,0.0,0.0,0.0,,,9.0,0.0,3.0,0.0,0.0,0.0,,1.0,0.0,0.0,0.0,,0.0,1.0,,0.0,,0.0,0.0,0,0,0,0,0,0,0,0,0,0,0,0,0,0,0,0,0,0,0,0,0,0,0,0,0,0,0,0,0,0,0,0,0,0,0,0,0,0,0,0
2016-10-22,0.0,3.0,1.0,2.0,1.0,4.0,6.0,19.0,13.0,0.0,,6.0,2.0,2.0,5.0,2.0,3.0,3.0,3.0,,,0.0,0.0,3.0,4.0,0.0,3.0,,14.0,4.0,1.0,4.0,,3.0,6.0,,6.0,,1.0,2.0,0,0,0,0,0,0,0,0,0,0,0,0,0,0,0,0,0,0,0,0,0,0,0,0,0,0,0,0,0,0,0,0,0,0,0,0,0,0,0,0
2016-10-23,23.0,,3.0,13.0,30.0,11.0,10.0,10.0,15.0,35.0,,9.0,25.0,17.0,19.0,21.0,13.0,21.0,12.0,,,,8.0,25.0,2.0,0.0,18.0,,21.0,11.0,19.0,17.0,,8.0,20.0,,18.0,,14.0,18.0,0,0,0,0,0,0,0,0,0,0,0,0,0,0,0,0,0,0,0,0,0,0,0,0,0,0,0,0,0,0,0,0,0,0,0,0,0,0,0,0
2016-10-24,2.0,0.0,2.0,1.0,0.0,13.0,15.0,3.0,1.0,3.0,,11.0,0.0,1.0,0.0,1.0,5.0,0.0,0.0,,,2.0,0.0,,0.0,0.0,0.0,,0.0,0.0,7.0,3.0,,13.0,1.0,,0.0,,5.0,0.0,0,0,0,0,0,0,0,0,0,0,0,0,0,0,0,0,0,0,0,0,0,0,0,0,0,0,0,0,0,0,0,0,0,0,0,0,0,0,0,0
2016-10-25,1.0,1.0,0.0,0.0,1.0,0.0,0.0,1.0,2.0,2.0,,0.0,0.0,0.0,29.0,0.0,0.0,0.0,0.0,,,0.0,0.0,,0.0,0.0,0.0,,0.0,0.0,7.0,0.0,,1.0,1.0,,14.0,,1.0,0.0,0,0,0,0,0,0,0,0,0,0,0,0,0,0,0,0,0,0,0,0,0,0,0,0,0,0,0,0,0,0,0,0,0,0,0,0,0,0,0,0
2016-10-26,3.0,17.0,6.0,1.0,2.0,0.0,0.0,0.0,0.0,1.0,,0.0,26.0,4.0,0.0,0.0,30.0,36.0,19.0,,,6.0,3.0,,0.0,0.0,37.0,,0.0,0.0,0.0,14.0,,0.0,0.0,,0.0,,,0.0,0,0,0,0,0,0,0,0,0,0,0,0,0,0,0,0,0,0,0,0,0,0,0,0,0,0,0,0,0,0,0,0,0,0,0,0,0,0,0,0
2016-10-27,0.0,32.0,7.0,10.0,,33.0,37.0,,,25.0,,16.0,10.0,8.0,12.0,7.0,50.0,47.0,11.0,,,,26.0,,18.0,,13.0,,0.0,,13.0,24.0,,12.0,2.0,,21.0,,,28.0,0,0,0,0,0,0,0,0,0,0,0,0,0,0,0,0,0,0,0,0,0,0,0,0,0,0,0,0,0,0,0,0,0,0,0,0,0,0,0,0
2016-10-28,20.0,14.0,1.0,10.0,,4.0,4.0,,,8.0,,13.0,6.0,9.0,35.0,2.0,8.0,14.0,4.0,,,4.0,0.0,2.0,15.0,,12.0,,0.0,48.0,9.0,7.0,,16.0,2.0,,14.0,,,2.0,0,0,0,0,0,0,0,0,0,0,0,0,0,0,0,0,0,0,0,0,0,0,0,0,0,0,0,0,0,0,0,0,0,0,0,0,0,0,0,0
2016-10-29,18.0,4.0,3.0,3.0,,8.0,10.0,15.0,2.0,16.0,8.0,45.0,36.0,24.0,8.0,3.0,19.0,6.0,8.0,,,9.0,0.0,12.0,1.0,,13.0,,2.0,14.0,4.0,13.0,,47.0,5.0,,0.0,,9.0,1.0,0,0,0,0,0,0,0,0,0,0,0,0,0,0,0,0,0,0,0,0,0,0,0,0,0,0,0,0,0,0,0,0,0,0,0,0,0,0,0,0
2016-10-30,4.0,14.0,1.0,17.0,,12.0,8.0,9.0,41.0,18.0,15.0,8.0,33.0,3.0,62.0,23.0,5.0,7.0,19.0,,,5.0,0.0,41.0,11.0,,14.0,,0.0,18.0,4.0,6.0,,10.0,31.0,,16.0,,8.0,2.0,0,0,0,0,0,0,0,0,0,0,0,0,0,0,0,0,0,0,0,0,0,0,0,0,0,0,0,0,0,0,0,0,0,0,0,0,0,0,0,0
2016-10-31,7.0,21.0,9.0,32.0,,41.0,39.0,49.0,0.0,7.0,78.0,40.0,15.0,30.0,20.0,61.0,42.0,23.0,27.0,,,22.0,0.0,41.0,0.0,,18.0,,2.0,4.0,66.0,16.0,,42.0,48.0,,5.0,,25.0,41.0,0,0,0,0,0,0,0,0,0,0,0,0,0,0,0,0,0,0,0,0,0,0,0,0,0,0,0,0,0,0,0,0,0,0,0,0,0,0,0,0
2016-11-01,62.0,24.0,5.0,16.0,,,15.0,11.0,13.0,8.0,13.0,19.0,28.0,13.0,10.0,13.0,17.0,14.0,16.0,,,35.0,0.0,27.0,5.0,,18.0,,0.0,22.0,11.0,16.0,,22.0,17.0,,25.0,,13.0,8.0,0,0,0,0,0,0,0,0,0,0,0,0,0,0,0,0,0,0,0,0,0,0,0,0,0,0,0,0,0,0,0,0,0,0,0,0,0,0,0,0
2016-11-02,2.0,13.0,3.0,3.0,3.0,2.0,2.0,1.0,31.0,4.0,1.0,1.0,1.0,6.0,19.0,1.0,10.0,7.0,5.0,,,5.0,0.0,7.0,18.0,0.0,3.0,,0.0,40.0,2.0,11.0,,2.0,1.0,,17.0,,1.0,1.0,0,0,0,0,0,0,0,0,0,0,0,0,0,0,0,0,0,0,0,0,0,0,0,0,0,0,0,0,0,0,0,0,0,0,0,0,0,0,0,0
2016-11-03,11.0,13.0,5.0,1.0,0.0,0.0,0.0,0.0,23.0,18.0,1.0,2.0,0.0,0.0,16.0,0.0,4.0,1.0,4.0,,,,0.0,0.0,12.0,0.0,10.0,,0.0,,0.0,3.0,,3.0,0.0,,12.0,,1.0,2.0,0,0,0,0,0,0,0,0,0,0,0,0,0,0,0,0,0,0,0,0,0,0,0,0,0,0,0,0,0,0,0,0,0,0,0,0,0,0,0,0
2016-11-04,3.0,39.0,9.0,15.0,20.0,3.0,1.0,1.0,13.0,22.0,1.0,0.0,0.0,0.0,1.0,25.0,24.0,10.0,8.0,,,,0.0,1.0,8.0,0.0,3.0,,0.0,,10.0,16.0,,0.0,1.0,,38.0,,14.0,22.0,0,0,0,0,0,0,0,0,0,0,0,0,0,0,0,0,0,0,0,0,0,0,0,0,0,0,0,0,0,0,0,0,0,0,0,0,0,0,0,0
2016-11-05,34.0,2.0,0.0,8.0,7.0,16.0,12.0,16.0,17.0,12.0,,32.0,18.0,0.0,16.0,2.0,3.0,1.0,6.0,,,27.0,0.0,11.0,2.0,0.0,3.0,,0.0,0.0,6.0,12.0,,23.0,18.0,,,,10.0,12.0,0,0,0,0,0,0,0,0,0,0,0,0,0,0,0,0,0,0,0,0,0,0,0,0,0,0,0,0,0,0,0,0,0,0,0,0,0,0,0,0
2016-11-06,1.0,1.0,0.0,13.0,4.0,8.0,9.0,7.0,22.0,1.0,31.0,20.0,1.0,0.0,1.0,1.0,1.0,1.0,26.0,,,0.0,0.0,52.0,18.0,0.0,43.0,,0.0,22.0,27.0,17.0,,27.0,43.0,,16.0,,16.0,1.0,0,0,0,0,0,0,0,0,0,0,0,0,0,0,0,0,0,0,0,0,0,0,0,0,0,0,0,0,0,0,0,0,0,0,0,0,0,0,0,0
2016-11-07,9.0,0.0,0.0,0.0,0.0,0.0,0.0,1.0,0.0,0.0,,0.0,0.0,0.0,,0.0,0.0,0.0,0.0,,,,0.0,1.0,0.0,0.0,0.0,,0.0,0.0,0.0,0.0,,0.0,0.0,,1.0,,1.0,0.0,0,0,0,0,0,0,0,0,0,0,0,0,0,0,0,0,0,0,0,0,0,0,0,0,0,0,0,0,0,0,0,0,0,0,0,0,0,0,0,0
2016-11-08,38.0,1.0,,6.0,0.0,16.0,17.0,14.0,,1.0,,9.0,34.0,0.0,,21.0,8.0,3.0,9.0,,,45.0,,16.0,7.0,,4.0,,20.0,,5.0,1.0,,12.0,20.0,,8.0,,4.0,0.0,0,0,0,0,0,0,0,0,0,0,0,0,0,0,0,0,0,0,0,0,0,0,0,0,0,0,0,0,0,0,0,0,0,0,0,0,0,0,0,0
2016-11-09,2.0,9.0,,1.5,0.0,1.0,0.0,0.0,18.0,0.0,0.5,0.0,,0.0,,2.0,2.0,1.0,2.0,,,1.0,,9.0,2.5,,4.5,,1.0,,5.5,5.0,,1.0,5.0,,3.0,,11.5,14.0,0,0,0,0,0,0,0,0,0,0,0,0,0,0,0,0,0,0,0,0,0,0,0,0,0,0,0,0,0,0,0,0,0,0,0,0,0,0,0,0
2016-11-10,9.0,34.0,,9.5,9.0,3.0,3.0,3.0,20.0,18.0,,8.5,13.0,4.5,,21.0,13.5,12.0,7.5,,,35.5,,0.5,8.5,,7.5,,0.5,,5.0,6.0,,10.0,0.0,,56.0,,4.5,39.5,0,0,0,0,0,0,0,0,0,0,0,0,0,0,0,0,0,0,0,0,0,0,0,0,0,0,0,0,0,0,0,0,0,0,0,0,0,0,0,0
2016-11-11,7.5,0.5,0.0,28.0,3.0,25.5,19.5,32.5,0.0,0.5,18.5,2.5,,6.5,,41.5,1.5,6.0,11.5,,,,,19.0,0.0,,17.0,,45.0,,16.5,0.0,,4.5,10.5,,0.0,,47.5,20.0,0,0,0,0,0,0,0,0,0,0,0,0,0,0,0,0,0,0,0,0,0,0,0,0,0,0,0,0,0,0,0,0,0,0,0,0,0,0,0,0
2016-11-12,1.0,0.0,0.0,0.0,0.0,0.5,0.0,1.0,0.0,0.0,18.5,0.0,0.5,0.0,,2.5,0.0,0.0,1.0,,,1.5,,0.0,0.0,,0.0,,0.0,,0.0,0.0,,0.0,1.5,,0.0,,0.5,0.5,0,0,0,0,0,0,0,0,0,0,0,0,0,0,0,0,0,0,0,0,0,0,0,0,0,0,0,0,0,0,0,0,0,0,0,0,0,0,0,0
2016-11-13,0.0,6.0,1.5,2.5,2.0,0.5,0.5,1.0,11.5,1.0,0.5,0.5,,1.5,,3.5,4.5,3.5,2.5,,,0.0,,0.0,6.0,,4.5,,0.0,,1.5,7.0,,0.5,0.5,,27.5,,1.0,4.0,0,0,0,0,0,0,0,0,0,0,0,0,0,0,0,0,0,0,0,0,0,0,0,0,0,0,0,0,0,0,0,0,0,0,0,0,0,0,0,0
2016-11-14,0.0,11.0,1.5,5.5,10.5,6.0,8.0,8.0,5.0,1.5,,17.0,,16.5,,18.0,8.5,6.0,30.0,,,0.0,,2.0,4.0,,4.0,,0.0,,20.0,10.0,,19.5,2.5,,5.5,,9.0,6.5,0,0,0,0,0,0,0,0,0,0,0,0,0,0,0,0,0,0,0,0,0,0,0,0,0,0,0,0,0,0,0,0,0,0,0,0,0,0,0,0
2016-11-15,40.5,40.5,5.0,1.5,0.5,6.5,5.5,20.0,0.0,6.5,,2.0,,2.5,,8.0,3.0,0.5,2.5,,,,,5.5,0.0,,19.5,,0.0,1.5,2.0,20.0,,2.5,17.5,,0.0,,8.0,3.0,0,0,0,0,0,0,0,0,0,0,0,0,0,0,0,0,0,0,0,0,0,0,0,0,0,0,0,0,0,0,0,0,0,0,0,0,0,0,0,0
2016-11-16,18.5,6.0,6.0,30.0,39.5,3.5,3.5,4.0,1.0,9.5,,3.0,,13.5,,42.0,11.5,16.5,11.5,,,,,45.0,0.0,,46.0,,21.0,1.0,36.0,14.0,,3.5,,,12.5,,8.0,44.5,0,0,0,0,0,0,0,0,0,0,0,0,0,0,0,0,0,0,0,0,0,0,0,0,0,0,0,0,0,0,0,0,0,0,0,0,0,0,0,0
2016-11-17,14.5,5.0,6.0,4.0,0.5,0.0,0.0,0.0,0.5,,,0.0,,11.0,,4.0,0.5,1.0,28.0,,,15.5,,0.5,0.0,,12.5,,22.5,0.0,0.5,1.0,,0.5,,,0.5,,0.5,1.5,0,0,0,0,0,0,0,0,0,0,0,0,0,0,0,0,0,0,0,0,0,0,0,0,0,0,0,0,0,0,0,0,0,0,0,0,0,0,0,0
2016-11-18,8.0,0.0,0.0,2.0,6.5,0.0,0.0,0.0,0.0,,,0.0,5.5,41.5,,0.0,0.0,0.0,18.5,,,,,0.0,0.0,,16.0,,0.0,,,17.0,,0.0,,,2.5,,0.0,,0,0,0,0,0,0,0,0,0,0,0,0,0,0,0,0,0,0,0,0,0,0,0,0,0,0,0,0,0,0,0,0,0,0,0,0,0,0,0,0
2016-11-19,3.0,3.0,7.5,20.0,9.0,3.0,3.0,24.5,0.5,,,1.0,0.5,1.5,,4.5,32.0,39.0,1.0,,,16.0,,7.0,0.5,,0.5,,5.0,,8.5,3.0,,1.0,1.0,,0.5,,0.0,6.0,0,0,0,0,0,0,0,0,0,0,0,0,0,0,0,0,0,0,0,0,0,0,0,0,0,0,0,0,0,0,0,0,0,0,0,0,0,0,0,0
2016-11-20,3.5,0.0,0.0,0.0,0.5,0.0,0.0,0.0,0.0,,,0.0,0.0,0.0,,12.0,2.5,0.0,0.0,,,0.0,,10.0,0.0,,0.0,,0.0,,0.0,0.0,,0.0,20.5,,0.0,,0.0,0.5,0,0,0,0,0,0,0,0,0,0,0,0,0,0,0,0,0,0,0,0,0,0,0,0,0,0,0,0,0,0,0,0,0,0,0,0,0,0,0,0
2016-11-21,7.5,5.5,3.0,15.5,11.0,34.0,36.5,10.0,3.0,,,17.5,4.5,31.0,,5.5,10.5,7.5,51.0,,,,,41.0,8.0,,14.5,,0.0,,3.0,15.0,,23.0,,,17.0,,,10.0,0,0,0,0,0,0,0,0,0,0,0,0,0,0,0,0,0,0,0,0,0,0,0,0,0,0,0,0,0,0,0,0,0,0,0,0,0,0,0,0
2016-11-22,11.5,2.5,2.5,2.0,1.5,2.0,2.5,3.5,1.0,,,1.5,1.0,6.5,,1.5,1.5,1.5,5.5,,,16.5,,30.0,0.0,,10.0,,37.5,,,7.0,,1.5,,,0.5,,,4.5,0,0,0,0,0,0,0,0,0,0,0,0,0,0,0,0,0,0,0,0,0,0,0,0,0,0,0,0,0,0,0,0,0,0,0,0,0,0,0,0
2016-11-23,23.0,5.0,1.5,4.0,2.5,3.5,4.5,1.5,0.5,,,5.5,,9.5,,13.0,11.0,30.5,29.0,,,5.0,,14.5,,,43.0,,0.0,3.5,,10.0,,8.5,,,0.0,,23.0,37.5,0,0,0,0,0,0,0,0,0,0,0,0,0,0,0,0,0,0,0,0,0,0,0,0,0,0,0,0,0,0,0,0,0,0,0,0,0,0,0,0
2016-11-24,3.5,0.5,0.5,12.0,3.5,3.0,4.5,16.0,0.0,,,23.0,,,,3.0,3.0,1.0,2.0,,,33.5,,4.5,,,4.5,,0.0,,,0.5,,19.5,,,,,21.0,1.5,0,0,0,0,0,0,0,0,0,0,0,0,0,0,0,0,0,0,0,0,0,0,0,0,0,0,0,0,0,0,0,0,0,0,0,0,0,0,0,0
2016-11-25,2.5,0.5,0.0,9.5,4.0,4.5,3.0,2.0,0.0,,,6.5,,3.5,,1.0,0.0,0.0,0.5,,,3.0,,2.0,,,0.5,,0.0,,,0.0,,5.5,,,,,0.0,0.5,0,0,0,0,0,0,0,0,0,0,0,0,0,0,0,0,0,0,0,0,0,0,0,0,0,0,0,0,0,0,0,0,0,0,0,0,0,0,0,0
2016-11-26,15.0,0.0,0.0,0.0,0.0,0.0,0.0,0.5,0.0,0.0,,0.0,,0.0,,0.0,0.0,0.0,0.0,,,9.5,0.0,6.5,0.0,,0.0,,0.0,,,0.0,,0.0,1.0,,0.0,,,0.0,0,0,0,0,0,0,0,0,0,0,0,0,0,0,0,0,0,0,0,0,0,0,0,0,0,0,0,0,0,0,0,0,0,0,0,0,0,0,0,0
2016-11-27,12.5,36.5,9.5,13.0,13.0,2.0,2.0,0.5,14.5,,,0.5,,7.5,,42.5,48.0,30.5,8.5,,,16.5,27.5,,4.5,,7.0,,0.0,,,30.5,,0.5,3.5,,50.0,,,42.0,0,0,0,0,0,0,0,0,0,0,0,0,0,0,0,0,0,0,0,0,0,0,0,0,0,0,0,0,0,0,0,0,0,0,0,0,0,0,0,0
2016-11-28,0.0,0.5,0.0,1.5,1.5,27.0,29.5,8.0,1.0,,,13.5,,0.0,,0.0,0.0,1.0,16.5,,,0.5,0.0,,0.0,,2.0,,0.0,,,0.0,,15.5,14.5,,0.0,,30.0,0.5,0,0,0,0,0,0,0,0,0,0,0,0,0,0,0,0,0,0,0,0,0,0,0,0,0,0,0,0,0,0,0,0,0,0,0,0,0,0,0,0
2016-11-29,,,,,,,,,,,,,,,,,,,,,,,,,,,,,,,,,,,,,,,,,0,0,0,0,0,0,0,0,0,0,0,0,0,0,0,0,0,0,0,0,0,0,0,0,0,0,0,0,0,0,0,0,0,0,0,0,0,0,0,0
2016-11-30,,,,,,,,,,,,,,,,,,,,,,,,,,,,,,,,,,,,,,,,,0,0,0,0,0,0,0,0,0,0,0,0,0,0,0,0,0,0,0,0,0,0,0,0,0,0,0,0,0,0,0,0,0,0,0,0,0,0,0,0
2016-12-01,0.0,61.5,7.0,31.0,9.0,25.5,25.5,36.5,55.5,,,15.0,,29.0,,1.0,4.5,5.5,31.0,,,0.5,1.5,,24.5,,19.5,,15.5,,,62.0,,17.0,37.5,,21.5,,,0.0,0,0,0,0,0,0,0,0,0,0,0,0,0,0,0,0,0,0,0,0,0,0,0,0,0,0,0,0,0,0,0,0,0,0,0,0,0,0,0,0
2016-12-02,0.0,0.0,0.0,0.5,0.5,0.0,0.0,0.0,0.5,,,0.0,,0.0,,0.0,0.0,0.0,0.5,,,0.0,0.0,0.5,0.0,,0.5,,0.0,,,0.0,,0.5,0.0,,,,0.0,0.0,0,0,0,0,0,0,0,0,0,0,0,0,0,0,0,0,0,0,0,0,0,0,0,0,0,0,0,0,0,0,0,0,0,0,0,0,0,0,0,0
2016-12-03,9.5,25.5,6.5,6.5,0.0,2.0,2.0,3.5,1.5,,,5.5,,52.5,,0.0,22.5,9.5,21.5,,,,14.5,22.0,0.5,,12.5,,24.0,,,39.5,,6.5,15.5,,,,1.5,0.0,0,0,0,0,0,0,0,0,0,0,0,0,0,0,0,0,0,0,0,0,0,0,0,0,0,0,0,0,0,0,0,0,0,0,0,0,0,0,0,0
2016-12-04,9.5,43.5,10.5,19.0,9.5,18.5,15.5,21.5,44.5,,,14.5,,33.5,,13.0,20.0,25.0,21.5,,,,12.5,24.5,32.0,,11.5,,15.5,,,77.5,,14.5,3.0,,22.0,,19.0,12.5,0,0,0,0,0,0,0,0,0,0,0,0,0,0,0,0,0,0,0,0,0,0,0,0,0,0,0,0,0,0,0,0,0,0,0,0,0,0,0,0
2016-12-05,0.0,0.0,7.0,0.0,0.5,0.0,0.0,0.0,0.5,,,0.0,,0.5,,0.0,0.0,0.0,0.0,,,0.0,19.5,0.5,0.0,,0.0,,0.5,,,0.0,,0.0,0.5,,0.5,,0.0,0.5,0,0,0,0,0,0,0,0,0,0,0,0,0,0,0,0,0,0,0,0,0,0,0,0,0,0,0,0,0,0,0,0,0,0,0,0,0,0,0,0
2016-12-06,4.5,0.0,0.0,0.0,0.0,0.0,0.0,6.5,0.0,,,0.0,,0.0,,0.0,0.0,0.0,0.0,,,,0.0,0.5,0.0,,0.0,,11.5,,,0.0,,0.0,0.0,,4.5,,2.0,0.0,0,0,0,0,0,0,0,0,0,0,0,0,0,0,0,0,0,0,0,0,0,0,0,0,0,0,0,0,0,0,0,0,0,0,0,0,0,0,0,0
2016-12-07,0.5,0.0,0.0,8.0,1.0,0.0,0.0,0.0,0.0,,,0.0,,,,0.5,0.0,,0.0,,,0.0,0.0,0.0,0.0,,,,0.0,,1.5,0.0,,0.0,,,0.0,,0.0,0.0,0,0,0,0,0,0,0,0,0,0,0,0,0,0,0,0,0,0,0,0,0,0,0,0,0,0,0,0,0,0,0,0,0,0,0,0,0,0,0,0
2016-12-08,0.0,19.5,,11.5,11.0,0.0,0.0,,13.0,,,,,,,,10.0,,3.0,,,0.0,11.0,0.0,6.0,,,,0.0,,1.5,17.0,,0.0,1.5,,,,,1.0,0,0,0,0,0,0,0,0,0,0,0,0,0,0,0,0,0,0,0,0,0,0,0,0,0,0,0,0,0,0,0,0,0,0,0,0,0,0,0,0
2016-12-09,0.5,0.5,,3.0,8.5,,4.5,,3.5,,,,,,,,1.0,3.0,3.5,,,1.0,0.5,4.5,1.5,,,,7.5,,3.0,4.5,,4.0,7.0,,,,,3.0,0,0,0,0,0,0,0,0,0,0,0,0,0,0,0,0,0,0,0,0,0,0,0,0,0,0,0,0,0,0,0,0,0,0,0,0,0,0,0,0
2016-12-10,11.0,22.5,2.5,5.5,4.0,6.0,6.5,22.5,19.5,7.0,12.5,4.5,,,17.0,8.0,13.5,5.5,3.0,,,,11.5,20.0,4.0,0.0,,,19.5,,5.0,14.0,,5.0,23.5,,13.5,,11.5,7.5,0,0,0,0,0,0,0,0,0,0,0,0,0,0,0,0,0,0,0,0,0,0,0,0,0,0,0,0,0,0,0,0,0,0,0,0,0,0,0,0
2016-12-11,40.5,30.5,5.0,11.5,15.0,20.5,21.0,24.5,24.5,16.5,27.5,22.0,,,52.5,20.0,12.5,9.5,11.5,,,26.0,9.0,29.5,7.5,0.0,,,22.5,,19.0,13.0,,26.5,34.5,,27.5,,21.0,18.5,0,0,0,0,0,0,0,0,0,0,0,0,0,0,0,0,0,0,0,0,0,0,0,0,0,0,0,0,0,0,0,0,0,0,0,0,0,0,0,0
2016-12-12,1.0,10.5,2.5,3.0,7.0,6.5,6.5,6.5,6.5,0.5,1.0,2.0,,,5.5,8.5,4.0,2.5,6.5,,,0.5,3.5,4.5,2.0,0.0,,,1.5,,5.0,10.0,,2.5,3.5,,8.5,,2.5,7.0,0,0,0,0,0,0,0,0,0,0,0,0,0,0,0,0,0,0,0,0,0,0,0,0,0,0,0,0,0,0,0,0,0,0,0,0,0,0,0,0
2016-12-13,0.0,0.5,,0.0,0.0,0.0,0.0,0.5,0.0,0.5,0.0,0.0,,,1.5,0.0,4.0,2.5,13.5,,,0.0,3.0,0.0,0.5,0.0,,,0.0,,0.5,3.5,,0.0,0.0,,0.0,,0.0,0.0,0,0,0,0,0,0,0,0,0,0,0,0,0,0,0,0,0,0,0,0,0,0,0,0,0,0,0,0,0,0,0,0,0,0,0,0,0,0,0,0
2016-12-14,0.0,0.0,,0.0,,0.0,0.0,0.0,0.0,0.0,0.0,0.0,,,0.0,0.0,0.0,0.5,0.0,,,0.0,0.0,0.0,0.0,0.0,,,0.0,,2.5,0.0,,0.0,0.0,,0.0,,0.0,0.0,0,0,0,0,0,0,0,0,0,0,0,0,0,0,0,0,0,0,0,0,0,0,0,0,0,0,0,0,0,0,0,0,0,0,0,0,0,0,0,0
2016-12-15,3.0,0.0,,0.0,,0.0,0.0,0.0,0.0,12.5,5.5,0.0,,,0.0,0.0,0.0,0.0,0.0,,,3.0,0.0,0.0,0.0,0.0,,,8.5,,0.0,0.0,,0.0,1.0,,0.0,,0.0,0.0,0,0,0,0,0,0,0,0,0,0,0,0,0,0,0,0,0,0,0,0,0,0,0,0,0,0,0,0,0,0,0,0,0,0,0,0,0,0,0,0
2016-12-16,2.5,7.5,,0.0,,,0.0,0.0,0.0,0.0,0.0,0.0,,,0.0,5.0,0.0,0.0,0.0,,,3.5,0.0,0.0,3.0,0.0,,,0.0,,0.0,0.0,,0.0,0.5,,0.0,,0.5,0.5,0,0,0,0,0,0,0,0,0,0,0,0,0,0,0,0,0,0,0,0,0,0,0,0,0,0,0,0,0,0,0,0,0,0,0,0,0,0,0,0
2016-12-17,0.5,0.5,,0.0,,,0.0,0.0,0.0,0.0,0.0,0.0,,,0.0,4.0,5.5,6.0,0.0,,,0.5,4.0,0.0,2.0,0.0,,,0.0,,0.0,2.5,,,0.0,,0.0,,0.0,1.0,0,0,0,0,0,0,0,0,0,0,0,0,0,0,0,0,0,0,0,0,0,0,0,0,0,0,0,0,0,0,0,0,0,0,0,0,0,0,0,0
2016-12-18,0.0,0.0,,,,,1.5,4.5,,10.0,,9.0,,,0.0,0.0,0.0,0.0,0.0,,,0.0,0.0,0.0,0.0,0.0,,,0.0,,,0.0,,7.0,0.0,,0.0,,8.0,2.5,0,0,0,0,0,0,0,0,0,0,0,0,0,0,0,0,0,0,0,0,0,0,0,0,0,0,0,0,0,0,0,0,0,0,0,0,0,0,0,0
2016-12-19,0.0,0.0,,2.0,0.0,,2.0,,0.0,0.0,0.0,10.5,,,0.0,0.5,2.0,6.0,18.5,,,0.0,4.5,0.0,0.0,0.0,,,4.5,,13.0,2.5,,21.0,0.0,,0.0,,0.0,15.5,0,0,0,0,0,0,0,0,0,0,0,0,0,0,0,0,0,0,0,0,0,0,0,0,0,0,0,0,0,0,0,0,0,0,0,0,0,0,0,0
2016-12-20,0.0,1.5,0.5,1.0,15.5,12.0,3.0,7.5,0.5,8.5,2.5,9.5,2.0,4.0,2.0,16.0,1.5,2.0,2.5,,,0.0,1.0,1.0,0.5,0.0,2.0,,2.5,0.0,14.0,0.5,,12.0,4.0,,0.0,,5.5,11.0,0,0,0,0,0,0,0,0,0,0,0,0,0,0,0,0,0,0,0,0,0,0,0,0,0,0,0,0,0,0,0,0,0,0,0,0,0,0,0,0
2016-12-21,2.5,3.5,4.5,22.5,32.5,5.0,2.5,,2.5,5.5,6.0,4.0,6.0,9.5,3.0,9.0,19.5,7.5,5.5,,,8.0,12.0,7.5,14.0,0.0,4.5,,5.0,13.0,16.5,7.0,,6.5,5.0,,0.0,,23.0,4.0,0,0,0,0,0,0,0,0,0,0,0,0,0,0,0,0,0,0,0,0,0,0,0,0,0,0,0,0,0,0,0,0,0,0,0,0,0,0,0,0
2016-12-22,6.0,1.0,0.0,13.5,1.0,12.0,,,4.0,2.0,1.0,8.5,0.5,6.5,1.0,3.5,6.5,5.5,8.0,,,,2.5,2.0,1.5,0.0,1.5,,6.0,7.0,5.5,3.0,,8.0,1.5,,3.5,,3.5,17.0,0,0,0,0,0,0,0,0,0,0,0,0,0,0,0,0,0,0,0,0,0,0,0,0,0,0,0,0,0,0,0,0,0,0,0,0,0,0,0,0
2016-12-23,48.0,40.5,13.5,37.0,19.0,9.5,,,23.0,13.0,44.5,5.0,43.0,33.0,35.0,34.0,58.0,58.5,46.0,,,,30.5,37.0,25.0,0.0,82.0,,23.0,65.5,9.5,32.0,,8.0,56.5,,27.5,,9.5,39.5,0,0,0,0,0,0,0,0,0,0,0,0,0,0,0,0,0,0,0,0,0,0,0,0,0,0,0,0,0,0,0,0,0,0,0,0,0,0,0,0
2016-12-24,33.5,9.0,11.0,8.0,8.0,16.0,,,12.5,16.0,30.5,,0.5,9.5,31.5,8.5,21.0,10.0,14.5,,,,12.0,24.0,4.5,0.0,9.0,,17.0,5.0,4.5,3.5,,8.0,17.0,,20.0,,9.5,9.0,0,0,0,0,0,0,0,0,0,0,0,0,0,0,0,0,0,0,0,0,0,0,0,0,0,0,0,0,0,0,0,0,0,0,0,0,0,0,0,0
2016-12-25,4.0,6.5,2.5,27.0,9.5,8.5,,,34.0,17.0,2.5,,33.0,31.0,14.0,6.5,9.5,6.0,34.0,,,,7.0,2.0,10.0,0.0,31.0,,2.5,16.0,32.5,11.0,,2.5,2.5,,3.0,,8.5,28.5,0,0,0,0,0,0,0,0,0,0,0,0,0,0,0,0,0,0,0,0,0,0,0,0,0,0,0,0,0,0,0,0,0,0,0,0,0,0,0,0
2016-12-26,13.5,29.0,6.0,20.5,9.0,3.5,,,9.0,3.5,2.0,2.0,14.0,24.0,5.5,4.5,25.0,23.0,12.5,,,,13.0,6.0,4.5,0.0,16.0,,11.0,31.0,14.0,18.5,,3.0,3.0,,4.5,,1.5,5.0,0,0,0,0,0,0,0,0,0,0,0,0,0,0,0,0,0,0,0,0,0,0,0,0,0,0,0,0,0,0,0,0,0,0,0,0,0,0,0,0
2016-12-27,50.5,25.5,6.0,54.0,34.5,76.5,,,29.0,53.0,27.0,,59.0,74.0,50.0,51.5,44.0,59.0,51.5,,,,32.0,16.0,21.5,0.0,50.5,,33.5,60.5,28.0,33.0,,110.5,16.0,,41.0,,94.0,20.5,0,0,0,0,0,0,0,0,0,0,0,0,0,0,0,0,0,0,0,0,0,0,0,0,0,0,0,0,0,0,0,0,0,0,0,0,0,0,0,0
2016-12-28,75.0,51.5,6.5,53.0,29.5,17.5,,,63.0,41.5,26.5,,29.5,20.5,32.5,57.5,58.0,46.0,35.5,,,,34.0,45.5,15.5,0.0,72.5,,39.5,67.5,23.5,53.0,,13.5,25.0,,74.5,,34.0,47.5,0,0,0,0,0,0,0,0,0,0,0,0,0,0,0,0,0,0,0,0,0,0,0,0,0,0,0,0,0,0,0,0,0,0,0,0,0,0,0,0
2016-12-29,2.0,9.0,1.5,3.5,4.0,4.5,,,4.0,1.0,1.5,0.5,1.0,2.0,5.5,3.0,17.0,23.0,2.0,,,,9.0,2.0,0.0,0.0,7.5,,1.5,3.5,12.0,13.5,,1.0,1.5,,3.0,,6.5,5.5,0,0,0,0,0,0,0,0,0,0,0,0,0,0,0,0,0,0,0,0,0,0,0,0,0,0,0,0,0,0,0,0,0,0,0,0,0,0,0,0
2016-12-30,0.0,2.0,0.5,12.5,3.0,42.0,,,2.5,7.0,,,2.0,9.0,4.5,14.0,2.5,9.5,4.5,,,,3.0,14.5,1.5,0.0,9.0,,7.5,6.0,9.5,2.5,,4.5,10.0,,1.5,,21.5,3.0,0,0,0,0,0,0,0,0,0,0,0,0,0,0,0,0,0,0,0,0,0,0,0,0,0,0,0,0,0,0,0,0,0,0,0,0,0,0,0,0
2016-12-31,6.0,0.5,0.0,0.0,0.0,10.5,,,3.5,5.5,,,1.0,0.5,1.0,0.0,0.5,0.5,0.5,,,,0.5,33.0,2.0,0.0,0.5,,7.5,1.5,0.5,1.0,,15.5,40.5,,2.5,,2.0,0.5,0,0,0,0,0,0,0,0,0,0,0,0,0,0,0,0,0,0,0,0,0,0,0,0,0,0,0,0,0,0,0,0,0,0,0,0,0,0,0,0
2017-01-01,22.5,0.0,1.0,0.0,0.0,51.5,,,1.0,22.5,,,9.5,1.5,0.5,0.0,0.0,0.0,0.0,,,,0.0,35.0,11.5,0.0,0.0,,14.5,0.0,2.5,0.0,,11.5,53.5,,1.0,,37.0,2.0,0,0,0,0,0,0,0,0,0,0,0,0,0,0,0,0,0,0,0,0,0,0,0,0,0,0,0,0,0,0,0,0,0,0,0,0,0,0,0,0
2017-01-02,0.0,0.0,0.0,5.5,23.0,6.5,,,14.0,3.0,,7.5,11.0,0.0,18.5,1.0,0.0,1.5,0.0,,,,0.0,6.5,7.0,0.0,,,1.0,29.0,4.5,0.0,,13.0,16.5,,9.5,,,0.5,0,0,0,0,0,0,0,0,0,0,0,0,0,0,0,0,0,0,0,0,0,0,0,0,0,0,0,0,0,0,0,0,0,0,0,0,0,0,0,0
2017-01-03,13.5,1.5,0.5,42.0,,10.0,,,4.0,3.5,15.0,,37.5,36.0,5.0,9.0,19.5,32.5,6.5,,,,8.0,3.5,2.5,0.0,13.0,,20.5,,6.5,5.0,,2.5,8.5,,5.5,,11.5,7.5,0,0,0,0,0,0,0,0,0,0,0,0,0,0,0,0,0,0,0,0,0,0,0,0,0,0,0,0,0,0,0,0,0,0,0,0,0,0,0,0
2017-01-04,36.5,17.5,1.0,6.5,7.5,28.5,,,0.5,36.5,,23.0,24.0,14.0,6.0,11.0,6.5,11.0,,,,,5.0,,0.5,,20.5,,30.0,5.5,23.0,9.5,,,,,1.0,,39.5,,0,0,0,0,0,0,0,0,0,0,0,0,0,0,0,0,0,0,0,0,0,0,0,0,0,0,0,0,0,0,0,0,0,0,0,0,0,0,0,0
2017-01-05,1.5,16.5,8.0,10.0,0.5,3.0,2.0,,0.0,0.5,4.5,2.5,,29.0,15.5,9.0,24.5,8.0,,,,,15.0,,0.5,,,,1.5,0.0,0.5,13.0,,,7.5,,0.0,,0.0,4.0,0,0,0,0,0,0,0,0,0,0,0,0,0,0,0,0,0,0,0,0,0,0,0,0,0,0,0,0,0,0,0,0,0,0,0,0,0,0,0,0
2017-01-06,0.5,3.0,2.0,1.0,6.0,0.5,1.5,,5.0,0.0,0.5,2.5,6.0,2.0,7.5,3.0,3.0,0.5,,,,,1.0,,5.0,,,,0.0,,4.5,5.0,,,,,2.5,,1.0,1.0,0,0,0,0,0,0,0,0,0,0,0,0,0,0,0,0,0,0,0,0,0,0,0,0,0,0,0,0,0,0,0,0,0,0,0,0,0,0,0,0
2017-01-07,0.0,0.0,0.0,0.0,0.0,0.0,0.0,,0.5,0.0,0.0,0.0,,0.0,2.5,0.0,0.0,0.0,,,,,,,,,,,0.0,,0.0,0.5,,,,,0.0,,0.5,,0,0,0,0,0,0,0,0,0,0,0,0,0,0,0,0,0,0,0,0,0,0,0,0,0,0,0,0,0,0,0,0,0,0,0,0,0,0,0,0
2017-01-08,0.0,4.5,0.0,3.0,3.0,0.0,0.0,,0.0,1.0,0.5,1.5,0.0,0.0,0.5,0.5,0.0,0.0,,,,,0.0,,0.0,,,,0.0,0.0,0.0,0.0,,,,,0.0,,1.5,0.0,0,0,0,0,0,0,0,0,0,0,0,0,0,0,0,0,0,0,0,0,0,0,0,0,0,0,0,0,0,0,0,0,0,0,0,0,0,0,0,0
2017-01-09,0.5,0.0,0.0,0.0,0.0,0.0,0.0,,0.0,0.5,0.0,0.0,0.0,0.0,0.0,1.0,0.0,0.0,,,,,0.0,,0.0,,,,0.0,,0.0,0.0,,0.0,0.0,,0.0,,0.5,,0,0,0,0,0,0,0,0,0,0,0,0,0,0,0,0,0,0,0,0,0,0,0,0,0,0,0,0,0,0,0,0,0,0,0,0,0,0,0,0
2017-01-10,9.0,0.0,0.0,0.5,0.0,0.0,0.0,,0.0,8.0,0.0,0.0,0.0,0.5,0.0,0.0,0.0,0.0,,,,,0.0,,0.0,,,,15.5,,0.5,0.0,,,,,0.0,,6.0,0.0,0,0,0,0,0,0,0,0,0,0,0,0,0,0,0,0,0,0,0,0,0,0,0,0,0,0,0,0,0,0,0,0,0,0,0,0,0,0,0,0
2017-01-11,0.0,0.0,0.0,2.5,0.5,10.5,6.5,,0.0,13.0,0.0,0.0,,2.0,0.0,0.5,4.5,13.5,,,,,4.5,,0.0,,,,0.5,,4.5,0.0,,,0.5,,0.0,,4.5,,0,0,0,0,0,0,0,0,0,0,0,0,0,0,0,0,0,0,0,0,0,0,0,0,0,0,0,0,0,0,0,0,0,0,0,0,0,0,0,0
2017-01-12,0.0,0.0,0.0,0.0,7.0,18.5,17.5,,2.5,2.5,1.0,24.0,0.0,0.5,0.0,0.0,0.0,0.5,,,,,0.0,,0.0,,,,0.0,0.0,5.5,0.0,,,0.0,,0.0,,11.0,0.0,0,0,0,0,0,0,0,0,0,0,0,0,0,0,0,0,0,0,0,0,0,0,0,0,0,0,0,0,0,0,0,0,0,0,0,0,0,0,0,0
2017-01-13,5.5,0.0,0.0,0.0,0.5,0.0,0.0,,0.0,0.0,0.0,0.0,0.0,0.0,0.0,0.0,0.0,0.0,,,,,0.0,,0.0,,,,0.5,0.0,0.0,0.0,,0.0,0.0,,0.0,,0.0,,0,0,0,0,0,0,0,0,0,0,0,0,0,0,0,0,0,0,0,0,0,0,0,0,0,0,0,0,0,0,0,0,0,0,0,0,0,0,0,0
2017-01-14,4.0,12.5,1.0,5.5,1.5,2.0,1.5,,18.0,16.0,5.0,22.5,0.0,14.5,3.0,4.0,4.5,4.5,,,,,,,,,,,12.0,,0.5,31.0,,,8.5,,19.5,,7.0,,0,0,0,0,0,0,0,0,0,0,0,0,0,0,0,0,0,0,0,0,0,0,0,0,0,0,0,0,0,0,0,0,0,0,0,0,0,0,0,0
2017-01-15,,,,,,,,,,,,,,,,,,,,,,,,,,,,,,,,,,,,,,,,,0,0,0,0,0,0,0,0,0,0,0,0,0,0,0,0,0,0,0,0,0,0,0,0,0,0,0,0,0,0,0,0,0,0,0,0,0,0,0,0
2017-01-16,3.5,2.0,1.5,15.0,26.0,20.0,22.5,,13.5,8.5,10.0,7.0,0.0,7.0,1.0,18.5,9.5,22.0,,,,8.0,16.0,,2.0,0.0,,,4.5,21.5,16.5,9.5,,,14.5,,4.0,,4.5,,0,0,0,0,0,0,0,0,0,0,0,0,0,0,0,0,0,0,0,0,0,0,0,0,0,0,0,0,0,0,0,0,0,0,0,0,0,0,0,0
2017-01-17,40.0,7.0,4.5,,0.5,1.0,1.0,,0.0,3.5,0.0,1.0,,15.0,0.5,20.5,16.0,8.5,,,,,,,,,,,25.0,,,,,,,,,,1.5,,0,0,0,0,0,0,0,0,0,0,0,0,0,0,0,0,0,0,0,0,0,0,0,0,0,0,0,0,0,0,0,0,0,0,0,0,0,0,0,0
2017-01-18,9.5,0.0,0.0,5.5,15.0,16.0,11.5,,0.0,13.0,1.0,7.5,0.0,1.0,0.0,49.5,0.0,0.5,,,,,0.0,,0.0,,,,5.5,0.0,52.5,3.5,,9.5,2.5,,0.0,,8.0,,0,0,0,0,0,0,0,0,0,0,0,0,0,0,0,0,0,0,0,0,0,0,0,0,0,0,0,0,0,0,0,0,0,0,0,0,0,0,0,0
2017-01-19,0.0,0.0,,0.0,18.5,14.0,16.5,46.5,0.0,0.0,22.5,42.0,0.0,1.0,0.0,24.5,0.0,0.0,,,,,,,2.0,,,,0.0,12.0,8.5,0.5,,40.0,10.5,,13.0,,0.0,,0,0,0,0,0,0,0,0,0,0,0,0,0,0,0,0,0,0,0,0,0,0,0,0,0,0,0,0,0,0,0,0,0,0,0,0,0,0,0,0
2017-01-20,14.5,0.0,,0.5,4.5,,,,1.0,6.0,43.5,1.5,0.0,0.0,0.0,2.0,0.0,0.0,,,,,,,3.5,0.0,,,17.5,9.5,5.0,0.0,,2.0,40.5,,2.5,,16.0,,0,0,0,0,0,0,0,0,0,0,0,0,0,0,0,0,0,0,0,0,0,0,0,0,0,0,0,0,0,0,0,0,0,0,0,0,0,0,0,0
2017-01-21,37.5,3.0,,6.0,3.5,,,,1.0,56.5,,5.0,0.0,6.5,1.5,7.5,5.0,6.0,6.0,,,31.5,,37.5,0.0,0.0,7.5,,19.0,35.5,3.0,4.5,,5.5,14.5,,0.5,,24.0,,0,0,0,0,0,0,0,0,0,0,0,0,0,0,0,0,0,0,0,0,0,0,0,0,0,0,0,0,0,0,0,0,0,0,0,0,0,0,0,0
2017-01-22,9.5,7.5,,19.0,3.5,,,,1.0,16.0,10.0,15.5,0.0,12.0,0.0,1.0,1.5,0.0,6.0,,,9.5,,39.0,4.0,0.0,10.5,,4.5,10.0,3.5,4.0,,11.5,32.5,,3.5,,3.0,,0,0,0,0,0,0,0,0,0,0,0,0,0,0,0,0,0,0,0,0,0,0,0,0,0,0,0,0,0,0,0,0,0,0,0,0,0,0,0,0
2017-01-23,45.0,0.0,,1.0,0.0,,,,9.0,0.0,0.0,5.5,0.0,1.5,3.5,0.0,5.0,0.0,4.5,,,45.0,,23.5,1.5,0.0,0.5,,1.5,0.5,0.0,14.0,,8.0,15.0,,0.0,,0.0,0.5,0,0,0,0,0,0,0,0,0,0,0,0,0,0,0,0,0,0,0,0,0,0,0,0,0,0,0,0,0,0,0,0,0,0,0,0,0,0,0,0
2017-01-24,81.0,125.5,,118.5,63.0,39.5,,,101.0,43.0,33.5,54.0,0.0,101.5,106.5,76.5,96.0,69.5,159.0,,,86.0,,66.0,36.5,0.0,142.0,,45.5,129.5,77.0,112.0,,59.0,46.5,,104.0,,41.0,46.0,0,0,0,0,0,0,0,0,0,0,0,0,0,0,0,0,0,0,0,0,0,0,0,0,0,0,0,0,0,0,0,0,0,0,0,0,0,0,0,0
2017-01-25,15.0,3.5,,0.5,0.5,2.0,,,3.0,2.5,1.0,0.5,0.0,1.5,12.0,1.0,1.0,0.5,0.5,,,16.5,2.0,2.5,0.5,0.0,0.5,,2.5,12.0,0.5,2.0,,0.5,1.5,,5.5,,2.0,1.0,0,0,0,0,0,0,0,0,0,0,0,0,0,0,0,0,0,0,0,0,0,0,0,0,0,0,0,0,0,0,0,0,0,0,0,0,0,0,0,0
2017-01-26,0.0,0.0,0.5,0.0,0.0,5.0,0.5,,0.0,0.0,0.5,0.0,0.0,0.0,11.0,0.5,0.0,0.0,,,,0.0,0.0,0.0,0.0,0.0,0.0,,0.0,0.0,0.0,0.5,,0.0,0.0,,2.5,,0.5,,0,0,0,0,0,0,0,0,0,0,0,0,0,0,0,0,0,0,0,0,0,0,0,0,0,0,0,0,0,0,0,0,0,0,0,0,0,0,0,0
2017-01-27,1.5,89.0,93.0,28.5,43.5,5.5,5.5,,61.0,,0.5,2.0,0.0,13.0,6.0,28.5,31.5,20.5,,,,,34.0,,45.0,,,,4.0,29.0,8.0,45.5,,3.0,2.5,,3.5,,9.0,,0,0,0,0,0,0,0,0,0,0,0,0,0,0,0,0,0,0,0,0,0,0,0,0,0,0,0,0,0,0,0,0,0,0,0,0,0,0,0,0
2017-01-28,19.0,128.5,71.5,35.0,84.5,120.5,71.5,,63.5,,57.0,73.0,0.0,73.0,57.0,38.5,74.0,76.5,,,,,64.0,81.5,13.5,0.0,84.0,,24.5,63.0,81.0,111.0,,81.5,68.5,,65.0,,115.5,,0,0,0,0,0,0,0,0,0,0,0,0,0,0,0,0,0,0,0,0,0,0,0,0,0,0,0,0,0,0,0,0,0,0,0,0,0,0,0,0
2017-01-29,35.0,70.0,62.0,33.5,30.5,37.0,24.0,,92.5,,40.5,41.5,0.0,31.0,61.0,40.5,49.5,41.5,,,,33.0,61.0,72.0,3.5,,,,45.5,107.0,26.5,101.5,,52.0,62.5,,46.0,,33.5,,0,0,0,0,0,0,0,0,0,0,0,0,0,0,0,0,0,0,0,0,0,0,0,0,0,0,0,0,0,0,0,0,0,0,0,0,0,0,0,0
2017-01-30,3.5,2.5,2.0,7.5,2.0,1.0,0.0,,3.5,,2.0,3.0,0.0,0.5,6.0,1.5,0.5,0.5,,,,1.5,1.0,7.0,4.5,0.0,0.5,,7.0,2.5,3.5,7.0,,1.0,3.5,,13.0,,8.5,,0,0,0,0,0,0,0,0,0,0,0,0,0,0,0,0,0,0,0,0,0,0,0,0,0,0,0,0,0,0,0,0,0,0,0,0,0,0,0,0
2017-01-31,1.0,1.0,2.0,1.5,5.5,0.0,0.0,,23.0,,0.0,4.0,0.0,5.5,4.0,0.5,1.0,1.0,,,,1.0,0.5,0.5,4.5,0.0,11.5,,1.5,41.0,1.0,0.5,,7.5,0.0,,7.5,,4.5,,0,0,0,0,0,0,0,0,0,0,0,0,0,0,0,0,0,0,0,0,0,0,0,0,0,0,0,0,0,0,0,0,0,0,0,0,0,0,0,0
2017-02-01,0.0,19.0,9.5,1.5,1.0,0.0,0.0,,,,0.0,0.0,0.0,2.0,41.0,0.5,3.5,4.5,4.5,,,0.0,3.5,0.0,12.5,0.0,5.0,,0.0,15.5,,12.5,,0.0,0.5,,16.5,,0.0,,0,0,0,0,0,0,0,0,0,0,0,0,0,0,0,0,0,0,0,0,0,0,0,0,0,0,0,0,0,0,0,0,0,0,0,0,0,0,0,0
2017-02-02,2.5,24.0,48.5,34.0,,37.5,27.0,,31.0,,12.5,18.5,0.0,49.5,,51.5,56.0,36.5,,,,2.0,58.5,5.5,16.0,0.0,69.5,,9.0,34.0,,38.0,,20.0,8.5,,24.0,,24.5,,0,0,0,0,0,0,0,0,0,0,0,0,0,0,0,0,0,0,0,0,0,0,0,0,0,0,0,0,0,0,0,0,0,0,0,0,0,0,0,0
2017-02-03,3.0,1.0,0.5,2.5,5.0,3.0,4.0,,1.0,,4.0,1.5,0.0,2.5,0.5,3.0,1.5,3.0,,,,1.0,1.5,15.0,0.0,0.0,3.0,,2.5,0.5,,1.0,,4.0,7.5,,0.5,,3.0,,0,0,0,0,0,0,0,0,0,0,0,0,0,0,0,0,0,0,0,0,0,0,0,0,0,0,0,0,0,0,0,0,0,0,0,0,0,0,0,0
2017-02-04,5.0,0.5,1.5,5.5,16.0,1.0,1.5,,2.5,,3.5,1.5,0.0,1.0,0.0,19.0,6.5,0.0,2.5,,,7.5,2.0,5.5,1.0,0.0,2.5,,8.5,0.0,8.5,0.5,,3.0,11.0,,1.0,,0.5,2.0,0,0,0,0,0,0,0,0,0,0,0,0,0,0,0,0,0,0,0,0,0,0,0,0,0,0,0,0,0,0,0,0,0,0,0,0,0,0,0,0
2017-02-05,5.5,0.0,0.0,1.5,8.0,3.5,2.5,,0.0,,2.5,0.0,0.0,1.5,0.0,0.0,0.0,,0.0,,,6.0,0.0,22.0,0.0,0.0,0.0,,6.5,0.0,4.0,0.0,,0.0,10.0,,0.0,,0.0,0.0,0,0,0,0,0,0,0,0,0,0,0,0,0,0,0,0,0,0,0,0,0,0,0,0,0,0,0,0,0,0,0,0,0,0,0,0,0,0,0,0
2017-02-06,0.0,0.0,0.0,0.0,0.0,0.0,0.0,,0.0,,0.0,,0.5,0.0,,0.0,1.5,1.0,0.0,,,0.0,1.0,0.0,,0.0,0.0,,0.0,0.0,0.0,,,0.0,0.0,,,,0.0,,0,0,0,0,0,0,0,0,0,0,0,0,0,0,0,0,0,0,0,0,0,0,0,0,0,0,0,0,0,0,0,0,0,0,0,0,0,0,0,0
2017-02-07,3.5,1.0,1.0,1.0,0.0,1.0,0.5,,2.0,,,,0.0,0.0,,,,,1.0,,,0.0,0.0,0.0,0.0,0.0,0.0,,1.0,0.0,0.0,0.0,,0.0,0.0,,,,0.5,,0,0,0,0,0,0,0,0,0,0,0,0,0,0,0,0,0,0,0,0,0,0,0,0,0,0,0,0,0,0,0,0,0,0,0,0,0,0,0,0
2017-02-08,,,,,,,,,,,,,,,,,,,,,,,,,,,,,,,,,,,,,,,,,0,0,0,0,0,0,0,0,0,0,0,0,0,0,0,0,0,0,0,0,0,0,0,0,0,0,0,0,0,0,0,0,0,0,0,0,0,0,0,0
2017-02-09,,,,,,,,,,,,,,,,,,,,,,,,,,,,,,,,,,,,,,,,,0,0,0,0,0,0,0,0,0,0,0,0,0,0,0,0,0,0,0,0,0,0,0,0,0,0,0,0,0,0,0,0,0,0,0,0,0,0,0,0
2017-02-10,,,,,,,,,,,,,,,,,,,,,,,,,,,,,,,,,,,,,,,,,0,0,0,0,0,0,0,0,0,0,0,0,0,0,0,0,0,0,0,0,0,0,0,0,0,0,0,0,0,0,0,0,0,0,0,0,0,0,0,0
2017-02-11,8.0,2.5,0.0,4.0,,9.5,,,6.5,,5.5,4.0,6.0,2.5,13.5,1.0,1.0,0.0,8.0,,,7.5,1.5,1.0,1.0,0.0,11.0,,11.0,2.0,,0.0,,4.5,6.0,,1.0,,5.0,,0,0,0,0,0,0,0,0,0,0,0,0,0,0,0,0,0,0,0,0,0,0,0,0,0,0,0,0,0,0,0,0,0,0,0,0,0,0,0,0
2017-02-12,1.0,,55.5,2.0,,50.0,,,48.5,,,1.5,36.0,6.0,83.0,,,21.5,20.0,,,22.5,53.5,54.5,,0.0,15.5,,3.0,45.0,,60.5,,,45.5,,57.0,,74.5,26.5,0,0,0,0,0,0,0,0,0,0,0,0,0,0,0,0,0,0,0,0,0,0,0,0,0,0,0,0,0,0,0,0,0,0,0,0,0,0,0,0
2017-02-13,9.5,44.5,42.0,28.0,3.0,9.5,,,59.5,,,,,,,,,,,,,,,,,,,,1.0,,,,,,,,,,,,0,0,0,0,0,0,0,0,0,0,0,0,0,0,0,0,0,0,0,0,0,0,0,0,0,0,0,0,0,0,0,0,0,0,0,0,0,0,0,0
2017-02-14,,,,,,,,,,,,,,,,,,,,,,,,,,,,,,,,,,,,,,,,,0,0,0,0,0,0,0,0,0,0,0,0,0,0,0,0,0,0,0,0,0,0,0,0,0,0,0,0,0,0,0,0,0,0,0,0,0,0,0,0
2017-02-15,43.5,142.0,146.0,,87.5,82.5,49.5,,48.5,,,,,,,,,,179.0,,,,,,,,,,99.5,,,,,,,,,,,71.5,0,0,0,0,0,0,0,0,0,0,0,0,0,0,0,0,0,0,0,0,0,0,0,0,0,0,0,0,0,0,0,0,0,0,0,0,0,0,0,0
2017-02-16,69.0,64.5,67.0,,,,47.5,,71.0,,,,,76.0,,,,,71.0,,,76.5,99.0,,15.0,,,,50.0,,,136.5,,,,,23.5,,,72.5,0,0,0,0,0,0,0,0,0,0,0,0,0,0,0,0,0,0,0,0,0,0,0,0,0,0,0,0,0,0,0,0,0,0,0,0,0,0,0,0
2017-02-17,1.0,0.0,0.0,,0.0,,0.0,,10.0,,,,,0.0,,0.0,,0.0,0.0,,,4.0,,,,,,,18.0,,,,,,,,,,,0.5,0,0,0,0,0,0,0,0,0,0,0,0,0,0,0,0,0,0,0,0,0,0,0,0,0,0,0,0,0,0,0,0,0,0,0,0,0,0,0,0
2017-02-18,18.0,,40.0,,33.5,,13.0,,39.0,,,,,,,,,,21.5,,,,,,,,,,16.5,,,,,,,,,,,,0,0,0,0,0,0,0,0,0,0,0,0,0,0,0,0,0,0,0,0,0,0,0,0,0,0,0,0,0,0,0,0,0,0,0,0,0,0,0,0
2017-02-19,1.5,3.0,3.0,4.5,11.5,4.5,3.0,,4.0,,,,,,10.5,,,,4.5,,,,,3.0,,,,,0.0,,,,,,,,,,,6.0,0,0,0,0,0,0,0,0,0,0,0,0,0,0,0,0,0,0,0,0,0,0,0,0,0,0,0,0,0,0,0,0,0,0,0,0,0,0,0,0
2017-02-20,0.0,0.0,0.0,0.5,0.5,0.0,0.0,,0.5,,,,,,0.0,0.0,0.0,0.0,0.0,,,,0.5,0.0,0.0,,,,0.0,,,,,,,,,,,0.0,0,0,0,0,0,0,0,0,0,0,0,0,0,0,0,0,0,0,0,0,0,0,0,0,0,0,0,0,0,0,0,0,0,0,0,0,0,0,0,0
2017-02-21,5.5,1.0,1.5,0.0,0.0,24.5,11.5,,0.0,,,,3.0,,7.5,1.5,0.5,1.5,0.0,,,2.5,1.5,19.5,0.0,0.0,0.0,,0.0,3.0,,10.5,,,,,0.0,,5.5,3.0,0,0,0,0,0,0,0,0,0,0,0,0,0,0,0,0,0,0,0,0,0,0,0,0,0,0,0,0,0,0,0,0,0,0,0,0,0,0,0,0
2017-02-22,2.0,27.5,17.5,7.0,9.5,2.5,2.5,,,,,,6.5,,,,,,13.5,,,2.5,10.0,0.5,7.0,0.0,8.5,,0.5,,,15.5,,2.5,1.0,,14.0,,,,0,0,0,0,0,0,0,0,0,0,0,0,0,0,0,0,0,0,0,0,0,0,0,0,0,0,0,0,0,0,0,0,0,0,0,0,0,0,0,0
2017-02-23,55.5,13.0,18.5,14.0,16.5,12.0,7.0,,,,,,,,,,,,13.0,,,37.5,17.5,37.0,,0.0,,,35.5,,,,,,,,,,,,0,0,0,0,0,0,0,0,0,0,0,0,0,0,0,0,0,0,0,0,0,0,0,0,0,0,0,0,0,0,0,0,0,0,0,0,0,0,0,0
2017-02-24,2.0,1.5,1.5,1.5,4.0,1.5,1.0,,1.0,,,,,,,,,,,,,,,,,,,,1.0,,,,,,,,,,,,0,0,0,0,0,0,0,0,0,0,0,0,0,0,0,0,0,0,0,0,0,0,0,0,0,0,0,0,0,0,0,0,0,0,0,0,0,0,0,0
2017-02-25,,,,,,,,,,,,,,,,,,,,,,,,,,,,,,,,,,,,,,,,,0,0,0,0,0,0,0,0,0,0,0,0,0,0,0,0,0,0,0,0,0,0,0,0,0,0,0,0,0,0,0,0,0,0,0,0,0,0,0,0
2017-02-26,6.0,0.0,0.0,0.5,,0.5,,,,,,,,,,,,,,,,,,,,,,,,,,,,,,,,,,,0,0,0,0,0,0,0,0,0,0,0,0,0,0,0,0,0,0,0,0,0,0,0,0,0,0,0,0,0,0,0,0,0,0,0,0,0,0,0,0
2017-02-27,21.0,51.0,27.0,22.5,,3.0,,,30.5,,,,,,,,,,,,,,,,,,,,26.5,,,,,,,,,,,,0,0,0,0,0,0,0,0,0,0,0,0,0,0,0,0,0,0,0,0,0,0,0,0,0,0,0,0,0,0,0,0,0,0,0,0,0,0,0,0
2017-02-28,5.5,16.0,26.5,14.5,20.0,18.0,,,55.0,,14.0,,,,,,,,14.0,,,,23.0,17.5,,0.0,,,14.0,,,,,,,,,,,,0,0,0,0,0,0,0,0,0,0,0,0,0,0,0,0,0,0,0,0,0,0,0,0,0,0,0,0,0,0,0,0,0,0,0,0,0,0,0,0
2017-03-01,2.5,54.0,4.0,23.0,51.5,82.0,53.0,,52.0,,68.0,,20.5,77.5,24.5,23.0,4.0,42.0,117.0,,,4.0,4.5,100.0,10.5,0.0,74.5,,6.0,11.0,,93.0,,,92.0,,81.0,,,3.5,0,0,0,0,0,0,0,0,0,0,0,0,0,0,0,0,0,0,0,0,0,0,0,0,0,0,0,0,0,0,0,0,0,0,0,0,0,0,0,0
2017-03-02,27.5,12.5,12.5,13.0,11.5,19.5,,,12.0,,61.5,,8.5,,,,,,8.5,,,18.0,12.0,12.0,0.0,0.0,9.5,,,,,12.0,,23.0,21.0,,12.5,,,14.0,0,0,0,0,0,0,0,0,0,0,0,0,0,0,0,0,0,0,0,0,0,0,0,0,0,0,0,0,0,0,0,0,0,0,0,0,0,0,0,0
2017-03-03,27.0,0.0,0.0,0.5,0.0,0.0,0.0,,,,46.5,,,,,,,,,,,,,,,,,,,,,,,,,,,,,,0,0,0,0,0,0,0,0,0,0,0,0,0,0,0,0,0,0,0,0,0,0,0,0,0,0,0,0,0,0,0,0,0,0,0,0,0,0,0,0
2017-03-04,,,,,,,,,32.0,,,,,,,,,,,,,,,,,,,,,,,,,,,,,,,,0,0,0,0,0,0,0,0,0,0,0,0,0,0,0,0,0,0,0,0,0,0,0,0,0,0,0,0,0,0,0,0,0,0,0,0,0,0,0,0
2017-03-05,13.0,2.0,1.0,0.0,0.5,7.5,5.5,,5.0,,,,,,3.5,0.5,2.0,1.0,,,,,,,,,,,,,,,,,,,,,,,0,0,0,0,0,0,0,0,0,0,0,0,0,0,0,0,0,0,0,0,0,0,0,0,0,0,0,0,0,0,0,0,0,0,0,0,0,0,0,0
2017-03-06,0.5,0.0,0.0,0.0,0.0,0.0,,,0.0,,,0.0,0.0,0.5,0.0,0.0,1.0,0.0,0.0,,,,0.0,,3.5,0.0,,,0.5,0.0,,0.0,,0.0,,,0.0,,0.0,0.0,0,0,0,0,0,0,0,0,0,0,0,0,0,0,0,0,0,0,0,0,0,0,0,0,0,0,0,0,0,0,0,0,0,0,0,0,0,0,0,0
2017-03-07,0.0,0.5,1.5,1.5,6.5,6.0,4.0,,0.0,,,0.0,1.0,0.5,33.5,0.0,0.0,0.0,2.0,,,0.0,0.0,0.0,,0.0,0.5,,4.0,5.0,,0.5,,0.0,0.0,,2.0,,0.0,1.0,0,0,0,0,0,0,0,0,0,0,0,0,0,0,0,0,0,0,0,0,0,0,0,0,0,0,0,0,0,0,0,0,0,0,0,0,0,0,0,0
2017-03-08,,,,,,,,,,,,,,,,,,,,,,,,,,,,,,,,,,,,,,,,,0,0,0,0,0,0,0,0,0,0,0,0,0,0,0,0,0,0,0,0,0,0,0,0,0,0,0,0,0,0,0,0,0,0,0,0,0,0,0,0
2017-03-09,,,,,,,,,,,,,,,,,,,,,,,,,,,,,,,,,,,,,,,,,0,0,0,0,0,0,0,0,0,0,0,0,0,0,0,0,0,0,0,0,0,0,0,0,0,0,0,0,0,0,0,0,0,0,0,0,0,0,0,0
2017-03-10,11.5,0.0,0.0,0.0,0.0,0.0,,0.0,0.0,,,,,,,,,,0.0,,,,0.0,,,,,,,,,,,,,,,,,,0,0,0,0,0,0,0,0,0,0,0,0,0,0,0,0,0,0,0,0,0,0,0,0,0,0,0,0,0,0,0,0,0,0,0,0,0,0,0,0
2017-03-11,0.5,0.0,0.0,0.0,2.0,19.0,,0.0,0.0,,,,,,,,,,0.0,,,,0.0,,,,,,0.5,,,,,,,,,,,,0,0,0,0,0,0,0,0,0,0,0,0,0,0,0,0,0,0,0,0,0,0,0,0,0,0,0,0,0,0,0,0,0,0,0,0,0,0,0,0
2017-03-12,76.0,27.0,22.5,30.0,,25.0,,,19.0,,,,,,,,,,30.0,,,55.5,45.0,51.0,13.5,,,,63.0,,,,,,,,,,,24.5,0,0,0,0,0,0,0,0,0,0,0,0,0,0,0,0,0,0,0,0,0,0,0,0,0,0,0,0,0,0,0,0,0,0,0,0,0,0,0,0
2017-03-13,2.5,2.0,11.5,1.0,,5.5,,,2.5,,,,,,,,,,3.0,,,,24.5,,,,,,1.5,,,,,,,,,,,0.5,0,0,0,0,0,0,0,0,0,0,0,0,0,0,0,0,0,0,0,0,0,0,0,0,0,0,0,0,0,0,0,0,0,0,0,0,0,0,0,0
2017-03-14,22.5,30.0,34.5,65.0,,55.0,,,,,45.5,16.0,,,14.5,,28.5,28.0,30.0,,,,,,,,,,,,,,,,,,,,,18.5,0,0,0,0,0,0,0,0,0,0,0,0,0,0,0,0,0,0,0,0,0,0,0,0,0,0,0,0,0,0,0,0,0,0,0,0,0,0,0,0
2017-03-15,23.0,0.0,1.0,10.0,8.5,1.5,,,0.0,,,,,,,,,,0.0,,,,,,,,,,40.0,,,,,,,,,,,34.5,0,0,0,0,0,0,0,0,0,0,0,0,0,0,0,0,0,0,0,0,0,0,0,0,0,0,0,0,0,0,0,0,0,0,0,0,0,0,0,0
2017-03-16,0.0,0.0,0.0,0.0,0.5,0.0,0.0,,0.0,,0.0,0.0,,0.5,0.0,0.0,0.0,0.0,0.0,,,,,,,,,,0.0,0.0,0.0,,,,,,,,0.0,0.5,0,0,0,0,0,0,0,0,0,0,0,0,0,0,0,0,0,0,0,0,0,0,0,0,0,0,0,0,0,0,0,0,0,0,0,0,0,0,0,0
2017-03-17,6.0,81.5,89.0,42.0,69.0,,45.0,,87.0,,98.0,45.0,,24.0,47.0,38.5,50.0,94.0,92.5,,,,53.0,5.0,50.5,0.0,51.5,,5.0,,63.0,30.5,,,,,,,37.0,29.0,0,0,0,0,0,0,0,0,0,0,0,0,0,0,0,0,0,0,0,0,0,0,0,0,0,0,0,0,0,0,0,0,0,0,0,0,0,0,0,0
2017-03-18,0.0,0.0,0.0,,0.0,0.0,,,0.0,,0.0,0.0,,,0.0,0.0,0.0,0.0,0.0,,,,0.0,0.0,0.0,0.0,,,0.0,0.0,0.0,0.0,,,,,,,,0.0,0,0,0,0,0,0,0,0,0,0,0,0,0,0,0,0,0,0,0,0,0,0,0,0,0,0,0,0,0,0,0,0,0,0,0,0,0,0,0,0
2017-03-19,6.5,0.0,0.0,1.0,22.5,2.0,,,0.0,,,4.5,,0.5,0.0,3.5,0.0,0.0,1.0,,,,0.0,0.0,0.0,0.0,2.5,,0.5,0.0,9.0,1.5,,6.0,9.0,,,,,24.5,0,0,0,0,0,0,0,0,0,0,0,0,0,0,0,0,0,0,0,0,0,0,0,0,0,0,0,0,0,0,0,0,0,0,0,0,0,0,0,0
2017-03-20,4.5,0.0,0.0,1.5,0.5,2.0,1.0,,0.0,,4.0,0.0,,,0.5,4.0,0.5,0.0,0.5,,,,0.0,4.5,0.0,0.0,1.5,,0.0,2.0,,0.0,,,,,,,,0.0,0,0,0,0,0,0,0,0,0,0,0,0,0,0,0,0,0,0,0,0,0,0,0,0,0,0,0,0,0,0,0,0,0,0,0,0,0,0,0,0
2017-03-21,1.0,1.5,0.5,0.5,,0.5,0.5,,,,,,,,,,,,0.5,,,,,,,,,,0.5,,,,,,,,,,,,0,0,0,0,0,0,0,0,0,0,0,0,0,0,0,0,0,0,0,0,0,0,0,0,0,0,0,0,0,0,0,0,0,0,0,0,0,0,0,0
2017-03-22,0.0,0.0,0.0,0.0,,0.0,0.0,,0.0,,,0.0,,,,,,,0.0,,,,,,,,,,0.0,,,,,,,,,,,,0,0,0,0,0,0,0,0,0,0,0,0,0,0,0,0,0,0,0,0,0,0,0,0,0,0,0,0,0,0,0,0,0,0,0,0,0,0,0,0
2017-03-23,22.0,0.5,1.5,1.5,2.0,0.5,,,1.0,,,,,,,,,,,,,,,,,,,,15.5,,,,,,,,,,,2.5,0,0,0,0,0,0,0,0,0,0,0,0,0,0,0,0,0,0,0,0,0,0,0,0,0,0,0,0,0,0,0,0,0,0,0,0,0,0,0,0
2017-03-24,7.5,5.0,5.5,7.0,14.5,23.0,13.0,,4.5,,,14.0,,4.5,,,,,5.0,,,,,,,,,,,,,,,,,,,,,,0,0,0,0,0,0,0,0,0,0,0,0,0,0,0,0,0,0,0,0,0,0,0,0,0,0,0,0,0,0,0,0,0,0,0,0,0,0,0,0
2017-03-25,0.0,0.0,0.0,0.0,,0.5,,,5.5,,,,,,,,,,,,,,,,,,,,0.0,,,,,,,,,,,,0,0,0,0,0,0,0,0,0,0,0,0,0,0,0,0,0,0,0,0,0,0,0,0,0,0,0,0,0,0,0,0,0,0,0,0,0,0,0,0
2017-03-26,1.0,0.0,0.0,0.0,0.0,0.0,,,0.0,,,0.0,,,,,,,0.0,,,,,,,,,,1.0,,,,,,,,,,,0.0,0,0,0,0,0,0,0,0,0,0,0,0,0,0,0,0,0,0,0,0,0,0,0,0,0,0,0,0,0,0,0,0,0,0,0,0,0,0,0,0
2017-03-27,5.5,72.0,45.5,4.5,7.5,6.0,4.0,,16.0,,,4.5,,,,,,,,,,,,,,,,,,,,,,,,,,,,,0,0,0,0,0,0,0,0,0,0,0,0,0,0,0,0,0,0,0,0,0,0,0,0,0,0,0,0,0,0,0,0,0,0,0,0,0,0,0,0
2017-03-28,4.5,6.0,4.0,4.0,32.5,14.5,8.5,,35.0,,1.5,2.0,,6.5,22.0,2.5,4.5,4.5,5.5,,,0.0,4.0,40.5,10.0,0.0,5.0,,50.0,,,6.0,,,,,50.0,,4.5,3.5,0,0,0,0,0,0,0,0,0,0,0,0,0,0,0,0,0,0,0,0,0,0,0,0,0,0,0,0,0,0,0,0,0,0,0,0,0,0,0,0
2017-03-29,0.0,20.0,25.5,13.0,6.0,33.5,20.0,,35.5,,35.0,2.0,0.5,4.5,71.0,2.5,22.0,1.0,5.0,,,0.5,,32.5,30.0,0.0,1.5,,,35.0,,53.0,,,28.5,,57.5,,14.5,20.5,0,0,0,0,0,0,0,0,0,0,0,0,0,0,0,0,0,0,0,0,0,0,0,0,0,0,0,0,0,0,0,0,0,0,0,0,0,0,0,0
2017-03-30,5.0,4.0,2.0,1.5,3.5,0.5,0.0,,10.5,,0.5,0.0,,0.5,7.5,1.5,7.5,5.0,0.5,,,4.5,,1.5,0.0,0.0,0.5,,,2.0,,1.0,,0.0,,,30.0,,0.0,2.5,0,0,0,0,0,0,0,0,0,0,0,0,0,0,0,0,0,0,0,0,0,0,0,0,0,0,0,0,0,0,0,0,0,0,0,0,0,0,0,0
2017-03-31,56.5,7.0,19.0,0.5,7.0,10.5,7.0,,13.5,0.5,1.0,23.5,,,6.0,8.0,4.5,0.5,0.5,,,89.0,,1.5,,0.0,1.0,,,,0.5,6.0,,,,,4.0,,1.5,49.5,0,0,0,0,0,0,0,0,0,0,0,0,0,0,0,0,0,0,0,0,0,0,0,0,0,0,0,0,0,0,0,0,0,0,0,0,0,0,0,0
2017-04-01,72.0,36.0,35.5,4.0,22.5,29.5,18.5,,0.5,,,,,,,,,,,,,,,,,,,,22.5,,,,,,,,,,,,0,0,0,0,0,0,0,0,0,0,0,0,0,0,0,0,0,0,0,0,0,0,0,0,0,0,0,0,0,0,0,0,0,0,0,0,0,0,0,0
2017-04-02,20.0,10.0,11.5,6.5,15.5,41.0,30.0,,16.5,,45.5,41.5,,15.0,2.5,28.0,22.5,26.5,18.0,,,26.5,,29.0,,0.0,25.0,,15.0,,,18.0,,,,,22.5,,66.5,7.5,0,0,0,0,0,0,0,0,0,0,0,0,0,0,0,0,0,0,0,0,0,0,0,0,0,0,0,0,0,0,0,0,0,0,0,0,0,0,0,0
2017-04-03,18.0,14.5,14.5,3.5,1.0,7.0,6.0,,,,5.5,5.0,,6.5,16.0,8.0,13.0,16.0,8.0,,,11.5,,12.0,,0.0,14.0,,5.5,,,21.0,,,17.0,,25.5,,4.5,13.0,0,0,0,0,0,0,0,0,0,0,0,0,0,0,0,0,0,0,0,0,0,0,0,0,0,0,0,0,0,0,0,0,0,0,0,0,0,0,0,0
2017-04-04,11.5,4.0,0.5,11.0,4.5,0.5,0.0,,0.0,,0.5,2.5,,0.5,0.5,12.5,2.0,1.0,0.0,,,6.0,,29.5,,0.0,2.5,,32.5,0.5,,1.0,,,,,0.5,,0.5,7.5,0,0,0,0,0,0,0,0,0,0,0,0,0,0,0,0,0,0,0,0,0,0,0,0,0,0,0,0,0,0,0,0,0,0,0,0,0,0,0,0
2017-04-05,1.5,0.0,0.0,0.5,5.5,0.0,0.0,,0.5,,10.0,0.0,,2.0,0.0,2.0,0.0,0.0,0.0,,,1.0,,12.0,,0.0,1.0,,3.0,,,0.0,,,15.0,,0.0,,0.5,2.5,0,0,0,0,0,0,0,0,0,0,0,0,0,0,0,0,0,0,0,0,0,0,0,0,0,0,0,0,0,0,0,0,0,0,0,0,0,0,0,0
2017-04-06,,4.0,7.5,9.0,10.5,1.5,1.5,,5.0,,1.0,0.5,,12.5,5.5,16.5,11.0,11.5,1.0,,,,,,,0.0,8.5,,11.5,,,2.5,,,1.0,,3.0,,2.5,25.5,0,0,0,0,0,0,0,0,0,0,0,0,0,0,0,0,0,0,0,0,0,0,0,0,0,0,0,0,0,0,0,0,0,0,0,0,0,0,0,0
2017-04-07,,4.5,,0.5,1.0,24.5,17.0,,1.5,,9.0,12.0,0.0,0.5,1.5,2.0,12.5,0.0,0.0,,,,,,,0.0,1.0,,23.5,,,0.5,,,,,,,30.5,9.0,0,0,0,0,0,0,0,0,0,0,0,0,0,0,0,0,0,0,0,0,0,0,0,0,0,0,0,0,0,0,0,0,0,0,0,0,0,0,0,0
2017-04-08,,,,25.0,2.5,,4.0,,0.0,2.0,6.0,6.5,14.0,82.0,0.0,4.0,3.0,1.5,0.0,,,,,,,0.0,42.0,,5.5,,,10.0,,,,,17.0,,4.5,9.0,0,0,0,0,0,0,0,0,0,0,0,0,0,0,0,0,0,0,0,0,0,0,0,0,0,0,0,0,0,0,0,0,0,0,0,0,0,0,0,0
2017-04-09,,0.0,,0.0,0.0,,0.5,,0.0,0.0,0.0,0.0,,0.5,0.0,0.5,0.0,0.0,0.0,,,3.5,,,,,0.0,,0.0,0.0,,0.0,,,,,,,0.0,0.5,0,0,0,0,0,0,0,0,0,0,0,0,0,0,0,0,0,0,0,0,0,0,0,0,0,0,0,0,0,0,0,0,0,0,0,0,0,0,0,0
2017-04-10,8.0,0.0,,7.0,35.5,,1.0,,0.0,,5.5,0.0,,0.0,3.0,75.5,10.0,21.5,0.0,,,2.0,,,,,2.5,,1.5,,,0.5,,,,,0.0,,6.5,52.5,0,0,0,0,0,0,0,0,0,0,0,0,0,0,0,0,0,0,0,0,0,0,0,0,0,0,0,0,0,0,0,0,0,0,0,0,0,0,0,0
2017-04-11,1.5,0.0,,0.0,17.5,0.0,0.0,,0.0,1.0,,7.0,,3.5,0.0,2.5,0.0,0.0,0.0,,,,,,,0.0,0.0,,2.5,,,0.0,,,,,0.0,,1.0,1.5,0,0,0,0,0,0,0,0,0,0,0,0,0,0,0,0,0,0,0,0,0,0,0,0,0,0,0,0,0,0,0,0,0,0,0,0,0,0,0,0
2017-04-12,20.0,36.5,49.0,5.5,5.5,5.5,6.5,,3.0,,20.5,12.5,,12.5,57.0,6.0,13.5,9.5,0.0,,,16.5,,,,0.0,36.0,,15.0,,,,,,,,,,6.0,8.0,0,0,0,0,0,0,0,0,0,0,0,0,0,0,0,0,0,0,0,0,0,0,0,0,0,0,0,0,0,0,0,0,0,0,0,0,0,0,0,0
2017-04-13,33.0,4.5,4.0,0.0,0.0,0.5,0.0,,0.0,0.0,,18.0,,,0.0,1.5,10.0,9.0,0.0,,,,,21.0,,0.0,,,26.5,0.5,,11.0,,,,,0.0,,7.5,24.5,0,0,0,0,0,0,0,0,0,0,0,0,0,0,0,0,0,0,0,0,0,0,0,0,0,0,0,0,0,0,0,0,0,0,0,0,0,0,0,0
2017-04-14,2.5,0.0,0.0,1.0,0.0,4.0,1.5,,0.0,1.0,,8.5,,1.0,0.5,0.0,0.0,0.0,0.0,,,,,,,0.0,,,,0.5,,0.0,,,6.0,,0.0,,13.0,0.0,0,0,0,0,0,0,0,0,0,0,0,0,0,0,0,0,0,0,0,0,0,0,0,0,0,0,0,0,0,0,0,0,0,0,0,0,0,0,0,0
2017-04-15,26.0,12.5,4.5,6.5,43.0,1.0,1.5,,120.0,,1.5,19.5,,3.0,0.5,63.0,24.0,11.0,0.0,,,,,,,0.0,,,2.0,,,13.0,,,3.0,,23.5,,2.0,40.0,0,0,0,0,0,0,0,0,0,0,0,0,0,0,0,0,0,0,0,0,0,0,0,0,0,0,0,0,0,0,0,0,0,0,0,0,0,0,0,0
2017-04-16,,8.0,6.5,,18.0,24.0,15.5,,9.5,,,11.5,,12.0,7.5,10.0,7.5,11.5,0.0,,,,,,,0.0,,,28.5,,,8.5,,,,,5.5,,47.0,9.0,0,0,0,0,0,0,0,0,0,0,0,0,0,0,0,0,0,0,0,0,0,0,0,0,0,0,0,0,0,0,0,0,0,0,0,0,0,0,0,0
2017-04-17,0.5,0.5,0.0,,,0.5,0.5,,0.5,0.0,,0.5,,0.5,0.5,0.0,0.5,0.0,0.0,,,,,,,0.0,,,0.5,,0.5,0.5,,,0.5,,0.0,,0.5,0.0,0,0,0,0,0,0,0,0,0,0,0,0,0,0,0,0,0,0,0,0,0,0,0,0,0,0,0,0,0,0,0,0,0,0,0,0,0,0,0,0
2017-04-18,,61.5,80.5,4.5,3.5,3.5,5.0,,18.0,,4.0,5.0,,24.5,8.5,6.5,61.0,68.0,0.0,,,,,,,0.0,61.5,,8.5,,,57.0,,22.0,,,19.5,,3.0,87.5,0,0,0,0,0,0,0,0,0,0,0,0,0,0,0,0,0,0,0,0,0,0,0,0,0,0,0,0,0,0,0,0,0,0,0,0,0,0,0,0
2017-04-19,,14.0,4.5,,7.5,,23.0,,29.0,,,6.5,,11.5,1.5,0.0,0.0,0.0,,,,,,,,0.0,,,4.0,,,,,,8.5,,14.5,,4.5,0.0,0,0,0,0,0,0,0,0,0,0,0,0,0,0,0,0,0,0,0,0,0,0,0,0,0,0,0,0,0,0,0,0,0,0,0,0,0,0,0,0
2017-04-20,,0.0,0.0,,0.0,,0.0,,,,,0.0,,0.0,0.0,0.0,0.0,0.0,,,,,,,,0.0,0.0,,0.0,,,,,,,,0.0,,0.0,0.0,0,0,0,0,0,0,0,0,0,0,0,0,0,0,0,0,0,0,0,0,0,0,0,0,0,0,0,0,0,0,0,0,0,0,0,0,0,0,0,0
2017-04-21,,,,,,,,,,,,,,,,,,,,,,,,,,,,,,,,,,,,,,,,,0,0,0,0,0,0,0,0,0,0,0,0,0,0,0,0,0,0,0,0,0,0,0,0,0,0,0,0,0,0,0,0,0,0,0,0,0,0,0,0
2017-04-22,6.5,2.0,3.0,5.5,32.0,52.5,42.0,,,,,30.5,,4.0,0.5,5.5,3.0,3.0,0.0,,,,,20.0,,0.0,5.0,,5.5,1.5,,2.0,,,,,0.0,,38.0,3.5,0,0,0,0,0,0,0,0,0,0,0,0,0,0,0,0,0,0,0,0,0,0,0,0,0,0,0,0,0,0,0,0,0,0,0,0,0,0,0,0
2017-04-23,5.0,0.0,0.0,0.0,1.5,0.5,0.0,,,,,0.0,0.0,7.0,0.0,0.5,1.5,2.0,0.0,,,,,11.5,,0.0,,,38.0,0.0,0.0,0.0,,0.0,,,0.0,,0.0,3.0,0,0,0,0,0,0,0,0,0,0,0,0,0,0,0,0,0,0,0,0,0,0,0,0,0,0,0,0,0,0,0,0,0,0,0,0,0,0,0,0
2017-04-24,1.0,13.0,11.5,0.0,0.5,0.0,0.0,,,0.0,,2.0,,0.0,0.0,4.5,0.0,22.0,0.0,,,,,0.0,,0.0,,,4.5,,,4.0,,2.5,,,,,0.0,15.5,0,0,0,0,0,0,0,0,0,0,0,0,0,0,0,0,0,0,0,0,0,0,0,0,0,0,0,0,0,0,0,0,0,0,0,0,0,0,0,0
2017-04-25,6.0,0.0,0.5,0.0,0.0,0.0,,,,0.0,,0.0,,0.0,0.0,0.0,0.0,0.0,0.0,,,,,0.0,,0.0,,,0.0,,0.5,0.0,,0.0,,,0.0,,0.0,0.0,0,0,0,0,0,0,0,0,0,0,0,0,0,0,0,0,0,0,0,0,0,0,0,0,0,0,0,0,0,0,0,0,0,0,0,0,0,0,0,0
2017-04-26,43.0,0.0,0.5,0.0,,8.0,3.5,,,0.5,,22.5,,0.0,0.0,1.5,7.0,0.0,0.0,,,,,12.0,,0.0,14.0,,45.5,,0.0,2.5,,,,,0.0,,,0.0,0,0,0,0,0,0,0,0,0,0,0,0,0,0,0,0,0,0,0,0,0,0,0,0,0,0,0,0,0,0,0,0,0,0,0,0,0,0,0,0
2017-04-27,26.0,4.5,13.0,10.5,,7.0,,,,6.5,,16.5,,,13.0,38.5,6.0,7.0,0.0,,,,,0.5,,0.0,,,27.5,,24.0,4.5,,14.0,,,2.0,,13.5,53.5,0,0,0,0,0,0,0,0,0,0,0,0,0,0,0,0,0,0,0,0,0,0,0,0,0,0,0,0,0,0,0,0,0,0,0,0,0,0,0,0
2017-04-28,3.0,4.0,6.5,5.5,41.5,2.5,,,,,,0.0,,3.0,3.0,28.0,7.5,13.5,0.0,,,,,2.0,0.0,0.0,,,7.0,,14.0,9.5,,0.0,,,0.0,,21.0,76.5,0,0,0,0,0,0,0,0,0,0,0,0,0,0,0,0,0,0,0,0,0,0,0,0,0,0,0,0,0,0,0,0,0,0,0,0,0,0,0,0
2017-04-29,1.0,9.0,9.0,23.5,,1.0,,,,0.0,,2.0,,,5.5,27.0,12.0,7.5,0.0,,,,,2.5,0.0,0.0,57.0,,1.0,13.0,27.5,13.5,,4.5,,,5.5,,0.5,23.5,0,0,0,0,0,0,0,0,0,0,0,0,0,0,0,0,0,0,0,0,0,0,0,0,0,0,0,0,0,0,0,0,0,0,0,0,0,0,0,0
2017-04-30,1.0,15.0,0.0,16.0,4.0,0.0,,,,8.0,,0.0,,,0.5,0.5,6.0,7.0,0.0,,,1.5,,49.0,0.5,0.0,,,0.5,0.0,0.0,3.5,,0.0,,,0.5,,6.5,0.5,0,0,0,0,0,0,0,0,0,0,0,0,0,0,0,0,0,0,0,0,0,0,0,0,0,0,0,0,0,0,0,0,0,0,0,0,0,0,0,0
2017-05-01,0.5,0.0,0.0,0.0,1.0,0.0,,,,4.0,,4.5,0.0,,10.5,1.5,0.5,0.5,0.0,,,,,1.5,0.0,0.0,5.5,,4.5,0.0,1.0,0.5,,,0.5,,12.5,,2.0,3.0,0,0,0,0,0,0,0,0,0,0,0,0,0,0,0,0,0,0,0,0,0,0,0,0,0,0,0,0,0,0,0,0,0,0,0,0,0,0,0,0
2017-05-02,54.0,83.0,80.0,84.0,,22.5,,,,,,55.0,,96.0,112.5,73.5,79.5,82.5,0.0,,,,,54.5,29.5,0.0,85.0,,26.5,109.0,71.5,54.5,,57.5,79.5,,57.5,,26.5,107.5,0,0,0,0,0,0,0,0,0,0,0,0,0,0,0,0,0,0,0,0,0,0,0,0,0,0,0,0,0,0,0,0,0,0,0,0,0,0,0,0
2017-05-03,0.0,0.0,0.0,0.0,0.5,0.5,,,,0.0,,0.0,,0.0,0.5,0.0,0.0,0.0,0.0,,,0.0,,0.0,0.0,0.0,0.0,,0.5,,0.0,0.0,,0.0,0.5,,0.0,,0.5,0.0,0,0,0,0,0,0,0,0,0,0,0,0,0,0,0,0,0,0,0,0,0,0,0,0,0,0,0,0,0,0,0,0,0,0,0,0,0,0,0,0
2017-05-04,0.0,0.0,0.0,5.0,3.0,0.5,0.5,,0.0,0.0,0.0,0.5,,0.0,0.0,4.5,0.0,0.0,0.0,,,0.0,,0.0,0.0,0.0,0.0,,0.0,,,,,,,,,,0.0,0.0,0,0,0,0,0,0,0,0,0,0,0,0,0,0,0,0,0,0,0,0,0,0,0,0,0,0,0,0,0,0,0,0,0,0,0,0,0,0,0,0
2017-05-05,32.0,42.5,36.5,6.0,7.0,2.0,4.5,,9.0,,3.5,1.5,3.5,4.5,23.5,12.0,24.0,20.5,0.0,,,20.0,,3.0,16.5,0.0,7.5,,9.0,,,42.5,,,,,2.5,,14.5,48.5,0,0,0,0,0,0,0,0,0,0,0,0,0,0,0,0,0,0,0,0,0,0,0,0,0,0,0,0,0,0,0,0,0,0,0,0,0,0,0,0
2017-05-06,5.0,0.0,1.5,14.0,1.5,2.0,1.5,,0.0,,4.0,1.5,,1.5,0.0,3.0,0.0,0.0,0.0,,,12.0,,15.5,0.0,0.0,1.5,,24.0,,1.5,0.0,,2.0,,,0.0,,4.5,0.0,0,0,0,0,0,0,0,0,0,0,0,0,0,0,0,0,0,0,0,0,0,0,0,0,0,0,0,0,0,0,0,0,0,0,0,0,0,0,0,0
2017-05-07,4.5,21.0,3.5,2.0,39.0,15.5,14.5,,3.5,,2.5,10.0,,0.5,3.0,25.5,22.0,12.5,0.0,,,31.5,,5.5,4.5,0.0,4.0,,4.0,15.5,42.5,18.0,,,15.0,,5.5,,59.0,14.0,0,0,0,0,0,0,0,0,0,0,0,0,0,0,0,0,0,0,0,0,0,0,0,0,0,0,0,0,0,0,0,0,0,0,0,0,0,0,0,0
2017-05-08,32.5,6.0,22.5,14.0,23.0,4.5,,,2.5,,,31.5,,0.5,4.0,17.0,14.5,11.0,0.0,,,,,2.0,6.0,0.0,1.5,,7.0,,17.5,3.0,,31.0,4.5,,2.0,,1.0,27.5,0,0,0,0,0,0,0,0,0,0,0,0,0,0,0,0,0,0,0,0,0,0,0,0,0,0,0,0,0,0,0,0,0,0,0,0,0,0,0,0
2017-05-09,0.5,0.0,0.5,0.5,0.0,0.0,0.0,,0.0,,,0.0,,0.0,0.0,1.0,0.0,0.0,0.0,,,0.5,,0.0,,,0.0,,5.0,0.0,,0.0,,0.5,,,,,,0.5,0,0,0,0,0,0,0,0,0,0,0,0,0,0,0,0,0,0,0,0,0,0,0,0,0,0,0,0,0,0,0,0,0,0,0,0,0,0,0,0
2017-05-10,0.0,26.5,3.5,3.0,28.0,1.5,7.5,,43.5,,,2.5,,1.0,26.0,1.0,2.0,2.0,0.0,,,0.0,,50.0,,0.0,11.0,,3.5,,,8.5,,,,,,,,0.0,0,0,0,0,0,0,0,0,0,0,0,0,0,0,0,0,0,0,0,0,0,0,0,0,0,0,0,0,0,0,0,0,0,0,0,0,0,0,0,0
2017-05-11,1.0,14.5,13.5,1.0,12.5,15.0,20.0,,18.0,,0.5,44.0,,14.5,13.5,1.5,2.0,4.5,0.0,,,0.0,,1.5,,0.0,5.5,,0.0,,,14.5,,37.0,0.5,,,,,9.5,0,0,0,0,0,0,0,0,0,0,0,0,0,0,0,0,0,0,0,0,0,0,0,0,0,0,0,0,0,0,0,0,0,0,0,0,0,0,0,0
2017-05-12,0.0,0.0,0.0,0.0,13.0,0.0,0.0,,1.0,,,1.0,,0.5,1.5,0.5,0.0,0.0,0.5,,,,,13.0,,,,,2.0,,2.0,0.0,,0.0,2.0,,,,,0.5,0,0,0,0,0,0,0,0,0,0,0,0,0,0,0,0,0,0,0,0,0,0,0,0,0,0,0,0,0,0,0,0,0,0,0,0,0,0,0,0
2017-05-13,2.0,3.0,2.0,1.5,0.5,0.0,0.0,,0.0,,0.5,0.0,,0.0,1.5,1.0,5.0,5.0,0.5,,,0.0,,,0.0,,1.5,,0.0,,,2.0,,0.0,,,,,,2.0,0,0,0,0,0,0,0,0,0,0,0,0,0,0,0,0,0,0,0,0,0,0,0,0,0,0,0,0,0,0,0,0,0,0,0,0,0,0,0,0
2017-05-14,4.0,0.5,0.5,0.0,1.5,0.0,0.5,,0.0,,,0.5,,0.0,0.0,0.0,0.0,0.0,0.5,,,5.0,,,0.5,0.0,0.5,,3.5,3.0,1.0,0.0,,1.0,2.0,,,,,0.0,0,0,0,0,0,0,0,0,0,0,0,0,0,0,0,0,0,0,0,0,0,0,0,0,0,0,0,0,0,0,0,0,0,0,0,0,0,0,0,0
2017-05-15,1.0,0.0,0.0,0.0,0.0,0.0,,,,,,1.0,,0.0,0.0,0.0,0.0,0.0,0.0,,,0.0,,,0.0,0.0,,,0.0,,,0.0,,1.0,,,,,,0.0,0,0,0,0,0,0,0,0,0,0,0,0,0,0,0,0,0,0,0,0,0,0,0,0,0,0,0,0,0,0,0,0,0,0,0,0,0,0,0,0
2017-05-16,19.0,4.0,0.5,22.5,41.5,35.0,66.0,,0.5,1.0,,48.0,,24.5,0.0,53.0,29.5,31.5,16.0,,,11.0,,,,,,,20.5,,61.5,19.0,,,33.5,,,,,14.5,0,0,0,0,0,0,0,0,0,0,0,0,0,0,0,0,0,0,0,0,0,0,0,0,0,0,0,0,0,0,0,0,0,0,0,0,0,0,0,0
2017-05-17,1.0,0.0,0.0,1.0,0.5,1.0,11.0,,0.0,0.0,0.5,4.5,,7.0,0.0,0.0,0.0,0.0,15.0,,,3.0,,0.5,0.0,0.0,2.0,,0.0,,,0.5,,,,,0.0,,2.0,0.0,0,0,0,0,0,0,0,0,0,0,0,0,0,0,0,0,0,0,0,0,0,0,0,0,0,0,0,0,0,0,0,0,0,0,0,0,0,0,0,0
2017-05-18,0.0,0.0,0.0,0.0,0.0,0.0,0.0,,0.0,0.0,0.0,0.0,,0.0,0.0,0.0,0.0,0.0,0.0,,,0.5,,,0.0,0.0,0.0,,0.0,0.0,,0.0,,,,,0.0,,0.0,0.5,0,0,0,0,0,0,0,0,0,0,0,0,0,0,0,0,0,0,0,0,0,0,0,0,0,0,0,0,0,0,0,0,0,0,0,0,0,0,0,0
2017-05-19,0.0,0.0,0.0,0.0,0.0,0.0,,,1.0,0.0,0.0,0.0,,6.0,0.5,0.0,0.0,0.0,0.5,,,0.0,,0.0,,0.0,1.5,,0.0,,,0.0,,,,,1.0,,0.0,0.0,0,0,0,0,0,0,0,0,0,0,0,0,0,0,0,0,0,0,0,0,0,0,0,0,0,0,0,0,0,0,0,0,0,0,0,0,0,0,0,0
2017-05-20,36.5,0.0,0.0,4.5,2.5,6.0,5.5,,0.0,,4.0,37.5,,0.5,0.5,3.5,7.0,13.5,5.0,,,37.0,,,,0.0,,,25.5,,,0.5,,,,,0.0,,82.5,0.0,0,0,0,0,0,0,0,0,0,0,0,0,0,0,0,0,0,0,0,0,0,0,0,0,0,0,0,0,0,0,0,0,0,0,0,0,0,0,0,0
2017-05-21,12.0,24.5,8.0,0.5,1.0,4.0,3.5,,0.0,0.0,1.5,30.0,,3.5,0.0,0.0,50.5,30.5,6.5,,,0.0,,,,,,,,,14.0,15.5,,,,,0.0,,6.5,1.0,0,0,0,0,0,0,0,0,0,0,0,0,0,0,0,0,0,0,0,0,0,0,0,0,0,0,0,0,0,0,0,0,0,0,0,0,0,0,0,0
2017-05-22,33.5,2.5,5.5,5.0,17.5,13.0,19.0,,6.5,,2.5,1.5,,3.0,52.5,2.5,2.5,9.5,2.0,,,28.5,,33.5,,,,,,23.0,5.0,5.0,,2.5,,,18.5,,4.0,4.5,0,0,0,0,0,0,0,0,0,0,0,0,0,0,0,0,0,0,0,0,0,0,0,0,0,0,0,0,0,0,0,0,0,0,0,0,0,0,0,0
2017-05-23,1.0,0.0,0.0,0.0,0.5,0.0,0.5,,0.5,0.0,0.0,0.0,,0.0,0.0,0.5,0.0,0.0,0.0,,,,,,,0.0,0.0,,0.0,,,0.0,,,,,0.0,,0.0,0.0,0,0,0,0,0,0,0,0,0,0,0,0,0,0,0,0,0,0,0,0,0,0,0,0,0,0,0,0,0,0,0,0,0,0,0,0,0,0,0,0
2017-05-24,38.5,4.0,0.0,18.5,21.5,10.5,14.0,,46.0,10.0,32.0,4.5,,2.5,2.0,2.5,1.0,3.0,12.0,,,,,,,,,,12.5,,,,,,,,,,9.5,0.5,0,0,0,0,0,0,0,0,0,0,0,0,0,0,0,0,0,0,0,0,0,0,0,0,0,0,0,0,0,0,0,0,0,0,0,0,0,0,0,0
2017-05-25,0.0,49.0,36.0,1.0,0.0,5.5,6.0,,30.0,0.5,12.5,0.0,,36.5,14.0,4.5,27.5,9.5,33.5,,,,,10.5,23.0,0.0,51.0,,0.0,76.0,,48.5,,,,,32.5,,4.0,0.0,0,0,0,0,0,0,0,0,0,0,0,0,0,0,0,0,0,0,0,0,0,0,0,0,0,0,0,0,0,0,0,0,0,0,0,0,0,0,0,0
2017-05-26,64.5,31.0,22.5,9.5,13.0,10.5,16.5,,10.5,,47.5,40.5,8.5,49.0,15.5,19.0,32.0,12.0,62.0,,,,,,5.5,0.0,,,19.5,,,41.5,,,,,6.0,,24.5,14.5,0,0,0,0,0,0,0,0,0,0,0,0,0,0,0,0,0,0,0,0,0,0,0,0,0,0,0,0,0,0,0,0,0,0,0,0,0,0,0,0
2017-05-27,3.0,0.5,0.0,1.0,0.5,0.5,,,0.0,,0.5,0.0,,0.0,0.5,0.5,1.5,11.5,0.0,,,28.5,,0.0,0.0,0.0,0.0,,1.0,,,0.5,,,,,0.0,,2.5,1.0,0,0,0,0,0,0,0,0,0,0,0,0,0,0,0,0,0,0,0,0,0,0,0,0,0,0,0,0,0,0,0,0,0,0,0,0,0,0,0,0
2017-05-28,1.0,0.0,0.0,0.5,0.0,0.0,,,0.0,,0.0,0.0,,0.0,0.0,0.0,0.0,0.0,0.0,,,,,0.0,0.0,0.0,0.5,,0.5,0.0,,0.0,,,,,0.0,,0.0,0.0,0,0,0,0,0,0,0,0,0,0,0,0,0,0,0,0,0,0,0,0,0,0,0,0,0,0,0,0,0,0,0,0,0,0,0,0,0,0,0,0
2017-05-29,3.5,0.0,0.0,0.0,0.0,0.0,0.0,,0.0,0.0,0.0,0.0,,0.0,0.0,0.0,0.0,0.0,0.0,,,9.0,,0.0,0.0,0.0,0.0,,0.0,,,0.0,,0.0,0.0,,0.0,,0.0,0.0,0,0,0,0,0,0,0,0,0,0,0,0,0,0,0,0,0,0,0,0,0,0,0,0,0,0,0,0,0,0,0,0,0,0,0,0,0,0,0,0
2017-05-30,1.0,0.5,1.0,0.0,1.5,0.0,0.0,,1.0,1.0,0.0,0.0,,0.0,1.0,0.0,0.5,0.5,0.0,,,,,,,,0.5,,0.5,,,0.0,,,0.0,,1.5,,0.5,1.5,0,0,0,0,0,0,0,0,0,0,0,0,0,0,0,0,0,0,0,0,0,0,0,0,0,0,0,0,0,0,0,0,0,0,0,0,0,0,0,0
2017-05-31,29.5,6.0,14.0,1.5,,0.0,0.5,,0.0,1.0,3.5,0.0,,,0.0,18.5,4.0,2.0,37.0,,,,,,,,,,1.0,,,,,,,,,,1.0,8.5,0,0,0,0,0,0,0,0,0,0,0,0,0,0,0,0,0,0,0,0,0,0,0,0,0,0,0,0,0,0,0,0,0,0,0,0,0,0,0,0
2017-06-01,57.0,21.5,19.5,34.5,,18.0,23.0,,81.5,31.0,28.0,31.5,90.0,,24.5,39.0,27.5,23.0,36.5,,,,,,,,,,54.0,,,36.0,,,25.0,,55.0,,36.5,30.0,0,0,0,0,0,0,0,0,0,0,0,0,0,0,0,0,0,0,0,0,0,0,0,0,0,0,0,0,0,0,0,0,0,0,0,0,0,0,0,0
2017-06-02,0.5,0.5,0.5,0.5,0.0,1.5,2.0,,3.0,0.5,1.0,2.0,2.0,,0.5,0.5,0.5,1.0,1.0,,,,,1.5,,,,,0.5,,,1.0,,,1.0,,1.5,,1.0,0.0,0,0,0,0,0,0,0,0,0,0,0,0,0,0,0,0,0,0,0,0,0,0,0,0,0,0,0,0,0,0,0,0,0,0,0,0,0,0,0,0
2017-06-03,0.0,0.0,0.0,0.0,0.0,0.0,0.0,,0.0,0.0,0.0,0.0,,,0.0,0.0,0.0,0.0,0.0,,,0.0,,,0.0,,,,0.0,,,0.0,,0.0,,,0.0,,0.0,0.0,0,0,0,0,0,0,0,0,0,0,0,0,0,0,0,0,0,0,0,0,0,0,0,0,0,0,0,0,0,0,0,0,0,0,0,0,0,0,0,0
2017-06-04,0.0,0.0,0.0,0.0,0.0,0.0,,,0.0,0.0,0.0,0.0,,,0.0,0.0,0.0,0.0,0.0,,,,,,,,,,0.0,0.0,0.0,0.0,,0.0,,,0.0,,0.0,0.0,0,0,0,0,0,0,0,0,0,0,0,0,0,0,0,0,0,0,0,0,0,0,0,0,0,0,0,0,0,0,0,0,0,0,0,0,0,0,0,0
2017-06-05,1.5,3.5,4.0,12.0,1.0,6.0,14.5,,40.5,4.0,0.0,56.5,,,0.0,1.5,6.0,5.5,19.5,,,0.0,,0.0,,0.0,,,13.5,,,27.0,,,,,2.0,,,2.0,0,0,0,0,0,0,0,0,0,0,0,0,0,0,0,0,0,0,0,0,0,0,0,0,0,0,0,0,0,0,0,0,0,0,0,0,0,0,0,0
2017-06-06,0.0,0.0,0.0,0.0,0.0,0.0,0.0,,0.0,,,,,0.0,0.5,0.0,0.5,,0.0,,,,,,,0.0,,,0.0,,,,,,,,,,,0.0,0,0,0,0,0,0,0,0,0,0,0,0,0,0,0,0,0,0,0,0,0,0,0,0,0,0,0,0,0,0,0,0,0,0,0,0,0,0,0,0
2017-06-07,1.0,0.0,0.0,0.0,0.0,0.0,0.0,,0.0,,,,0.0,0.0,0.0,9.0,21.0,5.0,0.0,,,0.0,,0.0,0.0,0.0,,,0.0,,,0.0,,,0.0,,0.0,,0.0,0.0,0,0,0,0,0,0,0,0,0,0,0,0,0,0,0,0,0,0,0,0,0,0,0,0,0,0,0,0,0,0,0,0,0,0,0,0,0,0,0,0
2017-06-08,8.5,0.0,0.0,0.5,0.0,0.0,0.0,,,,,,,0.0,0.0,0.0,0.0,0.0,0.5,,,3.5,,0.0,0.0,0.0,,,2.0,,,,,,,,,,,0.0,0,0,0,0,0,0,0,0,0,0,0,0,0,0,0,0,0,0,0,0,0,0,0,0,0,0,0,0,0,0,0,0,0,0,0,0,0,0,0,0
2017-06-09,1.0,1.0,14.0,0.0,0.5,1.5,6.5,,0.5,,4.5,12.0,,0.0,1.5,27.5,31.0,8.5,3.0,,,,,,,,,,17.5,0.0,0.0,13.0,,16.0,2.0,,,,,16.0,0,0,0,0,0,0,0,0,0,0,0,0,0,0,0,0,0,0,0,0,0,0,0,0,0,0,0,0,0,0,0,0,0,0,0,0,0,0,0,0
2017-06-10,20.0,0.0,0.0,0.0,0.0,0.0,0.0,,20.0,0.5,0.0,28.0,,0.0,0.0,0.0,0.0,0.0,0.0,,,18.5,,,,,0.0,,17.5,7.0,,0.0,,28.0,0.5,,6.5,,0.0,0.5,0,0,0,0,0,0,0,0,0,0,0,0,0,0,0,0,0,0,0,0,0,0,0,0,0,0,0,0,0,0,0,0,0,0,0,0,0,0,0,0
2017-06-11,33.0,10.5,17.0,2.5,13.0,8.0,7.5,,2.0,,43.5,18.0,,3.0,32.5,13.5,31.5,5.0,5.0,,,,,,,,0.5,,21.5,15.0,,52.5,,17.5,,,0.0,,26.0,3.0,0,0,0,0,0,0,0,0,0,0,0,0,0,0,0,0,0,0,0,0,0,0,0,0,0,0,0,0,0,0,0,0,0,0,0,0,0,0,0,0
2017-06-12,0.5,0.5,0.5,0.5,0.0,0.0,0.0,,0.5,0.0,1.0,0.0,1.5,0.0,0.5,,0.0,0.0,0.0,,,,,,0.0,0.0,0.5,,0.0,,,0.5,,0.5,,,1.0,,0.0,0.0,0,0,0,0,0,0,0,0,0,0,0,0,0,0,0,0,0,0,0,0,0,0,0,0,0,0,0,0,0,0,0,0,0,0,0,0,0,0,0,0
2017-06-13,5.0,32.0,28.0,12.5,23.5,4.5,7.5,,16.0,24.0,3.0,6.0,,,,,62.0,93.0,16.5,,,,,,,,10.5,,4.5,,,65.5,,6.0,,,23.5,,6.5,36.5,0,0,0,0,0,0,0,0,0,0,0,0,0,0,0,0,0,0,0,0,0,0,0,0,0,0,0,0,0,0,0,0,0,0,0,0,0,0,0,0
2017-06-14,,4.5,11.5,2.5,6.0,3.5,5.0,,2.5,12.5,36.5,5.0,0.5,19.0,12.0,,6.0,5.0,4.0,,,50.0,,23.5,,0.0,,,2.0,1.0,,27.0,,8.0,5.0,,0.5,,44.0,16.0,0,0,0,0,0,0,0,0,0,0,0,0,0,0,0,0,0,0,0,0,0,0,0,0,0,0,0,0,0,0,0,0,0,0,0,0,0,0,0,0
2017-06-15,,0.0,0.0,0.0,0.0,0.0,0.5,,0.0,1.5,0.0,0.0,0.0,0.5,0.0,0.0,0.0,0.0,0.0,,,0.0,,0.0,,0.0,,,0.0,0.0,0.0,0.5,,0.5,0.0,,0.0,,0.0,0.5,0,0,0,0,0,0,0,0,0,0,0,0,0,0,0,0,0,0,0,0,0,0,0,0,0,0,0,0,0,0,0,0,0,0,0,0,0,0,0,0
2017-06-16,,0.0,0.0,0.0,0.0,0.0,0.0,,7.5,,0.0,0.0,0.5,0.0,0.0,2.0,0.0,0.0,0.0,,,0.0,,0.0,,0.0,0.0,,0.0,0.0,0.0,0.0,,0.0,0.0,,0.0,,0.0,0.0,0,0,0,0,0,0,0,0,0,0,0,0,0,0,0,0,0,0,0,0,0,0,0,0,0,0,0,0,0,0,0,0,0,0,0,0,0,0,0,0
2017-06-17,,7.0,12.0,0.5,4.0,34.0,49.0,,7.5,14.0,12.5,,,12.0,0.0,3.5,2.0,0.0,4.5,,,10.0,,,,0.0,20.0,,1.5,42.0,10.5,0.0,,4.0,5.5,,10.0,,11.5,36.5,0,0,0,0,0,0,0,0,0,0,0,0,0,0,0,0,0,0,0,0,0,0,0,0,0,0,0,0,0,0,0,0,0,0,0,0,0,0,0,0
2017-06-18,,40.0,23.5,25.5,53.5,42.0,60.0,,41.5,18.0,13.0,,19.0,71.0,42.5,9.0,12.5,27.0,81.0,,,46.0,,,,0.0,56.0,,,90.0,15.5,31.0,,9.5,14.5,,29.5,,21.0,8.0,0,0,0,0,0,0,0,0,0,0,0,0,0,0,0,0,0,0,0,0,0,0,0,0,0,0,0,0,0,0,0,0,0,0,0,0,0,0,0,0
2017-06-19,,1.0,1.5,9.0,48.0,2.0,3.5,,0.5,0.5,27.5,1.5,1.5,0.0,0.5,18.0,2.5,4.5,,,,0.5,,2.0,,0.0,1.5,,1.0,1.0,8.5,6.5,,1.5,18.0,,0.5,,50.5,5.5,0,0,0,0,0,0,0,0,0,0,0,0,0,0,0,0,0,0,0,0,0,0,0,0,0,0,0,0,0,0,0,0,0,0,0,0,0,0,0,0
2017-06-20,,4.0,4.0,2.5,2.0,0.5,1.5,,4.0,1.0,1.0,0.5,1.0,2.0,4.5,2.0,3.0,2.5,2.5,,,9.0,,1.0,,0.0,1.5,,,1.0,2.0,3.0,,1.5,1.0,,5.0,,1.5,2.0,0,0,0,0,0,0,0,0,0,0,0,0,0,0,0,0,0,0,0,0,0,0,0,0,0,0,0,0,0,0,0,0,0,0,0,0,0,0,0,0
2017-06-21,,0.0,0.0,0.0,0.0,0.0,0.0,,0.0,0.0,,0.0,,0.0,0.0,0.0,0.0,0.0,,,,0.5,,,,,,,,0.0,,1.0,,0.0,0.0,,0.0,,0.0,0.0,0,0,0,0,0,0,0,0,0,0,0,0,0,0,0,0,0,0,0,0,0,0,0,0,0,0,0,0,0,0,0,0,0,0,0,0,0,0,0,0
2017-06-22,,8.0,14.0,14.5,15.5,4.0,,,0.5,,,1.5,,,37.5,,,,,,,,,,,,,,,,,,,,,,,,,,0,0,0,0,0,0,0,0,0,0,0,0,0,0,0,0,0,0,0,0,0,0,0,0,0,0,0,0,0,0,0,0,0,0,0,0,0,0,0,0
2017-06-23,,2.5,2.0,,,,,,,,,,,,1.5,,,,,,,,,,,,,,,,,,,,,,,,,,0,0,0,0,0,0,0,0,0,0,0,0,0,0,0,0,0,0,0,0,0,0,0,0,0,0,0,0,0,0,0,0,0,0,0,0,0,0,0,0
2017-06-24,,,,,,,,,,,,,,,,,,,,,,,,,,,,,,,,,,,,,,,,,0,0,0,0,0,0,0,0,0,0,0,0,0,0,0,0,0,0,0,0,0,0,0,0,0,0,0,0,0,0,0,0,0,0,0,0,0,0,0,0
2017-06-25,,,,,,,,,,,,,,,,,,,,,,,,,,,,,,,,,,,,,,,,,0,0,0,0,0,0,0,0,0,0,0,0,0,0,0,0,0,0,0,0,0,0,0,0,0,0,0,0,0,0,0,0,0,0,0,0,0,0,0,0
2017-06-26,,0.0,0.0,,,6.5,,,,,,,,,0.0,5.0,0.5,0.0,,,,,,,,,,,,,,,,,,,,,,,0,0,0,0,0,0,0,0,0,0,0,0,0,0,0,0,0,0,0,0,0,0,0,0,0,0,0,0,0,0,0,0,0,0,0,0,0,0,0,0
2017-06-27,,28.0,8.0,,,3.5,,,,,,,,,0.0,15.0,40.0,9.5,,,,,,,,,,,,,,,,,,,,,,,0,0,0,0,0,0,0,0,0,0,0,0,0,0,0,0,0,0,0,0,0,0,0,0,0,0,0,0,0,0,0,0,0,0,0,0,0,0,0,0
2017-06-28,,0.0,0.5,2.0,,1.5,,,,,,0.0,,1.0,,,2.0,4.0,,,,,,,,,,,,,,,,,,,,,,,0,0,0,0,0,0,0,0,0,0,0,0,0,0,0,0,0,0,0,0,0,0,0,0,0,0,0,0,0,0,0,0,0,0,0,0,0,0,0,0
2017-06-29,15.5,1.0,0.5,6.5,17.5,1.0,3.0,,2.0,,,,,,10.5,,,,,,,,,,,,,,,,,,,,,,,,,,0,0,0,0,0,0,0,0,0,0,0,0,0,0,0,0,0,0,0,0,0,0,0,0,0,0,0,0,0,0,0,0,0,0,0,0,0,0,0,0
2017-06-30,2.0,10.5,6.5,0.0,2.5,2.5,7.0,,,,41.0,,,,5.0,,,,,,,,,,,,,,,,,,,,,,,,,,0,0,0,0,0,0,0,0,0,0,0,0,0,0,0,0,0,0,0,0,0,0,0,0,0,0,0,0,0,0,0,0,0,0,0,0,0,0,0,0
2017-07-01,1.0,0.5,0.5,0.5,1.0,0.5,0.0,,0.0,,,,,0.5,0.5,,,,,,,,,,,,,,,,,,,,,,,,,,0,0,0,0,0,0,0,0,0,0,0,0,0,0,0,0,0,0,0,0,0,0,0,0,0,0,0,0,0,0,0,0,0,0,0,0,0,0,0,0
2017-07-02,0.0,0.0,0.0,2.5,,,,,,,,,,,,,,,,,,,,,,,,,,,,,,,,,,,,,0,0,0,0,0,0,0,0,0,0,0,0,0,0,0,0,0,0,0,0,0,0,0,0,0,0,0,0,0,0,0,0,0,0,0,0,0,0,0,0
2017-07-03,1.5,0.0,0.0,,,,,,,,,,,,0.0,,,,,,,,,,,,,,,,,,,,,,,,,,0,0,0,0,0,0,0,0,0,0,0,0,0,0,0,0,0,0,0,0,0,0,0,0,0,0,0,0,0,0,0,0,0,0,0,0,0,0,0,0
2017-07-04,11.0,0.0,0.0,,,,,,,,,,,,0.0,,,,,,,,,,,,,,,,,,,,,,,,,,0,0,0,0,0,0,0,0,0,0,0,0,0,0,0,0,0,0,0,0,0,0,0,0,0,0,0,0,0,0,0,0,0,0,0,0,0,0,0,0
2017-07-05,12.5,4.5,11.5,,,,,,,,,,,,14.0,,,,,,,,,,,,,,,,,,,,,,,,,,0,0,0,0,0,0,0,0,0,0,0,0,0,0,0,0,0,0,0,0,0,0,0,0,0,0,0,0,0,0,0,0,0,0,0,0,0,0,0,0
2017-07-06,28.0,31.0,22.5,26.0,,,,,,,,,,,,,,,,,,,,,,,,,,,,,,,,,,,,,0,0,0,0,0,0,0,0,0,0,0,0,0,0,0,0,0,0,0,0,0,0,0,0,0,0,0,0,0,0,0,0,0,0,0,0,0,0,0,0
2017-07-07,0.0,0.0,0.0,0.0,,,,,,,,,,,0.0,,,,,,,,,,,,,,,,,,,,,,,,,,0,0,0,0,0,0,0,0,0,0,0,0,0,0,0,0,0,0,0,0,0,0,0,0,0,0,0,0,0,0,0,0,0,0,0,0,0,0,0,0
2017-07-08,0.5,,,,,,,,,,,,,,,,,,,,,,,,,,,,,,,,,,,,,,,,0,0,0,0,0,0,0,0,0,0,0,0,0,0,0,0,0,0,0,0,0,0,0,0,0,0,0,0,0,0,0,0,0,0,0,0,0,0,0,0
2017-07-09,1.5,0.5,1.0,,,,,,,,,,,,,,,,,,,,,,,,,,,,,,,,,,,,,,0,0,0,0,0,0,0,0,0,0,0,0,0,0,0,0,0,0,0,0,0,0,0,0,0,0,0,0,0,0,0,0,0,0,0,0,0,0,0,0
2017-07-10,4.5,,,,,,,,,,,,,,,,,,,,,,,,,,,,,,,,,,,,,,,,0,0,0,0,0,0,0,0,0,0,0,0,0,0,0,0,0,0,0,0,0,0,0,0,0,0,0,0,0,0,0,0,0,0,0,0,0,0,0,0
2017-07-11,9.0,,,,,,,,,,,,,,,,,,,,,,,,,,,,,,,,,,,,,,,,0,0,0,0,0,0,0,0,0,0,0,0,0,0,0,0,0,0,0,0,0,0,0,0,0,0,0,0,0,0,0,0,0,0,0,0,0,0,0,0
2017-07-12,1.5,24.5,4.0,,,,,,,,,,,,,,,,,,,,,,,,,,,,,,,,,,,,,,0,0,0,0,0,0,0,0,0,0,0,0,0,0,0,0,0,0,0,0,0,0,0,0,0,0,0,0,0,0,0,0,0,0,0,0,0,0,0,0
2017-07-13,85.5,8.5,15.5,0.5,1.5,0.0,,,0.0,,,,,,,,,,,,,,,,,,,,,,,,,,,,,,,,0,0,0,0,0,0,0,0,0,0,0,0,0,0,0,0,0,0,0,0,0,0,0,0,0,0,0,0,0,0,0,0,0,0,0,0,0,0,0,0
2017-07-14,,,,,,,,,,,,,,,,,,,,,,,,,,,,,,,,,,,,,,,,,0,0,0,0,0,0,0,0,0,0,0,0,0,0,0,0,0,0,0,0,0,0,0,0,0,0,0,0,0,0,0,0,0,0,0,0,0,0,0,0
2017-07-15,20.0,53.5,42.5,,,,,,,16.5,19.0,,,,34.5,,,,,,,,,,,,,,,,,,,,,,,,,,0,0,0,0,0,0,0,0,0,0,0,0,0,0,0,0,0,0,0,0,0,0,0,0,0,0,0,0,0,0,0,0,0,0,0,0,0,0,0,0
2017-07-16,22.0,23.5,18.5,8.5,,6.0,,,28.5,,,10.0,,5.0,35.5,,20.0,25.5,,,,,,,,,,,,,,,,,,,,,,,0,0,0,0,0,0,0,0,0,0,0,0,0,0,0,0,0,0,0,0,0,0,0,0,0,0,0,0,0,0,0,0,0,0,0,0,0,0,0,0
2017-07-17,0.5,0.0,0.5,0.5,0.0,0.0,,,,,,,,,,,,,,,,,,,,,,,,,,,,,,,,,,,0,0,0,0,0,0,0,0,0,0,0,0,0,0,0,0,0,0,0,0,0,0,0,0,0,0,0,0,0,0,0,0,0,0,0,0,0,0,0,0
2017-07-18,0.0,2.0,,,,,,,,,,,,,,,,,,,,,,,,,,,,,,,,,,,,,,,0,0,0,0,0,0,0,0,0,0,0,0,0,0,0,0,0,0,0,0,0,0,0,0,0,0,0,0,0,0,0,0,0,0,0,0,0,0,0,0
2017-07-19,24.5,0.0,0.0,,,,,,,,,,,,,,,,,,,,,,,,,,,,,,,,,,,,,,0,0,0,0,0,0,0,0,0,0,0,0,0,0,0,0,0,0,0,0,0,0,0,0,0,0,0,0,0,0,0,0,0,0,0,0,0,0,0,0
2017-07-20,,,,,,,,,,,,,,,,,,,,,,,,,,,,,,,,,,,,,,,,,0,0,0,0,0,0,0,0,0,0,0,0,0,0,0,0,0,0,0,0,0,0,0,0,0,0,0,0,0,0,0,0,0,0,0,0,0,0,0,0
2017-07-21,,,,,,,,,,,,,,,,,,,,,,,,,,,,,,,,,,,,,,,,,0,0,0,0,0,0,0,0,0,0,0,0,0,0,0,0,0,0,0,0,0,0,0,0,0,0,0,0,0,0,0,0,0,0,0,0,0,0,0,0
2017-07-22,,,,,,,,,,,,,,,,,,,,,,,,,,,,,,,,,,,,,,,,,0,0,0,0,0,0,0,0,0,0,0,0,0,0,0,0,0,0,0,0,0,0,0,0,0,0,0,0,0,0,0,0,0,0,0,0,0,0,0,0
2017-07-23,,,,,,,,,,,,,,,,,,,,,,,,,,,,,,,,,,,,,,,,,0,0,0,0,0,0,0,0,0,0,0,0,0,0,0,0,0,0,0,0,0,0,0,0,0,0,0,0,0,0,0,0,0,0,0,0,0,0,0,0
2017-07-24,,,,,,,,,,,,,,,,,,,,,,,,,,,,,,,,,,,,,,,,,0,0,0,0,0,0,0,0,0,0,0,0,0,0,0,0,0,0,0,0,0,0,0,0,0,0,0,0,0,0,0,0,0,0,0,0,0,0,0,0
2017-07-25,,,,,,,,,,,,,,,,,,,,,,,,,,,,,,,,,,,,,,,,,0,0,0,0,0,0,0,0,0,0,0,0,0,0,0,0,0,0,0,0,0,0,0,0,0,0,0,0,0,0,0,0,0,0,0,0,0,0,0,0
2017-07-26,,,,,,,,,,,,,,,,,,,,,,,,,,,,,,,,,,,,,,,,,0,0,0,0,0,0,0,0,0,0,0,0,0,0,0,0,0,0,0,0,0,0,0,0,0,0,0,0,0,0,0,0,0,0,0,0,0,0,0,0
2017-07-27,,,,,,,,,,,,,,,,,,,,,,,,,,,,,,,,,,,,,,,,,0,0,0,0,0,0,0,0,0,0,0,0,0,0,0,0,0,0,0,0,0,0,0,0,0,0,0,0,0,0,0,0,0,0,0,0,0,0,0,0
2017-07-28,,,,,,,,,,,,,,,,,,,,,,,,,,,,,,,,,,,,,,,,,0,0,0,0,0,0,0,0,0,0,0,0,0,0,0,0,0,0,0,0,0,0,0,0,0,0,0,0,0,0,0,0,0,0,0,0,0,0,0,0
2017-07-29,,,,,,,,,,,,,,,,,,,,,,,,,,,,,,,,,,,,,,,,,0,0,0,0,0,0,0,0,0,0,0,0,0,0,0,0,0,0,0,0,0,0,0,0,0,0,0,0,0,0,0,0,0,0,0,0,0,0,0,0
2017-07-30,,,,,,,,,,,,,,,,,,,,,,,,,,,,,,,,,,,,,,,,,0,0,0,0,0,0,0,0,0,0,0,0,0,0,0,0,0,0,0,0,0,0,0,0,0,0,0,0,0,0,0,0,0,0,0,0,0,0,0,0
2017-07-31,,,,,,,,,,,,,,,,,,,,,,,,,,,,,,,,,,,,,,,,,0,0,0,0,0,0,0,0,0,0,0,0,0,0,0,0,0,0,0,0,0,0,0,0,0,0,0,0,0,0,0,0,0,0,0,0,0,0,0,0
2017-08-01,,,,,,,,,,,,,,,,,,,,,,,,,,,,,,,,,,,,,,,,,0,0,0,0,0,0,0,0,0,0,0,0,0,0,0,0,0,0,0,0,0,0,0,0,0,0,0,0,0,0,0,0,0,0,0,0,0,0,0,0
2017-08-02,,,,,,,,,,,,,,,,,,,,,,,,,,,,,,,,,,,,,,,,,0,0,0,0,0,0,0,0,0,0,0,0,0,0,0,0,0,0,0,0,0,0,0,0,0,0,0,0,0,0,0,0,0,0,0,0,0,0,0,0
2017-08-03,,,,,,,,,,,,,,,,,,,,,,,,,,,,,,,,,,,,,,,,,0,0,0,0,0,0,0,0,0,0,0,0,0,0,0,0,0,0,0,0,0,0,0,0,0,0,0,0,0,0,0,0,0,0,0,0,0,0,0,0
2017-08-04,,,,,,,,,,,,,,,,,,,,,,,,,,,,,,,,,,,,,,,,,0,0,0,0,0,0,0,0,0,0,0,0,0,0,0,0,0,0,0,0,0,0,0,0,0,0,0,0,0,0,0,0,0,0,0,0,0,0,0,0
2017-08-05,,,,,,,,,,,,,,,,,,,,,,,,,,,,,,,,,,,,,,,,,0,0,0,0,0,0,0,0,0,0,0,0,0,0,0,0,0,0,0,0,0,0,0,0,0,0,0,0,0,0,0,0,0,0,0,0,0,0,0,0
2017-08-06,,,,,,,,,,,,,,,,,,,,,,,,,,,,,,,,,,,,,,,,,0,0,0,0,0,0,0,0,0,0,0,0,0,0,0,0,0,0,0,0,0,0,0,0,0,0,0,0,0,0,0,0,0,0,0,0,0,0,0,0
2017-08-07,,,,,,,,,,,,,,,,,,,,,,,,,,,,,,,,,,,,,,,,,0,0,0,0,0,0,0,0,0,0,0,0,0,0,0,0,0,0,0,0,0,0,0,0,0,0,0,0,0,0,0,0,0,0,0,0,0,0,0,0
2017-08-08,,,,,,,,,,,,,,,,,,,,,,,,,,,,,,,,,,,,,,,,,0,0,0,0,0,0,0,0,0,0,0,0,0,0,0,0,0,0,0,0,0,0,0,0,0,0,0,0,0,0,0,0,0,0,0,0,0,0,0,0
2017-08-09,,,,,,,,,,,,,,,,,,,,,,,,,,,,,,,,,,,,,,,,,0,0,0,0,0,0,0,0,0,0,0,0,0,0,0,0,0,0,0,0,0,0,0,0,0,0,0,0,0,0,0,0,0,0,0,0,0,0,0,0
2017-08-10,,,,,,,,,,,,,,,,,,,,,,,,,,,,,,,,,,,,,,,,,0,0,0,0,0,0,0,0,0,0,0,0,0,0,0,0,0,0,0,0,0,0,0,0,0,0,0,0,0,0,0,0,0,0,0,0,0,0,0,0
2017-08-11,,,,,,,,,,,,,,,,,,,,,,,,,,,,,,,,,,,,,,,,,0,0,0,0,0,0,0,0,0,0,0,0,0,0,0,0,0,0,0,0,0,0,0,0,0,0,0,0,0,0,0,0,0,0,0,0,0,0,0,0
2017-08-12,,,,,,,,,,,,,,,,,,,,,,,,,,,,,,,,,,,,,,,,,0,0,0,0,0,0,0,0,0,0,0,0,0,0,0,0,0,0,0,0,0,0,0,0,0,0,0,0,0,0,0,0,0,0,0,0,0,0,0,0
2017-08-13,1.5,1.0,1.0,1.5,,0.5,,,0.5,,,,,,0.5,,0.5,0.0,,,,,,,,,,,0.5,,,,,,,,,,,,0,0,0,0,0,0,0,0,0,0,0,0,0,0,0,0,0,0,0,0,0,0,0,0,0,0,0,0,0,0,0,0,0,0,0,0,0,0,0,0
2017-08-14,,,,,,,,,,,,,,,,,,,,,,,,,,,,,,,,,,,,,,,,,0,0,0,0,0,0,0,0,0,0,0,0,0,0,0,0,0,0,0,0,0,0,0,0,0,0,0,0,0,0,0,0,0,0,0,0,0,0,0,0
2017-08-15,,,,,,,,,,,,,,,,,,,,,,,,,,,,,,,,,,,,,,,,,0,0,0,0,0,0,0,0,0,0,0,0,0,0,0,0,0,0,0,0,0,0,0,0,0,0,0,0,0,0,0,0,0,0,0,0,0,0,0,0
2017-08-16,,,,,,,,,,,,,,,,,,,,,,,,,,,,,,,,,,,,,,,,,0,0,0,0,0,0,0,0,0,0,0,0,0,0,0,0,0,0,0,0,0,0,0,0,0,0,0,0,0,0,0,0,0,0,0,0,0,0,0,0
2017-08-17,0.0,0.5,0.0,0.5,,0.0,,,,,,,,,,,,,,,,,,,,,,,,,,,,,,,,,,,0,0,0,0,0,0,0,0,0,0,0,0,0,0,0,0,0,0,0,0,0,0,0,0,0,0,0,0,0,0,0,0,0,0,0,0,0,0,0,0
2017-08-18,2.5,0.0,0.0,0.0,0.0,0.0,0.0,,,,,,,,,,,,0.0,,,0.0,0.0,0.0,0.0,0.0,,,0.0,,,,,,,,,,,0.0,0,0,0,0,0,0,0,0,0,0,0,0,0,0,0,0,0,0,0,0,0,0,0,0,0,0,0,0,0,0,0,0,0,0,0,0,0,0,0,0
2017-08-19,29.0,14.0,31.5,24.5,,1.0,0.0,,,0.5,,,,,,,,,36.5,,,26.5,32.0,42.5,0.0,0.5,,,22.5,,,0.0,,,,,,,,38.5,0,0,0,0,0,0,0,0,0,0,0,0,0,0,0,0,0,0,0,0,0,0,0,0,0,0,0,0,0,0,0,0,0,0,0,0,0,0,0,0
2017-08-20,2.5,0.0,0.0,2.0,20.0,22.0,,,,,,,,,0.0,,2.0,3.5,0.5,,,,1.5,0.0,0.0,1.0,,,1.5,0.0,21.0,0.0,,,,,0.0,,,14.0,0,0,0,0,0,0,0,0,0,0,0,0,0,0,0,0,0,0,0,0,0,0,0,0,0,0,0,0,0,0,0,0,0,0,0,0,0,0,0,0
2017-08-21,0.0,0.0,0.0,0.0,,,,,,,,,,,,,,,,,,,,,,,,,,,,,,,,,,,,,0,0,0,0,0,0,0,0,0,0,0,0,0,0,0,0,0,0,0,0,0,0,0,0,0,0,0,0,0,0,0,0,0,0,0,0,0,0,0,0
2017-08-22,8.0,,,,,,,,,,,,,,,,,,,,,,,,,,,,,,,,,,,,,,,,0,0,0,0,0,0,0,0,0,0,0,0,0,0,0,0,0,0,0,0,0,0,0,0,0,0,0,0,0,0,0,0,0,0,0,0,0,0,0,0
2017-08-23,0.0,,,,,,,,,,,,,,,,,,,,,,,,,,,,,,,,,,,,,,,,0,0,0,0,0,0,0,0,0,0,0,0,0,0,0,0,0,0,0,0,0,0,0,0,0,0,0,0,0,0,0,0,0,0,0,0,0,0,0,0
2017-08-24,,,,,,,,,,,,,,,,,,,,,,,,,,,,,,,,,,,,,,,,,0,0,0,0,0,0,0,0,0,0,0,0,0,0,0,0,0,0,0,0,0,0,0,0,0,0,0,0,0,0,0,0,0,0,0,0,0,0,0,0
2017-08-25,,,,,,,,,,,,,,,,,,,,,,,,,,,,,,,,,,,,,,,,,0,0,0,0,0,0,0,0,0,0,0,0,0,0,0,0,0,0,0,0,0,0,0,0,0,0,0,0,0,0,0,0,0,0,0,0,0,0,0,0
2017-08-26,,,,,,,,,,,,,,,,,,,,,,,,,,,,,,,,,,,,,,,,,0,0,0,0,0,0,0,0,0,0,0,0,0,0,0,0,0,0,0,0,0,0,0,0,0,0,0,0,0,0,0,0,0,0,0,0,0,0,0,0
2017-08-27,,,,,,,,,,,,,,,,,,,,,,,,,,,,,,,,,,,,,,,,,0,0,0,0,0,0,0,0,0,0,0,0,0,0,0,0,0,0,0,0,0,0,0,0,0,0,0,0,0,0,0,0,0,0,0,0,0,0,0,0
2017-08-28,5.0,,,,,,,,,,,,,,,,,,,,,,,,,,,,,,,,,,,,,,,,0,0,0,0,0,0,0,0,0,0,0,0,0,0,0,0,0,0,0,0,0,0,0,0,0,0,0,0,0,0,0,0,0,0,0,0,0,0,0,0
2017-08-29,50.0,,,,,,,,,,,,,,,,,,,,,,,,,,,,,,,,,,,,,,,,0,0,0,0,0,0,0,0,0,0,0,0,0,0,0,0,0,0,0,0,0,0,0,0,0,0,0,0,0,0,0,0,0,0,0,0,0,0,0,0
2017-08-30,2.5,,,,,,,,,,,,,,,,,,,,,,,,,,,,,,,,,,,,,,,,0,0,0,0,0,0,0,0,0,0,0,0,0,0,0,0,0,0,0,0,0,0,0,0,0,0,0,0,0,0,0,0,0,0,0,0,0,0,0,0
2017-08-31,0.0,,,,,,,,,,,,,,,,,,,,,,,,,,,,,,,,,,,,,,,,0,0,0,0,0,0,0,0,0,0,0,0,0,0,0,0,0,0,0,0,0,0,0,0,0,0,0,0,0,0,0,0,0,0,0,0,0,0,0,0
2017-09-01,0.5,,,,,,,,,,,,,,0.0,,,,,,,,,,,,,,,,,,,,,,,,,,0,0,0,0,0,0,0,0,0,0,0,0,0,0,0,0,0,0,0,0,0,0,0,0,0,0,0,0,0,0,0,0,0,0,0,0,0,0,0,0
2017-09-02,,0.0,0.0,,,,,,,,,,,,,,,,,,,,,,,,,,,,,,,,,,,,,,0,0,0,0,0,0,0,0,0,0,0,0,0,0,0,0,0,0,0,0,0,0,0,0,0,0,0,0,0,0,0,0,0,0,0,0,0,0,0,0
2017-09-03,,,,,,,,,,,,,,,,,,,,,,,,,,,,,,,,,,,,,,,,,0,0,0,0,0,0,0,0,0,0,0,0,0,0,0,0,0,0,0,0,0,0,0,0,0,0,0,0,0,0,0,0,0,0,0,0,0,0,0,0
2017-09-04,15.5,,,,,,,,,,,,,,,,,,,,,,,,,,,,,,,,,,,,,,,,0,0,0,0,0,0,0,0,0,0,0,0,0,0,0,0,0,0,0,0,0,0,0,0,0,0,0,0,0,0,0,0,0,0,0,0,0,0,0,0
2017-09-05,12.5,,,,,,,,,,,,,,,,,,,,,,,,,,,,,,,,,,,,,,,,0,0,0,0,0,0,0,0,0,0,0,0,0,0,0,0,0,0,0,0,0,0,0,0,0,0,0,0,0,0,0,0,0,0,0,0,0,0,0,0
2017-09-06,6.5,,,,,,,,,,,,,,,,,,,,,,,,,,,,,,,,,,,,,,,,0,0,0,0,0,0,0,0,0,0,0,0,0,0,0,0,0,0,0,0,0,0,0,0,0,0,0,0,0,0,0,0,0,0,0,0,0,0,0,0
2017-09-07,3.5,,,,,,,,,,,,,,,,,,,,,,,,,,,,,,,,,,,,,,,,0,0,0,0,0,0,0,0,0,0,0,0,0,0,0,0,0,0,0,0,0,0,0,0,0,0,0,0,0,0,0,0,0,0,0,0,0,0,0,0
2017-09-08,10.5,,,,,,,,,,,,,,,,,,,,,,,,,,,,,,,,,,,,,,,,0,0,0,0,0,0,0,0,0,0,0,0,0,0,0,0,0,0,0,0,0,0,0,0,0,0,0,0,0,0,0,0,0,0,0,0,0,0,0,0
2017-09-09,9.0,,,,,,,,,,,,,,,,,,,,,,,,,,,,,,,,,,,,,,,,0,0,0,0,0,0,0,0,0,0,0,0,0,0,0,0,0,0,0,0,0,0,0,0,0,0,0,0,0,0,0,0,0,0,0,0,0,0,0,0
2017-09-10,61.5,48.5,31.5,4.0,13.5,32.5,29.5,,44.5,,43.5,,,,,19.0,,,12.5,,,47.5,31.0,14.5,,14.5,,,,,,,,,,,,,,,0,0,0,0,0,0,0,0,0,0,0,0,0,0,0,0,0,0,0,0,0,0,0,0,0,0,0,0,0,0,0,0,0,0,0,0,0,0,0,0
2017-09-11,,,,,,,,,,,,,,,,,,,,,,,,,,,,,,,,,,,,,,,,,0,0,0,0,0,0,0,0,0,0,0,0,0,0,0,0,0,0,0,0,0,0,0,0,0,0,0,0,0,0,0,0,0,0,0,0,0,0,0,0
2017-09-12,,,,,,,,,,,,,,,,,,,,,,,,,,,,,,,,,,,,,,,,,0,0,0,0,0,0,0,0,0,0,0,0,0,0,0,0,0,0,0,0,0,0,0,0,0,0,0,0,0,0,0,0,0,0,0,0,0,0,0,0
2017-09-13,,,,,,,,,,,,,,,,,,,,,,,,,,,,,,,,,,,,,,,,,0,0,0,0,0,0,0,0,0,0,0,0,0,0,0,0,0,0,0,0,0,0,0,0,0,0,0,0,0,0,0,0,0,0,0,0,0,0,0,0
2017-09-14,,,,,,,,,,,,,,,,,,,,,,,,,,,,,,,,,,,,,,,,,0,0,0,0,0,0,0,0,0,0,0,0,0,0,0,0,0,0,0,0,0,0,0,0,0,0,0,0,0,0,0,0,0,0,0,0,0,0,0,0
2017-09-15,,,,,,,,,,,,,,,,,,,,,,,,,,,,,,,,,,,,,,,,,0,0,0,0,0,0,0,0,0,0,0,0,0,0,0,0,0,0,0,0,0,0,0,0,0,0,0,0,0,0,0,0,0,0,0,0,0,0,0,0
2017-09-16,,,,,,,,,,,,,,,,,,,,,,,,,,,,,,,,,,,,,,,,,0,0,0,0,0,0,0,0,0,0,0,0,0,0,0,0,0,0,0,0,0,0,0,0,0,0,0,0,0,0,0,0,0,0,0,0,0,0,0,0
2017-09-17,,,,,,,,,,,,,,,,,,,,,,,,,,,,,,,,,,,,,,,,,0,0,0,0,0,0,0,0,0,0,0,0,0,0,0,0,0,0,0,0,0,0,0,0,0,0,0,0,0,0,0,0,0,0,0,0,0,0,0,0
2017-09-18,,,,,,,,,,,,,,,,,,,,,,,,,,,,,,,,,,,,,,,,,0,0,0,0,0,0,0,0,0,0,0,0,0,0,0,0,0,0,0,0,0,0,0,0,0,0,0,0,0,0,0,0,0,0,0,0,0,0,0,0
2017-09-19,,,,,,,,,,,,,,,,,,,,,,,,,,,,,,,,,,,,,,,,,0,0,0,0,0,0,0,0,0,0,0,0,0,0,0,0,0,0,0,0,0,0,0,0,0,0,0,0,0,0,0,0,0,0,0,0,0,0,0,0
2017-09-20,,,,,,,,,,,,,,,,,,,,,,,,,,,,,,,,,,,,,,,,,0,0,0,0,0,0,0,0,0,0,0,0,0,0,0,0,0,0,0,0,0,0,0,0,0,0,0,0,0,0,0,0,0,0,0,0,0,0,0,0
2017-09-21,,,,,,,,,,,,,,,,,,,,,,,,,,,,,,,,,,,,,,,,,0,0,0,0,0,0,0,0,0,0,0,0,0,0,0,0,0,0,0,0,0,0,0,0,0,0,0,0,0,0,0,0,0,0,0,0,0,0,0,0
2017-09-22,,,,,,,,,,,,,,,,,,,,,,,,,,,,,,,,,,,,,,,,,0,0,0,0,0,0,0,0,0,0,0,0,0,0,0,0,0,0,0,0,0,0,0,0,0,0,0,0,0,0,0,0,0,0,0,0,0,0,0,0
2017-09-23,,,,,,,,,,,,,,,,,,,,,,,,,,,,,,,,,,,,,,,,,0,0,0,0,0,0,0,0,0,0,0,0,0,0,0,0,0,0,0,0,0,0,0,0,0,0,0,0,0,0,0,0,0,0,0,0,0,0,0,0
2017-09-24,,,,,,,,,,,,,,,,,,,,,,,,,,,,,,,,,,,,,,,,,0,0,0,0,0,0,0,0,0,0,0,0,0,0,0,0,0,0,0,0,0,0,0,0,0,0,0,0,0,0,0,0,0,0,0,0,0,0,0,0
2017-09-25,,,,,,,,,,,,,,,,,,,,,,,,,,,,,,,,,,,,,,,,,0,0,0,0,0,0,0,0,0,0,0,0,0,0,0,0,0,0,0,0,0,0,0,0,0,0,0,0,0,0,0,0,0,0,0,0,0,0,0,0
2017-09-26,,,,,,,,,,,,,,,,,,,,,,,,,,,,,,,,,,,,,,,,,0,0,0,0,0,0,0,0,0,0,0,0,0,0,0,0,0,0,0,0,0,0,0,0,0,0,0,0,0,0,0,0,0,0,0,0,0,0,0,0
2017-09-27,,,,,,,,,,,,,,,,,,,,,,,,,,,,,,,,,,,,,,,,,0,0,0,0,0,0,0,0,0,0,0,0,0,0,0,0,0,0,0,0,0,0,0,0,0,0,0,0,0,0,0,0,0,0,0,0,0,0,0,0
2017-09-28,,,,,,,,,,,,,,,,,,,,,,,,,,,,,,,,,,,,,,,,,0,0,0,0,0,0,0,0,0,0,0,0,0,0,0,0,0,0,0,0,0,0,0,0,0,0,0,0,0,0,0,0,0,0,0,0,0,0,0,0
2017-09-29,,,,,,,,,,,,,,,,,,,,,,,,,,,,,,,,,,,,,,,,,0,0,0,0,0,0,0,0,0,0,0,0,0,0,0,0,0,0,0,0,0,0,0,0,0,0,0,0,0,0,0,0,0,0,0,0,0,0,0,0
2017-09-30,,,,,,,,,,,,,,,,,,,,,,,,,,,,,,,,,,,,,,,,,0,0,0,0,0,0,0,0,0,0,0,0,0,0,0,0,0,0,0,0,0,0,0,0,0,0,0,0,0,0,0,0,0,0,0,0,0,0,0,0
2017-10-01,,,,,,,,,,,,,,,,,,,,,,,,,,,,,,,,,,,,,,,,,0,0,0,0,0,0,0,0,0,0,0,0,0,0,0,0,0,0,0,0,0,0,0,0,0,0,0,0,0,0,0,0,0,0,0,0,0,0,0,0
2017-10-02,,,,,,,,,,,,,,,,,,,,,,,,,,,,,,,,,,,,,,,,,0,0,0,0,0,0,0,0,0,0,0,0,0,0,0,0,0,0,0,0,0,0,0,0,0,0,0,0,0,0,0,0,0,0,0,0,0,0,0,0
2017-10-03,,,,,,,,,,,,,,,,,,,,,,,,,,,,,,,,,,,,,,,,,0,0,0,0,0,0,0,0,0,0,0,0,0,0,0,0,0,0,0,0,0,0,0,0,0,0,0,0,0,0,0,0,0,0,0,0,0,0,0,0
2017-10-04,,,,,,,,,,,,,,,,,,,,,,,,,,,,,,,,,,,,,,,,,0,0,0,0,0,0,0,0,0,0,0,0,0,0,0,0,0,0,0,0,0,0,0,0,0,0,0,0,0,0,0,0,0,0,0,0,0,0,0,0
2017-10-05,,,,,,,,,,,,,,,,,,,,,,,,,,,,,,,,,,,,,,,,,0,0,0,0,0,0,0,0,0,0,0,0,0,0,0,0,0,0,0,0,0,0,0,0,0,0,0,0,0,0,0,0,0,0,0,0,0,0,0,0
2017-10-06,,,,,,,,,,,,,,,,,,,,,,,,,,,,,,,,,,,,,,,,,0,0,0,0,0,0,0,0,0,0,0,0,0,0,0,0,0,0,0,0,0,0,0,0,0,0,0,0,0,0,0,0,0,0,0,0,0,0,0,0
2017-10-07,,,,,,,,,,,,,,,,,,,,,,,,,,,,,,,,,,,,,,,,,0,0,0,0,0,0,0,0,0,0,0,0,0,0,0,0,0,0,0,0,0,0,0,0,0,0,0,0,0,0,0,0,0,0,0,0,0,0,0,0
2017-10-08,,,,,,,,,,,,,,,,,,,,,,,,,,,,,,,,,,,,,,,,,0,0,0,0,0,0,0,0,0,0,0,0,0,0,0,0,0,0,0,0,0,0,0,0,0,0,0,0,0,0,0,0,0,0,0,0,0,0,0,0
2017-10-09,,,,,,,,,,,,,,,,,,,,,,,,,,,,,,,,,,,,,,,,,0,0,0,0,0,0,0,0,0,0,0,0,0,0,0,0,0,0,0,0,0,0,0,0,0,0,0,0,0,0,0,0,0,0,0,0,0,0,0,0
2017-10-10,,,,,,,,,,,,,,,,,,,,,,,,,,,,,,,,,,,,,,,,,0,0,0,0,0,0,0,0,0,0,0,0,0,0,0,0,0,0,0,0,0,0,0,0,0,0,0,0,0,0,0,0,0,0,0,0,0,0,0,0
2017-10-11,,,,,,,,,,,,,,,,,,,,,,,,,,,,,,,,,,,,,,,,,0,0,0,0,0,0,0,0,0,0,0,0,0,0,0,0,0,0,0,0,0,0,0,0,0,0,0,0,0,0,0,0,0,0,0,0,0,0,0,0
2017-10-12,,,,,,,,,,,,,,,,,,,,,,,,,,,,,,,,,,,,,,,,,0,0,0,0,0,0,0,0,0,0,0,0,0,0,0,0,0,0,0,0,0,0,0,0,0,0,0,0,0,0,0,0,0,0,0,0,0,0,0,0
2017-10-13,,,,,,,,,,,,,,,,,,,,,,,,,,,,,,,,,,,,,,,,,0,0,0,0,0,0,0,0,0,0,0,0,0,0,0,0,0,0,0,0,0,0,0,0,0,0,0,0,0,0,0,0,0,0,0,0,0,0,0,0
2017-10-14,,,,,,,,,,,,,,,,,,,,,,,,,,,,,,,,,,,,,,,,,0,0,0,0,0,0,0,0,0,0,0,0,0,0,0,0,0,0,0,0,0,0,0,0,0,0,0,0,0,0,0,0,0,0,0,0,0,0,0,0
2017-10-15,,,,,,,,,,,,,,,,,,,,,,,,,,,,,,,,,,,,,,,,,0,0,0,0,0,0,0,0,0,0,0,0,0,0,0,0,0,0,0,0,0,0,0,0,0,0,0,0,0,0,0,0,0,0,0,0,0,0,0,0
2017-10-16,,,,,,,,,,,,,,,,,,,,,,,,,,,,,,,,,,,,,,,,,0,0,0,0,0,0,0,0,0,0,0,0,0,0,0,0,0,0,0,0,0,0,0,0,0,0,0,0,0,0,0,0,0,0,0,0,0,0,0,0
2017-10-17,,,,,,,,,,,,,,,,,,,,,,,,,,,,,,,,,,,,,,,,,0,0,0,0,0,0,0,0,0,0,0,0,0,0,0,0,0,0,0,0,0,0,0,0,0,0,0,0,0,0,0,0,0,0,0,0,0,0,0,0
2017-10-18,,,,,,,,,,,,,,,,,,,,,,,,,,,,,,,,,,,,,,,,,0,0,0,0,0,0,0,0,0,0,0,0,0,0,0,0,0,0,0,0,0,0,0,0,0,0,0,0,0,0,0,0,0,0,0,0,0,0,0,0
2017-10-19,,,,,,,,,,,,,,,,,,,,,,,,,,,,,,,,,,,,,,,,,0,0,0,0,0,0,0,0,0,0,0,0,0,0,0,0,0,0,0,0,0,0,0,0,0,0,0,0,0,0,0,0,0,0,0,0,0,0,0,0
2017-10-20,,,,,,,,,,,,,,,,,,,,,,,,,,,,,,,,,,,,,,,,,0,0,0,0,0,0,0,0,0,0,0,0,0,0,0,0,0,0,0,0,0,0,0,0,0,0,0,0,0,0,0,0,0,0,0,0,0,0,0,0
2017-10-21,,,,,,,,,,,,,,,,,,,,,,,,,,,,,,,,,,,,,,,,,0,0,0,0,0,0,0,0,0,0,0,0,0,0,0,0,0,0,0,0,0,0,0,0,0,0,0,0,0,0,0,0,0,0,0,0,0,0,0,0
2017-10-22,,,,,,,,,,,,,,,,,,,,,,,,,,,,,,,,,,,,,,,,,0,0,0,0,0,0,0,0,0,0,0,0,0,0,0,0,0,0,0,0,0,0,0,0,0,0,0,0,0,0,0,0,0,0,0,0,0,0,0,0
2017-10-23,,,,,,,,,,,,,,,,,,,,,,,,,,,,,,,,,,,,,,,,,0,0,0,0,0,0,0,0,0,0,0,0,0,0,0,0,0,0,0,0,0,0,0,0,0,0,0,0,0,0,0,0,0,0,0,0,0,0,0,0
2017-10-24,,,,,,,,,,,,,,,,,,,,,,,,,,,,,,,,,,,,,,,,,0,0,0,0,0,0,0,0,0,0,0,0,0,0,0,0,0,0,0,0,0,0,0,0,0,0,0,0,0,0,0,0,0,0,0,0,0,0,0,0
2017-10-25,,,,,,,,,,,,,,,,,,,,,,,,,,,,,,,,,,,,,,,,,0,0,0,0,0,0,0,0,0,0,0,0,0,0,0,0,0,0,0,0,0,0,0,0,0,0,0,0,0,0,0,0,0,0,0,0,0,0,0,0
2017-10-26,,,,,,,,,,,,,,,,,,,,,,,,,,,,,,,,,,,,,,,,,0,0,0,0,0,0,0,0,0,0,0,0,0,0,0,0,0,0,0,0,0,0,0,0,0,0,0,0,0,0,0,0,0,0,0,0,0,0,0,0
2017-10-27,,,,,,,,,,,,,,,,,,,,,,,,,,,,,,,,,,,,,,,,,0,0,0,0,0,0,0,0,0,0,0,0,0,0,0,0,0,0,0,0,0,0,0,0,0,0,0,0,0,0,0,0,0,0,0,0,0,0,0,0
2017-10-28,,,,,,,,,,,,,,,,,,,,,,,,,,,,,,,,,,,,,,,,,0,0,0,0,0,0,0,0,0,0,0,0,0,0,0,0,0,0,0,0,0,0,0,0,0,0,0,0,0,0,0,0,0,0,0,0,0,0,0,0
2017-10-29,,,,,,,,,,,,,,,,,,,,,,,,,,,,,,,,,,,,,,,,,0,0,0,0,0,0,0,0,0,0,0,0,0,0,0,0,0,0,0,0,0,0,0,0,0,0,0,0,0,0,0,0,0,0,0,0,0,0,0,0
2017-10-30,,,,,,,,,,,,,,,,,,,,,,,,,,,,,,,,,,,,,,,,,0,0,0,0,0,0,0,0,0,0,0,0,0,0,0,0,0,0,0,0,0,0,0,0,0,0,0,0,0,0,0,0,0,0,0,0,0,0,0,0
2017-10-31,,,,,,,,,,,,,,,,,,,,,,,,,,,,,,,,,,,,,,,,,0,0,0,0,0,0,0,0,0,0,0,0,0,0,0,0,0,0,0,0,0,0,0,0,0,0,0,0,0,0,0,0,0,0,0,0,0,0,0,0
2017-11-01,,,,,,,,,,,,,,,,,,,,,,,,,,,,,,,,,,,,,,,,,0,0,0,0,0,0,0,0,0,0,0,0,0,0,0,0,0,0,0,0,0,0,0,0,0,0,0,0,0,0,0,0,0,0,0,0,0,0,0,0
2017-11-02,,,,,,,,,,,,,,,,,,,,,,,,,,,,,,,,,,,,,,,,,0,0,0,0,0,0,0,0,0,0,0,0,0,0,0,0,0,0,0,0,0,0,0,0,0,0,0,0,0,0,0,0,0,0,0,0,0,0,0,0
2017-11-03,,,,,,,,,,,,,,,,,,,,,,,,,,,,,,,,,,,,,,,,,0,0,0,0,0,0,0,0,0,0,0,0,0,0,0,0,0,0,0,0,0,0,0,0,0,0,0,0,0,0,0,0,0,0,0,0,0,0,0,0
2017-11-04,,,,,,,,,,,,,,,,,,,,,,,,,,,,,,,,,,,,,,,,,0,0,0,0,0,0,0,0,0,0,0,0,0,0,0,0,0,0,0,0,0,0,0,0,0,0,0,0,0,0,0,0,0,0,0,0,0,0,0,0
2017-11-05,,,,,,,,,,,,,,,,,,,,,,,,,,,,,,,,,,,,,,,,,0,0,0,0,0,0,0,0,0,0,0,0,0,0,0,0,0,0,0,0,0,0,0,0,0,0,0,0,0,0,0,0,0,0,0,0,0,0,0,0
2017-11-06,,,,,,,,,,,,,,,,,,,,,,,,,,,,,,,,,,,,,,,,,0,0,0,0,0,0,0,0,0,0,0,0,0,0,0,0,0,0,0,0,0,0,0,0,0,0,0,0,0,0,0,0,0,0,0,0,0,0,0,0
2017-11-07,,,,,,,,,,,,,,,,,,,,,,,,,,,,,,,,,,,,,,,,,0,0,0,0,0,0,0,0,0,0,0,0,0,0,0,0,0,0,0,0,0,0,0,0,0,0,0,0,0,0,0,0,0,0,0,0,0,0,0,0
2017-11-08,,,,,,,,,,,,,,,,,,,,,,,,,,,,,,,,,,,,,,,,,0,0,0,0,0,0,0,0,0,0,0,0,0,0,0,0,0,0,0,0,0,0,0,0,0,0,0,0,0,0,0,0,0,0,0,0,0,0,0,0
2017-11-09,,,,,,,,,,,,,,,,,,,,,,,,,,,,,,,,,,,,,,,,,0,0,0,0,0,0,0,0,0,0,0,0,0,0,0,0,0,0,0,0,0,0,0,0,0,0,0,0,0,0,0,0,0,0,0,0,0,0,0,0
2017-11-10,,,,,,,,,,,,,,,,,,,,,,,,,,,,,,,,,,,,,,,,,0,0,0,0,0,0,0,0,0,0,0,0,0,0,0,0,0,0,0,0,0,0,0,0,0,0,0,0,0,0,0,0,0,0,0,0,0,0,0,0
2017-11-11,,,,,,,,,,,,,,,,,,,,,,,,,,,,,,,,,,,,,,,,,0,0,0,0,0,0,0,0,0,0,0,0,0,0,0,0,0,0,0,0,0,0,0,0,0,0,0,0,0,0,0,0,0,0,0,0,0,0,0,0
2017-11-12,,,,,,,,,,,,,,,,,,,,,,,,,,,,,,,,,,,,,,,,,0,0,0,0,0,0,0,0,0,0,0,0,0,0,0,0,0,0,0,0,0,0,0,0,0,0,0,0,0,0,0,0,0,0,0,0,0,0,0,0
2017-11-13,,,,,,,,,,,,,,,,,,,,,,,,,,,,,,,,,,,,,,,,,0,0,0,0,0,0,0,0,0,0,0,0,0,0,0,0,0,0,0,0,0,0,0,0,0,0,0,0,0,0,0,0,0,0,0,0,0,0,0,0
2017-11-14,,,,,,,,,,,,,,,,,,,,,,,,,,,,,,,,,,,,,,,,,0,0,0,0,0,0,0,0,0,0,0,0,0,0,0,0,0,0,0,0,0,0,0,0,0,0,0,0,0,0,0,0,0,0,0,0,0,0,0,0
2017-11-15,,,,,,,,,,,,,,,,,,,,,,,,,,,,,,,,,,,,,,,,,0,0,0,0,0,0,0,0,0,0,0,0,0,0,0,0,0,0,0,0,0,0,0,0,0,0,0,0,0,0,0,0,0,0,0,0,0,0,0,0
2017-11-16,,,,,,,,,,,,,,,,,,,,,,,,,,,,,,,,,,,,,,,,,0,0,0,0,0,0,0,0,0,0,0,0,0,0,0,0,0,0,0,0,0,0,0,0,0,0,0,0,0,0,0,0,0,0,0,0,0,0,0,0
2017-11-17,,,,,,,,,,,,,,,,,,,,,,,,,,,,,,,,,,,,,,,,,0,0,0,0,0,0,0,0,0,0,0,0,0,0,0,0,0,0,0,0,0,0,0,0,0,0,0,0,0,0,0,0,0,0,0,0,0,0,0,0
2017-11-18,,,,,,,,,,,,,,,,,,,,,,,,,,,,,,,,,,,,,,,,,0,0,0,0,0,0,0,0,0,0,0,0,0,0,0,0,0,0,0,0,0,0,0,0,0,0,0,0,0,0,0,0,0,0,0,0,0,0,0,0
2017-11-19,,,,,,,,,,,,,,,,,,,,,,,,,,,,,,,,,,,,,,,,,0,0,0,0,0,0,0,0,0,0,0,0,0,0,0,0,0,0,0,0,0,0,0,0,0,0,0,0,0,0,0,0,0,0,0,0,0,0,0,0
2017-11-20,,,,,,,,,,,,,,,,,,,,,,,,,,,,,,,,,,,,,,,,,0,0,0,0,0,0,0,0,0,0,0,0,0,0,0,0,0,0,0,0,0,0,0,0,0,0,0,0,0,0,0,0,0,0,0,0,0,0,0,0
2017-11-21,,,,,,,,,,,,,,,,,,,,,,,,,,,,,,,,,,,,,,,,,0,0,0,0,0,0,0,0,0,0,0,0,0,0,0,0,0,0,0,0,0,0,0,0,0,0,0,0,0,0,0,0,0,0,0,0,0,0,0,0
2017-11-22,,,,,,,,,,,,,,,,,,,,,,,,,,,,,,,,,,,,,,,,,0,0,0,0,0,0,0,0,0,0,0,0,0,0,0,0,0,0,0,0,0,0,0,0,0,0,0,0,0,0,0,0,0,0,0,0,0,0,0,0
2017-11-23,,,,,,,,,,,,,,,,,,,,,,,,,,,,,,,,,,,,,,,,,0,0,0,0,0,0,0,0,0,0,0,0,0,0,0,0,0,0,0,0,0,0,0,0,0,0,0,0,0,0,0,0,0,0,0,0,0,0,0,0
2017-11-24,,,,,,,,,,,,,,,,,,,,,,,,,,,,,,,,,,,,,,,,,0,0,0,0,0,0,0,0,0,0,0,0,0,0,0,0,0,0,0,0,0,0,0,0,0,0,0,0,0,0,0,0,0,0,0,0,0,0,0,0
2017-11-25,,,,,,,,,,,,,,,,,,,,,,,,,,,,,,,,,,,,,,,,,0,0,0,0,0,0,0,0,0,0,0,0,0,0,0,0,0,0,0,0,0,0,0,0,0,0,0,0,0,0,0,0,0,0,0,0,0,0,0,0
2017-11-26,,,,,,,,,,,,,,,,,,,,,,,,,,,,,,,,,,,,,,,,,0,0,0,0,0,0,0,0,0,0,0,0,0,0,0,0,0,0,0,0,0,0,0,0,0,0,0,0,0,0,0,0,0,0,0,0,0,0,0,0
2017-11-27,,,,,,,,,,,,,,,,,,,,,,,,,,,,,,,,,,,,,,,,,0,0,0,0,0,0,0,0,0,0,0,0,0,0,0,0,0,0,0,0,0,0,0,0,0,0,0,0,0,0,0,0,0,0,0,0,0,0,0,0
2017-11-28,,,,,,,,,,,,,,,,,,,,,,,,,,,,,,,,,,,,,,,,,0,0,0,0,0,0,0,0,0,0,0,0,0,0,0,0,0,0,0,0,0,0,0,0,0,0,0,0,0,0,0,0,0,0,0,0,0,0,0,0
2017-11-29,,,,,,,,,,,,,,,,,,,,,,,,,,,,,,,,,,,,,,,,,0,0,0,0,0,0,0,0,0,0,0,0,0,0,0,0,0,0,0,0,0,0,0,0,0,0,0,0,0,0,0,0,0,0,0,0,0,0,0,0
2017-11-30,,,,,,,,,,,,,,,,,,,,,,,,,,,,,,,,,,,,,,,,,0,0,0,0,0,0,0,0,0,0,0,0,0,0,0,0,0,0,0,0,0,0,0,0,0,0,0,0,0,0,0,0,0,0,0,0,0,0,0,0
2017-12-01,,,,,,,,,,,,,,,,,,,,,,,,,,,,,,,,,,,,,,,,,0,0,0,0,0,0,0,0,0,0,0,0,0,0,0,0,0,0,0,0,0,0,0,0,0,0,0,0,0,0,0,0,0,0,0,0,0,0,0,0
2017-12-02,,,,,,,,,,,,,,,,,,,,,,,,,,,,,,,,,,,,,,,,,0,0,0,0,0,0,0,0,0,0,0,0,0,0,0,0,0,0,0,0,0,0,0,0,0,0,0,0,0,0,0,0,0,0,0,0,0,0,0,0
2017-12-03,,,,,,,,,,,,,,,,,,,,,,,,,,,,,,,,,,,,,,,,,0,0,0,0,0,0,0,0,0,0,0,0,0,0,0,0,0,0,0,0,0,0,0,0,0,0,0,0,0,0,0,0,0,0,0,0,0,0,0,0
2017-12-04,,,,,,,,,,,,,,,,,,,,,,,,,,,,,,,,,,,,,,,,,0,0,0,0,0,0,0,0,0,0,0,0,0,0,0,0,0,0,0,0,0,0,0,0,0,0,0,0,0,0,0,0,0,0,0,0,0,0,0,0
2017-12-05,,,,,,,,,,,,,,,,,,,,,,,,,,,,,,,,,,,,,,,,,0,0,0,0,0,0,0,0,0,0,0,0,0,0,0,0,0,0,0,0,0,0,0,0,0,0,0,0,0,0,0,0,0,0,0,0,0,0,0,0
2017-12-06,,,,,,,,,,,,,,,,,,,,,,,,,,,,,,,,,,,,,,,,,0,0,0,0,0,0,0,0,0,0,0,0,0,0,0,0,0,0,0,0,0,0,0,0,0,0,0,0,0,0,0,0,0,0,0,0,0,0,0,0
2017-12-07,,,,,,,,,,,,,,,,,,,,,,,,,,,,,,,,,,,,,,,,,0,0,0,0,0,0,0,0,0,0,0,0,0,0,0,0,0,0,0,0,0,0,0,0,0,0,0,0,0,0,0,0,0,0,0,0,0,0,0,0
2017-12-08,,,,,,,,,,,,,,,,,,,,,,,,,,,,,,,,,,,,,,,,,0,0,0,0,0,0,0,0,0,0,0,0,0,0,0,0,0,0,0,0,0,0,0,0,0,0,0,0,0,0,0,0,0,0,0,0,0,0,0,0
2017-12-09,,,,,,,,,,,,,,,,,,,,,,,,,,,,,,,,,,,,,,,,,0,0,0,0,0,0,0,0,0,0,0,0,0,0,0,0,0,0,0,0,0,0,0,0,0,0,0,0,0,0,0,0,0,0,0,0,0,0,0,0
2017-12-10,,,,,,,,,,,,,,,,,,,,,,,,,,,,,,,,,,,,,,,,,0,0,0,0,0,0,0,0,0,0,0,0,0,0,0,0,0,0,0,0,0,0,0,0,0,0,0,0,0,0,0,0,0,0,0,0,0,0,0,0
2017-12-11,,,,,,,,,,,,,,,,,,,,,,,,,,,,,,,,,,,,,,,,,0,0,0,0,0,0,0,0,0,0,0,0,0,0,0,0,0,0,0,0,0,0,0,0,0,0,0,0,0,0,0,0,0,0,0,0,0,0,0,0
2017-12-12,,,,,,,,,,,,,,,,,,,,,,,,,,,,,,,,,,,,,,,,,0,0,0,0,0,0,0,0,0,0,0,0,0,0,0,0,0,0,0,0,0,0,0,0,0,0,0,0,0,0,0,0,0,0,0,0,0,0,0,0
2017-12-13,,,,,,,,,,,,,,,,,,,,,,,,,,,,,,,,,,,,,,,,,0,0,0,0,0,0,0,0,0,0,0,0,0,0,0,0,0,0,0,0,0,0,0,0,0,0,0,0,0,0,0,0,0,0,0,0,0,0,0,0
2017-12-14,,,,,,,,,,,,,,,,,,,,,,,,,,,,,,,,,,,,,,,,,0,0,0,0,0,0,0,0,0,0,0,0,0,0,0,0,0,0,0,0,0,0,0,0,0,0,0,0,0,0,0,0,0,0,0,0,0,0,0,0
2017-12-15,,,,,,,,,,,,,,,,,,,,,,,,,,,,,,,,,,,,,,,,,0,0,0,0,0,0,0,0,0,0,0,0,0,0,0,0,0,0,0,0,0,0,0,0,0,0,0,0,0,0,0,0,0,0,0,0,0,0,0,0
2017-12-16,,,,,,,,,,,,,,,,,,,,,,,,,,,,,,,,,,,,,,,,,0,0,0,0,0,0,0,0,0,0,0,0,0,0,0,0,0,0,0,0,0,0,0,0,0,0,0,0,0,0,0,0,0,0,0,0,0,0,0,0
2017-12-17,,,,,,,,,,,,,,,,,,,,,,,,,,,,,,,,,,,,,,,,,0,0,0,0,0,0,0,0,0,0,0,0,0,0,0,0,0,0,0,0,0,0,0,0,0,0,0,0,0,0,0,0,0,0,0,0,0,0,0,0
2017-12-18,,,,,,,,,,,,,,,,,,,,,,,,,,,,,,,,,,,,,,,,,0,0,0,0,0,0,0,0,0,0,0,0,0,0,0,0,0,0,0,0,0,0,0,0,0,0,0,0,0,0,0,0,0,0,0,0,0,0,0,0
2017-12-19,,,,,,,,,,,,,,,,,,,,,,,,,,,,,,,,,,,,,,,,,0,0,0,0,0,0,0,0,0,0,0,0,0,0,0,0,0,0,0,0,0,0,0,0,0,0,0,0,0,0,0,0,0,0,0,0,0,0,0,0
2017-12-20,,,,,,,,,,,,,,,,,,,,,,,,,,,,,,,,,,,,,,,,,0,0,0,0,0,0,0,0,0,0,0,0,0,0,0,0,0,0,0,0,0,0,0,0,0,0,0,0,0,0,0,0,0,0,0,0,0,0,0,0
2017-12-21,,,,,,,,,,,,,,,,,,,,,,,,,,,,,,,,,,,,,,,,,0,0,0,0,0,0,0,0,0,0,0,0,0,0,0,0,0,0,0,0,0,0,0,0,0,0,0,0,0,0,0,0,0,0,0,0,0,0,0,0
2017-12-22,,,,,,,,,,,,,,,,,,,,,,,,,,,,,,,,,,,,,,,,,0,0,0,0,0,0,0,0,0,0,0,0,0,0,0,0,0,0,0,0,0,0,0,0,0,0,0,0,0,0,0,0,0,0,0,0,0,0,0,0
2017-12-23,,,,,,,,,,,,,,,,,,,,,,,,,,,,,,,,,,,,,,,,,0,0,0,0,0,0,0,0,0,0,0,0,0,0,0,0,0,0,0,0,0,0,0,0,0,0,0,0,0,0,0,0,0,0,0,0,0,0,0,0
2017-12-24,,,,,,,,,,,,,,,,,,,,,,,,,,,,,,,,,,,,,,,,,0,0,0,0,0,0,0,0,0,0,0,0,0,0,0,0,0,0,0,0,0,0,0,0,0,0,0,0,0,0,0,0,0,0,0,0,0,0,0,0
2017-12-25,,,,,,,,,,,,,,,,,,,,,,,,,,,,,,,,,,,,,,,,,0,0,0,0,0,0,0,0,0,0,0,0,0,0,0,0,0,0,0,0,0,0,0,0,0,0,0,0,0,0,0,0,0,0,0,0,0,0,0,0
2017-12-26,,,,,,,,,,,,,,,,,,,,,,,,,,,,,,,,,,,,,,,,,0,0,0,0,0,0,0,0,0,0,0,0,0,0,0,0,0,0,0,0,0,0,0,0,0,0,0,0,0,0,0,0,0,0,0,0,0,0,0,0
2017-12-27,,,,,,,,,,,,,,,,,,,,,,,,,,,,,,,,,,,,,,,,,0,0,0,0,0,0,0,0,0,0,0,0,0,0,0,0,0,0,0,0,0,0,0,0,0,0,0,0,0,0,0,0,0,0,0,0,0,0,0,0
2017-12-28,,,,,,,,,,,,,,,,,,,,,,,,,,,,,,,,,,,,,,,,,0,0,0,0,0,0,0,0,0,0,0,0,0,0,0,0,0,0,0,0,0,0,0,0,0,0,0,0,0,0,0,0,0,0,0,0,0,0,0,0
2017-12-29,,,,,,,,,,,,,,,,,,,,,,,,,,,,,,,,,,,,,,,,,0,0,0,0,0,0,0,0,0,0,0,0,0,0,0,0,0,0,0,0,0,0,0,0,0,0,0,0,0,0,0,0,0,0,0,0,0,0,0,0
2017-12-30,,,,,,,,,,,,,,,,,,,,,,,,,,,,,,,,,,,,,,,,,0,0,0,0,0,0,0,0,0,0,0,0,0,0,0,0,0,0,0,0,0,0,0,0,0,0,0,0,0,0,0,0,0,0,0,0,0,0,0,0
2017-12-31,,,,,,,,,,,,,,,,,,,,,,,,,,,,,,,,,,,,,,,,,0,0,0,0,0,0,0,0,0,0,0,0,0,0,0,0,0,0,0,0,0,0,0,0,0,0,0,0,0,0,0,0,0,0,0,0,0,0,0,0
2018-01-01,,,,,,,,,,,,,,,,,,,,,,,,,,,,,,,,,,,,,,,,,0,0,0,0,0,0,0,0,0,0,0,0,0,0,0,0,0,0,0,0,0,0,0,0,0,0,0,0,0,0,0,0,0,0,0,0,0,0,0,0
2018-01-02,,,,,,,,,,,,,,,,,,,,,,,,,,,,,,,,,,,,,,,,,0,0,0,0,0,0,0,0,0,0,0,0,0,0,0,0,0,0,0,0,0,0,0,0,0,0,0,0,0,0,0,0,0,0,0,0,0,0,0,0
2018-01-03,,,,,,,,,,,,,,,,,,,,,,,,,,,,,,,,,,,,,,,,,0,0,0,0,0,0,0,0,0,0,0,0,0,0,0,0,0,0,0,0,0,0,0,0,0,0,0,0,0,0,0,0,0,0,0,0,0,0,0,0
2018-01-04,,,,,,,,,,,,,,,,,,,,,,,,,,,,,,,,,,,,,,,,,0,0,0,0,0,0,0,0,0,0,0,0,0,0,0,0,0,0,0,0,0,0,0,0,0,0,0,0,0,0,0,0,0,0,0,0,0,0,0,0
2018-01-05,,,,,,,,,,,,,,,,,,,,,,,,,,,,,,,,,,,,,,,,,0,0,0,0,0,0,0,0,0,0,0,0,0,0,0,0,0,0,0,0,0,0,0,0,0,0,0,0,0,0,0,0,0,0,0,0,0,0,0,0
2018-01-06,,,,,,,,,,,,,,,,,,,,,,,,,,,,,,,,,,,,,,,,,0,0,0,0,0,0,0,0,0,0,0,0,0,0,0,0,0,0,0,0,0,0,0,0,0,0,0,0,0,0,0,0,0,0,0,0,0,0,0,0
2018-01-07,,,,,,,,,,,,,,,,,,,,,,,,,,,,,,,,,,,,,,,,,0,0,0,0,0,0,0,0,0,0,0,0,0,0,0,0,0,0,0,0,0,0,0,0,0,0,0,0,0,0,0,0,0,0,0,0,0,0,0,0
2018-01-08,,,,,,,,,,,,,,,,,,,,,,,,,,,,,,,,,,,,,,,,,0,0,0,0,0,0,0,0,0,0,0,0,0,0,0,0,0,0,0,0,0,0,0,0,0,0,0,0,0,0,0,0,0,0,0,0,0,0,0,0
2018-01-09,,,,,,,,,,,,,,,,,,,,,,,,,,,,,,,,,,,,,,,,,0,0,0,0,0,0,0,0,0,0,0,0,0,0,0,0,0,0,0,0,0,0,0,0,0,0,0,0,0,0,0,0,0,0,0,0,0,0,0,0
2018-01-10,,,,,,,,,,,,,,,,,,,,,,,,,,,,,,,,,,,,,,,,,0,0,0,0,0,0,0,0,0,0,0,0,0,0,0,0,0,0,0,0,0,0,0,0,0,0,0,0,0,0,0,0,0,0,0,0,0,0,0,0
2018-01-11,,,,,,,,,,,,,,,,,,,,,,,,,,,,,,,,,,,,,,,,,0,0,0,0,0,0,0,0,0,0,0,0,0,0,0,0,0,0,0,0,0,0,0,0,0,0,0,0,0,0,0,0,0,0,0,0,0,0,0,0
2018-01-12,,,,,,,,,,,,,,,,,,,,,,,,,,,,,,,,,,,,,,,,,0,0,0,0,0,0,0,0,0,0,0,0,0,0,0,0,0,0,0,0,0,0,0,0,0,0,0,0,0,0,0,0,0,0,0,0,0,0,0,0
2018-01-13,,,,,,,,,,,,,,,,,,,,,,,,,,,,,,,,,,,,,,,,,0,0,0,0,0,0,0,0,0,0,0,0,0,0,0,0,0,0,0,0,0,0,0,0,0,0,0,0,0,0,0,0,0,0,0,0,0,0,0,0
2018-01-14,,,,,,,,,,,,,,,,,,,,,,,,,,,,,,,,,,,,,,,,,0,0,0,0,0,0,0,0,0,0,0,0,0,0,0,0,0,0,0,0,0,0,0,0,0,0,0,0,0,0,0,0,0,0,0,0,0,0,0,0
2018-01-15,,,,,,,,,,,,,,,,,,,,,,,,,,,,,,,,,,,,,,,,,0,0,0,0,0,0,0,0,0,0,0,0,0,0,0,0,0,0,0,0,0,0,0,0,0,0,0,0,0,0,0,0,0,0,0,0,0,0,0,0
2018-01-16,,,,,,,,,,,,,,,,,,,,,,,,,,,,,,,,,,,,,,,,,0,0,0,0,0,0,0,0,0,0,0,0,0,0,0,0,0,0,0,0,0,0,0,0,0,0,0,0,0,0,0,0,0,0,0,0,0,0,0,0
2018-01-17,,,,,,,,,,,,,,,,,,,,,,,,,,,,,,,,,,,,,,,,,0,0,0,0,0,0,0,0,0,0,0,0,0,0,0,0,0,0,0,0,0,0,0,0,0,0,0,0,0,0,0,0,0,0,0,0,0,0,0,0
2018-01-18,,,,,,,,,,,,,,,,,,,,,,,,,,,,,,,,,,,,,,,,,0,0,0,0,0,0,0,0,0,0,0,0,0,0,0,0,0,0,0,0,0,0,0,0,0,0,0,0,0,0,0,0,0,0,0,0,0,0,0,0
2018-01-19,,,,,,,,,,,,,,,,,,,,,,,,,,,,,,,,,,,,,,,,,0,0,0,0,0,0,0,0,0,0,0,0,0,0,0,0,0,0,0,0,0,0,0,0,0,0,0,0,0,0,0,0,0,0,0,0,0,0,0,0
2018-01-20,,,,,,,,,,,,,,,,,,,,,,,,,,,,,,,,,,,,,,,,,0,0,0,0,0,0,0,0,0,0,0,0,0,0,0,0,0,0,0,0,0,0,0,0,0,0,0,0,0,0,0,0,0,0,0,0,0,0,0,0
2018-01-21,,,,,,,,,,,,,,,,,,,,,,,,,,,,,,,,,,,,,,,,,0,0,0,0,0,0,0,0,0,0,0,0,0,0,0,0,0,0,0,0,0,0,0,0,0,0,0,0,0,0,0,0,0,0,0,0,0,0,0,0
2018-01-22,,,,,,,,,,,,,,,,,,,,,,,,,,,,,,,,,,,,,,,,,0,0,0,0,0,0,0,0,0,0,0,0,0,0,0,0,0,0,0,0,0,0,0,0,0,0,0,0,0,0,0,0,0,0,0,0,0,0,0,0
2018-01-23,,,,,,,,,,,,,,,,,,,,,,,,,,,,,,,,,,,,,,,,,0,0,0,0,0,0,0,0,0,0,0,0,0,0,0,0,0,0,0,0,0,0,0,0,0,0,0,0,0,0,0,0,0,0,0,0,0,0,0,0
2018-01-24,,,,,,,,,,,,,,,,,,,,,,,,,,,,,,,,,,,,,,,,,0,0,0,0,0,0,0,0,0,0,0,0,0,0,0,0,0,0,0,0,0,0,0,0,0,0,0,0,0,0,0,0,0,0,0,0,0,0,0,0
2018-01-25,,,,,,,,,,,,,,,,,,,,,,,,,,,,,,,,,,,,,,,,,0,0,0,0,0,0,0,0,0,0,0,0,0,0,0,0,0,0,0,0,0,0,0,0,0,0,0,0,0,0,0,0,0,0,0,0,0,0,0,0
2018-01-26,,,,,,,,,,,,,,,,,,,,,,,,,,,,,,,,,,,,,,,,,0,0,0,0,0,0,0,0,0,0,0,0,0,0,0,0,0,0,0,0,0,0,0,0,0,0,0,0,0,0,0,0,0,0,0,0,0,0,0,0
2018-01-27,,,,,,,,,,,,,,,,,,,,,,,,,,,,,,,,,,,,,,,,,0,0,0,0,0,0,0,0,0,0,0,0,0,0,0,0,0,0,0,0,0,0,0,0,0,0,0,0,0,0,0,0,0,0,0,0,0,0,0,0
2018-01-28,,,,,,,,,,,,,,,,,,,,,,,,,,,,,,,,,,,,,,,,,0,0,0,0,0,0,0,0,0,0,0,0,0,0,0,0,0,0,0,0,0,0,0,0,0,0,0,0,0,0,0,0,0,0,0,0,0,0,0,0
2018-01-29,,,,,,,,,,,,,,,,,,,,,,,,,,,,,,,,,,,,,,,,,0,0,0,0,0,0,0,0,0,0,0,0,0,0,0,0,0,0,0,0,0,0,0,0,0,0,0,0,0,0,0,0,0,0,0,0,0,0,0,0
2018-01-30,,,,,,,,,,,,,,,,,,,,,,,,,,,,,,,,,,,,,,,,,0,0,0,0,0,0,0,0,0,0,0,0,0,0,0,0,0,0,0,0,0,0,0,0,0,0,0,0,0,0,0,0,0,0,0,0,0,0,0,0
2018-01-31,,,,,,,,,,,,,,,,,,,,,,,,,,,,,,,,,,,,,,,,,0,0,0,0,0,0,0,0,0,0,0,0,0,0,0,0,0,0,0,0,0,0,0,0,0,0,0,0,0,0,0,0,0,0,0,0,0,0,0,0
2018-02-01,,,,,,,,,,,,,,,,,,,,,,,,,,,,,,,,,,,,,,,,,0,0,0,0,0,0,0,0,0,0,0,0,0,0,0,0,0,0,0,0,0,0,0,0,0,0,0,0,0,0,0,0,0,0,0,0,0,0,0,0
2018-02-02,,,,,,,,,,,,,,,,,,,,,,,,,,,,,,,,,,,,,,,,,0,0,0,0,0,0,0,0,0,0,0,0,0,0,0,0,0,0,0,0,0,0,0,0,0,0,0,0,0,0,0,0,0,0,0,0,0,0,0,0
2018-02-03,,,,,,,,,,,,,,,,,,,,,,,,,,,,,,,,,,,,,,,,,0,0,0,0,0,0,0,0,0,0,0,0,0,0,0,0,0,0,0,0,0,0,0,0,0,0,0,0,0,0,0,0,0,0,0,0,0,0,0,0
2018-02-04,,,,,,,,,,,,,,,,,,,,,,,,,,,,,,,,,,,,,,,,,0,0,0,0,0,0,0,0,0,0,0,0,0,0,0,0,0,0,0,0,0,0,0,0,0,0,0,0,0,0,0,0,0,0,0,0,0,0,0,0
2018-02-05,,,,,,,,,,,,,,,,,,,,,,,,,,,,,,,,,,,,,,,,,0,0,0,0,0,0,0,0,0,0,0,0,0,0,0,0,0,0,0,0,0,0,0,0,0,0,0,0,0,0,0,0,0,0,0,0,0,0,0,0
2018-02-06,,,,,,,,,,,,,,,,,,,,,,,,,,,,,,,,,,,,,,,,,0,0,0,0,0,0,0,0,0,0,0,0,0,0,0,0,0,0,0,0,0,0,0,0,0,0,0,0,0,0,0,0,0,0,0,0,0,0,0,0
2018-02-07,,,,,,,,,,,,,,,,,,,,,,,,,,,,,,,,,,,,,,,,,0,0,0,0,0,0,0,0,0,0,0,0,0,0,0,0,0,0,0,0,0,0,0,0,0,0,0,0,0,0,0,0,0,0,0,0,0,0,0,0
2018-02-08,,,,,,,,,,,,,,,,,,,,,,,,,,,,,,,,,,,,,,,,,0,0,0,0,0,0,0,0,0,0,0,0,0,0,0,0,0,0,0,0,0,0,0,0,0,0,0,0,0,0,0,0,0,0,0,0,0,0,0,0
2018-02-09,,,,,,,,,,,,,,,,,,,,,,,,,,,,,,,,,,,,,,,,,0,0,0,0,0,0,0,0,0,0,0,0,0,0,0,0,0,0,0,0,0,0,0,0,0,0,0,0,0,0,0,0,0,0,0,0,0,0,0,0
2018-02-10,,,,,,,,,,,,,,,,,,,,,,,,,,,,,,,,,,,,,,,,,0,0,0,0,0,0,0,0,0,0,0,0,0,0,0,0,0,0,0,0,0,0,0,0,0,0,0,0,0,0,0,0,0,0,0,0,0,0,0,0
2018-02-11,,,,,,,,,,,,,,,,,,,,,,,,,,,,,,,,,,,,,,,,,0,0,0,0,0,0,0,0,0,0,0,0,0,0,0,0,0,0,0,0,0,0,0,0,0,0,0,0,0,0,0,0,0,0,0,0,0,0,0,0
2018-02-12,,,,,,,,,,,,,,,,,,,,,,,,,,,,,,,,,,,,,,,,,0,0,0,0,0,0,0,0,0,0,0,0,0,0,0,0,0,0,0,0,0,0,0,0,0,0,0,0,0,0,0,0,0,0,0,0,0,0,0,0
2018-02-13,,,,,,,,,,,,,,,,,,,,,,,,,,,,,,,,,,,,,,,,,0,0,0,0,0,0,0,0,0,0,0,0,0,0,0,0,0,0,0,0,0,0,0,0,0,0,0,0,0,0,0,0,0,0,0,0,0,0,0,0
2018-02-14,,,,,,,,,,,,,,,,,,,,,,,,,,,,,,,,,,,,,,,,,0,0,0,0,0,0,0,0,0,0,0,0,0,0,0,0,0,0,0,0,0,0,0,0,0,0,0,0,0,0,0,0,0,0,0,0,0,0,0,0
2018-02-15,,,,,,,,,,,,,,,,,,,,,,,,,,,,,,,,,,,,,,,,,0,0,0,0,0,0,0,0,0,0,0,0,0,0,0,0,0,0,0,0,0,0,0,0,0,0,0,0,0,0,0,0,0,0,0,0,0,0,0,0
2018-02-16,,,,,,,,,,,,,,,,,,,,,,,,,,,,,,,,,,,,,,,,,0,0,0,0,0,0,0,0,0,0,0,0,0,0,0,0,0,0,0,0,0,0,0,0,0,0,0,0,0,0,0,0,0,0,0,0,0,0,0,0
2018-02-17,,,,,,,,,,,,,,,,,,,,,,,,,,,,,,,,,,,,,,,,,0,0,0,0,0,0,0,0,0,0,0,0,0,0,0,0,0,0,0,0,0,0,0,0,0,0,0,0,0,0,0,0,0,0,0,0,0,0,0,0
2018-02-18,,,,,,,,,,,,,,,,,,,,,,,,,,,,,,,,,,,,,,,,,0,0,0,0,0,0,0,0,0,0,0,0,0,0,0,0,0,0,0,0,0,0,0,0,0,0,0,0,0,0,0,0,0,0,0,0,0,0,0,0
2018-02-19,,,,,,,,,,,,,,,,,,,,,,,,,,,,,,,,,,,,,,,,,0,0,0,0,0,0,0,0,0,0,0,0,0,0,0,0,0,0,0,0,0,0,0,0,0,0,0,0,0,0,0,0,0,0,0,0,0,0,0,0
2018-02-20,,,,,,,,,,,,,,,,,,,,,,,,,,,,,,,,,,,,,,,,,0,0,0,0,0,0,0,0,0,0,0,0,0,0,0,0,0,0,0,0,0,0,0,0,0,0,0,0,0,0,0,0,0,0,0,0,0,0,0,0
2018-02-21,,,,,,,,,,,,,,,,,,,,,,,,,,,,,,,,,,,,,,,,,0,0,0,0,0,0,0,0,0,0,0,0,0,0,0,0,0,0,0,0,0,0,0,0,0,0,0,0,0,0,0,0,0,0,0,0,0,0,0,0
2018-02-22,,,,,,,,,,,,,,,,,,,,,,,,,,,,,,,,,,,,,,,,,0,0,0,0,0,0,0,0,0,0,0,0,0,0,0,0,0,0,0,0,0,0,0,0,0,0,0,0,0,0,0,0,0,0,0,0,0,0,0,0
2018-02-23,,,,,,,,,,,,,,,,,,,,,,,,,,,,,,,,,,,,,,,,,0,0,0,0,0,0,0,0,0,0,0,0,0,0,0,0,0,0,0,0,0,0,0,0,0,0,0,0,0,0,0,0,0,0,0,0,0,0,0,0
2018-02-24,,,,,,,,,,,,,,,,,,,,,,,,,,,,,,,,,,,,,,,,,0,0,0,0,0,0,0,0,0,0,0,0,0,0,0,0,0,0,0,0,0,0,0,0,0,0,0,0,0,0,0,0,0,0,0,0,0,0,0,0
2018-02-25,,,,,,,,,,,,,,,,,,,,,,,,,,,,,,,,,,,,,,,,,0,0,0,0,0,0,0,0,0,0,0,0,0,0,0,0,0,0,0,0,0,0,0,0,0,0,0,0,0,0,0,0,0,0,0,0,0,0,0,0
2018-02-26,,,,,,,,,,,,,,,,,,,,,,,,,,,,,,,,,,,,,,,,,0,0,0,0,0,0,0,0,0,0,0,0,0,0,0,0,0,0,0,0,0,0,0,0,0,0,0,0,0,0,0,0,0,0,0,0,0,0,0,0
2018-02-27,,,,,,,,,,,,,,,,,,,,,,,,,,,,,,,,,,,,,,,,,0,0,0,0,0,0,0,0,0,0,0,0,0,0,0,0,0,0,0,0,0,0,0,0,0,0,0,0,0,0,0,0,0,0,0,0,0,0,0,0
2018-02-28,,,,,,,,,,,,,,,,,,,,,,,,,,,,,,,,,,,,,,,,,0,0,0,0,0,0,0,0,0,0,0,0,0,0,0,0,0,0,0,0,0,0,0,0,0,0,0,0,0,0,0,0,0,0,0,0,0,0,0,0
2018-03-01,,,,,,,,,,,,,,,,,,,,,,,,,,,,,,,,,,,,,,,,,0,0,0,0,0,0,0,0,0,0,0,0,0,0,0,0,0,0,0,0,0,0,0,0,0,0,0,0,0,0,0,0,0,0,0,0,0,0,0,0
2018-03-02,,,,,,,,,,,,,,,,,,,,,,,,,,,,,,,,,,,,,,,,,0,0,0,0,0,0,0,0,0,0,0,0,0,0,0,0,0,0,0,0,0,0,0,0,0,0,0,0,0,0,0,0,0,0,0,0,0,0,0,0
2018-03-03,,,,,,,,,,,,,,,,,,,,,,,,,,,,,,,,,,,,,,,,,0,0,0,0,0,0,0,0,0,0,0,0,0,0,0,0,0,0,0,0,0,0,0,0,0,0,0,0,0,0,0,0,0,0,0,0,0,0,0,0
2018-03-04,,,,,,,,,,,,,,,,,,,,,,,,,,,,,,,,,,,,,,,,,0,0,0,0,0,0,0,0,0,0,0,0,0,0,0,0,0,0,0,0,0,0,0,0,0,0,0,0,0,0,0,0,0,0,0,0,0,0,0,0
2018-03-05,,,,,,,,,,,,,,,,,,,,,,,,,,,,,,,,,,,,,,,,,0,0,0,0,0,0,0,0,0,0,0,0,0,0,0,0,0,0,0,0,0,0,0,0,0,0,0,0,0,0,0,0,0,0,0,0,0,0,0,0
2018-03-06,,,,,,,,,,,,,,,,,,,,,,,,,,,,,,,,,,,,,,,,,0,0,0,0,0,0,0,0,0,0,0,0,0,0,0,0,0,0,0,0,0,0,0,0,0,0,0,0,0,0,0,0,0,0,0,0,0,0,0,0
2018-03-07,,,,,,,,,,,,,,,,,,,,,,,,,,,,,,,,,,,,,,,,,0,0,0,0,0,0,0,0,0,0,0,0,0,0,0,0,0,0,0,0,0,0,0,0,0,0,0,0,0,0,0,0,0,0,0,0,0,0,0,0
2018-03-08,,,,,,,,,,,,,,,,,,,,,,,,,,,,,,,,,,,,,,,,,0,0,0,0,0,0,0,0,0,0,0,0,0,0,0,0,0,0,0,0,0,0,0,0,0,0,0,0,0,0,0,0,0,0,0,0,0,0,0,0
2018-03-09,,,,,,,,,,,,,,,,,,,,,,,,,,,,,,,,,,,,,,,,,0,0,0,0,0,0,0,0,0,0,0,0,0,0,0,0,0,0,0,0,0,0,0,0,0,0,0,0,0,0,0,0,0,0,0,0,0,0,0,0
2018-03-10,,,,,,,,,,,,,,,,,,,,,,,,,,,,,,,,,,,,,,,,,0,0,0,0,0,0,0,0,0,0,0,0,0,0,0,0,0,0,0,0,0,0,0,0,0,0,0,0,0,0,0,0,0,0,0,0,0,0,0,0
2018-03-11,,,,,,,,,,,,,,,,,,,,,,,,,,,,,,,,,,,,,,,,,0,0,0,0,0,0,0,0,0,0,0,0,0,0,0,0,0,0,0,0,0,0,0,0,0,0,0,0,0,0,0,0,0,0,0,0,0,0,0,0
2018-03-12,,,,,,,,,,,,,,,,,,,,,,,,,,,,,,,,,,,,,,,,,0,0,0,0,0,0,0,0,0,0,0,0,0,0,0,0,0,0,0,0,0,0,0,0,0,0,0,0,0,0,0,0,0,0,0,0,0,0,0,0
2018-03-13,,,,,,,,,,,,,,,,,,,,,,,,,,,,,,,,,,,,,,,,,0,0,0,0,0,0,0,0,0,0,0,0,0,0,0,0,0,0,0,0,0,0,0,0,0,0,0,0,0,0,0,0,0,0,0,0,0,0,0,0
2018-03-14,,,,,,,,,,,,,,,,,,,,,,,,,,,,,,,,,,,,,,,,,0,0,0,0,0,0,0,0,0,0,0,0,0,0,0,0,0,0,0,0,0,0,0,0,0,0,0,0,0,0,0,0,0,0,0,0,0,0,0,0
2018-03-15,,,,,,,,,,,,,,,,,,,,,,,,,,,,,,,,,,,,,,,,,0,0,0,0,0,0,0,0,0,0,0,0,0,0,0,0,0,0,0,0,0,0,0,0,0,0,0,0,0,0,0,0,0,0,0,0,0,0,0,0
2018-03-16,,,,,,,,,,,,,,,,,,,,,,,,,,,,,,,,,,,,,,,,,0,0,0,0,0,0,0,0,0,0,0,0,0,0,0,0,0,0,0,0,0,0,0,0,0,0,0,0,0,0,0,0,0,0,0,0,0,0,0,0
2018-03-17,,,,,,,,,,,,,,,,,,,,,,,,,,,,,,,,,,,,,,,,,0,0,0,0,0,0,0,0,0,0,0,0,0,0,0,0,0,0,0,0,0,0,0,0,0,0,0,0,0,0,0,0,0,0,0,0,0,0,0,0
2018-03-18,,,,,,,,,,,,,,,,,,,,,,,,,,,,,,,,,,,,,,,,,0,0,0,0,0,0,0,0,0,0,0,0,0,0,0,0,0,0,0,0,0,0,0,0,0,0,0,0,0,0,0,0,0,0,0,0,0,0,0,0
2018-03-19,,,,,,,,,,,,,,,,,,,,,,,,,,,,,,,,,,,,,,,,,0,0,0,0,0,0,0,0,0,0,0,0,0,0,0,0,0,0,0,0,0,0,0,0,0,0,0,0,0,0,0,0,0,0,0,0,0,0,0,0
2018-03-20,,,,,,,,,,,,,,,,,,,,,,,,,,,,,,,,,,,,,,,,,0,0,0,0,0,0,0,0,0,0,0,0,0,0,0,0,0,0,0,0,0,0,0,0,0,0,0,0,0,0,0,0,0,0,0,0,0,0,0,0
2018-03-21,,,,,,,,,,,,,,,,,,,,,,,,,,,,,,,,,,,,,,,,,0,0,0,0,0,0,0,0,0,0,0,0,0,0,0,0,0,0,0,0,0,0,0,0,0,0,0,0,0,0,0,0,0,0,0,0,0,0,0,0
2018-03-22,,,,,,,,,,,,,,,,,,,,,,,,,,,,,,,,,,,,,,,,,0,0,0,0,0,0,0,0,0,0,0,0,0,0,0,0,0,0,0,0,0,0,0,0,0,0,0,0,0,0,0,0,0,0,0,0,0,0,0,0
2018-03-23,,,,,,,,,,,,,,,,,,,,,,,,,,,,,,,,,,,,,,,,,0,0,0,0,0,0,0,0,0,0,0,0,0,0,0,0,0,0,0,0,0,0,0,0,0,0,0,0,0,0,0,0,0,0,0,0,0,0,0,0
2018-03-24,,,,,,,,,,,,,,,,,,,,,,,,,,,,,,,,,,,,,,,,,0,0,0,0,0,0,0,0,0,0,0,0,0,0,0,0,0,0,0,0,0,0,0,0,0,0,0,0,0,0,0,0,0,0,0,0,0,0,0,0
2018-03-25,,,,,,,,,,,,,,,,,,,,,,,,,,,,,,,,,,,,,,,,,0,0,0,0,0,0,0,0,0,0,0,0,0,0,0,0,0,0,0,0,0,0,0,0,0,0,0,0,0,0,0,0,0,0,0,0,0,0,0,0
2018-03-26,,,,,,,,,,,,,,,,,,,,,,,,,,,,,,,,,,,,,,,,,0,0,0,0,0,0,0,0,0,0,0,0,0,0,0,0,0,0,0,0,0,0,0,0,0,0,0,0,0,0,0,0,0,0,0,0,0,0,0,0
2018-03-27,,,,,,,,,,,,,,,,,,,,,,,,,,,,,,,,,,,,,,,,,0,0,0,0,0,0,0,0,0,0,0,0,0,0,0,0,0,0,0,0,0,0,0,0,0,0,0,0,0,0,0,0,0,0,0,0,0,0,0,0
2018-03-28,,,,,,,,,,,,,,,,,,,,,,,,,,,,,,,,,,,,,,,,,0,0,0,0,0,0,0,0,0,0,0,0,0,0,0,0,0,0,0,0,0,0,0,0,0,0,0,0,0,0,0,0,0,0,0,0,0,0,0,0
2018-03-29,,,,,,,,,,,,,,,,,,,,,,,,,,,,,,,,,,,,,,,,,0,0,0,0,0,0,0,0,0,0,0,0,0,0,0,0,0,0,0,0,0,0,0,0,0,0,0,0,0,0,0,0,0,0,0,0,0,0,0,0
2018-03-30,,,,,,,,,,,,,,,,,,,,,,,,,,,,,,,,,,,,,,,,,0,0,0,0,0,0,0,0,0,0,0,0,0,0,0,0,0,0,0,0,0,0,0,0,0,0,0,0,0,0,0,0,0,0,0,0,0,0,0,0
2018-03-31,,,,,,,,,,,,,,,,,,,,,,,,,,,,,,,,,,,,,,,,,0,0,0,0,0,0,0,0,0,0,0,0,0,0,0,0,0,0,0,0,0,0,0,0,0,0,0,0,0,0,0,0,0,0,0,0,0,0,0,0
2018-04-01,,,,,,,,,,,,,,,,,,,,,,,,,,,,,,,,,,,,,,,,,0,0,0,0,0,0,0,0,0,0,0,0,0,0,0,0,0,0,0,0,0,0,0,0,0,0,0,0,0,0,0,0,0,0,0,0,0,0,0,0
2018-04-02,,,,,,,,,,,,,,,,,,,,,,,,,,,,,,,,,,,,,,,,,0,0,0,0,0,0,0,0,0,0,0,0,0,0,0,0,0,0,0,0,0,0,0,0,0,0,0,0,0,0,0,0,0,0,0,0,0,0,0,0
2018-04-03,,,,,,,,,,,,,,,,,,,,,,,,,,,,,,,,,,,,,,,,,0,0,0,0,0,0,0,0,0,0,0,0,0,0,0,0,0,0,0,0,0,0,0,0,0,0,0,0,0,0,0,0,0,0,0,0,0,0,0,0
2018-04-04,,,,,,,,,,,,,,,,,,,,,,,,,,,,,,,,,,,,,,,,,0,0,0,0,0,0,0,0,0,0,0,0,0,0,0,0,0,0,0,0,0,0,0,0,0,0,0,0,0,0,0,0,0,0,0,0,0,0,0,0
2018-04-05,,,,,,,,,,,,,,,,,,,,,,,,,,,,,,,,,,,,,,,,,0,0,0,0,0,0,0,0,0,0,0,0,0,0,0,0,0,0,0,0,0,0,0,0,0,0,0,0,0,0,0,0,0,0,0,0,0,0,0,0
2018-04-06,,,,,,,,,,,,,,,,,,,,,,,,,,,,,,,,,,,,,,,,,0,0,0,0,0,0,0,0,0,0,0,0,0,0,0,0,0,0,0,0,0,0,0,0,0,0,0,0,0,0,0,0,0,0,0,0,0,0,0,0
2018-04-07,,,,,,,,,,,,,,,,,,,,,,,,,,,,,,,,,,,,,,,,,0,0,0,0,0,0,0,0,0,0,0,0,0,0,0,0,0,0,0,0,0,0,0,0,0,0,0,0,0,0,0,0,0,0,0,0,0,0,0,0
2018-04-08,,,,,,,,,,,,,,,,,,,,,,,,,,,,,,,,,,,,,,,,,0,0,0,0,0,0,0,0,0,0,0,0,0,0,0,0,0,0,0,0,0,0,0,0,0,0,0,0,0,0,0,0,0,0,0,0,0,0,0,0
2018-04-09,,,,,,,,,,,,,,,,,,,,,,,,,,,,,,,,,,,,,,,,,0,0,0,0,0,0,0,0,0,0,0,0,0,0,0,0,0,0,0,0,0,0,0,0,0,0,0,0,0,0,0,0,0,0,0,0,0,0,0,0
2018-04-10,,,,,,,,,,,,,,,,,,,,,,,,,,,,,,,,,,,,,,,,,0,0,0,0,0,0,0,0,0,0,0,0,0,0,0,0,0,0,0,0,0,0,0,0,0,0,0,0,0,0,0,0,0,0,0,0,0,0,0,0
2018-04-11,,,,,,,,,,,,,,,,,,,,,,,,,,,,,,,,,,,,,,,,,0,0,0,0,0,0,0,0,0,0,0,0,0,0,0,0,0,0,0,0,0,0,0,0,0,0,0,0,0,0,0,0,0,0,0,0,0,0,0,0
2018-04-12,,,,,,,,,,,,,,,,,,,,,,,,,,,,,,,,,,,,,,,,,0,0,0,0,0,0,0,0,0,0,0,0,0,0,0,0,0,0,0,0,0,0,0,0,0,0,0,0,0,0,0,0,0,0,0,0,0,0,0,0
2018-04-13,,,,,,,,,,,,,,,,,,,,,,,,,,,,,,,,,,,,,,,,,0,0,0,0,0,0,0,0,0,0,0,0,0,0,0,0,0,0,0,0,0,0,0,0,0,0,0,0,0,0,0,0,0,0,0,0,0,0,0,0
2018-04-14,,,,,,,,,,,,,,,,,,,,,,,,,,,,,,,,,,,,,,,,,0,0,0,0,0,0,0,0,0,0,0,0,0,0,0,0,0,0,0,0,0,0,0,0,0,0,0,0,0,0,0,0,0,0,0,0,0,0,0,0
2018-04-15,,,,,,,,,,,,,,,,,,,,,,,,,,,,,,,,,,,,,,,,,0,0,0,0,0,0,0,0,0,0,0,0,0,0,0,0,0,0,0,0,0,0,0,0,0,0,0,0,0,0,0,0,0,0,0,0,0,0,0,0
2018-04-16,,,,,,,,,,,,,,,,,,,,,,,,,,,,,,,,,,,,,,,,,0,0,0,0,0,0,0,0,0,0,0,0,0,0,0,0,0,0,0,0,0,0,0,0,0,0,0,0,0,0,0,0,0,0,0,0,0,0,0,0
2018-04-17,,,,,,,,,,,,,,,,,,,,,,,,,,,,,,,,,,,,,,,,,0,0,0,0,0,0,0,0,0,0,0,0,0,0,0,0,0,0,0,0,0,0,0,0,0,0,0,0,0,0,0,0,0,0,0,0,0,0,0,0
2018-04-18,,,,,,,,,,,,,,,,,,,,,,,,,,,,,,,,,,,,,,,,,0,0,0,0,0,0,0,0,0,0,0,0,0,0,0,0,0,0,0,0,0,0,0,0,0,0,0,0,0,0,0,0,0,0,0,0,0,0,0,0
2018-04-19,,,,,,,,,,,,,,,,,,,,,,,,,,,,,,,,,,,,,,,,,0,0,0,0,0,0,0,0,0,0,0,0,0,0,0,0,0,0,0,0,0,0,0,0,0,0,0,0,0,0,0,0,0,0,0,0,0,0,0,0
2018-04-20,,,,,,,,,,,,,,,,,,,,,,,,,,,,,,,,,,,,,,,,,0,0,0,0,0,0,0,0,0,0,0,0,0,0,0,0,0,0,0,0,0,0,0,0,0,0,0,0,0,0,0,0,0,0,0,0,0,0,0,0
2018-04-21,,,,,,,,,,,,,,,,,,,,,,,,,,,,,,,,,,,,,,,,,0,0,0,0,0,0,0,0,0,0,0,0,0,0,0,0,0,0,0,0,0,0,0,0,0,0,0,0,0,0,0,0,0,0,0,0,0,0,0,0
2018-04-22,,,,,,,,,,,,,,,,,,,,,,,,,,,,,,,,,,,,,,,,,0,0,0,0,0,0,0,0,0,0,0,0,0,0,0,0,0,0,0,0,0,0,0,0,0,0,0,0,0,0,0,0,0,0,0,0,0,0,0,0
2018-04-23,,,,,,,,,,,,,,,,,,,,,,,,,,,,,,,,,,,,,,,,,0,0,0,0,0,0,0,0,0,0,0,0,0,0,0,0,0,0,0,0,0,0,0,0,0,0,0,0,0,0,0,0,0,0,0,0,0,0,0,0
2018-04-24,,,,,,,,,,,,,,,,,,,,,,,,,,,,,,,,,,,,,,,,,0,0,0,0,0,0,0,0,0,0,0,0,0,0,0,0,0,0,0,0,0,0,0,0,0,0,0,0,0,0,0,0,0,0,0,0,0,0,0,0
2018-04-25,,,,,,,,,,,,,,,,,,,,,,,,,,,,,,,,,,,,,,,,,0,0,0,0,0,0,0,0,0,0,0,0,0,0,0,0,0,0,0,0,0,0,0,0,0,0,0,0,0,0,0,0,0,0,0,0,0,0,0,0
2018-04-26,,,,,,,,,,,,,,,,,,,,,,,,,,,,,,,,,,,,,,,,,0,0,0,0,0,0,0,0,0,0,0,0,0,0,0,0,0,0,0,0,0,0,0,0,0,0,0,0,0,0,0,0,0,0,0,0,0,0,0,0
2018-04-27,,,,,,,,,,,,,,,,,,,,,,,,,,,,,,,,,,,,,,,,,0,0,0,0,0,0,0,0,0,0,0,0,0,0,0,0,0,0,0,0,0,0,0,0,0,0,0,0,0,0,0,0,0,0,0,0,0,0,0,0
2018-04-28,,,,,,,,,,,,,,,,,,,,,,,,,,,,,,,,,,,,,,,,,0,0,0,0,0,0,0,0,0,0,0,0,0,0,0,0,0,0,0,0,0,0,0,0,0,0,0,0,0,0,0,0,0,0,0,0,0,0,0,0
2018-04-29,,,,,,,,,,,,,,,,,,,,,,,,,,,,,,,,,,,,,,,,,0,0,0,0,0,0,0,0,0,0,0,0,0,0,0,0,0,0,0,0,0,0,0,0,0,0,0,0,0,0,0,0,0,0,0,0,0,0,0,0
2018-04-30,,,,,,,,,,,,,,,,,,,,,,,,,,,,,,,,,,,,,,,,,0,0,0,0,0,0,0,0,0,0,0,0,0,0,0,0,0,0,0,0,0,0,0,0,0,0,0,0,0,0,0,0,0,0,0,0,0,0,0,0
2018-05-01,,,,,,,,,,,,,,,,,,,,,,,,,,,,,,,,,,,,,,,,,0,0,0,0,0,0,0,0,0,0,0,0,0,0,0,0,0,0,0,0,0,0,0,0,0,0,0,0,0,0,0,0,0,0,0,0,0,0,0,0
2018-05-02,,,,,,,,,,,,,,,,,,,,,,,,,,,,,,,,,,,,,,,,,0,0,0,0,0,0,0,0,0,0,0,0,0,0,0,0,0,0,0,0,0,0,0,0,0,0,0,0,0,0,0,0,0,0,0,0,0,0,0,0
2018-05-03,,,,,,,,,,,,,,,,,,,,,,,,,,,,,,,,,,,,,,,,,0,0,0,0,0,0,0,0,0,0,0,0,0,0,0,0,0,0,0,0,0,0,0,0,0,0,0,0,0,0,0,0,0,0,0,0,0,0,0,0
2018-05-04,,,,,,,,,,,,,,,,,,,,,,,,,,,,,,,,,,,,,,,,,0,0,0,0,0,0,0,0,0,0,0,0,0,0,0,0,0,0,0,0,0,0,0,0,0,0,0,0,0,0,0,0,0,0,0,0,0,0,0,0
2018-05-05,,,,,,,,,,,,,,,,,,,,,,,,,,,,,,,,,,,,,,,,,0,0,0,0,0,0,0,0,0,0,0,0,0,0,0,0,0,0,0,0,0,0,0,0,0,0,0,0,0,0,0,0,0,0,0,0,0,0,0,0
2018-05-06,,,,,,,,,,,,,,,,,,,,,,,,,,,,,,,,,,,,,,,,,0,0,0,0,0,0,0,0,0,0,0,0,0,0,0,0,0,0,0,0,0,0,0,0,0,0,0,0,0,0,0,0,0,0,0,0,0,0,0,0
2018-05-07,,,,,,,,,,,,,,,,,,,,,,,,,,,,,,,,,,,,,,,,,0,0,0,0,0,0,0,0,0,0,0,0,0,0,0,0,0,0,0,0,0,0,0,0,0,0,0,0,0,0,0,0,0,0,0,0,0,0,0,0
2018-05-08,,,,,,,,,,,,,,,,,,,,,,,,,,,,,,,,,,,,,,,,,0,0,0,0,0,0,0,0,0,0,0,0,0,0,0,0,0,0,0,0,0,0,0,0,0,0,0,0,0,0,0,0,0,0,0,0,0,0,0,0
2018-05-09,,,,,,,,,,,,,,,,,,,,,,,,,,,,,,,,,,,,,,,,,0,0,0,0,0,0,0,0,0,0,0,0,0,0,0,0,0,0,0,0,0,0,0,0,0,0,0,0,0,0,0,0,0,0,0,0,0,0,0,0
2018-05-10,,,,,,,,,,,,,,,,,,,,,,,,,,,,,,,,,,,,,,,,,0,0,0,0,0,0,0,0,0,0,0,0,0,0,0,0,0,0,0,0,0,0,0,0,0,0,0,0,0,0,0,0,0,0,0,0,0,0,0,0
2018-05-11,,,,,,,,,,,,,,,,,,,,,,,,,,,,,,,,,,,,,,,,,0,0,0,0,0,0,0,0,0,0,0,0,0,0,0,0,0,0,0,0,0,0,0,0,0,0,0,0,0,0,0,0,0,0,0,0,0,0,0,0
2018-05-12,,,,,,,,,,,,,,,,,,,,,,,,,,,,,,,,,,,,,,,,,0,0,0,0,0,0,0,0,0,0,0,0,0,0,0,0,0,0,0,0,0,0,0,0,0,0,0,0,0,0,0,0,0,0,0,0,0,0,0,0
2018-05-13,,,,,,,,,,,,,,,,,,,,,,,,,,,,,,,,,,,,,,,,,0,0,0,0,0,0,0,0,0,0,0,0,0,0,0,0,0,0,0,0,0,0,0,0,0,0,0,0,0,0,0,0,0,0,0,0,0,0,0,0
2018-05-14,,,,,,,,,,,,,,,,,,,,,,,,,,,,,,,,,,,,,,,,,0,0,0,0,0,0,0,0,0,0,0,0,0,0,0,0,0,0,0,0,0,0,0,0,0,0,0,0,0,0,0,0,0,0,0,0,0,0,0,0
2018-05-15,,,,,,,,,,,,,,,,,,,,,,,,,,,,,,,,,,,,,,,,,0,0,0,0,0,0,0,0,0,0,0,0,0,0,0,0,0,0,0,0,0,0,0,0,0,0,0,0,0,0,0,0,0,0,0,0,0,0,0,0
2018-05-16,,,,,,,,,,,,,,,,,,,,,,,,,,,,,,,,,,,,,,,,,0,0,0,0,0,0,0,0,0,0,0,0,0,0,0,0,0,0,0,0,0,0,0,0,0,0,0,0,0,0,0,0,0,0,0,0,0,0,0,0
2018-05-17,,,,,,,,,,,,,,,,,,,,,,,,,,,,,,,,,,,,,,,,,0,0,0,0,0,0,0,0,0,0,0,0,0,0,0,0,0,0,0,0,0,0,0,0,0,0,0,0,0,0,0,0,0,0,0,0,0,0,0,0
2018-05-18,,,,,,,,,,,,,,,,,,,,,,,,,,,,,,,,,,,,,,,,,0,0,0,0,0,0,0,0,0,0,0,0,0,0,0,0,0,0,0,0,0,0,0,0,0,0,0,0,0,0,0,0,0,0,0,0,0,0,0,0
2018-05-19,,,,,,,,,,,,,,,,,,,,,,,,,,,,,,,,,,,,,,,,,0,0,0,0,0,0,0,0,0,0,0,0,0,0,0,0,0,0,0,0,0,0,0,0,0,0,0,0,0,0,0,0,0,0,0,0,0,0,0,0
2018-05-20,,,,,,,,,,,,,,,,,,,,,,,,,,,,,,,,,,,,,,,,,0,0,0,0,0,0,0,0,0,0,0,0,0,0,0,0,0,0,0,0,0,0,0,0,0,0,0,0,0,0,0,0,0,0,0,0,0,0,0,0
2018-05-21,,,,,,,,,,,,,,,,,,,,,,,,,,,,,,,,,,,,,,,,,0,0,0,0,0,0,0,0,0,0,0,0,0,0,0,0,0,0,0,0,0,0,0,0,0,0,0,0,0,0,0,0,0,0,0,0,0,0,0,0
2018-05-22,,,,,,,,,,,,,,,,,,,,,,,,,,,,,,,,,,,,,,,,,0,0,0,0,0,0,0,0,0,0,0,0,0,0,0,0,0,0,0,0,0,0,0,0,0,0,0,0,0,0,0,0,0,0,0,0,0,0,0,0
2018-05-23,,,,,,,,,,,,,,,,,,,,,,,,,,,,,,,,,,,,,,,,,0,0,0,0,0,0,0,0,0,0,0,0,0,0,0,0,0,0,0,0,0,0,0,0,0,0,0,0,0,0,0,0,0,0,0,0,0,0,0,0
2018-05-24,,,,,,,,,,,,,,,,,,,,,,,,,,,,,,,,,,,,,,,,,0,0,0,0,0,0,0,0,0,0,0,0,0,0,0,0,0,0,0,0,0,0,0,0,0,0,0,0,0,0,0,0,0,0,0,0,0,0,0,0
2018-05-25,,,,,,,,,,,,,,,,,,,,,,,,,,,,,,,,,,,,,,,,,0,0,0,0,0,0,0,0,0,0,0,0,0,0,0,0,0,0,0,0,0,0,0,0,0,0,0,0,0,0,0,0,0,0,0,0,0,0,0,0
2018-05-26,,,,,,,,,,,,,,,,,,,,,,,,,,,,,,,,,,,,,,,,,0,0,0,0,0,0,0,0,0,0,0,0,0,0,0,0,0,0,0,0,0,0,0,0,0,0,0,0,0,0,0,0,0,0,0,0,0,0,0,0
2018-05-27,,,,,,,,,,,,,,,,,,,,,,,,,,,,,,,,,,,,,,,,,0,0,0,0,0,0,0,0,0,0,0,0,0,0,0,0,0,0,0,0,0,0,0,0,0,0,0,0,0,0,0,0,0,0,0,0,0,0,0,0
2018-05-28,,,,,,,,,,,,,,,,,,,,,,,,,,,,,,,,,,,,,,,,,0,0,0,0,0,0,0,0,0,0,0,0,0,0,0,0,0,0,0,0,0,0,0,0,0,0,0,0,0,0,0,0,0,0,0,0,0,0,0,0
2018-05-29,,,,,,,,,,,,,,,,,,,,,,,,,,,,,,,,,,,,,,,,,0,0,0,0,0,0,0,0,0,0,0,0,0,0,0,0,0,0,0,0,0,0,0,0,0,0,0,0,0,0,0,0,0,0,0,0,0,0,0,0
2018-05-30,,,,,,,,,,,,,,,,,,,,,,,,,,,,,,,,,,,,,,,,,0,0,0,0,0,0,0,0,0,0,0,0,0,0,0,0,0,0,0,0,0,0,0,0,0,0,0,0,0,0,0,0,0,0,0,0,0,0,0,0
2018-05-31,,,,,,,,,,,,,,,,,,,,,,,,,,,,,,,,,,,,,,,,,0,0,0,0,0,0,0,0,0,0,0,0,0,0,0,0,0,0,0,0,0,0,0,0,0,0,0,0,0,0,0,0,0,0,0,0,0,0,0,0
2018-06-01,,,,,,,,,,,,,,,,,,,,,,,,,,,,,,,,,,,,,,,,,0,0,0,0,0,0,0,0,0,0,0,0,0,0,0,0,0,0,0,0,0,0,0,0,0,0,0,0,0,0,0,0,0,0,0,0,0,0,0,0
2018-06-02,,,,,,,,,,,,,,,,,,,,,,,,,,,,,,,,,,,,,,,,,0,0,0,0,0,0,0,0,0,0,0,0,0,0,0,0,0,0,0,0,0,0,0,0,0,0,0,0,0,0,0,0,0,0,0,0,0,0,0,0
2018-06-03,,,,,,,,,,,,,,,,,,,,,,,,,,,,,,,,,,,,,,,,,0,0,0,0,0,0,0,0,0,0,0,0,0,0,0,0,0,0,0,0,0,0,0,0,0,0,0,0,0,0,0,0,0,0,0,0,0,0,0,0
2018-06-04,,,,,,,,,,,,,,,,,,,,,,,,,,,,,,,,,,,,,,,,,0,0,0,0,0,0,0,0,0,0,0,0,0,0,0,0,0,0,0,0,0,0,0,0,0,0,0,0,0,0,0,0,0,0,0,0,0,0,0,0
2018-06-05,,,,,,,,,,,,,,,,,,,,,,,,,,,,,,,,,,,,,,,,,0,0,0,0,0,0,0,0,0,0,0,0,0,0,0,0,0,0,0,0,0,0,0,0,0,0,0,0,0,0,0,0,0,0,0,0,0,0,0,0
2018-06-06,,,,,,,,,,,,,,,,,,,,,,,,,,,,,,,,,,,,,,,,,0,0,0,0,0,0,0,0,0,0,0,0,0,0,0,0,0,0,0,0,0,0,0,0,0,0,0,0,0,0,0,0,0,0,0,0,0,0,0,0
2018-06-07,,,,,,,,,,,,,,,,,,,,,,,,,,,,,,,,,,,,,,,,,0,0,0,0,0,0,0,0,0,0,0,0,0,0,0,0,0,0,0,0,0,0,0,0,0,0,0,0,0,0,0,0,0,0,0,0,0,0,0,0
2018-06-08,,,,,,,,,,,,,,,,,,,,,,,,,,,,,,,,,,,,,,,,,0,0,0,0,0,0,0,0,0,0,0,0,0,0,0,0,0,0,0,0,0,0,0,0,0,0,0,0,0,0,0,0,0,0,0,0,0,0,0,0
2018-06-09,,,,,,,,,,,,,,,,,,,,,,,,,,,,,,,,,,,,,,,,,0,0,0,0,0,0,0,0,0,0,0,0,0,0,0,0,0,0,0,0,0,0,0,0,0,0,0,0,0,0,0,0,0,0,0,0,0,0,0,0
2018-06-10,,,,,,,,,,,,,,,,,,,,,,,,,,,,,,,,,,,,,,,,,0,0,0,0,0,0,0,0,0,0,0,0,0,0,0,0,0,0,0,0,0,0,0,0,0,0,0,0,0,0,0,0,0,0,0,0,0,0,0,0
2018-06-11,,,,,,,,,,,,,,,,,,,,,,,,,,,,,,,,,,,,,,,,,0,0,0,0,0,0,0,0,0,0,0,0,0,0,0,0,0,0,0,0,0,0,0,0,0,0,0,0,0,0,0,0,0,0,0,0,0,0,0,0
2018-06-12,,,,,,,,,,,,,,,,,,,,,,,,,,,,,,,,,,,,,,,,,0,0,0,0,0,0,0,0,0,0,0,0,0,0,0,0,0,0,0,0,0,0,0,0,0,0,0,0,0,0,0,0,0,0,0,0,0,0,0,0
2018-06-13,,,,,,,,,,,,,,,,,,,,,,,,,,,,,,,,,,,,,,,,,0,0,0,0,0,0,0,0,0,0,0,0,0,0,0,0,0,0,0,0,0,0,0,0,0,0,0,0,0,0,0,0,0,0,0,0,0,0,0,0
2018-06-14,,,,,,,,,,,,,,,,,,,,,,,,,,,,,,,,,,,,,,,,,0,0,0,0,0,0,0,0,0,0,0,0,0,0,0,0,0,0,0,0,0,0,0,0,0,0,0,0,0,0,0,0,0,0,0,0,0,0,0,0
2018-06-15,,,,,,,,,,,,,,,,,,,,,,,,,,,,,,,,,,,,,,,,,0,0,0,0,0,0,0,0,0,0,0,0,0,0,0,0,0,0,0,0,0,0,0,0,0,0,0,0,0,0,0,0,0,0,0,0,0,0,0,0
2018-06-16,,,,,,,,,,,,,,,,,,,,,,,,,,,,,,,,,,,,,,,,,0,0,0,0,0,0,0,0,0,0,0,0,0,0,0,0,0,0,0,0,0,0,0,0,0,0,0,0,0,0,0,0,0,0,0,0,0,0,0,0
2018-06-17,,,,,,,,,,,,,,,,,,,,,,,,,,,,,,,,,,,,,,,,,0,0,0,0,0,0,0,0,0,0,0,0,0,0,0,0,0,0,0,0,0,0,0,0,0,0,0,0,0,0,0,0,0,0,0,0,0,0,0,0
2018-06-18,,,,,,,,,,,,,,,,,,,,,,,,,,,,,,,,,,,,,,,,,0,0,0,0,0,0,0,0,0,0,0,0,0,0,0,0,0,0,0,0,0,0,0,0,0,0,0,0,0,0,0,0,0,0,0,0,0,0,0,0
2018-06-19,,,,,,,,,,,,,,,,,,,,,,,,,,,,,,,,,,,,,,,,,0,0,0,0,0,0,0,0,0,0,0,0,0,0,0,0,0,0,0,0,0,0,0,0,0,0,0,0,0,0,0,0,0,0,0,0,0,0,0,0
2018-06-20,,,,,,,,,,,,,,,,,,,,,,,,,,,,,,,,,,,,,,,,,0,0,0,0,0,0,0,0,0,0,0,0,0,0,0,0,0,0,0,0,0,0,0,0,0,0,0,0,0,0,0,0,0,0,0,0,0,0,0,0
2018-06-21,,,,,,,,,,,,,,,,,,,,,,,,,,,,,,,,,,,,,,,,,0,0,0,0,0,0,0,0,0,0,0,0,0,0,0,0,0,0,0,0,0,0,0,0,0,0,0,0,0,0,0,0,0,0,0,0,0,0,0,0
2018-06-22,,,,,,,,,,,,,,,,,,,,,,,,,,,,,,,,,,,,,,,,,0,0,0,0,0,0,0,0,0,0,0,0,0,0,0,0,0,0,0,0,0,0,0,0,0,0,0,0,0,0,0,0,0,0,0,0,0,0,0,0
2018-06-23,,,,,,,,,,,,,,,,,,,,,,,,,,,,,,,,,,,,,,,,,0,0,0,0,0,0,0,0,0,0,0,0,0,0,0,0,0,0,0,0,0,0,0,0,0,0,0,0,0,0,0,0,0,0,0,0,0,0,0,0
2018-06-24,,,,,,,,,,,,,,,,,,,,,,,,,,,,,,,,,,,,,,,,,0,0,0,0,0,0,0,0,0,0,0,0,0,0,0,0,0,0,0,0,0,0,0,0,0,0,0,0,0,0,0,0,0,0,0,0,0,0,0,0
2018-06-25,,,,,,,,,,,,,,,,,,,,,,,,,,,,,,,,,,,,,,,,,0,0,0,0,0,0,0,0,0,0,0,0,0,0,0,0,0,0,0,0,0,0,0,0,0,0,0,0,0,0,0,0,0,0,0,0,0,0,0,0
2018-06-26,,,,,,,,,,,,,,,,,,,,,,,,,,,,,,,,,,,,,,,,,0,0,0,0,0,0,0,0,0,0,0,0,0,0,0,0,0,0,0,0,0,0,0,0,0,0,0,0,0,0,0,0,0,0,0,0,0,0,0,0
2018-06-27,,,,,,,,,,,,,,,,,,,,,,,,,,,,,,,,,,,,,,,,,0,0,0,0,0,0,0,0,0,0,0,0,0,0,0,0,0,0,0,0,0,0,0,0,0,0,0,0,0,0,0,0,0,0,0,0,0,0,0,0
2018-06-28,,,,,,,,,,,,,,,,,,,,,,,,,,,,,,,,,,,,,,,,,0,0,0,0,0,0,0,0,0,0,0,0,0,0,0,0,0,0,0,0,0,0,0,0,0,0,0,0,0,0,0,0,0,0,0,0,0,0,0,0
2018-06-29,,,,,,,,,,,,,,,,,,,,,,,,,,,,,,,,,,,,,,,,,0,0,0,0,0,0,0,0,0,0,0,0,0,0,0,0,0,0,0,0,0,0,0,0,0,0,0,0,0,0,0,0,0,0,0,0,0,0,0,0
2018-06-30,,,,,,,,,,,,,,,,,,,,,,,,,,,,,,,,,,,,,,,,,0,0,0,0,0,0,0,0,0,0,0,0,0,0,0,0,0,0,0,0,0,0,0,0,0,0,0,0,0,0,0,0,0,0,0,0,0,0,0,0
2018-07-01,,,,,,,,,,,,,,,,,,,,,,,,,,,,,,,,,,,,,,,,,0,0,0,0,0,0,0,0,0,0,0,0,0,0,0,0,0,0,0,0,0,0,0,0,0,0,0,0,0,0,0,0,0,0,0,0,0,0,0,0
2018-07-02,,,,,,,,,,,,,,,,,,,,,,,,,,,,,,,,,,,,,,,,,0,0,0,0,0,0,0,0,0,0,0,0,0,0,0,0,0,0,0,0,0,0,0,0,0,0,0,0,0,0,0,0,0,0,0,0,0,0,0,0
2018-07-03,,,,,,,,,,,,,,,,,,,,,,,,,,,,,,,,,,,,,,,,,0,0,0,0,0,0,0,0,0,0,0,0,0,0,0,0,0,0,0,0,0,0,0,0,0,0,0,0,0,0,0,0,0,0,0,0,0,0,0,0
2018-07-04,,,,,,,,,,,,,,,,,,,,,,,,,,,,,,,,,,,,,,,,,0,0,0,0,0,0,0,0,0,0,0,0,0,0,0,0,0,0,0,0,0,0,0,0,0,0,0,0,0,0,0,0,0,0,0,0,0,0,0,0
2018-07-05,,,,,,,,,,,,,,,,,,,,,,,,,,,,,,,,,,,,,,,,,0,0,0,0,0,0,0,0,0,0,0,0,0,0,0,0,0,0,0,0,0,0,0,0,0,0,0,0,0,0,0,0,0,0,0,0,0,0,0,0
2018-07-06,,,,,,,,,,,,,,,,,,,,,,,,,,,,,,,,,,,,,,,,,0,0,0,0,0,0,0,0,0,0,0,0,0,0,0,0,0,0,0,0,0,0,0,0,0,0,0,0,0,0,0,0,0,0,0,0,0,0,0,0
2018-07-07,,,,,,,,,,,,,,,,,,,,,,,,,,,,,,,,,,,,,,,,,0,0,0,0,0,0,0,0,0,0,0,0,0,0,0,0,0,0,0,0,0,0,0,0,0,0,0,0,0,0,0,0,0,0,0,0,0,0,0,0
2018-07-08,,,,,,,,,,,,,,,,,,,,,,,,,,,,,,,,,,,,,,,,,0,0,0,0,0,0,0,0,0,0,0,0,0,0,0,0,0,0,0,0,0,0,0,0,0,0,0,0,0,0,0,0,0,0,0,0,0,0,0,0
2018-07-09,,,,,,,,,,,,,,,,,,,,,,,,,,,,,,,,,,,,,,,,,0,0,0,0,0,0,0,0,0,0,0,0,0,0,0,0,0,0,0,0,0,0,0,0,0,0,0,0,0,0,0,0,0,0,0,0,0,0,0,0
2018-07-10,,,,,,,,,,,,,,,,,,,,,,,,,,,,,,,,,,,,,,,,,0,0,0,0,0,0,0,0,0,0,0,0,0,0,0,0,0,0,0,0,0,0,0,0,0,0,0,0,0,0,0,0,0,0,0,0,0,0,0,0
2018-07-11,,,,,,,,,,,,,,,,,,,,,,,,,,,,,,,,,,,,,,,,,0,0,0,0,0,0,0,0,0,0,0,0,0,0,0,0,0,0,0,0,0,0,0,0,0,0,0,0,0,0,0,0,0,0,0,0,0,0,0,0
2018-07-12,,,,,,,,,,,,,,,,,,,,,,,,,,,,,,,,,,,,,,,,,0,0,0,0,0,0,0,0,0,0,0,0,0,0,0,0,0,0,0,0,0,0,0,0,0,0,0,0,0,0,0,0,0,0,0,0,0,0,0,0
2018-07-13,,,,,,,,,,,,,,,,,,,,,,,,,,,,,,,,,,,,,,,,,0,0,0,0,0,0,0,0,0,0,0,0,0,0,0,0,0,0,0,0,0,0,0,0,0,0,0,0,0,0,0,0,0,0,0,0,0,0,0,0
2018-07-14,,,,,,,,,,,,,,,,,,,,,,,,,,,,,,,,,,,,,,,,,0,0,0,0,0,0,0,0,0,0,0,0,0,0,0,0,0,0,0,0,0,0,0,0,0,0,0,0,0,0,0,0,0,0,0,0,0,0,0,0
2018-07-15,,,,,,,,,,,,,,,,,,,,,,,,,,,,,,,,,,,,,,,,,0,0,0,0,0,0,0,0,0,0,0,0,0,0,0,0,0,0,0,0,0,0,0,0,0,0,0,0,0,0,0,0,0,0,0,0,0,0,0,0
2018-07-16,,,,,,,,,,,,,,,,,,,,,,,,,,,,,,,,,,,,,,,,,0,0,0,0,0,0,0,0,0,0,0,0,0,0,0,0,0,0,0,0,0,0,0,0,0,0,0,0,0,0,0,0,0,0,0,0,0,0,0,0
2018-07-17,,,,,,,,,,,,,,,,,,,,,,,,,,,,,,,,,,,,,,,,,0,0,0,0,0,0,0,0,0,0,0,0,0,0,0,0,0,0,0,0,0,0,0,0,0,0,0,0,0,0,0,0,0,0,0,0,0,0,0,0
2018-07-18,,,,,,,,,,,,,,,,,,,,,,,,,,,,,,,,,,,,,,,,,0,0,0,0,0,0,0,0,0,0,0,0,0,0,0,0,0,0,0,0,0,0,0,0,0,0,0,0,0,0,0,0,0,0,0,0,0,0,0,0
2018-07-19,,,,,,,,,,,,,,,,,,,,,,,,,,,,,,,,,,,,,,,,,0,0,0,0,0,0,0,0,0,0,0,0,0,0,0,0,0,0,0,0,0,0,0,0,0,0,0,0,0,0,0,0,0,0,0,0,0,0,0,0
2018-07-20,,,,,,,,,,,,,,,,,,,,,,,,,,,,,,,,,,,,,,,,,0,0,0,0,0,0,0,0,0,0,0,0,0,0,0,0,0,0,0,0,0,0,0,0,0,0,0,0,0,0,0,0,0,0,0,0,0,0,0,0
2018-07-21,,,,,,,,,,,,,,,,,,,,,,,,,,,,,,,,,,,,,,,,,0,0,0,0,0,0,0,0,0,0,0,0,0,0,0,0,0,0,0,0,0,0,0,0,0,0,0,0,0,0,0,0,0,0,0,0,0,0,0,0
2018-07-22,,,,,,,,,,,,,,,,,,,,,,,,,,,,,,,,,,,,,,,,,0,0,0,0,0,0,0,0,0,0,0,0,0,0,0,0,0,0,0,0,0,0,0,0,0,0,0,0,0,0,0,0,0,0,0,0,0,0,0,0
2018-07-23,,,,,,,,,,,,,,,,,,,,,,,,,,,,,,,,,,,,,,,,,0,0,0,0,0,0,0,0,0,0,0,0,0,0,0,0,0,0,0,0,0,0,0,0,0,0,0,0,0,0,0,0,0,0,0,0,0,0,0,0
2018-07-24,,,,,,,,,,,,,,,,,,,,,,,,,,,,,,,,,,,,,,,,,0,0,0,0,0,0,0,0,0,0,0,0,0,0,0,0,0,0,0,0,0,0,0,0,0,0,0,0,0,0,0,0,0,0,0,0,0,0,0,0
2018-07-25,,,,,,,,,,,,,,,,,,,,,,,,,,,,,,,,,,,,,,,,,0,0,0,0,0,0,0,0,0,0,0,0,0,0,0,0,0,0,0,0,0,0,0,0,0,0,0,0,0,0,0,0,0,0,0,0,0,0,0,0
2018-07-26,,,,,,,,,,,,,,,,,,,,,,,,,,,,,,,,,,,,,,,,,0,0,0,0,0,0,0,0,0,0,0,0,0,0,0,0,0,0,0,0,0,0,0,0,0,0,0,0,0,0,0,0,0,0,0,0,0,0,0,0
2018-07-27,,,,,,,,,,,,,,,,,,,,,,,,,,,,,,,,,,,,,,,,,0,0,0,0,0,0,0,0,0,0,0,0,0,0,0,0,0,0,0,0,0,0,0,0,0,0,0,0,0,0,0,0,0,0,0,0,0,0,0,0
2018-07-28,,,,,,,,,,,,,,,,,,,,,,,,,,,,,,,,,,,,,,,,,0,0,0,0,0,0,0,0,0,0,0,0,0,0,0,0,0,0,0,0,0,0,0,0,0,0,0,0,0,0,0,0,0,0,0,0,0,0,0,0
2018-07-29,,,,,,,,,,,,,,,,,,,,,,,,,,,,,,,,,,,,,,,,,0,0,0,0,0,0,0,0,0,0,0,0,0,0,0,0,0,0,0,0,0,0,0,0,0,0,0,0,0,0,0,0,0,0,0,0,0,0,0,0
2018-07-30,,,,,,,,,,,,,,,,,,,,,,,,,,,,,,,,,,,,,,,,,0,0,0,0,0,0,0,0,0,0,0,0,0,0,0,0,0,0,0,0,0,0,0,0,0,0,0,0,0,0,0,0,0,0,0,0,0,0,0,0
2018-07-31,,,,,,,,,,,,,,,,,,,,,,,,,,,,,,,,,,,,,,,,,0,0,0,0,0,0,0,0,0,0,0,0,0,0,0,0,0,0,0,0,0,0,0,0,0,0,0,0,0,0,0,0,0,0,0,0,0,0,0,0
2018-08-01,,,,,,,,,,,,,,,,,,,,,,,,,,,,,,,,,,,,,,,,,0,0,0,0,0,0,0,0,0,0,0,0,0,0,0,0,0,0,0,0,0,0,0,0,0,0,0,0,0,0,0,0,0,0,0,0,0,0,0,0
2018-08-02,,,,,,,,,,,,,,,,,,,,,,,,,,,,,,,,,,,,,,,,,0,0,0,0,0,0,0,0,0,0,0,0,0,0,0,0,0,0,0,0,0,0,0,0,0,0,0,0,0,0,0,0,0,0,0,0,0,0,0,0
2018-08-03,,,,,,,,,,,,,,,,,,,,,,,,,,,,,,,,,,,,,,,,,0,0,0,0,0,0,0,0,0,0,0,0,0,0,0,0,0,0,0,0,0,0,0,0,0,0,0,0,0,0,0,0,0,0,0,0,0,0,0,0
2018-08-04,,,,,,,,,,,,,,,,,,,,,,,,,,,,,,,,,,,,,,,,,0,0,0,0,0,0,0,0,0,0,0,0,0,0,0,0,0,0,0,0,0,0,0,0,0,0,0,0,0,0,0,0,0,0,0,0,0,0,0,0
2018-08-05,,,,,,,,,,,,,,,,,,,,,,,,,,,,,,,,,,,,,,,,,0,0,0,0,0,0,0,0,0,0,0,0,0,0,0,0,0,0,0,0,0,0,0,0,0,0,0,0,0,0,0,0,0,0,0,0,0,0,0,0
2018-08-06,,,,,,,,,,,,,,,,,,,,,,,,,,,,,,,,,,,,,,,,,0,0,0,0,0,0,0,0,0,0,0,0,0,0,0,0,0,0,0,0,0,0,0,0,0,0,0,0,0,0,0,0,0,0,0,0,0,0,0,0
2018-08-07,,,,,,,,,,,,,,,,,,,,,,,,,,,,,,,,,,,,,,,,,0,0,0,0,0,0,0,0,0,0,0,0,0,0,0,0,0,0,0,0,0,0,0,0,0,0,0,0,0,0,0,0,0,0,0,0,0,0,0,0
2018-08-08,,,,,,,,,,,,,,,,,,,,,,,,,,,,,,,,,,,,,,,,,0,0,0,0,0,0,0,0,0,0,0,0,0,0,0,0,0,0,0,0,0,0,0,0,0,0,0,0,0,0,0,0,0,0,0,0,0,0,0,0
2018-08-09,,,,,,,,,,,,,,,,,,,,,,,,,,,,,,,,,,,,,,,,,0,0,0,0,0,0,0,0,0,0,0,0,0,0,0,0,0,0,0,0,0,0,0,0,0,0,0,0,0,0,0,0,0,0,0,0,0,0,0,0
2018-08-10,,,,,,,,,,,,,,,,,,,,,,,,,,,,,,,,,,,,,,,,,0,0,0,0,0,0,0,0,0,0,0,0,0,0,0,0,0,0,0,0,0,0,0,0,0,0,0,0,0,0,0,0,0,0,0,0,0,0,0,0
2018-08-11,,,,,,,,,,,,,,,,,,,,,,,,,,,,,,,,,,,,,,,,,0,0,0,0,0,0,0,0,0,0,0,0,0,0,0,0,0,0,0,0,0,0,0,0,0,0,0,0,0,0,0,0,0,0,0,0,0,0,0,0
2018-08-12,,,,,,,,,,,,,,,,,,,,,,,,,,,,,,,,,,,,,,,,,0,0,0,0,0,0,0,0,0,0,0,0,0,0,0,0,0,0,0,0,0,0,0,0,0,0,0,0,0,0,0,0,0,0,0,0,0,0,0,0
2018-08-13,,,,,,,,,,,,,,,,,,,,,,,,,,,,,,,,,,,,,,,,,0,0,0,0,0,0,0,0,0,0,0,0,0,0,0,0,0,0,0,0,0,0,0,0,0,0,0,0,0,0,0,0,0,0,0,0,0,0,0,0
2018-08-14,,,,,,,,,,,,,,,,,,,,,,,,,,,,,,,,,,,,,,,,,0,0,0,0,0,0,0,0,0,0,0,0,0,0,0,0,0,0,0,0,0,0,0,0,0,0,0,0,0,0,0,0,0,0,0,0,0,0,0,0
2018-08-15,,,,,,,,,,,,,,,,,,,,,,,,,,,,,,,,,,,,,,,,,0,0,0,0,0,0,0,0,0,0,0,0,0,0,0,0,0,0,0,0,0,0,0,0,0,0,0,0,0,0,0,0,0,0,0,0,0,0,0,0
2018-08-16,,,,,,,,,,,,,,,,,,,,,,,,,,,,,,,,,,,,,,,,,0,0,0,0,0,0,0,0,0,0,0,0,0,0,0,0,0,0,0,0,0,0,0,0,0,0,0,0,0,0,0,0,0,0,0,0,0,0,0,0
2018-08-17,,,,,,,,,,,,,,,,,,,,,,,,,,,,,,,,,,,,,,,,,0,0,0,0,0,0,0,0,0,0,0,0,0,0,0,0,0,0,0,0,0,0,0,0,0,0,0,0,0,0,0,0,0,0,0,0,0,0,0,0
2018-08-18,,,,,,,,,,,,,,,,,,,,,,,,,,,,,,,,,,,,,,,,,0,0,0,0,0,0,0,0,0,0,0,0,0,0,0,0,0,0,0,0,0,0,0,0,0,0,0,0,0,0,0,0,0,0,0,0,0,0,0,0
2018-08-19,,,,,,,,,,,,,,,,,,,,,,,,,,,,,,,,,,,,,,,,,0,0,0,0,0,0,0,0,0,0,0,0,0,0,0,0,0,0,0,0,0,0,0,0,0,0,0,0,0,0,0,0,0,0,0,0,0,0,0,0
2018-08-20,,,,,,,,,,,,,,,,,,,,,,,,,,,,,,,,,,,,,,,,,0,0,0,0,0,0,0,0,0,0,0,0,0,0,0,0,0,0,0,0,0,0,0,0,0,0,0,0,0,0,0,0,0,0,0,0,0,0,0,0
2018-08-21,,,,,,,,,,,,,,,,,,,,,,,,,,,,,,,,,,,,,,,,,0,0,0,0,0,0,0,0,0,0,0,0,0,0,0,0,0,0,0,0,0,0,0,0,0,0,0,0,0,0,0,0,0,0,0,0,0,0,0,0
2018-08-22,,,,,,,,,,,,,,,,,,,,,,,,,,,,,,,,,,,,,,,,,0,0,0,0,0,0,0,0,0,0,0,0,0,0,0,0,0,0,0,0,0,0,0,0,0,0,0,0,0,0,0,0,0,0,0,0,0,0,0,0
2018-08-23,,,,,,,,,,,,,,,,,,,,,,,,,,,,,,,,,,,,,,,,,0,0,0,0,0,0,0,0,0,0,0,0,0,0,0,0,0,0,0,0,0,0,0,0,0,0,0,0,0,0,0,0,0,0,0,0,0,0,0,0
2018-08-24,,,,,,,,,,,,,,,,,,,,,,,,,,,,,,,,,,,,,,,,,0,0,0,0,0,0,0,0,0,0,0,0,0,0,0,0,0,0,0,0,0,0,0,0,0,0,0,0,0,0,0,0,0,0,0,0,0,0,0,0
2018-08-25,,,,,,,,,,,,,,,,,,,,,,,,,,,,,,,,,,,,,,,,,0,0,0,0,0,0,0,0,0,0,0,0,0,0,0,0,0,0,0,0,0,0,0,0,0,0,0,0,0,0,0,0,0,0,0,0,0,0,0,0
2018-08-26,,,,,,,,,,,,,,,,,,,,,,,,,,,,,,,,,,,,,,,,,0,0,0,0,0,0,0,0,0,0,0,0,0,0,0,0,0,0,0,0,0,0,0,0,0,0,0,0,0,0,0,0,0,0,0,0,0,0,0,0
2018-08-27,,,,,,,,,,,,,,,,,,,,,,,,,,,,,,,,,,,,,,,,,0,0,0,0,0,0,0,0,0,0,0,0,0,0,0,0,0,0,0,0,0,0,0,0,0,0,0,0,0,0,0,0,0,0,0,0,0,0,0,0
2018-08-28,,,,,,,,,,,,,,,,,,,,,,,,,,,,,,,,,,,,,,,,,0,0,0,0,0,0,0,0,0,0,0,0,0,0,0,0,0,0,0,0,0,0,0,0,0,0,0,0,0,0,0,0,0,0,0,0,0,0,0,0
2018-08-29,,,,,,,,,,,,,,,,,,,,,,,,,,,,,,,,,,,,,,,,,0,0,0,0,0,0,0,0,0,0,0,0,0,0,0,0,0,0,0,0,0,0,0,0,0,0,0,0,0,0,0,0,0,0,0,0,0,0,0,0
2018-08-30,,,,,,,,,,,,,,,,,,,,,,,,,,,,,,,,,,,,,,,,,0,0,0,0,0,0,0,0,0,0,0,0,0,0,0,0,0,0,0,0,0,0,0,0,0,0,0,0,0,0,0,0,0,0,0,0,0,0,0,0
2018-08-31,,,,,,,,,,,,,,,,,,,,,,,,,,,,,,,,,,,,,,,,,0,0,0,0,0,0,0,0,0,0,0,0,0,0,0,0,0,0,0,0,0,0,0,0,0,0,0,0,0,0,0,0,0,0,0,0,0,0,0,0
2018-09-01,,,,,,,,,,,,,,,,,,,,,,,,,,,,,,,,,,,,,,,,,0,0,0,0,0,0,0,0,0,0,0,0,0,0,0,0,0,0,0,0,0,0,0,0,0,0,0,0,0,0,0,0,0,0,0,0,0,0,0,0
2018-09-02,,,,,,,,,,,,,,,,,,,,,,,,,,,,,,,,,,,,,,,,,0,0,0,0,0,0,0,0,0,0,0,0,0,0,0,0,0,0,0,0,0,0,0,0,0,0,0,0,0,0,0,0,0,0,0,0,0,0,0,0
2018-09-03,,,,,,,,,,,,,,,,,,,,,,,,,,,,,,,,,,,,,,,,,0,0,0,0,0,0,0,0,0,0,0,0,0,0,0,0,0,0,0,0,0,0,0,0,0,0,0,0,0,0,0,0,0,0,0,0,0,0,0,0
2018-09-04,,,,,,,,,,,,,,,,,,,,,,,,,,,,,,,,,,,,,,,,,0,0,0,0,0,0,0,0,0,0,0,0,0,0,0,0,0,0,0,0,0,0,0,0,0,0,0,0,0,0,0,0,0,0,0,0,0,0,0,0
2018-09-05,,,,,,,,,,,,,,,,,,,,,,,,,,,,,,,,,,,,,,,,,0,0,0,0,0,0,0,0,0,0,0,0,0,0,0,0,0,0,0,0,0,0,0,0,0,0,0,0,0,0,0,0,0,0,0,0,0,0,0,0
2018-09-06,,,,,,,,,,,,,,,,,,,,,,,,,,,,,,,,,,,,,,,,,0,0,0,0,0,0,0,0,0,0,0,0,0,0,0,0,0,0,0,0,0,0,0,0,0,0,0,0,0,0,0,0,0,0,0,0,0,0,0,0
2018-09-07,,,,,,,,,,,,,,,,,,,,,,,,,,,,,,,,,,,,,,,,,0,0,0,0,0,0,0,0,0,0,0,0,0,0,0,0,0,0,0,0,0,0,0,0,0,0,0,0,0,0,0,0,0,0,0,0,0,0,0,0
2018-09-08,,,,,,,,,,,,,,,,,,,,,,,,,,,,,,,,,,,,,,,,,0,0,0,0,0,0,0,0,0,0,0,0,0,0,0,0,0,0,0,0,0,0,0,0,0,0,0,0,0,0,0,0,0,0,0,0,0,0,0,0
2018-09-09,,,,,,,,,,,,,,,,,,,,,,,,,,,,,,,,,,,,,,,,,0,0,0,0,0,0,0,0,0,0,0,0,0,0,0,0,0,0,0,0,0,0,0,0,0,0,0,0,0,0,0,0,0,0,0,0,0,0,0,0
2018-09-10,,,,,,,,,,,,,,,,,,,,,,,,,,,,,,,,,,,,,,,,,0,0,0,0,0,0,0,0,0,0,0,0,0,0,0,0,0,0,0,0,0,0,0,0,0,0,0,0,0,0,0,0,0,0,0,0,0,0,0,0
2018-09-11,,,,,,,,,,,,,,,,,,,,,,,,,,,,,,,,,,,,,,,,,0,0,0,0,0,0,0,0,0,0,0,0,0,0,0,0,0,0,0,0,0,0,0,0,0,0,0,0,0,0,0,0,0,0,0,0,0,0,0,0
2018-09-12,,,,,,,,,,,,,,,,,,,,,,,,,,,,,,,,,,,,,,,,,0,0,0,0,0,0,0,0,0,0,0,0,0,0,0,0,0,0,0,0,0,0,0,0,0,0,0,0,0,0,0,0,0,0,0,0,0,0,0,0
2018-09-13,,,,,,,,,,,,,,,,,,,,,,,,,,,,,,,,,,,,,,,,,0,0,0,0,0,0,0,0,0,0,0,0,0,0,0,0,0,0,0,0,0,0,0,0,0,0,0,0,0,0,0,0,0,0,0,0,0,0,0,0
2018-09-14,,,,,,,,,,,,,,,,,,,,,,,,,,,,,,,,,,,,,,,,,0,0,0,0,0,0,0,0,0,0,0,0,0,0,0,0,0,0,0,0,0,0,0,0,0,0,0,0,0,0,0,0,0,0,0,0,0,0,0,0
2018-09-15,,,,,,,,,,,,,,,,,,,,,,,,,,,,,,,,,,,,,,,,,0,0,0,0,0,0,0,0,0,0,0,0,0,0,0,0,0,0,0,0,0,0,0,0,0,0,0,0,0,0,0,0,0,0,0,0,0,0,0,0
2018-09-16,,,,,,,,,,,,,,,,,,,,,,,,,,,,,,,,,,,,,,,,,0,0,0,0,0,0,0,0,0,0,0,0,0,0,0,0,0,0,0,0,0,0,0,0,0,0,0,0,0,0,0,0,0,0,0,0,0,0,0,0
2018-09-17,,,,,,,,,,,,,,,,,,,,,,,,,,,,,,,,,,,,,,,,,0,0,0,0,0,0,0,0,0,0,0,0,0,0,0,0,0,0,0,0,0,0,0,0,0,0,0,0,0,0,0,0,0,0,0,0,0,0,0,0
2018-09-18,,,,,,,,,,,,,,,,,,,,,,,,,,,,,,,,,,,,,,,,,0,0,0,0,0,0,0,0,0,0,0,0,0,0,0,0,0,0,0,0,0,0,0,0,0,0,0,0,0,0,0,0,0,0,0,0,0,0,0,0
2018-09-19,,,,,,,,,,,,,,,,,,,,,,,,,,,,,,,,,,,,,,,,,0,0,0,0,0,0,0,0,0,0,0,0,0,0,0,0,0,0,0,0,0,0,0,0,0,0,0,0,0,0,0,0,0,0,0,0,0,0,0,0
2018-09-20,,,,,,,,,,,,,,,,,,,,,,,,,,,,,,,,,,,,,,,,,0,0,0,0,0,0,0,0,0,0,0,0,0,0,0,0,0,0,0,0,0,0,0,0,0,0,0,0,0,0,0,0,0,0,0,0,0,0,0,0
2018-09-21,,,,,,,,,,,,,,,,,,,,,,,,,,,,,,,,,,,,,,,,,0,0,0,0,0,0,0,0,0,0,0,0,0,0,0,0,0,0,0,0,0,0,0,0,0,0,0,0,0,0,0,0,0,0,0,0,0,0,0,0
2018-09-22,,,,,,,,,,,,,,,,,,,,,,,,,,,,,,,,,,,,,,,,,0,0,0,0,0,0,0,0,0,0,0,0,0,0,0,0,0,0,0,0,0,0,0,0,0,0,0,0,0,0,0,0,0,0,0,0,0,0,0,0
2018-09-23,,,,,,,,,,,,,,,,,,,,,,,,,,,,,,,,,,,,,,,,,0,0,0,0,0,0,0,0,0,0,0,0,0,0,0,0,0,0,0,0,0,0,0,0,0,0,0,0,0,0,0,0,0,0,0,0,0,0,0,0
2018-09-24,,,,,,,,,,,,,,,,,,,,,,,,,,,,,,,,,,,,,,,,,0,0,0,0,0,0,0,0,0,0,0,0,0,0,0,0,0,0,0,0,0,0,0,0,0,0,0,0,0,0,0,0,0,0,0,0,0,0,0,0
2018-09-25,,,,,,,,,,,,,,,,,,,,,,,,,,,,,,,,,,,,,,,,,0,0,0,0,0,0,0,0,0,0,0,0,0,0,0,0,0,0,0,0,0,0,0,0,0,0,0,0,0,0,0,0,0,0,0,0,0,0,0,0
2018-09-26,,,,,,,,,,,,,,,,,,,,,,,,,,,,,,,,,,,,,,,,,0,0,0,0,0,0,0,0,0,0,0,0,0,0,0,0,0,0,0,0,0,0,0,0,0,0,0,0,0,0,0,0,0,0,0,0,0,0,0,0
2018-09-27,,,,,,,,,,,,,,,,,,,,,,,,,,,,,,,,,,,,,,,,,0,0,0,0,0,0,0,0,0,0,0,0,0,0,0,0,0,0,0,0,0,0,0,0,0,0,0,0,0,0,0,0,0,0,0,0,0,0,0,0
2018-09-28,,,,,,,,,,,,,,,,,,,,,,,,,,,,,,,,,,,,,,,,,0,0,0,0,0,0,0,0,0,0,0,0,0,0,0,0,0,0,0,0,0,0,0,0,0,0,0,0,0,0,0,0,0,0,0,0,0,0,0,0
2018-09-29,,,,,,,,,,,,,,,,,,,,,,,,,,,,,,,,,,,,,,,,,0,0,0,0,0,0,0,0,0,0,0,0,0,0,0,0,0,0,0,0,0,0,0,0,0,0,0,0,0,0,0,0,0,0,0,0,0,0,0,0
2018-09-30,,,,,,,,,,,,,,,,,,,,,,,,,,,,,,,,,,,,,,,,,0,0,0,0,0,0,0,0,0,0,0,0,0,0,0,0,0,0,0,0,0,0,0,0,0,0,0,0,0,0,0,0,0,0,0,0,0,0,0,0
2018-10-01,,,,,,,,,,,,,,,,,,,,,,,,,,,,,,,,,,,,,,,,,0,0,0,0,0,0,0,0,0,0,0,0,0,0,0,0,0,0,0,0,0,0,0,0,0,0,0,0,0,0,0,0,0,0,0,0,0,0,0,0
2018-10-02,,,,,,,,,,,,,,,,,,,,,,,,,,,,,,,,,,,,,,,,,0,0,0,0,0,0,0,0,0,0,0,0,0,0,0,0,0,0,0,0,0,0,0,0,0,0,0,0,0,0,0,0,0,0,0,0,0,0,0,0
2018-10-03,,,,,,,,,,,,,,,,,,,,,,,,,,,,,,,,,,,,,,,,,0,0,0,0,0,0,0,0,0,0,0,0,0,0,0,0,0,0,0,0,0,0,0,0,0,0,0,0,0,0,0,0,0,0,0,0,0,0,0,0
2018-10-04,,,,,,,,,,,,,,,,,,,,,,,,,,,,,,,,,,,,,,,,,0,0,0,0,0,0,0,0,0,0,0,0,0,0,0,0,0,0,0,0,0,0,0,0,0,0,0,0,0,0,0,0,0,0,0,0,0,0,0,0
2018-10-05,,,,,,,,,,,,,,,,,,,,,,,,,,,,,,,,,,,,,,,,,0,0,0,0,0,0,0,0,0,0,0,0,0,0,0,0,0,0,0,0,0,0,0,0,0,0,0,0,0,0,0,0,0,0,0,0,0,0,0,0
2018-10-06,,,,,,,,,,,,,,,,,,,,,,,,,,,,,,,,,,,,,,,,,0,0,0,0,0,0,0,0,0,0,0,0,0,0,0,0,0,0,0,0,0,0,0,0,0,0,0,0,0,0,0,0,0,0,0,0,0,0,0,0
2018-10-07,,,,,,,,,,,,,,,,,,,,,,,,,,,,,,,,,,,,,,,,,0,0,0,0,0,0,0,0,0,0,0,0,0,0,0,0,0,0,0,0,0,0,0,0,0,0,0,0,0,0,0,0,0,0,0,0,0,0,0,0
2018-10-08,,,,,,,,,,,,,,,,,,,,,,,,,,,,,,,,,,,,,,,,,0,0,0,0,0,0,0,0,0,0,0,0,0,0,0,0,0,0,0,0,0,0,0,0,0,0,0,0,0,0,0,0,0,0,0,0,0,0,0,0
2018-10-09,,,,,,,,,,,,,,,,,,,,,,,,,,,,,,,,,,,,,,,,,0,0,0,0,0,0,0,0,0,0,0,0,0,0,0,0,0,0,0,0,0,0,0,0,0,0,0,0,0,0,0,0,0,0,0,0,0,0,0,0
2018-10-10,,,,,,,,,,,,,,,,,,,,,,,,,,,,,,,,,,,,,,,,,0,0,0,0,0,0,0,0,0,0,0,0,0,0,0,0,0,0,0,0,0,0,0,0,0,0,0,0,0,0,0,0,0,0,0,0,0,0,0,0
2018-10-11,,,,,,,,,,,,,,,,,,,,,,,,,,,,,,,,,,,,,,,,,0,0,0,0,0,0,0,0,0,0,0,0,0,0,0,0,0,0,0,0,0,0,0,0,0,0,0,0,0,0,0,0,0,0,0,0,0,0,0,0
2018-10-12,,,,,,,,,,,,,,,,,,,,,,,,,,,,,,,,,,,,,,,,,0,0,0,0,0,0,0,0,0,0,0,0,0,0,0,0,0,0,0,0,0,0,0,0,0,0,0,0,0,0,0,0,0,0,0,0,0,0,0,0
2018-10-13,,,,,,,,,,,,,,,,,,,,,,,,,,,,,,,,,,,,,,,,,0,0,0,0,0,0,0,0,0,0,0,0,0,0,0,0,0,0,0,0,0,0,0,0,0,0,0,0,0,0,0,0,0,0,0,0,0,0,0,0
2018-10-14,,,,,,,,,,,,,,,,,,,,,,,,,,,,,,,,,,,,,,,,,0,0,0,0,0,0,0,0,0,0,0,0,0,0,0,0,0,0,0,0,0,0,0,0,0,0,0,0,0,0,0,0,0,0,0,0,0,0,0,0
2018-10-15,,,,,,,,,,,,,,,,,,,,,,,,,,,,,,,,,,,,,,,,,0,0,0,0,0,0,0,0,0,0,0,0,0,0,0,0,0,0,0,0,0,0,0,0,0,0,0,0,0,0,0,0,0,0,0,0,0,0,0,0
2018-10-16,,,,,,,,,,,,,,,,,,,,,,,,,,,,,,,,,,,,,,,,,0,0,0,0,0,0,0,0,0,0,0,0,0,0,0,0,0,0,0,0,0,0,0,0,0,0,0,0,0,0,0,0,0,0,0,0,0,0,0,0
2018-10-17,,,,,,,,,,,,,,,,,,,,,,,,,,,,,,,,,,,,,,,,,0,0,0,0,0,0,0,0,0,0,0,0,0,0,0,0,0,0,0,0,0,0,0,0,0,0,0,0,0,0,0,0,0,0,0,0,0,0,0,0
2018-10-18,,,,,,,,,,,,,,,,,,,,,,,,,,,,,,,,,,,,,,,,,0,0,0,0,0,0,0,0,0,0,0,0,0,0,0,0,0,0,0,0,0,0,0,0,0,0,0,0,0,0,0,0,0,0,0,0,0,0,0,0
2018-10-19,,,,,,,,,,,,,,,,,,,,,,,,,,,,,,,,,,,,,,,,,0,0,0,0,0,0,0,0,0,0,0,0,0,0,0,0,0,0,0,0,0,0,0,0,0,0,0,0,0,0,0,0,0,0,0,0,0,0,0,0
2018-10-20,,,,,,,,,,,,,,,,,,,,,,,,,,,,,,,,,,,,,,,,,0,0,0,0,0,0,0,0,0,0,0,0,0,0,0,0,0,0,0,0,0,0,0,0,0,0,0,0,0,0,0,0,0,0,0,0,0,0,0,0
2018-10-21,,,,,,,,,,,,,,,,,,,,,,,,,,,,,,,,,,,,,,,,,0,0,0,0,0,0,0,0,0,0,0,0,0,0,0,0,0,0,0,0,0,0,0,0,0,0,0,0,0,0,0,0,0,0,0,0,0,0,0,0
2018-10-22,,,,,,,,,,,,,,,,,,,,,,,,,,,,,,,,,,,,,,,,,0,0,0,0,0,0,0,0,0,0,0,0,0,0,0,0,0,0,0,0,0,0,0,0,0,0,0,0,0,0,0,0,0,0,0,0,0,0,0,0
2018-10-23,,,,,,,,,,,,,,,,,,,,,,,,,,,,,,,,,,,,,,,,,0,0,0,0,0,0,0,0,0,0,0,0,0,0,0,0,0,0,0,0,0,0,0,0,0,0,0,0,0,0,0,0,0,0,0,0,0,0,0,0
2018-10-24,,,,,,,,,,,,,,,,,,,,,,,,,,,,,,,,,,,,,,,,,0,0,0,0,0,0,0,0,0,0,0,0,0,0,0,0,0,0,0,0,0,0,0,0,0,0,0,0,0,0,0,0,0,0,0,0,0,0,0,0
2018-10-25,,,,,,,,,,,,,,,,,,,,,,,,,,,,,,,,,,,,,,,,,0,0,0,0,0,0,0,0,0,0,0,0,0,0,0,0,0,0,0,0,0,0,0,0,0,0,0,0,0,0,0,0,0,0,0,0,0,0,0,0
2018-10-26,,,,,,,,,,,,,,,,,,,,,,,,,,,,,,,,,,,,,,,,,0,0,0,0,0,0,0,0,0,0,0,0,0,0,0,0,0,0,0,0,0,0,0,0,0,0,0,0,0,0,0,0,0,0,0,0,0,0,0,0
2018-10-27,,,,,,,,,,,,,,,,,,,,,,,,,,,,,,,,,,,,,,,,,0,0,0,0,0,0,0,0,0,0,0,0,0,0,0,0,0,0,0,0,0,0,0,0,0,0,0,0,0,0,0,0,0,0,0,0,0,0,0,0
2018-10-28,,,,,,,,,,,,,,,,,,,,,,,,,,,,,,,,,,,,,,,,,0,0,0,0,0,0,0,0,0,0,0,0,0,0,0,0,0,0,0,0,0,0,0,0,0,0,0,0,0,0,0,0,0,0,0,0,0,0,0,0
2018-10-29,,,,,,,,,,,,,,,,,,,,,,,,,,,,,,,,,,,,,,,,,0,0,0,0,0,0,0,0,0,0,0,0,0,0,0,0,0,0,0,0,0,0,0,0,0,0,0,0,0,0,0,0,0,0,0,0,0,0,0,0
2018-10-30,,,,,,,,,,,,,,,,,,,,,,,,,,,,,,,,,,,,,,,,,0,0,0,0,0,0,0,0,0,0,0,0,0,0,0,0,0,0,0,0,0,0,0,0,0,0,0,0,0,0,0,0,0,0,0,0,0,0,0,0
2018-10-31,,,,,,,,,,,,,,,,,,,,,,,,,,,,,,,,,,,,,,,,,0,0,0,0,0,0,0,0,0,0,0,0,0,0,0,0,0,0,0,0,0,0,0,0,0,0,0,0,0,0,0,0,0,0,0,0,0,0,0,0
2018-11-01,,,,,,,,,,,,,,,,,,,,,,,,,,,,,,,,,,,,,,,,,0,0,0,0,0,0,0,0,0,0,0,0,0,0,0,0,0,0,0,0,0,0,0,0,0,0,0,0,0,0,0,0,0,0,0,0,0,0,0,0
2018-11-02,,,,,,,,,,,,,,,,,,,,,,,,,,,,,,,,,,,,,,,,,0,0,0,0,0,0,0,0,0,0,0,0,0,0,0,0,0,0,0,0,0,0,0,0,0,0,0,0,0,0,0,0,0,0,0,0,0,0,0,0
2018-11-03,,,,,,,,,,,,,,,,,,,,,,,,,,,,,,,,,,,,,,,,,0,0,0,0,0,0,0,0,0,0,0,0,0,0,0,0,0,0,0,0,0,0,0,0,0,0,0,0,0,0,0,0,0,0,0,0,0,0,0,0
2018-11-04,,,,,,,,,,,,,,,,,,,,,,,,,,,,,,,,,,,,,,,,,0,0,0,0,0,0,0,0,0,0,0,0,0,0,0,0,0,0,0,0,0,0,0,0,0,0,0,0,0,0,0,0,0,0,0,0,0,0,0,0
2018-11-05,,,,,,,,,,,,,,,,,,,,,,,,,,,,,,,,,,,,,,,,,0,0,0,0,0,0,0,0,0,0,0,0,0,0,0,0,0,0,0,0,0,0,0,0,0,0,0,0,0,0,0,0,0,0,0,0,0,0,0,0
2018-11-06,,,,,,,,,,,,,,,,,,,,,,,,,,,,,,,,,,,,,,,,,0,0,0,0,0,0,0,0,0,0,0,0,0,0,0,0,0,0,0,0,0,0,0,0,0,0,0,0,0,0,0,0,0,0,0,0,0,0,0,0
2018-11-07,,,,,,,,,,,,,,,,,,,,,,,,,,,,,,,,,,,,,,,,,0,0,0,0,0,0,0,0,0,0,0,0,0,0,0,0,0,0,0,0,0,0,0,0,0,0,0,0,0,0,0,0,0,0,0,0,0,0,0,0
2018-11-08,,,,,,,,,,,,,,,,,,,,,,,,,,,,,,,,,,,,,,,,,0,0,0,0,0,0,0,0,0,0,0,0,0,0,0,0,0,0,0,0,0,0,0,0,0,0,0,0,0,0,0,0,0,0,0,0,0,0,0,0
2018-11-09,,,,,,,,,,,,,,,,,,,,,,,,,,,,,,,,,,,,,,,,,0,0,0,0,0,0,0,0,0,0,0,0,0,0,0,0,0,0,0,0,0,0,0,0,0,0,0,0,0,0,0,0,0,0,0,0,0,0,0,0
2018-11-10,,,,,,,,,,,,,,,,,,,,,,,,,,,,,,,,,,,,,,,,,0,0,0,0,0,0,0,0,0,0,0,0,0,0,0,0,0,0,0,0,0,0,0,0,0,0,0,0,0,0,0,0,0,0,0,0,0,0,0,0
2018-11-11,,,,,,,,,,,,,,,,,,,,,,,,,,,,,,,,,,,,,,,,,0,0,0,0,0,0,0,0,0,0,0,0,0,0,0,0,0,0,0,0,0,0,0,0,0,0,0,0,0,0,0,0,0,0,0,0,0,0,0,0
2018-11-12,,,,,,,,,,,,,,,,,,,,,,,,,,,,,,,,,,,,,,,,,0,0,0,0,0,0,0,0,0,0,0,0,0,0,0,0,0,0,0,0,0,0,0,0,0,0,0,0,0,0,0,0,0,0,0,0,0,0,0,0
2018-11-13,,,,,,,,,,,,,,,,,,,,,,,,,,,,,,,,,,,,,,,,,0,0,0,0,0,0,0,0,0,0,0,0,0,0,0,0,0,0,0,0,0,0,0,0,0,0,0,0,0,0,0,0,0,0,0,0,0,0,0,0
2018-11-14,,,,,,,,,,,,,,,,,,,,,,,,,,,,,,,,,,,,,,,,,0,0,0,0,0,0,0,0,0,0,0,0,0,0,0,0,0,0,0,0,0,0,0,0,0,0,0,0,0,0,0,0,0,0,0,0,0,0,0,0
2018-11-15,,,,,,,,,,,,,,,,,,,,,,,,,,,,,,,,,,,,,,,,,0,0,0,0,0,0,0,0,0,0,0,0,0,0,0,0,0,0,0,0,0,0,0,0,0,0,0,0,0,0,0,0,0,0,0,0,0,0,0,0
2018-11-16,,,,,,,,,,,,,,,,,,,,,,,,,,,,,,,,,,,,,,,,,0,0,0,0,0,0,0,0,0,0,0,0,0,0,0,0,0,0,0,0,0,0,0,0,0,0,0,0,0,0,0,0,0,0,0,0,0,0,0,0
2018-11-17,,,,,,,,,,,,,,,,,,,,,,,,,,,,,,,,,,,,,,,,,0,0,0,0,0,0,0,0,0,0,0,0,0,0,0,0,0,0,0,0,0,0,0,0,0,0,0,0,0,0,0,0,0,0,0,0,0,0,0,0
2018-11-18,,,,,,,,,,,,,,,,,,,,,,,,,,,,,,,,,,,,,,,,,0,0,0,0,0,0,0,0,0,0,0,0,0,0,0,0,0,0,0,0,0,0,0,0,0,0,0,0,0,0,0,0,0,0,0,0,0,0,0,0
2018-11-19,,,,,,,,,,,,,,,,,,,,,,,,,,,,,,,,,,,,,,,,,0,0,0,0,0,0,0,0,0,0,0,0,0,0,0,0,0,0,0,0,0,0,0,0,0,0,0,0,0,0,0,0,0,0,0,0,0,0,0,0
2018-11-20,,,,,,,,,,,,,,,,,,,,,,,,,,,,,,,,,,,,,,,,,0,0,0,0,0,0,0,0,0,0,0,0,0,0,0,0,0,0,0,0,0,0,0,0,0,0,0,0,0,0,0,0,0,0,0,0,0,0,0,0
2018-11-21,,,,,,,,,,,,,,,,,,,,,,,,,,,,,,,,,,,,,,,,,0,0,0,0,0,0,0,0,0,0,0,0,0,0,0,0,0,0,0,0,0,0,0,0,0,0,0,0,0,0,0,0,0,0,0,0,0,0,0,0
2018-11-22,,,,,,,,,,,,,,,,,,,,,,,,,,,,,,,,,,,,,,,,,0,0,0,0,0,0,0,0,0,0,0,0,0,0,0,0,0,0,0,0,0,0,0,0,0,0,0,0,0,0,0,0,0,0,0,0,0,0,0,0
2018-11-23,,,,,,,,,,,,,,,,,,,,,,,,,,,,,,,,,,,,,,,,,0,0,0,0,0,0,0,0,0,0,0,0,0,0,0,0,0,0,0,0,0,0,0,0,0,0,0,0,0,0,0,0,0,0,0,0,0,0,0,0
2018-11-24,,,,,,,,,,,,,,,,,,,,,,,,,,,,,,,,,,,,,,,,,0,0,0,0,0,0,0,0,0,0,0,0,0,0,0,0,0,0,0,0,0,0,0,0,0,0,0,0,0,0,0,0,0,0,0,0,0,0,0,0
2018-11-25,,,,,,,,,,,,,,,,,,,,,,,,,,,,,,,,,,,,,,,,,0,0,0,0,0,0,0,0,0,0,0,0,0,0,0,0,0,0,0,0,0,0,0,0,0,0,0,0,0,0,0,0,0,0,0,0,0,0,0,0
2018-11-26,,,,,,,,,,,,,,,,,,,,,,,,,,,,,,,,,,,,,,,,,0,0,0,0,0,0,0,0,0,0,0,0,0,0,0,0,0,0,0,0,0,0,0,0,0,0,0,0,0,0,0,0,0,0,0,0,0,0,0,0
2018-11-27,,,,,,,,,,,,,,,,,,,,,,,,,,,,,,,,,,,,,,,,,0,0,0,0,0,0,0,0,0,0,0,0,0,0,0,0,0,0,0,0,0,0,0,0,0,0,0,0,0,0,0,0,0,0,0,0,0,0,0,0
2018-11-28,,,,,,,,,,,,,,,,,,,,,,,,,,,,,,,,,,,,,,,,,0,0,0,0,0,0,0,0,0,0,0,0,0,0,0,0,0,0,0,0,0,0,0,0,0,0,0,0,0,0,0,0,0,0,0,0,0,0,0,0
2018-11-29,,,,,,,,,,,,,,,,,,,,,,,,,,,,,,,,,,,,,,,,,0,0,0,0,0,0,0,0,0,0,0,0,0,0,0,0,0,0,0,0,0,0,0,0,0,0,0,0,0,0,0,0,0,0,0,0,0,0,0,0
2018-11-30,,,,,,,,,,,,,,,,,,,,,,,,,,,,,,,,,,,,,,,,,0,0,0,0,0,0,0,0,0,0,0,0,0,0,0,0,0,0,0,0,0,0,0,0,0,0,0,0,0,0,0,0,0,0,0,0,0,0,0,0
2018-12-01,,,,,,,,,,,,,,,,,,,,,,,,,,,,,,,,,,,,,,,,,0,0,0,0,0,0,0,0,0,0,0,0,0,0,0,0,0,0,0,0,0,0,0,0,0,0,0,0,0,0,0,0,0,0,0,0,0,0,0,0
2018-12-02,,,,,,,,,,,,,,,,,,,,,,,,,,,,,,,,,,,,,,,,,0,0,0,0,0,0,0,0,0,0,0,0,0,0,0,0,0,0,0,0,0,0,0,0,0,0,0,0,0,0,0,0,0,0,0,0,0,0,0,0
2018-12-03,,,,,,,,,,,,,,,,,,,,,,,,,,,,,,,,,,,,,,,,,0,0,0,0,0,0,0,0,0,0,0,0,0,0,0,0,0,0,0,0,0,0,0,0,0,0,0,0,0,0,0,0,0,0,0,0,0,0,0,0
2018-12-04,,,,,,,,,,,,,,,,,,,,,,,,,,,,,,,,,,,,,,,,,0,0,0,0,0,0,0,0,0,0,0,0,0,0,0,0,0,0,0,0,0,0,0,0,0,0,0,0,0,0,0,0,0,0,0,0,0,0,0,0
2018-12-05,,,,,,,,,,,,,,,,,,,,,,,,,,,,,,,,,,,,,,,,,0,0,0,0,0,0,0,0,0,0,0,0,0,0,0,0,0,0,0,0,0,0,0,0,0,0,0,0,0,0,0,0,0,0,0,0,0,0,0,0
2018-12-06,,,,,,,,,,,,,,,,,,,,,,,,,,,,,,,,,,,,,,,,,0,0,0,0,0,0,0,0,0,0,0,0,0,0,0,0,0,0,0,0,0,0,0,0,0,0,0,0,0,0,0,0,0,0,0,0,0,0,0,0
2018-12-07,,,,,,,,,,,,,,,,,,,,,,,,,,,,,,,,,,,,,,,,,0,0,0,0,0,0,0,0,0,0,0,0,0,0,0,0,0,0,0,0,0,0,0,0,0,0,0,0,0,0,0,0,0,0,0,0,0,0,0,0
2018-12-08,,,,,,,,,,,,,,,,,,,,,,,,,,,,,,,,,,,,,,,,,0,0,0,0,0,0,0,0,0,0,0,0,0,0,0,0,0,0,0,0,0,0,0,0,0,0,0,0,0,0,0,0,0,0,0,0,0,0,0,0
2018-12-09,,,,,,,,,,,,,,,,,,,,,,,,,,,,,,,,,,,,,,,,,0,0,0,0,0,0,0,0,0,0,0,0,0,0,0,0,0,0,0,0,0,0,0,0,0,0,0,0,0,0,0,0,0,0,0,0,0,0,0,0
2018-12-10,,,,,,,,,,,,,,,,,,,,,,,,,,,,,,,,,,,,,,,,,0,0,0,0,0,0,0,0,0,0,0,0,0,0,0,0,0,0,0,0,0,0,0,0,0,0,0,0,0,0,0,0,0,0,0,0,0,0,0,0
2018-12-11,,,,,,,,,,,,,,,,,,,,,,,,,,,,,,,,,,,,,,,,,0,0,0,0,0,0,0,0,0,0,0,0,0,0,0,0,0,0,0,0,0,0,0,0,0,0,0,0,0,0,0,0,0,0,0,0,0,0,0,0
2018-12-12,,,,,,,,,,,,,,,,,,,,,,,,,,,,,,,,,,,,,,,,,0,0,0,0,0,0,0,0,0,0,0,0,0,0,0,0,0,0,0,0,0,0,0,0,0,0,0,0,0,0,0,0,0,0,0,0,0,0,0,0
2018-12-13,,,,,,,,,,,,,,,,,,,,,,,,,,,,,,,,,,,,,,,,,0,0,0,0,0,0,0,0,0,0,0,0,0,0,0,0,0,0,0,0,0,0,0,0,0,0,0,0,0,0,0,0,0,0,0,0,0,0,0,0
2018-12-14,,,,,,,,,,,,,,,,,,,,,,,,,,,,,,,,,,,,,,,,,0,0,0,0,0,0,0,0,0,0,0,0,0,0,0,0,0,0,0,0,0,0,0,0,0,0,0,0,0,0,0,0,0,0,0,0,0,0,0,0
2018-12-15,,,,,,,,,,,,,,,,,,,,,,,,,,,,,,,,,,,,,,,,,0,0,0,0,0,0,0,0,0,0,0,0,0,0,0,0,0,0,0,0,0,0,0,0,0,0,0,0,0,0,0,0,0,0,0,0,0,0,0,0
2018-12-16,,,,,,,,,,,,,,,,,,,,,,,,,,,,,,,,,,,,,,,,,0,0,0,0,0,0,0,0,0,0,0,0,0,0,0,0,0,0,0,0,0,0,0,0,0,0,0,0,0,0,0,0,0,0,0,0,0,0,0,0
2018-12-17,,,,,,,,,,,,,,,,,,,,,,,,,,,,,,,,,,,,,,,,,0,0,0,0,0,0,0,0,0,0,0,0,0,0,0,0,0,0,0,0,0,0,0,0,0,0,0,0,0,0,0,0,0,0,0,0,0,0,0,0
2018-12-18,,,,,,,,,,,,,,,,,,,,,,,,,,,,,,,,,,,,,,,,,0,0,0,0,0,0,0,0,0,0,0,0,0,0,0,0,0,0,0,0,0,0,0,0,0,0,0,0,0,0,0,0,0,0,0,0,0,0,0,0
2018-12-19,,,,,,,,,,,,,,,,,,,,,,,,,,,,,,,,,,,,,,,,,0,0,0,0,0,0,0,0,0,0,0,0,0,0,0,0,0,0,0,0,0,0,0,0,0,0,0,0,0,0,0,0,0,0,0,0,0,0,0,0
2018-12-20,,,,,,,,,,,,,,,,,,,,,,,,,,,,,,,,,,,,,,,,,0,0,0,0,0,0,0,0,0,0,0,0,0,0,0,0,0,0,0,0,0,0,0,0,0,0,0,0,0,0,0,0,0,0,0,0,0,0,0,0
2018-12-21,,,,,,,,,,,,,,,,,,,,,,,,,,,,,,,,,,,,,,,,,0,0,0,0,0,0,0,0,0,0,0,0,0,0,0,0,0,0,0,0,0,0,0,0,0,0,0,0,0,0,0,0,0,0,0,0,0,0,0,0
2018-12-22,,,,,,,,,,,,,,,,,,,,,,,,,,,,,,,,,,,,,,,,,0,0,0,0,0,0,0,0,0,0,0,0,0,0,0,0,0,0,0,0,0,0,0,0,0,0,0,0,0,0,0,0,0,0,0,0,0,0,0,0
2018-12-23,,,,,,,,,,,,,,,,,,,,,,,,,,,,,,,,,,,,,,,,,0,0,0,0,0,0,0,0,0,0,0,0,0,0,0,0,0,0,0,0,0,0,0,0,0,0,0,0,0,0,0,0,0,0,0,0,0,0,0,0
2018-12-24,,,,,,,,,,,,,,,,,,,,,,,,,,,,,,,,,,,,,,,,,0,0,0,0,0,0,0,0,0,0,0,0,0,0,0,0,0,0,0,0,0,0,0,0,0,0,0,0,0,0,0,0,0,0,0,0,0,0,0,0
2018-12-25,,,,,,,,,,,,,,,,,,,,,,,,,,,,,,,,,,,,,,,,,0,0,0,0,0,0,0,0,0,0,0,0,0,0,0,0,0,0,0,0,0,0,0,0,0,0,0,0,0,0,0,0,0,0,0,0,0,0,0,0
2018-12-26,,,,,,,,,,,,,,,,,,,,,,,,,,,,,,,,,,,,,,,,,0,0,0,0,0,0,0,0,0,0,0,0,0,0,0,0,0,0,0,0,0,0,0,0,0,0,0,0,0,0,0,0,0,0,0,0,0,0,0,0
2018-12-27,,,,,,,,,,,,,,,,,,,,,,,,,,,,,,,,,,,,,,,,,0,0,0,0,0,0,0,0,0,0,0,0,0,0,0,0,0,0,0,0,0,0,0,0,0,0,0,0,0,0,0,0,0,0,0,0,0,0,0,0
2018-12-28,,,,,,,,,,,,,,,,,,,,,,,,,,,,,,,,,,,,,,,,,0,0,0,0,0,0,0,0,0,0,0,0,0,0,0,0,0,0,0,0,0,0,0,0,0,0,0,0,0,0,0,0,0,0,0,0,0,0,0,0
2018-12-29,,,,,,,,,,,,,,,,,,,,,,,,,,,,,,,,,,,,,,,,,0,0,0,0,0,0,0,0,0,0,0,0,0,0,0,0,0,0,0,0,0,0,0,0,0,0,0,0,0,0,0,0,0,0,0,0,0,0,0,0
2018-12-30,,,,,,,,,,,,,,,,,,,,,,,,,,,,,,,,,,,,,,,,,0,0,0,0,0,0,0,0,0,0,0,0,0,0,0,0,0,0,0,0,0,0,0,0,0,0,0,0,0,0,0,0,0,0,0,0,0,0,0,0
2018-12-31,,,,,,,,,,,,,,,,,,,,,,,,,,,,,,,,,,,,,,,,,0,0,0,0,0,0,0,0,0,0,0,0,0,0,0,0,0,0,0,0,0,0,0,0,0,0,0,0,0,0,0,0,0,0,0,0,0,0,0,0
2019-01-01,,,,,,,,,,,,,,,,,,,,,,,,,,,,,,,,,,,,,,,,,0,0,0,0,0,0,0,0,0,0,0,0,0,0,0,0,0,0,0,0,0,0,0,0,0,0,0,0,0,0,0,0,0,0,0,0,0,0,0,0
2019-01-02,,,,,,,,,,,,,,,,,,,,,,,,,,,,,,,,,,,,,,,,,0,0,0,0,0,0,0,0,0,0,0,0,0,0,0,0,0,0,0,0,0,0,0,0,0,0,0,0,0,0,0,0,0,0,0,0,0,0,0,0
2019-01-03,,,,,,,,,,,,,,,,,,,,,,,,,,,,,,,,,,,,,,,,,0,0,0,0,0,0,0,0,0,0,0,0,0,0,0,0,0,0,0,0,0,0,0,0,0,0,0,0,0,0,0,0,0,0,0,0,0,0,0,0
2019-01-04,,,,,,,,,,,,,,,,,,,,,,,,,,,,,,,,,,,,,,,,,0,0,0,0,0,0,0,0,0,0,0,0,0,0,0,0,0,0,0,0,0,0,0,0,0,0,0,0,0,0,0,0,0,0,0,0,0,0,0,0
2019-01-05,,,,,,,,,,,,,,,,,,,,,,,,,,,,,,,,,,,,,,,,,0,0,0,0,0,0,0,0,0,0,0,0,0,0,0,0,0,0,0,0,0,0,0,0,0,0,0,0,0,0,0,0,0,0,0,0,0,0,0,0
2019-01-06,,,,,,,,,,,,,,,,,,,,,,,,,,,,,,,,,,,,,,,,,0,0,0,0,0,0,0,0,0,0,0,0,0,0,0,0,0,0,0,0,0,0,0,0,0,0,0,0,0,0,0,0,0,0,0,0,0,0,0,0
2019-01-07,,,,,,,,,,,,,,,,,,,,,,,,,,,,,,,,,,,,,,,,,0,0,0,0,0,0,0,0,0,0,0,0,0,0,0,0,0,0,0,0,0,0,0,0,0,0,0,0,0,0,0,0,0,0,0,0,0,0,0,0
2019-01-08,,,,,,,,,,,,,,,,,,,,,,,,,,,,,,,,,,,,,,,,,0,0,0,0,0,0,0,0,0,0,0,0,0,0,0,0,0,0,0,0,0,0,0,0,0,0,0,0,0,0,0,0,0,0,0,0,0,0,0,0
2019-01-09,,,,,,,,,,,,,,,,,,,,,,,,,,,,,,,,,,,,,,,,,0,0,0,0,0,0,0,0,0,0,0,0,0,0,0,0,0,0,0,0,0,0,0,0,0,0,0,0,0,0,0,0,0,0,0,0,0,0,0,0
2019-01-10,,,,,,,,,,,,,,,,,,,,,,,,,,,,,,,,,,,,,,,,,0,0,0,0,0,0,0,0,0,0,0,0,0,0,0,0,0,0,0,0,0,0,0,0,0,0,0,0,0,0,0,0,0,0,0,0,0,0,0,0
2019-01-11,,,,,,,,,,,,,,,,,,,,,,,,,,,,,,,,,,,,,,,,,0,0,0,0,0,0,0,0,0,0,0,0,0,0,0,0,0,0,0,0,0,0,0,0,0,0,0,0,0,0,0,0,0,0,0,0,0,0,0,0
2019-01-12,,,,,,,,,,,,,,,,,,,,,,,,,,,,,,,,,,,,,,,,,0,0,0,0,0,0,0,0,0,0,0,0,0,0,0,0,0,0,0,0,0,0,0,0,0,0,0,0,0,0,0,0,0,0,0,0,0,0,0,0
2019-01-13,,,,,,,,,,,,,,,,,,,,,,,,,,,,,,,,,,,,,,,,,0,0,0,0,0,0,0,0,0,0,0,0,0,0,0,0,0,0,0,0,0,0,0,0,0,0,0,0,0,0,0,0,0,0,0,0,0,0,0,0
2019-01-14,,,,,,,,,,,,,,,,,,,,,,,,,,,,,,,,,,,,,,,,,0,0,0,0,0,0,0,0,0,0,0,0,0,0,0,0,0,0,0,0,0,0,0,0,0,0,0,0,0,0,0,0,0,0,0,0,0,0,0,0
2019-01-15,,,,,,,,,,,,,,,,,,,,,,,,,,,,,,,,,,,,,,,,,0,0,0,0,0,0,0,0,0,0,0,0,0,0,0,0,0,0,0,0,0,0,0,0,0,0,0,0,0,0,0,0,0,0,0,0,0,0,0,0
2019-01-16,,,,,,,,,,,,,,,,,,,,,,,,,,,,,,,,,,,,,,,,,0,0,0,0,0,0,0,0,0,0,0,0,0,0,0,0,0,0,0,0,0,0,0,0,0,0,0,0,0,0,0,0,0,0,0,0,0,0,0,0
2019-01-17,,,,,,,,,,,,,,,,,,,,,,,,,,,,,,,,,,,,,,,,,0,0,0,0,0,0,0,0,0,0,0,0,0,0,0,0,0,0,0,0,0,0,0,0,0,0,0,0,0,0,0,0,0,0,0,0,0,0,0,0
2019-01-18,,,,,,,,,,,,,,,,,,,,,,,,,,,,,,,,,,,,,,,,,0,0,0,0,0,0,0,0,0,0,0,0,0,0,0,0,0,0,0,0,0,0,0,0,0,0,0,0,0,0,0,0,0,0,0,0,0,0,0,0
2019-01-19,,,,,,,,,,,,,,,,,,,,,,,,,,,,,,,,,,,,,,,,,0,0,0,0,0,0,0,0,0,0,0,0,0,0,0,0,0,0,0,0,0,0,0,0,0,0,0,0,0,0,0,0,0,0,0,0,0,0,0,0
2019-01-20,,,,,,,,,,,,,,,,,,,,,,,,,,,,,,,,,,,,,,,,,0,0,0,0,0,0,0,0,0,0,0,0,0,0,0,0,0,0,0,0,0,0,0,0,0,0,0,0,0,0,0,0,0,0,0,0,0,0,0,0
2019-01-21,,,,,,,,,,,,,,,,,,,,,,,,,,,,,,,,,,,,,,,,,0,0,0,0,0,0,0,0,0,0,0,0,0,0,0,0,0,0,0,0,0,0,0,0,0,0,0,0,0,0,0,0,0,0,0,0,0,0,0,0
2019-01-22,,,,,,,,,,,,,,,,,,,,,,,,,,,,,,,,,,,,,,,,,0,0,0,0,0,0,0,0,0,0,0,0,0,0,0,0,0,0,0,0,0,0,0,0,0,0,0,0,0,0,0,0,0,0,0,0,0,0,0,0
2019-01-23,,,,,,,,,,,,,,,,,,,,,,,,,,,,,,,,,,,,,,,,,0,0,0,0,0,0,0,0,0,0,0,0,0,0,0,0,0,0,0,0,0,0,0,0,0,0,0,0,0,0,0,0,0,0,0,0,0,0,0,0
2019-01-24,,,,,,,,,,,,,,,,,,,,,,,,,,,,,,,,,,,,,,,,,0,0,0,0,0,0,0,0,0,0,0,0,0,0,0,0,0,0,0,0,0,0,0,0,0,0,0,0,0,0,0,0,0,0,0,0,0,0,0,0
2019-01-25,,,,,,,,,,,,,,,,,,,,,,,,,,,,,,,,,,,,,,,,,0,0,0,0,0,0,0,0,0,0,0,0,0,0,0,0,0,0,0,0,0,0,0,0,0,0,0,0,0,0,0,0,0,0,0,0,0,0,0,0
2019-01-26,,,,,,,,,,,,,,,,,,,,,,,,,,,,,,,,,,,,,,,,,0,0,0,0,0,0,0,0,0,0,0,0,0,0,0,0,0,0,0,0,0,0,0,0,0,0,0,0,0,0,0,0,0,0,0,0,0,0,0,0
2019-01-27,,,,,,,,,,,,,,,,,,,,,,,,,,,,,,,,,,,,,,,,,0,0,0,0,0,0,0,0,0,0,0,0,0,0,0,0,0,0,0,0,0,0,0,0,0,0,0,0,0,0,0,0,0,0,0,0,0,0,0,0
2019-01-28,,,,,,,,,,,,,,,,,,,,,,,,,,,,,,,,,,,,,,,,,0,0,0,0,0,0,0,0,0,0,0,0,0,0,0,0,0,0,0,0,0,0,0,0,0,0,0,0,0,0,0,0,0,0,0,0,0,0,0,0
2019-01-29,,,,,,,,,,,,,,,,,,,,,,,,,,,,,,,,,,,,,,,,,0,0,0,0,0,0,0,0,0,0,0,0,0,0,0,0,0,0,0,0,0,0,0,0,0,0,0,0,0,0,0,0,0,0,0,0,0,0,0,0
2019-01-30,,,,,,,,,,,,,,,,,,,,,,,,,,,,,,,,,,,,,,,,,0,0,0,0,0,0,0,0,0,0,0,0,0,0,0,0,0,0,0,0,0,0,0,0,0,0,0,0,0,0,0,0,0,0,0,0,0,0,0,0
2019-01-31,,,,,,,,,,,,,,,,,,,,,,,,,,,,,,,,,,,,,,,,,0,0,0,0,0,0,0,0,0,0,0,0,0,0,0,0,0,0,0,0,0,0,0,0,0,0,0,0,0,0,0,0,0,0,0,0,0,0,0,0
2019-02-01,,,,,,,,,,,,,,,,,,,,,,,,,,,,,,,,,,,,,,,,,0,0,0,0,0,0,0,0,0,0,0,0,0,0,0,0,0,0,0,0,0,0,0,0,0,0,0,0,0,0,0,0,0,0,0,0,0,0,0,0
2019-02-02,,,,,,,,,,,,,,,,,,,,,,,,,,,,,,,,,,,,,,,,,0,0,0,0,0,0,0,0,0,0,0,0,0,0,0,0,0,0,0,0,0,0,0,0,0,0,0,0,0,0,0,0,0,0,0,0,0,0,0,0
2019-02-03,,,,,,,,,,,,,,,,,,,,,,,,,,,,,,,,,,,,,,,,,0,0,0,0,0,0,0,0,0,0,0,0,0,0,0,0,0,0,0,0,0,0,0,0,0,0,0,0,0,0,0,0,0,0,0,0,0,0,0,0
2019-02-04,,,,,,,,,,,,,,,,,,,,,,,,,,,,,,,,,,,,,,,,,0,0,0,0,0,0,0,0,0,0,0,0,0,0,0,0,0,0,0,0,0,0,0,0,0,0,0,0,0,0,0,0,0,0,0,0,0,0,0,0
2019-02-05,,,,,,,,,,,,,,,,,,,,,,,,,,,,,,,,,,,,,,,,,0,0,0,0,0,0,0,0,0,0,0,0,0,0,0,0,0,0,0,0,0,0,0,0,0,0,0,0,0,0,0,0,0,0,0,0,0,0,0,0
2019-02-06,,,,,,,,,,,,,,,,,,,,,,,,,,,,,,,,,,,,,,,,,0,0,0,0,0,0,0,0,0,0,0,0,0,0,0,0,0,0,0,0,0,0,0,0,0,0,0,0,0,0,0,0,0,0,0,0,0,0,0,0
2019-02-07,,,,,,,,,,,,,,,,,,,,,,,,,,,,,,,,,,,,,,,,,0,0,0,0,0,0,0,0,0,0,0,0,0,0,0,0,0,0,0,0,0,0,0,0,0,0,0,0,0,0,0,0,0,0,0,0,0,0,0,0
2019-02-08,,,,,,,,,,,,,,,,,,,,,,,,,,,,,,,,,,,,,,,,,0,0,0,0,0,0,0,0,0,0,0,0,0,0,0,0,0,0,0,0,0,0,0,0,0,0,0,0,0,0,0,0,0,0,0,0,0,0,0,0
2019-02-09,,,,,,,,,,,,,,,,,,,,,,,,,,,,,,,,,,,,,,,,,0,0,0,0,0,0,0,0,0,0,0,0,0,0,0,0,0,0,0,0,0,0,0,0,0,0,0,0,0,0,0,0,0,0,0,0,0,0,0,0
2019-02-10,,,,,,,,,,,,,,,,,,,,,,,,,,,,,,,,,,,,,,,,,0,0,0,0,0,0,0,0,0,0,0,0,0,0,0,0,0,0,0,0,0,0,0,0,0,0,0,0,0,0,0,0,0,0,0,0,0,0,0,0
2019-02-11,,,,,,,,,,,,,,,,,,,,,,,,,,,,,,,,,,,,,,,,,0,0,0,0,0,0,0,0,0,0,0,0,0,0,0,0,0,0,0,0,0,0,0,0,0,0,0,0,0,0,0,0,0,0,0,0,0,0,0,0
2019-02-12,,,,,,,,,,,,,,,,,,,,,,,,,,,,,,,,,,,,,,,,,0,0,0,0,0,0,0,0,0,0,0,0,0,0,0,0,0,0,0,0,0,0,0,0,0,0,0,0,0,0,0,0,0,0,0,0,0,0,0,0
2019-02-13,,,,,,,,,,,,,,,,,,,,,,,,,,,,,,,,,,,,,,,,,0,0,0,0,0,0,0,0,0,0,0,0,0,0,0,0,0,0,0,0,0,0,0,0,0,0,0,0,0,0,0,0,0,0,0,0,0,0,0,0
2019-02-14,,,,,,,,,,,,,,,,,,,,,,,,,,,,,,,,,,,,,,,,,0,0,0,0,0,0,0,0,0,0,0,0,0,0,0,0,0,0,0,0,0,0,0,0,0,0,0,0,0,0,0,0,0,0,0,0,0,0,0,0
2019-02-15,,,,,,,,,,,,,,,,,,,,,,,,,,,,,,,,,,,,,,,,,0,0,0,0,0,0,0,0,0,0,0,0,0,0,0,0,0,0,0,0,0,0,0,0,0,0,0,0,0,0,0,0,0,0,0,0,0,0,0,0
2019-02-16,,,,,,,,,,,,,,,,,,,,,,,,,,,,,,,,,,,,,,,,,0,0,0,0,0,0,0,0,0,0,0,0,0,0,0,0,0,0,0,0,0,0,0,0,0,0,0,0,0,0,0,0,0,0,0,0,0,0,0,0
2019-02-17,,,,,,,,,,,,,,,,,,,,,,,,,,,,,,,,,,,,,,,,,0,0,0,0,0,0,0,0,0,0,0,0,0,0,0,0,0,0,0,0,0,0,0,0,0,0,0,0,0,0,0,0,0,0,0,0,0,0,0,0
2019-02-18,,,,,,,,,,,,,,,,,,,,,,,,,,,,,,,,,,,,,,,,,0,0,0,0,0,0,0,0,0,0,0,0,0,0,0,0,0,0,0,0,0,0,0,0,0,0,0,0,0,0,0,0,0,0,0,0,0,0,0,0
2019-02-19,,,,,,,,,,,,,,,,,,,,,,,,,,,,,,,,,,,,,,,,,0,0,0,0,0,0,0,0,0,0,0,0,0,0,0,0,0,0,0,0,0,0,0,0,0,0,0,0,0,0,0,0,0,0,0,0,0,0,0,0
2019-02-20,,,,,,,,,,,,,,,,,,,,,,,,,,,,,,,,,,,,,,,,,0,0,0,0,0,0,0,0,0,0,0,0,0,0,0,0,0,0,0,0,0,0,0,0,0,0,0,0,0,0,0,0,0,0,0,0,0,0,0,0
2019-02-21,,,,,,,,,,,,,,,,,,,,,,,,,,,,,,,,,,,,,,,,,0,0,0,0,0,0,0,0,0,0,0,0,0,0,0,0,0,0,0,0,0,0,0,0,0,0,0,0,0,0,0,0,0,0,0,0,0,0,0,0
2019-02-22,,,,,,,,,,,,,,,,,,,,,,,,,,,,,,,,,,,,,,,,,0,0,0,0,0,0,0,0,0,0,0,0,0,0,0,0,0,0,0,0,0,0,0,0,0,0,0,0,0,0,0,0,0,0,0,0,0,0,0,0
2019-02-23,,,,,,,,,,,,,,,,,,,,,,,,,,,,,,,,,,,,,,,,,0,0,0,0,0,0,0,0,0,0,0,0,0,0,0,0,0,0,0,0,0,0,0,0,0,0,0,0,0,0,0,0,0,0,0,0,0,0,0,0
2019-02-24,,,,,,,,,,,,,,,,,,,,,,,,,,,,,,,,,,,,,,,,,0,0,0,0,0,0,0,0,0,0,0,0,0,0,0,0,0,0,0,0,0,0,0,0,0,0,0,0,0,0,0,0,0,0,0,0,0,0,0,0
2019-02-25,,,,,,,,,,,,,,,,,,,,,,,,,,,,,,,,,,,,,,,,,0,0,0,0,0,0,0,0,0,0,0,0,0,0,0,0,0,0,0,0,0,0,0,0,0,0,0,0,0,0,0,0,0,0,0,0,0,0,0,0
2019-02-26,,,,,,,,,,,,,,,,,,,,,,,,,,,,,,,,,,,,,,,,,0,0,0,0,0,0,0,0,0,0,0,0,0,0,0,0,0,0,0,0,0,0,0,0,0,0,0,0,0,0,0,0,0,0,0,0,0,0,0,0
2019-02-27,,,,,,,,,,,,,,,,,,,,,,,,,,,,,,,,,,,,,,,,,0,0,0,0,0,0,0,0,0,0,0,0,0,0,0,0,0,0,0,0,0,0,0,0,0,0,0,0,0,0,0,0,0,0,0,0,0,0,0,0
2019-02-28,,,,,,,,,,,,,,,,,,,,,,,,,,,,,,,,,,,,,,,,,0,0,0,0,0,0,0,0,0,0,0,0,0,0,0,0,0,0,0,0,0,0,0,0,0,0,0,0,0,0,0,0,0,0,0,0,0,0,0,0
2019-03-01,,,,,,,,,,,,,,,,,,,,,,,,,,,,,,,,,,,,,,,,,0,0,0,0,0,0,0,0,0,0,0,0,0,0,0,0,0,0,0,0,0,0,0,0,0,0,0,0,0,0,0,0,0,0,0,0,0,0,0,0
2019-03-02,,,,,,,,,,,,,,,,,,,,,,,,,,,,,,,,,,,,,,,,,0,0,0,0,0,0,0,0,0,0,0,0,0,0,0,0,0,0,0,0,0,0,0,0,0,0,0,0,0,0,0,0,0,0,0,0,0,0,0,0
2019-03-03,,,,,,,,,,,,,,,,,,,,,,,,,,,,,,,,,,,,,,,,,0,0,0,0,0,0,0,0,0,0,0,0,0,0,0,0,0,0,0,0,0,0,0,0,0,0,0,0,0,0,0,0,0,0,0,0,0,0,0,0
2019-03-04,,,,,,,,,,,,,,,,,,,,,,,,,,,,,,,,,,,,,,,,,0,0,0,0,0,0,0,0,0,0,0,0,0,0,0,0,0,0,0,0,0,0,0,0,0,0,0,0,0,0,0,0,0,0,0,0,0,0,0,0
2019-03-05,,,,,,,,,,,,,,,,,,,,,,,,,,,,,,,,,,,,,,,,,0,0,0,0,0,0,0,0,0,0,0,0,0,0,0,0,0,0,0,0,0,0,0,0,0,0,0,0,0,0,0,0,0,0,0,0,0,0,0,0
2019-03-06,,,,,,,,,,,,,,,,,,,,,,,,,,,,,,,,,,,,,,,,,0,0,0,0,0,0,0,0,0,0,0,0,0,0,0,0,0,0,0,0,0,0,0,0,0,0,0,0,0,0,0,0,0,0,0,0,0,0,0,0
2019-03-07,,,,,,,,,,,,,,,,,,,,,,,,,,,,,,,,,,,,,,,,,0,0,0,0,0,0,0,0,0,0,0,0,0,0,0,0,0,0,0,0,0,0,0,0,0,0,0,0,0,0,0,0,0,0,0,0,0,0,0,0
2019-03-08,,,,,,,,,,,,,,,,,,,,,,,,,,,,,,,,,,,,,,,,,0,0,0,0,0,0,0,0,0,0,0,0,0,0,0,0,0,0,0,0,0,0,0,0,0,0,0,0,0,0,0,0,0,0,0,0,0,0,0,0
2019-03-09,,,,,,,,,,,,,,,,,,,,,,,,,,,,,,,,,,,,,,,,,0,0,0,0,0,0,0,0,0,0,0,0,0,0,0,0,0,0,0,0,0,0,0,0,0,0,0,0,0,0,0,0,0,0,0,0,0,0,0,0
2019-03-10,,,,,,,,,,,,,,,,,,,,,,,,,,,,,,,,,,,,,,,,,0,0,0,0,0,0,0,0,0,0,0,0,0,0,0,0,0,0,0,0,0,0,0,0,0,0,0,0,0,0,0,0,0,0,0,0,0,0,0,0
2019-03-11,,,,,,,,,,,,,,,,,,,,,,,,,,,,,,,,,,,,,,,,,0,0,0,0,0,0,0,0,0,0,0,0,0,0,0,0,0,0,0,0,0,0,0,0,0,0,0,0,0,0,0,0,0,0,0,0,0,0,0,0
2019-03-12,,,,,,,,,,,,,,,,,,,,,,,,,,,,,,,,,,,,,,,,,0,0,0,0,0,0,0,0,0,0,0,0,0,0,0,0,0,0,0,0,0,0,0,0,0,0,0,0,0,0,0,0,0,0,0,0,0,0,0,0
2019-03-13,,,,,,,,,,,,,,,,,,,,,,,,,,,,,,,,,,,,,,,,,0,0,0,0,0,0,0,0,0,0,0,0,0,0,0,0,0,0,0,0,0,0,0,0,0,0,0,0,0,0,0,0,0,0,0,0,0,0,0,0
2019-03-14,,,,,,,,,,,,,,,,,,,,,,,,,,,,,,,,,,,,,,,,,0,0,0,0,0,0,0,0,0,0,0,0,0,0,0,0,0,0,0,0,0,0,0,0,0,0,0,0,0,0,0,0,0,0,0,0,0,0,0,0
2019-03-15,,,,,,,,,,,,,,,,,,,,,,,,,,,,,,,,,,,,,,,,,0,0,0,0,0,0,0,0,0,0,0,0,0,0,0,0,0,0,0,0,0,0,0,0,0,0,0,0,0,0,0,0,0,0,0,0,0,0,0,0
2019-03-16,,,,,,,,,,,,,,,,,,,,,,,,,,,,,,,,,,,,,,,,,0,0,0,0,0,0,0,0,0,0,0,0,0,0,0,0,0,0,0,0,0,0,0,0,0,0,0,0,0,0,0,0,0,0,0,0,0,0,0,0
2019-03-17,,,,,,,,,,,,,,,,,,,,,,,,,,,,,,,,,,,,,,,,,0,0,0,0,0,0,0,0,0,0,0,0,0,0,0,0,0,0,0,0,0,0,0,0,0,0,0,0,0,0,0,0,0,0,0,0,0,0,0,0
2019-03-18,,,,,,,,,,,,,,,,,,,,,,,,,,,,,,,,,,,,,,,,,0,0,0,0,0,0,0,0,0,0,0,0,0,0,0,0,0,0,0,0,0,0,0,0,0,0,0,0,0,0,0,0,0,0,0,0,0,0,0,0
2019-03-19,,,,,,,,,,,,,,,,,,,,,,,,,,,,,,,,,,,,,,,,,0,0,0,0,0,0,0,0,0,0,0,0,0,0,0,0,0,0,0,0,0,0,0,0,0,0,0,0,0,0,0,0,0,0,0,0,0,0,0,0
2019-03-20,,,,,,,,,,,,,,,,,,,,,,,,,,,,,,,,,,,,,,,,,0,0,0,0,0,0,0,0,0,0,0,0,0,0,0,0,0,0,0,0,0,0,0,0,0,0,0,0,0,0,0,0,0,0,0,0,0,0,0,0
2019-03-21,,,,,,,,,,,,,,,,,,,,,,,,,,,,,,,,,,,,,,,,,0,0,0,0,0,0,0,0,0,0,0,0,0,0,0,0,0,0,0,0,0,0,0,0,0,0,0,0,0,0,0,0,0,0,0,0,0,0,0,0
2019-03-22,,,,,,,,,,,,,,,,,,,,,,,,,,,,,,,,,,,,,,,,,0,0,0,0,0,0,0,0,0,0,0,0,0,0,0,0,0,0,0,0,0,0,0,0,0,0,0,0,0,0,0,0,0,0,0,0,0,0,0,0
2019-03-23,,,,,,,,,,,,,,,,,,,,,,,,,,,,,,,,,,,,,,,,,0,0,0,0,0,0,0,0,0,0,0,0,0,0,0,0,0,0,0,0,0,0,0,0,0,0,0,0,0,0,0,0,0,0,0,0,0,0,0,0
2019-03-24,,,,,,,,,,,,,,,,,,,,,,,,,,,,,,,,,,,,,,,,,0,0,0,0,0,0,0,0,0,0,0,0,0,0,0,0,0,0,0,0,0,0,0,0,0,0,0,0,0,0,0,0,0,0,0,0,0,0,0,0
2019-03-25,,,,,,,,,,,,,,,,,,,,,,,,,,,,,,,,,,,,,,,,,0,0,0,0,0,0,0,0,0,0,0,0,0,0,0,0,0,0,0,0,0,0,0,0,0,0,0,0,0,0,0,0,0,0,0,0,0,0,0,0
2019-03-26,,,,,,,,,,,,,,,,,,,,,,,,,,,,,,,,,,,,,,,,,0,0,0,0,0,0,0,0,0,0,0,0,0,0,0,0,0,0,0,0,0,0,0,0,0,0,0,0,0,0,0,0,0,0,0,0,0,0,0,0
2019-03-27,,,,,,,,,,,,,,,,,,,,,,,,,,,,,,,,,,,,,,,,,0,0,0,0,0,0,0,0,0,0,0,0,0,0,0,0,0,0,0,0,0,0,0,0,0,0,0,0,0,0,0,0,0,0,0,0,0,0,0,0
2019-03-28,,,,,,,,,,,,,,,,,,,,,,,,,,,,,,,,,,,,,,,,,0,0,0,0,0,0,0,0,0,0,0,0,0,0,0,0,0,0,0,0,0,0,0,0,0,0,0,0,0,0,0,0,0,0,0,0,0,0,0,0
2019-03-29,,,,,,,,,,,,,,,,,,,,,,,,,,,,,,,,,,,,,,,,,0,0,0,0,0,0,0,0,0,0,0,0,0,0,0,0,0,0,0,0,0,0,0,0,0,0,0,0,0,0,0,0,0,0,0,0,0,0,0,0
2019-03-30,,,,,,,,,,,,,,,,,,,,,,,,,,,,,,,,,,,,,,,,,0,0,0,0,0,0,0,0,0,0,0,0,0,0,0,0,0,0,0,0,0,0,0,0,0,0,0,0,0,0,0,0,0,0,0,0,0,0,0,0
2019-03-31,,,,,,,,,,,,,,,,,,,,,,,,,,,,,,,,,,,,,,,,,0,0,0,0,0,0,0,0,0,0,0,0,0,0,0,0,0,0,0,0,0,0,0,0,0,0,0,0,0,0,0,0,0,0,0,0,0,0,0,0
2019-04-01,,,,,,,,,,,,,,,,,,,,,,,,,,,,,,,,,,,,,,,,,0,0,0,0,0,0,0,0,0,0,0,0,0,0,0,0,0,0,0,0,0,0,0,0,0,0,0,0,0,0,0,0,0,0,0,0,0,0,0,0
2019-04-02,,,,,,,,,,,,,,,,,,,,,,,,,,,,,,,,,,,,,,,,,0,0,0,0,0,0,0,0,0,0,0,0,0,0,0,0,0,0,0,0,0,0,0,0,0,0,0,0,0,0,0,0,0,0,0,0,0,0,0,0
2019-04-03,,,,,,,,,,,,,,,,,,,,,,,,,,,,,,,,,,,,,,,,,0,0,0,0,0,0,0,0,0,0,0,0,0,0,0,0,0,0,0,0,0,0,0,0,0,0,0,0,0,0,0,0,0,0,0,0,0,0,0,0
2019-04-04,,,,,,,,,,,,,,,,,,,,,,,,,,,,,,,,,,,,,,,,,0,0,0,0,0,0,0,0,0,0,0,0,0,0,0,0,0,0,0,0,0,0,0,0,0,0,0,0,0,0,0,0,0,0,0,0,0,0,0,0
2019-04-05,,,,,,,,,,,,,,,,,,,,,,,,,,,,,,,,,,,,,,,,,0,0,0,0,0,0,0,0,0,0,0,0,0,0,0,0,0,0,0,0,0,0,0,0,0,0,0,0,0,0,0,0,0,0,0,0,0,0,0,0
2019-04-06,,,,,,,,,,,,,,,,,,,,,,,,,,,,,,,,,,,,,,,,,0,0,0,0,0,0,0,0,0,0,0,0,0,0,0,0,0,0,0,0,0,0,0,0,0,0,0,0,0,0,0,0,0,0,0,0,0,0,0,0
2019-04-07,,,,,,,,,,,,,,,,,,,,,,,,,,,,,,,,,,,,,,,,,0,0,0,0,0,0,0,0,0,0,0,0,0,0,0,0,0,0,0,0,0,0,0,0,0,0,0,0,0,0,0,0,0,0,0,0,0,0,0,0
2019-04-08,,,,,,,,,,,,,,,,,,,,,,,,,,,,,,,,,,,,,,,,,0,0,0,0,0,0,0,0,0,0,0,0,0,0,0,0,0,0,0,0,0,0,0,0,0,0,0,0,0,0,0,0,0,0,0,0,0,0,0,0
2019-04-09,,,,,,,,,,,,,,,,,,,,,,,,,,,,,,,,,,,,,,,,,0,0,0,0,0,0,0,0,0,0,0,0,0,0,0,0,0,0,0,0,0,0,0,0,0,0,0,0,0,0,0,0,0,0,0,0,0,0,0,0
2019-04-10,,,,,,,,,,,,,,,,,,,,,,,,,,,,,,,,,,,,,,,,,0,0,0,0,0,0,0,0,0,0,0,0,0,0,0,0,0,0,0,0,0,0,0,0,0,0,0,0,0,0,0,0,0,0,0,0,0,0,0,0
2019-04-11,,,,,,,,,,,,,,,,,,,,,,,,,,,,,,,,,,,,,,,,,0,0,0,0,0,0,0,0,0,0,0,0,0,0,0,0,0,0,0,0,0,0,0,0,0,0,0,0,0,0,0,0,0,0,0,0,0,0,0,0
2019-04-12,,,,,,,,,,,,,,,,,,,,,,,,,,,,,,,,,,,,,,,,,0,0,0,0,0,0,0,0,0,0,0,0,0,0,0,0,0,0,0,0,0,0,0,0,0,0,0,0,0,0,0,0,0,0,0,0,0,0,0,0
2019-04-13,,,,,,,,,,,,,,,,,,,,,,,,,,,,,,,,,,,,,,,,,0,0,0,0,0,0,0,0,0,0,0,0,0,0,0,0,0,0,0,0,0,0,0,0,0,0,0,0,0,0,0,0,0,0,0,0,0,0,0,0
2019-04-14,,,,,,,,,,,,,,,,,,,,,,,,,,,,,,,,,,,,,,,,,0,0,0,0,0,0,0,0,0,0,0,0,0,0,0,0,0,0,0,0,0,0,0,0,0,0,0,0,0,0,0,0,0,0,0,0,0,0,0,0
2019-04-15,,,,,,,,,,,,,,,,,,,,,,,,,,,,,,,,,,,,,,,,,0,0,0,0,0,0,0,0,0,0,0,0,0,0,0,0,0,0,0,0,0,0,0,0,0,0,0,0,0,0,0,0,0,0,0,0,0,0,0,0
2019-04-16,,,,,,,,,,,,,,,,,,,,,,,,,,,,,,,,,,,,,,,,,0,0,0,0,0,0,0,0,0,0,0,0,0,0,0,0,0,0,0,0,0,0,0,0,0,0,0,0,0,0,0,0,0,0,0,0,0,0,0,0
2019-04-17,,,,,,,,,,,,,,,,,,,,,,,,,,,,,,,,,,,,,,,,,0,0,0,0,0,0,0,0,0,0,0,0,0,0,0,0,0,0,0,0,0,0,0,0,0,0,0,0,0,0,0,0,0,0,0,0,0,0,0,0
2019-04-18,,,,,,,,,,,,,,,,,,,,,,,,,,,,,,,,,,,,,,,,,0,0,0,0,0,0,0,0,0,0,0,0,0,0,0,0,0,0,0,0,0,0,0,0,0,0,0,0,0,0,0,0,0,0,0,0,0,0,0,0
2019-04-19,,,,,,,,,,,,,,,,,,,,,,,,,,,,,,,,,,,,,,,,,0,0,0,0,0,0,0,0,0,0,0,0,0,0,0,0,0,0,0,0,0,0,0,0,0,0,0,0,0,0,0,0,0,0,0,0,0,0,0,0
2019-04-20,,,,,,,,,,,,,,,,,,,,,,,,,,,,,,,,,,,,,,,,,0,0,0,0,0,0,0,0,0,0,0,0,0,0,0,0,0,0,0,0,0,0,0,0,0,0,0,0,0,0,0,0,0,0,0,0,0,0,0,0
2019-04-21,,,,,,,,,,,,,,,,,,,,,,,,,,,,,,,,,,,,,,,,,0,0,0,0,0,0,0,0,0,0,0,0,0,0,0,0,0,0,0,0,0,0,0,0,0,0,0,0,0,0,0,0,0,0,0,0,0,0,0,0
2019-04-22,,,,,,,,,,,,,,,,,,,,,,,,,,,,,,,,,,,,,,,,,0,0,0,0,0,0,0,0,0,0,0,0,0,0,0,0,0,0,0,0,0,0,0,0,0,0,0,0,0,0,0,0,0,0,0,0,0,0,0,0
2019-04-23,,,,,,,,,,,,,,,,,,,,,,,,,,,,,,,,,,,,,,,,,0,0,0,0,0,0,0,0,0,0,0,0,0,0,0,0,0,0,0,0,0,0,0,0,0,0,0,0,0,0,0,0,0,0,0,0,0,0,0,0
2019-04-24,,,,,,,,,,,,,,,,,,,,,,,,,,,,,,,,,,,,,,,,,0,0,0,0,0,0,0,0,0,0,0,0,0,0,0,0,0,0,0,0,0,0,0,0,0,0,0,0,0,0,0,0,0,0,0,0,0,0,0,0
2019-04-25,,,,,,,,,,,,,,,,,,,,,,,,,,,,,,,,,,,,,,,,,0,0,0,0,0,0,0,0,0,0,0,0,0,0,0,0,0,0,0,0,0,0,0,0,0,0,0,0,0,0,0,0,0,0,0,0,0,0,0,0
2019-04-26,,,,,,,,,,,,,,,,,,,,,,,,,,,,,,,,,,,,,,,,,0,0,0,0,0,0,0,0,0,0,0,0,0,0,0,0,0,0,0,0,0,0,0,0,0,0,0,0,0,0,0,0,0,0,0,0,0,0,0,0
2019-04-27,,,,,,,,,,,,,,,,,,,,,,,,,,,,,,,,,,,,,,,,,0,0,0,0,0,0,0,0,0,0,0,0,0,0,0,0,0,0,0,0,0,0,0,0,0,0,0,0,0,0,0,0,0,0,0,0,0,0,0,0
2019-04-28,,,,,,,,,,,,,,,,,,,,,,,,,,,,,,,,,,,,,,,,,0,0,0,0,0,0,0,0,0,0,0,0,0,0,0,0,0,0,0,0,0,0,0,0,0,0,0,0,0,0,0,0,0,0,0,0,0,0,0,0
2019-04-29,,,,,,,,,,,,,,,,,,,,,,,,,,,,,,,,,,,,,,,,,0,0,0,0,0,0,0,0,0,0,0,0,0,0,0,0,0,0,0,0,0,0,0,0,0,0,0,0,0,0,0,0,0,0,0,0,0,0,0,0
2019-04-30,,,,,,,,,,,,,,,,,,,,,,,,,,,,,,,,,,,,,,,,,0,0,0,0,0,0,0,0,0,0,0,0,0,0,0,0,0,0,0,0,0,0,0,0,0,0,0,0,0,0,0,0,0,0,0,0,0,0,0,0
2019-05-01,,,,,,,,,,,,,,,,,,,,,,,,,,,,,,,,,,,,,,,,,0,0,0,0,0,0,0,0,0,0,0,0,0,0,0,0,0,0,0,0,0,0,0,0,0,0,0,0,0,0,0,0,0,0,0,0,0,0,0,0
2019-05-02,,,,,,,,,,,,,,,,,,,,,,,,,,,,,,,,,,,,,,,,,0,0,0,0,0,0,0,0,0,0,0,0,0,0,0,0,0,0,0,0,0,0,0,0,0,0,0,0,0,0,0,0,0,0,0,0,0,0,0,0
2019-05-03,,,,,,,,,,,,,,,,,,,,,,,,,,,,,,,,,,,,,,,,,0,0,0,0,0,0,0,0,0,0,0,0,0,0,0,0,0,0,0,0,0,0,0,0,0,0,0,0,0,0,0,0,0,0,0,0,0,0,0,0
2019-05-04,,,,,,,,,,,,,,,,,,,,,,,,,,,,,,,,,,,,,,,,,0,0,0,0,0,0,0,0,0,0,0,0,0,0,0,0,0,0,0,0,0,0,0,0,0,0,0,0,0,0,0,0,0,0,0,0,0,0,0,0
2019-05-05,,,,,,,,,,,,,,,,,,,,,,,,,,,,,,,,,,,,,,,,,0,0,0,0,0,0,0,0,0,0,0,0,0,0,0,0,0,0,0,0,0,0,0,0,0,0,0,0,0,0,0,0,0,0,0,0,0,0,0,0
2019-05-06,,,,,,,,,,,,,,,,,,,,,,,,,,,,,,,,,,,,,,,,,0,0,0,0,0,0,0,0,0,0,0,0,0,0,0,0,0,0,0,0,0,0,0,0,0,0,0,0,0,0,0,0,0,0,0,0,0,0,0,0
2019-05-07,,,,,,,,,,,,,,,,,,,,,,,,,,,,,,,,,,,,,,,,,0,0,0,0,0,0,0,0,0,0,0,0,0,0,0,0,0,0,0,0,0,0,0,0,0,0,0,0,0,0,0,0,0,0,0,0,0,0,0,0
2019-05-08,,,,,,,,,,,,,,,,,,,,,,,,,,,,,,,,,,,,,,,,,0,0,0,0,0,0,0,0,0,0,0,0,0,0,0,0,0,0,0,0,0,0,0,0,0,0,0,0,0,0,0,0,0,0,0,0,0,0,0,0
2019-05-09,,,,,,,,,,,,,,,,,,,,,,,,,,,,,,,,,,,,,,,,,0,0,0,0,0,0,0,0,0,0,0,0,0,0,0,0,0,0,0,0,0,0,0,0,0,0,0,0,0,0,0,0,0,0,0,0,0,0,0,0
2019-05-10,,,,,,,,,,,,,,,,,,,,,,,,,,,,,,,,,,,,,,,,,0,0,0,0,0,0,0,0,0,0,0,0,0,0,0,0,0,0,0,0,0,0,0,0,0,0,0,0,0,0,0,0,0,0,0,0,0,0,0,0
2019-05-11,,,,,,,,,,,,,,,,,,,,,,,,,,,,,,,,,,,,,,,,,0,0,0,0,0,0,0,0,0,0,0,0,0,0,0,0,0,0,0,0,0,0,0,0,0,0,0,0,0,0,0,0,0,0,0,0,0,0,0,0
2019-05-12,,,,,,,,,,,,,,,,,,,,,,,,,,,,,,,,,,,,,,,,,0,0,0,0,0,0,0,0,0,0,0,0,0,0,0,0,0,0,0,0,0,0,0,0,0,0,0,0,0,0,0,0,0,0,0,0,0,0,0,0
2019-05-13,,,,,,,,,,,,,,,,,,,,,,,,,,,,,,,,,,,,,,,,,0,0,0,0,0,0,0,0,0,0,0,0,0,0,0,0,0,0,0,0,0,0,0,0,0,0,0,0,0,0,0,0,0,0,0,0,0,0,0,0
2019-05-14,,,,,,,,,,,,,,,,,,,,,,,,,,,,,,,,,,,,,,,,,0,0,0,0,0,0,0,0,0,0,0,0,0,0,0,0,0,0,0,0,0,0,0,0,0,0,0,0,0,0,0,0,0,0,0,0,0,0,0,0
2019-05-15,,,,,,,,,,,,,,,,,,,,,,,,,,,,,,,,,,,,,,,,,0,0,0,0,0,0,0,0,0,0,0,0,0,0,0,0,0,0,0,0,0,0,0,0,0,0,0,0,0,0,0,0,0,0,0,0,0,0,0,0
2019-05-16,,,,,,,,,,,,,,,,,,,,,,,,,,,,,,,,,,,,,,,,,0,0,0,0,0,0,0,0,0,0,0,0,0,0,0,0,0,0,0,0,0,0,0,0,0,0,0,0,0,0,0,0,0,0,0,0,0,0,0,0
2019-05-17,,,,,,,,,,,,,,,,,,,,,,,,,,,,,,,,,,,,,,,,,0,0,0,0,0,0,0,0,0,0,0,0,0,0,0,0,0,0,0,0,0,0,0,0,0,0,0,0,0,0,0,0,0,0,0,0,0,0,0,0
2019-05-18,,,,,,,,,,,,,,,,,,,,,,,,,,,,,,,,,,,,,,,,,0,0,0,0,0,0,0,0,0,0,0,0,0,0,0,0,0,0,0,0,0,0,0,0,0,0,0,0,0,0,0,0,0,0,0,0,0,0,0,0
2019-05-19,,,,,,,,,,,,,,,,,,,,,,,,,,,,,,,,,,,,,,,,,0,0,0,0,0,0,0,0,0,0,0,0,0,0,0,0,0,0,0,0,0,0,0,0,0,0,0,0,0,0,0,0,0,0,0,0,0,0,0,0
2019-05-20,,,,,,,,,,,,,,,,,,,,,,,,,,,,,,,,,,,,,,,,,0,0,0,0,0,0,0,0,0,0,0,0,0,0,0,0,0,0,0,0,0,0,0,0,0,0,0,0,0,0,0,0,0,0,0,0,0,0,0,0
2019-05-21,,,,,,,,,,,,,,,,,,,,,,,,,,,,,,,,,,,,,,,,,0,0,0,0,0,0,0,0,0,0,0,0,0,0,0,0,0,0,0,0,0,0,0,0,0,0,0,0,0,0,0,0,0,0,0,0,0,0,0,0
2019-05-22,,,,,,,,,,,,,,,,,,,,,,,,,,,,,,,,,,,,,,,,,0,0,0,0,0,0,0,0,0,0,0,0,0,0,0,0,0,0,0,0,0,0,0,0,0,0,0,0,0,0,0,0,0,0,0,0,0,0,0,0
2019-05-23,,,,,,,,,,,,,,,,,,,,,,,,,,,,,,,,,,,,,,,,,0,0,0,0,0,0,0,0,0,0,0,0,0,0,0,0,0,0,0,0,0,0,0,0,0,0,0,0,0,0,0,0,0,0,0,0,0,0,0,0
2019-05-24,,,,,,,,,,,,,,,,,,,,,,,,,,,,,,,,,,,,,,,,,0,0,0,0,0,0,0,0,0,0,0,0,0,0,0,0,0,0,0,0,0,0,0,0,0,0,0,0,0,0,0,0,0,0,0,0,0,0,0,0
2019-05-25,,,,,,,,,,,,,,,,,,,,,,,,,,,,,,,,,,,,,,,,,0,0,0,0,0,0,0,0,0,0,0,0,0,0,0,0,0,0,0,0,0,0,0,0,0,0,0,0,0,0,0,0,0,0,0,0,0,0,0,0
2019-05-26,,,,,,,,,,,,,,,,,,,,,,,,,,,,,,,,,,,,,,,,,0,0,0,0,0,0,0,0,0,0,0,0,0,0,0,0,0,0,0,0,0,0,0,0,0,0,0,0,0,0,0,0,0,0,0,0,0,0,0,0
2019-05-27,,,,,,,,,,,,,,,,,,,,,,,,,,,,,,,,,,,,,,,,,0,0,0,0,0,0,0,0,0,0,0,0,0,0,0,0,0,0,0,0,0,0,0,0,0,0,0,0,0,0,0,0,0,0,0,0,0,0,0,0
2019-05-28,,,,,,,,,,,,,,,,,,,,,,,,,,,,,,,,,,,,,,,,,0,0,0,0,0,0,0,0,0,0,0,0,0,0,0,0,0,0,0,0,0,0,0,0,0,0,0,0,0,0,0,0,0,0,0,0,0,0,0,0
2019-05-29,,,,,,,,,,,,,,,,,,,,,,,,,,,,,,,,,,,,,,,,,0,0,0,0,0,0,0,0,0,0,0,0,0,0,0,0,0,0,0,0,0,0,0,0,0,0,0,0,0,0,0,0,0,0,0,0,0,0,0,0
2019-05-30,,,,,,,,,,,,,,,,,,,,,,,,,,,,,,,,,,,,,,,,,0,0,0,0,0,0,0,0,0,0,0,0,0,0,0,0,0,0,0,0,0,0,0,0,0,0,0,0,0,0,0,0,0,0,0,0,0,0,0,0
2019-05-31,,,,,,,,,,,,,,,,,,,,,,,,,,,,,,,,,,,,,,,,,0,0,0,0,0,0,0,0,0,0,0,0,0,0,0,0,0,0,0,0,0,0,0,0,0,0,0,0,0,0,0,0,0,0,0,0,0,0,0,0
2019-06-01,,,,,,,,,,,,,,,,,,,,,,,,,,,,,,,,,,,,,,,,,0,0,0,0,0,0,0,0,0,0,0,0,0,0,0,0,0,0,0,0,0,0,0,0,0,0,0,0,0,0,0,0,0,0,0,0,0,0,0,0
2019-06-02,,,,,,,,,,,,,,,,,,,,,,,,,,,,,,,,,,,,,,,,,0,0,0,0,0,0,0,0,0,0,0,0,0,0,0,0,0,0,0,0,0,0,0,0,0,0,0,0,0,0,0,0,0,0,0,0,0,0,0,0
2019-06-03,,,,,,,,,,,,,,,,,,,,,,,,,,,,,,,,,,,,,,,,,0,0,0,0,0,0,0,0,0,0,0,0,0,0,0,0,0,0,0,0,0,0,0,0,0,0,0,0,0,0,0,0,0,0,0,0,0,0,0,0
2019-06-04,,,,,,,,,,,,,,,,,,,,,,,,,,,,,,,,,,,,,,,,,0,0,0,0,0,0,0,0,0,0,0,0,0,0,0,0,0,0,0,0,0,0,0,0,0,0,0,0,0,0,0,0,0,0,0,0,0,0,0,0
2019-06-05,,,,,,,,,,,,,,,,,,,,,,,,,,,,,,,,,,,,,,,,,0,0,0,0,0,0,0,0,0,0,0,0,0,0,0,0,0,0,0,0,0,0,0,0,0,0,0,0,0,0,0,0,0,0,0,0,0,0,0,0
2019-06-06,,,,,,,,,,,,,,,,,,,,,,,,,,,,,,,,,,,,,,,,,0,0,0,0,0,0,0,0,0,0,0,0,0,0,0,0,0,0,0,0,0,0,0,0,0,0,0,0,0,0,0,0,0,0,0,0,0,0,0,0
2019-06-07,,,,,,,,,,,,,,,,,,,,,,,,,,,,,,,,,,,,,,,,,0,0,0,0,0,0,0,0,0,0,0,0,0,0,0,0,0,0,0,0,0,0,0,0,0,0,0,0,0,0,0,0,0,0,0,0,0,0,0,0
2019-06-08,,,,,,,,,,,,,,,,,,,,,,,,,,,,,,,,,,,,,,,,,0,0,0,0,0,0,0,0,0,0,0,0,0,0,0,0,0,0,0,0,0,0,0,0,0,0,0,0,0,0,0,0,0,0,0,0,0,0,0,0
2019-06-09,,,,,,,,,,,,,,,,,,,,,,,,,,,,,,,,,,,,,,,,,0,0,0,0,0,0,0,0,0,0,0,0,0,0,0,0,0,0,0,0,0,0,0,0,0,0,0,0,0,0,0,0,0,0,0,0,0,0,0,0
2019-06-10,,,,,,,,,,,,,,,,,,,,,,,,,,,,,,,,,,,,,,,,,0,0,0,0,0,0,0,0,0,0,0,0,0,0,0,0,0,0,0,0,0,0,0,0,0,0,0,0,0,0,0,0,0,0,0,0,0,0,0,0
2019-06-11,,,,,,,,,,,,,,,,,,,,,,,,,,,,,,,,,,,,,,,,,0,0,0,0,0,0,0,0,0,0,0,0,0,0,0,0,0,0,0,0,0,0,0,0,0,0,0,0,0,0,0,0,0,0,0,0,0,0,0,0
2019-06-12,,,,,,,,,,,,,,,,,,,,,,,,,,,,,,,,,,,,,,,,,0,0,0,0,0,0,0,0,0,0,0,0,0,0,0,0,0,0,0,0,0,0,0,0,0,0,0,0,0,0,0,0,0,0,0,0,0,0,0,0
2019-06-13,,,,,,,,,,,,,,,,,,,,,,,,,,,,,,,,,,,,,,,,,0,0,0,0,0,0,0,0,0,0,0,0,0,0,0,0,0,0,0,0,0,0,0,0,0,0,0,0,0,0,0,0,0,0,0,0,0,0,0,0
2019-06-14,,,,,,,,,,,,,,,,,,,,,,,,,,,,,,,,,,,,,,,,,0,0,0,0,0,0,0,0,0,0,0,0,0,0,0,0,0,0,0,0,0,0,0,0,0,0,0,0,0,0,0,0,0,0,0,0,0,0,0,0
2019-06-15,,,,,,,,,,,,,,,,,,,,,,,,,,,,,,,,,,,,,,,,,0,0,0,0,0,0,0,0,0,0,0,0,0,0,0,0,0,0,0,0,0,0,0,0,0,0,0,0,0,0,0,0,0,0,0,0,0,0,0,0
2019-06-16,,,,,,,,,,,,,,,,,,,,,,,,,,,,,,,,,,,,,,,,,0,0,0,0,0,0,0,0,0,0,0,0,0,0,0,0,0,0,0,0,0,0,0,0,0,0,0,0,0,0,0,0,0,0,0,0,0,0,0,0
2019-06-17,,,,,,,,,,,,,,,,,,,,,,,,,,,,,,,,,,,,,,,,,0,0,0,0,0,0,0,0,0,0,0,0,0,0,0,0,0,0,0,0,0,0,0,0,0,0,0,0,0,0,0,0,0,0,0,0,0,0,0,0
2019-06-18,,,,,,,,,,,,,,,,,,,,,,,,,,,,,,,,,,,,,,,,,0,0,0,0,0,0,0,0,0,0,0,0,0,0,0,0,0,0,0,0,0,0,0,0,0,0,0,0,0,0,0,0,0,0,0,0,0,0,0,0
2019-06-19,,,,,,,,,,,,,,,,,,,,,,,,,,,,,,,,,,,,,,,,,0,0,0,0,0,0,0,0,0,0,0,0,0,0,0,0,0,0,0,0,0,0,0,0,0,0,0,0,0,0,0,0,0,0,0,0,0,0,0,0
2019-06-20,,,,,,,,,,,,,,,,,,,,,,,,,,,,,,,,,,,,,,,,,0,0,0,0,0,0,0,0,0,0,0,0,0,0,0,0,0,0,0,0,0,0,0,0,0,0,0,0,0,0,0,0,0,0,0,0,0,0,0,0
2019-06-21,,,,,,,,,,,,,,,,,,,,,,,,,,,,,,,,,,,,,,,,,0,0,0,0,0,0,0,0,0,0,0,0,0,0,0,0,0,0,0,0,0,0,0,0,0,0,0,0,0,0,0,0,0,0,0,0,0,0,0,0
2019-06-22,,,,,,,,,,,,,,,,,,,,,,,,,,,,,,,,,,,,,,,,,0,0,0,0,0,0,0,0,0,0,0,0,0,0,0,0,0,0,0,0,0,0,0,0,0,0,0,0,0,0,0,0,0,0,0,0,0,0,0,0
2019-06-23,,,,,,,,,,,,,,,,,,,,,,,,,,,,,,,,,,,,,,,,,0,0,0,0,0,0,0,0,0,0,0,0,0,0,0,0,0,0,0,0,0,0,0,0,0,0,0,0,0,0,0,0,0,0,0,0,0,0,0,0
2019-06-24,,,,,,,,,,,,,,,,,,,,,,,,,,,,,,,,,,,,,,,,,0,0,0,0,0,0,0,0,0,0,0,0,0,0,0,0,0,0,0,0,0,0,0,0,0,0,0,0,0,0,0,0,0,0,0,0,0,0,0,0
2019-06-25,,,,,,,,,,,,,,,,,,,,,,,,,,,,,,,,,,,,,,,,,0,0,0,0,0,0,0,0,0,0,0,0,0,0,0,0,0,0,0,0,0,0,0,0,0,0,0,0,0,0,0,0,0,0,0,0,0,0,0,0
2019-06-26,,,,,,,,,,,,,,,,,,,,,,,,,,,,,,,,,,,,,,,,,0,0,0,0,0,0,0,0,0,0,0,0,0,0,0,0,0,0,0,0,0,0,0,0,0,0,0,0,0,0,0,0,0,0,0,0,0,0,0,0
2019-06-27,,,,,,,,,,,,,,,,,,,,,,,,,,,,,,,,,,,,,,,,,0,0,0,0,0,0,0,0,0,0,0,0,0,0,0,0,0,0,0,0,0,0,0,0,0,0,0,0,0,0,0,0,0,0,0,0,0,0,0,0
2019-06-28,,,,,,,,,,,,,,,,,,,,,,,,,,,,,,,,,,,,,,,,,0,0,0,0,0,0,0,0,0,0,0,0,0,0,0,0,0,0,0,0,0,0,0,0,0,0,0,0,0,0,0,0,0,0,0,0,0,0,0,0
2019-06-29,,,,,,,,,,,,,,,,,,,,,,,,,,,,,,,,,,,,,,,,,0,0,0,0,0,0,0,0,0,0,0,0,0,0,0,0,0,0,0,0,0,0,0,0,0,0,0,0,0,0,0,0,0,0,0,0,0,0,0,0
2019-06-30,,,,,,,,,,,,,,,,,,,,,,,,,,,,,,,,,,,,,,,,,0,0,0,0,0,0,0,0,0,0,0,0,0,0,0,0,0,0,0,0,0,0,0,0,0,0,0,0,0,0,0,0,0,0,0,0,0,0,0,0
2019-07-01,,,,,,,,,,,,,,,,,,,,,,,,,,,,,,,,,,,,,,,,,0,0,0,0,0,0,0,0,0,0,0,0,0,0,0,0,0,0,0,0,0,0,0,0,0,0,0,0,0,0,0,0,0,0,0,0,0,0,0,0
2019-07-02,,,,,,,,,,,,,,,,,,,,,,,,,,,,,,,,,,,,,,,,,0,0,0,0,0,0,0,0,0,0,0,0,0,0,0,0,0,0,0,0,0,0,0,0,0,0,0,0,0,0,0,0,0,0,0,0,0,0,0,0
2019-07-03,,,,,,,,,,,,,,,,,,,,,,,,,,,,,,,,,,,,,,,,,0,0,0,0,0,0,0,0,0,0,0,0,0,0,0,0,0,0,0,0,0,0,0,0,0,0,0,0,0,0,0,0,0,0,0,0,0,0,0,0
2019-07-04,,,,,,,,,,,,,,,,,,,,,,,,,,,,,,,,,,,,,,,,,0,0,0,0,0,0,0,0,0,0,0,0,0,0,0,0,0,0,0,0,0,0,0,0,0,0,0,0,0,0,0,0,0,0,0,0,0,0,0,0
2019-07-05,,,,,,,,,,,,,,,,,,,,,,,,,,,,,,,,,,,,,,,,,0,0,0,0,0,0,0,0,0,0,0,0,0,0,0,0,0,0,0,0,0,0,0,0,0,0,0,0,0,0,0,0,0,0,0,0,0,0,0,0
2019-07-06,,,,,,,,,,,,,,,,,,,,,,,,,,,,,,,,,,,,,,,,,0,0,0,0,0,0,0,0,0,0,0,0,0,0,0,0,0,0,0,0,0,0,0,0,0,0,0,0,0,0,0,0,0,0,0,0,0,0,0,0
2019-07-07,,,,,,,,,,,,,,,,,,,,,,,,,,,,,,,,,,,,,,,,,0,0,0,0,0,0,0,0,0,0,0,0,0,0,0,0,0,0,0,0,0,0,0,0,0,0,0,0,0,0,0,0,0,0,0,0,0,0,0,0
2019-07-08,,,,,,,,,,,,,,,,,,,,,,,,,,,,,,,,,,,,,,,,,0,0,0,0,0,0,0,0,0,0,0,0,0,0,0,0,0,0,0,0,0,0,0,0,0,0,0,0,0,0,0,0,0,0,0,0,0,0,0,0
2019-07-09,,,,,,,,,,,,,,,,,,,,,,,,,,,,,,,,,,,,,,,,,0,0,0,0,0,0,0,0,0,0,0,0,0,0,0,0,0,0,0,0,0,0,0,0,0,0,0,0,0,0,0,0,0,0,0,0,0,0,0,0
2019-07-10,,,,,,,,,,,,,,,,,,,,,,,,,,,,,,,,,,,,,,,,,0,0,0,0,0,0,0,0,0,0,0,0,0,0,0,0,0,0,0,0,0,0,0,0,0,0,0,0,0,0,0,0,0,0,0,0,0,0,0,0
2019-07-11,,,,,,,,,,,,,,,,,,,,,,,,,,,,,,,,,,,,,,,,,0,0,0,0,0,0,0,0,0,0,0,0,0,0,0,0,0,0,0,0,0,0,0,0,0,0,0,0,0,0,0,0,0,0,0,0,0,0,0,0
2019-07-12,,,,,,,,,,,,,,,,,,,,,,,,,,,,,,,,,,,,,,,,,0,0,0,0,0,0,0,0,0,0,0,0,0,0,0,0,0,0,0,0,0,0,0,0,0,0,0,0,0,0,0,0,0,0,0,0,0,0,0,0
2019-07-13,,,,,,,,,,,,,,,,,,,,,,,,,,,,,,,,,,,,,,,,,0,0,0,0,0,0,0,0,0,0,0,0,0,0,0,0,0,0,0,0,0,0,0,0,0,0,0,0,0,0,0,0,0,0,0,0,0,0,0,0
2019-07-14,,,,,,,,,,,,,,,,,,,,,,,,,,,,,,,,,,,,,,,,,0,0,0,0,0,0,0,0,0,0,0,0,0,0,0,0,0,0,0,0,0,0,0,0,0,0,0,0,0,0,0,0,0,0,0,0,0,0,0,0
2019-07-15,,,,,,,,,,,,,,,,,,,,,,,,,,,,,,,,,,,,,,,,,0,0,0,0,0,0,0,0,0,0,0,0,0,0,0,0,0,0,0,0,0,0,0,0,0,0,0,0,0,0,0,0,0,0,0,0,0,0,0,0
2019-07-16,,,,,,,,,,,,,,,,,,,,,,,,,,,,,,,,,,,,,,,,,0,0,0,0,0,0,0,0,0,0,0,0,0,0,0,0,0,0,0,0,0,0,0,0,0,0,0,0,0,0,0,0,0,0,0,0,0,0,0,0
2019-07-17,,,,,,,,,,,,,,,,,,,,,,,,,,,,,,,,,,,,,,,,,0,0,0,0,0,0,0,0,0,0,0,0,0,0,0,0,0,0,0,0,0,0,0,0,0,0,0,0,0,0,0,0,0,0,0,0,0,0,0,0
2019-07-18,,,,,,,,,,,,,,,,,,,,,,,,,,,,,,,,,,,,,,,,,0,0,0,0,0,0,0,0,0,0,0,0,0,0,0,0,0,0,0,0,0,0,0,0,0,0,0,0,0,0,0,0,0,0,0,0,0,0,0,0
2019-07-19,,,,,,,,,,,,,,,,,,,,,,,,,,,,,,,,,,,,,,,,,0,0,0,0,0,0,0,0,0,0,0,0,0,0,0,0,0,0,0,0,0,0,0,0,0,0,0,0,0,0,0,0,0,0,0,0,0,0,0,0
2019-07-20,,,,,,,,,,,,,,,,,,,,,,,,,,,,,,,,,,,,,,,,,0,0,0,0,0,0,0,0,0,0,0,0,0,0,0,0,0,0,0,0,0,0,0,0,0,0,0,0,0,0,0,0,0,0,0,0,0,0,0,0
2019-07-21,,,,,,,,,,,,,,,,,,,,,,,,,,,,,,,,,,,,,,,,,0,0,0,0,0,0,0,0,0,0,0,0,0,0,0,0,0,0,0,0,0,0,0,0,0,0,0,0,0,0,0,0,0,0,0,0,0,0,0,0
2019-07-22,,,,,,,,,,,,,,,,,,,,,,,,,,,,,,,,,,,,,,,,,0,0,0,0,0,0,0,0,0,0,0,0,0,0,0,0,0,0,0,0,0,0,0,0,0,0,0,0,0,0,0,0,0,0,0,0,0,0,0,0
2019-07-23,,,,,,,,,,,,,,,,,,,,,,,,,,,,,,,,,,,,,,,,,0,0,0,0,0,0,0,0,0,0,0,0,0,0,0,0,0,0,0,0,0,0,0,0,0,0,0,0,0,0,0,0,0,0,0,0,0,0,0,0
2019-07-24,,,,,,,,,,,,,,,,,,,,,,,,,,,,,,,,,,,,,,,,,0,0,0,0,0,0,0,0,0,0,0,0,0,0,0,0,0,0,0,0,0,0,0,0,0,0,0,0,0,0,0,0,0,0,0,0,0,0,0,0
2019-07-25,,,,,,,,,,,,,,,,,,,,,,,,,,,,,,,,,,,,,,,,,0,0,0,0,0,0,0,0,0,0,0,0,0,0,0,0,0,0,0,0,0,0,0,0,0,0,0,0,0,0,0,0,0,0,0,0,0,0,0,0
2019-07-26,,,,,,,,,,,,,,,,,,,,,,,,,,,,,,,,,,,,,,,,,0,0,0,0,0,0,0,0,0,0,0,0,0,0,0,0,0,0,0,0,0,0,0,0,0,0,0,0,0,0,0,0,0,0,0,0,0,0,0,0
2019-07-27,,,,,,,,,,,,,,,,,,,,,,,,,,,,,,,,,,,,,,,,,0,0,0,0,0,0,0,0,0,0,0,0,0,0,0,0,0,0,0,0,0,0,0,0,0,0,0,0,0,0,0,0,0,0,0,0,0,0,0,0
2019-07-28,,,,,,,,,,,,,,,,,,,,,,,,,,,,,,,,,,,,,,,,,0,0,0,0,0,0,0,0,0,0,0,0,0,0,0,0,0,0,0,0,0,0,0,0,0,0,0,0,0,0,0,0,0,0,0,0,0,0,0,0
2019-07-29,,,,,,,,,,,,,,,,,,,,,,,,,,,,,,,,,,,,,,,,,0,0,0,0,0,0,0,0,0,0,0,0,0,0,0,0,0,0,0,0,0,0,0,0,0,0,0,0,0,0,0,0,0,0,0,0,0,0,0,0
2019-07-30,,,,,,,,,,,,,,,,,,,,,,,,,,,,,,,,,,,,,,,,,0,0,0,0,0,0,0,0,0,0,0,0,0,0,0,0,0,0,0,0,0,0,0,0,0,0,0,0,0,0,0,0,0,0,0,0,0,0,0,0
2019-07-31,,,,,,,,,,,,,,,,,,,,,,,,,,,,,,,,,,,,,,,,,0,0,0,0,0,0,0,0,0,0,0,0,0,0,0,0,0,0,0,0,0,0,0,0,0,0,0,0,0,0,0,0,0,0,0,0,0,0,0,0
2019-08-01,,,,,,,,,,,,,,,,,,,,,,,,,,,,,,,,,,,,,,,,,0,0,0,0,0,0,0,0,0,0,0,0,0,0,0,0,0,0,0,0,0,0,0,0,0,0,0,0,0,0,0,0,0,0,0,0,0,0,0,0
2019-08-02,,,,,,,,,,,,,,,,,,,,,,,,,,,,,,,,,,,,,,,,,0,0,0,0,0,0,0,0,0,0,0,0,0,0,0,0,0,0,0,0,0,0,0,0,0,0,0,0,0,0,0,0,0,0,0,0,0,0,0,0
2019-08-03,,,,,,,,,,,,,,,,,,,,,,,,,,,,,,,,,,,,,,,,,0,0,0,0,0,0,0,0,0,0,0,0,0,0,0,0,0,0,0,0,0,0,0,0,0,0,0,0,0,0,0,0,0,0,0,0,0,0,0,0
2019-08-04,,,,,,,,,,,,,,,,,,,,,,,,,,,,,,,,,,,,,,,,,0,0,0,0,0,0,0,0,0,0,0,0,0,0,0,0,0,0,0,0,0,0,0,0,0,0,0,0,0,0,0,0,0,0,0,0,0,0,0,0
2019-08-05,,,,,,,,,,,,,,,,,,,,,,,,,,,,,,,,,,,,,,,,,0,0,0,0,0,0,0,0,0,0,0,0,0,0,0,0,0,0,0,0,0,0,0,0,0,0,0,0,0,0,0,0,0,0,0,0,0,0,0,0
2019-08-06,,,,,,,,,,,,,,,,,,,,,,,,,,,,,,,,,,,,,,,,,0,0,0,0,0,0,0,0,0,0,0,0,0,0,0,0,0,0,0,0,0,0,0,0,0,0,0,0,0,0,0,0,0,0,0,0,0,0,0,0
2019-08-07,,,,,,,,,,,,,,,,,,,,,,,,,,,,,,,,,,,,,,,,,0,0,0,0,0,0,0,0,0,0,0,0,0,0,0,0,0,0,0,0,0,0,0,0,0,0,0,0,0,0,0,0,0,0,0,0,0,0,0,0
2019-08-08,,,,,,,,,,,,,,,,,,,,,,,,,,,,,,,,,,,,,,,,,0,0,0,0,0,0,0,0,0,0,0,0,0,0,0,0,0,0,0,0,0,0,0,0,0,0,0,0,0,0,0,0,0,0,0,0,0,0,0,0
2019-08-09,,,,,,,,,,,,,,,,,,,,,,,,,,,,,,,,,,,,,,,,,0,0,0,0,0,0,0,0,0,0,0,0,0,0,0,0,0,0,0,0,0,0,0,0,0,0,0,0,0,0,0,0,0,0,0,0,0,0,0,0
2019-08-10,,,,,,,,,,,,,,,,,,,,,,,,,,,,,,,,,,,,,,,,,0,0,0,0,0,0,0,0,0,0,0,0,0,0,0,0,0,0,0,0,0,0,0,0,0,0,0,0,0,0,0,0,0,0,0,0,0,0,0,0
2019-08-11,,,,,,,,,,,,,,,,,,,,,,,,,,,,,,,,,,,,,,,,,0,0,0,0,0,0,0,0,0,0,0,0,0,0,0,0,0,0,0,0,0,0,0,0,0,0,0,0,0,0,0,0,0,0,0,0,0,0,0,0
2019-08-12,,,,,,,,,,,,,,,,,,,,,,,,,,,,,,,,,,,,,,,,,0,0,0,0,0,0,0,0,0,0,0,0,0,0,0,0,0,0,0,0,0,0,0,0,0,0,0,0,0,0,0,0,0,0,0,0,0,0,0,0
2019-08-13,,,,,,,,,,,,,,,,,,,,,,,,,,,,,,,,,,,,,,,,,0,0,0,0,0,0,0,0,0,0,0,0,0,0,0,0,0,0,0,0,0,0,0,0,0,0,0,0,0,0,0,0,0,0,0,0,0,0,0,0
2019-08-14,,,,,,,,,,,,,,,,,,,,,,,,,,,,,,,,,,,,,,,,,0,0,0,0,0,0,0,0,0,0,0,0,0,0,0,0,0,0,0,0,0,0,0,0,0,0,0,0,0,0,0,0,0,0,0,0,0,0,0,0
2019-08-15,,,,,,,,,,,,,,,,,,,,,,,,,,,,,,,,,,,,,,,,,0,0,0,0,0,0,0,0,0,0,0,0,0,0,0,0,0,0,0,0,0,0,0,0,0,0,0,0,0,0,0,0,0,0,0,0,0,0,0,0
2019-08-16,,,,,,,,,,,,,,,,,,,,,,,,,,,,,,,,,,,,,,,,,0,0,0,0,0,0,0,0,0,0,0,0,0,0,0,0,0,0,0,0,0,0,0,0,0,0,0,0,0,0,0,0,0,0,0,0,0,0,0,0
2019-08-17,,,,,,,,,,,,,,,,,,,,,,,,,,,,,,,,,,,,,,,,,0,0,0,0,0,0,0,0,0,0,0,0,0,0,0,0,0,0,0,0,0,0,0,0,0,0,0,0,0,0,0,0,0,0,0,0,0,0,0,0
2019-08-18,,,,,,,,,,,,,,,,,,,,,,,,,,,,,,,,,,,,,,,,,0,0,0,0,0,0,0,0,0,0,0,0,0,0,0,0,0,0,0,0,0,0,0,0,0,0,0,0,0,0,0,0,0,0,0,0,0,0,0,0
2019-08-19,,,,,,,,,,,,,,,,,,,,,,,,,,,,,,,,,,,,,,,,,0,0,0,0,0,0,0,0,0,0,0,0,0,0,0,0,0,0,0,0,0,0,0,0,0,0,0,0,0,0,0,0,0,0,0,0,0,0,0,0
2019-08-20,,,,,,,,,,,,,,,,,,,,,,,,,,,,,,,,,,,,,,,,,0,0,0,0,0,0,0,0,0,0,0,0,0,0,0,0,0,0,0,0,0,0,0,0,0,0,0,0,0,0,0,0,0,0,0,0,0,0,0,0
2019-08-21,,,,,,,,,,,,,,,,,,,,,,,,,,,,,,,,,,,,,,,,,0,0,0,0,0,0,0,0,0,0,0,0,0,0,0,0,0,0,0,0,0,0,0,0,0,0,0,0,0,0,0,0,0,0,0,0,0,0,0,0
2019-08-22,,,,,,,,,,,,,,,,,,,,,,,,,,,,,,,,,,,,,,,,,0,0,0,0,0,0,0,0,0,0,0,0,0,0,0,0,0,0,0,0,0,0,0,0,0,0,0,0,0,0,0,0,0,0,0,0,0,0,0,0
2019-08-23,,,,,,,,,,,,,,,,,,,,,,,,,,,,,,,,,,,,,,,,,0,0,0,0,0,0,0,0,0,0,0,0,0,0,0,0,0,0,0,0,0,0,0,0,0,0,0,0,0,0,0,0,0,0,0,0,0,0,0,0
2019-08-24,,,,,,,,,,,,,,,,,,,,,,,,,,,,,,,,,,,,,,,,,0,0,0,0,0,0,0,0,0,0,0,0,0,0,0,0,0,0,0,0,0,0,0,0,0,0,0,0,0,0,0,0,0,0,0,0,0,0,0,0
2019-08-25,,,,,,,,,,,,,,,,,,,,,,,,,,,,,,,,,,,,,,,,,0,0,0,0,0,0,0,0,0,0,0,0,0,0,0,0,0,0,0,0,0,0,0,0,0,0,0,0,0,0,0,0,0,0,0,0,0,0,0,0
2019-08-26,,,,,,,,,,,,,,,,,,,,,,,,,,,,,,,,,,,,,,,,,0,0,0,0,0,0,0,0,0,0,0,0,0,0,0,0,0,0,0,0,0,0,0,0,0,0,0,0,0,0,0,0,0,0,0,0,0,0,0,0
2019-08-27,,,,,,,,,,,,,,,,,,,,,,,,,,,,,,,,,,,,,,,,,0,0,0,0,0,0,0,0,0,0,0,0,0,0,0,0,0,0,0,0,0,0,0,0,0,0,0,0,0,0,0,0,0,0,0,0,0,0,0,0
2019-08-28,,,,,,,,,,,,,,,,,,,,,,,,,,,,,,,,,,,,,,,,,0,0,0,0,0,0,0,0,0,0,0,0,0,0,0,0,0,0,0,0,0,0,0,0,0,0,0,0,0,0,0,0,0,0,0,0,0,0,0,0
2019-08-29,,,,,,,,,,,,,,,,,,,,,,,,,,,,,,,,,,,,,,,,,0,0,0,0,0,0,0,0,0,0,0,0,0,0,0,0,0,0,0,0,0,0,0,0,0,0,0,0,0,0,0,0,0,0,0,0,0,0,0,0
2019-08-30,,,,,,,,,,,,,,,,,,,,,,,,,,,,,,,,,,,,,,,,,0,0,0,0,0,0,0,0,0,0,0,0,0,0,0,0,0,0,0,0,0,0,0,0,0,0,0,0,0,0,0,0,0,0,0,0,0,0,0,0
2019-08-31,,,,,,,,,,,,,,,,,,,,,,,,,,,,,,,,,,,,,,,,,0,0,0,0,0,0,0,0,0,0,0,0,0,0,0,0,0,0,0,0,0,0,0,0,0,0,0,0,0,0,0,0,0,0,0,0,0,0,0,0
2019-09-01,,,,,,,,,,,,,,,,,,,,,,,,,,,,,,,,,,,,,,,,,0,0,0,0,0,0,0,0,0,0,0,0,0,0,0,0,0,0,0,0,0,0,0,0,0,0,0,0,0,0,0,0,0,0,0,0,0,0,0,0
2019-09-02,,,,,,,,,,,,,,,,,,,,,,,,,,,,,,,,,,,,,,,,,0,0,0,0,0,0,0,0,0,0,0,0,0,0,0,0,0,0,0,0,0,0,0,0,0,0,0,0,0,0,0,0,0,0,0,0,0,0,0,0
2019-09-03,,,,,,,,,,,,,,,,,,,,,,,,,,,,,,,,,,,,,,,,,0,0,0,0,0,0,0,0,0,0,0,0,0,0,0,0,0,0,0,0,0,0,0,0,0,0,0,0,0,0,0,0,0,0,0,0,0,0,0,0
2019-09-04,,,,,,,,,,,,,,,,,,,,,,,,,,,,,,,,,,,,,,,,,0,0,0,0,0,0,0,0,0,0,0,0,0,0,0,0,0,0,0,0,0,0,0,0,0,0,0,0,0,0,0,0,0,0,0,0,0,0,0,0
2019-09-05,,,,,,,,,,,,,,,,,,,,,,,,,,,,,,,,,,,,,,,,,0,0,0,0,0,0,0,0,0,0,0,0,0,0,0,0,0,0,0,0,0,0,0,0,0,0,0,0,0,0,0,0,0,0,0,0,0,0,0,0
2019-09-06,,,,,,,,,,,,,,,,,,,,,,,,,,,,,,,,,,,,,,,,,0,0,0,0,0,0,0,0,0,0,0,0,0,0,0,0,0,0,0,0,0,0,0,0,0,0,0,0,0,0,0,0,0,0,0,0,0,0,0,0
2019-09-07,,,,,,,,,,,,,,,,,,,,,,,,,,,,,,,,,,,,,,,,,0,0,0,0,0,0,0,0,0,0,0,0,0,0,0,0,0,0,0,0,0,0,0,0,0,0,0,0,0,0,0,0,0,0,0,0,0,0,0,0
2019-09-08,,,,,,,,,,,,,,,,,,,,,,,,,,,,,,,,,,,,,,,,,0,0,0,0,0,0,0,0,0,0,0,0,0,0,0,0,0,0,0,0,0,0,0,0,0,0,0,0,0,0,0,0,0,0,0,0,0,0,0,0
2019-09-09,,,,,,,,,,,,,,,,,,,,,,,,,,,,,,,,,,,,,,,,,0,0,0,0,0,0,0,0,0,0,0,0,0,0,0,0,0,0,0,0,0,0,0,0,0,0,0,0,0,0,0,0,0,0,0,0,0,0,0,0
2019-09-10,,,,,,,,,,,,,,,,,,,,,,,,,,,,,,,,,,,,,,,,,0,0,0,0,0,0,0,0,0,0,0,0,0,0,0,0,0,0,0,0,0,0,0,0,0,0,0,0,0,0,0,0,0,0,0,0,0,0,0,0
2019-09-11,,,,,,,,,,,,,,,,,,,,,,,,,,,,,,,,,,,,,,,,,0,0,0,0,0,0,0,0,0,0,0,0,0,0,0,0,0,0,0,0,0,0,0,0,0,0,0,0,0,0,0,0,0,0,0,0,0,0,0,0
2019-09-12,,,,,,,,,,,,,,,,,,,,,,,,,,,,,,,,,,,,,,,,,0,0,0,0,0,0,0,0,0,0,0,0,0,0,0,0,0,0,0,0,0,0,0,0,0,0,0,0,0,0,0,0,0,0,0,0,0,0,0,0
2019-09-13,,,,,,,,,,,,,,,,,,,,,,,,,,,,,,,,,,,,,,,,,0,0,0,0,0,0,0,0,0,0,0,0,0,0,0,0,0,0,0,0,0,0,0,0,0,0,0,0,0,0,0,0,0,0,0,0,0,0,0,0
2019-09-14,,,,,,,,,,,,,,,,,,,,,,,,,,,,,,,,,,,,,,,,,0,0,0,0,0,0,0,0,0,0,0,0,0,0,0,0,0,0,0,0,0,0,0,0,0,0,0,0,0,0,0,0,0,0,0,0,0,0,0,0
2019-09-15,,,,,,,,,,,,,,,,,,,,,,,,,,,,,,,,,,,,,,,,,0,0,0,0,0,0,0,0,0,0,0,0,0,0,0,0,0,0,0,0,0,0,0,0,0,0,0,0,0,0,0,0,0,0,0,0,0,0,0,0
2019-09-16,,,,,,,,,,,,,,,,,,,,,,,,,,,,,,,,,,,,,,,,,0,0,0,0,0,0,0,0,0,0,0,0,0,0,0,0,0,0,0,0,0,0,0,0,0,0,0,0,0,0,0,0,0,0,0,0,0,0,0,0
2019-09-17,,,,,,,,,,,,,,,,,,,,,,,,,,,,,,,,,,,,,,,,,0,0,0,0,0,0,0,0,0,0,0,0,0,0,0,0,0,0,0,0,0,0,0,0,0,0,0,0,0,0,0,0,0,0,0,0,0,0,0,0
2019-09-18,,,,,,,,,,,,,,,,,,,,,,,,,,,,,,,,,,,,,,,,,0,0,0,0,0,0,0,0,0,0,0,0,0,0,0,0,0,0,0,0,0,0,0,0,0,0,0,0,0,0,0,0,0,0,0,0,0,0,0,0
2019-09-19,,,,,,,,,,,,,,,,,,,,,,,,,,,,,,,,,,,,,,,,,0,0,0,0,0,0,0,0,0,0,0,0,0,0,0,0,0,0,0,0,0,0,0,0,0,0,0,0,0,0,0,0,0,0,0,0,0,0,0,0
2019-09-20,,,,,,,,,,,,,,,,,,,,,,,,,,,,,,,,,,,,,,,,,0,0,0,0,0,0,0,0,0,0,0,0,0,0,0,0,0,0,0,0,0,0,0,0,0,0,0,0,0,0,0,0,0,0,0,0,0,0,0,0
2019-09-21,,,,,,,,,,,,,,,,,,,,,,,,,,,,,,,,,,,,,,,,,0,0,0,0,0,0,0,0,0,0,0,0,0,0,0,0,0,0,0,0,0,0,0,0,0,0,0,0,0,0,0,0,0,0,0,0,0,0,0,0
2019-09-22,,,,,,,,,,,,,,,,,,,,,,,,,,,,,,,,,,,,,,,,,0,0,0,0,0,0,0,0,0,0,0,0,0,0,0,0,0,0,0,0,0,0,0,0,0,0,0,0,0,0,0,0,0,0,0,0,0,0,0,0
2019-09-23,,,,,,,,,,,,,,,,,,,,,,,,,,,,,,,,,,,,,,,,,0,0,0,0,0,0,0,0,0,0,0,0,0,0,0,0,0,0,0,0,0,0,0,0,0,0,0,0,0,0,0,0,0,0,0,0,0,0,0,0
2019-09-24,,,,,,,,,,,,,,,,,,,,,,,,,,,,,,,,,,,,,,,,,0,0,0,0,0,0,0,0,0,0,0,0,0,0,0,0,0,0,0,0,0,0,0,0,0,0,0,0,0,0,0,0,0,0,0,0,0,0,0,0
2019-09-25,,,,,,,,,,,,,,,,,,,,,,,,,,,,,,,,,,,,,,,,,0,0,0,0,0,0,0,0,0,0,0,0,0,0,0,0,0,0,0,0,0,0,0,0,0,0,0,0,0,0,0,0,0,0,0,0,0,0,0,0
2019-09-26,,,,,,,,,,,,,,,,,,,,,,,,,,,,,,,,,,,,,,,,,0,0,0,0,0,0,0,0,0,0,0,0,0,0,0,0,0,0,0,0,0,0,0,0,0,0,0,0,0,0,0,0,0,0,0,0,0,0,0,0
2019-09-27,,,,,,,,,,,,,,,,,,,,,,,,,,,,,,,,,,,,,,,,,0,0,0,0,0,0,0,0,0,0,0,0,0,0,0,0,0,0,0,0,0,0,0,0,0,0,0,0,0,0,0,0,0,0,0,0,0,0,0,0
2019-09-28,,,,,,,,,,,,,,,,,,,,,,,,,,,,,,,,,,,,,,,,,0,0,0,0,0,0,0,0,0,0,0,0,0,0,0,0,0,0,0,0,0,0,0,0,0,0,0,0,0,0,0,0,0,0,0,0,0,0,0,0
2019-09-29,,,,,,,,,,,,,,,,,,,,,,,,,,,,,,,,,,,,,,,,,0,0,0,0,0,0,0,0,0,0,0,0,0,0,0,0,0,0,0,0,0,0,0,0,0,0,0,0,0,0,0,0,0,0,0,0,0,0,0,0
2019-09-30,,,,,,,,,,,,,,,,,,,,,,,,,,,,,,,,,,,,,,,,,0,0,0,0,0,0,0,0,0,0,0,0,0,0,0,0,0,0,0,0,0,0,0,0,0,0,0,0,0,0,0,0,0,0,0,0,0,0,0,0
2019-10-01,,,,,,,,,,,,,,,,,,,,,,,,,,,,,,,,,,,,,,,,,0,0,0,0,0,0,0,0,0,0,0,0,0,0,0,0,0,0,0,0,0,0,0,0,0,0,0,0,0,0,0,0,0,0,0,0,0,0,0,0
2019-10-02,,,,,,,,,,,,,,,,,,,,,,,,,,,,,,,,,,,,,,,,,0,0,0,0,0,0,0,0,0,0,0,0,0,0,0,0,0,0,0,0,0,0,0,0,0,0,0,0,0,0,0,0,0,0,0,0,0,0,0,0
2019-10-03,,,,,,,,,,,,,,,,,,,,,,,,,,,,,,,,,,,,,,,,,0,0,0,0,0,0,0,0,0,0,0,0,0,0,0,0,0,0,0,0,0,0,0,0,0,0,0,0,0,0,0,0,0,0,0,0,0,0,0,0
2019-10-04,,,,,,,,,,,,,,,,,,,,,,,,,,,,,,,,,,,,,,,,,0,0,0,0,0,0,0,0,0,0,0,0,0,0,0,0,0,0,0,0,0,0,0,0,0,0,0,0,0,0,0,0,0,0,0,0,0,0,0,0
2019-10-05,,,,,,,,,,,,,,,,,,,,,,,,,,,,,,,,,,,,,,,,,0,0,0,0,0,0,0,0,0,0,0,0,0,0,0,0,0,0,0,0,0,0,0,0,0,0,0,0,0,0,0,0,0,0,0,0,0,0,0,0
2019-10-06,,,,,,,,,,,,,,,,,,,,,,,,,,,,,,,,,,,,,,,,,0,0,0,0,0,0,0,0,0,0,0,0,0,0,0,0,0,0,0,0,0,0,0,0,0,0,0,0,0,0,0,0,0,0,0,0,0,0,0,0
2019-10-07,,,,,,,,,,,,,,,,,,,,,,,,,,,,,,,,,,,,,,,,,0,0,0,0,0,0,0,0,0,0,0,0,0,0,0,0,0,0,0,0,0,0,0,0,0,0,0,0,0,0,0,0,0,0,0,0,0,0,0,0
2019-10-08,,,,,,,,,,,,,,,,,,,,,,,,,,,,,,,,,,,,,,,,,0,0,0,0,0,0,0,0,0,0,0,0,0,0,0,0,0,0,0,0,0,0,0,0,0,0,0,0,0,0,0,0,0,0,0,0,0,0,0,0
2019-10-09,,,,,,,,,,,,,,,,,,,,,,,,,,,,,,,,,,,,,,,,,0,0,0,0,0,0,0,0,0,0,0,0,0,0,0,0,0,0,0,0,0,0,0,0,0,0,0,0,0,0,0,0,0,0,0,0,0,0,0,0
2019-10-10,,,,,,,,,,,,,,,,,,,,,,,,,,,,,,,,,,,,,,,,,0,0,0,0,0,0,0,0,0,0,0,0,0,0,0,0,0,0,0,0,0,0,0,0,0,0,0,0,0,0,0,0,0,0,0,0,0,0,0,0
2019-10-11,,,,,,,,,,,,,,,,,,,,,,,,,,,,,,,,,,,,,,,,,0,0,0,0,0,0,0,0,0,0,0,0,0,0,0,0,0,0,0,0,0,0,0,0,0,0,0,0,0,0,0,0,0,0,0,0,0,0,0,0
2019-10-12,,,,,,,,,,,,,,,,,,,,,,,,,,,,,,,,,,,,,,,,,0,0,0,0,0,0,0,0,0,0,0,0,0,0,0,0,0,0,0,0,0,0,0,0,0,0,0,0,0,0,0,0,0,0,0,0,0,0,0,0
2019-10-13,,,,,,,,,,,,,,,,,,,,,,,,,,,,,,,,,,,,,,,,,0,0,0,0,0,0,0,0,0,0,0,0,0,0,0,0,0,0,0,0,0,0,0,0,0,0,0,0,0,0,0,0,0,0,0,0,0,0,0,0
2019-10-14,,,,,,,,,,,,,,,,,,,,,,,,,,,,,,,,,,,,,,,,,0,0,0,0,0,0,0,0,0,0,0,0,0,0,0,0,0,0,0,0,0,0,0,0,0,0,0,0,0,0,0,0,0,0,0,0,0,0,0,0
2019-10-15,,,,,,,,,,,,,,,,,,,,,,,,,,,,,,,,,,,,,,,,,0,0,0,0,0,0,0,0,0,0,0,0,0,0,0,0,0,0,0,0,0,0,0,0,0,0,0,0,0,0,0,0,0,0,0,0,0,0,0,0
2019-10-16,,,,,,,,,,,,,,,,,,,,,,,,,,,,,,,,,,,,,,,,,0,0,0,0,0,0,0,0,0,0,0,0,0,0,0,0,0,0,0,0,0,0,0,0,0,0,0,0,0,0,0,0,0,0,0,0,0,0,0,0
2019-10-17,,,,,,,,,,,,,,,,,,,,,,,,,,,,,,,,,,,,,,,,,0,0,0,0,0,0,0,0,0,0,0,0,0,0,0,0,0,0,0,0,0,0,0,0,0,0,0,0,0,0,0,0,0,0,0,0,0,0,0,0
2019-10-18,,,,,,,,,,,,,,,,,,,,,,,,,,,,,,,,,,,,,,,,,0,0,0,0,0,0,0,0,0,0,0,0,0,0,0,0,0,0,0,0,0,0,0,0,0,0,0,0,0,0,0,0,0,0,0,0,0,0,0,0
2019-10-19,,,,,,,,,,,,,,,,,,,,,,,,,,,,,,,,,,,,,,,,,0,0,0,0,0,0,0,0,0,0,0,0,0,0,0,0,0,0,0,0,0,0,0,0,0,0,0,0,0,0,0,0,0,0,0,0,0,0,0,0
2019-10-20,,,,,,,,,,,,,,,,,,,,,,,,,,,,,,,,,,,,,,,,,0,0,0,0,0,0,0,0,0,0,0,0,0,0,0,0,0,0,0,0,0,0,0,0,0,0,0,0,0,0,0,0,0,0,0,0,0,0,0,0
2019-10-21,,,,,,,,,,,,,,,,,,,,,,,,,,,,,,,,,,,,,,,,,0,0,0,0,0,0,0,0,0,0,0,0,0,0,0,0,0,0,0,0,0,0,0,0,0,0,0,0,0,0,0,0,0,0,0,0,0,0,0,0
2019-10-22,,,,,,,,,,,,,,,,,,,,,,,,,,,,,,,,,,,,,,,,,0,0,0,0,0,0,0,0,0,0,0,0,0,0,0,0,0,0,0,0,0,0,0,0,0,0,0,0,0,0,0,0,0,0,0,0,0,0,0,0
2019-10-23,,,,,,,,,,,,,,,,,,,,,,,,,,,,,,,,,,,,,,,,,0,0,0,0,0,0,0,0,0,0,0,0,0,0,0,0,0,0,0,0,0,0,0,0,0,0,0,0,0,0,0,0,0,0,0,0,0,0,0,0
2019-10-24,,,,,,,,,,,,,,,,,,,,,,,,,,,,,,,,,,,,,,,,,0,0,0,0,0,0,0,0,0,0,0,0,0,0,0,0,0,0,0,0,0,0,0,0,0,0,0,0,0,0,0,0,0,0,0,0,0,0,0,0
2019-10-25,,,,,,,,,,,,,,,,,,,,,,,,,,,,,,,,,,,,,,,,,0,0,0,0,0,0,0,0,0,0,0,0,0,0,0,0,0,0,0,0,0,0,0,0,0,0,0,0,0,0,0,0,0,0,0,0,0,0,0,0
2019-10-26,,,,,,,,,,,,,,,,,,,,,,,,,,,,,,,,,,,,,,,,,0,0,0,0,0,0,0,0,0,0,0,0,0,0,0,0,0,0,0,0,0,0,0,0,0,0,0,0,0,0,0,0,0,0,0,0,0,0,0,0
2019-10-27,,,,,,,,,,,,,,,,,,,,,,,,,,,,,,,,,,,,,,,,,0,0,0,0,0,0,0,0,0,0,0,0,0,0,0,0,0,0,0,0,0,0,0,0,0,0,0,0,0,0,0,0,0,0,0,0,0,0,0,0
2019-10-28,,,,,,,,,,,,,,,,,,,,,,,,,,,,,,,,,,,,,,,,,0,0,0,0,0,0,0,0,0,0,0,0,0,0,0,0,0,0,0,0,0,0,0,0,0,0,0,0,0,0,0,0,0,0,0,0,0,0,0,0
2019-10-29,,,,,,,,,,,,,,,,,,,,,,,,,,,,,,,,,,,,,,,,,0,0,0,0,0,0,0,0,0,0,0,0,0,0,0,0,0,0,0,0,0,0,0,0,0,0,0,0,0,0,0,0,0,0,0,0,0,0,0,0
2019-10-30,,,,,,,,,,,,,,,,,,,,,,,,,,,,,,,,,,,,,,,,,0,0,0,0,0,0,0,0,0,0,0,0,0,0,0,0,0,0,0,0,0,0,0,0,0,0,0,0,0,0,0,0,0,0,0,0,0,0,0,0
2019-10-31,,,,,,,,,,,,,,,,,,,,,,,,,,,,,,,,,,,,,,,,,0,0,0,0,0,0,0,0,0,0,0,0,0,0,0,0,0,0,0,0,0,0,0,0,0,0,0,0,0,0,0,0,0,0,0,0,0,0,0,0
2019-11-01,,,,,,,,,,,,,,,,,,,,,,,,,,,,,,,,,,,,,,,,,0,0,0,0,0,0,0,0,0,0,0,0,0,0,0,0,0,0,0,0,0,0,0,0,0,0,0,0,0,0,0,0,0,0,0,0,0,0,0,0
2019-11-02,,,,,,,,,,,,,,,,,,,,,,,,,,,,,,,,,,,,,,,,,0,0,0,0,0,0,0,0,0,0,0,0,0,0,0,0,0,0,0,0,0,0,0,0,0,0,0,0,0,0,0,0,0,0,0,0,0,0,0,0
2019-11-03,,,,,,,,,,,,,,,,,,,,,,,,,,,,,,,,,,,,,,,,,0,0,0,0,0,0,0,0,0,0,0,0,0,0,0,0,0,0,0,0,0,0,0,0,0,0,0,0,0,0,0,0,0,0,0,0,0,0,0,0
2019-11-04,,,,,,,,,,,,,,,,,,,,,,,,,,,,,,,,,,,,,,,,,0,0,0,0,0,0,0,0,0,0,0,0,0,0,0,0,0,0,0,0,0,0,0,0,0,0,0,0,0,0,0,0,0,0,0,0,0,0,0,0
2019-11-05,,,,,,,,,,,,,,,19.0,,,,,,,,23.0,,,,,,,29.0,,,,,,,,,,,0,0,0,0,0,0,0,0,0,0,0,0,0,0,0,0,0,0,0,0,0,0,0,0,0,0,0,0,0,0,0,0,0,0,0,0,0,0,0,0
2019-11-06,,,,,,,,,,,,,,,,,,,,,,,0.0,,,,,,,0.0,,,,,,,,,,,0,0,0,0,0,0,0,0,0,0,0,0,0,0,0,0,0,0,0,0,0,0,0,0,0,0,0,0,0,0,0,0,0,0,0,0,0,0,0,0
2019-11-07,,,,,,,,,,,1.0,,,,,,,,,,,,20.0,,,,,,,4.0,,,,,,,,,,,0,0,0,0,0,0,0,0,0,0,0,0,0,0,0,0,0,0,0,0,0,0,0,0,0,0,0,0,0,0,0,0,0,0,0,0,0,0,0,0
2019-11-08,,,,,,,,,,,,,,,,,,,,,,,,,,,,,,7.0,,,,,,,,,,,0,0,0,0,0,0,0,0,0,0,0,0,0,0,0,0,0,0,0,0,0,0,0,0,0,0,0,0,0,0,0,0,0,0,0,0,0,0,0,0
2019-11-09,,,,,,,,,,,,,,,,,,,,,,,,,,,,,29.0,18.0,,,,,,,,,,,0,0,0,0,0,0,0,0,0,0,0,0,0,0,0,0,0,0,0,0,0,0,0,0,0,0,0,0,0,0,0,0,0,0,0,0,0,0,0,0
2019-11-10,,,,,,,,,,,,,,,,,,,,,,,,,,,,,0.0,2.0,,,,,,,,,,,0,0,0,0,0,0,0,0,0,0,0,0,0,0,0,0,0,0,0,0,0,0,0,0,0,0,0,0,0,0,0,0,0,0,0,0,0,0,0,0
2019-11-11,,,,,,,,,,,,,,,,,,,,,,,,,,,,,0.0,9.0,,,,,,,,,,,0,0,0,0,0,0,0,0,0,0,0,0,0,0,0,0,0,0,0,0,0,0,0,0,0,0,0,0,0,0,0,0,0,0,0,0,0,0,0,0
2019-11-12,,,,,,,,,,,,,,,,,,,,,,,,,,,,,0.0,7.0,,,,,,,,,,,0,0,0,0,0,0,0,0,0,0,0,0,0,0,0,0,0,0,0,0,0,0,0,0,0,0,0,0,0,0,0,0,0,0,0,0,0,0,0,0
2019-11-13,,,,,,,,,,,,,,,,,,,,,,,,,,,,,66.0,3.0,,,,,,,,,,,0,0,0,0,0,0,0,0,0,0,0,0,0,0,0,0,0,0,0,0,0,0,0,0,0,0,0,0,0,0,0,0,0,0,0,0,0,0,0,0
2019-11-14,,,,,,,,,,,,,,,,,,,,,,,,,,,,,,3.0,,,,,,,,,,,0,0,0,0,0,0,0,0,0,0,0,0,0,0,0,0,0,0,0,0,0,0,0,0,0,0,0,0,0,0,0,0,0,0,0,0,0,0,0,0
2019-11-15,,,,,,,,,,,,,,,,,,,,,,,,,,,,,,0.0,,,,,,,,,,,0,0,0,0,0,0,0,0,0,0,0,0,0,0,0,0,0,0,0,0,0,0,0,0,0,0,0,0,0,0,0,0,0,0,0,0,0,0,0,0
2019-11-16,,,,,,,,,,,,,,,,,,,,,,,,,,,,,,,,,,,,,,,,,0,0,0,0,0,0,0,0,0,0,0,0,0,0,0,0,0,0,0,0,0,0,0,0,0,0,0,0,0,0,0,0,0,0,0,0,0,0,0,0
2019-11-17,,,,,,,,,,,,,,,,,,,,,,,,,,,,,0.0,,,,,,,,,,,,0,0,0,0,0,0,0,0,0,0,0,0,0,0,0,0,0,0,0,0,0,0,0,0,0,0,0,0,0,0,0,0,0,0,0,0,0,0,0,0
2019-11-18,,,,,,,,,,,,,,,,,,,,,,,,,,,,,,,,,,,,,,,,,0,0,0,0,0,0,0,0,0,0,0,0,0,0,0,0,0,0,0,0,0,0,0,0,0,0,0,0,0,0,0,0,0,0,0,0,0,0,0,0
2019-11-19,,,,,,,,,,,,,,,0.0,,,,,,,,0.0,,,,,,2.0,0.0,,,,,,,,,,,0,0,0,0,0,0,0,0,0,0,0,0,0,0,0,0,0,0,0,0,0,0,0,0,0,0,0,0,0,0,0,0,0,0,0,0,0,0,0,0
2019-11-20,,,,,,,,,,,,,,,,,,,,,,,,,,,,,14.0,26.0,,,,,,,,,,,0,0,0,0,0,0,0,0,0,0,0,0,0,0,0,0,0,0,0,0,0,0,0,0,0,0,0,0,0,0,0,0,0,0,0,0,0,0,0,0
2019-11-21,,,,,,,,,,,,,,,,,,,,,,,,,,,,,,,,,,,,,,,,,0,0,0,0,0,0,0,0,0,0,0,0,0,0,0,0,0,0,0,0,0,0,0,0,0,0,0,0,0,0,0,0,0,0,0,0,0,0,0,0
2019-11-22,,,,,,,,,,,,,,,6.0,,,,,,,,,,,,,,,,,,,,,,,,,,0,0,0,0,0,0,0,0,0,0,0,0,0,0,0,0,0,0,0,0,0,0,0,0,0,0,0,0,0,0,0,0,0,0,0,0,0,0,0,0
2019-11-23,,,,,,,,,,,,,,,,,,,,,,,,,,,,,,,,,,,,,,,,,0,0,0,0,0,0,0,0,0,0,0,0,0,0,0,0,0,0,0,0,0,0,0,0,0,0,0,0,0,0,0,0,0,0,0,0,0,0,0,0
2019-11-24,,,,,,,,,,,,,,,,,,,,,,,,,,,,,,,,,,,,,,,,,0,0,0,0,0,0,0,0,0,0,0,0,0,0,0,0,0,0,0,0,0,0,0,0,0,0,0,0,0,0,0,0,0,0,0,0,0,0,0,0
2019-11-25,,,,,,,,,,,,,,,,,,,,,,,,,,,,,,,,,,,,,,,,,0,0,0,0,0,0,0,0,0,0,0,0,0,0,0,0,0,0,0,0,0,0,0,0,0,0,0,0,0,0,0,0,0,0,0,0,0,0,0,0
2019-11-26,,,,,,,,,,,,,,,,,,,,,,,,,,,,,,,,,,,,,,,,,0,0,0,0,0,0,0,0,0,0,0,0,0,0,0,0,0,0,0,0,0,0,0,0,0,0,0,0,0,0,0,0,0,0,0,0,0,0,0,0
2019-11-27,,,,,,,,,,,,,,,,,,,,,,,,,,,,,,,,,,,,,,,,,0,0,0,0,0,0,0,0,0,0,0,0,0,0,0,0,0,0,0,0,0,0,0,0,0,0,0,0,0,0,0,0,0,0,0,0,0,0,0,0
2019-11-28,,,,,,,,,,,,,,,,,,,,,,,,,,,,,,,,,,,,,,,,,0,0,0,0,0,0,0,0,0,0,0,0,0,0,0,0,0,0,0,0,0,0,0,0,0,0,0,0,0,0,0,0,0,0,0,0,0,0,0,0
2019-11-29,,,,,,,,,,,,,,,,,,,,,,,,,,,,,,,,,,,,,,,,,0,0,0,0,0,0,0,0,0,0,0,0,0,0,0,0,0,0,0,0,0,0,0,0,0,0,0,0,0,0,0,0,0,0,0,0,0,0,0,0
2019-11-30,,,,,,,,,,,,,,,,,,,,,,,,,,,,,,,,,,,,,,,,,0,0,0,0,0,0,0,0,0,0,0,0,0,0,0,0,0,0,0,0,0,0,0,0,0,0,0,0,0,0,0,0,0,0,0,0,0,0,0,0
2019-12-01,,,,,,,,,,,,,,,,,,,,,,,,,,,,,,,,,,,,,,,,,0,0,0,0,0,0,0,0,0,0,0,0,0,0,0,0,0,0,0,0,0,0,0,0,0,0,0,0,0,0,0,0,0,0,0,0,0,0,0,0
2019-12-02,,,,,,,,,,,,,,,,,,,,,,,,,,,,,,,,,,,,,,,,,0,0,0,0,0,0,0,0,0,0,0,0,0,0,0,0,0,0,0,0,0,0,0,0,0,0,0,0,0,0,0,0,0,0,0,0,0,0,0,0
2019-12-03,,,,,,,,,,,5.0,,,,,,,,,,,,2.0,,,,,,,5.0,,,,,,,,,,,0,0,0,0,0,0,0,0,0,0,0,0,0,0,0,0,0,0,0,0,0,0,0,0,0,0,0,0,0,0,0,0,0,0,0,0,0,0,0,0
2019-12-04,,,,,,,,,,,,,,,,,,,,,,,1.0,,,,,,,22.0,,,,,,,,,,,0,0,0,0,0,0,0,0,0,0,0,0,0,0,0,0,0,0,0,0,0,0,0,0,0,0,0,0,0,0,0,0,0,0,0,0,0,0,0,0
2019-12-05,,,,,,,,,,,,,,,,,,,,,,,9.0,,,,,,,99.0,,,,,,,,,,,0,0,0,0,0,0,0,0,0,0,0,0,0,0,0,0,0,0,0,0,0,0,0,0,0,0,0,0,0,0,0,0,0,0,0,0,0,0,0,0
2019-12-06,,,,,,,,,,,18.0,,,,17.0,,,,,,,,14.0,,,,,,3.0,21.0,,,,,,,,,,,0,0,0,0,0,0,0,0,0,0,0,0,0,0,0,0,0,0,0,0,0,0,0,0,0,0,0,0,0,0,0,0,0,0,0,0,0,0,0,0
2019-12-07,,,,,,,,,,,,,,,,,,,,,,,49.0,,,,,,,43.0,,,,,,,,,,,0,0,0,0,0,0,0,0,0,0,0,0,0,0,0,0,0,0,0,0,0,0,0,0,0,0,0,0,0,0,0,0,0,0,0,0,0,0,0,0
2019-12-08,,,,,,,,,,,,,,,,,,,,,,,,,,,,,,42.0,,,,,,,,,,,0,0,0,0,0,0,0,0,0,0,0,0,0,0,0,0,0,0,0,0,0,0,0,0,0,0,0,0,0,0,0,0,0,0,0,0,0,0,0,0
2019-12-09,,,,,,,,,,,,,,,16.0,,,,,,,,,,,,,,,19.0,,,,,,,,,,,0,0,0,0,0,0,0,0,0,0,0,0,0,0,0,0,0,0,0,0,0,0,0,0,0,0,0,0,0,0,0,0,0,0,0,0,0,0,0,0
2019-12-10,,,,,,,,,,,,,,,,,,,,,,,,,,,,,89.0,1.0,,,,,,,,,,,0,0,0,0,0,0,0,0,0,0,0,0,0,0,0,0,0,0,0,0,0,0,0,0,0,0,0,0,0,0,0,0,0,0,0,0,0,0,0,0
2019-12-11,,,,,,,,,,,,,,,,,,,,,,,,,,,,,12.0,59.0,,,,,,,,,,,0,0,0,0,0,0,0,0,0,0,0,0,0,0,0,0,0,0,0,0,0,0,0,0,0,0,0,0,0,0,0,0,0,0,0,0,0,0,0,0
2019-12-12,,,,,,,,,,,,,,,,,,,,,,,,,,,,,,59.0,,,,,,,,,,,0,0,0,0,0,0,0,0,0,0,0,0,0,0,0,0,0,0,0,0,0,0,0,0,0,0,0,0,0,0,0,0,0,0,0,0,0,0,0,0
2019-12-13,,,,,,,,,,,,,,,,,,,,,,,,,,,,,,,,,,,,,,,,,0,0,0,0,0,0,0,0,0,0,0,0,0,0,0,0,0,0,0,0,0,0,0,0,0,0,0,0,0,0,0,0,0,0,0,0,0,0,0,0
2019-12-14,,,,,,,,,,,,,,,,,,,,,,,,,,,,,,,,,,,,,,,,,0,0,0,0,0,0,0,0,0,0,0,0,0,0,0,0,0,0,0,0,0,0,0,0,0,0,0,0,0,0,0,0,0,0,0,0,0,0,0,0
2019-12-15,,,,,,,,,,,,,,,,,,,,,,,,,,,,,,,,,,,,,,,,,0,0,0,0,0,0,0,0,0,0,0,0,0,0,0,0,0,0,0,0,0,0,0,0,0,0,0,0,0,0,0,0,0,0,0,0,0,0,0,0
2019-12-16,,,,,,,,,,,,,,,,,,,,,,,,,,,,,,,,,,,,,,,,,0,0,0,0,0,0,0,0,0,0,0,0,0,0,0,0,0,0,0,0,0,0,0,0,0,0,0,0,0,0,0,0,0,0,0,0,0,0,0,0
2019-12-17,,,,,,,,,,,,,,,,,,,,,,,60.0,,,,,,,91.0,,,,,,,,,,,0,0,0,0,0,0,0,0,0,0,0,0,0,0,0,0,0,0,0,0,0,0,0,0,0,0,0,0,0,0,0,0,0,0,0,0,0,0,0,0
2019-12-18,,,,,,,,,,,,,,,,,,,,,,,5.0,,,,,,,1.0,,,,,,,,,,,0,0,0,0,0,0,0,0,0,0,0,0,0,0,0,0,0,0,0,0,0,0,0,0,0,0,0,0,0,0,0,0,0,0,0,0,0,0,0,0
2019-12-19,,,,,,,,,,,,,,,,,,,,,,,,,,,,,,0.0,,,,,,,,,,,0,0,0,0,0,0,0,0,0,0,0,0,0,0,0,0,0,0,0,0,0,0,0,0,0,0,0,0,0,0,0,0,0,0,0,0,0,0,0,0
2019-12-20,,,,,,,,,,,,,,,,,,,,,,,,,,,,,,0.0,,,,,,,,,,,0,0,0,0,0,0,0,0,0,0,0,0,0,0,0,0,0,0,0,0,0,0,0,0,0,0,0,0,0,0,0,0,0,0,0,0,0,0,0,0
2019-12-21,,,,,,,,,,,,,,,,,,,,,,,,,,,,,,1.0,,,,,,,,,,,0,0,0,0,0,0,0,0,0,0,0,0,0,0,0,0,0,0,0,0,0,0,0,0,0,0,0,0,0,0,0,0,0,0,0,0,0,0,0,0
2019-12-22,,,,,,,,,,,,,,,,,,,,,,,,,,,,,14.0,64.0,,,,,,,,,,,0,0,0,0,0,0,0,0,0,0,0,0,0,0,0,0,0,0,0,0,0,0,0,0,0,0,0,0,0,0,0,0,0,0,0,0,0,0,0,0
2019-12-23,,,,,,,,,,,,,,,,,,,,,,,,,,,,,0.0,3.0,,,,,,,,,,,0,0,0,0,0,0,0,0,0,0,0,0,0,0,0,0,0,0,0,0,0,0,0,0,0,0,0,0,0,0,0,0,0,0,0,0,0,0,0,0
2019-12-24,,,,,,,,,,,,,,,,,,,,,,,,,,,,,,5.0,,,,,,,,,,,0,0,0,0,0,0,0,0,0,0,0,0,0,0,0,0,0,0,0,0,0,0,0,0,0,0,0,0,0,0,0,0,0,0,0,0,0,0,0,0
2019-12-25,,,,,,,,,,,1.0,,,,0.0,,,,,,,,0.0,,,,,,,0.0,,,,,,,,,,,0,0,0,0,0,0,0,0,0,0,0,0,0,0,0,0,0,0,0,0,0,0,0,0,0,0,0,0,0,0,0,0,0,0,0,0,0,0,0,0
2019-12-26,,,,,,,,,,,,,,,,,,,,,,,0.0,,,,,,,61.0,,,,,,,,,,,0,0,0,0,0,0,0,0,0,0,0,0,0,0,0,0,0,0,0,0,0,0,0,0,0,0,0,0,0,0,0,0,0,0,0,0,0,0,0,0
2019-12-27,,,,,,,,,,,,,,,,,,,,,,,5.0,,,,,,,87.0,,,,,,,,,,,0,0,0,0,0,0,0,0,0,0,0,0,0,0,0,0,0,0,0,0,0,0,0,0,0,0,0,0,0,0,0,0,0,0,0,0,0,0,0,0
2019-12-28,,,,,,,,,,,,,,,,,,,,,,,48.0,,,,,,,8.0,,,,,,,,,,,0,0,0,0,0,0,0,0,0,0,0,0,0,0,0,0,0,0,0,0,0,0,0,0,0,0,0,0,0,0,0,0,0,0,0,0,0,0,0,0
2019-12-29,,,,,,,,,,,,,,,,,,,,,,,,,,,,,,44.0,,,,,,,,,,,0,0,0,0,0,0,0,0,0,0,0,0,0,0,0,0,0,0,0,0,0,0,0,0,0,0,0,0,0,0,0,0,0,0,0,0,0,0,0,0
2019-12-30,,,,,,,,,,,,,,,,,,,,,,,,,,,,,7.0,73.0,,,,,,,,,,,0,0,0,0,0,0,0,0,0,0,0,0,0,0,0,0,0,0,0,0,0,0,0,0,0,0,0,0,0,0,0,0,0,0,0,0,0,0,0,0
2019-12-31,,,,,,,,,,,,,,,,,,,,,,,,,,,,,74.0,42.0,,,,,,,,,,,0,0,0,0,0,0,0,0,0,0,0,0,0,0,0,0,0,0,0,0,0,0,0,0,0,0,0,0,0,0,0,0,0,0,0,0,0,0,0,0
2020-01-01,,,,,,,,,,,,,,,,,,,,,,,,,,,,,,,,,,,,,,,,,0,0,0,0,0,0,0,0,0,0,0,0,0,0,0,0,0,0,0,0,0,0,0,0,0,0,0,0,0,0,0,0,0,0,0,0,0,0,0,0
2020-01-02,,,,,,,,,,,,,,,,,,,,,,,,,,,,,,,,,,,,,,,,,0,0,0,0,0,0,0,0,0,0,0,0,0,0,0,0,0,0,0,0,0,0,0,0,0,0,0,0,0,0,0,0,0,0,0,0,0,0,0,0
2020-01-03,,,,,,,,,,,,,,,,,,,,,,,,,,,,,,,,,,,,,,,,,0,0,0,0,0,0,0,0,0,0,0,0,0,0,0,0,0,0,0,0,0,0,0,0,0,0,0,0,0,0,0,0,0,0,0,0,0,0,0,0
2020-01-04,,,,,,,,,,,,,,,,,,,,,,,,,,,,,,,,,,,,,,,,,0,0,0,0,0,0,0,0,0,0,0,0,0,0,0,0,0,0,0,0,0,0,0,0,0,0,0,0,0,0,0,0,0,0,0,0,0,0,0,0
2020-01-05,,,,,,,,,,,,,,,,,,,,,,,,,,,,,,,,,,,,,,,,,0,0,0,0,0,0,0,0,0,0,0,0,0,0,0,0,0,0,0,0,0,0,0,0,0,0,0,0,0,0,0,0,0,0,0,0,0,0,0,0
2020-01-06,,,,,,,,,,,,,,,,,,,,,,,,,,,,,,,,,,,,,,,,,0,0,0,0,0,0,0,0,0,0,0,0,0,0,0,0,0,0,0,0,0,0,0,0,0,0,0,0,0,0,0,0,0,0,0,0,0,0,0,0
2020-01-07,,,,,,,,,,,,,,,,,,,,,,,,,,,,,,,,,,,,,,,,,0,0,0,0,0,0,0,0,0,0,0,0,0,0,0,0,0,0,0,0,0,0,0,0,0,0,0,0,0,0,0,0,0,0,0,0,0,0,0,0
2020-01-08,,,,,,,,,,,,,,,,,,,,,,,,,,,,,,,,,,,,,,,,,0,0,0,0,0,0,0,0,0,0,0,0,0,0,0,0,0,0,0,0,0,0,0,0,0,0,0,0,0,0,0,0,0,0,0,0,0,0,0,0
2020-01-09,,,,,,,,,,,,,,,,,,,,,,,,,,,,,,,,,,,,,,,,,0,0,0,0,0,0,0,0,0,0,0,0,0,0,0,0,0,0,0,0,0,0,0,0,0,0,0,0,0,0,0,0,0,0,0,0,0,0,0,0
2020-01-10,,,,,,,,,,,,,,,,,,,,,,,,,,,,,,,,,,,,,,,,,0,0,0,0,0,0,0,0,0,0,0,0,0,0,0,0,0,0,0,0,0,0,0,0,0,0,0,0,0,0,0,0,0,0,0,0,0,0,0,0
2020-01-11,,,,,,,,,,,,,,,,,,,,,,,,,,,,,,,,,,,,,,,,,0,0,0,0,0,0,0,0,0,0,0,0,0,0,0,0,0,0,0,0,0,0,0,0,0,0,0,0,0,0,0,0,0,0,0,0,0,0,0,0
2020-01-12,,,,,,,,,,,,,,,,,,,,,,,,,,,,,,,,,,,,,,,,,0,0,0,0,0,0,0,0,0,0,0,0,0,0,0,0,0,0,0,0,0,0,0,0,0,0,0,0,0,0,0,0,0,0,0,0,0,0,0,0
2020-01-13,,,,,,,,,,,,,,,,,,,,,,,,,,,,,,,,,,,,,,,,,0,0,0,0,0,0,0,0,0,0,0,0,0,0,0,0,0,0,0,0,0,0,0,0,0,0,0,0,0,0,0,0,0,0,0,0,0,0,0,0
2020-01-14,,,,,,,,,,,,,,,,,,,,,,,,,,,,,,,,,,,,,,,,,0,0,0,0,0,0,0,0,0,0,0,0,0,0,0,0,0,0,0,0,0,0,0,0,0,0,0,0,0,0,0,0,0,0,0,0,0,0,0,0
2020-01-15,,,,,,,,,,,,,,,,,,,,,,,,,,,,,,,,,,,,,,,,,0,0,0,0,0,0,0,0,0,0,0,0,0,0,0,0,0,0,0,0,0,0,0,0,0,0,0,0,0,0,0,0,0,0,0,0,0,0,0,0
2020-01-16,,,,,,,,,,,,,,,,,,,,,,,,,,,,,,,,,,,,,,,,,0,0,0,0,0,0,0,0,0,0,0,0,0,0,0,0,0,0,0,0,0,0,0,0,0,0,0,0,0,0,0,0,0,0,0,0,0,0,0,0
2020-01-17,,,,,,,,,,,,,,,,,,,,,,,,,,,,,,,,,,,,,,,,,0,0,0,0,0,0,0,0,0,0,0,0,0,0,0,0,0,0,0,0,0,0,0,0,0,0,0,0,0,0,0,0,0,0,0,0,0,0,0,0
2020-01-18,,,,,,,,,,,,,,,,,,,,,,,,,,,,,,,,,,,,,,,,,0,0,0,0,0,0,0,0,0,0,0,0,0,0,0,0,0,0,0,0,0,0,0,0,0,0,0,0,0,0,0,0,0,0,0,0,0,0,0,0
2020-01-19,,,,,,,,,,,,,,,,,,,,,,,,,,,,,,,,,,,,,,,,,0,0,0,0,0,0,0,0,0,0,0,0,0,0,0,0,0,0,0,0,0,0,0,0,0,0,0,0,0,0,0,0,0,0,0,0,0,0,0,0
2020-01-20,,,,,,,,,,,,,,,,,,,,,,,,,,,,,,,,,,,,,,,,,0,0,0,0,0,0,0,0,0,0,0,0,0,0,0,0,0,0,0,0,0,0,0,0,0,0,0,0,0,0,0,0,0,0,0,0,0,0,0,0
2020-01-21,,,,,,,,,,,,,,,,,,,,,,,,,,,,,,,,,,,,,,,,,0,0,0,0,0,0,0,0,0,0,0,0,0,0,0,0,0,0,0,0,0,0,0,0,0,0,0,0,0,0,0,0,0,0,0,0,0,0,0,0
2020-01-22,,,,,,,,,,,,,,,,,,,,,,,,,,,,,,,,,,,,,,,,,0,0,0,0,0,0,0,0,0,0,0,0,0,0,0,0,0,0,0,0,0,0,0,0,0,0,0,0,0,0,0,0,0,0,0,0,0,0,0,0
2020-01-23,,,,,,,,,,,,,,,,,,,,,,,,,,,,,,,,,,,,,,,,,0,0,0,0,0,0,0,0,0,0,0,0,0,0,0,0,0,0,0,0,0,0,0,0,0,0,0,0,0,0,0,0,0,0,0,0,0,0,0,0
2020-01-24,,,,,,,,,,,,,,,,,,,,,,,,,,,,,,,,,,,,,,,,,0,0,0,0,0,0,0,0,0,0,0,0,0,0,0,0,0,0,0,0,0,0,0,0,0,0,0,0,0,0,0,0,0,0,0,0,0,0,0,0
2020-01-25,,,,,,,,,,,,,,,,,,,,,,,,,,,,,,,,,,,,,,,,,0,0,0,0,0,0,0,0,0,0,0,0,0,0,0,0,0,0,0,0,0,0,0,0,0,0,0,0,0,0,0,0,0,0,0,0,0,0,0,0
2020-01-26,,,,,,,,,,,,,,,,,,,,,,,,,,,,,,,,,,,,,,,,,0,0,0,0,0,0,0,0,0,0,0,0,0,0,0,0,0,0,0,0,0,0,0,0,0,0,0,0,0,0,0,0,0,0,0,0,0,0,0,0
2020-01-27,,,,,,,,,,,,,,,,,,,,,,,,,,,,,,,,,,,,,,,,,0,0,0,0,0,0,0,0,0,0,0,0,0,0,0,0,0,0,0,0,0,0,0,0,0,0,0,0,0,0,0,0,0,0,0,0,0,0,0,0
2020-01-28,,,,,,,,,,,,,,,,,,,,,,,,,,,,,,,,,,,,,,,,,0,0,0,0,0,0,0,0,0,0,0,0,0,0,0,0,0,0,0,0,0,0,0,0,0,0,0,0,0,0,0,0,0,0,0,0,0,0,0,0
2020-01-29,,,,,,,,,,,,,,,,,,,,,,,,,,,,,,,,,,,,,,,,,0,0,0,0,0,0,0,0,0,0,0,0,0,0,0,0,0,0,0,0,0,0,0,0,0,0,0,0,0,0,0,0,0,0,0,0,0,0,0,0
2020-01-30,,,,,,,,,,,,,,,,,,,,,,,,,,,,,,,,,,,,,,,,,0,0,0,0,0,0,0,0,0,0,0,0,0,0,0,0,0,0,0,0,0,0,0,0,0,0,0,0,0,0,0,0,0,0,0,0,0,0,0,0
2020-01-31,,,,,,,,,,,,,,,,,,,,,,,,,,,,,,,,,,,,,,,,,0,0,0,0,0,0,0,0,0,0,0,0,0,0,0,0,0,0,0,0,0,0,0,0,0,0,0,0,0,0,0,0,0,0,0,0,0,0,0,0
2020-02-01,,,,,,,,,,,,,,,,,,,,,,,,,,,,,,,,,,,,,,,,,0,0,0,0,0,0,0,0,0,0,0,0,0,0,0,0,0,0,0,0,0,0,0,0,0,0,0,0,0,0,0,0,0,0,0,0,0,0,0,0
2020-02-02,,,,,,,,,,,,,,,,,,,,,,,,,,,,,,,,,,,,,,,,,0,0,0,0,0,0,0,0,0,0,0,0,0,0,0,0,0,0,0,0,0,0,0,0,0,0,0,0,0,0,0,0,0,0,0,0,0,0,0,0
2020-02-03,,,,,,,,,,,,,,,,,,,,,,,,,,,,,,,,,,,,,,,,,0,0,0,0,0,0,0,0,0,0,0,0,0,0,0,0,0,0,0,0,0,0,0,0,0,0,0,0,0,0,0,0,0,0,0,0,0,0,0,0
2020-02-04,,,,,,,,,,,,,,,,,,,,,,,,,,,,,,,,,,,,,,,,,0,0,0,0,0,0,0,0,0,0,0,0,0,0,0,0,0,0,0,0,0,0,0,0,0,0,0,0,0,0,0,0,0,0,0,0,0,0,0,0
2020-02-05,,,,,,,,,,,,,,,,,,,,,,,,,,,,,,,,,,,,,,,,,0,0,0,0,0,0,0,0,0,0,0,0,0,0,0,0,0,0,0,0,0,0,0,0,0,0,0,0,0,0,0,0,0,0,0,0,0,0,0,0
2020-02-06,,,,,,,,,,,,,,,,,,,,,,,,,,,,,,,,,,,,,,,,,0,0,0,0,0,0,0,0,0,0,0,0,0,0,0,0,0,0,0,0,0,0,0,0,0,0,0,0,0,0,0,0,0,0,0,0,0,0,0,0
2020-02-07,,,,,,,,,,,,,,,,,,,,,,,,,,,,,,,,,,,,,,,,,0,0,0,0,0,0,0,0,0,0,0,0,0,0,0,0,0,0,0,0,0,0,0,0,0,0,0,0,0,0,0,0,0,0,0,0,0,0,0,0
2020-02-08,,,,,,,,,,,,,,,,,,,,,,,,,,,,,,,,,,,,,,,,,0,0,0,0,0,0,0,0,0,0,0,0,0,0,0,0,0,0,0,0,0,0,0,0,0,0,0,0,0,0,0,0,0,0,0,0,0,0,0,0
2020-02-09,,,,,,,,,,,,,,,,,,,,,,,,,,,,,,,,,,,,,,,,,0,0,0,0,0,0,0,0,0,0,0,0,0,0,0,0,0,0,0,0,0,0,0,0,0,0,0,0,0,0,0,0,0,0,0,0,0,0,0,0
2020-02-10,,,,,,,,,,,,,,,,,,,,,,,,,,,,,,,,,,,,,,,,,0,0,0,0,0,0,0,0,0,0,0,0,0,0,0,0,0,0,0,0,0,0,0,0,0,0,0,0,0,0,0,0,0,0,0,0,0,0,0,0
2020-02-11,,,,,,,,,,,,,,,,,,,,,,,,,,,,,,,,,,,,,,,,,0,0,0,0,0,0,0,0,0,0,0,0,0,0,0,0,0,0,0,0,0,0,0,0,0,0,0,0,0,0,0,0,0,0,0,0,0,0,0,0
2020-02-12,,,,,,,,,,,,,,,,,,,,,,,,,,,,,,,,,,,,,,,,,0,0,0,0,0,0,0,0,0,0,0,0,0,0,0,0,0,0,0,0,0,0,0,0,0,0,0,0,0,0,0,0,0,0,0,0,0,0,0,0
2020-02-13,,,,,,,,,,,,,,,,,,,,,,,,,,,,,,,,,,,,,,,,,0,0,0,0,0,0,0,0,0,0,0,0,0,0,0,0,0,0,0,0,0,0,0,0,0,0,0,0,0,0,0,0,0,0,0,0,0,0,0,0
2020-02-14,,,,,,,,,,,,,,,,,,,,,,,,,,,,,,,,,,,,,,,,,0,0,0,0,0,0,0,0,0,0,0,0,0,0,0,0,0,0,0,0,0,0,0,0,0,0,0,0,0,0,0,0,0,0,0,0,0,0,0,0
2020-02-15,,,,,,,,,,,,,,,,,,,,,,,,,,,,,,,,,,,,,,,,,0,0,0,0,0,0,0,0,0,0,0,0,0,0,0,0,0,0,0,0,0,0,0,0,0,0,0,0,0,0,0,0,0,0,0,0,0,0,0,0
2020-02-16,,,,,,,,,,,,,,,,,,,,,,,,,,,,,,,,,,,,,,,,,0,0,0,0,0,0,0,0,0,0,0,0,0,0,0,0,0,0,0,0,0,0,0,0,0,0,0,0,0,0,0,0,0,0,0,0,0,0,0,0
2020-02-17,,,,,,,,,,,,,,,,,,,,,,,,,,,,,,,,,,,,,,,,,0,0,0,0,0,0,0,0,0,0,0,0,0,0,0,0,0,0,0,0,0,0,0,0,0,0,0,0,0,0,0,0,0,0,0,0,0,0,0,0
2020-02-18,,,,,,,,,,,,,,,,,,,,,,,,,,,,,,,,,,,,,,,,,0,0,0,0,0,0,0,0,0,0,0,0,0,0,0,0,0,0,0,0,0,0,0,0,0,0,0,0,0,0,0,0,0,0,0,0,0,0,0,0
2020-02-19,,,,,,,,,,,,,,,,,,,,,,,,,,,,,,,,,,,,,,,,,0,0,0,0,0,0,0,0,0,0,0,0,0,0,0,0,0,0,0,0,0,0,0,0,0,0,0,0,0,0,0,0,0,0,0,0,0,0,0,0
2020-02-20,,,,,,,,,,,,,,,,,,,,,,,,,,,,,,,,,,,,,,,,,0,0,0,0,0,0,0,0,0,0,0,0,0,0,0,0,0,0,0,0,0,0,0,0,0,0,0,0,0,0,0,0,0,0,0,0,0,0,0,0
2020-02-21,,,,,,,,,,,,,,,,,,,,,,,,,,,,,,,,,,,,,,,,,0,0,0,0,0,0,0,0,0,0,0,0,0,0,0,0,0,0,0,0,0,0,0,0,0,0,0,0,0,0,0,0,0,0,0,0,0,0,0,0
2020-02-22,,,,,,,,,,,,,,,,,,,,,,,,,,,,,,,,,,,,,,,,,0,0,0,0,0,0,0,0,0,0,0,0,0,0,0,0,0,0,0,0,0,0,0,0,0,0,0,0,0,0,0,0,0,0,0,0,0,0,0,0
2020-02-23,,,,,,,,,,,,,,,,,,,,,,,,,,,,,,,,,,,,,,,,,0,0,0,0,0,0,0,0,0,0,0,0,0,0,0,0,0,0,0,0,0,0,0,0,0,0,0,0,0,0,0,0,0,0,0,0,0,0,0,0
2020-02-24,,,,,,,,,,,,,,,,,,,,,,,,,,,,,,,,,,,,,,,,,0,0,0,0,0,0,0,0,0,0,0,0,0,0,0,0,0,0,0,0,0,0,0,0,0,0,0,0,0,0,0,0,0,0,0,0,0,0,0,0
2020-02-25,,,,,,,,,,,,,,,,,,,,,,,,,,,,,,,,,,,,,,,,,0,0,0,0,0,0,0,0,0,0,0,0,0,0,0,0,0,0,0,0,0,0,0,0,0,0,0,0,0,0,0,0,0,0,0,0,0,0,0,0
2020-02-26,,,,,,,,,,,,,,,,,,,,,,,,,,,,,,,,,,,,,,,,,0,0,0,0,0,0,0,0,0,0,0,0,0,0,0,0,0,0,0,0,0,0,0,0,0,0,0,0,0,0,0,0,0,0,0,0,0,0,0,0
2020-02-27,,,,,,,,,,,,,,,,,,,,,,,,,,,,,,,,,,,,,,,,,0,0,0,0,0,0,0,0,0,0,0,0,0,0,0,0,0,0,0,0,0,0,0,0,0,0,0,0,0,0,0,0,0,0,0,0,0,0,0,0
2020-02-28,,,,,,,,,,,,,,,,,,,,,,,,,,,,,,,,,,,,,,,,,0,0,0,0,0,0,0,0,0,0,0,0,0,0,0,0,0,0,0,0,0,0,0,0,0,0,0,0,0,0,0,0,0,0,0,0,0,0,0,0
2020-02-29,,,,,,,,,,,,,,,,,,,,,,,,,,,,,,,,,,,,,,,,,0,0,0,0,0,0,0,0,0,0,0,0,0,0,0,0,0,0,0,0,0,0,0,0,0,0,0,0,0,0,0,0,0,0,0,0,0,0,0,0
2020-03-01,,,,,,,,,,,,,,,,,,,,,,,,,,,,,,,,,,,,,,,,,0,0,0,0,0,0,0,0,0,0,0,0,0,0,0,0,0,0,0,0,0,0,0,0,0,0,0,0,0,0,0,0,0,0,0,0,0,0,0,0
2020-03-02,,,,,,,,,,,,,,,,,,,,,,,,,,,,,,,,,,,,,,,,,0,0,0,0,0,0,0,0,0,0,0,0,0,0,0,0,0,0,0,0,0,0,0,0,0,0,0,0,0,0,0,0,0,0,0,0,0,0,0,0
2020-03-03,,,,,,,,,,,,,,,,,,,,,,,,,,,,,,,,,,,,,,,,,0,0,0,0,0,0,0,0,0,0,0,0,0,0,0,0,0,0,0,0,0,0,0,0,0,0,0,0,0,0,0,0,0,0,0,0,0,0,0,0
2020-03-04,,,,,,,,,,,,,,,,,,,,,,,,,,,,,,,,,,,,,,,,,0,0,0,0,0,0,0,0,0,0,0,0,0,0,0,0,0,0,0,0,0,0,0,0,0,0,0,0,0,0,0,0,0,0,0,0,0,0,0,0
2020-03-05,,,,,,,,,,,,,,,,,,,,,,,,,,,,,,,,,,,,,,,,,0,0,0,0,0,0,0,0,0,0,0,0,0,0,0,0,0,0,0,0,0,0,0,0,0,0,0,0,0,0,0,0,0,0,0,0,0,0,0,0
2020-03-06,,,,,,,,,,,,,,,,,,,,,,,,,,,,,,,,,,,,,,,,,0,0,0,0,0,0,0,0,0,0,0,0,0,0,0,0,0,0,0,0,0,0,0,0,0,0,0,0,0,0,0,0,0,0,0,0,0,0,0,0
2020-03-07,,,,,,,,,,,,,,,,,,,,,,,,,,,,,,,,,,,,,,,,,0,0,0,0,0,0,0,0,0,0,0,0,0,0,0,0,0,0,0,0,0,0,0,0,0,0,0,0,0,0,0,0,0,0,0,0,0,0,0,0
2020-03-08,,,,,,,,,,,,,,,,,,,,,,,,,,,,,,,,,,,,,,,,,0,0,0,0,0,0,0,0,0,0,0,0,0,0,0,0,0,0,0,0,0,0,0,0,0,0,0,0,0,0,0,0,0,0,0,0,0,0,0,0
2020-03-09,,,,,,,,,,,,,,,,,,,,,,,,,,,,,,,,,,,,,,,,,0,0,0,0,0,0,0,0,0,0,0,0,0,0,0,0,0,0,0,0,0,0,0,0,0,0,0,0,0,0,0,0,0,0,0,0,0,0,0,0
2020-03-10,,,,,,,,,,,,,,,,,,,,,,,,,,,,,,,,,,,,,,,,,0,0,0,0,0,0,0,0,0,0,0,0,0,0,0,0,0,0,0,0,0,0,0,0,0,0,0,0,0,0,0,0,0,0,0,0,0,0,0,0
2020-03-11,,,,,,,,,,,,,,,,,,,,,,,,,,,,,,,,,,,,,,,,,0,0,0,0,0,0,0,0,0,0,0,0,0,0,0,0,0,0,0,0,0,0,0,0,0,0,0,0,0,0,0,0,0,0,0,0,0,0,0,0
2020-03-12,,,,,,,,,,,,,,,,,,,,,,,,,,,,,,,,,,,,,,,,,0,0,0,0,0,0,0,0,0,0,0,0,0,0,0,0,0,0,0,0,0,0,0,0,0,0,0,0,0,0,0,0,0,0,0,0,0,0,0,0
2020-03-13,,,,,,,,,,,,,,,,,,,,,,,,,,,,,,,,,,,,,,,,,0,0,0,0,0,0,0,0,0,0,0,0,0,0,0,0,0,0,0,0,0,0,0,0,0,0,0,0,0,0,0,0,0,0,0,0,0,0,0,0
2020-03-14,,,,,,,,,,,,,,,,,,,,,,,,,,,,,,,,,,,,,,,,,0,0,0,0,0,0,0,0,0,0,0,0,0,0,0,0,0,0,0,0,0,0,0,0,0,0,0,0,0,0,0,0,0,0,0,0,0,0,0,0
2020-03-15,,,,,,,,,,,,,,,,,,,,,,,,,,,,,,,,,,,,,,,,,0,0,0,0,0,0,0,0,0,0,0,0,0,0,0,0,0,0,0,0,0,0,0,0,0,0,0,0,0,0,0,0,0,0,0,0,0,0,0,0
2020-03-16,,,,,,,,,,,,,,,,,,,,,,,,,,,,,,,,,,,,,,,,,0,0,0,0,0,0,0,0,0,0,0,0,0,0,0,0,0,0,0,0,0,0,0,0,0,0,0,0,0,0,0,0,0,0,0,0,0,0,0,0
2020-03-17,,,,,,,,,,,,,,,,,,,,,,,,,,,,,,,,,,,,,,,,,0,0,0,0,0,0,0,0,0,0,0,0,0,0,0,0,0,0,0,0,0,0,0,0,0,0,0,0,0,0,0,0,0,0,0,0,0,0,0,0
2020-03-18,,,,,,,,,,,,,,,,,,,,,,,,,,,,,,,,,,,,,,,,,0,0,0,0,0,0,0,0,0,0,0,0,0,0,0,0,0,0,0,0,0,0,0,0,0,0,0,0,0,0,0,0,0,0,0,0,0,0,0,0
2020-03-19,,,,,,,,,,,,,,,,,,,,,,,,,,,,,,,,,,,,,,,,,0,0,0,0,0,0,0,0,0,0,0,0,0,0,0,0,0,0,0,0,0,0,0,0,0,0,0,0,0,0,0,0,0,0,0,0,0,0,0,0
2020-03-20,,,,,,,,,,,,,,,,,,,,,,,,,,,,,,,,,,,,,,,,,0,0,0,0,0,0,0,0,0,0,0,0,0,0,0,0,0,0,0,0,0,0,0,0,0,0,0,0,0,0,0,0,0,0,0,0,0,0,0,0
2020-03-21,,,,,,,,,,,,,,,,,,,,,,,,,,,,,,,,,,,,,,,,,0,0,0,0,0,0,0,0,0,0,0,0,0,0,0,0,0,0,0,0,0,0,0,0,0,0,0,0,0,0,0,0,0,0,0,0,0,0,0,0
2020-03-22,,,,,,,,,,,,,,,,,,,,,,,,,,,,,,,,,,,,,,,,,0,0,0,0,0,0,0,0,0,0,0,0,0,0,0,0,0,0,0,0,0,0,0,0,0,0,0,0,0,0,0,0,0,0,0,0,0,0,0,0
2020-03-23,,,,,,,,,,,,,,,,,,,,,,,,,,,,,,,,,,,,,,,,,0,0,0,0,0,0,0,0,0,0,0,0,0,0,0,0,0,0,0,0,0,0,0,0,0,0,0,0,0,0,0,0,0,0,0,0,0,0,0,0
2020-03-24,,,,,,,,,,,,,,,,,,,,,,,,,,,,,,,,,,,,,,,,,0,0,0,0,0,0,0,0,0,0,0,0,0,0,0,0,0,0,0,0,0,0,0,0,0,0,0,0,0,0,0,0,0,0,0,0,0,0,0,0
2020-03-25,,,,,,,,,,,,,,,,,,,,,,,,,,,,,,,,,,,,,,,,,0,0,0,0,0,0,0,0,0,0,0,0,0,0,0,0,0,0,0,0,0,0,0,0,0,0,0,0,0,0,0,0,0,0,0,0,0,0,0,0
2020-03-26,,,,,,,,,,,,,,,,,,,,,,,,,,,,,,,,,,,,,,,,,0,0,0,0,0,0,0,0,0,0,0,0,0,0,0,0,0,0,0,0,0,0,0,0,0,0,0,0,0,0,0,0,0,0,0,0,0,0,0,0
2020-03-27,,,,,,,,,,,,,,,,,,,,,,,,,,,,,,,,,,,,,,,,,0,0,0,0,0,0,0,0,0,0,0,0,0,0,0,0,0,0,0,0,0,0,0,0,0,0,0,0,0,0,0,0,0,0,0,0,0,0,0,0
2020-03-28,,,,,,,,,,,,,,,,,,,,,,,,,,,,,,,,,,,,,,,,,0,0,0,0,0,0,0,0,0,0,0,0,0,0,0,0,0,0,0,0,0,0,0,0,0,0,0,0,0,0,0,0,0,0,0,0,0,0,0,0
2020-03-29,,,,,,,,,,,,,,,,,,,,,,,,,,,,,,,,,,,,,,,,,0,0,0,0,0,0,0,0,0,0,0,0,0,0,0,0,0,0,0,0,0,0,0,0,0,0,0,0,0,0,0,0,0,0,0,0,0,0,0,0
2020-03-30,,,,,,,,,,,,,,,,,,,,,,,,,,,,,,,,,,,,,,,,,0,0,0,0,0,0,0,0,0,0,0,0,0,0,0,0,0,0,0,0,0,0,0,0,0,0,0,0,0,0,0,0,0,0,0,0,0,0,0,0
2020-03-31,,,,,,,,,,,,,,,,,,,,,,,,,,,,,,,,,,,,,,,,,0,0,0,0,0,0,0,0,0,0,0,0,0,0,0,0,0,0,0,0,0,0,0,0,0,0,0,0,0,0,0,0,0,0,0,0,0,0,0,0
2020-04-01,,,,,,,,,,,,,,,,,,,,,,,,,,,,,,,,,,,,,,,,,0,0,0,0,0,0,0,0,0,0,0,0,0,0,0,0,0,0,0,0,0,0,0,0,0,0,0,0,0,0,0,0,0,0,0,0,0,0,0,0
2020-04-02,,,,,,,,,,,,,,,,,,,,,,,,,,,,,,,,,,,,,,,,,0,0,0,0,0,0,0,0,0,0,0,0,0,0,0,0,0,0,0,0,0,0,0,0,0,0,0,0,0,0,0,0,0,0,0,0,0,0,0,0
2020-04-03,,,,,,,,,,,,,,,,,,,,,,,,,,,,,,,,,,,,,,,,,0,0,0,0,0,0,0,0,0,0,0,0,0,0,0,0,0,0,0,0,0,0,0,0,0,0,0,0,0,0,0,0,0,0,0,0,0,0,0,0
2020-04-04,,,,,,,,,,,,,,,,,,,,,,,,,,,,,,,,,,,,,,,,,0,0,0,0,0,0,0,0,0,0,0,0,0,0,0,0,0,0,0,0,0,0,0,0,0,0,0,0,0,0,0,0,0,0,0,0,0,0,0,0
2020-04-05,,,,,,,,,,,,,,,,,,,,,,,,,,,,,,,,,,,,,,,,,0,0,0,0,0,0,0,0,0,0,0,0,0,0,0,0,0,0,0,0,0,0,0,0,0,0,0,0,0,0,0,0,0,0,0,0,0,0,0,0
2020-04-06,,,,,,,,,,,,,,,,,,,,,,,,,,,,,,,,,,,,,,,,,0,0,0,0,0,0,0,0,0,0,0,0,0,0,0,0,0,0,0,0,0,0,0,0,0,0,0,0,0,0,0,0,0,0,0,0,0,0,0,0
2020-04-07,,,,,,,,,,,,,,,,,,,,,,,,,,,,,,,,,,,,,,,,,0,0,0,0,0,0,0,0,0,0,0,0,0,0,0,0,0,0,0,0,0,0,0,0,0,0,0,0,0,0,0,0,0,0,0,0,0,0,0,0
2020-04-08,,,,,,,,,,,,,,,,,,,,,,,,,,,,,,,,,,,,,,,,,0,0,0,0,0,0,0,0,0,0,0,0,0,0,0,0,0,0,0,0,0,0,0,0,0,0,0,0,0,0,0,0,0,0,0,0,0,0,0,0
2020-04-09,,,,,,,,,,,,,,,,,,,,,,,,,,,,,,,,,,,,,,,,,0,0,0,0,0,0,0,0,0,0,0,0,0,0,0,0,0,0,0,0,0,0,0,0,0,0,0,0,0,0,0,0,0,0,0,0,0,0,0,0
2020-04-10,,,,,,,,,,,,,,,,,,,,,,,,,,,,,,,,,,,,,,,,,0,0,0,0,0,0,0,0,0,0,0,0,0,0,0,0,0,0,0,0,0,0,0,0,0,0,0,0,0,0,0,0,0,0,0,0,0,0,0,0
2020-04-11,,,,,,,,,,,,,,,,,,,,,,,,,,,,,,,,,,,,,,,,,0,0,0,0,0,0,0,0,0,0,0,0,0,0,0,0,0,0,0,0,0,0,0,0,0,0,0,0,0,0,0,0,0,0,0,0,0,0,0,0
2020-04-12,,,,,,,,,,,,,,,,,,,,,,,,,,,,,,,,,,,,,,,,,0,0,0,0,0,0,0,0,0,0,0,0,0,0,0,0,0,0,0,0,0,0,0,0,0,0,0,0,0,0,0,0,0,0,0,0,0,0,0,0
2020-04-13,,,,,,,,,,,,,,,,,,,,,,,,,,,,,,,,,,,,,,,,,0,0,0,0,0,0,0,0,0,0,0,0,0,0,0,0,0,0,0,0,0,0,0,0,0,0,0,0,0,0,0,0,0,0,0,0,0,0,0,0
2020-04-14,,,,,,,,,,,,,,,,,,,,,,,,,,,,,,,,,,,,,,,,,0,0,0,0,0,0,0,0,0,0,0,0,0,0,0,0,0,0,0,0,0,0,0,0,0,0,0,0,0,0,0,0,0,0,0,0,0,0,0,0
2020-04-15,,,,,,,,,,,,,,,,,,,,,,,,,,,,,,,,,,,,,,,,,0,0,0,0,0,0,0,0,0,0,0,0,0,0,0,0,0,0,0,0,0,0,0,0,0,0,0,0,0,0,0,0,0,0,0,0,0,0,0,0
2020-04-16,,,,,,,,,,,,,,,,,,,,,,,,,,,,,,,,,,,,,,,,,0,0,0,0,0,0,0,0,0,0,0,0,0,0,0,0,0,0,0,0,0,0,0,0,0,0,0,0,0,0,0,0,0,0,0,0,0,0,0,0
2020-04-17,,,,,,,,,,,,,,,,,,,,,,,,,,,,,,,,,,,,,,,,,0,0,0,0,0,0,0,0,0,0,0,0,0,0,0,0,0,0,0,0,0,0,0,0,0,0,0,0,0,0,0,0,0,0,0,0,0,0,0,0
2020-04-18,,,,,,,,,,,,,,,,,,,,,,,,,,,,,,,,,,,,,,,,,0,0,0,0,0,0,0,0,0,0,0,0,0,0,0,0,0,0,0,0,0,0,0,0,0,0,0,0,0,0,0,0,0,0,0,0,0,0,0,0
2020-04-19,,,,,,,,,,,,,,,,,,,,,,,,,,,,,,,,,,,,,,,,,0,0,0,0,0,0,0,0,0,0,0,0,0,0,0,0,0,0,0,0,0,0,0,0,0,0,0,0,0,0,0,0,0,0,0,0,0,0,0,0
2020-04-20,,,,,,,,,,,,,,,,,,,,,,,,,,,,,,,,,,,,,,,,,0,0,0,0,0,0,0,0,0,0,0,0,0,0,0,0,0,0,0,0,0,0,0,0,0,0,0,0,0,0,0,0,0,0,0,0,0,0,0,0
2020-04-21,,,,,,,,,,,,,,,,,,,,,,,,,,,,,,,,,,,,,,,,,0,0,0,0,0,0,0,0,0,0,0,0,0,0,0,0,0,0,0,0,0,0,0,0,0,0,0,0,0,0,0,0,0,0,0,0,0,0,0,0
2020-04-22,,,,,,,,,,,,,,,,,,,,,,,,,,,,,,,,,,,,,,,,,0,0,0,0,0,0,0,0,0,0,0,0,0,0,0,0,0,0,0,0,0,0,0,0,0,0,0,0,0,0,0,0,0,0,0,0,0,0,0,0
2020-04-23,,,,,,,,,,,,,,,,,,,,,,,,,,,,,,,,,,,,,,,,,0,0,0,0,0,0,0,0,0,0,0,0,0,0,0,0,0,0,0,0,0,0,0,0,0,0,0,0,0,0,0,0,0,0,0,0,0,0,0,0
2020-04-24,,,,,,,,,,,,,,,,,,,,,,,,,,,,,,,,,,,,,,,,,0,0,0,0,0,0,0,0,0,0,0,0,0,0,0,0,0,0,0,0,0,0,0,0,0,0,0,0,0,0,0,0,0,0,0,0,0,0,0,0
2020-04-25,,,,,,,,,,,,,,,,,,,,,,,,,,,,,,,,,,,,,,,,,0,0,0,0,0,0,0,0,0,0,0,0,0,0,0,0,0,0,0,0,0,0,0,0,0,0,0,0,0,0,0,0,0,0,0,0,0,0,0,0
2020-04-26,,,,,,,,,,,,,,,,,,,,,,,,,,,,,,,,,,,,,,,,,0,0,0,0,0,0,0,0,0,0,0,0,0,0,0,0,0,0,0,0,0,0,0,0,0,0,0,0,0,0,0,0,0,0,0,0,0,0,0,0
2020-04-27,,,,,,,,,,,,,,,,,,,,,,,,,,,,,,,,,,,,,,,,,0,0,0,0,0,0,0,0,0,0,0,0,0,0,0,0,0,0,0,0,0,0,0,0,0,0,0,0,0,0,0,0,0,0,0,0,0,0,0,0
2020-04-28,,,,,,,,,,,,,,,,,,,,,,,,,,,,,,,,,,,,,,,,,0,0,0,0,0,0,0,0,0,0,0,0,0,0,0,0,0,0,0,0,0,0,0,0,0,0,0,0,0,0,0,0,0,0,0,0,0,0,0,0
2020-04-29,,,,,,,,,,,,,,,,,,,,,,,,,,,,,,,,,,,,,,,,,0,0,0,0,0,0,0,0,0,0,0,0,0,0,0,0,0,0,0,0,0,0,0,0,0,0,0,0,0,0,0,0,0,0,0,0,0,0,0,0
2020-04-30,,,,,,,,,,,,,,,,,,,,,,,,,,,,,,,,,,,,,,,,,0,0,0,0,0,0,0,0,0,0,0,0,0,0,0,0,0,0,0,0,0,0,0,0,0,0,0,0,0,0,0,0,0,0,0,0,0,0,0,0
2020-05-01,,,,,,,,,,,,,,,,,,,,,,,,,,,,,,,,,,,,,,,,,0,0,0,0,0,0,0,0,0,0,0,0,0,0,0,0,0,0,0,0,0,0,0,0,0,0,0,0,0,0,0,0,0,0,0,0,0,0,0,0
2020-05-02,,,,,,,,,,,,,,,,,,,,,,,,,,,,,,,,,,,,,,,,,0,0,0,0,0,0,0,0,0,0,0,0,0,0,0,0,0,0,0,0,0,0,0,0,0,0,0,0,0,0,0,0,0,0,0,0,0,0,0,0
2020-05-03,,,,,,,,,,,,,,,,,,,,,,,,,,,,,,,,,,,,,,,,,0,0,0,0,0,0,0,0,0,0,0,0,0,0,0,0,0,0,0,0,0,0,0,0,0,0,0,0,0,0,0,0,0,0,0,0,0,0,0,0
2020-05-04,,,,,,,,,,,,,,,,,,,,,,,,,,,,,,,,,,,,,,,,,0,0,0,0,0,0,0,0,0,0,0,0,0,0,0,0,0,0,0,0,0,0,0,0,0,0,0,0,0,0,0,0,0,0,0,0,0,0,0,0
2020-05-05,,,,,,,,,,,,,,,,,,,,,,,,,,,,,,,,,,,,,,,,,0,0,0,0,0,0,0,0,0,0,0,0,0,0,0,0,0,0,0,0,0,0,0,0,0,0,0,0,0,0,0,0,0,0,0,0,0,0,0,0
2020-05-06,,,,,,,,,,,,,,,,,,,,,,,,,,,,,,,,,,,,,,,,,0,0,0,0,0,0,0,0,0,0,0,0,0,0,0,0,0,0,0,0,0,0,0,0,0,0,0,0,0,0,0,0,0,0,0,0,0,0,0,0
2020-05-07,,,,,,,,,,,,,,,,,,,,,,,,,,,,,,,,,,,,,,,,,0,0,0,0,0,0,0,0,0,0,0,0,0,0,0,0,0,0,0,0,0,0,0,0,0,0,0,0,0,0,0,0,0,0,0,0,0,0,0,0
2020-05-08,,,,,,,,,,,,,,,,,,,,,,,,,,,,,,,,,,,,,,,,,0,0,0,0,0,0,0,0,0,0,0,0,0,0,0,0,0,0,0,0,0,0,0,0,0,0,0,0,0,0,0,0,0,0,0,0,0,0,0,0
2020-05-09,,,,,,,,,,,,,,,,,,,,,,,,,,,,,,,,,,,,,,,,,0,0,0,0,0,0,0,0,0,0,0,0,0,0,0,0,0,0,0,0,0,0,0,0,0,0,0,0,0,0,0,0,0,0,0,0,0,0,0,0
2020-05-10,,,,,,,,,,,,,,,,,,,,,,,,,,,,,,,,,,,,,,,,,0,0,0,0,0,0,0,0,0,0,0,0,0,0,0,0,0,0,0,0,0,0,0,0,0,0,0,0,0,0,0,0,0,0,0,0,0,0,0,0
2020-05-11,,,,,,,,,,,,,,,,,,,,,,,,,,,,,,,,,,,,,,,,,0,0,0,0,0,0,0,0,0,0,0,0,0,0,0,0,0,0,0,0,0,0,0,0,0,0,0,0,0,0,0,0,0,0,0,0,0,0,0,0
2020-05-12,,,,,,,,,,,,,,,,,,,,,,,,,,,,,,,,,,,,,,,,,0,0,0,0,0,0,0,0,0,0,0,0,0,0,0,0,0,0,0,0,0,0,0,0,0,0,0,0,0,0,0,0,0,0,0,0,0,0,0,0
2020-05-13,,,,,,,,,,,,,,,,,,,,,,,,,,,,,,,,,,,,,,,,,0,0,0,0,0,0,0,0,0,0,0,0,0,0,0,0,0,0,0,0,0,0,0,0,0,0,0,0,0,0,0,0,0,0,0,0,0,0,0,0
2020-05-14,,,,,,,,,,,,,,,,,,,,,,,,,,,,,,,,,,,,,,,,,0,0,0,0,0,0,0,0,0,0,0,0,0,0,0,0,0,0,0,0,0,0,0,0,0,0,0,0,0,0,0,0,0,0,0,0,0,0,0,0
2020-05-15,,,,,,,,,,,,,,,,,,,,,,,,,,,,,,,,,,,,,,,,,0,0,0,0,0,0,0,0,0,0,0,0,0,0,0,0,0,0,0,0,0,0,0,0,0,0,0,0,0,0,0,0,0,0,0,0,0,0,0,0
2020-05-16,,,,,,,,,,,,,,,,,,,,,,,,,,,,,,,,,,,,,,,,,0,0,0,0,0,0,0,0,0,0,0,0,0,0,0,0,0,0,0,0,0,0,0,0,0,0,0,0,0,0,0,0,0,0,0,0,0,0,0,0
2020-05-17,,,,,,,,,,,,,,,,,,,,,,,,,,,,,,,,,,,,,,,,,0,0,0,0,0,0,0,0,0,0,0,0,0,0,0,0,0,0,0,0,0,0,0,0,0,0,0,0,0,0,0,0,0,0,0,0,0,0,0,0
2020-05-18,,,,,,,,,,,,,,,,,,,,,,,,,,,,,,,,,,,,,,,,,0,0,0,0,0,0,0,0,0,0,0,0,0,0,0,0,0,0,0,0,0,0,0,0,0,0,0,0,0,0,0,0,0,0,0,0,0,0,0,0
2020-05-19,,,,,,,,,,,,,,,,,,,,,,,,,,,,,,,,,,,,,,,,,0,0,0,0,0,0,0,0,0,0,0,0,0,0,0,0,0,0,0,0,0,0,0,0,0,0,0,0,0,0,0,0,0,0,0,0,0,0,0,0
2020-05-20,,,,,,,,,,,,,,,,,,,,,,,,,,,,,,,,,,,,,,,,,0,0,0,0,0,0,0,0,0,0,0,0,0,0,0,0,0,0,0,0,0,0,0,0,0,0,0,0,0,0,0,0,0,0,0,0,0,0,0,0
2020-05-21,,,,,,,,,,,,,,,,,,,,,,,,,,,,,,,,,,,,,,,,,0,0,0,0,0,0,0,0,0,0,0,0,0,0,0,0,0,0,0,0,0,0,0,0,0,0,0,0,0,0,0,0,0,0,0,0,0,0,0,0
2020-05-22,,,,,,,,,,,,,,,,,,,,,,,,,,,,,,,,,,,,,,,,,0,0,0,0,0,0,0,0,0,0,0,0,0,0,0,0,0,0,0,0,0,0,0,0,0,0,0,0,0,0,0,0,0,0,0,0,0,0,0,0
2020-05-23,,,,,,,,,,,,,,,,,,,,,,,,,,,,,,,,,,,,,,,,,0,0,0,0,0,0,0,0,0,0,0,0,0,0,0,0,0,0,0,0,0,0,0,0,0,0,0,0,0,0,0,0,0,0,0,0,0,0,0,0
2020-05-24,,,,,,,,,,,,,,,,,,,,,,,,,,,,,,,,,,,,,,,,,0,0,0,0,0,0,0,0,0,0,0,0,0,0,0,0,0,0,0,0,0,0,0,0,0,0,0,0,0,0,0,0,0,0,0,0,0,0,0,0
2020-05-25,,,,,,,,,,,,,,,,,,,,,,,,,,,,,,,,,,,,,,,,,0,0,0,0,0,0,0,0,0,0,0,0,0,0,0,0,0,0,0,0,0,0,0,0,0,0,0,0,0,0,0,0,0,0,0,0,0,0,0,0
2020-05-26,,,,,,,,,,,,,,,,,,,,,,,,,,,,,,,,,,,,,,,,,0,0,0,0,0,0,0,0,0,0,0,0,0,0,0,0,0,0,0,0,0,0,0,0,0,0,0,0,0,0,0,0,0,0,0,0,0,0,0,0
2020-05-27,,,,,,,,,,,,,,,,,,,,,,,,,,,,,,,,,,,,,,,,,0,0,0,0,0,0,0,0,0,0,0,0,0,0,0,0,0,0,0,0,0,0,0,0,0,0,0,0,0,0,0,0,0,0,0,0,0,0,0,0
2020-05-28,,,,,,,,,,,,,,,,,,,,,,,,,,,,,,,,,,,,,,,,,0,0,0,0,0,0,0,0,0,0,0,0,0,0,0,0,0,0,0,0,0,0,0,0,0,0,0,0,0,0,0,0,0,0,0,0,0,0,0,0
2020-05-29,,,,,,,,,,,,,,,,,,,,,,,,,,,,,,,,,,,,,,,,,0,0,0,0,0,0,0,0,0,0,0,0,0,0,0,0,0,0,0,0,0,0,0,0,0,0,0,0,0,0,0,0,0,0,0,0,0,0,0,0
2020-05-30,,,,,,,,,,,,,,,,,,,,,,,,,,,,,,,,,,,,,,,,,0,0,0,0,0,0,0,0,0,0,0,0,0,0,0,0,0,0,0,0,0,0,0,0,0,0,0,0,0,0,0,0,0,0,0,0,0,0,0,0
2020-05-31,,,,,,,,,,,,,,,,,,,,,,,,,,,,,,,,,,,,,,,,,0,0,0,0,0,0,0,0,0,0,0,0,0,0,0,0,0,0,0,0,0,0,0,0,0,0,0,0,0,0,0,0,0,0,0,0,0,0,0,0
2020-06-01,,,,,,,,,,,,,,,,,,,,,,,,,,,,,,,,,,,,,,,,,0,0,0,0,0,0,0,0,0,0,0,0,0,0,0,0,0,0,0,0,0,0,0,0,0,0,0,0,0,0,0,0,0,0,0,0,0,0,0,0
2020-06-02,,,,,,,,,,,,,,,,,,,,,,,,,,,,,,,,,,,,,,,,,0,0,0,0,0,0,0,0,0,0,0,0,0,0,0,0,0,0,0,0,0,0,0,0,0,0,0,0,0,0,0,0,0,0,0,0,0,0,0,0
2020-06-03,,,,,,,,,,,,,,,,,,,,,,,,,,,,,,,,,,,,,,,,,0,0,0,0,0,0,0,0,0,0,0,0,0,0,0,0,0,0,0,0,0,0,0,0,0,0,0,0,0,0,0,0,0,0,0,0,0,0,0,0
2020-06-04,,,,,,,,,,,,,,,,,,,,,,,,,,,,,,,,,,,,,,,,,0,0,0,0,0,0,0,0,0,0,0,0,0,0,0,0,0,0,0,0,0,0,0,0,0,0,0,0,0,0,0,0,0,0,0,0,0,0,0,0
2020-06-05,,,,,,,,,,,,,,,,,,,,,,,,,,,,,,,,,,,,,,,,,0,0,0,0,0,0,0,0,0,0,0,0,0,0,0,0,0,0,0,0,0,0,0,0,0,0,0,0,0,0,0,0,0,0,0,0,0,0,0,0
2020-06-06,,,,,,,,,,,,,,,,,,,,,,,,,,,,,,,,,,,,,,,,,0,0,0,0,0,0,0,0,0,0,0,0,0,0,0,0,0,0,0,0,0,0,0,0,0,0,0,0,0,0,0,0,0,0,0,0,0,0,0,0
2020-06-07,,,,,,,,,,,,,,,,,,,,,,,,,,,,,,,,,,,,,,,,,0,0,0,0,0,0,0,0,0,0,0,0,0,0,0,0,0,0,0,0,0,0,0,0,0,0,0,0,0,0,0,0,0,0,0,0,0,0,0,0
2020-06-08,,,,,,,,,,,,,,,,,,,,,,,,,,,,,,,,,,,,,,,,,0,0,0,0,0,0,0,0,0,0,0,0,0,0,0,0,0,0,0,0,0,0,0,0,0,0,0,0,0,0,0,0,0,0,0,0,0,0,0,0
2020-06-09,,,,,,,,,,,,,,,,,,,,,,,,,,,,,,,,,,,,,,,,,0,0,0,0,0,0,0,0,0,0,0,0,0,0,0,0,0,0,0,0,0,0,0,0,0,0,0,0,0,0,0,0,0,0,0,0,0,0,0,0
2020-06-10,,,,,,,,,,,,,,,,,,,,,,,,,,,,,,,,,,,,,,,,,0,0,0,0,0,0,0,0,0,0,0,0,0,0,0,0,0,0,0,0,0,0,0,0,0,0,0,0,0,0,0,0,0,0,0,0,0,0,0,0
2020-06-11,,,,,,,,,,,,,,,,,,,,,,,,,,,,,,,,,,,,,,,,,0,0,0,0,0,0,0,0,0,0,0,0,0,0,0,0,0,0,0,0,0,0,0,0,0,0,0,0,0,0,0,0,0,0,0,0,0,0,0,0
2020-06-12,,,,,,,,,,,,,,,,,,,,,,,,,,,,,,,,,,,,,,,,,0,0,0,0,0,0,0,0,0,0,0,0,0,0,0,0,0,0,0,0,0,0,0,0,0,0,0,0,0,0,0,0,0,0,0,0,0,0,0,0
2020-06-13,,,,,,,,,,,,,,,,,,,,,,,,,,,,,,,,,,,,,,,,,0,0,0,0,0,0,0,0,0,0,0,0,0,0,0,0,0,0,0,0,0,0,0,0,0,0,0,0,0,0,0,0,0,0,0,0,0,0,0,0
2020-06-14,,,,,,,,,,,,,,,,,,,,,,,,,,,,,,,,,,,,,,,,,0,0,0,0,0,0,0,0,0,0,0,0,0,0,0,0,0,0,0,0,0,0,0,0,0,0,0,0,0,0,0,0,0,0,0,0,0,0,0,0
2020-06-15,,,,,,,,,,,,,,,,,,,,,,,,,,,,,,,,,,,,,,,,,0,0,0,0,0,0,0,0,0,0,0,0,0,0,0,0,0,0,0,0,0,0,0,0,0,0,0,0,0,0,0,0,0,0,0,0,0,0,0,0
2020-06-16,,,,,,,,,,,,,,,,,,,,,,,,,,,,,,,,,,,,,,,,,0,0,0,0,0,0,0,0,0,0,0,0,0,0,0,0,0,0,0,0,0,0,0,0,0,0,0,0,0,0,0,0,0,0,0,0,0,0,0,0
2020-06-17,,,,,,,,,,,,,,,,,,,,,,,,,,,,,,,,,,,,,,,,,0,0,0,0,0,0,0,0,0,0,0,0,0,0,0,0,0,0,0,0,0,0,0,0,0,0,0,0,0,0,0,0,0,0,0,0,0,0,0,0
2020-06-18,,,,,,,,,,,,,,,,,,,,,,,,,,,,,,,,,,,,,,,,,0,0,0,0,0,0,0,0,0,0,0,0,0,0,0,0,0,0,0,0,0,0,0,0,0,0,0,0,0,0,0,0,0,0,0,0,0,0,0,0
2020-06-19,,,,,,,,,,,,,,,,,,,,,,,,,,,,,,,,,,,,,,,,,0,0,0,0,0,0,0,0,0,0,0,0,0,0,0,0,0,0,0,0,0,0,0,0,0,0,0,0,0,0,0,0,0,0,0,0,0,0,0,0
2020-06-20,,,,,,,,,,,,,,,,,,,,,,,,,,,,,,,,,,,,,,,,,0,0,0,0,0,0,0,0,0,0,0,0,0,0,0,0,0,0,0,0,0,0,0,0,0,0,0,0,0,0,0,0,0,0,0,0,0,0,0,0
2020-06-21,,,,,,,,,,,,,,,,,,,,,,,,,,,,,,,,,,,,,,,,,0,0,0,0,0,0,0,0,0,0,0,0,0,0,0,0,0,0,0,0,0,0,0,0,0,0,0,0,0,0,0,0,0,0,0,0,0,0,0,0
2020-06-22,,,,,,,,,,,,,,,,,,,,,,,,,,,,,,,,,,,,,,,,,0,0,0,0,0,0,0,0,0,0,0,0,0,0,0,0,0,0,0,0,0,0,0,0,0,0,0,0,0,0,0,0,0,0,0,0,0,0,0,0
2020-06-23,,,,,,,,,,,,,,,,,,,,,,,,,,,,,,,,,,,,,,,,,0,0,0,0,0,0,0,0,0,0,0,0,0,0,0,0,0,0,0,0,0,0,0,0,0,0,0,0,0,0,0,0,0,0,0,0,0,0,0,0
2020-06-24,,,,,,,,,,,,,,,,,,,,,,,,,,,,,,,,,,,,,,,,,0,0,0,0,0,0,0,0,0,0,0,0,0,0,0,0,0,0,0,0,0,0,0,0,0,0,0,0,0,0,0,0,0,0,0,0,0,0,0,0
2020-06-25,,,,,,,,,,,,,,,,,,,,,,,,,,,,,,,,,,,,,,,,,0,0,0,0,0,0,0,0,0,0,0,0,0,0,0,0,0,0,0,0,0,0,0,0,0,0,0,0,0,0,0,0,0,0,0,0,0,0,0,0
2020-06-26,,,,,,,,,,,,,,,,,,,,,,,,,,,,,,,,,,,,,,,,,0,0,0,0,0,0,0,0,0,0,0,0,0,0,0,0,0,0,0,0,0,0,0,0,0,0,0,0,0,0,0,0,0,0,0,0,0,0,0,0
2020-06-27,,,,,,,,,,,,,,,,,,,,,,,,,,,,,,,,,,,,,,,,,0,0,0,0,0,0,0,0,0,0,0,0,0,0,0,0,0,0,0,0,0,0,0,0,0,0,0,0,0,0,0,0,0,0,0,0,0,0,0,0
2020-06-28,,,,,,,,,,,,,,,,,,,,,,,,,,,,,,,,,,,,,,,,,0,0,0,0,0,0,0,0,0,0,0,0,0,0,0,0,0,0,0,0,0,0,0,0,0,0,0,0,0,0,0,0,0,0,0,0,0,0,0,0
2020-06-29,,,,,,,,,,,,,,,,,,,,,,,,,,,,,,,,,,,,,,,,,0,0,0,0,0,0,0,0,0,0,0,0,0,0,0,0,0,0,0,0,0,0,0,0,0,0,0,0,0,0,0,0,0,0,0,0,0,0,0,0
2020-06-30,,,,,,,,,,,,,,,,,,,,,,,,,,,,,,,,,,,,,,,,,0,0,0,0,0,0,0,0,0,0,0,0,0,0,0,0,0,0,0,0,0,0,0,0,0,0,0,0,0,0,0,0,0,0,0,0,0,0,0,0
2020-07-01,,,,,,,,,,,,,,,,,,,,,,,,,,,,,,,,,,,,,,,,,0,0,0,0,0,0,0,0,0,0,0,0,0,0,0,0,0,0,0,0,0,0,0,0,0,0,0,0,0,0,0,0,0,0,0,0,0,0,0,0
2020-07-02,,,,,,,,,,,,,,,,,,,,,,,,,,,,,,,,,,,,,,,,,0,0,0,0,0,0,0,0,0,0,0,0,0,0,0,0,0,0,0,0,0,0,0,0,0,0,0,0,0,0,0,0,0,0,0,0,0,0,0,0
2020-07-03,,,,,,,,,,,,,,,,,,,,,,,,,,,,,,,,,,,,,,,,,0,0,0,0,0,0,0,0,0,0,0,0,0,0,0,0,0,0,0,0,0,0,0,0,0,0,0,0,0,0,0,0,0,0,0,0,0,0,0,0
2020-07-04,,,,,,,,,,,,,,,,,,,,,,,,,,,,,,,,,,,,,,,,,0,0,0,0,0,0,0,0,0,0,0,0,0,0,0,0,0,0,0,0,0,0,0,0,0,0,0,0,0,0,0,0,0,0,0,0,0,0,0,0
2020-07-05,,,,,,,,,,,,,,,,,,,,,,,,,,,,,,,,,,,,,,,,,0,0,0,0,0,0,0,0,0,0,0,0,0,0,0,0,0,0,0,0,0,0,0,0,0,0,0,0,0,0,0,0,0,0,0,0,0,0,0,0
2020-07-06,,,,,,,,,,,,,,,,,,,,,,,,,,,,,,,,,,,,,,,,,0,0,0,0,0,0,0,0,0,0,0,0,0,0,0,0,0,0,0,0,0,0,0,0,0,0,0,0,0,0,0,0,0,0,0,0,0,0,0,0
2020-07-07,,,,,,,,,,,,,,,,,,,,,,,,,,,,,,,,,,,,,,,,,0,0,0,0,0,0,0,0,0,0,0,0,0,0,0,0,0,0,0,0,0,0,0,0,0,0,0,0,0,0,0,0,0,0,0,0,0,0,0,0
2020-07-08,,,,,,,,,,,,,,,,,,,,,,,,,,,,,,,,,,,,,,,,,0,0,0,0,0,0,0,0,0,0,0,0,0,0,0,0,0,0,0,0,0,0,0,0,0,0,0,0,0,0,0,0,0,0,0,0,0,0,0,0
2020-07-09,,,,,,,,,,,,,,,,,,,,,,,,,,,,,,,,,,,,,,,,,0,0,0,0,0,0,0,0,0,0,0,0,0,0,0,0,0,0,0,0,0,0,0,0,0,0,0,0,0,0,0,0,0,0,0,0,0,0,0,0
2020-07-10,,,,,,,,,,,,,,,,,,,,,,,,,,,,,,,,,,,,,,,,,0,0,0,0,0,0,0,0,0,0,0,0,0,0,0,0,0,0,0,0,0,0,0,0,0,0,0,0,0,0,0,0,0,0,0,0,0,0,0,0
2020-07-11,,,,,,,,,,,,,,,,,,,,,,,,,,,,,,,,,,,,,,,,,0,0,0,0,0,0,0,0,0,0,0,0,0,0,0,0,0,0,0,0,0,0,0,0,0,0,0,0,0,0,0,0,0,0,0,0,0,0,0,0
2020-07-12,,,,,,,,,,,,,,,,,,,,,,,,,,,,,,,,,,,,,,,,,0,0,0,0,0,0,0,0,0,0,0,0,0,0,0,0,0,0,0,0,0,0,0,0,0,0,0,0,0,0,0,0,0,0,0,0,0,0,0,0
2020-07-13,,,,,,,,,,,,,,,,,,,,,,,,,,,,,,,,,,,,,,,,,0,0,0,0,0,0,0,0,0,0,0,0,0,0,0,0,0,0,0,0,0,0,0,0,0,0,0,0,0,0,0,0,0,0,0,0,0,0,0,0
2020-07-14,,,,,,,,,,,,,,,,,,,,,,,,,,,,,,,,,,,,,,,,,0,0,0,0,0,0,0,0,0,0,0,0,0,0,0,0,0,0,0,0,0,0,0,0,0,0,0,0,0,0,0,0,0,0,0,0,0,0,0,0
2020-07-15,,,,,,,,,,,,,,,,,,,,,,,,,,,,,,,,,,,,,,,,,0,0,0,0,0,0,0,0,0,0,0,0,0,0,0,0,0,0,0,0,0,0,0,0,0,0,0,0,0,0,0,0,0,0,0,0,0,0,0,0
2020-07-16,,,,,,,,,,,,,,,,,,,,,,,,,,,,,,,,,,,,,,,,,0,0,0,0,0,0,0,0,0,0,0,0,0,0,0,0,0,0,0,0,0,0,0,0,0,0,0,0,0,0,0,0,0,0,0,0,0,0,0,0
2020-07-17,,,,,,,,,,,,,,,,,,,,,,,,,,,,,,,,,,,,,,,,,0,0,0,0,0,0,0,0,0,0,0,0,0,0,0,0,0,0,0,0,0,0,0,0,0,0,0,0,0,0,0,0,0,0,0,0,0,0,0,0
2020-07-18,,,,,,,,,,,,,,,,,,,,,,,,,,,,,,,,,,,,,,,,,0,0,0,0,0,0,0,0,0,0,0,0,0,0,0,0,0,0,0,0,0,0,0,0,0,0,0,0,0,0,0,0,0,0,0,0,0,0,0,0
2020-07-19,,,,,,,,,,,,,,,,,,,,,,,,,,,,,,,,,,,,,,,,,0,0,0,0,0,0,0,0,0,0,0,0,0,0,0,0,0,0,0,0,0,0,0,0,0,0,0,0,0,0,0,0,0,0,0,0,0,0,0,0
2020-07-20,,,,,,,,,,,,,,,,,,,,,,,,,,,,,,,,,,,,,,,,,0,0,0,0,0,0,0,0,0,0,0,0,0,0,0,0,0,0,0,0,0,0,0,0,0,0,0,0,0,0,0,0,0,0,0,0,0,0,0,0
2020-07-21,,,,,,,,,,,,,,,,,,,,,,,,,,,,,,,,,,,,,,,,,0,0,0,0,0,0,0,0,0,0,0,0,0,0,0,0,0,0,0,0,0,0,0,0,0,0,0,0,0,0,0,0,0,0,0,0,0,0,0,0
2020-07-22,,,,,,,,,,,,,,,,,,,,,,,,,,,,,,,,,,,,,,,,,0,0,0,0,0,0,0,0,0,0,0,0,0,0,0,0,0,0,0,0,0,0,0,0,0,0,0,0,0,0,0,0,0,0,0,0,0,0,0,0
2020-07-23,,,,,,,,,,,,,,,,,,,,,,,,,,,,,,,,,,,,,,,,,0,0,0,0,0,0,0,0,0,0,0,0,0,0,0,0,0,0,0,0,0,0,0,0,0,0,0,0,0,0,0,0,0,0,0,0,0,0,0,0
2020-07-24,,,,,,,,,,,,,,,,,,,,,,,,,,,,,,,,,,,,,,,,,0,0,0,0,0,0,0,0,0,0,0,0,0,0,0,0,0,0,0,0,0,0,0,0,0,0,0,0,0,0,0,0,0,0,0,0,0,0,0,0
2020-07-25,,,,,,,,,,,,,,,,,,,,,,,,,,,,,,,,,,,,,,,,,0,0,0,0,0,0,0,0,0,0,0,0,0,0,0,0,0,0,0,0,0,0,0,0,0,0,0,0,0,0,0,0,0,0,0,0,0,0,0,0
2020-07-26,,,,,,,,,,,,,,,,,,,,,,,,,,,,,,,,,,,,,,,,,0,0,0,0,0,0,0,0,0,0,0,0,0,0,0,0,0,0,0,0,0,0,0,0,0,0,0,0,0,0,0,0,0,0,0,0,0,0,0,0
2020-07-27,,,,,,,,,,,,,,,,,,,,,,,,,,,,,,,,,,,,,,,,,0,0,0,0,0,0,0,0,0,0,0,0,0,0,0,0,0,0,0,0,0,0,0,0,0,0,0,0,0,0,0,0,0,0,0,0,0,0,0,0
2020-07-28,,,,,,,,,,,,,,,,,,,,,,,,,,,,,,,,,,,,,,,,,0,0,0,0,0,0,0,0,0,0,0,0,0,0,0,0,0,0,0,0,0,0,0,0,0,0,0,0,0,0,0,0,0,0,0,0,0,0,0,0
2020-07-29,,,,,,,,,,,,,,,,,,,,,,,,,,,,,,,,,,,,,,,,,0,0,0,0,0,0,0,0,0,0,0,0,0,0,0,0,0,0,0,0,0,0,0,0,0,0,0,0,0,0,0,0,0,0,0,0,0,0,0,0
2020-07-30,,,,,,,,,,,,,,,,,,,,,,,,,,,,,,,,,,,,,,,,,0,0,0,0,0,0,0,0,0,0,0,0,0,0,0,0,0,0,0,0,0,0,0,0,0,0,0,0,0,0,0,0,0,0,0,0,0,0,0,0
2020-07-31,,,,,,,,,,,,,,,,,,,,,,,,,,,,,,,,,,,,,,,,,0,0,0,0,0,0,0,0,0,0,0,0,0,0,0,0,0,0,0,0,0,0,0,0,0,0,0,0,0,0,0,0,0,0,0,0,0,0,0,0
2020-08-01,,,,,,,,,,,,,,,,,,,,,,,,,,,,,,,,,,,,,,,,,0,0,0,0,0,0,0,0,0,0,0,0,0,0,0,0,0,0,0,0,0,0,0,0,0,0,0,0,0,0,0,0,0,0,0,0,0,0,0,0
2020-08-02,,,,,,,,,,,,,,,,,,,,,,,,,,,,,,,,,,,,,,,,,0,0,0,0,0,0,0,0,0,0,0,0,0,0,0,0,0,0,0,0,0,0,0,0,0,0,0,0,0,0,0,0,0,0,0,0,0,0,0,0
2020-08-03,,,,,,,,,,,,,,,,,,,,,,,,,,,,,,,,,,,,,,,,,0,0,0,0,0,0,0,0,0,0,0,0,0,0,0,0,0,0,0,0,0,0,0,0,0,0,0,0,0,0,0,0,0,0,0,0,0,0,0,0
2020-08-04,,,,,,,,,,,,,,,,,,,,,,,,,,,,,,,,,,,,,,,,,0,0,0,0,0,0,0,0,0,0,0,0,0,0,0,0,0,0,0,0,0,0,0,0,0,0,0,0,0,0,0,0,0,0,0,0,0,0,0,0
2020-08-05,,,,,,,,,,,,,,,,,,,,,,,,,,,,,,,,,,,,,,,,,0,0,0,0,0,0,0,0,0,0,0,0,0,0,0,0,0,0,0,0,0,0,0,0,0,0,0,0,0,0,0,0,0,0,0,0,0,0,0,0
2020-08-06,,,,,,,,,,,,,,,,,,,,,,,,,,,,,,,,,,,,,,,,,0,0,0,0,0,0,0,0,0,0,0,0,0,0,0,0,0,0,0,0,0,0,0,0,0,0,0,0,0,0,0,0,0,0,0,0,0,0,0,0
2020-08-07,,,,,,,,,,,,,,,,,,,,,,,,,,,,,,,,,,,,,,,,,0,0,0,0,0,0,0,0,0,0,0,0,0,0,0,0,0,0,0,0,0,0,0,0,0,0,0,0,0,0,0,0,0,0,0,0,0,0,0,0
2020-08-08,,,,,,,,,,,,,,,,,,,,,,,,,,,,,,,,,,,,,,,,,0,0,0,0,0,0,0,0,0,0,0,0,0,0,0,0,0,0,0,0,0,0,0,0,0,0,0,0,0,0,0,0,0,0,0,0,0,0,0,0
2020-08-09,,,,,,,,,,,,,,,,,,,,,,,,,,,,,,,,,,,,,,,,,0,0,0,0,0,0,0,0,0,0,0,0,0,0,0,0,0,0,0,0,0,0,0,0,0,0,0,0,0,0,0,0,0,0,0,0,0,0,0,0
2020-08-10,,,,,,,,,,,,,,,,,,,,,,,,,,,,,,,,,,,,,,,,,0,0,0,0,0,0,0,0,0,0,0,0,0,0,0,0,0,0,0,0,0,0,0,0,0,0,0,0,0,0,0,0,0,0,0,0,0,0,0,0
2020-08-11,,,,,,,,,,,,,,,,,,,,,,,,,,,,,,,,,,,,,,,,,0,0,0,0,0,0,0,0,0,0,0,0,0,0,0,0,0,0,0,0,0,0,0,0,0,0,0,0,0,0,0,0,0,0,0,0,0,0,0,0
2020-08-12,,,,,,,,,,,,,,,,,,,,,,,,,,,,,,,,,,,,,,,,,0,0,0,0,0,0,0,0,0,0,0,0,0,0,0,0,0,0,0,0,0,0,0,0,0,0,0,0,0,0,0,0,0,0,0,0,0,0,0,0
2020-08-13,,,,,,,,,,,,,,,,,,,,,,,,,,,,,,,,,,,,,,,,,0,0,0,0,0,0,0,0,0,0,0,0,0,0,0,0,0,0,0,0,0,0,0,0,0,0,0,0,0,0,0,0,0,0,0,0,0,0,0,0
2020-08-14,,,,,,,,,,,,,,,,,,,,,,,,,,,,,,,,,,,,,,,,,0,0,0,0,0,0,0,0,0,0,0,0,0,0,0,0,0,0,0,0,0,0,0,0,0,0,0,0,0,0,0,0,0,0,0,0,0,0,0,0
2020-08-15,,,,,,,,,,,,,,,,,,,,,,,,,,,,,,,,,,,,,,,,,0,0,0,0,0,0,0,0,0,0,0,0,0,0,0,0,0,0,0,0,0,0,0,0,0,0,0,0,0,0,0,0,0,0,0,0,0,0,0,0
2020-08-16,,,,,,,,,,,,,,,,,,,,,,,,,,,,,,,,,,,,,,,,,0,0,0,0,0,0,0,0,0,0,0,0,0,0,0,0,0,0,0,0,0,0,0,0,0,0,0,0,0,0,0,0,0,0,0,0,0,0,0,0
2020-08-17,,,,,,,,,,,,,,,,,,,,,,,,,,,,,,,,,,,,,,,,,0,0,0,0,0,0,0,0,0,0,0,0,0,0,0,0,0,0,0,0,0,0,0,0,0,0,0,0,0,0,0,0,0,0,0,0,0,0,0,0
2020-08-18,,,,,,,,,,,,,,,,,,,,,,,,,,,,,,,,,,,,,,,,,0,0,0,0,0,0,0,0,0,0,0,0,0,0,0,0,0,0,0,0,0,0,0,0,0,0,0,0,0,0,0,0,0,0,0,0,0,0,0,0
2020-08-19,,,,,,,,,,,,,,,,,,,,,,,,,,,,,,,,,,,,,,,,,0,0,0,0,0,0,0,0,0,0,0,0,0,0,0,0,0,0,0,0,0,0,0,0,0,0,0,0,0,0,0,0,0,0,0,0,0,0,0,0
2020-08-20,,,,,,,,,,,,,,,,,,,,,,,,,,,,,,,,,,,,,,,,,0,0,0,0,0,0,0,0,0,0,0,0,0,0,0,0,0,0,0,0,0,0,0,0,0,0,0,0,0,0,0,0,0,0,0,0,0,0,0,0
2020-08-21,,,,,,,,,,,,,,,,,,,,,,,,,,,,,,,,,,,,,,,,,0,0,0,0,0,0,0,0,0,0,0,0,0,0,0,0,0,0,0,0,0,0,0,0,0,0,0,0,0,0,0,0,0,0,0,0,0,0,0,0
2020-08-22,,,,,,,,,,,,,,,,,,,,,,,,,,,,,,,,,,,,,,,,,0,0,0,0,0,0,0,0,0,0,0,0,0,0,0,0,0,0,0,0,0,0,0,0,0,0,0,0,0,0,0,0,0,0,0,0,0,0,0,0
2020-08-23,,,,,,,,,,,,,,,,,,,,,,,,,,,,,,,,,,,,,,,,,0,0,0,0,0,0,0,0,0,0,0,0,0,0,0,0,0,0,0,0,0,0,0,0,0,0,0,0,0,0,0,0,0,0,0,0,0,0,0,0
2020-08-24,,,,,,,,,,,,,,,,,,,,,,,,,,,,,,,,,,,,,,,,,0,0,0,0,0,0,0,0,0,0,0,0,0,0,0,0,0,0,0,0,0,0,0,0,0,0,0,0,0,0,0,0,0,0,0,0,0,0,0,0
2020-08-25,,,,,,,,,,,,,,,,,,,,,,,,,,,,,,,,,,,,,,,,,0,0,0,0,0,0,0,0,0,0,0,0,0,0,0,0,0,0,0,0,0,0,0,0,0,0,0,0,0,0,0,0,0,0,0,0,0,0,0,0
2020-08-26,,,,,,,,,,,,,,,,,,,,,,,,,,,,,,,,,,,,,,,,,0,0,0,0,0,0,0,0,0,0,0,0,0,0,0,0,0,0,0,0,0,0,0,0,0,0,0,0,0,0,0,0,0,0,0,0,0,0,0,0
2020-08-27,,,,,,,,,,,,,,,,,,,,,,,,,,,,,,,,,,,,,,,,,0,0,0,0,0,0,0,0,0,0,0,0,0,0,0,0,0,0,0,0,0,0,0,0,0,0,0,0,0,0,0,0,0,0,0,0,0,0,0,0
2020-08-28,,,,,,,,,,,,,,,,,,,,,,,,,,,,,,,,,,,,,,,,,0,0,0,0,0,0,0,0,0,0,0,0,0,0,0,0,0,0,0,0,0,0,0,0,0,0,0,0,0,0,0,0,0,0,0,0,0,0,0,0
2020-08-29,,,,,,,,,,,,,,,,,,,,,,,,,,,,,,,,,,,,,,,,,0,0,0,0,0,0,0,0,0,0,0,0,0,0,0,0,0,0,0,0,0,0,0,0,0,0,0,0,0,0,0,0,0,0,0,0,0,0,0,0
2020-08-30,,,,,,,,,,,,,,,,,,,,,,,,,,,,,,,,,,,,,,,,,0,0,0,0,0,0,0,0,0,0,0,0,0,0,0,0,0,0,0,0,0,0,0,0,0,0,0,0,0,0,0,0,0,0,0,0,0,0,0,0
2020-08-31,,,,,,,,,,,,,,,,,,,,,,,,,,,,,,,,,,,,,,,,,0,0,0,0,0,0,0,0,0,0,0,0,0,0,0,0,0,0,0,0,0,0,0,0,0,0,0,0,0,0,0,0,0,0,0,0,0,0,0,0
2020-09-01,,,,,,,,,,,,,,,,,,,,,,,,,,,,,,,,,,,,,,,,,0,0,0,0,0,0,0,0,0,0,0,0,0,0,0,0,0,0,0,0,0,0,0,0,0,0,0,0,0,0,0,0,0,0,0,0,0,0,0,0
2020-09-02,,,,,,,,,,,,,,,,,,,,,,,,,,,,,,,,,,,,,,,,,0,0,0,0,0,0,0,0,0,0,0,0,0,0,0,0,0,0,0,0,0,0,0,0,0,0,0,0,0,0,0,0,0,0,0,0,0,0,0,0
2020-09-03,,,,,,,,,,,,,,,,,,,,,,,,,,,,,,,,,,,,,,,,,0,0,0,0,0,0,0,0,0,0,0,0,0,0,0,0,0,0,0,0,0,0,0,0,0,0,0,0,0,0,0,0,0,0,0,0,0,0,0,0
2020-09-04,,,,,,,,,,,,,,,,,,,,,,,,,,,,,,,,,,,,,,,,,0,0,0,0,0,0,0,0,0,0,0,0,0,0,0,0,0,0,0,0,0,0,0,0,0,0,0,0,0,0,0,0,0,0,0,0,0,0,0,0
2020-09-05,,,,,,,,,,,,,,,,,,,,,,,,,,,,,,,,,,,,,,,,,0,0,0,0,0,0,0,0,0,0,0,0,0,0,0,0,0,0,0,0,0,0,0,0,0,0,0,0,0,0,0,0,0,0,0,0,0,0,0,0
2020-09-06,,,,,,,,,,,,,,,,,,,,,,,,,,,,,,,,,,,,,,,,,0,0,0,0,0,0,0,0,0,0,0,0,0,0,0,0,0,0,0,0,0,0,0,0,0,0,0,0,0,0,0,0,0,0,0,0,0,0,0,0
2020-09-07,,,,,,,,,,,,,,,,,,,,,,,,,,,,,,,,,,,,,,,,,0,0,0,0,0,0,0,0,0,0,0,0,0,0,0,0,0,0,0,0,0,0,0,0,0,0,0,0,0,0,0,0,0,0,0,0,0,0,0,0
2020-09-08,,,,,,,,,,,,,,,,,,,,,,,,,,,,,,,,,,,,,,,,,0,0,0,0,0,0,0,0,0,0,0,0,0,0,0,0,0,0,0,0,0,0,0,0,0,0,0,0,0,0,0,0,0,0,0,0,0,0,0,0
2020-09-09,,,,,,,,,,,,,,,,,,,,,,,,,,,,,,,,,,,,,,,,,0,0,0,0,0,0,0,0,0,0,0,0,0,0,0,0,0,0,0,0,0,0,0,0,0,0,0,0,0,0,0,0,0,0,0,0,0,0,0,0
2020-09-10,,,,,,,,,,,,,,,,,,,,,,,,,,,,,,,,,,,,,,,,,0,0,0,0,0,0,0,0,0,0,0,0,0,0,0,0,0,0,0,0,0,0,0,0,0,0,0,0,0,0,0,0,0,0,0,0,0,0,0,0
2020-09-11,,,,,,,,,,,,,,,,,,,,,,,,,,,,,,,,,,,,,,,,,0,0,0,0,0,0,0,0,0,0,0,0,0,0,0,0,0,0,0,0,0,0,0,0,0,0,0,0,0,0,0,0,0,0,0,0,0,0,0,0
2020-09-12,,,,,,,,,,,,,,,,,,,,,,,,,,,,,,,,,,,,,,,,,0,0,0,0,0,0,0,0,0,0,0,0,0,0,0,0,0,0,0,0,0,0,0,0,0,0,0,0,0,0,0,0,0,0,0,0,0,0,0,0
2020-09-13,,,,,,,,,,,,,,,,,,,,,,,,,,,,,,,,,,,,,,,,,0,0,0,0,0,0,0,0,0,0,0,0,0,0,0,0,0,0,0,0,0,0,0,0,0,0,0,0,0,0,0,0,0,0,0,0,0,0,0,0
2020-09-14,,,,,,,,,,,,,,,,,,,,,,,,,,,,,,,,,,,,,,,,,0,0,0,0,0,0,0,0,0,0,0,0,0,0,0,0,0,0,0,0,0,0,0,0,0,0,0,0,0,0,0,0,0,0,0,0,0,0,0,0
2020-09-15,,,,,,,,,,,,,,,,,,,,,,,,,,,,,,,,,,,,,,,,,0,0,0,0,0,0,0,0,0,0,0,0,0,0,0,0,0,0,0,0,0,0,0,0,0,0,0,0,0,0,0,0,0,0,0,0,0,0,0,0
2020-09-16,,,,,,,,,,,,,,,,,,,,,,,,,,,,,,,,,,,,,,,,,0,0,0,0,0,0,0,0,0,0,0,0,0,0,0,0,0,0,0,0,0,0,0,0,0,0,0,0,0,0,0,0,0,0,0,0,0,0,0,0
2020-09-17,,,,,,,,,,,,,,,,,,,,,,,,,,,,,,,,,,,,,,,,,0,0,0,0,0,0,0,0,0,0,0,0,0,0,0,0,0,0,0,0,0,0,0,0,0,0,0,0,0,0,0,0,0,0,0,0,0,0,0,0
2020-09-18,,,,,,,,,,,,,,,,,,,,,,,,,,,,,,,,,,,,,,,,,0,0,0,0,0,0,0,0,0,0,0,0,0,0,0,0,0,0,0,0,0,0,0,0,0,0,0,0,0,0,0,0,0,0,0,0,0,0,0,0
2020-09-19,,,,,,,,,,,,,,,,,,,,,,,,,,,,,,,,,,,,,,,,,0,0,0,0,0,0,0,0,0,0,0,0,0,0,0,0,0,0,0,0,0,0,0,0,0,0,0,0,0,0,0,0,0,0,0,0,0,0,0,0
2020-09-20,,,,,,,,,,,,,,,,,,,,,,,,,,,,,,,,,,,,,,,,,0,0,0,0,0,0,0,0,0,0,0,0,0,0,0,0,0,0,0,0,0,0,0,0,0,0,0,0,0,0,0,0,0,0,0,0,0,0,0,0
2020-09-21,,,,,,,,,,,,,,,,,,,,,,,,,,,,,,,,,,,,,,,,,0,0,0,0,0,0,0,0,0,0,0,0,0,0,0,0,0,0,0,0,0,0,0,0,0,0,0,0,0,0,0,0,0,0,0,0,0,0,0,0
2020-09-22,,,,,,,,,,,,,,,,,,,,,,,,,,,,,,,,,,,,,,,,,0,0,0,0,0,0,0,0,0,0,0,0,0,0,0,0,0,0,0,0,0,0,0,0,0,0,0,0,0,0,0,0,0,0,0,0,0,0,0,0
2020-09-23,,,,,,,,,,,,,,,,,,,,,,,,,,,,,,,,,,,,,,,,,0,0,0,0,0,0,0,0,0,0,0,0,0,0,0,0,0,0,0,0,0,0,0,0,0,0,0,0,0,0,0,0,0,0,0,0,0,0,0,0
2020-09-24,,,,,,,,,,,,,,,,,,,,,,,,,,,,,,,,,,,,,,,,,0,0,0,0,0,0,0,0,0,0,0,0,0,0,0,0,0,0,0,0,0,0,0,0,0,0,0,0,0,0,0,0,0,0,0,0,0,0,0,0
2020-09-25,,,,,,,,,,,,,,,,,,,,,,,,,,,,,,,,,,,,,,,,,0,0,0,0,0,0,0,0,0,0,0,0,0,0,0,0,0,0,0,0,0,0,0,0,0,0,0,0,0,0,0,0,0,0,0,0,0,0,0,0
2020-09-26,,,,,,,,,,,,,,,,,,,,,,,,,,,,,,,,,,,,,,,,,0,0,0,0,0,0,0,0,0,0,0,0,0,0,0,0,0,0,0,0,0,0,0,0,0,0,0,0,0,0,0,0,0,0,0,0,0,0,0,0
2020-09-27,,,,,,,,,,,,,,,,,,,,,,,,,,,,,,,,,,,,,,,,,0,0,0,0,0,0,0,0,0,0,0,0,0,0,0,0,0,0,0,0,0,0,0,0,0,0,0,0,0,0,0,0,0,0,0,0,0,0,0,0
2020-09-28,,,,,,,,,,,,,,,,,,,,,,,,,,,,,,,,,,,,,,,,,0,0,0,0,0,0,0,0,0,0,0,0,0,0,0,0,0,0,0,0,0,0,0,0,0,0,0,0,0,0,0,0,0,0,0,0,0,0,0,0
2020-09-29,,,,,,,,,,,,,,,,,,,,,,,,,,,,,,,,,,,,,,,,,0,0,0,0,0,0,0,0,0,0,0,0,0,0,0,0,0,0,0,0,0,0,0,0,0,0,0,0,0,0,0,0,0,0,0,0,0,0,0,0
2020-09-30,,,,,,,,,,,,,,,,,,,,,,,,,,,,,,,,,,,,,,,,,0,0,0,0,0,0,0,0,0,0,0,0,0,0,0,0,0,0,0,0,0,0,0,0,0,0,0,0,0,0,0,0,0,0,0,0,0,0,0,0
2020-10-01,0.0,0.0,0.5,34.0,1.0,0.0,0.0,,0.0,1.0,0.0,5.5,,21.0,0.0,2.0,32.0,28.5,46.5,32.0,,,26.0,,0.0,11.0,3.5,,0.0,0.0,,4.0,,4.5,0.5,22.0,,,0.5,,0,0,0,0,0,0,0,0,0,0,0,0,0,0,0,0,0,0,0,0,0,0,0,0,0,0,0,0,0,0,0,0,0,0,0,0,0,0,0,0
2020-10-02,37.5,9.5,9.0,29.0,13.0,6.5,6.0,,61.5,11.0,15.5,9.5,,21.5,,30.0,16.5,16.5,37.0,24.5,,,19.0,,17.0,14.0,25.5,,,16.5,13.5,9.0,,5.5,44.0,32.0,,,8.5,44.0,0,0,0,0,0,0,0,0,0,0,0,0,0,0,0,0,0,0,0,0,0,0,0,0,0,0,0,0,0,0,0,0,0,0,0,0,0,0,0,0
2020-10-03,,,,,,,,,,,,,,,,,,,,,,,,,,,,,,,,,,,,,,,,,0,0,0,0,0,0,0,0,0,0,0,0,0,0,0,0,0,0,0,0,0,0,0,0,0,0,0,0,0,0,0,0,0,0,0,0,0,0,0,0
2020-10-04,,,,,,,,,,,,,,,,,,,,,,,,,,,,,,,,,,,,,,,,,0,0,0,0,0,0,0,0,0,0,0,0,0,0,0,0,0,0,0,0,0,0,0,0,0,0,0,0,0,0,0,0,0,0,0,0,0,0,0,0
2020-10-05,,2.0,2.0,0.0,,0.5,0.5,,2.0,0.5,0.0,0.5,,1.0,,0.5,6.0,5.0,3.5,3.0,,,7.0,,5.0,10.0,2.5,,1.0,1.0,,12.5,,0.5,1.0,6.5,2.5,,0.5,,0,0,0,0,0,0,0,0,0,0,0,0,0,0,0,0,0,0,0,0,0,0,0,0,0,0,0,0,0,0,0,0,0,0,0,0,0,0,0,0
2020-10-06,10.0,39.0,13.5,0.5,1.0,6.5,3.0,,6.0,5.5,3.0,1.0,,9.0,,0.5,8.0,2.5,4.5,0.5,,,14.0,,0.0,11.0,16.0,,,10.0,,17.0,,0.5,1.0,10.5,17.0,,19.0,0.5,0,0,0,0,0,0,0,0,0,0,0,0,0,0,0,0,0,0,0,0,0,0,0,0,0,0,0,0,0,0,0,0,0,0,0,0,0,0,0,0
2020-10-07,,0.0,0.0,0.5,,16.0,13.5,,,,45.0,2.5,,7.0,,,0.0,0.5,0.5,0.0,,,0.0,,6.5,0.5,6.5,,,11.0,,0.5,,0.5,,0.5,46.0,,,,0,0,0,0,0,0,0,0,0,0,0,0,0,0,0,0,0,0,0,0,0,0,0,0,0,0,0,0,0,0,0,0,0,0,0,0,0,0,0,0
2020-10-08,,44.0,61.5,11.0,12.5,20.0,20.5,,41.5,,29.0,60.0,,42.0,,10.0,65.5,31.5,35.0,28.5,,,56.5,,8.0,56.0,10.0,,21.0,27.0,,81.0,,42.0,47.0,41.0,36.0,,21.0,15.5,0,0,0,0,0,0,0,0,0,0,0,0,0,0,0,0,0,0,0,0,0,0,0,0,0,0,0,0,0,0,0,0,0,0,0,0,0,0,0,0
2020-10-09,,0.0,0.0,0.0,1.5,0.0,0.0,,1.0,,14.0,8.0,,3.5,,1.0,0.0,0.0,3.5,0.5,,,0.0,,0.0,0.0,0.5,,0.0,0.0,,0.0,,4.5,6.0,0.5,1.0,,1.5,,0,0,0,0,0,0,0,0,0,0,0,0,0,0,0,0,0,0,0,0,0,0,0,0,0,0,0,0,0,0,0,0,0,0,0,0,0,0,0,0
2020-10-10,,1.0,3.5,0.0,11.0,1.0,2.0,,0.0,1.5,0.5,7.0,,0.0,,4.5,16.5,0.0,6.5,0.5,,,11.0,,0.5,0.0,2.5,,7.0,0.0,2.0,0.0,,8.0,3.0,2.5,0.0,,2.0,,0,0,0,0,0,0,0,0,0,0,0,0,0,0,0,0,0,0,0,0,0,0,0,0,0,0,0,0,0,0,0,0,0,0,0,0,0,0,0,0
2020-10-11,,,,,,,,,,,,,,,,,,,,,,,,,,,,,,,,,,,,,,,,,0,0,0,0,0,0,0,0,0,0,0,0,0,0,0,0,0,0,0,0,0,0,0,0,0,0,0,0,0,0,0,0,0,0,0,0,0,0,0,0
2020-10-12,,,,,,,,,,,,,,,,,,,,,,,,,,,,,,,,,,,,,,,,,0,0,0,0,0,0,0,0,0,0,0,0,0,0,0,0,0,0,0,0,0,0,0,0,0,0,0,0,0,0,0,0,0,0,0,0,0,0,0,0
2020-10-13,,,,,,,,,,,,,,,,,,,,,,,,,,,,,,,,,,,,,,,,,0,0,0,0,0,0,0,0,0,0,0,0,0,0,0,0,0,0,0,0,0,0,0,0,0,0,0,0,0,0,0,0,0,0,0,0,0,0,0,0
2020-10-14,,30.5,31.0,47.0,42.5,78.0,114.5,,42.0,,23.5,67.5,,57.0,,76.0,39.5,47.5,55.0,50.5,,,34.0,,15.5,45.5,57.0,,24.5,43.5,81.0,34.0,,47.5,39.0,,49.0,,35.0,,0,0,0,0,0,0,0,0,0,0,0,0,0,0,0,0,0,0,0,0,0,0,0,0,0,0,0,0,0,0,0,0,0,0,0,0,0,0,0,0
2020-10-15,1.5,0.5,0.5,0.0,0.5,0.5,0.5,,0.0,,1.0,0.0,,0.5,3.5,1.5,1.0,0.0,0.0,0.0,,,0.5,,0.0,0.5,0.0,,3.5,0.5,,1.0,,0.5,0.5,0.5,0.0,,0.5,,0,0,0,0,0,0,0,0,0,0,0,0,0,0,0,0,0,0,0,0,0,0,0,0,0,0,0,0,0,0,0,0,0,0,0,0,0,0,0,0
2020-10-16,0.0,0.0,0.0,0.0,0.0,0.0,0.0,,0.5,,0.0,0.0,,0.0,,0.5,0.0,0.0,0.0,0.0,,,0.5,,0.5,0.0,0.5,,0.0,0.0,,0.0,,0.0,0.0,0.0,0.5,,0.0,,0,0,0,0,0,0,0,0,0,0,0,0,0,0,0,0,0,0,0,0,0,0,0,0,0,0,0,0,0,0,0,0,0,0,0,0,0,0,0,0
2020-10-17,,2.0,3.5,11.0,41.0,0.0,0.0,,29.5,,25.5,3.0,,1.0,,25.5,11.5,14.0,1.0,15.0,,,9.5,,8.0,5.5,0.5,,,0.5,26.5,10.0,,1.5,5.5,1.5,24.0,,14.0,,0,0,0,0,0,0,0,0,0,0,0,0,0,0,0,0,0,0,0,0,0,0,0,0,0,0,0,0,0,0,0,0,0,0,0,0,0,0,0,0
2020-10-18,,4.0,6.5,5.0,,7.5,8.0,,28.5,,,28.5,,,,14.0,26.0,14.0,,,,,21.5,,,24.5,5.5,,16.0,,8.5,7.0,,17.0,20.5,11.0,,,20.0,,0,0,0,0,0,0,0,0,0,0,0,0,0,0,0,0,0,0,0,0,0,0,0,0,0,0,0,0,0,0,0,0,0,0,0,0,0,0,0,0
2020-10-19,,1.5,1.5,0.0,2.5,4.0,8.0,,0.5,,0.5,26.0,,0.5,,0.5,1.0,0.5,1.0,0.5,,,1.0,,0.5,1.0,1.0,,1.0,0.5,10.0,1.5,,18.5,0.5,0.5,1.0,,3.5,,0,0,0,0,0,0,0,0,0,0,0,0,0,0,0,0,0,0,0,0,0,0,0,0,0,0,0,0,0,0,0,0,0,0,0,0,0,0,0,0
2020-10-20,,0.0,0.0,0.0,0.0,0.0,0.0,,0.0,0.0,4.5,0.0,,0.0,,0.5,0.0,0.0,0.0,0.0,,0.0,0.0,,0.0,0.0,0.0,,,,0.0,0.0,,0.0,0.5,0.0,0.0,,0.5,,0,0,0,0,0,0,0,0,0,0,0,0,0,0,0,0,0,0,0,0,0,0,0,0,0,0,0,0,0,0,0,0,0,0,0,0,0,0,0,0
2020-10-21,10.5,6.5,7.5,16.0,10.5,30.0,25.5,3.5,5.0,,1.5,17.5,,30.0,,3.0,11.5,16.0,21.5,8.0,,,10.5,,5.5,5.0,7.5,,,5.0,25.5,8.0,,20.5,1.5,18.5,6.5,,11.0,,0,0,0,0,0,0,0,0,0,0,0,0,0,0,0,0,0,0,0,0,0,0,0,0,0,0,0,0,0,0,0,0,0,0,0,0,0,0,0,0
2020-10-22,69.5,42.5,61.5,20.5,26.5,37.5,33.0,,23.0,,35.0,9.0,,6.0,,18.5,34.0,17.5,16.0,14.5,,,42.0,,13.5,16.0,24.5,,,22.5,17.0,56.5,,6.5,34.0,25.0,13.0,,31.5,,0,0,0,0,0,0,0,0,0,0,0,0,0,0,0,0,0,0,0,0,0,0,0,0,0,0,0,0,0,0,0,0,0,0,0,0,0,0,0,0
2020-10-23,,,0.0,1.5,,2.5,3.0,,0.5,,4.0,,,0.5,,5.0,2.0,,0.0,1.5,,,2.5,,0.5,0.5,0.5,,,,3.0,0.5,,0.0,3.5,,1.0,,10.0,,0,0,0,0,0,0,0,0,0,0,0,0,0,0,0,0,0,0,0,0,0,0,0,0,0,0,0,0,0,0,0,0,0,0,0,0,0,0,0,0
2020-10-24,41.0,13.0,13.5,19.0,14.0,40.5,41.5,,1.0,,8.0,6.0,,41.5,,9.5,5.5,4.5,6.5,8.0,,,8.0,,1.5,7.0,34.0,,,2.5,54.5,12.0,,4.5,3.0,18.5,8.5,,42.0,,0,0,0,0,0,0,0,0,0,0,0,0,0,0,0,0,0,0,0,0,0,0,0,0,0,0,0,0,0,0,0,0,0,0,0,0,0,0,0,0
2020-10-25,,,,,,,,,,,,,,,,,,,,,,,,,,,,,,,,,,,,,,,,,0,0,0,0,0,0,0,0,0,0,0,0,0,0,0,0,0,0,0,0,0,0,0,0,0,0,0,0,0,0,0,0,0,0,0,0,0,0,0,0
2020-10-26,,26.5,30.5,3.5,4.5,8.5,7.0,,13.0,,24.5,3.0,,12.0,,4.0,23.5,19.5,23.5,18.0,,11.0,22.0,,1.5,21.0,,,13.5,19.5,4.5,29.0,,3.0,26.0,27.0,4.0,,22.5,9.5,0,0,0,0,0,0,0,0,0,0,0,0,0,0,0,0,0,0,0,0,0,0,0,0,0,0,0,0,0,0,0,0,0,0,0,0,0,0,0,0
2020-10-27,,14.0,28.5,1.5,18.5,2.0,1.5,,,6.0,2.0,0.0,,0.5,32.0,19.5,12.5,4.5,0.0,5.0,,,12.5,,0.0,4.5,1.5,,20.0,2.0,5.5,2.0,,0.0,6.5,0.5,3.5,,4.0,34.5,0,0,0,0,0,0,0,0,0,0,0,0,0,0,0,0,0,0,0,0,0,0,0,0,0,0,0,0,0,0,0,0,0,0,0,0,0,0,0,0
2020-10-28,,21.5,28.5,26.0,,7.0,8.5,,,,23.0,0.0,,7.5,,4.5,43.5,40.5,27.5,30.0,,,58.5,,,27.0,6.0,,,1.5,0.5,8.0,,0.5,30.0,11.5,0.5,,12.5,,0,0,0,0,0,0,0,0,0,0,0,0,0,0,0,0,0,0,0,0,0,0,0,0,0,0,0,0,0,0,0,0,0,0,0,0,0,0,0,0
2020-10-29,,,,,,,,,,,,,,,,,,,,,,,,,,,,,,,,,,,,,,,,,0,0,0,0,0,0,0,0,0,0,0,0,0,0,0,0,0,0,0,0,0,0,0,0,0,0,0,0,0,0,0,0,0,0,0,0,0,0,0,0
2020-10-30,,0.0,2.5,1.0,0.0,0.0,0.0,,,,0.5,0.0,,0.0,0.5,8.0,1.5,8.0,3.0,1.5,,,0.5,,,4.5,0.0,,,0.0,3.5,5.0,,0.0,1.5,0.0,0.0,,4.0,,0,0,0,0,0,0,0,0,0,0,0,0,0,0,0,0,0,0,0,0,0,0,0,0,0,0,0,0,0,0,0,0,0,0,0,0,0,0,0,0
2020-10-31,,6.0,5.5,0.0,,0.0,0.0,,,,,0.0,,0.0,,0.5,5.0,2.5,0.0,,,,,,,,,,,,,,,,,,,,,,0,0,0,0,0,0,0,0,0,0,0,0,0,0,0,0,0,0,0,0,0,0,0,0,0,0,0,0,0,0,0,0,0,0,0,0,0,0,0,0
2020-11-01,,,,,,,,,,,,,,,,,,,,,,,,,,,,,,,,,,,,,,,,,0,0,0,0,0,0,0,0,0,0,0,0,0,0,0,0,0,0,0,0,0,0,0,0,0,0,0,0,0,0,0,0,0,0,0,0,0,0,0,0
2020-11-02,,44.5,31.0,4.0,12.0,3.0,5.0,,,,9.5,1.5,,9.5,,16.5,13.5,5.5,11.0,4.0,,,14.0,,,6.5,32.5,,,34.5,10.5,12.5,,2.0,4.0,19.5,10.5,,25.0,13.0,0,0,0,0,0,0,0,0,0,0,0,0,0,0,0,0,0,0,0,0,0,0,0,0,0,0,0,0,0,0,0,0,0,0,0,0,0,0,0,0
2020-11-03,,17.5,12.0,3.0,6.5,12.5,14.5,,,,15.5,10.5,,4.0,,3.0,3.5,3.0,5.5,2.0,,,4.5,,,11.0,3.5,,,16.0,16.0,25.5,,4.5,6.0,3.5,14.0,,22.5,,0,0,0,0,0,0,0,0,0,0,0,0,0,0,0,0,0,0,0,0,0,0,0,0,0,0,0,0,0,0,0,0,0,0,0,0,0,0,0,0
2020-11-04,,67.5,70.0,19.5,,14.0,,,,,,,,,,,,,,,,,,,,60.0,,,,,34.5,,,,,,,,,,0,0,0,0,0,0,0,0,0,0,0,0,0,0,0,0,0,0,0,0,0,0,0,0,0,0,0,0,0,0,0,0,0,0,0,0,0,0,0,0
2020-11-05,,1.5,1.0,0.0,34.5,9.5,5.5,,,,18.5,2.5,,1.5,,0.5,9.5,9.5,1.0,9.0,,,10.0,,,5.0,3.0,,,0.5,33.5,8.0,,3.0,6.5,1.0,1.0,,12.0,1.0,0,0,0,0,0,0,0,0,0,0,0,0,0,0,0,0,0,0,0,0,0,0,0,0,0,0,0,0,0,0,0,0,0,0,0,0,0,0,0,0
2020-11-06,,0.0,0.0,0.0,0.0,0.0,0.0,,,,0.5,0.0,,0.0,,0.0,0.0,0.0,0.0,0.0,,34.0,0.0,,,0.5,0.0,,,0.0,0.0,0.0,,0.0,0.0,0.0,0.0,,0.0,,0,0,0,0,0,0,0,0,0,0,0,0,0,0,0,0,0,0,0,0,0,0,0,0,0,0,0,0,0,0,0,0,0,0,0,0,0,0,0,0
2020-11-07,,17.5,11.5,6.0,9.0,15.0,11.5,,,,9.0,14.0,,17.5,,6.5,13.0,9.0,16.0,10.0,,4.5,16.5,,,13.5,23.0,,,7.5,10.5,9.0,,14.5,6.0,21.0,84.5,,21.5,6.0,0,0,0,0,0,0,0,0,0,0,0,0,0,0,0,0,0,0,0,0,0,0,0,0,0,0,0,0,0,0,0,0,0,0,0,0,0,0,0,0
2020-11-08,,1.0,0.5,0.5,39.0,64.5,67.0,,,,27.0,38.0,,1.0,,1.0,0.5,2.0,1.5,4.5,,9.5,0.0,,,2.5,3.0,,,5.0,11.0,6.5,,24.0,42.0,4.5,5.0,,54.5,3.5,0,0,0,0,0,0,0,0,0,0,0,0,0,0,0,0,0,0,0,0,0,0,0,0,0,0,0,0,0,0,0,0,0,0,0,0,0,0,0,0
2020-11-09,,36.0,22.0,13.5,16.0,21.0,20.5,,33.5,,8.5,18.0,,23.5,,12.5,27.0,17.5,52.5,20.0,,13.0,21.5,,,25.5,29.0,,,21.0,30.0,65.0,,14.5,15.5,30.0,46.0,,21.5,10.5,0,0,0,0,0,0,0,0,0,0,0,0,0,0,0,0,0,0,0,0,0,0,0,0,0,0,0,0,0,0,0,0,0,0,0,0,0,0,0,0
2020-11-10,,6.5,0.0,0.0,0.0,0.0,0.5,,,,2.0,3.0,,7.0,,0.0,0.0,0.0,0.0,0.0,,2.0,0.0,,,0.5,16.5,,,32.0,0.0,7.5,,4.0,0.0,5.0,5.5,,1.5,0.0,0,0,0,0,0,0,0,0,0,0,0,0,0,0,0,0,0,0,0,0,0,0,0,0,0,0,0,0,0,0,0,0,0,0,0,0,0,0,0,0
2020-11-11,0.0,0.5,0.0,0.0,0.0,0.0,0.0,,,,0.5,0.0,,0.0,,0.0,0.0,0.0,0.0,0.0,,0.0,0.0,,,0.0,0.0,,,0.5,0.0,0.5,,0.5,0.0,0.0,0.0,,0.0,,0,0,0,0,0,0,0,0,0,0,0,0,0,0,0,0,0,0,0,0,0,0,0,0,0,0,0,0,0,0,0,0,0,0,0,0,0,0,0,0
2020-11-12,0.0,2.0,1.0,0.0,2.0,0.0,0.0,,,0.0,13.5,7.5,,0.0,2.0,0.0,0.0,0.0,0.0,0.0,,0.0,0.5,,,8.0,0.0,,,32.5,0.0,4.5,,8.5,11.0,0.5,43.5,,0.0,,0,0,0,0,0,0,0,0,0,0,0,0,0,0,0,0,0,0,0,0,0,0,0,0,0,0,0,0,0,0,0,0,0,0,0,0,0,0,0,0
2020-11-13,2.0,7.5,4.5,9.0,8.0,0.0,0.0,,6.5,0.0,2.5,2.5,,0.0,19.0,17.0,13.0,15.5,0.0,30.0,,0.0,9.0,,,26.0,1.0,,,11.5,1.0,16.0,,1.5,2.0,3.5,3.0,,0.5,9.5,0,0,0,0,0,0,0,0,0,0,0,0,0,0,0,0,0,0,0,0,0,0,0,0,0,0,0,0,0,0,0,0,0,0,0,0,0,0,0,0
2020-11-14,,19.5,29.0,47.0,34.0,20.5,14.5,,29.0,38.0,20.0,10.0,,32.0,,45.5,24.0,27.0,19.5,31.0,,58.5,23.0,,,24.0,26.5,,,13.5,31.0,29.0,,8.5,33.0,40.0,16.5,,25.5,,0,0,0,0,0,0,0,0,0,0,0,0,0,0,0,0,0,0,0,0,0,0,0,0,0,0,0,0,0,0,0,0,0,0,0,0,0,0,0,0
2020-11-15,,0.5,1.0,10.0,13.0,4.5,4.0,,2.0,,10.0,7.0,,9.5,0.5,15.0,2.0,3.5,14.0,5.5,,1.5,2.5,,,0.5,20.0,,,1.5,9.5,1.5,,5.0,12.0,14.5,2.5,,8.5,,0,0,0,0,0,0,0,0,0,0,0,0,0,0,0,0,0,0,0,0,0,0,0,0,0,0,0,0,0,0,0,0,0,0,0,0,0,0,0,0
2020-11-16,,3.0,1.5,0.5,2.0,1.5,1.5,2.5,13.0,4.5,1.0,0.0,,1.5,3.0,4.0,2.0,2.5,6.0,0.0,,3.5,2.0,,,6.5,9.0,,,8.5,2.5,7.0,,0.5,2.0,4.5,14.5,,2.0,,0,0,0,0,0,0,0,0,0,0,0,0,0,0,0,0,0,0,0,0,0,0,0,0,0,0,0,0,0,0,0,0,0,0,0,0,0,0,0,0
2020-11-17,,4.5,9.5,2.0,2.5,0.0,0.5,,6.5,,7.0,0.5,,1.0,3.5,8.5,17.5,14.5,2.5,6.0,,16.0,9.5,,,15.5,2.5,,,2.0,1.0,6.5,,0.5,3.0,1.0,9.5,,0.5,9.0,0,0,0,0,0,0,0,0,0,0,0,0,0,0,0,0,0,0,0,0,0,0,0,0,0,0,0,0,0,0,0,0,0,0,0,0,0,0,0,0
2020-11-18,,10.5,7.0,15.5,6.5,9.0,9.5,12.0,33.0,13.0,5.5,46.5,,4.0,12.5,6.0,3.5,9.5,5.0,7.0,,35.5,3.0,,5.0,16.0,8.5,,,15.5,29.5,13.5,,39.0,8.5,7.5,2.5,,19.5,3.0,0,0,0,0,0,0,0,0,0,0,0,0,0,0,0,0,0,0,0,0,0,0,0,0,0,0,0,0,0,0,0,0,0,0,0,0,0,0,0,0
2020-11-19,,0.0,0.0,2.0,11.0,3.5,4.0,6.0,2.5,,5.0,16.0,,3.0,0.5,0.5,9.5,5.5,4.0,2.0,,23.0,8.0,,1.0,3.5,1.0,,,1.0,34.0,6.5,,12.5,4.0,4.0,,,4.0,,0,0,0,0,0,0,0,0,0,0,0,0,0,0,0,0,0,0,0,0,0,0,0,0,0,0,0,0,0,0,0,0,0,0,0,0,0,0,0,0
2020-11-20,,0.0,0.0,0.0,0.0,0.0,0.0,0.0,0.5,0.0,0.5,0.0,,0.0,0.5,0.5,0.0,0.0,0.0,0.0,,0.0,0.0,,0.0,0.0,0.0,,,0.0,0.0,0.5,,0.0,7.5,0.5,,,0.5,,0,0,0,0,0,0,0,0,0,0,0,0,0,0,0,0,0,0,0,0,0,0,0,0,0,0,0,0,0,0,0,0,0,0,0,0,0,0,0,0
2020-11-21,,17.0,20.0,7.0,10.5,4.0,4.0,3.5,6.5,4.5,2.5,1.5,,6.0,27.5,13.5,15.0,12.0,6.0,12.5,,6.5,15.5,,1.5,12.5,5.0,,,7.5,6.5,11.5,,2.0,3.5,,,,5.5,,0,0,0,0,0,0,0,0,0,0,0,0,0,0,0,0,0,0,0,0,0,0,0,0,0,0,0,0,0,0,0,0,0,0,0,0,0,0,0,0
2020-11-22,,2.5,1.5,8.0,24.5,0.0,0.5,,1.0,9.0,7.5,0.0,,7.0,12.0,6.5,2.0,0.5,0.5,2.0,,0.5,2.5,,0.5,1.0,1.0,,,0.5,5.5,4.0,,0.5,5.0,0.5,,,2.5,9.0,0,0,0,0,0,0,0,0,0,0,0,0,0,0,0,0,0,0,0,0,0,0,0,0,0,0,0,0,0,0,0,0,0,0,0,0,0,0,0,0
2020-11-23,,21.5,12.0,2.0,5.5,6.5,8.0,,6.0,1.0,47.5,24.5,,13.0,0.0,1.0,5.0,4.0,17.5,0.5,,2.5,5.0,,0.5,5.0,12.0,,,41.0,18.0,30.0,,21.0,25.0,2.5,,,9.5,,0,0,0,0,0,0,0,0,0,0,0,0,0,0,0,0,0,0,0,0,0,0,0,0,0,0,0,0,0,0,0,0,0,0,0,0,0,0,0,0
2020-11-24,,25.0,41.5,12.0,12.5,21.0,29.0,,44.5,24.0,11.0,7.0,,19.0,36.5,11.0,36.5,8.0,15.0,8.0,,40.5,30.5,,6.5,22.0,14.5,,,55.5,12.5,28.5,,7.5,26.0,30.5,,,47.0,,0,0,0,0,0,0,0,0,0,0,0,0,0,0,0,0,0,0,0,0,0,0,0,0,0,0,0,0,0,0,0,0,0,0,0,0,0,0,0,0
2020-11-25,,0.0,0.5,4.0,24.0,24.0,20.5,23.5,0.5,,12.0,11.0,,8.0,,9.0,0.5,4.0,3.0,14.5,,22.0,,,0.0,1.5,16.0,,,11.0,45.0,0.5,,13.5,17.5,,,,50.0,,0,0,0,0,0,0,0,0,0,0,0,0,0,0,0,0,0,0,0,0,0,0,0,0,0,0,0,0,0,0,0,0,0,0,0,0,0,0,0,0
2020-11-26,,45.0,50.5,31.0,17.0,11.0,12.5,25.0,9.5,36.0,78.5,12.0,,20.0,,43.0,75.5,51.0,44.0,48.5,,19.5,,,2.5,72.0,55.0,,,25.0,13.0,67.0,,9.5,40.5,33.5,4.0,,37.5,,0,0,0,0,0,0,0,0,0,0,0,0,0,0,0,0,0,0,0,0,0,0,0,0,0,0,0,0,0,0,0,0,0,0,0,0,0,0,0,0
2020-11-27,,13.5,15.0,22.0,12.0,26.0,26.5,11.5,34.5,42.5,24.0,8.5,,17.0,22.0,20.5,6.5,19.0,25.5,16.5,,20.0,10.0,,8.0,20.0,23.5,,26.0,19.0,84.0,13.5,,11.0,47.5,18.5,30.5,,23.5,9.0,0,0,0,0,0,0,0,0,0,0,0,0,0,0,0,0,0,0,0,0,0,0,0,0,0,0,0,0,0,0,0,0,0,0,0,0,0,0,0,0
2020-11-28,,2.0,4.0,0.0,0.5,0.0,0.5,0.5,,1.5,1.0,0.0,,0.5,0.5,0.5,6.0,2.5,0.0,1.0,,9.5,4.0,,0.0,10.5,0.0,,,1.5,3.0,5.5,,0.0,10.5,0.0,7.0,,0.5,,0,0,0,0,0,0,0,0,0,0,0,0,0,0,0,0,0,0,0,0,0,0,0,0,0,0,0,0,0,0,0,0,0,0,0,0,0,0,0,0
2020-11-29,,20.0,15.5,2.0,10.0,12.5,14.5,3.5,,11.0,18.0,33.5,,3.5,,15.5,2.5,2.0,1.0,3.0,,3.5,3.0,,3.5,2.0,2.5,,,9.0,21.0,22.5,,27.5,14.5,1.5,13.5,,15.5,,0,0,0,0,0,0,0,0,0,0,0,0,0,0,0,0,0,0,0,0,0,0,0,0,0,0,0,0,0,0,0,0,0,0,0,0,0,0,0,0
2020-11-30,6.5,10.5,6.0,3.0,3.5,12.0,9.5,16.0,2.5,10.5,1.0,10.5,,12.0,30.5,2.0,3.0,5.5,5.0,4.5,,8.0,4.0,,0.5,2.0,0.5,,,20.0,2.0,20.5,,9.5,0.0,,7.0,,11.0,,0,0,0,0,0,0,0,0,0,0,0,0,0,0,0,0,0,0,0,0,0,0,0,0,0,0,0,0,0,0,0,0,0,0,0,0,0,0,0,0
2020-12-01,,,,,,,,,,,,,,,,,,,,,,,,,,,,,,,,,,,,,,,,,0,0,0,0,0,0,0,0,0,0,0,0,0,0,0,0,0,0,0,0,0,0,0,0,0,0,0,0,0,0,0,0,0,0,0,0,0,0,0,0
2020-12-02,,0.0,1.0,0.0,0.0,0.0,0.0,0.0,0.0,0.5,2.5,1.0,,0.0,0.0,0.0,2.0,8.5,0.0,11.0,,16.5,6.5,,0.0,3.5,0.5,,,0.0,0.0,0.5,,1.0,3.5,0.5,0.0,,0.0,,0,0,0,0,0,0,0,0,0,0,0,0,0,0,0,0,0,0,0,0,0,0,0,0,0,0,0,0,0,0,0,0,0,0,0,0,0,0,0,0
2020-12-03,,27.0,24.5,3.5,17.0,13.0,3.5,,2.5,,5.5,31.5,,0.0,24.0,9.0,20.0,10.0,5.5,7.0,,0.5,23.0,,2.5,7.0,16.5,,,19.5,12.5,38.5,,26.0,2.0,2.5,14.5,,7.5,,0,0,0,0,0,0,0,0,0,0,0,0,0,0,0,0,0,0,0,0,0,0,0,0,0,0,0,0,0,0,0,0,0,0,0,0,0,0,0,0
2020-12-04,,14.0,4.0,10.5,9.5,,4.0,17.0,34.0,,19.5,8.5,,,16.5,10.0,2.5,3.0,3.5,3.0,,11.5,1.0,,3.0,3.5,13.0,,,10.5,3.5,12.0,,6.0,12.0,6.5,13.5,,33.5,3.0,0,0,0,0,0,0,0,0,0,0,0,0,0,0,0,0,0,0,0,0,0,0,0,0,0,0,0,0,0,0,0,0,0,0,0,0,0,0,0,0
2020-12-05,,81.0,81.5,59.0,52.0,20.0,20.5,,72.0,40.5,17.0,32.0,,14.5,39.5,44.0,89.0,91.0,66.0,93.5,,11.0,97.5,,9.5,78.5,67.0,,,55.0,38.5,80.5,,35.5,9.5,82.0,46.0,,42.0,71.0,0,0,0,0,0,0,0,0,0,0,0,0,0,0,0,0,0,0,0,0,0,0,0,0,0,0,0,0,0,0,0,0,0,0,0,0,0,0,0,0
2020-12-06,,30.0,40.0,46.5,52.5,23.5,27.0,,33.5,47.0,27.0,15.5,,0.0,,47.0,41.5,41.0,56.5,53.0,,15.0,37.5,,2.0,41.5,92.0,,,44.0,57.5,33.5,,13.5,16.5,71.0,19.5,,39.5,44.5,0,0,0,0,0,0,0,0,0,0,0,0,0,0,0,0,0,0,0,0,0,0,0,0,0,0,0,0,0,0,0,0,0,0,0,0,0,0,0,0
2020-12-07,,0.0,0.5,1.0,3.0,1.0,1.5,,2.5,15.0,0.5,2.5,,,,1.0,0.5,0.0,0.5,0.5,,0.5,0.5,,0.0,0.5,2.5,,,0.0,8.5,1.0,,3.0,0.0,1.0,0.0,,4.0,,0,0,0,0,0,0,0,0,0,0,0,0,0,0,0,0,0,0,0,0,0,0,0,0,0,0,0,0,0,0,0,0,0,0,0,0,0,0,0,0
2020-12-08,2.0,0.5,0.0,0.0,0.0,0.0,0.0,,5.5,0.5,10.0,0.0,,,,1.0,0.0,0.0,0.0,0.0,,3.0,0.0,,0.0,0.0,0.5,,,0.0,0.0,0.0,,0.0,1.0,0.5,1.0,,0.0,,0,0,0,0,0,0,0,0,0,0,0,0,0,0,0,0,0,0,0,0,0,0,0,0,0,0,0,0,0,0,0,0,0,0,0,0,0,0,0,0
2020-12-09,,12.0,5.5,0.0,0.5,0.0,0.5,,36.0,2.5,32.0,3.0,,,,3.5,6.5,3.5,2.5,4.5,,2.0,4.5,,5.0,7.0,5.5,,,15.5,1.0,7.0,,1.5,23.0,1.5,25.0,,0.0,3.0,0,0,0,0,0,0,0,0,0,0,0,0,0,0,0,0,0,0,0,0,0,0,0,0,0,0,0,0,0,0,0,0,0,0,0,0,0,0,0,0
2020-12-10,,7.5,15.5,16.0,10.5,33.0,28.5,,4.0,46.0,0.5,27.0,,,,36.5,24.0,28.5,25.0,32.0,,1.5,21.5,,1.5,30.5,43.5,,,3.5,19.0,7.0,,34.5,10.5,33.5,2.5,,30.5,,0,0,0,0,0,0,0,0,0,0,0,0,0,0,0,0,0,0,0,0,0,0,0,0,0,0,0,0,0,0,0,0,0,0,0,0,0,0,0,0
2020-12-11,,72.0,37.5,13.0,20.5,13.5,12.5,,46.5,17.0,15.0,10.5,,,,13.0,19.0,23.0,33.5,22.5,,5.5,17.5,,13.5,22.0,13.5,,,32.0,24.5,18.0,,10.5,6.5,34.0,47.0,,27.0,,0,0,0,0,0,0,0,0,0,0,0,0,0,0,0,0,0,0,0,0,0,0,0,0,0,0,0,0,0,0,0,0,0,0,0,0,0,0,0,0
2020-12-12,,4.5,6.0,14.0,7.0,17.0,12.5,,7.0,4.5,6.0,20.0,,,,43.5,7.5,17.5,11.5,20.0,,12.5,9.5,,0.5,9.5,12.5,,,2.0,7.5,5.0,,17.5,1.0,13.0,9.5,,7.5,,0,0,0,0,0,0,0,0,0,0,0,0,0,0,0,0,0,0,0,0,0,0,0,0,0,0,0,0,0,0,0,0,0,0,0,0,0,0,0,0
2020-12-13,,8.0,16.0,4.0,4.5,0.5,0.5,,1.5,,1.0,0.0,,,,23.0,18.0,29.5,9.0,23.5,,3.0,11.5,,2.0,29.0,7.0,,,2.5,7.5,22.0,,0.0,1.5,10.0,0.5,,1.0,,0,0,0,0,0,0,0,0,0,0,0,0,0,0,0,0,0,0,0,0,0,0,0,0,0,0,0,0,0,0,0,0,0,0,0,0,0,0,0,0
2020-12-14,,0.5,0.0,4.5,18.5,,6.0,,0.5,,1.0,16.5,,,,8.5,0.5,15.0,3.5,9.5,,9.0,2.0,,0.0,0.0,0.5,,,0.0,1.0,0.5,,12.5,2.0,5.5,0.0,,0.5,0.0,0,0,0,0,0,0,0,0,0,0,0,0,0,0,0,0,0,0,0,0,0,0,0,0,0,0,0,0,0,0,0,0,0,0,0,0,0,0,0,0
2020-12-15,,8.5,0.0,0.0,0.0,14.0,6.5,,0.0,,5.5,13.0,,,,0.0,0.0,0.0,0.0,0.0,,,0.0,,0.0,0.0,0.5,,,0.0,3.0,1.0,,49.5,13.5,0.0,0.5,,33.0,,0,0,0,0,0,0,0,0,0,0,0,0,0,0,0,0,0,0,0,0,0,0,0,0,0,0,0,0,0,0,0,0,0,0,0,0,0,0,0,0
2020-12-16,,0.0,0.0,0.0,0.0,9.0,,,8.0,,32.5,20.5,,4.0,,1.0,0.5,0.5,1.5,0.0,,15.5,0.5,,3.0,1.0,,,,26.5,2.0,1.5,,18.5,,10.0,0.5,,10.0,,0,0,0,0,0,0,0,0,0,0,0,0,0,0,0,0,0,0,0,0,0,0,0,0,0,0,0,0,0,0,0,0,0,0,0,0,0,0,0,0
2020-12-17,,2.5,2.5,2.0,1.5,15.5,,,6.0,2.0,6.0,2.5,,8.0,,2.0,3.0,3.0,2.5,2.0,,7.0,2.0,,1.5,3.0,,,,29.0,3.5,3.0,,3.0,,3.0,5.0,,2.0,,0,0,0,0,0,0,0,0,0,0,0,0,0,0,0,0,0,0,0,0,0,0,0,0,0,0,0,0,0,0,0,0,0,0,0,0,0,0,0,0
2020-12-18,18.0,4.0,51.5,19.0,37.5,9.5,5.5,,12.5,41.5,13.0,3.0,,43.5,11.5,17.5,27.5,13.0,24.5,9.5,,7.0,29.0,,3.5,9.0,,,,5.0,9.5,4.5,,4.0,,34.5,48.0,,14.5,,0,0,0,0,0,0,0,0,0,0,0,0,0,0,0,0,0,0,0,0,0,0,0,0,0,0,0,0,0,0,0,0,0,0,0,0,0,0,0,0
2020-12-19,,4.0,5.5,0.5,0.5,0.5,0.5,,0.5,0.5,2.0,3.0,,0.0,,1.0,0.0,1.5,0.0,1.5,,2.0,0.0,,0.0,0.0,,,,0.0,1.5,2.0,,3.5,2.5,0.0,4.5,,0.5,,0,0,0,0,0,0,0,0,0,0,0,0,0,0,0,0,0,0,0,0,0,0,0,0,0,0,0,0,0,0,0,0,0,0,0,0,0,0,0,0
2020-12-20,,4.0,3.0,1.5,8.0,9.5,7.5,,32.0,4.5,9.0,8.5,,2.0,,0.5,0.5,1.0,3.0,1.0,,0.5,1.5,,27.5,1.5,,,,31.0,6.5,13.5,,9.0,18.0,1.0,14.0,,1.5,,0,0,0,0,0,0,0,0,0,0,0,0,0,0,0,0,0,0,0,0,0,0,0,0,0,0,0,0,0,0,0,0,0,0,0,0,0,0,0,0
2020-12-21,,105.5,81.0,28.5,41.0,39.5,40.0,,51.0,39.5,36.5,42.0,,58.0,53.5,39.5,66.5,60.0,59.0,63.0,,0.0,78.5,,11.0,59.0,,,,49.0,52.0,116.0,,33.5,46.0,72.0,24.0,,32.5,45.5,0,0,0,0,0,0,0,0,0,0,0,0,0,0,0,0,0,0,0,0,0,0,0,0,0,0,0,0,0,0,0,0,0,0,0,0,0,0,0,0
2020-12-22,,55.5,26.5,2.0,20.5,13.5,13.0,,201.0,,17.0,3.0,,4.0,65.0,12.0,14.0,12.5,5.5,8.5,,18.5,12.5,,54.0,16.0,,,,131.0,9.0,53.0,,2.0,27.0,5.0,119.5,,26.5,9.0,0,0,0,0,0,0,0,0,0,0,0,0,0,0,0,0,0,0,0,0,0,0,0,0,0,0,0,0,0,0,0,0,0,0,0,0,0,0,0,0
2020-12-23,,0.0,0.5,0.0,0.5,0.5,0.5,,0.0,,0.0,0.0,,0.0,0.0,0.5,0.0,0.0,0.0,0.0,,,0.0,,0.0,0.0,0.5,,,6.0,0.5,0.0,,0.0,0.0,0.0,0.0,,5.0,,0,0,0,0,0,0,0,0,0,0,0,0,0,0,0,0,0,0,0,0,0,0,0,0,0,0,0,0,0,0,0,0,0,0,0,0,0,0,0,0
2020-12-24,,8.5,25.5,0.0,0.0,2.0,3.5,,0.0,,18.5,1.0,,0.0,4.0,0.5,37.5,15.0,3.0,1.0,,,29.0,,0.0,10.0,0.0,,,0.0,0.0,2.5,,0.5,5.5,0.5,0.0,,14.0,,0,0,0,0,0,0,0,0,0,0,0,0,0,0,0,0,0,0,0,0,0,0,0,0,0,0,0,0,0,0,0,0,0,0,0,0,0,0,0,0
2020-12-25,,,,,,,,,,,,,,,,,,,,,,,,,,,,,,,,,,,,,,,,,0,0,0,0,0,0,0,0,0,0,0,0,0,0,0,0,0,0,0,0,0,0,0,0,0,0,0,0,0,0,0,0,0,0,0,0,0,0,0,0
2020-12-26,,,,,,,,,,,,,,,,,,,,,,,,,,,,,,,,,,,,,,,,,0,0,0,0,0,0,0,0,0,0,0,0,0,0,0,0,0,0,0,0,0,0,0,0,0,0,0,0,0,0,0,0,0,0,0,0,0,0,0,0
2020-12-27,,0.0,0.0,0.0,0.0,0.0,0.0,,0.5,0.0,0.0,0.0,,0.0,0.0,0.0,0.0,0.0,0.0,0.0,,,0.0,,0.0,0.0,0.0,,,0.0,0.0,0.0,,0.0,0.0,0.5,0.0,,0.0,,0,0,0,0,0,0,0,0,0,0,0,0,0,0,0,0,0,0,0,0,0,0,0,0,0,0,0,0,0,0,0,0,0,0,0,0,0,0,0,0
2020-12-28,,0.0,0.0,0.5,0.0,0.0,0.5,,0.0,0.0,0.0,0.0,,0.0,0.0,0.0,0.0,0.0,9.0,0.0,,,0.0,,0.0,0.0,9.5,,,2.0,0.0,0.0,,0.0,0.0,7.5,0.0,,0.0,,0,0,0,0,0,0,0,0,0,0,0,0,0,0,0,0,0,0,0,0,0,0,0,0,0,0,0,0,0,0,0,0,0,0,0,0,0,0,0,0
2020-12-29,,0.0,0.5,0.0,1.0,2.5,3.0,,0.0,,8.5,0.0,,0.5,0.0,0.0,0.0,0.0,0.0,0.5,,,1.0,,6.5,2.0,5.5,,,4.5,10.0,0.5,,0.0,5.0,0.0,12.0,,4.0,,0,0,0,0,0,0,0,0,0,0,0,0,0,0,0,0,0,0,0,0,0,0,0,0,0,0,0,0,0,0,0,0,0,0,0,0,0,0,0,0
2020-12-30,,3.5,4.5,13.5,4.5,7.0,7.0,,17.0,,5.5,2.5,,4.0,19.0,4.0,3.5,3.5,3.5,3.5,,7.0,3.5,,,3.5,5.5,,,4.5,4.0,4.0,,2.5,41.5,5.5,8.5,,2.5,,0,0,0,0,0,0,0,0,0,0,0,0,0,0,0,0,0,0,0,0,0,0,0,0,0,0,0,0,0,0,0,0,0,0,0,0,0,0,0,0
2020-12-31,,,,,,,,,,,,,,,,,,,,,,,,,,,,,,,,,,,,,,,,,0,0,0,0,0,0,0,0,0,0,0,0,0,0,0,0,0,0,0,0,0,0,0,0,0,0,0,0,0,0,0,0,0,0,0,0,0,0,0,0
2021-01-01,,4.0,4.5,3.0,4.5,5.0,5.5,,,,2.0,2.5,,4.0,2.0,2.5,6.5,5.0,3.0,4.5,,22.5,5.5,,0.0,5.0,3.0,,,1.0,4.0,4.0,,2.0,2.0,3.5,,,6.5,,0,0,0,0,0,0,0,0,0,0,0,0,0,0,0,0,0,0,0,0,0,0,0,0,0,0,0,0,0,0,0,0,0,0,0,0,0,0,0,0
2021-01-02,,49.0,89.0,52.0,10.5,8.0,6.5,,3.5,48.5,2.5,1.5,,41.5,8.0,,58.0,61.5,35.5,66.0,,1.0,56.5,,12.5,66.0,61.0,,,12.0,12.0,55.0,,1.5,8.0,48.0,,,45.5,73.0,0,0,0,0,0,0,0,0,0,0,0,0,0,0,0,0,0,0,0,0,0,0,0,0,0,0,0,0,0,0,0,0,0,0,0,0,0,0,0,0
2021-01-03,,23.5,54.0,15.0,63.0,21.0,37.5,,0.5,58.0,39.0,32.5,,19.0,0.5,,12.5,20.0,7.5,17.0,,60.0,19.5,,1.0,5.5,11.5,,,10.5,59.5,13.0,,23.0,47.0,15.5,,,81.0,31.0,0,0,0,0,0,0,0,0,0,0,0,0,0,0,0,0,0,0,0,0,0,0,0,0,0,0,0,0,0,0,0,0,0,0,0,0,0,0,0,0
2021-01-04,,13.0,12.0,6.0,14.0,13.0,11.0,,,,32.5,23.0,,,14.5,,18.0,13.0,,,,11.5,15.0,,,10.0,8.0,,,28.0,,14.5,,17.5,31.5,7.5,,,84.0,9.0,0,0,0,0,0,0,0,0,0,0,0,0,0,0,0,0,0,0,0,0,0,0,0,0,0,0,0,0,0,0,0,0,0,0,0,0,0,0,0,0
2021-01-05,,1.0,0.5,0.0,1.0,1.0,1.5,,1.5,,1.5,0.5,,1.0,1.0,,1.0,1.0,0.5,0.5,,1.0,1.0,,,1.5,1.5,,,1.5,1.0,1.0,,0.5,1.0,1.0,,,1.5,1.0,0,0,0,0,0,0,0,0,0,0,0,0,0,0,0,0,0,0,0,0,0,0,0,0,0,0,0,0,0,0,0,0,0,0,0,0,0,0,0,0
2021-01-06,,3.5,2.0,2.0,4.0,1.0,1.5,,4.5,,0.0,0.0,,0.5,,,19.0,0.0,8.0,1.0,,29.5,28.0,,,1.5,8.0,,,23.0,0.5,6.0,,0.0,18.5,4.0,,,1.0,12.5,0,0,0,0,0,0,0,0,0,0,0,0,0,0,0,0,0,0,0,0,0,0,0,0,0,0,0,0,0,0,0,0,0,0,0,0,0,0,0,0
2021-01-07,,53.5,50.0,42.0,67.5,,11.0,,,,39.5,4.0,,,,,30.5,12.5,,22.5,,13.0,44.0,,,34.5,27.5,,,8.0,,26.5,,2.5,19.5,27.5,,,20.0,26.5,0,0,0,0,0,0,0,0,0,0,0,0,0,0,0,0,0,0,0,0,0,0,0,0,0,0,0,0,0,0,0,0,0,0,0,0,0,0,0,0
2021-01-08,,8.0,11.0,0.0,38.0,19.5,20.5,,26.0,7.0,46.5,9.5,,1.0,6.5,,5.5,7.0,1.0,10.0,,17.5,5.5,,,3.0,5.0,,,11.0,4.0,3.5,,,41.0,3.0,,,7.5,18.0,0,0,0,0,0,0,0,0,0,0,0,0,0,0,0,0,0,0,0,0,0,0,0,0,0,0,0,0,0,0,0,0,0,0,0,0,0,0,0,0
2021-01-09,,0.0,0.5,0.5,4.0,0.0,0.5,,0.0,1.0,8.5,0.5,,3.0,0.5,0.0,0.0,0.5,0.5,0.5,,7.0,0.0,,,0.0,0.0,,,5.0,4.5,0.0,,0.5,13.0,0.5,,,2.5,0.5,0,0,0,0,0,0,0,0,0,0,0,0,0,0,0,0,0,0,0,0,0,0,0,0,0,0,0,0,0,0,0,0,0,0,0,0,0,0,0,0
2021-01-10,,25.5,37.5,6.0,14.5,23.5,29.5,17.5,26.5,20.0,54.5,28.0,,14.0,41.0,24.0,55.5,23.5,11.5,6.5,,26.0,61.5,,,9.0,20.5,,,99.0,27.5,42.0,,22.5,34.0,18.5,,,27.0,49.0,0,0,0,0,0,0,0,0,0,0,0,0,0,0,0,0,0,0,0,0,0,0,0,0,0,0,0,0,0,0,0,0,0,0,0,0,0,0,0,0
2021-01-11,,5.5,9.5,7.0,16.0,14.5,15.5,,9.0,36.0,36.5,25.0,,9.0,6.5,11.0,11.0,8.0,9.5,7.0,,34.0,10.0,,1.5,5.0,8.0,,,7.0,12.5,3.0,,14.0,43.0,10.5,,,23.5,13.0,0,0,0,0,0,0,0,0,0,0,0,0,0,0,0,0,0,0,0,0,0,0,0,0,0,0,0,0,0,0,0,0,0,0,0,0,0,0,0,0
2021-01-12,,151.5,171.5,213.0,176.0,117.5,143.0,,79.0,222.0,114.0,70.5,,241.0,,171.0,269.0,223.5,202.0,167.0,,90.5,217.0,,,191.5,178.0,,,35.0,142.5,183.0,,57.0,141.0,215.0,,,115.0,113.5,0,0,0,0,0,0,0,0,0,0,0,0,0,0,0,0,0,0,0,0,0,0,0,0,0,0,0,0,0,0,0,0,0,0,0,0,0,0,0,0
2021-01-13,,186.0,236.0,214.0,205.0,192.0,211.5,,150.0,110.5,222.0,253.5,,170.5,176.0,147.5,189.0,143.0,176.0,174.5,,62.0,185.0,,37.0,192.5,203.5,,,111.5,178.5,183.5,,210.0,227.5,236.0,,,154.5,177.5,0,0,0,0,0,0,0,0,0,0,0,0,0,0,0,0,0,0,0,0,0,0,0,0,0,0,0,0,0,0,0,0,0,0,0,0,0,0,0,0
2021-01-14,,77.5,,60.5,57.5,48.0,48.5,,42.0,65.0,50.5,40.0,,63.0,50.5,70.5,118.0,92.5,100.5,104.0,,,99.5,,16.0,98.5,146.5,,,71.0,53.0,,,25.5,59.5,106.5,,,55.5,61.5,0,0,0,0,0,0,0,0,0,0,0,0,0,0,0,0,0,0,0,0,0,0,0,0,0,0,0,0,0,0,0,0,0,0,0,0,0,0,0,0
2021-01-15,,,,,,,,,,,,,,,,,,,,,,,,,,,,,,,,,,,,,,,,,0,0,0,0,0,0,0,0,0,0,0,0,0,0,0,0,0,0,0,0,0,0,0,0,0,0,0,0,0,0,0,0,0,0,0,0,0,0,0,0
2021-01-16,,3.5,5.5,4.0,5.5,3.0,3.0,,4.5,31.0,7.0,2.5,,12.5,11.5,7.5,19.5,27.0,33.5,32.0,,14.0,14.5,,,15.5,19.5,,,4.5,3.5,5.5,,2.0,44.0,38.5,,,13.5,9.5,0,0,0,0,0,0,0,0,0,0,0,0,0,0,0,0,0,0,0,0,0,0,0,0,0,0,0,0,0,0,0,0,0,0,0,0,0,0,0,0
2021-01-17,,0.5,1.0,2.0,3.5,2.0,3.0,,0.5,,1.0,1.0,,4.5,0.5,3.0,11.0,13.5,,10.5,,,6.0,,,8.5,7.5,,,2.5,2.0,4.5,,0.5,0.5,7.5,,,2.0,,0,0,0,0,0,0,0,0,0,0,0,0,0,0,0,0,0,0,0,0,0,0,0,0,0,0,0,0,0,0,0,0,0,0,0,0,0,0,0,0
2021-01-18,,2.0,1.0,0.0,0.0,0.0,0.0,,0.0,0.0,0.0,0.0,,1.0,3.0,0.0,,0.0,3.0,0.5,,0.0,2.5,,,1.0,2.0,,,0.0,1.0,2.5,,0.0,0.0,0.5,,,0.0,1.0,0,0,0,0,0,0,0,0,0,0,0,0,0,0,0,0,0,0,0,0,0,0,0,0,0,0,0,0,0,0,0,0,0,0,0,0,0,0,0,0
2021-01-19,0.0,0.0,0.0,0.0,0.0,0.0,0.0,,6.0,,0.0,0.0,,,0.0,0.0,,0.5,0.0,0.0,,0.0,0.0,,,1.0,1.0,,,0.0,0.0,0.0,,0.0,0.0,0.0,,,0.5,,0,0,0,0,0,0,0,0,0,0,0,0,0,0,0,0,0,0,0,0,0,0,0,0,0,0,0,0,0,0,0,0,0,0,0,0,0,0,0,0
2021-01-20,,,,,,,,,,,,,,,,,,,,,,,,,,,,,,,,,,,,,,,,,0,0,0,0,0,0,0,0,0,0,0,0,0,0,0,0,0,0,0,0,0,0,0,0,0,0,0,0,0,0,0,0,0,0,0,0,0,0,0,0
2021-01-21,2.5,0.0,0.5,0.0,0.0,0.0,0.5,,,,0.0,0.0,,,,0.0,,0.5,1.0,,,1.5,1.5,,,0.0,6.0,,,0.0,0.0,0.5,,0.0,7.0,1.5,,,0.0,,0,0,0,0,0,0,0,0,0,0,0,0,0,0,0,0,0,0,0,0,0,0,0,0,0,0,0,0,0,0,0,0,0,0,0,0,0,0,0,0
2021-01-22,,0.0,0.0,0.0,0.5,6.0,5.0,,,,6.5,4.5,,,,0.0,,0.0,,,,,,,,0.0,,,,0.0,2.5,0.0,,5.0,4.0,0.0,,,24.0,,0,0,0,0,0,0,0,0,0,0,0,0,0,0,0,0,0,0,0,0,0,0,0,0,0,0,0,0,0,0,0,0,0,0,0,0,0,0,0,0
2021-01-23,1.5,0.0,0.0,0.0,0.0,0.5,0.5,,1.0,,0.5,0.0,,,0.0,0.0,,0.0,,0.0,,3.0,0.0,,2.0,0.0,,,,1.0,0.0,0.0,,0.0,1.0,0.5,,,0.0,,0,0,0,0,0,0,0,0,0,0,0,0,0,0,0,0,0,0,0,0,0,0,0,0,0,0,0,0,0,0,0,0,0,0,0,0,0,0,0,0
2021-01-24,,0.0,0.0,0.0,0.0,0.0,0.0,,0.0,,0.0,0.0,,0.0,,0.0,,0.0,0.0,0.0,,0.0,0.0,,0.0,0.0,0.0,,,0.0,0.0,0.0,,0.0,0.0,0.5,,,0.5,0.0,0,0,0,0,0,0,0,0,0,0,0,0,0,0,0,0,0,0,0,0,0,0,0,0,0,0,0,0,0,0,0,0,0,0,0,0,0,0,0,0
2021-01-25,,2.0,0.5,0.5,0.0,0.0,0.0,,30.5,,0.0,0.0,,1.0,,3.5,,3.0,,3.0,,,1.0,,,8.0,,,,47.5,0.0,0.5,,,0.0,1.0,,,0.0,,0,0,0,0,0,0,0,0,0,0,0,0,0,0,0,0,0,0,0,0,0,0,0,0,0,0,0,0,0,0,0,0,0,0,0,0,0,0,0,0
2021-01-26,,64.0,78.5,44.5,23.0,47.0,40.5,,15.0,,58.0,53.0,,42.5,,68.0,,67.5,83.0,83.0,,0.0,33.0,,,87.0,193.5,,,49.0,31.5,37.5,,44.5,84.5,101.0,,,60.0,46.0,0,0,0,0,0,0,0,0,0,0,0,0,0,0,0,0,0,0,0,0,0,0,0,0,0,0,0,0,0,0,0,0,0,0,0,0,0,0,0,0
2021-01-27,,13.5,15.0,15.5,5.0,6.5,4.5,,,,14.0,5.5,,21.5,,11.0,,13.0,31.0,17.0,,0.0,12.0,,,23.0,70.0,,,31.5,7.0,44.5,,5.5,39.5,45.5,,,11.0,10.5,0,0,0,0,0,0,0,0,0,0,0,0,0,0,0,0,0,0,0,0,0,0,0,0,0,0,0,0,0,0,0,0,0,0,0,0,0,0,0,0
2021-01-28,,,88.0,26.0,19.0,,9.0,,,,,,,,,,,29.0,,,,,,,,43.5,,,,14.5,,44.5,,,2.0,40.5,,,,,0,0,0,0,0,0,0,0,0,0,0,0,0,0,0,0,0,0,0,0,0,0,0,0,0,0,0,0,0,0,0,0,0,0,0,0,0,0,0,0
2021-01-29,37.0,56.5,57.0,129.0,137.0,108.0,105.5,,56.0,,65.0,74.5,,73.0,75.5,85.5,,92.0,103.5,131.5,,35.5,65.0,,,114.5,119.0,,,57.5,110.5,78.0,,61.0,54.5,95.0,67.5,,144.0,79.5,0,0,0,0,0,0,0,0,0,0,0,0,0,0,0,0,0,0,0,0,0,0,0,0,0,0,0,0,0,0,0,0,0,0,0,0,0,0,0,0
2021-01-30,,,,,,,,,,,,,,,,,,,,,,,,,,,,,,,,,,,,,,,,,0,0,0,0,0,0,0,0,0,0,0,0,0,0,0,0,0,0,0,0,0,0,0,0,0,0,0,0,0,0,0,0,0,0,0,0,0,0,0,0
2021-01-31,,43.5,69.5,11.5,11.5,17.0,17.5,,90.0,,15.0,39.0,,26.5,93.0,31.5,,29.5,31.0,22.0,,16.0,37.5,30.0,,27.5,35.5,,,89.0,11.0,39.5,,25.0,20.0,31.0,66.0,,16.0,55.0,0,0,0,0,0,0,0,0,0,0,0,0,0,0,0,0,0,0,0,0,0,0,0,0,0,0,0,0,0,0,0,0,0,0,0,0,0,0,0,0
2021-02-01,,,,,,,,,,,,,,,,,,,,,,,,,,,,,,,,,,,,,,,,,0,0,0,0,0,0,0,0,0,0,0,0,0,0,0,0,0,0,0,0,0,0,0,0,0,0,0,0,0,0,0,0,0,0,0,0,0,0,0,0
2021-02-02,,10.0,3.5,5.5,1.0,3.5,4.0,,5.5,,4.5,3.5,,0.0,3.5,2.0,,2.0,0.5,4.0,,0.5,5.0,5.0,0.0,3.5,1.0,,,0.0,6.5,7.5,,3.5,4.0,0.5,7.5,,4.0,1.5,0,0,0,0,0,0,0,0,0,0,0,0,0,0,0,0,0,0,0,0,0,0,0,0,0,0,0,0,0,0,0,0,0,0,0,0,0,0,0,0
2021-02-03,,,,,,,,,,,,,,,,,,,,,,,,,,,,,,,,,,,,,,,,,0,0,0,0,0,0,0,0,0,0,0,0,0,0,0,0,0,0,0,0,0,0,0,0,0,0,0,0,0,0,0,0,0,0,0,0,0,0,0,0
2021-02-04,,,92.5,98.5,101.5,114.0,122.0,,97.5,,46.0,87.5,,143.5,,166.5,,144.5,,140.0,,35.0,165.5,,,139.5,163.5,,,152.0,,146.5,,54.5,49.5,,54.0,,119.0,136.0,0,0,0,0,0,0,0,0,0,0,0,0,0,0,0,0,0,0,0,0,0,0,0,0,0,0,0,0,0,0,0,0,0,0,0,0,0,0,0,0
2021-02-05,,111.5,119.5,56.0,62.5,29.5,41.5,,77.0,,10.0,28.0,,56.5,107.5,82.5,76.0,57.0,58.5,62.0,,51.0,81.0,9.0,,59.5,58.5,,,80.0,46.0,63.5,,,7.0,66.5,106.0,,24.5,77.0,0,0,0,0,0,0,0,0,0,0,0,0,0,0,0,0,0,0,0,0,0,0,0,0,0,0,0,0,0,0,0,0,0,0,0,0,0,0,0,0
2021-02-06,,39.5,34.0,2.5,1.0,5.0,7.0,,51.0,,2.5,4.0,,6.0,87.0,3.0,40.5,17.0,4.0,10.0,,1.0,48.0,1.0,0.5,9.0,38.0,,,54.0,1.5,21.5,,2.5,4.0,7.5,132.5,,0.0,6.0,0,0,0,0,0,0,0,0,0,0,0,0,0,0,0,0,0,0,0,0,0,0,0,0,0,0,0,0,0,0,0,0,0,0,0,0,0,0,0,0
2021-02-07,,17.0,13.0,10.5,10.0,89.0,95.0,,49.0,,74.0,42.0,,,68.0,10.0,6.5,6.0,16.5,5.0,,2.0,6.5,41.0,,7.5,21.5,,,88.0,26.5,19.0,,38.0,38.5,23.0,54.0,,19.0,4.5,0,0,0,0,0,0,0,0,0,0,0,0,0,0,0,0,0,0,0,0,0,0,0,0,0,0,0,0,0,0,0,0,0,0,0,0,0,0,0,0
2021-02-08,,35.5,27.5,7.5,4.5,3.0,4.0,,40.0,,7.5,6.0,,,23.0,18.0,31.0,27.0,20.5,27.0,,10.5,28.5,7.5,,35.0,18.5,,,25.0,5.0,52.0,,5.0,9.0,22.5,36.0,,3.0,12.5,0,0,0,0,0,0,0,0,0,0,0,0,0,0,0,0,0,0,0,0,0,0,0,0,0,0,0,0,0,0,0,0,0,0,0,0,0,0,0,0
2021-02-09,,,6.0,1.0,0.0,0.0,0.0,,8.0,,0.0,0.0,,,,,6.5,7.0,,5.5,,0.0,,0.0,,5.0,6.0,,,17.0,0.0,6.5,,,0.0,5.0,32.0,,,,0,0,0,0,0,0,0,0,0,0,0,0,0,0,0,0,0,0,0,0,0,0,0,0,0,0,0,0,0,0,0,0,0,0,0,0,0,0,0,0
2021-02-10,,0.0,0.0,0.5,0.0,0.0,0.5,,0.0,0.0,0.0,0.0,,,0.0,0.0,0.0,0.0,0.0,0.0,,0.0,0.0,7.5,0.0,0.0,0.0,,,0.0,0.0,0.0,,0.0,0.0,0.5,0.0,,0.0,0.0,0,0,0,0,0,0,0,0,0,0,0,0,0,0,0,0,0,0,0,0,0,0,0,0,0,0,0,0,0,0,0,0,0,0,0,0,0,0,0,0
2021-02-11,,0.0,0.0,0.0,0.0,0.0,0.0,,0.0,0.0,0.0,0.0,,,0.0,0.0,0.0,0.0,0.0,0.0,,0.0,0.0,0.0,,0.0,0.0,,,0.0,0.5,0.0,,0.0,0.0,0.0,0.0,,0.0,0.0,0,0,0,0,0,0,0,0,0,0,0,0,0,0,0,0,0,0,0,0,0,0,0,0,0,0,0,0,0,0,0,0,0,0,0,0,0,0,0,0
2021-02-12,,,,,,,,,,,,,,,,,,,,,,,,,,,,,,,,,,,,,,,,,0,0,0,0,0,0,0,0,0,0,0,0,0,0,0,0,0,0,0,0,0,0,0,0,0,0,0,0,0,0,0,0,0,0,0,0,0,0,0,0
2021-02-13,,0.5,1.5,5.0,5.5,1.0,2.0,,0.0,1.0,2.0,0.0,,,0.0,,1.5,0.0,9.5,0.0,,0.0,0.5,7.5,,0.5,1.5,,,0.0,,1.0,,0.0,0.5,0.5,0.0,,0.5,,0,0,0,0,0,0,0,0,0,0,0,0,0,0,0,0,0,0,0,0,0,0,0,0,0,0,0,0,0,0,0,0,0,0,0,0,0,0,0,0
2021-02-14,,,0.0,0.5,0.0,,0.0,,,,0.0,0.0,,,,,0.0,,,0.0,,,,0.0,,0.0,0.0,,,0.0,,0.0,,,,0.0,,,,,0,0,0,0,0,0,0,0,0,0,0,0,0,0,0,0,0,0,0,0,0,0,0,0,0,0,0,0,0,0,0,0,0,0,0,0,0,0,0,0
2021-02-15,,,,,,,,,,,,,,,,,,,,,,,,,,,,,,,,0.0,,,,,,,,,0,0,0,0,0,0,0,0,0,0,0,0,0,0,0,0,0,0,0,0,0,0,0,0,0,0,0,0,0,0,0,0,0,0,0,0,0,0,0,0
2021-02-16,,0.0,0.0,0.0,0.0,0.0,0.0,,0.0,0.0,0.0,0.0,,,0.0,,0.0,0.0,0.0,0.0,,0.0,0.0,0.0,,0.0,0.0,,,0.0,0.0,0.0,,0.0,0.0,0.0,0.0,,0.0,0.0,0,0,0,0,0,0,0,0,0,0,0,0,0,0,0,0,0,0,0,0,0,0,0,0,0,0,0,0,0,0,0,0,0,0,0,0,0,0,0,0
2021-02-17,,0.0,0.0,0.0,0.0,0.0,0.0,,0.0,0.0,0.0,0.0,,0.0,0.0,,0.0,0.0,,0.0,,0.0,0.0,0.0,,0.0,0.0,,,0.0,,0.0,,0.0,0.0,0.0,0.0,,0.0,0.0,0,0,0,0,0,0,0,0,0,0,0,0,0,0,0,0,0,0,0,0,0,0,0,0,0,0,0,0,0,0,0,0,0,0,0,0,0,0,0,0
2021-02-18,,4.0,5.0,16.5,15.0,55.0,65.5,,2.0,50.0,19.5,40.0,,146.5,57.5,,43.0,43.0,52.0,43.5,,24.5,48.0,21.5,,24.5,70.0,,,1.0,,35.0,,22.5,16.5,77.5,25.0,,44.5,27.5,0,0,0,0,0,0,0,0,0,0,0,0,0,0,0,0,0,0,0,0,0,0,0,0,0,0,0,0,0,0,0,0,0,0,0,0,0,0,0,0
2021-02-19,,,,,,,,,,,,,,,,,,,,,,,,58.5,,,,,,,,159.5,,,,,,,,,0,0,0,0,0,0,0,0,0,0,0,0,0,0,0,0,0,0,0,0,0,0,0,0,0,0,0,0,0,0,0,0,0,0,0,0,0,0,0,0
2021-02-20,,,0.5,2.0,7.5,4.5,5.0,,2.0,,3.5,1.5,,,2.0,,1.0,3.5,,13.5,,10.0,1.0,3.0,,11.0,9.5,,,0.0,,7.5,,1.0,3.5,12.5,,,,,0,0,0,0,0,0,0,0,0,0,0,0,0,0,0,0,0,0,0,0,0,0,0,0,0,0,0,0,0,0,0,0,0,0,0,0,0,0,0,0
2021-02-21,,0.5,2.5,2.0,2.0,0.0,0.0,,1.5,,5.5,7.0,,,1.0,,0.0,1.0,6.5,3.5,,12.5,0.5,1.0,0.0,1.5,0.0,,,0.5,1.0,0.0,,6.5,0.5,0.5,0.0,,0.5,,0,0,0,0,0,0,0,0,0,0,0,0,0,0,0,0,0,0,0,0,0,0,0,0,0,0,0,0,0,0,0,0,0,0,0,0,0,0,0,0
2021-02-22,,,,,,,,,,,,,,,,,,,,,,,,,,,,,,,,,,,,,,,,,0,0,0,0,0,0,0,0,0,0,0,0,0,0,0,0,0,0,0,0,0,0,0,0,0,0,0,0,0,0,0,0,0,0,0,0,0,0,0,0
2021-02-23,,,,,,,,,,,,,,,,,,,,,,,,,,,,,,,,,,,,,,,,,0,0,0,0,0,0,0,0,0,0,0,0,0,0,0,0,0,0,0,0,0,0,0,0,0,0,0,0,0,0,0,0,0,0,0,0,0,0,0,0
2021-02-24,,,0.0,0.0,0.0,0.5,0.5,,0.0,,0.0,0.0,,,0.5,0.0,,0.0,,,,,,0.0,,0.0,0.5,,,0.0,0.0,0.5,,,,0.0,,,,,0,0,0,0,0,0,0,0,0,0,0,0,0,0,0,0,0,0,0,0,0,0,0,0,0,0,0,0,0,0,0,0,0,0,0,0,0,0,0,0
2021-02-25,,,,,,,,,,,,,,,,,,,,,,,,,,,,,,,,,,,,,,,,,0,0,0,0,0,0,0,0,0,0,0,0,0,0,0,0,0,0,0,0,0,0,0,0,0,0,0,0,0,0,0,0,0,0,0,0,0,0,0,0
2021-02-26,,0.0,0.0,0.0,0.0,0.0,0.0,,0.0,,0.0,0.0,,0.0,0.0,0.0,,,,,,,,0.0,,0.0,,,,0.0,0.0,0.0,,,,0.0,0.0,,,,0,0,0,0,0,0,0,0,0,0,0,0,0,0,0,0,0,0,0,0,0,0,0,0,0,0,0,0,0,0,0,0,0,0,0,0,0,0,0,0
2021-02-27,,,,,,,,,,,,,,,,,,,,,,,,,,,,,,,,,,,,,,,,,0,0,0,0,0,0,0,0,0,0,0,0,0,0,0,0,0,0,0,0,0,0,0,0,0,0,0,0,0,0,0,0,0,0,0,0,0,0,0,0
2021-02-28,,,,,,,,,,,,,,,,,,,,,,,,,,,,,,,,,,,,,,,,,0,0,0,0,0,0,0,0,0,0,0,0,0,0,0,0,0,0,0,0,0,0,0,0,0,0,0,0,0,0,0,0,0,0,0,0,0,0,0,0
2021-03-01,,,,,,,,,,,,,,,,,,,,,,,,,,,,,,,,,,,,,,,,,0,0,0,0,0,0,0,0,0,0,0,0,0,0,0,0,0,0,0,0,0,0,0,0,0,0,0,0,0,0,0,0,0,0,0,0,0,0,0,0
2021-03-02,,0.0,0.0,0.0,0.0,0.0,0.0,,0.0,0.0,0.5,0.0,,0.0,0.0,0.0,,0.0,,0.0,,0.0,0.0,0.0,,0.0,0.0,,,0.0,0.0,0.0,,,0.0,0.0,0.0,,0.0,,0,0,0,0,0,0,0,0,0,0,0,0,0,0,0,0,0,0,0,0,0,0,0,0,0,0,0,0,0,0,0,0,0,0,0,0,0,0,0,0
2021-03-03,,2.0,13.0,0.0,16.5,,4.0,,7.5,0.0,0.0,1.5,,0.5,0.0,1.5,,0.0,,,,,0.5,1.5,,0.0,,,,0.0,,15.5,,,9.0,0.5,,,,,0,0,0,0,0,0,0,0,0,0,0,0,0,0,0,0,0,0,0,0,0,0,0,0,0,0,0,0,0,0,0,0,0,0,0,0,0,0,0,0
2021-03-04,,50.5,56.5,79.5,41.0,46.0,48.5,,43.0,,65.5,43.0,,42.0,48.0,65.5,,51.0,,,,15.0,33.0,26.5,37.0,24.0,18.5,,,41.0,15.5,51.5,,43.0,47.5,23.0,63.5,,36.5,,0,0,0,0,0,0,0,0,0,0,0,0,0,0,0,0,0,0,0,0,0,0,0,0,0,0,0,0,0,0,0,0,0,0,0,0,0,0,0,0
2021-03-05,0.0,0.0,0.0,0.0,0.5,5.5,6.5,,0.0,1.0,0.0,0.0,,0.0,0.0,0.5,0.0,1.5,0.0,3.5,,0.5,0.0,0.5,0.5,0.5,0.5,,,0.0,0.0,0.0,,0.0,3.0,0.0,0.0,,0.0,,0,0,0,0,0,0,0,0,0,0,0,0,0,0,0,0,0,0,0,0,0,0,0,0,0,0,0,0,0,0,0,0,0,0,0,0,0,0,0,0
2021-03-06,,,,,,,,,,,,,,,,,,,,,,,,,,,,,,,,,,,,,,,,,0,0,0,0,0,0,0,0,0,0,0,0,0,0,0,0,0,0,0,0,0,0,0,0,0,0,0,0,0,0,0,0,0,0,0,0,0,0,0,0
2021-03-07,48.0,70.0,90.5,15.0,25.0,23.5,24.5,,55.5,23.5,17.5,22.5,,47.0,94.5,55.0,53.5,44.5,33.5,38.0,,,63.0,7.0,51.0,56.0,57.0,,,21.0,16.5,53.0,,25.5,8.5,41.0,54.5,,24.0,55.5,0,0,0,0,0,0,0,0,0,0,0,0,0,0,0,0,0,0,0,0,0,0,0,0,0,0,0,0,0,0,0,0,0,0,0,0,0,0,0,0
2021-03-08,,53.5,76.5,28.0,60.5,27.5,26.0,,18.0,,32.0,16.0,,23.0,43.5,23.5,66.5,50.5,23.5,34.0,,38.0,58.5,17.5,27.5,54.0,41.0,,,16.0,42.0,65.0,,30.5,26.5,31.5,65.0,,18.0,106.0,0,0,0,0,0,0,0,0,0,0,0,0,0,0,0,0,0,0,0,0,0,0,0,0,0,0,0,0,0,0,0,0,0,0,0,0,0,0,0,0
2021-03-09,27.0,7.0,12.5,5.5,8.0,37.0,31.5,,30.5,15.0,7.5,19.5,,8.0,36.5,14.0,15.0,9.0,14.0,8.5,,32.5,11.5,5.0,46.5,8.0,8.5,,,13.0,13.5,11.0,,20.5,5.0,9.5,16.5,,19.5,,0,0,0,0,0,0,0,0,0,0,0,0,0,0,0,0,0,0,0,0,0,0,0,0,0,0,0,0,0,0,0,0,0,0,0,0,0,0,0,0
2021-03-10,,,,,,,,,,,,,,,,,,,,,,,,,,,,,,,,,,,,,,,,,0,0,0,0,0,0,0,0,0,0,0,0,0,0,0,0,0,0,0,0,0,0,0,0,0,0,0,0,0,0,0,0,0,0,0,0,0,0,0,0
2021-03-11,,0.0,0.0,0.5,6.0,67.0,15.0,,3.5,10.0,67.0,38.0,,8.5,0.0,0.0,0.5,0.0,0.0,0.5,,0.0,0.0,24.0,0.0,0.5,1.5,,,0.0,36.0,0.5,,39.5,5.0,1.0,15.5,,34.0,,0,0,0,0,0,0,0,0,0,0,0,0,0,0,0,0,0,0,0,0,0,0,0,0,0,0,0,0,0,0,0,0,0,0,0,0,0,0,0,0
2021-03-12,,0.0,0.0,5.0,0.0,,,,,,24.0,,,,,68.0,,,,0.0,,,,1.5,0.0,,,,,6.0,2.0,0.0,,,14.5,0.5,,,,,0,0,0,0,0,0,0,0,0,0,0,0,0,0,0,0,0,0,0,0,0,0,0,0,0,0,0,0,0,0,0,0,0,0,0,0,0,0,0,0
2021-03-13,,0.5,9.5,34.5,25.0,0.5,0.5,,,,9.0,0.0,,,0.5,8.0,,7.0,27.0,10.0,,57.0,3.0,30.0,3.5,8.0,0.5,,,1.5,14.0,1.0,,,22.0,6.5,,,,0.5,0,0,0,0,0,0,0,0,0,0,0,0,0,0,0,0,0,0,0,0,0,0,0,0,0,0,0,0,0,0,0,0,0,0,0,0,0,0,0,0
2021-03-14,,0.0,0.0,0.0,0.0,,1.0,,,,9.5,0.0,,,0.0,14.0,,0.0,0.0,0.0,,26.0,0.0,3.5,3.0,,2.5,,,0.0,0.0,0.0,,,17.5,0.0,15.0,,,,0,0,0,0,0,0,0,0,0,0,0,0,0,0,0,0,0,0,0,0,0,0,0,0,0,0,0,0,0,0,0,0,0,0,0,0,0,0,0,0
2021-03-15,,,,,,,,,,,,,,,,,,,,,,,,,,,,,,,,,,,,,,,,,0,0,0,0,0,0,0,0,0,0,0,0,0,0,0,0,0,0,0,0,0,0,0,0,0,0,0,0,0,0,0,0,0,0,0,0,0,0,0,0
2021-03-16,,,,,,,,,,,,,,,,,,,,,,,,,,,,,,,,,,,,,,,,,0,0,0,0,0,0,0,0,0,0,0,0,0,0,0,0,0,0,0,0,0,0,0,0,0,0,0,0,0,0,0,0,0,0,0,0,0,0,0,0
2021-03-17,,,,,,,,,,,,,,,,,,,,,,,,,,,,,,,,,,,,,,,,,0,0,0,0,0,0,0,0,0,0,0,0,0,0,0,0,0,0,0,0,0,0,0,0,0,0,0,0,0,0,0,0,0,0,0,0,0,0,0,0
2021-03-18,,,,,,,,,,,,,,,,,,,,,,,,,,,,,,,,,,,,,,,,,0,0,0,0,0,0,0,0,0,0,0,0,0,0,0,0,0,0,0,0,0,0,0,0,0,0,0,0,0,0,0,0,0,0,0,0,0,0,0,0
2021-03-19,,0.0,0.0,0.0,,0.0,0.0,,,0.0,0.0,0.0,,0.0,,0.5,,0.0,0.0,,,0.0,0.0,1.0,,,0.0,,,0.0,,0.0,,,,0.0,,,,,0,0,0,0,0,0,0,0,0,0,0,0,0,0,0,0,0,0,0,0,0,0,0,0,0,0,0,0,0,0,0,0,0,0,0,0,0,0,0,0
2021-03-20,,4.5,3.5,0.5,14.0,5.0,7.0,,4.5,10.5,0.0,3.5,,0.0,0.0,0.0,,0.5,0.0,1.0,,,0.5,0.5,,,0.0,,,1.5,,1.0,,3.0,,0.0,,,3.0,0.0,0,0,0,0,0,0,0,0,0,0,0,0,0,0,0,0,0,0,0,0,0,0,0,0,0,0,0,0,0,0,0,0,0,0,0,0,0,0,0,0
2021-03-21,,,,,,,,,,,,,,,,,,,,,,,,,,,,,,,,,,,,,,,,,0,0,0,0,0,0,0,0,0,0,0,0,0,0,0,0,0,0,0,0,0,0,0,0,0,0,0,0,0,0,0,0,0,0,0,0,0,0,0,0
2021-03-22,,,,,,,,,,,,,,,,,,,,,,,,,,,,,,,,,,,,,,,,,0,0,0,0,0,0,0,0,0,0,0,0,0,0,0,0,0,0,0,0,0,0,0,0,0,0,0,0,0,0,0,0,0,0,0,0,0,0,0,0
2021-03-23,,,,,,,,,,,,,,,,,,,,,,,,,,,,,,,,,,,,,,,,,0,0,0,0,0,0,0,0,0,0,0,0,0,0,0,0,0,0,0,0,0,0,0,0,0,0,0,0,0,0,0,0,0,0,0,0,0,0,0,0
2021-03-24,,25.5,25.5,2.5,7.0,8.0,3.5,,31.5,,18.0,1.5,,4.0,35.5,29.0,,40.0,13.5,33.0,,1.0,48.0,31.0,,46.5,14.5,,,8.5,,44.5,,,40.0,10.5,23.5,,6.0,73.5,0,0,0,0,0,0,0,0,0,0,0,0,0,0,0,0,0,0,0,0,0,0,0,0,0,0,0,0,0,0,0,0,0,0,0,0,0,0,0,0
2021-03-25,,,,,,,,,,,,,,,,,,,,,,,,,,,,,,,,,,,,,,,,,0,0,0,0,0,0,0,0,0,0,0,0,0,0,0,0,0,0,0,0,0,0,0,0,0,0,0,0,0,0,0,0,0,0,0,0,0,0,0,0
2021-03-26,31.5,1.0,1.0,0.5,44.5,3.5,1.0,,0.5,,52.5,20.5,,7.0,20.5,6.0,21.0,31.0,2.0,,,37.5,11.5,59.0,,19.5,12.5,,,2.5,,30.0,,20.5,36.0,6.0,0.0,,11.0,9.5,0,0,0,0,0,0,0,0,0,0,0,0,0,0,0,0,0,0,0,0,0,0,0,0,0,0,0,0,0,0,0,0,0,0,0,0,0,0,0,0
2021-03-27,,,15.0,8.5,10.5,8.5,0.0,,,,,,,,,10.5,,,,,,,15.5,6.5,,,,,,,,14.5,,,,,,,,,0,0,0,0,0,0,0,0,0,0,0,0,0,0,0,0,0,0,0,0,0,0,0,0,0,0,0,0,0,0,0,0,0,0,0,0,0,0,0,0
2021-03-28,7.0,0.0,0.0,0.0,0.0,0.0,0.0,,0.0,,69.5,0.0,,0.0,0.0,0.0,0.0,0.0,0.0,0.0,,6.0,0.0,0.5,,0.0,0.0,,,0.0,,0.0,,0.0,2.5,0.0,0.0,,0.0,0.0,0,0,0,0,0,0,0,0,0,0,0,0,0,0,0,0,0,0,0,0,0,0,0,0,0,0,0,0,0,0,0,0,0,0,0,0,0,0,0,0
2021-03-29,,,,,,,,,,,,,,,,,,,,,,,,,,,,,,,,,,,,,,,,,0,0,0,0,0,0,0,0,0,0,0,0,0,0,0,0,0,0,0,0,0,0,0,0,0,0,0,0,0,0,0,0,0,0,0,0,0,0,0,0
2021-03-30,,,0.0,7.5,1.0,17.0,,,,,,9.0,,,,,,,0.5,,,,0.0,14.5,,,,,,1.5,,0.0,,,,0.0,,,,,0,0,0,0,0,0,0,0,0,0,0,0,0,0,0,0,0,0,0,0,0,0,0,0,0,0,0,0,0,0,0,0,0,0,0,0,0,0,0,0
2021-03-31,,,,,,,,,,,,,,,,,,,,,,,,,,,,,,,,,,,,,,,,,0,0,0,0,0,0,0,0,0,0,0,0,0,0,0,0,0,0,0,0,0,0,0,0,0,0,0,0,0,0,0,0,0,0,0,0,0,0,0,0
2021-04-01,0.0,0.0,0.0,1.0,13.0,0.5,0.0,,0.0,,0.0,2.0,,,0.0,5.5,1.5,0.5,1.5,0.0,,0.0,,0.5,,0.0,,,,0.0,,0.0,,3.5,0.0,1.5,0.0,,0.0,4.0,0,0,0,0,0,0,0,0,0,0,0,0,0,0,0,0,0,0,0,0,0,0,0,0,0,0,0,0,0,0,0,0,0,0,0,0,0,0,0,0
2021-04-02,,,,,,,,,,,,,,,,,,,,,,,,,,,,,,,,,,,,0.0,,,,,0,0,0,0,0,0,0,0,0,0,0,0,0,0,0,0,0,0,0,0,0,0,0,0,0,0,0,0,0,0,0,0,0,0,0,0,0,0,0,0
2021-04-03,0.0,0.0,0.0,0.0,0.0,0.0,0.0,,0.0,0.0,0.0,0.0,,0.0,0.0,0.0,0.0,0.0,0.0,0.0,,0.0,0.0,0.0,,0.0,0.0,,,0.0,,0.0,,0.0,0.0,0.0,0.0,,0.0,0.0,0,0,0,0,0,0,0,0,0,0,0,0,0,0,0,0,0,0,0,0,0,0,0,0,0,0,0,0,0,0,0,0,0,0,0,0,0,0,0,0
2021-04-04,,0.0,0.0,0.0,0.0,0.0,0.0,,0.0,,0.0,0.0,,0.0,0.0,,0.0,0.0,0.0,0.0,,0.0,0.0,0.5,,0.0,0.0,,,0.0,,0.0,,0.0,0.0,0.0,0.0,,0.0,0.0,0,0,0,0,0,0,0,0,0,0,0,0,0,0,0,0,0,0,0,0,0,0,0,0,0,0,0,0,0,0,0,0,0,0,0,0,0,0,0,0
2021-04-05,,,,,,,,,,,,,,,,,,,,,,,,,,,,,,,,,,,,,,,,,0,0,0,0,0,0,0,0,0,0,0,0,0,0,0,0,0,0,0,0,0,0,0,0,0,0,0,0,0,0,0,0,0,0,0,0,0,0,0,0
2021-04-06,,,,,,,,,,,,,,,,,,,,,,,,,,,,,,,,,,,,,,,,,0,0,0,0,0,0,0,0,0,0,0,0,0,0,0,0,0,0,0,0,0,0,0,0,0,0,0,0,0,0,0,0,0,0,0,0,0,0,0,0
2021-04-07,,,,,,,,,,,,,,,,,,,,,,,,,,,,,,,,,,,,,,,,,0,0,0,0,0,0,0,0,0,0,0,0,0,0,0,0,0,0,0,0,0,0,0,0,0,0,0,0,0,0,0,0,0,0,0,0,0,0,0,0
2021-04-08,,,,,,,,,,,,,,,,,,,,,,,,,,,,,,,,,,,,,,,,,0,0,0,0,0,0,0,0,0,0,0,0,0,0,0,0,0,0,0,0,0,0,0,0,0,0,0,0,0,0,0,0,0,0,0,0,0,0,0,0
2021-04-09,,0.0,0.0,0.0,0.0,0.0,0.0,,0.5,0.0,0.0,0.0,,0.0,0.0,,0.0,0.0,0.0,0.0,,0.0,0.0,0.0,0.0,0.0,0.0,,,0.0,0.0,0.0,,0.0,0.0,0.5,0.5,,0.0,0.0,0,0,0,0,0,0,0,0,0,0,0,0,0,0,0,0,0,0,0,0,0,0,0,0,0,0,0,0,0,0,0,0,0,0,0,0,0,0,0,0
2021-04-10,,,,,,,,,,,,,,,,,,,,,,,,,,,,,,,,,,,,,,,,,0,0,0,0,0,0,0,0,0,0,0,0,0,0,0,0,0,0,0,0,0,0,0,0,0,0,0,0,0,0,0,0,0,0,0,0,0,0,0,0
2021-04-11,,,,,,,,,,,,,,,,,,,,,,,,,,,,,,,,,,,,,,,,,0,0,0,0,0,0,0,0,0,0,0,0,0,0,0,0,0,0,0,0,0,0,0,0,0,0,0,0,0,0,0,0,0,0,0,0,0,0,0,0
2021-04-12,,,,,,,,,,,,,,,,,,,,,,,,,,,,,,,,,,,,,,,,,0,0,0,0,0,0,0,0,0,0,0,0,0,0,0,0,0,0,0,0,0,0,0,0,0,0,0,0,0,0,0,0,0,0,0,0,0,0,0,0
2021-04-13,,0.5,0.0,4.0,4.5,21.0,20.5,15.0,0.0,,14.0,28.5,,0.0,,1.5,0.5,6.5,3.0,8.5,,1.5,0.0,8.0,,10.0,2.0,,,3.0,15.5,0.0,,28.5,11.0,2.0,0.0,,6.0,1.0,0,0,0,0,0,0,0,0,0,0,0,0,0,0,0,0,0,0,0,0,0,0,0,0,0,0,0,0,0,0,0,0,0,0,0,0,0,0,0,0
2021-04-14,,2.5,0.5,0.5,28.0,4.5,5.5,,1.0,,3.5,15.5,,3.0,,,2.5,1.5,0.5,1.5,,19.5,1.0,49.0,,4.0,0.0,,,0.5,13.0,0.0,,16.5,42.5,0.5,0.0,,0.0,0.0,0,0,0,0,0,0,0,0,0,0,0,0,0,0,0,0,0,0,0,0,0,0,0,0,0,0,0,0,0,0,0,0,0,0,0,0,0,0,0,0
2021-04-15,,0.0,0.0,0.0,0.0,0.0,0.0,,0.0,0.0,0.0,0.0,,0.0,,,0.0,0.0,0.0,0.0,,52.0,0.0,0.5,,,0.5,,,0.0,0.0,0.0,,0.0,0.0,0.0,0.0,,0.0,0.0,0,0,0,0,0,0,0,0,0,0,0,0,0,0,0,0,0,0,0,0,0,0,0,0,0,0,0,0,0,0,0,0,0,0,0,0,0,0,0,0
2021-04-16,,,,,,,,,,,,,,,,,,,,,,,,,,,,,,,,,,,,,,,,,0,0,0,0,0,0,0,0,0,0,0,0,0,0,0,0,0,0,0,0,0,0,0,0,0,0,0,0,0,0,0,0,0,0,0,0,0,0,0,0
2021-04-17,,,,,,,,,,,,,,,,,,,,,,,,,,,,,,,,,,,,,,,,,0,0,0,0,0,0,0,0,0,0,0,0,0,0,0,0,0,0,0,0,0,0,0,0,0,0,0,0,0,0,0,0,0,0,0,0,0,0,0,0
2021-04-18,,,,,,,,,,,,,,,,,,,,,,,,,,,,,,,,,,,,,,,,,0,0,0,0,0,0,0,0,0,0,0,0,0,0,0,0,0,0,0,0,0,0,0,0,0,0,0,0,0,0,0,0,0,0,0,0,0,0,0,0
2021-04-19,,,,,,,,,,,,,,,,,,,,,,,,,,,,,,,,,,,,,,,,,0,0,0,0,0,0,0,0,0,0,0,0,0,0,0,0,0,0,0,0,0,0,0,0,0,0,0,0,0,0,0,0,0,0,0,0,0,0,0,0
2021-04-20,,0.0,0.0,0.0,0.0,0.0,0.0,,0.5,,0.0,4.5,,0.5,,,,0.0,0.0,0.0,,8.5,0.5,0.5,,0.0,0.0,,,0.0,,0.0,,6.0,0.0,0.0,0.0,,0.5,23.5,0,0,0,0,0,0,0,0,0,0,0,0,0,0,0,0,0,0,0,0,0,0,0,0,0,0,0,0,0,0,0,0,0,0,0,0,0,0,0,0
2021-04-21,,,,,,,,,,,,,,,,,,,,,,,,,,,,,,,,0.0,,,4.0,,,,,,0,0,0,0,0,0,0,0,0,0,0,0,0,0,0,0,0,0,0,0,0,0,0,0,0,0,0,0,0,0,0,0,0,0,0,0,0,0,0,0
2021-04-22,,7.5,15.0,7.5,0.0,1.5,3.5,,,,7.5,7.5,,,,,,1.5,,4.5,,,0.0,2.0,,,2.0,,,0.0,2.0,4.5,,,0.0,0.0,3.0,,2.5,14.0,0,0,0,0,0,0,0,0,0,0,0,0,0,0,0,0,0,0,0,0,0,0,0,0,0,0,0,0,0,0,0,0,0,0,0,0,0,0,0,0
2021-04-23,,22.0,1.0,0.0,0.0,0.0,0.0,,0.5,,0.0,0.0,,0.0,,,0.0,0.0,0.5,0.5,,18.5,0.0,0.0,,,0.5,,,0.0,0.5,0.5,,0.0,0.0,0.0,2.0,,0.0,0.5,0,0,0,0,0,0,0,0,0,0,0,0,0,0,0,0,0,0,0,0,0,0,0,0,0,0,0,0,0,0,0,0,0,0,0,0,0,0,0,0
2021-04-24,,,,,,,,,,,,,,,,,,,,,,,,,,,,,,,,,,,,,,,,,0,0,0,0,0,0,0,0,0,0,0,0,0,0,0,0,0,0,0,0,0,0,0,0,0,0,0,0,0,0,0,0,0,0,0,0,0,0,0,0
2021-04-25,,0.0,0.0,25.0,0.5,0.0,0.0,,,,0.0,0.0,,2.5,,,,0.0,7.5,3.0,,,0.0,0.0,,0.0,5.0,,,0.0,0.0,0.0,,,0.0,6.5,0.0,,0.5,0.0,0,0,0,0,0,0,0,0,0,0,0,0,0,0,0,0,0,0,0,0,0,0,0,0,0,0,0,0,0,0,0,0,0,0,0,0,0,0,0,0
2021-04-26,,,,,,,,,,,,,,,,,,,,,,,,,,,,,,,,,,,,,,,,,0,0,0,0,0,0,0,0,0,0,0,0,0,0,0,0,0,0,0,0,0,0,0,0,0,0,0,0,0,0,0,0,0,0,0,0,0,0,0,0
2021-04-27,,3.0,29.5,31.5,10.0,1.0,0.0,,,,0.5,0.0,,1.5,,,27.0,8.0,9.5,3.5,,0.0,24.0,11.5,,28.0,31.5,,,0.0,0.0,9.5,,0.0,1.5,,0.0,,0.5,3.5,0,0,0,0,0,0,0,0,0,0,0,0,0,0,0,0,0,0,0,0,0,0,0,0,0,0,0,0,0,0,0,0,0,0,0,0,0,0,0,0
2021-04-28,,,,,,,,,,,,,,,,,,,,,,,,,,,,,,,,,,,,,,,,,0,0,0,0,0,0,0,0,0,0,0,0,0,0,0,0,0,0,0,0,0,0,0,0,0,0,0,0,0,0,0,0,0,0,0,0,0,0,0,0
2021-04-29,,,,,,,,,,,,,,,,,,,,,,,,,,,,,,,,,,,,,,,,,0,0,0,0,0,0,0,0,0,0,0,0,0,0,0,0,0,0,0,0,0,0,0,0,0,0,0,0,0,0,0,0,0,0,0,0,0,0,0,0
2021-04-30,,,,,,,,,,,,,,,,,,,,,,,,,,,,,,,,,,,,,,,,,0,0,0,0,0,0,0,0,0,0,0,0,0,0,0,0,0,0,0,0,0,0,0,0,0,0,0,0,0,0,0,0,0,0,0,0,0,0,0,0
2021-05-01,,,,,,,,,,,,,,,,,,,,,,,,,,,,,,,,,,,,,,,,,0,0,0,0,0,0,0,0,0,0,0,0,0,0,0,0,0,0,0,0,0,0,0,0,0,0,0,0,0,0,0,0,0,0,0,0,0,0,0,0
2021-05-02,,,,,,,,,,,,,,,,,,,,,,,,,,,,,,,,,,,,,,,,,0,0,0,0,0,0,0,0,0,0,0,0,0,0,0,0,0,0,0,0,0,0,0,0,0,0,0,0,0,0,0,0,0,0,0,0,0,0,0,0
2021-05-03,,,,,,,,,,,,,,,,,,,,,,,,,,,,,,,,,,,,,,,,,0,0,0,0,0,0,0,0,0,0,0,0,0,0,0,0,0,0,0,0,0,0,0,0,0,0,0,0,0,0,0,0,0,0,0,0,0,0,0,0
2021-05-04,,2.5,10.0,4.0,1.0,8.5,4.0,,,,13.0,1.0,,,,,,5.0,,27.0,,7.0,,44.5,,,0.0,,,0.0,0.0,0.0,,1.0,24.5,0.0,4.0,,42.5,2.0,0,0,0,0,0,0,0,0,0,0,0,0,0,0,0,0,0,0,0,0,0,0,0,0,0,0,0,0,0,0,0,0,0,0,0,0,0,0,0,0
2021-05-05,37.0,2.0,3.5,1.5,7.0,25.0,31.5,,10.0,16.0,6.0,36.0,,32.5,,,25.5,14.5,39.5,34.0,,21.0,32.0,13.5,,32.0,38.0,,,8.5,7.0,29.0,,38.5,7.0,40.0,6.5,,10.5,3.5,0,0,0,0,0,0,0,0,0,0,0,0,0,0,0,0,0,0,0,0,0,0,0,0,0,0,0,0,0,0,0,0,0,0,0,0,0,0,0,0
2021-05-06,,,,,,,,,,,,,,,,,,,,,,,,,,,,,,,,,,,,,,,,,0,0,0,0,0,0,0,0,0,0,0,0,0,0,0,0,0,0,0,0,0,0,0,0,0,0,0,0,0,0,0,0,0,0,0,0,0,0,0,0
2021-05-07,,,,,,,,,,,,,,,,,,,,,,,,,,,,,,,,,,,,,,,,,0,0,0,0,0,0,0,0,0,0,0,0,0,0,0,0,0,0,0,0,0,0,0,0,0,0,0,0,0,0,0,0,0,0,0,0,0,0,0,0
2021-05-08,,,,,,,,,,,,,,,,,,,,,,,,,,,,,,,,,,,,,,,,,0,0,0,0,0,0,0,0,0,0,0,0,0,0,0,0,0,0,0,0,0,0,0,0,0,0,0,0,0,0,0,0,0,0,0,0,0,0,0,0
2021-05-09,,,,,,,,,,,,,,,,,,,,,,,,,,,,,,,,,,,,,,,,,0,0,0,0,0,0,0,0,0,0,0,0,0,0,0,0,0,0,0,0,0,0,0,0,0,0,0,0,0,0,0,0,0,0,0,0,0,0,0,0
2021-05-10,,,,,,,,,,,,,,,,,,,,,,,,,,,,,,,,,,,,,,,,,0,0,0,0,0,0,0,0,0,0,0,0,0,0,0,0,0,0,0,0,0,0,0,0,0,0,0,0,0,0,0,0,0,0,0,0,0,0,0,0
2021-05-11,,,,,,,,,,,,,,,,,,,,,,,,,,,,,,,,,,,,,,,,,0,0,0,0,0,0,0,0,0,0,0,0,0,0,0,0,0,0,0,0,0,0,0,0,0,0,0,0,0,0,0,0,0,0,0,0,0,0,0,0
2021-05-12,,,,,,,,,,,,,,,,,,,,,,,,,,,,,,,,,,,,,,,,,0,0,0,0,0,0,0,0,0,0,0,0,0,0,0,0,0,0,0,0,0,0,0,0,0,0,0,0,0,0,0,0,0,0,0,0,0,0,0,0
2021-05-13,,,,,,,,,,,,,,,,,,,,,,,,,,,,,,,,,,,,,,,,,0,0,0,0,0,0,0,0,0,0,0,0,0,0,0,0,0,0,0,0,0,0,0,0,0,0,0,0,0,0,0,0,0,0,0,0,0,0,0,0
2021-05-14,,,,,,,,,,,,,,,,,,,,,,,,,,,,,,,,,,,,,,,,,0,0,0,0,0,0,0,0,0,0,0,0,0,0,0,0,0,0,0,0,0,0,0,0,0,0,0,0,0,0,0,0,0,0,0,0,0,0,0,0
2021-05-15,,,,,,,,,,,,,,,,,,,,,,,,,,,,,,,,,,,,,,,,,0,0,0,0,0,0,0,0,0,0,0,0,0,0,0,0,0,0,0,0,0,0,0,0,0,0,0,0,0,0,0,0,0,0,0,0,0,0,0,0
2021-05-16,,,,,,,,,,,,,,,,,,,,,,,,,,,,,,,,,,,,,,,,,0,0,0,0,0,0,0,0,0,0,0,0,0,0,0,0,0,0,0,0,0,0,0,0,0,0,0,0,0,0,0,0,0,0,0,0,0,0,0,0
2021-05-17,,,,,,,,,,,,,,,,,,,,,,,,,,,,,,,,,,,,,,,,,0,0,0,0,0,0,0,0,0,0,0,0,0,0,0,0,0,0,0,0,0,0,0,0,0,0,0,0,0,0,0,0,0,0,0,0,0,0,0,0
2021-05-18,,,,,,,,,,,,,,,,,,,,,,,,,,,,,,,,,,,,,,,,,0,0,0,0,0,0,0,0,0,0,0,0,0,0,0,0,0,0,0,0,0,0,0,0,0,0,0,0,0,0,0,0,0,0,0,0,0,0,0,0
2021-05-19,,,,,,,,,,,,,,,,,,,,,,,,,,,,,,,,,,,,,,,,,0,0,0,0,0,0,0,0,0,0,0,0,0,0,0,0,0,0,0,0,0,0,0,0,0,0,0,0,0,0,0,0,0,0,0,0,0,0,0,0
2021-05-20,,,,,,,,,,,,,,,,,,,,,,,,,,,,,,,,,,,,,,,,,0,0,0,0,0,0,0,0,0,0,0,0,0,0,0,0,0,0,0,0,0,0,0,0,0,0,0,0,0,0,0,0,0,0,0,0,0,0,0,0
2021-05-21,,,,,,,,,,,,,,,,,,,,,,,,,,,,,,,,,,,,,,,,,0,0,0,0,0,0,0,0,0,0,0,0,0,0,0,0,0,0,0,0,0,0,0,0,0,0,0,0,0,0,0,0,0,0,0,0,0,0,0,0
2021-05-22,,,,,,,,,,,,,,,,,,,,,,,,,,,,,,,,,,,,,,,,,0,0,0,0,0,0,0,0,0,0,0,0,0,0,0,0,0,0,0,0,0,0,0,0,0,0,0,0,0,0,0,0,0,0,0,0,0,0,0,0
2021-05-23,,,,,,,,,,,,,,,,,,,,,,,,,,,,,,,,,,,,,,,,,0,0,0,0,0,0,0,0,0,0,0,0,0,0,0,0,0,0,0,0,0,0,0,0,0,0,0,0,0,0,0,0,0,0,0,0,0,0,0,0
2021-05-24,,,,,,,,,,,,,,,,,,,,,,,,,,,,,,,,,,,,,,,,,0,0,0,0,0,0,0,0,0,0,0,0,0,0,0,0,0,0,0,0,0,0,0,0,0,0,0,0,0,0,0,0,0,0,0,0,0,0,0,0
2021-05-25,,0.0,0.0,0.0,0.0,0.0,0.0,,0.0,0.0,0.0,0.0,,0.0,,,0.0,0.0,0.0,0.5,,0.0,0.0,0.0,,0.0,0.0,,,0.0,0.5,0.0,,0.0,0.5,0.0,0.0,,0.0,0.0,0,0,0,0,0,0,0,0,0,0,0,0,0,0,0,0,0,0,0,0,0,0,0,0,0,0,0,0,0,0,0,0,0,0,0,0,0,0,0,0
2021-05-26,,0.0,0.0,0.0,0.0,0.0,0.0,0.0,0.0,0.0,0.0,0.0,,0.0,,,0.0,0.0,0.0,0.0,,0.0,0.0,0.0,,0.0,0.0,,,0.0,0.0,0.0,,0.0,0.5,0.0,0.0,,0.0,0.0,0,0,0,0,0,0,0,0,0,0,0,0,0,0,0,0,0,0,0,0,0,0,0,0,0,0,0,0,0,0,0,0,0,0,0,0,0,0,0,0
2021-05-27,,,,,,,,,,,,,,,,,,,,,,,,,,,,,,,,,,,,,,,,,0,0,0,0,0,0,0,0,0,0,0,0,0,0,0,0,0,0,0,0,0,0,0,0,0,0,0,0,0,0,0,0,0,0,0,0,0,0,0,0
2021-05-28,,,,,,,,,,,,,,,,,,,,,,,,,,,,,,,,,,,,,,,,,0,0,0,0,0,0,0,0,0,0,0,0,0,0,0,0,0,0,0,0,0,0,0,0,0,0,0,0,0,0,0,0,0,0,0,0,0,0,0,0
2021-05-29,,37.0,43.0,39.0,25.5,9.5,11.5,,2.0,,38.5,45.5,,,,,,54.5,26.0,45.0,,19.0,39.0,41.0,,55.0,16.0,,,39.5,25.5,68.0,,45.0,46.0,,5.5,,,49.5,0,0,0,0,0,0,0,0,0,0,0,0,0,0,0,0,0,0,0,0,0,0,0,0,0,0,0,0,0,0,0,0,0,0,0,0,0,0,0,0
2021-05-30,,0.0,0.0,0.0,0.0,0.0,0.0,0.0,0.0,,0.5,0.0,,0.0,,,0.0,0.0,0.0,0.0,,0.0,0.0,0.5,,0.0,0.0,,,0.0,0.0,0.0,,0.5,0.0,,0.0,,0.0,0.5,0,0,0,0,0,0,0,0,0,0,0,0,0,0,0,0,0,0,0,0,0,0,0,0,0,0,0,0,0,0,0,0,0,0,0,0,0,0,0,0
2021-05-31,,0.0,0.0,0.0,0.0,0.0,0.0,0.0,0.0,0.0,0.0,1.0,,0.0,,,0.0,0.0,0.5,0.0,,0.0,0.0,0.0,0.0,0.0,0.0,,,0.0,0.0,0.0,,2.0,0.0,,0.5,,0.5,0.0,0,0,0,0,0,0,0,0,0,0,0,0,0,0,0,0,0,0,0,0,0,0,0,0,0,0,0,0,0,0,0,0,0,0,0,0,0,0,0,0
2021-06-01,,0.0,0.0,0.0,0.0,0.0,0.0,0.0,0.0,2.5,0.0,0.0,,0.0,,,0.0,0.0,0.0,0.0,,9.0,0.0,0.0,0.0,0.0,15.0,,,0.0,0.0,0.0,,0.5,0.0,,0.0,,14.0,45.0,0,0,0,0,0,0,0,0,0,0,0,0,0,0,0,0,0,0,0,0,0,0,0,0,0,0,0,0,0,0,0,0,0,0,0,0,0,0,0,0
2021-06-02,,38.0,70.5,16.5,1.5,4.5,1.5,,5.0,,23.5,0.0,,0.0,,,46.5,36.5,1.5,56.0,,0.0,45.5,11.5,,54.5,0.0,,,0.0,0.0,27.5,,0.0,51.5,,6.0,,0.0,48.0,0,0,0,0,0,0,0,0,0,0,0,0,0,0,0,0,0,0,0,0,0,0,0,0,0,0,0,0,0,0,0,0,0,0,0,0,0,0,0,0
2021-06-03,,0.0,0.0,0.0,0.0,0.0,0.0,,0.0,0.0,6.5,0.0,,0.0,,,0.0,2.5,0.0,6.0,,0.0,0.0,5.5,,0.0,0.5,,,0.0,1.0,0.0,,0.0,3.5,,0.0,,2.0,0.5,0,0,0,0,0,0,0,0,0,0,0,0,0,0,0,0,0,0,0,0,0,0,0,0,0,0,0,0,0,0,0,0,0,0,0,0,0,0,0,0
2021-06-04,,27.5,6.0,21.0,10.0,1.5,4.5,,23.0,,30.0,1.0,,,,,44.5,19.0,,32.5,,0.0,43.0,43.0,,12.5,2.5,,,17.5,0.5,16.5,,0.5,58.5,,8.0,,10.0,5.5,0,0,0,0,0,0,0,0,0,0,0,0,0,0,0,0,0,0,0,0,0,0,0,0,0,0,0,0,0,0,0,0,0,0,0,0,0,0,0,0
2021-06-05,,14.0,0.0,8.0,1.0,0.0,0.0,,,0.0,0.5,0.5,,1.5,,,0.0,0.0,0.5,0.0,,0.5,0.0,18.0,,0.0,0.0,,,0.0,0.0,1.5,,0.5,0.5,,3.5,,0.0,0.0,0,0,0,0,0,0,0,0,0,0,0,0,0,0,0,0,0,0,0,0,0,0,0,0,0,0,0,0,0,0,0,0,0,0,0,0,0,0,0,0
2021-06-06,,31.0,24.0,6.5,12.5,2.5,3.5,,8.5,,16.0,3.5,,8.5,,,9.0,8.5,6.5,9.0,,66.0,10.5,5.0,,8.5,7.5,,,11.0,10.5,15.5,,4.0,5.5,6.5,7.5,,20.5,9.0,0,0,0,0,0,0,0,0,0,0,0,0,0,0,0,0,0,0,0,0,0,0,0,0,0,0,0,0,0,0,0,0,0,0,0,0,0,0,0,0
2021-06-07,,,0.0,0.0,0.0,0.5,0.0,,,,1.0,0.0,,,,,0.5,0.0,,0.0,,0.5,,13.0,,,2.0,,,,0.0,0.5,,,1.0,,0.0,,,0.0,0,0,0,0,0,0,0,0,0,0,0,0,0,0,0,0,0,0,0,0,0,0,0,0,0,0,0,0,0,0,0,0,0,0,0,0,0,0,0,0
2021-06-08,,,,,,,,,,,,,,,,,,,,,,,,,,,,,,,,,,,,,,,,,0,0,0,0,0,0,0,0,0,0,0,0,0,0,0,0,0,0,0,0,0,0,0,0,0,0,0,0,0,0,0,0,0,0,0,0,0,0,0,0
2021-06-09,,0.0,0.0,0.0,0.5,0.0,0.5,,,,27.0,0.0,,0.0,,,0.0,0.0,,0.0,,0.0,0.0,45.5,,0.0,0.0,,,0.0,0.5,0.0,,0.0,23.5,,3.5,,0.0,0.0,0,0,0,0,0,0,0,0,0,0,0,0,0,0,0,0,0,0,0,0,0,0,0,0,0,0,0,0,0,0,0,0,0,0,0,0,0,0,0,0
2021-06-10,,,,,,,,,,,,,,,,,,,,,,,,,,,,,,,,,,,,,,,,,0,0,0,0,0,0,0,0,0,0,0,0,0,0,0,0,0,0,0,0,0,0,0,0,0,0,0,0,0,0,0,0,0,0,0,0,0,0,0,0
2021-06-11,,,,,,,,,,,,,,,,,,,,,,,,,,,,,,,,,,,,,,,,,0,0,0,0,0,0,0,0,0,0,0,0,0,0,0,0,0,0,0,0,0,0,0,0,0,0,0,0,0,0,0,0,0,0,0,0,0,0,0,0
2021-06-12,,,,,,,,,,,,,,,,,,,,,,,,,,,,,,,,,,,,,,,,,0,0,0,0,0,0,0,0,0,0,0,0,0,0,0,0,0,0,0,0,0,0,0,0,0,0,0,0,0,0,0,0,0,0,0,0,0,0,0,0
2021-06-13,,,0.0,0.0,0.0,0.0,0.5,,0.0,,4.5,0.0,,0.0,0.0,,0.0,0.0,0.0,0.0,,0.0,0.0,0.0,0.0,0.0,0.0,,,0.0,0.5,0.0,,0.0,5.0,0.0,0.0,,0.0,0.0,0,0,0,0,0,0,0,0,0,0,0,0,0,0,0,0,0,0,0,0,0,0,0,0,0,0,0,0,0,0,0,0,0,0,0,0,0,0,0,0
2021-06-14,,0.0,0.0,0.0,0.0,0.0,0.0,,0.0,0.0,0.0,0.0,,0.0,,,0.0,0.0,0.5,0.0,,0.0,0.0,0.0,,0.0,0.0,,,0.0,0.0,0.0,,0.0,0.5,0.0,0.0,,,0.0,0,0,0,0,0,0,0,0,0,0,0,0,0,0,0,0,0,0,0,0,0,0,0,0,0,0,0,0,0,0,0,0,0,0,0,0,0,0,0,0
2021-06-15,,,2.5,0.0,0.5,0.0,0.0,,0.0,0.0,0.0,0.0,,0.0,,,1.5,0.0,0.0,0.0,,1.0,,0.0,,0.0,0.0,,,11.0,0.5,1.0,,0.0,0.0,0.0,0.0,,,0.0,0,0,0,0,0,0,0,0,0,0,0,0,0,0,0,0,0,0,0,0,0,0,0,0,0,0,0,0,0,0,0,0,0,0,0,0,0,0,0,0
2021-06-16,,,,,,,,,,,,,,,,,,,,,,,,,,,,,,,,,,,,,,,,,0,0,0,0,0,0,0,0,0,0,0,0,0,0,0,0,0,0,0,0,0,0,0,0,0,0,0,0,0,0,0,0,0,0,0,0,0,0,0,0
2021-06-17,,34.5,28.0,11.5,14.0,9.0,13.0,,38.0,10.0,8.5,4.0,,13.0,,19.0,24.0,21.5,16.5,16.5,,14.0,22.0,9.0,,19.5,24.0,,,19.0,10.5,30.5,,5.5,6.5,17.5,62.5,,8.0,20.0,0,0,0,0,0,0,0,0,0,0,0,0,0,0,0,0,0,0,0,0,0,0,0,0,0,0,0,0,0,0,0,0,0,0,0,0,0,0,0,0
2021-06-18,,,,,,,18.5,,,,,,,,,,,,,,,,,,,,,,,,,,,,,,,,,,0,0,0,0,0,0,0,0,0,0,0,0,0,0,0,0,0,0,0,0,0,0,0,0,0,0,0,0,0,0,0,0,0,0,0,0,0,0,0,0
2021-06-19,,8.5,5.0,1.0,4.5,4.0,4.0,,1.5,,4.0,1.0,,1.0,,,2.5,2.0,,,,22.0,2.5,17.0,,3.0,1.0,,,0.5,3.0,19.0,,2.0,4.5,,1.5,,10.0,40.0,0,0,0,0,0,0,0,0,0,0,0,0,0,0,0,0,0,0,0,0,0,0,0,0,0,0,0,0,0,0,0,0,0,0,0,0,0,0,0,0
2021-06-20,,,0.0,0.0,0.0,0.0,0.0,,0.0,,2.5,0.0,,0.0,,,0.5,0.0,,0.0,,,,21.0,,0.5,,,,0.0,0.5,0.0,,0.0,,0.5,,,,0.0,0,0,0,0,0,0,0,0,0,0,0,0,0,0,0,0,0,0,0,0,0,0,0,0,0,0,0,0,0,0,0,0,0,0,0,0,0,0,0,0
2021-06-21,,,0.5,0.0,,,0.0,,0.0,,0.0,0.0,,,,,,,,,,,,0.5,,,,,,,0.0,0.0,,,,,,,,4.5,0,0,0,0,0,0,0,0,0,0,0,0,0,0,0,0,0,0,0,0,0,0,0,0,0,0,0,0,0,0,0,0,0,0,0,0,0,0,0,0
2021-06-22,,,,,,,,,,,,,,,,,,,,,,,,,,,,,,,,,,,,,,,,,0,0,0,0,0,0,0,0,0,0,0,0,0,0,0,0,0,0,0,0,0,0,0,0,0,0,0,0,0,0,0,0,0,0,0,0,0,0,0,0
2021-06-23,,,,,,,,,,,,,,,,,,,,,,,,,,,,,,,,,,,,,,,,,0,0,0,0,0,0,0,0,0,0,0,0,0,0,0,0,0,0,0,0,0,0,0,0,0,0,0,0,0,0,0,0,0,0,0,0,0,0,0,0
2021-06-24,,,0.0,0.0,0.5,0.0,0.0,,0.0,,0.5,0.0,,0.0,,,0.0,0.0,0.0,0.0,,,,0.5,,0.0,0.0,,,1.0,2.0,0.0,,1.5,0.5,0.0,0.0,,0.0,0.0,0,0,0,0,0,0,0,0,0,0,0,0,0,0,0,0,0,0,0,0,0,0,0,0,0,0,0,0,0,0,0,0,0,0,0,0,0,0,0,0
2021-06-25,,,0.0,5.5,7.0,0.0,0.0,,0.0,,0.0,0.5,,1.0,,,4.5,7.5,1.5,,,,2.5,0.0,,6.0,0.0,,,0.0,0.0,2.5,,0.0,0.0,,0.0,,0.0,0.0,0,0,0,0,0,0,0,0,0,0,0,0,0,0,0,0,0,0,0,0,0,0,0,0,0,0,0,0,0,0,0,0,0,0,0,0,0,0,0,0
2021-06-26,,,0.0,0.0,0.0,1.5,2.0,,0.0,,18.0,51.5,,0.5,,,,0.5,0.0,0.5,,,,0.0,,1.0,0.5,,,0.0,0.0,0.5,,55.0,0.0,,0.0,,,0.0,0,0,0,0,0,0,0,0,0,0,0,0,0,0,0,0,0,0,0,0,0,0,0,0,0,0,0,0,0,0,0,0,0,0,0,0,0,0,0,0
2021-06-27,,,,,,,,,,,,,,,,,,,,,,,,,,,,,,,,,,,,,,,,,0,0,0,0,0,0,0,0,0,0,0,0,0,0,0,0,0,0,0,0,0,0,0,0,0,0,0,0,0,0,0,0,0,0,0,0,0,0,0,0
2021-06-28,,,6.0,16.5,19.0,16.5,22.0,,20.0,,8.0,14.0,,30.5,,,13.0,26.5,22.0,36.0,,,16.0,8.5,,26.5,45.5,,,16.5,16.0,44.5,,14.0,8.5,32.5,28.0,,,4.5,0,0,0,0,0,0,0,0,0,0,0,0,0,0,0,0,0,0,0,0,0,0,0,0,0,0,0,0,0,0,0,0,0,0,0,0,0,0,0,0
2021-06-29,,,0.5,0.0,0.5,0.0,0.0,,0.5,,0.5,0.0,,0.5,,,0.5,0.5,0.5,0.0,,1.0,0.5,0.5,,0.0,0.0,,,0.0,0.5,0.5,,0.0,0.5,0.0,0.5,,0.0,1.0,0,0,0,0,0,0,0,0,0,0,0,0,0,0,0,0,0,0,0,0,0,0,0,0,0,0,0,0,0,0,0,0,0,0,0,0,0,0,0,0
2021-06-30,,,0.0,1.5,0.0,6.0,6.0,,,,1.0,4.0,,1.5,,,,0.0,4.5,0.5,,,0.0,1.5,,0.0,5.0,,,0.0,0.0,3.5,,4.0,6.0,4.0,0.0,,,6.5,0,0,0,0,0,0,0,0,0,0,0,0,0,0,0,0,0,0,0,0,0,0,0,0,0,0,0,0,0,0,0,0,0,0,0,0,0,0,0,0
2021-07-01,,,1.5,9.5,35.5,6.5,6.0,,,,7.5,12.5,,40.0,,,,1.0,20.0,2.5,,,,13.0,,0.5,,,,2.5,,1.0,,,11.0,,,,,20.0,0,0,0,0,0,0,0,0,0,0,0,0,0,0,0,0,0,0,0,0,0,0,0,0,0,0,0,0,0,0,0,0,0,0,0,0,0,0,0,0
2021-07-02,,,0.0,0.0,1.0,0.0,0.5,,,,0.5,0.0,,0.5,,,,0.5,,,,,,0.5,,,,,,,0.5,0.0,,,,0.0,,,,,0,0,0,0,0,0,0,0,0,0,0,0,0,0,0,0,0,0,0,0,0,0,0,0,0,0,0,0,0,0,0,0,0,0,0,0,0,0,0,0
2021-07-03,,,,,,,,,,,,,,,,,,,,,,,,,,,,,,,,,,,,,,,,,0,0,0,0,0,0,0,0,0,0,0,0,0,0,0,0,0,0,0,0,0,0,0,0,0,0,0,0,0,0,0,0,0,0,0,0,0,0,0,0
2021-07-04,,,,,,,,,,,,,,,,,,,,,,,,,,,,,,,,,,,,,,,,,0,0,0,0,0,0,0,0,0,0,0,0,0,0,0,0,0,0,0,0,0,0,0,0,0,0,0,0,0,0,0,0,0,0,0,0,0,0,0,0
2021-07-05,,11.5,27.5,3.5,7.5,15.5,12.0,,,,2.0,23.5,,29.5,,,,,10.0,11.5,,,,0.0,,9.0,34.0,,,3.5,23.0,8.0,,27.5,1.0,,25.0,,,0.0,0,0,0,0,0,0,0,0,0,0,0,0,0,0,0,0,0,0,0,0,0,0,0,0,0,0,0,0,0,0,0,0,0,0,0,0,0,0,0,0
2021-07-06,0.5,0.0,0.5,0.0,0.0,0.0,0.0,,0.0,,0.0,0.0,,0.0,,,0.0,0.5,0.5,0.5,,0.0,0.0,0.0,,0.0,0.0,,,0.0,0.5,0.0,,0.0,0.5,0.5,0.0,,0.0,0.0,0,0,0,0,0,0,0,0,0,0,0,0,0,0,0,0,0,0,0,0,0,0,0,0,0,0,0,0,0,0,0,0,0,0,0,0,0,0,0,0
2021-07-07,,0.0,0.5,0.0,2.5,0.0,0.0,,0.0,,0.0,0.0,,0.0,,,0.0,0.0,0.0,0.5,,,0.0,0.0,,0.0,0.0,,,0.0,0.0,0.0,,0.0,0.5,0.0,0.0,,0.0,0.0,0,0,0,0,0,0,0,0,0,0,0,0,0,0,0,0,0,0,0,0,0,0,0,0,0,0,0,0,0,0,0,0,0,0,0,0,0,0,0,0
2021-07-08,0.0,,0.0,0.5,0.0,0.0,0.0,,,,0.0,0.0,,0.0,,0.0,,0.0,0.0,0.0,,,0.0,2.0,,0.0,0.0,,,0.0,0.0,0.0,,0.0,0.0,0.0,0.0,,0.0,0.0,0,0,0,0,0,0,0,0,0,0,0,0,0,0,0,0,0,0,0,0,0,0,0,0,0,0,0,0,0,0,0,0,0,0,0,0,0,0,0,0
2021-07-09,,,,,,,,,,,,,,,,,,,,,,,,,,,,,,,,,,,,,,,,,0,0,0,0,0,0,0,0,0,0,0,0,0,0,0,0,0,0,0,0,0,0,0,0,0,0,0,0,0,0,0,0,0,0,0,0,0,0,0,0
2021-07-10,,,,,,,,,,,,,,,,,,,,,,,,63.5,,,,,,,,0.0,,,,,0.0,,,,0,0,0,0,0,0,0,0,0,0,0,0,0,0,0,0,0,0,0,0,0,0,0,0,0,0,0,0,0,0,0,0,0,0,0,0,0,0,0,0
2021-07-11,0.5,,2.5,0.0,8.5,2.0,2.0,,,,1.0,2.0,,0.0,,0.0,,0.0,0.0,0.0,,,0.0,2.0,,0.0,0.0,,,0.5,3.5,3.5,,2.0,4.5,0.5,2.5,,,0.5,0,0,0,0,0,0,0,0,0,0,0,0,0,0,0,0,0,0,0,0,0,0,0,0,0,0,0,0,0,0,0,0,0,0,0,0,0,0,0,0
2021-07-12,,,,,,,,,,,,,,,,,,,,,,,,,,,,,,,,,,,,,,,,,0,0,0,0,0,0,0,0,0,0,0,0,0,0,0,0,0,0,0,0,0,0,0,0,0,0,0,0,0,0,0,0,0,0,0,0,0,0,0,0
2021-07-13,,,15.5,23.5,29.0,73.5,71.0,,,,6.0,41.0,,1.5,,,,12.0,,0.0,,,3.0,21.0,17.5,,0.0,,,14.0,54.5,17.5,,,3.0,0.5,0.0,,,28.0,0,0,0,0,0,0,0,0,0,0,0,0,0,0,0,0,0,0,0,0,0,0,0,0,0,0,0,0,0,0,0,0,0,0,0,0,0,0,0,0
2021-07-14,,,1.0,0.5,3.5,1.5,1.5,,,,3.5,0.0,,0.0,,,,,0.5,,,,0.5,11.0,,,0.5,,,0.0,2.0,1.5,,,4.5,0.0,0.5,,,,0,0,0,0,0,0,0,0,0,0,0,0,0,0,0,0,0,0,0,0,0,0,0,0,0,0,0,0,0,0,0,0,0,0,0,0,0,0,0,0
2021-07-15,,,,,,,,,,,,,,,,,,,,,,,,,,,,,,,,,,,,,,,,,0,0,0,0,0,0,0,0,0,0,0,0,0,0,0,0,0,0,0,0,0,0,0,0,0,0,0,0,0,0,0,0,0,0,0,0,0,0,0,0
2021-07-16,,,11.5,37.0,1.0,0.0,0.5,,,,,1.0,,25.5,,26.0,,33.0,19.0,,,,,11.5,,,15.5,,,4.5,,8.5,,1.5,11.0,28.5,0.0,,,,0,0,0,0,0,0,0,0,0,0,0,0,0,0,0,0,0,0,0,0,0,0,0,0,0,0,0,0,0,0,0,0,0,0,0,0,0,0,0,0
2021-07-17,,,,,,,,,,,,,,,,,,,,,,,,,,,,,,,,,,,,,,,,,0,0,0,0,0,0,0,0,0,0,0,0,0,0,0,0,0,0,0,0,0,0,0,0,0,0,0,0,0,0,0,0,0,0,0,0,0,0,0,0
2021-07-18,,,,,,,,,,,,,,,,,,,,,,,,,,,,,,,,,,,,,,,,,0,0,0,0,0,0,0,0,0,0,0,0,0,0,0,0,0,0,0,0,0,0,0,0,0,0,0,0,0,0,0,0,0,0,0,0,0,0,0,0
2021-07-19,,,,,,,,,,,,,,,,,,,,,,,,,,,,,,,,,,,,,,,,,0,0,0,0,0,0,0,0,0,0,0,0,0,0,0,0,0,0,0,0,0,0,0,0,0,0,0,0,0,0,0,0,0,0,0,0,0,0,0,0
2021-07-20,,,,,,,,,,,,,,,,,,,,,,,,,,,,,,,,,,,,,,,,,0,0,0,0,0,0,0,0,0,0,0,0,0,0,0,0,0,0,0,0,0,0,0,0,0,0,0,0,0,0,0,0,0,0,0,0,0,0,0,0
2021-07-21,,,6.0,16.5,12.5,0.5,0.0,,,,,18.5,,2.5,,,,22.0,,,,,6.0,6.5,,,,,,0.0,,3.0,,21.0,,0.0,23.5,,,,0,0,0,0,0,0,0,0,0,0,0,0,0,0,0,0,0,0,0,0,0,0,0,0,0,0,0,0,0,0,0,0,0,0,0,0,0,0,0,0
2021-07-22,,,,,,,,,,,,,,,,,,,,,,,,,,,,,,,,,,,,,,,,,0,0,0,0,0,0,0,0,0,0,0,0,0,0,0,0,0,0,0,0,0,0,0,0,0,0,0,0,0,0,0,0,0,0,0,0,0,0,0,0
2021-07-23,,,1.0,25.5,17.5,6.0,4.5,,,,0.5,0.0,,2.0,,,12.0,27.5,,,,,,0.0,,24.5,,,,0.0,19.0,18.0,,0.0,0.0,1.0,,,,,0,0,0,0,0,0,0,0,0,0,0,0,0,0,0,0,0,0,0,0,0,0,0,0,0,0,0,0,0,0,0,0,0,0,0,0,0,0,0,0
2021-07-24,,,0.5,0.0,0.0,0.0,,,,,,0.0,,,,,0.0,,,,,,,0.0,,,,,,,0.0,0.5,,,,,,,,,0,0,0,0,0,0,0,0,0,0,0,0,0,0,0,0,0,0,0,0,0,0,0,0,0,0,0,0,0,0,0,0,0,0,0,0,0,0,0,0
2021-07-25,,,8.5,4.0,2.0,0.0,0.0,,9.5,,2.0,0.0,,0.5,,,3.0,7.5,,6.0,,,2.0,1.5,0.0,,,,,1.0,,0.0,,0.0,1.5,0.0,,,,,0,0,0,0,0,0,0,0,0,0,0,0,0,0,0,0,0,0,0,0,0,0,0,0,0,0,0,0,0,0,0,0,0,0,0,0,0,0,0,0
2021-07-26,,,0.0,0.0,,0.0,,,,,,,,0.0,,,0.0,,,,,,,6.0,,,,,,,,0.5,,,,,,,,,0,0,0,0,0,0,0,0,0,0,0,0,0,0,0,0,0,0,0,0,0,0,0,0,0,0,0,0,0,0,0,0,0,0,0,0,0,0,0,0
2021-07-27,,,7.5,7.5,11.5,0.0,0.0,,0.0,,0.5,0.0,,11.5,,18.0,1.0,8.0,14.0,0.5,,,,3.0,0.5,1.0,,,,5.5,,9.0,,,5.0,8.0,0.0,,,,0,0,0,0,0,0,0,0,0,0,0,0,0,0,0,0,0,0,0,0,0,0,0,0,0,0,0,0,0,0,0,0,0,0,0,0,0,0,0,0
2021-07-28,,,,,,,,,,,,,,,,,,,,,,,,,,,,,,,,,,,,,,,,,0,0,0,0,0,0,0,0,0,0,0,0,0,0,0,0,0,0,0,0,0,0,0,0,0,0,0,0,0,0,0,0,0,0,0,0,0,0,0,0
2021-07-29,,,,,,,,,,,,,,,,,,,,,,,,,,,,,,,,,,,,,,,,,0,0,0,0,0,0,0,0,0,0,0,0,0,0,0,0,0,0,0,0,0,0,0,0,0,0,0,0,0,0,0,0,0,0,0,0,0,0,0,0
2021-07-30,,,,,,,,,,,,,,,,,,,,,,,,,,,,,,,,,,,,,,,,,0,0,0,0,0,0,0,0,0,0,0,0,0,0,0,0,0,0,0,0,0,0,0,0,0,0,0,0,0,0,0,0,0,0,0,0,0,0,0,0
2021-07-31,,,,,,,,,,,,,,,,,,,,,,,,,,,,,,,,,,,,,,,,,0,0,0,0,0,0,0,0,0,0,0,0,0,0,0,0,0,0,0,0,0,0,0,0,0,0,0,0,0,0,0,0,0,0,0,0,0,0,0,0
2021-08-01,,26.5,,,,,1.0,,,,,,,,,,,,0.5,,16.5,,,,,,21.0,,,,,,,4.0,,5.5,,,,,0,0,0,0,0,0,0,0,0,0,0,0,0,0,0,0,0,0,0,0,0,0,0,0,0,0,0,0,0,0,0,0,0,0,0,0,0,0,0,0
2021-08-02,,,,,,,,,,,,,,,,,,,,,,,,,,,,,,,,,,,,,,,,,0,0,0,0,0,0,0,0,0,0,0,0,0,0,0,0,0,0,0,0,0,0,0,0,0,0,0,0,0,0,0,0,0,0,0,0,0,0,0,0
2021-08-03,,,,,,,,,,,,,,,,,,,,,,,,,,,,,,,,,,,,,,,,,0,0,0,0,0,0,0,0,0,0,0,0,0,0,0,0,0,0,0,0,0,0,0,0,0,0,0,0,0,0,0,0,0,0,0,0,0,0,0,0
2021-08-04,,,,,,,1.0,,,,,,,,,,,,,,,,,,,,,,,,,,,,,,,,,,0,0,0,0,0,0,0,0,0,0,0,0,0,0,0,0,0,0,0,0,0,0,0,0,0,0,0,0,0,0,0,0,0,0,0,0,0,0,0,0
2021-08-05,0.5,0.0,0.0,0.0,0.0,,0.0,0.0,0.0,,0.0,0.0,,,,0.5,0.0,0.0,0.0,0.0,,,0.0,0.0,0.5,0.0,0.0,,,0.0,,0.5,,0.0,0.0,0.0,0.5,,,,0,0,0,0,0,0,0,0,0,0,0,0,0,0,0,0,0,0,0,0,0,0,0,0,0,0,0,0,0,0,0,0,0,0,0,0,0,0,0,0
2021-08-06,,0.0,0.5,0.0,0.0,,0.0,,0.5,,0.0,0.0,,0.0,,0.0,0.0,0.0,0.0,0.0,0.0,0.5,0.0,0.0,0.5,0.0,0.0,,,0.0,0.0,0.0,0.0,0.0,0.0,0.0,0.0,,0.5,,0,0,0,0,0,0,0,0,0,0,0,0,0,0,0,0,0,0,0,0,0,0,0,0,0,0,0,0,0,0,0,0,0,0,0,0,0,0,0,0
2021-08-07,,0.0,0.0,0.0,0.5,,1.5,,0.0,,9.0,12.0,,,,28.5,0.0,0.0,0.0,0.0,0.0,,0.0,20.5,0.0,0.0,0.0,,,0.0,,0.0,1.5,12.0,37.0,0.0,0.0,,23.5,,0,0,0,0,0,0,0,0,0,0,0,0,0,0,0,0,0,0,0,0,0,0,0,0,0,0,0,0,0,0,0,0,0,0,0,0,0,0,0,0
2021-08-08,2.5,16.5,14.5,4.5,7.0,,12.0,,21.5,,4.5,6.0,,6.5,,6.5,4.5,4.0,4.0,3.5,4.5,3.5,5.0,5.5,36.5,3.5,4.0,,,4.0,,7.0,4.0,8.5,5.0,3.5,3.0,,,,0,0,0,0,0,0,0,0,0,0,0,0,0,0,0,0,0,0,0,0,0,0,0,0,0,0,0,0,0,0,0,0,0,0,0,0,0,0,0,0
2021-08-09,,0.0,0.0,0.0,0.0,,0.0,,0.0,,0.0,0.0,,0.0,,0.0,0.0,0.0,0.0,0.0,0.0,0.5,0.0,0.0,,0.0,0.0,,,0.0,0.0,0.0,0.5,0.0,1.0,0.0,0.0,,0.0,,0,0,0,0,0,0,0,0,0,0,0,0,0,0,0,0,0,0,0,0,0,0,0,0,0,0,0,0,0,0,0,0,0,0,0,0,0,0,0,0
2021-08-10,,4.0,3.5,12.5,60.5,,48.0,,13.0,,1.0,36.5,,1.5,,9.0,1.0,0.5,2.5,2.0,,0.0,0.5,38.0,21.5,1.0,1.5,,,46.5,,10.5,,41.5,12.0,2.5,1.0,,16.5,,0,0,0,0,0,0,0,0,0,0,0,0,0,0,0,0,0,0,0,0,0,0,0,0,0,0,0,0,0,0,0,0,0,0,0,0,0,0,0,0
2021-08-11,,,,,,,,,,,,,,,,,,,,,,,,,,,,,,,,,32.5,,,,,,,,0,0,0,0,0,0,0,0,0,0,0,0,0,0,0,0,0,0,0,0,0,0,0,0,0,0,0,0,0,0,0,0,0,0,0,0,0,0,0,0
2021-08-12,,,,,,,,,,,,,,,,,,,,,,,,,,,,,,,,,,,,,,,,,0,0,0,0,0,0,0,0,0,0,0,0,0,0,0,0,0,0,0,0,0,0,0,0,0,0,0,0,0,0,0,0,0,0,0,0,0,0,0,0
2021-08-13,,,,,,,,,,,,,,,,,,,,,,,,,,,,,,,,,,,,,,,,,0,0,0,0,0,0,0,0,0,0,0,0,0,0,0,0,0,0,0,0,0,0,0,0,0,0,0,0,0,0,0,0,0,0,0,0,0,0,0,0
2021-08-14,,0.0,0.0,0.0,18.5,,11.0,,0.0,,9.5,9.0,,,,0.0,0.0,0.5,0.0,0.0,0.0,,,3.5,0.0,0.5,0.0,,,0.0,,0.0,0.5,,3.5,0.0,0.0,,,,0,0,0,0,0,0,0,0,0,0,0,0,0,0,0,0,0,0,0,0,0,0,0,0,0,0,0,0,0,0,0,0,0,0,0,0,0,0,0,0
2021-08-15,,3.0,4.0,14.0,19.5,,6.0,,4.5,,0.0,1.0,,19.0,,23.5,8.5,22.5,18.0,24.0,20.0,0.0,6.5,0.0,3.5,17.0,19.5,,,20.0,,2.0,25.5,2.0,0.0,23.5,8.5,,1.0,,0,0,0,0,0,0,0,0,0,0,0,0,0,0,0,0,0,0,0,0,0,0,0,0,0,0,0,0,0,0,0,0,0,0,0,0,0,0,0,0
2021-08-16,,1.5,3.5,4.5,23.0,,9.0,,8.5,,25.5,0.0,,6.5,,4.0,22.0,7.5,10.5,14.0,8.0,12.5,23.5,21.5,10.5,10.5,8.0,,,18.5,,1.5,17.5,1.5,35.0,9.5,15.0,,10.0,,0,0,0,0,0,0,0,0,0,0,0,0,0,0,0,0,0,0,0,0,0,0,0,0,0,0,0,0,0,0,0,0,0,0,0,0,0,0,0,0
2021-08-17,,,,,,,,,,,,,,,,,,,,,,,,,,,,,,,,,,,,,,,,,0,0,0,0,0,0,0,0,0,0,0,0,0,0,0,0,0,0,0,0,0,0,0,0,0,0,0,0,0,0,0,0,0,0,0,0,0,0,0,0
2021-08-18,,8.5,6.5,2.0,1.0,,0.5,,21.5,,55.0,0.0,,2.5,,1.5,19.0,6.5,3.5,,6.0,3.5,7.5,13.5,12.0,8.5,5.5,,,6.5,,8.0,,0.5,15.0,3.5,12.0,,,,0,0,0,0,0,0,0,0,0,0,0,0,0,0,0,0,0,0,0,0,0,0,0,0,0,0,0,0,0,0,0,0,0,0,0,0,0,0,0,0
2021-08-19,26.0,16.5,19.0,24.0,10.5,,30.5,,14.0,,28.0,44.0,,18.5,,5.0,13.0,7.5,35.5,8.5,46.0,14.5,15.5,22.0,17.5,9.0,35.0,,,16.0,,12.0,72.0,57.0,45.5,59.5,14.0,,,15.5,0,0,0,0,0,0,0,0,0,0,0,0,0,0,0,0,0,0,0,0,0,0,0,0,0,0,0,0,0,0,0,0,0,0,0,0,0,0,0,0
2021-08-20,,8.0,6.5,4.0,3.0,3.5,3.5,,8.0,,,3.0,,,,3.5,7.0,6.5,5.0,7.0,,,6.0,2.5,7.5,6.5,6.5,,,9.0,,7.5,,4.0,6.0,6.0,9.0,,,3.5,0,0,0,0,0,0,0,0,0,0,0,0,0,0,0,0,0,0,0,0,0,0,0,0,0,0,0,0,0,0,0,0,0,0,0,0,0,0,0,0
2021-08-21,30.5,17.5,5.5,16.5,10.5,33.0,,,,,,,,,,17.5,25.5,15.0,,,,,19.5,9.0,,38.5,36.0,,,1.0,,22.5,,53.5,13.0,53.5,,,,18.5,0,0,0,0,0,0,0,0,0,0,0,0,0,0,0,0,0,0,0,0,0,0,0,0,0,0,0,0,0,0,0,0,0,0,0,0,0,0,0,0
2021-08-22,,1.0,1.0,0.5,1.5,1.5,,,,,,14.5,,,,1.0,1.0,1.0,0.0,1.0,,,0.5,1.0,0.5,0.5,0.5,,,2.0,,0.5,,15.5,3.0,,3.0,,,,0,0,0,0,0,0,0,0,0,0,0,0,0,0,0,0,0,0,0,0,0,0,0,0,0,0,0,0,0,0,0,0,0,0,0,0,0,0,0,0
2021-08-23,,,,,,,,,,,,,,,,,,,,,,,,,,,,,,,,,,,,,,,,,0,0,0,0,0,0,0,0,0,0,0,0,0,0,0,0,0,0,0,0,0,0,0,0,0,0,0,0,0,0,0,0,0,0,0,0,0,0,0,0
2021-08-24,,,,,,,,,,,,,,,,,,,,,,,,,,,,,,,,,,,,,,,,,0,0,0,0,0,0,0,0,0,0,0,0,0,0,0,0,0,0,0,0,0,0,0,0,0,0,0,0,0,0,0,0,0,0,0,0,0,0,0,0
2021-08-25,,,,,,,,,,,,,,,,,,,,,,,,,,,,,,,,,,,,,,,,,0,0,0,0,0,0,0,0,0,0,0,0,0,0,0,0,0,0,0,0,0,0,0,0,0,0,0,0,0,0,0,0,0,0,0,0,0,0,0,0
2021-08-26,1.0,1.5,1.5,1.0,1.5,2.5,,,5.5,,,1.5,,,,1.0,2.0,2.0,0.5,2.5,1.0,,2.0,2.5,1.5,2.0,1.0,,,1.0,,1.0,1.0,2.0,2.5,0.5,0.5,,,,0,0,0,0,0,0,0,0,0,0,0,0,0,0,0,0,0,0,0,0,0,0,0,0,0,0,0,0,0,0,0,0,0,0,0,0,0,0,0,0
2021-08-27,,0.0,0.0,0.0,,0.0,0.0,,,,,,,,,1.0,0.0,0.0,,0.0,,,,0.0,,0.0,,,,0.0,,0.0,,,0.5,,0.0,,,,0,0,0,0,0,0,0,0,0,0,0,0,0,0,0,0,0,0,0,0,0,0,0,0,0,0,0,0,0,0,0,0,0,0,0,0,0,0,0,0
2021-08-28,,0.0,0.0,0.0,0.0,1.0,1.5,,0.5,,,0.0,,,,0.0,0.0,0.0,0.0,0.0,0.0,,0.0,0.0,0.5,0.0,0.0,,,0.0,,0.0,,0.0,0.0,0.5,0.0,,,,0,0,0,0,0,0,0,0,0,0,0,0,0,0,0,0,0,0,0,0,0,0,0,0,0,0,0,0,0,0,0,0,0,0,0,0,0,0,0,0
2021-08-29,0.0,1.5,1.0,0.0,0.0,1.0,1.0,,,,,,,,,0.0,,0.0,0.5,0.0,,,,0.0,,0.0,,,,0.0,,0.5,,0.5,,,0.5,,,,0,0,0,0,0,0,0,0,0,0,0,0,0,0,0,0,0,0,0,0,0,0,0,0,0,0,0,0,0,0,0,0,0,0,0,0,0,0,0,0
2021-08-30,,,,,,,,,,,,,,,,,,,,,,,,,,,,,,,,,,,,,,,,,0,0,0,0,0,0,0,0,0,0,0,0,0,0,0,0,0,0,0,0,0,0,0,0,0,0,0,0,0,0,0,0,0,0,0,0,0,0,0,0
2021-08-31,,20.0,4.5,0.0,1.0,,0.0,,13.5,,,0.0,,,,1.0,0.5,0.5,8.5,0.0,5.5,,1.0,0.5,9.5,0.5,8.0,,,2.5,,11.5,7.0,0.0,0.5,5.5,10.5,,,,0,0,0,0,0,0,0,0,0,0,0,0,0,0,0,0,0,0,0,0,0,0,0,0,0,0,0,0,0,0,0,0,0,0,0,0,0,0,0,0
2021-09-01,,2.5,1.5,0.0,0.0,,21.0,,14.0,,,13.5,,,,0.5,0.5,0.0,4.5,0.5,8.0,,0.5,0.0,2.0,0.5,3.0,,,2.0,,1.5,0.0,11.0,0.0,1.0,7.5,,,,0,0,0,0,0,0,0,0,0,0,0,0,0,0,0,0,0,0,0,0,0,0,0,0,0,0,0,0,0,0,0,0,0,0,0,0,0,0,0,0
2021-09-02,,13.0,11.5,20.0,45.0,,55.5,68.0,15.0,,,37.5,,39.0,,11.5,13.0,13.5,23.5,20.5,26.0,,11.5,45.0,14.0,17.0,26.0,,,56.0,,13.0,29.5,37.0,58.5,24.5,18.5,,,,0,0,0,0,0,0,0,0,0,0,0,0,0,0,0,0,0,0,0,0,0,0,0,0,0,0,0,0,0,0,0,0,0,0,0,0,0,0,0,0
2021-09-03,,0.5,0.0,0.0,0.5,,0.5,0.0,0.0,,0.0,0.0,,0.0,,0.0,0.0,0.0,0.0,0.0,0.0,0.0,0.0,0.0,0.0,0.0,0.0,,,0.5,0.0,0.0,0.0,0.0,0.0,0.0,0.0,,,0.5,0,0,0,0,0,0,0,0,0,0,0,0,0,0,0,0,0,0,0,0,0,0,0,0,0,0,0,0,0,0,0,0,0,0,0,0,0,0,0,0
2021-09-04,,22.5,27.0,21.5,0.5,,5.0,24.5,0.0,,0.0,0.0,,4.5,,4.0,13.0,1.5,7.0,2.0,19.0,3.5,45.0,0.0,0.0,1.5,20.0,,,0.0,,5.0,2.0,0.0,0.0,23.0,0.0,,,1.0,0,0,0,0,0,0,0,0,0,0,0,0,0,0,0,0,0,0,0,0,0,0,0,0,0,0,0,0,0,0,0,0,0,0,0,0,0,0,0,0
2021-09-05,,0.0,0.0,0.0,0.0,,0.0,0.0,0.0,,,45.0,,0.0,,0.0,0.0,0.0,0.0,0.5,0.0,0.0,0.0,5.5,0.5,0.0,0.0,,,0.0,,0.0,0.0,57.0,0.0,0.5,0.0,,,0.5,0,0,0,0,0,0,0,0,0,0,0,0,0,0,0,0,0,0,0,0,0,0,0,0,0,0,0,0,0,0,0,0,0,0,0,0,0,0,0,0
2021-09-06,,0.5,1.0,0.5,0.5,,0.0,,0.0,,,0.0,,,,0.5,1.0,1.0,0.0,0.5,0.0,4.0,1.0,1.0,0.0,0.5,0.0,,,0.0,,0.0,0.0,0.0,1.0,0.0,0.0,,0.5,2.0,0,0,0,0,0,0,0,0,0,0,0,0,0,0,0,0,0,0,0,0,0,0,0,0,0,0,0,0,0,0,0,0,0,0,0,0,0,0,0,0
2021-09-07,,43.0,19.5,1.0,2.5,,0.0,,53.0,,1.0,0.0,,25.0,,3.5,6.0,5.0,7.0,10.0,42.0,70.5,7.0,1.0,122.5,4.0,24.5,,,62.5,,36.0,84.0,0.0,0.5,17.5,26.0,,0.5,16.0,0,0,0,0,0,0,0,0,0,0,0,0,0,0,0,0,0,0,0,0,0,0,0,0,0,0,0,0,0,0,0,0,0,0,0,0,0,0,0,0
2021-09-08,,7.5,9.5,6.5,47.0,,2.0,,9.5,,,2.5,,2.0,,22.0,,23.5,4.0,22.5,3.0,,11.0,11.5,7.5,16.5,3.0,,,0.5,10.5,24.5,1.5,,0.5,3.0,10.5,,43.5,14.5,0,0,0,0,0,0,0,0,0,0,0,0,0,0,0,0,0,0,0,0,0,0,0,0,0,0,0,0,0,0,0,0,0,0,0,0,0,0,0,0
2021-09-09,0.0,0.0,0.0,3.0,0.5,0.0,0.5,,0.0,,1.5,0.0,,0.0,,0.0,0.0,2.0,0.0,2.0,0.0,,0.0,0.5,1.5,7.5,0.0,,,6.0,0.0,8.5,0.0,,0.0,0.0,0.5,,0.0,0.5,0,0,0,0,0,0,0,0,0,0,0,0,0,0,0,0,0,0,0,0,0,0,0,0,0,0,0,0,0,0,0,0,0,0,0,0,0,0,0,0
2021-09-10,,3.5,7.5,19.5,68.0,51.0,49.5,34.0,3.0,,54.0,47.5,,15.0,,21.0,14.5,10.0,11.0,10.0,18.0,58.0,20.0,35.5,13.0,9.5,24.0,,,2.0,39.5,5.5,14.5,54.0,37.0,16.0,1.0,,26.5,21.5,0,0,0,0,0,0,0,0,0,0,0,0,0,0,0,0,0,0,0,0,0,0,0,0,0,0,0,0,0,0,0,0,0,0,0,0,0,0,0,0
2021-09-11,,0.5,0.0,0.0,0.0,0.0,0.0,,0.0,,0.0,0.0,,0.0,,0.0,0.0,0.0,0.0,0.5,0.0,0.5,0.0,0.0,0.0,0.0,0.5,,,0.0,0.5,0.0,0.0,0.0,0.0,0.0,0.0,,0.0,0.0,0,0,0,0,0,0,0,0,0,0,0,0,0,0,0,0,0,0,0,0,0,0,0,0,0,0,0,0,0,0,0,0,0,0,0,0,0,0,0,0
2021-09-12,,0.5,0.0,13.5,,15.0,16.5,,0.0,,,21.5,,,,2.0,,,,0.0,0.0,,0.0,44.0,0.5,0.0,0.0,,,,1.5,0.0,,,27.5,0.0,1.0,,,0.0,0,0,0,0,0,0,0,0,0,0,0,0,0,0,0,0,0,0,0,0,0,0,0,0,0,0,0,0,0,0,0,0,0,0,0,0,0,0,0,0
2021-09-13,,0.0,0.5,11.5,44.5,,2.5,,0.0,,2.5,0.5,,0.0,,0.0,3.5,1.0,0.0,0.5,4.5,12.0,2.0,1.0,0.0,0.0,0.5,,,0.0,12.0,0.0,0.0,1.0,0.0,0.0,0.0,,7.0,0.0,0,0,0,0,0,0,0,0,0,0,0,0,0,0,0,0,0,0,0,0,0,0,0,0,0,0,0,0,0,0,0,0,0,0,0,0,0,0,0,0
2021-09-14,,23.0,21.5,14.0,16.0,,18.5,,30.0,,12.0,29.5,,,,17.0,,20.5,16.0,21.0,29.0,,22.0,10.0,36.0,21.5,27.0,,,47.0,16.0,24.5,46.0,29.5,11.5,24.0,36.0,,14.5,17.0,0,0,0,0,0,0,0,0,0,0,0,0,0,0,0,0,0,0,0,0,0,0,0,0,0,0,0,0,0,0,0,0,0,0,0,0,0,0,0,0
2021-09-15,,2.5,1.5,1.0,1.5,,0.5,,2.0,,0.5,0.5,,2.0,,2.0,2.0,1.0,1.5,1.5,2.5,1.0,2.0,0.5,2.0,1.5,2.0,,,1.5,1.0,2.0,1.5,0.5,0.5,1.0,2.0,,,2.0,0,0,0,0,0,0,0,0,0,0,0,0,0,0,0,0,0,0,0,0,0,0,0,0,0,0,0,0,0,0,0,0,0,0,0,0,0,0,0,0
2021-09-16,,0.0,0.0,0.0,0.0,,0.0,,0.0,,0.0,0.0,,0.0,,0.0,0.0,0.0,0.0,0.0,0.0,,0.0,0.5,0.0,0.0,0.0,,,0.5,0.0,0.0,0.5,,0.0,0.0,0.0,,,0.0,0,0,0,0,0,0,0,0,0,0,0,0,0,0,0,0,0,0,0,0,0,0,0,0,0,0,0,0,0,0,0,0,0,0,0,0,0,0,0,0
2021-09-17,,0.0,0.5,0.0,0.0,7.5,11.0,,3.5,,40.5,43.5,,0.0,,0.0,0.0,0.0,0.0,0.0,0.0,3.0,2.5,2.0,0.0,7.5,0.0,,,0.0,2.0,0.0,0.0,33.5,4.5,0.0,0.0,,,4.5,0,0,0,0,0,0,0,0,0,0,0,0,0,0,0,0,0,0,0,0,0,0,0,0,0,0,0,0,0,0,0,0,0,0,0,0,0,0,0,0
2021-09-18,,,,,,,,,,,,,,,,,,,,,,,,,,,,,,,,,,,,,,,,,0,0,0,0,0,0,0,0,0,0,0,0,0,0,0,0,0,0,0,0,0,0,0,0,0,0,0,0,0,0,0,0,0,0,0,0,0,0,0,0
2021-09-19,,,,,,,,,,,,,,,,,,,,,,,,,,,,,,,,,,,,,,,,,0,0,0,0,0,0,0,0,0,0,0,0,0,0,0,0,0,0,0,0,0,0,0,0,0,0,0,0,0,0,0,0,0,0,0,0,0,0,0,0
2021-09-20,,,,,,,,,,,,,,,,,,,,,,,,,,,,,,,,,,,,,,,,,0,0,0,0,0,0,0,0,0,0,0,0,0,0,0,0,0,0,0,0,0,0,0,0,0,0,0,0,0,0,0,0,0,0,0,0,0,0,0,0
2021-09-21,,,,,,,,,,,,,,,,,,,,,,,,,,,,,,,,,,,,,,,,,0,0,0,0,0,0,0,0,0,0,0,0,0,0,0,0,0,0,0,0,0,0,0,0,0,0,0,0,0,0,0,0,0,0,0,0,0,0,0,0
2021-09-22,,,,,,,,,,,,,,,,,,,,,,,,,,,,,,,,,,,,,,,,,0,0,0,0,0,0,0,0,0,0,0,0,0,0,0,0,0,0,0,0,0,0,0,0,0,0,0,0,0,0,0,0,0,0,0,0,0,0,0,0
2021-09-23,,0.0,0.5,0.0,0.0,7.5,10.0,19.0,0.0,,16.0,0.0,,2.0,,0.0,0.0,0.0,0.0,0.0,3.5,0.5,,8.5,0.0,0.0,0.0,,,0.0,,0.0,0.0,0.5,15.0,0.0,,,,0.0,0,0,0,0,0,0,0,0,0,0,0,0,0,0,0,0,0,0,0,0,0,0,0,0,0,0,0,0,0,0,0,0,0,0,0,0,0,0,0,0
2021-09-24,,0.0,0.0,0.0,0.0,0.0,0.5,,0.0,,2.5,1.5,,0.0,,0.0,0.0,0.0,0.0,0.0,0.0,,0.0,5.0,0.0,0.0,0.0,,,0.0,,0.0,0.0,1.0,,0.0,0.0,,,0.0,0,0,0,0,0,0,0,0,0,0,0,0,0,0,0,0,0,0,0,0,0,0,0,0,0,0,0,0,0,0,0,0,0,0,0,0,0,0,0,0
2021-09-25,,1.0,0.0,0.0,0.0,0.5,2.5,,4.0,,9.0,6.5,,0.0,,0.0,0.0,0.0,0.0,0.0,0.0,,,4.5,0.5,0.0,0.0,,,0.0,,0.0,0.0,2.0,4.5,0.0,2.0,,,0.0,0,0,0,0,0,0,0,0,0,0,0,0,0,0,0,0,0,0,0,0,0,0,0,0,0,0,0,0,0,0,0,0,0,0,0,0,0,0,0,0
2021-09-26,,8.0,0.0,3.5,8.5,,28.5,,1.0,,1.5,,,3.0,,8.0,0.0,0.0,12.5,0.0,8.0,,0.0,4.0,0.0,4.5,3.0,,,4.5,9.0,3.0,0.5,2.5,0.5,3.0,0.5,,,5.5,0,0,0,0,0,0,0,0,0,0,0,0,0,0,0,0,0,0,0,0,0,0,0,0,0,0,0,0,0,0,0,0,0,0,0,0,0,0,0,0
2021-09-27,,4.5,3.0,5.5,5.5,,13.5,,31.0,,,2.0,,4.0,,2.5,8.5,2.0,4.5,2.0,5.5,,5.0,7.5,16.5,,6.5,,,40.0,,8.0,24.0,2.0,4.5,4.5,65.0,,,3.5,0,0,0,0,0,0,0,0,0,0,0,0,0,0,0,0,0,0,0,0,0,0,0,0,0,0,0,0,0,0,0,0,0,0,0,0,0,0,0,0
2021-09-28,,32.0,74.0,2.0,0.0,,0.0,,0.0,,14.0,0.0,,1.0,0.0,15.5,7.5,7.0,18.5,13.0,21.5,0.0,11.0,20.5,0.5,3.5,15.5,,,0.0,,8.0,65.0,0.0,4.0,9.5,0.0,,,52.5,0,0,0,0,0,0,0,0,0,0,0,0,0,0,0,0,0,0,0,0,0,0,0,0,0,0,0,0,0,0,0,0,0,0,0,0,0,0,0,0
2021-09-29,,2.5,1.5,0.0,1.0,,0.0,1.0,5.0,,0.5,0.0,,1.5,,1.5,1.5,1.5,2.5,1.5,1.5,,1.0,0.5,4.0,2.0,1.5,,,1.0,0.5,2.5,1.0,0.5,,6.0,4.0,,,2.5,0,0,0,0,0,0,0,0,0,0,0,0,0,0,0,0,0,0,0,0,0,0,0,0,0,0,0,0,0,0,0,0,0,0,0,0,0,0,0,0
2021-09-30,,0.0,0.5,0.0,,,0.5,,0.0,,,,,,,0.5,0.0,0.0,3.0,0.0,1.5,,,37.0,,,1.0,,,0.5,,0.5,0.0,,,1.5,0.5,,,,0,0,0,0,0,0,0,0,0,0,0,0,0,0,0,0,0,0,0,0,0,0,0,0,0,0,0,0,0,0,0,0,0,0,0,0,0,0,0,0
2021-10-01,,18.5,18.5,9.0,10.0,,7.0,7.5,17.0,15.5,8.5,6.5,,10.0,,11.0,16.5,13.0,9.5,14.0,11.0,,17.0,12.0,16.0,15.0,11.0,,,17.0,,17.5,14.0,7.0,,8.5,21.5,,,11.5,0,0,0,0,0,0,0,0,0,0,0,0,0,0,0,0,0,0,0,0,0,0,0,0,0,0,0,0,0,0,0,0,0,0,0,0,0,0,0,0
2021-10-02,,1.0,0.0,0.0,1.0,,0.0,0.5,1.5,0.5,1.0,0.0,,0.0,0.0,0.5,0.0,0.5,1.0,0.0,,,0.0,1.0,0.5,0.0,0.0,,,0.0,0.0,0.5,0.0,,,0.5,0.5,,,3.0,0,0,0,0,0,0,0,0,0,0,0,0,0,0,0,0,0,0,0,0,0,0,0,0,0,0,0,0,0,0,0,0,0,0,0,0,0,0,0,0
2021-10-03,,0.0,0.0,0.0,0.0,,0.5,,0.0,22.5,1.0,4.5,,,0.0,0.0,0.0,0.0,0.0,0.0,0.0,,0.0,0.0,0.0,0.0,0.0,,,0.0,,0.0,0.0,3.5,,0.0,0.0,,1.0,0.0,0,0,0,0,0,0,0,0,0,0,0,0,0,0,0,0,0,0,0,0,0,0,0,0,0,0,0,0,0,0,0,0,0,0,0,0,0,0,0,0
2021-10-04,,,,,,,,,,,,,,,,,,,,,,,,,,,,,,,,,,,,,,,,,0,0,0,0,0,0,0,0,0,0,0,0,0,0,0,0,0,0,0,0,0,0,0,0,0,0,0,0,0,0,0,0,0,0,0,0,0,0,0,0
2021-10-05,,,,,,,,,,,,,,,,,,,,,,,,,,,,,,,,,,,,,,,,,0,0,0,0,0,0,0,0,0,0,0,0,0,0,0,0,0,0,0,0,0,0,0,0,0,0,0,0,0,0,0,0,0,0,0,0,0,0,0,0
2021-10-06,,1.5,9.0,4.5,2.5,0.0,0.0,,3.5,,0.0,0.0,,10.0,,2.5,3.5,2.0,15.5,6.5,5.0,,8.5,0.5,1.0,3.0,4.5,,,10.0,5.0,10.0,4.5,0.0,,5.0,18.5,,,2.5,0,0,0,0,0,0,0,0,0,0,0,0,0,0,0,0,0,0,0,0,0,0,0,0,0,0,0,0,0,0,0,0,0,0,0,0,0,0,0,0
2021-10-07,,,,,,,,,,,,,,,,,,,,,,,,,,,,,,,,,,,,,,,,,0,0,0,0,0,0,0,0,0,0,0,0,0,0,0,0,0,0,0,0,0,0,0,0,0,0,0,0,0,0,0,0,0,0,0,0,0,0,0,0
2021-10-08,,,,,,,,,,,,,,,,,,,,,,,,,,,,,,,,,,,,,,,,,0,0,0,0,0,0,0,0,0,0,0,0,0,0,0,0,0,0,0,0,0,0,0,0,0,0,0,0,0,0,0,0,0,0,0,0,0,0,0,0
2021-10-09,,0.0,0.0,0.0,0.5,,0.5,0.0,0.0,,0.0,0.0,,0.0,,0.0,0.0,0.0,0.0,0.0,0.0,,1.5,0.0,0.0,0.0,0.0,,,0.0,0.0,0.0,0.0,0.0,,0.5,0.0,,,0.0,0,0,0,0,0,0,0,0,0,0,0,0,0,0,0,0,0,0,0,0,0,0,0,0,0,0,0,0,0,0,0,0,0,0,0,0,0,0,0,0
2021-10-10,,,,,,,,,,,,,,,,,,,,,,,,,,,,,,,,,,,,,,,,,0,0,0,0,0,0,0,0,0,0,0,0,0,0,0,0,0,0,0,0,0,0,0,0,0,0,0,0,0,0,0,0,0,0,0,0,0,0,0,0
2021-10-11,,,,,,,,,,,,,,,,,,,,,,,,,,,,,,,,,,,,,,,,,0,0,0,0,0,0,0,0,0,0,0,0,0,0,0,0,0,0,0,0,0,0,0,0,0,0,0,0,0,0,0,0,0,0,0,0,0,0,0,0
2021-10-12,,,,,,,,,,,,,,,,,,,,,,,,,,,,,,,,,,,,,,,,,0,0,0,0,0,0,0,0,0,0,0,0,0,0,0,0,0,0,0,0,0,0,0,0,0,0,0,0,0,0,0,0,0,0,0,0,0,0,0,0
2021-10-13,,,,,,,,,,,,,,,,,,,,,,,,,,,,,,,,,,,,,,,,,0,0,0,0,0,0,0,0,0,0,0,0,0,0,0,0,0,0,0,0,0,0,0,0,0,0,0,0,0,0,0,0,0,0,0,0,0,0,0,0
2021-10-14,,,,,,,,,,,,,,,,,,,,,,,,,,,,,,,,,,,,,,,,,0,0,0,0,0,0,0,0,0,0,0,0,0,0,0,0,0,0,0,0,0,0,0,0,0,0,0,0,0,0,0,0,0,0,0,0,0,0,0,0
2021-10-15,,0.0,0.0,27.5,0.0,,42.5,2.5,0.0,,5.5,9.5,,0.0,,6.5,0.0,0.0,7.5,7.0,3.0,,,2.0,0.0,3.5,3.5,,,0.0,11.5,0.0,0.0,7.0,,7.0,0.0,,,0.0,0,0,0,0,0,0,0,0,0,0,0,0,0,0,0,0,0,0,0,0,0,0,0,0,0,0,0,0,0,0,0,0,0,0,0,0,0,0,0,0
2021-10-16,,4.5,2.0,12.0,44.0,,66.5,,4.5,,11.0,22.0,,3.5,,36.5,9.5,13.0,3.5,17.0,5.0,,,14.0,11.0,7.0,8.5,,,3.5,82.0,5.0,10.5,40.0,,3.0,7.5,,,3.5,0,0,0,0,0,0,0,0,0,0,0,0,0,0,0,0,0,0,0,0,0,0,0,0,0,0,0,0,0,0,0,0,0,0,0,0,0,0,0,0
2021-10-17,,,,,,,,,,,1.0,,,,,,,,,,2.5,,,,,,,,,,,,0.5,,,,,,,,0,0,0,0,0,0,0,0,0,0,0,0,0,0,0,0,0,0,0,0,0,0,0,0,0,0,0,0,0,0,0,0,0,0,0,0,0,0,0,0
2021-10-18,,,,,,,,,,,11.0,,,,,,,,,,29.5,,,,,,,,,,,,28.5,,,,,,,,0,0,0,0,0,0,0,0,0,0,0,0,0,0,0,0,0,0,0,0,0,0,0,0,0,0,0,0,0,0,0,0,0,0,0,0,0,0,0,0
2021-10-19,,10.5,10.0,5.0,7.0,,1.0,1.5,9.0,,7.0,1.5,,9.5,,6.5,,9.0,5.5,9.5,5.0,2.5,6.0,11.5,9.5,7.0,5.0,,,12.0,4.5,7.5,6.0,,,3.0,14.0,,1.0,7.5,0,0,0,0,0,0,0,0,0,0,0,0,0,0,0,0,0,0,0,0,0,0,0,0,0,0,0,0,0,0,0,0,0,0,0,0,0,0,0,0
2021-10-20,,3.0,3.0,2.5,3.5,,5.0,7.0,5.0,,8.5,5.5,,3.0,,5.0,,4.5,2.5,2.5,3.5,,4.5,11.0,5.0,5.0,3.0,,,4.0,4.0,3.5,3.0,6.0,,3.0,4.5,,,6.5,0,0,0,0,0,0,0,0,0,0,0,0,0,0,0,0,0,0,0,0,0,0,0,0,0,0,0,0,0,0,0,0,0,0,0,0,0,0,0,0
2021-10-21,,,0.5,0.0,,,0.5,,,,,,,0.5,,,1.0,,0.5,1.5,0.0,,,9.5,0.0,0.0,0.5,,,0.5,,1.0,6.0,,,0.5,2.5,,,,0,0,0,0,0,0,0,0,0,0,0,0,0,0,0,0,0,0,0,0,0,0,0,0,0,0,0,0,0,0,0,0,0,0,0,0,0,0,0,0
2021-10-22,,9.5,11.0,10.0,14.5,,4.0,2.5,24.0,,2.5,,,10.0,,9.0,9.0,,7.0,2.5,8.5,,8.5,3.0,20.0,8.5,9.5,,,10.5,,12.5,6.5,,,7.0,17.5,,,10.0,0,0,0,0,0,0,0,0,0,0,0,0,0,0,0,0,0,0,0,0,0,0,0,0,0,0,0,0,0,0,0,0,0,0,0,0,0,0,0,0
2021-10-23,,25.0,22.0,0.0,0.5,,0.5,15.5,34.0,,1.0,28.5,,6.0,,3.5,26.5,3.5,3.5,2.0,21.0,,20.5,6.5,33.0,,15.0,,,5.0,,66.0,23.0,,,1.5,1.5,,13.0,5.5,0,0,0,0,0,0,0,0,0,0,0,0,0,0,0,0,0,0,0,0,0,0,0,0,0,0,0,0,0,0,0,0,0,0,0,0,0,0,0,0
2021-10-24,,,,,,,,,,,,,,,,,,,,,,,,,,,,,,,,,,,,,,,,,0,0,0,0,0,0,0,0,0,0,0,0,0,0,0,0,0,0,0,0,0,0,0,0,0,0,0,0,0,0,0,0,0,0,0,0,0,0,0,0
2021-10-25,,5.5,21.0,28.0,25.5,,29.0,6.0,0.0,,4.5,45.0,,21.0,,65.0,,7.5,3.5,4.0,10.0,,26.0,3.5,0.0,3.0,11.0,,,17.5,,0.5,27.5,,0.5,6.0,2.5,,,61.0,0,0,0,0,0,0,0,0,0,0,0,0,0,0,0,0,0,0,0,0,0,0,0,0,0,0,0,0,0,0,0,0,0,0,0,0,0,0,0,0
2021-10-26,,,,,,,,,,,,,,,,,,,,,,,,,,,,,,,,,,,,,,,,,0,0,0,0,0,0,0,0,0,0,0,0,0,0,0,0,0,0,0,0,0,0,0,0,0,0,0,0,0,0,0,0,0,0,0,0,0,0,0,0
2021-10-27,,0.0,0.0,0.5,1.0,,0.0,0.5,0.0,,4.0,1.5,,6.5,,2.0,0.0,0.0,12.5,0.0,6.0,,,80.0,0.0,0.5,8.0,,,0.5,,0.0,1.0,,20.0,13.0,0.0,,,0.0,0,0,0,0,0,0,0,0,0,0,0,0,0,0,0,0,0,0,0,0,0,0,0,0,0,0,0,0,0,0,0,0,0,0,0,0,0,0,0,0
2021-10-28,,,,,,,,,,,,,,,,,,,,,10.0,,,,,16.0,,,,,,,,,,,40.5,,,,0,0,0,0,0,0,0,0,0,0,0,0,0,0,0,0,0,0,0,0,0,0,0,0,0,0,0,0,0,0,0,0,0,0,0,0,0,0,0,0
2021-10-29,,0.0,0.0,0.0,0.0,,0.5,0.0,0.0,,2.0,13.0,,0.0,,0.0,4.5,1.5,0.0,,,,1.0,0.5,0.0,2.0,0.0,,,0.0,,,0.0,,3.5,0.0,0.0,,,5.0,0,0,0,0,0,0,0,0,0,0,0,0,0,0,0,0,0,0,0,0,0,0,0,0,0,0,0,0,0,0,0,0,0,0,0,0,0,0,0,0
2021-10-30,,0.5,1.0,1.0,3.5,,10.0,,1.5,,1.0,18.5,,18.5,3.0,8.5,0.5,1.0,12.5,2.5,0.5,,0.5,5.5,1.0,13.5,0.5,,,6.5,,1.0,5.0,,6.5,1.0,1.5,,,1.0,0,0,0,0,0,0,0,0,0,0,0,0,0,0,0,0,0,0,0,0,0,0,0,0,0,0,0,0,0,0,0,0,0,0,0,0,0,0,0,0
2021-10-31,,7.5,1.0,0.5,21.5,,7.5,5.5,0.5,,,,,2.5,,12.0,2.5,,6.5,1.0,5.0,,,8.0,0.0,0.5,,,,4.0,,2.0,21.0,,0.5,7.0,,,,0.0,0,0,0,0,0,0,0,0,0,0,0,0,0,0,0,0,0,0,0,0,0,0,0,0,0,0,0,0,0,0,0,0,0,0,0,0,0,0,0,0
2021-11-01,,0.5,0.0,1.5,0.5,,9.5,2.5,0.0,,7.0,15.5,,2.5,,0.0,0.0,0.0,1.5,0.5,1.0,,,13.5,0.0,3.0,0.0,,,0.5,,1.0,0.5,,14.5,0.5,,,,0.0,0,0,0,0,0,0,0,0,0,0,0,0,0,0,0,0,0,0,0,0,0,0,0,0,0,0,0,0,0,0,0,0,0,0,0,0,0,0,0,0
2021-11-02,,,37.0,26.5,,,84.0,,19.0,,,,,29.5,,6.0,19.0,,36.0,20.0,47.5,,,17.5,18.5,30.5,46.0,,,,,31.5,42.0,,,,,,,,0,0,0,0,0,0,0,0,0,0,0,0,0,0,0,0,0,0,0,0,0,0,0,0,0,0,0,0,0,0,0,0,0,0,0,0,0,0,0,0
2021-11-03,,,,,,,,,,,,,,,,,,,,,,,,,,,,,,,,,,,,,,,,,0,0,0,0,0,0,0,0,0,0,0,0,0,0,0,0,0,0,0,0,0,0,0,0,0,0,0,0,0,0,0,0,0,0,0,0,0,0,0,0
2021-11-04,,,4.0,24.5,8.0,,42.5,28.0,9.0,,43.5,36.5,,58.0,,6.5,6.5,5.5,24.5,3.5,26.0,,6.0,34.5,7.0,7.5,25.5,,,31.0,,5.0,32.0,47.0,,22.0,8.5,,,5.5,0,0,0,0,0,0,0,0,0,0,0,0,0,0,0,0,0,0,0,0,0,0,0,0,0,0,0,0,0,0,0,0,0,0,0,0,0,0,0,0
2021-11-05,,,,,,,,,,,,,,,,,,,,,,,,,,,,,,,,,,,,,,,,,0,0,0,0,0,0,0,0,0,0,0,0,0,0,0,0,0,0,0,0,0,0,0,0,0,0,0,0,0,0,0,0,0,0,0,0,0,0,0,0
2021-11-06,,,,,,,,,,,,,,,,,,,,,,,,,,,,,,,,,,,,,,,,,0,0,0,0,0,0,0,0,0,0,0,0,0,0,0,0,0,0,0,0,0,0,0,0,0,0,0,0,0,0,0,0,0,0,0,0,0,0,0,0
2021-11-07,,,,,,,,,,,,,,,,,,,,,,,,,,,,,,,,,,,,,,,,,0,0,0,0,0,0,0,0,0,0,0,0,0,0,0,0,0,0,0,0,0,0,0,0,0,0,0,0,0,0,0,0,0,0,0,0,0,0,0,0
2021-11-08,,,0.5,0.5,,,,,0.0,,,,,0.0,,,,,,,0.0,,,8.0,,2.0,,,,0.0,,0.0,,42.5,,,,,,,0,0,0,0,0,0,0,0,0,0,0,0,0,0,0,0,0,0,0,0,0,0,0,0,0,0,0,0,0,0,0,0,0,0,0,0,0,0,0,0
2021-11-09,,,,,,,,,,,,,,,,,,,,,,,,,,,,,,,,,,,,,,,,,0,0,0,0,0,0,0,0,0,0,0,0,0,0,0,0,0,0,0,0,0,0,0,0,0,0,0,0,0,0,0,0,0,0,0,0,0,0,0,0
2021-11-10,,,,,,,,,,,,,,,,,,,,,,,,,,,,,,,,,,,,,,,,,0,0,0,0,0,0,0,0,0,0,0,0,0,0,0,0,0,0,0,0,0,0,0,0,0,0,0,0,0,0,0,0,0,0,0,0,0,0,0,0
2021-11-11,,,,,,,,,,,,,,,,,,,,,,,,,,,,,,,,,,,,,,,,,0,0,0,0,0,0,0,0,0,0,0,0,0,0,0,0,0,0,0,0,0,0,0,0,0,0,0,0,0,0,0,0,0,0,0,0,0,0,0,0
2021-11-12,,,,,,,,,,,,,,,,,,,,,,,,,,,,,,,,,,,,,,,,,0,0,0,0,0,0,0,0,0,0,0,0,0,0,0,0,0,0,0,0,0,0,0,0,0,0,0,0,0,0,0,0,0,0,0,0,0,0,0,0
2021-11-13,,,,3.0,,,,,,,,,,,,,,,,,9.5,,,7.5,,2.5,,,,,,3.5,,,,,,,,,0,0,0,0,0,0,0,0,0,0,0,0,0,0,0,0,0,0,0,0,0,0,0,0,0,0,0,0,0,0,0,0,0,0,0,0,0,0,0,0
2021-11-14,,,,,,,,,,,,,,,,,,,,,,,,,,,,,,,,,,,,,,,,,0,0,0,0,0,0,0,0,0,0,0,0,0,0,0,0,0,0,0,0,0,0,0,0,0,0,0,0,0,0,0,0,0,0,0,0,0,0,0,0
2021-11-15,,,,,,,,,,,,,,,,,,,,,,,,,,,,,,,,,,,,,,,,,0,0,0,0,0,0,0,0,0,0,0,0,0,0,0,0,0,0,0,0,0,0,0,0,0,0,0,0,0,0,0,0,0,0,0,0,0,0,0,0
2021-11-16,,,,,,,,,,,,,,,,,,,,,,,,,,,,,,,,,,,,,,,,,0,0,0,0,0,0,0,0,0,0,0,0,0,0,0,0,0,0,0,0,0,0,0,0,0,0,0,0,0,0,0,0,0,0,0,0,0,0,0,0
2021-11-17,,,,,,,,,,,,,,,,,,,,,,,,,,,,,,,,,,,,,,,,,0,0,0,0,0,0,0,0,0,0,0,0,0,0,0,0,0,0,0,0,0,0,0,0,0,0,0,0,0,0,0,0,0,0,0,0,0,0,0,0
2021-11-18,,,,,,,,,,,,,,,,,,,,,,,,,,,,,,,,,,,,,,,,,0,0,0,0,0,0,0,0,0,0,0,0,0,0,0,0,0,0,0,0,0,0,0,0,0,0,0,0,0,0,0,0,0,0,0,0,0,0,0,0
2021-11-19,,16.5,16.5,13.5,23.0,,47.0,,0.5,,48.0,37.5,,,,12.0,6.0,6.0,8.5,0.5,,39.5,5.0,89.0,,23.0,,,,8.0,30.5,61.0,20.0,46.5,62.0,38.0,0.0,,46.0,1.5,0,0,0,0,0,0,0,0,0,0,0,0,0,0,0,0,0,0,0,0,0,0,0,0,0,0,0,0,0,0,0,0,0,0,0,0,0,0,0,0
2021-11-20,,,73.5,34.5,,,,,0.0,,,,,,,,,,,,,,30.5,1.5,,11.5,,,,,,2.0,,0.5,,,0.5,,,,0,0,0,0,0,0,0,0,0,0,0,0,0,0,0,0,0,0,0,0,0,0,0,0,0,0,0,0,0,0,0,0,0,0,0,0,0,0,0,0
2021-11-21,,,0.5,0.0,,0.5,1.5,,2.0,,,,,,,,0.0,,3.5,0.5,,,0.0,0.0,,20.0,,,,0.0,0.5,10.5,,0.0,,,,,,,0,0,0,0,0,0,0,0,0,0,0,0,0,0,0,0,0,0,0,0,0,0,0,0,0,0,0,0,0,0,0,0,0,0,0,0,0,0,0,0
2021-11-22,,,,,,,,,,,,,,,,,,,,,,,,,,,,,,,,,,,,,,,,,0,0,0,0,0,0,0,0,0,0,0,0,0,0,0,0,0,0,0,0,0,0,0,0,0,0,0,0,0,0,0,0,0,0,0,0,0,0,0,0
2021-11-23,,,,,,,,,,,,,,,,,,,,,,,,,,,,,,,,,,,,,,,,,0,0,0,0,0,0,0,0,0,0,0,0,0,0,0,0,0,0,0,0,0,0,0,0,0,0,0,0,0,0,0,0,0,0,0,0,0,0,0,0
2021-11-24,,,,,,,,,,,,,,,,,,,,,,,,,,,,,,,,,,,,,,,,,0,0,0,0,0,0,0,0,0,0,0,0,0,0,0,0,0,0,0,0,0,0,0,0,0,0,0,0,0,0,0,0,0,0,0,0,0,0,0,0
2021-11-25,,,,,,,,,,,,,,,,,,,,,,,,,,,,,,,,,,,,,,,,,0,0,0,0,0,0,0,0,0,0,0,0,0,0,0,0,0,0,0,0,0,0,0,0,0,0,0,0,0,0,0,0,0,0,0,0,0,0,0,0
2021-11-26,,,,,,,,,,,,,,,,,,,,,,,,,,,,,,,,,,,,,,,,,0,0,0,0,0,0,0,0,0,0,0,0,0,0,0,0,0,0,0,0,0,0,0,0,0,0,0,0,0,0,0,0,0,0,0,0,0,0,0,0
2021-11-27,,,,,,,,,,,,,,,,,,,,,,,,,,,,,,,,,,,,,,,,,0,0,0,0,0,0,0,0,0,0,0,0,0,0,0,0,0,0,0,0,0,0,0,0,0,0,0,0,0,0,0,0,0,0,0,0,0,0,0,0
2021-11-28,,,,,,,,,,,,,,,,,,,,,,,,,,,,,,,,,,,,,,,,,0,0,0,0,0,0,0,0,0,0,0,0,0,0,0,0,0,0,0,0,0,0,0,0,0,0,0,0,0,0,0,0,0,0,0,0,0,0,0,0
2021-11-29,12.5,23.5,29.0,30.0,,26.5,30.5,,24.0,,5.5,,,,,32.0,31.0,28.5,0.0,0.5,21.0,,25.0,21.5,,43.5,19.0,,1.0,50.5,25.0,15.5,25.0,58.5,5.0,35.5,11.0,,,27.0,0,0,0,0,0,0,0,0,0,0,0,0,0,0,0,0,0,0,0,0,0,0,0,0,0,0,0,0,0,0,0,0,0,0,0,0,0,0,0,0
2021-11-30,,,3.0,1.5,,1.5,,,,,,,,,,,,,0.0,,2.0,,2.5,1.5,,2.5,,,1.0,2.0,1.5,3.0,,1.0,,,2.5,,,,0,0,0,0,0,0,0,0,0,0,0,0,0,0,0,0,0,0,0,0,0,0,0,0,0,0,0,0,0,0,0,0,0,0,0,0,0,0,0,0
2021-12-01,,,,,,,,,,,,,,,,,,,,,,,,,,,,,,,,,,,,,,,,,0,0,0,0,0,0,0,0,0,0,0,0,0,0,0,0,0,0,0,0,0,0,0,0,0,0,0,0,0,0,0,0,0,0,0,0,0,0,0,0
2021-12-02,,,,,,,,,,,,,,,,,,,,,,,,,,,,,,,,,,,,,,,,,0,0,0,0,0,0,0,0,0,0,0,0,0,0,0,0,0,0,0,0,0,0,0,0,0,0,0,0,0,0,0,0,0,0,0,0,0,0,0,0
2021-12-03,,,,,,,,,,,,,,,,,,,,,,,,,,,,,,,,,,,,,,,,,0,0,0,0,0,0,0,0,0,0,0,0,0,0,0,0,0,0,0,0,0,0,0,0,0,0,0,0,0,0,0,0,0,0,0,0,0,0,0,0
2021-12-04,,,,,,,,,,,,,,,,,,,,,,,,,,,,,,,,,,,,,,,,,0,0,0,0,0,0,0,0,0,0,0,0,0,0,0,0,0,0,0,0,0,0,0,0,0,0,0,0,0,0,0,0,0,0,0,0,0,0,0,0
2021-12-05,,,,,,,,,,,,,,,,,,,,,,,,,,,,,,,,,,,,,,,,,0,0,0,0,0,0,0,0,0,0,0,0,0,0,0,0,0,0,0,0,0,0,0,0,0,0,0,0,0,0,0,0,0,0,0,0,0,0,0,0
2021-12-06,,,,,,,,,,,,,,,,,,,,,,,,,,,,,,,,,,,,,,,,,0,0,0,0,0,0,0,0,0,0,0,0,0,0,0,0,0,0,0,0,0,0,0,0,0,0,0,0,0,0,0,0,0,0,0,0,0,0,0,0
2021-12-07,,,,,,,,,,,,,,,,,,,,,,,,,,,,,,,,,,,,,,,,,0,0,0,0,0,0,0,0,0,0,0,0,0,0,0,0,0,0,0,0,0,0,0,0,0,0,0,0,0,0,0,0,0,0,0,0,0,0,0,0
2021-12-08,,,,,,,,,,,,,,,,,,,,,,,,,,,,,,,,,,,,,,,,,0,0,0,0,0,0,0,0,0,0,0,0,0,0,0,0,0,0,0,0,0,0,0,0,0,0,0,0,0,0,0,0,0,0,0,0,0,0,0,0
2021-12-09,,,,,,,,,,,,,,,,,,,,,,,,,,,,,,,,,,,,,,,,,0,0,0,0,0,0,0,0,0,0,0,0,0,0,0,0,0,0,0,0,0,0,0,0,0,0,0,0,0,0,0,0,0,0,0,0,0,0,0,0
2021-12-10,,,,,,,,,,,,,,,,,,,,,,,,,,,,,,,,,,,,,,,,,0,0,0,0,0,0,0,0,0,0,0,0,0,0,0,0,0,0,0,0,0,0,0,0,0,0,0,0,0,0,0,0,0,0,0,0,0,0,0,0
2021-12-11,1.5,3.0,3.5,8.5,1.0,16.5,16.5,9.0,13.5,,36.5,26.0,,39.5,,0.0,0.5,1.0,22.0,2.0,19.5,2.5,0.5,46.5,,1.5,25.0,,8.0,16.0,7.0,4.0,84.0,30.5,,17.0,8.5,,12.0,1.0,0,0,0,0,0,0,0,0,0,0,0,0,0,0,0,0,0,0,0,0,0,0,0,0,0,0,0,0,0,0,0,0,0,0,0,0,0,0,0,0
2021-12-12,1.5,7.5,4.0,12.5,2.5,3.0,0.5,2.0,14.5,,7.0,1.5,,18.5,,,7.0,7.0,15.5,6.5,12.5,5.5,9.0,9.5,17.5,17.0,11.5,,14.0,25.0,0.5,7.0,9.0,1.0,,14.5,12.5,,7.5,2.0,0,0,0,0,0,0,0,0,0,0,0,0,0,0,0,0,0,0,0,0,0,0,0,0,0,0,0,0,0,0,0,0,0,0,0,0,0,0,0,0
2021-12-13,11.0,2.0,1.5,4.5,3.5,8.0,10.0,,,,0.5,,,7.5,,,1.5,,4.5,,9.0,,2.0,1.0,,1.0,7.5,,20.0,,4.0,4.0,9.0,24.0,,,1.5,,,2.0,0,0,0,0,0,0,0,0,0,0,0,0,0,0,0,0,0,0,0,0,0,0,0,0,0,0,0,0,0,0,0,0,0,0,0,0,0,0,0,0
2021-12-14,,0.5,0.5,2.0,4.5,4.0,3.5,6.0,7.5,,6.5,9.5,,2.5,,,1.0,0.5,9.0,1.0,12.0,3.5,0.5,1.0,,2.0,11.0,,0.0,7.5,2.0,5.0,22.5,,,6.5,12.0,,18.5,7.5,0,0,0,0,0,0,0,0,0,0,0,0,0,0,0,0,0,0,0,0,0,0,0,0,0,0,0,0,0,0,0,0,0,0,0,0,0,0,0,0
2021-12-15,,6.0,1.0,5.0,1.0,0.0,1.0,,5.0,,0.0,0.0,,0.0,,,2.0,1.5,0.5,0.5,0.5,,1.0,0.0,,9.0,2.0,,8.0,,2.0,4.5,0.5,0.5,,,6.5,,0.5,4.0,0,0,0,0,0,0,0,0,0,0,0,0,0,0,0,0,0,0,0,0,0,0,0,0,0,0,0,0,0,0,0,0,0,0,0,0,0,0,0,0
2021-12-16,,,7.5,2.0,,,,,,,,,,,,,,,,,16.5,,,3.0,,,,,,,,20.0,23.5,,,,,,,,0,0,0,0,0,0,0,0,0,0,0,0,0,0,0,0,0,0,0,0,0,0,0,0,0,0,0,0,0,0,0,0,0,0,0,0,0,0,0,0
2021-12-17,26.5,1.5,0.5,1.0,2.0,2.0,1.5,8.5,5.5,,7.5,13.0,,7.0,,,10.0,4.0,0.0,4.0,5.5,37.5,2.5,2.5,,7.0,6.5,,,14.5,4.0,4.0,23.5,14.0,,,17.5,,8.5,7.5,0,0,0,0,0,0,0,0,0,0,0,0,0,0,0,0,0,0,0,0,0,0,0,0,0,0,0,0,0,0,0,0,0,0,0,0,0,0,0,0
2021-12-18,,,,,,,,,,,,,,,,,,,,,,,,,,,,,,,,,,,,,,,,,0,0,0,0,0,0,0,0,0,0,0,0,0,0,0,0,0,0,0,0,0,0,0,0,0,0,0,0,0,0,0,0,0,0,0,0,0,0,0,0
2021-12-19,,,,,,,,,,,,,,,,,,,,,,,,,,,,,,,,,,,,,,,,,0,0,0,0,0,0,0,0,0,0,0,0,0,0,0,0,0,0,0,0,0,0,0,0,0,0,0,0,0,0,0,0,0,0,0,0,0,0,0,0
2021-12-20,1.5,0.5,0.0,1.0,0.5,1.5,1.5,1.5,0.5,,23.5,4.5,,3.5,0.0,3.5,0.5,0.0,0.0,0.5,1.5,5.0,0.5,3.0,,0.0,1.5,,,1.5,0.5,0.5,1.5,4.0,,1.0,0.0,,5.5,1.0,0,0,0,0,0,0,0,0,0,0,0,0,0,0,0,0,0,0,0,0,0,0,0,0,0,0,0,0,0,0,0,0,0,0,0,0,0,0,0,0
2021-12-21,,,,,,,,,,,,,,,,,,,,,,,,,,,,,,,,,,,,,,,,,0,0,0,0,0,0,0,0,0,0,0,0,0,0,0,0,0,0,0,0,0,0,0,0,0,0,0,0,0,0,0,0,0,0,0,0,0,0,0,0
2021-12-22,,,,,,,,,,,,,,,,,,,,,,,,,,,,,,,,,,,,,,,,,0,0,0,0,0,0,0,0,0,0,0,0,0,0,0,0,0,0,0,0,0,0,0,0,0,0,0,0,0,0,0,0,0,0,0,0,0,0,0,0
2021-12-23,,17.0,31.0,22.5,18.0,0.5,0.0,2.5,72.5,,59.0,0.0,,11.5,,,22.0,60.5,0.0,65.0,42.0,4.0,20.0,23.5,,91.5,46.5,,,1.5,5.0,9.0,60.0,0.0,,22.5,14.0,,10.5,15.0,0,0,0,0,0,0,0,0,0,0,0,0,0,0,0,0,0,0,0,0,0,0,0,0,0,0,0,0,0,0,0,0,0,0,0,0,0,0,0,0
2021-12-24,,,,,,,,,,,,,,,,,,,,,,,,,,,,,,,,,,,,,,,,,0,0,0,0,0,0,0,0,0,0,0,0,0,0,0,0,0,0,0,0,0,0,0,0,0,0,0,0,0,0,0,0,0,0,0,0,0,0,0,0
2021-12-25,,,,,,,,,,,,,,,,,,,,,,,,,,,,,,,,,,,,,,,,,0,0,0,0,0,0,0,0,0,0,0,0,0,0,0,0,0,0,0,0,0,0,0,0,0,0,0,0,0,0,0,0,0,0,0,0,0,0,0,0
2021-12-26,,,,,,,,,,,,,,,,,,,,,,,,,,,,,,,,,,,,,,,,,0,0,0,0,0,0,0,0,0,0,0,0,0,0,0,0,0,0,0,0,0,0,0,0,0,0,0,0,0,0,0,0,0,0,0,0,0,0,0,0
2021-12-27,,,,,,,,,,,,,,,,,,,,,,,,,,,,,,,,,,,,,,,,,0,0,0,0,0,0,0,0,0,0,0,0,0,0,0,0,0,0,0,0,0,0,0,0,0,0,0,0,0,0,0,0,0,0,0,0,0,0,0,0
2021-12-28,,,,,,,,,,,,,,,,,,,,,,,,,,,,,,,,,,,,,,,,,0,0,0,0,0,0,0,0,0,0,0,0,0,0,0,0,0,0,0,0,0,0,0,0,0,0,0,0,0,0,0,0,0,0,0,0,0,0,0,0
2021-12-29,,,,,,,,,,,,,,,,,,,,,,,,,,,,,,,,,,,,,,,,,0,0,0,0,0,0,0,0,0,0,0,0,0,0,0,0,0,0,0,0,0,0,0,0,0,0,0,0,0,0,0,0,0,0,0,0,0,0,0,0
2021-12-30,,,,,,,,,,,,,,,,,,,,,,,,,,,,,,,,,,,,,,,,,0,0,0,0,0,0,0,0,0,0,0,0,0,0,0,0,0,0,0,0,0,0,0,0,0,0,0,0,0,0,0,0,0,0,0,0,0,0,0,0
2021-12-31,,,,,,,,,,,,,,,,,,,,,,,,,,,,,,,,,,,,,,,,,0,0,0,0,0,0,0,0,0,0,0,0,0,0,0,0,0,0,0,0,0,0,0,0,0,0,0,0,0,0,0,0,0,0,0,0,0,0,0,0
2022-01-01,,,,,,,,,,,,,,,,,,,,,,,,,,,,,,,,,,,,,,,,,0,0,0,0,0,0,0,0,0,0,0,0,0,0,0,0,0,0,0,0,0,0,0,0,0,0,0,0,0,0,0,0,0,0,0,0,0,0,0,0
2022-01-02,,,,,,,,,,,,,,,,,,,,,,,,,,,,,,,,,,,,,,,,,0,0,0,0,0,0,0,0,0,0,0,0,0,0,0,0,0,0,0,0,0,0,0,0,0,0,0,0,0,0,0,0,0,0,0,0,0,0,0,0
2022-01-03,,,,,,,,,,,,,,,,,,,,,,,,,,,,,,,,,,,,,,,,,0,0,0,0,0,0,0,0,0,0,0,0,0,0,0,0,0,0,0,0,0,0,0,0,0,0,0,0,0,0,0,0,0,0,0,0,0,0,0,0
2022-01-04,,,,,,,,,,,,,,,,,,,,,,,,,,,,,,,,,,,,,,,,,0,0,0,0,0,0,0,0,0,0,0,0,0,0,0,0,0,0,0,0,0,0,0,0,0,0,0,0,0,0,0,0,0,0,0,0,0,0,0,0
2022-01-05,,23.5,17.5,18.5,24.0,10.0,5.0,8.0,,,9.5,5.5,,18.5,,,23.0,24.5,0.5,23.0,11.5,,22.0,10.0,,20.0,11.5,,,5.0,18.0,15.0,,6.5,,,,,15.0,57.5,0,0,0,0,0,0,0,0,0,0,0,0,0,0,0,0,0,0,0,0,0,0,0,0,0,0,0,0,0,0,0,0,0,0,0,0,0,0,0,0
2022-01-06,,22.5,19.0,11.5,7.0,1.0,2.5,,,,0.5,1.0,,35.0,,,0.5,1.5,0.0,3.5,6.0,,5.0,3.0,,1.0,7.0,,,16.5,18.0,28.0,,,1.5,17.0,1.0,,1.5,0.5,0,0,0,0,0,0,0,0,0,0,0,0,0,0,0,0,0,0,0,0,0,0,0,0,0,0,0,0,0,0,0,0,0,0,0,0,0,0,0,0
2022-01-07,,,8.0,5.0,,8.0,,,,,,,,,,,,,,,,,,,,,,,,,,,,,,,9.0,,,,0,0,0,0,0,0,0,0,0,0,0,0,0,0,0,0,0,0,0,0,0,0,0,0,0,0,0,0,0,0,0,0,0,0,0,0,0,0,0,0
2022-01-08,,,,,,,,,,,,,,,,,,,,,,,,,,,,,,,,,,,,,,,,,0,0,0,0,0,0,0,0,0,0,0,0,0,0,0,0,0,0,0,0,0,0,0,0,0,0,0,0,0,0,0,0,0,0,0,0,0,0,0,0
2022-01-09,,,,,,,,,,,,,,,,,,,,,,,,,,,,,,,,,,,,,,,,,0,0,0,0,0,0,0,0,0,0,0,0,0,0,0,0,0,0,0,0,0,0,0,0,0,0,0,0,0,0,0,0,0,0,0,0,0,0,0,0
2022-01-10,,,,,,,,,,,,,,,,,,,,,,,,,,,,,,,,,,,,,,,,,0,0,0,0,0,0,0,0,0,0,0,0,0,0,0,0,0,0,0,0,0,0,0,0,0,0,0,0,0,0,0,0,0,0,0,0,0,0,0,0
2022-01-11,,,,,,,,,,,,,,,,,,,,,,,,,,,,,,,,,,,,,,,,,0,0,0,0,0,0,0,0,0,0,0,0,0,0,0,0,0,0,0,0,0,0,0,0,0,0,0,0,0,0,0,0,0,0,0,0,0,0,0,0
2022-01-12,,68.5,61.5,26.0,24.0,40.0,45.0,29.0,60.0,19.0,18.0,,116.0,49.5,,,52.0,60.5,2.5,57.0,73.0,,53.0,28.5,,,62.5,55.0,,101.5,35.5,55.5,126.5,20.5,21.0,,71.0,39.5,26.5,35.5,0,0,0,0,0,0,0,0,0,0,0,0,0,0,0,0,0,0,0,0,0,0,0,0,0,0,0,0,0,0,0,0,0,0,0,0,0,0,0,0
2022-01-13,,,,,,,,,,,,,,,,,,,,,,,,,,,,,,,,,,,,,,,,,0,0,0,0,0,0,0,0,0,0,0,0,0,0,0,0,0,0,0,0,0,0,0,0,0,0,0,0,0,0,0,0,0,0,0,0,0,0,0,0
2022-01-14,,,,,,,,,,,,,,,,,,,,,,,,,,,,,,,,,,,,,,,,,0,0,0,0,0,0,0,0,0,0,0,0,0,0,0,0,0,0,0,0,0,0,0,0,0,0,0,0,0,0,0,0,0,0,0,0,0,0,0,0
2022-01-15,,6.0,7.0,1.5,4.0,9.5,9.0,6.0,67.5,,5.0,,,12.0,0.0,,13.5,7.0,7.5,5.5,21.0,16.5,13.0,6.0,,,21.0,8.0,,4.5,,8.0,,2.0,6.0,,13.5,,4.0,9.0,0,0,0,0,0,0,0,0,0,0,0,0,0,0,0,0,0,0,0,0,0,0,0,0,0,0,0,0,0,0,0,0,0,0,0,0,0,0,0,0
2022-01-16,,,,,,,,,,,,,,,,,,,,,,,,,,,,,,,,,,,,,,,,,0,0,0,0,0,0,0,0,0,0,0,0,0,0,0,0,0,0,0,0,0,0,0,0,0,0,0,0,0,0,0,0,0,0,0,0,0,0,0,0
2022-01-17,,,,,,,,,,,,,,,,,,,,,,,,,,,,,,,,,,,,,,,,,0,0,0,0,0,0,0,0,0,0,0,0,0,0,0,0,0,0,0,0,0,0,0,0,0,0,0,0,0,0,0,0,0,0,0,0,0,0,0,0
2022-01-18,,39.0,31.0,50.0,46.5,63.5,66.0,56.5,37.0,,25.0,53.0,,69.5,37.0,27.0,35.0,40.5,82.0,41.5,89.0,,34.5,42.0,,60.5,83.0,74.0,,52.5,,61.0,,49.5,38.0,,38.5,33.5,33.0,33.5,0,0,0,0,0,0,0,0,0,0,0,0,0,0,0,0,0,0,0,0,0,0,0,0,0,0,0,0,0,0,0,0,0,0,0,0,0,0,0,0
2022-01-19,,,,,,,,,,,,,,,,,,,,,,,,,,,,,,,,,,,,,,,,,0,0,0,0,0,0,0,0,0,0,0,0,0,0,0,0,0,0,0,0,0,0,0,0,0,0,0,0,0,0,0,0,0,0,0,0,0,0,0,0
2022-01-20,,,,,,,,,,,,,,,,,,,,,,,,,,,,,,,,,,,,,,,,,0,0,0,0,0,0,0,0,0,0,0,0,0,0,0,0,0,0,0,0,0,0,0,0,0,0,0,0,0,0,0,0,0,0,0,0,0,0,0,0
2022-01-21,,,,,,,,,,,,,,,,,,,,,,,,,,,,,,,,,,,,,,,,,0,0,0,0,0,0,0,0,0,0,0,0,0,0,0,0,0,0,0,0,0,0,0,0,0,0,0,0,0,0,0,0,0,0,0,0,0,0,0,0
2022-01-22,,,,,,,,,,,,,,,,,,,,,,,,,,,,,,,,,,,,,,,,,0,0,0,0,0,0,0,0,0,0,0,0,0,0,0,0,0,0,0,0,0,0,0,0,0,0,0,0,0,0,0,0,0,0,0,0,0,0,0,0
2022-01-23,,,,,,,,,,,,,,,,,,,,,,,,,,,,,,,,,,,,,,,,,0,0,0,0,0,0,0,0,0,0,0,0,0,0,0,0,0,0,0,0,0,0,0,0,0,0,0,0,0,0,0,0,0,0,0,0,0,0,0,0
2022-01-24,,,,,,,,,,,,,,,,,,,,,,,,,,,,,,,,,,,,,,,,,0,0,0,0,0,0,0,0,0,0,0,0,0,0,0,0,0,0,0,0,0,0,0,0,0,0,0,0,0,0,0,0,0,0,0,0,0,0,0,0
2022-01-25,,,,,,,,,,,,,,,,,,,,,,,,,,,,,,,,,,,,,,,,,0,0,0,0,0,0,0,0,0,0,0,0,0,0,0,0,0,0,0,0,0,0,0,0,0,0,0,0,0,0,0,0,0,0,0,0,0,0,0,0
2022-01-26,,,,,,,,,,,,,,,,,,,,,,,,,,,,,,,,,,,,,,,,,0,0,0,0,0,0,0,0,0,0,0,0,0,0,0,0,0,0,0,0,0,0,0,0,0,0,0,0,0,0,0,0,0,0,0,0,0,0,0,0
2022-01-27,,,,,,,,,,,,,,,,,,,,,,,,,,,,,,,,,,,,,,,,,0,0,0,0,0,0,0,0,0,0,0,0,0,0,0,0,0,0,0,0,0,0,0,0,0,0,0,0,0,0,0,0,0,0,0,0,0,0,0,0
2022-01-28,,0.0,0.0,0.0,0.0,0.0,0.0,0.5,0.0,,1.0,1.0,0.0,0.0,,0.0,0.0,0.0,0.0,0.0,0.0,,0.0,0.5,,0.0,0.0,0.0,0.0,0.0,0.0,0.0,0.0,4.5,0.5,,0.0,0.0,0.5,0.0,0,0,0,0,0,0,0,0,0,0,0,0,0,0,0,0,0,0,0,0,0,0,0,0,0,0,0,0,0,0,0,0,0,0,0,0,0,0,0,0
2022-01-29,,,,,,,,,,,,,,,,,,,,,,,,,,,,,,,,,,,,,,,,,0,0,0,0,0,0,0,0,0,0,0,0,0,0,0,0,0,0,0,0,0,0,0,0,0,0,0,0,0,0,0,0,0,0,0,0,0,0,0,0
2022-01-30,,,0.0,0.0,0.0,0.0,,,,,0.0,,,,,0.0,0.0,,,0.0,,,0.0,0.0,,0.0,0.0,,0.0,0.0,0.0,0.0,0.0,0.0,,,,,,0.0,0,0,0,0,0,0,0,0,0,0,0,0,0,0,0,0,0,0,0,0,0,0,0,0,0,0,0,0,0,0,0,0,0,0,0,0,0,0,0,0
2022-01-31,,,,,,,,,,,,,,,,,,,,,,,,,,,,,,,,,,,,,,,,,0,0,0,0,0,0,0,0,0,0,0,0,0,0,0,0,0,0,0,0,0,0,0,0,0,0,0,0,0,0,0,0,0,0,0,0,0,0,0,0
2022-02-01,,,,,,,,,,,,,,,,,,,,,,,,,,,,,,,,,,,,,,,,,0,0,0,0,0,0,0,0,0,0,0,0,0,0,0,0,0,0,0,0,0,0,0,0,0,0,0,0,0,0,0,0,0,0,0,0,0,0,0,0
2022-02-02,,,,,,,,,,,,,,,,,,,,,,,,,,,,,,,,,,,,,,,,,0,0,0,0,0,0,0,0,0,0,0,0,0,0,0,0,0,0,0,0,0,0,0,0,0,0,0,0,0,0,0,0,0,0,0,0,0,0,0,0
2022-02-03,,0.5,0.0,0.0,0.0,2.5,1.0,0.5,12.5,,6.0,0.0,18.5,0.0,,0.0,0.0,0.5,1.0,0.0,0.0,5.0,0.0,3.5,,0.0,0.5,23.0,0.0,9.5,0.0,5.5,3.0,0.0,2.0,,21.0,0.0,4.0,0.0,0,0,0,0,0,0,0,0,0,0,0,0,0,0,0,0,0,0,0,0,0,0,0,0,0,0,0,0,0,0,0,0,0,0,0,0,0,0,0,0
2022-02-04,,,,,,,,,,,,,,,,,,,,,,,,,,,,,,,,,,,,,,,,,0,0,0,0,0,0,0,0,0,0,0,0,0,0,0,0,0,0,0,0,0,0,0,0,0,0,0,0,0,0,0,0,0,0,0,0,0,0,0,0
2022-02-05,,,,,,,,,,,,,,,,,,,,,,,,,,,,,,,,,,,,,,,,,0,0,0,0,0,0,0,0,0,0,0,0,0,0,0,0,0,0,0,0,0,0,0,0,0,0,0,0,0,0,0,0,0,0,0,0,0,0,0,0
2022-02-06,,19.0,42.5,4.5,7.5,51.5,54.5,9.5,1.5,,11.5,55.0,8.5,21.5,,15.0,13.5,6.0,26.5,8.0,,8.5,15.0,3.0,,,32.5,6.0,9.0,5.5,30.0,21.0,27.0,61.0,,,1.5,3.5,16.5,13.5,0,0,0,0,0,0,0,0,0,0,0,0,0,0,0,0,0,0,0,0,0,0,0,0,0,0,0,0,0,0,0,0,0,0,0,0,0,0,0,0
2022-02-07,,,14.5,11.0,,5.5,,4.5,10.5,,,,,,,,,,,,,,24.0,4.0,,,,,3.0,,22.5,35.0,,2.0,,,,,,,0,0,0,0,0,0,0,0,0,0,0,0,0,0,0,0,0,0,0,0,0,0,0,0,0,0,0,0,0,0,0,0,0,0,0,0,0,0,0,0
2022-02-08,,,6.5,1.5,,23.0,,,,11.5,,,,0.5,,,9.5,,,6.0,,0.0,,2.0,,,4.5,,0.0,,6.5,26.5,12.5,11.0,,,,,,,0,0,0,0,0,0,0,0,0,0,0,0,0,0,0,0,0,0,0,0,0,0,0,0,0,0,0,0,0,0,0,0,0,0,0,0,0,0,0,0
2022-02-09,,18.5,28.5,12.5,20.5,17.0,17.0,21.0,32.5,25.0,26.5,63.5,21.5,54.5,,15.0,35.0,28.5,26.0,24.5,,86.0,31.0,25.0,,24.0,21.0,21.5,36.5,47.5,11.0,19.5,26.5,,,,22.5,18.0,22.0,13.0,0,0,0,0,0,0,0,0,0,0,0,0,0,0,0,0,0,0,0,0,0,0,0,0,0,0,0,0,0,0,0,0,0,0,0,0,0,0,0,0
2022-02-10,,,29.0,26.5,,,,68.5,,,,,,,,,,,,,,,,,,,,,,,,,,,,,,,,,0,0,0,0,0,0,0,0,0,0,0,0,0,0,0,0,0,0,0,0,0,0,0,0,0,0,0,0,0,0,0,0,0,0,0,0,0,0,0,0
2022-02-11,,,,,,,,,,,,,,,,,,,,,,,,,,,,,,,,,,,,,,,,,0,0,0,0,0,0,0,0,0,0,0,0,0,0,0,0,0,0,0,0,0,0,0,0,0,0,0,0,0,0,0,0,0,0,0,0,0,0,0,0
2022-02-12,,,,,,,,,,,,,,,,,,,,,,,,,,,,,,,,,,,,,,,,,0,0,0,0,0,0,0,0,0,0,0,0,0,0,0,0,0,0,0,0,0,0,0,0,0,0,0,0,0,0,0,0,0,0,0,0,0,0,0,0
2022-02-13,,,,,,,,,,,,,,,,,,,,,,,,,,,,,,,,,,,,,,,,,0,0,0,0,0,0,0,0,0,0,0,0,0,0,0,0,0,0,0,0,0,0,0,0,0,0,0,0,0,0,0,0,0,0,0,0,0,0,0,0
2022-02-14,,,,,,,,,,,,,,,,,,,,,,,,,,,,,,,,,,,,,,,,,0,0,0,0,0,0,0,0,0,0,0,0,0,0,0,0,0,0,0,0,0,0,0,0,0,0,0,0,0,0,0,0,0,0,0,0,0,0,0,0
2022-02-15,,,,,,,,,,,,,,,,,,,,,,,,,,,,,,,,,,,,,,,,,0,0,0,0,0,0,0,0,0,0,0,0,0,0,0,0,0,0,0,0,0,0,0,0,0,0,0,0,0,0,0,0,0,0,0,0,0,0,0,0
2022-02-16,,,,,,,,,,,,,,,,,,,,,,,,,,,,,,,,,,,,,,,,,0,0,0,0,0,0,0,0,0,0,0,0,0,0,0,0,0,0,0,0,0,0,0,0,0,0,0,0,0,0,0,0,0,0,0,0,0,0,0,0
2022-02-17,,,,,,,,,,,,,,,,,,,,,,,,,,,,,,,,,,,,,,,,,0,0,0,0,0,0,0,0,0,0,0,0,0,0,0,0,0,0,0,0,0,0,0,0,0,0,0,0,0,0,0,0,0,0,0,0,0,0,0,0
2022-02-18,,,,,,,,,,,,,,,,,,,,,,,,,,,,,,,,,,,,,,,,,0,0,0,0,0,0,0,0,0,0,0,0,0,0,0,0,0,0,0,0,0,0,0,0,0,0,0,0,0,0,0,0,0,0,0,0,0,0,0,0
2022-02-19,,,,,,,,,,,,,,,,,,,,,,,,,,,,,,,,,,,,,,,,,0,0,0,0,0,0,0,0,0,0,0,0,0,0,0,0,0,0,0,0,0,0,0,0,0,0,0,0,0,0,0,0,0,0,0,0,0,0,0,0
2022-02-20,,,,,,,,,,,,,,,,,,,,,,,,,,,,,,,,,,,,,,,,,0,0,0,0,0,0,0,0,0,0,0,0,0,0,0,0,0,0,0,0,0,0,0,0,0,0,0,0,0,0,0,0,0,0,0,0,0,0,0,0
2022-02-21,,,,,,,,,,,,,,,,,,,,,,,,,,,,,,,,,,,,,,,,,0,0,0,0,0,0,0,0,0,0,0,0,0,0,0,0,0,0,0,0,0,0,0,0,0,0,0,0,0,0,0,0,0,0,0,0,0,0,0,0
2022-02-22,,,,,,,,,,,,,,,,,,,,,,,,,,,,,,,,,,,,,,,,,0,0,0,0,0,0,0,0,0,0,0,0,0,0,0,0,0,0,0,0,0,0,0,0,0,0,0,0,0,0,0,0,0,0,0,0,0,0,0,0
2022-02-23,,,,,,,,,,,,,,,,,,,,,,,,,,,,,,,,,,,,,,,,,0,0,0,0,0,0,0,0,0,0,0,0,0,0,0,0,0,0,0,0,0,0,0,0,0,0,0,0,0,0,0,0,0,0,0,0,0,0,0,0
2022-02-24,,,,,,,,,,,,,,,,,,,,,,,,,,,,,,,,,,,,,,,,,0,0,0,0,0,0,0,0,0,0,0,0,0,0,0,0,0,0,0,0,0,0,0,0,0,0,0,0,0,0,0,0,0,0,0,0,0,0,0,0
2022-02-25,,13.0,1.0,3.0,1.0,0.0,0.5,0.5,23.0,4.5,0.0,0.0,1.5,0.0,,13.0,4.5,2.5,0.0,3.0,0.0,,23.0,0.5,,1.5,0.0,,11.0,0.0,0.5,0.5,0.0,0.5,,,43.0,6.0,0.0,63.5,0,0,0,0,0,0,0,0,0,0,0,0,0,0,0,0,0,0,0,0,0,0,0,0,0,0,0,0,0,0,0,0,0,0,0,0,0,0,0,0
2022-02-26,,2.5,2.0,0.0,0.0,0.0,0.0,0.0,2.5,0.0,0.0,0.0,0.0,0.0,,0.5,1.0,0.5,0.0,0.5,0.0,0.5,1.0,0.5,,0.5,0.0,,0.0,0.0,0.0,1.5,0.0,0.0,0.0,,5.5,0.5,0.0,1.0,0,0,0,0,0,0,0,0,0,0,0,0,0,0,0,0,0,0,0,0,0,0,0,0,0,0,0,0,0,0,0,0,0,0,0,0,0,0,0,0
2022-02-27,,,,,,,,,,,,,,,,,,,,,,,,,,,,,,,,,,,,,,,,,0,0,0,0,0,0,0,0,0,0,0,0,0,0,0,0,0,0,0,0,0,0,0,0,0,0,0,0,0,0,0,0,0,0,0,0,0,0,0,0
2022-02-28,,,,,,,,,,,,,,,,,,,,,,,,,,,,,,,,,,,,,,,,,0,0,0,0,0,0,0,0,0,0,0,0,0,0,0,0,0,0,0,0,0,0,0,0,0,0,0,0,0,0,0,0,0,0,0,0,0,0,0,0
2022-03-01,,,,,,,,,,,,,,,,,,,,,,,,,,,,,,,,,,,,,,,,,0,0,0,0,0,0,0,0,0,0,0,0,0,0,0,0,0,0,0,0,0,0,0,0,0,0,0,0,0,0,0,0,0,0,0,0,0,0,0,0
2022-03-02,,,,,,,,,,,,,,,,,,,,,,,,,,,,,,,,,,,,,,,,,0,0,0,0,0,0,0,0,0,0,0,0,0,0,0,0,0,0,0,0,0,0,0,0,0,0,0,0,0,0,0,0,0,0,0,0,0,0,0,0
2022-03-03,,,,,,,,,,,,,,,,,,,,,,,,,,,,,,,,,,,,,,,,,0,0,0,0,0,0,0,0,0,0,0,0,0,0,0,0,0,0,0,0,0,0,0,0,0,0,0,0,0,0,0,0,0,0,0,0,0,0,0,0
2022-03-04,,,,,,,,,,,,,,,,,,,,,,,,,,,,,,,,,,,,,,,,,0,0,0,0,0,0,0,0,0,0,0,0,0,0,0,0,0,0,0,0,0,0,0,0,0,0,0,0,0,0,0,0,0,0,0,0,0,0,0,0
2022-03-05,,,,,,,,,,,,,,,,,,,,,,,,,,,,,,,,,,,,,,,,,0,0,0,0,0,0,0,0,0,0,0,0,0,0,0,0,0,0,0,0,0,0,0,0,0,0,0,0,0,0,0,0,0,0,0,0,0,0,0,0
2022-03-06,,,,,,,,,,,,,,,,,,,,,,,,,,,,,,,,,,,,,,,,,0,0,0,0,0,0,0,0,0,0,0,0,0,0,0,0,0,0,0,0,0,0,0,0,0,0,0,0,0,0,0,0,0,0,0,0,0,0,0,0
2022-03-07,,1.0,0.5,0.0,0.0,0.5,0.0,0.0,1.0,,0.5,0.0,0.5,0.0,1.0,0.5,1.0,0.5,1.0,0.5,1.0,0.5,1.0,0.5,,1.0,0.5,0.5,0.5,1.0,0.0,1.0,0.5,0.0,0.5,1.0,1.0,1.0,0.5,1.0,0,0,0,0,0,0,0,0,0,0,0,0,0,0,0,0,0,0,0,0,0,0,0,0,0,0,0,0,0,0,0,0,0,0,0,0,0,0,0,0
2022-03-08,,,,,,,,,,,,,,,,,,,,,,,,,,,,,,,,,,,,,,,,,0,0,0,0,0,0,0,0,0,0,0,0,0,0,0,0,0,0,0,0,0,0,0,0,0,0,0,0,0,0,0,0,0,0,0,0,0,0,0,0
2022-03-09,,,,,,,,,,,,,,,,,,,,,,,,,,,,,,,,,,,,,,,,,0,0,0,0,0,0,0,0,0,0,0,0,0,0,0,0,0,0,0,0,0,0,0,0,0,0,0,0,0,0,0,0,0,0,0,0,0,0,0,0
2022-03-10,,,,,,,,,,,,,,,,,,,,,,,,,,,,,,,,,,,,,,,,,0,0,0,0,0,0,0,0,0,0,0,0,0,0,0,0,0,0,0,0,0,0,0,0,0,0,0,0,0,0,0,0,0,0,0,0,0,0,0,0
2022-03-11,,,,,,,,,,,,,,,,,,,,,,,,,,,,,,,,,,,,,,,,,0,0,0,0,0,0,0,0,0,0,0,0,0,0,0,0,0,0,0,0,0,0,0,0,0,0,0,0,0,0,0,0,0,0,0,0,0,0,0,0
2022-03-12,,,,,,,,,,,,,,,,,,,,,,,,,,,,,,,,,,,,,,,,,0,0,0,0,0,0,0,0,0,0,0,0,0,0,0,0,0,0,0,0,0,0,0,0,0,0,0,0,0,0,0,0,0,0,0,0,0,0,0,0
2022-03-13,,,,,,,,,,,,,,,,,,,,,,,,,,,,,,,,,,,,,,,,,0,0,0,0,0,0,0,0,0,0,0,0,0,0,0,0,0,0,0,0,0,0,0,0,0,0,0,0,0,0,0,0,0,0,0,0,0,0,0,0
2022-03-14,,,,,,,,,,,,,,,,,,,,,,,,,,,,,,,,,,,,,,,,,0,0,0,0,0,0,0,0,0,0,0,0,0,0,0,0,0,0,0,0,0,0,0,0,0,0,0,0,0,0,0,0,0,0,0,0,0,0,0,0
2022-03-15,,,,,,,,,,,,,,,,,,,,,,,,,,,,,,,,,,,,,,,,,0,0,0,0,0,0,0,0,0,0,0,0,0,0,0,0,0,0,0,0,0,0,0,0,0,0,0,0,0,0,0,0,0,0,0,0,0,0,0,0
2022-03-16,,,,,,,,,,,,,,,,,,,,,,,,,,,,,,,,,,,,,,,,,0,0,0,0,0,0,0,0,0,0,0,0,0,0,0,0,0,0,0,0,0,0,0,0,0,0,0,0,0,0,0,0,0,0,0,0,0,0,0,0
2022-03-17,,,,,,,,,,,,,,,,,,,,,,,,,,,,,,,,,,,,,,,,,0,0,0,0,0,0,0,0,0,0,0,0,0,0,0,0,0,0,0,0,0,0,0,0,0,0,0,0,0,0,0,0,0,0,0,0,0,0,0,0
2022-03-18,,,,,,,,,,,,,,,,,,,,,,,,,,,,,,,,,,,,,,,,,0,0,0,0,0,0,0,0,0,0,0,0,0,0,0,0,0,0,0,0,0,0,0,0,0,0,0,0,0,0,0,0,0,0,0,0,0,0,0,0
2022-03-19,,,,,,,,,,,,,,,,,,,,,,,,,,,,,,,,,,,,,,,,,0,0,0,0,0,0,0,0,0,0,0,0,0,0,0,0,0,0,0,0,0,0,0,0,0,0,0,0,0,0,0,0,0,0,0,0,0,0,0,0
2022-03-20,,,,,,,,,,,,,,,,,,,,,,,,,,,,,,,,,,,,,,,,,0,0,0,0,0,0,0,0,0,0,0,0,0,0,0,0,0,0,0,0,0,0,0,0,0,0,0,0,0,0,0,0,0,0,0,0,0,0,0,0
2022-03-21,,,,,,,,,,,,,,,,,,,,,,,,,,,,,,,,,,,,,,,,,0,0,0,0,0,0,0,0,0,0,0,0,0,0,0,0,0,0,0,0,0,0,0,0,0,0,0,0,0,0,0,0,0,0,0,0,0,0,0,0
2022-03-22,,,,,,,,,,,,,,,,,,,,,,,,,,,,,,,,,,,,,,,,,0,0,0,0,0,0,0,0,0,0,0,0,0,0,0,0,0,0,0,0,0,0,0,0,0,0,0,0,0,0,0,0,0,0,0,0,0,0,0,0
2022-03-23,,,,,,,,,,,,,,,,,,,,,,,,,,,,,,,,,,,,,,,,,0,0,0,0,0,0,0,0,0,0,0,0,0,0,0,0,0,0,0,0,0,0,0,0,0,0,0,0,0,0,0,0,0,0,0,0,0,0,0,0
2022-03-24,,,,,,,,,,,,,,,,,,,,,,,,,,,,,,,,,,,,,,,,,0,0,0,0,0,0,0,0,0,0,0,0,0,0,0,0,0,0,0,0,0,0,0,0,0,0,0,0,0,0,0,0,0,0,0,0,0,0,0,0
2022-03-25,,,,,,,,,,,,,,,,,,,,,,,,,,,,,,,,,,,,,,,,,0,0,0,0,0,0,0,0,0,0,0,0,0,0,0,0,0,0,0,0,0,0,0,0,0,0,0,0,0,0,0,0,0,0,0,0,0,0,0,0
2022-03-26,,,,,,,,,,,,,,,,,,,,,,,,,,,,,,,,,,,,,,,,,0,0,0,0,0,0,0,0,0,0,0,0,0,0,0,0,0,0,0,0,0,0,0,0,0,0,0,0,0,0,0,0,0,0,0,0,0,0,0,0
2022-03-27,,,,,,,,,,,,,,,,,,,,,,,,,,,,,,,,,,,,,,,,,0,0,0,0,0,0,0,0,0,0,0,0,0,0,0,0,0,0,0,0,0,0,0,0,0,0,0,0,0,0,0,0,0,0,0,0,0,0,0,0
2022-03-28,,,,,,,,,,,,,,,,,,,,,,,,,,,,,,,,,,,,,,,,,0,0,0,0,0,0,0,0,0,0,0,0,0,0,0,0,0,0,0,0,0,0,0,0,0,0,0,0,0,0,0,0,0,0,0,0,0,0,0,0
2022-03-29,,,,,,,,,,,,,,,,,,,,,,,,,,,,,,,,,,,,,,,,,0,0,0,0,0,0,0,0,0,0,0,0,0,0,0,0,0,0,0,0,0,0,0,0,0,0,0,0,0,0,0,0,0,0,0,0,0,0,0,0
2022-03-30,,,,,,,,,,,,,,,,,,,,,,,,,,,,,,,,,,,,,,,,,0,0,0,0,0,0,0,0,0,0,0,0,0,0,0,0,0,0,0,0,0,0,0,0,0,0,0,0,0,0,0,0,0,0,0,0,0,0,0,0
2022-03-31,,,,,,,,,,,,,,,,,,,,,,,,,,,,,,,,,,,,,,,,,0,0,0,0,0,0,0,0,0,0,0,0,0,0,0,0,0,0,0,0,0,0,0,0,0,0,0,0,0,0,0,0,0,0,0,0,0,0,0,0
2022-04-01,,,,,,,,,,,,,,,,,,,,,,,,,,,,,,,,,,,,,,,,,0,0,0,0,0,0,0,0,0,0,0,0,0,0,0,0,0,0,0,0,0,0,0,0,0,0,0,0,0,0,0,0,0,0,0,0,0,0,0,0
2022-04-02,,,,,,,,,,,,,,,,,,,,,,,,,,,,,,,,,,,,,,,,,0,0,0,0,0,0,0,0,0,0,0,0,0,0,0,0,0,0,0,0,0,0,0,0,0,0,0,0,0,0,0,0,0,0,0,0,0,0,0,0
2022-04-03,,,,,,,,,,,,,,,,,,,,,,,,,,,,,,,,,,,,,,,,,0,0,0,0,0,0,0,0,0,0,0,0,0,0,0,0,0,0,0,0,0,0,0,0,0,0,0,0,0,0,0,0,0,0,0,0,0,0,0,0
2022-04-04,,,,,,,,,,,,,,,,,,,,,,,,,,,,,,,,,,,,,,,,,0,0,0,0,0,0,0,0,0,0,0,0,0,0,0,0,0,0,0,0,0,0,0,0,0,0,0,0,0,0,0,0,0,0,0,0,0,0,0,0
2022-04-05,,,,,,,,,,,,,,,,,,,,,,,,,,,,,,,,,,,,,,,,,0,0,0,0,0,0,0,0,0,0,0,0,0,0,0,0,0,0,0,0,0,0,0,0,0,0,0,0,0,0,0,0,0,0,0,0,0,0,0,0
2022-04-06,,,,,,,,,,,,,,,,,,,,,,,,,,,,,,,,,,,,,,,,,0,0,0,0,0,0,0,0,0,0,0,0,0,0,0,0,0,0,0,0,0,0,0,0,0,0,0,0,0,0,0,0,0,0,0,0,0,0,0,0
2022-04-07,,43.0,46.0,15.0,25.5,36.5,36.5,22.0,37.5,10.0,17.5,59.0,40.0,25.0,39.5,15.0,34.5,23.5,39.5,22.5,59.0,,33.5,18.0,62.0,45.0,56.0,,4.0,37.5,,51.0,41.0,59.0,13.5,36.0,25.0,22.0,16.0,,0,0,0,0,0,0,0,0,0,0,0,0,0,0,0,0,0,0,0,0,0,0,0,0,0,0,0,0,0,0,0,0,0,0,0,0,0,0,0,0
2022-04-08,,,,,,,,,,,,,,,,,,,,,,,,,,,,,,,,,,,,,,,,,0,0,0,0,0,0,0,0,0,0,0,0,0,0,0,0,0,0,0,0,0,0,0,0,0,0,0,0,0,0,0,0,0,0,0,0,0,0,0,0
2022-04-09,,,,,,,,,,,,,,,,,,,,,,,,,,,,,,,,,,,,,,,,,0,0,0,0,0,0,0,0,0,0,0,0,0,0,0,0,0,0,0,0,0,0,0,0,0,0,0,0,0,0,0,0,0,0,0,0,0,0,0,0
2022-04-10,,,,,,,,,,,,,,,,,,,,,,,,,,,,,,,,,,,,,,,,,0,0,0,0,0,0,0,0,0,0,0,0,0,0,0,0,0,0,0,0,0,0,0,0,0,0,0,0,0,0,0,0,0,0,0,0,0,0,0,0
2022-04-11,,,,,,,,,,,,,,,,,,,,,,,,,,,,,,,,,,,,,,,,,0,0,0,0,0,0,0,0,0,0,0,0,0,0,0,0,0,0,0,0,0,0,0,0,0,0,0,0,0,0,0,0,0,0,0,0,0,0,0,0
2022-04-12,,,,,,,,,,,,,,,,,,,,,,,,,,,,,,,,,,,,,,,,,0,0,0,0,0,0,0,0,0,0,0,0,0,0,0,0,0,0,0,0,0,0,0,0,0,0,0,0,0,0,0,0,0,0,0,0,0,0,0,0
2022-04-13,,,,,,,,,,,,,,,,,,,,,,,,,,,,,,,,,,,,,,,,,0,0,0,0,0,0,0,0,0,0,0,0,0,0,0,0,0,0,0,0,0,0,0,0,0,0,0,0,0,0,0,0,0,0,0,0,0,0,0,0
2022-04-14,,0.0,0.0,0.0,0.5,0.0,0.0,8.0,1.5,,2.5,0.0,0.0,0.0,,,0.5,0.0,0.0,0.0,,25.0,,12.5,2.5,0.0,0.0,,33.5,7.5,,0.0,2.0,0.0,6.5,,0.0,0.0,5.0,,0,0,0,0,0,0,0,0,0,0,0,0,0,0,0,0,0,0,0,0,0,0,0,0,0,0,0,0,0,0,0,0,0,0,0,0,0,0,0,0
2022-04-15,,,,,,,,,,,,,,,,,,,,,,,,,,,,,,,,,,,,,,,,,0,0,0,0,0,0,0,0,0,0,0,0,0,0,0,0,0,0,0,0,0,0,0,0,0,0,0,0,0,0,0,0,0,0,0,0,0,0,0,0
2022-04-16,,0.0,6.5,0.5,4.0,0.0,0.0,0.0,2.0,20.0,9.5,2.0,13.5,1.5,,,0.5,0.0,0.5,0.0,0.5,,12.5,19.5,9.0,0.0,1.0,,17.5,0.0,,1.5,6.0,2.5,4.5,,0.0,,16.0,,0,0,0,0,0,0,0,0,0,0,0,0,0,0,0,0,0,0,0,0,0,0,0,0,0,0,0,0,0,0,0,0,0,0,0,0,0,0,0,0
2022-04-17,,,,,,,,,,,,,,,,,,,,,,,,,,,,,,,,,,,,,,,,,0,0,0,0,0,0,0,0,0,0,0,0,0,0,0,0,0,0,0,0,0,0,0,0,0,0,0,0,0,0,0,0,0,0,0,0,0,0,0,0
2022-04-18,,,,,,,,,,,,,,,,,,,,,,,,,,,,,,,,,,,,,,,,,0,0,0,0,0,0,0,0,0,0,0,0,0,0,0,0,0,0,0,0,0,0,0,0,0,0,0,0,0,0,0,0,0,0,0,0,0,0,0,0
2022-04-19,,,,,,,,,,,,,,,,,,,,,,,,,,,,,,,,,,,,,,,,,0,0,0,0,0,0,0,0,0,0,0,0,0,0,0,0,0,0,0,0,0,0,0,0,0,0,0,0,0,0,0,0,0,0,0,0,0,0,0,0
2022-04-20,,,0.0,,,0.0,,,,,,,,,,,,,0.0,,,,,0.0,,,,,0.0,,,0.5,,0.0,,,,,,,0,0,0,0,0,0,0,0,0,0,0,0,0,0,0,0,0,0,0,0,0,0,0,0,0,0,0,0,0,0,0,0,0,0,0,0,0,0,0,0
2022-04-21,,0.5,2.5,0.0,9.5,20.0,17.0,9.5,0.5,,49.5,50.0,6.5,2.5,18.5,,0.0,0.0,0.0,1.0,8.5,5.5,,30.0,0.0,0.5,13.5,0.0,5.0,0.0,,0.0,1.0,,27.5,,5.0,,18.5,,0,0,0,0,0,0,0,0,0,0,0,0,0,0,0,0,0,0,0,0,0,0,0,0,0,0,0,0,0,0,0,0,0,0,0,0,0,0,0,0
2022-04-22,,,,,,,,,,,,,,,,,,,,,,,,,,,,,,,,,,,,,,,,,0,0,0,0,0,0,0,0,0,0,0,0,0,0,0,0,0,0,0,0,0,0,0,0,0,0,0,0,0,0,0,0,0,0,0,0,0,0,0,0
2022-04-23,,,,,,,,,,,,,,,,,,,,,,,,,,,,,,,,,,,,,,,,,0,0,0,0,0,0,0,0,0,0,0,0,0,0,0,0,0,0,0,0,0,0,0,0,0,0,0,0,0,0,0,0,0,0,0,0,0,0,0,0
2022-04-24,,,,,,,,,,,,,,,,,,,,,,,,,,,,,,,,,,,,,,,,,0,0,0,0,0,0,0,0,0,0,0,0,0,0,0,0,0,0,0,0,0,0,0,0,0,0,0,0,0,0,0,0,0,0,0,0,0,0,0,0
2022-04-25,,,,,,,,,,,,,,,,,,,,,,,,,,,,,,,,,,,,,,,,,0,0,0,0,0,0,0,0,0,0,0,0,0,0,0,0,0,0,0,0,0,0,0,0,0,0,0,0,0,0,0,0,0,0,0,0,0,0,0,0
2022-04-26,,,0.5,8.0,2.0,55.5,60.5,48.0,11.5,19.0,44.0,29.0,8.5,16.5,,,0.5,1.0,,2.5,9.0,14.0,0.0,12.0,13.0,1.5,8.5,3.5,35.0,8.0,,2.0,19.0,,9.0,,0.5,,64.5,,0,0,0,0,0,0,0,0,0,0,0,0,0,0,0,0,0,0,0,0,0,0,0,0,0,0,0,0,0,0,0,0,0,0,0,0,0,0,0,0
2022-04-27,,,,,,,,,,,,,,,,,,,,,,,,,,,,,,,,,,,,,,,,,0,0,0,0,0,0,0,0,0,0,0,0,0,0,0,0,0,0,0,0,0,0,0,0,0,0,0,0,0,0,0,0,0,0,0,0,0,0,0,0
2022-04-28,,,,,,,,,,,,,,,,,,,,,,,,,,,,,,,,,,,,,,,,,0,0,0,0,0,0,0,0,0,0,0,0,0,0,0,0,0,0,0,0,0,0,0,0,0,0,0,0,0,0,0,0,0,0,0,0,0,0,0,0
2022-04-29,,,,,,,,,,,,,,,,,,,,,,,,,,,,,,,,,,,,,,,,,0,0,0,0,0,0,0,0,0,0,0,0,0,0,0,0,0,0,0,0,0,0,0,0,0,0,0,0,0,0,0,0,0,0,0,0,0,0,0,0
2022-04-30,,,,,,,,,,,,,,,,,,,,,,,,,,,,,,,,,,,,,,,,,0,0,0,0,0,0,0,0,0,0,0,0,0,0,0,0,0,0,0,0,0,0,0,0,0,0,0,0,0,0,0,0,0,0,0,0,0,0,0,0
2022-05-01,,,,,,,,,,,,,,,,,,,,,,,,,,,,,,,,,,,,,,,,,0,0,0,0,0,0,0,0,0,0,0,0,0,0,0,0,0,0,0,0,0,0,0,0,0,0,0,0,0,0,0,0,0,0,0,0,0,0,0,0
2022-05-02,,,,,,,,,,,,,,,,,,,,,,,,,,,,,,,,,,,,,,,,,0,0,0,0,0,0,0,0,0,0,0,0,0,0,0,0,0,0,0,0,0,0,0,0,0,0,0,0,0,0,0,0,0,0,0,0,0,0,0,0
2022-05-03,,,,,,,,,,,,,,,,,,,,,,,,,,,,,,,,,,,,,,,,,0,0,0,0,0,0,0,0,0,0,0,0,0,0,0,0,0,0,0,0,0,0,0,0,0,0,0,0,0,0,0,0,0,0,0,0,0,0,0,0
2022-05-04,,,,,,,,,,,,,,,,,,,,,,,,,,,,,,,,,,,,,,,,,0,0,0,0,0,0,0,0,0,0,0,0,0,0,0,0,0,0,0,0,0,0,0,0,0,0,0,0,0,0,0,0,0,0,0,0,0,0,0,0
2022-05-05,,,0.0,8.0,3.0,3.0,1.5,3.0,6.0,3.0,6.0,24.5,2.0,0.0,,,0.0,0.5,3.5,1.0,1.5,,0.0,4.5,,2.5,2.5,,1.0,6.5,0.5,1.0,,31.5,12.5,1.0,4.0,1.0,2.0,,0,0,0,0,0,0,0,0,0,0,0,0,0,0,0,0,0,0,0,0,0,0,0,0,0,0,0,0,0,0,0,0,0,0,0,0,0,0,0,0
2022-05-06,,,,,,,,,,,,,,,,,,,,,,,,,,,,,,,,,,,,,,,,,0,0,0,0,0,0,0,0,0,0,0,0,0,0,0,0,0,0,0,0,0,0,0,0,0,0,0,0,0,0,0,0,0,0,0,0,0,0,0,0
2022-05-07,,,,,,,,,,,,,,,,,,,,,,,,,,,,,,,,,,,,,,,,,0,0,0,0,0,0,0,0,0,0,0,0,0,0,0,0,0,0,0,0,0,0,0,0,0,0,0,0,0,0,0,0,0,0,0,0,0,0,0,0
2022-05-08,,,,,,,,,,,,,,,,,,,,,,,,,,,,,,,,,,,,,,,,,0,0,0,0,0,0,0,0,0,0,0,0,0,0,0,0,0,0,0,0,0,0,0,0,0,0,0,0,0,0,0,0,0,0,0,0,0,0,0,0
2022-05-09,,,,,,,,,,,,,,,,,,,,,,,,,,,,,,,,,,,,,,,,,0,0,0,0,0,0,0,0,0,0,0,0,0,0,0,0,0,0,0,0,0,0,0,0,0,0,0,0,0,0,0,0,0,0,0,0,0,0,0,0
2022-05-10,,,,,,,,,,,,,,,,,,,,,,,,,,,,,,,,,,,,,,,,,0,0,0,0,0,0,0,0,0,0,0,0,0,0,0,0,0,0,0,0,0,0,0,0,0,0,0,0,0,0,0,0,0,0,0,0,0,0,0,0
2022-05-11,,,,,,,,,,,,,,,,,,,,,,,,,,,,,,,,,,,,,,,,,0,0,0,0,0,0,0,0,0,0,0,0,0,0,0,0,0,0,0,0,0,0,0,0,0,0,0,0,0,0,0,0,0,0,0,0,0,0,0,0
2022-05-12,,9.0,14.5,17.0,12.0,1.5,1.5,3.5,,1.5,12.5,7.5,33.5,47.0,,,51.0,22.0,45.0,26.5,,,52.5,8.5,,,,,12.0,13.0,1.5,34.0,19.5,6.5,10.5,,,18.0,2.0,,0,0,0,0,0,0,0,0,0,0,0,0,0,0,0,0,0,0,0,0,0,0,0,0,0,0,0,0,0,0,0,0,0,0,0,0,0,0,0,0
2022-05-13,,6.0,11.0,34.5,46.0,67.5,61.0,27.0,0.0,22.5,14.5,80.0,4.0,41.0,0.5,,28.5,24.5,39.0,35.0,58.0,,24.5,52.5,,,48.0,,9.0,2.0,71.0,9.5,18.5,37.0,,41.5,0.0,24.0,47.5,,0,0,0,0,0,0,0,0,0,0,0,0,0,0,0,0,0,0,0,0,0,0,0,0,0,0,0,0,0,0,0,0,0,0,0,0,0,0,0,0
2022-05-14,,0.5,0.5,0.0,0.0,0.0,0.0,0.0,0.0,0.0,0.5,0.0,0.0,0.0,,,0.0,0.0,0.0,0.5,0.5,,0.5,0.5,,,0.0,,0.5,0.0,0.0,1.5,0.5,0.5,0.0,0.5,0.0,0.0,0.5,,0,0,0,0,0,0,0,0,0,0,0,0,0,0,0,0,0,0,0,0,0,0,0,0,0,0,0,0,0,0,0,0,0,0,0,0,0,0,0,0
2022-05-15,,,,,,,,,,,,,,,,,,,,,,,,,,,,,,,,,,,,,,,,,0,0,0,0,0,0,0,0,0,0,0,0,0,0,0,0,0,0,0,0,0,0,0,0,0,0,0,0,0,0,0,0,0,0,0,0,0,0,0,0
2022-05-16,,4.5,6.5,0.0,0.0,0.0,0.0,0.5,2.5,0.0,22.5,19.5,1.0,0.5,,,10.0,7.5,2.5,7.5,3.0,,1.5,0.0,,,1.0,8.5,0.0,3.0,0.0,13.0,2.0,14.0,0.5,2.0,2.0,13.0,0.5,,0,0,0,0,0,0,0,0,0,0,0,0,0,0,0,0,0,0,0,0,0,0,0,0,0,0,0,0,0,0,0,0,0,0,0,0,0,0,0,0
2022-05-17,,,0.5,10.5,34.5,2.5,3.0,0.5,1.5,17.0,2.0,10.5,0.0,,,,0.5,1.0,3.5,4.0,0.0,,0.5,1.5,,,1.5,,20.5,3.0,,,0.5,11.5,,,2.5,1.5,8.0,,0,0,0,0,0,0,0,0,0,0,0,0,0,0,0,0,0,0,0,0,0,0,0,0,0,0,0,0,0,0,0,0,0,0,0,0,0,0,0,0
2022-05-18,,,,,,,,,,,,,,,,,,,,,,,,,,,,,,,,,,,,,,,,,0,0,0,0,0,0,0,0,0,0,0,0,0,0,0,0,0,0,0,0,0,0,0,0,0,0,0,0,0,0,0,0,0,0,0,0,0,0,0,0
2022-05-19,,,,,,,,,,,,,,,,,,,,,,,,9.0,,,,,24.5,,,,,,,,,,,,0,0,0,0,0,0,0,0,0,0,0,0,0,0,0,0,0,0,0,0,0,0,0,0,0,0,0,0,0,0,0,0,0,0,0,0,0,0,0,0
2022-05-20,,,118.5,2.5,4.5,1.0,2.5,1.0,6.0,3.0,4.0,0.5,7.0,2.0,12.5,,11.0,5.0,7.0,4.0,26.5,,18.0,2.0,10.5,,25.0,,2.5,1.0,36.5,,14.0,1.5,0.0,12.5,0.0,2.5,0.0,,0,0,0,0,0,0,0,0,0,0,0,0,0,0,0,0,0,0,0,0,0,0,0,0,0,0,0,0,0,0,0,0,0,0,0,0,0,0,0,0
2022-05-21,,,,,,,,,,,,,,,,,,,,,,,,,,,,,,,,,,,,,,,,,0,0,0,0,0,0,0,0,0,0,0,0,0,0,0,0,0,0,0,0,0,0,0,0,0,0,0,0,0,0,0,0,0,0,0,0,0,0,0,0
2022-05-22,,,,,,,,,,,,,,,,,,,,,,,,,,,,,,,,,,,,,,,,,0,0,0,0,0,0,0,0,0,0,0,0,0,0,0,0,0,0,0,0,0,0,0,0,0,0,0,0,0,0,0,0,0,0,0,0,0,0,0,0
2022-05-23,,,,,,,,,,,,,,,,,,,,,,,,,,,,,,,,,,,,,,,,,0,0,0,0,0,0,0,0,0,0,0,0,0,0,0,0,0,0,0,0,0,0,0,0,0,0,0,0,0,0,0,0,0,0,0,0,0,0,0,0
2022-05-24,,,,,,,,,,,,,,,,,,,,,,,,,,,,,,,,,,,,,,,,,0,0,0,0,0,0,0,0,0,0,0,0,0,0,0,0,0,0,0,0,0,0,0,0,0,0,0,0,0,0,0,0,0,0,0,0,0,0,0,0
2022-05-25,,,,,,,,,,,,,,,,,,,,,,,,,,,,,,,,,,,,,,,,,0,0,0,0,0,0,0,0,0,0,0,0,0,0,0,0,0,0,0,0,0,0,0,0,0,0,0,0,0,0,0,0,0,0,0,0,0,0,0,0
2022-05-26,,,,,,,,,,,,,,,,,,,,,,,,,,,,,,,,,,,,,,,,,0,0,0,0,0,0,0,0,0,0,0,0,0,0,0,0,0,0,0,0,0,0,0,0,0,0,0,0,0,0,0,0,0,0,0,0,0,0,0,0
2022-05-27,,,,,,,,,,,,,,,,,,,,,,,,,,,,,,,,,,,,,,,,,0,0,0,0,0,0,0,0,0,0,0,0,0,0,0,0,0,0,0,0,0,0,0,0,0,0,0,0,0,0,0,0,0,0,0,0,0,0,0,0
2022-05-28,,,,,,,,,,,,,,,,,,,,,,,,,,,,,,,,,,,,,,,,,0,0,0,0,0,0,0,0,0,0,0,0,0,0,0,0,0,0,0,0,0,0,0,0,0,0,0,0,0,0,0,0,0,0,0,0,0,0,0,0
2022-05-29,,,,,,,,,,,,,,,,,,,,,,,,,,,,,,,,,,,,,,,,,0,0,0,0,0,0,0,0,0,0,0,0,0,0,0,0,0,0,0,0,0,0,0,0,0,0,0,0,0,0,0,0,0,0,0,0,0,0,0,0
2022-05-30,,,,,,,,,,,,,,,,,,,,,,,,,,,,,,,,,,,,,,,,,0,0,0,0,0,0,0,0,0,0,0,0,0,0,0,0,0,0,0,0,0,0,0,0,0,0,0,0,0,0,0,0,0,0,0,0,0,0,0,0
2022-05-31,,0.0,0.0,0.0,0.0,0.0,0.0,0.0,0.0,,2.0,0.0,0.0,0.0,0.0,,8.0,17.0,0.0,1.5,2.5,,0.0,15.0,,16.0,0.5,,3.0,0.0,,0.0,0.0,0.0,16.0,0.0,0.0,3.0,0.0,0.0,0,0,0,0,0,0,0,0,0,0,0,0,0,0,0,0,0,0,0,0,0,0,0,0,0,0,0,0,0,0,0,0,0,0,0,0,0,0,0,0
2022-06-01,,0.0,0.0,0.0,0.5,0.0,1.5,17.0,0.0,0.0,5.5,27.5,34.5,0.0,,,0.0,0.0,0.0,0.0,3.5,,0.0,23.5,0.0,0.5,5.0,,44.0,3.0,1.0,0.0,9.0,15.5,12.0,0.0,2.5,14.0,0.0,0.0,0,0,0,0,0,0,0,0,0,0,0,0,0,0,0,0,0,0,0,0,0,0,0,0,0,0,0,0,0,0,0,0,0,0,0,0,0,0,0,0
2022-06-02,,0.0,0.0,0.0,0.5,0.0,0.0,0.0,0.5,0.0,0.0,0.0,0.0,0.0,2.0,,0.0,0.0,0.0,0.0,0.0,,0.0,1.0,,0.0,0.0,,0.0,0.0,,0.0,,0.0,0.0,0.0,1.5,0.0,0.0,0.0,0,0,0,0,0,0,0,0,0,0,0,0,0,0,0,0,0,0,0,0,0,0,0,0,0,0,0,0,0,0,0,0,0,0,0,0,0,0,0,0
2022-06-03,,0.5,0.5,8.5,4.5,41.5,35.0,4.0,18.0,23.5,4.0,1.5,0.0,24.5,0.0,,0.5,4.5,33.0,3.5,11.0,33.5,0.0,8.0,,,8.0,25.0,22.0,0.0,,26.0,11.0,2.5,1.0,19.5,0.5,11.5,13.0,0.5,0,0,0,0,0,0,0,0,0,0,0,0,0,0,0,0,0,0,0,0,0,0,0,0,0,0,0,0,0,0,0,0,0,0,0,0,0,0,0,0
2022-06-04,,0.0,0.0,0.0,1.0,0.0,0.5,0.0,0.0,0.0,0.0,0.0,0.5,0.0,0.0,6.0,0.0,0.0,0.0,0.0,0.0,13.5,0.0,0.0,,,0.0,,2.0,0.0,,0.0,0.5,0.0,0.0,0.0,0.0,0.0,3.0,0.0,0,0,0,0,0,0,0,0,0,0,0,0,0,0,0,0,0,0,0,0,0,0,0,0,0,0,0,0,0,0,0,0,0,0,0,0,0,0,0,0
2022-06-05,,,7.0,1.0,1.5,0.0,0.5,1.5,33.0,2.0,4.5,2.5,4.5,0.5,,,1.0,3.0,0.5,2.5,4.5,,0.0,1.5,,,1.0,,1.5,5.5,,2.5,1.0,4.0,1.0,0.5,12.0,1.0,1.5,0.5,0,0,0,0,0,0,0,0,0,0,0,0,0,0,0,0,0,0,0,0,0,0,0,0,0,0,0,0,0,0,0,0,0,0,0,0,0,0,0,0
2022-06-06,,0.0,0.0,0.0,0.0,0.0,0.0,0.0,0.5,0.0,0.0,0.0,,0.0,0.0,,0.0,0.0,0.0,0.0,0.0,,0.0,0.0,0.0,,0.0,,0.0,0.0,,0.0,0.0,0.5,0.0,0.0,0.5,0.0,0.0,0.0,0,0,0,0,0,0,0,0,0,0,0,0,0,0,0,0,0,0,0,0,0,0,0,0,0,0,0,0,0,0,0,0,0,0,0,0,0,0,0,0
2022-06-07,,0.0,0.0,0.0,0.0,0.0,0.0,0.0,0.0,0.0,0.0,0.0,0.0,0.0,0.0,,0.0,0.0,0.0,0.0,0.0,,0.5,1.5,0.0,,0.0,,0.0,0.0,,0.5,,0.0,0.0,,0.0,0.0,0.0,0.0,0,0,0,0,0,0,0,0,0,0,0,0,0,0,0,0,0,0,0,0,0,0,0,0,0,0,0,0,0,0,0,0,0,0,0,0,0,0,0,0
2022-06-08,,1.0,0.0,28.0,25.5,1.5,1.0,30.5,0.0,4.0,32.0,0.5,2.0,2.0,,,0.0,0.0,1.5,0.0,0.0,0.0,0.0,23.0,,10.5,0.5,,5.5,1.0,,3.0,14.0,0.0,22.5,0.0,1.0,0.0,5.0,0.0,0,0,0,0,0,0,0,0,0,0,0,0,0,0,0,0,0,0,0,0,0,0,0,0,0,0,0,0,0,0,0,0,0,0,0,0,0,0,0,0
2022-06-09,,13.5,17.0,5.5,3.5,1.0,1.0,4.5,38.0,1.5,0.0,0.5,7.0,5.5,43.0,,6.5,4.0,4.5,4.0,4.0,,6.0,9.5,20.5,4.5,4.5,,1.5,39.0,,9.5,15.0,1.0,0.0,5.5,17.5,5.0,3.0,6.5,0,0,0,0,0,0,0,0,0,0,0,0,0,0,0,0,0,0,0,0,0,0,0,0,0,0,0,0,0,0,0,0,0,0,0,0,0,0,0,0
2022-06-10,,,,,,,,,,,,,,,,,,,,,,,,,,,,,,,,,,,,,,,,,0,0,0,0,0,0,0,0,0,0,0,0,0,0,0,0,0,0,0,0,0,0,0,0,0,0,0,0,0,0,0,0,0,0,0,0,0,0,0,0
2022-06-11,,,,,,,,,,,,,,,,,,,,,,,,,,,,,,,,,,,,,,,,,0,0,0,0,0,0,0,0,0,0,0,0,0,0,0,0,0,0,0,0,0,0,0,0,0,0,0,0,0,0,0,0,0,0,0,0,0,0,0,0
2022-06-12,,44.0,11.0,55.0,52.5,30.5,38.0,9.5,22.0,112.5,29.0,10.5,7.0,12.0,16.0,,43.5,82.0,19.5,80.5,15.5,,40.0,7.5,,50.0,13.5,,7.5,1.5,61.0,50.5,8.5,13.5,,17.0,47.5,29.5,81.5,52.0,0,0,0,0,0,0,0,0,0,0,0,0,0,0,0,0,0,0,0,0,0,0,0,0,0,0,0,0,0,0,0,0,0,0,0,0,0,0,0,0
2022-06-13,,,0.0,0.0,0.5,1.0,1.0,1.0,2.5,3.5,1.0,0.0,1.0,0.0,,,0.0,0.0,0.5,0.0,0.5,4.5,0.0,2.5,,,0.5,,5.0,0.5,,1.5,0.5,0.0,,0.0,0.5,0.0,3.0,0.0,0,0,0,0,0,0,0,0,0,0,0,0,0,0,0,0,0,0,0,0,0,0,0,0,0,0,0,0,0,0,0,0,0,0,0,0,0,0,0,0
2022-06-14,,,,,,,,,,,,,,,,,,,,,,,,,,,,,,,,,,,,,,,,,0,0,0,0,0,0,0,0,0,0,0,0,0,0,0,0,0,0,0,0,0,0,0,0,0,0,0,0,0,0,0,0,0,0,0,0,0,0,0,0
2022-06-15,,,,,,,,,,,,,,,,,,,,,,,,,,,,,,,,,,,,,,,,,0,0,0,0,0,0,0,0,0,0,0,0,0,0,0,0,0,0,0,0,0,0,0,0,0,0,0,0,0,0,0,0,0,0,0,0,0,0,0,0
2022-06-16,,35.5,28.5,8.5,22.5,24.0,24.0,8.5,71.0,,6.5,27.0,56.5,42.0,37.5,,36.0,26.0,66.0,27.0,56.0,9.0,30.0,3.5,,32.0,46.5,39.0,6.0,48.5,33.0,40.5,46.0,25.0,,75.0,47.5,6.0,22.0,,0,0,0,0,0,0,0,0,0,0,0,0,0,0,0,0,0,0,0,0,0,0,0,0,0,0,0,0,0,0,0,0,0,0,0,0,0,0,0,0
2022-06-17,,43.5,40.0,18.5,9.0,16.0,16.0,17.5,12.0,,21.0,10.0,12.5,7.0,28.0,,38.5,30.5,13.5,,9.5,5.5,40.5,6.0,,,10.0,,6.5,52.0,5.5,29.5,14.0,14.5,,,,30.5,3.5,,0,0,0,0,0,0,0,0,0,0,0,0,0,0,0,0,0,0,0,0,0,0,0,0,0,0,0,0,0,0,0,0,0,0,0,0,0,0,0,0
2022-06-18,,0.0,0.0,0.0,0.5,0.0,0.0,0.0,0.0,,0.0,0.0,0.0,0.0,0.0,0.0,0.0,0.5,0.5,0.0,0.0,0.0,0.5,0.5,0.0,0.0,0.0,,1.0,0.0,0.5,0.0,0.0,0.0,,0.5,0.0,1.0,0.0,,0,0,0,0,0,0,0,0,0,0,0,0,0,0,0,0,0,0,0,0,0,0,0,0,0,0,0,0,0,0,0,0,0,0,0,0,0,0,0,0
2022-06-19,,0.0,0.0,1.5,0.0,0.0,0.0,14.0,0.0,0.0,3.5,0.0,0.5,0.0,0.0,,0.0,25.5,1.5,39.0,0.0,,0.0,1.0,,10.0,0.5,,1.5,0.0,0.0,0.0,0.0,0.0,,1.0,0.0,27.5,0.0,,0,0,0,0,0,0,0,0,0,0,0,0,0,0,0,0,0,0,0,0,0,0,0,0,0,0,0,0,0,0,0,0,0,0,0,0,0,0,0,0
2022-06-20,,0.0,0.0,9.5,0.0,0.5,0.0,2.5,0.0,0.0,29.0,0.0,12.5,0.0,16.5,,37.5,11.5,0.0,11.5,2.5,,1.5,21.5,,,2.5,0.0,2.0,3.0,0.0,0.0,1.5,0.0,,1.0,2.0,1.0,1.5,,0,0,0,0,0,0,0,0,0,0,0,0,0,0,0,0,0,0,0,0,0,0,0,0,0,0,0,0,0,0,0,0,0,0,0,0,0,0,0,0
2022-06-21,,0.5,0.5,19.5,1.5,0.5,0.5,0.5,0.0,0.0,13.5,0.0,0.0,5.5,0.0,,0.0,0.0,14.5,0.0,11.0,4.0,0.5,7.5,,0.5,11.0,,13.0,1.5,14.0,0.0,2.0,0.0,,6.0,0.0,0.0,9.0,,0,0,0,0,0,0,0,0,0,0,0,0,0,0,0,0,0,0,0,0,0,0,0,0,0,0,0,0,0,0,0,0,0,0,0,0,0,0,0,0
2022-06-22,,1.0,0.5,3.5,9.0,4.0,2.5,6.0,1.5,1.0,21.0,0.0,0.0,0.5,2.5,,0.5,0.0,1.0,0.5,0.0,7.5,0.5,30.0,,0.5,1.0,,8.0,12.5,0.5,1.0,1.0,0.0,,0.5,1.0,0.5,1.5,,0,0,0,0,0,0,0,0,0,0,0,0,0,0,0,0,0,0,0,0,0,0,0,0,0,0,0,0,0,0,0,0,0,0,0,0,0,0,0,0
2022-06-23,,1.0,0.0,0.0,7.0,3.0,2.0,10.0,0.5,25.0,16.5,0.0,0.0,0.0,2.5,,0.0,0.0,0.0,0.0,0.0,,0.0,6.0,,,0.0,,15.0,0.5,25.0,0.0,0.0,0.0,0.0,,3.5,0.0,13.0,,0,0,0,0,0,0,0,0,0,0,0,0,0,0,0,0,0,0,0,0,0,0,0,0,0,0,0,0,0,0,0,0,0,0,0,0,0,0,0,0
2022-06-24,0.0,,0.0,0.0,27.5,0.5,0.5,2.0,,,0.5,5.5,2.0,0.0,0.0,,0.0,0.0,0.0,0.0,0.5,2.0,0.0,1.5,,,,,0.5,5.5,27.5,0.5,2.0,8.5,0.0,,,0.0,0.5,,0,0,0,0,0,0,0,0,0,0,0,0,0,0,0,0,0,0,0,0,0,0,0,0,0,0,0,0,0,0,0,0,0,0,0,0,0,0,0,0
2022-06-25,0.0,14.5,41.5,1.5,7.0,0.0,0.0,0.0,5.5,0.0,0.0,0.0,17.0,2.0,3.5,,25.0,11.5,2.5,2.0,7.0,,38.5,45.5,,23.0,6.0,,5.5,2.5,1.5,67.0,19.0,1.0,0.0,6.0,3.0,2.5,0.0,,0,0,0,0,0,0,0,0,0,0,0,0,0,0,0,0,0,0,0,0,0,0,0,0,0,0,0,0,0,0,0,0,0,0,0,0,0,0,0,0
2022-06-26,0.0,7.5,8.0,7.5,10.0,9.5,9.0,8.5,8.5,32.5,7.0,12.0,5.0,6.5,7.0,,8.5,9.0,8.5,7.5,7.0,30.5,7.5,4.5,,8.5,8.0,7.0,6.0,5.5,8.5,8.0,,14.0,0.0,,6.5,10.0,14.0,9.5,0,0,0,0,0,0,0,0,0,0,0,0,0,0,0,0,0,0,0,0,0,0,0,0,0,0,0,0,0,0,0,0,0,0,0,0,0,0,0,0
2022-06-27,0.5,9.0,3.0,0.0,0.5,0.0,0.0,1.5,,0.0,0.0,0.0,0.0,0.0,1.5,,1.5,0.0,2.5,0.0,0.5,,0.0,0.0,,0.0,0.0,0.0,0.5,0.0,0.0,0.0,0.0,0.0,7.0,,0.0,0.0,0.0,,0,0,0,0,0,0,0,0,0,0,0,0,0,0,0,0,0,0,0,0,0,0,0,0,0,0,0,0,0,0,0,0,0,0,0,0,0,0,0,0
2022-06-28,39.5,3.5,3.0,0.0,4.5,0.0,0.0,3.5,,,3.0,2.0,23.0,0.0,13.5,,24.0,17.0,0.5,28.5,17.5,45.0,21.0,1.0,,20.5,,8.0,18.0,28.5,1.5,7.5,41.5,2.0,0.5,,0.0,7.0,26.0,,0,0,0,0,0,0,0,0,0,0,0,0,0,0,0,0,0,0,0,0,0,0,0,0,0,0,0,0,0,0,0,0,0,0,0,0,0,0,0,0
2022-06-29,34.5,2.5,2.5,0.0,0.5,0.5,0.0,0.5,28.5,35.5,0.0,0.5,2.0,1.5,54.0,,2.0,1.0,1.5,0.5,2.0,,2.0,0.0,,1.0,2.5,2.5,14.5,2.5,0.5,4.0,19.5,0.5,0.0,,17.0,1.0,0.0,,0,0,0,0,0,0,0,0,0,0,0,0,0,0,0,0,0,0,0,0,0,0,0,0,0,0,0,0,0,0,0,0,0,0,0,0,0,0,0,0
2022-06-30,8.0,,2.5,16.0,8.0,16.0,7.5,6.0,42.0,1.0,3.5,3.0,3.0,18.0,0.0,2.0,4.0,4.5,29.5,7.0,0.0,,3.5,13.0,,13.0,0.0,33.5,7.5,4.0,11.0,12.0,7.0,2.5,4.5,3.0,8.0,3.5,7.0,3.0,0,0,0,0,0,0,0,0,0,0,0,0,0,0,0,0,0,0,0,0,0,0,0,0,0,0,0,0,0,0,0,0,0,0,0,0,0,0,0,0
2022-07-01,1.5,0.5,0.5,0.0,1.0,0.5,0.5,0.5,0.5,0.5,0.5,0.0,0.5,0.5,0.5,,1.0,0.5,1.0,0.5,0.5,1.5,1.0,0.5,,0.5,0.5,0.5,1.0,0.5,0.5,0.5,0.5,0.5,0.5,,0.5,1.0,0.5,,0,0,0,0,0,0,0,0,0,0,0,0,0,0,0,0,0,0,0,0,0,0,0,0,0,0,0,0,0,0,0,0,0,0,0,0,0,0,0,0
2022-07-02,33.0,0.0,0.0,0.0,0.0,0.0,0.0,0.0,0.0,0.0,0.0,0.0,0.0,0.0,0.0,,0.0,0.0,0.0,0.0,0.0,20.0,0.0,0.0,,0.0,0.0,0.0,36.0,0.0,0.0,0.0,0.0,0.0,0.0,,0.0,0.0,0.0,,0,0,0,0,0,0,0,0,0,0,0,0,0,0,0,0,0,0,0,0,0,0,0,0,0,0,0,0,0,0,0,0,0,0,0,0,0,0,0,0
2022-07-03,0.0,0.0,0.0,0.0,0.0,0.0,0.0,0.0,0.0,0.0,0.0,0.0,0.0,0.0,0.0,,0.0,0.0,0.0,0.0,0.0,,0.0,0.0,,0.0,0.0,0.0,0.5,0.0,0.0,0.0,0.0,0.0,0.0,0.0,0.0,0.0,0.0,,0,0,0,0,0,0,0,0,0,0,0,0,0,0,0,0,0,0,0,0,0,0,0,0,0,0,0,0,0,0,0,0,0,0,0,0,0,0,0,0
2022-07-04,,,,,,,,,,,,,,,,,,,,,,,,,,,,,,,,,,,,,,,,,0,0,0,0,0,0,0,0,0,0,0,0,0,0,0,0,0,0,0,0,0,0,0,0,0,0,0,0,0,0,0,0,0,0,0,0,0,0,0,0
2022-07-05,,,,,,,,,,,,,,,,,,,,,,,,,,,,,,,,,,,,,,,,,0,0,0,0,0,0,0,0,0,0,0,0,0,0,0,0,0,0,0,0,0,0,0,0,0,0,0,0,0,0,0,0,0,0,0,0,0,0,0,0
2022-07-06,,0.0,0.5,0.0,0.5,0.0,0.5,1.0,0.5,,0.0,2.0,0.0,0.0,0.0,,0.5,0.0,0.0,0.0,0.0,0.5,0.5,0.0,,0.0,0.0,0.0,0.0,0.5,0.0,0.0,0.0,1.5,0.0,,0.0,0.0,0.0,,0,0,0,0,0,0,0,0,0,0,0,0,0,0,0,0,0,0,0,0,0,0,0,0,0,0,0,0,0,0,0,0,0,0,0,0,0,0,0,0
2022-07-07,0.0,,0.0,0.5,0.0,0.0,0.0,0.0,,,0.0,,0.0,0.5,0.0,,0.0,0.0,0.5,0.5,0.0,1.5,0.0,0.0,,0.0,0.0,0.0,0.0,0.0,0.0,0.0,0.0,0.0,0.0,,0.0,0.0,0.0,,0,0,0,0,0,0,0,0,0,0,0,0,0,0,0,0,0,0,0,0,0,0,0,0,0,0,0,0,0,0,0,0,0,0,0,0,0,0,0,0
2022-07-08,6.0,0.0,0.0,0.0,0.0,0.0,0.0,0.0,10.5,6.0,8.0,0.0,8.5,0.0,0.0,,0.0,0.0,0.0,0.0,0.0,25.5,0.0,0.0,,0.0,0.5,0.0,0.5,2.0,0.0,0.0,14.0,0.0,0.5,,0.0,0.0,0.0,0.0,0,0,0,0,0,0,0,0,0,0,0,0,0,0,0,0,0,0,0,0,0,0,0,0,0,0,0,0,0,0,0,0,0,0,0,0,0,0,0,0
2022-07-09,0.0,0.0,0.0,0.5,0.5,0.0,0.0,0.0,0.5,0.0,0.0,0.0,0.5,0.0,0.0,,0.0,0.0,0.0,0.0,0.5,0.0,0.0,0.0,,0.0,0.0,0.0,0.0,0.0,0.0,0.0,0.0,0.0,0.0,,0.5,0.0,0.0,0.0,0,0,0,0,0,0,0,0,0,0,0,0,0,0,0,0,0,0,0,0,0,0,0,0,0,0,0,0,0,0,0,0,0,0,0,0,0,0,0,0
2022-07-10,0.0,0.0,6.0,0.0,0.0,0.0,0.0,0.0,0.0,0.0,0.0,0.0,0.0,0.0,0.0,,0.0,0.0,0.0,0.0,0.0,0.0,0.5,0.0,,0.0,0.0,0.0,0.0,0.0,0.0,0.0,0.0,0.0,0.0,,0.0,0.0,0.0,0.0,0,0,0,0,0,0,0,0,0,0,0,0,0,0,0,0,0,0,0,0,0,0,0,0,0,0,0,0,0,0,0,0,0,0,0,0,0,0,0,0
2022-07-11,0.0,9.5,12.0,0.0,0.0,0.0,0.0,0.0,2.0,0.0,0.0,0.0,16.0,0.0,31.5,,1.0,0.5,1.5,0.0,19.5,0.0,1.0,0.0,,1.0,18.0,1.5,0.0,0.0,0.0,2.5,13.0,0.0,0.0,,5.0,0.0,0.0,0.0,0,0,0,0,0,0,0,0,0,0,0,0,0,0,0,0,0,0,0,0,0,0,0,0,0,0,0,0,0,0,0,0,0,0,0,0,0,0,0,0
2022-07-12,6.5,29.0,27.5,9.5,10.5,1.5,2.5,0.0,0.5,0.0,1.5,0.5,1.0,8.0,11.5,,10.5,10.5,7.0,18.0,35.5,7.0,9.5,11.0,,13.5,44.0,19.0,7.0,1.0,10.5,17.0,0.5,0.5,2.5,28.0,0.5,7.5,1.5,6.0,0,0,0,0,0,0,0,0,0,0,0,0,0,0,0,0,0,0,0,0,0,0,0,0,0,0,0,0,0,0,0,0,0,0,0,0,0,0,0,0
2022-07-13,1.5,6.5,11.0,0.0,1.0,1.0,0.5,1.5,7.0,1.0,1.0,0.0,0.5,0.0,,,1.0,0.0,0.0,1.0,3.5,0.5,2.0,2.0,,1.5,3.0,4.0,1.5,2.5,0.0,7.0,7.0,0.0,0.0,0.5,2.5,0.5,0.5,0.0,0,0,0,0,0,0,0,0,0,0,0,0,0,0,0,0,0,0,0,0,0,0,0,0,0,0,0,0,0,0,0,0,0,0,0,0,0,0,0,0
2022-07-14,0.5,0.0,0.0,0.0,1.0,0.5,0.0,0.0,2.5,0.0,0.0,0.0,1.0,12.5,,,0.0,0.0,6.5,0.5,1.0,3.0,0.0,0.0,,0.0,1.0,0.0,1.0,0.0,0.0,0.0,0.0,0.0,0.0,0.0,0.0,0.0,0.0,0.5,0,0,0,0,0,0,0,0,0,0,0,0,0,0,0,0,0,0,0,0,0,0,0,0,0,0,0,0,0,0,0,0,0,0,0,0,0,0,0,0
2022-07-15,16.5,19.5,5.5,25.0,31.0,0.5,0.5,0.5,0.0,34.5,0.0,0.0,2.5,2.5,,,4.0,17.0,11.5,23.0,5.0,7.0,4.0,0.0,0.0,1.0,3.5,0.5,22.0,5.0,10.0,,0.5,0.5,0.0,,0.0,20.0,11.5,52.0,0,0,0,0,0,0,0,0,0,0,0,0,0,0,0,0,0,0,0,0,0,0,0,0,0,0,0,0,0,0,0,0,0,0,0,0,0,0,0,0
2022-07-16,15.0,22.0,23.5,61.5,58.5,13.0,15.5,7.5,9.0,,5.0,27.5,14.5,41.0,28.0,,21.5,35.5,27.5,43.0,24.0,4.5,24.5,7.5,,15.5,19.0,7.0,16.5,10.5,75.5,,17.5,33.0,16.0,23.0,5.5,57.5,34.0,25.0,0,0,0,0,0,0,0,0,0,0,0,0,0,0,0,0,0,0,0,0,0,0,0,0,0,0,0,0,0,0,0,0,0,0,0,0,0,0,0,0
2022-07-17,0.5,0.0,0.0,0.0,0.0,0.0,0.0,0.0,0.5,,0.0,0.0,0.0,0.0,0.5,,0.0,0.0,0.0,0.0,,0.0,0.0,0.0,,0.0,0.0,0.0,0.0,0.5,,,0.0,0.0,0.0,,0.5,0.5,0.0,0.0,0,0,0,0,0,0,0,0,0,0,0,0,0,0,0,0,0,0,0,0,0,0,0,0,0,0,0,0,0,0,0,0,0,0,0,0,0,0,0,0
2022-07-18,0.0,0.0,1.0,0.0,0.5,0.0,0.0,0.0,0.0,,0.0,0.0,0.0,0.0,0.0,,0.0,0.0,0.0,0.0,0.0,0.0,0.0,0.0,0.0,0.0,0.0,0.0,0.0,0.0,,,0.0,0.0,0.0,1.5,0.0,0.0,0.0,0.0,0,0,0,0,0,0,0,0,0,0,0,0,0,0,0,0,0,0,0,0,0,0,0,0,0,0,0,0,0,0,0,0,0,0,0,0,0,0,0,0
2022-07-19,0.0,0.0,0.0,0.0,0.0,0.0,0.0,0.0,0.0,,0.0,0.0,0.0,0.0,0.0,,0.0,0.0,0.0,0.0,,0.0,0.0,0.0,,0.0,0.0,0.0,0.0,0.0,,,,0.0,0.0,0.0,,0.0,0.0,0.0,0,0,0,0,0,0,0,0,0,0,0,0,0,0,0,0,0,0,0,0,0,0,0,0,0,0,0,0,0,0,0,0,0,0,0,0,0,0,0,0
2022-07-20,0.0,,9.5,2.5,0.0,0.0,0.0,0.0,0.0,,0.0,0.0,0.0,0.0,,,31.0,23.5,0.0,,,0.5,,0.0,,7.5,0.0,0.0,3.0,0.0,0.5,,,0.5,1.0,0.0,,50.0,0.0,2.5,0,0,0,0,0,0,0,0,0,0,0,0,0,0,0,0,0,0,0,0,0,0,0,0,0,0,0,0,0,0,0,0,0,0,0,0,0,0,0,0
2022-07-21,0.0,,9.0,5.5,12.0,9.0,7.5,3.5,,,2.5,44.0,15.5,45.0,,,9.5,3.0,11.0,,30.0,0.0,,24.5,,0.5,25.5,1.5,7.0,0.0,53.5,20.5,,41.5,31.5,,,2.5,13.0,1.0,0,0,0,0,0,0,0,0,0,0,0,0,0,0,0,0,0,0,0,0,0,0,0,0,0,0,0,0,0,0,0,0,0,0,0,0,0,0,0,0
2022-07-22,,,,,,,,,,,,,,,,,,,,,,,,,,,,,,,,,,,,,,,,,0,0,0,0,0,0,0,0,0,0,0,0,0,0,0,0,0,0,0,0,0,0,0,0,0,0,0,0,0,0,0,0,0,0,0,0,0,0,0,0
2022-07-23,15.0,,0.0,30.5,0.5,20.5,15.5,50.0,,,10.5,2.5,16.0,3.5,,,0.0,10.0,4.0,17.0,2.5,,0.0,35.0,,38.0,2.0,0.5,0.0,0.0,1.5,0.5,10.0,3.5,12.0,1.0,,5.0,4.0,0.0,0,0,0,0,0,0,0,0,0,0,0,0,0,0,0,0,0,0,0,0,0,0,0,0,0,0,0,0,0,0,0,0,0,0,0,0,0,0,0,0
2022-07-24,0.5,12.0,19.0,2.5,0.5,1.5,2.0,1.5,,0.0,14.0,20.0,31.5,0.5,,,6.0,15.5,3.0,10.0,3.0,1.0,,9.5,,23.0,4.0,28.0,2.0,28.0,6.0,9.5,17.0,21.5,20.5,7.5,16.5,24.5,5.5,8.5,0,0,0,0,0,0,0,0,0,0,0,0,0,0,0,0,0,0,0,0,0,0,0,0,0,0,0,0,0,0,0,0,0,0,0,0,0,0,0,0
2022-07-25,11.5,,50.5,8.5,19.5,4.0,5.0,22.0,,,5.5,16.5,73.0,8.5,,,25.0,20.5,19.0,,12.0,,,35.5,,18.5,13.5,,12.5,56.5,5.5,41.5,47.0,19.0,11.0,12.0,,40.0,13.0,12.5,0,0,0,0,0,0,0,0,0,0,0,0,0,0,0,0,0,0,0,0,0,0,0,0,0,0,0,0,0,0,0,0,0,0,0,0,0,0,0,0
2022-07-26,0.5,,11.5,0.5,5.0,7.0,5.0,1.0,,,56.0,0.5,42.5,0.0,0.0,,5.0,10.0,3.0,5.0,1.5,3.0,,18.5,,1.5,2.0,25.0,5.5,46.5,12.5,11.5,39.0,1.0,1.0,2.0,0.0,6.0,9.5,0.5,0,0,0,0,0,0,0,0,0,0,0,0,0,0,0,0,0,0,0,0,0,0,0,0,0,0,0,0,0,0,0,0,0,0,0,0,0,0,0,0
2022-07-27,0.5,,0.0,0.0,0.0,0.0,0.0,0.0,0.0,,0.0,0.0,0.0,0.0,0.5,,0.0,0.0,0.0,0.0,0.0,,0.0,0.5,,0.0,0.0,0.0,0.0,0.5,0.0,0.0,0.0,0.0,0.0,0.0,0.0,0.0,0.0,0.0,0,0,0,0,0,0,0,0,0,0,0,0,0,0,0,0,0,0,0,0,0,0,0,0,0,0,0,0,0,0,0,0,0,0,0,0,0,0,0,0
2022-07-28,,0.0,0.0,0.0,0.0,0.0,2.5,0.0,,0.0,0.0,0.0,0.0,0.0,0.0,,0.0,0.0,0.0,0.0,0.0,,0.0,0.0,,0.0,0.0,0.0,0.0,0.0,0.0,0.0,0.0,0.0,0.0,0.0,0.5,0.5,0.5,0.0,0,0,0,0,0,0,0,0,0,0,0,0,0,0,0,0,0,0,0,0,0,0,0,0,0,0,0,0,0,0,0,0,0,0,0,0,0,0,0,0
2022-07-29,4.5,,27.0,20.0,34.5,3.5,3.0,3.5,,,1.5,8.5,1.5,12.0,61.0,,18.0,,18.0,23.0,15.0,,,1.0,,16.0,16.0,,3.5,5.0,5.5,30.0,4.0,11.0,1.5,,,50.5,5.0,49.5,0,0,0,0,0,0,0,0,0,0,0,0,0,0,0,0,0,0,0,0,0,0,0,0,0,0,0,0,0,0,0,0,0,0,0,0,0,0,0,0
2022-07-30,27.5,33.5,15.5,57.0,23.0,16.0,18.5,21.0,0.0,,3.0,16.0,20.0,52.0,0.0,,45.0,46.0,38.5,47.5,19.5,35.5,46.5,31.0,0.5,43.0,22.5,31.0,14.0,37.0,26.5,34.5,6.0,19.5,28.5,,1.0,32.5,5.0,36.0,0,0,0,0,0,0,0,0,0,0,0,0,0,0,0,0,0,0,0,0,0,0,0,0,0,0,0,0,0,0,0,0,0,0,0,0,0,0,0,0
2022-07-31,0.5,,0.5,0.0,0.5,0.5,0.0,0.0,2.5,,0.5,0.0,0.5,0.0,0.5,,0.5,,0.0,0.0,0.5,1.0,0.0,0.5,2.0,0.5,0.0,0.0,1.0,2.0,0.0,0.5,0.5,1.0,0.0,0.0,1.5,0.0,0.5,0.0,0,0,0,0,0,0,0,0,0,0,0,0,0,0,0,0,0,0,0,0,0,0,0,0,0,0,0,0,0,0,0,0,0,0,0,0,0,0,0,0
2022-08-01,0.5,,0.0,39.0,29.0,0.0,0.5,1.5,,,0.0,11.0,0.0,23.5,0.0,,0.0,,46.0,3.5,11.5,,,0.5,,0.5,20.0,0.0,0.0,0.5,8.0,0.0,,14.5,0.5,,0.0,10.5,0.0,2.5,0,0,0,0,0,0,0,0,0,0,0,0,0,0,0,0,0,0,0,0,0,0,0,0,0,0,0,0,0,0,0,0,0,0,0,0,0,0,0,0
2022-08-02,15.0,,8.5,8.5,9.5,16.0,10.5,15.0,4.5,20.5,12.0,18.0,50.0,23.5,33.0,,6.0,,36.5,7.5,75.0,,6.0,33.5,,15.0,68.5,12.5,20.0,31.0,11.0,8.0,,18.0,27.0,35.5,4.0,9.0,47.0,10.0,0,0,0,0,0,0,0,0,0,0,0,0,0,0,0,0,0,0,0,0,0,0,0,0,0,0,0,0,0,0,0,0,0,0,0,0,0,0,0,0
2022-08-03,1.0,,0.0,10.5,20.0,1.0,1.0,0.5,,8.5,6.5,2.0,1.5,13.0,0.5,,3.0,,2.0,4.5,42.0,,,8.0,,2.5,0.5,9.0,1.0,26.0,5.5,15.5,0.0,2.5,8.0,,2.5,2.5,4.5,0.0,0,0,0,0,0,0,0,0,0,0,0,0,0,0,0,0,0,0,0,0,0,0,0,0,0,0,0,0,0,0,0,0,0,0,0,0,0,0,0,0
2022-08-04,2.5,,5.0,1.5,2.0,5.5,3.0,6.0,,4.0,17.5,7.5,3.5,1.5,4.5,,4.5,,2.5,2.5,,,,6.0,,4.0,7.0,,3.0,5.0,2.0,5.5,5.5,3.0,24.0,,6.0,3.0,3.5,4.0,0,0,0,0,0,0,0,0,0,0,0,0,0,0,0,0,0,0,0,0,0,0,0,0,0,0,0,0,0,0,0,0,0,0,0,0,0,0,0,0
2022-08-05,,,5.0,13.5,8.0,29.5,31.0,38.0,,3.0,8.0,26.5,25.0,22.5,,,6.5,,21.0,,21.0,,,5.5,,5.0,,,3.0,17.0,16.5,3.5,27.5,24.0,5.0,,,9.5,8.0,5.5,0,0,0,0,0,0,0,0,0,0,0,0,0,0,0,0,0,0,0,0,0,0,0,0,0,0,0,0,0,0,0,0,0,0,0,0,0,0,0,0
2022-08-06,0.0,,0.0,0.0,0.5,0.0,0.5,0.5,0.0,,0.0,0.5,0.0,0.5,,,0.0,0.0,0.5,,5.0,,,0.5,,0.0,,,0.0,0.0,0.0,0.5,0.0,1.0,0.0,,0.0,,0.0,0.5,0,0,0,0,0,0,0,0,0,0,0,0,0,0,0,0,0,0,0,0,0,0,0,0,0,0,0,0,0,0,0,0,0,0,0,0,0,0,0,0
2022-08-07,1.5,,0.0,8.0,26.0,3.0,1.5,,4.5,1.5,23.5,0.0,3.5,1.0,,,0.0,,2.0,0.5,28.5,,0.5,6.5,,18.0,18.0,,0.0,13.0,37.0,43.0,24.5,0.0,11.5,2.5,26.0,0.0,15.5,0.0,0,0,0,0,0,0,0,0,0,0,0,0,0,0,0,0,0,0,0,0,0,0,0,0,0,0,0,0,0,0,0,0,0,0,0,0,0,0,0,0
2022-08-08,,4.0,35.5,0.5,30.5,38.5,32.5,,0.0,,25.0,27.5,0.5,0.0,0.0,22.0,8.0,12.5,3.5,8.0,29.0,0.0,10.5,14.0,,2.5,2.5,1.5,1.0,0.0,47.5,0.0,0.0,32.0,5.0,,0.5,23.0,10.0,17.5,0,0,0,0,0,0,0,0,0,0,0,0,0,0,0,0,0,0,0,0,0,0,0,0,0,0,0,0,0,0,0,0,0,0,0,0,0,0,0,0
2022-08-09,11.5,,0.5,3.5,50.5,14.0,16.0,29.5,0.0,,1.0,4.0,0.0,14.5,,,0.0,0.0,8.0,0.0,30.5,21.5,0.0,57.0,,0.0,25.5,,1.5,0.0,,0.5,0.5,4.0,23.0,,0.0,0.0,7.5,0.0,0,0,0,0,0,0,0,0,0,0,0,0,0,0,0,0,0,0,0,0,0,0,0,0,0,0,0,0,0,0,0,0,0,0,0,0,0,0,0,0
2022-08-10,,,,,,,,,,,,,,,,,,,,,,,,,,,,,,,,,,,,,,,,,0,0,0,0,0,0,0,0,0,0,0,0,0,0,0,0,0,0,0,0,0,0,0,0,0,0,0,0,0,0,0,0,0,0,0,0,0,0,0,0
2022-08-11,,,,,,,,,,,,,,,,,,,,,,,,,,,,,,,,,,,,,,,,,0,0,0,0,0,0,0,0,0,0,0,0,0,0,0,0,0,0,0,0,0,0,0,0,0,0,0,0,0,0,0,0,0,0,0,0,0,0,0,0
2022-08-12,,,,,,,,,,,,,,,,,,,,,,,,,,,,,,,,,,,,,,,,,0,0,0,0,0,0,0,0,0,0,0,0,0,0,0,0,0,0,0,0,0,0,0,0,0,0,0,0,0,0,0,0,0,0,0,0,0,0,0,0
2022-08-13,,,,,,,,,,,,,,,,,,,,,,,,,,,,,,,,,,,,,,,,,0,0,0,0,0,0,0,0,0,0,0,0,0,0,0,0,0,0,0,0,0,0,0,0,0,0,0,0,0,0,0,0,0,0,0,0,0,0,0,0
2022-08-14,0.5,0.0,1.0,0.0,0.5,1.0,0.5,0.5,1.0,,0.5,0.0,6.5,0.5,,1.0,0.5,0.5,0.5,0.5,0.5,0.5,1.0,0.0,,0.5,0.5,,0.5,0.0,,0.5,0.5,0.5,0.0,0.5,1.5,1.0,0.5,1.0,0,0,0,0,0,0,0,0,0,0,0,0,0,0,0,0,0,0,0,0,0,0,0,0,0,0,0,0,0,0,0,0,0,0,0,0,0,0,0,0
2022-08-15,13.5,,17.0,0.0,0.0,0.0,0.0,0.5,12.5,0.0,0.0,0.0,11.0,0.0,0.0,0.0,0.0,0.0,0.0,0.0,0.0,19.0,,0.0,,0.0,0.0,,8.5,45.5,,4.5,5.0,,0.0,,3.5,,0.0,0.0,0,0,0,0,0,0,0,0,0,0,0,0,0,0,0,0,0,0,0,0,0,0,0,0,0,0,0,0,0,0,0,0,0,0,0,0,0,0,0,0
2022-08-16,4.0,1.5,0.5,0.0,0.5,17.0,17.0,3.5,,1.0,16.5,14.0,13.5,1.0,0.0,0.0,0.0,0.0,13.0,0.0,39.5,1.0,0.0,40.0,,2.5,40.0,,10.0,32.5,,11.5,61.5,,7.5,24.5,7.5,0.5,0.5,0.0,0,0,0,0,0,0,0,0,0,0,0,0,0,0,0,0,0,0,0,0,0,0,0,0,0,0,0,0,0,0,0,0,0,0,0,0,0,0,0,0
2022-08-17,0.0,2.0,0.5,1.0,0.0,0.0,0.0,0.0,15.0,0.0,0.0,0.5,4.5,28.5,0.0,0.0,9.5,4.5,18.5,2.0,42.5,0.5,5.5,4.0,,5.0,29.5,,0.0,30.0,,30.0,15.0,0.5,0.5,23.5,0.0,1.0,0.5,0.0,0,0,0,0,0,0,0,0,0,0,0,0,0,0,0,0,0,0,0,0,0,0,0,0,0,0,0,0,0,0,0,0,0,0,0,0,0,0,0,0
2022-08-18,0.0,,0.0,0.0,,0.0,,,0.0,,,,,,,,,,0.5,0.5,,,,0.0,,0.0,,,0.0,0.0,,0.5,,0.5,,,,,0.0,0.0,0,0,0,0,0,0,0,0,0,0,0,0,0,0,0,0,0,0,0,0,0,0,0,0,0,0,0,0,0,0,0,0,0,0,0,0,0,0,0,0
2022-08-19,1.5,0.0,0.0,1.0,0.0,0.0,0.0,,0.0,,,,,,0.0,0.0,0.0,2.5,26.5,1.5,0.0,0.5,0.0,3.0,,0.0,,,0.0,0.0,,0.0,,0.0,0.0,13.0,0.0,,0.0,0.0,0,0,0,0,0,0,0,0,0,0,0,0,0,0,0,0,0,0,0,0,0,0,0,0,0,0,0,0,0,0,0,0,0,0,0,0,0,0,0,0
2022-08-20,12.5,2.5,18.5,23.5,1.5,5.5,7.0,,2.0,,,14.0,,,0.0,7.5,12.0,35.0,12.5,0.0,,,,0.0,,6.0,,,0.5,2.0,,14.0,,,0.0,,2.0,,0.0,3.5,0,0,0,0,0,0,0,0,0,0,0,0,0,0,0,0,0,0,0,0,0,0,0,0,0,0,0,0,0,0,0,0,0,0,0,0,0,0,0,0
2022-08-21,1.5,19.5,20.0,7.5,2.0,1.0,1.5,,5.5,,,0.0,,,1.5,9.5,14.0,6.0,12.5,10.0,13.0,,13.0,1.5,,12.0,,,,17.0,,29.0,,0.0,3.0,,5.0,8.5,0.0,7.5,0,0,0,0,0,0,0,0,0,0,0,0,0,0,0,0,0,0,0,0,0,0,0,0,0,0,0,0,0,0,0,0,0,0,0,0,0,0,0,0
2022-08-22,,,,,,,,,,,,,,,,,,,,,,,,,,,,,,,,,,,,,,,,,0,0,0,0,0,0,0,0,0,0,0,0,0,0,0,0,0,0,0,0,0,0,0,0,0,0,0,0,0,0,0,0,0,0,0,0,0,0,0,0
2022-08-23,6.5,,1.5,2.0,,25.0,22.0,,,,,,,,2.5,,,,0.5,,,,,22.5,,,,,,,,1.0,,,,,,,,3.0,0,0,0,0,0,0,0,0,0,0,0,0,0,0,0,0,0,0,0,0,0,0,0,0,0,0,0,0,0,0,0,0,0,0,0,0,0,0,0,0
2022-08-24,,,,,,,,,,,,,,,,,,,,,,,,,,,,,,,,,,,,,,,,,0,0,0,0,0,0,0,0,0,0,0,0,0,0,0,0,0,0,0,0,0,0,0,0,0,0,0,0,0,0,0,0,0,0,0,0,0,0,0,0
2022-08-25,,,,,,,,,,,,,,,,,,,,,,,,,,,,,,,,,,,,,,,,,0,0,0,0,0,0,0,0,0,0,0,0,0,0,0,0,0,0,0,0,0,0,0,0,0,0,0,0,0,0,0,0,0,0,0,0,0,0,0,0
2022-08-26,,,,,,,,,,,,,,,,,,,,,,,,,,,,,,,,,,,,,,,,,0,0,0,0,0,0,0,0,0,0,0,0,0,0,0,0,0,0,0,0,0,0,0,0,0,0,0,0,0,0,0,0,0,0,0,0,0,0,0,0
2022-08-27,12.5,46.0,59.5,23.5,19.0,29.0,25.0,,13.5,,,,,,45.5,10.5,22.0,21.0,82.5,33.0,,,31.0,28.5,,27.5,,,21.0,76.5,,52.0,,36.5,28.0,,,21.0,16.0,7.5,0,0,0,0,0,0,0,0,0,0,0,0,0,0,0,0,0,0,0,0,0,0,0,0,0,0,0,0,0,0,0,0,0,0,0,0,0,0,0,0
2022-08-28,,,,,,,,,,,,,,,,,,,,,,,,,,,,,,,,,,,,,,,,,0,0,0,0,0,0,0,0,0,0,0,0,0,0,0,0,0,0,0,0,0,0,0,0,0,0,0,0,0,0,0,0,0,0,0,0,0,0,0,0
2022-08-29,0.0,0.0,0.0,0.0,0.5,0.5,,,0.0,,,,,,0.0,,,0.0,0.0,0.0,,,,1.0,,,,,0.0,0.5,,0.0,,6.0,,,0.0,0.5,0.0,0.0,0,0,0,0,0,0,0,0,0,0,0,0,0,0,0,0,0,0,0,0,0,0,0,0,0,0,0,0,0,0,0,0,0,0,0,0,0,0,0,0
2022-08-30,4.0,24.0,18.5,20.5,,27.0,,22.0,26.0,12.5,,14.0,0.0,34.0,6.0,,28.0,21.0,53.0,,,,22.0,6.0,12.5,26.0,,,,5.0,,35.5,,12.5,17.0,,,13.5,26.5,6.0,0,0,0,0,0,0,0,0,0,0,0,0,0,0,0,0,0,0,0,0,0,0,0,0,0,0,0,0,0,0,0,0,0,0,0,0,0,0,0,0
2022-08-31,,,,,,,,,,,,,,,,,,,,,,,,,,,,,,,,,,,,,,,,,0,0,0,0,0,0,0,0,0,0,0,0,0,0,0,0,0,0,0,0,0,0,0,0,0,0,0,0,0,0,0,0,0,0,0,0,0,0,0,0
2022-09-01,0.0,0.0,0.0,2.0,8.5,0.0,0.0,0.0,,0.0,11.5,0.0,0.0,0.0,0.0,,0.0,0.5,0.0,32.5,0.0,0.0,0.0,28.0,0.0,0.0,0.0,,19.5,0.0,0.5,0.0,0.0,0.0,16.0,,0.5,1.0,0.0,0.0,0,0,0,0,0,0,0,0,0,0,0,0,0,0,0,0,0,0,0,0,0,0,0,0,0,0,0,0,0,0,0,0,0,0,0,0,0,0,0,0
2022-09-02,0.0,0.0,0.0,2.5,,0.0,0.0,0.5,,,7.5,0.0,0.0,8.5,0.0,,1.5,6.5,0.0,4.5,0.0,0.0,,0.5,0.5,4.5,,,0.0,3.5,0.5,0.0,0.0,0.0,1.5,,,16.5,2.5,0.0,0,0,0,0,0,0,0,0,0,0,0,0,0,0,0,0,0,0,0,0,0,0,0,0,0,0,0,0,0,0,0,0,0,0,0,0,0,0,0,0
2022-09-03,0.0,0.0,0.0,0.0,0.0,0.0,0.0,0.0,,0.0,0.0,17.5,0.0,0.0,0.0,0.0,0.5,0.0,0.0,0.0,2.5,0.0,0.0,0.0,0.0,0.5,1.0,,0.0,25.5,0.0,0.0,21.5,19.0,0.0,,0.0,0.5,0.5,0.0,0,0,0,0,0,0,0,0,0,0,0,0,0,0,0,0,0,0,0,0,0,0,0,0,0,0,0,0,0,0,0,0,0,0,0,0,0,0,0,0
2022-09-04,0.5,0.0,0.0,0.0,0.0,0.0,0.0,0.0,,0.0,0.0,0.0,0.0,0.0,0.0,,0.0,0.0,0.0,0.0,0.0,0.0,,0.0,0.0,0.0,0.0,,0.0,0.0,0.0,0.0,0.0,0.5,0.0,0.5,0.0,0.0,0.0,0.0,0,0,0,0,0,0,0,0,0,0,0,0,0,0,0,0,0,0,0,0,0,0,0,0,0,0,0,0,0,0,0,0,0,0,0,0,0,0,0,0
2022-09-05,0.0,0.0,0.0,0.0,0.0,0.0,0.0,0.0,,,0.5,0.0,0.0,0.0,0.0,,0.0,0.0,0.0,0.0,0.5,0.0,0.0,0.5,0.0,0.0,0.0,,0.0,0.0,0.0,0.0,0.0,0.5,0.0,0.0,0.0,0.0,0.0,0.0,0,0,0,0,0,0,0,0,0,0,0,0,0,0,0,0,0,0,0,0,0,0,0,0,0,0,0,0,0,0,0,0,0,0,0,0,0,0,0,0
2022-09-06,0.5,0.0,0.5,0.0,0.5,0.5,1.0,1.0,0.0,0.0,10.0,1.0,0.0,1.0,0.0,,0.0,0.0,2.5,0.0,1.0,0.5,0.0,6.0,5.5,0.5,1.0,,4.0,9.5,1.5,0.5,0.5,1.0,0.5,1.0,0.0,0.0,0.5,0.0,0,0,0,0,0,0,0,0,0,0,0,0,0,0,0,0,0,0,0,0,0,0,0,0,0,0,0,0,0,0,0,0,0,0,0,0,0,0,0,0
2022-09-07,1.0,7.5,5.0,34.5,,7.0,7.0,8.5,,,3.0,15.5,22.5,34.5,,,12.5,49.0,,,19.5,,,51.0,20.0,28.0,20.0,,11.0,30.5,12.0,16.5,,11.0,12.0,,3.5,58.0,6.0,1.5,0,0,0,0,0,0,0,0,0,0,0,0,0,0,0,0,0,0,0,0,0,0,0,0,0,0,0,0,0,0,0,0,0,0,0,0,0,0,0,0
2022-09-08,0.5,1.5,1.5,0.5,0.5,1.0,1.0,0.5,,,0.5,2.0,7.0,4.0,5.5,,2.0,1.5,,,8.0,,1.5,0.0,8.5,2.5,8.0,,0.0,20.5,1.5,4.5,30.5,2.5,0.0,6.5,4.0,1.0,0.5,0.5,0,0,0,0,0,0,0,0,0,0,0,0,0,0,0,0,0,0,0,0,0,0,0,0,0,0,0,0,0,0,0,0,0,0,0,0,0,0,0,0
2022-09-09,2.0,19.5,15.0,12.0,11.5,2.0,2.0,2.5,8.5,,1.5,1.5,4.0,2.5,8.5,,21.0,28.5,8.0,17.0,8.0,,24.0,1.0,10.5,14.0,7.5,,3.0,6.5,2.0,21.0,6.0,2.5,1.5,7.5,11.5,24.5,1.5,19.5,0,0,0,0,0,0,0,0,0,0,0,0,0,0,0,0,0,0,0,0,0,0,0,0,0,0,0,0,0,0,0,0,0,0,0,0,0,0,0,0
2022-09-10,0.5,1.0,1.5,1.5,17.5,0.0,0.0,0.0,0.0,,0.5,0.0,0.5,,2.0,,5.0,1.5,0.0,1.0,0.5,,,5.5,0.0,2.0,0.5,,2.0,,3.0,0.0,0.5,0.0,2.0,0.5,0.5,2.0,4.5,4.5,0,0,0,0,0,0,0,0,0,0,0,0,0,0,0,0,0,0,0,0,0,0,0,0,0,0,0,0,0,0,0,0,0,0,0,0,0,0,0,0
2022-09-11,2.0,0.0,0.0,0.0,0.5,0.0,0.0,0.0,0.0,,1.0,0.0,0.0,0.0,0.5,,0.0,0.0,0.5,0.0,0.5,,0.0,6.0,0.0,0.0,0.0,,5.5,0.0,0.0,0.0,0.0,0.0,1.0,0.0,0.0,0.0,0.0,0.0,0,0,0,0,0,0,0,0,0,0,0,0,0,0,0,0,0,0,0,0,0,0,0,0,0,0,0,0,0,0,0,0,0,0,0,0,0,0,0,0
2022-09-12,23.0,6.5,15.0,3.0,,5.0,4.5,17.0,,,35.0,2.5,4.5,4.0,,,6.5,3.5,4.0,4.0,4.0,,6.5,20.5,4.5,6.5,4.0,,24.5,,3.5,3.5,5.0,3.0,14.0,,23.5,8.0,60.0,23.5,0,0,0,0,0,0,0,0,0,0,0,0,0,0,0,0,0,0,0,0,0,0,0,0,0,0,0,0,0,0,0,0,0,0,0,0,0,0,0,0
2022-09-13,37.0,,18.5,35.0,34.5,,,,,,,,,18.0,,,65.0,,,,,,,10.5,,64.0,,,23.5,5.0,,17.5,6.0,3.0,,,17.5,,8.5,60.5,0,0,0,0,0,0,0,0,0,0,0,0,0,0,0,0,0,0,0,0,0,0,0,0,0,0,0,0,0,0,0,0,0,0,0,0,0,0,0,0
2022-09-14,,,,,,,,,,,,,,,,,,,,,,,,,,,,,,,,,,,,,,,,,0,0,0,0,0,0,0,0,0,0,0,0,0,0,0,0,0,0,0,0,0,0,0,0,0,0,0,0,0,0,0,0,0,0,0,0,0,0,0,0
2022-09-15,47.5,0.5,0.0,7.5,,54.5,51.5,9.0,,,3.5,67.5,16.0,16.0,0.0,,2.0,5.0,20.5,2.5,55.0,,0.0,4.5,0.0,1.5,52.5,,20.0,8.5,31.5,0.0,47.0,55.5,2.5,,0.0,3.0,31.5,0.5,0,0,0,0,0,0,0,0,0,0,0,0,0,0,0,0,0,0,0,0,0,0,0,0,0,0,0,0,0,0,0,0,0,0,0,0,0,0,0,0
2022-09-16,,,,,,,,,,,,,,,,,,,,,,,,,,,,,,,,,,,,,,,,,0,0,0,0,0,0,0,0,0,0,0,0,0,0,0,0,0,0,0,0,0,0,0,0,0,0,0,0,0,0,0,0,0,0,0,0,0,0,0,0
2022-09-17,2.0,6.5,22.0,40.0,4.5,19.0,24.0,48.5,0.0,2.5,35.5,26.5,,31.0,0.0,,21.5,6.5,64.0,10.0,20.5,,13.5,45.0,0.0,29.5,27.0,43.0,43.5,0.0,1.0,5.0,8.0,21.5,16.5,33.0,0.0,6.0,0.5,5.5,0,0,0,0,0,0,0,0,0,0,0,0,0,0,0,0,0,0,0,0,0,0,0,0,0,0,0,0,0,0,0,0,0,0,0,0,0,0,0,0
2022-09-18,30.0,,0.5,31.5,32.0,40.0,39.5,33.0,0.0,,26.0,49.5,0.5,2.5,,,0.5,0.0,6.0,0.0,0.0,,0.0,17.5,0.0,0.0,0.5,,42.5,0.0,29.0,0.0,,53.5,,10.5,0.0,1.0,47.0,24.0,0,0,0,0,0,0,0,0,0,0,0,0,0,0,0,0,0,0,0,0,0,0,0,0,0,0,0,0,0,0,0,0,0,0,0,0,0,0,0,0
2022-09-19,,,,,,,,,,,,,,,,,,,,,,,,,,,,,,,,,,,,,,,,,0,0,0,0,0,0,0,0,0,0,0,0,0,0,0,0,0,0,0,0,0,0,0,0,0,0,0,0,0,0,0,0,0,0,0,0,0,0,0,0
2022-09-20,,,,,,,,,,,,,,,,,,,,,,,,,,,,,,,,,,,,,,,,,0,0,0,0,0,0,0,0,0,0,0,0,0,0,0,0,0,0,0,0,0,0,0,0,0,0,0,0,0,0,0,0,0,0,0,0,0,0,0,0
2022-09-21,,,,,,,,,,,,,,,,,,,,,,,,,,,,,,,,,,,,,,,,,0,0,0,0,0,0,0,0,0,0,0,0,0,0,0,0,0,0,0,0,0,0,0,0,0,0,0,0,0,0,0,0,0,0,0,0,0,0,0,0
2022-09-22,,,,,,,,,,,,,,,,,,,,,,,,,,,,,,,,,,,,,,,,,0,0,0,0,0,0,0,0,0,0,0,0,0,0,0,0,0,0,0,0,0,0,0,0,0,0,0,0,0,0,0,0,0,0,0,0,0,0,0,0
2022-09-23,,,,,,,,,,,,,,,,,,,,,,,,,,,,,,,,,,,,,,,,,0,0,0,0,0,0,0,0,0,0,0,0,0,0,0,0,0,0,0,0,0,0,0,0,0,0,0,0,0,0,0,0,0,0,0,0,0,0,0,0
2022-09-24,,,,,,,,,,,,,,,,,,,,,,,,,,,,,,,,,,,,,,,,,0,0,0,0,0,0,0,0,0,0,0,0,0,0,0,0,0,0,0,0,0,0,0,0,0,0,0,0,0,0,0,0,0,0,0,0,0,0,0,0
2022-09-25,,,,,,,,,,,,,,,,,,,,,,,,,,,,,,,,,,,,,,,,,0,0,0,0,0,0,0,0,0,0,0,0,0,0,0,0,0,0,0,0,0,0,0,0,0,0,0,0,0,0,0,0,0,0,0,0,0,0,0,0
2022-09-26,,,95.5,,,,,,,,,,,,,,112.0,,,,,,151.0,,,,,,,,,,,,,,,,,,0,0,0,0,0,0,0,0,0,0,0,0,0,0,0,0,0,0,0,0,0,0,0,0,0,0,0,0,0,0,0,0,0,0,0,0,0,0,0,0
2022-09-27,,,,,,,,,,,,,,,,,,,,,,,,,,,,,,,,,,,,,,,,,0,0,0,0,0,0,0,0,0,0,0,0,0,0,0,0,0,0,0,0,0,0,0,0,0,0,0,0,0,0,0,0,0,0,0,0,0,0,0,0
2022-09-28,4.0,,38.5,11.0,0.5,6.5,2.0,1.0,45.0,5.0,0.5,10.0,28.5,33.5,3.5,0.5,60.5,41.0,82.0,29.0,47.0,7.5,65.5,3.0,15.5,117.5,43.0,,13.0,5.5,2.0,21.0,31.0,6.0,5.0,,3.0,5.0,0.0,1.0,0,0,0,0,0,0,0,0,0,0,0,0,0,0,0,0,0,0,0,0,0,0,0,0,0,0,0,0,0,0,0,0,0,0,0,0,0,0,0,0
2022-09-29,0.5,,0.5,0.0,0.0,0.0,0.5,0.0,1.0,0.0,0.0,0.0,0.0,,2.0,0.5,0.5,0.0,0.5,0.5,43.5,,,0.0,1.0,0.0,0.5,,0.5,0.5,0.0,0.5,0.5,0.5,0.5,,1.5,0.0,0.5,0.5,0,0,0,0,0,0,0,0,0,0,0,0,0,0,0,0,0,0,0,0,0,0,0,0,0,0,0,0,0,0,0,0,0,0,0,0,0,0,0,0
2022-09-30,0.5,0.0,0.0,6.0,15.0,14.5,15.0,19.0,0.0,9.0,21.5,2.5,0.5,21.0,0.0,5.5,0.0,0.0,11.0,,4.0,1.5,0.0,2.0,0.0,10.5,2.5,,0.0,0.0,3.5,0.0,0.0,2.0,19.5,3.5,0.0,0.0,8.5,0.0,0,0,0,0,0,0,0,0,0,0,0,0,0,0,0,0,0,0,0,0,0,0,0,0,0,0,0,0,0,0,0,0,0,0,0,0,0,0,0,0
2022-10-01,2.5,,1.0,3.0,10.5,13.5,15.0,5.5,0.0,1.5,3.0,9.5,,4.0,,,5.0,4.5,5.0,,7.0,,,29.5,0.0,,2.0,,8.5,1.0,16.0,1.5,4.5,11.5,,8.0,0.5,4.5,3.5,0.0,0,0,0,0,0,0,0,0,0,0,0,0,0,0,0,0,0,0,0,0,0,0,0,0,0,0,0,0,0,0,0,0,0,0,0,0,0,0,0,0
2022-10-02,3.0,,108.5,73.0,31.0,15.0,15.0,6.5,68.5,19.5,11.5,17.0,65.0,35.0,152.0,,93.0,71.5,65.5,,64.0,4.0,101.0,13.0,50.0,81.0,51.0,98.5,18.5,69.5,26.5,83.0,81.5,21.5,8.0,52.5,72.0,48.0,13.0,45.5,0,0,0,0,0,0,0,0,0,0,0,0,0,0,0,0,0,0,0,0,0,0,0,0,0,0,0,0,0,0,0,0,0,0,0,0,0,0,0,0
2022-10-03,,,,,,,,,,,,,,,,,,,,,,,,,,,,,,,,,,,,,,,,,0,0,0,0,0,0,0,0,0,0,0,0,0,0,0,0,0,0,0,0,0,0,0,0,0,0,0,0,0,0,0,0,0,0,0,0,0,0,0,0
2022-10-04,,,,,,,,,,,,,,,,,,,,,,,,,,,,,,,,,,,,,,,,,0,0,0,0,0,0,0,0,0,0,0,0,0,0,0,0,0,0,0,0,0,0,0,0,0,0,0,0,0,0,0,0,0,0,0,0,0,0,0,0
2022-10-05,,,,,,,,,,,,,,,,,,,,,,,,,,,,,,,,,,,,,,,,,0,0,0,0,0,0,0,0,0,0,0,0,0,0,0,0,0,0,0,0,0,0,0,0,0,0,0,0,0,0,0,0,0,0,0,0,0,0,0,0
2022-10-06,,,,,,,,,,,,,,,,,,,,,,,,,,,,,,,,,,,,,,,,,0,0,0,0,0,0,0,0,0,0,0,0,0,0,0,0,0,0,0,0,0,0,0,0,0,0,0,0,0,0,0,0,0,0,0,0,0,0,0,0
2022-10-07,2.5,17.0,17.5,30.5,10.0,7.0,6.5,5.5,50.0,14.0,5.0,6.5,31.0,31.0,17.5,22.5,13.5,23.0,38.0,28.0,31.0,1.5,16.0,9.5,50.0,20.5,30.5,,3.5,40.5,9.0,22.0,35.5,7.0,,34.0,37.0,28.5,8.5,0.0,0,0,0,0,0,0,0,0,0,0,0,0,0,0,0,0,0,0,0,0,0,0,0,0,0,0,0,0,0,0,0,0,0,0,0,0,0,0,0,0
2022-10-08,2.5,21.5,29.0,10.0,12.0,9.0,8.5,7.0,2.0,34.0,6.5,4.5,21.0,14.5,31.0,9.5,21.5,17.5,15.5,20.5,10.5,2.5,24.0,7.5,0.5,12.5,15.5,,2.5,16.0,7.5,10.5,18.0,5.5,6.0,12.0,3.0,18.0,12.5,0.0,0,0,0,0,0,0,0,0,0,0,0,0,0,0,0,0,0,0,0,0,0,0,0,0,0,0,0,0,0,0,0,0,0,0,0,0,0,0,0,0
2022-10-09,1.0,0.0,0.0,0.0,0.0,0.0,0.0,0.0,0.0,1.0,0.0,0.0,,0.0,0.0,0.0,0.5,0.0,0.0,0.0,0.0,1.5,0.0,9.5,1.0,0.0,0.5,,0.5,0.5,0.0,0.0,0.0,0.0,4.0,0.0,0.0,0.0,0.0,0.5,0,0,0,0,0,0,0,0,0,0,0,0,0,0,0,0,0,0,0,0,0,0,0,0,0,0,0,0,0,0,0,0,0,0,0,0,0,0,0,0
2022-10-10,7.5,0.0,0.0,3.0,1.5,1.0,3.0,0.0,0.0,0.5,0.5,4.5,3.5,11.0,0.0,0.0,0.0,0.0,2.0,1.0,,32.5,0.0,2.5,0.0,0.0,0.5,,6.5,0.5,3.0,0.0,0.0,7.0,0.0,2.0,0.0,0.0,0.5,0.0,0,0,0,0,0,0,0,0,0,0,0,0,0,0,0,0,0,0,0,0,0,0,0,0,0,0,0,0,0,0,0,0,0,0,0,0,0,0,0,0
2022-10-11,31.0,,2.0,1.0,0.5,10.0,6.0,39.5,0.5,53.0,14.0,11.0,,0.0,1.0,0.5,1.0,0.5,0.5,,0.0,,,31.5,0.5,1.0,0.0,0.5,28.0,0.0,1.5,0.5,0.5,11.5,,0.0,3.0,0.5,26.0,0.0,0,0,0,0,0,0,0,0,0,0,0,0,0,0,0,0,0,0,0,0,0,0,0,0,0,0,0,0,0,0,0,0,0,0,0,0,0,0,0,0
2022-10-12,17.5,16.0,22.0,4.5,13.5,25.5,23.0,24.0,15.5,26.5,23.0,34.0,1.0,6.5,,3.5,46.0,9.5,38.5,9.0,,19.5,44.0,16.0,28.5,41.0,43.5,22.0,18.5,25.5,15.5,31.5,,32.0,7.0,58.5,30.5,7.0,26.0,0.0,0,0,0,0,0,0,0,0,0,0,0,0,0,0,0,0,0,0,0,0,0,0,0,0,0,0,0,0,0,0,0,0,0,0,0,0,0,0,0,0
2022-10-13,1.5,10.0,7.5,2.0,1.5,0.5,1.0,1.0,5.5,0.0,0.0,5.0,0.5,4.0,23.5,7.0,1.5,2.0,4.5,3.0,45.5,1.5,2.0,1.5,5.5,4.0,0.5,3.5,5.0,5.5,2.5,2.5,2.0,4.5,2.5,1.0,3.0,5.0,0.5,0.0,0,0,0,0,0,0,0,0,0,0,0,0,0,0,0,0,0,0,0,0,0,0,0,0,0,0,0,0,0,0,0,0,0,0,0,0,0,0,0,0
2022-10-14,,,,,,,,,,,,,,,,,,,,,,,,,,,,,,,,,,,,,,,,,0,0,0,0,0,0,0,0,0,0,0,0,0,0,0,0,0,0,0,0,0,0,0,0,0,0,0,0,0,0,0,0,0,0,0,0,0,0,0,0
2022-10-15,19.0,14.0,23.0,8.0,21.0,13.5,20.0,7.5,22.5,,32.0,11.5,18.5,4.0,53.0,25.5,41.5,39.5,10.5,45.5,3.0,4.0,38.0,22.0,35.5,34.5,3.0,24.5,9.0,24.5,23.5,35.0,18.5,17.5,32.0,2.5,12.0,33.5,22.0,,0,0,0,0,0,0,0,0,0,0,0,0,0,0,0,0,0,0,0,0,0,0,0,0,0,0,0,0,0,0,0,0,0,0,0,0,0,0,0,0
2022-10-16,26.0,0.5,22.0,6.0,2.5,3.0,5.0,9.5,22.5,,0.0,25.5,34.0,17.5,,3.0,49.0,20.5,16.0,22.0,46.5,5.0,32.5,0.5,38.5,30.0,42.0,33.5,32.0,66.0,5.5,43.0,34.5,26.5,0.0,32.0,8.5,32.0,4.0,2.5,0,0,0,0,0,0,0,0,0,0,0,0,0,0,0,0,0,0,0,0,0,0,0,0,0,0,0,0,0,0,0,0,0,0,0,0,0,0,0,0
2022-10-17,21.5,,0.5,0.0,0.5,1.5,1.0,1.5,0.0,,1.5,0.5,1.0,2.0,2.0,5.5,0.0,0.0,2.0,,1.0,20.0,0.5,1.5,0.0,0.0,1.0,0.0,3.0,0.5,11.5,0.5,0.0,1.0,0.5,2.5,0.0,1.5,1.5,0.0,0,0,0,0,0,0,0,0,0,0,0,0,0,0,0,0,0,0,0,0,0,0,0,0,0,0,0,0,0,0,0,0,0,0,0,0,0,0,0,0
2022-10-18,,,,,,,,,,,,,,,,,,,,,,,,,,,,,,,,,,,,,,,,,0,0,0,0,0,0,0,0,0,0,0,0,0,0,0,0,0,0,0,0,0,0,0,0,0,0,0,0,0,0,0,0,0,0,0,0,0,0,0,0
2022-10-19,17.5,,1.5,0.0,0.0,0.5,0.0,0.0,0.0,,0.5,0.0,0.0,0.0,0.0,0.0,0.0,0.0,0.0,0.0,0.0,39.5,0.0,5.5,0.0,0.0,0.0,0.0,5.0,0.0,0.0,0.0,0.0,0.0,0.5,0.0,0.0,1.0,0.0,0.0,0,0,0,0,0,0,0,0,0,0,0,0,0,0,0,0,0,0,0,0,0,0,0,0,0,0,0,0,0,0,0,0,0,0,0,0,0,0,0,0
2022-10-20,0.5,0.0,0.0,0.5,77.0,8.5,9.0,13.5,0.0,15.0,1.0,21.5,0.0,1.0,0.0,8.5,0.5,0.0,0.0,0.0,0.0,0.0,2.5,1.0,0.0,0.0,0.0,0.0,1.5,0.0,52.0,0.0,0.0,29.5,0.0,0.0,0.0,0.0,3.5,1.0,0,0,0,0,0,0,0,0,0,0,0,0,0,0,0,0,0,0,0,0,0,0,0,0,0,0,0,0,0,0,0,0,0,0,0,0,0,0,0,0
2022-10-21,0.0,,1.5,0.0,0.5,0.0,0.0,0.0,8.0,,0.0,0.0,0.0,0.0,5.5,0.5,1.0,0.5,0.0,1.0,0.0,0.0,,0.5,12.5,0.5,0.0,3.5,0.5,0.0,0.5,3.0,0.0,0.0,0.0,0.0,10.5,0.5,0.0,1.5,0,0,0,0,0,0,0,0,0,0,0,0,0,0,0,0,0,0,0,0,0,0,0,0,0,0,0,0,0,0,0,0,0,0,0,0,0,0,0,0
2022-10-22,,,,,,,,,,,,,,,,,,,,,,,,,,,,,,,,,,,,,,,,,0,0,0,0,0,0,0,0,0,0,0,0,0,0,0,0,0,0,0,0,0,0,0,0,0,0,0,0,0,0,0,0,0,0,0,0,0,0,0,0
2022-10-23,,,,,,,,,,,,,,,,,,,,,,,,,,,,,,,,,,,,,,,,,0,0,0,0,0,0,0,0,0,0,0,0,0,0,0,0,0,0,0,0,0,0,0,0,0,0,0,0,0,0,0,0,0,0,0,0,0,0,0,0
2022-10-24,,,,,,,,,,,,,,,,,,,,,,,,,,,,,,,,,,,,,,,,,0,0,0,0,0,0,0,0,0,0,0,0,0,0,0,0,0,0,0,0,0,0,0,0,0,0,0,0,0,0,0,0,0,0,0,0,0,0,0,0
2022-10-25,18.5,,0.0,0.0,1.5,0.0,0.0,0.0,1.5,,0.5,0.0,0.0,0.0,0.0,0.0,0.0,0.0,0.0,0.0,0.0,13.5,0.0,0.5,4.5,0.0,0.0,0.5,6.0,0.0,0.5,0.0,0.5,,0.0,0.0,0.0,0.0,0.0,0.0,0,0,0,0,0,0,0,0,0,0,0,0,0,0,0,0,0,0,0,0,0,0,0,0,0,0,0,0,0,0,0,0,0,0,0,0,0,0,0,0
2022-10-26,8.5,,62.0,19.5,5.5,8.5,8.0,14.5,37.5,,22.0,14.5,8.5,26.0,47.0,29.0,16.5,16.0,30.5,16.0,33.5,8.5,22.0,15.5,40.0,19.5,37.5,31.0,18.5,20.5,6.5,26.0,12.0,15.5,8.0,48.0,70.5,17.0,9.5,28.5,0,0,0,0,0,0,0,0,0,0,0,0,0,0,0,0,0,0,0,0,0,0,0,0,0,0,0,0,0,0,0,0,0,0,0,0,0,0,0,0
2022-10-27,17.5,,28.5,10.0,11.0,,7.0,6.0,11.0,,13.5,10.0,18.0,32.5,34.5,9.0,21.0,16.5,30.0,15.0,42.5,24.0,21.5,12.0,11.5,19.5,41.0,29.0,2.5,8.5,16.0,32.5,21.0,11.5,18.5,41.5,13.0,16.0,9.0,6.0,0,0,0,0,0,0,0,0,0,0,0,0,0,0,0,0,0,0,0,0,0,0,0,0,0,0,0,0,0,0,0,0,0,0,0,0,0,0,0,0
2022-10-28,13.0,0.5,2.0,4.0,5.0,,0.0,0.5,0.0,,4.0,0.5,0.0,12.0,3.5,4.0,6.5,7.0,6.0,5.0,0.0,15.0,,4.5,0.0,4.5,0.0,,10.5,3.0,2.0,0.5,0.0,0.5,0.0,2.0,0.0,5.5,1.0,4.5,0,0,0,0,0,0,0,0,0,0,0,0,0,0,0,0,0,0,0,0,0,0,0,0,0,0,0,0,0,0,0,0,0,0,0,0,0,0,0,0
2022-10-29,,,,,,,,,,,,,,,,,,,,,,,,,,,,,,,,,,,,,,,,,0,0,0,0,0,0,0,0,0,0,0,0,0,0,0,0,0,0,0,0,0,0,0,0,0,0,0,0,0,0,0,0,0,0,0,0,0,0,0,0
2022-10-30,,,,,,,,,,,,,,,,,,,,,,,,,,,,,,,,,,,,,,,,,0,0,0,0,0,0,0,0,0,0,0,0,0,0,0,0,0,0,0,0,0,0,0,0,0,0,0,0,0,0,0,0,0,0,0,0,0,0,0,0
2022-10-31,7.0,,1.5,0.0,2.0,,2.0,1.0,13.5,0.5,2.5,1.0,0.5,2.5,8.5,0.0,0.5,0.0,7.0,0.0,6.5,13.5,1.5,1.5,8.5,1.5,5.5,,12.5,9.5,0.0,26.5,3.0,2.0,2.5,,4.5,0.0,2.0,2.0,0,0,0,0,0,0,0,0,0,0,0,0,0,0,0,0,0,0,0,0,0,0,0,0,0,0,0,0,0,0,0,0,0,0,0,0,0,0,0,0
2022-11-01,,,,,,,,,,,,,,,,,,,,,,,,,,,,,,,,,,,,,,,,,0,0,0,0,0,0,0,0,0,0,0,0,0,0,0,0,0,0,0,0,0,0,0,0,0,0,0,0,0,0,0,0,0,0,0,0,0,0,0,0
2022-11-02,,,,,,,,,,,,,,,,,,,,,,,,,,,,,,,,,,,,,,,,,0,0,0,0,0,0,0,0,0,0,0,0,0,0,0,0,0,0,0,0,0,0,0,0,0,0,0,0,0,0,0,0,0,0,0,0,0,0,0,0
2022-11-03,,,,,,,,,,,,,,,,,,,,,,,,,,,,,,,,,,,,,,,,,0,0,0,0,0,0,0,0,0,0,0,0,0,0,0,0,0,0,0,0,0,0,0,0,0,0,0,0,0,0,0,0,0,0,0,0,0,0,0,0
2022-11-04,13.0,,12.5,10.5,17.0,,6.5,4.0,12.0,,6.0,4.5,9.0,8.5,18.5,17.0,12.5,10.0,8.5,10.5,13.5,8.0,11.5,9.5,,9.0,8.0,,11.0,8.5,11.0,,10.5,5.0,0.0,9.0,14.0,12.5,10.0,33.5,0,0,0,0,0,0,0,0,0,0,0,0,0,0,0,0,0,0,0,0,0,0,0,0,0,0,0,0,0,0,0,0,0,0,0,0,0,0,0,0
2022-11-05,,,,,,,,,,,,,,,,,,,,,,,,,,,,,,,,,,,,,,,,,0,0,0,0,0,0,0,0,0,0,0,0,0,0,0,0,0,0,0,0,0,0,0,0,0,0,0,0,0,0,0,0,0,0,0,0,0,0,0,0
2022-11-06,7.5,33.5,34.0,33.0,37.0,,36.5,25.0,40.5,,15.5,20.5,58.5,,72.5,41.0,35.5,36.5,,36.0,61.5,,40.0,16.0,,38.5,55.0,,19.0,50.0,41.0,44.5,69.5,25.0,,,58.5,39.0,,45.5,0,0,0,0,0,0,0,0,0,0,0,0,0,0,0,0,0,0,0,0,0,0,0,0,0,0,0,0,0,0,0,0,0,0,0,0,0,0,0,0
2022-11-07,,,,,,,,,,,,,,,,,,,,,,,,,,,,,,,,,,,,,,,,,0,0,0,0,0,0,0,0,0,0,0,0,0,0,0,0,0,0,0,0,0,0,0,0,0,0,0,0,0,0,0,0,0,0,0,0,0,0,0,0
2022-11-08,,,,,,,,,,,,,,,,,,,,,,,,,,,,,,,,,,,,,,,,,0,0,0,0,0,0,0,0,0,0,0,0,0,0,0,0,0,0,0,0,0,0,0,0,0,0,0,0,0,0,0,0,0,0,0,0,0,0,0,0
2022-11-09,,,,,,,,,,,,,,,,,,,,,,,,,,,,,,,,,,,,,,,,,0,0,0,0,0,0,0,0,0,0,0,0,0,0,0,0,0,0,0,0,0,0,0,0,0,0,0,0,0,0,0,0,0,0,0,0,0,0,0,0
2022-11-10,40.0,21.0,23.0,43.0,27.0,27.5,24.5,39.5,12.0,,14.5,48.5,22.5,18.0,15.0,35.0,21.0,16.5,24.0,12.5,,28.0,21.5,73.5,,,18.0,,43.5,16.0,23.0,42.5,17.0,44.0,16.5,17.5,5.0,19.0,23.5,27.0,0,0,0,0,0,0,0,0,0,0,0,0,0,0,0,0,0,0,0,0,0,0,0,0,0,0,0,0,0,0,0,0,0,0,0,0,0,0,0,0
2022-11-11,53.0,22.0,30.0,24.0,17.0,18.5,16.0,3.0,4.5,42.5,12.5,3.0,9.5,57.5,42.0,2.0,69.5,69.5,18.5,62.5,4.0,48.0,52.0,15.0,,81.5,4.0,,,1.5,28.0,50.5,11.0,0.0,16.0,5.5,3.5,45.5,29.0,42.5,0,0,0,0,0,0,0,0,0,0,0,0,0,0,0,0,0,0,0,0,0,0,0,0,0,0,0,0,0,0,0,0,0,0,0,0,0,0,0,0
2022-11-12,1.5,1.0,0.5,1.5,12.5,1.0,1.0,1.5,1.0,,2.0,0.0,0.0,0.5,1.5,3.5,0.5,1.0,1.0,1.0,0.5,1.5,0.5,35.0,,1.0,0.5,,2.0,1.0,2.5,1.0,15.5,0.5,6.5,1.0,1.5,1.0,5.5,3.5,0,0,0,0,0,0,0,0,0,0,0,0,0,0,0,0,0,0,0,0,0,0,0,0,0,0,0,0,0,0,0,0,0,0,0,0,0,0,0,0
2022-11-13,4.5,2.0,2.0,2.0,,43.0,64.0,8.5,0.5,,18.0,31.0,7.5,,3.0,31.0,2.0,0.5,,,0.0,,3.0,57.0,,,0.5,,36.5,6.0,35.0,,25.0,97.5,53.5,0.0,2.0,0.5,3.5,8.5,0,0,0,0,0,0,0,0,0,0,0,0,0,0,0,0,0,0,0,0,0,0,0,0,0,0,0,0,0,0,0,0,0,0,0,0,0,0,0,0
2022-11-14,,,,,,,,,,,,,,,,,,,,,,,,,,,,,,,,,,,,,,,,,0,0,0,0,0,0,0,0,0,0,0,0,0,0,0,0,0,0,0,0,0,0,0,0,0,0,0,0,0,0,0,0,0,0,0,0,0,0,0,0
2022-11-15,14.0,7.5,6.5,19.5,24.5,15.0,17.5,10.5,12.0,,14.0,10.0,3.5,57.5,2.5,6.5,15.0,11.5,29.0,8.5,23.5,,14.0,13.0,,,23.5,,9.0,24.0,42.0,9.5,14.0,12.0,14.5,40.5,10.5,7.5,9.5,7.0,0,0,0,0,0,0,0,0,0,0,0,0,0,0,0,0,0,0,0,0,0,0,0,0,0,0,0,0,0,0,0,0,0,0,0,0,0,0,0,0
2022-11-16,4.5,3.5,3.0,1.0,1.0,1.5,1.5,1.5,4.5,,1.5,0.5,1.5,0.5,3.0,1.0,1.5,2.0,1.0,1.5,0.5,4.0,1.5,1.5,2.5,,1.0,,2.0,2.0,1.5,1.5,1.5,1.5,1.0,1.0,5.0,1.5,1.5,0.5,0,0,0,0,0,0,0,0,0,0,0,0,0,0,0,0,0,0,0,0,0,0,0,0,0,0,0,0,0,0,0,0,0,0,0,0,0,0,0,0
2022-11-17,0.0,11.5,15.0,3.0,0.0,14.0,15.5,24.0,2.5,,11.0,11.5,4.5,6.0,18.0,0.0,5.0,4.5,19.5,3.5,7.5,0.0,2.0,5.5,,,15.5,4.5,1.5,0.0,9.0,5.0,,15.5,12.0,12.0,0.0,1.5,0.5,1.0,0,0,0,0,0,0,0,0,0,0,0,0,0,0,0,0,0,0,0,0,0,0,0,0,0,0,0,0,0,0,0,0,0,0,0,0,0,0,0,0
2022-11-18,3.0,38.0,17.0,6.0,4.5,2.0,2.0,1.5,18.5,,14.0,1.0,12.0,7.5,20.0,6.5,10.5,10.0,11.5,10.0,9.5,,9.5,15.0,,15.0,10.0,,10.0,18.0,4.0,19.0,16.5,1.5,8.5,14.5,18.0,8.5,1.5,7.5,0,0,0,0,0,0,0,0,0,0,0,0,0,0,0,0,0,0,0,0,0,0,0,0,0,0,0,0,0,0,0,0,0,0,0,0,0,0,0,0
2022-11-19,,,,,,,,,,,,,,,,,,,,,,,,,,,,,,,,,,,,,,,,,0,0,0,0,0,0,0,0,0,0,0,0,0,0,0,0,0,0,0,0,0,0,0,0,0,0,0,0,0,0,0,0,0,0,0,0,0,0,0,0
2022-11-20,11.0,0.0,0.5,0.5,2.0,0.0,0.5,0.5,5.5,,0.0,6.5,0.0,2.0,0.0,1.5,0.5,0.0,2.0,0.5,1.5,,0.5,0.0,,0.5,3.0,,0.0,1.5,0.0,3.0,0.0,7.5,0.0,2.5,5.0,0.0,0.5,2.0,0,0,0,0,0,0,0,0,0,0,0,0,0,0,0,0,0,0,0,0,0,0,0,0,0,0,0,0,0,0,0,0,0,0,0,0,0,0,0,0
2022-11-21,14.5,0.0,0.0,0.0,0.0,0.5,0.0,0.0,0.0,,2.0,0.0,0.0,0.0,0.0,0.5,0.0,0.0,0.0,0.0,0.0,11.5,0.0,3.0,,,0.0,,15.0,0.0,0.0,,0.0,0.0,2.0,0.0,1.0,0.0,6.0,0.5,0,0,0,0,0,0,0,0,0,0,0,0,0,0,0,0,0,0,0,0,0,0,0,0,0,0,0,0,0,0,0,0,0,0,0,0,0,0,0,0
2022-11-22,,,,,,,,,,,,,,,,,,,,,,,,,,,,,,,,,,,,,,,,,0,0,0,0,0,0,0,0,0,0,0,0,0,0,0,0,0,0,0,0,0,0,0,0,0,0,0,0,0,0,0,0,0,0,0,0,0,0,0,0
2022-11-23,,,,,,,,,,,,,,,,,,,,,,,,,,,,,,,,,,,,,,,,,0,0,0,0,0,0,0,0,0,0,0,0,0,0,0,0,0,0,0,0,0,0,0,0,0,0,0,0,0,0,0,0,0,0,0,0,0,0,0,0
2022-11-24,0.0,0.0,0.0,0.0,0.0,0.0,0.0,0.0,0.0,0.0,0.5,0.0,0.0,0.0,0.0,0.0,0.5,0.0,0.0,0.0,0.0,0.0,0.0,0.5,0.0,0.0,0.0,0.5,0.0,0.5,0.0,0.0,0.0,0.0,0.0,0.0,0.5,0.0,0.5,0.0,0,0,0,0,0,0,0,0,0,0,0,0,0,0,0,0,0,0,0,0,0,0,0,0,0,0,0,0,0,0,0,0,0,0,0,0,0,0,0,0
2022-11-25,0.0,16.5,21.0,6.0,10.0,2.5,5.0,2.0,6.0,,1.5,13.5,11.0,8.0,18.0,4.0,25.5,8.5,26.5,10.0,24.0,0.5,28.5,1.5,8.0,18.0,25.5,11.5,0.5,11.5,15.5,12.5,15.5,11.5,9.5,14.5,18.5,15.5,1.5,9.0,0,0,0,0,0,0,0,0,0,0,0,0,0,0,0,0,0,0,0,0,0,0,0,0,0,0,0,0,0,0,0,0,0,0,0,0,0,0,0,0
2022-11-26,20.0,44.0,32.0,18.5,23.5,10.0,13.5,27.5,35.5,27.0,20.5,18.5,3.5,45.0,18.5,30.5,28.0,18.5,32.5,19.5,21.5,9.5,36.0,15.5,,34.5,27.0,48.5,8.0,32.5,16.0,103.0,10.5,16.0,6.0,29.0,18.5,18.0,20.5,16.5,0,0,0,0,0,0,0,0,0,0,0,0,0,0,0,0,0,0,0,0,0,0,0,0,0,0,0,0,0,0,0,0,0,0,0,0,0,0,0,0
2022-11-27,53.0,9.0,6.0,14.5,,0.5,0.0,,0.0,1.0,,0.0,4.0,,2.5,3.0,1.0,2.0,,13.5,16.0,29.5,15.5,,,,23.5,21.0,8.0,1.0,4.5,11.0,14.0,0.0,,,0.5,12.5,0.0,12.5,0,0,0,0,0,0,0,0,0,0,0,0,0,0,0,0,0,0,0,0,0,0,0,0,0,0,0,0,0,0,0,0,0,0,0,0,0,0,0,0
2022-11-28,7.5,0.5,0.0,14.0,1.5,0.0,0.0,0.0,0.0,0.0,0.0,0.0,0.5,3.0,1.5,34.0,0.0,0.0,0.0,0.0,0.0,3.0,0.0,0.0,,,0.0,0.0,0.5,,8.5,0.0,0.5,0.0,1.5,,0.0,9.0,7.5,83.5,0,0,0,0,0,0,0,0,0,0,0,0,0,0,0,0,0,0,0,0,0,0,0,0,0,0,0,0,0,0,0,0,0,0,0,0,0,0,0,0
2022-11-29,,,,,,,,,,,,,,,,,,,,,,,,,,,,,,,,,,,,,,,,,0,0,0,0,0,0,0,0,0,0,0,0,0,0,0,0,0,0,0,0,0,0,0,0,0,0,0,0,0,0,0,0,0,0,0,0,0,0,0,0
2022-11-30,53.0,,3.5,0.5,,3.5,,8.0,4.5,36.5,5.5,1.0,71.0,,,1.0,4.0,0.5,,0.5,29.5,,,27.5,,,25.5,1.5,37.5,0.0,1.0,2.0,,1.5,19.0,,0.5,0.5,7.5,1.5,0,0,0,0,0,0,0,0,0,0,0,0,0,0,0,0,0,0,0,0,0,0,0,0,0,0,0,0,0,0,0,0,0,0,0,0,0,0,0,0
2022-12-01,7.0,,0.0,,,0.0,,,0.0,,,2.0,0.0,,,,0.0,,,0.0,0.0,,,0.0,,0.0,0.0,,1.5,,1.0,0.0,,1.5,,,0.0,,,0.5,0,0,0,0,0,0,0,0,0,0,0,0,0,0,0,0,0,0,0,0,0,0,0,0,0,0,0,0,0,0,0,0,0,0,0,0,0,0,0,0
2022-12-02,7.5,,29.0,32.5,,1.0,1.5,3.0,0.0,,5.0,22.0,20.0,,,17.0,27.0,47.0,,69.0,31.5,,,0.5,,18.5,28.0,2.5,3.0,10.5,21.0,14.0,9.0,19.0,0.0,,3.0,86.0,,17.0,0,0,0,0,0,0,0,0,0,0,0,0,0,0,0,0,0,0,0,0,0,0,0,0,0,0,0,0,0,0,0,0,0,0,0,0,0,0,0,0
2022-12-03,4.5,,2.5,7.5,10.5,16.5,17.5,4.5,4.5,,0.0,12.0,1.5,,0.0,17.0,14.5,14.5,,8.5,3.5,0.0,8.5,1.0,,13.5,4.5,2.0,8.5,3.5,11.0,4.0,1.5,11.0,,,25.0,9.5,20.5,10.5,0,0,0,0,0,0,0,0,0,0,0,0,0,0,0,0,0,0,0,0,0,0,0,0,0,0,0,0,0,0,0,0,0,0,0,0,0,0,0,0
2022-12-04,,,,,,,,,,,,,,,,,,,,,,,,,,,,,,,,,,,,,,,,,0,0,0,0,0,0,0,0,0,0,0,0,0,0,0,0,0,0,0,0,0,0,0,0,0,0,0,0,0,0,0,0,0,0,0,0,0,0,0,0
2022-12-05,,,,,,,,,,,,,,,,,,,,,,,,,,,,,,,,,,,,,,,,,0,0,0,0,0,0,0,0,0,0,0,0,0,0,0,0,0,0,0,0,0,0,0,0,0,0,0,0,0,0,0,0,0,0,0,0,0,0,0,0
2022-12-06,1.0,,22.5,11.5,9.5,2.0,2.0,1.0,17.5,,0.5,3.5,32.5,52.0,11.0,34.0,11.5,18.5,31.0,17.0,26.5,1.0,8.0,3.0,,15.5,28.5,10.5,0.5,19.0,5.5,,21.5,5.5,,,26.0,39.5,2.5,35.5,0,0,0,0,0,0,0,0,0,0,0,0,0,0,0,0,0,0,0,0,0,0,0,0,0,0,0,0,0,0,0,0,0,0,0,0,0,0,0,0
2022-12-07,19.0,,21.0,10.5,45.5,13.0,,24.0,9.0,,4.0,29.5,3.5,,9.5,51.5,2.5,4.0,4.0,21.0,17.0,6.0,,11.0,,12.0,22.0,1.5,4.0,24.5,1.5,2.0,14.0,37.0,1.0,,8.5,19.0,0.0,55.0,0,0,0,0,0,0,0,0,0,0,0,0,0,0,0,0,0,0,0,0,0,0,0,0,0,0,0,0,0,0,0,0,0,0,0,0,0,0,0,0
2022-12-08,,,,,,,,,,,,,,,,,,,,,,,,,,,,,,,,,,,,,,,,,0,0,0,0,0,0,0,0,0,0,0,0,0,0,0,0,0,0,0,0,0,0,0,0,0,0,0,0,0,0,0,0,0,0,0,0,0,0,0,0
2022-12-09,,,,,,,,,,,,,,,,,,,,,,,,,,,,,,,,,,,,,,,,,0,0,0,0,0,0,0,0,0,0,0,0,0,0,0,0,0,0,0,0,0,0,0,0,0,0,0,0,0,0,0,0,0,0,0,0,0,0,0,0
2022-12-10,2.0,,0.5,0.0,0.5,0.5,,0.5,0.0,,0.5,0.0,0.5,,,0.5,0.5,0.5,,0.5,0.5,1.5,,0.5,,,0.0,,1.0,0.0,,0.0,0.0,0.5,,,0.5,0.5,1.0,0.5,0,0,0,0,0,0,0,0,0,0,0,0,0,0,0,0,0,0,0,0,0,0,0,0,0,0,0,0,0,0,0,0,0,0,0,0,0,0,0,0
2022-12-11,27.0,,16.5,22.5,,47.0,,30.0,54.5,28.5,25.5,15.0,28.0,,,37.0,,,,5.0,,,,4.0,,,31.0,,13.5,40.0,,46.5,,18.0,,,40.0,,8.0,34.5,0,0,0,0,0,0,0,0,0,0,0,0,0,0,0,0,0,0,0,0,0,0,0,0,0,0,0,0,0,0,0,0,0,0,0,0,0,0,0,0
2022-12-12,29.0,,42.0,22.0,14.5,15.0,12.0,10.5,27.0,23.0,3.5,26.0,31.0,29.0,19.5,18.0,28.5,24.0,19.5,39.0,26.5,43.5,23.5,12.5,,,20.0,8.5,56.5,40.5,13.0,28.5,49.5,22.5,7.0,,25.0,35.5,17.5,35.0,0,0,0,0,0,0,0,0,0,0,0,0,0,0,0,0,0,0,0,0,0,0,0,0,0,0,0,0,0,0,0,0,0,0,0,0,0,0,0,0
2022-12-13,21.5,,15.0,4.5,,22.0,,,14.5,2.0,,22.0,29.0,,,6.0,,,,8.0,31.5,,,9.5,,,37.0,,41.5,15.0,15.5,27.0,51.5,24.0,,,7.0,,,5.5,0,0,0,0,0,0,0,0,0,0,0,0,0,0,0,0,0,0,0,0,0,0,0,0,0,0,0,0,0,0,0,0,0,0,0,0,0,0,0,0
2022-12-14,4.5,,57.5,15.0,3.5,2.0,2.0,36.5,14.5,34.5,4.0,14.0,18.5,10.5,,31.5,60.5,47.5,,49.5,26.0,17.0,75.5,13.0,,46.5,28.5,29.0,37.0,16.0,11.0,44.0,15.5,14.0,1.0,,10.0,41.5,32.0,57.5,0,0,0,0,0,0,0,0,0,0,0,0,0,0,0,0,0,0,0,0,0,0,0,0,0,0,0,0,0,0,0,0,0,0,0,0,0,0,0,0
2022-12-15,,,,,,,,,,,,,,,,,,,,,,,,,,,,,,,,,,,,,,,,,0,0,0,0,0,0,0,0,0,0,0,0,0,0,0,0,0,0,0,0,0,0,0,0,0,0,0,0,0,0,0,0,0,0,0,0,0,0,0,0
2022-12-16,12.0,,7.0,3.5,4.5,4.0,,3.0,4.5,,3.0,1.0,2.0,3.0,,5.0,6.5,,,5.5,3.5,,7.0,4.5,,,4.0,5.0,8.0,3.0,5.5,5.5,3.0,1.5,1.5,,4.0,5.5,5.0,5.5,0,0,0,0,0,0,0,0,0,0,0,0,0,0,0,0,0,0,0,0,0,0,0,0,0,0,0,0,0,0,0,0,0,0,0,0,0,0,0,0
2022-12-17,18.0,,19.5,0.0,0.0,0.0,0.0,0.0,,,3.0,0.0,0.0,0.0,,0.5,4.5,,,0.0,0.5,44.0,3.0,0.5,,,1.0,54.5,33.0,0.0,,38.0,,0.0,2.5,,0.5,0.0,0.0,0.5,0,0,0,0,0,0,0,0,0,0,0,0,0,0,0,0,0,0,0,0,0,0,0,0,0,0,0,0,0,0,0,0,0,0,0,0,0,0,0,0
2022-12-18,49.5,,0.5,4.5,0.0,0.0,,2.0,0.5,,13.0,0.0,22.5,0.0,,2.5,0.5,,,0.5,0.5,8.5,0.5,17.0,,,0.0,9.0,8.5,21.0,,6.0,8.0,0.0,10.0,,1.0,0.5,12.0,0.5,0,0,0,0,0,0,0,0,0,0,0,0,0,0,0,0,0,0,0,0,0,0,0,0,0,0,0,0,0,0,0,0,0,0,0,0,0,0,0,0
2022-12-19,1.5,,0.5,32.5,,23.5,,,,,,,,,,,,,,10.0,4.0,,,,,,,0.5,11.5,,,0.0,,25.0,,,19.5,,,8.5,0,0,0,0,0,0,0,0,0,0,0,0,0,0,0,0,0,0,0,0,0,0,0,0,0,0,0,0,0,0,0,0,0,0,0,0,0,0,0,0
2022-12-20,35.5,,2.0,11.5,18.0,45.0,,,0.5,,,18.0,1.5,,2.0,24.0,15.5,,,30.5,0.5,,12.0,55.0,,,1.0,7.5,74.0,0.0,,7.5,0.5,24.0,,,0.5,41.5,,59.5,0,0,0,0,0,0,0,0,0,0,0,0,0,0,0,0,0,0,0,0,0,0,0,0,0,0,0,0,0,0,0,0,0,0,0,0,0,0,0,0
2022-12-21,16.0,,5.5,12.0,21.5,9.0,6.0,8.0,45.5,,19.0,14.5,0.5,2.5,,27.5,5.5,,,4.0,9.0,42.0,5.5,7.0,,,16.5,3.0,12.5,8.0,,3.5,5.5,12.5,11.5,,54.0,2.0,35.5,11.5,0,0,0,0,0,0,0,0,0,0,0,0,0,0,0,0,0,0,0,0,0,0,0,0,0,0,0,0,0,0,0,0,0,0,0,0,0,0,0,0
2022-12-22,48.0,,108.5,95.5,53.5,84.0,84.5,66.5,122.0,70.5,64.5,41.0,115.0,118.5,,86.5,100.0,,88.0,85.5,114.5,40.0,97.0,72.5,,,93.0,63.5,45.5,106.0,,82.5,118.5,52.0,13.5,,90.0,93.5,59.5,84.0,0,0,0,0,0,0,0,0,0,0,0,0,0,0,0,0,0,0,0,0,0,0,0,0,0,0,0,0,0,0,0,0,0,0,0,0,0,0,0,0
2022-12-23,48.5,,133.0,81.0,115.0,72.5,78.5,98.0,158.5,87.5,63.5,104.0,159.0,85.5,,101.5,144.5,103.0,97.0,114.0,118.5,44.0,118.0,70.5,,,110.0,,57.0,180.0,,157.0,163.5,104.5,50.0,,251.0,107.5,82.0,95.0,0,0,0,0,0,0,0,0,0,0,0,0,0,0,0,0,0,0,0,0,0,0,0,0,0,0,0,0,0,0,0,0,0,0,0,0,0,0,0,0
2022-12-24,0.0,,0.5,0.5,0.5,0.0,0.5,0.0,0.0,1.0,0.0,0.0,1.5,0.5,0.0,0.0,0.0,0.0,0.5,0.5,0.5,0.0,0.0,0.5,,,1.0,0.5,0.0,0.0,,0.0,4.5,0.0,0.0,,0.0,0.0,,0.5,0,0,0,0,0,0,0,0,0,0,0,0,0,0,0,0,0,0,0,0,0,0,0,0,0,0,0,0,0,0,0,0,0,0,0,0,0,0,0,0
2022-12-25,0.0,,1.0,0.5,0.0,0.5,0.0,0.0,1.5,0.0,0.0,0.0,0.0,0.5,0.5,2.5,1.5,4.0,4.5,9.0,4.0,0.0,2.5,0.0,,0.5,5.0,,0.0,11.0,,2.0,2.0,0.0,0.0,,3.5,5.0,0.0,0.0,0,0,0,0,0,0,0,0,0,0,0,0,0,0,0,0,0,0,0,0,0,0,0,0,0,0,0,0,0,0,0,0,0,0,0,0,0,0,0,0
2022-12-26,1.5,,4.5,0.5,1.0,0.5,0.5,0.0,1.0,0.0,0.0,0.0,9.5,1.0,3.5,0.0,12.5,6.5,5.0,5.5,10.0,2.0,12.5,0.0,,,10.0,,4.5,0.0,,2.0,8.0,0.0,0.5,,4.5,4.0,4.5,4.5,0,0,0,0,0,0,0,0,0,0,0,0,0,0,0,0,0,0,0,0,0,0,0,0,0,0,0,0,0,0,0,0,0,0,0,0,0,0,0,0
2022-12-27,0.0,,0.0,0.0,0.0,0.0,0.5,0.0,0.0,,0.0,0.0,0.0,0.0,0.0,0.5,0.0,0.0,0.0,0.0,0.5,0.0,0.0,0.0,,,0.0,,0.0,0.0,,0.0,,0.5,0.5,,0.0,0.0,0.0,0.0,0,0,0,0,0,0,0,0,0,0,0,0,0,0,0,0,0,0,0,0,0,0,0,0,0,0,0,0,0,0,0,0,0,0,0,0,0,0,0,0
2022-12-28,,,,,,,,,,,,,,,,,,,,,,,,,,,,,,,,,,,,,,,,,0,0,0,0,0,0,0,0,0,0,0,0,0,0,0,0,0,0,0,0,0,0,0,0,0,0,0,0,0,0,0,0,0,0,0,0,0,0,0,0
2022-12-29,0.5,,0.5,0.0,0.0,0.0,0.0,0.0,0.0,,0.0,0.0,0.0,0.0,,0.0,0.0,,,,0.0,0.5,0.0,0.0,,,,,0.5,0.0,,0.0,,0.0,0.5,,0.0,0.0,,0.0,0,0,0,0,0,0,0,0,0,0,0,0,0,0,0,0,0,0,0,0,0,0,0,0,0,0,0,0,0,0,0,0,0,0,0,0,0,0,0,0
2022-12-30,0.0,,0.0,0.0,,0.0,,0.0,,,0.0,,0.0,,,,,,,,,0.0,0.0,0.0,,,,,0.0,0.0,,0.0,0.0,,,,,,,0.0,0,0,0,0,0,0,0,0,0,0,0,0,0,0,0,0,0,0,0,0,0,0,0,0,0,0,0,0,0,0,0,0,0,0,0,0,0,0,0,0
2022-12-31,0.0,,0.5,0.0,,0.0,,0.0,,,0.0,,0.5,,,,0.5,,,,,,0.0,0.0,,,,,0.0,0.5,,1.0,2.5,0.0,,,,0.0,,0.0,0,0,0,0,0,0,0,0,0,0,0,0,0,0,0,0,0,0,0,0,0,0,0,0,0,0,0,0,0,0,0,0,0,0,0,0,0,0,0,0
2023-01-01,,,,,,,,,,,,,,,,,,,,,,,,,,,,,,,,,,,,,,,,,0,0,0,0,0,0,0,0,0,0,0,0,0,0,0,0,0,0,0,0,0,0,0,0,0,0,0,0,0,0,0,0,0,0,0,0,0,0,0,0
2023-01-02,,,,,,,,,,,,,,,,,,,,,,,,,,,,,,,,,,,,,,,,,0,0,0,0,0,0,0,0,0,0,0,0,0,0,0,0,0,0,0,0,0,0,0,0,0,0,0,0,0,0,0,0,0,0,0,0,0,0,0,0
2023-01-03,,,,,,,,,,,,,,,,,,,,,,,,,,,,,,,,,,,,,,,,,0,0,0,0,0,0,0,0,0,0,0,0,0,0,0,0,0,0,0,0,0,0,0,0,0,0,0,0,0,0,0,0,0,0,0,0,0,0,0,0
2023-01-04,,,,,,,,,,,,,,,,,,,,,,,,,,,,,,,,,,,,,,,,,0,0,0,0,0,0,0,0,0,0,0,0,0,0,0,0,0,0,0,0,0,0,0,0,0,0,0,0,0,0,0,0,0,0,0,0,0,0,0,0
2023-01-05,1.0,16.0,17.0,11.5,20.0,15.0,16.5,13.5,,,15.5,17.5,10.0,8.5,,15.5,11.5,7.0,4.0,8.0,11.0,1.0,7.5,7.5,,8.0,9.5,,2.5,22.5,,22.0,,17.5,7.5,,8.5,13.0,8.0,17.0,0,0,0,0,0,0,0,0,0,0,0,0,0,0,0,0,0,0,0,0,0,0,0,0,0,0,0,0,0,0,0,0,0,0,0,0,0,0,0,0
2023-01-06,,,,,,,,,,,,,,,,,,,,,,,,,,,,,,,,,,,,,,,,,0,0,0,0,0,0,0,0,0,0,0,0,0,0,0,0,0,0,0,0,0,0,0,0,0,0,0,0,0,0,0,0,0,0,0,0,0,0,0,0
2023-01-07,31.5,,1.0,0.5,2.5,13.5,,30.0,9.0,,17.5,6.5,8.0,1.0,,,0.5,,,1.0,,17.5,0.5,5.0,,,,,3.5,4.5,,9.0,6.0,6.5,10.5,,,1.0,10.5,1.5,0,0,0,0,0,0,0,0,0,0,0,0,0,0,0,0,0,0,0,0,0,0,0,0,0,0,0,0,0,0,0,0,0,0,0,0,0,0,0,0
2023-01-08,19.0,28.0,30.0,0.5,5.0,1.0,0.5,5.0,13.5,,0.5,0.0,1.0,0.5,11.5,15.0,20.0,4.0,11.0,1.0,0.5,,24.5,7.0,,,2.5,20.5,13.0,2.0,,25.0,1.5,0.5,12.0,19.5,12.5,5.5,32.5,19.5,0,0,0,0,0,0,0,0,0,0,0,0,0,0,0,0,0,0,0,0,0,0,0,0,0,0,0,0,0,0,0,0,0,0,0,0,0,0,0,0
2023-01-09,16.0,12.0,8.5,8.0,18.0,13.0,13.0,16.5,5.0,,7.5,26.5,21.5,24.5,12.0,11.5,7.0,10.5,19.0,11.0,15.5,,7.0,30.5,,,13.0,13.0,23.5,7.5,,15.5,15.0,29.5,14.5,,10.5,7.5,17.5,14.0,0,0,0,0,0,0,0,0,0,0,0,0,0,0,0,0,0,0,0,0,0,0,0,0,0,0,0,0,0,0,0,0,0,0,0,0,0,0,0,0
2023-01-10,17.0,3.0,4.0,11.0,22.5,15.5,17.0,8.0,3.5,,6.5,24.0,6.5,6.0,4.0,10.5,5.0,5.0,7.5,8.0,5.5,,6.5,23.0,,,5.0,5.0,9.0,2.0,,5.0,2.0,23.5,9.5,,,6.0,1.5,4.5,0,0,0,0,0,0,0,0,0,0,0,0,0,0,0,0,0,0,0,0,0,0,0,0,0,0,0,0,0,0,0,0,0,0,0,0,0,0,0,0
2023-01-11,3.5,25.0,30.5,0.5,0.5,10.0,8.5,7.5,4.5,2.0,18.0,18.0,2.0,9.5,11.0,2.5,30.5,13.5,3.0,22.5,4.0,,32.5,11.0,9.5,,4.0,35.5,2.0,12.5,,30.0,10.0,21.5,18.5,,1.0,4.5,2.5,7.5,0,0,0,0,0,0,0,0,0,0,0,0,0,0,0,0,0,0,0,0,0,0,0,0,0,0,0,0,0,0,0,0,0,0,0,0,0,0,0,0
2023-01-12,1.5,0.0,0.5,0.0,0.0,2.5,3.5,,0.0,12.0,2.0,11.0,1.0,0.0,0.0,0.0,0.0,1.0,0.5,0.0,0.5,,0.0,0.5,,0.0,0.5,0.0,3.0,1.5,,0.0,3.0,10.0,1.5,,2.0,0.0,1.5,0.5,0,0,0,0,0,0,0,0,0,0,0,0,0,0,0,0,0,0,0,0,0,0,0,0,0,0,0,0,0,0,0,0,0,0,0,0,0,0,0,0
2023-01-13,0.5,30.0,3.5,0.0,0.0,0.0,0.0,0.0,2.0,0.0,0.5,0.0,14.0,0.5,0.5,0.5,0.5,0.0,0.0,0.0,0.0,,3.0,1.0,,,0.0,0.0,0.0,4.0,0.0,0.5,1.5,0.0,0.0,,6.0,0.5,0.0,0.0,0,0,0,0,0,0,0,0,0,0,0,0,0,0,0,0,0,0,0,0,0,0,0,0,0,0,0,0,0,0,0,0,0,0,0,0,0,0,0,0
2023-01-14,0.0,0.0,0.0,0.0,0.0,0.0,0.0,0.0,9.5,,0.0,0.0,0.0,0.0,5.5,0.0,0.0,0.0,0.0,0.0,0.0,,0.0,0.0,,0.0,0.0,0.0,0.0,0.0,,0.0,0.0,0.0,5.0,,0.5,0.0,0.5,2.0,0,0,0,0,0,0,0,0,0,0,0,0,0,0,0,0,0,0,0,0,0,0,0,0,0,0,0,0,0,0,0,0,0,0,0,0,0,0,0,0
2023-01-15,0.0,0.0,0.0,0.0,0.0,0.0,0.0,0.0,0.0,,9.5,13.0,0.0,0.0,0.0,0.0,0.0,0.0,0.0,0.0,0.0,,0.0,2.0,,0.0,0.0,0.0,0.0,0.0,,0.0,0.0,10.0,7.0,,0.0,0.0,0.0,0.0,0,0,0,0,0,0,0,0,0,0,0,0,0,0,0,0,0,0,0,0,0,0,0,0,0,0,0,0,0,0,0,0,0,0,0,0,0,0,0,0
2023-01-16,0.0,0.0,0.0,3.0,0.0,0.0,0.0,0.0,0.0,,0.0,0.0,0.0,0.0,0.5,0.0,0.0,,2.0,3.0,1.5,,0.0,3.0,,0.0,7.0,10.0,1.0,14.5,,3.0,0.5,0.0,0.5,,8.5,0.5,0.0,0.0,0,0,0,0,0,0,0,0,0,0,0,0,0,0,0,0,0,0,0,0,0,0,0,0,0,0,0,0,0,0,0,0,0,0,0,0,0,0,0,0
2023-01-17,,,,,,,,,,,,,,,,,,,,,,,,,,,,,,,,,,,,,,,,,0,0,0,0,0,0,0,0,0,0,0,0,0,0,0,0,0,0,0,0,0,0,0,0,0,0,0,0,0,0,0,0,0,0,0,0,0,0,0,0
2023-01-18,,,,,,,,,,,,,,,,,,,,,,,,,,,,,,,,,,,,,,,,,0,0,0,0,0,0,0,0,0,0,0,0,0,0,0,0,0,0,0,0,0,0,0,0,0,0,0,0,0,0,0,0,0,0,0,0,0,0,0,0
2023-01-19,13.0,78.5,56.5,3.5,23.0,50.0,31.0,21.0,42.5,,50.5,30.0,31.5,8.0,61.5,4.0,20.5,12.5,8.5,22.0,14.5,,23.5,10.5,,,16.0,30.0,9.0,55.0,,52.0,48.0,32.0,14.5,,41.0,10.0,56.5,12.0,0,0,0,0,0,0,0,0,0,0,0,0,0,0,0,0,0,0,0,0,0,0,0,0,0,0,0,0,0,0,0,0,0,0,0,0,0,0,0,0
2023-01-20,,,,,,,,,,,,,,,,,,,,,,,,,,,,,,,,,,,,,,,,,0,0,0,0,0,0,0,0,0,0,0,0,0,0,0,0,0,0,0,0,0,0,0,0,0,0,0,0,0,0,0,0,0,0,0,0,0,0,0,0
2023-01-21,,,,,,,,,,,,,,,,,,,,,,,,,,,,,,,,,,,,,,,,,0,0,0,0,0,0,0,0,0,0,0,0,0,0,0,0,0,0,0,0,0,0,0,0,0,0,0,0,0,0,0,0,0,0,0,0,0,0,0,0
2023-01-22,14.5,1.0,2.0,16.5,42.5,41.0,35.0,55.5,0.0,,11.0,17.0,3.5,19.0,3.5,49.5,8.0,8.5,16.0,8.0,5.0,,4.5,12.0,,4.0,5.5,,15.0,0.5,,1.5,3.5,21.0,7.5,,0.5,28.0,55.0,63.5,0,0,0,0,0,0,0,0,0,0,0,0,0,0,0,0,0,0,0,0,0,0,0,0,0,0,0,0,0,0,0,0,0,0,0,0,0,0,0,0
2023-01-23,1.0,14.5,4.0,0.0,0.5,0.0,0.5,0.5,0.0,0.0,14.5,0.0,13.5,0.0,0.0,0.0,3.0,0.5,0.0,0.5,0.5,,2.0,49.0,,,0.0,,5.5,31.5,,0.5,13.5,0.5,28.0,,12.0,0.5,7.0,0.5,0,0,0,0,0,0,0,0,0,0,0,0,0,0,0,0,0,0,0,0,0,0,0,0,0,0,0,0,0,0,0,0,0,0,0,0,0,0,0,0
2023-01-24,14.5,17.0,8.0,11.0,7.5,18.5,17.0,30.5,28.0,15.5,34.0,46.0,6.5,1.0,12.5,10.5,10.0,2.0,4.5,4.5,6.0,,12.5,47.5,,,8.0,,21.5,5.5,,29.0,,44.0,42.5,,57.5,4.0,13.0,18.0,0,0,0,0,0,0,0,0,0,0,0,0,0,0,0,0,0,0,0,0,0,0,0,0,0,0,0,0,0,0,0,0,0,0,0,0,0,0,0,0
2023-01-25,23.5,,81.5,72.5,42.0,,19.0,23.5,176.5,21.0,47.0,20.5,130.5,80.5,55.0,35.5,,41.0,52.0,,45.5,,37.0,41.0,,,44.5,,26.0,,,54.0,,23.0,47.5,,146.0,49.0,37.5,,0,0,0,0,0,0,0,0,0,0,0,0,0,0,0,0,0,0,0,0,0,0,0,0,0,0,0,0,0,0,0,0,0,0,0,0,0,0,0,0
2023-01-26,2.5,31.5,17.0,10.5,5.5,3.5,2.5,2.5,7.5,3.0,4.0,3.0,24.5,12.0,24.0,11.5,21.5,16.5,13.5,17.0,10.5,2.0,19.0,8.0,,17.5,9.5,,7.5,11.5,,38.0,,4.0,3.5,,8.0,20.0,4.5,10.0,0,0,0,0,0,0,0,0,0,0,0,0,0,0,0,0,0,0,0,0,0,0,0,0,0,0,0,0,0,0,0,0,0,0,0,0,0,0,0,0
2023-01-27,4.5,0.5,0.5,1.0,2.5,6.5,5.0,8.5,0.0,3.0,8.0,7.0,0.5,1.0,0.5,1.5,0.5,0.5,1.0,1.0,0.5,2.5,0.5,13.5,,0.5,0.5,,7.5,0.0,,0.5,,7.5,1.0,,0.0,1.0,6.5,1.0,0,0,0,0,0,0,0,0,0,0,0,0,0,0,0,0,0,0,0,0,0,0,0,0,0,0,0,0,0,0,0,0,0,0,0,0,0,0,0,0
2023-01-28,,,,,,,,,,,,,,,,,,,,,,,,,,,,,,,,,,,,,,,,,0,0,0,0,0,0,0,0,0,0,0,0,0,0,0,0,0,0,0,0,0,0,0,0,0,0,0,0,0,0,0,0,0,0,0,0,0,0,0,0
2023-01-29,33.0,43.5,56.0,83.5,66.5,59.5,60.5,92.0,28.0,65.5,71.0,86.5,345.5,84.0,39.5,116.0,90.0,73.5,128.5,92.5,215.5,49.5,93.0,92.5,,,187.0,,45.0,82.5,,75.5,,89.5,41.0,,18.5,114.5,62.0,119.5,0,0,0,0,0,0,0,0,0,0,0,0,0,0,0,0,0,0,0,0,0,0,0,0,0,0,0,0,0,0,0,0,0,0,0,0,0,0,0,0
2023-01-30,9.0,42.0,27.0,4.0,9.0,7.0,8.5,8.5,50.5,12.5,13.5,60.0,55.0,5.5,40.5,9.5,10.0,8.0,19.0,5.0,24.0,13.5,14.5,17.5,,,19.0,,16.0,38.0,,12.0,62.0,55.5,19.0,,19.0,9.0,28.0,9.0,0,0,0,0,0,0,0,0,0,0,0,0,0,0,0,0,0,0,0,0,0,0,0,0,0,0,0,0,0,0,0,0,0,0,0,0,0,0,0,0
2023-01-31,47.0,40.5,33.5,28.5,37.0,41.0,36.5,48.5,21.5,41.0,28.0,24.0,30.5,33.0,48.0,25.5,16.5,24.0,29.0,16.5,23.0,16.0,17.0,35.0,27.5,,23.5,,24.0,22.5,,28.5,46.0,24.0,28.5,,56.5,20.0,51.0,26.5,0,0,0,0,0,0,0,0,0,0,0,0,0,0,0,0,0,0,0,0,0,0,0,0,0,0,0,0,0,0,0,0,0,0,0,0,0,0,0,0
2023-02-01,0.5,4.5,2.0,0.5,10.0,5.5,7.0,9.5,4.0,4.0,5.0,7.5,2.0,6.5,2.0,5.5,0.5,0.5,6.5,0.5,5.0,0.5,2.5,6.0,,,5.5,,0.5,1.5,,8.0,2.5,7.5,11.0,,4.0,1.0,4.0,2.5,0,0,0,0,0,0,0,0,0,0,0,0,0,0,0,0,0,0,0,0,0,0,0,0,0,0,0,0,0,0,0,0,0,0,0,0,0,0,0,0
2023-02-02,54.0,17.0,39.0,40.0,39.0,43.5,31.0,56.5,1.0,89.5,69.0,14.0,3.0,33.0,40.0,73.5,94.0,44.0,31.0,33.5,12.0,54.5,89.0,110.5,,,13.0,,84.0,2.5,,22.5,4.0,18.5,92.5,,0.5,48.0,81.0,107.5,0,0,0,0,0,0,0,0,0,0,0,0,0,0,0,0,0,0,0,0,0,0,0,0,0,0,0,0,0,0,0,0,0,0,0,0,0,0,0,0
2023-02-03,5.0,2.0,2.0,2.0,5.0,12.0,9.0,52.5,2.0,2.0,52.0,7.5,1.5,12.0,2.0,17.5,1.0,1.5,1.0,1.5,1.5,10.5,1.0,25.5,,,1.0,1.5,12.5,1.5,,1.0,1.0,6.5,19.5,,1.5,1.5,5.0,1.5,0,0,0,0,0,0,0,0,0,0,0,0,0,0,0,0,0,0,0,0,0,0,0,0,0,0,0,0,0,0,0,0,0,0,0,0,0,0,0,0
2023-02-04,12.0,,11.5,74.0,,47.0,38.5,61.0,,21.5,,,18.0,,10.0,76.5,44.5,,,72.5,,,39.0,33.5,,,,13.5,8.5,7.5,,13.5,,14.5,48.5,,,,,58.5,0,0,0,0,0,0,0,0,0,0,0,0,0,0,0,0,0,0,0,0,0,0,0,0,0,0,0,0,0,0,0,0,0,0,0,0,0,0,0,0
2023-02-05,2.0,,5.5,11.0,3.0,5.0,4.0,2.5,4.5,2.0,11.0,27.0,1.5,6.5,6.5,47.5,50.5,19.0,7.0,16.5,1.5,6.0,46.5,12.5,,,2.0,8.0,23.0,2.0,,7.0,1.0,35.5,35.5,,5.5,32.5,6.5,31.0,0,0,0,0,0,0,0,0,0,0,0,0,0,0,0,0,0,0,0,0,0,0,0,0,0,0,0,0,0,0,0,0,0,0,0,0,0,0,0,0
2023-02-06,8.0,18.0,37.5,12.5,19.5,2.5,3.0,3.0,7.0,,2.5,0.5,3.5,20.5,96.5,43.5,12.5,7.5,12.0,13.0,11.0,3.0,13.0,13.5,,11.5,8.0,12.5,30.0,2.0,,26.5,,,1.5,,7.5,20.5,9.0,43.5,0,0,0,0,0,0,0,0,0,0,0,0,0,0,0,0,0,0,0,0,0,0,0,0,0,0,0,0,0,0,0,0,0,0,0,0,0,0,0,0
2023-02-07,1.0,3.0,3.5,3.5,7.5,1.0,2.0,0.5,0.0,,0.5,0.0,2.5,0.0,4.5,3.0,7.0,4.0,0.0,0.0,0.0,1.0,9.0,0.5,,5.5,0.0,,0.0,0.5,,7.5,,,0.0,,0.5,0.5,2.0,9.0,0,0,0,0,0,0,0,0,0,0,0,0,0,0,0,0,0,0,0,0,0,0,0,0,0,0,0,0,0,0,0,0,0,0,0,0,0,0,0,0
2023-02-08,0.0,1.0,0.5,5.0,16.5,0.0,0.5,0.5,0.0,,0.0,0.5,9.0,0.5,0.0,5.0,1.0,2.0,1.5,4.0,6.0,0.0,0.5,0.0,,3.0,5.0,,0.0,0.0,,1.5,,0.0,0.0,,6.0,3.5,1.0,1.0,0,0,0,0,0,0,0,0,0,0,0,0,0,0,0,0,0,0,0,0,0,0,0,0,0,0,0,0,0,0,0,0,0,0,0,0,0,0,0,0
2023-02-09,6.0,3.5,1.0,2.5,1.0,18.5,22.5,0.0,4.5,2.5,0.0,2.5,3.5,0.0,2.0,,0.0,0.0,0.5,0.0,1.5,1.0,0.0,0.0,,0.5,3.0,1.0,8.0,4.0,,1.0,,5.0,0.0,,6.0,0.0,1.0,3.0,0,0,0,0,0,0,0,0,0,0,0,0,0,0,0,0,0,0,0,0,0,0,0,0,0,0,0,0,0,0,0,0,0,0,0,0,0,0,0,0
2023-02-10,4.0,1.0,1.0,1.0,2.5,0.0,0.0,0.0,2.5,,3.0,0.0,0.0,0.0,2.0,,0.5,0.0,0.0,0.0,0.0,3.0,0.5,20.0,,,0.5,,15.0,0.0,,0.5,0.0,0.0,10.5,,3.0,1.0,0.0,1.0,0,0,0,0,0,0,0,0,0,0,0,0,0,0,0,0,0,0,0,0,0,0,0,0,0,0,0,0,0,0,0,0,0,0,0,0,0,0,0,0
2023-02-11,0.5,0.0,0.0,1.0,0.0,11.5,6.5,31.0,0.0,,11.0,0.0,0.5,0.0,0.0,,0.0,0.0,0.0,0.0,0.0,2.0,0.0,16.5,,,0.0,,20.0,1.0,0.5,0.0,,0.0,5.0,,0.0,0.0,6.0,0.0,0,0,0,0,0,0,0,0,0,0,0,0,0,0,0,0,0,0,0,0,0,0,0,0,0,0,0,0,0,0,0,0,0,0,0,0,0,0,0,0
2023-02-12,7.0,4.5,13.0,23.0,10.5,33.0,33.5,11.0,12.5,,94.0,2.5,13.0,58.0,50.5,,4.0,5.0,33.0,5.5,16.5,20.0,2.0,54.5,23.5,10.5,19.5,,30.0,20.0,57.0,4.5,8.0,3.0,79.5,33.5,5.5,8.5,41.0,3.5,0,0,0,0,0,0,0,0,0,0,0,0,0,0,0,0,0,0,0,0,0,0,0,0,0,0,0,0,0,0,0,0,0,0,0,0,0,0,0,0
2023-02-13,6.0,13.5,18.0,28.5,50.0,63.5,62.5,59.5,10.5,32.5,36.0,47.0,16.5,12.5,27.0,,26.5,30.0,9.5,38.0,9.0,7.0,23.0,9.0,14.5,,8.5,13.5,8.5,23.5,33.0,13.5,14.5,47.5,11.0,10.0,10.0,37.0,55.0,28.0,0,0,0,0,0,0,0,0,0,0,0,0,0,0,0,0,0,0,0,0,0,0,0,0,0,0,0,0,0,0,0,0,0,0,0,0,0,0,0,0
2023-02-14,1.0,0.0,0.0,0.0,0.5,8.0,4.5,7.5,0.0,,9.0,8.5,0.0,,0.0,0.5,0.0,0.0,0.5,0.0,0.0,,0.0,6.0,0.5,,0.0,0.5,3.0,0.0,1.5,0.5,0.5,7.5,4.0,,0.5,0.5,1.5,0.5,0,0,0,0,0,0,0,0,0,0,0,0,0,0,0,0,0,0,0,0,0,0,0,0,0,0,0,0,0,0,0,0,0,0,0,0,0,0,0,0
2023-02-15,,,,,,,,,,,,,,,,,,,,,,,,,,,,,,,,,,,,,,,,,0,0,0,0,0,0,0,0,0,0,0,0,0,0,0,0,0,0,0,0,0,0,0,0,0,0,0,0,0,0,0,0,0,0,0,0,0,0,0,0
2023-02-16,,,,,,,,,,,,,,,,,,,,,,,,,,,,,,,,,,,,,,,,,0,0,0,0,0,0,0,0,0,0,0,0,0,0,0,0,0,0,0,0,0,0,0,0,0,0,0,0,0,0,0,0,0,0,0,0,0,0,0,0
2023-02-17,,,,,,,,,,,,,,,,,,,,,,,,,,,,,,,,,,,,,,,,,0,0,0,0,0,0,0,0,0,0,0,0,0,0,0,0,0,0,0,0,0,0,0,0,0,0,0,0,0,0,0,0,0,0,0,0,0,0,0,0
2023-02-18,0.0,0.0,0.0,0.0,0.0,0.0,0.0,0.0,0.0,0.0,0.0,10.5,0.0,0.0,0.0,,0.0,0.0,0.0,0.0,0.0,0.0,0.0,0.0,,0.0,0.0,0.5,0.0,2.5,0.5,0.5,0.5,7.5,0.0,,0.0,0.0,1.0,0.0,0,0,0,0,0,0,0,0,0,0,0,0,0,0,0,0,0,0,0,0,0,0,0,0,0,0,0,0,0,0,0,0,0,0,0,0,0,0,0,0
2023-02-19,8.5,63.5,53.5,38.5,9.0,3.5,5.0,10.0,31.0,4.5,10.5,1.0,1.5,52.0,122.5,5.0,5.0,1.5,37.5,5.5,46.0,6.5,13.0,17.0,,6.5,38.0,0.0,5.0,7.0,4.0,2.0,2.5,1.5,1.0,,23.5,9.5,0.0,24.5,0,0,0,0,0,0,0,0,0,0,0,0,0,0,0,0,0,0,0,0,0,0,0,0,0,0,0,0,0,0,0,0,0,0,0,0,0,0,0,0
2023-02-20,0.0,,2.0,1.5,0.0,0.0,,,,,,,,,,,,,,,7.5,,,1.0,,,,,,,,10.0,,0.5,,,,,,0.0,0,0,0,0,0,0,0,0,0,0,0,0,0,0,0,0,0,0,0,0,0,0,0,0,0,0,0,0,0,0,0,0,0,0,0,0,0,0,0,0
2023-02-21,0.0,0.0,0.0,0.0,0.0,0.0,0.0,0.0,0.0,,0.0,0.0,0.0,0.0,0.0,,0.0,0.0,0.0,0.0,0.5,0.0,0.0,0.0,,,1.0,0.0,0.0,0.0,0.5,0.5,0.0,0.5,0.0,,0.0,0.0,0.0,0.0,0,0,0,0,0,0,0,0,0,0,0,0,0,0,0,0,0,0,0,0,0,0,0,0,0,0,0,0,0,0,0,0,0,0,0,0,0,0,0,0
2023-02-22,0.0,0.5,0.0,0.0,0.0,0.0,0.0,0.0,0.0,,0.0,0.0,1.5,0.0,1.0,,0.0,0.0,0.0,0.0,0.0,0.0,0.0,0.0,,0.0,0.5,0.0,0.0,0.0,0.0,0.0,0.5,0.0,0.0,,0.0,0.0,0.0,0.0,0,0,0,0,0,0,0,0,0,0,0,0,0,0,0,0,0,0,0,0,0,0,0,0,0,0,0,0,0,0,0,0,0,0,0,0,0,0,0,0
2023-02-23,0.5,1.5,2.0,0.0,0.0,6.0,4.5,3.5,0.5,2.0,4.5,3.0,3.0,0.5,6.5,,1.0,0.5,2.0,0.5,3.5,0.0,0.5,4.0,,,3.0,2.0,9.0,2.5,0.0,1.5,3.0,5.5,,,4.5,0.0,1.0,4.0,0,0,0,0,0,0,0,0,0,0,0,0,0,0,0,0,0,0,0,0,0,0,0,0,0,0,0,0,0,0,0,0,0,0,0,0,0,0,0,0
2023-02-24,4.0,3.5,4.0,21.0,10.0,,19.5,22.5,3.5,,29.0,34.5,55.5,22.0,3.5,,9.5,9.5,40.5,8.5,32.0,5.0,9.0,38.5,,8.0,28.0,19.0,24.0,11.0,19.5,12.5,35.0,42.5,33.0,,12.5,10.0,22.0,7.0,0,0,0,0,0,0,0,0,0,0,0,0,0,0,0,0,0,0,0,0,0,0,0,0,0,0,0,0,0,0,0,0,0,0,0,0,0,0,0,0
2023-02-25,117.5,26.5,34.5,31.0,27.5,71.5,76.5,62.5,20.5,,56.0,61.5,24.5,69.5,49.5,,36.0,47.5,27.5,50.0,47.0,114.5,36.5,33.0,,,46.0,29.0,95.5,20.5,31.5,72.0,27.0,78.0,31.5,,18.0,52.5,78.5,28.5,0,0,0,0,0,0,0,0,0,0,0,0,0,0,0,0,0,0,0,0,0,0,0,0,0,0,0,0,0,0,0,0,0,0,0,0,0,0,0,0
2023-02-26,45.5,61.0,46.0,126.0,108.0,86.5,92.0,58.0,71.5,,57.5,63.5,121.0,108.0,43.5,55.0,99.0,100.0,134.0,113.5,154.5,42.0,74.0,60.0,,106.5,155.5,144.0,43.5,140.5,102.0,98.5,142.5,75.0,66.5,,67.5,116.5,82.5,47.0,0,0,0,0,0,0,0,0,0,0,0,0,0,0,0,0,0,0,0,0,0,0,0,0,0,0,0,0,0,0,0,0,0,0,0,0,0,0,0,0
2023-02-27,63.0,70.0,73.0,60.0,101.5,,51.0,42.0,15.5,,62.0,56.0,32.0,47.5,70.5,,70.0,66.5,56.5,60.5,53.0,60.0,66.5,94.0,,47.0,51.5,47.5,170.0,18.0,78.5,44.0,48.5,56.5,76.5,,39.0,80.5,90.0,52.0,0,0,0,0,0,0,0,0,0,0,0,0,0,0,0,0,0,0,0,0,0,0,0,0,0,0,0,0,0,0,0,0,0,0,0,0,0,0,0,0
2023-02-28,99.0,78.5,86.5,174.5,119.5,,175.0,140.5,68.5,116.0,116.0,107.0,137.5,180.0,28.5,,166.5,157.5,252.5,169.5,213.5,69.0,147.0,82.5,,,208.5,113.0,173.0,90.5,117.0,,156.5,101.0,83.0,127.5,46.5,131.0,140.5,59.5,0,0,0,0,0,0,0,0,0,0,0,0,0,0,0,0,0,0,0,0,0,0,0,0,0,0,0,0,0,0,0,0,0,0,0,0,0,0,0,0
2023-03-01,8.0,11.0,13.5,4.5,6.0,,6.5,4.0,7.5,8.0,5.5,3.0,6.0,5.0,10.0,6.0,7.5,6.5,6.5,6.0,6.5,11.0,8.0,8.5,,7.0,6.5,8.0,11.5,8.0,6.5,,7.5,4.5,6.0,,10.5,6.0,7.0,7.5,0,0,0,0,0,0,0,0,0,0,0,0,0,0,0,0,0,0,0,0,0,0,0,0,0,0,0,0,0,0,0,0,0,0,0,0,0,0,0,0
2023-03-02,51.5,1.0,1.5,7.0,10.0,23.5,19.0,25.0,0.0,26.5,4.5,1.0,0.5,2.0,3.0,,7.0,6.0,2.5,19.0,1.0,66.0,5.0,0.0,0.5,8.5,1.5,2.0,30.5,0.0,18.5,,0.5,2.0,0.0,2.5,0.5,23.0,8.0,32.5,0,0,0,0,0,0,0,0,0,0,0,0,0,0,0,0,0,0,0,0,0,0,0,0,0,0,0,0,0,0,0,0,0,0,0,0,0,0,0,0
2023-03-03,9.0,51.0,42.0,30.5,8.0,40.5,34.0,36.5,47.5,15.0,75.0,51.5,30.5,18.5,59.5,21.5,38.5,43.5,22.0,31.5,42.5,8.5,26.5,34.0,,,54.5,31.5,86.0,60.5,41.5,48.5,,46.0,64.5,,47.0,35.5,30.5,43.0,0,0,0,0,0,0,0,0,0,0,0,0,0,0,0,0,0,0,0,0,0,0,0,0,0,0,0,0,0,0,0,0,0,0,0,0,0,0,0,0
2023-03-04,25.5,27.5,25.5,122.5,89.0,128.0,128.0,63.0,75.0,69.0,49.0,47.0,105.5,151.5,46.0,,35.0,39.5,125.0,48.5,165.5,29.5,49.0,34.0,61.0,,166.0,31.0,52.5,115.0,122.5,27.0,,53.5,40.0,108.5,80.5,60.0,63.5,41.0,0,0,0,0,0,0,0,0,0,0,0,0,0,0,0,0,0,0,0,0,0,0,0,0,0,0,0,0,0,0,0,0,0,0,0,0,0,0,0,0
2023-03-05,21.5,22.5,28.0,33.0,29.0,40.0,44.5,25.0,40.0,11.0,16.0,20.0,6.0,36.5,16.0,17.0,21.5,22.0,19.5,29.5,8.0,13.5,12.0,16.0,13.0,39.0,8.0,20.5,19.5,11.5,33.5,23.0,,20.5,13.0,12.0,30.0,28.0,22.5,18.5,0,0,0,0,0,0,0,0,0,0,0,0,0,0,0,0,0,0,0,0,0,0,0,0,0,0,0,0,0,0,0,0,0,0,0,0,0,0,0,0
2023-03-06,7.5,29.5,37.5,37.5,56.0,30.5,44.5,49.0,61.0,,25.0,33.0,68.5,28.0,23.5,51.0,28.5,31.5,28.5,32.5,26.0,10.5,24.5,56.0,45.0,39.0,25.5,44.5,22.0,47.0,36.5,50.0,,34.0,39.0,26.0,53.0,35.5,44.5,32.0,0,0,0,0,0,0,0,0,0,0,0,0,0,0,0,0,0,0,0,0,0,0,0,0,0,0,0,0,0,0,0,0,0,0,0,0,0,0,0,0
2023-03-07,6.5,0.5,1.5,2.5,2.0,23.0,24.0,51.5,0.0,,31.0,5.5,0.5,6.0,0.5,,1.0,0.5,2.5,1.0,1.0,7.0,5.0,24.5,,,1.0,0.0,75.0,0.0,4.0,1.5,2.5,6.5,19.5,2.5,0.0,2.0,23.0,9.0,0,0,0,0,0,0,0,0,0,0,0,0,0,0,0,0,0,0,0,0,0,0,0,0,0,0,0,0,0,0,0,0,0,0,0,0,0,0,0,0
2023-03-08,1.5,8.0,11.5,0.0,0.5,0.0,0.0,0.0,2.5,4.5,45.5,0.0,3.5,5.0,0.0,,4.5,10.0,14.5,7.0,7.5,6.0,0.0,25.5,4.5,1.0,10.5,6.5,3.0,43.5,0.0,1.0,1.0,0.0,79.5,17.0,8.0,0.0,1.0,0.0,0,0,0,0,0,0,0,0,0,0,0,0,0,0,0,0,0,0,0,0,0,0,0,0,0,0,0,0,0,0,0,0,0,0,0,0,0,0,0,0
2023-03-09,69.0,9.0,11.0,12.0,14.5,92.5,68.5,66.0,14.0,20.0,72.0,17.0,110.0,80.0,12.5,,13.0,18.5,56.0,14.0,70.0,60.0,0.5,143.0,25.0,10.5,81.5,13.5,72.5,107.5,43.0,9.5,77.0,25.5,124.5,84.5,25.5,30.5,54.0,18.5,0,0,0,0,0,0,0,0,0,0,0,0,0,0,0,0,0,0,0,0,0,0,0,0,0,0,0,0,0,0,0,0,0,0,0,0,0,0,0,0
2023-03-10,4.0,109.0,92.0,60.0,45.0,45.0,24.5,29.0,139.0,61.0,37.5,4.5,90.0,78.0,72.5,,138.0,126.0,109.5,82.0,82.0,3.5,0.0,54.5,,101.0,83.0,112.0,70.0,51.5,43.5,109.5,126.5,5.5,50.0,,98.5,122.5,26.0,48.0,0,0,0,0,0,0,0,0,0,0,0,0,0,0,0,0,0,0,0,0,0,0,0,0,0,0,0,0,0,0,0,0,0,0,0,0,0,0,0,0
2023-03-11,28.0,144.5,134.5,114.5,130.5,50.0,49.0,49.0,209.5,67.5,36.5,54.0,218.0,123.0,146.0,97.0,94.0,78.5,162.5,63.5,151.5,20.0,0.0,36.5,,109.0,162.0,107.0,42.0,190.5,86.5,101.0,261.0,58.5,37.0,159.5,191.0,93.5,51.0,129.5,0,0,0,0,0,0,0,0,0,0,0,0,0,0,0,0,0,0,0,0,0,0,0,0,0,0,0,0,0,0,0,0,0,0,0,0,0,0,0,0
2023-03-12,0.5,4.5,5.0,1.0,0.5,0.5,0.5,0.0,2.5,,0.0,0.0,28.0,4.5,7.5,,3.0,1.5,12.5,2.0,7.0,0.0,0.0,0.0,,,8.5,4.0,0.0,7.5,1.5,4.0,8.5,1.0,0.0,,4.5,1.5,0.0,1.5,0,0,0,0,0,0,0,0,0,0,0,0,0,0,0,0,0,0,0,0,0,0,0,0,0,0,0,0,0,0,0,0,0,0,0,0,0,0,0,0
2023-03-13,,,,,,,,,,,,,,,,,,,,,,,,16.5,,,,,,,,47.0,,8.5,,,,,,,0,0,0,0,0,0,0,0,0,0,0,0,0,0,0,0,0,0,0,0,0,0,0,0,0,0,0,0,0,0,0,0,0,0,0,0,0,0,0,0
2023-03-14,,,,,,,,,,,,,,,,,,,,,,,,,,,,,,,,,,,,,,,,,0,0,0,0,0,0,0,0,0,0,0,0,0,0,0,0,0,0,0,0,0,0,0,0,0,0,0,0,0,0,0,0,0,0,0,0,0,0,0,0
2023-03-15,,,,,,,,,,,,,,,,,,,,,,,,,,,,,,,,,,,,,,,,,0,0,0,0,0,0,0,0,0,0,0,0,0,0,0,0,0,0,0,0,0,0,0,0,0,0,0,0,0,0,0,0,0,0,0,0,0,0,0,0
2023-03-16,,,,,,,,,,,,,,,,,,,,,,,,,,,,,,,,,,,,,,,,,0,0,0,0,0,0,0,0,0,0,0,0,0,0,0,0,0,0,0,0,0,0,0,0,0,0,0,0,0,0,0,0,0,0,0,0,0,0,0,0
2023-03-17,,,,,,,,,,,,,,,,,,,,,,,,,,,,,,,,,,,,,,,,,0,0,0,0,0,0,0,0,0,0,0,0,0,0,0,0,0,0,0,0,0,0,0,0,0,0,0,0,0,0,0,0,0,0,0,0,0,0,0,0
2023-03-18,36.5,,118.0,,110.5,15.5,,,45.0,77.0,,17.0,35.5,63.5,164.5,,184.5,126.0,83.5,121.0,56.0,31.0,172.5,5.5,,166.0,59.5,107.5,13.5,49.5,,134.5,33.5,22.0,9.0,65.5,57.5,227.0,93.5,97.5,0,0,0,0,0,0,0,0,0,0,0,0,0,0,0,0,0,0,0,0,0,0,0,0,0,0,0,0,0,0,0,0,0,0,0,0,0,0,0,0
2023-03-19,,,,,,,,,,,,,,,,,,,,,,,,,,,,,,,,,,,,,,,,,0,0,0,0,0,0,0,0,0,0,0,0,0,0,0,0,0,0,0,0,0,0,0,0,0,0,0,0,0,0,0,0,0,0,0,0,0,0,0,0
2023-03-20,,,,,,,,,,,,,,,,,,,,,,,,,,,,,,,,,,,,,,,,,0,0,0,0,0,0,0,0,0,0,0,0,0,0,0,0,0,0,0,0,0,0,0,0,0,0,0,0,0,0,0,0,0,0,0,0,0,0,0,0
2023-03-21,,,,,,,,,,,,,,,,,,,,,,,,,,,,,,,,,,,,,,,,,0,0,0,0,0,0,0,0,0,0,0,0,0,0,0,0,0,0,0,0,0,0,0,0,0,0,0,0,0,0,0,0,0,0,0,0,0,0,0,0
2023-03-22,,,,,,,,,,,,,,,,,,,,,,,,,,,,,,,,,,,,,,,,,0,0,0,0,0,0,0,0,0,0,0,0,0,0,0,0,0,0,0,0,0,0,0,0,0,0,0,0,0,0,0,0,0,0,0,0,0,0,0,0
2023-03-23,,,,,,,,,,,,,,,,,,,,,,,,,,,,,,,,,,,,,,,,,0,0,0,0,0,0,0,0,0,0,0,0,0,0,0,0,0,0,0,0,0,0,0,0,0,0,0,0,0,0,0,0,0,0,0,0,0,0,0,0
2023-03-24,62.5,,12.0,9.5,6.0,51.5,50.0,37.5,15.0,11.0,31.0,30.5,43.0,3.0,,6.5,10.0,8.5,6.0,8.5,47.5,60.5,14.0,104.5,,15.0,42.0,19.0,28.0,26.5,7.0,14.5,53.5,26.0,68.5,,3.5,13.0,24.5,11.0,0,0,0,0,0,0,0,0,0,0,0,0,0,0,0,0,0,0,0,0,0,0,0,0,0,0,0,0,0,0,0,0,0,0,0,0,0,0,0,0
2023-03-25,7.0,,17.5,10.0,7.0,11.5,9.5,13.0,16.5,5.5,11.0,9.0,13.5,12.0,19.5,12.5,13.0,10.5,12.0,12.0,15.5,6.0,12.0,7.0,,10.0,16.0,13.0,10.0,12.5,9.0,14.5,15.0,13.0,10.0,14.5,12.5,11.5,8.0,15.5,0,0,0,0,0,0,0,0,0,0,0,0,0,0,0,0,0,0,0,0,0,0,0,0,0,0,0,0,0,0,0,0,0,0,0,0,0,0,0,0
2023-03-26,,,,,,,,,,,,,,,,,,,,,,,,,,,,,,,,,,,,,,,,,0,0,0,0,0,0,0,0,0,0,0,0,0,0,0,0,0,0,0,0,0,0,0,0,0,0,0,0,0,0,0,0,0,0,0,0,0,0,0,0
2023-03-27,,,,,,,,,,,,,,,,,,,,,,,,,,,,,,,,,,,,,,,,,0,0,0,0,0,0,0,0,0,0,0,0,0,0,0,0,0,0,0,0,0,0,0,0,0,0,0,0,0,0,0,0,0,0,0,0,0,0,0,0
2023-03-28,,,,,,,,,,,,,,,,,,,,,,,,,,,,,,,,,,,,,,,,,0,0,0,0,0,0,0,0,0,0,0,0,0,0,0,0,0,0,0,0,0,0,0,0,0,0,0,0,0,0,0,0,0,0,0,0,0,0,0,0
2023-03-29,0.0,,0.5,0.0,0.0,0.0,0.0,0.0,,1.5,13.5,0.0,2.5,0.0,,,,,0.0,3.0,3.0,1.0,,2.0,1.0,5.0,0.0,27.5,1.5,12.0,0.0,47.0,16.0,0.0,47.5,,5.5,1.5,,0.0,0,0,0,0,0,0,0,0,0,0,0,0,0,0,0,0,0,0,0,0,0,0,0,0,0,0,0,0,0,0,0,0,0,0,0,0,0,0,0,0
2023-03-30,1.0,,60.5,8.0,1.5,3.5,2.5,6.5,,3.0,32.0,2.0,1.5,0.5,,2.5,,,1.0,2.5,1.0,1.0,,4.0,16.0,12.0,1.0,27.0,4.0,13.0,1.0,7.0,1.5,2.5,0.0,1.0,88.0,2.5,,13.5,0,0,0,0,0,0,0,0,0,0,0,0,0,0,0,0,0,0,0,0,0,0,0,0,0,0,0,0,0,0,0,0,0,0,0,0,0,0,0,0
2023-03-31,9.5,,0.0,6.5,34.0,14.5,,9.5,,2.5,2.5,8.5,5.5,30.5,,11.0,,,47.5,1.5,10.5,6.0,,2.0,3.0,4.0,21.5,28.0,18.0,0.5,9.0,3.0,2.0,10.0,3.0,29.5,17.5,2.5,,5.5,0,0,0,0,0,0,0,0,0,0,0,0,0,0,0,0,0,0,0,0,0,0,0,0,0,0,0,0,0,0,0,0,0,0,0,0,0,0,0,0
2023-04-01,20.5,,27.0,13.5,20.0,0.5,1.0,0.5,,0.0,0.5,3.0,2.0,18.5,,57.5,,,11.5,22.0,9.0,19.0,,0.5,1.0,7.0,7.5,10.5,25.0,1.0,1.0,4.5,11.0,4.0,0.0,16.0,1.0,60.0,,39.0,0,0,0,0,0,0,0,0,0,0,0,0,0,0,0,0,0,0,0,0,0,0,0,0,0,0,0,0,0,0,0,0,0,0,0,0,0,0,0,0
2023-04-02,12.5,,3.5,21.0,,9.0,,14.0,,,,,0.0,1.0,,,,,,,,,,35.0,0.0,,,3.5,41.5,5.5,13.0,4.5,7.5,20.0,,,,15.0,,27.0,0,0,0,0,0,0,0,0,0,0,0,0,0,0,0,0,0,0,0,0,0,0,0,0,0,0,0,0,0,0,0,0,0,0,0,0,0,0,0,0
2023-04-03,,,,,,,,,,,,,,,,,,,,,,,,,,,,,,,,,,,,,,,,,0,0,0,0,0,0,0,0,0,0,0,0,0,0,0,0,0,0,0,0,0,0,0,0,0,0,0,0,0,0,0,0,0,0,0,0,0,0,0,0
2023-04-04,,,,,,,,,,,,,,,,,,,,,,,,,,,,,,,,,,,,,,,,,0,0,0,0,0,0,0,0,0,0,0,0,0,0,0,0,0,0,0,0,0,0,0,0,0,0,0,0,0,0,0,0,0,0,0,0,0,0,0,0
2023-04-05,,,,,,,,,,,,,,,,,,,,,,,,,,,,,,,,,,,,,,,,,0,0,0,0,0,0,0,0,0,0,0,0,0,0,0,0,0,0,0,0,0,0,0,0,0,0,0,0,0,0,0,0,0,0,0,0,0,0,0,0
2023-04-06,,,,,,,,,,,,,,,,,,,,,,,,,,,,,,,,,,,,,,,,,0,0,0,0,0,0,0,0,0,0,0,0,0,0,0,0,0,0,0,0,0,0,0,0,0,0,0,0,0,0,0,0,0,0,0,0,0,0,0,0
2023-04-07,,,,,,,,,,,,,,,,,,,,,,,,,,,,,,,,,,,,,,,,,0,0,0,0,0,0,0,0,0,0,0,0,0,0,0,0,0,0,0,0,0,0,0,0,0,0,0,0,0,0,0,0,0,0,0,0,0,0,0,0
2023-04-08,1.5,,0.5,0.0,,0.0,,0.0,,,,,1.5,0.0,,,0.0,,,,0.0,2.0,,6.5,0.0,,0.0,0.0,4.0,0.0,0.0,0.5,,0.0,,,,0.5,,0.5,0,0,0,0,0,0,0,0,0,0,0,0,0,0,0,0,0,0,0,0,0,0,0,0,0,0,0,0,0,0,0,0,0,0,0,0,0,0,0,0
2023-04-09,0.0,,0.0,0.0,0.0,0.0,0.0,0.0,0.0,0.0,0.0,0.5,0.0,0.0,,0.0,0.0,,0.0,0.0,0.0,0.5,0.0,0.0,0.0,0.0,0.0,0.0,0.0,0.0,0.0,0.0,,0.5,0.5,0.0,0.0,0.0,,0.0,0,0,0,0,0,0,0,0,0,0,0,0,0,0,0,0,0,0,0,0,0,0,0,0,0,0,0,0,0,0,0,0,0,0,0,0,0,0,0,0
2023-04-10,0.5,,0.0,0.0,0.0,0.0,0.0,0.0,0.0,0.0,0.0,0.0,0.0,0.0,,0.0,0.0,,0.0,0.0,0.0,0.5,0.0,0.0,0.0,0.0,0.0,0.0,0.0,0.0,0.0,0.0,,0.0,0.0,0.0,0.0,0.0,,0.0,0,0,0,0,0,0,0,0,0,0,0,0,0,0,0,0,0,0,0,0,0,0,0,0,0,0,0,0,0,0,0,0,0,0,0,0,0,0,0,0
2023-04-11,0.0,,0.0,0.5,0.0,0.0,0.5,0.0,0.0,0.0,0.0,0.0,0.0,0.0,,0.0,0.0,,0.0,0.0,0.0,0.0,0.0,0.0,0.0,0.0,0.0,0.0,0.0,0.0,0.0,0.0,0.0,0.0,0.0,0.0,0.0,0.0,,0.0,0,0,0,0,0,0,0,0,0,0,0,0,0,0,0,0,0,0,0,0,0,0,0,0,0,0,0,0,0,0,0,0,0,0,0,0,0,0,0,0
2023-04-12,0.0,,0.0,0.0,,0.0,0.0,0.0,,0.0,0.0,0.0,0.0,0.5,,0.0,0.0,,,0.0,,0.5,,0.0,0.0,0.0,0.0,0.0,0.0,0.0,0.0,0.0,0.0,0.0,0.5,0.0,0.0,0.0,,0.0,0,0,0,0,0,0,0,0,0,0,0,0,0,0,0,0,0,0,0,0,0,0,0,0,0,0,0,0,0,0,0,0,0,0,0,0,0,0,0,0
2023-04-13,0.0,,0.0,0.0,,0.0,0.0,0.0,0.0,0.0,0.0,0.0,0.5,0.0,,0.0,0.0,,,0.0,0.0,0.0,0.0,0.0,,0.0,0.5,0.0,0.0,0.0,0.0,0.0,0.0,0.0,0.0,0.0,,0.0,,0.0,0,0,0,0,0,0,0,0,0,0,0,0,0,0,0,0,0,0,0,0,0,0,0,0,0,0,0,0,0,0,0,0,0,0,0,0,0,0,0,0
2023-04-14,0.0,,0.0,0.0,0.0,0.0,0.0,0.0,0.0,0.0,0.0,0.0,0.0,0.0,,0.5,0.0,,,0.0,0.0,0.0,0.0,0.0,0.0,0.0,0.0,0.0,0.0,0.0,0.0,0.0,0.0,0.0,0.0,0.0,0.0,0.0,,0.0,0,0,0,0,0,0,0,0,0,0,0,0,0,0,0,0,0,0,0,0,0,0,0,0,0,0,0,0,0,0,0,0,0,0,0,0,0,0,0,0
2023-04-15,0.0,,0.0,0.0,0.0,0.0,0.0,0.0,0.0,0.0,0.0,0.0,0.0,0.0,,0.0,0.0,,,0.0,0.0,0.0,,0.0,0.0,0.0,0.0,0.0,0.0,0.0,0.0,0.0,0.0,0.0,0.0,1.5,0.0,0.0,,0.0,0,0,0,0,0,0,0,0,0,0,0,0,0,0,0,0,0,0,0,0,0,0,0,0,0,0,0,0,0,0,0,0,0,0,0,0,0,0,0,0
2023-04-16,0.0,,0.0,0.0,0.0,0.0,0.0,0.0,0.0,,0.0,0.0,0.0,0.0,,0.0,0.0,,,0.0,0.0,0.0,0.0,0.0,0.0,0.0,0.0,0.0,0.0,0.0,0.0,0.0,0.0,0.0,0.0,0.0,0.0,0.0,,0.0,0,0,0,0,0,0,0,0,0,0,0,0,0,0,0,0,0,0,0,0,0,0,0,0,0,0,0,0,0,0,0,0,0,0,0,0,0,0,0,0
2023-04-17,0.0,,0.0,0.0,0.0,0.0,0.0,0.0,,0.0,0.0,,0.0,0.0,,0.0,0.0,,,0.0,0.0,0.0,,0.0,0.0,0.0,0.0,0.0,,0.0,0.0,0.0,0.0,0.0,0.0,0.0,,0.0,,0.0,0,0,0,0,0,0,0,0,0,0,0,0,0,0,0,0,0,0,0,0,0,0,0,0,0,0,0,0,0,0,0,0,0,0,0,0,0,0,0,0
2023-04-18,22.5,0.0,0.0,0.0,10.0,0.0,0.0,0.0,0.0,0.0,1.5,,0.0,6.5,,0.0,0.0,,,0.0,0.0,21.0,0.0,8.0,0.0,0.0,0.0,0.0,,0.0,0.0,0.0,0.0,1.0,3.0,9.0,0.5,0.0,,0.0,0,0,0,0,0,0,0,0,0,0,0,0,0,0,0,0,0,0,0,0,0,0,0,0,0,0,0,0,0,0,0,0,0,0,0,0,0,0,0,0
2023-04-19,3.0,,0.0,0.0,0.5,0.0,0.0,0.0,,13.0,,,0.0,0.0,,0.0,0.0,,,,0.0,2.5,,2.0,7.5,8.0,0.0,0.0,,1.0,0.0,0.0,0.0,10.5,,0.0,0.0,0.0,,0.0,0,0,0,0,0,0,0,0,0,0,0,0,0,0,0,0,0,0,0,0,0,0,0,0,0,0,0,0,0,0,0,0,0,0,0,0,0,0,0,0
2023-04-20,0.5,,0.0,5.5,0.5,0.0,0.0,14.0,0.0,0.0,0.0,1.0,47.0,3.0,,18.0,8.5,,6.5,46.5,1.0,0.0,1.0,0.5,0.0,6.5,0.5,0.0,,1.5,0.0,0.0,4.0,4.5,0.0,0.0,0.0,22.0,,0.0,0,0,0,0,0,0,0,0,0,0,0,0,0,0,0,0,0,0,0,0,0,0,0,0,0,0,0,0,0,0,0,0,0,0,0,0,0,0,0,0
2023-04-21,1.0,,0.0,0.0,0.0,0.0,0.0,0.0,0.0,0.0,0.0,0.0,0.5,0.0,,0.0,0.0,,,0.0,0.5,16.0,0.0,0.0,0.0,0.0,0.5,0.0,,0.0,0.0,0.0,0.0,0.0,0.0,0.0,0.0,0.0,,0.0,0,0,0,0,0,0,0,0,0,0,0,0,0,0,0,0,0,0,0,0,0,0,0,0,0,0,0,0,0,0,0,0,0,0,0,0,0,0,0,0
2023-04-22,0.0,,0.0,0.0,0.0,0.0,0.0,0.0,0.0,0.0,0.0,,0.0,0.0,,0.0,0.0,,,0.0,0.0,2.5,0.0,0.0,1.5,0.0,0.0,0.0,,0.0,0.0,0.0,0.0,0.0,1.0,0.0,0.0,0.0,,0.0,0,0,0,0,0,0,0,0,0,0,0,0,0,0,0,0,0,0,0,0,0,0,0,0,0,0,0,0,0,0,0,0,0,0,0,0,0,0,0,0
2023-04-23,,,21.0,,,,,,,,,,,,,,13.0,,,,,,,6.5,,,,,,,,18.5,,,,,,,,12.0,0,0,0,0,0,0,0,0,0,0,0,0,0,0,0,0,0,0,0,0,0,0,0,0,0,0,0,0,0,0,0,0,0,0,0,0,0,0,0,0
2023-04-24,41.0,25.5,2.0,21.5,12.5,3.0,5.5,2.5,8.5,4.5,6.5,2.0,24.5,19.5,,43.0,37.0,,,36.5,26.0,14.5,21.0,16.0,3.0,17.5,25.0,17.5,,19.5,6.5,28.0,27.5,2.0,1.0,21.5,10.5,41.0,,43.5,0,0,0,0,0,0,0,0,0,0,0,0,0,0,0,0,0,0,0,0,0,0,0,0,0,0,0,0,0,0,0,0,0,0,0,0,0,0,0,0
2023-04-25,0.5,,0.0,1.0,,,,3.5,,,,,39.0,2.5,,,0.0,,,,6.5,0.0,,6.5,,,1.5,0.5,,0.0,2.5,0.0,24.5,2.5,,1.0,,4.5,,0.0,0,0,0,0,0,0,0,0,0,0,0,0,0,0,0,0,0,0,0,0,0,0,0,0,0,0,0,0,0,0,0,0,0,0,0,0,0,0,0,0
2023-04-26,52.0,0.0,0.5,0.0,1.0,21.5,19.0,31.0,1.5,,,12.0,0.0,0.0,,,10.5,,,1.0,7.0,83.0,,44.5,17.5,3.0,11.0,3.5,,0.5,8.5,0.0,2.5,10.5,65.0,1.5,0.0,1.5,,6.0,0,0,0,0,0,0,0,0,0,0,0,0,0,0,0,0,0,0,0,0,0,0,0,0,0,0,0,0,0,0,0,0,0,0,0,0,0,0,0,0
2023-04-27,9.0,,0.0,0.0,,,,0.5,,,,,0.0,0.0,,,0.5,,,,0.5,6.0,,2.0,,,0.5,0.0,,0.5,0.0,0.5,0.0,10.0,,,,0.0,,0.5,0,0,0,0,0,0,0,0,0,0,0,0,0,0,0,0,0,0,0,0,0,0,0,0,0,0,0,0,0,0,0,0,0,0,0,0,0,0,0,0
2023-04-28,36.5,,0.0,2.0,,,,0.0,,,,,6.0,0.0,,,6.0,,,,2.0,33.5,,28.5,,,2.0,0.5,,0.0,0.0,0.0,0.5,0.5,,,,10.5,,5.5,0,0,0,0,0,0,0,0,0,0,0,0,0,0,0,0,0,0,0,0,0,0,0,0,0,0,0,0,0,0,0,0,0,0,0,0,0,0,0,0
2023-04-29,,,,,,,,,,,,,,,,,,,,,,,,,,,,,,,,,,,,,,,,,0,0,0,0,0,0,0,0,0,0,0,0,0,0,0,0,0,0,0,0,0,0,0,0,0,0,0,0,0,0,0,0,0,0,0,0,0,0,0,0
2023-04-30,0.5,0.0,0.0,0.0,0.0,0.5,0.5,0.0,0.0,,26.0,0.0,0.0,0.5,,0.0,0.0,,0.0,0.0,0.0,0.0,0.0,0.5,0.0,0.0,0.0,0.0,,0.0,0.0,0.5,0.0,0.0,,0.0,0.0,0.0,,0.0,0,0,0,0,0,0,0,0,0,0,0,0,0,0,0,0,0,0,0,0,0,0,0,0,0,0,0,0,0,0,0,0,0,0,0,0,0,0,0,0
2023-05-01,16.5,0.0,0.0,1.0,19.0,2.5,5.0,11.0,1.5,,12.5,3.0,15.5,5.0,,26.5,34.0,,0.0,1.0,0.0,14.5,28.5,10.5,1.0,1.5,0.0,0.0,,0.0,0.0,4.0,14.5,3.5,2.0,,0.0,8.5,,7.0,0,0,0,0,0,0,0,0,0,0,0,0,0,0,0,0,0,0,0,0,0,0,0,0,0,0,0,0,0,0,0,0,0,0,0,0,0,0,0,0
2023-05-02,4.5,36.5,28.0,22.5,24.0,5.5,4.5,2.0,2.0,,9.0,2.0,23.5,76.0,,46.5,48.5,,9.0,3.5,27.5,10.0,49.0,42.0,,20.0,18.0,12.5,,18.5,44.5,20.5,53.5,3.0,5.5,38.0,1.0,22.0,,45.5,0,0,0,0,0,0,0,0,0,0,0,0,0,0,0,0,0,0,0,0,0,0,0,0,0,0,0,0,0,0,0,0,0,0,0,0,0,0,0,0
2023-05-03,,,,,,,,,,,,,,,,,,,,,,,,,,,,,,,,,,,,,,,,,0,0,0,0,0,0,0,0,0,0,0,0,0,0,0,0,0,0,0,0,0,0,0,0,0,0,0,0,0,0,0,0,0,0,0,0,0,0,0,0
2023-05-04,,,,,,,,,,,,,,,,,,,,,,,,,,,,,,,,,,,,,,,,,0,0,0,0,0,0,0,0,0,0,0,0,0,0,0,0,0,0,0,0,0,0,0,0,0,0,0,0,0,0,0,0,0,0,0,0,0,0,0,0
2023-05-05,10.5,0.0,0.0,0.0,1.0,4.5,1.0,25.0,2.0,24.0,8.5,10.0,1.0,0.0,,0.0,0.5,,,0.0,6.0,41.5,0.0,58.0,7.0,0.0,3.0,2.0,,0.0,,12.0,6.0,13.0,41.5,3.0,0.0,0.0,,0.0,0,0,0,0,0,0,0,0,0,0,0,0,0,0,0,0,0,0,0,0,0,0,0,0,0,0,0,0,0,0,0,0,0,0,0,0,0,0,0,0
2023-05-06,46.5,6.0,2.0,13.5,28.0,30.0,31.0,53.0,47.0,,,78.5,53.5,15.0,,9.0,2.0,,,8.0,47.0,45.5,1.0,2.0,,6.0,54.0,26.0,,19.0,39.5,24.5,33.0,70.0,,,10.5,3.5,,13.5,0,0,0,0,0,0,0,0,0,0,0,0,0,0,0,0,0,0,0,0,0,0,0,0,0,0,0,0,0,0,0,0,0,0,0,0,0,0,0,0
2023-05-07,9.5,15.0,4.5,1.5,8.5,13.0,7.5,35.5,31.5,21.5,,3.0,23.0,1.0,,8.5,10.5,,,6.5,4.0,7.0,14.5,20.5,,8.5,4.0,23.5,,12.5,,27.5,26.5,3.5,9.0,,38.0,1.0,,18.5,0,0,0,0,0,0,0,0,0,0,0,0,0,0,0,0,0,0,0,0,0,0,0,0,0,0,0,0,0,0,0,0,0,0,0,0,0,0,0,0
2023-05-08,1.0,0.5,0.0,0.5,0.0,,0.0,0.0,0.0,,0.0,0.0,0.5,0.5,,0.0,0.0,,,0.0,,0.0,0.0,0.0,,0.0,0.0,0.5,,0.0,0.5,0.5,0.0,0.5,0.0,0.0,0.0,0.0,,0.0,0,0,0,0,0,0,0,0,0,0,0,0,0,0,0,0,0,0,0,0,0,0,0,0,0,0,0,0,0,0,0,0,0,0,0,0,0,0,0,0
2023-05-09,24.5,15.5,9.0,22.0,2.5,22.0,25.0,36.0,28.5,1.5,28.5,12.5,24.5,3.5,,8.0,9.5,,,4.5,,8.5,9.5,55.0,,5.5,5.5,13.5,,39.5,13.0,7.0,24.5,10.5,29.5,6.5,45.0,9.5,,10.5,0,0,0,0,0,0,0,0,0,0,0,0,0,0,0,0,0,0,0,0,0,0,0,0,0,0,0,0,0,0,0,0,0,0,0,0,0,0,0,0
2023-05-10,,,,,,,,,,,,,,,,,,,,,,,,,,,,,,,,,,,,,,,,,0,0,0,0,0,0,0,0,0,0,0,0,0,0,0,0,0,0,0,0,0,0,0,0,0,0,0,0,0,0,0,0,0,0,0,0,0,0,0,0
2023-05-11,0.0,,0.0,0.0,0.0,,0.0,0.0,0.0,0.0,0.0,0.0,0.5,0.0,,0.0,0.0,,,0.0,,0.0,0.0,0.0,0.0,0.0,0.5,0.0,,0.0,0.0,0.0,0.0,0.5,0.0,0.0,,0.0,,0.0,0,0,0,0,0,0,0,0,0,0,0,0,0,0,0,0,0,0,0,0,0,0,0,0,0,0,0,0,0,0,0,0,0,0,0,0,0,0,0,0
2023-05-12,0.0,,0.5,4.0,0.0,,3.0,6.5,0.0,0.0,3.5,3.5,2.0,7.5,,30.0,0.0,,,6.0,,0.0,0.0,1.5,0.0,0.0,0.0,0.0,0.0,0.0,0.0,0.0,0.0,,20.0,,,1.0,,0.5,0,0,0,0,0,0,0,0,0,0,0,0,0,0,0,0,0,0,0,0,0,0,0,0,0,0,0,0,0,0,0,0,0,0,0,0,0,0,0,0
2023-05-13,5.0,,7.5,8.5,10.0,,4.5,6.5,10.5,10.0,3.5,3.5,5.5,7.0,,10.0,8.5,,,10.0,,4.5,8.0,4.5,,8.0,6.5,8.5,4.0,7.0,7.5,9.0,6.5,4.5,4.0,8.0,,11.5,,12.5,0,0,0,0,0,0,0,0,0,0,0,0,0,0,0,0,0,0,0,0,0,0,0,0,0,0,0,0,0,0,0,0,0,0,0,0,0,0,0,0
2023-05-14,4.0,,0.5,0.0,0.0,,0.5,0.0,0.0,1.0,0.5,0.0,0.0,0.0,,0.0,0.0,,,0.0,,8.5,0.0,0.5,0.0,0.0,0.0,0.0,4.5,0.0,0.0,0.5,,0.0,0.5,0.0,,0.0,,0.0,0,0,0,0,0,0,0,0,0,0,0,0,0,0,0,0,0,0,0,0,0,0,0,0,0,0,0,0,0,0,0,0,0,0,0,0,0,0,0,0
2023-05-15,0.0,,0.0,0.0,0.0,,0.0,0.0,0.0,0.0,12.5,0.0,0.0,8.0,,0.0,0.0,,,0.0,,0.0,0.0,2.0,0.0,0.0,3.5,2.0,2.0,0.0,0.0,1.5,,0.0,2.0,0.0,,0.0,,0.0,0,0,0,0,0,0,0,0,0,0,0,0,0,0,0,0,0,0,0,0,0,0,0,0,0,0,0,0,0,0,0,0,0,0,0,0,0,0,0,0
2023-05-16,0.0,,0.0,0.0,5.5,,3.5,3.0,0.0,0.0,0.0,1.5,0.0,4.0,,1.0,0.0,,,0.0,,0.0,0.0,2.5,0.0,0.0,0.0,0.0,0.0,0.0,9.5,0.5,,1.0,5.0,1.5,,5.0,,0.0,0,0,0,0,0,0,0,0,0,0,0,0,0,0,0,0,0,0,0,0,0,0,0,0,0,0,0,0,0,0,0,0,0,0,0,0,0,0,0,0
2023-05-17,0.0,,0.0,0.0,0.0,,0.0,0.5,0.0,0.0,0.0,0.0,0.0,0.0,,0.0,0.0,,,0.5,,0.0,0.0,0.0,0.0,0.0,,0.5,0.0,0.0,0.0,0.0,,0.0,0.5,,,0.0,,33.5,0,0,0,0,0,0,0,0,0,0,0,0,0,0,0,0,0,0,0,0,0,0,0,0,0,0,0,0,0,0,0,0,0,0,0,0,0,0,0,0
2023-05-18,0.0,,0.0,0.0,0.0,,10.0,2.5,0.5,4.5,0.0,12.5,0.0,0.0,,0.0,0.0,,,0.0,,0.0,0.0,0.0,,0.0,,0.0,0.0,0.0,0.5,0.0,,12.5,0.0,0.0,,0.0,,1.0,0,0,0,0,0,0,0,0,0,0,0,0,0,0,0,0,0,0,0,0,0,0,0,0,0,0,0,0,0,0,0,0,0,0,0,0,0,0,0,0
2023-05-19,17.0,,0.0,0.5,0.0,,5.0,14.5,0.0,0.0,0.0,12.5,0.0,0.0,,0.0,0.5,,,4.5,,30.0,0.0,26.5,,0.5,13.0,6.5,9.0,0.0,0.0,13.0,,7.0,0.0,5.0,,0.0,,0.0,0,0,0,0,0,0,0,0,0,0,0,0,0,0,0,0,0,0,0,0,0,0,0,0,0,0,0,0,0,0,0,0,0,0,0,0,0,0,0,0
2023-05-20,0.0,,30.5,2.0,5.5,,1.0,0.0,0.5,2.5,0.0,0.0,32.0,9.5,,8.5,19.5,,,2.0,,0.5,23.5,1.0,1.5,4.0,4.0,0.5,45.0,6.0,7.0,10.5,,0.0,0.0,,,16.0,,11.0,0,0,0,0,0,0,0,0,0,0,0,0,0,0,0,0,0,0,0,0,0,0,0,0,0,0,0,0,0,0,0,0,0,0,0,0,0,0,0,0
2023-05-21,0.0,,0.5,0.0,0.5,,0.5,0.0,0.0,0.0,0.0,0.0,0.0,0.0,,0.0,0.0,,,0.0,,0.5,0.0,0.0,,0.0,0.0,0.0,0.0,0.0,,0.5,,0.0,0.0,0.0,,0.0,,0.0,0,0,0,0,0,0,0,0,0,0,0,0,0,0,0,0,0,0,0,0,0,0,0,0,0,0,0,0,0,0,0,0,0,0,0,0,0,0,0,0
2023-05-22,0.5,,1.0,3.5,5.5,,7.5,1.0,0.5,3.0,0.0,0.0,12.5,0.0,,3.0,29.0,,,,,0.0,12.5,8.0,10.5,70.0,6.0,29.5,0.0,1.0,,29.5,,0.0,0.5,1.0,,13.5,,12.5,0,0,0,0,0,0,0,0,0,0,0,0,0,0,0,0,0,0,0,0,0,0,0,0,0,0,0,0,0,0,0,0,0,0,0,0,0,0,0,0
2023-05-23,12.0,,1.5,12.0,36.0,4.0,3.5,5.0,12.5,10.5,49.5,1.0,11.0,22.0,,24.5,8.5,,,,,14.0,6.5,43.5,,14.5,32.5,8.5,13.0,14.5,4.5,4.5,,2.0,29.0,29.0,,7.0,,17.5,0,0,0,0,0,0,0,0,0,0,0,0,0,0,0,0,0,0,0,0,0,0,0,0,0,0,0,0,0,0,0,0,0,0,0,0,0,0,0,0
2023-05-24,0.5,,0.0,0.0,0.0,0.5,0.0,0.0,0.0,0.0,0.0,0.0,0.5,0.0,,0.0,0.0,,,,,0.5,0.0,0.0,0.0,0.0,0.0,0.0,0.0,0.0,0.0,0.0,,0.0,0.5,0.0,,0.0,,0.0,0,0,0,0,0,0,0,0,0,0,0,0,0,0,0,0,0,0,0,0,0,0,0,0,0,0,0,0,0,0,0,0,0,0,0,0,0,0,0,0
2023-05-25,0.0,,59.5,12.5,0.0,10.0,5.0,13.5,3.0,0.5,69.0,0.5,12.5,16.5,,3.0,27.5,,,,,0.5,15.5,2.0,,59.5,13.5,22.5,0.0,2.0,,70.0,0.5,1.0,17.0,10.0,,18.0,,1.0,0,0,0,0,0,0,0,0,0,0,0,0,0,0,0,0,0,0,0,0,0,0,0,0,0,0,0,0,0,0,0,0,0,0,0,0,0,0,0,0
2023-05-26,0.5,,0.0,2.5,0.5,0.0,0.5,0.5,0.0,0.0,1.0,14.5,21.5,9.5,,37.5,0.0,,,0.5,,0.5,0.0,0.0,,0.0,15.5,11.5,13.0,4.5,0.5,2.0,26.5,16.0,0.0,15.0,,1.5,,32.5,0,0,0,0,0,0,0,0,0,0,0,0,0,0,0,0,0,0,0,0,0,0,0,0,0,0,0,0,0,0,0,0,0,0,0,0,0,0,0,0
2023-05-27,0.5,,0.0,0.0,6.0,0.0,0.0,0.5,0.0,0.0,0.0,0.0,0.0,0.0,,3.5,1.0,,,9.0,,0.0,0.0,0.0,,0.0,0.0,0.0,0.5,0.0,1.5,0.5,1.0,0.0,0.0,0.0,,8.5,,0.5,0,0,0,0,0,0,0,0,0,0,0,0,0,0,0,0,0,0,0,0,0,0,0,0,0,0,0,0,0,0,0,0,0,0,0,0,0,0,0,0
2023-05-28,0.0,,9.5,21.0,11.5,0.5,0.5,0.0,9.5,34.0,8.5,0.0,0.0,0.0,,29.5,63.0,,,23.0,,0.0,56.0,0.0,,11.0,9.5,11.5,19.5,0.0,6.0,11.5,0.5,,0.0,12.0,,53.0,,13.0,0,0,0,0,0,0,0,0,0,0,0,0,0,0,0,0,0,0,0,0,0,0,0,0,0,0,0,0,0,0,0,0,0,0,0,0,0,0,0,0
2023-05-29,6.0,,14.0,1.5,,,6.0,13.5,,4.0,34.5,14.0,25.5,1.0,,,25.5,,,10.5,,1.0,,50.0,,13.5,11.0,27.0,10.5,29.5,20.5,18.5,31.0,13.0,45.5,3.0,,10.5,,7.0,0,0,0,0,0,0,0,0,0,0,0,0,0,0,0,0,0,0,0,0,0,0,0,0,0,0,0,0,0,0,0,0,0,0,0,0,0,0,0,0
2023-05-30,17.5,,28.0,2.5,3.5,,5.0,3.0,1.0,3.5,0.5,1.5,17.0,2.0,,1.5,3.0,,,2.5,,16.5,2.5,0.5,,6.5,16.0,5.5,4.5,0.5,7.5,3.5,8.5,2.0,0.5,3.0,2.0,2.5,,3.5,0,0,0,0,0,0,0,0,0,0,0,0,0,0,0,0,0,0,0,0,0,0,0,0,0,0,0,0,0,0,0,0,0,0,0,0,0,0,0,0
2023-05-31,0.5,,8.5,0.0,0.0,,37.0,,,0.0,41.5,0.5,12.0,28.5,,,15.0,,,7.0,,1.0,,10.0,,,55.5,48.5,8.5,0.5,1.5,7.0,,1.0,,,,4.5,,,0,0,0,0,0,0,0,0,0,0,0,0,0,0,0,0,0,0,0,0,0,0,0,0,0,0,0,0,0,0,0,0,0,0,0,0,0,0,0,0
2023-06-01,12.5,,38.0,36.0,28.5,3.5,4.5,16.5,10.0,22.5,3.0,6.0,21.0,8.5,,13.5,26.0,,,15.0,,13.0,19.5,13.5,,37.0,48.5,20.5,28.5,2.0,5.0,,47.0,5.5,4.5,15.5,5.5,10.5,,26.0,0,0,0,0,0,0,0,0,0,0,0,0,0,0,0,0,0,0,0,0,0,0,0,0,0,0,0,0,0,0,0,0,0,0,0,0,0,0,0,0
2023-06-02,0.0,,8.0,8.0,0.0,0.0,0.0,0.0,0.5,0.0,4.5,0.0,0.0,0.0,,0.0,6.5,,,32.5,,0.0,5.0,15.5,,4.0,0.0,0.0,1.0,0.5,0.5,,0.0,0.5,1.5,0.0,0.5,25.5,,0.0,0,0,0,0,0,0,0,0,0,0,0,0,0,0,0,0,0,0,0,0,0,0,0,0,0,0,0,0,0,0,0,0,0,0,0,0,0,0,0,0
2023-06-03,19.0,,0.0,0.0,0.5,1.0,1.0,7.0,,28.5,23.0,38.0,0.0,0.0,,0.0,0.0,,,0.0,,27.5,0.0,2.0,,0.0,4.0,0.0,22.0,0.0,13.5,,4.5,41.5,1.0,0.0,0.0,0.0,,11.0,0,0,0,0,0,0,0,0,0,0,0,0,0,0,0,0,0,0,0,0,0,0,0,0,0,0,0,0,0,0,0,0,0,0,0,0,0,0,0,0
2023-06-04,8.5,,1.0,3.0,4.0,20.0,21.0,4.0,2.0,6.0,3.0,3.0,34.0,7.0,,14.0,10.5,,,15.0,,19.5,9.0,11.5,,0.0,21.0,9.5,34.5,0.0,19.5,,30.5,6.5,7.0,12.5,0.0,18.0,,14.0,0,0,0,0,0,0,0,0,0,0,0,0,0,0,0,0,0,0,0,0,0,0,0,0,0,0,0,0,0,0,0,0,0,0,0,0,0,0,0,0
2023-06-05,1.5,,0.0,0.0,0.0,0.0,0.5,0.0,0.0,0.0,0.0,0.0,0.0,0.0,,0.0,0.0,,,0.0,,0.5,0.0,0.0,,0.0,0.5,0.0,1.0,0.0,0.0,,0.0,0.5,0.5,0.5,0.0,0.0,,0.0,0,0,0,0,0,0,0,0,0,0,0,0,0,0,0,0,0,0,0,0,0,0,0,0,0,0,0,0,0,0,0,0,0,0,0,0,0,0,0,0
2023-06-06,5.5,,13.0,0.5,3.0,22.0,17.0,15.0,0.5,0.0,10.0,2.0,3.0,6.5,,8.0,0.5,,,1.5,,1.0,2.0,8.0,,0.0,17.5,0.0,1.5,3.0,8.0,,0.5,6.0,10.5,15.5,0.0,17.0,,15.5,0,0,0,0,0,0,0,0,0,0,0,0,0,0,0,0,0,0,0,0,0,0,0,0,0,0,0,0,0,0,0,0,0,0,0,0,0,0,0,0
2023-06-07,0.0,,0.0,1.0,0.0,0.0,0.0,0.5,0.0,1.5,1.0,0.0,0.5,0.0,,27.0,0.0,,,16.5,11.0,0.0,0.0,17.5,,1.0,8.0,0.5,0.5,0.0,0.0,4.0,0.0,0.0,8.5,0.0,0.0,5.5,,8.5,0,0,0,0,0,0,0,0,0,0,0,0,0,0,0,0,0,0,0,0,0,0,0,0,0,0,0,0,0,0,0,0,0,0,0,0,0,0,0,0
2023-06-08,19.0,,0.0,1.5,2.0,3.5,2.0,1.5,0.0,22.0,32.0,0.0,16.5,66.5,,16.0,10.0,,,32.0,23.5,7.0,16.5,1.5,,15.5,17.0,77.5,7.5,0.0,37.0,53.5,2.5,0.0,6.5,23.0,0.0,58.5,,23.0,0,0,0,0,0,0,0,0,0,0,0,0,0,0,0,0,0,0,0,0,0,0,0,0,0,0,0,0,0,0,0,0,0,0,0,0,0,0,0,0
2023-06-09,1.0,,0.0,0.0,0.5,0.0,0.0,0.0,0.0,0.5,0.0,0.0,0.5,0.0,,0.5,0.5,,,0.0,0.0,3.5,0.0,0.0,0.0,0.0,0.5,0.0,4.0,0.0,0.0,0.5,0.5,0.0,0.0,,0.0,0.0,,0.0,0,0,0,0,0,0,0,0,0,0,0,0,0,0,0,0,0,0,0,0,0,0,0,0,0,0,0,0,0,0,0,0,0,0,0,0,0,0,0,0
2023-06-10,0.0,,11.5,0.0,41.5,0.5,0.5,0.5,0.5,3.5,0.5,0.0,0.0,26.0,,0.0,0.0,,,0.0,0.5,0.5,0.0,7.0,0.0,1.5,0.0,0.0,3.0,0.0,0.0,0.0,0.0,0.0,1.0,0.0,0.0,0.0,,19.0,0,0,0,0,0,0,0,0,0,0,0,0,0,0,0,0,0,0,0,0,0,0,0,0,0,0,0,0,0,0,0,0,0,0,0,0,0,0,0,0
2023-06-11,4.5,,3.5,6.5,0.0,,32.5,26.0,0.0,0.5,3.5,39.0,0.0,0.0,,0.0,10.5,,,39.0,0.0,0.0,1.5,0.0,,20.5,0.0,5.0,22.5,0.0,0.0,0.0,0.0,43.5,0.0,,,17.0,,9.0,0,0,0,0,0,0,0,0,0,0,0,0,0,0,0,0,0,0,0,0,0,0,0,0,0,0,0,0,0,0,0,0,0,0,0,0,0,0,0,0
2023-06-12,6.5,,0.0,0.0,0.0,0.5,0.0,0.0,0.0,3.0,1.5,3.0,0.0,0.0,,3.0,0.0,,,1.0,0.0,1.5,0.0,1.0,,0.0,0.0,0.0,1.5,0.0,2.5,0.0,0.0,3.5,0.0,0.5,0.0,22.0,,0.0,0,0,0,0,0,0,0,0,0,0,0,0,0,0,0,0,0,0,0,0,0,0,0,0,0,0,0,0,0,0,0,0,0,0,0,0,0,0,0,0
2023-06-13,0.0,,0.0,1.0,0.0,0.0,0.0,0.0,0.0,0.0,0.0,0.0,0.0,0.0,,0.0,0.0,0.0,,0.0,0.0,0.0,0.0,0.0,0.0,0.0,0.0,0.0,0.0,0.0,0.0,0.0,0.0,0.0,0.0,0.0,0.0,0.0,,0.0,0,0,0,0,0,0,0,0,0,0,0,0,0,0,0,0,0,0,0,0,0,0,0,0,0,0,0,0,0,0,0,0,0,0,0,0,0,0,0,0
2023-06-14,,,,,,,,,,,,,,,,,,,,,,,,,,,,,,,,,,,,,,,,,0,0,0,0,0,0,0,0,0,0,0,0,0,0,0,0,0,0,0,0,0,0,0,0,0,0,0,0,0,0,0,0,0,0,0,0,0,0,0,0
2023-06-15,,,0.0,,24.0,,0.0,,,4.5,,,,0.5,,,0.5,,,0.0,0.0,,,,,0.0,,0.5,,0.0,0.0,0.5,,0.5,,,,,,0.0,0,0,0,0,0,0,0,0,0,0,0,0,0,0,0,0,0,0,0,0,0,0,0,0,0,0,0,0,0,0,0,0,0,0,0,0,0,0,0,0
2023-06-16,,,,,,,,,,,,,,,,,,,,,,,,,,,,,,,,,,,,,,,,,0,0,0,0,0,0,0,0,0,0,0,0,0,0,0,0,0,0,0,0,0,0,0,0,0,0,0,0,0,0,0,0,0,0,0,0,0,0,0,0
2023-06-17,0.5,,,0.0,2.5,0.0,0.0,0.0,0.5,18.0,,0.0,,0.0,,0.5,36.5,0.0,,0.0,0.0,0.0,23.0,1.5,,0.5,,50.5,2.0,4.0,4.0,,5.5,1.5,1.0,0.0,0.0,0.0,,3.0,0,0,0,0,0,0,0,0,0,0,0,0,0,0,0,0,0,0,0,0,0,0,0,0,0,0,0,0,0,0,0,0,0,0,0,0,0,0,0,0
2023-06-18,22.0,,,,0.0,,0.0,0.0,,0.0,,,,0.0,,0.0,0.0,,,0.0,0.0,,,,,0.0,0.0,0.0,,0.0,0.0,,,0.0,5.5,,,,,0.0,0,0,0,0,0,0,0,0,0,0,0,0,0,0,0,0,0,0,0,0,0,0,0,0,0,0,0,0,0,0,0,0,0,0,0,0,0,0,0,0
2023-06-19,3.0,,0.5,0.0,0.0,0.0,0.0,0.5,3.0,0.5,0.5,0.0,0.0,0.0,,0.0,0.0,0.0,,0.0,0.0,7.0,0.0,1.5,,1.5,0.0,0.0,2.0,0.0,0.5,0.0,0.0,0.0,1.5,0.5,2.0,0.0,,0.0,0,0,0,0,0,0,0,0,0,0,0,0,0,0,0,0,0,0,0,0,0,0,0,0,0,0,0,0,0,0,0,0,0,0,0,0,0,0,0,0
2023-06-20,14.0,,17.0,,47.0,,16.0,,,24.5,17.5,8.0,,,,,13.5,,,1.5,,,,6.0,,,,1.0,,0.0,30.5,0.0,5.0,,,,,3.5,,23.0,0,0,0,0,0,0,0,0,0,0,0,0,0,0,0,0,0,0,0,0,0,0,0,0,0,0,0,0,0,0,0,0,0,0,0,0,0,0,0,0
2023-06-21,49.5,,10.5,18.5,2.5,,,47.0,4.5,5.0,25.5,66.0,17.5,21.5,,18.5,12.0,11.5,,20.0,60.0,17.5,9.0,13.5,,4.5,93.0,8.5,7.0,14.0,3.0,5.0,29.5,52.5,17.0,48.0,2.5,17.0,,52.5,0,0,0,0,0,0,0,0,0,0,0,0,0,0,0,0,0,0,0,0,0,0,0,0,0,0,0,0,0,0,0,0,0,0,0,0,0,0,0,0
2023-06-22,0.5,,0.0,0.0,0.0,,0.5,0.5,,0.0,0.0,0.0,0.0,0.0,,,0.0,,,0.0,0.5,4.0,,0.5,,0.0,0.5,0.0,,0.0,0.5,0.0,0.0,0.5,8.0,0.0,,0.0,,0.0,0,0,0,0,0,0,0,0,0,0,0,0,0,0,0,0,0,0,0,0,0,0,0,0,0,0,0,0,0,0,0,0,0,0,0,0,0,0,0,0
2023-06-23,0.0,,0.0,0.0,0.0,0.0,0.0,0.0,0.0,0.0,0.5,2.0,0.0,0.5,,0.5,0.0,0.0,,0.0,0.0,0.5,0.0,0.0,0.0,1.0,,0.0,0.5,32.5,0.0,5.5,3.0,1.0,0.0,0.5,0.0,7.0,,7.0,0,0,0,0,0,0,0,0,0,0,0,0,0,0,0,0,0,0,0,0,0,0,0,0,0,0,0,0,0,0,0,0,0,0,0,0,0,0,0,0
2023-06-24,5.5,,,3.5,3.5,,20.5,23.0,,16.5,5.0,24.0,,0.5,,,0.5,,,17.5,0.0,3.0,,0.0,,3.0,,6.0,3.0,7.5,1.5,,2.0,40.0,9.5,2.5,,20.0,,9.0,0,0,0,0,0,0,0,0,0,0,0,0,0,0,0,0,0,0,0,0,0,0,0,0,0,0,0,0,0,0,0,0,0,0,0,0,0,0,0,0
2023-06-25,0.5,,19.5,1.5,3.5,29.5,27.0,5.5,0.5,0.5,24.0,0.0,1.5,26.5,,,20.5,6.5,,6.5,1.0,1.0,17.0,41.5,11.0,2.0,,,1.5,0.5,4.0,6.5,8.5,,44.0,16.0,2.5,10.0,,24.5,0,0,0,0,0,0,0,0,0,0,0,0,0,0,0,0,0,0,0,0,0,0,0,0,0,0,0,0,0,0,0,0,0,0,0,0,0,0,0,0
2023-06-26,,,,,,,,,,,,,,,,,,,,,,,,,,3.5,,,,,,,,,,,,,,,0,0,0,0,0,0,0,0,0,0,0,0,0,0,0,0,0,0,0,0,0,0,0,0,0,0,0,0,0,0,0,0,0,0,0,0,0,0,0,0
2023-06-27,0.5,,0.0,0.0,0.0,0.0,0.0,0.5,0.0,0.0,0.0,0.0,0.0,0.0,,,0.0,0.0,,0.0,0.0,0.0,0.0,0.0,0.0,0.0,,2.0,0.0,0.0,0.0,0.0,0.0,,0.5,0.0,0.0,0.0,0.0,0.0,0,0,0,0,0,0,0,0,0,0,0,0,0,0,0,0,0,0,0,0,0,0,0,0,0,0,0,0,0,0,0,0,0,0,0,0,0,0,0,0
2023-06-28,,,,,,,,,,,,,,,,,,,,,,,,,,,,,,,,,,,,,,,,,0,0,0,0,0,0,0,0,0,0,0,0,0,0,0,0,0,0,0,0,0,0,0,0,0,0,0,0,0,0,0,0,0,0,0,0,0,0,0,0
2023-06-29,6.5,,0.0,1.0,0.0,3.0,0.0,0.0,0.0,0.0,0.0,0.5,4.0,0.0,,,16.0,10.5,,12.5,0.0,12.0,18.0,0.5,0.0,0.0,,0.0,13.5,0.0,0.0,0.0,9.5,0.0,0.5,0.0,,22.0,0.0,4.5,0,0,0,0,0,0,0,0,0,0,0,0,0,0,0,0,0,0,0,0,0,0,0,0,0,0,0,0,0,0,0,0,0,0,0,0,0,0,0,0
2023-06-30,6.0,,0.0,12.5,35.5,37.0,31.0,17.0,6.5,2.5,2.0,11.0,48.5,54.5,,,0.5,2.5,,1.0,55.0,12.5,0.0,35.5,11.0,2.0,,6.0,0.0,66.0,51.0,1.0,59.0,12.0,0.5,27.5,8.5,0.5,24.0,0.5,0,0,0,0,0,0,0,0,0,0,0,0,0,0,0,0,0,0,0,0,0,0,0,0,0,0,0,0,0,0,0,0,0,0,0,0,0,0,0,0
2023-07-01,21.0,,9.5,5.5,29.5,,6.5,10.0,25.0,59.5,76.5,3.5,37.0,2.0,,,4.5,,,25.0,13.0,6.0,5.5,26.0,6.5,1.5,,,41.5,4.0,9.0,13.0,22.0,4.0,68.5,,,27.5,,10.0,0,0,0,0,0,0,0,0,0,0,0,0,0,0,0,0,0,0,0,0,0,0,0,0,0,0,0,0,0,0,0,0,0,0,0,0,0,0,0,0
2023-07-02,21.0,,50.5,22.0,19.5,20.5,21.0,14.0,50.5,19.5,7.5,13.0,27.0,77.5,,,36.5,31.5,,31.0,98.0,30.5,39.0,9.5,60.5,43.5,,,12.5,28.5,39.5,71.5,,14.5,8.5,,21.0,24.5,,28.0,0,0,0,0,0,0,0,0,0,0,0,0,0,0,0,0,0,0,0,0,0,0,0,0,0,0,0,0,0,0,0,0,0,0,0,0,0,0,0,0
2023-07-03,0.5,,0.0,0.5,0.5,0.0,0.5,0.0,0.0,0.0,0.0,0.0,0.0,0.0,,,0.5,0.5,,0.0,0.0,0.0,0.0,0.5,0.0,0.5,,,0.0,0.5,0.0,0.5,0.0,0.0,0.5,,0.5,0.5,,0.5,0,0,0,0,0,0,0,0,0,0,0,0,0,0,0,0,0,0,0,0,0,0,0,0,0,0,0,0,0,0,0,0,0,0,0,0,0,0,0,0
2023-07-04,1.0,,0.0,0.0,0.0,,0.0,0.0,0.0,0.0,0.0,0.0,0.0,0.0,,,0.0,0.0,,0.0,0.0,0.5,0.0,0.0,0.0,0.0,,,0.5,0.0,0.0,0.0,0.0,0.0,0.0,,,0.0,,0.0,0,0,0,0,0,0,0,0,0,0,0,0,0,0,0,0,0,0,0,0,0,0,0,0,0,0,0,0,0,0,0,0,0,0,0,0,0,0,0,0
2023-07-05,0.0,,0.0,8.0,5.0,7.0,0.5,1.0,0.0,57.0,1.5,19.0,0.0,2.0,,,0.0,0.0,,0.0,0.0,0.5,0.5,0.0,0.0,0.0,,,17.5,0.0,32.0,0.0,0.5,23.5,0.0,0.0,0.0,0.0,,1.0,0,0,0,0,0,0,0,0,0,0,0,0,0,0,0,0,0,0,0,0,0,0,0,0,0,0,0,0,0,0,0,0,0,0,0,0,0,0,0,0
2023-07-06,11.5,,35.5,19.5,53.5,33.5,29.5,45.0,19.0,71.0,26.0,19.0,26.0,20.0,,,39.5,29.0,,28.5,39.5,10.0,35.0,34.5,16.0,33.0,,,23.0,31.0,25.0,45.5,30.5,23.0,19.5,,34.5,35.0,,22.5,0,0,0,0,0,0,0,0,0,0,0,0,0,0,0,0,0,0,0,0,0,0,0,0,0,0,0,0,0,0,0,0,0,0,0,0,0,0,0,0
2023-07-07,1.0,,4.5,0.0,0.5,,,0.5,6.5,0.5,1.0,0.0,0.5,0.0,,,3.5,2.0,,1.5,0.5,0.5,5.0,0.5,12.5,6.5,,2.5,1.0,0.0,0.5,4.0,0.5,0.5,0.5,,,2.0,,4.5,0,0,0,0,0,0,0,0,0,0,0,0,0,0,0,0,0,0,0,0,0,0,0,0,0,0,0,0,0,0,0,0,0,0,0,0,0,0,0,0
2023-07-08,,,,,,,,,,,,,,,,,,,,,,,,,,,,,,,,,,,,,,,,,0,0,0,0,0,0,0,0,0,0,0,0,0,0,0,0,0,0,0,0,0,0,0,0,0,0,0,0,0,0,0,0,0,0,0,0,0,0,0,0
2023-07-09,0.0,,6.5,0.0,0.0,0.0,,0.0,4.0,0.0,0.0,0.0,0.0,0.0,,,1.5,0.5,,0.0,0.0,0.0,2.0,0.0,7.5,0.0,,0.0,0.0,0.0,0.0,,0.0,0.0,0.0,,1.5,0.5,0.0,0.5,0,0,0,0,0,0,0,0,0,0,0,0,0,0,0,0,0,0,0,0,0,0,0,0,0,0,0,0,0,0,0,0,0,0,0,0,0,0,0,0
2023-07-10,27.5,,11.5,11.5,12.5,,3.5,2.5,24.0,13.5,3.5,15.5,24.0,18.0,,,3.0,4.0,,9.5,6.0,20.0,,32.0,22.5,14.0,,,21.0,29.0,4.5,,19.5,13.5,4.0,,,5.5,8.0,6.0,0,0,0,0,0,0,0,0,0,0,0,0,0,0,0,0,0,0,0,0,0,0,0,0,0,0,0,0,0,0,0,0,0,0,0,0,0,0,0,0
2023-07-11,,,,,,,,,,,,,,,,,,,,,,,,,,,,,,,,,,,,,,,,,0,0,0,0,0,0,0,0,0,0,0,0,0,0,0,0,0,0,0,0,0,0,0,0,0,0,0,0,0,0,0,0,0,0,0,0,0,0,0,0
2023-07-12,12.0,,28.0,8.5,17.0,,43.0,25.0,,,2.5,2.5,11.0,0.5,,,20.0,,,12.5,21.0,9.0,,14.0,20.5,3.0,,,,15.5,3.0,,34.5,2.5,7.0,,,25.0,,9.0,0,0,0,0,0,0,0,0,0,0,0,0,0,0,0,0,0,0,0,0,0,0,0,0,0,0,0,0,0,0,0,0,0,0,0,0,0,0,0,0
2023-07-13,0.0,,14.5,0.5,13.0,,1.5,0.5,,0.5,16.5,0.0,0.0,3.5,,,26.0,,,1.0,0.5,,,15.5,,2.5,,,,0.5,4.0,,0.0,0.0,21.5,,,,,0.0,0,0,0,0,0,0,0,0,0,0,0,0,0,0,0,0,0,0,0,0,0,0,0,0,0,0,0,0,0,0,0,0,0,0,0,0,0,0,0,0
2023-07-14,0.0,,39.0,0.0,3.5,,0.0,0.0,,1.0,0.5,0.0,18.5,0.0,,,0.0,,,0.0,2.5,,,0.5,11.5,0.0,,,,17.5,0.0,6.5,2.5,,0.0,,,1.0,6.0,5.5,0,0,0,0,0,0,0,0,0,0,0,0,0,0,0,0,0,0,0,0,0,0,0,0,0,0,0,0,0,0,0,0,0,0,0,0,0,0,0,0
2023-07-15,0.5,,0.0,0.0,0.0,,0.0,0.0,0.0,0.0,0.0,0.0,0.0,0.0,,,0.0,,,0.0,0.0,0.0,0.0,0.0,0.0,0.0,,,0.0,0.0,0.0,0.0,,0.0,0.0,,,0.0,,0.0,0,0,0,0,0,0,0,0,0,0,0,0,0,0,0,0,0,0,0,0,0,0,0,0,0,0,0,0,0,0,0,0,0,0,0,0,0,0,0,0
2023-07-16,0.0,,0.0,0.0,0.0,0.0,0.5,0.0,0.0,0.0,0.0,0.0,0.0,0.0,,,0.0,0.0,,0.0,0.0,0.0,0.0,0.0,0.5,0.0,,,0.0,0.0,0.0,0.0,0.0,0.0,0.0,,0.0,0.0,0.0,0.0,0,0,0,0,0,0,0,0,0,0,0,0,0,0,0,0,0,0,0,0,0,0,0,0,0,0,0,0,0,0,0,0,0,0,0,0,0,0,0,0
2023-07-17,0.0,,0.0,0.5,0.0,,3.5,1.5,0.5,0.0,0.0,29.5,7.5,5.5,,,0.0,0.0,,0.0,9.0,0.0,,0.0,0.5,0.0,,,0.0,,3.0,0.0,4.0,31.5,0.0,,,0.0,0.0,0.0,0,0,0,0,0,0,0,0,0,0,0,0,0,0,0,0,0,0,0,0,0,0,0,0,0,0,0,0,0,0,0,0,0,0,0,0,0,0,0,0
2023-07-18,0.0,,0.0,0.0,0.0,,0.0,0.0,,0.0,,0.0,0.0,1.0,,,0.0,,,0.5,0.0,,,0.0,0.0,2.5,,,,,0.0,0.0,,0.5,0.0,,,0.0,,0.0,0,0,0,0,0,0,0,0,0,0,0,0,0,0,0,0,0,0,0,0,0,0,0,0,0,0,0,0,0,0,0,0,0,0,0,0,0,0,0,0
2023-07-19,2.5,,15.0,3.0,1.5,,1.0,3.5,,1.0,,0.0,18.0,14.5,,,10.5,,,0.0,31.5,,,1.5,5.0,4.5,,,11.5,8.0,0.5,14.0,,0.5,8.0,,,0.5,,1.0,0,0,0,0,0,0,0,0,0,0,0,0,0,0,0,0,0,0,0,0,0,0,0,0,0,0,0,0,0,0,0,0,0,0,0,0,0,0,0,0
2023-07-20,,,,,,,,,,,,,,,,,,,,,,,,,,,,,,,,,,,,,,,,,0,0,0,0,0,0,0,0,0,0,0,0,0,0,0,0,0,0,0,0,0,0,0,0,0,0,0,0,0,0,0,0,0,0,0,0,0,0,0,0
2023-07-21,1.0,,0.5,0.5,3.5,0.5,2.0,1.0,2.0,1.5,0.5,,1.0,0.5,,,1.0,0.5,,0.5,0.5,0.5,0.0,0.0,0.5,0.5,,,0.5,0.0,2.0,0.5,0.0,0.5,0.5,,0.5,0.5,0.0,2.0,0,0,0,0,0,0,0,0,0,0,0,0,0,0,0,0,0,0,0,0,0,0,0,0,0,0,0,0,0,0,0,0,0,0,0,0,0,0,0,0
2023-07-22,,,1.0,0.0,0.0,,0.0,4.5,,0.0,22.0,,,0.0,,,0.0,,,0.0,0.0,0.0,,13.0,,,,,,0.0,0.0,0.0,,0.5,28.0,,,0.0,,0.5,0,0,0,0,0,0,0,0,0,0,0,0,0,0,0,0,0,0,0,0,0,0,0,0,0,0,0,0,0,0,0,0,0,0,0,0,0,0,0,0
2023-07-23,8.5,,9.5,11.5,19.0,0.0,0.0,0.5,5.5,3.0,4.5,,33.5,0.5,,,5.5,4.0,,5.5,5.5,1.5,0.0,6.0,21.0,3.0,,,,21.0,0.0,39.0,,2.5,12.5,,7.0,1.0,2.0,9.5,0,0,0,0,0,0,0,0,0,0,0,0,0,0,0,0,0,0,0,0,0,0,0,0,0,0,0,0,0,0,0,0,0,0,0,0,0,0,0,0
2023-07-24,,,,0.0,0.5,,0.0,0.0,,0.0,,,0.0,1.0,,,0.0,,,0.0,0.0,,,0.5,,,,,,,0.5,1.5,,,0.0,,,,,0.5,0,0,0,0,0,0,0,0,0,0,0,0,0,0,0,0,0,0,0,0,0,0,0,0,0,0,0,0,0,0,0,0,0,0,0,0,0,0,0,0
2023-07-25,,,,,,,,,,,,,,,,,,,,,,,,,,,,,,,,,,,,,,,,,0,0,0,0,0,0,0,0,0,0,0,0,0,0,0,0,0,0,0,0,0,0,0,0,0,0,0,0,0,0,0,0,0,0,0,0,0,0,0,0
2023-07-26,0.0,,2.5,0.0,0.0,0.0,0.0,0.0,0.0,0.0,0.0,,0.0,0.0,,,9.5,0.5,,1.5,0.0,0.0,11.0,0.0,0.0,4.0,,,0.0,0.0,0.0,0.0,0.0,0.0,0.0,,,0.0,0.0,6.0,0,0,0,0,0,0,0,0,0,0,0,0,0,0,0,0,0,0,0,0,0,0,0,0,0,0,0,0,0,0,0,0,0,0,0,0,0,0,0,0
2023-07-27,0.0,,0.0,0.0,0.0,0.0,0.0,0.0,0.0,0.0,0.0,,0.0,0.0,,,0.0,0.0,,0.0,0.0,0.0,0.0,0.0,0.0,0.0,,,1.0,0.0,0.0,0.0,0.0,0.0,0.0,,,0.0,0.0,0.0,0,0,0,0,0,0,0,0,0,0,0,0,0,0,0,0,0,0,0,0,0,0,0,0,0,0,0,0,0,0,0,0,0,0,0,0,0,0,0,0
2023-07-28,0.0,,0.5,0.0,0.0,,0.0,0.0,0.0,0.0,0.0,,0.0,0.0,,,0.0,,,0.0,0.0,0.0,0.0,0.0,0.0,0.0,,,0.0,0.0,0.0,0.0,,0.0,0.0,,,0.0,,0.0,0,0,0,0,0,0,0,0,0,0,0,0,0,0,0,0,0,0,0,0,0,0,0,0,0,0,0,0,0,0,0,0,0,0,0,0,0,0,0,0
2023-07-29,,,0.0,0.0,0.0,,0.0,0.0,,0.0,0.0,,0.0,0.0,,,0.0,,,0.0,0.0,0.0,0.0,0.0,,0.0,,,0.0,0.0,0.0,0.0,,0.0,0.0,,,0.0,,0.0,0,0,0,0,0,0,0,0,0,0,0,0,0,0,0,0,0,0,0,0,0,0,0,0,0,0,0,0,0,0,0,0,0,0,0,0,0,0,0,0
2023-07-30,0.0,,0.0,0.0,0.0,0.0,0.0,0.0,0.0,0.0,0.0,,0.0,0.0,,,0.0,0.0,,0.0,0.0,0.0,0.0,0.0,0.0,0.0,,,0.0,0.0,0.0,0.0,0.0,0.0,0.0,,,0.0,0.0,0.0,0,0,0,0,0,0,0,0,0,0,0,0,0,0,0,0,0,0,0,0,0,0,0,0,0,0,0,0,0,0,0,0,0,0,0,0,0,0,0,0
2023-07-31,0.0,,0.5,0.0,0.0,0.0,0.0,0.0,0.0,0.0,0.0,,0.0,0.0,,,0.0,0.0,,0.0,0.0,0.0,0.0,0.0,0.0,0.0,,,0.0,0.0,0.0,0.0,0.0,0.0,0.0,,,0.0,0.0,0.0,0,0,0,0,0,0,0,0,0,0,0,0,0,0,0,0,0,0,0,0,0,0,0,0,0,0,0,0,0,0,0,0,0,0,0,0,0,0,0,0
2023-08-01,,,,,,,,,,,,,,,,,,,,,,,,,,,,,,,,0.0,,,,,,,,,0,0,0,0,0,0,0,0,0,0,0,0,0,0,0,0,0,0,0,0,0,0,0,0,0,0,0,0,0,0,0,0,0,0,0,0,0,0,0,0
2023-08-02,8.5,,30.5,17.0,49.0,,42.5,39.0,39.0,20.0,30.5,,49.0,60.0,,,82.5,,,79.0,68.0,11.5,59.5,43.5,11.5,,,,64.0,33.5,84.0,48.0,,25.0,32.5,85.5,,70.0,,39.0,0,0,0,0,0,0,0,0,0,0,0,0,0,0,0,0,0,0,0,0,0,0,0,0,0,0,0,0,0,0,0,0,0,0,0,0,0,0,0,0
2023-08-03,15.5,,6.0,12.0,1.0,,2.0,1.0,,0.0,0.5,,,,,,22.0,,,15.5,2.0,20.5,21.5,6.0,,30.0,,,,0.5,1.0,1.5,1.0,3.0,1.5,,,31.5,,35.0,0,0,0,0,0,0,0,0,0,0,0,0,0,0,0,0,0,0,0,0,0,0,0,0,0,0,0,0,0,0,0,0,0,0,0,0,0,0,0,0
2023-08-04,,,,,,,,,,,,,,,,,,,,,,,,,,,,,,,,0.0,,,,,,,,,0,0,0,0,0,0,0,0,0,0,0,0,0,0,0,0,0,0,0,0,0,0,0,0,0,0,0,0,0,0,0,0,0,0,0,0,0,0,0,0
2023-08-05,,,0.0,0.0,10.5,,0.0,0.0,,0.0,0.0,,2.5,0.0,,,0.0,,,0.0,0.0,,0.0,0.0,,0.0,,,,0.0,0.0,0.0,2.5,0.0,0.5,,,0.0,,0.0,0,0,0,0,0,0,0,0,0,0,0,0,0,0,0,0,0,0,0,0,0,0,0,0,0,0,0,0,0,0,0,0,0,0,0,0,0,0,0,0
2023-08-06,,,,,,,,,,,,,,,,,,,,,,,,,,,,,,,,,,,,,,,,,0,0,0,0,0,0,0,0,0,0,0,0,0,0,0,0,0,0,0,0,0,0,0,0,0,0,0,0,0,0,0,0,0,0,0,0,0,0,0,0
2023-08-07,20.5,,22.0,0.5,4.0,,4.5,12.0,,35.5,4.0,,0.5,0.0,,,33.0,,,12.5,3.0,,43.5,2.0,,14.5,,,,0.0,4.5,6.0,,9.5,13.0,,,11.0,,0.0,0,0,0,0,0,0,0,0,0,0,0,0,0,0,0,0,0,0,0,0,0,0,0,0,0,0,0,0,0,0,0,0,0,0,0,0,0,0,0,0
2023-08-08,,,,,,,,,,,,,,,,,,,,,,,,,,,,,,,,,,,,,,,,,0,0,0,0,0,0,0,0,0,0,0,0,0,0,0,0,0,0,0,0,0,0,0,0,0,0,0,0,0,0,0,0,0,0,0,0,0,0,0,0
2023-08-09,,,,,,,,,,,,,,,,,,,,,,,,,,,,,,,,,,,,,,,,,0,0,0,0,0,0,0,0,0,0,0,0,0,0,0,0,0,0,0,0,0,0,0,0,0,0,0,0,0,0,0,0,0,0,0,0,0,0,0,0
2023-08-10,,,,,,,,,,,,,,,,,,,,,,,,,,,,,,,,,,,,,,,,,0,0,0,0,0,0,0,0,0,0,0,0,0,0,0,0,0,0,0,0,0,0,0,0,0,0,0,0,0,0,0,0,0,0,0,0,0,0,0,0
2023-08-11,,,,,,,,,,,,,,,,,,,,,,,,,,,,,,,,,,,,,,,,,0,0,0,0,0,0,0,0,0,0,0,0,0,0,0,0,0,0,0,0,0,0,0,0,0,0,0,0,0,0,0,0,0,0,0,0,0,0,0,0
2023-08-12,7.0,,3.5,0.5,0.0,,5.5,7.0,,2.0,13.0,0.0,,,,,7.0,0.5,,0.5,7.5,,4.5,8.5,,,,,,,2.0,1.0,,1.0,0.5,1.5,,0.5,,18.5,0,0,0,0,0,0,0,0,0,0,0,0,0,0,0,0,0,0,0,0,0,0,0,0,0,0,0,0,0,0,0,0,0,0,0,0,0,0,0,0
2023-08-13,0.5,,0.0,1.5,0.5,,0.0,0.5,,0.0,0.5,0.0,0.0,0.0,,,0.0,0.0,,0.5,0.0,0.0,0.0,0.0,0.0,0.0,,,,,0.0,0.0,0.0,0.0,0.5,0.5,,1.0,,0.0,0,0,0,0,0,0,0,0,0,0,0,0,0,0,0,0,0,0,0,0,0,0,0,0,0,0,0,0,0,0,0,0,0,0,0,0,0,0,0,0
2023-08-14,43.5,,0.5,0.0,0.0,0.0,0.0,0.0,,0.0,,0.0,0.0,0.0,,,0.5,17.5,,20.0,0.0,14.0,0.0,45.0,0.0,10.5,,,10.5,0.0,0.0,0.0,0.0,0.0,3.5,0.0,0.0,11.5,0.0,26.5,0,0,0,0,0,0,0,0,0,0,0,0,0,0,0,0,0,0,0,0,0,0,0,0,0,0,0,0,0,0,0,0,0,0,0,0,0,0,0,0
2023-08-15,9.5,,,,,,,,,,,,,,,,,,,,,,,,,,,,,,,,,,,,,,,,0,0,0,0,0,0,0,0,0,0,0,0,0,0,0,0,0,0,0,0,0,0,0,0,0,0,0,0,0,0,0,0,0,0,0,0,0,0,0,0
2023-08-16,0.0,,4.5,0.0,0.0,,9.5,3.5,,0.0,2.0,10.0,29.5,22.0,,,2.5,0.5,,0.5,53.0,0.0,0.0,0.0,27.0,1.5,,,,16.5,0.0,20.5,57.0,9.5,0.0,34.0,17.5,0.0,,0.0,0,0,0,0,0,0,0,0,0,0,0,0,0,0,0,0,0,0,0,0,0,0,0,0,0,0,0,0,0,0,0,0,0,0,0,0,0,0,0,0
2023-08-17,21.0,,,,,,,,,,,,,,,,,,,,,,,,,,,,,,,,,,,,,,,,0,0,0,0,0,0,0,0,0,0,0,0,0,0,0,0,0,0,0,0,0,0,0,0,0,0,0,0,0,0,0,0,0,0,0,0,0,0,0,0
2023-08-18,41.5,,28.5,30.5,22.0,,48.5,56.0,10.0,5.0,,42.5,,,,,34.5,32.5,,38.5,28.5,,39.0,22.5,17.0,26.5,,,,1.5,33.5,33.0,,44.5,4.5,38.0,19.0,34.5,,18.0,0,0,0,0,0,0,0,0,0,0,0,0,0,0,0,0,0,0,0,0,0,0,0,0,0,0,0,0,0,0,0,0,0,0,0,0,0,0,0,0
2023-08-19,6.0,0.0,0.5,0.0,0.0,0.0,0.0,0.5,0.0,0.0,0.0,0.0,0.0,0.0,0.0,0.0,0.5,0.0,0.0,0.0,10.0,8.0,0.0,0.5,0.0,0.0,0.0,0.0,2.5,0.0,0.5,8.5,0.0,0.0,0.0,0.0,0.5,0.0,0.0,0.5,0,0,0,0,0,0,0,0,0,0,0,0,0,0,0,0,0,0,0,0,0,0,0,0,0,0,0,0,0,0,0,0,0,0,0,0,0,0,0,0
2023-08-20,1.0,34.5,24.0,0.0,0.0,10.0,8.5,0.0,30.0,0.0,0.0,0.0,7.5,0.0,0.0,0.0,10.5,20.5,0.5,18.0,0.0,1.5,1.0,1.0,23.5,25.5,0.5,48.0,0.0,10.0,5.0,52.0,2.0,0.5,1.5,0.5,34.0,6.0,0.0,0.0,0,0,0,0,0,0,0,0,0,0,0,0,0,0,0,0,0,0,0,0,0,0,0,0,0,0,0,0,0,0,0,0,0,0,0,0,0,0,0,0
2023-08-21,3.0,3.0,6.0,32.0,43.0,8.5,14.5,9.5,10.0,21.5,6.0,2.5,0.5,20.0,1.5,0.0,21.5,7.0,6.0,18.0,11.5,6.0,5.0,3.5,28.5,13.0,0.5,24.0,10.0,7.0,17.0,12.0,9.5,3.0,5.5,17.0,9.0,21.5,10.5,13.5,0,0,0,0,0,0,0,0,0,0,0,0,0,0,0,0,0,0,0,0,0,0,0,0,0,0,0,0,0,0,0,0,0,0,0,0,0,0,0,0
2023-08-22,7.0,4.5,5.0,3.5,7.5,5.0,9.5,15.0,2.0,6.5,8.0,8.5,1.5,12.0,1.5,0.0,5.0,3.5,2.0,4.0,4.5,7.5,4.5,7.0,2.0,6.0,1.5,5.0,8.0,2.0,9.0,4.5,2.0,9.0,8.0,5.0,2.0,4.0,7.0,3.5,0,0,0,0,0,0,0,0,0,0,0,0,0,0,0,0,0,0,0,0,0,0,0,0,0,0,0,0,0,0,0,0,0,0,0,0,0,0,0,0
2023-08-23,8.0,22.5,22.5,15.0,16.0,3.5,14.5,11.5,40.0,12.5,5.5,11.0,14.0,13.5,11.5,0.0,17.5,18.5,6.0,17.5,15.0,6.0,18.0,7.0,17.0,17.5,16.0,15.0,0.5,58.0,15.5,17.0,12.5,12.5,7.5,15.0,64.0,18.5,11.5,19.5,0,0,0,0,0,0,0,0,0,0,0,0,0,0,0,0,0,0,0,0,0,0,0,0,0,0,0,0,0,0,0,0,0,0,0,0,0,0,0,0
2023-08-24,0.5,0.0,,1.0,0.5,0.0,0.0,0.0,0.0,4.5,0.0,,0.0,2.5,0.0,0.0,0.0,0.0,0.0,0.0,0.0,0.0,0.0,,0.0,,0.5,0.0,0.0,0.0,0.0,0.0,0.0,3.0,,0.0,0.0,0.0,0.0,0.0,0,0,0,0,0,0,0,0,0,0,0,0,0,0,0,0,0,0,0,0,0,0,0,0,0,0,0,0,0,0,0,0,0,0,0,0,0,0,0,0
2023-08-25,13.5,4.5,5.5,3.0,5.5,12.5,16.0,5.5,5.5,14.5,9.5,3.5,2.0,4.0,,,5.5,3.5,,4.0,5.0,12.5,5.0,53.0,,4.0,4.5,3.5,19.0,22.5,28.5,4.0,3.0,4.5,44.5,4.5,7.0,4.0,22.5,5.5,0,0,0,0,0,0,0,0,0,0,0,0,0,0,0,0,0,0,0,0,0,0,0,0,0,0,0,0,0,0,0,0,0,0,0,0,0,0,0,0
2023-08-26,1.0,0.5,0.0,0.0,0.0,0.0,0.0,0.0,0.0,0.0,,0.0,0.0,0.0,,,1.0,3.0,0.0,1.5,0.5,0.0,0.0,0.0,,0.0,0.0,0.0,0.5,,0.0,0.0,0.0,0.0,0.0,0.0,0.0,18.5,0.5,8.0,0,0,0,0,0,0,0,0,0,0,0,0,0,0,0,0,0,0,0,0,0,0,0,0,0,0,0,0,0,0,0,0,0,0,0,0,0,0,0,0
2023-08-27,7.0,15.0,21.0,30.5,16.5,0.0,0.0,0.0,0.0,0.0,2.5,0.0,14.5,3.0,,,47.5,32.5,0.5,31.5,0.0,19.5,51.0,0.0,0.0,10.0,1.5,2.5,0.0,,5.0,16.5,21.5,0.5,0.0,1.0,12.0,49.0,7.5,38.5,0,0,0,0,0,0,0,0,0,0,0,0,0,0,0,0,0,0,0,0,0,0,0,0,0,0,0,0,0,0,0,0,0,0,0,0,0,0,0,0
2023-08-28,0.0,2.0,2.0,9.5,0.0,,0.5,0.0,0.0,0.0,,0.0,0.5,22.0,,,0.0,0.0,1.5,0.5,8.5,,0.0,0.0,0.0,0.0,4.0,1.0,,,0.5,0.0,,0.0,0.0,1.5,0.0,0.0,,37.0,0,0,0,0,0,0,0,0,0,0,0,0,0,0,0,0,0,0,0,0,0,0,0,0,0,0,0,0,0,0,0,0,0,0,0,0,0,0,0,0
2023-08-29,,0.0,0.0,0.5,0.0,0.0,0.5,0.0,0.0,0.0,0.0,0.0,7.0,0.0,,,0.0,0.0,0.0,0.0,1.5,0.0,0.0,0.5,0.5,0.0,1.0,0.0,,,0.0,0.0,1.0,0.0,0.0,0.5,0.0,0.0,0.0,0.0,0,0,0,0,0,0,0,0,0,0,0,0,0,0,0,0,0,0,0,0,0,0,0,0,0,0,0,0,0,0,0,0,0,0,0,0,0,0,0,0
2023-08-30,,,,,,,,,,,,,,,,,,,,,,,,,,,,,,,,,,,,,,,,,0,0,0,0,0,0,0,0,0,0,0,0,0,0,0,0,0,0,0,0,0,0,0,0,0,0,0,0,0,0,0,0,0,0,0,0,0,0,0,0
2023-08-31,,,,,,,,,,,,,,,,,,,,,,,,,,,,,,,,,,,,,,,,,0,0,0,0,0,0,0,0,0,0,0,0,0,0,0,0,0,0,0,0,0,0,0,0,0,0,0,0,0,0,0,0,0,0,0,0,0,0,0,0
2023-09-01,,,,,,,,,,,,,,,,,,,,,,,,,,,,,,,,,,,,,,,,,0,0,0,0,0,0,0,0,0,0,0,0,0,0,0,0,0,0,0,0,0,0,0,0,0,0,0,0,0,0,0,0,0,0,0,0,0,0,0,0
2023-09-02,2.0,34.0,19.0,2.5,13.5,0.0,0.0,0.0,24.0,0.0,7.0,0.0,39.5,7.5,,,42.5,32.5,26.0,23.5,84.0,0.0,51.0,15.0,,36.0,65.5,20.0,,,7.0,25.5,66.5,0.0,5.0,21.0,12.5,15.0,35.5,9.5,0,0,0,0,0,0,0,0,0,0,0,0,0,0,0,0,0,0,0,0,0,0,0,0,0,0,0,0,0,0,0,0,0,0,0,0,0,0,0,0
2023-09-03,0.0,0.0,0.0,0.0,0.5,0.0,0.0,0.0,0.0,1.0,0.0,0.0,6.0,0.0,,,0.0,0.0,0.0,0.0,0.0,,0.0,2.0,,0.0,0.0,0.5,,,0.5,0.0,26.5,0.0,0.0,0.0,0.0,0.0,0.0,0.0,0,0,0,0,0,0,0,0,0,0,0,0,0,0,0,0,0,0,0,0,0,0,0,0,0,0,0,0,0,0,0,0,0,0,0,0,0,0,0,0
2023-09-04,0.0,0.0,0.0,0.0,0.0,0.0,0.0,0.0,0.0,0.0,0.0,0.0,0.5,0.0,,,0.0,0.0,0.0,0.0,0.0,,0.0,0.5,,0.0,0.0,0.0,0.0,,0.0,0.0,0.0,0.0,0.0,0.5,0.0,0.0,0.0,0.0,0,0,0,0,0,0,0,0,0,0,0,0,0,0,0,0,0,0,0,0,0,0,0,0,0,0,0,0,0,0,0,0,0,0,0,0,0,0,0,0
2023-09-05,0.0,0.0,0.5,18.0,1.0,0.0,1.0,6.0,0.0,0.5,0.0,0.0,0.0,1.0,,,0.0,0.0,1.0,16.0,0.0,,0.0,10.5,,0.0,0.0,0.0,,,0.0,0.0,0.0,0.5,2.0,0.0,0.0,0.0,0.0,0.0,0,0,0,0,0,0,0,0,0,0,0,0,0,0,0,0,0,0,0,0,0,0,0,0,0,0,0,0,0,0,0,0,0,0,0,0,0,0,0,0
2023-09-06,,,,,,,,,,,,,,,,,,,,,,,,,,,,,,,,,,,,,,,,,0,0,0,0,0,0,0,0,0,0,0,0,0,0,0,0,0,0,0,0,0,0,0,0,0,0,0,0,0,0,0,0,0,0,0,0,0,0,0,0
2023-09-07,,,,,,,,,,,,,,,,,,,,,,,,,,,,,,,,,,,,,,,,,0,0,0,0,0,0,0,0,0,0,0,0,0,0,0,0,0,0,0,0,0,0,0,0,0,0,0,0,0,0,0,0,0,0,0,0,0,0,0,0
2023-09-08,,,,,,,,,,,,,,,,,,,,,,,,,,,,,,,,,,,,,,,,,0,0,0,0,0,0,0,0,0,0,0,0,0,0,0,0,0,0,0,0,0,0,0,0,0,0,0,0,0,0,0,0,0,0,0,0,0,0,0,0
2023-09-09,0.0,12.5,7.5,16.0,6.5,0.0,0.0,0.0,58.5,3.0,27.0,5.0,26.0,1.0,,,4.0,6.0,25.0,9.5,64.0,,2.5,27.0,57.0,33.0,92.5,46.0,,,2.0,39.5,52.5,2.0,30.0,31.5,40.0,6.0,2.5,0.5,0,0,0,0,0,0,0,0,0,0,0,0,0,0,0,0,0,0,0,0,0,0,0,0,0,0,0,0,0,0,0,0,0,0,0,0,0,0,0,0
2023-09-10,2.0,3.0,3.5,1.5,2.0,,7.0,11.0,21.0,2.5,,10.5,30.0,2.5,,,3.0,2.0,3.0,2.5,6.5,,3.0,1.5,38.0,3.0,6.0,3.5,,,1.5,4.0,6.5,11.5,2.0,3.0,35.0,2.5,,2.5,0,0,0,0,0,0,0,0,0,0,0,0,0,0,0,0,0,0,0,0,0,0,0,0,0,0,0,0,0,0,0,0,0,0,0,0,0,0,0,0
2023-09-11,9.0,7.0,8.0,8.5,7.0,,6.5,3.0,6.0,6.0,,27.5,4.0,12.0,,,9.0,7.5,8.0,7.5,6.0,,8.5,8.5,5.0,7.5,6.0,7.5,,,6.0,7.5,5.0,32.5,12.5,7.0,10.5,9.0,,9.0,0,0,0,0,0,0,0,0,0,0,0,0,0,0,0,0,0,0,0,0,0,0,0,0,0,0,0,0,0,0,0,0,0,0,0,0,0,0,0,0
2023-09-12,,0.0,0.0,0.5,0.0,,0.0,0.0,11.0,,,2.0,62.5,11.0,,,0.0,0.0,6.5,0.0,15.5,,0.0,,26.5,0.0,14.0,1.0,,,0.0,0.0,,1.5,0.5,37.0,0.0,0.0,,0.0,0,0,0,0,0,0,0,0,0,0,0,0,0,0,0,0,0,0,0,0,0,0,0,0,0,0,0,0,0,0,0,0,0,0,0,0,0,0,0,0
2023-09-13,0.5,0.0,0.0,0.0,0.0,,3.0,0.0,1.0,0.0,1.0,0.0,1.0,3.5,,,0.5,0.0,,1.5,19.5,,0.0,28.5,1.0,2.0,9.5,5.0,,,0.0,0.0,,0.5,0.0,10.0,0.0,0.5,1.0,8.0,0,0,0,0,0,0,0,0,0,0,0,0,0,0,0,0,0,0,0,0,0,0,0,0,0,0,0,0,0,0,0,0,0,0,0,0,0,0,0,0
2023-09-14,0.0,0.0,0.0,6.0,6.0,,,,0.0,3.0,16.0,,23.0,5.5,,,0.0,0.5,,6.0,46.5,,0.0,1.0,0.0,1.0,37.5,3.5,,0.0,9.0,0.0,0.5,,,21.0,0.0,14.0,2.0,4.0,0,0,0,0,0,0,0,0,0,0,0,0,0,0,0,0,0,0,0,0,0,0,0,0,0,0,0,0,0,0,0,0,0,0,0,0,0,0,0,0
2023-09-15,24.0,0.0,0.0,0.0,0.5,,1.0,3.5,0.0,7.5,14.5,3.5,1.0,0.5,,,0.0,0.0,0.5,0.0,0.5,,0.0,35.5,0.0,0.5,0.5,0.0,,0.0,0.5,0.5,,4.5,35.0,0.5,0.0,0.5,4.5,0.0,0,0,0,0,0,0,0,0,0,0,0,0,0,0,0,0,0,0,0,0,0,0,0,0,0,0,0,0,0,0,0,0,0,0,0,0,0,0,0,0
2023-09-16,0.0,0.0,3.5,4.5,13.5,0.0,0.0,3.0,0.0,1.0,0.5,0.0,0.0,0.0,,,0.0,0.0,0.0,0.0,0.0,,0.5,0.5,0.0,3.0,0.0,3.5,,0.0,0.5,13.0,0.0,0.0,1.0,0.0,0.0,0.0,0.0,5.5,0,0,0,0,0,0,0,0,0,0,0,0,0,0,0,0,0,0,0,0,0,0,0,0,0,0,0,0,0,0,0,0,0,0,0,0,0,0,0,0
2023-09-17,1.5,1.0,0.5,0.5,1.5,,1.0,0.5,1.0,1.5,0.5,0.0,0.0,0.0,,,0.5,0.5,0.5,1.0,0.0,,0.0,0.5,0.5,0.0,0.0,0.5,,0.0,11.0,0.5,2.5,0.5,0.5,0.0,7.0,0.5,1.5,0.5,0,0,0,0,0,0,0,0,0,0,0,0,0,0,0,0,0,0,0,0,0,0,0,0,0,0,0,0,0,0,0,0,0,0,0,0,0,0,0,0
2023-09-18,16.5,8.5,16.5,,21.0,,10.5,5.0,7.5,19.5,10.5,3.5,4.0,14.5,,,25.5,34.0,14.0,58.0,7.0,,15.5,12.0,6.0,34.0,7.0,13.0,,6.5,8.0,7.0,,5.5,17.5,7.0,3.5,59.0,13.0,29.5,0,0,0,0,0,0,0,0,0,0,0,0,0,0,0,0,0,0,0,0,0,0,0,0,0,0,0,0,0,0,0,0,0,0,0,0,0,0,0,0
2023-09-19,43.5,0.5,0.5,0.0,0.0,,0.0,3.0,0.0,1.0,4.0,19.0,0.5,0.0,,,0.5,1.0,0.5,0.5,0.5,,0.0,3.0,1.0,0.5,0.5,0.5,,1.0,0.0,0.5,,22.5,4.5,0.5,0.0,0.5,0.0,1.0,0,0,0,0,0,0,0,0,0,0,0,0,0,0,0,0,0,0,0,0,0,0,0,0,0,0,0,0,0,0,0,0,0,0,0,0,0,0,0,0
2023-09-20,3.0,6.5,14.5,12.5,0.5,,0.0,2.0,5.0,2.5,0.5,1.5,15.5,0.5,,,12.0,6.0,25.5,6.5,11.5,,23.5,11.5,2.0,19.5,9.5,0.0,,36.5,0.5,6.5,28.5,1.0,34.0,23.5,37.0,16.5,0.5,0.0,0,0,0,0,0,0,0,0,0,0,0,0,0,0,0,0,0,0,0,0,0,0,0,0,0,0,0,0,0,0,0,0,0,0,0,0,0,0,0,0
2023-09-21,3.5,94.5,16.0,17.5,41.0,,15.5,6.0,33.0,15.0,7.0,6.5,66.0,7.5,,,17.5,11.0,27.5,7.0,12.0,,26.5,3.0,24.5,7.5,13.0,24.0,,64.5,58.5,12.5,40.5,8.5,2.0,7.5,27.5,12.5,37.5,15.0,0,0,0,0,0,0,0,0,0,0,0,0,0,0,0,0,0,0,0,0,0,0,0,0,0,0,0,0,0,0,0,0,0,0,0,0,0,0,0,0
2023-09-22,,,,,,,,,,,,,,,,,,,,,,,,,,,,,,,,,,,,,,,,,0,0,0,0,0,0,0,0,0,0,0,0,0,0,0,0,0,0,0,0,0,0,0,0,0,0,0,0,0,0,0,0,0,0,0,0,0,0,0,0
2023-09-23,0.5,0.0,0.0,5.0,2.0,,11.0,10.0,1.5,1.5,2.0,1.5,7.0,2.5,,,0.0,0.0,1.5,0.0,1.0,,0.0,1.5,5.0,1.0,1.0,1.0,,0.5,19.0,0.0,,2.5,0.5,0.5,1.0,0.0,5.0,0.5,0,0,0,0,0,0,0,0,0,0,0,0,0,0,0,0,0,0,0,0,0,0,0,0,0,0,0,0,0,0,0,0,0,0,0,0,0,0,0,0
2023-09-24,0.0,2.0,13.5,0.0,0.0,,0.0,0.0,0.0,2.5,0.0,0.0,0.0,0.0,,,2.5,1.0,0.0,1.0,0.0,,4.0,0.0,0.0,0.5,0.0,0.0,,0.0,0.0,0.0,0.0,0.0,0.0,0.0,0.0,1.0,0.0,0.5,0,0,0,0,0,0,0,0,0,0,0,0,0,0,0,0,0,0,0,0,0,0,0,0,0,0,0,0,0,0,0,0,0,0,0,0,0,0,0,0
2023-09-25,,0.0,0.5,2.0,3.5,,0.0,0.0,0.0,0.0,0.0,0.0,0.0,0.0,,,0.0,1.0,0.0,0.0,0.0,,0.0,8.0,0.0,0.5,0.0,5.5,,0.0,0.0,2.5,0.0,0.0,12.5,0.0,0.0,1.5,0.0,0.0,0,0,0,0,0,0,0,0,0,0,0,0,0,0,0,0,0,0,0,0,0,0,0,0,0,0,0,0,0,0,0,0,0,0,0,0,0,0,0,0
2023-09-26,3.5,0.0,0.0,0.0,0.0,,0.0,0.0,0.0,0.0,0.0,0.0,0.0,0.5,,,0.0,0.0,3.0,0.0,0.5,,0.0,0.0,1.5,0.0,0.5,0.0,,0.0,0.0,0.0,26.5,0.0,0.0,2.5,0.0,0.5,0.0,0.0,0,0,0,0,0,0,0,0,0,0,0,0,0,0,0,0,0,0,0,0,0,0,0,0,0,0,0,0,0,0,0,0,0,0,0,0,0,0,0,0
2023-09-27,0.0,0.5,0.0,1.0,0.0,0.0,0.0,0.0,0.5,0.0,0.0,0.0,0.5,0.0,,,10.5,12.5,0.5,4.5,0.0,,0.0,0.0,1.0,3.0,0.0,0.5,,0.0,0.0,0.5,0.5,0.0,0.0,0.5,0.5,17.5,0.0,0.0,0,0,0,0,0,0,0,0,0,0,0,0,0,0,0,0,0,0,0,0,0,0,0,0,0,0,0,0,0,0,0,0,0,0,0,0,0,0,0,0
2023-09-28,0.0,2.5,3.0,1.5,1.5,15.5,16.5,21.5,3.5,0.0,52.0,7.0,2.5,1.0,,,2.0,2.0,1.0,1.5,2.5,,2.0,36.5,3.0,1.5,2.5,2.5,,2.5,1.0,2.5,3.0,6.5,64.5,1.5,48.5,1.5,4.0,2.0,0,0,0,0,0,0,0,0,0,0,0,0,0,0,0,0,0,0,0,0,0,0,0,0,0,0,0,0,0,0,0,0,0,0,0,0,0,0,0,0
2023-09-29,,,,,,,,,,,,,,,,,,,,,,,,,,,,,,,,,,,,,,,,,0,0,0,0,0,0,0,0,0,0,0,0,0,0,0,0,0,0,0,0,0,0,0,0,0,0,0,0,0,0,0,0,0,0,0,0,0,0,0,0
2023-09-30,33.0,41.5,19.0,27.0,12.5,22.0,27.5,63.0,3.5,3.0,23.5,25.0,3.5,30.5,,,53.5,19.5,22.5,10.0,31.0,,65.0,48.0,2.5,3.5,35.5,2.5,,2.0,12.0,4.0,3.5,32.5,33.5,21.5,7.0,23.0,14.0,21.5,0,0,0,0,0,0,0,0,0,0,0,0,0,0,0,0,0,0,0,0,0,0,0,0,0,0,0,0,0,0,0,0,0,0,0,0,0,0,0,0
2023-10-01,53.5,7.0,2.5,13.5,14.0,24.0,20.5,17.5,2.5,14.5,18.0,26.5,3.5,4.0,,,3.0,2.5,8.0,3.5,5.5,,4.5,25.0,16.0,6.5,4.5,2.5,,21.0,66.0,5.0,13.0,27.5,14.5,4.0,6.5,4.0,9.0,6.5,0,0,0,0,0,0,0,0,0,0,0,0,0,0,0,0,0,0,0,0,0,0,0,0,0,0,0,0,0,0,0,0,0,0,0,0,0,0,0,0
2023-10-02,0.5,0.0,0.5,0.0,0.0,0.5,0.0,0.0,0.0,0.0,0.5,0.0,0.0,0.0,,,0.0,0.5,0.0,0.5,0.5,,2.0,5.0,0.0,0.0,0.0,0.0,,0.0,0.0,0.5,,0.5,0.5,0.0,0.0,0.5,1.0,0.0,0,0,0,0,0,0,0,0,0,0,0,0,0,0,0,0,0,0,0,0,0,0,0,0,0,0,0,0,0,0,0,0,0,0,0,0,0,0,0,0
2023-10-03,0.0,4.5,0.0,1.5,31.0,5.5,7.0,2.5,0.5,20.0,18.0,0.0,0.0,0.0,,,2.0,1.0,0.0,4.5,0.0,,2.5,28.5,0.5,1.0,0.0,1.0,,0.0,29.5,5.0,0.0,0.0,23.5,0.0,0.5,8.5,10.0,3.5,0,0,0,0,0,0,0,0,0,0,0,0,0,0,0,0,0,0,0,0,0,0,0,0,0,0,0,0,0,0,0,0,0,0,0,0,0,0,0,0
2023-10-04,0.0,0.5,0.0,0.0,0.0,0.0,0.0,0.0,0.0,0.5,0.5,0.0,0.0,0.0,,,0.0,0.0,0.0,0.0,0.0,,0.0,1.0,0.0,0.0,0.0,0.5,,0.5,0.5,0.0,,0.0,11.5,0.0,0.0,0.0,0.0,0.0,0,0,0,0,0,0,0,0,0,0,0,0,0,0,0,0,0,0,0,0,0,0,0,0,0,0,0,0,0,0,0,0,0,0,0,0,0,0,0,0
2023-10-05,1.0,8.0,12.5,9.0,9.5,,10.5,8.5,21.0,6.5,7.0,12.0,31.5,8.5,35.0,,11.5,8.5,12.0,9.5,8.0,,8.0,8.0,36.5,8.5,9.0,9.5,,10.0,9.0,8.0,9.0,14.5,8.5,9.5,23.0,13.5,13.0,24.0,0,0,0,0,0,0,0,0,0,0,0,0,0,0,0,0,0,0,0,0,0,0,0,0,0,0,0,0,0,0,0,0,0,0,0,0,0,0,0,0
2023-10-06,20.5,28.5,1.5,4.5,37.0,8.5,10.0,5.5,1.5,25.5,9.0,14.0,9.5,11.5,7.0,,2.5,10.5,3.5,12.0,14.5,,0.5,4.5,1.5,28.0,11.0,25.0,,22.0,11.5,9.5,6.0,9.0,3.5,11.0,3.0,0.5,36.5,0.0,0,0,0,0,0,0,0,0,0,0,0,0,0,0,0,0,0,0,0,0,0,0,0,0,0,0,0,0,0,0,0,0,0,0,0,0,0,0,0,0
2023-10-07,0.0,1.0,1.0,1.0,18.5,2.5,2.0,4.0,1.0,8.0,1.0,42.0,0.5,0.5,7.0,,0.5,1.5,0.5,1.5,0.0,0.5,0.0,1.5,1.0,0.0,0.0,0.0,,0.5,5.5,1.0,0.5,38.5,4.0,0.0,2.0,6.5,2.0,1.5,0,0,0,0,0,0,0,0,0,0,0,0,0,0,0,0,0,0,0,0,0,0,0,0,0,0,0,0,0,0,0,0,0,0,0,0,0,0,0,0
2023-10-08,18.5,0.0,0.0,0.0,0.0,3.0,3.5,1.5,0.0,34.5,5.5,0.5,0.5,0.0,2.0,,0.5,0.0,0.0,0.0,0.0,3.5,0.0,1.5,0.0,0.0,0.0,0.0,,0.0,4.0,0.0,0.0,0.5,6.0,0.0,1.0,0.0,11.5,0.0,0,0,0,0,0,0,0,0,0,0,0,0,0,0,0,0,0,0,0,0,0,0,0,0,0,0,0,0,0,0,0,0,0,0,0,0,0,0,0,0
2023-10-09,2.5,2.0,6.5,4.0,11.5,0.0,0.5,0.0,9.0,1.5,0.0,1.5,11.0,0.5,0.0,,19.0,26.0,9.5,17.0,14.5,3.5,0.0,0.0,19.5,5.0,12.0,0.0,,12.5,0.5,3.5,18.5,1.5,0.0,2.0,19.5,32.0,1.0,0.0,0,0,0,0,0,0,0,0,0,0,0,0,0,0,0,0,0,0,0,0,0,0,0,0,0,0,0,0,0,0,0,0,0,0,0,0,0,0,0,0
2023-10-10,3.0,35.5,6.5,1.5,25.5,9.0,16.0,5.0,0.0,19.5,0.0,4.0,2.0,1.5,41.0,,3.5,16.5,2.5,26.0,1.0,0.5,0.0,0.0,0.0,34.5,2.0,4.0,,0.0,19.0,27.5,0.0,6.0,1.0,1.5,0.0,29.0,11.5,2.5,0,0,0,0,0,0,0,0,0,0,0,0,0,0,0,0,0,0,0,0,0,0,0,0,0,0,0,0,0,0,0,0,0,0,0,0,0,0,0,0
2023-10-11,2.0,0.0,0.0,0.5,0.5,7.5,6.0,9.0,0.0,30.0,40.5,23.5,25.0,29.0,0.0,,0.5,0.0,4.0,0.5,35.5,0.0,0.0,12.5,0.5,0.0,19.5,12.0,,44.0,5.0,6.0,47.5,27.0,21.0,19.5,0.0,0.0,9.5,0.0,0,0,0,0,0,0,0,0,0,0,0,0,0,0,0,0,0,0,0,0,0,0,0,0,0,0,0,0,0,0,0,0,0,0,0,0,0,0,0,0
2023-10-12,4.0,0.0,0.0,6.0,2.0,0.0,0.5,0.0,0.0,1.5,3.5,0.0,0.5,3.5,3.5,,16.5,43.0,1.0,33.0,1.0,0.0,8.0,0.0,0.0,18.5,2.0,0.0,,0.0,11.5,3.5,16.5,0.0,0.0,0.5,0.0,14.5,20.5,0.0,0,0,0,0,0,0,0,0,0,0,0,0,0,0,0,0,0,0,0,0,0,0,0,0,0,0,0,0,0,0,0,0,0,0,0,0,0,0,0,0
2023-10-13,14.5,0.0,0.0,0.5,0.0,4.5,15.5,0.0,0.0,8.5,2.0,0.0,9.0,0.0,0.0,,0.5,0.0,27.0,0.0,20.5,14.0,2.5,17.5,0.0,0.0,17.5,0.0,,15.0,0.0,0.0,23.5,0.0,3.0,7.0,0.0,0.0,0.5,0.0,0,0,0,0,0,0,0,0,0,0,0,0,0,0,0,0,0,0,0,0,0,0,0,0,0,0,0,0,0,0,0,0,0,0,0,0,0,0,0,0
2023-10-14,0.5,0.0,8.0,3.5,3.0,4.5,5.5,5.5,7.5,1.5,14.0,7.5,0.0,63.5,2.5,,0.0,0.0,49.0,0.0,30.5,0.5,1.0,8.0,7.5,0.5,46.0,15.0,,0.0,24.5,0.0,3.5,13.5,13.5,53.0,0.5,0.5,2.0,19.0,0,0,0,0,0,0,0,0,0,0,0,0,0,0,0,0,0,0,0,0,0,0,0,0,0,0,0,0,0,0,0,0,0,0,0,0,0,0,0,0
2023-10-15,1.5,15.5,21.0,0.0,0.5,0.0,0.5,11.0,4.5,1.0,0.5,2.0,14.5,0.0,0.0,,7.5,0.0,0.0,0.5,0.5,1.0,0.0,5.5,3.0,4.0,0.5,9.0,,21.0,0.0,36.0,33.0,2.5,0.0,0.5,24.0,0.0,0.5,0.0,0,0,0,0,0,0,0,0,0,0,0,0,0,0,0,0,0,0,0,0,0,0,0,0,0,0,0,0,0,0,0,0,0,0,0,0,0,0,0,0
2023-10-16,8.5,8.5,13.0,0.5,5.0,59.5,59.5,2.5,6.5,5.5,5.0,32.5,13.0,0.5,14.0,,15.0,20.5,26.0,18.5,10.0,16.0,4.0,5.0,17.0,16.5,12.0,36.5,,19.5,8.5,54.0,26.5,35.0,7.0,10.5,2.0,26.5,5.0,9.0,0,0,0,0,0,0,0,0,0,0,0,0,0,0,0,0,0,0,0,0,0,0,0,0,0,0,0,0,0,0,0,0,0,0,0,0,0,0,0,0
2023-10-17,6.5,0.5,0.0,0.0,0.0,0.0,0.5,3.0,1.0,1.0,11.5,0.5,0.0,0.0,2.0,,0.0,0.0,0.5,0.0,0.5,10.0,0.0,37.0,0.0,0.0,0.5,0.0,,0.0,0.5,0.0,0.0,2.0,74.5,0.5,1.5,0.0,11.5,0.0,0,0,0,0,0,0,0,0,0,0,0,0,0,0,0,0,0,0,0,0,0,0,0,0,0,0,0,0,0,0,0,0,0,0,0,0,0,0,0,0
2023-10-18,20.5,10.5,12.0,8.5,16.0,7.0,5.5,4.0,11.5,6.5,2.5,4.5,24.5,11.5,11.5,,11.5,7.5,9.0,7.0,9.5,25.5,0.0,9.0,8.0,10.5,10.0,5.0,,26.5,8.5,6.0,15.0,5.0,11.5,9.5,12.5,10.0,6.5,20.0,0,0,0,0,0,0,0,0,0,0,0,0,0,0,0,0,0,0,0,0,0,0,0,0,0,0,0,0,0,0,0,0,0,0,0,0,0,0,0,0
2023-10-19,8.0,10.0,19.5,22.0,15.0,4.0,4.0,4.0,5.5,14.5,2.0,3.5,7.5,6.5,24.0,,11.0,9.0,11.5,11.0,11.0,7.0,0.0,2.0,9.5,14.5,11.0,15.5,,5.5,10.0,9.0,7.5,4.5,2.5,8.5,4.5,10.0,5.0,17.0,0,0,0,0,0,0,0,0,0,0,0,0,0,0,0,0,0,0,0,0,0,0,0,0,0,0,0,0,0,0,0,0,0,0,0,0,0,0,0,0
2023-10-20,0.0,0.0,0.0,0.0,0.0,0.0,0.5,0.0,0.0,0.0,3.0,0.0,0.0,0.0,0.0,,0.0,0.0,0.0,0.0,0.0,0.0,0.0,10.5,0.0,0.0,0.0,0.0,,0.0,0.0,0.0,0.0,0.0,13.5,0.0,0.0,0.0,0.0,0.0,0,0,0,0,0,0,0,0,0,0,0,0,0,0,0,0,0,0,0,0,0,0,0,0,0,0,0,0,0,0,0,0,0,0,0,0,0,0,0,0
2023-10-21,1.5,0.0,0.0,2.0,0.5,17.5,23.0,38.5,0.0,0.5,0.0,28.0,0.0,0.0,0.0,,0.5,0.0,0.0,2.5,0.0,0.0,0.0,0.0,0.0,0.0,0.0,0.0,,0.0,0.0,1.0,0.0,35.5,0.5,0.0,0.0,1.0,1.0,20.0,0,0,0,0,0,0,0,0,0,0,0,0,0,0,0,0,0,0,0,0,0,0,0,0,0,0,0,0,0,0,0,0,0,0,0,0,0,0,0,0
2023-10-22,,3.0,2.5,0.0,4.0,0.0,0.0,0.5,8.0,1.5,1.0,0.0,1.0,0.5,16.5,,1.5,1.5,0.5,1.0,0.5,0.0,1.5,0.5,3.0,1.0,0.5,3.5,,1.5,4.5,7.5,1.0,0.0,2.0,0.0,8.5,1.5,0.5,3.5,0,0,0,0,0,0,0,0,0,0,0,0,0,0,0,0,0,0,0,0,0,0,0,0,0,0,0,0,0,0,0,0,0,0,0,0,0,0,0,0
2023-10-23,0.5,0.0,0.5,0.0,0.0,0.0,0.0,14.0,0.0,0.0,1.0,0.0,0.0,0.0,0.0,,0.0,0.0,2.0,0.0,0.0,0.0,0.0,0.0,0.0,0.0,0.0,0.0,,0.0,0.0,0.0,0.0,0.5,4.0,0.5,0.0,0.0,0.0,0.0,0,0,0,0,0,0,0,0,0,0,0,0,0,0,0,0,0,0,0,0,0,0,0,0,0,0,0,0,0,0,0,0,0,0,0,0,0,0,0,0
2023-10-24,2.5,0.0,1.5,1.0,1.5,1.5,2.0,35.5,0.0,15.0,27.0,7.0,0.0,2.0,0.0,,4.0,0.0,0.5,0.5,10.0,6.5,5.5,2.0,0.0,0.0,0.0,0.0,,0.0,7.0,0.0,11.0,8.5,2.5,9.0,0.0,0.5,3.5,0.5,0,0,0,0,0,0,0,0,0,0,0,0,0,0,0,0,0,0,0,0,0,0,0,0,0,0,0,0,0,0,0,0,0,0,0,0,0,0,0,0
2023-10-25,2.5,1.0,0.5,36.0,2.5,0.5,1.0,13.5,0.0,0.0,0.5,23.5,22.5,45.0,0.0,,16.0,7.0,60.5,8.5,19.5,4.5,23.0,26.5,2.5,13.0,21.0,4.5,,1.0,2.0,2.5,33.5,14.0,21.5,65.5,0.0,7.5,0.5,2.5,0,0,0,0,0,0,0,0,0,0,0,0,0,0,0,0,0,0,0,0,0,0,0,0,0,0,0,0,0,0,0,0,0,0,0,0,0,0,0,0
2023-10-26,,,,,,,,,,,,,,,,,,,,,,,,,,,,,,,,,,,,,,,,,0,0,0,0,0,0,0,0,0,0,0,0,0,0,0,0,0,0,0,0,0,0,0,0,0,0,0,0,0,0,0,0,0,0,0,0,0,0,0,0
2023-10-27,10.0,1.5,0.5,0.0,0.0,,0.0,0.0,1.0,0.5,0.0,0.0,0.0,0.0,,,0.0,0.0,0.0,0.0,0.0,12.0,0.0,27.5,0.5,0.0,0.0,0.0,,0.0,0.0,0.0,,0.0,3.5,0.0,0.5,0.0,0.0,0.5,0,0,0,0,0,0,0,0,0,0,0,0,0,0,0,0,0,0,0,0,0,0,0,0,0,0,0,0,0,0,0,0,0,0,0,0,0,0,0,0
2023-10-28,9.5,6.0,6.0,3.0,4.0,7.0,7.5,15.5,5.0,8.0,53.5,8.5,1.5,3.5,3.0,,4.0,2.5,3.5,2.5,4.0,26.0,3.5,35.5,3.5,2.0,3.5,2.5,,2.0,4.5,3.5,2.0,11.0,37.0,4.0,8.0,2.5,7.0,3.5,0,0,0,0,0,0,0,0,0,0,0,0,0,0,0,0,0,0,0,0,0,0,0,0,0,0,0,0,0,0,0,0,0,0,0,0,0,0,0,0
2023-10-29,21.5,0.0,0.5,47.5,49.5,10.5,9.5,15.5,0.0,17.5,2.5,46.0,6.5,16.0,0.0,,15.0,8.5,9.5,6.0,3.0,47.0,34.5,2.0,3.0,15.0,1.0,10.0,,3.0,24.5,1.5,10.5,54.0,2.0,3.5,6.5,2.0,1.0,44.0,0,0,0,0,0,0,0,0,0,0,0,0,0,0,0,0,0,0,0,0,0,0,0,0,0,0,0,0,0,0,0,0,0,0,0,0,0,0,0,0
2023-10-30,0.0,5.0,0.0,0.0,0.0,0.0,0.0,0.5,1.5,0.5,1.5,0.0,0.5,0.0,1.0,,1.0,0.0,2.5,0.0,0.0,20.5,1.0,0.5,0.5,3.0,0.0,0.0,,0.5,0.0,2.5,0.0,0.0,2.5,0.0,2.5,0.0,0.0,0.5,0,0,0,0,0,0,0,0,0,0,0,0,0,0,0,0,0,0,0,0,0,0,0,0,0,0,0,0,0,0,0,0,0,0,0,0,0,0,0,0
2023-10-31,0.0,0.0,0.0,0.0,0.0,11.0,7.5,1.5,3.0,0.0,18.5,1.0,0.0,0.0,,,0.0,0.5,3.0,2.5,1.5,1.0,0.0,11.5,0.0,0.0,3.0,0.0,,0.0,0.0,0.0,0.0,2.0,9.0,0.5,4.0,0.0,0.0,0.0,0,0,0,0,0,0,0,0,0,0,0,0,0,0,0,0,0,0,0,0,0,0,0,0,0,0,0,0,0,0,0,0,0,0,0,0,0,0,0,0
2023-11-01,11.0,2.5,8.0,1.5,2.5,76.5,65.5,55.5,7.5,13.5,74.5,68.0,43.0,12.0,,,6.5,2.0,5.5,3.0,5.5,7.0,7.0,45.5,33.5,3.0,7.0,15.0,,51.5,23.5,12.5,30.5,59.0,63.0,6.5,7.0,1.0,39.5,2.5,0,0,0,0,0,0,0,0,0,0,0,0,0,0,0,0,0,0,0,0,0,0,0,0,0,0,0,0,0,0,0,0,0,0,0,0,0,0,0,0
2023-11-02,,0.0,0.0,0.0,0.5,3.0,0.5,9.5,0.0,0.5,0.5,22.0,0.5,0.0,,,0.0,0.5,0.0,0.0,0.0,1.5,0.0,7.5,0.0,0.5,0.5,0.0,,0.0,1.0,0.0,0.0,17.0,0.0,0.5,0.0,0.0,0.5,0.0,0,0,0,0,0,0,0,0,0,0,0,0,0,0,0,0,0,0,0,0,0,0,0,0,0,0,0,0,0,0,0,0,0,0,0,0,0,0,0,0
2023-11-03,0.5,4.5,5.0,3.5,7.5,3.5,3.5,10.0,8.5,9.5,6.0,1.5,61.0,7.5,,,7.0,22.5,3.0,6.5,2.0,8.0,4.0,14.0,47.0,15.0,3.0,5.5,,18.5,4.5,4.0,29.5,2.0,4.5,2.0,13.0,13.5,17.0,17.5,0,0,0,0,0,0,0,0,0,0,0,0,0,0,0,0,0,0,0,0,0,0,0,0,0,0,0,0,0,0,0,0,0,0,0,0,0,0,0,0
2023-11-04,,0.0,0.5,0.5,0.5,0.5,0.5,0.0,0.0,0.0,0.5,0.0,0.0,0.0,,,0.5,0.0,0.0,0.0,0.0,0.0,0.0,0.0,0.0,0.0,0.0,0.0,,0.0,0.0,0.0,0.5,0.0,0.0,0.0,0.0,0.0,0.0,0.0,0,0,0,0,0,0,0,0,0,0,0,0,0,0,0,0,0,0,0,0,0,0,0,0,0,0,0,0,0,0,0,0,0,0,0,0,0,0,0,0
2023-11-05,38.5,8.5,0.5,0.0,1.5,3.0,3.5,6.5,0.0,13.0,6.0,7.5,1.0,0.0,,,0.5,2.0,0.0,2.0,0.0,46.0,0.5,12.5,9.0,0.0,0.5,1.0,,10.5,2.0,8.5,2.0,8.0,23.0,0.0,3.5,10.0,9.5,0.5,0,0,0,0,0,0,0,0,0,0,0,0,0,0,0,0,0,0,0,0,0,0,0,0,0,0,0,0,0,0,0,0,0,0,0,0,0,0,0,0
2023-11-06,22.5,30.0,22.5,53.0,14.0,16.0,23.0,9.0,62.5,108.0,26.0,10.5,76.5,33.0,,,103.5,93.5,23.5,72.0,90.0,27.0,75.0,10.0,38.0,84.5,89.5,120.5,,33.5,65.0,79.0,123.5,11.0,12.0,55.0,39.0,56.5,54.5,32.5,0,0,0,0,0,0,0,0,0,0,0,0,0,0,0,0,0,0,0,0,0,0,0,0,0,0,0,0,0,0,0,0,0,0,0,0,0,0,0,0
2023-11-07,0.5,0.0,0.0,0.5,0.0,0.0,0.5,0.0,0.0,0.0,0.0,0.0,0.0,0.0,,,0.0,0.0,0.0,0.0,0.0,0.0,0.0,0.0,0.0,0.0,0.0,0.5,,0.5,0.0,0.0,0.5,0.5,0.0,0.0,0.5,0.0,0.0,0.5,0,0,0,0,0,0,0,0,0,0,0,0,0,0,0,0,0,0,0,0,0,0,0,0,0,0,0,0,0,0,0,0,0,0,0,0,0,0,0,0
2023-11-08,2.5,16.5,3.5,6.5,5.0,11.0,16.5,41.0,53.5,8.0,6.5,0.5,40.5,2.5,,,20.5,7.5,18.5,25.5,63.0,2.0,30.5,9.5,39.0,55.0,62.0,41.5,,19.5,1.5,37.5,80.0,1.0,33.0,27.0,34.0,18.0,0.5,40.0,0,0,0,0,0,0,0,0,0,0,0,0,0,0,0,0,0,0,0,0,0,0,0,0,0,0,0,0,0,0,0,0,0,0,0,0,0,0,0,0
2023-11-09,,22.0,36.5,0.0,0.0,3.0,15.0,0.5,17.5,16.0,0.0,3.0,1.5,0.0,,,3.0,0.0,0.0,0.5,0.0,0.0,17.0,0.0,5.0,0.0,0.5,0.5,,0.0,13.5,10.0,1.5,1.0,0.0,1.0,1.0,0.0,0.0,0.0,0,0,0,0,0,0,0,0,0,0,0,0,0,0,0,0,0,0,0,0,0,0,0,0,0,0,0,0,0,0,0,0,0,0,0,0,0,0,0,0
2023-11-10,33.0,3.0,2.5,3.5,37.5,10.5,10.5,11.0,1.5,12.5,11.0,19.5,6.5,1.0,,,2.0,2.0,1.5,2.0,1.0,8.5,2.5,39.5,1.5,2.0,2.0,1.5,,1.0,50.5,2.5,12.5,15.5,11.5,1.0,2.0,2.5,2.5,2.5,0,0,0,0,0,0,0,0,0,0,0,0,0,0,0,0,0,0,0,0,0,0,0,0,0,0,0,0,0,0,0,0,0,0,0,0,0,0,0,0
2023-11-11,,1.5,0.0,0.0,0.0,0.0,0.0,15.5,0.0,0.0,25.0,0.0,0.0,1.5,,,0.0,1.5,2.0,0.5,0.0,47.0,0.0,19.0,0.0,3.5,0.0,0.5,16.0,0.0,0.0,0.0,0.5,0.0,17.0,0.5,0.0,0.0,0.5,12.5,0,0,0,0,0,0,0,0,0,0,0,0,0,0,0,0,0,0,0,0,0,0,0,0,0,0,0,0,0,0,0,0,0,0,0,0,0,0,0,0
2023-11-12,,0.5,0.5,0.0,5.5,14.5,16.5,2.0,0.0,1.0,5.0,0.5,4.5,1.0,,,0.0,0.0,0.0,0.0,0.0,8.0,0.0,0.5,0.5,0.0,0.0,1.0,13.0,0.0,14.5,2.5,0.5,0.5,0.0,0.5,0.0,0.5,16.0,0.5,0,0,0,0,0,0,0,0,0,0,0,0,0,0,0,0,0,0,0,0,0,0,0,0,0,0,0,0,0,0,0,0,0,0,0,0,0,0,0,0
2023-11-13,,61.0,45.5,20.5,21.5,9.5,6.0,0.5,2.5,0.5,3.0,14.5,4.0,38.5,,,18.5,16.0,49.5,10.5,45.0,3.5,11.0,0.0,15.5,15.5,33.5,7.0,0.5,0.0,32.5,11.0,25.0,15.5,0.0,52.0,0.5,6.5,6.5,25.0,0,0,0,0,0,0,0,0,0,0,0,0,0,0,0,0,0,0,0,0,0,0,0,0,0,0,0,0,0,0,0,0,0,0,0,0,0,0,0,0
2023-11-14,0.0,0.0,9.5,1.0,0.5,14.0,10.0,3.0,0.0,0.0,5.0,1.0,37.0,0.5,,,0.0,0.0,0.0,0.5,1.0,0.0,0.5,27.5,3.5,0.0,1.5,0.5,0.0,0.0,0.0,0.0,1.0,0.5,50.5,0.5,0.0,2.5,0.5,1.5,0,0,0,0,0,0,0,0,0,0,0,0,0,0,0,0,0,0,0,0,0,0,0,0,0,0,0,0,0,0,0,0,0,0,0,0,0,0,0,0
2023-11-15,0.0,1.5,6.5,27.5,23.0,16.5,9.5,1.5,7.0,0.5,10.0,1.5,107.5,27.5,,,52.5,49.0,22.5,33.0,48.5,0.0,53.5,0.0,2.5,9.5,52.0,1.0,0.0,0.5,7.0,1.0,52.0,1.5,9.5,41.5,2.5,70.5,0.5,38.5,0,0,0,0,0,0,0,0,0,0,0,0,0,0,0,0,0,0,0,0,0,0,0,0,0,0,0,0,0,0,0,0,0,0,0,0,0,0,0,0
2023-11-16,18.0,1.5,0.5,0.5,0.0,0.5,0.0,1.5,1.0,4.0,15.5,0.0,0.0,0.5,,,0.5,0.0,0.5,0.5,0.0,9.0,0.5,60.5,1.5,0.5,0.0,3.5,13.5,0.5,1.5,2.5,0.0,0.5,23.5,0.5,3.0,2.5,2.5,18.5,0,0,0,0,0,0,0,0,0,0,0,0,0,0,0,0,0,0,0,0,0,0,0,0,0,0,0,0,0,0,0,0,0,0,0,0,0,0,0,0
2023-11-17,0.0,0.5,0.0,0.0,0.0,9.5,6.0,0.5,1.0,,10.5,0.0,0.0,5.0,,,0.0,0.0,0.0,0.0,0.5,0.0,3.5,0.5,6.5,0.0,1.0,1.5,13.5,0.0,9.5,2.5,0.0,0.5,1.5,1.5,17.5,0.5,7.0,2.0,0,0,0,0,0,0,0,0,0,0,0,0,0,0,0,0,0,0,0,0,0,0,0,0,0,0,0,0,0,0,0,0,0,0,0,0,0,0,0,0
2023-11-18,3.5,17.5,20.5,33.0,9.5,5.0,2.5,2.0,28.0,3.5,17.0,2.5,19.5,15.5,,,49.5,53.5,34.5,55.5,22.5,0.0,69.5,53.5,16.5,51.5,19.5,29.5,4.5,11.0,36.5,41.5,18.0,2.0,29.5,12.5,16.5,76.5,52.5,50.5,0,0,0,0,0,0,0,0,0,0,0,0,0,0,0,0,0,0,0,0,0,0,0,0,0,0,0,0,0,0,0,0,0,0,0,0,0,0,0,0
2023-11-19,,33.5,34.0,8.0,30.5,27.0,43.0,9.5,42.0,21.0,15.5,3.0,73.0,4.0,,,39.5,27.5,8.5,27.5,7.5,1.0,34.0,11.0,39.0,25.0,4.5,9.5,16.0,56.5,13.0,28.5,94.0,3.5,6.5,4.5,50.0,47.5,20.5,13.5,0,0,0,0,0,0,0,0,0,0,0,0,0,0,0,0,0,0,0,0,0,0,0,0,0,0,0,0,0,0,0,0,0,0,0,0,0,0,0,0
2023-11-20,7.0,1.5,4.5,23.0,10.0,6.5,7.5,13.0,7.0,24.5,10.0,8.5,28.5,11.0,,,3.5,3.5,12.0,4.5,20.5,14.5,2.5,24.0,11.0,8.0,28.0,9.0,16.5,23.0,16.5,7.0,19.0,8.0,13.0,11.0,6.5,7.5,10.0,38.0,0,0,0,0,0,0,0,0,0,0,0,0,0,0,0,0,0,0,0,0,0,0,0,0,0,0,0,0,0,0,0,0,0,0,0,0,0,0,0,0
2023-11-21,,,,,,,,,,,,,,,,,,,,,,,,,,,,,,,,,,,,,,,,,0,0,0,0,0,0,0,0,0,0,0,0,0,0,0,0,0,0,0,0,0,0,0,0,0,0,0,0,0,0,0,0,0,0,0,0,0,0,0,0
2023-11-22,7.0,21.0,17.0,10.0,8.0,5.0,5.5,5.5,53.0,8.0,8.0,2.0,5.5,7.0,,,13.0,12.5,8.5,18.0,7.0,7.5,14.0,16.0,36.0,15.5,7.5,11.0,5.0,9.5,8.0,13.0,6.5,2.5,23.0,6.5,30.5,15.5,7.5,12.0,0,0,0,0,0,0,0,0,0,0,0,0,0,0,0,0,0,0,0,0,0,0,0,0,0,0,0,0,0,0,0,0,0,0,0,0,0,0,0,0
2023-11-23,,0.0,0.5,2.5,2.5,0.5,0.5,0.5,1.0,2.0,0.0,3.5,0.5,1.0,,,0.0,0.5,2.0,2.0,0.5,3.0,0.0,13.0,2.5,0.0,0.5,0.5,0.0,1.0,5.0,0.0,1.0,4.0,8.0,1.0,2.0,4.0,0.0,2.0,0,0,0,0,0,0,0,0,0,0,0,0,0,0,0,0,0,0,0,0,0,0,0,0,0,0,0,0,0,0,0,0,0,0,0,0,0,0,0,0
2023-11-24,,0.0,0.0,1.0,9.5,4.0,4.5,0.0,0.0,0.0,0.0,1.5,0.0,5.0,,,0.0,0.0,4.0,1.0,7.0,1.0,0.0,4.0,0.0,0.0,8.0,0.0,0.0,0.0,0.0,0.5,0.0,1.5,0.5,1.5,0.0,0.0,0.0,4.0,0,0,0,0,0,0,0,0,0,0,0,0,0,0,0,0,0,0,0,0,0,0,0,0,0,0,0,0,0,0,0,0,0,0,0,0,0,0,0,0
2023-11-25,,0.5,0.0,0.0,16.5,0.0,0.0,1.0,0.5,5.5,29.5,0.0,0.0,0.0,,,0.0,0.0,0.0,0.5,0.5,11.5,0.0,25.0,0.0,0.0,0.0,0.0,12.0,0.0,3.5,0.0,0.0,0.5,15.5,0.5,1.0,0.0,8.0,0.0,0,0,0,0,0,0,0,0,0,0,0,0,0,0,0,0,0,0,0,0,0,0,0,0,0,0,0,0,0,0,0,0,0,0,0,0,0,0,0,0
2023-11-26,,6.5,8.5,15.5,7.0,17.0,14.5,3.5,8.0,3.5,20.0,10.0,22.5,26.0,,,20.0,8.0,40.5,13.5,19.0,1.0,9.5,6.5,5.5,11.0,19.5,16.5,1.0,6.0,10.0,7.0,17.5,10.5,5.0,42.5,21.0,12.0,7.0,5.0,0,0,0,0,0,0,0,0,0,0,0,0,0,0,0,0,0,0,0,0,0,0,0,0,0,0,0,0,0,0,0,0,0,0,0,0,0,0,0,0
2023-11-27,6.0,1.5,8.0,4.0,5.5,4.5,5.0,4.0,0.5,4.0,2.5,4.0,0.5,6.0,,,55.0,38.0,3.0,8.0,2.0,6.5,45.5,2.5,0.0,38.5,2.0,5.0,4.5,1.0,5.5,3.5,16.5,4.0,2.5,2.5,4.0,5.5,4.0,8.5,0,0,0,0,0,0,0,0,0,0,0,0,0,0,0,0,0,0,0,0,0,0,0,0,0,0,0,0,0,0,0,0,0,0,0,0,0,0,0,0
2023-11-28,1.5,0.5,1.0,5.0,3.5,2.5,2.5,2.0,4.5,2.5,1.5,1.0,20.0,3.5,,,3.5,6.5,4.5,7.0,2.0,1.0,3.5,1.0,5.0,4.0,2.0,1.5,1.5,0.5,3.0,1.0,10.5,2.5,1.5,3.0,8.5,8.5,3.0,6.5,0,0,0,0,0,0,0,0,0,0,0,0,0,0,0,0,0,0,0,0,0,0,0,0,0,0,0,0,0,0,0,0,0,0,0,0,0,0,0,0
2023-11-29,54.0,1.0,1.0,15.0,13.5,44.5,50.0,3.0,1.0,6.5,19.5,3.5,16.0,8.5,,,0.5,1.0,5.0,2.5,0.5,28.5,0.5,3.5,0.5,0.5,1.0,0.5,7.0,0.0,66.5,1.0,10.5,4.0,10.0,0.5,1.5,1.5,24.0,1.0,0,0,0,0,0,0,0,0,0,0,0,0,0,0,0,0,0,0,0,0,0,0,0,0,0,0,0,0,0,0,0,0,0,0,0,0,0,0,0,0
2023-11-30,1.0,2.5,0.5,0.0,0.0,1.0,0.5,0.5,31.0,3.5,0.5,0.0,3.0,0.0,,,0.5,0.0,2.0,1.0,6.0,1.5,0.5,1.0,24.5,1.5,8.5,19.0,5.0,6.5,0.5,26.0,5.5,0.5,0.5,1.0,20.0,0.0,2.0,0.0,0,0,0,0,0,0,0,0,0,0,0,0,0,0,0,0,0,0,0,0,0,0,0,0,0,0,0,0,0,0,0,0,0,0,0,0,0,0,0,0
2023-12-01,12.5,18.0,13.5,1.0,4.0,2.0,2.0,2.0,11.0,4.5,2.0,1.0,14.0,2.0,,,4.0,4.0,2.0,3.5,2.0,11.0,5.0,6.5,17.0,3.5,2.5,6.5,3.0,20.5,3.0,7.0,6.5,1.5,4.0,2.0,12.0,4.5,3.5,7.0,0,0,0,0,0,0,0,0,0,0,0,0,0,0,0,0,0,0,0,0,0,0,0,0,0,0,0,0,0,0,0,0,0,0,0,0,0,0,0,0
2023-12-02,2.5,2.5,1.5,1.5,2.5,9.0,8.0,3.0,9.5,2.5,2.0,1.5,1.0,1.0,,,1.5,0.5,1.0,1.5,1.0,5.0,2.0,3.0,4.5,1.5,1.0,1.0,1.0,1.5,6.5,1.5,1.0,2.0,2.0,1.0,18.0,1.5,4.5,3.5,0,0,0,0,0,0,0,0,0,0,0,0,0,0,0,0,0,0,0,0,0,0,0,0,0,0,0,0,0,0,0,0,0,0,0,0,0,0,0,0
2023-12-03,1.0,0.5,0.5,16.5,2.0,,4.5,8.0,0.0,12.5,24.0,6.0,2.5,1.0,,,3.0,11.0,3.0,3.0,4.0,14.0,7.0,24.5,0.5,0.5,3.0,0.5,1.0,0.5,3.5,1.0,1.0,7.5,29.0,1.0,0.0,0.5,19.0,8.5,0,0,0,0,0,0,0,0,0,0,0,0,0,0,0,0,0,0,0,0,0,0,0,0,0,0,0,0,0,0,0,0,0,0,0,0,0,0,0,0
2023-12-04,,2.0,1.0,30.5,27.5,,63.5,67.0,2.5,24.0,35.5,89.5,31.5,60.5,,,13.0,12.5,59.5,24.5,44.5,9.5,9.5,12.0,6.5,15.5,49.0,12.5,7.0,20.0,23.5,9.5,53.0,93.5,23.5,68.0,1.0,14.5,37.0,4.0,0,0,0,0,0,0,0,0,0,0,0,0,0,0,0,0,0,0,0,0,0,0,0,0,0,0,0,0,0,0,0,0,0,0,0,0,0,0,0,0
2023-12-05,0.5,0.0,0.5,0.5,0.0,,0.5,0.0,0.0,0.0,0.0,0.0,0.5,0.0,,,0.0,0.0,0.0,0.0,0.0,0.5,0.0,0.5,,0.5,0.0,0.0,0.5,0.5,0.5,0.0,0.5,0.5,0.0,0.0,0.5,0.0,0.0,0.0,0,0,0,0,0,0,0,0,0,0,0,0,0,0,0,0,0,0,0,0,0,0,0,0,0,0,0,0,0,0,0,0,0,0,0,0,0,0,0,0
2023-12-06,5.5,12.0,2.0,0.5,7.5,,8.0,11.5,0.0,3.0,53.0,0.5,0.0,6.0,,,0.0,0.0,3.5,0.0,0.0,16.5,0.0,49.5,0.5,0.0,1.0,0.0,18.5,0.5,33.5,0.5,0.0,1.0,50.5,1.0,0.0,0.0,80.5,0.0,0,0,0,0,0,0,0,0,0,0,0,0,0,0,0,0,0,0,0,0,0,0,0,0,0,0,0,0,0,0,0,0,0,0,0,0,0,0,0,0
2023-12-07,,58.5,36.5,38.5,21.0,,14.5,27.0,24.0,12.5,15.0,54.0,20.0,15.0,,,58.5,37.5,25.0,25.5,13.5,7.5,84.5,10.5,28.0,23.0,15.0,26.0,11.0,31.0,25.5,26.0,25.0,56.0,8.0,14.5,70.0,34.0,15.0,31.5,0,0,0,0,0,0,0,0,0,0,0,0,0,0,0,0,0,0,0,0,0,0,0,0,0,0,0,0,0,0,0,0,0,0,0,0,0,0,0,0
2023-12-08,17.5,2.0,1.0,0.0,0.5,1.0,1.0,1.0,4.5,1.5,12.0,1.0,3.0,0.5,,,1.0,0.0,1.5,1.5,2.0,7.5,0.5,3.5,6.0,1.5,2.0,6.0,9.0,8.0,0.5,5.5,3.5,1.0,12.0,2.0,6.0,1.0,3.0,0.5,0,0,0,0,0,0,0,0,0,0,0,0,0,0,0,0,0,0,0,0,0,0,0,0,0,0,0,0,0,0,0,0,0,0,0,0,0,0,0,0
2023-12-09,,21.5,44.5,37.0,16.5,17.0,21.0,13.0,12.5,51.5,59.5,13.5,54.0,14.5,17.0,,13.0,31.0,41.0,41.0,20.5,32.5,13.5,53.0,36.0,18.5,22.0,15.0,70.5,20.0,24.5,9.5,78.5,16.0,61.5,24.0,16.0,40.5,37.0,44.5,0,0,0,0,0,0,0,0,0,0,0,0,0,0,0,0,0,0,0,0,0,0,0,0,0,0,0,0,0,0,0,0,0,0,0,0,0,0,0,0
2023-12-10,15.5,21.5,6.5,3.5,5.0,4.0,4.0,2.0,0.5,7.5,2.0,3.0,10.0,1.5,1.5,,17.0,18.5,2.0,15.5,4.0,4.5,17.5,7.0,1.0,7.5,3.0,2.5,26.5,0.5,6.5,6.0,3.5,4.5,1.0,2.5,1.0,25.5,4.0,62.5,0,0,0,0,0,0,0,0,0,0,0,0,0,0,0,0,0,0,0,0,0,0,0,0,0,0,0,0,0,0,0,0,0,0,0,0,0,0,0,0
2023-12-11,18.0,3.5,9.0,21.5,40.0,1.5,2.5,1.0,5.0,0.5,2.0,1.0,21.5,1.5,0.0,,21.5,36.0,1.5,15.5,55.5,32.0,20.5,1.0,0.0,5.0,26.0,5.0,13.0,10.5,15.0,9.5,9.0,1.0,0.5,4.0,3.0,25.5,1.5,25.5,0,0,0,0,0,0,0,0,0,0,0,0,0,0,0,0,0,0,0,0,0,0,0,0,0,0,0,0,0,0,0,0,0,0,0,0,0,0,0,0
2023-12-12,19.0,5.0,3.0,3.0,13.5,20.0,27.5,9.5,0.5,7.0,2.0,25.0,6.0,26.0,0.0,,3.5,5.0,9.5,4.0,5.0,50.0,7.0,3.0,0.5,5.0,6.5,6.5,6.0,1.5,16.5,17.0,5.0,23.0,11.0,26.5,0.5,9.5,61.5,24.5,0,0,0,0,0,0,0,0,0,0,0,0,0,0,0,0,0,0,0,0,0,0,0,0,0,0,0,0,0,0,0,0,0,0,0,0,0,0,0,0
2023-12-13,,46.5,26.0,15.5,14.0,4.0,7.5,25.0,0.5,0.0,19.0,5.0,7.5,13.5,4.0,,30.5,9.5,12.5,5.5,3.5,12.0,23.5,17.5,2.0,12.0,3.5,3.5,16.5,3.0,1.5,14.0,15.5,6.0,8.5,6.0,0.0,13.5,2.5,42.5,0,0,0,0,0,0,0,0,0,0,0,0,0,0,0,0,0,0,0,0,0,0,0,0,0,0,0,0,0,0,0,0,0,0,0,0,0,0,0,0
2023-12-14,16.5,1.0,0.5,6.0,19.0,38.5,20.5,26.5,5.5,28.5,34.5,30.5,29.0,25.0,12.5,,0.5,19.0,17.0,6.0,4.0,14.5,0.5,20.0,15.5,14.5,2.0,10.5,18.0,13.0,32.5,0.5,0.5,13.0,27.5,4.5,43.0,20.0,66.5,1.5,0,0,0,0,0,0,0,0,0,0,0,0,0,0,0,0,0,0,0,0,0,0,0,0,0,0,0,0,0,0,0,0,0,0,0,0,0,0,0,0
2023-12-15,16.5,19.5,17.5,10.5,9.0,6.0,6.0,7.0,17.0,5.0,12.5,16.0,10.0,9.0,19.0,12.0,17.5,14.5,14.5,14.0,11.5,7.0,17.0,38.0,17.5,16.0,13.0,18.0,4.0,16.0,7.5,20.0,13.0,16.5,20.5,13.0,21.5,14.5,7.0,13.5,0,0,0,0,0,0,0,0,0,0,0,0,0,0,0,0,0,0,0,0,0,0,0,0,0,0,0,0,0,0,0,0,0,0,0,0,0,0,0,0
2023-12-16,6.0,0.0,0.5,0.0,1.0,3.5,5.5,3.5,0.0,0.0,3.5,3.0,0.0,0.0,0.0,3.0,0.0,0.0,0.0,0.5,0.0,19.0,0.0,10.0,0.0,0.0,0.0,0.0,1.0,1.5,27.0,0.0,0.0,4.5,3.0,0.0,0.0,7.5,0.0,12.5,0,0,0,0,0,0,0,0,0,0,0,0,0,0,0,0,0,0,0,0,0,0,0,0,0,0,0,0,0,0,0,0,0,0,0,0,0,0,0,0
2023-12-17,,10.5,9.0,0.5,17.0,4.5,3.5,13.5,7.0,13.5,9.0,1.0,0.0,5.5,0.0,3.5,0.5,2.5,2.5,7.5,11.0,0.0,17.0,0.0,2.5,4.0,9.0,1.5,0.0,1.0,4.0,6.0,0.0,2.0,0.5,4.5,0.0,7.0,1.0,2.5,0,0,0,0,0,0,0,0,0,0,0,0,0,0,0,0,0,0,0,0,0,0,0,0,0,0,0,0,0,0,0,0,0,0,0,0,0,0,0,0
2023-12-18,,2.0,6.0,0.5,15.0,15.5,4.0,30.0,11.5,0.0,0.0,8.5,1.0,0.5,55.0,,0.5,0.0,4.5,0.0,8.5,1.0,0.5,3.0,0.0,0.5,10.0,0.0,5.5,0.5,55.5,1.0,19.5,16.5,6.0,8.5,0.0,0.0,5.5,10.0,0,0,0,0,0,0,0,0,0,0,0,0,0,0,0,0,0,0,0,0,0,0,0,0,0,0,0,0,0,0,0,0,0,0,0,0,0,0,0,0
2023-12-19,15.5,39.5,28.5,18.5,28.0,23.5,16.0,28.0,5.5,37.0,41.0,14.5,6.0,19.0,47.5,41.0,25.5,25.0,21.0,26.0,24.5,24.5,24.5,41.0,6.0,22.5,30.0,13.5,9.5,4.5,34.0,26.0,5.5,14.5,51.5,23.5,9.0,33.0,39.5,35.0,0,0,0,0,0,0,0,0,0,0,0,0,0,0,0,0,0,0,0,0,0,0,0,0,0,0,0,0,0,0,0,0,0,0,0,0,0,0,0,0
2023-12-20,,45.5,32.0,36.0,45.0,23.0,33.0,3.5,17.5,2.0,0.5,23.0,26.5,39.0,26.0,,40.5,47.5,28.0,16.5,23.5,12.5,33.0,0.5,22.5,17.0,20.5,16.0,14.5,39.5,56.5,15.0,21.5,20.5,0.0,15.0,20.0,35.5,4.0,19.0,0,0,0,0,0,0,0,0,0,0,0,0,0,0,0,0,0,0,0,0,0,0,0,0,0,0,0,0,0,0,0,0,0,0,0,0,0,0,0,0
2023-12-21,,15.0,20.0,22.0,37.0,3.0,5.5,3.5,1.5,2.0,2.5,6.0,6.0,1.5,3.5,4.5,48.5,29.5,6.0,45.0,1.0,0.5,52.0,3.0,1.0,23.0,1.5,20.0,2.0,12.5,36.5,23.5,7.0,6.0,3.5,1.5,13.0,21.5,11.5,3.5,0,0,0,0,0,0,0,0,0,0,0,0,0,0,0,0,0,0,0,0,0,0,0,0,0,0,0,0,0,0,0,0,0,0,0,0,0,0,0,0
2023-12-22,,15.0,13.0,7.5,15.5,20.0,22.0,14.0,24.0,10.5,9.0,22.0,15.5,9.0,22.5,,29.5,12.5,8.0,6.5,12.5,4.0,22.0,11.0,18.0,11.0,10.5,14.5,0.5,12.0,9.0,33.0,21.0,22.0,13.5,13.0,14.5,8.5,10.5,9.0,0,0,0,0,0,0,0,0,0,0,0,0,0,0,0,0,0,0,0,0,0,0,0,0,0,0,0,0,0,0,0,0,0,0,0,0,0,0,0,0
2023-12-23,0.5,0.5,0.0,8.5,7.5,3.0,7.0,4.5,0.0,0.5,3.5,2.0,10.5,12.0,0.0,,0.0,0.0,8.0,0.0,2.5,2.5,0.0,3.0,0.5,0.0,1.5,0.5,0.5,0.5,15.5,0.0,1.5,0.5,1.0,1.5,0.0,0.0,9.0,0.5,0,0,0,0,0,0,0,0,0,0,0,0,0,0,0,0,0,0,0,0,0,0,0,0,0,0,0,0,0,0,0,0,0,0,0,0,0,0,0,0
2023-12-24,5.5,3.0,2.5,1.0,0.0,0.0,0.0,0.0,2.5,0.5,2.0,0.0,19.0,1.5,4.0,,3.5,1.0,2.0,1.5,7.5,0.0,2.5,1.5,2.5,2.0,4.0,2.0,0.0,4.0,1.0,4.0,8.0,0.5,0.0,3.5,2.5,1.5,0.5,2.0,0,0,0,0,0,0,0,0,0,0,0,0,0,0,0,0,0,0,0,0,0,0,0,0,0,0,0,0,0,0,0,0,0,0,0,0,0,0,0,0
2023-12-25,3.5,15.5,19.5,14.5,8.0,25.0,24.0,51.5,29.0,16.0,18.0,28.5,23.0,15.0,17.0,,15.0,6.0,24.5,7.0,21.5,2.0,15.5,35.5,28.0,6.0,18.5,25.0,12.0,9.5,15.5,13.5,29.0,33.0,26.0,13.5,23.0,8.5,18.0,18.0,0,0,0,0,0,0,0,0,0,0,0,0,0,0,0,0,0,0,0,0,0,0,0,0,0,0,0,0,0,0,0,0,0,0,0,0,0,0,0,0
2023-12-26,48.0,2.0,3.0,5.5,8.0,30.0,29.0,16.5,3.5,15.0,37.0,17.0,4.0,4.0,8.0,,3.0,3.5,4.0,4.0,3.0,17.5,2.5,32.5,2.0,3.5,3.0,3.0,32.5,6.5,7.5,3.0,3.0,22.5,17.0,2.5,61.0,5.0,29.0,6.0,0,0,0,0,0,0,0,0,0,0,0,0,0,0,0,0,0,0,0,0,0,0,0,0,0,0,0,0,0,0,0,0,0,0,0,0,0,0,0,0
2023-12-27,4.5,1.0,0.5,0.5,0.0,0.0,1.0,0.0,0.5,0.0,8.5,0.0,2.5,0.0,0.5,0.5,22.5,1.0,0.5,2.5,0.0,0.5,0.5,3.0,0.5,17.0,0.5,27.0,0.5,1.0,0.0,17.5,0.5,0.5,4.5,0.5,0.5,0.0,0.0,1.0,0,0,0,0,0,0,0,0,0,0,0,0,0,0,0,0,0,0,0,0,0,0,0,0,0,0,0,0,0,0,0,0,0,0,0,0,0,0,0,0
2023-12-28,3.0,0.5,0.0,0.5,1.5,13.5,15.5,8.5,0.0,0.5,40.5,3.5,0.0,0.0,0.0,0.0,0.0,0.5,0.0,1.0,0.5,25.5,0.0,13.0,0.5,0.0,0.0,0.0,0.5,0.0,0.5,0.0,0.0,3.0,20.5,0.0,8.0,0.0,0.0,0.0,0,0,0,0,0,0,0,0,0,0,0,0,0,0,0,0,0,0,0,0,0,0,0,0,0,0,0,0,0,0,0,0,0,0,0,0,0,0,0,0
2023-12-29,0.0,3.5,0.0,0.5,1.5,0.0,0.5,6.0,0.0,0.5,7.0,2.5,6.0,0.0,19.5,0.0,0.0,0.0,0.0,0.0,1.0,3.5,0.0,3.5,0.0,0.0,1.0,0.0,0.0,4.0,2.0,0.5,4.0,1.5,11.5,0.0,18.0,0.0,0.0,0.0,0,0,0,0,0,0,0,0,0,0,0,0,0,0,0,0,0,0,0,0,0,0,0,0,0,0,0,0,0,0,0,0,0,0,0,0,0,0,0,0
2023-12-30,0.0,1.0,0.5,0.0,2.5,0.0,0.0,12.0,0.5,0.0,3.0,2.0,6.0,8.0,0.0,0.0,0.0,0.0,0.0,0.0,0.0,0.0,0.0,5.0,0.5,0.0,0.0,0.5,1.5,2.5,0.0,2.5,1.5,2.0,6.0,1.0,4.0,0.0,1.0,0.0,0,0,0,0,0,0,0,0,0,0,0,0,0,0,0,0,0,0,0,0,0,0,0,0,0,0,0,0,0,0,0,0,0,0,0,0,0,0,0,0
2023-12-31,7.5,67.0,36.5,26.0,11.0,12.0,10.0,3.5,29.0,12.0,24.0,3.0,10.0,3.5,116.0,30.5,29.5,36.5,3.5,30.0,8.0,44.5,29.5,71.5,17.0,17.5,6.0,21.0,19.5,8.5,6.0,28.5,8.0,4.5,37.5,6.5,74.0,30.0,4.5,61.0,0,0,0,0,0,0,0,0,0,0,0,0,0,0,0,0,0,0,0,0,0,0,0,0,0,0,0,0,0,0,0,0,0,0,0,0,0,0,0,0
2024-01-01,0.0,0.0,0.0,0.0,11.0,8.5,7.0,3.0,0.0,11.0,22.0,0.0,0.0,0.5,1.0,0.0,0.0,0.0,0.5,0.0,0.0,2.5,0.0,0.5,0.0,0.0,0.0,0.0,0.0,0.0,18.0,0.5,0.5,0.0,0.0,0.5,1.0,0.0,11.0,5.5,0,0,0,0,0,0,0,0,0,0,0,0,0,0,0,0,0,0,0,0,0,0,0,0,0,0,0,0,0,0,0,0,0,0,0,0,0,0,0,0
2024-01-02,18.5,1.5,1.0,8.0,65.5,51.0,46.0,45.0,15.5,28.0,19.0,36.0,0.0,2.0,5.0,38.0,6.5,1.5,0.5,3.5,0.0,13.5,4.5,21.5,8.5,0.5,0.0,1.5,7.0,0.5,31.5,1.0,0.0,26.5,49.0,0.0,4.5,14.5,24.5,25.0,0,0,0,0,0,0,0,0,0,0,0,0,0,0,0,0,0,0,0,0,0,0,0,0,0,0,0,0,0,0,0,0,0,0,0,0,0,0,0,0
2024-01-03,18.5,0.0,0.0,0.0,0.0,8.5,13.0,1.0,0.0,0.5,10.0,0.5,0.0,0.0,0.0,0.0,0.5,0.5,0.5,0.0,0.0,6.5,0.0,36.0,0.0,0.0,0.0,0.5,34.5,0.5,0.0,0.5,0.0,0.5,14.0,0.5,0.0,0.0,5.5,0.0,0,0,0,0,0,0,0,0,0,0,0,0,0,0,0,0,0,0,0,0,0,0,0,0,0,0,0,0,0,0,0,0,0,0,0,0,0,0,0,0
2024-01-04,23.0,20.0,23.5,41.5,52.0,18.0,14.0,6.0,28.0,19.5,8.0,12.0,16.5,58.0,18.5,23.0,19.5,20.5,83.0,20.0,40.5,21.5,20.0,10.0,40.5,30.5,47.5,51.0,8.0,31.5,24.5,56.5,19.5,15.0,11.0,60.5,18.5,21.0,16.0,26.5,0,0,0,0,0,0,0,0,0,0,0,0,0,0,0,0,0,0,0,0,0,0,0,0,0,0,0,0,0,0,0,0,0,0,0,0,0,0,0,0
2024-01-05,48.5,1.5,1.5,16.5,56.0,16.0,13.0,28.0,7.5,33.0,40.0,40.5,3.0,12.5,0.5,1.5,1.0,1.5,2.5,1.5,3.0,18.0,1.0,74.5,4.0,1.0,2.5,1.0,44.5,3.0,29.0,1.0,2.0,37.5,83.5,2.5,8.0,2.0,12.5,1.0,0,0,0,0,0,0,0,0,0,0,0,0,0,0,0,0,0,0,0,0,0,0,0,0,0,0,0,0,0,0,0,0,0,0,0,0,0,0,0,0
2024-01-06,7.5,6.5,8.0,20.5,49.5,21.0,36.0,37.0,12.5,62.0,8.0,16.5,85.0,26.0,6.0,49.0,10.5,10.0,26.5,6.5,30.5,8.0,9.0,11.0,8.0,11.5,20.0,20.5,2.5,46.0,30.5,15.0,75.5,17.0,14.5,26.5,15.0,19.0,14.5,61.5,0,0,0,0,0,0,0,0,0,0,0,0,0,0,0,0,0,0,0,0,0,0,0,0,0,0,0,0,0,0,0,0,0,0,0,0,0,0,0,0
2024-01-07,10.0,3.0,3.0,1.0,2.0,1.0,0.5,1.0,10.0,1.0,16.0,0.5,5.5,2.0,9.0,8.0,2.5,2.5,4.0,2.0,6.5,10.0,2.0,36.5,7.0,4.5,6.5,4.0,49.5,33.0,4.0,4.0,5.0,1.0,36.5,5.5,11.5,1.5,5.0,16.0,0,0,0,0,0,0,0,0,0,0,0,0,0,0,0,0,0,0,0,0,0,0,0,0,0,0,0,0,0,0,0,0,0,0,0,0,0,0,0,0
2024-01-08,28.0,0.5,1.0,0.5,2.0,1.5,1.5,6.0,0.0,1.5,13.5,6.5,0.0,0.0,0.5,29.5,0.0,0.5,0.5,0.0,0.0,12.0,0.5,13.5,0.0,0.0,0.0,0.0,50.5,0.0,2.0,0.0,0.0,8.0,37.5,0.0,0.5,1.5,1.5,0.0,0,0,0,0,0,0,0,0,0,0,0,0,0,0,0,0,0,0,0,0,0,0,0,0,0,0,0,0,0,0,0,0,0,0,0,0,0,0,0,0
2024-01-09,50.5,0.0,0.0,0.5,0.0,0.5,0.0,14.0,0.0,11.0,21.0,0.5,0.0,0.0,0.0,0.5,0.5,0.0,0.0,1.0,0.5,44.0,0.0,64.5,0.0,0.0,0.5,0.0,35.5,0.5,0.5,0.0,2.0,0.0,66.5,0.0,0.0,0.0,7.5,0.0,0,0,0,0,0,0,0,0,0,0,0,0,0,0,0,0,0,0,0,0,0,0,0,0,0,0,0,0,0,0,0,0,0,0,0,0,0,0,0,0
2024-01-10,9.5,33.5,19.5,7.5,16.5,4.5,3.5,9.5,111.0,18.0,8.0,0.5,8.0,19.5,66.0,23.0,38.0,28.0,27.5,14.0,17.5,11.0,22.5,18.5,90.0,29.0,20.5,61.5,9.5,59.5,10.5,18.0,27.0,1.0,22.0,18.0,111.5,31.5,9.5,33.5,0,0,0,0,0,0,0,0,0,0,0,0,0,0,0,0,0,0,0,0,0,0,0,0,0,0,0,0,0,0,0,0,0,0,0,0,0,0,0,0
2024-01-11,9.5,30.0,23.5,8.0,4.0,13.5,22.0,22.5,39.0,6.5,34.0,18.5,20.0,7.0,42.5,7.0,6.5,4.5,4.5,3.5,7.5,7.0,5.5,13.0,12.0,14.5,7.0,25.5,15.5,12.5,25.0,24.5,18.0,15.5,11.5,7.0,32.5,3.5,22.5,8.0,0,0,0,0,0,0,0,0,0,0,0,0,0,0,0,0,0,0,0,0,0,0,0,0,0,0,0,0,0,0,0,0,0,0,0,0,0,0,0,0
2024-01-12,26.0,34.0,32.0,12.5,46.5,31.0,32.0,54.5,42.0,43.5,20.0,35.5,19.0,20.0,22.5,68.5,23.0,27.0,26.5,21.0,23.5,20.5,28.5,8.0,54.5,14.0,24.0,20.0,9.5,35.5,41.5,24.5,46.0,37.0,14.5,25.5,75.0,29.5,54.0,32.5,0,0,0,0,0,0,0,0,0,0,0,0,0,0,0,0,0,0,0,0,0,0,0,0,0,0,0,0,0,0,0,0,0,0,0,0,0,0,0,0
2024-01-13,22.0,41.0,35.5,4.5,22.0,28.5,17.0,24.5,62.0,54.0,3.0,13.0,52.5,7.0,38.0,37.5,46.0,34.0,12.0,26.0,33.5,13.0,37.5,0.5,65.5,35.0,35.5,23.0,21.0,28.5,8.5,20.5,53.0,13.5,1.5,20.0,37.5,35.0,11.0,58.0,0,0,0,0,0,0,0,0,0,0,0,0,0,0,0,0,0,0,0,0,0,0,0,0,0,0,0,0,0,0,0,0,0,0,0,0,0,0,0,0
2024-01-14,14.5,0.5,0.0,0.0,0.5,0.0,0.5,0.5,0.5,1.0,2.0,0.0,3.0,0.5,0.5,0.0,0.0,0.0,0.0,0.0,0.0,10.5,0.0,13.5,0.5,0.0,0.5,0.5,29.0,0.0,0.0,0.5,2.5,0.0,4.0,0.0,0.0,0.5,3.0,0.0,0,0,0,0,0,0,0,0,0,0,0,0,0,0,0,0,0,0,0,0,0,0,0,0,0,0,0,0,0,0,0,0,0,0,0,0,0,0,0,0
2024-01-15,41.5,1.0,1.0,0.5,0.0,0.0,0.0,0.5,2.5,0.5,0.5,0.0,0.5,0.0,1.5,0.0,1.0,0.5,0.5,0.5,0.5,32.5,1.0,2.0,1.0,0.5,0.5,0.5,,0.5,0.0,1.0,0.5,0.0,1.0,0.5,6.0,0.5,0.0,0.5,0,0,0,0,0,0,0,0,0,0,0,0,0,0,0,0,0,0,0,0,0,0,0,0,0,0,0,0,0,0,0,0,0,0,0,0,0,0,0,0
2024-01-16,42.0,16.5,21.5,11.5,44.0,20.0,20.0,32.0,9.0,45.0,81.5,53.0,9.0,25.0,17.5,69.0,32.0,70.0,25.5,37.0,33.5,29.0,30.0,115.5,11.0,36.5,26.0,11.0,,14.0,28.5,20.0,21.5,63.5,54.5,20.0,9.0,62.0,35.5,83.0,0,0,0,0,0,0,0,0,0,0,0,0,0,0,0,0,0,0,0,0,0,0,0,0,0,0,0,0,0,0,0,0,0,0,0,0,0,0,0,0
2024-01-17,20.0,26.5,24.0,44.5,48.5,48.0,38.5,26.0,14.5,26.0,35.0,33.0,31.5,41.5,17.5,32.5,35.5,33.0,42.5,33.5,44.5,14.0,37.5,36.5,28.5,38.0,43.0,28.0,15.5,46.0,33.5,34.5,31.0,34.0,39.5,50.0,13.0,31.5,33.5,37.0,0,0,0,0,0,0,0,0,0,0,0,0,0,0,0,0,0,0,0,0,0,0,0,0,0,0,0,0,0,0,0,0,0,0,0,0,0,0,0,0
2024-01-18,57.0,86.5,70.0,51.5,74.0,71.0,62.5,36.0,63.0,78.0,36.0,74.5,74.5,65.5,51.5,65.0,82.0,64.5,58.0,72.0,63.5,53.0,71.5,23.5,69.5,73.5,63.5,67.5,22.0,73.0,68.5,104.5,72.5,79.0,25.0,65.0,98.0,79.5,94.5,64.0,0,0,0,0,0,0,0,0,0,0,0,0,0,0,0,0,0,0,0,0,0,0,0,0,0,0,0,0,0,0,0,0,0,0,0,0,0,0,0,0
2024-01-19,,28.5,15.5,3.5,7.5,37.5,33.5,21.0,25.5,10.5,19.0,10.0,5.5,10.5,42.0,10.0,16.5,10.0,2.5,6.5,6.0,6.0,19.5,20.0,12.0,8.0,9.0,7.0,7.5,4.0,20.5,15.5,5.0,15.0,14.0,3.0,48.0,7.0,30.0,10.0,0,0,0,0,0,0,0,0,0,0,0,0,0,0,0,0,0,0,0,0,0,0,0,0,0,0,0,0,0,0,0,0,0,0,0,0,0,0,0,0
2024-01-20,6.5,38.0,33.0,18.5,30.5,17.0,13.5,19.0,18.5,13.5,46.0,9.0,11.5,13.5,19.5,28.0,48.5,44.0,9.5,57.5,9.0,8.0,32.0,61.5,29.5,66.0,10.0,40.5,6.5,9.0,30.0,63.0,6.5,12.0,60.5,12.5,22.5,35.0,18.0,29.0,0,0,0,0,0,0,0,0,0,0,0,0,0,0,0,0,0,0,0,0,0,0,0,0,0,0,0,0,0,0,0,0,0,0,0,0,0,0,0,0
2024-01-21,3.0,16.0,10.5,16.0,20.5,5.0,7.0,10.5,0.5,20.5,3.5,12.0,0.5,17.5,6.0,44.0,27.0,24.0,35.0,14.5,1.0,3.5,20.0,6.5,1.0,16.0,1.5,4.5,0.5,0.5,3.0,4.0,1.0,12.0,2.0,6.5,1.0,51.0,9.0,40.0,0,0,0,0,0,0,0,0,0,0,0,0,0,0,0,0,0,0,0,0,0,0,0,0,0,0,0,0,0,0,0,0,0,0,0,0,0,0,0,0
2024-01-22,1.5,0.0,0.0,0.0,0.0,0.0,2.0,0.5,0.5,2.0,0.0,0.0,0.0,0.0,0.0,0.0,6.5,1.0,0.0,0.0,0.5,3.0,6.0,0.5,0.5,9.5,0.5,0.0,12.5,7.0,0.0,1.0,0.0,0.0,0.5,0.0,2.0,0.0,5.0,0.0,0,0,0,0,0,0,0,0,0,0,0,0,0,0,0,0,0,0,0,0,0,0,0,0,0,0,0,0,0,0,0,0,0,0,0,0,0,0,0,0
2024-01-23,11.5,1.0,0.5,2.0,32.5,0.5,0.5,1.0,8.5,40.0,20.0,0.0,5.0,0.0,2.5,0.0,0.0,0.0,2.5,0.0,0.0,9.0,0.0,1.0,0.5,0.5,0.5,1.5,21.0,1.5,6.0,1.0,7.0,0.0,2.0,3.5,3.5,0.0,23.5,26.5,0,0,0,0,0,0,0,0,0,0,0,0,0,0,0,0,0,0,0,0,0,0,0,0,0,0,0,0,0,0,0,0,0,0,0,0,0,0,0,0
2024-01-24,0.0,5.0,1.5,1.0,3.0,1.0,0.5,0.5,17.0,0.0,0.0,0.0,7.0,4.0,1.0,0.5,2.0,1.0,4.5,1.0,8.0,2.5,1.5,0.5,11.5,2.0,7.5,9.5,0.5,28.0,0.5,21.0,10.0,1.5,0.5,6.5,11.0,0.5,0.0,0.0,0,0,0,0,0,0,0,0,0,0,0,0,0,0,0,0,0,0,0,0,0,0,0,0,0,0,0,0,0,0,0,0,0,0,0,0,0,0,0,0
2024-01-25,0.0,0.5,0.5,3.5,0.5,0.0,0.0,0.0,6.0,2.5,2.5,1.0,2.5,3.0,0.5,0.5,1.5,1.0,0.5,1.5,0.5,0.0,2.5,0.5,1.5,3.5,0.5,1.0,3.5,6.0,3.0,4.0,4.5,0.5,2.0,0.0,0.0,0.0,2.0,0.0,0,0,0,0,0,0,0,0,0,0,0,0,0,0,0,0,0,0,0,0,0,0,0,0,0,0,0,0,0,0,0,0,0,0,0,0,0,0,0,0
2024-01-26,6.5,6.5,15.0,0.5,6.5,2.5,1.5,7.5,1.5,13.0,5.0,0.0,1.5,1.5,1.0,1.0,23.0,21.5,3.0,11.0,3.0,14.0,12.5,2.0,0.0,4.0,2.5,0.5,1.5,0.5,0.5,2.0,7.5,0.0,1.5,3.0,0.0,15.5,1.0,0.0,0,0,0,0,0,0,0,0,0,0,0,0,0,0,0,0,0,0,0,0,0,0,0,0,0,0,0,0,0,0,0,0,0,0,0,0,0,0,0,0
2024-01-27,12.0,21.5,11.0,12.0,30.0,8.0,7.5,1.5,20.0,70.5,87.5,5.5,34.0,6.5,35.5,42.0,24.5,19.0,9.5,25.0,20.0,6.5,20.0,32.0,25.0,16.5,18.0,21.0,37.5,15.5,23.0,22.0,34.0,8.0,50.0,12.0,27.0,25.0,86.5,0.0,0,0,0,0,0,0,0,0,0,0,0,0,0,0,0,0,0,0,0,0,0,0,0,0,0,0,0,0,0,0,0,0,0,0,0,0,0,0,0,0
2024-01-28,,117.0,164.5,94.0,62.0,25.5,21.5,45.5,22.5,58.5,12.0,12.5,34.0,79.0,52.5,91.0,168.5,132.5,129.0,131.5,113.5,73.0,172.0,14.5,44.0,140.5,102.5,137.0,14.5,41.0,46.5,152.5,108.0,17.0,18.5,90.0,6.0,132.5,34.0,128.5,0,0,0,0,0,0,0,0,0,0,0,0,0,0,0,0,0,0,0,0,0,0,0,0,0,0,0,0,0,0,0,0,0,0,0,0,0,0,0,0
2024-01-29,16.5,20.5,7.0,0.5,3.0,11.0,6.0,4.5,5.0,6.5,16.0,3.5,23.0,2.0,0.5,1.0,3.5,2.5,2.0,2.0,12.5,27.5,5.5,20.0,4.0,1.5,13.5,5.0,6.5,19.0,3.0,6.0,46.5,4.0,26.0,3.5,5.0,2.0,13.5,0.0,0,0,0,0,0,0,0,0,0,0,0,0,0,0,0,0,0,0,0,0,0,0,0,0,0,0,0,0,0,0,0,0,0,0,0,0,0,0,0,0
2024-01-30,,74.5,67.5,22.5,35.5,31.5,28.0,17.0,174.5,31.5,60.0,25.5,57.0,40.0,93.0,52.0,40.5,40.5,32.0,44.0,36.0,15.5,42.0,32.5,131.5,39.0,41.5,57.0,19.5,99.5,58.0,54.0,75.5,26.5,32.0,30.0,78.0,52.0,40.0,35.5,0,0,0,0,0,0,0,0,0,0,0,0,0,0,0,0,0,0,0,0,0,0,0,0,0,0,0,0,0,0,0,0,0,0,0,0,0,0,0,0
2024-01-31,14.0,39.5,56.0,0.0,0.0,0.0,0.0,2.5,54.5,4.0,46.5,0.5,19.0,1.0,5.0,1.0,5.0,2.0,16.5,0.5,38.5,17.0,8.0,9.5,78.5,4.5,33.5,25.5,0.5,6.5,0.5,38.0,59.0,0.5,53.5,16.0,13.0,0.5,0.5,19.5,0,0,0,0,0,0,0,0,0,0,0,0,0,0,0,0,0,0,0,0,0,0,0,0,0,0,0,0,0,0,0,0,0,0,0,0,0,0,0,0
2024-02-01,13.5,22.0,25.0,12.0,19.5,3.0,3.5,0.5,81.0,14.0,2.5,2.5,17.0,12.5,34.5,27.0,16.5,27.0,16.0,34.5,12.5,9.5,15.5,2.0,41.5,27.0,13.0,33.5,6.5,21.5,13.0,14.5,14.0,2.5,2.0,15.0,39.5,39.5,3.5,31.0,0,0,0,0,0,0,0,0,0,0,0,0,0,0,0,0,0,0,0,0,0,0,0,0,0,0,0,0,0,0,0,0,0,0,0,0,0,0,0,0
2024-02-02,0.5,12.5,0.5,1.5,0.0,0.0,0.5,0.0,0.0,0.0,0.5,0.0,2.0,0.0,0.0,0.5,0.0,0.0,2.0,0.0,1.0,3.0,0.0,13.5,0.0,0.0,0.5,0.0,13.0,0.5,7.5,0.5,0.5,0.0,4.5,0.0,0.5,0.0,0.0,0.0,0,0,0,0,0,0,0,0,0,0,0,0,0,0,0,0,0,0,0,0,0,0,0,0,0,0,0,0,0,0,0,0,0,0,0,0,0,0,0,0
2024-02-03,1.5,1.0,2.0,25.0,25.5,0.5,0.0,0.5,3.0,9.0,1.0,4.0,24.0,8.5,0.5,27.5,15.0,41.5,23.0,47.5,8.0,0.5,9.5,3.0,33.5,63.0,11.0,84.0,7.0,13.5,25.5,27.0,59.0,5.0,1.5,3.5,0.0,28.0,22.5,1.0,0,0,0,0,0,0,0,0,0,0,0,0,0,0,0,0,0,0,0,0,0,0,0,0,0,0,0,0,0,0,0,0,0,0,0,0,0,0,0,0
2024-02-04,0.5,0.0,0.0,0.0,0.0,0.0,0.0,0.0,0.0,0.0,0.0,0.0,13.5,0.0,0.0,0.0,0.0,0.0,0.0,0.0,0.0,0.0,0.0,0.0,0.0,0.0,0.0,0.0,0.0,0.0,0.0,0.0,3.5,0.0,0.0,0.0,0.0,0.0,0.0,0.0,0,0,0,0,0,0,0,0,0,0,0,0,0,0,0,0,0,0,0,0,0,0,0,0,0,0,0,0,0,0,0,0,0,0,0,0,0,0,0,0
2024-02-05,0.5,0.0,0.0,0.0,0.0,0.0,0.0,0.0,0.5,0.0,1.5,5.5,0.0,0.0,0.0,0.0,0.0,0.0,14.5,0.5,0.5,0.0,0.0,0.0,0.0,0.0,0.0,0.0,0.0,0.5,0.0,0.0,0.5,4.0,0.0,0.0,1.5,0.5,0.0,0.5,0,0,0,0,0,0,0,0,0,0,0,0,0,0,0,0,0,0,0,0,0,0,0,0,0,0,0,0,0,0,0,0,0,0,0,0,0,0,0,0
2024-02-06,13.5,1.5,0.0,0.0,0.0,3.5,0.5,0.0,0.0,0.5,3.0,0.0,,0.0,0.5,2.0,0.0,0.0,0.0,0.0,0.0,13.5,0.0,11.5,0.0,0.5,0.0,0.0,46.0,0.0,0.0,3.0,11.5,0.0,17.0,0.0,1.5,0.0,0.0,2.0,0,0,0,0,0,0,0,0,0,0,0,0,0,0,0,0,0,0,0,0,0,0,0,0,0,0,0,0,0,0,0,0,0,0,0,0,0,0,0,0
2024-02-07,,6.0,15.0,0.5,3.5,9.5,9.5,10.0,11.5,12.0,13.5,2.0,,1.0,32.5,8.0,6.5,1.0,0.0,0.0,9.5,18.0,3.0,7.5,16.5,0.5,11.0,5.0,9.0,10.0,3.0,6.0,11.0,2.0,17.5,2.5,57.5,1.0,2.5,28.5,0,0,0,0,0,0,0,0,0,0,0,0,0,0,0,0,0,0,0,0,0,0,0,0,0,0,0,0,0,0,0,0,0,0,0,0,0,0,0,0
2024-02-08,0.0,0.0,0.0,0.0,0.0,0.0,0.0,0.5,0.0,0.0,0.0,0.0,0.0,0.0,0.0,0.0,0.0,0.0,0.0,0.0,0.0,0.0,0.0,0.0,0.0,0.0,0.0,0.5,0.0,0.0,0.0,0.5,0.5,0.5,0.0,0.0,0.0,0.0,0.0,0.0,0,0,0,0,0,0,0,0,0,0,0,0,0,0,0,0,0,0,0,0,0,0,0,0,0,0,0,0,0,0,0,0,0,0,0,0,0,0,0,0
2024-02-09,0.0,1.0,0.0,0.5,0.0,0.0,1.0,0.0,28.5,1.5,0.0,0.0,7.0,0.0,35.5,0.5,0.5,0.5,0.0,0.0,0.5,6.5,0.0,0.0,10.5,0.0,0.0,0.5,0.0,19.5,0.0,0.0,0.5,0.0,0.5,0.0,14.5,1.5,0.0,0.0,0,0,0,0,0,0,0,0,0,0,0,0,0,0,0,0,0,0,0,0,0,0,0,0,0,0,0,0,0,0,0,0,0,0,0,0,0,0,0,0
2024-02-10,68.5,38.0,7.0,35.5,36.0,6.0,7.5,12.0,27.5,15.5,6.5,9.0,26.5,27.0,4.0,25.5,52.0,36.0,31.5,45.0,45.5,67.5,46.0,10.0,23.5,31.0,34.0,34.0,23.0,29.5,17.5,41.5,47.0,9.5,15.0,35.5,30.0,40.5,21.0,4.5,0,0,0,0,0,0,0,0,0,0,0,0,0,0,0,0,0,0,0,0,0,0,0,0,0,0,0,0,0,0,0,0,0,0,0,0,0,0,0,0
2024-02-11,,21.0,48.0,88.0,112.0,82.5,68.5,64.0,12.5,80.0,68.0,96.0,41.5,72.0,32.0,176.5,56.5,73.0,96.0,59.0,111.5,54.0,52.0,71.5,9.5,56.0,98.5,64.0,100.5,40.0,95.0,31.0,105.0,107.0,82.5,87.0,8.0,111.5,79.5,187.0,0,0,0,0,0,0,0,0,0,0,0,0,0,0,0,0,0,0,0,0,0,0,0,0,0,0,0,0,0,0,0,0,0,0,0,0,0,0,0,0
2024-02-12,,39.5,37.0,84.0,43.0,103.5,104.0,56.0,44.0,55.0,72.0,72.0,116.0,52.5,12.5,38.5,66.0,63.0,62.0,75.5,140.5,42.0,55.0,124.0,61.5,64.0,123.0,75.5,79.0,58.5,107.0,75.0,204.5,80.0,96.0,66.5,24.0,79.0,87.0,63.5,0,0,0,0,0,0,0,0,0,0,0,0,0,0,0,0,0,0,0,0,0,0,0,0,0,0,0,0,0,0,0,0,0,0,0,0,0,0,0,0
2024-02-13,4.5,24.5,20.5,24.0,44.0,22.0,21.0,16.0,4.0,26.5,21.0,16.0,10.0,14.0,7.0,56.0,25.5,19.5,20.5,24.0,19.5,6.5,27.5,39.0,7.0,17.0,18.5,30.5,22.0,11.0,26.0,44.0,14.5,18.0,37.0,16.0,5.0,40.5,17.5,66.5,0,0,0,0,0,0,0,0,0,0,0,0,0,0,0,0,0,0,0,0,0,0,0,0,0,0,0,0,0,0,0,0,0,0,0,0,0,0,0,0
2024-02-14,1.5,0.5,0.5,1.0,1.0,0.5,0.5,5.5,0.0,4.5,8.0,1.0,,1.0,0.5,0.5,0.5,0.5,1.0,0.5,2.0,1.5,0.0,28.0,0.5,0.5,2.0,6.0,1.0,0.5,3.0,4.0,1.5,1.5,66.5,2.0,0.0,0.5,16.5,0.0,0,0,0,0,0,0,0,0,0,0,0,0,0,0,0,0,0,0,0,0,0,0,0,0,0,0,0,0,0,0,0,0,0,0,0,0,0,0,0,0
2024-02-15,6.0,40.5,31.5,37.5,38.5,27.5,20.5,11.0,8.0,25.5,48.5,5.5,113.0,32.5,2.0,17.0,38.0,15.5,32.5,20.5,69.0,7.0,34.5,9.5,19.5,36.0,78.5,49.0,,64.5,18.0,48.0,119.5,8.5,20.0,39.0,5.5,23.0,24.0,15.5,0,0,0,0,0,0,0,0,0,0,0,0,0,0,0,0,0,0,0,0,0,0,0,0,0,0,0,0,0,0,0,0,0,0,0,0,0,0,0,0
2024-02-16,36.0,54.0,49.5,141.0,233.5,125.5,131.0,79.5,20.0,87.0,87.0,94.5,192.5,153.0,10.5,126.0,103.5,114.5,210.0,144.5,217.0,40.5,98.0,78.0,42.0,133.5,200.0,143.5,34.0,110.5,191.5,102.5,224.0,113.5,94.5,219.5,36.5,96.0,76.5,123.0,0,0,0,0,0,0,0,0,0,0,0,0,0,0,0,0,0,0,0,0,0,0,0,0,0,0,0,0,0,0,0,0,0,0,0,0,0,0,0,0
2024-02-17,0.5,45.5,50.5,1.0,3.0,4.0,2.5,1.0,6.5,22.5,1.0,0.5,2.0,0.0,0.5,41.0,33.0,19.0,1.0,12.0,1.0,0.5,41.5,5.0,5.0,13.0,2.5,22.0,6.5,1.0,0.5,27.0,5.0,2.5,19.5,0.5,14.0,32.0,4.0,70.5,0,0,0,0,0,0,0,0,0,0,0,0,0,0,0,0,0,0,0,0,0,0,0,0,0,0,0,0,0,0,0,0,0,0,0,0,0,0,0,0
2024-02-18,7.0,1.0,0.5,0.0,1.0,6.5,9.0,28.5,7.5,3.0,37.5,15.0,8.5,0.0,6.0,1.5,0.0,0.5,0.5,0.0,0.0,9.0,0.0,58.0,3.5,0.0,0.5,1.0,35.0,21.0,0.0,1.0,0.0,13.5,42.5,0.5,43.0,2.0,36.0,3.5,0,0,0,0,0,0,0,0,0,0,0,0,0,0,0,0,0,0,0,0,0,0,0,0,0,0,0,0,0,0,0,0,0,0,0,0,0,0,0,0
2024-02-19,0.0,4.0,6.5,9.5,28.0,19.0,23.5,62.5,27.5,1.5,14.5,126.5,90.0,25.0,2.5,1.5,6.0,4.5,22.5,2.0,93.5,0.0,6.5,9.0,5.5,4.0,84.0,1.5,1.0,8.5,40.0,2.5,110.5,115.0,10.0,58.5,52.5,2.5,7.5,5.0,0,0,0,0,0,0,0,0,0,0,0,0,0,0,0,0,0,0,0,0,0,0,0,0,0,0,0,0,0,0,0,0,0,0,0,0,0,0,0,0
2024-02-20,3.0,0.0,0.0,0.0,0.0,0.0,0.0,0.0,0.0,0.0,4.0,0.5,0.0,0.0,0.0,0.0,0.0,0.0,0.0,0.0,0.0,1.0,0.0,12.0,0.0,0.5,0.0,0.0,0.5,0.0,0.0,0.0,0.0,0.5,9.0,0.5,0.0,0.5,3.0,0.0,0,0,0,0,0,0,0,0,0,0,0,0,0,0,0,0,0,0,0,0,0,0,0,0,0,0,0,0,0,0,0,0,0,0,0,0,0,0,0,0
2024-02-21,1.0,0.0,0.0,0.0,0.0,1.5,0.0,0.0,0.0,0.0,0.0,2.0,0.0,0.0,1.5,0.0,0.0,0.0,0.5,2.0,0.0,0.0,0.0,9.0,0.0,2.5,0.5,0.0,4.5,0.0,1.0,0.0,0.0,1.5,0.5,2.5,0.0,0.0,2.0,0.0,0,0,0,0,0,0,0,0,0,0,0,0,0,0,0,0,0,0,0,0,0,0,0,0,0,0,0,0,0,0,0,0,0,0,0,0,0,0,0,0
2024-02-22,2.5,60.5,21.5,3.0,0.0,19.0,16.5,16.0,0.0,39.0,2.5,33.0,3.5,20.5,30.0,14.0,28.5,2.5,2.5,2.5,17.5,3.0,18.5,36.0,5.5,10.0,22.0,20.5,54.0,0.0,0.0,24.5,19.0,24.0,5.0,12.5,0.0,0.0,31.0,8.5,0,0,0,0,0,0,0,0,0,0,0,0,0,0,0,0,0,0,0,0,0,0,0,0,0,0,0,0,0,0,0,0,0,0,0,0,0,0,0,0
2024-02-23,0.5,0.5,0.0,0.0,0.0,0.0,0.0,0.0,0.0,9.5,2.5,0.0,0.0,0.0,0.0,0.0,0.0,0.0,0.5,0.0,0.5,0.0,0.0,0.5,0.5,0.0,0.5,0.0,0.0,0.0,0.0,0.0,0.0,0.0,0.0,0.0,0.0,0.0,1.0,0.0,0,0,0,0,0,0,0,0,0,0,0,0,0,0,0,0,0,0,0,0,0,0,0,0,0,0,0,0,0,0,0,0,0,0,0,0,0,0,0,0
2024-02-24,2.5,0.0,0.5,0.0,5.5,16.5,14.5,3.5,0.0,41.0,7.5,7.5,0.0,0.0,0.0,0.0,0.0,0.0,0.0,0.0,0.5,0.5,0.0,2.0,0.0,0.0,0.0,0.0,5.0,0.0,49.0,0.0,0.5,9.0,1.0,0.0,0.0,0.0,18.5,0.0,0,0,0,0,0,0,0,0,0,0,0,0,0,0,0,0,0,0,0,0,0,0,0,0,0,0,0,0,0,0,0,0,0,0,0,0,0,0,0,0
2024-02-25,14.0,114.0,64.5,11.0,19.0,4.5,7.5,7.0,8.5,37.5,35.0,17.5,28.0,9.0,1.5,17.0,54.5,42.0,15.0,34.5,21.5,23.0,43.0,21.0,16.0,27.0,17.5,46.0,21.5,30.0,7.5,77.5,32.0,19.0,41.0,11.5,5.0,63.0,19.0,24.5,0,0,0,0,0,0,0,0,0,0,0,0,0,0,0,0,0,0,0,0,0,0,0,0,0,0,0,0,0,0,0,0,0,0,0,0,0,0,0,0
2024-02-26,82.0,29.0,31.5,12.0,3.0,13.0,9.5,8.5,104.5,7.5,14.5,19.5,23.5,26.0,39.5,4.5,23.0,21.0,14.5,20.0,24.5,84.0,20.5,16.0,80.5,30.0,31.5,51.0,34.5,39.0,18.0,70.5,58.0,23.0,15.5,33.0,70.5,10.0,19.0,14.0,0,0,0,0,0,0,0,0,0,0,0,0,0,0,0,0,0,0,0,0,0,0,0,0,0,0,0,0,0,0,0,0,0,0,0,0,0,0,0,0
2024-02-27,26.5,0.5,1.5,5.0,14.5,7.0,7.0,7.5,0.0,8.0,41.0,19.5,5.5,2.5,0.5,8.5,3.5,14.5,4.0,6.0,5.5,37.5,4.0,133.0,0.5,6.0,6.5,2.5,13.0,0.0,5.0,2.5,17.5,22.5,61.0,1.5,0.5,17.5,8.5,8.5,0,0,0,0,0,0,0,0,0,0,0,0,0,0,0,0,0,0,0,0,0,0,0,0,0,0,0,0,0,0,0,0,0,0,0,0,0,0,0,0
2024-02-28,54.5,41.0,112.0,32.0,53.0,29.0,8.0,27.0,88.5,19.5,53.5,13.0,79.5,41.0,22.0,68.0,57.0,60.5,52.5,53.5,52.5,44.5,62.0,124.5,80.5,42.0,53.5,46.5,26.0,107.5,22.0,49.0,56.0,12.0,100.0,60.0,14.5,58.5,18.0,73.5,0,0,0,0,0,0,0,0,0,0,0,0,0,0,0,0,0,0,0,0,0,0,0,0,0,0,0,0,0,0,0,0,0,0,0,0,0,0,0,0
2024-02-29,9.0,63.0,52.0,38.5,11.5,20.5,0.0,12.0,46.5,11.0,6.0,4.5,95.0,67.0,120.0,17.5,20.0,20.5,76.5,24.0,89.5,6.5,22.0,19.0,68.0,28.5,93.5,15.5,7.0,71.5,17.0,32.5,109.5,4.5,15.0,37.5,42.5,17.5,11.0,22.0,0,0,0,0,0,0,0,0,0,0,0,0,0,0,0,0,0,0,0,0,0,0,0,0,0,0,0,0,0,0,0,0,0,0,0,0,0,0,0,0
2024-03-01,12.5,2.5,12.0,9.0,15.5,7.5,0.0,10.5,2.0,8.5,38.0,10.0,1.0,15.5,0.5,25.0,15.0,7.0,3.0,17.0,16.5,42.0,13.5,38.5,4.0,10.5,16.0,4.5,21.5,3.5,2.0,6.5,5.0,13.0,34.0,11.5,1.0,11.0,11.5,5.5,0,0,0,0,0,0,0,0,0,0,0,0,0,0,0,0,0,0,0,0,0,0,0,0,0,0,0,0,0,0,0,0,0,0,0,0,0,0,0,0
2024-03-02,41.0,118.0,80.0,176.0,142.0,128.5,0.0,98.5,91.5,84.5,68.5,164.0,,242.5,38.5,160.5,152.5,191.5,238.5,228.0,213.5,44.0,126.5,55.0,96.0,188.0,211.5,127.5,76.0,121.5,96.5,143.0,188.0,172.5,55.5,255.0,96.5,180.5,77.5,68.0,0,0,0,0,0,0,0,0,0,0,0,0,0,0,0,0,0,0,0,0,0,0,0,0,0,0,0,0,0,0,0,0,0,0,0,0,0,0,0,0
2024-03-03,19.5,2.5,3.5,4.5,6.0,4.0,0.0,3.0,10.0,6.5,11.5,5.5,33.0,12.5,2.0,9.5,14.0,16.5,9.0,16.5,14.5,18.0,13.5,28.5,6.5,8.5,11.0,5.0,24.5,12.5,8.0,1.5,19.5,6.5,38.0,7.0,2.5,4.5,3.0,9.0,0,0,0,0,0,0,0,0,0,0,0,0,0,0,0,0,0,0,0,0,0,0,0,0,0,0,0,0,0,0,0,0,0,0,0,0,0,0,0,0
2024-03-04,0.5,3.5,4.5,3.5,0.5,0.5,0.0,0.0,10.5,0.5,0.0,0.0,2.0,1.5,15.0,5.0,4.5,5.5,3.0,5.5,2.0,2.5,4.0,1.0,4.0,3.5,2.0,1.0,3.5,3.0,0.0,1.5,3.5,0.0,1.0,2.0,32.5,6.5,0.0,7.5,0,0,0,0,0,0,0,0,0,0,0,0,0,0,0,0,0,0,0,0,0,0,0,0,0,0,0,0,0,0,0,0,0,0,0,0,0,0,0,0
2024-03-05,11.0,12.0,11.0,6.5,9.0,6.0,0.0,5.0,7.5,4.5,10.0,5.5,9.0,6.0,15.5,9.5,10.0,8.5,7.5,8.5,7.5,17.5,11.0,36.0,6.0,9.5,7.5,9.0,36.5,9.5,7.0,10.5,10.0,5.5,10.5,7.0,14.0,9.5,5.5,10.0,0,0,0,0,0,0,0,0,0,0,0,0,0,0,0,0,0,0,0,0,0,0,0,0,0,0,0,0,0,0,0,0,0,0,0,0,0,0,0,0
2024-03-06,58.5,9.5,8.5,16.5,33.5,17.5,0.0,17.0,6.5,14.0,17.5,11.0,8.0,19.0,10.0,22.5,28.5,26.0,15.0,25.5,8.0,41.5,22.5,40.0,8.0,17.5,9.5,18.0,36.0,4.5,16.0,15.0,6.0,11.0,27.5,11.0,4.5,20.5,17.5,9.5,0,0,0,0,0,0,0,0,0,0,0,0,0,0,0,0,0,0,0,0,0,0,0,0,0,0,0,0,0,0,0,0,0,0,0,0,0,0,0,0
2024-03-07,0.0,7.5,0.0,0.5,0.0,0.0,0.0,0.0,0.0,0.0,0.5,0.0,4.0,0.0,0.0,0.0,0.5,0.0,0.0,0.0,0.0,0.0,0.0,0.0,0.0,0.0,0.0,0.0,0.0,0.0,0.0,0.0,0.0,0.0,1.0,0.0,0.0,0.0,0.0,0.0,0,0,0,0,0,0,0,0,0,0,0,0,0,0,0,0,0,0,0,0,0,0,0,0,0,0,0,0,0,0,0,0,0,0,0,0,0,0,0,0
2024-03-08,22.0,37.0,59.0,23.0,28.5,26.0,24.0,41.0,4.0,12.0,25.5,19.5,13.0,41.5,47.5,24.0,30.0,22.0,43.5,17.5,38.5,22.5,31.5,16.5,23.0,18.0,19.5,14.5,15.0,0.5,40.0,15.0,9.0,23.0,21.0,40.0,0.0,24.0,26.5,54.0,0,0,0,0,0,0,0,0,0,0,0,0,0,0,0,0,0,0,0,0,0,0,0,0,0,0,0,0,0,0,0,0,0,0,0,0,0,0,0,0
2024-03-09,25.0,146.5,145.5,91.5,92.0,90.0,89.5,49.5,89.0,58.5,36.5,58.0,49.5,61.0,138.0,59.5,92.0,80.5,111.5,86.0,77.5,20.0,102.0,47.5,100.0,93.0,74.0,90.0,33.0,38.5,89.0,123.0,51.5,61.0,50.5,78.5,73.5,80.0,45.5,75.0,0,0,0,0,0,0,0,0,0,0,0,0,0,0,0,0,0,0,0,0,0,0,0,0,0,0,0,0,0,0,0,0,0,0,0,0,0,0,0,0
2024-03-10,1.0,0.0,0.0,0.0,0.0,0.0,0.0,0.0,0.0,0.0,0.0,0.0,0.0,0.0,0.0,0.0,0.0,0.0,0.0,0.0,0.0,4.0,0.0,0.0,0.0,0.0,0.0,0.0,0.0,0.0,0.0,0.0,0.0,0.0,0.0,0.0,0.0,0.0,0.0,0.0,0,0,0,0,0,0,0,0,0,0,0,0,0,0,0,0,0,0,0,0,0,0,0,0,0,0,0,0,0,0,0,0,0,0,0,0,0,0,0,0
2024-03-11,57.0,0.0,0.0,5.5,3.0,18.5,18.0,4.0,0.5,61.0,4.0,43.0,5.5,2.5,2.5,1.0,0.0,2.5,1.5,1.5,5.0,57.0,0.5,66.5,1.5,1.0,3.0,0.5,89.5,0.0,2.5,4.0,4.0,41.0,9.5,2.5,3.5,0.0,6.5,1.5,0,0,0,0,0,0,0,0,0,0,0,0,0,0,0,0,0,0,0,0,0,0,0,0,0,0,0,0,0,0,0,0,0,0,0,0,0,0,0,0
2024-03-12,,0.0,0.0,0.5,0.5,0.0,0.5,2.5,0.0,0.5,1.5,0.0,1.5,0.0,0.0,0.0,0.5,0.0,0.0,1.0,0.0,0.5,15.5,8.0,0.0,0.0,0.5,0.0,2.0,0.0,0.5,0.0,0.0,1.0,1.5,0.0,0.0,0.5,0.0,3.0,0,0,0,0,0,0,0,0,0,0,0,0,0,0,0,0,0,0,0,0,0,0,0,0,0,0,0,0,0,0,0,0,0,0,0,0,0,0,0,0
2024-03-13,0.5,12.5,20.0,54.0,29.5,3.0,3.0,1.0,1.0,5.0,8.0,0.5,14.5,24.5,15.0,21.0,14.0,20.0,43.5,33.5,36.0,0.0,14.0,1.0,0.5,31.5,29.0,17.0,0.0,2.0,17.5,4.0,16.0,0.5,1.0,35.0,1.0,23.0,11.0,42.0,0,0,0,0,0,0,0,0,0,0,0,0,0,0,0,0,0,0,0,0,0,0,0,0,0,0,0,0,0,0,0,0,0,0,0,0,0,0,0,0
2024-03-14,,0.5,0.0,0.5,0.0,0.0,0.0,0.0,0.0,0.0,0.0,0.0,0.5,0.0,0.0,0.0,0.0,0.0,0.0,0.0,0.0,0.0,0.0,0.0,0.0,0.5,0.5,0.0,0.0,0.0,0.0,0.0,0.5,0.0,0.0,0.0,0.0,0.0,0.0,0.0,0,0,0,0,0,0,0,0,0,0,0,0,0,0,0,0,0,0,0,0,0,0,0,0,0,0,0,0,0,0,0,0,0,0,0,0,0,0,0,0
2024-03-15,0.0,5.5,8.0,0.0,0.0,0.0,0.0,0.0,12.5,0.0,0.0,0.0,0.0,0.0,7.5,0.5,0.0,0.0,0.0,0.0,0.0,0.0,0.5,0.0,4.5,0.0,0.0,0.0,2.0,1.5,1.5,1.0,3.5,0.0,0.0,0.5,25.0,0.0,0.0,0.0,0,0,0,0,0,0,0,0,0,0,0,0,0,0,0,0,0,0,0,0,0,0,0,0,0,0,0,0,0,0,0,0,0,0,0,0,0,0,0,0
2024-03-16,,0.5,0.0,4.0,1.5,0.0,0.5,0.0,0.5,26.0,0.0,0.0,10.5,12.0,0.0,0.0,1.0,0.0,5.5,0.0,1.0,14.5,0.0,2.5,1.0,3.5,0.5,2.0,12.0,1.0,12.5,1.5,0.5,0.5,0.0,9.0,3.5,1.0,16.0,0.0,0,0,0,0,0,0,0,0,0,0,0,0,0,0,0,0,0,0,0,0,0,0,0,0,0,0,0,0,0,0,0,0,0,0,0,0,0,0,0,0
2024-03-17,,0.0,0.0,0.5,0.0,0.0,0.0,0.0,0.0,0.0,0.0,0.0,0.0,0.0,0.0,0.0,0.0,0.0,0.0,0.0,0.0,0.0,0.0,0.5,0.0,0.0,0.0,0.0,0.5,0.0,0.5,0.0,0.0,0.0,0.0,0.0,0.0,0.5,0.0,0.0,0,0,0,0,0,0,0,0,0,0,0,0,0,0,0,0,0,0,0,0,0,0,0,0,0,0,0,0,0,0,0,0,0,0,0,0,0,0,0,0
2024-03-18,3.0,2.5,0.0,0.0,1.5,0.0,0.0,0.0,0.0,0.0,0.0,0.0,1.0,0.0,0.0,0.0,0.0,0.0,0.0,0.0,0.0,24.5,0.0,1.5,0.0,0.0,0.0,0.0,0.0,1.0,0.0,0.0,0.5,0.0,0.0,0.0,15.0,0.0,0.0,0.0,0,0,0,0,0,0,0,0,0,0,0,0,0,0,0,0,0,0,0,0,0,0,0,0,0,0,0,0,0,0,0,0,0,0,0,0,0,0,0,0
2024-03-19,,2.0,0.0,0.0,0.0,0.5,3.5,0.0,41.5,18.0,2.5,0.0,6.5,0.0,74.0,2.5,0.0,0.0,0.0,0.0,2.0,41.5,1.5,15.5,96.0,0.0,5.0,6.0,34.5,20.0,2.0,9.0,7.5,0.0,12.0,0.0,14.5,,,0.0,0,0,0,0,0,0,0,0,0,0,0,0,0,0,0,0,0,0,0,0,0,0,0,0,0,0,0,0,0,0,0,0,0,0,0,0,0,0,0,0
2024-03-20,23.5,0.5,0.5,6.0,5.5,124.0,93.0,50.5,17.5,12.0,9.5,3.0,12.0,11.0,0.0,13.0,0.0,1.5,34.0,2.0,85.5,18.0,0.0,21.0,21.0,2.5,81.5,3.0,3.5,0.5,11.0,2.5,70.0,4.0,17.0,24.5,0.5,,,6.0,0,0,0,0,0,0,0,0,0,0,0,0,0,0,0,0,0,0,0,0,0,0,0,0,0,0,0,0,0,0,0,0,0,0,0,0,0,0,0,0
2024-03-21,0.5,9.5,7.5,0.0,0.0,0.5,2.0,0.0,0.5,0.0,0.0,0.0,2.0,0.0,8.0,4.5,0.0,0.0,6.5,0.0,7.5,1.0,0.0,0.5,0.0,0.0,9.0,0.5,0.5,0.5,0.5,1.5,46.5,0.0,0.0,3.0,11.5,,,2.5,0,0,0,0,0,0,0,0,0,0,0,0,0,0,0,0,0,0,0,0,0,0,0,0,0,0,0,0,0,0,0,0,0,0,0,0,0,0,0,0
2024-03-22,0.0,0.0,0.0,0.0,0.0,0.0,0.5,0.0,0.0,0.0,0.0,0.0,0.0,0.0,0.0,0.0,0.0,0.0,0.0,0.0,0.0,0.0,0.0,0.0,0.0,0.0,0.0,0.0,0.0,0.0,0.0,1.5,0.0,0.0,0.0,0.0,0.0,,,0.0,0,0,0,0,0,0,0,0,0,0,0,0,0,0,0,0,0,0,0,0,0,0,0,0,0,0,0,0,0,0,0,0,0,0,0,0,0,0,0,0
2024-03-23,34.0,21.5,5.0,29.5,100.0,2.5,4.0,22.0,3.5,6.5,57.5,,49.0,5.5,0.5,15.0,5.0,16.5,40.0,18.5,6.5,21.0,14.5,34.0,8.5,8.5,10.5,13.5,29.5,13.5,6.5,21.5,34.5,,60.5,5.0,10.0,,,30.0,0,0,0,0,0,0,0,0,0,0,0,0,0,0,0,0,0,0,0,0,0,0,0,0,0,0,0,0,0,0,0,0,0,0,0,0,0,0,0,0
2024-03-24,0.5,0.5,1.0,0.0,0.5,3.0,2.5,7.5,0.5,1.5,1.0,14.5,0.5,3.0,2.5,0.5,0.0,0.5,0.0,0.0,0.5,1.0,1.5,4.5,1.5,0.0,0.0,0.0,0.5,1.0,0.5,2.0,4.0,20.5,6.5,0.5,1.0,,,0.5,0,0,0,0,0,0,0,0,0,0,0,0,0,0,0,0,0,0,0,0,0,0,0,0,0,0,0,0,0,0,0,0,0,0,0,0,0,0,0,0
2024-03-25,0.5,0.0,0.0,0.0,0.0,0.0,0.0,0.0,0.0,0.0,0.0,0.0,0.5,0.0,0.0,0.0,0.0,0.0,0.0,0.0,0.0,0.0,0.0,0.0,0.0,0.0,0.0,0.0,0.0,0.0,0.0,0.5,0.0,0.0,0.0,0.0,0.0,,,0.0,0,0,0,0,0,0,0,0,0,0,0,0,0,0,0,0,0,0,0,0,0,0,0,0,0,0,0,0,0,0,0,0,0,0,0,0,0,0,0,0
2024-03-26,,0.0,1.0,0.0,0.0,0.0,0.0,0.0,0.0,0.0,0.0,0.0,0.0,0.0,,,0.0,0.0,0.0,0.0,0.0,0.0,0.0,0.0,0.0,0.0,0.0,0.0,0.0,0.0,0.0,0.0,0.0,0.0,0.5,0.0,0.0,,,0.0,0,0,0,0,0,0,0,0,0,0,0,0,0,0,0,0,0,0,0,0,0,0,0,0,0,0,0,0,0,0,0,0,0,0,0,0,0,0,0,0
2024-03-27,,,,,,,,,,,,,,,,,,,,,,,,,,,,,,,,,,,,,,,,,0,0,0,0,0,0,0,0,0,0,0,0,0,0,0,0,0,0,0,0,0,0,0,0,0,0,0,0,0,0,0,0,0,0,0,0,0,0,0,0
2024-03-28,1.5,0.0,0.5,0.0,0.0,0.0,0.5,0.5,1.0,0.0,0.5,0.0,0.5,0.0,0.5,0.0,0.0,0.0,0.0,0.0,0.0,0.5,0.0,0.5,0.5,0.0,0.0,0.5,0.5,0.5,0.5,0.0,0.5,0.5,0.5,0.0,2.0,,,0.0,0,0,0,0,0,0,0,0,0,0,0,0,0,0,0,0,0,0,0,0,0,0,0,0,0,0,0,0,0,0,0,0,0,0,0,0,0,0,0,0
2024-03-29,0.0,0.0,0.0,0.0,0.0,0.0,0.0,0.0,0.0,0.0,0.0,0.0,0.0,0.0,0.0,0.0,0.0,0.0,0.0,0.0,0.0,0.0,0.0,0.0,0.0,0.0,0.0,0.0,0.0,0.0,0.0,0.0,0.0,0.0,0.0,0.0,0.0,,,0.0,0,0,0,0,0,0,0,0,0,0,0,0,0,0,0,0,0,0,0,0,0,0,0,0,0,0,0,0,0,0,0,0,0,0,0,0,0,0,0,0
2024-03-30,6.0,41.0,52.0,16.0,10.5,1.0,1.5,0.5,31.5,0.5,11.5,0.0,23.0,13.5,12.5,13.5,40.0,26.5,41.5,30.0,33.5,6.0,42.0,13.5,36.5,33.0,32.5,64.5,1.0,24.5,2.5,62.5,32.0,0.0,11.5,38.5,57.5,,,34.5,0,0,0,0,0,0,0,0,0,0,0,0,0,0,0,0,0,0,0,0,0,0,0,0,0,0,0,0,0,0,0,0,0,0,0,0,0,0,0,0
2024-03-31,43.5,0.0,0.0,49.5,56.5,77.0,67.5,74.0,3.0,57.5,38.5,54.5,27.5,48.0,9.5,57.0,16.5,33.0,71.0,52.5,15.5,43.0,9.0,105.5,1.5,19.5,19.0,0.5,102.0,2.0,50.0,1.0,1.0,57.0,85.5,44.0,0.5,,,10.5,0,0,0,0,0,0,0,0,0,0,0,0,0,0,0,0,0,0,0,0,0,0,0,0,0,0,0,0,0,0,0,0,0,0,0,0,0,0,0,0
2024-04-01,13.0,0.0,0.0,1.0,0.5,3.0,5.0,21.0,0.0,1.0,24.5,10.5,29.5,0.5,0.0,0.5,0.5,0.5,0.5,1.0,9.0,15.0,0.0,9.0,0.0,0.0,3.5,0.0,10.0,5.0,1.0,0.5,11.5,12.0,23.0,1.0,0.0,,,0.0,0,0,0,0,0,0,0,0,0,0,0,0,0,0,0,0,0,0,0,0,0,0,0,0,0,0,0,0,0,0,0,0,0,0,0,0,0,0,0,0
2024-04-02,0.5,0.5,0.0,0.0,0.0,0.0,0.0,0.0,0.0,11.0,1.0,0.0,0.0,0.0,0.0,0.0,0.0,0.0,0.0,0.0,0.0,2.0,0.0,26.5,0.0,0.0,0.0,0.0,9.0,0.0,0.0,0.0,0.0,0.0,14.0,0.0,0.0,,,0.0,0,0,0,0,0,0,0,0,0,0,0,0,0,0,0,0,0,0,0,0,0,0,0,0,0,0,0,0,0,0,0,0,0,0,0,0,0,0,0,0
2024-04-03,0.0,0.0,0.0,0.0,0.0,14.5,22.5,20.5,0.0,0.0,1.0,0.0,0.0,0.0,0.0,0.0,0.0,0.0,0.0,0.0,1.5,2.0,0.0,23.0,0.0,0.0,0.0,0.5,16.0,0.0,0.0,0.5,0.5,0.0,7.5,0.0,0.0,,,2.0,0,0,0,0,0,0,0,0,0,0,0,0,0,0,0,0,0,0,0,0,0,0,0,0,0,0,0,0,0,0,0,0,0,0,0,0,0,0,0,0
2024-04-04,8.0,0.0,0.0,0.0,0.0,4.0,7.0,0.0,0.5,9.5,4.0,0.0,0.0,0.0,0.0,0.0,0.0,0.0,0.0,0.0,0.0,12.0,0.0,1.0,2.0,0.0,0.0,0.0,4.5,0.0,0.0,0.0,0.0,0.0,2.5,0.0,0.0,,,0.0,0,0,0,0,0,0,0,0,0,0,0,0,0,0,0,0,0,0,0,0,0,0,0,0,0,0,0,0,0,0,0,0,0,0,0,0,0,0,0,0
2024-04-05,0.5,0.0,0.0,0.0,0.0,0.0,0.0,0.0,0.0,0.0,0.5,0.5,0.0,0.0,0.0,6.0,0.5,0.0,0.0,0.0,0.0,9.5,0.0,17.5,0.0,0.0,0.0,0.0,0.0,0.0,0.0,0.0,0.0,0.0,4.5,0.5,0.0,,,0.0,0,0,0,0,0,0,0,0,0,0,0,0,0,0,0,0,0,0,0,0,0,0,0,0,0,0,0,0,0,0,0,0,0,0,0,0,0,0,0,0
2024-04-06,29.5,5.5,5.5,3.0,5.0,3.0,2.5,2.5,9.5,4.5,2.5,2.0,2.5,3.0,5.0,13.5,7.5,4.0,4.0,4.0,3.5,43.0,5.5,2.0,6.5,4.0,4.5,14.5,2.0,3.0,3.0,5.5,3.5,2.5,2.5,4.0,8.5,,,21.5,0,0,0,0,0,0,0,0,0,0,0,0,0,0,0,0,0,0,0,0,0,0,0,0,0,0,0,0,0,0,0,0,0,0,0,0,0,0,0,0
2024-04-07,2.0,0.5,0.5,0.0,1.0,1.5,0.5,0.0,0.0,1.0,27.0,0.0,0.0,0.0,0.5,1.0,0.5,0.5,0.0,0.0,0.0,7.5,0.5,0.5,0.0,0.0,0.0,0.0,0.5,0.0,0.5,0.0,0.5,0.5,0.5,0.0,0.0,,,1.0,0,0,0,0,0,0,0,0,0,0,0,0,0,0,0,0,0,0,0,0,0,0,0,0,0,0,0,0,0,0,0,0,0,0,0,0,0,0,0,0
2024-04-08,13.0,0.5,0.0,0.0,0.0,0.5,0.0,0.0,0.0,0.0,0.5,0.0,0.0,0.0,1.5,0.0,0.0,0.0,0.0,0.0,0.0,37.5,0.0,23.5,0.0,0.0,0.0,0.0,10.5,0.0,0.0,0.0,0.0,0.0,3.0,0.0,0.0,,,0.5,0,0,0,0,0,0,0,0,0,0,0,0,0,0,0,0,0,0,0,0,0,0,0,0,0,0,0,0,0,0,0,0,0,0,0,0,0,0,0,0
2024-04-09,0.0,1.0,1.0,1.0,1.5,13.5,14.5,10.5,8.5,0.5,14.0,20.0,0.5,1.5,0.5,1.5,0.5,1.0,0.5,1.0,0.5,0.0,0.5,4.0,1.5,0.5,0.5,1.0,1.0,0.5,34.0,1.0,0.5,17.0,3.5,1.0,0.5,,,2.0,0,0,0,0,0,0,0,0,0,0,0,0,0,0,0,0,0,0,0,0,0,0,0,0,0,0,0,0,0,0,0,0,0,0,0,0,0,0,0,0
2024-04-10,3.0,12.5,4.0,6.0,0.0,0.0,0.0,6.5,16.0,9.5,76.0,11.5,8.0,1.5,45.5,18.0,42.5,74.5,2.0,53.5,3.5,3.0,18.5,54.5,11.0,21.0,5.0,60.5,4.0,38.5,14.5,88.5,5.0,11.5,57.0,3.0,25.0,,,13.0,0,0,0,0,0,0,0,0,0,0,0,0,0,0,0,0,0,0,0,0,0,0,0,0,0,0,0,0,0,0,0,0,0,0,0,0,0,0,0,0
2024-04-11,0.5,0.0,0.0,0.0,6.0,0.0,0.0,2.0,5.5,0.0,12.0,0.0,2.0,15.5,0.0,1.5,0.0,3.0,6.0,0.5,4.0,0.5,0.0,7.0,0.5,1.0,4.5,0.0,8.5,0.0,4.5,0.5,0.0,0.0,4.0,7.0,2.0,,,3.5,0,0,0,0,0,0,0,0,0,0,0,0,0,0,0,0,0,0,0,0,0,0,0,0,0,0,0,0,0,0,0,0,0,0,0,0,0,0,0,0
2024-04-12,5.5,1.5,4.0,15.5,33.0,9.5,6.5,10.5,18.5,19.5,69.5,10.5,16.5,6.5,2.5,20.0,11.0,12.5,7.5,58.5,1.5,1.5,14.0,32.0,8.5,28.0,2.5,0.0,9.0,10.0,9.0,0.0,43.0,17.0,27.0,5.5,66.5,,,2.0,0,0,0,0,0,0,0,0,0,0,0,0,0,0,0,0,0,0,0,0,0,0,0,0,0,0,0,0,0,0,0,0,0,0,0,0,0,0,0,0
2024-04-13,7.0,17.0,14.5,13.0,13.5,9.5,9.0,6.5,16.0,13.0,5.5,21.0,,11.0,16.5,22.0,20.0,17.5,14.5,16.0,14.5,10.5,16.5,6.5,17.0,16.5,17.0,15.5,6.5,13.0,12.0,16.5,15.0,23.0,19.5,12.0,15.0,,,16.0,0,0,0,0,0,0,0,0,0,0,0,0,0,0,0,0,0,0,0,0,0,0,0,0,0,0,0,0,0,0,0,0,0,0,0,0,0,0,0,0
2024-04-14,0.0,0.0,0.0,0.0,0.0,1.0,4.0,0.0,0.0,0.0,0.0,4.5,0.0,0.0,0.0,2.0,4.5,2.5,0.0,0.5,1.0,0.5,0.0,7.5,0.0,0.0,0.0,0.0,0.0,0.0,0.0,0.0,0.0,2.0,2.0,0.0,0.0,,,0.0,0,0,0,0,0,0,0,0,0,0,0,0,0,0,0,0,0,0,0,0,0,0,0,0,0,0,0,0,0,0,0,0,0,0,0,0,0,0,0,0
2024-04-15,7.0,0.0,0.0,0.0,0.0,5.5,0.0,0.0,0.0,0.0,0.0,0.0,0.0,0.0,0.0,2.0,0.0,0.0,0.0,0.0,0.0,33.5,0.0,0.0,0.0,0.0,0.0,0.0,4.0,0.0,0.0,0.0,0.0,0.0,0.5,0.0,0.0,,,0.5,0,0,0,0,0,0,0,0,0,0,0,0,0,0,0,0,0,0,0,0,0,0,0,0,0,0,0,0,0,0,0,0,0,0,0,0,0,0,0,0
2024-04-16,0.5,0.0,0.0,0.5,0.0,8.0,5.0,41.5,0.0,12.5,10.5,14.0,0.0,0.0,0.0,0.5,0.0,0.0,0.0,0.0,0.0,0.0,0.0,23.0,0.0,0.0,0.0,0.0,7.0,0.0,0.0,0.0,0.0,22.0,22.5,0.5,0.0,,,0.5,0,0,0,0,0,0,0,0,0,0,0,0,0,0,0,0,0,0,0,0,0,0,0,0,0,0,0,0,0,0,0,0,0,0,0,0,0,0,0,0
2024-04-17,38.0,1.0,0.5,0.5,13.5,7.5,5.0,3.5,52.5,13.0,36.5,0.0,0.0,1.5,3.0,1.0,1.5,1.5,1.0,1.5,0.5,62.0,1.0,27.0,34.5,1.0,0.5,1.5,44.5,14.0,3.5,2.5,0.5,0.5,33.0,0.5,37.5,,,3.0,0,0,0,0,0,0,0,0,0,0,0,0,0,0,0,0,0,0,0,0,0,0,0,0,0,0,0,0,0,0,0,0,0,0,0,0,0,0,0,0
2024-04-18,0.0,0.0,0.5,0.5,0.0,0.0,0.0,0.0,0.0,0.0,0.0,0.0,1.0,0.5,0.0,0.5,0.5,0.0,1.0,0.5,0.0,0.0,0.0,0.5,0.0,1.0,1.0,0.5,0.0,1.0,0.0,0.5,1.0,0.0,2.5,0.5,0.5,,,0.5,0,0,0,0,0,0,0,0,0,0,0,0,0,0,0,0,0,0,0,0,0,0,0,0,0,0,0,0,0,0,0,0,0,0,0,0,0,0,0,0
2024-04-19,0.0,0.0,0.0,0.0,0.0,0.0,0.0,0.0,0.0,0.0,0.0,0.5,0.0,0.0,0.0,0.5,20.5,12.5,3.0,17.0,4.5,0.0,0.5,0.5,0.0,0.0,1.5,0.0,0.0,0.0,0.0,0.0,0.0,2.0,0.0,0.5,0.0,,,1.0,0,0,0,0,0,0,0,0,0,0,0,0,0,0,0,0,0,0,0,0,0,0,0,0,0,0,0,0,0,0,0,0,0,0,0,0,0,0,0,0
2024-04-20,0.0,0.0,0.0,0.0,0.0,7.5,5.0,4.0,0.0,13.0,0.0,7.5,,14.5,1.0,0.0,0.0,0.0,0.0,0.0,3.0,0.0,0.0,0.0,0.0,0.0,1.0,0.0,0.0,0.0,1.5,0.5,5.5,3.5,0.5,0.5,0.5,,,0.0,0,0,0,0,0,0,0,0,0,0,0,0,0,0,0,0,0,0,0,0,0,0,0,0,0,0,0,0,0,0,0,0,0,0,0,0,0,0,0,0
2024-04-21,0.0,0.0,0.0,0.0,15.0,0.5,0.5,0.0,0.0,15.0,0.0,8.5,,1.5,0.0,0.0,0.0,0.0,0.0,0.0,0.0,0.0,0.0,0.0,0.0,1.5,1.0,0.0,0.0,0.0,15.5,15.5,0.0,9.0,0.0,2.5,0.0,,,0.0,0,0,0,0,0,0,0,0,0,0,0,0,0,0,0,0,0,0,0,0,0,0,0,0,0,0,0,0,0,0,0,0,0,0,0,0,0,0,0,0
2024-04-22,1.0,1.0,0.0,0.0,9.0,6.5,3.5,0.0,5.0,7.5,0.0,0.5,,2.0,0.5,0.0,2.0,0.0,7.5,0.0,13.5,1.0,0.0,4.5,4.5,0.5,14.0,2.5,1.0,4.0,0.5,2.0,12.0,0.5,0.5,20.0,3.0,,,0.0,0,0,0,0,0,0,0,0,0,0,0,0,0,0,0,0,0,0,0,0,0,0,0,0,0,0,0,0,0,0,0,0,0,0,0,0,0,0,0,0
2024-04-23,22.0,44.0,40.5,19.5,9.0,8.5,10.5,8.5,6.5,35.0,5.0,45.0,15.5,20.5,0.5,36.5,79.0,78.5,,52.5,10.0,28.0,65.0,6.0,10.0,44.5,11.0,68.0,19.5,9.0,48.0,29.5,26.5,37.0,2.5,23.0,7.0,,,66.0,0,0,0,0,0,0,0,0,0,0,0,0,0,0,0,0,0,0,0,0,0,0,0,0,0,0,0,0,0,0,0,0,0,0,0,0,0,0,0,0
2024-04-24,11.5,8.5,13.5,0.5,2.0,5.0,2.5,8.0,1.5,28.0,29.5,0.0,,0.5,2.0,18.0,2.5,2.0,0.5,1.0,1.0,10.5,3.5,2.5,1.0,4.5,1.5,13.0,16.5,4.5,0.5,1.0,3.5,0.5,6.5,0.0,1.5,,,29.0,0,0,0,0,0,0,0,0,0,0,0,0,0,0,0,0,0,0,0,0,0,0,0,0,0,0,0,0,0,0,0,0,0,0,0,0,0,0,0,0
2024-04-25,10.0,4.0,4.0,5.5,8.0,8.0,7.0,4.0,2.5,16.5,5.0,3.0,,3.5,8.0,7.5,5.5,3.5,5.0,5.5,4.0,8.5,6.0,3.5,2.5,5.0,4.0,3.5,7.5,2.0,8.5,4.5,2.5,3.5,4.0,4.5,3.0,,,8.0,0,0,0,0,0,0,0,0,0,0,0,0,0,0,0,0,0,0,0,0,0,0,0,0,0,0,0,0,0,0,0,0,0,0,0,0,0,0,0,0
2024-04-26,7.0,2.0,1.5,1.0,1.0,9.5,6.5,5.0,2.0,0.5,4.0,,,1.0,3.5,1.0,1.5,1.5,1.0,1.5,0.5,5.5,1.0,3.0,2.5,1.0,0.5,1.5,5.5,2.0,0.5,1.5,1.0,,0.0,1.0,2.5,,,1.5,0,0,0,0,0,0,0,0,0,0,0,0,0,0,0,0,0,0,0,0,0,0,0,0,0,0,0,0,0,0,0,0,0,0,0,0,0,0,0,0
2024-04-27,0.5,0.0,0.0,0.0,0.0,0.0,0.0,0.0,0.0,0.0,0.0,0.0,,0.0,0.0,0.0,0.0,0.0,0.0,0.0,0.0,0.0,0.0,1.0,0.0,0.0,0.0,0.0,0.5,0.0,0.0,0.0,0.0,0.5,0.0,0.0,0.0,,,0.0,0,0,0,0,0,0,0,0,0,0,0,0,0,0,0,0,0,0,0,0,0,0,0,0,0,0,0,0,0,0,0,0,0,0,0,0,0,0,0,0
2024-04-28,4.5,2.0,1.0,0.0,1.0,17.5,12.5,28.0,5.5,6.5,19.5,4.0,,0.0,5.0,1.5,0.0,0.0,1.0,0.0,1.5,8.0,0.0,6.0,7.0,0.0,1.5,2.5,3.0,6.5,1.0,3.0,3.5,4.0,7.5,1.0,9.0,,,2.0,0,0,0,0,0,0,0,0,0,0,0,0,0,0,0,0,0,0,0,0,0,0,0,0,0,0,0,0,0,0,0,0,0,0,0,0,0,0,0,0
2024-04-29,2.0,12.0,12.0,6.5,8.5,7.0,6.0,6.5,9.0,8.0,4.0,5.5,,8.5,16.0,9.0,11.0,9.0,10.0,9.0,10.0,2.5,10.0,2.5,10.0,11.5,11.0,10.0,2.5,8.0,8.0,10.5,9.5,5.5,2.5,10.0,10.5,,,10.0,0,0,0,0,0,0,0,0,0,0,0,0,0,0,0,0,0,0,0,0,0,0,0,0,0,0,0,0,0,0,0,0,0,0,0,0,0,0,0,0
2024-04-30,11.0,0.0,0.0,1.0,26.5,,0.5,0.0,0.0,0.0,0.0,0.0,,0.0,0.0,4.0,1.5,0.5,0.0,1.5,0.0,9.5,1.0,1.5,0.0,0.0,0.0,0.0,25.0,0.0,0.5,0.5,0.5,0.0,0.0,0.0,0.5,,,0.0,0,0,0,0,0,0,0,0,0,0,0,0,0,0,0,0,0,0,0,0,0,0,0,0,0,0,0,0,0,0,0,0,0,0,0,0,0,0,0,0
2024-05-01,0.5,66.0,15.0,24.5,17.0,6.5,6.5,4.0,0.0,0.5,8.5,20.0,,31.0,6.0,15.0,39.0,42.5,36.5,25.0,0.0,1.0,44.0,0.0,10.5,9.5,0.5,14.5,3.5,0.0,16.0,0.0,1.0,26.5,1.0,1.5,0.0,,,0.0,0,0,0,0,0,0,0,0,0,0,0,0,0,0,0,0,0,0,0,0,0,0,0,0,0,0,0,0,0,0,0,0,0,0,0,0,0,0,0,0
2024-05-02,2.5,0.5,0.0,5.0,0.5,0.0,1.5,0.5,0.5,0.0,0.5,26.5,0.0,0.0,0.5,0.5,7.0,11.0,0.0,12.0,0.0,2.5,3.5,0.0,1.0,0.5,0.0,0.0,1.5,0.5,0.5,0.0,0.5,27.5,0.5,0.0,1.0,,,0.0,0,0,0,0,0,0,0,0,0,0,0,0,0,0,0,0,0,0,0,0,0,0,0,0,0,0,0,0,0,0,0,0,0,0,0,0,0,0,0,0
2024-05-03,3.0,0.5,2.0,13.0,18.0,32.5,30.5,18.0,1.0,3.5,78.5,0.5,,3.0,0.0,9.5,2.5,5.5,56.0,2.0,1.0,4.0,5.0,8.5,1.0,14.5,1.0,1.5,2.5,0.5,1.0,7.5,3.5,1.0,26.5,3.0,2.0,,,1.5,0,0,0,0,0,0,0,0,0,0,0,0,0,0,0,0,0,0,0,0,0,0,0,0,0,0,0,0,0,0,0,0,0,0,0,0,0,0,0,0
2024-05-04,,,,,,2.5,,,,,,,,,,,,,,,,,,,,,,,11.5,,,,,,,,,,,,0,0,0,0,0,0,0,0,0,0,0,0,0,0,0,0,0,0,0,0,0,0,0,0,0,0,0,0,0,0,0,0,0,0,0,0,0,0,0,0
2024-05-05,0.0,1.0,0.5,0.0,0.0,0.0,0.0,0.0,2.0,0.5,0.0,0.0,,0.0,0.5,0.0,0.5,0.0,0.0,0.0,0.5,0.0,0.5,0.0,1.5,0.0,0.5,0.5,0.5,1.5,0.0,0.5,1.0,0.5,0.5,0.0,3.0,,,0.0,0,0,0,0,0,0,0,0,0,0,0,0,0,0,0,0,0,0,0,0,0,0,0,0,0,0,0,0,0,0,0,0,0,0,0,0,0,0,0,0
2024-05-06,0.5,0.0,0.0,0.0,0.0,0.0,0.5,0.0,0.0,0.0,0.0,1.5,,0.0,0.0,0.0,0.0,0.0,0.0,0.0,0.0,0.0,0.0,0.0,0.0,0.0,0.0,0.0,1.0,0.0,0.0,0.0,0.0,1.0,0.0,0.5,0.0,,,0.0,0,0,0,0,0,0,0,0,0,0,0,0,0,0,0,0,0,0,0,0,0,0,0,0,0,0,0,0,0,0,0,0,0,0,0,0,0,0,0,0
2024-05-07,7.0,58.0,37.5,72.0,47.0,37.0,39.5,11.0,42.0,43.0,1.5,10.5,,46.5,30.5,52.5,29.0,56.0,86.0,83.5,72.0,11.0,27.5,17.5,36.5,42.0,74.5,34.5,12.5,22.0,52.0,24.5,28.5,11.0,5.0,50.5,25.5,,,9.5,0,0,0,0,0,0,0,0,0,0,0,0,0,0,0,0,0,0,0,0,0,0,0,0,0,0,0,0,0,0,0,0,0,0,0,0,0,0,0,0
2024-05-08,24.0,2.5,0.0,26.0,2.5,21.0,24.0,47.5,0.0,60.0,50.5,38.5,,0.5,0.0,42.5,4.5,0.5,0.5,1.0,0.0,36.0,1.0,34.5,0.0,1.5,0.0,0.5,38.5,0.0,3.0,0.5,0.0,41.0,61.0,1.5,0.0,,,27.5,0,0,0,0,0,0,0,0,0,0,0,0,0,0,0,0,0,0,0,0,0,0,0,0,0,0,0,0,0,0,0,0,0,0,0,0,0,0,0,0
2024-05-09,3.0,0.5,0.0,0.0,0.5,0.0,0.0,0.0,0.5,0.0,0.5,0.0,,0.0,0.0,6.0,0.5,1.5,0.0,4.0,0.0,1.0,2.5,0.0,0.5,1.0,0.0,0.0,0.0,0.0,0.0,0.0,0.0,0.5,0.0,0.0,0.0,,,5.0,0,0,0,0,0,0,0,0,0,0,0,0,0,0,0,0,0,0,0,0,0,0,0,0,0,0,0,0,0,0,0,0,0,0,0,0,0,0,0,0
2024-05-10,1.0,21.5,24.0,0.0,0.0,0.0,0.0,0.0,4.0,0.0,2.5,0.0,,0.0,0.5,15.5,8.5,0.5,0.0,0.5,0.0,3.5,50.0,82.5,2.5,0.0,0.0,0.0,0.5,0.5,0.0,0.0,3.0,0.0,21.0,0.0,0.0,,,0.0,0,0,0,0,0,0,0,0,0,0,0,0,0,0,0,0,0,0,0,0,0,0,0,0,0,0,0,0,0,0,0,0,0,0,0,0,0,0,0,0
2024-05-11,101.0,10.0,5.5,107.0,97.5,36.5,34.0,59.0,44.5,77.0,81.5,29.5,,34.0,12.5,17.5,32.5,72.0,38.0,125.5,13.0,90.0,18.5,88.5,15.0,95.0,11.5,39.5,37.0,24.5,88.0,54.5,18.5,26.5,49.5,21.5,36.0,,,23.5,0,0,0,0,0,0,0,0,0,0,0,0,0,0,0,0,0,0,0,0,0,0,0,0,0,0,0,0,0,0,0,0,0,0,0,0,0,0,0,0
2024-05-12,0.5,0.0,0.0,0.0,0.0,0.0,0.0,0.0,0.0,0.0,0.5,6.5,,0.0,0.0,41.0,0.5,0.5,0.5,0.0,0.0,0.5,0.0,4.5,0.0,0.0,0.0,0.5,10.5,0.0,0.0,0.0,0.0,2.0,0.0,0.0,0.5,,,18.0,0,0,0,0,0,0,0,0,0,0,0,0,0,0,0,0,0,0,0,0,0,0,0,0,0,0,0,0,0,0,0,0,0,0,0,0,0,0,0,0
2024-05-13,0.0,0.0,0.0,0.0,0.0,1.5,0.0,0.0,0.0,0.0,5.0,0.0,,0.0,0.0,0.0,0.0,0.0,0.0,0.0,0.0,0.0,0.0,0.5,0.0,0.0,2.5,0.0,0.5,1.5,0.0,0.0,2.0,0.0,0.0,0.5,0.0,,,0.0,0,0,0,0,0,0,0,0,0,0,0,0,0,0,0,0,0,0,0,0,0,0,0,0,0,0,0,0,0,0,0,0,0,0,0,0,0,0,0,0
2024-05-14,19.0,23.5,2.5,0.5,11.5,15.5,11.0,30.0,20.5,34.5,4.0,0.5,,0.0,2.0,0.5,3.0,0.5,0.0,0.5,3.5,3.0,3.0,17.5,0.0,0.0,7.0,0.5,25.0,0.0,0.5,1.0,1.0,1.0,3.5,0.0,12.0,,,0.0,0,0,0,0,0,0,0,0,0,0,0,0,0,0,0,0,0,0,0,0,0,0,0,0,0,0,0,0,0,0,0,0,0,0,0,0,0,0,0,0
2024-05-15,0.0,0.0,0.0,0.0,1.0,3.5,3.5,0.0,0.0,0.0,2.5,1.0,,0.5,0.0,0.0,0.0,0.0,0.0,0.0,0.0,0.0,0.0,0.5,0.0,0.0,0.0,0.0,1.0,0.0,0.0,0.5,0.0,1.0,0.5,1.0,0.0,,,0.0,0,0,0,0,0,0,0,0,0,0,0,0,0,0,0,0,0,0,0,0,0,0,0,0,0,0,0,0,0,0,0,0,0,0,0,0,0,0,0,0
2024-05-16,8.5,17.0,9.0,4.0,2.0,,22.0,56.0,55.5,3.5,13.5,22.5,,0.0,3.0,55.0,74.5,17.5,13.0,7.5,2.5,7.0,61.0,20.5,30.0,26.5,3.0,12.0,25.0,4.5,0.0,39.5,0.0,20.0,14.0,5.5,21.5,,,18.0,0,0,0,0,0,0,0,0,0,0,0,0,0,0,0,0,0,0,0,0,0,0,0,0,0,0,0,0,0,0,0,0,0,0,0,0,0,0,0,0
2024-05-17,4.5,0.5,3.5,0.0,0.0,14.0,15.5,18.5,1.0,19.0,3.0,6.0,,1.0,0.0,0.0,1.0,12.5,0.5,6.0,0.0,20.0,0.0,53.5,0.0,2.0,0.5,0.0,7.0,12.0,3.0,0.5,1.0,7.0,29.0,0.5,1.5,,,0.0,0,0,0,0,0,0,0,0,0,0,0,0,0,0,0,0,0,0,0,0,0,0,0,0,0,0,0,0,0,0,0,0,0,0,0,0,0,0,0,0
2024-05-18,2.5,0.0,0.0,1.0,0.5,0.5,0.0,1.0,24.5,19.5,23.5,0.0,,7.0,3.0,1.0,1.5,0.0,45.5,0.0,63.0,5.0,10.5,15.5,3.0,0.5,57.0,3.0,1.5,7.0,2.5,11.0,85.5,0.0,18.0,54.5,11.5,,,1.5,0,0,0,0,0,0,0,0,0,0,0,0,0,0,0,0,0,0,0,0,0,0,0,0,0,0,0,0,0,0,0,0,0,0,0,0,0,0,0,0
2024-05-19,0.0,0.0,0.0,1.0,0.5,0.0,0.5,0.0,0.0,0.5,6.5,0.0,,20.5,0.0,0.0,0.0,3.5,25.0,1.0,29.5,0.0,0.0,10.0,0.0,0.0,33.0,4.0,0.0,0.0,0.5,0.5,2.0,0.0,12.0,18.0,0.0,,,2.0,0,0,0,0,0,0,0,0,0,0,0,0,0,0,0,0,0,0,0,0,0,0,0,0,0,0,0,0,0,0,0,0,0,0,0,0,0,0,0,0
2024-05-20,2.5,0.0,0.0,0.0,5.5,2.0,3.5,7.0,0.0,7.0,79.0,0.0,,0.0,0.0,21.0,0.5,5.0,0.0,1.5,0.0,5.5,1.0,15.5,6.5,7.0,0.0,19.5,36.5,0.0,39.0,7.5,0.5,0.0,52.5,0.0,0.5,,,5.5,0,0,0,0,0,0,0,0,0,0,0,0,0,0,0,0,0,0,0,0,0,0,0,0,0,0,0,0,0,0,0,0,0,0,0,0,0,0,0,0
2024-05-21,21.5,0.0,3.0,35.5,0.5,0.0,0.0,5.0,0.0,1.0,0.0,0.0,,0.0,0.0,8.5,4.5,0.0,0.0,10.5,12.0,21.5,2.0,2.5,0.0,0.0,0.5,7.0,5.5,0.0,0.5,0.0,1.0,0.5,0.5,0.5,0.0,,,4.0,0,0,0,0,0,0,0,0,0,0,0,0,0,0,0,0,0,0,0,0,0,0,0,0,0,0,0,0,0,0,0,0,0,0,0,0,0,0,0,0
2024-05-22,53.5,2.5,4.5,18.0,34.5,18.0,13.0,26.0,20.5,13.0,59.5,30.0,18.5,20.5,21.5,28.0,6.0,7.5,38.0,4.5,25.0,47.0,4.0,103.5,22.0,6.5,25.0,6.0,95.5,22.5,16.5,3.0,24.0,31.5,74.0,32.5,21.0,,,36.5,0,0,0,0,0,0,0,0,0,0,0,0,0,0,0,0,0,0,0,0,0,0,0,0,0,0,0,0,0,0,0,0,0,0,0,0,0,0,0,0
2024-05-23,24.0,7.5,0.5,5.0,0.0,1.5,,36.5,0.0,15.0,28.0,26.0,0.5,2.0,0.0,0.0,0.0,0.0,3.0,2.0,0.5,17.5,0.0,1.0,0.0,0.0,1.0,0.5,4.5,29.5,0.0,6.0,1.0,34.0,1.0,14.5,0.5,,,0.5,0,0,0,0,0,0,0,0,0,0,0,0,0,0,0,0,0,0,0,0,0,0,0,0,0,0,0,0,0,0,0,0,0,0,0,0,0,0,0,0
2024-05-24,1.5,0.0,1.0,24.0,28.0,0.0,0.0,0.0,0.5,0.5,9.5,9.5,1.0,4.5,0.0,77.0,11.5,16.0,0.0,0.5,0.0,0.5,6.5,0.0,0.0,4.5,0.0,0.0,17.5,0.0,4.0,0.0,0.5,13.0,0.5,1.0,12.5,,,61.5,0,0,0,0,0,0,0,0,0,0,0,0,0,0,0,0,0,0,0,0,0,0,0,0,0,0,0,0,0,0,0,0,0,0,0,0,0,0,0,0
2024-05-25,39.5,19.5,19.0,30.0,29.5,42.5,41.0,25.0,38.5,24.0,21.0,12.5,33.0,16.5,20.0,13.5,23.0,12.0,22.0,0.5,10.0,40.5,18.5,79.0,20.5,18.5,10.5,20.5,23.5,42.0,64.5,23.0,20.0,16.0,43.0,15.5,26.0,,,17.5,0,0,0,0,0,0,0,0,0,0,0,0,0,0,0,0,0,0,0,0,0,0,0,0,0,0,0,0,0,0,0,0,0,0,0,0,0,0,0,0
2024-05-26,4.5,0.0,0.0,0.0,0.5,10.5,6.5,23.0,8.0,0.0,42.5,8.0,13.0,13.5,0.5,3.0,13.5,4.0,7.5,0.5,3.5,7.5,9.5,20.5,8.5,4.0,3.5,2.5,18.5,1.0,0.0,7.5,9.5,8.0,11.0,5.5,0.5,,,8.5,0,0,0,0,0,0,0,0,0,0,0,0,0,0,0,0,0,0,0,0,0,0,0,0,0,0,0,0,0,0,0,0,0,0,0,0,0,0,0,0
2024-05-27,0.0,1.0,2.0,0.0,0.0,0.0,0.5,0.0,0.0,0.0,5.0,4.0,15.0,0.0,0.0,0.0,22.0,5.5,0.0,0.5,0.5,0.0,26.5,1.5,0.0,22.5,0.5,0.5,0.0,2.5,0.0,1.0,1.5,1.0,11.5,0.0,0.0,,,0.0,0,0,0,0,0,0,0,0,0,0,0,0,0,0,0,0,0,0,0,0,0,0,0,0,0,0,0,0,0,0,0,0,0,0,0,0,0,0,0,0
2024-05-28,22.0,29.0,7.5,21.0,36.5,15.0,11.0,33.0,43.5,13.5,24.0,44.5,47.0,40.0,7.0,7.5,1.5,6.5,57.0,0.5,85.0,8.5,8.0,35.0,56.0,2.5,89.0,2.0,37.0,23.0,10.5,0.0,99.5,36.0,14.5,58.5,17.5,,,3.0,0,0,0,0,0,0,0,0,0,0,0,0,0,0,0,0,0,0,0,0,0,0,0,0,0,0,0,0,0,0,0,0,0,0,0,0,0,0,0,0
2024-05-29,7.5,4.5,4.0,4.5,7.0,9.0,11.0,12.5,3.5,4.5,13.5,9.0,5.0,5.5,3.5,5.0,6.5,6.0,6.0,0.5,5.5,7.5,6.0,11.5,3.0,5.0,5.5,4.5,5.5,6.0,9.5,4.5,4.0,12.0,13.5,6.5,4.5,,,4.5,0,0,0,0,0,0,0,0,0,0,0,0,0,0,0,0,0,0,0,0,0,0,0,0,0,0,0,0,0,0,0,0,0,0,0,0,0,0,0,0
2024-05-30,29.5,0.5,0.0,14.0,14.0,32.5,23.5,27.0,0.0,3.5,14.5,3.5,0.0,0.0,11.0,2.0,26.5,29.0,0.0,0.0,0.0,38.5,7.5,31.0,5.0,17.0,0.0,0.0,18.5,0.0,8.5,0.0,0.0,3.0,46.0,0.0,5.0,,,3.0,0,0,0,0,0,0,0,0,0,0,0,0,0,0,0,0,0,0,0,0,0,0,0,0,0,0,0,0,0,0,0,0,0,0,0,0,0,0,0,0
2024-05-31,6.5,35.5,33.0,19.5,28.0,11.5,12.0,8.5,17.0,7.0,5.0,7.0,12.0,12.5,39.5,35.5,18.5,20.0,20.0,0.5,13.0,5.0,18.5,6.0,29.5,15.0,14.0,54.0,8.0,15.5,33.0,50.0,18.5,7.5,5.5,19.5,27.0,,,40.5,0,0,0,0,0,0,0,0,0,0,0,0,0,0,0,0,0,0,0,0,0,0,0,0,0,0,0,0,0,0,0,0,0,0,0,0,0,0,0,0
2024-06-01,19.0,6.5,7.5,6.0,6.0,8.0,7.5,7.5,3.5,7.0,5.0,9.0,4.5,8.0,17.0,6.5,6.5,5.5,6.5,0.5,5.0,13.5,7.0,4.5,3.0,6.0,5.0,4.5,16.0,4.5,5.5,5.0,4.5,10.0,4.5,6.5,3.5,,,14.0,0,0,0,0,0,0,0,0,0,0,0,0,0,0,0,0,0,0,0,0,0,0,0,0,0,0,0,0,0,0,0,0,0,0,0,0,0,0,0,0
2024-06-02,2.0,47.0,47.0,23.5,32.5,22.0,20.0,45.5,44.5,28.5,29.0,16.5,24.5,20.0,41.5,32.0,36.0,31.0,26.0,0.5,26.0,1.5,37.5,31.5,44.0,30.0,26.0,34.0,6.5,35.0,30.5,38.5,31.0,20.5,39.5,22.0,30.5,,,41.5,0,0,0,0,0,0,0,0,0,0,0,0,0,0,0,0,0,0,0,0,0,0,0,0,0,0,0,0,0,0,0,0,0,0,0,0,0,0,0,0
2024-06-03,,0.0,0.0,0.0,1.0,7.5,6.0,1.0,0.0,0.5,0.5,0.0,1.5,15.0,0.5,0.5,0.5,7.0,13.5,0.5,13.0,0.0,0.0,0.0,0.5,6.5,14.5,0.0,1.0,0.5,14.5,0.0,2.5,4.5,0.0,24.5,0.5,,,0.5,0,0,0,0,0,0,0,0,0,0,0,0,0,0,0,0,0,0,0,0,0,0,0,0,0,0,0,0,0,0,0,0,0,0,0,0,0,0,0,0
2024-06-04,26.5,0.0,0.5,1.0,2.0,0.0,0.0,0.0,0.0,12.0,0.0,0.0,0.0,0.0,0.5,1.5,4.0,8.0,0.0,0.5,0.0,22.0,5.0,2.5,25.5,0.0,0.0,0.0,8.0,0.0,0.0,1.0,0.5,0.0,1.0,0.0,0.0,,,0.0,0,0,0,0,0,0,0,0,0,0,0,0,0,0,0,0,0,0,0,0,0,0,0,0,0,0,0,0,0,0,0,0,0,0,0,0,0,0,0,0
2024-06-05,0.0,4.0,6.0,10.5,14.5,5.0,3.0,1.0,2.0,1.0,1.0,0.0,7.5,1.5,6.5,3.0,2.5,10.5,5.0,12.0,24.5,0.0,2.0,0.5,1.0,9.0,22.5,4.5,0.0,7.0,0.0,6.5,14.5,0.0,1.0,15.0,1.0,,,4.0,0,0,0,0,0,0,0,0,0,0,0,0,0,0,0,0,0,0,0,0,0,0,0,0,0,0,0,0,0,0,0,0,0,0,0,0,0,0,0,0
2024-06-06,2.0,30.5,10.0,0.0,6.5,5.0,6.5,16.0,2.5,0.5,9.0,2.0,1.0,6.5,0.5,2.5,10.0,18.5,11.5,42.0,10.0,1.5,28.0,13.5,4.0,9.0,9.5,10.5,6.5,0.5,7.0,33.0,1.5,1.5,15.0,10.0,0.5,,,5.0,0,0,0,0,0,0,0,0,0,0,0,0,0,0,0,0,0,0,0,0,0,0,0,0,0,0,0,0,0,0,0,0,0,0,0,0,0,0,0,0
2024-06-07,0.5,10.0,13.0,1.5,8.5,6.0,5.0,3.5,0.0,7.5,10.5,3.0,4.0,0.0,3.5,9.5,19.5,14.0,0.0,0.0,1.0,0.0,13.0,13.0,0.5,26.5,1.5,20.5,2.0,0.0,12.0,17.5,10.0,8.0,23.0,0.5,2.0,,,7.5,0,0,0,0,0,0,0,0,0,0,0,0,0,0,0,0,0,0,0,0,0,0,0,0,0,0,0,0,0,0,0,0,0,0,0,0,0,0,0,0
2024-06-08,0.0,0.0,0.0,0.0,0.0,0.0,0.0,0.0,0.0,0.0,0.0,0.0,0.0,0.0,0.0,0.0,0.0,0.0,0.0,0.0,0.0,0.0,0.0,0.0,0.0,0.0,0.0,0.0,0.0,0.0,0.0,0.0,0.0,0.0,0.0,0.0,0.0,,,0.0,0,0,0,0,0,0,0,0,0,0,0,0,0,0,0,0,0,0,0,0,0,0,0,0,0,0,0,0,0,0,0,0,0,0,0,0,0,0,0,0
2024-06-09,0.0,0.0,0.0,0.5,0.5,0.0,0.0,0.0,0.0,0.0,0.0,0.0,0.0,0.0,0.0,42.5,43.5,10.5,0.0,0.5,0.5,0.0,35.0,17.5,0.0,0.0,0.0,0.0,1.0,0.0,0.5,0.0,0.0,0.0,0.0,0.0,0.0,,,0.0,0,0,0,0,0,0,0,0,0,0,0,0,0,0,0,0,0,0,0,0,0,0,0,0,0,0,0,0,0,0,0,0,0,0,0,0,0,0,0,0
2024-06-10,29.0,11.5,2.0,0.0,9.5,0.5,2.0,2.0,1.0,28.5,1.0,42.0,14.0,0.0,10.5,2.0,5.5,13.5,0.0,1.5,0.0,20.5,4.5,12.5,5.0,3.0,0.5,1.0,30.0,34.5,1.0,0.5,157.5,39.5,6.0,0.0,28.0,,,5.5,0,0,0,0,0,0,0,0,0,0,0,0,0,0,0,0,0,0,0,0,0,0,0,0,0,0,0,0,0,0,0,0,0,0,0,0,0,0,0,0
2024-06-11,0.0,0.0,0.0,0.0,0.0,0.5,0.0,0.0,0.0,0.5,0.0,0.0,0.0,0.0,0.0,0.0,0.0,0.0,0.0,0.0,0.5,0.0,0.0,0.5,0.0,0.0,0.0,0.0,0.5,0.0,0.5,0.5,0.5,0.0,0.0,0.0,0.0,,,0.0,0,0,0,0,0,0,0,0,0,0,0,0,0,0,0,0,0,0,0,0,0,0,0,0,0,0,0,0,0,0,0,0,0,0,0,0,0,0,0,0
2024-06-12,3.5,3.0,0.0,1.5,13.0,6.5,5.0,1.0,0.0,8.0,0.5,3.0,0.0,18.0,0.0,3.0,1.5,0.5,30.0,0.0,0.0,2.5,2.0,1.0,0.0,0.0,0.0,18.0,13.5,0.0,21.5,5.0,0.0,4.5,1.0,2.0,0.5,,,1.5,0,0,0,0,0,0,0,0,0,0,0,0,0,0,0,0,0,0,0,0,0,0,0,0,0,0,0,0,0,0,0,0,0,0,0,0,0,0,0,0
2024-06-13,0.0,1.5,1.5,3.5,0.0,0.0,0.5,0.0,0.0,0.0,0.0,0.0,0.5,9.0,0.0,27.0,4.5,2.5,37.0,0.0,23.0,0.0,5.5,0.0,0.0,3.5,35.5,12.5,0.0,0.0,0.0,8.5,0.0,0.0,0.5,31.0,0.0,,,38.5,0,0,0,0,0,0,0,0,0,0,0,0,0,0,0,0,0,0,0,0,0,0,0,0,0,0,0,0,0,0,0,0,0,0,0,0,0,0,0,0
2024-06-14,4.5,0.0,0.0,0.0,1.0,0.0,0.0,0.0,0.0,0.5,0.5,0.0,4.5,8.0,0.0,1.0,0.5,0.0,1.0,0.0,4.5,7.0,0.0,3.0,0.5,0.0,6.0,0.0,5.0,0.0,0.5,0.0,2.0,0.0,0.5,4.5,0.0,,,17.0,0,0,0,0,0,0,0,0,0,0,0,0,0,0,0,0,0,0,0,0,0,0,0,0,0,0,0,0,0,0,0,0,0,0,0,0,0,0,0,0
2024-06-15,15.5,8.5,21.5,0.5,1.0,0.5,0.0,1.5,0.5,9.5,0.5,6.5,31.0,0.0,52.5,4.0,48.5,5.5,4.5,1.5,0.5,15.0,22.5,0.5,0.0,12.5,0.0,29.0,5.0,26.5,0.0,15.5,24.0,4.5,2.0,0.0,3.0,,,9.5,0,0,0,0,0,0,0,0,0,0,0,0,0,0,0,0,0,0,0,0,0,0,0,0,0,0,0,0,0,0,0,0,0,0,0,0,0,0,0,0
2024-06-16,3.5,3.0,2.5,17.0,5.0,5.5,8.0,23.0,2.0,28.0,4.5,2.5,0.5,9.0,4.0,5.0,7.0,3.0,15.5,4.0,4.0,2.0,3.5,,1.5,7.5,3.5,14.0,1.5,0.5,1.0,16.0,15.0,4.5,6.0,11.5,2.0,,,5.5,0,0,0,0,0,0,0,0,0,0,0,0,0,0,0,0,0,0,0,0,0,0,0,0,0,0,0,0,0,0,0,0,0,0,0,0,0,0,0,0
2024-06-17,7.0,0.0,0.5,1.0,12.0,3.5,1.5,1.0,1.0,16.0,0.5,10.5,0.0,1.5,0.0,34.5,0.0,1.5,0.5,1.0,1.0,2.0,0.5,0.5,0.5,0.0,0.5,0.0,2.0,0.5,5.5,0.0,0.5,11.0,0.5,0.5,,,,16.0,0,0,0,0,0,0,0,0,0,0,0,0,0,0,0,0,0,0,0,0,0,0,0,0,0,0,0,0,0,0,0,0,0,0,0,0,0,0,0,0
2024-06-18,,,,,,1.5,,,,,,,,,7.0,,,,,,,,,,,,,,2.5,,,,,,,,,,,,0,0,0,0,0,0,0,0,0,0,0,0,0,0,0,0,0,0,0,0,0,0,0,0,0,0,0,0,0,0,0,0,0,0,0,0,0,0,0,0
2024-06-19,11.5,0.0,0.0,0.0,0.0,0.0,0.0,0.0,0.0,0.0,0.0,0.0,10.0,0.0,0.0,13.0,0.5,0.0,0.0,0.0,0.0,13.5,1.5,16.0,0.0,0.0,0.0,0.0,0.5,0.0,0.0,0.0,16.0,0.0,15.5,0.0,0.5,,,0.5,0,0,0,0,0,0,0,0,0,0,0,0,0,0,0,0,0,0,0,0,0,0,0,0,0,0,0,0,0,0,0,0,0,0,0,0,0,0,0,0
2024-06-20,7.0,0.0,0.0,48.0,94.0,9.0,7.0,20.0,1.5,78.0,5.0,5.0,44.0,81.5,0.0,9.0,1.0,2.0,21.0,4.5,20.0,7.0,0.0,13.5,2.0,1.5,15.5,3.0,67.0,12.5,76.5,0.0,4.0,5.0,22.0,29.0,5.5,,,0.0,0,0,0,0,0,0,0,0,0,0,0,0,0,0,0,0,0,0,0,0,0,0,0,0,0,0,0,0,0,0,0,0,0,0,0,0,0,0,0,0
2024-06-21,62.5,17.0,30.0,33.0,0.0,30.5,26.0,20.5,1.5,1.0,39.0,6.5,3.5,12.5,35.5,0.0,16.0,32.0,46.0,59.5,10.0,49.0,18.0,38.0,1.5,25.5,23.5,29.0,43.0,4.0,4.5,63.0,6.0,5.5,38.0,10.5,19.5,,,0.0,0,0,0,0,0,0,0,0,0,0,0,0,0,0,0,0,0,0,0,0,0,0,0,0,0,0,0,0,0,0,0,0,0,0,0,0,0,0,0,0
2024-06-22,25.5,19.0,10.5,30.0,33.0,25.5,24.5,63.5,9.0,6.0,34.0,45.0,14.0,23.0,12.5,65.0,22.0,29.0,14.5,31.5,9.0,27.0,11.0,25.0,13.5,43.0,11.5,30.0,2.5,16.5,44.0,49.5,7.0,53.5,24.0,8.5,25.5,,,39.0,0,0,0,0,0,0,0,0,0,0,0,0,0,0,0,0,0,0,0,0,0,0,0,0,0,0,0,0,0,0,0,0,0,0,0,0,0,0,0,0
2024-06-23,7.5,3.0,3.0,2.0,3.0,2.5,2.5,3.5,3.0,4.0,2.5,1.5,1.5,2.5,1.5,3.0,3.0,2.0,2.5,2.5,2.5,7.5,3.0,3.0,2.0,2.5,2.5,2.5,5.0,1.5,3.0,2.5,1.5,2.5,3.0,2.5,4.0,,,3.5,0,0,0,0,0,0,0,0,0,0,0,0,0,0,0,0,0,0,0,0,0,0,0,0,0,0,0,0,0,0,0,0,0,0,0,0,0,0,0,0
2024-06-24,0.0,0.0,0.0,0.0,0.0,0.0,0.0,0.0,0.0,0.0,0.0,0.0,0.0,0.0,0.5,0.0,0.0,0.0,0.0,0.0,0.0,0.0,0.0,0.0,0.0,0.0,0.0,0.0,0.0,0.0,0.0,0.0,0.0,0.0,,0.0,0.0,,,0.0,0,0,0,0,0,0,0,0,0,0,0,0,0,0,0,0,0,0,0,0,0,0,0,0,0,0,0,0,0,0,0,0,0,0,0,0,0,0,0,0
2024-06-25,4.0,2.5,3.0,0.0,6.0,0.0,0.0,0.0,0.0,8.0,4.0,0.0,0.0,6.5,0.0,0.0,0.0,0.0,5.0,0.5,0.0,0.5,0.0,7.0,0.0,0.0,0.0,0.0,1.5,0.0,0.0,0.0,0.0,0.0,12.0,3.0,0.0,,,0.0,0,0,0,0,0,0,0,0,0,0,0,0,0,0,0,0,0,0,0,0,0,0,0,0,0,0,0,0,0,0,0,0,0,0,0,0,0,0,0,0
2024-06-26,0.0,0.0,0.0,0.0,0.0,0.0,0.0,0.0,0.0,0.0,0.0,0.0,0.0,0.0,0.0,0.0,0.0,0.0,0.0,0.0,0.0,0.0,0.0,0.0,0.0,0.5,0.0,0.0,0.0,0.0,0.5,0.0,0.0,0.0,0.0,0.0,0.0,,,0.0,0,0,0,0,0,0,0,0,0,0,0,0,0,0,0,0,0,0,0,0,0,0,0,0,0,0,0,0,0,0,0,0,0,0,0,0,0,0,0,0
2024-06-27,24.0,18.0,7.0,10.5,14.5,7.5,6.0,2.0,23.5,3.0,0.0,1.5,33.0,6.5,14.5,24.5,17.5,16.0,9.5,23.0,16.5,55.5,26.5,9.5,27.0,14.5,16.0,20.0,13.5,20.0,16.5,39.0,35.0,2.5,1.0,10.5,10.0,,,8.0,0,0,0,0,0,0,0,0,0,0,0,0,0,0,0,0,0,0,0,0,0,0,0,0,0,0,0,0,0,0,0,0,0,0,0,0,0,0,0,0
2024-06-28,2.5,0.0,0.0,0.0,0.0,0.0,0.0,0.0,0.0,0.0,1.0,1.0,0.0,0.0,0.0,0.0,0.0,0.0,0.0,0.0,0.0,1.5,0.0,1.0,0.0,0.0,0.0,0.0,1.0,0.0,0.0,0.0,0.0,0.0,0.5,0.0,0.0,,,0.0,0,0,0,0,0,0,0,0,0,0,0,0,0,0,0,0,0,0,0,0,0,0,0,0,0,0,0,0,0,0,0,0,0,0,0,0,0,0,0,0
2024-06-29,4.5,13.5,16.5,28.5,4.5,9.5,9.0,2.5,31.5,0.0,9.5,2.0,11.0,21.5,2.5,32.0,40.5,30.0,23.0,45.0,34.5,7.5,36.0,21.5,62.0,21.0,39.0,27.5,7.0,14.0,11.5,39.0,91.0,2.5,15.5,30.0,2.0,,,63.0,0,0,0,0,0,0,0,0,0,0,0,0,0,0,0,0,0,0,0,0,0,0,0,0,0,0,0,0,0,0,0,0,0,0,0,0,0,0,0,0
2024-06-30,30.5,6.0,8.5,4.5,4.5,3.5,4.5,4.0,6.0,5.5,9.0,5.5,3.0,4.0,54.5,9.5,6.5,8.0,2.0,8.0,3.0,32.0,9.5,28.0,3.5,4.0,3.0,3.0,10.5,9.5,3.0,6.0,3.0,7.0,,2.5,14.0,,,21.5,0,0,0,0,0,0,0,0,0,0,0,0,0,0,0,0,0,0,0,0,0,0,0,0,0,0,0,0,0,0,0,0,0,0,0,0,0,0,0,0
2024-07-01,0.5,4.5,4.0,1.5,2.0,1.5,1.0,1.0,13.5,0.0,0.5,0.5,8.0,2.5,6.5,3.0,3.5,3.5,3.0,3.5,4.5,1.0,3.5,0.0,9.5,5.0,5.0,6.5,0.0,38.5,1.5,6.0,10.5,1.0,,3.0,9.0,,,3.0,0,0,0,0,0,0,0,0,0,0,0,0,0,0,0,0,0,0,0,0,0,0,0,0,0,0,0,0,0,0,0,0,0,0,0,0,0,0,0,0
2024-07-02,0.0,0.0,0.0,0.5,0.0,0.0,0.0,0.0,0.5,0.0,0.0,0.0,0.0,0.0,0.0,0.0,0.5,0.0,0.0,0.0,0.0,0.0,0.0,0.5,0.5,0.0,0.0,0.5,0.0,0.5,0.5,0.5,0.5,0.0,,0.5,1.0,,,0.5,0,0,0,0,0,0,0,0,0,0,0,0,0,0,0,0,0,0,0,0,0,0,0,0,0,0,0,0,0,0,0,0,0,0,0,0,0,0,0,0
2024-07-03,73.0,3.5,4.5,15.0,56.0,7.5,9.0,22.0,29.0,56.0,45.5,6.5,59.0,5.5,33.0,15.5,22.5,12.0,6.5,26.0,22.5,24.5,27.5,63.0,33.0,12.5,18.5,29.0,48.0,23.0,34.0,19.5,29.0,6.5,,6.0,0.0,,,9.5,0,0,0,0,0,0,0,0,0,0,0,0,0,0,0,0,0,0,0,0,0,0,0,0,0,0,0,0,0,0,0,0,0,0,0,0,0,0,0,0
2024-07-04,0.5,1.0,0.5,0.0,0.0,0.0,0.5,8.5,0.5,0.5,0.5,6.0,1.0,21.5,0.0,0.0,0.5,0.0,0.5,0.5,1.0,0.5,0.5,5.0,0.5,0.5,1.0,1.0,0.5,1.5,0.5,1.0,1.0,0.5,,0.5,0.5,,,0.0,0,0,0,0,0,0,0,0,0,0,0,0,0,0,0,0,0,0,0,0,0,0,0,0,0,0,0,0,0,0,0,0,0,0,0,0,0,0,0,0
2024-07-05,8.5,73.0,52.0,17.5,15.0,15.5,16.5,18.5,47.5,9.0,8.0,11.5,17.0,19.5,31.0,35.0,45.0,31.5,28.5,29.5,24.5,7.5,41.0,5.5,48.5,30.5,26.0,41.5,7.5,25.0,14.0,54.5,4.5,13.0,,24.5,42.5,,,42.5,0,0,0,0,0,0,0,0,0,0,0,0,0,0,0,0,0,0,0,0,0,0,0,0,0,0,0,0,0,0,0,0,0,0,0,0,0,0,0,0
2024-07-06,4.0,0.0,0.0,1.5,0.5,7.5,6.0,10.0,12.0,2.0,10.0,5.0,16.5,1.5,0.5,0.0,0.0,0.0,4.5,0.0,2.5,2.5,0.0,8.5,5.0,0.5,3.5,5.5,0.0,14.0,7.5,2.0,0.0,3.5,,6.0,7.0,,,0.0,0,0,0,0,0,0,0,0,0,0,0,0,0,0,0,0,0,0,0,0,0,0,0,0,0,0,0,0,0,0,0,0,0,0,0,0,0,0,0,0
2024-07-07,1.0,0.5,0.5,0.5,1.0,0.5,0.0,0.0,1.0,0.5,0.0,0.0,0.0,0.5,1.5,1.0,0.5,0.5,0.5,1.0,0.0,1.0,0.5,1.0,0.5,0.5,0.0,0.5,0.5,0.5,0.5,0.5,0.0,0.0,,0.5,1.5,,,1.0,0,0,0,0,0,0,0,0,0,0,0,0,0,0,0,0,0,0,0,0,0,0,0,0,0,0,0,0,0,0,0,0,0,0,0,0,0,0,0,0
2024-07-08,0.0,0.0,0.0,0.0,0.0,0.0,0.5,15.0,0.0,0.0,11.5,12.5,5.0,0.0,0.0,0.0,0.0,0.0,0.0,0.0,0.0,0.0,0.0,31.5,0.0,0.0,0.0,0.0,0.0,0.0,0.0,0.0,0.0,13.0,,0.0,0.0,,,0.0,0,0,0,0,0,0,0,0,0,0,0,0,0,0,0,0,0,0,0,0,0,0,0,0,0,0,0,0,0,0,0,0,0,0,0,0,0,0,0,0
2024-07-09,11.5,6.0,10.0,26.0,46.0,27.0,29.0,25.0,7.0,54.0,11.5,5.5,5.5,23.5,14.0,8.5,6.0,13.0,43.0,21.0,47.5,9.5,7.5,18.0,6.0,10.5,50.5,13.0,9.0,14.5,12.5,6.0,2.5,6.0,,27.5,0.5,,,8.0,0,0,0,0,0,0,0,0,0,0,0,0,0,0,0,0,0,0,0,0,0,0,0,0,0,0,0,0,0,0,0,0,0,0,0,0,0,0,0,0
2024-07-10,25.5,10.0,5.0,86.5,18.0,20.0,18.0,22.0,55.0,36.0,14.5,51.5,63.0,84.0,5.0,11.5,9.5,17.0,102.0,55.5,76.5,26.5,6.0,37.0,53.5,34.0,85.0,66.5,37.5,34.5,50.5,43.5,0.0,65.0,,17.5,43.5,,,2.5,0,0,0,0,0,0,0,0,0,0,0,0,0,0,0,0,0,0,0,0,0,0,0,0,0,0,0,0,0,0,0,0,0,0,0,0,0,0,0,0
2024-07-11,0.0,0.0,0.0,0.0,0.0,0.0,0.0,0.0,0.5,0.0,0.0,0.0,0.5,0.0,0.0,0.5,0.0,0.0,0.5,0.5,0.0,0.0,0.0,0.0,1.0,0.0,0.0,0.0,0.0,0.0,0.0,0.0,0.0,0.0,0.0,0.0,0.0,,,0.0,0,0,0,0,0,0,0,0,0,0,0,0,0,0,0,0,0,0,0,0,0,0,0,0,0,0,0,0,0,0,0,0,0,0,0,0,0,0,0,0
2024-07-12,3.0,0.0,0.0,0.0,0.5,0.0,0.0,0.0,5.0,36.0,1.0,0.0,0.0,0.0,1.0,1.0,0.0,0.5,0.0,0.0,0.5,2.0,0.0,22.5,4.0,0.0,0.0,0.5,27.5,0.0,0.5,0.0,0.0,0.0,18.5,0.0,1.5,,,4.5,0,0,0,0,0,0,0,0,0,0,0,0,0,0,0,0,0,0,0,0,0,0,0,0,0,0,0,0,0,0,0,0,0,0,0,0,0,0,0,0
2024-07-13,0.0,0.0,1.0,0.0,0.0,0.0,0.5,0.5,2.5,0.0,0.0,0.0,1.0,0.0,0.0,0.5,0.0,0.0,0.5,0.0,1.5,0.5,0.0,0.0,2.5,0.0,1.5,3.5,0.0,1.0,0.5,1.0,0.5,0.5,1.0,1.0,3.5,,,0.0,0,0,0,0,0,0,0,0,0,0,0,0,0,0,0,0,0,0,0,0,0,0,0,0,0,0,0,0,0,0,0,0,0,0,0,0,0,0,0,0
2024-07-14,0.0,0.5,0.5,0.0,0.0,0.0,0.0,0.0,1.0,0.0,0.0,0.0,0.0,0.0,1.0,0.0,0.0,0.0,0.0,0.0,0.0,0.0,0.0,0.0,0.0,0.0,0.0,0.0,35.5,0.0,2.5,1.5,0.0,0.0,0.0,0.0,5.5,,,0.0,0,0,0,0,0,0,0,0,0,0,0,0,0,0,0,0,0,0,0,0,0,0,0,0,0,0,0,0,0,0,0,0,0,0,0,0,0,0,0,0
2024-07-15,0.0,0.0,0.0,0.5,0.0,0.0,0.0,0.0,0.0,0.0,0.0,0.0,0.0,0.0,0.0,0.0,0.0,0.0,0.0,0.0,0.0,0.0,0.0,0.0,0.0,0.0,0.0,0.0,0.5,0.0,0.5,0.0,0.0,0.0,0.0,0.0,0.0,,,1.0,0,0,0,0,0,0,0,0,0,0,0,0,0,0,0,0,0,0,0,0,0,0,0,0,0,0,0,0,0,0,0,0,0,0,0,0,0,0,0,0
2024-07-16,0.0,34.5,16.5,0.5,0.0,0.0,0.0,0.0,0.0,0.0,0.0,0.0,0.0,1.0,5.0,0.5,16.5,1.5,4.0,0.5,0.0,0.0,9.0,0.0,0.0,23.0,0.0,8.0,0.0,0.0,0.0,21.5,0.0,0.0,0.0,0.5,1.0,,,0.0,0,0,0,0,0,0,0,0,0,0,0,0,0,0,0,0,0,0,0,0,0,0,0,0,0,0,0,0,0,0,0,0,0,0,0,0,0,0,0,0
2024-07-17,0.0,2.5,6.0,0.0,0.0,0.0,0.0,0.0,0.0,0.0,0.0,0.0,0.0,0.0,0.0,0.0,0.0,0.0,0.0,0.5,3.0,0.0,0.0,0.0,0.0,0.0,3.5,0.0,0.0,0.0,0.0,3.5,8.0,0.0,0.0,0.0,0.0,,,0.0,0,0,0,0,0,0,0,0,0,0,0,0,0,0,0,0,0,0,0,0,0,0,0,0,0,0,0,0,0,0,0,0,0,0,0,0,0,0,0,0
2024-07-18,2.5,16.5,23.0,0.0,0.5,,23.5,0.5,0.5,2.5,5.5,0.0,0.0,0.0,4.0,1.5,0.5,0.0,0.0,0.0,0.0,0.0,2.5,0.0,0.5,1.0,0.0,0.5,7.5,0.5,6.5,0.5,0.0,0.0,0.5,0.0,3.0,,,6.5,0,0,0,0,0,0,0,0,0,0,0,0,0,0,0,0,0,0,0,0,0,0,0,0,0,0,0,0,0,0,0,0,0,0,0,0,0,0,0,0
2024-07-19,0.5,9.5,21.5,2.5,14.0,9.5,6.5,10.0,40.0,51.5,15.5,5.5,45.0,9.5,34.5,47.0,21.0,11.5,16.0,22.5,15.0,0.0,19.5,15.0,34.5,12.5,17.5,6.5,24.0,45.0,7.5,5.5,1.5,6.0,25.0,7.0,39.5,,,31.0,0,0,0,0,0,0,0,0,0,0,0,0,0,0,0,0,0,0,0,0,0,0,0,0,0,0,0,0,0,0,0,0,0,0,0,0,0,0,0,0
2024-07-20,7.5,0.5,0.0,0.0,0.0,1.5,1.0,1.0,0.5,2.0,11.0,0.0,0.0,0.5,0.0,0.5,0.0,0.0,0.0,0.0,0.0,11.0,0.0,50.0,0.5,0.5,0.0,0.0,8.5,0.0,0.0,0.5,0.0,0.5,37.0,0.0,0.0,,,1.0,0,0,0,0,0,0,0,0,0,0,0,0,0,0,0,0,0,0,0,0,0,0,0,0,0,0,0,0,0,0,0,0,0,0,0,0,0,0,0,0
2024-07-21,1.0,0.0,0.0,0.0,0.5,0.0,0.5,0.0,0.0,0.0,0.5,0.0,0.0,0.0,0.0,1.0,1.0,0.5,0.0,0.0,0.0,0.5,2.0,0.5,0.0,0.0,0.0,0.0,1.0,0.0,1.0,0.0,0.0,0.0,0.5,0.0,0.0,,,8.0,0,0,0,0,0,0,0,0,0,0,0,0,0,0,0,0,0,0,0,0,0,0,0,0,0,0,0,0,0,0,0,0,0,0,0,0,0,0,0,0
2024-07-22,0.0,0.0,0.0,0.0,0.0,0.0,0.0,0.0,13.0,0.0,0.0,0.0,0.0,0.0,0.0,0.0,0.0,0.0,0.0,0.0,0.0,0.0,0.0,0.0,12.5,0.0,0.0,0.0,0.0,0.0,0.0,0.0,0.0,0.0,0.0,0.0,11.5,,,0.0,0,0,0,0,0,0,0,0,0,0,0,0,0,0,0,0,0,0,0,0,0,0,0,0,0,0,0,0,0,0,0,0,0,0,0,0,0,0,0,0
2024-07-23,0.0,0.0,0.0,0.0,0.0,0.0,0.0,0.0,0.0,1.5,0.0,0.0,0.0,0.0,0.0,0.0,0.0,0.0,0.0,0.0,0.0,0.0,0.0,0.0,0.0,0.0,0.0,0.0,0.0,0.0,0.0,0.0,0.0,0.0,0.0,0.0,0.0,,,0.0,0,0,0,0,0,0,0,0,0,0,0,0,0,0,0,0,0,0,0,0,0,0,0,0,0,0,0,0,0,0,0,0,0,0,0,0,0,0,0,0
2024-07-24,0.0,0.0,0.0,0.0,0.0,0.0,0.0,0.0,0.0,0.0,0.0,0.0,0.0,0.0,,0.0,0.0,0.0,0.0,0.0,0.0,0.0,0.0,0.0,0.0,0.0,0.0,0.0,0.0,0.0,0.0,0.0,0.0,0.0,0.0,0.0,0.0,,,0.0,0,0,0,0,0,0,0,0,0,0,0,0,0,0,0,0,0,0,0,0,0,0,0,0,0,0,0,0,0,0,0,0,0,0,0,0,0,0,0,0
2024-07-25,0.0,0.0,0.0,0.0,0.0,0.0,0.0,0.0,0.0,0.0,0.0,0.0,0.0,0.0,0.0,0.0,0.0,0.0,0.0,0.0,0.0,0.0,0.0,0.0,0.0,0.0,0.0,0.0,0.0,0.0,0.0,0.0,0.0,0.0,0.5,0.0,0.0,,,0.0,0,0,0,0,0,0,0,0,0,0,0,0,0,0,0,0,0,0,0,0,0,0,0,0,0,0,0,0,0,0,0,0,0,0,0,0,0,0,0,0
2024-07-26,0.0,0.0,0.0,0.0,0.0,0.0,0.0,0.0,0.0,0.0,0.0,0.0,0.0,0.0,0.0,0.0,0.0,0.0,0.0,0.0,0.0,0.0,0.0,0.0,0.0,0.0,0.0,0.0,0.0,0.0,0.0,0.0,0.0,0.0,0.0,0.5,0.0,,,0.0,0,0,0,0,0,0,0,0,0,0,0,0,0,0,0,0,0,0,0,0,0,0,0,0,0,0,0,0,0,0,0,0,0,0,0,0,0,0,0,0
2024-07-27,0.0,0.0,0.0,0.0,0.0,0.0,0.0,0.0,0.0,0.0,0.0,0.0,0.0,0.0,0.0,0.0,0.0,0.0,0.0,0.0,0.0,0.0,0.0,0.0,0.0,0.0,0.0,0.0,0.0,0.0,0.0,0.0,0.0,0.0,0.0,0.0,0.0,,,0.0,0,0,0,0,0,0,0,0,0,0,0,0,0,0,0,0,0,0,0,0,0,0,0,0,0,0,0,0,0,0,0,0,0,0,0,0,0,0,0,0
2024-07-28,0.0,11.0,0.5,12.5,0.0,0.0,0.0,0.0,0.5,0.0,0.0,0.0,0.0,28.0,0.0,1.0,0.0,0.0,1.0,6.0,11.0,0.0,0.0,0.0,0.0,3.5,17.5,0.0,14.0,0.0,0.5,0.5,7.0,0.0,0.0,6.5,0.0,,,1.5,0,0,0,0,0,0,0,0,0,0,0,0,0,0,0,0,0,0,0,0,0,0,0,0,0,0,0,0,0,0,0,0,0,0,0,0,0,0,0,0
2024-07-29,0.0,0.0,0.5,1.0,0.0,0.0,0.0,0.0,0.0,0.0,0.0,0.0,0.0,9.0,0.0,7.0,0.0,0.0,1.5,0.0,0.0,0.0,0.0,0.5,0.0,0.0,0.0,0.0,0.0,0.0,0.0,0.0,0.0,0.0,0.0,1.0,0.0,,,0.0,0,0,0,0,0,0,0,0,0,0,0,0,0,0,0,0,0,0,0,0,0,0,0,0,0,0,0,0,0,0,0,0,0,0,0,0,0,0,0,0
2024-07-30,95.5,4.0,11.5,13.0,18.5,5.5,5.5,4.0,0.5,1.0,5.0,3.0,1.5,16.5,3.0,32.0,36.5,86.0,79.5,90.5,26.0,72.5,15.0,20.5,1.0,67.0,21.5,2.5,60.5,0.0,5.0,3.0,4.0,3.0,19.5,48.5,0.5,,,56.0,0,0,0,0,0,0,0,0,0,0,0,0,0,0,0,0,0,0,0,0,0,0,0,0,0,0,0,0,0,0,0,0,0,0,0,0,0,0,0,0
2024-07-31,0.0,0.0,0.0,0.0,0.0,0.0,0.0,0.0,0.0,0.5,0.0,0.0,0.0,0.5,0.5,0.0,0.0,0.0,0.0,0.0,0.0,0.5,0.0,0.0,0.0,0.0,0.0,0.5,0.5,0.5,0.0,0.5,0.5,0.0,0.0,0.5,0.5,,,0.0,0,0,0,0,0,0,0,0,0,0,0,0,0,0,0,0,0,0,0,0,0,0,0,0,0,0,0,0,0,0,0,0,0,0,0,0,0,0,0,0
2024-08-01,5.0,0.0,0.0,0.5,0.0,30.0,25.0,45.5,0.0,3.0,3.0,2.0,4.0,0.0,0.0,1.5,0.0,0.0,0.0,0.0,0.0,5.0,0.0,6.5,0.5,0.0,0.0,0.5,,0.0,0.0,0.0,0.0,4.0,16.0,0.0,0.0,,,0.0,0,0,0,0,0,0,0,0,0,0,0,0,0,0,0,0,0,0,0,0,0,0,0,0,0,0,0,0,0,0,0,0,0,0,0,0,0,0,0,0
2024-08-02,3.5,5.0,4.5,29.0,74.0,41.0,26.5,24.0,9.0,11.0,21.5,6.0,9.5,16.0,5.0,13.5,6.0,5.0,9.5,6.5,28.0,2.5,4.5,8.0,4.0,4.0,24.0,2.5,,12.0,60.0,5.5,44.5,8.5,13.5,21.5,6.5,,,6.0,0,0,0,0,0,0,0,0,0,0,0,0,0,0,0,0,0,0,0,0,0,0,0,0,0,0,0,0,0,0,0,0,0,0,0,0,0,0,0,0
2024-08-03,0.5,0.0,0.0,0.0,0.5,0.0,1.0,0.0,0.0,0.0,0.0,0.0,0.0,0.0,0.5,0.0,0.0,0.0,0.0,0.0,0.0,1.5,0.0,0.0,0.0,0.0,0.0,0.0,7.5,0.0,0.0,0.0,0.0,0.0,0.0,0.0,0.0,,,0.0,0,0,0,0,0,0,0,0,0,0,0,0,0,0,0,0,0,0,0,0,0,0,0,0,0,0,0,0,0,0,0,0,0,0,0,0,0,0,0,0
2024-08-04,50.0,6.5,0.5,11.0,0.5,3.5,5.0,2.0,31.5,9.5,14.5,20.0,35.0,9.5,7.0,1.0,37.0,33.0,18.0,47.0,47.5,50.5,35.0,30.5,42.5,24.0,50.0,59.0,20.0,25.0,8.0,29.5,8.5,20.5,20.0,25.5,10.5,,,12.0,0,0,0,0,0,0,0,0,0,0,0,0,0,0,0,0,0,0,0,0,0,0,0,0,0,0,0,0,0,0,0,0,0,0,0,0,0,0,0,0
2024-08-05,0.5,0.0,0.0,0.0,0.0,0.0,0.0,0.0,0.0,0.5,0.5,0.0,0.0,0.0,0.0,0.0,0.0,0.0,0.0,0.5,0.5,0.5,0.0,0.0,0.0,0.0,0.5,0.5,0.0,0.0,0.0,0.0,0.0,0.0,0.0,0.0,0.5,,,0.0,0,0,0,0,0,0,0,0,0,0,0,0,0,0,0,0,0,0,0,0,0,0,0,0,0,0,0,0,0,0,0,0,0,0,0,0,0,0,0,0
2024-08-06,0.0,1.5,1.5,0.0,2.5,1.0,0.5,0.5,11.0,3.5,11.0,0.0,3.0,29.5,2.5,0.0,0.0,0.0,25.5,3.5,4.0,0.0,0.0,26.0,20.0,0.0,5.0,0.0,0.0,1.0,4.5,0.0,2.0,0.0,24.0,11.5,0.0,,,0.0,0,0,0,0,0,0,0,0,0,0,0,0,0,0,0,0,0,0,0,0,0,0,0,0,0,0,0,0,0,0,0,0,0,0,0,0,0,0,0,0
2024-08-07,5.5,3.5,8.0,4.0,2.0,2.0,1.5,1.0,3.5,1.0,1.5,0.5,11.5,16.0,10.5,2.5,9.0,9.0,34.0,13.0,14.5,19.0,6.5,14.5,3.0,23.0,14.0,3.0,3.0,10.5,2.5,3.5,10.5,1.5,1.5,22.0,5.5,,,0.0,0,0,0,0,0,0,0,0,0,0,0,0,0,0,0,0,0,0,0,0,0,0,0,0,0,0,0,0,0,0,0,0,0,0,0,0,0,0,0,0
2024-08-08,8.0,0.0,0.0,0.0,0.5,0.5,0.5,2.0,1.0,5.0,3.5,0.0,0.5,0.5,0.5,0.5,0.5,0.5,0.5,0.0,0.5,6.0,0.0,5.5,0.5,0.5,0.5,0.5,5.5,0.5,0.5,0.0,0.5,0.5,6.0,0.5,0.5,,,0.0,0,0,0,0,0,0,0,0,0,0,0,0,0,0,0,0,0,0,0,0,0,0,0,0,0,0,0,0,0,0,0,0,0,0,0,0,0,0,0,0
2024-08-09,0.0,0.0,0.0,25.0,9.5,5.0,5.5,2.5,3.5,11.5,0.0,4.5,44.0,24.0,0.0,7.5,0.5,1.5,12.0,1.0,20.0,2.5,1.0,2.0,0.0,2.0,16.5,0.0,1.0,5.5,7.5,0.0,23.5,5.0,0.5,16.0,9.5,,,0.0,0,0,0,0,0,0,0,0,0,0,0,0,0,0,0,0,0,0,0,0,0,0,0,0,0,0,0,0,0,0,0,0,0,0,0,0,0,0,0,0
2024-08-10,38.0,4.5,30.5,46.5,25.0,26.0,25.0,29.5,0.0,12.0,5.5,1.5,50.5,29.0,25.0,14.5,26.5,13.5,21.0,12.5,37.0,30.0,27.0,7.5,0.0,30.0,33.5,1.0,5.0,28.5,13.0,10.0,46.5,1.5,13.0,21.5,0.0,,,0.0,0,0,0,0,0,0,0,0,0,0,0,0,0,0,0,0,0,0,0,0,0,0,0,0,0,0,0,0,0,0,0,0,0,0,0,0,0,0,0,0
2024-08-11,45.0,16.0,16.0,57.5,111.0,110.5,115.5,110.5,11.0,,74.5,83.0,121.5,52.5,14.0,79.5,30.5,50.5,46.0,59.5,33.0,42.0,21.0,127.5,20.0,33.0,37.0,19.0,,44.0,105.0,17.0,75.0,87.0,80.0,50.5,10.5,,,0.0,0,0,0,0,0,0,0,0,0,0,0,0,0,0,0,0,0,0,0,0,0,0,0,0,0,0,0,0,0,0,0,0,0,0,0,0,0,0,0,0
2024-08-12,0.5,0.5,0.5,0.0,0.0,0.0,0.5,0.0,2.0,,0.0,0.0,1.0,0.0,0.5,0.5,0.5,0.5,0.5,0.5,1.0,0.5,0.5,0.5,2.0,0.5,0.5,1.5,,1.5,0.5,1.0,1.0,0.5,0.5,1.0,1.5,,,4.0,0,0,0,0,0,0,0,0,0,0,0,0,0,0,0,0,0,0,0,0,0,0,0,0,0,0,0,0,0,0,0,0,0,0,0,0,0,0,0,0
2024-08-13,0.0,0.0,0.0,0.0,0.0,0.0,0.0,0.0,0.0,,0.0,0.0,0.0,1.0,,0.0,0.0,0.0,4.5,0.0,0.0,0.0,0.0,0.0,0.0,0.0,0.0,0.0,,0.0,0.0,0.0,0.0,0.0,0.0,1.5,0.0,,,0.0,0,0,0,0,0,0,0,0,0,0,0,0,0,0,0,0,0,0,0,0,0,0,0,0,0,0,0,0,0,0,0,0,0,0,0,0,0,0,0,0
2024-08-14,13.5,15.5,22.5,0.0,0.0,12.0,11.0,12.5,0.5,,15.0,0.5,0.0,0.5,32.5,1.0,7.0,2.5,0.0,1.5,0.5,17.5,7.0,10.5,1.5,1.5,1.0,1.5,,3.5,3.0,2.5,0.0,0.5,26.0,0.0,2.0,,,2.5,0,0,0,0,0,0,0,0,0,0,0,0,0,0,0,0,0,0,0,0,0,0,0,0,0,0,0,0,0,0,0,0,0,0,0,0,0,0,0,0
2024-08-15,14.5,48.5,31.5,9.0,5.5,53.0,41.0,78.0,36.0,,112.0,22.0,22.5,27.5,6.5,6.0,11.0,10.0,13.0,18.5,4.5,35.5,10.0,21.5,24.5,11.5,5.0,14.0,,24.5,6.0,20.5,6.0,23.5,36.5,11.0,80.0,,,5.5,0,0,0,0,0,0,0,0,0,0,0,0,0,0,0,0,0,0,0,0,0,0,0,0,0,0,0,0,0,0,0,0,0,0,0,0,0,0,0,0
2024-08-16,0.0,2.0,2.5,69.0,17.0,44.5,46.0,117.5,0.5,29.0,26.0,94.5,71.0,87.5,2.0,16.5,4.5,22.0,104.0,55.5,76.0,4.5,3.0,10.5,0.5,13.0,57.0,16.5,,3.5,65.0,2.5,39.0,92.0,10.5,99.0,0.0,,,22.5,0,0,0,0,0,0,0,0,0,0,0,0,0,0,0,0,0,0,0,0,0,0,0,0,0,0,0,0,0,0,0,0,0,0,0,0,0,0,0,0
2024-08-17,0.0,0.0,0.0,0.0,0.5,0.0,0.0,0.0,0.0,,6.0,0.0,0.0,0.0,0.0,0.0,0.5,0.0,2.0,0.0,0.5,0.0,0.0,7.0,0.5,0.5,0.5,0.5,,0.0,0.5,1.0,0.0,0.0,24.0,3.5,0.0,,,0.5,0,0,0,0,0,0,0,0,0,0,0,0,0,0,0,0,0,0,0,0,0,0,0,0,0,0,0,0,0,0,0,0,0,0,0,0,0,0,0,0
2024-08-18,60.0,31.0,28.0,39.5,34.5,12.0,16.0,14.5,9.0,,24.5,73.5,59.0,22.5,25.0,42.5,22.0,32.0,24.0,63.0,41.0,36.5,26.5,19.5,8.0,17.5,40.5,13.0,,85.5,15.0,12.0,75.5,57.0,18.0,34.0,17.0,,,12.0,0,0,0,0,0,0,0,0,0,0,0,0,0,0,0,0,0,0,0,0,0,0,0,0,0,0,0,0,0,0,0,0,0,0,0,0,0,0,0,0
2024-08-19,5.0,0.0,0.5,0.0,0.5,0.0,0.5,0.0,0.0,,0.0,0.0,0.5,0.0,0.0,0.0,0.0,0.0,0.0,0.0,5.0,7.0,0.0,0.0,0.0,0.0,1.0,0.0,,0.0,0.0,0.0,0.5,0.0,0.0,0.0,0.0,,,0.0,0,0,0,0,0,0,0,0,0,0,0,0,0,0,0,0,0,0,0,0,0,0,0,0,0,0,0,0,0,0,0,0,0,0,0,0,0,0,0,0
2024-08-20,5.5,6.0,7.0,3.5,13.5,57.5,46.0,68.5,3.5,,80.5,24.5,2.5,4.5,5.5,10.5,40.5,11.0,6.0,7.5,36.0,1.0,28.0,16.5,4.5,22.0,24.0,9.0,,3.5,47.0,16.5,3.5,21.5,27.5,5.0,4.5,,,11.0,0,0,0,0,0,0,0,0,0,0,0,0,0,0,0,0,0,0,0,0,0,0,0,0,0,0,0,0,0,0,0,0,0,0,0,0,0,0,0,0
2024-08-21,5.5,25.0,24.5,54.5,20.5,35.5,39.5,36.5,33.0,,29.0,32.0,21.0,39.0,31.0,30.0,22.5,25.5,74.5,30.0,28.0,4.0,23.5,22.5,26.5,22.0,36.5,30.0,,25.5,26.0,29.5,34.5,45.5,24.5,60.5,22.5,,,38.5,0,0,0,0,0,0,0,0,0,0,0,0,0,0,0,0,0,0,0,0,0,0,0,0,0,0,0,0,0,0,0,0,0,0,0,0,0,0,0,0
2024-08-22,55.0,86.0,95.5,58.5,30.5,22.5,15.5,21.5,38.0,61.0,27.5,14.5,105.0,82.0,38.0,37.5,121.0,109.0,120.0,128.0,114.5,35.5,100.0,44.0,64.0,121.0,99.0,125.0,,43.5,25.0,98.5,174.0,15.0,50.5,101.0,12.5,,,74.0,0,0,0,0,0,0,0,0,0,0,0,0,0,0,0,0,0,0,0,0,0,0,0,0,0,0,0,0,0,0,0,0,0,0,0,0,0,0,0,0
2024-08-23,1.0,1.5,1.0,0.0,1.5,1.0,1.0,1.0,1.5,2.0,1.5,0.0,1.5,0.5,1.0,1.0,1.0,0.5,1.0,1.0,1.5,1.0,1.0,1.5,1.0,0.5,1.0,1.0,,1.5,1.5,1.0,1.5,1.5,1.0,1.0,1.0,,,1.0,0,0,0,0,0,0,0,0,0,0,0,0,0,0,0,0,0,0,0,0,0,0,0,0,0,0,0,0,0,0,0,0,0,0,0,0,0,0,0,0
2024-08-24,2.0,0.0,0.5,23.0,49.5,69.5,63.0,42.5,0.0,3.5,37.5,20.5,1.5,7.5,0.0,54.0,14.5,15.5,11.5,22.0,6.0,17.5,4.5,46.0,0.0,3.5,8.0,0.5,,0.5,30.0,0.0,27.5,19.5,43.5,20.5,0.0,,,40.5,0,0,0,0,0,0,0,0,0,0,0,0,0,0,0,0,0,0,0,0,0,0,0,0,0,0,0,0,0,0,0,0,0,0,0,0,0,0,0,0
2024-08-25,,1.5,5.0,0.0,2.5,0.5,0.5,7.0,0.0,2.0,0.5,0.5,2.0,0.0,2.5,9.0,8.5,15.0,0.5,15.0,2.5,7.5,13.5,1.0,0.0,3.0,3.0,1.5,,0.0,1.0,2.0,1.0,0.0,0.5,0.5,0.5,,,2.5,0,0,0,0,0,0,0,0,0,0,0,0,0,0,0,0,0,0,0,0,0,0,0,0,0,0,0,0,0,0,0,0,0,0,0,0,0,0,0,0
2024-08-26,86.5,57.5,60.0,16.5,39.5,39.5,46.0,20.5,17.5,10.0,32.0,31.0,76.5,17.5,52.0,57.0,62.5,52.0,21.0,56.5,48.0,54.5,55.5,57.0,33.5,54.5,39.5,33.5,,66.0,62.0,39.5,60.5,37.5,34.5,30.5,17.0,,,39.5,0,0,0,0,0,0,0,0,0,0,0,0,0,0,0,0,0,0,0,0,0,0,0,0,0,0,0,0,0,0,0,0,0,0,0,0,0,0,0,0
2024-08-27,52.0,63.5,46.5,61.5,75.5,99.0,76.0,60.5,16.5,56.0,49.0,87.5,58.5,86.0,51.5,69.5,40.0,50.0,119.0,62.0,81.5,40.5,43.0,25.0,21.5,29.5,85.5,47.0,,39.5,59.5,71.0,66.0,85.5,32.0,101.5,9.0,,,53.5,0,0,0,0,0,0,0,0,0,0,0,0,0,0,0,0,0,0,0,0,0,0,0,0,0,0,0,0,0,0,0,0,0,0,0,0,0,0,0,0
2024-08-28,18.5,7.0,24.5,55.5,30.5,9.0,11.5,10.0,2.5,13.0,12.5,35.0,31.0,24.5,64.0,57.5,61.0,38.5,21.0,58.5,7.0,13.5,39.0,8.0,15.0,76.5,4.5,6.5,,17.0,15.5,19.0,9.5,38.0,9.0,5.5,3.5,,,53.5,0,0,0,0,0,0,0,0,0,0,0,0,0,0,0,0,0,0,0,0,0,0,0,0,0,0,0,0,0,0,0,0,0,0,0,0,0,0,0,0
2024-08-29,40.0,12.5,11.5,26.5,63.0,29.0,29.0,39.0,7.0,45.0,44.5,13.0,17.0,27.0,10.0,34.0,14.5,19.0,41.5,27.0,29.0,33.0,18.0,21.0,9.0,17.5,30.0,12.5,,13.0,33.5,10.0,24.0,17.0,30.0,34.0,8.0,,,36.0,0,0,0,0,0,0,0,0,0,0,0,0,0,0,0,0,0,0,0,0,0,0,0,0,0,0,0,0,0,0,0,0,0,0,0,0,0,0,0,0
2024-08-30,,0.0,0.0,0.0,0.0,0.0,0.0,0.0,0.0,0.0,0.0,0.0,0.0,0.0,0.0,0.0,0.0,0.0,0.0,0.0,0.0,0.0,0.0,0.0,0.0,0.0,0.0,0.0,,0.0,0.0,0.0,0.0,0.0,0.0,0.0,0.0,,,0.0,0,0,0,0,0,0,0,0,0,0,0,0,0,0,0,0,0,0,0,0,0,0,0,0,0,0,0,0,0,0,0,0,0,0,0,0,0,0,0,0
2024-08-31,0.0,0.0,0.0,18.5,0.0,0.5,1.0,1.5,0.0,8.0,0.0,9.0,0.0,3.0,0.5,47.0,0.0,5.5,1.0,28.5,0.0,0.0,0.0,0.0,1.0,0.0,0.0,0.0,0.0,0.0,0.5,0.0,0.0,7.5,0.0,0.5,12.5,,,4.0,0,0,0,0,0,0,0,0,0,0,0,0,0,0,0,0,0,0,0,0,0,0,0,0,0,0,0,0,0,0,0,0,0,0,0,0,0,0,0,0
2024-09-01,4.5,4.0,2.0,0.0,1.5,0.0,0.0,0.0,0.5,15.5,0.0,0.5,0.5,0.0,0.0,37.5,7.0,8.5,0.5,9.0,2.0,2.0,12.5,1.0,1.0,0.0,1.5,0.0,3.0,12.5,0.0,0.5,1.5,0.0,0.0,0.5,0.5,,,36.5,0,0,0,0,0,0,0,0,0,0,0,0,0,0,0,0,0,0,0,0,0,0,0,0,0,0,0,0,0,0,0,0,0,0,0,0,0,0,0,0
2024-09-02,1.5,46.5,59.5,15.0,2.0,2.0,1.5,3.0,12.5,2.5,11.0,0.0,1.0,11.0,,27.0,28.0,15.5,17.0,11.5,4.5,1.5,11.5,5.5,22.5,19.0,5.0,25.0,0.0,0.0,21.5,42.5,7.0,0.0,11.5,9.5,21.5,,,61.5,0,0,0,0,0,0,0,0,0,0,0,0,0,0,0,0,0,0,0,0,0,0,0,0,0,0,0,0,0,0,0,0,0,0,0,0,0,0,0,0
2024-09-03,6.5,3.0,17.5,0.5,13.0,2.5,1.5,59.5,0.5,16.0,13.5,0.0,0.5,0.0,46.5,5.5,33.0,4.0,0.5,3.0,0.0,5.5,11.0,25.0,0.5,0.0,0.0,6.5,7.5,4.5,0.5,3.0,17.5,0.0,27.5,0.5,3.5,,,6.0,0,0,0,0,0,0,0,0,0,0,0,0,0,0,0,0,0,0,0,0,0,0,0,0,0,0,0,0,0,0,0,0,0,0,0,0,0,0,0,0
2024-09-04,14.0,3.5,3.0,3.5,4.5,4.5,5.0,4.5,3.0,2.5,13.5,3.0,9.5,4.0,2.0,4.0,4.5,4.0,6.0,4.5,5.5,41.0,0.5,39.5,3.5,0.0,6.0,4.0,10.0,3.0,4.5,4.0,6.0,5.0,11.0,4.5,2.5,,,4.0,0,0,0,0,0,0,0,0,0,0,0,0,0,0,0,0,0,0,0,0,0,0,0,0,0,0,0,0,0,0,0,0,0,0,0,0,0,0,0,0
2024-09-05,0.5,0.0,0.5,0.0,0.0,0.0,0.0,0.0,0.0,0.0,0.5,0.0,0.5,0.0,0.0,0.0,0.0,0.0,0.0,0.0,0.0,0.5,0.5,0.5,0.0,0.0,0.5,0.0,1.5,0.0,0.0,0.0,0.5,0.0,0.0,0.0,0.0,,,2.0,0,0,0,0,0,0,0,0,0,0,0,0,0,0,0,0,0,0,0,0,0,0,0,0,0,0,0,0,0,0,0,0,0,0,0,0,0,0,0,0
2024-09-06,0.5,0.0,0.0,0.0,0.0,,0.0,0.0,0.0,0.0,0.0,0.0,0.0,0.0,0.0,0.5,0.0,0.0,0.0,0.0,0.0,0.0,0.0,6.5,0.0,0.0,0.0,0.0,0.0,0.0,0.0,0.0,0.0,0.0,0.0,0.0,0.0,,,0.0,0,0,0,0,0,0,0,0,0,0,0,0,0,0,0,0,0,0,0,0,0,0,0,0,0,0,0,0,0,0,0,0,0,0,0,0,0,0,0,0
2024-09-07,1.0,2.0,6.0,10.5,6.5,1.5,0.0,0.0,31.5,1.0,0.0,1.5,0.0,7.5,21.0,0.0,0.5,0.0,12.5,0.0,10.5,2.0,0.0,2.0,4.0,0.0,8.0,2.0,2.0,1.0,21.5,11.0,0.0,3.0,5.5,14.5,14.0,,,0.0,0,0,0,0,0,0,0,0,0,0,0,0,0,0,0,0,0,0,0,0,0,0,0,0,0,0,0,0,0,0,0,0,0,0,0,0,0,0,0,0
2024-09-08,7.5,21.0,14.0,11.0,14.5,12.0,13.0,11.0,39.0,12.0,9.5,11.5,22.0,11.0,13.0,15.5,15.0,13.5,14.5,14.5,16.0,8.5,0.0,8.0,42.0,11.5,17.0,31.5,9.0,23.0,13.0,40.5,19.0,15.0,8.5,16.0,38.0,,,19.0,0,0,0,0,0,0,0,0,0,0,0,0,0,0,0,0,0,0,0,0,0,0,0,0,0,0,0,0,0,0,0,0,0,0,0,0,0,0,0,0
2024-09-09,9.0,27.5,23.5,11.0,11.0,8.5,9.5,8.0,23.0,9.0,7.0,8.0,24.0,13.0,28.5,18.0,45.0,24.5,14.5,24.5,16.5,10.0,0.0,5.5,53.5,30.5,16.0,48.0,8.5,37.0,10.5,119.5,20.5,9.0,5.0,14.0,34.5,,,21.5,0,0,0,0,0,0,0,0,0,0,0,0,0,0,0,0,0,0,0,0,0,0,0,0,0,0,0,0,0,0,0,0,0,0,0,0,0,0,0,0
2024-09-10,17.0,15.5,21.5,1.0,6.0,11.5,5.0,4.0,9.5,19.5,4.0,2.0,26.5,2.0,3.0,2.5,0.5,0.5,0.5,0.5,1.0,8.5,0.5,2.5,11.0,0.0,4.5,12.0,2.0,1.5,11.0,20.0,31.0,2.5,2.0,1.5,17.0,,,6.0,0,0,0,0,0,0,0,0,0,0,0,0,0,0,0,0,0,0,0,0,0,0,0,0,0,0,0,0,0,0,0,0,0,0,0,0,0,0,0,0
2024-09-11,2.0,0.0,0.0,0.0,0.0,0.0,0.0,0.0,1.0,0.5,0.5,0.0,0.0,0.0,0.0,0.0,0.0,0.0,0.5,0.0,0.5,1.5,0.0,0.5,1.0,0.0,0.0,0.0,1.0,0.0,0.0,0.5,0.0,0.5,0.0,0.0,0.0,,,0.0,0,0,0,0,0,0,0,0,0,0,0,0,0,0,0,0,0,0,0,0,0,0,0,0,0,0,0,0,0,0,0,0,0,0,0,0,0,0,0,0
2024-09-12,5.5,26.5,2.5,1.0,0.0,7.5,6.5,9.0,15.0,0.5,14.5,3.0,24.0,1.0,0.0,0.0,0.5,0.0,25.0,0.0,2.5,8.0,0.0,16.0,1.5,0.0,4.0,0.0,0.0,17.0,0.5,26.5,9.0,2.0,15.5,2.0,25.0,,,0.5,0,0,0,0,0,0,0,0,0,0,0,0,0,0,0,0,0,0,0,0,0,0,0,0,0,0,0,0,0,0,0,0,0,0,0,0,0,0,0,0
2024-09-13,1.0,0.0,0.0,0.0,0.0,0.5,0.0,1.0,0.0,0.0,0.0,0.0,0.0,0.0,0.0,0.0,3.0,0.0,0.5,0.0,0.0,2.0,0.0,0.0,0.0,0.5,0.0,0.0,0.0,0.0,0.0,0.5,0.0,0.0,1.0,0.0,0.0,,,0.0,0,0,0,0,0,0,0,0,0,0,0,0,0,0,0,0,0,0,0,0,0,0,0,0,0,0,0,0,0,0,0,0,0,0,0,0,0,0,0,0
2024-09-14,0.0,0.0,0.0,0.0,0.0,0.0,0.0,0.0,0.0,0.0,0.0,0.0,0.0,0.0,,0.0,0.0,0.0,0.0,0.0,0.0,0.0,0.0,0.0,0.0,0.0,0.0,0.0,0.0,0.0,0.0,0.0,0.0,0.0,0.0,0.0,0.0,,,0.0,0,0,0,0,0,0,0,0,0,0,0,0,0,0,0,0,0,0,0,0,0,0,0,0,0,0,0,0,0,0,0,0,0,0,0,0,0,0,0,0
2024-09-15,0.0,0.0,0.0,0.0,0.0,0.0,0.0,0.0,0.0,0.0,0.0,0.0,0.0,0.0,0.0,0.0,0.0,0.0,0.0,0.0,0.0,0.0,0.0,0.0,0.0,0.0,0.0,0.0,0.0,0.0,0.0,0.0,0.0,0.0,0.0,0.0,0.0,,,0.0,0,0,0,0,0,0,0,0,0,0,0,0,0,0,0,0,0,0,0,0,0,0,0,0,0,0,0,0,0,0,0,0,0,0,0,0,0,0,0,0
2024-09-16,0.0,0.0,0.0,0.0,0.0,0.0,0.0,0.0,0.0,0.0,0.0,0.0,0.0,0.0,0.0,0.0,0.0,0.0,0.0,0.0,0.0,0.0,0.0,0.0,0.0,0.0,0.0,0.0,0.0,0.0,0.0,0.0,0.0,0.0,0.0,0.0,0.0,,,0.0,0,0,0,0,0,0,0,0,0,0,0,0,0,0,0,0,0,0,0,0,0,0,0,0,0,0,0,0,0,0,0,0,0,0,0,0,0,0,0,0
2024-09-17,0.0,0.0,0.0,0.0,0.0,0.0,0.0,0.0,0.0,0.0,0.0,0.0,0.0,0.0,0.0,0.0,0.0,0.0,0.0,0.0,0.0,0.0,0.0,0.0,0.0,0.0,0.0,0.0,0.0,0.0,0.0,0.0,0.0,0.0,0.0,0.5,0.5,,,0.0,0,0,0,0,0,0,0,0,0,0,0,0,0,0,0,0,0,0,0,0,0,0,0,0,0,0,0,0,0,0,0,0,0,0,0,0,0,0,0,0
2024-09-18,1.0,0.0,0.0,0.0,0.5,0.5,0.5,1.0,0.0,2.0,0.5,0.0,0.0,0.0,0.0,0.0,0.0,0.0,0.0,0.0,0.0,1.5,0.0,2.5,0.0,0.0,0.0,0.0,2.0,0.0,0.5,0.0,0.0,0.0,1.0,0.0,0.0,,,0.0,0,0,0,0,0,0,0,0,0,0,0,0,0,0,0,0,0,0,0,0,0,0,0,0,0,0,0,0,0,0,0,0,0,0,0,0,0,0,0,0
2024-09-19,0.0,0.0,0.0,0.0,0.0,0.0,0.0,0.0,0.0,0.0,0.0,0.0,0.0,0.0,0.0,0.0,0.0,0.0,0.0,0.0,0.0,0.5,0.0,0.0,0.0,0.0,0.0,0.0,0.0,0.0,0.0,0.0,0.0,0.0,0.0,0.0,0.0,,,0.0,0,0,0,0,0,0,0,0,0,0,0,0,0,0,0,0,0,0,0,0,0,0,0,0,0,0,0,0,0,0,0,0,0,0,0,0,0,0,0,0
2024-09-20,0.0,0.0,2.0,0.0,0.0,0.0,0.0,0.0,0.0,0.0,0.0,0.0,0.0,0.0,7.0,0.5,0.0,0.0,0.0,0.0,0.0,0.0,0.0,0.0,0.0,0.0,0.0,0.0,0.0,0.0,0.0,0.0,0.0,0.0,0.0,0.0,0.0,,,6.5,0,0,0,0,0,0,0,0,0,0,0,0,0,0,0,0,0,0,0,0,0,0,0,0,0,0,0,0,0,0,0,0,0,0,0,0,0,0,0,0
2024-09-21,0.5,43.5,56.0,0.0,0.0,0.0,0.0,0.0,11.0,1.0,5.0,0.0,12.5,1.0,5.5,1.5,9.0,4.5,2.0,10.0,26.5,0.0,0.0,0.5,16.5,1.5,26.5,42.0,1.5,0.0,0.0,24.0,22.0,0.0,2.0,15.5,1.5,,,1.0,0,0,0,0,0,0,0,0,0,0,0,0,0,0,0,0,0,0,0,0,0,0,0,0,0,0,0,0,0,0,0,0,0,0,0,0,0,0,0,0
2024-09-22,3.0,61.5,53.0,27.0,45.5,51.0,49.0,19.5,0.5,29.0,8.5,32.0,0.0,14.0,2.0,4.0,29.0,22.5,23.5,23.5,46.0,3.0,0.0,4.5,0.0,2.0,39.0,2.0,2.5,0.0,25.5,6.0,0.5,36.5,4.0,40.0,0.0,,,22.5,0,0,0,0,0,0,0,0,0,0,0,0,0,0,0,0,0,0,0,0,0,0,0,0,0,0,0,0,0,0,0,0,0,0,0,0,0,0,0,0
2024-09-23,0.0,0.0,0.0,0.0,0.0,0.0,0.0,0.0,0.0,0.0,0.5,0.0,0.0,0.0,0.5,0.5,0.5,0.0,0.5,0.5,0.0,0.5,0.0,0.0,0.0,0.0,0.0,0.0,0.0,0.0,0.0,0.0,0.0,0.0,0.5,0.0,0.0,,,0.0,0,0,0,0,0,0,0,0,0,0,0,0,0,0,0,0,0,0,0,0,0,0,0,0,0,0,0,0,0,0,0,0,0,0,0,0,0,0,0,0
2024-09-24,0.0,2.0,1.5,12.5,0.0,9.0,12.5,5.0,0.0,0.0,34.0,38.0,1.5,0.0,0.0,0.0,3.5,0.5,0.0,1.5,0.0,0.0,0.0,44.5,0.0,0.0,0.0,0.0,3.0,0.0,0.5,0.0,0.0,39.0,45.0,0.0,0.0,,,0.0,0,0,0,0,0,0,0,0,0,0,0,0,0,0,0,0,0,0,0,0,0,0,0,0,0,0,0,0,0,0,0,0,0,0,0,0,0,0,0,0
2024-09-25,29.0,22.5,18.0,5.5,19.5,4.5,3.5,12.0,37.0,29.5,14.5,2.5,56.5,29.5,33.0,23.0,11.5,11.0,25.5,8.0,63.0,25.0,0.0,51.0,44.0,24.0,77.0,29.5,23.5,25.5,4.0,17.5,29.0,3.5,39.5,51.5,26.5,,,27.5,0,0,0,0,0,0,0,0,0,0,0,0,0,0,0,0,0,0,0,0,0,0,0,0,0,0,0,0,0,0,0,0,0,0,0,0,0,0,0,0
2024-09-26,0.5,0.0,0.0,0.0,0.0,0.0,0.0,0.5,9.5,0.5,3.0,2.0,1.0,0.0,0.0,0.5,0.0,0.0,0.0,0.0,0.0,0.0,0.0,0.5,7.0,0.0,0.0,2.0,0.0,0.5,1.0,0.5,0.0,1.5,1.5,0.0,0.5,,,0.0,0,0,0,0,0,0,0,0,0,0,0,0,0,0,0,0,0,0,0,0,0,0,0,0,0,0,0,0,0,0,0,0,0,0,0,0,0,0,0,0
2024-09-27,0.0,0.0,0.0,0.0,0.0,0.0,0.5,0.0,0.0,0.0,0.0,0.0,0.0,0.0,0.0,0.0,0.0,0.0,0.0,0.0,0.0,0.0,0.0,0.0,0.0,0.0,0.0,0.0,0.0,0.0,0.0,0.0,0.0,0.0,0.0,0.0,0.0,,,0.0,0,0,0,0,0,0,0,0,0,0,0,0,0,0,0,0,0,0,0,0,0,0,0,0,0,0,0,0,0,0,0,0,0,0,0,0,0,0,0,0
2024-09-28,0.0,0.0,0.0,0.0,0.0,0.0,0.0,0.0,0.0,0.0,0.0,0.0,0.0,0.0,0.0,0.0,0.0,0.0,0.0,0.0,0.0,0.0,0.0,0.0,0.0,0.0,0.0,0.0,0.0,0.0,0.0,0.0,0.0,0.0,0.0,0.0,0.0,,,0.0,0,0,0,0,0,0,0,0,0,0,0,0,0,0,0,0,0,0,0,0,0,0,0,0,0,0,0,0,0,0,0,0,0,0,0,0,0,0,0,0
2024-09-29,24.0,3.5,9.5,3.0,7.0,5.5,6.0,6.0,16.0,5.5,20.5,3.5,3.5,6.5,27.5,14.0,4.0,4.0,27.0,3.0,8.0,14.5,0.0,4.0,6.5,0.5,10.5,2.0,12.5,5.0,3.5,3.0,6.5,5.0,6.0,9.5,31.0,,,19.5,0,0,0,0,0,0,0,0,0,0,0,0,0,0,0,0,0,0,0,0,0,0,0,0,0,0,0,0,0,0,0,0,0,0,0,0,0,0,0,0
2024-09-30,6.5,59.0,1.5,0.5,0.5,0.5,0.0,0.0,0.5,0.5,4.5,0.0,3.5,14.0,10.5,1.5,1.5,0.5,25.5,1.0,17.5,23.5,0.5,39.0,1.5,5.5,17.0,49.0,6.5,3.0,0.5,57.0,4.5,0.0,20.0,18.5,1.0,,,1.5,0,0,0,0,0,0,0,0,0,0,0,0,0,0,0,0,0,0,0,0,0,0,0,0,0,0,0,0,0,0,0,0,0,0,0,0,0,0,0,0
2024-10-01,4.0,0.0,0.0,0.0,0.0,21.5,11.5,2.0,0.0,0.0,0.5,1.0,0.5,0.0,0.5,0.0,0.0,0.0,0.0,0.5,0.0,2.5,0.0,0.0,0.0,0.0,0.0,0.5,2.0,0.0,0.5,0.5,0.0,1.0,0.0,0.0,0.0,,,0.0,0,0,0,0,0,0,0,0,0,0,0,0,0,0,0,0,0,0,0,0,0,0,0,0,0,0,0,0,0,0,0,0,0,0,0,0,0,0,0,0
2024-10-02,10.0,28.0,36.5,17.5,53.5,50.5,44.0,23.0,34.0,24.5,9.5,18.0,18.0,40.0,18.0,32.5,47.5,45.5,25.5,36.0,19.0,10.0,48.0,9.5,43.5,21.0,19.5,41.0,9.0,24.5,41.5,36.5,23.0,17.0,8.0,33.0,39.0,,,47.0,0,0,0,0,0,0,0,0,0,0,0,0,0,0,0,0,0,0,0,0,0,0,0,0,0,0,0,0,0,0,0,0,0,0,0,0,0,0,0,0
2024-10-03,0.0,0.5,0.0,0.0,0.0,0.0,0.0,4.5,0.5,0.0,0.0,0.0,0.0,0.0,23.0,0.0,0.0,0.0,0.0,0.0,0.0,2.5,0.0,2.0,0.5,0.0,0.5,0.0,7.5,0.0,0.0,0.0,0.0,0.0,0.0,0.0,0.0,,,0.0,0,0,0,0,0,0,0,0,0,0,0,0,0,0,0,0,0,0,0,0,0,0,0,0,0,0,0,0,0,0,0,0,0,0,0,0,0,0,0,0
2024-10-04,6.5,6.0,1.0,2.5,6.5,3.0,3.0,3.5,17.0,21.0,2.5,2.5,15.0,3.5,0.5,0.5,1.0,0.0,3.0,0.5,5.0,3.0,0.5,11.5,7.0,1.0,4.5,3.0,10.5,19.0,21.0,3.5,10.0,2.5,43.5,4.0,29.0,,,11.5,0,0,0,0,0,0,0,0,0,0,0,0,0,0,0,0,0,0,0,0,0,0,0,0,0,0,0,0,0,0,0,0,0,0,0,0,0,0,0,0
2024-10-05,,,,,,7.5,,,,,,,,,7.5,,,,,,,,,,,,,,,,,,,,,,,,,,0,0,0,0,0,0,0,0,0,0,0,0,0,0,0,0,0,0,0,0,0,0,0,0,0,0,0,0,0,0,0,0,0,0,0,0,0,0,0,0
2024-10-06,0.0,0.5,0.0,10.5,34.0,0.0,0.0,0.5,1.5,0.5,14.5,0.0,0.0,27.0,0.0,8.0,0.0,0.0,8.0,1.5,0.0,0.5,0.0,1.5,0.0,0.0,0.0,0.0,0.5,0.0,0.5,0.0,3.0,0.0,0.5,3.0,0.5,,,0.0,0,0,0,0,0,0,0,0,0,0,0,0,0,0,0,0,0,0,0,0,0,0,0,0,0,0,0,0,0,0,0,0,0,0,0,0,0,0,0,0
2024-10-07,3.0,2.0,8.0,0.0,0.5,3.0,1.5,2.5,2.0,1.5,2.5,6.5,0.0,0.5,27.0,13.5,1.5,2.0,1.5,2.5,0.0,0.0,1.5,1.0,1.0,2.5,0.5,0.0,4.0,0.0,0.0,0.5,0.0,12.5,1.5,1.5,5.0,,,19.5,0,0,0,0,0,0,0,0,0,0,0,0,0,0,0,0,0,0,0,0,0,0,0,0,0,0,0,0,0,0,0,0,0,0,0,0,0,0,0,0
2024-10-08,0.5,0.0,0.0,0.0,0.0,0.0,0.0,0.5,1.0,0.0,0.0,0.0,0.0,0.0,0.5,0.0,0.0,0.0,0.0,0.0,0.0,0.0,0.0,0.5,0.5,0.0,0.0,0.0,0.0,0.5,0.0,0.0,0.0,0.0,0.0,0.0,1.5,,,0.5,0,0,0,0,0,0,0,0,0,0,0,0,0,0,0,0,0,0,0,0,0,0,0,0,0,0,0,0,0,0,0,0,0,0,0,0,0,0,0,0
2024-10-09,6.0,7.0,0.5,3.5,1.0,0.0,0.0,0.0,0.0,0.0,0.0,20.0,0.0,23.0,0.0,3.5,3.5,17.0,,16.5,0.5,0.5,5.0,0.0,0.5,1.0,0.0,5.0,0.0,0.0,0.0,13.5,1.0,28.5,0.0,0.0,0.0,,,9.0,0,0,0,0,0,0,0,0,0,0,0,0,0,0,0,0,0,0,0,0,0,0,0,0,0,0,0,0,0,0,0,0,0,0,0,0,0,0,0,0
2024-10-10,14.5,4.5,3.0,3.0,6.5,1.5,2.0,2.0,0.5,7.0,0.0,14.0,0.5,0.0,2.0,2.0,3.0,1.0,0.0,0.5,5.0,3.5,3.5,0.5,0.0,0.0,0.5,0.0,2.0,0.0,2.5,0.0,0.0,16.0,2.0,1.5,1.5,,,7.0,0,0,0,0,0,0,0,0,0,0,0,0,0,0,0,0,0,0,0,0,0,0,0,0,0,0,0,0,0,0,0,0,0,0,0,0,0,0,0,0
2024-10-11,,93.5,104.0,74.5,62.5,,19.5,30.0,71.0,34.0,37.0,20.5,50.5,87.5,50.5,119.5,122.0,91.0,,86.5,77.0,10.0,119.0,69.5,101.0,110.0,79.5,113.5,63.0,51.5,57.5,118.5,66.0,19.5,54.0,87.0,69.0,,,109.0,0,0,0,0,0,0,0,0,0,0,0,0,0,0,0,0,0,0,0,0,0,0,0,0,0,0,0,0,0,0,0,0,0,0,0,0,0,0,0,0
2024-10-12,0.0,0.0,1.0,0.0,0.0,0.5,0.5,0.0,0.0,0.5,0.0,0.0,0.0,0.0,0.0,0.5,0.0,0.0,0.0,0.0,0.0,0.5,0.0,1.0,0.0,0.0,0.5,0.0,0.5,0.5,0.5,0.5,0.0,0.5,0.0,0.0,0.0,,,0.0,0,0,0,0,0,0,0,0,0,0,0,0,0,0,0,0,0,0,0,0,0,0,0,0,0,0,0,0,0,0,0,0,0,0,0,0,0,0,0,0
2024-10-13,18.5,0.5,0.0,12.5,33.5,41.5,46.0,22.0,0.0,15.5,3.5,58.0,19.5,12.0,5.5,9.5,1.0,0.5,15.5,0.5,19.0,4.5,0.5,28.0,1.0,8.5,10.5,12.0,11.5,3.5,38.0,10.5,28.5,51.5,17.0,27.0,0.0,,,11.0,0,0,0,0,0,0,0,0,0,0,0,0,0,0,0,0,0,0,0,0,0,0,0,0,0,0,0,0,0,0,0,0,0,0,0,0,0,0,0,0
2024-10-14,7.5,5.5,4.0,59.0,81.5,52.0,44.5,52.5,11.5,,81.0,22.0,108.5,28.5,0.5,60.5,16.5,24.5,45.0,11.5,59.0,5.5,11.0,144.0,2.0,22.0,61.5,10.0,16.5,7.0,104.5,5.0,128.0,22.0,86.0,37.0,0.0,,,49.5,0,0,0,0,0,0,0,0,0,0,0,0,0,0,0,0,0,0,0,0,0,0,0,0,0,0,0,0,0,0,0,0,0,0,0,0,0,0,0,0
2024-10-15,8.0,4.0,4.0,22.5,47.0,1.0,1.0,2.0,0.5,,7.0,3.5,34.5,3.0,0.0,37.5,31.0,9.5,12.5,8.0,18.5,24.5,17.0,35.5,0.0,2.5,15.0,2.0,24.5,0.5,0.5,0.5,10.0,8.0,27.0,2.0,0.5,,,22.0,0,0,0,0,0,0,0,0,0,0,0,0,0,0,0,0,0,0,0,0,0,0,0,0,0,0,0,0,0,0,0,0,0,0,0,0,0,0,0,0
2024-10-16,2.0,23.5,7.0,0.0,0.0,0.0,0.0,2.0,70.0,16.5,17.0,24.0,19.0,7.0,1.5,0.0,7.5,3.5,37.0,0.5,29.5,1.0,2.0,27.5,35.5,29.5,23.5,37.5,0.5,7.0,16.0,25.5,19.0,32.5,20.0,49.5,11.0,,,0.0,0,0,0,0,0,0,0,0,0,0,0,0,0,0,0,0,0,0,0,0,0,0,0,0,0,0,0,0,0,0,0,0,0,0,0,0,0,0,0,0
2024-10-17,13.5,11.5,23.0,5.5,9.5,13.5,12.5,8.0,12.5,13.5,11.5,3.0,4.5,3.5,35.0,13.0,11.0,8.0,5.0,7.5,6.0,14.5,12.5,9.0,12.5,11.0,7.0,13.5,9.5,17.5,15.0,13.0,8.0,3.5,12.5,5.0,13.5,,,24.5,0,0,0,0,0,0,0,0,0,0,0,0,0,0,0,0,0,0,0,0,0,0,0,0,0,0,0,0,0,0,0,0,0,0,0,0,0,0,0,0
2024-10-18,22.5,2.0,1.5,7.0,12.5,,11.0,4.5,4.0,7.0,4.5,2.0,27.5,3.5,0.5,0.5,0.5,0.5,3.5,2.5,8.0,15.0,0.5,16.0,15.5,6.0,7.0,24.5,49.0,16.5,14.5,2.5,14.0,3.0,7.5,4.5,6.5,,,0.5,0,0,0,0,0,0,0,0,0,0,0,0,0,0,0,0,0,0,0,0,0,0,0,0,0,0,0,0,0,0,0,0,0,0,0,0,0,0,0,0
2024-10-19,6.0,2.0,2.0,0.5,1.5,,1.0,1.0,2.0,1.5,3.0,0.0,1.0,1.0,3.0,1.5,2.0,1.5,1.0,1.5,1.0,15.0,2.0,12.0,1.0,1.5,1.0,1.5,3.0,1.0,1.5,1.5,1.0,0.5,15.0,1.0,2.0,,,2.5,0,0,0,0,0,0,0,0,0,0,0,0,0,0,0,0,0,0,0,0,0,0,0,0,0,0,0,0,0,0,0,0,0,0,0,0,0,0,0,0
2024-10-20,25.5,4.0,2.5,8.5,14.5,,26.0,23.5,2.0,72.5,50.0,43.0,4.0,26.5,1.0,18.5,5.0,9.5,8.5,9.5,12.0,42.5,4.0,47.5,5.5,5.5,11.0,5.5,39.5,2.5,22.5,8.0,11.5,40.0,55.0,12.5,5.5,,,8.0,0,0,0,0,0,0,0,0,0,0,0,0,0,0,0,0,0,0,0,0,0,0,0,0,0,0,0,0,0,0,0,0,0,0,0,0,0,0,0,0
2024-10-21,0.5,0.0,0.0,0.0,0.5,,0.0,0.5,0.0,0.5,0.0,0.5,0.5,1.0,0.5,0.5,0.0,0.0,0.5,0.0,0.5,0.0,0.0,0.0,3.0,0.0,0.5,0.5,0.0,0.0,0.5,0.5,0.5,0.5,0.5,1.0,0.5,,,0.0,0,0,0,0,0,0,0,0,0,0,0,0,0,0,0,0,0,0,0,0,0,0,0,0,0,0,0,0,0,0,0,0,0,0,0,0,0,0,0,0
2024-10-22,0.0,0.0,0.5,0.5,0.0,,0.0,0.0,0.0,0.0,0.0,0.0,0.0,0.0,0.0,0.0,0.0,0.0,0.0,0.5,0.0,0.0,0.0,0.0,0.0,0.0,0.0,0.0,0.0,0.0,0.0,0.0,0.0,0.0,0.0,0.0,0.0,,,0.0,0,0,0,0,0,0,0,0,0,0,0,0,0,0,0,0,0,0,0,0,0,0,0,0,0,0,0,0,0,0,0,0,0,0,0,0,0,0,0,0
2024-10-23,0.0,0.0,0.0,0.0,0.0,0.0,0.0,0.0,0.0,0.0,0.0,0.0,0.0,0.0,0.0,0.0,0.0,0.0,0.0,0.0,0.0,0.0,0.0,0.0,0.0,0.0,0.0,0.0,0.0,0.0,0.0,0.0,0.0,0.0,0.0,0.0,0.0,,,0.0,0,0,0,0,0,0,0,0,0,0,0,0,0,0,0,0,0,0,0,0,0,0,0,0,0,0,0,0,0,0,0,0,0,0,0,0,0,0,0,0
2024-10-24,0.0,0.0,0.0,0.5,0.0,,0.0,0.0,0.0,0.0,0.0,0.0,0.0,0.0,0.0,0.0,0.0,0.0,0.0,0.0,0.0,0.0,0.0,0.0,0.0,0.0,0.0,0.0,0.0,0.0,0.0,0.0,0.0,0.0,0.0,0.0,0.0,,,0.0,0,0,0,0,0,0,0,0,0,0,0,0,0,0,0,0,0,0,0,0,0,0,0,0,0,0,0,0,0,0,0,0,0,0,0,0,0,0,0,0
2024-10-25,0.0,0.0,0.0,0.0,0.0,,0.0,0.0,0.0,0.0,0.0,0.0,0.0,4.5,0.0,0.0,0.0,0.0,4.5,0.0,0.0,0.0,0.0,0.0,0.0,0.0,0.0,0.0,0.0,0.0,0.0,0.0,0.0,0.0,0.0,5.0,0.0,,,0.0,0,0,0,0,0,0,0,0,0,0,0,0,0,0,0,0,0,0,0,0,0,0,0,0,0,0,0,0,0,0,0,0,0,0,0,0,0,0,0,0
2024-10-26,,,,,,,,,,,,,,,,,,,,,,,,,,,,,,,,,,,,,,,,,0,0,0,0,0,0,0,0,0,0,0,0,0,0,0,0,0,0,0,0,0,0,0,0,0,0,0,0,0,0,0,0,0,0,0,0,0,0,0,0
2024-10-27,0.0,0.0,0.5,0.0,0.0,,0.0,0.0,0.0,0.0,0.0,0.0,0.0,0.0,0.0,0.0,0.0,0.0,0.0,0.0,0.0,0.0,0.0,0.0,0.0,0.0,0.0,0.5,0.0,0.0,0.0,0.0,0.0,0.0,0.0,0.0,0.0,,,0.0,0,0,0,0,0,0,0,0,0,0,0,0,0,0,0,0,0,0,0,0,0,0,0,0,0,0,0,0,0,0,0,0,0,0,0,0,0,0,0,0
2024-10-28,0.0,22.0,12.5,14.0,21.5,,0.0,0.0,0.0,0.0,0.5,0.0,0.0,0.0,10.0,28.5,12.5,5.0,1.0,3.0,0.0,0.0,33.0,0.0,1.5,3.5,0.0,8.5,0.0,2.0,20.5,7.5,3.5,0.0,0.0,0.0,9.0,,,15.5,0,0,0,0,0,0,0,0,0,0,0,0,0,0,0,0,0,0,0,0,0,0,0,0,0,0,0,0,0,0,0,0,0,0,0,0,0,0,0,0
2024-10-29,0.0,0.0,0.0,0.0,0.5,,0.0,0.0,0.5,0.0,0.0,0.0,7.0,0.0,0.5,0.0,0.0,0.0,0.0,0.0,0.0,0.0,0.0,0.0,0.0,0.0,0.0,0.0,0.0,0.0,0.0,0.0,0.0,0.0,0.0,0.0,0.0,,,0.0,0,0,0,0,0,0,0,0,0,0,0,0,0,0,0,0,0,0,0,0,0,0,0,0,0,0,0,0,0,0,0,0,0,0,0,0,0,0,0,0
2024-10-30,0.0,16.0,18.5,14.5,44.5,,33.5,45.5,6.0,9.5,6.0,25.0,8.0,33.5,13.0,38.0,12.0,16.5,15.0,30.5,25.0,0.0,15.5,32.5,2.0,26.0,22.5,29.5,1.5,33.5,36.0,7.0,54.5,,49.0,28.5,3.0,,,51.0,0,0,0,0,0,0,0,0,0,0,0,0,0,0,0,0,0,0,0,0,0,0,0,0,0,0,0,0,0,0,0,0,0,0,0,0,0,0,0,0
2024-10-31,2.0,10.0,0.5,15.5,2.0,,18.0,29.0,4.5,26.5,37.0,26.5,5.5,14.5,0.5,2.0,1.0,1.0,25.5,9.0,9.0,1.5,0.0,2.5,2.0,8.5,7.0,2.0,0.5,22.0,9.0,1.0,16.5,31.5,12.5,4.5,0.5,,,17.0,0,0,0,0,0,0,0,0,0,0,0,0,0,0,0,0,0,0,0,0,0,0,0,0,0,0,0,0,0,0,0,0,0,0,0,0,0,0,0,0
2024-11-01,3.0,0.0,0.0,0.0,0.0,,3.5,3.0,0.0,14.5,3.5,14.0,0.0,1.0,0.0,0.0,0.0,0.0,0.5,0.0,0.0,12.5,0.0,0.0,0.0,0.0,0.0,0.0,0.0,0.0,0.0,0.0,1.5,24.5,1.0,0.0,0.0,,,0.0,0,0,0,0,0,0,0,0,0,0,0,0,0,0,0,0,0,0,0,0,0,0,0,0,0,0,0,0,0,0,0,0,0,0,0,0,0,0,0,0
2024-11-02,0.0,0.0,0.0,0.0,0.0,,0.0,0.0,0.0,0.0,0.5,0.0,0.0,0.0,0.0,0.0,0.0,1.5,0.5,2.0,0.0,4.5,0.0,23.0,0.0,0.0,0.0,0.0,0.0,0.0,0.0,0.0,0.0,0.0,,0.0,0.0,,,0.0,0,0,0,0,0,0,0,0,0,0,0,0,0,0,0,0,0,0,0,0,0,0,0,0,0,0,0,0,0,0,0,0,0,0,0,0,0,0,0,0
2024-11-03,14.0,5.5,0.0,0.0,0.0,,9.0,0.0,0.0,0.0,1.0,4.0,0.0,3.0,0.0,3.5,25.0,24.5,5.5,14.0,3.5,13.5,42.5,1.0,0.0,36.0,13.0,0.0,17.5,0.0,1.0,0.5,4.0,3.5,2.5,1.0,0.0,,,25.5,0,0,0,0,0,0,0,0,0,0,0,0,0,0,0,0,0,0,0,0,0,0,0,0,0,0,0,0,0,0,0,0,0,0,0,0,0,0,0,0
2024-11-04,1.0,0.5,4.5,7.0,0.5,,1.0,8.5,0.0,0.5,18.0,0.0,6.5,13.0,0.0,22.0,1.5,12.5,0.0,11.0,15.5,0.0,0.0,5.5,0.0,0.0,1.5,0.0,13.0,0.0,12.5,0.0,1.0,0.0,2.5,1.5,0.0,,,23.0,0,0,0,0,0,0,0,0,0,0,0,0,0,0,0,0,0,0,0,0,0,0,0,0,0,0,0,0,0,0,0,0,0,0,0,0,0,0,0,0
2024-11-05,11.0,0.0,0.5,0.0,8.5,,0.0,9.0,0.0,26.0,2.0,0.5,16.5,0.0,0.0,0.0,0.0,0.0,0.0,0.0,0.0,4.0,0.0,27.5,4.5,3.0,0.5,1.0,17.5,38.0,0.0,0.0,0.5,1.5,28.0,0.0,0.0,,,2.0,0,0,0,0,0,0,0,0,0,0,0,0,0,0,0,0,0,0,0,0,0,0,0,0,0,0,0,0,0,0,0,0,0,0,0,0,0,0,0,0
2024-11-06,22.5,14.0,27.0,0.0,2.5,,0.0,0.0,5.0,0.5,0.0,1.5,6.0,0.5,2.0,2.0,2.5,0.5,0.5,1.0,9.5,21.5,3.5,0.5,4.0,0.5,5.0,3.0,1.5,12.0,0.5,34.0,0.0,2.0,1.5,1.0,2.5,,,38.0,0,0,0,0,0,0,0,0,0,0,0,0,0,0,0,0,0,0,0,0,0,0,0,0,0,0,0,0,0,0,0,0,0,0,0,0,0,0,0,0
2024-11-07,10.5,12.5,18.5,2.5,13.5,,9.5,26.0,0.0,30.5,2.0,2.5,37.5,4.5,10.5,12.0,84.5,20.0,3.0,3.5,14.5,17.5,59.5,1.0,0.0,5.5,7.0,30.0,4.0,0.0,47.0,13.5,13.0,4.0,2.5,10.0,0.0,,,30.0,0,0,0,0,0,0,0,0,0,0,0,0,0,0,0,0,0,0,0,0,0,0,0,0,0,0,0,0,0,0,0,0,0,0,0,0,0,0,0,0
2024-11-08,0.5,15.0,6.5,0.0,2.0,,5.0,2.5,4.0,4.0,2.5,7.0,23.0,3.5,10.5,2.0,25.5,5.0,0.0,1.5,1.5,0.0,17.5,2.5,6.5,2.5,0.0,2.5,0.0,18.0,1.5,16.0,9.0,4.5,0.5,0.5,7.0,,,1.5,0,0,0,0,0,0,0,0,0,0,0,0,0,0,0,0,0,0,0,0,0,0,0,0,0,0,0,0,0,0,0,0,0,0,0,0,0,0,0,0
2024-11-09,0.5,6.5,7.0,0.5,0.0,,0.0,2.0,6.0,0.0,3.5,0.0,0.0,0.0,4.5,0.0,0.5,0.0,0.0,0.0,0.0,12.0,0.5,2.5,2.0,0.0,0.0,0.0,33.5,0.5,0.0,0.5,0.0,0.5,2.0,0.0,6.0,,,0.0,0,0,0,0,0,0,0,0,0,0,0,0,0,0,0,0,0,0,0,0,0,0,0,0,0,0,0,0,0,0,0,0,0,0,0,0,0,0,0,0
2024-11-10,21.5,0.5,0.0,0.0,21.5,,7.0,22.5,1.5,0.5,20.0,0.0,31.5,40.0,0.0,0.5,7.5,4.5,6.5,2.5,20.5,9.0,5.0,17.5,11.5,0.5,17.0,0.0,0.0,0.0,6.5,1.5,35.0,0.5,27.5,18.5,3.5,,,0.0,0,0,0,0,0,0,0,0,0,0,0,0,0,0,0,0,0,0,0,0,0,0,0,0,0,0,0,0,0,0,0,0,0,0,0,0,0,0,0,0
2024-11-11,6.0,2.5,1.0,0.0,1.0,,5.0,37.5,5.0,10.5,10.5,0.0,15.0,1.0,1.5,0.0,0.5,0.0,1.5,0.0,3.5,20.5,0.0,1.5,4.5,0.5,3.5,3.0,2.5,4.0,21.5,2.5,4.0,0.0,1.5,2.5,37.0,,,0.0,0,0,0,0,0,0,0,0,0,0,0,0,0,0,0,0,0,0,0,0,0,0,0,0,0,0,0,0,0,0,0,0,0,0,0,0,0,0,0,0
2024-11-12,,0.0,0.0,0.0,1.0,,0.0,0.0,0.0,20.5,0.5,0.0,0.0,0.0,0.0,5.5,0.0,0.0,0.5,0.0,0.0,9.5,0.0,1.5,0.0,0.0,0.0,0.0,9.5,0.0,0.5,0.0,0.0,0.0,3.0,0.5,0.0,,,7.5,0,0,0,0,0,0,0,0,0,0,0,0,0,0,0,0,0,0,0,0,0,0,0,0,0,0,0,0,0,0,0,0,0,0,0,0,0,0,0,0
2024-11-13,,0.0,0.0,0.5,0.5,,0.0,0.0,6.0,0.0,0.0,0.0,3.0,0.0,26.0,0.0,0.0,0.0,0.0,0.0,0.0,0.5,0.0,0.0,6.0,0.0,0.0,0.5,0.0,11.0,1.5,0.5,8.0,0.5,0.0,0.0,9.5,,,0.0,0,0,0,0,0,0,0,0,0,0,0,0,0,0,0,0,0,0,0,0,0,0,0,0,0,0,0,0,0,0,0,0,0,0,0,0,0,0,0,0
2024-11-14,24.0,0.0,0.0,1.0,0.0,,29.0,4.0,0.0,30.0,0.5,97.0,0.5,0.0,0.0,0.0,0.5,0.0,0.0,0.0,0.0,6.0,0.0,10.0,0.0,0.0,0.5,0.0,53.0,2.5,15.0,0.0,0.0,99.5,0.5,0.0,0.0,,,2.5,0,0,0,0,0,0,0,0,0,0,0,0,0,0,0,0,0,0,0,0,0,0,0,0,0,0,0,0,0,0,0,0,0,0,0,0,0,0,0,0
2024-11-15,28.5,19.5,3.0,2.5,18.0,,44.5,56.0,4.0,,66.0,,17.5,2.0,2.0,2.5,5.0,4.0,3.0,7.5,2.0,29.5,6.0,74.5,3.0,4.5,3.0,2.5,14.0,29.0,11.0,3.0,6.0,,103.0,1.5,1.5,,,4.0,0,0,0,0,0,0,0,0,0,0,0,0,0,0,0,0,0,0,0,0,0,0,0,0,0,0,0,0,0,0,0,0,0,0,0,0,0,0,0,0
2024-11-16,1.5,2.0,4.5,6.0,18.0,,6.5,11.5,0.5,1.5,9.5,16.5,1.5,0.0,0.0,1.0,0.0,0.0,2.0,0.0,0.5,1.0,0.0,4.0,0.0,1.5,0.5,1.0,0.5,0.5,3.0,1.5,0.5,20.5,5.0,0.5,0.0,,,0.0,0,0,0,0,0,0,0,0,0,0,0,0,0,0,0,0,0,0,0,0,0,0,0,0,0,0,0,0,0,0,0,0,0,0,0,0,0,0,0,0
2024-11-17,,0.0,0.0,1.0,0.5,,0.5,5.0,7.5,3.5,22.0,1.0,0.0,2.0,1.5,0.0,0.0,0.0,2.0,4.0,0.0,18.5,0.0,27.5,12.5,0.0,0.0,1.5,63.0,1.0,0.5,0.5,0.0,0.5,24.0,0.5,38.5,,,0.5,0,0,0,0,0,0,0,0,0,0,0,0,0,0,0,0,0,0,0,0,0,0,0,0,0,0,0,0,0,0,0,0,0,0,0,0,0,0,0,0
2024-11-18,,14.0,23.5,17.0,16.0,,6.0,6.5,49.5,10.0,16.0,4.5,6.0,17.5,35.5,12.5,10.0,8.5,14.5,12.5,6.0,1.0,11.0,6.0,24.5,5.5,6.0,4.5,4.0,7.5,6.5,8.5,4.5,4.0,6.0,9.0,56.0,,,17.5,0,0,0,0,0,0,0,0,0,0,0,0,0,0,0,0,0,0,0,0,0,0,0,0,0,0,0,0,0,0,0,0,0,0,0,0,0,0,0,0
2024-11-19,,26.0,18.5,11.0,7.5,,65.5,41.0,31.0,46.5,24.5,67.5,16.0,14.5,59.0,16.5,23.0,15.0,26.0,15.0,12.5,24.0,23.0,37.0,29.0,35.5,10.5,12.0,45.5,24.0,76.5,20.5,24.5,65.5,31.5,20.5,51.5,,,17.0,0,0,0,0,0,0,0,0,0,0,0,0,0,0,0,0,0,0,0,0,0,0,0,0,0,0,0,0,0,0,0,0,0,0,0,0,0,0,0,0
2024-11-20,,13.0,12.0,10.5,9.0,5.5,8.5,8.0,15.5,7.5,11.0,8.0,19.0,17.0,12.0,13.0,13.5,13.0,20.0,14.0,22.5,43.5,12.5,54.0,17.0,13.0,21.5,14.5,58.0,24.0,8.5,15.5,21.5,10.5,23.5,19.5,12.5,,,12.5,0,0,0,0,0,0,0,0,0,0,0,0,0,0,0,0,0,0,0,0,0,0,0,0,0,0,0,0,0,0,0,0,0,0,0,0,0,0,0,0
2024-11-21,,0.0,0.0,0.0,27.5,,7.5,5.5,0.0,9.5,10.0,8.5,0.0,0.0,0.0,2.0,0.0,0.0,0.0,0.0,0.0,18.0,0.0,28.0,0.0,0.0,0.0,0.0,5.0,0.0,16.5,0.0,0.0,7.0,4.0,0.0,0.0,,,0.0,0,0,0,0,0,0,0,0,0,0,0,0,0,0,0,0,0,0,0,0,0,0,0,0,0,0,0,0,0,0,0,0,0,0,0,0,0,0,0,0
2024-11-22,,13.5,10.0,3.5,2.0,,7.0,42.5,43.5,5.5,21.5,16.5,25.5,2.5,24.0,41.5,16.5,8.0,33.5,11.5,21.0,0.5,13.0,8.0,45.0,5.5,25.5,11.5,6.0,26.5,8.0,15.0,46.5,13.0,14.0,21.0,6.5,,,25.5,0,0,0,0,0,0,0,0,0,0,0,0,0,0,0,0,0,0,0,0,0,0,0,0,0,0,0,0,0,0,0,0,0,0,0,0,0,0,0,0
2024-11-23,,0.0,0.0,3.0,2.5,,0.0,1.0,0.0,0.0,30.5,0.5,0.0,0.0,0.5,32.5,0.0,2.0,1.5,6.5,0.5,31.5,0.0,51.5,0.0,0.5,1.0,1.0,8.5,0.0,0.0,0.0,1.5,0.5,42.0,1.5,0.0,,,6.0,0,0,0,0,0,0,0,0,0,0,0,0,0,0,0,0,0,0,0,0,0,0,0,0,0,0,0,0,0,0,0,0,0,0,0,0,0,0,0,0
2024-11-24,,12.5,14.5,0.0,0.5,,0.0,0.5,0.5,0.0,0.0,1.0,6.0,0.0,0.0,4.5,6.0,3.5,0.5,3.5,5.0,12.5,4.0,9.0,7.0,1.0,6.5,17.0,0.0,0.0,0.5,14.0,20.0,2.0,1.5,0.0,1.0,,,8.5,0,0,0,0,0,0,0,0,0,0,0,0,0,0,0,0,0,0,0,0,0,0,0,0,0,0,0,0,0,0,0,0,0,0,0,0,0,0,0,0
2024-11-25,,1.0,0.5,0.5,0.5,,0.5,1.0,1.0,0.5,0.5,0.5,1.0,0.5,0.5,0.5,0.5,1.0,0.5,0.5,3.5,3.5,0.5,0.5,1.5,0.5,2.5,0.5,0.0,0.0,0.5,1.0,8.0,1.0,0.5,0.5,1.0,,,0.5,0,0,0,0,0,0,0,0,0,0,0,0,0,0,0,0,0,0,0,0,0,0,0,0,0,0,0,0,0,0,0,0,0,0,0,0,0,0,0,0
2024-11-26,3.0,16.0,7.0,16.5,50.0,,11.0,27.5,4.5,59.0,18.0,9.5,47.0,9.0,6.0,2.0,5.0,2.0,2.0,1.5,10.0,7.5,7.5,18.5,2.5,2.5,5.5,2.5,23.0,2.5,54.5,3.0,8.5,10.0,15.0,10.5,5.0,,,3.5,0,0,0,0,0,0,0,0,0,0,0,0,0,0,0,0,0,0,0,0,0,0,0,0,0,0,0,0,0,0,0,0,0,0,0,0,0,0,0,0
2024-11-27,,11.0,1.0,30.0,12.5,,19.5,2.0,2.0,27.0,0.5,5.0,8.0,12.5,27.5,33.5,30.0,64.0,13.5,33.5,6.0,13.0,22.5,21.5,14.5,32.0,6.0,7.5,11.0,6.5,2.0,4.0,16.5,11.0,17.5,8.5,5.0,,,3.0,0,0,0,0,0,0,0,0,0,0,0,0,0,0,0,0,0,0,0,0,0,0,0,0,0,0,0,0,0,0,0,0,0,0,0,0,0,0,0,0
2024-11-28,48.5,7.5,6.0,7.0,62.0,,25.5,19.5,2.5,5.0,4.5,10.0,,5.5,4.0,17.0,6.5,6.5,6.0,7.0,5.5,18.0,6.5,10.0,4.0,6.5,5.5,3.0,45.0,0.5,46.0,5.5,3.0,14.0,6.5,4.5,0.0,,,30.5,0,0,0,0,0,0,0,0,0,0,0,0,0,0,0,0,0,0,0,0,0,0,0,0,0,0,0,0,0,0,0,0,0,0,0,0,0,0,0,0
2024-11-29,16.0,26.5,21.5,27.0,8.5,,4.0,9.0,26.0,41.5,8.5,13.0,,31.0,25.5,53.5,31.0,14.0,31.5,11.5,46.5,5.5,33.0,13.5,29.0,13.0,42.0,42.5,14.5,33.5,7.5,18.5,55.5,13.5,6.0,17.0,36.0,,,49.0,0,0,0,0,0,0,0,0,0,0,0,0,0,0,0,0,0,0,0,0,0,0,0,0,0,0,0,0,0,0,0,0,0,0,0,0,0,0,0,0
2024-11-30,0.0,0.5,0.0,0.0,0.0,,0.0,0.5,1.0,0.0,0.0,0.0,,0.5,0.5,0.0,0.0,0.0,0.0,0.5,0.5,0.5,0.5,0.5,0.0,0.0,0.0,0.0,0.0,0.0,0.5,0.0,0.0,0.0,0.5,0.5,0.5,,,0.0,0,0,0,0,0,0,0,0,0,0,0,0,0,0,0,0,0,0,0,0,0,0,0,0,0,0,0,0,0,0,0,0,0,0,0,0,0,0,0,0
2024-12-01,0.5,0.0,0.0,0.5,3.0,,17.0,10.0,7.5,0.0,0.0,0.0,,0.0,0.0,0.5,1.0,1.0,1.5,0.5,7.5,0.0,0.0,0.0,6.0,0.0,4.5,7.0,5.5,15.0,5.0,2.5,8.5,0.0,0.0,0.5,13.5,,,0.0,0,0,0,0,0,0,0,0,0,0,0,0,0,0,0,0,0,0,0,0,0,0,0,0,0,0,0,0,0,0,0,0,0,0,0,0,0,0,0,0
2024-12-02,1.5,12.0,13.0,1.5,4.0,,0.5,0.0,0.5,16.5,0.5,0.5,,0.5,23.5,15.5,7.0,6.5,1.5,7.5,0.0,1.0,8.0,1.0,1.5,10.5,0.5,2.5,4.5,0.0,1.0,5.5,0.5,1.0,0.5,1.0,1.5,,,16.5,0,0,0,0,0,0,0,0,0,0,0,0,0,0,0,0,0,0,0,0,0,0,0,0,0,0,0,0,0,0,0,0,0,0,0,0,0,0,0,0
2024-12-03,3.0,6.0,14.0,21.0,3.0,,5.5,5.5,49.0,23.0,4.5,6.5,2.5,29.0,16.0,6.0,6.0,3.5,38.0,9.0,21.5,1.0,2.0,18.5,40.5,15.5,25.5,17.0,35.5,2.0,58.5,13.5,14.0,12.5,8.0,37.0,54.5,,,3.5,0,0,0,0,0,0,0,0,0,0,0,0,0,0,0,0,0,0,0,0,0,0,0,0,0,0,0,0,0,0,0,0,0,0,0,0,0,0,0,0
2024-12-04,2.5,2.0,0.5,0.0,5.5,,0.0,0.0,18.5,13.5,0.5,0.0,1.5,0.0,14.0,6.5,6.5,3.5,0.0,2.5,0.0,0.5,5.5,0.5,17.0,0.0,0.0,2.5,7.5,2.5,0.5,0.0,5.5,0.0,1.5,0.5,21.0,,,2.5,0,0,0,0,0,0,0,0,0,0,0,0,0,0,0,0,0,0,0,0,0,0,0,0,0,0,0,0,0,0,0,0,0,0,0,0,0,0,0,0
2024-12-05,9.0,29.5,45.0,4.0,5.5,4.0,2.5,8.0,12.0,4.5,4.5,,39.5,3.0,21.5,5.5,37.5,17.0,7.5,10.5,42.0,10.5,32.0,19.0,7.5,41.0,57.5,40.5,4.5,18.0,4.5,51.0,50.5,0.5,19.0,7.0,5.5,,,8.5,0,0,0,0,0,0,0,0,0,0,0,0,0,0,0,0,0,0,0,0,0,0,0,0,0,0,0,0,0,0,0,0,0,0,0,0,0,0,0,0
2024-12-06,2.0,0.0,0.0,0.0,0.0,,0.0,0.5,0.5,0.0,0.0,0.0,0.5,0.0,0.0,1.0,1.0,0.5,0.5,0.0,0.0,1.0,3.0,0.5,0.0,0.0,0.5,0.0,0.5,0.0,0.5,0.5,0.5,0.0,,0.0,0.0,,,0.5,0,0,0,0,0,0,0,0,0,0,0,0,0,0,0,0,0,0,0,0,0,0,0,0,0,0,0,0,0,0,0,0,0,0,0,0,0,0,0,0
2024-12-07,0.0,0.0,0.5,0.0,12.5,,3.5,0.0,0.0,0.5,0.0,4.0,0.0,1.5,0.0,0.0,0.0,0.0,0.5,0.0,0.0,0.5,0.0,0.0,0.0,0.0,0.0,0.0,0.0,0.0,2.5,0.0,0.0,5.5,0.0,0.0,0.0,,,0.0,0,0,0,0,0,0,0,0,0,0,0,0,0,0,0,0,0,0,0,0,0,0,0,0,0,0,0,0,0,0,0,0,0,0,0,0,0,0,0,0
2024-12-08,0.0,2.5,3.5,1.5,4.5,,16.0,6.5,0.0,0.5,0.5,6.0,9.0,4.5,14.5,13.5,13.0,6.0,3.0,9.0,16.5,0.0,13.0,3.5,7.5,13.5,14.5,31.5,0.5,8.5,7.5,2.0,26.5,5.0,0.0,12.5,0.5,,,19.5,0,0,0,0,0,0,0,0,0,0,0,0,0,0,0,0,0,0,0,0,0,0,0,0,0,0,0,0,0,0,0,0,0,0,0,0,0,0,0,0
2024-12-09,22.5,5.5,6.5,0.5,0.5,,4.5,9.0,0.5,5.0,15.5,23.5,6.0,3.0,10.0,2.0,3.5,4.5,1.5,5.0,4.0,27.0,6.5,2.5,1.0,2.5,5.5,3.0,7.5,0.5,13.0,3.5,26.0,22.5,3.0,1.5,8.0,,,5.5,0,0,0,0,0,0,0,0,0,0,0,0,0,0,0,0,0,0,0,0,0,0,0,0,0,0,0,0,0,0,0,0,0,0,0,0,0,0,0,0
2024-12-10,13.5,1.5,0.5,7.0,10.5,,3.5,2.0,12.5,2.5,0.5,0.0,1.0,0.0,1.0,6.5,5.0,8.5,1.0,29.0,1.5,9.5,6.5,0.5,4.0,11.0,,12.0,13.5,2.0,7.0,4.0,2.5,0.0,0.5,0.5,2.5,,,2.0,0,0,0,0,0,0,0,0,0,0,0,0,0,0,0,0,0,0,0,0,0,0,0,0,0,0,0,0,0,0,0,0,0,0,0,0,0,0,0,0
2024-12-11,2.0,0.5,0.5,1.0,3.0,2.0,2.0,3.0,2.0,3.0,16.0,2.0,0.5,2.0,0.0,11.0,0.0,1.0,0.5,1.5,0.0,2.5,0.0,15.0,2.0,1.0,,0.0,3.0,0.0,8.5,0.5,0.0,2.5,10.5,1.0,0.0,,,3.0,0,0,0,0,0,0,0,0,0,0,0,0,0,0,0,0,0,0,0,0,0,0,0,0,0,0,0,0,0,0,0,0,0,0,0,0,0,0,0,0
2024-12-12,3.0,30.5,8.5,3.0,2.0,9.5,4.5,2.5,4.0,3.0,4.0,0.0,3.0,2.0,55.0,2.0,1.0,1.5,0.5,1.5,0.5,2.5,0.5,5.0,13.5,0.5,,8.5,1.0,4.5,4.0,20.5,0.5,0.5,14.0,1.0,0.5,,,2.0,0,0,0,0,0,0,0,0,0,0,0,0,0,0,0,0,0,0,0,0,0,0,0,0,0,0,0,0,0,0,0,0,0,0,0,0,0,0,0,0
2024-12-13,26.0,12.0,12.5,16.0,12.5,4.5,4.5,4.5,28.0,14.5,6.5,10.0,11.0,7.0,12.5,17.0,12.5,11.0,9.0,15.0,13.0,27.0,13.5,7.0,24.0,17.0,,17.0,30.0,13.5,10.0,15.5,13.5,10.5,6.0,7.5,16.0,,,25.0,0,0,0,0,0,0,0,0,0,0,0,0,0,0,0,0,0,0,0,0,0,0,0,0,0,0,0,0,0,0,0,0,0,0,0,0,0,0,0,0
2024-12-14,2.0,0.0,0.5,0.0,0.5,0.5,0.5,2.5,0.0,7.0,5.5,1.0,0.5,0.0,0.5,0.0,0.0,0.0,0.5,0.0,0.5,0.5,0.0,3.0,0.5,0.0,,0.0,0.0,0.0,0.0,0.5,0.5,1.0,0.5,0.5,0.5,,,0.0,0,0,0,0,0,0,0,0,0,0,0,0,0,0,0,0,0,0,0,0,0,0,0,0,0,0,0,0,0,0,0,0,0,0,0,0,0,0,0,0
2024-12-15,6.5,0.0,0.5,1.5,7.0,5.5,6.5,1.0,0.0,0.5,0.5,5.0,0.0,10.5,0.0,8.0,0.0,0.0,13.0,0.5,7.5,20.5,0.0,0.0,0.0,0.5,,0.0,0.0,0.0,8.0,0.0,0.0,5.0,0.0,8.0,0.0,,,7.5,0,0,0,0,0,0,0,0,0,0,0,0,0,0,0,0,0,0,0,0,0,0,0,0,0,0,0,0,0,0,0,0,0,0,0,0,0,0,0,0
2024-12-16,9.0,10.5,9.0,6.5,1.0,5.0,1.5,0.5,8.5,1.5,0.0,0.0,1.5,0.0,1.0,22.0,3.0,3.5,1.0,2.5,2.0,9.5,3.5,7.5,18.0,2.5,,11.0,7.5,7.0,12.5,8.5,2.0,0.0,5.0,1.0,0.5,,,24.5,0,0,0,0,0,0,0,0,0,0,0,0,0,0,0,0,0,0,0,0,0,0,0,0,0,0,0,0,0,0,0,0,0,0,0,0,0,0,0,0
2024-12-17,36.0,5.5,4.0,9.5,18.5,60.0,55.0,30.0,4.0,18.0,29.0,47.0,4.0,9.0,2.5,46.5,5.5,3.5,7.5,4.0,4.5,35.0,4.5,116.0,3.5,4.0,4.5,8.5,35.0,7.0,8.5,9.0,4.5,63.0,87.5,8.5,8.5,,,11.5,0,0,0,0,0,0,0,0,0,0,0,0,0,0,0,0,0,0,0,0,0,0,0,0,0,0,0,0,0,0,0,0,0,0,0,0,0,0,0,0
2024-12-18,41.0,82.0,89.5,48.0,13.0,25.0,19.0,34.5,46.0,15.0,91.0,68.5,95.5,81.0,16.0,11.0,30.0,18.5,61.5,34.0,49.5,34.5,51.0,104.5,109.0,24.0,42.0,80.5,49.0,92.5,14.0,69.0,107.0,70.5,101.0,68.5,21.0,,,18.5,0,0,0,0,0,0,0,0,0,0,0,0,0,0,0,0,0,0,0,0,0,0,0,0,0,0,0,0,0,0,0,0,0,0,0,0,0,0,0,0
2024-12-19,63.0,24.0,19.5,22.0,30.5,31.5,28.5,37.5,78.5,66.5,38.5,80.5,37.0,62.0,36.0,24.0,28.5,30.0,35.5,28.5,35.0,40.0,28.0,54.5,74.5,26.0,33.0,31.5,43.5,59.0,39.0,40.0,47.0,82.0,43.0,32.0,49.5,,,22.0,0,0,0,0,0,0,0,0,0,0,0,0,0,0,0,0,0,0,0,0,0,0,0,0,0,0,0,0,0,0,0,0,0,0,0,0,0,0,0,0
2024-12-20,5.0,57.5,53.0,25.0,26.5,18.5,17.5,30.5,51.0,26.0,17.5,31.0,64.0,33.5,43.5,35.0,55.0,47.5,40.0,43.5,56.0,4.0,50.5,12.0,79.5,48.0,55.5,60.5,8.5,91.5,26.0,68.5,74.0,30.5,14.5,42.5,41.5,,,39.5,0,0,0,0,0,0,0,0,0,0,0,0,0,0,0,0,0,0,0,0,0,0,0,0,0,0,0,0,0,0,0,0,0,0,0,0,0,0,0,0
2024-12-21,8.5,26.0,24.0,8.5,10.0,18.0,16.0,4.5,28.0,9.5,1.0,4.5,41.5,23.5,20.5,12.5,21.5,21.0,20.5,19.0,28.0,,19.0,26.0,14.5,20.0,26.5,22.0,14.5,19.0,18.0,20.0,35.5,6.0,12.0,21.0,8.0,,,30.0,0,0,0,0,0,0,0,0,0,0,0,0,0,0,0,0,0,0,0,0,0,0,0,0,0,0,0,0,0,0,0,0,0,0,0,0,0,0,0,0
2024-12-22,0.5,9.5,13.5,24.5,22.0,14.0,12.0,9.5,12.0,28.0,8.5,9.5,29.5,50.5,4.5,8.0,21.5,21.0,48.0,29.5,34.5,1.0,22.0,1.0,4.0,22.5,36.5,4.0,3.5,4.0,22.0,10.5,15.0,14.0,1.5,46.0,1.0,,,13.5,0,0,0,0,0,0,0,0,0,0,0,0,0,0,0,0,0,0,0,0,0,0,0,0,0,0,0,0,0,0,0,0,0,0,0,0,0,0,0,0
2024-12-23,10.0,0.0,0.5,0.5,0.0,0.0,0.0,0.0,0.0,0.0,0.0,0.0,0.0,0.0,0.0,0.0,0.0,0.0,0.0,0.0,0.5,8.5,0.0,0.0,0.0,0.0,1.5,0.0,9.0,1.5,0.0,0.0,1.5,0.0,0.0,0.5,0.0,,,0.0,0,0,0,0,0,0,0,0,0,0,0,0,0,0,0,0,0,0,0,0,0,0,0,0,0,0,0,0,0,0,0,0,0,0,0,0,0,0,0,0
2024-12-24,1.0,0.5,0.0,0.0,3.5,12.0,10.0,18.0,3.5,13.5,24.0,2.5,0.0,0.5,0.0,1.0,0.0,0.0,0.0,0.5,0.0,3.0,0.0,22.0,2.5,1.5,0.0,0.0,8.0,1.5,6.0,0.5,2.0,3.0,43.5,0.0,0.0,,,4.0,0,0,0,0,0,0,0,0,0,0,0,0,0,0,0,0,0,0,0,0,0,0,0,0,0,0,0,0,0,0,0,0,0,0,0,0,0,0,0,0
2024-12-25,11.0,0.0,0.5,0.0,5.5,0.5,0.5,0.5,0.0,1.0,5.5,0.0,0.0,0.0,0.0,0.0,0.0,0.0,0.0,0.0,0.0,0.5,0.0,9.0,0.0,0.0,0.0,0.0,16.5,0.0,3.0,0.0,0.0,0.0,3.0,1.0,0.0,,,0.0,0,0,0,0,0,0,0,0,0,0,0,0,0,0,0,0,0,0,0,0,0,0,0,0,0,0,0,0,0,0,0,0,0,0,0,0,0,0,0,0
2024-12-26,,2.5,3.5,1.5,9.5,2.0,1.0,9.5,0.5,44.5,18.0,19.0,3.0,2.0,0.0,15.0,15.0,6.0,1.0,6.5,2.0,,20.0,62.5,0.0,0.5,1.5,1.0,18.0,1.5,1.5,0.0,1.0,11.5,73.5,2.5,5.5,,,11.0,0,0,0,0,0,0,0,0,0,0,0,0,0,0,0,0,0,0,0,0,0,0,0,0,0,0,0,0,0,0,0,0,0,0,0,0,0,0,0,0
2024-12-27,1.0,5.0,5.0,1.5,1.5,0.5,0.5,0.5,3.0,0.0,0.0,0.0,1.5,1.0,4.5,2.0,5.0,4.0,2.0,3.5,1.5,1.5,5.0,0.5,4.0,4.0,2.0,5.5,0.5,3.5,1.0,7.0,2.5,0.5,0.5,1.5,3.5,,,3.0,0,0,0,0,0,0,0,0,0,0,0,0,0,0,0,0,0,0,0,0,0,0,0,0,0,0,0,0,0,0,0,0,0,0,0,0,0,0,0,0
2024-12-28,0.0,0.0,0.0,0.0,0.0,2.0,2.0,5.5,0.5,2.5,3.0,0.0,0.0,1.5,0.5,2.0,1.5,0.5,0.5,1.0,1.0,0.0,0.5,5.0,0.5,1.5,0.5,0.0,0.0,0.0,1.5,0.5,1.5,0.5,12.0,0.5,0.0,,,0.0,0,0,0,0,0,0,0,0,0,0,0,0,0,0,0,0,0,0,0,0,0,0,0,0,0,0,0,0,0,0,0,0,0,0,0,0,0,0,0,0
2024-12-29,0.0,0.0,0.0,0.0,0.0,0.0,0.0,0.5,0.0,5.5,5.5,0.0,2.5,0.0,1.0,0.0,0.0,0.0,0.0,0.5,0.0,0.0,0.0,0.0,0.0,0.0,0.0,0.0,0.0,0.5,0.0,0.0,4.5,0.0,0.5,0.5,3.5,,,0.0,0,0,0,0,0,0,0,0,0,0,0,0,0,0,0,0,0,0,0,0,0,0,0,0,0,0,0,0,0,0,0,0,0,0,0,0,0,0,0,0
2024-12-30,6.0,0.0,0.0,0.0,0.0,4.5,11.0,0.5,4.5,0.0,7.5,3.5,1.5,0.0,0.0,0.0,0.0,0.0,0.0,0.0,1.5,7.0,0.0,2.0,4.0,0.0,0.5,0.0,27.5,14.5,2.5,0.0,1.0,3.5,1.5,0.0,0.0,,,0.0,0,0,0,0,0,0,0,0,0,0,0,0,0,0,0,0,0,0,0,0,0,0,0,0,0,0,0,0,0,0,0,0,0,0,0,0,0,0,0,0
2024-12-31,3.5,77.0,61.5,8.5,15.0,3.0,3.0,1.0,33.5,1.0,1.5,0.5,53.5,19.0,48.5,31.5,52.5,40.0,23.0,36.0,40.0,9.0,48.5,5.0,25.0,46.0,40.5,69.0,5.0,48.0,9.0,73.5,55.5,3.0,2.5,29.0,10.5,,,42.0,0,0,0,0,0,0,0,0,0,0,0,0,0,0,0,0,0,0,0,0,0,0,0,0,0,0,0,0,0,0,0,0,0,0,0,0,0,0,0,0
2025-01-01,0.5,38.5,38.5,17.0,12.0,0.5,1.0,0.5,17.0,2.5,0.5,0.5,54.0,13.5,40.0,21.5,60.5,50.5,34.5,52.0,58.5,0.0,51.0,0.5,13.0,67.5,61.0,53.0,0.5,36.0,5.5,53.5,74.0,0.5,0.0,29.5,11.0,,,52.5,0,0,0,0,0,0,0,0,0,0,0,0,0,0,0,0,0,0,0,0,0,0,0,0,0,0,0,0,0,0,0,0,0,0,0,0,0,0,0,0
2025-01-02,0.0,0.5,0.5,18.5,9.0,28.5,34.0,5.0,7.5,0.0,0.5,20.0,0.0,2.5,0.0,12.0,4.5,6.5,2.0,2.5,2.5,0.0,2.0,7.5,9.5,8.0,2.5,0.0,0.5,5.0,15.5,0.5,0.0,28.0,1.0,2.0,0.5,,,9.5,0,0,0,0,0,0,0,0,0,0,0,0,0,0,0,0,0,0,0,0,0,0,0,0,0,0,0,0,0,0,0,0,0,0,0,0,0,0,0,0
2025-01-03,0.0,0.0,0.5,4.5,12.5,0.5,0.0,0.0,8.0,0.0,0.5,1.0,0.0,6.0,0.0,3.0,1.0,0.5,9.0,0.5,8.0,0.0,1.0,0.0,1.0,1.0,,0.0,0.0,0.0,0.0,0.5,0.0,1.5,0.0,16.0,10.0,,,1.0,0,0,0,0,0,0,0,0,0,0,0,0,0,0,0,0,0,0,0,0,0,0,0,0,0,0,0,0,0,0,0,0,0,0,0,0,0,0,0,0
2025-01-04,36.5,41.0,25.5,10.5,33.5,17.5,17.0,16.0,86.5,23.0,8.0,24.0,3.5,18.0,51.0,28.0,20.0,14.5,15.5,14.5,24.0,28.5,20.0,17.5,60.5,10.5,,31.0,25.0,53.5,30.0,29.0,5.5,31.0,18.0,14.0,67.0,,,22.0,0,0,0,0,0,0,0,0,0,0,0,0,0,0,0,0,0,0,0,0,0,0,0,0,0,0,0,0,0,0,0,0,0,0,0,0,0,0,0,0
2025-01-05,1.5,7.0,12.5,11.5,6.5,10.5,10.0,11.5,2.0,15.0,17.5,6.5,7.5,17.0,5.5,26.5,36.0,24.0,26.5,30.0,37.0,2.0,30.5,8.5,2.5,30.0,,9.0,2.0,5.5,4.0,6.5,14.5,8.0,4.5,29.5,0.5,,,26.5,0,0,0,0,0,0,0,0,0,0,0,0,0,0,0,0,0,0,0,0,0,0,0,0,0,0,0,0,0,0,0,0,0,0,0,0,0,0,0,0
2025-01-06,2.5,67.5,49.0,7.0,10.5,1.5,1.5,1.5,10.0,1.5,3.5,1.5,97.5,14.0,63.0,11.0,32.0,17.0,22.0,18.5,54.0,1.0,23.5,3.0,11.5,35.5,,61.5,3.0,7.0,10.0,94.5,123.5,0.5,6.5,39.0,24.5,,,8.5,0,0,0,0,0,0,0,0,0,0,0,0,0,0,0,0,0,0,0,0,0,0,0,0,0,0,0,0,0,0,0,0,0,0,0,0,0,0,0,0
2025-01-07,6.0,20.0,22.0,8.0,7.0,50.5,46.5,16.0,31.5,35.0,34.0,7.0,50.0,21.5,4.0,24.5,16.5,16.0,25.0,20.5,39.0,6.0,16.0,22.0,47.5,13.5,,33.5,12.5,54.5,38.0,38.5,47.5,8.5,20.0,31.0,12.5,,,20.5,0,0,0,0,0,0,0,0,0,0,0,0,0,0,0,0,0,0,0,0,0,0,0,0,0,0,0,0,0,0,0,0,0,0,0,0,0,0,0,0
2025-01-08,13.0,32.0,29.0,7.5,4.0,2.5,2.5,1.0,52.5,11.5,8.0,2.0,19.0,16.5,45.5,19.0,47.0,16.0,9.5,11.5,25.5,11.5,54.0,32.5,31.0,15.0,15.5,31.0,11.0,3.5,10.5,29.5,16.5,2.0,34.5,21.0,81.5,,,62.5,0,0,0,0,0,0,0,0,0,0,0,0,0,0,0,0,0,0,0,0,0,0,0,0,0,0,0,0,0,0,0,0,0,0,0,0,0,0,0,0
2025-01-09,0.5,33.5,15.0,24.0,17.0,3.0,1.5,4.0,51.0,2.0,1.0,11.5,40.5,8.5,21.5,7.5,12.5,12.0,43.0,33.0,47.0,0.5,8.0,5.0,65.0,41.5,68.5,85.0,7.0,23.0,2.5,61.5,50.5,12.0,4.5,25.0,34.0,,,4.5,0,0,0,0,0,0,0,0,0,0,0,0,0,0,0,0,0,0,0,0,0,0,0,0,0,0,0,0,0,0,0,0,0,0,0,0,0,0,0,0
2025-01-10,0.0,26.0,13.5,7.0,12.0,7.5,8.0,7.0,12.0,3.5,0.0,13.0,50.0,12.0,18.0,36.0,16.0,20.0,11.5,15.0,19.5,0.0,9.0,2.5,30.0,27.5,19.5,44.5,0.0,46.0,7.5,22.5,15.5,17.0,1.0,11.0,28.5,,,10.5,0,0,0,0,0,0,0,0,0,0,0,0,0,0,0,0,0,0,0,0,0,0,0,0,0,0,0,0,0,0,0,0,0,0,0,0,0,0,0,0
2025-01-11,51.5,31.0,38.0,41.0,50.0,42.0,38.5,70.5,23.0,38.0,51.5,97.5,114.0,35.5,26.5,65.0,51.0,35.5,63.0,35.5,80.5,51.5,53.5,59.0,21.5,49.5,79.0,36.5,31.5,66.0,81.5,50.5,122.0,81.0,45.5,60.0,37.5,,,84.5,0,0,0,0,0,0,0,0,0,0,0,0,0,0,0,0,0,0,0,0,0,0,0,0,0,0,0,0,0,0,0,0,0,0,0,0,0,0,0,0
2025-01-12,2.5,5.0,4.0,2.5,3.0,3.5,3.5,4.0,6.5,4.0,3.0,3.0,6.0,3.5,5.5,5.0,5.0,5.0,5.5,6.0,6.5,2.5,5.5,3.0,5.5,5.5,6.5,6.0,3.0,7.5,4.0,6.5,6.5,4.0,3.5,5.5,7.5,,,4.5,0,0,0,0,0,0,0,0,0,0,0,0,0,0,0,0,0,0,0,0,0,0,0,0,0,0,0,0,0,0,0,0,0,0,0,0,0,0,0,0
2025-01-13,63.0,100.0,47.5,29.5,10.5,23.0,20.0,24.5,21.5,18.5,42.0,46.0,78.0,45.5,26.0,18.0,46.5,41.0,23.5,48.0,26.0,76.0,50.5,23.0,29.5,35.0,28.5,87.0,25.0,61.0,12.0,81.5,73.5,38.0,22.5,28.5,96.0,,,27.0,0,0,0,0,0,0,0,0,0,0,0,0,0,0,0,0,0,0,0,0,0,0,0,0,0,0,0,0,0,0,0,0,0,0,0,0,0,0,0,0
2025-01-14,1.0,0.5,0.0,0.0,0.0,0.0,0.0,0.0,1.0,0.5,0.5,0.0,0.5,0.0,0.5,0.5,0.0,0.0,0.0,0.0,0.0,1.5,0.0,1.0,0.5,0.5,0.0,0.5,0.5,0.5,0.5,0.5,0.5,1.0,0.5,0.0,1.0,,,0.5,0,0,0,0,0,0,0,0,0,0,0,0,0,0,0,0,0,0,0,0,0,0,0,0,0,0,0,0,0,0,0,0,0,0,0,0,0,0,0,0
2025-01-15,4.5,0.0,0.0,0.0,0.0,0.0,0.0,0.0,21.0,14.0,9.5,0.5,16.5,1.5,0.0,0.0,0.0,0.0,5.5,0.0,0.5,2.5,0.0,43.5,0.5,0.0,1.0,0.0,11.0,0.0,0.0,0.0,11.5,0.0,25.0,0.0,0.0,,,0.0,0,0,0,0,0,0,0,0,0,0,0,0,0,0,0,0,0,0,0,0,0,0,0,0,0,0,0,0,0,0,0,0,0,0,0,0,0,0,0,0
2025-01-16,5.5,8.5,5.0,0.5,6.0,4.0,4.0,2.0,11.0,9.5,1.5,3.0,17.5,2.5,7.0,1.5,4.0,6.5,3.5,3.0,5.0,5.5,4.0,4.0,12.0,4.5,6.0,8.5,4.0,12.5,1.0,11.5,24.5,4.5,4.5,3.0,15.5,,,1.0,0,0,0,0,0,0,0,0,0,0,0,0,0,0,0,0,0,0,0,0,0,0,0,0,0,0,0,0,0,0,0,0,0,0,0,0,0,0,0,0
2025-01-17,1.5,33.5,4.5,0.5,0.0,12.0,6.0,7.5,21.0,0.5,3.0,4.0,4.5,4.0,6.5,1.5,2.5,0.5,0.5,0.5,2.5,1.5,6.5,24.5,5.0,1.5,1.5,2.0,8.0,3.0,3.0,8.5,9.5,4.5,15.0,4.0,20.0,,,0.5,0,0,0,0,0,0,0,0,0,0,0,0,0,0,0,0,0,0,0,0,0,0,0,0,0,0,0,0,0,0,0,0,0,0,0,0,0,0,0,0
2025-01-18,16.0,52.5,64.5,22.0,17.5,13.5,10.5,19.0,32.5,23.0,62.5,16.5,94.0,43.5,20.0,18.0,53.5,24.0,56.5,31.5,65.0,23.0,46.0,142.5,19.0,44.5,63.5,46.0,9.5,34.5,22.5,81.5,46.5,17.0,112.0,69.5,9.0,,,20.0,0,0,0,0,0,0,0,0,0,0,0,0,0,0,0,0,0,0,0,0,0,0,0,0,0,0,0,0,0,0,0,0,0,0,0,0,0,0,0,0
2025-01-19,58.5,92.0,86.0,51.5,93.0,46.0,45.0,45.5,108.5,64.5,63.5,26.0,60.0,62.5,89.5,108.0,95.0,89.0,76.0,98.5,91.0,34.0,96.0,53.0,111.0,92.5,85.5,105.0,45.0,74.0,55.0,118.0,63.5,29.5,54.0,93.0,103.5,,,105.5,0,0,0,0,0,0,0,0,0,0,0,0,0,0,0,0,0,0,0,0,0,0,0,0,0,0,0,0,0,0,0,0,0,0,0,0,0,0,0,0
2025-01-20,5.0,0.5,0.5,2.0,2.5,5.5,5.5,5.5,3.5,2.5,5.5,7.5,3.5,8.0,1.5,1.0,1.5,2.0,5.5,2.5,7.0,4.0,1.0,7.0,2.5,4.0,5.5,5.5,4.5,1.0,2.0,7.5,5.0,9.0,7.0,7.5,1.0,,,2.0,0,0,0,0,0,0,0,0,0,0,0,0,0,0,0,0,0,0,0,0,0,0,0,0,0,0,0,0,0,0,0,0,0,0,0,0,0,0,0,0
2025-01-21,38.0,188.0,184.5,91.0,61.5,82.5,71.5,113.0,129.5,95.5,94.5,109.0,248.5,74.5,130.0,42.5,144.0,77.5,107.5,79.0,151.0,38.0,135.5,160.0,119.0,86.0,95.5,133.0,38.0,40.0,57.0,163.5,177.0,109.5,116.0,95.5,146.0,,,34.0,0,0,0,0,0,0,0,0,0,0,0,0,0,0,0,0,0,0,0,0,0,0,0,0,0,0,0,0,0,0,0,0,0,0,0,0,0,0,0,0
2025-01-22,37.0,55.0,40.5,50.0,64.5,42.5,38.0,77.0,33.5,109.5,86.5,45.0,78.0,23.0,36.0,31.5,33.5,18.5,31.0,28.5,45.0,29.0,33.5,53.5,29.5,28.0,37.0,22.5,61.0,68.5,48.5,39.5,67.5,48.5,48.5,29.5,37.0,,,26.5,0,0,0,0,0,0,0,0,0,0,0,0,0,0,0,0,0,0,0,0,0,0,0,0,0,0,0,0,0,0,0,0,0,0,0,0,0,0,0,0
2025-01-23,9.0,8.5,8.5,4.5,6.0,8.0,8.0,7.0,24.0,3.0,13.5,19.0,5.5,3.5,8.5,6.0,9.5,5.0,5.5,5.0,10.5,5.5,9.5,9.0,15.5,9.0,10.5,10.0,4.5,19.0,5.0,8.5,6.5,19.0,,7.5,9.5,,,5.5,0,0,0,0,0,0,0,0,0,0,0,0,0,0,0,0,0,0,0,0,0,0,0,0,0,0,0,0,0,0,0,0,0,0,0,0,0,0,0,0
2025-01-24,10.0,24.0,21.5,18.0,23.0,22.5,21.0,32.5,54.0,10.0,67.0,24.0,34.0,20.0,9.0,12.5,31.5,14.0,26.5,25.0,33.5,14.5,32.0,51.0,50.5,32.5,29.5,52.0,62.0,44.0,20.5,40.0,51.5,22.5,,27.5,15.0,,,27.5,0,0,0,0,0,0,0,0,0,0,0,0,0,0,0,0,0,0,0,0,0,0,0,0,0,0,0,0,0,0,0,0,0,0,0,0,0,0,0,0
2025-01-25,0.5,2.0,2.0,1.5,1.5,0.5,0.5,1.0,1.0,1.5,1.0,0.0,0.5,1.0,2.0,2.5,2.0,2.0,2.0,2.0,1.5,0.5,2.0,0.5,1.5,2.0,1.5,1.5,0.0,1.0,1.0,1.5,1.0,1.0,0.5,2.5,1.0,,,3.0,0,0,0,0,0,0,0,0,0,0,0,0,0,0,0,0,0,0,0,0,0,0,0,0,0,0,0,0,0,0,0,0,0,0,0,0,0,0,0,0
2025-01-26,66.5,23.0,22.0,8.0,15.5,9.0,8.5,10.5,28.0,19.5,7.5,7.0,20.5,14.0,61.5,12.5,27.0,20.5,16.0,16.0,15.0,71.5,26.5,9.0,20.0,14.0,13.5,29.5,17.5,26.5,7.5,22.5,28.0,7.5,9.5,14.5,24.0,,,11.0,0,0,0,0,0,0,0,0,0,0,0,0,0,0,0,0,0,0,0,0,0,0,0,0,0,0,0,0,0,0,0,0,0,0,0,0,0,0,0,0
2025-01-27,,1.5,1.0,11.5,17.5,32.0,33.5,48.5,3.0,19.5,37.0,54.5,0.0,9.5,0.5,2.5,2.0,1.0,20.5,36.5,9.5,56.0,0.0,122.5,4.0,4.0,11.0,2.5,51.0,3.5,8.5,1.5,8.0,64.0,107.5,5.5,1.0,,,0.5,0,0,0,0,0,0,0,0,0,0,0,0,0,0,0,0,0,0,0,0,0,0,0,0,0,0,0,0,0,0,0,0,0,0,0,0,0,0,0,0
2025-01-28,144.0,107.5,120.0,115.5,175.5,151.5,150.5,142.5,78.5,167.0,121.5,144.5,143.5,100.5,101.0,172.0,146.0,124.5,115.0,128.0,132.0,6.0,122.5,153.5,77.0,102.5,116.5,97.0,150.5,111.5,145.5,109.5,150.0,136.5,,97.5,90.5,,,179.5,0,0,0,0,0,0,0,0,0,0,0,0,0,0,0,0,0,0,0,0,0,0,0,0,0,0,0,0,0,0,0,0,0,0,0,0,0,0,0,0
2025-01-29,,85.0,72.0,53.5,70.0,47.5,47.0,42.0,94.0,52.0,45.5,30.5,54.5,45.0,126.0,67.5,73.0,58.5,56.0,66.5,60.5,0.0,57.0,54.0,107.5,63.5,54.0,89.0,50.5,62.0,44.0,97.5,74.5,36.0,49.0,49.0,120.0,,,61.0,0,0,0,0,0,0,0,0,0,0,0,0,0,0,0,0,0,0,0,0,0,0,0,0,0,0,0,0,0,0,0,0,0,0,0,0,0,0,0,0
2025-01-30,,21.0,24.5,17.0,22.5,15.0,17.5,17.5,7.5,14.5,15.5,6.0,8.0,8.0,48.5,12.0,15.0,14.0,18.5,12.5,8.5,0.0,16.5,32.0,12.0,12.5,7.0,12.0,3.0,2.5,15.0,17.5,7.5,7.5,28.5,7.5,15.5,,,25.0,0,0,0,0,0,0,0,0,0,0,0,0,0,0,0,0,0,0,0,0,0,0,0,0,0,0,0,0,0,0,0,0,0,0,0,0,0,0,0,0
2025-01-31,,135.0,116.0,75.0,72.5,73.5,74.0,82.0,135.5,53.5,76.0,73.5,99.0,64.0,117.0,96.0,131.5,109.0,70.5,115.5,74.5,0.0,127.0,66.0,153.0,103.5,65.5,113.0,30.5,101.5,59.0,161.5,99.5,77.5,73.5,54.5,112.5,,,88.5,0,0,0,0,0,0,0,0,0,0,0,0,0,0,0,0,0,0,0,0,0,0,0,0,0,0,0,0,0,0,0,0,0,0,0,0,0,0,0,0
2025-02-01,,0.5,1.0,0.0,0.0,0.0,0.5,0.5,1.5,4.0,0.5,0.0,1.0,0.0,1.0,0.0,0.5,0.0,0.0,0.5,0.5,0.0,0.0,1.0,1.0,0.0,1.0,1.0,1.0,2.0,0.0,1.5,2.0,0.5,0.5,0.0,0.5,,,0.5,0,0,0,0,0,0,0,0,0,0,0,0,0,0,0,0,0,0,0,0,0,0,0,0,0,0,0,0,0,0,0,0,0,0,0,0,0,0,0,0
2025-02-02,0.0,0.5,0.0,2.5,2.0,0.0,0.0,0.0,1.0,0.0,0.0,0.0,3.0,1.0,0.5,0.5,0.0,0.5,2.5,0.5,4.0,0.0,0.0,0.0,1.0,0.5,1.5,0.5,1.0,2.5,1.0,0.5,2.5,0.0,0.0,2.0,1.5,,,0.5,0,0,0,0,0,0,0,0,0,0,0,0,0,0,0,0,0,0,0,0,0,0,0,0,0,0,0,0,0,0,0,0,0,0,0,0,0,0,0,0
2025-02-03,10.5,21.5,22.5,11.5,25.5,21.0,18.0,17.5,11.0,24.5,36.0,7.0,33.0,53.5,2.5,10.5,8.0,10.0,17.5,9.0,47.5,0.0,10.5,28.5,4.5,8.0,29.5,8.5,57.0,21.5,32.0,10.5,42.5,12.5,41.0,38.5,0.5,,,12.0,0,0,0,0,0,0,0,0,0,0,0,0,0,0,0,0,0,0,0,0,0,0,0,0,0,0,0,0,0,0,0,0,0,0,0,0,0,0,0,0
2025-02-04,44.0,22.0,21.5,64.0,34.5,63.5,57.5,67.0,99.5,37.0,93.5,66.5,124.5,87.0,23.5,45.5,27.5,40.0,84.5,48.0,125.5,0.0,26.5,42.0,102.0,48.0,107.5,66.0,37.0,89.5,64.5,65.5,159.0,67.5,69.5,98.0,44.0,,,26.5,0,0,0,0,0,0,0,0,0,0,0,0,0,0,0,0,0,0,0,0,0,0,0,0,0,0,0,0,0,0,0,0,0,0,0,0,0,0,0,0
2025-02-05,19.5,59.0,49.5,48.5,46.0,48.5,51.5,52.5,133.0,22.0,42.5,93.0,202.5,80.5,28.0,51.5,66.0,44.0,110.0,54.0,122.0,0.0,49.5,47.5,161.5,76.0,116.0,148.5,38.5,197.0,68.0,125.0,193.5,96.5,41.0,91.0,110.5,,,31.0,0,0,0,0,0,0,0,0,0,0,0,0,0,0,0,0,0,0,0,0,0,0,0,0,0,0,0,0,0,0,0,0,0,0,0,0,0,0,0,0
2025-02-06,,10.0,,7.0,14.5,,,,11.5,13.0,13.5,8.0,5.5,4.0,4.5,5.0,,,8.5,,,0.0,,16.0,6.0,1.5,9.0,1.5,6.0,,,6.0,3.0,,,6.5,2.5,,,,0,0,0,0,0,0,0,0,0,0,0,0,0,0,0,0,0,0,0,0,0,0,0,0,0,0,0,0,0,0,0,0,0,0,0,0,0,0,0,0
2025-02-07,0.5,0.5,1.5,0.0,2.0,2.0,1.5,1.5,0.0,4.0,0.5,0.0,2.0,0.0,4.0,4.0,0.5,1.0,2.5,2.5,6.0,0.0,0.5,11.5,1.5,1.5,15.0,2.5,0.5,1.0,8.0,0.5,1.5,0.5,5.5,5.0,3.0,,,1.0,0,0,0,0,0,0,0,0,0,0,0,0,0,0,0,0,0,0,0,0,0,0,0,0,0,0,0,0,0,0,0,0,0,0,0,0,0,0,0,0
2025-02-08,0.0,11.5,6.5,0.0,0.0,2.5,2.0,4.0,13.0,0.5,2.5,1.0,5.5,1.0,2.0,0.5,3.5,0.5,3.5,0.5,2.0,0.0,2.5,3.5,8.0,0.5,1.5,6.0,0.5,0.0,0.0,6.5,1.0,0.5,3.5,0.5,1.5,,,1.0,0,0,0,0,0,0,0,0,0,0,0,0,0,0,0,0,0,0,0,0,0,0,0,0,0,0,0,0,0,0,0,0,0,0,0,0,0,0,0,0
2025-02-09,6.0,11.5,6.5,23.0,17.5,5.0,5.0,7.5,11.0,4.5,14.0,7.5,10.5,22.5,8.0,22.5,20.0,15.0,41.5,15.0,41.5,0.0,9.5,17.5,16.0,16.0,38.5,6.0,25.0,4.5,9.5,9.0,27.0,7.0,10.0,35.0,3.5,,,12.5,0,0,0,0,0,0,0,0,0,0,0,0,0,0,0,0,0,0,0,0,0,0,0,0,0,0,0,0,0,0,0,0,0,0,0,0,0,0,0,0
2025-02-10,0.5,1.5,1.5,1.0,2.0,4.0,5.0,3.5,5.0,4.5,2.0,5.5,10.5,5.5,1.5,4.5,13.0,3.5,3.5,3.5,23.5,0.0,7.5,6.0,2.0,2.0,18.0,5.5,3.5,1.5,5.0,5.5,18.0,8.5,4.5,7.0,0.5,,,5.5,0,0,0,0,0,0,0,0,0,0,0,0,0,0,0,0,0,0,0,0,0,0,0,0,0,0,0,0,0,0,0,0,0,0,0,0,0,0,0,0
2025-02-11,1.5,5.5,4.0,2.0,0.5,1.0,1.5,3.0,1.5,1.0,3.5,0.0,4.0,1.5,10.5,4.5,5.5,3.0,9.5,4.0,18.5,0.0,4.5,4.0,10.5,3.0,20.5,5.5,2.5,3.5,0.5,11.0,12.5,1.0,4.5,6.0,1.0,,,3.0,0,0,0,0,0,0,0,0,0,0,0,0,0,0,0,0,0,0,0,0,0,0,0,0,0,0,0,0,0,0,0,0,0,0,0,0,0,0,0,0
2025-02-12,,,,,,,,,,,,,,,,,,,,,,,,,,,,,,,,,,,,,,,,,0,0,0,0,0,0,0,0,0,0,0,0,0,0,0,0,0,0,0,0,0,0,0,0,0,0,0,0,0,0,0,0,0,0,0,0,0,0,0,0
2025-02-13,5.0,0.0,0.0,2.5,0.0,5.0,2.0,6.5,0.0,7.5,1.0,0.0,0.5,0.5,0.0,12.5,2.5,1.0,4.5,0.5,0.0,0.0,0.5,0.5,0.0,0.0,0.5,0.0,9.0,0.0,13.5,4.5,0.0,0.0,4.0,0.0,0.0,,,4.5,0,0,0,0,0,0,0,0,0,0,0,0,0,0,0,0,0,0,0,0,0,0,0,0,0,0,0,0,0,0,0,0,0,0,0,0,0,0,0,0
2025-02-14,0.0,0.0,0.0,0.0,0.0,0.0,0.0,0.0,0.0,0.0,0.5,0.0,0.0,0.0,0.0,0.5,0.0,0.0,0.0,0.5,0.0,0.0,0.5,0.0,0.0,0.0,0.0,0.0,0.5,0.0,0.0,0.0,0.0,0.0,0.0,0.0,0.0,,,0.0,0,0,0,0,0,0,0,0,0,0,0,0,0,0,0,0,0,0,0,0,0,0,0,0,0,0,0,0,0,0,0,0,0,0,0,0,0,0,0,0
2025-02-15,0.0,0.0,0.0,0.0,0.0,0.0,0.0,0.0,0.0,0.0,0.0,0.0,0.0,0.0,0.0,0.0,0.0,0.0,0.0,0.0,0.0,0.0,0.0,0.0,0.0,0.0,0.0,0.0,0.0,0.0,0.0,0.0,0.0,0.0,0.0,0.0,0.0,,,0.0,0,0,0,0,0,0,0,0,0,0,0,0,0,0,0,0,0,0,0,0,0,0,0,0,0,0,0,0,0,0,0,0,0,0,0,0,0,0,0,0
2025-02-16,8.0,0.0,0.5,0.0,0.0,3.5,0.0,0.0,0.0,0.5,0.0,0.0,0.0,0.0,0.0,0.0,0.0,0.0,0.0,0.0,0.0,0.0,0.0,0.5,0.0,0.0,0.0,0.0,20.5,0.0,0.0,0.0,0.0,0.0,0.5,0.0,0.0,,,0.0,0,0,0,0,0,0,0,0,0,0,0,0,0,0,0,0,0,0,0,0,0,0,0,0,0,0,0,0,0,0,0,0,0,0,0,0,0,0,0,0
2025-02-17,3.5,9.0,2.0,3.5,3.0,3.0,3.5,14.0,48.5,9.5,2.0,1.5,0.0,34.5,30.5,0.5,5.0,1.5,0.5,1.5,15.5,0.0,3.5,14.5,33.5,6.5,8.0,21.0,6.0,1.5,10.0,39.0,4.5,2.5,4.0,15.5,33.5,,,4.0,0,0,0,0,0,0,0,0,0,0,0,0,0,0,0,0,0,0,0,0,0,0,0,0,0,0,0,0,0,0,0,0,0,0,0,0,0,0,0,0
2025-02-18,0.0,0.0,0.0,0.0,0.0,0.0,0.5,0.0,1.5,0.5,6.5,0.0,0.0,0.0,0.0,0.0,0.0,0.0,0.0,0.5,0.5,0.0,0.5,12.0,11.0,0.5,0.0,1.0,0.0,0.0,8.0,1.5,4.5,0.0,19.5,0.0,0.0,,,0.0,0,0,0,0,0,0,0,0,0,0,0,0,0,0,0,0,0,0,0,0,0,0,0,0,0,0,0,0,0,0,0,0,0,0,0,0,0,0,0,0
2025-02-19,3.0,0.5,0.0,1.0,0.0,2.0,1.5,6.0,0.0,0.5,0.5,0.5,0.0,0.0,0.5,0.0,20.0,1.0,0.5,0.0,6.0,0.5,20.5,4.0,0.0,0.0,3.5,1.0,0.5,0.0,1.0,4.0,2.5,1.5,0.0,0.0,0.0,,,0.0,0,0,0,0,0,0,0,0,0,0,0,0,0,0,0,0,0,0,0,0,0,0,0,0,0,0,0,0,0,0,0,0,0,0,0,0,0,0,0,0
2025-02-20,1.0,49.0,78.0,8.0,3.5,1.5,1.5,1.5,34.5,0.5,0.5,4.5,47.5,18.0,43.0,4.5,37.5,18.5,18.0,15.5,50.5,0.5,30.5,0.5,21.5,10.0,43.5,12.5,12.5,13.5,2.5,21.5,87.5,5.5,0.5,28.5,50.0,,,19.0,0,0,0,0,0,0,0,0,0,0,0,0,0,0,0,0,0,0,0,0,0,0,0,0,0,0,0,0,0,0,0,0,0,0,0,0,0,0,0,0
2025-02-21,13.0,5.0,9.0,1.0,37.5,36.5,24.0,4.0,29.0,12.5,5.5,5.0,3.0,1.0,74.5,9.0,4.5,4.0,11.0,3.5,1.5,63.0,5.0,5.5,6.5,3.5,1.5,7.0,42.0,47.5,5.0,7.5,8.0,5.5,5.5,3.5,13.0,,,4.0,0,0,0,0,0,0,0,0,0,0,0,0,0,0,0,0,0,0,0,0,0,0,0,0,0,0,0,0,0,0,0,0,0,0,0,0,0,0,0,0
2025-02-22,21.5,1.0,0.5,0.5,0.5,0.0,0.0,0.0,0.5,0.0,3.0,0.5,0.5,4.0,1.5,0.5,1.0,0.0,0.0,0.0,0.5,30.5,1.0,0.5,0.5,0.0,0.5,1.0,0.5,1.0,5.0,1.5,1.5,0.5,1.0,0.5,0.0,,,1.0,0,0,0,0,0,0,0,0,0,0,0,0,0,0,0,0,0,0,0,0,0,0,0,0,0,0,0,0,0,0,0,0,0,0,0,0,0,0,0,0
2025-02-23,9.5,3.5,3.5,15.0,4.0,1.5,1.5,1.0,2.0,6.5,1.5,0.0,19.5,31.0,11.5,23.0,8.0,26.5,6.0,39.0,32.0,5.5,4.5,3.5,11.0,5.0,28.5,7.0,9.0,2.0,3.0,4.5,12.0,1.5,2.0,30.0,9.0,,,2.0,0,0,0,0,0,0,0,0,0,0,0,0,0,0,0,0,0,0,0,0,0,0,0,0,0,0,0,0,0,0,0,0,0,0,0,0,0,0,0,0
2025-02-24,19.0,20.5,15.5,7.5,7.0,23.0,22.0,9.5,53.5,50.5,45.0,17.5,11.0,17.5,37.5,12.0,14.5,12.5,9.5,13.5,8.0,19.0,15.0,54.0,24.0,12.0,10.5,12.0,17.5,25.0,6.0,17.0,6.5,9.0,29.5,17.0,34.0,,,11.5,0,0,0,0,0,0,0,0,0,0,0,0,0,0,0,0,0,0,0,0,0,0,0,0,0,0,0,0,0,0,0,0,0,0,0,0,0,0,0,0
2025-02-25,25.5,26.5,21.0,18.0,59.5,68.5,78.5,41.5,92.5,29.0,111.5,38.0,4.0,4.5,14.0,29.0,55.0,53.5,21.0,41.5,8.0,21.5,36.0,16.5,19.5,33.5,8.0,37.0,2.5,14.5,56.0,41.0,14.5,42.5,22.0,10.0,7.5,,,34.5,0,0,0,0,0,0,0,0,0,0,0,0,0,0,0,0,0,0,0,0,0,0,0,0,0,0,0,0,0,0,0,0,0,0,0,0,0,0,0,0
2025-02-26,0.5,4.5,4.0,0.5,0.5,0.0,0.0,0.5,7.0,0.5,0.5,0.0,4.0,1.0,7.5,1.0,2.5,1.5,1.5,1.5,3.0,1.0,3.0,0.0,6.0,2.5,3.0,4.0,0.5,6.5,0.5,4.0,4.0,0.5,0.0,1.5,7.5,,,1.5,0,0,0,0,0,0,0,0,0,0,0,0,0,0,0,0,0,0,0,0,0,0,0,0,0,0,0,0,0,0,0,0,0,0,0,0,0,0,0,0
2025-02-27,0.5,3.0,2.0,0.5,1.5,3.0,4.0,3.5,1.0,5.5,7.0,0.0,3.0,0.0,4.0,3.0,1.0,1.0,0.5,0.5,2.0,2.5,1.0,7.0,9.0,0.0,1.5,5.5,1.5,7.5,1.0,2.0,1.5,0.5,14.5,1.0,1.0,,,1.5,0,0,0,0,0,0,0,0,0,0,0,0,0,0,0,0,0,0,0,0,0,0,0,0,0,0,0,0,0,0,0,0,0,0,0,0,0,0,0,0
2025-02-28,6.5,78.5,52.5,71.5,60.0,25.0,21.0,15.0,153.0,40.0,43.5,22.5,71.0,24.5,93.0,57.5,49.0,49.5,42.0,62.0,37.0,5.5,55.0,30.0,105.5,55.0,36.5,89.0,10.0,111.0,39.0,94.0,63.5,23.5,25.5,32.5,105.0,,,42.0,0,0,0,0,0,0,0,0,0,0,0,0,0,0,0,0,0,0,0,0,0,0,0,0,0,0,0,0,0,0,0,0,0,0,0,0,0,0,0,0
2025-03-01,42.5,3.0,2.5,4.5,15.5,40.0,34.5,16.5,10.5,28.5,11.0,23.5,18.0,3.5,4.0,4.0,4.0,7.5,7.5,5.0,6.0,35.5,3.0,62.0,7.0,3.0,5.0,3.0,22.0,42.5,13.0,3.5,15.5,28.5,26.0,6.0,10.0,,,6.5,0,0,0,0,0,0,0,0,0,0,0,0,0,0,0,0,0,0,0,0,0,0,0,0,0,0,0,0,0,0,0,0,0,0,0,0,0,0,0,0
2025-03-02,27.0,19.0,16.5,6.0,16.0,12.5,10.5,30.0,23.0,21.0,15.0,2.5,13.0,7.0,68.5,12.5,8.0,5.5,8.0,7.5,8.0,16.0,9.5,67.0,7.5,7.0,8.5,14.5,18.5,17.5,13.0,18.0,15.5,4.0,39.5,6.5,51.0,,,13.5,0,0,0,0,0,0,0,0,0,0,0,0,0,0,0,0,0,0,0,0,0,0,0,0,0,0,0,0,0,0,0,0,0,0,0,0,0,0,0,0
2025-03-03,0.5,0.5,0.0,0.5,9.5,58.0,48.5,29.5,1.5,7.5,30.0,13.0,0.5,3.5,8.5,15.0,4.5,1.0,2.5,0.5,2.5,1.5,0.0,31.0,2.0,0.0,0.0,0.0,2.5,1.5,56.5,0.5,2.5,14.5,36.0,1.0,2.0,,,0.5,0,0,0,0,0,0,0,0,0,0,0,0,0,0,0,0,0,0,0,0,0,0,0,0,0,0,0,0,0,0,0,0,0,0,0,0,0,0,0,0
2025-03-04,38.0,26.5,14.0,10.5,25.0,5.5,5.5,5.5,111.0,35.5,26.0,6.0,69.0,7.0,34.5,9.0,9.5,6.0,11.0,3.5,29.0,21.5,4.0,25.5,100.5,8.5,16.0,17.5,23.0,45.5,5.5,53.5,63.0,8.5,5.5,14.0,43.5,,,0.5,0,0,0,0,0,0,0,0,0,0,0,0,0,0,0,0,0,0,0,0,0,0,0,0,0,0,0,0,0,0,0,0,0,0,0,0,0,0,0,0
2025-03-05,,,,,,,,,,,,,,,,,,,,,,,,,,,,,,,,,,,,,,,,,0,0,0,0,0,0,0,0,0,0,0,0,0,0,0,0,0,0,0,0,0,0,0,0,0,0,0,0,0,0,0,0,0,0,0,0,0,0,0,0
2025-03-06,14.0,13.0,12.0,3.5,6.0,14.5,12.5,43.0,3.0,20.5,6.0,,31.0,18.5,43.0,4.0,1.0,6.5,19.5,8.5,18.5,29.5,1.5,11.5,0.5,2.0,21.0,4.5,3.0,4.5,15.5,3.0,0.0,,17.0,33.0,7.0,,,0.0,0,0,0,0,0,0,0,0,0,0,0,0,0,0,0,0,0,0,0,0,0,0,0,0,0,0,0,0,0,0,0,0,0,0,0,0,0,0,0,0
2025-03-07,43.5,70.5,53.5,20.5,16.0,9.5,8.5,8.0,64.5,41.0,14.5,7.5,32.5,22.5,82.0,41.5,61.0,57.0,27.5,49.0,51.0,50.0,61.5,8.5,65.5,43.5,44.5,59.0,14.5,73.5,10.0,63.5,0.0,8.5,9.0,33.0,57.5,,,55.0,0,0,0,0,0,0,0,0,0,0,0,0,0,0,0,0,0,0,0,0,0,0,0,0,0,0,0,0,0,0,0,0,0,0,0,0,0,0,0,0
2025-03-08,1.5,1.0,0.5,0.0,0.5,0.0,0.5,0.5,0.5,0.5,0.5,0.0,0.5,0.5,1.0,0.5,0.5,1.0,0.5,1.0,0.0,6.0,0.5,0.0,0.0,0.5,0.0,0.5,0.5,0.0,0.5,0.5,0.0,0.5,0.0,0.5,0.5,,,0.0,0,0,0,0,0,0,0,0,0,0,0,0,0,0,0,0,0,0,0,0,0,0,0,0,0,0,0,0,0,0,0,0,0,0,0,0,0,0,0,0
2025-03-09,17.5,2.5,1.0,0.5,4.5,25.5,27.5,55.5,2.0,37.0,22.5,109.0,30.5,13.5,0.5,6.5,1.0,5.0,6.0,3.0,9.0,25.5,0.0,10.5,2.0,0.0,10.5,2.5,23.0,15.5,7.0,0.5,0.0,106.5,12.5,9.0,2.0,,,8.5,0,0,0,0,0,0,0,0,0,0,0,0,0,0,0,0,0,0,0,0,0,0,0,0,0,0,0,0,0,0,0,0,0,0,0,0,0,0,0,0
2025-03-10,13.0,15.0,15.5,13.0,17.5,12.0,11.5,10.0,13.5,12.0,9.5,8.0,15.5,14.5,20.5,15.5,16.0,14.5,17.0,15.5,16.0,12.5,16.0,9.5,14.0,17.0,15.5,17.0,14.0,17.0,13.5,17.0,0.0,10.0,8.5,16.0,14.5,,,17.5,0,0,0,0,0,0,0,0,0,0,0,0,0,0,0,0,0,0,0,0,0,0,0,0,0,0,0,0,0,0,0,0,0,0,0,0,0,0,0,0
2025-03-11,5.0,18.0,3.5,17.0,14.0,3.5,3.5,6.0,33.0,6.5,3.5,28.0,8.0,11.0,24.0,39.0,24.5,35.0,16.0,34.5,10.5,2.5,19.5,9.5,29.5,49.0,12.5,46.0,3.5,20.0,6.5,27.5,0.0,33.0,9.0,,43.5,,,20.0,0,0,0,0,0,0,0,0,0,0,0,0,0,0,0,0,0,0,0,0,0,0,0,0,0,0,0,0,0,0,0,0,0,0,0,0,0,0,0,0
2025-03-12,11.5,17.0,13.0,6.5,8.0,4.5,5.0,3.0,20.5,4.5,4.0,1.0,10.0,5.5,21.0,9.0,10.5,9.0,7.0,9.0,9.0,13.0,11.5,10.0,41.5,9.5,8.5,13.5,8.0,21.5,6.5,23.5,0.0,3.0,4.5,6.5,23.5,,,12.5,0,0,0,0,0,0,0,0,0,0,0,0,0,0,0,0,0,0,0,0,0,0,0,0,0,0,0,0,0,0,0,0,0,0,0,0,0,0,0,0
2025-03-13,0.0,0.0,0.0,0.5,0.5,14.0,8.0,5.5,0.0,0.0,0.5,6.0,0.0,0.0,0.0,3.0,0.5,0.5,0.0,1.0,0.0,0.0,0.0,1.0,0.5,0.0,0.0,0.0,0.0,0.0,0.0,0.0,0.0,4.5,3.5,0.5,0.0,,,0.0,0,0,0,0,0,0,0,0,0,0,0,0,0,0,0,0,0,0,0,0,0,0,0,0,0,0,0,0,0,0,0,0,0,0,0,0,0,0,0,0
2025-03-14,0.0,1.0,0.0,0.5,19.5,15.5,13.0,21.5,1.5,24.0,11.0,9.0,9.0,2.0,14.5,16.0,1.5,1.5,0.0,1.5,0.0,2.0,0.0,9.0,5.0,0.5,0.0,0.5,22.5,0.5,12.5,2.5,0.0,11.5,51.5,0.0,3.5,,,44.5,0,0,0,0,0,0,0,0,0,0,0,0,0,0,0,0,0,0,0,0,0,0,0,0,0,0,0,0,0,0,0,0,0,0,0,0,0,0,0,0
2025-03-15,18.0,18.0,25.0,13.0,12.0,12.5,12.5,6.5,14.0,21.0,13.0,12.0,12.0,13.5,18.0,23.0,33.0,25.5,23.5,16.5,27.0,19.5,40.5,14.5,11.0,15.5,27.0,26.0,10.0,30.5,8.0,18.0,0.0,23.5,23.0,21.0,24.0,,,48.5,0,0,0,0,0,0,0,0,0,0,0,0,0,0,0,0,0,0,0,0,0,0,0,0,0,0,0,0,0,0,0,0,0,0,0,0,0,0,0,0
2025-03-16,10.0,15.0,9.5,10.0,4.5,2.5,2.0,2.0,24.5,3.0,2.5,2.0,24.5,18.0,24.0,11.5,19.5,18.0,26.0,15.5,19.5,11.0,9.0,4.0,20.0,37.0,17.5,26.0,14.5,0.0,7.0,13.0,0.0,2.0,3.5,20.0,9.5,,,11.0,0,0,0,0,0,0,0,0,0,0,0,0,0,0,0,0,0,0,0,0,0,0,0,0,0,0,0,0,0,0,0,0,0,0,0,0,0,0,0,0
2025-03-17,,,,,,,,,,,,,,,,,,,,,,,,,,,,,,,,,,,,,,,,,0,0,0,0,0,0,0,0,0,0,0,0,0,0,0,0,0,0,0,0,0,0,0,0,0,0,0,0,0,0,0,0,0,0,0,0,0,0,0,0
2025-03-18,,,,,,,,,,,,,,,,,,,,,,,,,,,,,,,,,,,,,,,,,0,0,0,0,0,0,0,0,0,0,0,0,0,0,0,0,0,0,0,0,0,0,0,0,0,0,0,0,0,0,0,0,0,0,0,0,0,0,0,0
2025-03-19,7.0,84.5,54.5,35.5,24.5,28.0,25.0,14.0,98.5,44.0,49.0,19.0,46.0,29.0,62.0,28.0,58.0,44.5,42.5,49.5,46.0,6.5,60.5,17.5,109.0,67.5,48.0,69.5,11.0,119.5,19.5,105.5,0.0,18.5,23.0,41.0,62.5,,,30.5,0,0,0,0,0,0,0,0,0,0,0,0,0,0,0,0,0,0,0,0,0,0,0,0,0,0,0,0,0,0,0,0,0,0,0,0,0,0,0,0
2025-03-20,39.0,23.5,21.5,34.5,50.0,64.0,69.0,58.0,25.0,74.5,23.0,84.0,15.0,51.0,26.0,46.5,31.0,41.0,31.5,40.5,23.5,42.0,33.5,28.5,25.5,37.5,23.5,25.0,39.0,30.5,90.0,19.5,0.0,77.0,24.0,45.5,22.5,,,32.5,0,0,0,0,0,0,0,0,0,0,0,0,0,0,0,0,0,0,0,0,0,0,0,0,0,0,0,0,0,0,0,0,0,0,0,0,0,0,0,0
2025-03-21,4.5,5.0,4.5,8.0,10.0,7.5,6.5,5.5,11.5,9.0,4.5,5.0,3.5,6.5,6.5,10.5,8.0,7.0,5.5,8.0,5.0,3.5,7.0,3.5,8.0,6.5,5.0,6.0,9.5,4.5,10.0,6.5,0.0,5.5,4.0,7.0,9.0,,,8.5,0,0,0,0,0,0,0,0,0,0,0,0,0,0,0,0,0,0,0,0,0,0,0,0,0,0,0,0,0,0,0,0,0,0,0,0,0,0,0,0
2025-03-22,0.5,0.5,1.0,0.0,1.0,0.0,0.0,0.0,0.5,0.5,0.0,0.0,0.0,0.0,0.5,0.0,0.0,0.5,0.0,0.0,0.0,0.5,0.5,0.0,0.0,0.0,0.0,0.0,0.0,0.0,0.0,0.0,0.0,0.0,0.5,0.0,1.0,,,0.5,0,0,0,0,0,0,0,0,0,0,0,0,0,0,0,0,0,0,0,0,0,0,0,0,0,0,0,0,0,0,0,0,0,0,0,0,0,0,0,0
2025-03-23,2.0,33.0,15.5,14.5,48.0,5.0,5.5,17.5,8.5,9.0,5.5,32.0,60.5,7.5,33.5,50.0,32.0,71.5,6.5,73.0,18.5,4.0,29.5,4.0,25.5,29.0,14.5,14.5,3.5,65.5,39.5,20.5,0.0,37.5,5.0,9.5,7.0,,,34.0,0,0,0,0,0,0,0,0,0,0,0,0,0,0,0,0,0,0,0,0,0,0,0,0,0,0,0,0,0,0,0,0,0,0,0,0,0,0,0,0
2025-03-24,21.5,3.0,4.0,10.0,6.5,16.5,11.5,3.0,22.5,14.5,13.5,8.0,6.0,25.5,3.5,2.0,2.0,3.0,16.5,2.0,16.0,15.0,0.5,25.0,33.5,2.0,14.5,2.5,27.5,20.5,16.5,5.5,0.0,9.0,27.5,17.0,11.5,,,0.5,0,0,0,0,0,0,0,0,0,0,0,0,0,0,0,0,0,0,0,0,0,0,0,0,0,0,0,0,0,0,0,0,0,0,0,0,0,0,0,0
2025-03-25,1.0,0.0,0.0,0.0,0.0,0.0,0.0,0.0,1.0,0.0,0.0,0.0,0.0,0.0,0.5,0.0,0.0,0.0,0.0,0.5,0.0,2.0,0.0,0.0,1.5,0.0,0.5,0.0,0.0,1.5,0.0,0.0,0.0,0.0,0.0,0.5,4.5,,,0.0,0,0,0,0,0,0,0,0,0,0,0,0,0,0,0,0,0,0,0,0,0,0,0,0,0,0,0,0,0,0,0,0,0,0,0,0,0,0,0,0
2025-03-26,0.5,0.0,0.0,0.0,0.0,0.0,0.0,0.0,0.0,0.0,0.0,0.0,0.0,0.0,0.0,0.0,0.0,0.0,0.0,0.5,0.0,0.0,0.0,0.0,0.0,0.0,0.0,0.0,,0.0,0.5,0.0,0.0,0.0,0.0,0.0,0.0,,,0.0,0,0,0,0,0,0,0,0,0,0,0,0,0,0,0,0,0,0,0,0,0,0,0,0,0,0,0,0,0,0,0,0,0,0,0,0,0,0,0,0
2025-03-27,,,,,,,,,,,,,,,,,,,,,,,,,,,,,,,,,,,,,,,,,0,0,0,0,0,0,0,0,0,0,0,0,0,0,0,0,0,0,0,0,0,0,0,0,0,0,0,0,0,0,0,0,0,0,0,0,0,0,0,0
2025-03-28,0.0,0.0,0.5,0.0,0.0,0.0,0.0,0.0,0.5,0.0,0.0,0.0,0.0,0.0,4.5,0.0,0.0,0.0,0.0,0.0,0.0,0.0,0.0,0.0,0.0,0.0,0.0,0.0,0.0,0.0,0.0,0.0,0.0,0.0,0.0,0.0,0.0,,,0.0,0,0,0,0,0,0,0,0,0,0,0,0,0,0,0,0,0,0,0,0,0,0,0,0,0,0,0,0,0,0,0,0,0,0,0,0,0,0,0,0
2025-03-29,46.5,4.0,11.0,2.0,7.5,8.0,8.0,11.5,4.0,48.0,35.5,35.5,15.5,1.0,4.5,6.5,2.5,0.0,3.0,1.5,2.5,31.0,6.0,8.5,8.0,0.0,3.5,2.5,28.5,0.0,10.5,4.5,0.0,35.5,35.5,2.5,0.5,,,7.0,0,0,0,0,0,0,0,0,0,0,0,0,0,0,0,0,0,0,0,0,0,0,0,0,0,0,0,0,0,0,0,0,0,0,0,0,0,0,0,0
2025-03-30,34.5,47.0,18.0,47.0,21.0,13.0,12.5,13.5,11.0,3.5,18.5,22.0,3.5,25.0,33.0,47.0,37.0,84.0,20.5,78.0,22.0,23.5,19.5,24.0,19.0,71.0,18.0,56.0,7.0,5.0,13.0,48.0,0.0,20.0,9.5,17.0,38.5,,,13.0,0,0,0,0,0,0,0,0,0,0,0,0,0,0,0,0,0,0,0,0,0,0,0,0,0,0,0,0,0,0,0,0,0,0,0,0,0,0,0,0
2025-03-31,81.5,35.0,30.5,1.5,11.5,34.0,21.5,9.5,7.0,7.5,9.5,9.5,30.5,18.0,3.5,7.0,2.5,2.5,16.5,3.0,30.0,38.5,2.5,7.0,19.0,1.5,16.5,5.5,11.0,21.0,23.5,2.5,0.0,9.5,8.0,20.0,20.5,,,18.0,0,0,0,0,0,0,0,0,0,0,0,0,0,0,0,0,0,0,0,0,0,0,0,0,0,0,0,0,0,0,0,0,0,0,0,0,0,0,0,0
2025-04-01,21.5,1.0,12.0,19.5,7.5,4.0,5.5,8.0,0.0,6.5,9.0,28.0,0.0,26.5,0.0,77.0,63.0,19.0,23.5,20.5,0.5,39.0,56.5,25.5,0.0,2.5,0.5,0.0,9.0,0.5,9.0,0.0,0.0,19.5,45.5,0.5,0.0,,,42.0,0,0,0,0,0,0,0,0,0,0,0,0,0,0,0,0,0,0,0,0,0,0,0,0,0,0,0,0,0,0,0,0,0,0,0,0,0,0,0,0
2025-04-02,57.0,5.0,4.0,28.0,17.0,27.0,26.0,34.5,2.5,32.0,28.5,54.0,3.5,16.5,4.5,7.5,7.0,8.0,6.0,9.0,5.0,43.5,6.0,29.5,3.5,7.0,5.5,5.5,31.0,5.5,60.5,5.0,0.0,59.5,35.5,8.0,2.5,,,9.5,0,0,0,0,0,0,0,0,0,0,0,0,0,0,0,0,0,0,0,0,0,0,0,0,0,0,0,0,0,0,0,0,0,0,0,0,0,0,0,0
2025-04-03,19.5,7.0,6.0,2.5,27.5,10.0,11.5,33.0,8.5,38.0,46.0,6.5,2.0,2.0,10.0,5.0,4.5,2.5,2.0,3.0,2.5,16.5,4.5,37.0,6.5,3.5,2.5,5.5,11.5,13.5,26.5,6.0,0.0,5.0,33.5,2.0,4.0,,,3.0,0,0,0,0,0,0,0,0,0,0,0,0,0,0,0,0,0,0,0,0,0,0,0,0,0,0,0,0,0,0,0,0,0,0,0,0,0,0,0,0
2025-04-04,10.5,0.5,0.5,14.5,8.5,2.5,3.0,2.0,0.0,10.5,33.0,10.0,0.0,11.5,0.0,0.0,0.5,0.0,2.5,1.5,1.5,15.0,0.0,8.0,0.5,1.0,1.0,1.0,8.0,11.5,24.5,2.0,0.0,12.0,7.0,12.0,0.0,,,7.5,0,0,0,0,0,0,0,0,0,0,0,0,0,0,0,0,0,0,0,0,0,0,0,0,0,0,0,0,0,0,0,0,0,0,0,0,0,0,0,0
2025-04-05,22.0,51.0,46.0,41.0,32.5,48.5,49.5,85.0,0.0,15.0,8.0,33.0,20.0,98.0,30.5,44.5,67.0,93.0,62.5,77.5,54.0,34.0,48.0,4.0,0.5,45.5,59.5,14.0,11.0,68.0,42.0,17.0,0.0,31.0,3.5,42.0,0.0,,,35.0,0,0,0,0,0,0,0,0,0,0,0,0,0,0,0,0,0,0,0,0,0,0,0,0,0,0,0,0,0,0,0,0,0,0,0,0,0,0,0,0
2025-04-06,21.0,2.5,2.5,0.5,0.5,20.0,3.0,14.0,1.5,8.5,89.5,14.0,0.5,0.0,5.0,1.5,1.5,1.0,0.5,1.5,0.5,9.0,2.0,53.0,2.0,0.5,0.5,1.0,57.5,0.5,1.0,1.5,0.0,11.0,64.5,0.5,10.5,,,2.0,0,0,0,0,0,0,0,0,0,0,0,0,0,0,0,0,0,0,0,0,0,0,0,0,0,0,0,0,0,0,0,0,0,0,0,0,0,0,0,0
2025-04-07,23.5,24.5,26.5,5.0,32.0,10.5,7.0,15.5,14.0,49.5,17.5,6.5,5.5,1.5,13.5,31.5,18.0,15.5,2.0,11.0,1.5,31.0,19.0,22.0,7.5,5.0,1.5,6.0,9.0,17.0,18.0,14.5,0.0,6.5,13.5,2.0,8.5,,,34.0,0,0,0,0,0,0,0,0,0,0,0,0,0,0,0,0,0,0,0,0,0,0,0,0,0,0,0,0,0,0,0,0,0,0,0,0,0,0,0,0
2025-04-08,39.5,13.5,11.0,17.0,13.0,22.0,19.5,22.5,1.5,13.5,13.0,12.0,7.0,33.5,9.5,18.5,37.0,50.0,45.0,26.5,21.0,34.5,31.5,18.0,5.0,37.0,27.5,23.0,34.5,18.5,10.5,7.5,10.5,10.5,22.0,36.5,2.5,,,11.5,0,0,0,0,0,0,0,0,0,0,0,0,0,0,0,0,0,0,0,0,0,0,0,0,0,0,0,0,0,0,0,0,0,0,0,0,0,0,0,0
2025-04-09,0.5,0.5,0.5,0.0,0.0,0.0,0.0,0.5,0.0,0.0,0.0,0.0,0.5,0.5,0.0,0.0,0.0,0.0,1.5,0.0,0.0,0.0,0.0,0.0,0.0,0.0,0.0,0.0,0.0,0.5,0.0,0.0,0.0,0.0,0.0,0.0,0.0,,,0.0,0,0,0,0,0,0,0,0,0,0,0,0,0,0,0,0,0,0,0,0,0,0,0,0,0,0,0,0,0,0,0,0,0,0,0,0,0,0,0,0
2025-04-10,1.5,13.5,3.0,0.0,0.0,0.5,0.0,1.5,0.0,0.0,8.0,0.0,0.5,0.0,0.5,0.0,0.0,0.0,0.0,0.0,0.0,1.0,0.0,14.5,2.5,0.0,0.5,1.0,23.5,0.5,0.0,0.0,0.0,0.0,4.0,0.0,0.0,,,0.0,0,0,0,0,0,0,0,0,0,0,0,0,0,0,0,0,0,0,0,0,0,0,0,0,0,0,0,0,0,0,0,0,0,0,0,0,0,0,0,0
2025-04-11,38.5,1.5,7.5,0.0,0.0,3.5,1.5,4.0,0.0,22.5,35.5,9.5,0.0,0.5,0.0,2.0,0.0,0.0,0.0,0.0,0.0,46.5,0.0,65.0,0.5,0.0,0.0,0.0,41.0,0.0,8.0,0.0,0.0,14.0,31.5,0.0,0.5,,,23.5,0,0,0,0,0,0,0,0,0,0,0,0,0,0,0,0,0,0,0,0,0,0,0,0,0,0,0,0,0,0,0,0,0,0,0,0,0,0,0,0
2025-04-12,105.0,0.0,0.0,2.5,11.0,2.5,2.5,2.5,0.5,4.0,5.5,8.0,0.0,0.0,0.0,0.0,0.0,0.0,0.0,0.5,0.0,77.5,0.0,37.5,7.5,0.0,0.0,0.0,126.0,0.0,0.5,0.0,0.0,10.0,11.0,0.0,1.5,,,0.0,0,0,0,0,0,0,0,0,0,0,0,0,0,0,0,0,0,0,0,0,0,0,0,0,0,0,0,0,0,0,0,0,0,0,0,0,0,0,0,0
2025-04-13,24.5,45.0,29.5,3.0,5.5,21.5,15.5,41.0,29.0,21.0,60.5,14.5,24.5,2.5,24.0,20.0,48.5,15.0,10.5,8.0,10.5,20.5,44.0,61.0,23.0,19.0,11.5,34.0,50.0,35.0,11.5,54.0,31.5,14.0,93.5,10.5,64.5,,,9.5,0,0,0,0,0,0,0,0,0,0,0,0,0,0,0,0,0,0,0,0,0,0,0,0,0,0,0,0,0,0,0,0,0,0,0,0,0,0,0,0
2025-04-14,52.5,22.5,14.0,28.5,15.5,10.0,11.0,16.5,11.5,11.0,42.0,39.5,55.0,32.5,16.5,18.5,20.5,25.5,71.5,36.5,71.0,36.5,20.0,41.0,18.5,29.5,72.5,96.5,51.0,18.5,13.5,71.5,69.5,29.5,73.0,65.0,10.5,,,19.0,0,0,0,0,0,0,0,0,0,0,0,0,0,0,0,0,0,0,0,0,0,0,0,0,0,0,0,0,0,0,0,0,0,0,0,0,0,0,0,0
2025-04-15,0.5,13.0,2.5,23.5,13.5,9.0,8.5,49.0,0.0,11.0,25.0,6.5,10.0,29.5,0.0,23.5,13.0,8.5,22.5,4.0,14.0,0.0,13.5,51.0,0.0,3.5,22.5,1.5,1.0,13.5,6.0,3.5,13.5,6.0,34.0,21.5,0.0,,,0.5,0,0,0,0,0,0,0,0,0,0,0,0,0,0,0,0,0,0,0,0,0,0,0,0,0,0,0,0,0,0,0,0,0,0,0,0,0,0,0,0
2025-04-16,28.0,6.0,10.5,15.0,29.5,6.5,7.0,7.5,4.0,8.5,16.5,17.5,6.0,2.5,22.5,45.5,15.5,11.5,3.5,10.5,7.5,36.5,17.5,15.5,5.0,6.0,11.5,7.5,26.5,3.5,11.0,6.0,21.5,16.0,37.5,4.5,5.0,,,56.5,0,0,0,0,0,0,0,0,0,0,0,0,0,0,0,0,0,0,0,0,0,0,0,0,0,0,0,0,0,0,0,0,0,0,0,0,0,0,0,0
2025-04-17,,,,,,,,,,,,,,,,,,,,,,,,,,,,,,,,,,,,,,,,,0,0,0,0,0,0,0,0,0,0,0,0,0,0,0,0,0,0,0,0,0,0,0,0,0,0,0,0,0,0,0,0,0,0,0,0,0,0,0,0
2025-04-18,2.5,0.0,0.0,0.0,0.0,30.5,32.5,8.0,0.0,1.5,0.5,0.0,0.5,0.0,0.0,0.0,0.0,0.0,0.0,0.0,0.0,0.0,0.0,0.5,0.5,0.0,0.5,0.0,2.0,0.5,0.0,0.0,0.0,0.5,0.5,0.0,0.0,,,0.0,0,0,0,0,0,0,0,0,0,0,0,0,0,0,0,0,0,0,0,0,0,0,0,0,0,0,0,0,0,0,0,0,0,0,0,0,0,0,0,0
2025-04-19,8.0,0.0,0.0,2.5,7.5,34.5,18.0,15.0,0.0,1.0,22.0,13.5,0.0,0.0,0.0,14.0,15.0,23.0,0.0,18.5,0.0,4.0,2.0,3.5,0.0,4.5,0.0,0.0,0.0,0.0,0.0,0.0,0.0,13.0,3.0,0.0,0.0,,,0.0,0,0,0,0,0,0,0,0,0,0,0,0,0,0,0,0,0,0,0,0,0,0,0,0,0,0,0,0,0,0,0,0,0,0,0,0,0,0,0,0
2025-04-20,76.5,67.5,40.5,54.0,67.0,96.5,82.5,88.0,47.5,93.5,94.0,58.0,37.5,33.5,80.0,68.0,23.5,36.5,43.5,37.0,43.5,78.0,28.0,119.5,26.5,43.0,38.5,29.0,97.5,38.0,101.5,31.0,22.0,55.5,116.0,48.5,80.0,,,46.5,0,0,0,0,0,0,0,0,0,0,0,0,0,0,0,0,0,0,0,0,0,0,0,0,0,0,0,0,0,0,0,0,0,0,0,0,0,0,0,0
2025-04-21,21.5,18.5,15.5,34.5,12.0,49.0,47.5,38.0,59.0,28.5,35.5,50.0,19.5,24.5,25.0,7.5,13.0,6.5,18.0,7.0,12.5,20.5,10.0,69.0,19.0,10.5,13.5,15.0,32.5,22.0,34.5,14.0,8.5,42.5,47.0,18.0,4.5,,,16.5,0,0,0,0,0,0,0,0,0,0,0,0,0,0,0,0,0,0,0,0,0,0,0,0,0,0,0,0,0,0,0,0,0,0,0,0,0,0,0,0
2025-04-22,1.5,1.5,1.0,1.0,3.5,6.0,6.5,2.0,0.5,35.5,2.0,9.0,0.5,1.0,1.0,1.5,3.0,13.0,1.5,6.0,1.5,1.0,1.5,5.0,0.0,2.5,2.0,1.0,1.0,0.5,1.5,1.5,1.5,4.0,3.0,1.5,1.0,,,1.5,0,0,0,0,0,0,0,0,0,0,0,0,0,0,0,0,0,0,0,0,0,0,0,0,0,0,0,0,0,0,0,0,0,0,0,0,0,0,0,0
2025-04-23,0.0,1.0,5.5,0.0,0.0,9.0,10.0,1.5,0.0,0.0,0.5,19.0,42.0,11.5,0.0,0.5,12.5,0.0,2.0,0.0,5.0,0.0,15.5,0.0,0.0,0.5,3.5,1.0,0.0,0.5,0.0,13.0,19.0,17.0,0.0,7.5,0.0,,,0.0,0,0,0,0,0,0,0,0,0,0,0,0,0,0,0,0,0,0,0,0,0,0,0,0,0,0,0,0,0,0,0,0,0,0,0,0,0,0,0,0
2025-04-24,8.0,20.5,18.0,13.5,16.0,24.0,22.5,10.0,36.5,15.0,15.0,9.5,12.0,11.5,27.0,17.5,25.5,16.0,13.0,16.0,13.5,8.0,18.5,41.5,15.0,15.5,12.5,24.5,12.0,12.5,30.5,26.0,13.5,9.5,17.5,12.0,62.5,,,19.0,0,0,0,0,0,0,0,0,0,0,0,0,0,0,0,0,0,0,0,0,0,0,0,0,0,0,0,0,0,0,0,0,0,0,0,0,0,0,0,0
2025-04-25,7.5,0.0,0.0,0.0,0.0,0.5,0.0,2.5,0.5,29.5,5.5,3.0,0.0,0.0,0.0,0.0,0.0,0.0,0.0,0.0,0.0,7.0,0.0,48.5,0.0,0.0,0.0,0.0,7.5,0.5,0.0,0.0,0.0,4.5,17.5,0.0,0.0,,,0.0,0,0,0,0,0,0,0,0,0,0,0,0,0,0,0,0,0,0,0,0,0,0,0,0,0,0,0,0,0,0,0,0,0,0,0,0,0,0,0,0
2025-04-26,36.5,0.0,0.0,0.5,0.0,0.0,0.0,0.0,0.0,0.0,0.5,1.0,0.0,0.0,0.0,0.0,0.0,0.0,0.0,0.0,0.0,42.5,0.0,2.5,0.0,0.0,0.0,0.0,63.0,0.0,0.0,0.0,0.0,4.5,0.5,0.0,0.0,,,0.0,0,0,0,0,0,0,0,0,0,0,0,0,0,0,0,0,0,0,0,0,0,0,0,0,0,0,0,0,0,0,0,0,0,0,0,0,0,0,0,0
2025-04-27,0.0,0.0,0.0,0.0,0.0,0.0,0.0,0.0,0.0,2.0,1.5,0.0,0.0,0.0,0.0,0.0,0.0,0.0,0.0,0.0,2.0,0.0,0.0,2.5,0.0,0.0,3.5,0.0,0.5,0.0,0.0,0.0,0.0,0.0,0.0,1.0,0.0,,,0.0,0,0,0,0,0,0,0,0,0,0,0,0,0,0,0,0,0,0,0,0,0,0,0,0,0,0,0,0,0,0,0,0,0,0,0,0,0,0,0,0
2025-04-28,1.5,1.5,0.0,0.0,0.0,3.0,0.0,0.0,0.0,11.0,52.0,0.0,0.0,0.0,0.0,6.5,9.5,6.0,1.0,10.5,0.5,6.5,3.5,7.5,0.0,5.0,0.0,2.5,2.5,0.0,0.0,2.0,1.5,1.5,46.0,0.0,0.0,,,9.0,0,0,0,0,0,0,0,0,0,0,0,0,0,0,0,0,0,0,0,0,0,0,0,0,0,0,0,0,0,0,0,0,0,0,0,0,0,0,0,0
2025-04-29,23.5,23.5,24.0,3.5,12.0,66.0,48.5,24.0,13.0,22.0,41.0,34.0,33.0,29.5,31.5,0.5,29.0,12.0,43.5,13.5,31.5,6.5,29.0,13.0,25.5,31.0,38.5,41.0,16.5,67.5,8.5,48.5,34.0,38.0,28.5,32.0,19.0,,,6.5,0,0,0,0,0,0,0,0,0,0,0,0,0,0,0,0,0,0,0,0,0,0,0,0,0,0,0,0,0,0,0,0,0,0,0,0,0,0,0,0
2025-04-30,26.0,4.0,1.0,0.0,7.5,0.0,0.5,0.0,0.0,0.0,0.0,37.0,9.0,0.0,0.0,0.5,0.0,0.0,0.5,0.0,0.5,24.0,0.0,0.0,0.5,0.5,0.0,0.0,0.5,0.5,0.0,8.5,0.5,28.0,0.5,0.0,0.0,,,0.0,0,0,0,0,0,0,0,0,0,0,0,0,0,0,0,0,0,0,0,0,0,0,0,0,0,0,0,0,0,0,0,0,0,0,0,0,0,0,0,0
2025-05-01,18.0,9.5,19.0,35.5,47.5,69.0,62.0,36.5,56.0,7.0,64.5,48.0,64.0,53.0,0.5,29.5,32.5,17.0,81.5,14.5,152.0,13.5,34.0,42.0,26.0,23.0,154.5,65.0,25.0,69.0,70.5,35.5,46.0,46.0,63.5,117.5,11.0,,,27.5,0,0,0,0,0,0,0,0,0,0,0,0,0,0,0,0,0,0,0,0,0,0,0,0,0,0,0,0,0,0,0,0,0,0,0,0,0,0,0,0
2025-05-02,23.0,36.5,31.0,39.0,53.0,30.0,33.0,27.5,15.0,,65.5,15.5,67.5,60.0,14.5,30.5,62.0,68.5,81.5,81.0,36.0,20.5,63.5,13.5,16.5,55.0,36.5,52.0,12.0,25.5,71.5,86.0,93.0,16.0,,32.0,19.0,,,43.0,0,0,0,0,0,0,0,0,0,0,0,0,0,0,0,0,0,0,0,0,0,0,0,0,0,0,0,0,0,0,0,0,0,0,0,0,0,0,0,0
2025-05-03,8.5,0.0,11.0,0.0,6.0,8.5,10.0,3.5,0.0,20.5,37.5,37.0,0.0,5.5,0.5,1.5,1.5,32.5,0.5,39.0,2.5,10.0,8.5,15.5,0.0,0.5,2.0,0.5,8.5,0.0,11.5,0.0,18.0,41.0,,1.0,0.0,,,7.5,0,0,0,0,0,0,0,0,0,0,0,0,0,0,0,0,0,0,0,0,0,0,0,0,0,0,0,0,0,0,0,0,0,0,0,0,0,0,0,0
2025-05-04,22.0,48.5,55.5,31.5,43.5,34.5,30.5,25.5,17.0,38.5,32.5,28.0,26.0,22.5,16.0,13.0,57.0,43.0,20.5,40.0,15.5,32.5,66.0,16.0,14.5,51.0,14.0,11.5,3.0,8.5,28.0,17.0,19.5,24.5,63.5,13.0,4.0,,,12.0,0,0,0,0,0,0,0,0,0,0,0,0,0,0,0,0,0,0,0,0,0,0,0,0,0,0,0,0,0,0,0,0,0,0,0,0,0,0,0,0
2025-05-05,0.5,0.0,0.0,0.0,14.0,0.0,0.5,0.5,0.0,0.0,0.0,0.0,7.5,0.0,0.0,1.0,4.5,34.0,0.0,20.0,0.5,0.5,2.5,4.0,0.5,0.0,0.5,0.0,0.0,0.0,0.0,0.5,0.0,0.5,0.5,0.0,0.0,,,0.0,0,0,0,0,0,0,0,0,0,0,0,0,0,0,0,0,0,0,0,0,0,0,0,0,0,0,0,0,0,0,0,0,0,0,0,0,0,0,0,0
2025-05-06,15.0,1.5,0.5,0.0,0.0,0.0,0.0,0.0,0.5,0.0,2.5,4.0,5.0,4.0,0.0,3.0,2.0,0.5,8.0,2.0,29.5,21.5,12.0,10.5,0.5,0.0,33.5,0.5,0.0,1.0,0.5,0.0,5.5,3.0,32.5,24.0,0.5,,,2.0,0,0,0,0,0,0,0,0,0,0,0,0,0,0,0,0,0,0,0,0,0,0,0,0,0,0,0,0,0,0,0,0,0,0,0,0,0,0,0,0
2025-05-07,0.5,2.0,3.0,0.5,1.0,0.5,0.5,0.5,3.0,1.5,0.5,0.0,0.5,0.5,4.0,2.0,1.5,1.0,1.0,1.0,0.5,0.5,2.0,0.5,1.5,1.0,1.5,5.5,0.5,0.5,1.0,2.5,0.5,0.5,1.0,1.0,2.5,,,2.5,0,0,0,0,0,0,0,0,0,0,0,0,0,0,0,0,0,0,0,0,0,0,0,0,0,0,0,0,0,0,0,0,0,0,0,0,0,0,0,0
2025-05-08,0.0,0.0,0.0,0.0,0.0,0.0,0.0,0.0,0.0,0.0,0.5,0.0,0.0,0.0,0.0,0.0,0.0,0.0,0.0,0.5,0.0,0.0,0.0,0.0,0.0,0.0,0.0,0.0,0.0,0.0,0.5,0.0,0.0,0.0,0.0,0.0,0.0,,,0.0,0,0,0,0,0,0,0,0,0,0,0,0,0,0,0,0,0,0,0,0,0,0,0,0,0,0,0,0,0,0,0,0,0,0,0,0,0,0,0,0
2025-05-09,0.0,0.0,0.0,0.0,0.0,2.5,1.5,0.0,4.0,3.5,0.0,0.0,0.5,0.0,0.0,0.0,9.0,4.0,0.0,0.0,0.0,0.0,3.0,0.0,3.5,0.5,0.0,9.0,0.0,0.5,0.0,0.5,0.0,0.0,0.5,0.0,0.0,,,0.0,0,0,0,0,0,0,0,0,0,0,0,0,0,0,0,0,0,0,0,0,0,0,0,0,0,0,0,0,0,0,0,0,0,0,0,0,0,0,0,0
2025-05-10,30.0,0.0,0.0,7.0,0.0,0.0,0.0,0.0,0.0,0.0,0.0,2.5,0.0,0.0,0.0,0.5,0.0,0.0,0.0,0.0,1.5,6.0,0.0,0.5,0.0,0.0,0.5,0.0,21.5,0.0,0.0,0.0,0.0,5.5,0.0,0.0,0.0,,,0.0,0,0,0,0,0,0,0,0,0,0,0,0,0,0,0,0,0,0,0,0,0,0,0,0,0,0,0,0,0,0,0,0,0,0,0,0,0,0,0,0
2025-05-11,19.5,0.0,0.0,1.0,1.5,16.0,13.0,36.5,0.0,11.0,8.0,45.5,0.0,6.5,4.5,1.5,0.0,0.0,0.0,0.0,4.5,35.5,0.0,12.0,0.0,1.0,2.5,0.0,56.0,0.0,3.0,0.0,0.0,45.5,17.0,6.5,0.0,,,21.0,0,0,0,0,0,0,0,0,0,0,0,0,0,0,0,0,0,0,0,0,0,0,0,0,0,0,0,0,0,0,0,0,0,0,0,0,0,0,0,0
2025-05-12,4.5,0.0,0.0,0.0,0.0,0.0,0.0,0.5,0.0,0.5,7.5,0.0,0.0,0.0,0.0,0.0,0.0,0.0,0.5,0.0,0.0,4.5,0.0,3.0,0.0,0.0,0.0,0.0,0.0,0.0,0.5,0.0,0.0,0.5,2.0,0.0,0.0,,,0.0,0,0,0,0,0,0,0,0,0,0,0,0,0,0,0,0,0,0,0,0,0,0,0,0,0,0,0,0,0,0,0,0,0,0,0,0,0,0,0,0
2025-05-13,13.0,1.0,0.0,0.0,0.0,8.0,0.5,0.0,30.5,0.0,3.0,0.0,25.5,9.5,0.0,0.0,26.5,16.0,20.5,6.0,23.0,32.5,15.0,1.0,26.5,8.5,15.0,14.0,2.5,14.0,7.0,16.0,57.0,0.0,0.0,17.5,5.5,,,0.0,0,0,0,0,0,0,0,0,0,0,0,0,0,0,0,0,0,0,0,0,0,0,0,0,0,0,0,0,0,0,0,0,0,0,0,0,0,0,0,0
2025-05-14,0.0,1.0,1.0,0.0,0.5,0.0,0.5,0.0,1.0,0.5,0.0,0.0,0.0,0.0,1.5,0.5,0.5,0.0,0.0,0.5,0.5,0.0,0.0,0.0,1.0,0.0,0.5,1.5,0.0,0.5,0.0,2.0,0.5,0.0,0.5,0.0,1.5,,,0.5,0,0,0,0,0,0,0,0,0,0,0,0,0,0,0,0,0,0,0,0,0,0,0,0,0,0,0,0,0,0,0,0,0,0,0,0,0,0,0,0
2025-05-15,0.0,1.5,5.0,5.0,2.0,5.5,6.5,1.0,1.5,0.0,0.5,8.0,49.0,15.0,41.0,2.5,39.0,41.0,6.0,53.5,51.0,2.5,35.0,1.0,29.5,46.0,51.5,18.5,3.5,18.0,28.0,12.5,49.5,7.5,1.0,23.5,4.0,,,2.5,0,0,0,0,0,0,0,0,0,0,0,0,0,0,0,0,0,0,0,0,0,0,0,0,0,0,0,0,0,0,0,0,0,0,0,0,0,0,0,0
2025-05-16,,,,,,,,,,,,,,,,,,,,,,,,,,,,,,,,,,,,,,,,,0,0,0,0,0,0,0,0,0,0,0,0,0,0,0,0,0,0,0,0,0,0,0,0,0,0,0,0,0,0,0,0,0,0,0,0,0,0,0,0
2025-05-17,26.0,18.5,11.0,38.0,28.5,2.5,5.5,1.5,0.5,2.5,32.5,27.0,20.0,6.5,0.0,27.0,32.0,48.0,4.5,70.0,5.5,50.5,32.5,1.5,0.5,44.5,5.0,11.5,4.5,1.0,10.5,19.5,26.0,35.0,8.5,6.5,0.0,,,54.0,0,0,0,0,0,0,0,0,0,0,0,0,0,0,0,0,0,0,0,0,0,0,0,0,0,0,0,0,0,0,0,0,0,0,0,0,0,0,0,0
2025-05-18,0.0,1.0,0.5,6.5,4.0,26.0,26.0,43.0,0.0,41.0,36.0,52.0,0.5,7.5,0.5,3.5,3.5,1.0,19.0,12.0,2.0,2.0,1.5,48.5,0.5,30.0,2.0,5.5,16.0,0.0,29.5,2.0,3.0,50.5,54.5,2.0,0.0,,,3.5,0,0,0,0,0,0,0,0,0,0,0,0,0,0,0,0,0,0,0,0,0,0,0,0,0,0,0,0,0,0,0,0,0,0,0,0,0,0,0,0
2025-05-19,7.0,40.0,32.0,2.0,2.0,2.5,4.0,16.5,4.5,6.5,21.5,2.0,33.0,17.5,54.5,3.0,5.5,5.5,12.0,8.0,40.5,2.0,9.5,27.0,3.5,16.5,35.5,22.5,9.0,35.5,14.0,18.5,51.5,3.5,29.0,36.5,2.0,,,4.5,0,0,0,0,0,0,0,0,0,0,0,0,0,0,0,0,0,0,0,0,0,0,0,0,0,0,0,0,0,0,0,0,0,0,0,0,0,0,0,0
2025-05-20,0.0,0.0,0.5,1.0,0.0,0.5,0.5,0.0,0.0,0.0,0.0,0.0,0.5,0.0,0.0,0.0,0.0,0.0,0.5,0.0,0.0,0.0,0.0,0.0,0.0,0.0,0.5,0.5,0.0,0.0,0.0,0.5,0.5,0.0,1.5,0.0,0.0,,,0.0,0,0,0,0,0,0,0,0,0,0,0,0,0,0,0,0,0,0,0,0,0,0,0,0,0,0,0,0,0,0,0,0,0,0,0,0,0,0,0,0
2025-05-21,,,,,,,,,,,,,,,,,,,,,,,,,,,,,,,,,,,,,,,,,0,0,0,0,0,0,0,0,0,0,0,0,0,0,0,0,0,0,0,0,0,0,0,0,0,0,0,0,0,0,0,0,0,0,0,0,0,0,0,0
2025-05-22,3.0,0.0,0.0,0.0,0.0,0.0,0.5,0.0,3.0,17.0,13.5,0.0,0.5,0.0,0.0,0.0,0.0,0.0,0.0,0.0,0.0,2.5,0.0,38.5,2.5,0.0,0.5,0.0,16.0,0.0,0.0,0.0,0.0,0.0,28.5,0.0,0.0,,,0.0,0,0,0,0,0,0,0,0,0,0,0,0,0,0,0,0,0,0,0,0,0,0,0,0,0,0,0,0,0,0,0,0,0,0,0,0,0,0,0,0
2025-05-23,14.5,2.5,6.0,1.5,8.5,1.0,2.5,3.5,0.0,4.5,14.0,11.0,0.0,28.0,0.0,27.0,13.5,12.5,17.0,12.0,8.0,9.5,17.0,0.5,0.0,23.0,14.0,38.0,0.5,0.0,5.5,28.0,0.0,7.5,1.0,14.0,3.5,,,2.0,0,0,0,0,0,0,0,0,0,0,0,0,0,0,0,0,0,0,0,0,0,0,0,0,0,0,0,0,0,0,0,0,0,0,0,0,0,0,0,0
2025-05-24,8.5,0.0,0.0,0.0,0.5,0.0,0.0,0.0,0.0,2.5,0.0,0.0,0.0,0.0,0.0,0.5,0.0,0.0,0.0,0.0,0.0,2.0,0.0,0.0,0.0,0.0,0.0,0.0,23.5,0.0,0.5,0.5,0.0,0.0,0.0,0.0,0.0,,,0.0,0,0,0,0,0,0,0,0,0,0,0,0,0,0,0,0,0,0,0,0,0,0,0,0,0,0,0,0,0,0,0,0,0,0,0,0,0,0,0,0
2025-05-25,0.5,0.0,0.0,0.0,0.0,0.0,0.0,0.0,0.0,0.0,0.0,0.0,0.0,0.0,0.0,0.0,0.0,0.0,0.0,0.0,0.0,0.0,0.0,0.0,0.0,0.0,0.0,0.0,0.0,0.0,0.0,0.0,0.0,0.0,0.0,0.0,0.0,,,0.0,0,0,0,0,0,0,0,0,0,0,0,0,0,0,0,0,0,0,0,0,0,0,0,0,0,0,0,0,0,0,0,0,0,0,0,0,0,0,0,0
2025-05-26,3.0,2.5,4.5,2.5,1.0,4.5,2.0,7.5,5.0,3.0,1.5,6.5,9.5,2.0,7.5,9.0,1.0,0.0,3.5,0.0,4.5,2.0,1.0,3.0,18.0,0.0,4.5,13.0,6.0,0.0,0.0,11.5,0.0,6.0,0.0,3.5,9.5,,,0.5,0,0,0,0,0,0,0,0,0,0,0,0,0,0,0,0,0,0,0,0,0,0,0,0,0,0,0,0,0,0,0,0,0,0,0,0,0,0,0,0
2025-05-27,31.0,1.0,0.5,6.0,11.5,0.5,0.5,1.5,5.0,1.0,1.5,0.5,10.0,38.5,0.0,1.0,0.0,0.0,22.0,0.0,6.0,46.0,0.0,1.0,0.5,0.0,9.5,0.5,2.0,0.0,2.0,4.5,5.5,0.0,1.0,40.0,1.0,,,13.0,0,0,0,0,0,0,0,0,0,0,0,0,0,0,0,0,0,0,0,0,0,0,0,0,0,0,0,0,0,0,0,0,0,0,0,0,0,0,0,0
2025-05-28,3.0,9.0,12.0,17.5,3.0,3.5,3.0,4.0,10.0,12.5,2.0,35.0,16.0,22.5,3.0,55.5,28.5,15.5,19.5,25.0,13.0,3.0,27.0,1.5,9.0,13.0,15.5,14.5,3.5,5.0,3.5,32.0,14.5,32.0,1.5,17.5,7.5,,,15.0,0,0,0,0,0,0,0,0,0,0,0,0,0,0,0,0,0,0,0,0,0,0,0,0,0,0,0,0,0,0,0,0,0,0,0,0,0,0,0,0
2025-05-29,16.0,14.0,11.5,1.0,2.5,1.0,4.0,22.0,23.5,6.0,21.5,5.5,47.5,2.0,2.0,3.5,4.0,12.5,2.5,13.5,1.5,14.0,4.5,8.0,7.0,7.5,0.5,2.5,15.5,27.0,1.0,4.0,21.5,6.5,3.5,2.0,31.5,,,4.0,0,0,0,0,0,0,0,0,0,0,0,0,0,0,0,0,0,0,0,0,0,0,0,0,0,0,0,0,0,0,0,0,0,0,0,0,0,0,0,0
2025-05-30,0.5,2.0,1.0,0.5,1.5,2.5,3.0,4.5,2.5,1.5,5.0,2.5,1.0,0.5,3.0,1.5,1.5,1.0,0.5,1.0,1.0,1.0,1.5,8.0,2.0,0.5,1.0,2.0,0.5,1.0,1.0,3.0,1.0,3.0,7.5,1.0,2.0,,,1.0,0,0,0,0,0,0,0,0,0,0,0,0,0,0,0,0,0,0,0,0,0,0,0,0,0,0,0,0,0,0,0,0,0,0,0,0,0,0,0,0
2025-05-31,2.0,0.5,0.5,1.0,1.5,2.0,1.5,2.0,0.0,1.5,1.0,1.5,0.0,0.5,0.0,1.0,1.0,0.0,0.5,0.5,0.5,2.0,0.5,1.5,0.0,0.5,0.5,0.0,2.5,0.0,1.5,0.0,0.0,2.0,1.5,0.5,0.0,,,1.0,0,0,0,0,0,0,0,0,0,0,0,0,0,0,0,0,0,0,0,0,0,0,0,0,0,0,0,0,0,0,0,0,0,0,0,0,0,0,0,0
2025-06-01,8.5,11.0,7.5,7.0,12.5,3.0,2.0,34.0,0.0,23.5,19.5,1.0,0.0,1.5,1.0,50.5,38.0,24.0,4.0,22.0,0.0,2.0,33.0,11.0,0.0,26.0,0.0,4.5,7.5,0.0,3.0,8.0,0.0,1.5,13.0,0.0,0.0,,,24.0,0,0,0,0,0,0,0,0,0,0,0,0,0,0,0,0,0,0,0,0,0,0,0,0,0,0,0,0,0,0,0,0,0,0,0,0,0,0,0,0
2025-06-02,0.0,0.0,0.0,0.0,0.0,0.0,0.5,0.0,0.0,0.0,0.0,0.0,0.0,0.0,0.0,0.0,0.0,0.0,0.5,0.0,0.0,0.0,0.0,0.0,0.0,0.0,0.0,0.5,0.5,0.0,0.0,0.0,0.0,0.5,0.5,0.5,0.0,,,0.0,0,0,0,0,0,0,0,0,0,0,0,0,0,0,0,0,0,0,0,0,0,0,0,0,0,0,0,0,0,0,0,0,0,0,0,0,0,0,0,0
2025-06-03,17.0,34.5,44.5,83.0,65.5,58.5,65.0,21.0,66.5,13.0,37.0,121.5,1.5,55.0,59.0,92.5,73.0,72.0,67.0,59.0,18.0,22.0,76.5,30.5,77.5,68.0,18.0,52.5,34.5,5.0,75.0,40.5,11.5,97.5,55.5,33.5,31.5,,,63.5,0,0,0,0,0,0,0,0,0,0,0,0,0,0,0,0,0,0,0,0,0,0,0,0,0,0,0,0,0,0,0,0,0,0,0,0,0,0,0,0
2025-06-04,10.0,2.0,2.0,2.0,1.5,1.5,1.5,1.0,1.0,1.0,0.5,1.0,2.0,2.0,1.0,2.0,2.5,1.5,2.5,2.5,2.5,3.5,2.0,0.5,1.5,3.0,2.0,2.5,1.0,1.0,2.0,2.5,2.0,1.5,0.5,2.0,1.0,,,2.0,0,0,0,0,0,0,0,0,0,0,0,0,0,0,0,0,0,0,0,0,0,0,0,0,0,0,0,0,0,0,0,0,0,0,0,0,0,0,0,0
2025-06-05,1.5,4.0,4.5,0.0,37.0,6.0,8.5,20.5,0.0,1.5,67.5,8.0,21.0,0.0,5.0,119.0,21.5,9.0,0.0,13.5,0.5,0.0,32.5,59.5,0.0,10.0,1.0,0.0,12.0,0.0,9.5,0.0,25.0,10.0,69.0,0.5,0.0,,,36.5,0,0,0,0,0,0,0,0,0,0,0,0,0,0,0,0,0,0,0,0,0,0,0,0,0,0,0,0,0,0,0,0,0,0,0,0,0,0,0,0
2025-06-06,3.0,19.5,7.0,28.5,45.5,85.5,71.5,97.5,4.5,29.5,50.0,92.5,35.5,16.5,9.0,32.5,11.5,20.5,8.0,23.0,19.0,5.5,12.0,39.5,9.5,5.5,13.0,2.0,11.5,6.5,60.5,2.5,22.0,92.0,15.0,9.0,0.0,,,34.5,0,0,0,0,0,0,0,0,0,0,0,0,0,0,0,0,0,0,0,0,0,0,0,0,0,0,0,0,0,0,0,0,0,0,0,0,0,0,0,0
2025-06-07,2.5,3.5,1.0,2.5,3.5,4.0,4.0,4.0,5.0,0.0,4.5,3.5,2.0,4.0,0.5,3.0,2.5,2.5,4.5,2.0,2.0,6.0,1.0,2.0,9.0,1.0,2.5,4.5,34.0,0.5,4.0,1.5,0.5,4.5,0.0,2.0,4.0,,,2.5,0,0,0,0,0,0,0,0,0,0,0,0,0,0,0,0,0,0,0,0,0,0,0,0,0,0,0,0,0,0,0,0,0,0,0,0,0,0,0,0
2025-06-08,0.0,0.0,0.0,0.0,0.0,0.0,0.0,0.0,0.5,0.0,0.0,0.0,0.5,1.5,0.0,0.0,0.0,0.0,0.5,0.0,0.0,0.0,0.0,0.0,0.0,0.0,0.0,0.5,0.0,0.0,0.0,0.5,0.5,0.0,0.0,0.5,0.0,,,0.0,0,0,0,0,0,0,0,0,0,0,0,0,0,0,0,0,0,0,0,0,0,0,0,0,0,0,0,0,0,0,0,0,0,0,0,0,0,0,0,0
2025-06-09,0.0,0.5,0.5,0.0,0.0,0.0,0.0,0.0,0.0,0.0,0.0,1.5,9.0,11.0,0.0,0.0,0.5,0.0,6.5,0.0,7.0,0.0,0.0,0.0,1.0,2.5,5.0,4.0,0.0,0.5,0.0,1.5,18.5,2.0,0.0,5.0,0.0,,,0.0,0,0,0,0,0,0,0,0,0,0,0,0,0,0,0,0,0,0,0,0,0,0,0,0,0,0,0,0,0,0,0,0,0,0,0,0,0,0,0,0
2025-06-10,0.0,27.5,4.0,12.5,9.0,0.0,0.0,0.0,2.5,12.0,0.0,1.0,14.5,3.0,62.0,24.5,3.0,3.5,6.5,5.0,10.0,0.0,2.5,0.0,1.5,2.0,7.5,10.0,4.5,29.5,0.0,5.5,24.0,2.5,0.5,6.5,3.5,,,53.0,0,0,0,0,0,0,0,0,0,0,0,0,0,0,0,0,0,0,0,0,0,0,0,0,0,0,0,0,0,0,0,0,0,0,0,0,0,0,0,0
2025-06-11,0.0,0.0,1.0,0.0,0.0,0.0,0.0,0.0,0.0,0.0,0.0,0.0,0.0,0.5,0.0,0.5,16.5,0.5,8.5,0.0,0.5,0.0,13.5,0.0,0.0,0.5,0.0,0.0,0.0,0.0,0.0,0.0,0.0,0.0,0.0,2.0,0.5,,,0.0,0,0,0,0,0,0,0,0,0,0,0,0,0,0,0,0,0,0,0,0,0,0,0,0,0,0,0,0,0,0,0,0,0,0,0,0,0,0,0,0
2025-06-12,0.0,0.0,0.0,0.0,0.0,0.0,0.0,0.5,,0.0,25.5,0.0,0.0,0.0,0.0,0.0,0.0,0.0,0.0,0.0,0.0,0.0,0.0,0.0,0.0,0.0,0.0,0.5,0.0,0.0,0.0,0.0,0.5,0.0,7.0,0.5,0.0,,,0.0,0,0,0,0,0,0,0,0,0,0,0,0,0,0,0,0,0,0,0,0,0,0,0,0,0,0,0,0,0,0,0,0,0,0,0,0,0,0,0,0
2025-06-13,0.0,0.0,0.0,0.0,0.0,0.0,0.0,0.0,,0.0,0.5,0.0,0.5,0.0,0.0,0.0,0.0,0.0,0.0,0.5,0.0,0.0,0.0,0.0,0.0,0.0,0.0,0.5,0.0,0.0,1.5,3.5,1.0,0.0,0.0,0.0,0.0,,,0.0,0,0,0,0,0,0,0,0,0,0,0,0,0,0,0,0,0,0,0,0,0,0,0,0,0,0,0,0,0,0,0,0,0,0,0,0,0,0,0,0
2025-06-14,12.5,14.5,6.5,0.0,0.0,0.0,0.5,0.0,,2.0,0.5,0.0,0.0,0.5,10.0,0.0,2.5,1.0,0.0,1.0,0.0,12.5,2.5,0.5,0.5,1.5,0.0,0.0,3.0,0.0,1.0,1.5,0.0,0.0,0.5,0.0,0.0,,,0.0,0,0,0,0,0,0,0,0,0,0,0,0,0,0,0,0,0,0,0,0,0,0,0,0,0,0,0,0,0,0,0,0,0,0,0,0,0,0,0,0
2025-06-15,0.0,0.0,0.0,0.0,0.0,0.0,0.0,0.0,,0.0,0.0,0.0,0.0,0.0,0.0,0.0,0.0,0.0,0.0,0.0,0.0,0.0,0.0,0.0,0.0,0.0,0.0,0.0,0.0,0.0,0.0,0.0,0.0,0.0,0.0,0.0,0.0,,,0.0,0,0,0,0,0,0,0,0,0,0,0,0,0,0,0,0,0,0,0,0,0,0,0,0,0,0,0,0,0,0,0,0,0,0,0,0,0,0,0,0
2025-06-16,2.0,3.5,0.5,1.0,4.0,32.5,30.0,10.0,,1.5,2.0,20.0,59.5,20.5,1.0,0.5,1.0,12.5,5.0,8.5,7.5,3.5,3.0,0.5,3.5,10.0,3.5,9.0,2.5,1.5,13.5,10.5,5.0,26.5,1.5,7.5,7.5,,,6.0,0,0,0,0,0,0,0,0,0,0,0,0,0,0,0,0,0,0,0,0,0,0,0,0,0,0,0,0,0,0,0,0,0,0,0,0,0,0,0,0
2025-06-17,1.0,2.0,3.0,3.5,24.0,2.5,1.5,1.0,,8.5,28.0,5.0,0.5,21.0,0.5,9.5,1.5,1.5,0.5,1.0,0.5,1.5,1.0,44.0,0.0,1.0,0.5,2.0,1.5,7.0,21.0,1.5,3.5,6.0,50.0,3.0,0.0,,,12.5,0,0,0,0,0,0,0,0,0,0,0,0,0,0,0,0,0,0,0,0,0,0,0,0,0,0,0,0,0,0,0,0,0,0,0,0,0,0,0,0
2025-06-18,25.0,7.0,23.0,2.5,2.0,3.0,2.5,1.0,,3.0,13.5,11.5,6.0,1.5,10.5,34.5,19.5,11.0,1.5,10.5,0.5,10.0,27.5,2.0,2.0,6.0,1.0,3.0,24.5,21.0,11.0,5.5,9.5,6.0,0.5,5.0,3.0,,,11.5,0,0,0,0,0,0,0,0,0,0,0,0,0,0,0,0,0,0,0,0,0,0,0,0,0,0,0,0,0,0,0,0,0,0,0,0,0,0,0,0
2025-06-19,6.5,2.0,1.5,0.0,0.5,1.0,1.0,1.0,,2.5,2.5,0.5,1.5,1.0,6.0,2.0,3.5,3.5,3.0,4.0,2.0,11.0,3.0,1.5,6.5,2.5,2.0,4.0,6.0,2.0,1.0,3.5,2.0,1.0,1.0,2.0,6.0,,,2.5,0,0,0,0,0,0,0,0,0,0,0,0,0,0,0,0,0,0,0,0,0,0,0,0,0,0,0,0,0,0,0,0,0,0,0,0,0,0,0,0
2025-06-20,15.5,0.0,0.0,1.0,19.0,4.0,3.5,0.0,,17.0,0.0,9.0,0.5,0.0,18.5,0.5,0.5,0.0,0.0,0.0,0.0,6.5,0.0,1.0,2.0,0.0,0.0,0.0,3.0,0.0,26.0,0.0,0.0,8.0,0.0,0.5,0.5,,14.5,0.0,0,0,0,0,0,0,0,0,0,0,0,0,0,0,0,0,0,0,0,0,0,0,0,0,0,0,0,0,0,0,0,0,0,0,0,0,0,0,0,0
2025-06-21,0.0,0.0,0.5,0.0,0.5,0.0,0.0,0.0,0.0,0.5,0.0,0.0,0.0,0.0,5.0,0.0,0.0,0.0,0.0,0.5,0.0,0.5,0.0,0.5,0.0,0.0,0.0,0.0,0.5,0.0,0.0,0.0,0.0,0.0,0.0,0.5,0.5,,0.0,0.0,0,0,0,0,0,0,0,0,0,0,0,0,0,0,0,0,0,0,0,0,0,0,0,0,0,0,0,0,0,0,0,0,0,0,0,0,0,0,0,0
2025-06-22,0.5,8.5,8.0,28.0,50.0,26.5,24.5,0.0,0.0,1.5,0.0,9.5,1.5,32.5,21.0,10.5,3.5,4.5,31.0,12.0,3.0,0.0,2.0,0.0,3.5,9.5,3.5,3.5,0.0,0.0,34.5,6.0,0.5,9.5,0.0,23.5,0.0,,0.0,7.0,0,0,0,0,0,0,0,0,0,0,0,0,0,0,0,0,0,0,0,0,0,0,0,0,0,0,0,0,0,0,0,0,0,0,0,0,0,0,0,0
2025-06-23,0.0,0.5,0.5,13.0,2.5,0.0,0.5,1.0,0.0,0.0,0.0,0.0,1.5,1.0,0.0,4.0,10.0,14.0,0.5,18.5,10.0,0.0,5.0,0.0,0.0,11.5,3.5,0.0,0.0,0.0,0.5,0.5,0.0,0.0,0.5,6.5,0.0,,0.0,6.5,0,0,0,0,0,0,0,0,0,0,0,0,0,0,0,0,0,0,0,0,0,0,0,0,0,0,0,0,0,0,0,0,0,0,0,0,0,0,0,0
2025-06-24,14.5,15.5,3.5,0.0,0.5,0.0,0.0,0.0,0.5,5.5,0.0,0.0,3.5,0.0,3.5,1.0,1.0,0.0,0.0,0.0,1.0,7.0,1.0,0.0,0.5,1.5,4.0,18.5,1.0,1.0,0.0,39.0,1.0,0.0,0.0,0.0,1.0,,1.0,11.5,0,0,0,0,0,0,0,0,0,0,0,0,0,0,0,0,0,0,0,0,0,0,0,0,0,0,0,0,0,0,0,0,0,0,0,0,0,0,0,0
2025-06-25,0.0,14.5,4.5,3.0,1.5,0.0,0.0,0.5,0.0,7.0,0.0,0.0,1.0,13.0,13.0,2.0,3.5,1.5,18.5,1.0,13.0,0.0,3.5,0.0,0.0,6.5,18.0,0.5,0.0,1.0,1.0,7.5,17.5,0.0,0.0,21.5,0.5,,0.0,18.0,0,0,0,0,0,0,0,0,0,0,0,0,0,0,0,0,0,0,0,0,0,0,0,0,0,0,0,0,0,0,0,0,0,0,0,0,0,0,0,0
2025-06-26,0.0,0.5,0.5,0.0,0.5,0.0,0.0,0.0,0.0,1.5,0.0,1.5,0.0,0.0,0.0,0.0,0.0,0.0,0.0,0.0,0.0,0.0,0.0,0.0,0.0,0.0,0.0,0.0,0.0,0.0,0.0,0.0,0.0,2.0,0.0,0.0,0.0,,0.0,0.0,0,0,0,0,0,0,0,0,0,0,0,0,0,0,0,0,0,0,0,0,0,0,0,0,0,0,0,0,0,0,0,0,0,0,0,0,0,0,0,0
2025-06-27,29.5,32.0,11.5,34.5,52.0,9.5,7.5,14.0,9.0,2.0,16.5,7.0,28.0,15.0,25.5,37.0,28.0,36.0,8.0,53.5,36.0,21.0,21.0,31.5,46.5,40.5,46.5,19.5,26.5,57.0,4.5,47.0,43.0,8.0,15.0,9.0,15.5,,6.5,37.5,0,0,0,0,0,0,0,0,0,0,0,0,0,0,0,0,0,0,0,0,0,0,0,0,0,0,0,0,0,0,0,0,0,0,0,0,0,0,0,0
2025-06-28,1.0,0.0,0.5,0.0,6.0,0.5,0.5,1.0,0.0,1.0,0.5,0.0,0.0,0.5,0.5,0.0,0.0,0.5,0.0,0.5,0.5,0.5,0.5,0.5,0.0,0.0,0.5,0.0,0.5,0.5,1.0,0.5,0.0,1.0,1.0,0.5,0.5,,1.0,0.0,0,0,0,0,0,0,0,0,0,0,0,0,0,0,0,0,0,0,0,0,0,0,0,0,0,0,0,0,0,0,0,0,0,0,0,0,0,0,0,0
2025-06-29,1.5,32.5,20.0,4.5,2.0,1.5,1.5,2.0,35.5,1.0,2.5,1.0,5.0,5.5,21.0,4.0,12.5,7.0,8.0,9.5,3.5,1.0,11.5,0.5,46.5,8.5,3.5,24.0,0.5,27.5,2.0,47.0,9.5,1.5,1.0,7.5,20.0,,1.5,8.0,0,0,0,0,0,0,0,0,0,0,0,0,0,0,0,0,0,0,0,0,0,0,0,0,0,0,0,0,0,0,0,0,0,0,0,0,0,0,0,0
2025-06-30,0.0,0.5,0.0,0.0,0.0,0.5,0.5,5.5,0.0,0.0,0.5,0.0,0.0,0.0,0.0,0.5,0.0,0.0,0.5,0.0,0.5,0.0,0.0,0.0,0.0,0.0,0.0,0.5,0.0,0.0,0.5,0.0,0.5,0.0,0.0,0.5,0.0,,0.0,0.5,0,0,0,0,0,0,0,0,0,0,0,0,0,0,0,0,0,0,0,0,0,0,0,0,0,0,0,0,0,0,0,0,0,0,0,0,0,0,0,0
2025-07-01,7.5,1.0,0.0,0.0,9.0,0.0,0.0,0.0,0.0,3.5,0.0,0.0,0.0,0.0,0.0,14.5,31.0,16.0,0.0,18.5,0.0,0.5,26.5,0.0,0.0,13.5,0.0,8.5,0.0,0.0,1.0,25.0,0.0,0.5,0.0,0.0,0.0,,0.0,0.0,0,0,0,0,0,0,0,0,0,0,0,0,0,0,0,0,0,0,0,0,0,0,0,0,0,0,0,0,0,0,0,0,0,0,0,0,0,0,0,0
2025-07-02,47.0,7.5,12.5,4.5,7.0,55.0,54.5,57.0,40.5,37.0,41.5,25.0,1.0,5.0,2.5,10.5,22.5,7.0,2.5,4.5,13.5,47.5,31.0,77.0,15.5,5.5,9.0,5.5,46.0,0.0,22.5,6.5,4.5,25.5,40.5,4.5,0.5,,48.0,15.0,0,0,0,0,0,0,0,0,0,0,0,0,0,0,0,0,0,0,0,0,0,0,0,0,0,0,0,0,0,0,0,0,0,0,0,0,0,0,0,0
2025-07-03,20.5,24.0,28.5,0.0,4.0,3.5,2.0,14.5,0.0,14.5,16.5,7.5,1.0,1.0,23.5,5.5,59.5,60.5,2.5,29.5,2.5,21.0,46.0,8.0,0.0,53.0,3.5,12.5,9.0,0.0,1.5,17.0,3.5,6.0,21.0,2.0,0.0,,5.0,18.0,0,0,0,0,0,0,0,0,0,0,0,0,0,0,0,0,0,0,0,0,0,0,0,0,0,0,0,0,0,0,0,0,0,0,0,0,0,0,0,0
2025-07-04,33.5,0.5,0.5,1.0,0.5,1.5,1.5,0.5,1.0,0.0,1.0,0.0,1.0,0.5,0.0,0.5,1.0,1.5,1.0,1.5,0.5,12.5,0.5,2.0,0.5,1.0,0.5,1.0,15.0,1.5,0.5,1.0,1.0,0.0,2.0,1.0,1.0,,0.0,0.5,0,0,0,0,0,0,0,0,0,0,0,0,0,0,0,0,0,0,0,0,0,0,0,0,0,0,0,0,0,0,0,0,0,0,0,0,0,0,0,0
2025-07-05,0.5,0.5,15.0,0.0,5.5,0.0,0.0,0.0,0.0,1.0,0.0,0.0,0.0,0.0,3.5,3.0,0.5,1.0,0.0,0.5,0.0,0.5,9.0,0.5,0.0,0.0,0.0,0.0,0.5,0.0,0.5,0.0,0.0,0.0,0.5,0.0,9.0,,0.0,1.5,0,0,0,0,0,0,0,0,0,0,0,0,0,0,0,0,0,0,0,0,0,0,0,0,0,0,0,0,0,0,0,0,0,0,0,0,0,0,0,0
2025-07-06,8.5,0.0,0.0,0.0,0.0,0.0,0.0,0.0,0.0,12.0,2.0,0.0,0.0,0.0,0.0,0.5,0.0,0.0,0.0,0.0,0.0,9.5,0.0,5.5,0.0,0.0,0.0,0.0,41.5,0.0,0.0,0.0,0.0,0.0,3.0,0.0,0.5,,1.0,0.0,0,0,0,0,0,0,0,0,0,0,0,0,0,0,0,0,0,0,0,0,0,0,0,0,0,0,0,0,0,0,0,0,0,0,0,0,0,0,0,0
2025-07-07,3.5,5.0,8.5,10.5,12.0,2.5,2.0,12.0,1.0,1.5,4.0,1.5,1.0,11.0,4.5,15.5,10.0,4.5,20.5,6.0,13.5,2.5,15.5,1.5,1.5,4.0,13.5,7.5,2.5,0.5,21.5,13.5,4.5,2.0,7.5,15.5,10.0,,6.0,4.0,0,0,0,0,0,0,0,0,0,0,0,0,0,0,0,0,0,0,0,0,0,0,0,0,0,0,0,0,0,0,0,0,0,0,0,0,0,0,0,0
2025-07-08,0.0,0.0,0.0,0.0,0.0,0.0,0.0,0.0,0.0,0.5,0.0,0.0,1.0,0.0,0.0,0.5,0.0,0.0,0.0,0.0,0.0,0.0,0.0,0.0,0.0,0.0,0.0,0.0,0.0,0.5,0.0,0.0,0.0,0.0,0.0,0.0,0.0,,0.0,0.0,0,0,0,0,0,0,0,0,0,0,0,0,0,0,0,0,0,0,0,0,0,0,0,0,0,0,0,0,0,0,0,0,0,0,0,0,0,0,0,0
2025-07-09,0.5,11.5,18.0,0.5,0.5,24.0,22.0,9.0,30.5,0.0,0.0,0.5,45.0,3.0,13.5,0.0,35.5,3.5,10.0,1.5,32.0,8.0,34.0,0.0,34.0,34.0,37.0,39.0,20.0,16.0,10.5,12.5,50.0,0.5,0.0,7.0,34.0,,3.5,0.5,0,0,0,0,0,0,0,0,0,0,0,0,0,0,0,0,0,0,0,0,0,0,0,0,0,0,0,0,0,0,0,0,0,0,0,0,0,0,0,0
2025-07-10,1.0,1.5,0.0,0.0,18.5,13.5,9.0,1.5,2.0,1.0,0.0,0.0,1.0,0.0,0.5,0.5,0.5,2.5,0.0,6.5,0.5,0.5,0.0,0.0,1.0,0.5,0.0,1.5,26.0,20.0,1.5,13.0,0.5,0.0,0.0,0.0,0.5,,7.5,0.0,0,0,0,0,0,0,0,0,0,0,0,0,0,0,0,0,0,0,0,0,0,0,0,0,0,0,0,0,0,0,0,0,0,0,0,0,0,0,0,0
2025-07-11,0.5,0.0,0.0,0.0,0.0,0.0,0.0,0.0,0.5,0.5,0.0,0.0,0.0,0.0,0.5,1.0,0.0,0.0,0.0,0.5,0.0,0.5,0.0,0.0,0.0,0.0,0.0,0.5,0.0,0.0,0.0,0.0,0.0,0.0,0.0,0.0,0.0,,0.0,54.5,0,0,0,0,0,0,0,0,0,0,0,0,0,0,0,0,0,0,0,0,0,0,0,0,0,0,0,0,0,0,0,0,0,0,0,0,0,0,0,0
2025-07-12,0.0,45.5,17.0,25.5,4.5,1.5,0.5,29.5,0.5,14.5,6.5,9.5,17.0,33.0,13.5,11.5,11.0,12.0,14.5,32.0,5.0,0.0,4.0,1.0,3.0,47.5,4.5,14.0,,0.5,7.5,46.0,3.0,7.5,1.0,10.5,31.0,,22.0,0.5,0,0,0,0,0,0,0,0,0,0,0,0,0,0,0,0,0,0,0,0,0,0,0,0,0,0,0,0,0,0,0,0,0,0,0,0,0,0,0,0
2025-07-13,12.5,10.5,8.0,27.0,7.5,60.0,64.5,30.0,6.5,3.0,0.5,32.0,0.5,15.0,0.5,9.0,12.0,4.5,3.0,0.0,30.0,33.0,7.0,5.0,1.5,13.0,27.5,40.5,,3.0,10.0,35.5,25.5,38.0,18.0,13.5,19.5,,28.0,28.0,0,0,0,0,0,0,0,0,0,0,0,0,0,0,0,0,0,0,0,0,0,0,0,0,0,0,0,0,0,0,0,0,0,0,0,0,0,0,0,0
2025-07-14,4.0,0.5,0.0,0.5,4.5,0.5,1.0,7.5,13.0,1.0,3.5,0.0,9.0,0.5,15.5,0.5,0.0,0.0,6.0,0.5,31.0,1.5,0.0,11.5,22.5,0.0,28.0,0.0,,26.0,6.5,0.5,31.0,0.5,7.0,19.0,24.0,,17.5,0.5,0,0,0,0,0,0,0,0,0,0,0,0,0,0,0,0,0,0,0,0,0,0,0,0,0,0,0,0,0,0,0,0,0,0,0,0,0,0,0,0
2025-07-15,0.0,3.0,0.0,6.5,13.5,0.0,0.0,0.5,38.5,1.5,0.0,0.0,0.5,0.0,0.0,0.0,18.0,4.0,0.5,10.0,0.0,0.5,15.5,1.0,53.0,1.5,0.0,0.5,,0.0,0.0,4.5,0.0,0.0,0.5,0.5,10.5,,13.0,0.0,0,0,0,0,0,0,0,0,0,0,0,0,0,0,0,0,0,0,0,0,0,0,0,0,0,0,0,0,0,0,0,0,0,0,0,0,0,0,0,0
2025-07-16,1.0,8.0,4.5,20.5,5.5,12.5,7.5,10.5,6.0,0.5,7.0,11.5,13.5,21.0,32.5,8.5,19.5,22.0,12.5,20.5,11.0,1.5,10.0,0.5,4.5,10.0,11.5,4.0,,2.0,29.5,12.0,2.5,11.0,2.5,14.0,5.0,,6.0,1.5,0,0,0,0,0,0,0,0,0,0,0,0,0,0,0,0,0,0,0,0,0,0,0,0,0,0,0,0,0,0,0,0,0,0,0,0,0,0,0,0
2025-07-17,0.0,11.5,16.0,1.0,1.5,1.0,1.5,3.0,3.5,2.5,0.0,2.0,0.5,1.0,5.0,4.0,12.5,3.5,2.5,3.0,2.0,0.0,17.5,0.0,8.0,20.5,2.0,18.5,,2.0,0.5,28.0,3.5,2.5,0.5,1.5,3.5,,0.0,12.5,0,0,0,0,0,0,0,0,0,0,0,0,0,0,0,0,0,0,0,0,0,0,0,0,0,0,0,0,0,0,0,0,0,0,0,0,0,0,0,0
2025-07-18,0.5,6.5,4.0,0.5,1.0,4.0,4.0,0.5,3.0,0.5,0.0,0.0,0.0,6.0,28.5,2.5,0.5,0.0,5.5,0.5,0.0,1.0,0.5,0.0,1.5,3.0,0.0,0.0,,1.5,5.0,1.0,0.0,0.0,0.5,0.5,5.0,,0.5,1.0,0,0,0,0,0,0,0,0,0,0,0,0,0,0,0,0,0,0,0,0,0,0,0,0,0,0,0,0,0,0,0,0,0,0,0,0,0,0,0,0
2025-07-19,0.0,0.0,0.0,0.0,0.0,0.0,0.0,0.5,0.5,0.0,0.0,0.0,0.0,0.0,0.0,0.0,0.0,0.0,0.0,0.0,0.0,0.0,0.0,0.0,0.0,0.5,0.0,0.0,,0.5,0.0,0.0,0.0,0.0,0.0,0.0,0.0,,0.0,0.0,0,0,0,0,0,0,0,0,0,0,0,0,0,0,0,0,0,0,0,0,0,0,0,0,0,0,0,0,0,0,0,0,0,0,0,0,0,0,0,0
2025-07-20,0.0,0.0,0.0,0.0,0.0,0.0,0.0,0.0,0.0,0.0,0.0,0.0,0.0,0.0,0.0,0.0,0.0,0.0,0.0,0.5,0.0,0.0,0.0,0.0,0.0,0.0,0.0,0.0,,0.0,0.0,0.0,0.0,0.0,0.0,0.0,0.0,,0.0,0.0,0,0,0,0,0,0,0,0,0,0,0,0,0,0,0,0,0,0,0,0,0,0,0,0,0,0,0,0,0,0,0,0,0,0,0,0,0,0,0,0
2025-07-21,0.0,0.0,0.0,0.0,0.0,0.0,0.0,0.0,0.0,0.0,0.0,0.0,0.0,0.0,0.0,0.0,0.0,0.0,0.5,0.0,0.0,0.0,0.0,0.0,0.0,0.0,0.0,0.0,,0.0,0.0,0.0,0.0,0.0,0.0,0.0,0.0,,0.0,0.0,0,0,0,0,0,0,0,0,0,0,0,0,0,0,0,0,0,0,0,0,0,0,0,0,0,0,0,0,0,0,0,0,0,0,0,0,0,0,0,0
2025-07-22,0.0,0.0,0.0,0.0,0.0,0.0,0.0,0.0,0.0,0.0,0.0,0.0,0.0,0.0,0.0,0.0,0.0,0.0,0.0,0.0,0.0,0.0,0.0,0.0,0.0,0.0,0.0,0.0,,0.0,1.0,0.0,0.0,0.0,0.0,0.0,0.0,0.0,0.0,0.0,0,0,0,0,0,0,0,0,0,0,0,0,0,0,0,0,0,0,0,0,0,0,0,0,0,0,0,0,0,0,0,0,0,0,0,0,0,0,0,0
2025-07-23,0.0,0.0,0.0,0.0,0.0,0.0,0.0,0.0,0.0,0.0,0.0,0.0,0.0,0.0,0.0,0.0,0.0,0.0,0.0,0.0,0.0,0.0,0.0,0.0,0.0,0.0,0.0,0.0,,0.0,0.0,0.0,0.0,0.0,0.0,0.0,0.5,0.0,0.0,0.0,0,0,0,0,0,0,0,0,0,0,0,0,0,0,0,0,0,0,0,0,0,0,0,0,0,0,0,0,0,0,0,0,0,0,0,0,0,0,0,0
2025-07-24,11.0,0.0,0.0,0.0,0.0,0.0,0.0,0.0,0.0,0.0,0.0,0.0,0.0,0.0,0.0,0.0,0.0,0.0,0.0,0.0,0.0,5.5,0.0,0.0,0.0,0.0,0.0,0.0,,0.0,0.0,0.0,0.0,0.0,0.0,0.0,0.0,0.0,0.0,0.0,0,0,0,0,0,0,0,0,0,0,0,0,0,0,0,0,0,0,0,0,0,0,0,0,0,0,0,0,0,0,0,0,0,0,0,0,0,0,0,0
2025-07-25,0.5,0.0,0.0,0.0,0.0,0.0,0.0,0.0,0.0,0.0,0.0,0.0,0.0,0.0,0.0,0.0,0.0,0.0,0.0,0.0,0.0,0.0,0.0,0.0,0.0,0.0,0.0,0.0,,0.0,0.0,0.0,0.0,0.5,0.5,0.0,0.0,0.0,0.0,0.0,0,0,0,0,0,0,0,0,0,0,0,0,0,0,0,0,0,0,0,0,0,0,0,0,0,0,0,0,0,0,0,0,0,0,0,0,0,0,0,0
2025-07-26,0.0,0.0,0.0,0.0,0.0,0.0,0.0,0.0,0.0,,0.0,0.0,0.0,0.0,0.0,0.0,0.0,0.0,0.0,0.0,0.0,0.0,0.0,0.0,0.0,0.0,0.0,0.0,,0.0,0.0,0.0,0.0,0.0,0.0,0.0,0.0,0.0,0.0,0.0,0,0,0,0,0,0,0,0,0,0,0,0,0,0,0,0,0,0,0,0,0,0,0,0,0,0,0,0,0,0,0,0,0,0,0,0,0,0,0,0
2025-07-27,0.0,63.5,25.0,38.5,9.5,43.0,44.0,53.0,15.5,2.0,2.0,31.5,4.0,23.5,0.0,40.0,115.5,64.5,19.5,74.5,18.5,0.0,127.5,1.0,9.5,38.5,18.0,22.0,,1.0,20.0,32.0,6.5,30.0,3.5,21.0,35.0,78.0,5.0,30.5,0,0,0,0,0,0,0,0,0,0,0,0,0,0,0,0,0,0,0,0,0,0,0,0,0,0,0,0,0,0,0,0,0,0,0,0,0,0,0,0
2025-07-28,0.0,0.0,0.0,0.0,0.5,0.0,0.0,0.0,0.0,0.5,0.0,0.0,0.5,0.0,0.0,0.5,0.0,0.0,0.0,0.0,0.0,0.0,0.0,0.0,0.0,0.5,0.5,0.0,,0.0,0.5,0.0,0.5,0.5,0.0,0.5,0.0,0.0,0.0,0.5,0,0,0,0,0,0,0,0,0,0,0,0,0,0,0,0,0,0,0,0,0,0,0,0,0,0,0,0,0,0,0,0,0,0,0,0,0,0,0,0
2025-07-29,0.0,0.0,0.0,0.5,0.0,0.0,0.0,0.0,0.0,0.0,0.0,31.0,0.0,0.0,0.0,0.0,0.0,0.0,0.0,0.0,0.0,0.0,0.0,5.5,0.0,0.0,0.0,0.0,,0.0,0.0,0.0,0.0,18.5,0.0,0.0,0.0,0.0,0.0,0.0,0,0,0,0,0,0,0,0,0,0,0,0,0,0,0,0,0,0,0,0,0,0,0,0,0,0,0,0,0,0,0,0,0,0,0,0,0,0,0,0
2025-07-30,0.0,0.0,0.0,0.0,0.0,0.0,0.0,0.0,0.0,0.0,0.0,0.0,0.0,0.0,0.0,0.0,0.0,0.0,0.0,0.0,0.0,0.0,0.0,7.5,0.0,0.0,0.0,0.0,,0.0,0.0,0.0,0.0,0.5,2.5,0.0,0.0,0.0,0.0,0.0,0,0,0,0,0,0,0,0,0,0,0,0,0,0,0,0,0,0,0,0,0,0,0,0,0,0,0,0,0,0,0,0,0,0,0,0,0,0,0,0
2025-07-31,0.0,0.0,0.0,0.0,0.0,0.0,0.0,0.0,0.0,0.0,0.0,0.0,0.0,0.0,0.0,0.0,0.0,0.0,0.0,0.0,0.0,0.0,0.0,0.0,0.0,0.0,0.0,0.0,,0.0,0.0,0.0,0.0,0.0,0.0,0.0,0.0,0.0,0.0,0.0,0,0,0,0,0,0,0,0,0,0,0,0,0,0,0,0,0,0,0,0,0,0,0,0,0,0,0,0,0,0,0,0,0,0,0,0,0,0,0,0
2025-08-01,0.0,0.0,0.0,4.5,0.0,0.0,0.0,0.0,0.0,0.0,3.0,0.0,0.0,3.5,0.0,0.0,0.0,32.5,6.5,45.0,9.5,0.0,0.0,0.0,0.0,23.5,18.0,12.0,,0.0,3.5,9.0,0.0,0.0,3.0,16.5,0.0,20.5,0.0,0.0,0,0,0,0,0,0,0,0,0,0,0,0,0,0,0,0,0,0,0,0,0,0,0,0,0,0,0,0,0,0,0,0,0,0,0,0,0,0,0,0
2025-08-02,33.0,26.0,28.5,39.0,42.0,48.0,36.0,50.5,52.5,26.5,75.5,48.0,34.0,35.0,22.5,36.0,26.0,25.5,17.5,22.5,28.5,28.5,29.5,31.5,40.5,23.0,24.5,29.5,,33.0,52.0,27.5,27.5,41.0,54.5,36.5,33.5,31.5,37.0,50.5,0,0,0,0,0,0,0,0,0,0,0,0,0,0,0,0,0,0,0,0,0,0,0,0,0,0,0,0,0,0,0,0,0,0,0,0,0,0,0,0
2025-08-03,0.0,0.0,0.0,0.0,0.0,0.0,0.0,1.0,0.0,0.0,0.5,0.0,0.0,0.0,0.0,0.5,0.0,0.0,0.0,0.0,0.0,0.0,0.0,0.0,0.0,0.0,0.0,0.5,,0.0,0.0,0.0,0.0,0.5,0.0,0.0,0.0,0.0,0.0,0.0,0,0,0,0,0,0,0,0,0,0,0,0,0,0,0,0,0,0,0,0,0,0,0,0,0,0,0,0,0,0,0,0,0,0,0,0,0,0,0,0
2025-08-04,3.5,42.5,22.5,5.0,2.5,1.0,0.5,0.5,39.5,2.0,3.5,21.0,4.5,5.0,2.0,4.0,47.5,46.0,7.0,39.0,3.0,1.5,21.5,1.0,41.5,51.5,3.0,52.0,,7.0,3.0,42.0,5.0,11.5,1.5,4.5,28.0,26.0,1.0,7.5,0,0,0,0,0,0,0,0,0,0,0,0,0,0,0,0,0,0,0,0,0,0,0,0,0,0,0,0,0,0,0,0,0,0,0,0,0,0,0,0
2025-08-05,6.5,9.0,11.0,10.0,0.5,11.0,11.0,34.0,1.5,10.0,3.0,11.0,3.0,2.0,7.0,8.5,31.0,34.0,9.0,48.0,11.5,3.0,43.0,1.5,4.5,24.5,6.5,9.5,,6.0,2.0,12.0,34.0,8.5,15.5,3.5,1.0,37.5,1.0,15.0,0,0,0,0,0,0,0,0,0,0,0,0,0,0,0,0,0,0,0,0,0,0,0,0,0,0,0,0,0,0,0,0,0,0,0,0,0,0,0,0
2025-08-06,0.5,14.0,0.5,1.0,6.0,0.5,0.5,32.5,5.0,1.5,3.0,0.0,9.0,0.0,0.0,1.0,0.0,0.0,0.5,0.0,17.5,0.0,0.0,0.5,13.5,0.0,5.5,26.5,2.0,8.0,0.0,19.0,8.5,0.0,0.5,0.5,9.0,0.5,2.0,0.5,0,0,0,0,0,0,0,0,0,0,0,0,0,0,0,0,0,0,0,0,0,0,0,0,0,0,0,0,0,0,0,0,0,0,0,0,0,0,0,0
2025-08-07,0.0,0.0,0.0,0.0,0.0,0.0,0.5,1.5,0.5,0.0,12.5,5.5,0.0,0.0,0.0,0.0,0.5,0.0,0.0,0.0,0.0,0.0,0.0,2.5,0.5,0.0,0.0,0.5,0.0,0.0,0.0,,0.5,4.0,19.0,0.0,0.0,0.0,0.0,0.0,0,0,0,0,0,0,0,0,0,0,0,0,0,0,0,0,0,0,0,0,0,0,0,0,0,0,0,0,0,0,0,0,0,0,0,0,0,0,0,0
2025-08-08,5.5,15.0,15.0,40.0,14.5,11.5,7.5,13.5,11.5,4.0,45.0,23.5,14.5,9.5,123.5,21.0,8.0,10.0,11.0,21.5,15.0,6.0,8.0,48.0,9.5,3.5,15.0,7.0,18.0,5.0,11.5,,12.5,23.5,39.0,20.0,12.0,24.0,15.0,19.5,0,0,0,0,0,0,0,0,0,0,0,0,0,0,0,0,0,0,0,0,0,0,0,0,0,0,0,0,0,0,0,0,0,0,0,0,0,0,0,0
2025-08-09,90.5,15.0,20.0,2.0,8.5,8.5,6.5,12.5,3.5,19.0,12.5,6.5,0.0,1.0,1.0,28.5,1.5,3.5,0.5,13.5,0.5,66.5,2.5,9.0,1.0,3.0,0.0,0.0,28.0,0.0,33.5,0.0,0.0,6.0,17.5,1.5,0.5,16.0,49.0,18.5,0,0,0,0,0,0,0,0,0,0,0,0,0,0,0,0,0,0,0,0,0,0,0,0,0,0,0,0,0,0,0,0,0,0,0,0,0,0,0,0
2025-08-10,25.0,4.5,7.0,2.5,7.0,14.0,13.5,8.5,0.0,6.0,2.5,5.0,0.0,8.5,1.0,42.5,58.5,47.5,6.0,25.0,17.5,,32.0,10.0,0.5,18.5,16.0,14.5,,0.0,6.5,37.0,2.0,4.5,6.5,12.5,0.0,41.5,9.5,2.5,0,0,0,0,0,0,0,0,0,0,0,0,0,0,0,0,0,0,0,0,0,0,0,0,0,0,0,0,0,0,0,0,0,0,0,0,0,0,0,0
2025-08-11,2.0,0.5,0.5,0.0,7.0,0.0,0.0,0.0,4.5,2.5,0.0,0.0,0.5,2.0,3.0,0.5,25.5,41.0,2.5,19.5,3.5,0.5,15.5,1.5,16.5,17.5,9.0,2.5,7.0,12.0,0.0,8.0,5.0,0.0,0.5,2.0,7.0,20.0,0.0,0.0,0,0,0,0,0,0,0,0,0,0,0,0,0,0,0,0,0,0,0,0,0,0,0,0,0,0,0,0,0,0,0,0,0,0,0,0,0,0,0,0
2025-08-12,6.5,34.0,13.0,9.5,13.5,6.0,6.5,4.5,18.0,40.5,10.0,4.0,15.5,8.5,25.5,18.0,16.5,16.5,10.0,15.0,12.5,4.5,16.0,13.0,24.5,14.0,12.5,18.0,24.0,50.0,10.5,20.0,23.5,4.5,9.5,11.0,17.0,14.0,11.5,11.5,0,0,0,0,0,0,0,0,0,0,0,0,0,0,0,0,0,0,0,0,0,0,0,0,0,0,0,0,0,0,0,0,0,0,0,0,0,0,0,0
2025-08-13,37.0,56.5,61.0,17.0,15.5,34.5,27.0,18.5,19.5,21.0,38.5,14.0,50.0,29.0,39.0,13.5,74.5,38.5,47.5,34.0,21.5,38.5,61.0,47.5,10.5,54.0,24.0,42.0,20.5,28.0,20.0,54.0,22.0,13.5,23.5,35.5,25.5,16.5,41.0,13.5,0,0,0,0,0,0,0,0,0,0,0,0,0,0,0,0,0,0,0,0,0,0,0,0,0,0,0,0,0,0,0,0,0,0,0,0,0,0,0,0
2025-08-14,0.5,0.5,1.0,0.0,0.0,0.0,0.0,0.0,0.0,0.5,0.0,0.0,0.0,0.0,0.0,0.0,0.0,0.0,0.0,0.0,0.0,,0.0,0.0,0.0,0.0,0.0,0.0,0.5,0.0,0.0,0.0,0.0,0.0,0.0,,0.5,0.0,0.5,2.5,0,0,0,0,0,0,0,0,0,0,0,0,0,0,0,0,0,0,0,0,0,0,0,0,0,0,0,0,0,0,0,0,0,0,0,0,0,0,0,0
2025-08-15,0.0,0.0,0.0,0.0,0.0,0.0,0.0,0.0,0.0,0.0,0.0,0.0,0.0,0.0,0.5,0.0,7.0,0.0,0.0,0.0,2.5,0.0,5.5,0.0,0.0,0.0,1.5,0.0,10.5,0.0,0.5,0.0,0.0,0.0,0.5,,0.0,0.0,0.0,0.0,0,0,0,0,0,0,0,0,0,0,0,0,0,0,0,0,0,0,0,0,0,0,0,0,0,0,0,0,0,0,0,0,0,0,0,0,0,0,0,0
2025-08-16,10.5,0.0,9.0,11.5,0.0,0.0,0.0,0.0,10.5,0.0,0.0,0.0,13.5,21.5,0.0,0.0,30.5,20.5,5.5,25.5,4.5,0.0,18.5,9.0,31.0,13.5,2.0,39.5,19.0,13.5,0.0,17.5,42.5,0.0,0.0,2.0,22.5,2.0,0.0,0.0,0,0,0,0,0,0,0,0,0,0,0,0,0,0,0,0,0,0,0,0,0,0,0,0,0,0,0,0,0,0,0,0,0,0,0,0,0,0,0,0
2025-08-17,0.0,0.0,0.5,0.0,0.0,0.0,0.0,0.0,0.0,0.0,0.0,0.0,0.0,0.0,0.0,0.0,0.0,0.0,0.5,0.5,0.0,0.0,0.0,0.5,0.0,0.0,0.0,0.0,0.0,0.0,0.0,0.0,0.5,0.0,0.5,0.0,0.5,0.0,0.0,0.0,0,0,0,0,0,0,0,0,0,0,0,0,0,0,0,0,0,0,0,0,0,0,0,0,0,0,0,0,0,0,0,0,0,0,0,0,0,0,0,0
2025-08-18,8.0,55.0,43.5,5.0,4.5,1.5,1.5,1.5,2.0,1.0,0.0,2.0,5.5,23.5,3.5,16.5,19.5,17.0,26.0,12.0,21.0,1.0,17.5,0.0,62.0,17.5,18.5,14.5,0.0,55.5,1.5,22.0,12.0,2.0,0.0,59.0,0.0,11.5,0.5,20.0,0,0,0,0,0,0,0,0,0,0,0,0,0,0,0,0,0,0,0,0,0,0,0,0,0,0,0,0,0,0,0,0,0,0,0,0,0,0,0,0
2025-08-19,2.0,15.0,24.0,2.5,0.5,1.0,1.0,1.0,7.5,1.0,1.5,1.0,17.5,1.0,44.0,3.0,9.0,5.0,2.5,4.0,11.0,1.5,10.0,2.0,6.0,2.5,7.5,4.5,2.0,11.0,1.0,7.0,8.5,1.0,2.0,2.5,20.0,5.5,1.5,5.5,0,0,0,0,0,0,0,0,0,0,0,0,0,0,0,0,0,0,0,0,0,0,0,0,0,0,0,0,0,0,0,0,0,0,0,0,0,0,0,0
2025-08-20,1.5,8.5,9.0,2.5,5.0,2.5,2.0,2.5,3.0,3.5,2.5,1.0,4.0,3.0,7.0,8.5,6.0,4.5,3.0,4.0,4.0,1.5,6.0,1.5,3.0,0.0,4.5,4.0,3.5,3.5,3.5,4.0,6.0,2.5,1.5,3.0,3.5,6.0,3.0,5.0,0,0,0,0,0,0,0,0,0,0,0,0,0,0,0,0,0,0,0,0,0,0,0,0,0,0,0,0,0,0,0,0,0,0,0,0,0,0,0,0
2025-08-21,0.5,4.0,3.0,23.5,0.5,0.0,0.5,0.5,0.0,0.5,0.0,0.0,0.0,2.5,0.0,0.5,14.5,13.5,17.0,45.5,1.0,0.0,14.5,0.0,1.0,5.0,4.0,1.0,0.0,0.0,1.5,6.0,0.0,0.0,0.5,4.5,0.0,10.0,0.0,0.5,0,0,0,0,0,0,0,0,0,0,0,0,0,0,0,0,0,0,0,0,0,0,0,0,0,0,0,0,0,0,0,0,0,0,0,0,0,0,0,0
2025-08-22,0.0,10.0,3.0,0.0,0.0,0.5,0.5,0.0,0.0,0.0,2.0,0.0,0.0,1.5,0.0,0.5,11.5,4.5,14.5,5.5,4.5,0.0,4.0,0.0,0.0,0.0,7.5,15.0,10.5,0.0,0.0,22.5,0.0,0.0,0.0,7.0,0.0,0.5,0.0,0.0,0,0,0,0,0,0,0,0,0,0,0,0,0,0,0,0,0,0,0,0,0,0,0,0,0,0,0,0,0,0,0,0,0,0,0,0,0,0,0,0
2025-08-23,0.0,36.0,37.5,9.0,9.0,1.0,1.0,0.5,29.5,0.0,0.0,1.0,9.0,7.5,8.5,31.5,28.5,51.5,10.0,41.0,10.5,0.5,30.0,0.5,32.5,0.0,13.0,14.5,0.0,23.5,3.0,16.0,9.0,1.5,0.0,9.5,11.5,47.0,0.5,51.0,0,0,0,0,0,0,0,0,0,0,0,0,0,0,0,0,0,0,0,0,0,0,0,0,0,0,0,0,0,0,0,0,0,0,0,0,0,0,0,0
2025-08-24,0.0,4.5,6.0,17.0,2.5,4.5,3.0,5.0,3.0,8.5,10.5,20.0,1.0,37.0,1.0,4.0,5.0,0.0,35.5,0.5,17.0,,7.0,2.0,25.0,0.0,16.5,0.0,8.0,10.5,62.5,0.0,13.0,16.0,1.0,13.0,1.5,0.0,12.5,0.0,0,0,0,0,0,0,0,0,0,0,0,0,0,0,0,0,0,0,0,0,0,0,0,0,0,0,0,0,0,0,0,0,0,0,0,0,0,0,0,0
2025-08-25,0.5,4.0,4.0,7.0,4.0,2.0,2.0,1.5,21.0,2.0,1.0,2.0,6.5,6.0,8.0,5.0,7.5,6.0,10.5,10.0,10.0,0.5,9.0,0.5,24.5,0.0,8.5,24.5,0.5,5.5,3.5,8.0,10.0,2.5,1.0,9.5,23.0,11.0,2.0,6.5,0,0,0,0,0,0,0,0,0,0,0,0,0,0,0,0,0,0,0,0,0,0,0,0,0,0,0,0,0,0,0,0,0,0,0,0,0,0,0,0
2025-08-26,0.0,0.0,0.0,0.0,0.0,0.0,0.0,0.0,0.0,0.0,0.0,0.0,0.0,0.0,0.0,0.0,0.0,0.0,0.0,0.0,0.0,0.0,0.0,0.0,0.0,0.0,0.0,0.0,0.0,0.0,0.0,0.0,0.0,0.0,0.0,0.0,0.0,0.0,0.0,0.0,0,0,0,0,0,0,0,0,0,0,0,0,0,0,0,0,0,0,0,0,0,0,0,0,0,0,0,0,0,0,0,0,0,0,0,0,0,0,0,0
2025-08-27,0.0,0.0,0.0,0.0,0.0,0.0,0.0,0.0,0.0,0.0,0.0,0.0,0.0,0.0,0.0,0.0,0.0,0.0,0.0,0.5,0.0,0.0,0.0,0.0,0.0,0.0,0.0,0.0,0.0,0.0,0.0,0.0,0.0,0.0,0.0,0.0,0.0,0.0,0.0,0.0,0,0,0,0,0,0,0,0,0,0,0,0,0,0,0,0,0,0,0,0,0,0,0,0,0,0,0,0,0,0,0,0,0,0,0,0,0,0,0,0
2025-08-28,13.5,0.5,0.5,0.0,0.0,0.0,0.0,0.0,24.0,0.0,0.0,0.0,0.0,0.0,0.0,0.0,0.0,0.0,0.0,0.0,0.0,35.0,0.0,1.0,15.0,0.0,0.0,0.0,2.0,0.0,0.0,0.0,0.0,0.0,2.0,0.5,14.0,0.0,0.0,4.0,0,0,0,0,0,0,0,0,0,0,0,0,0,0,0,0,0,0,0,0,0,0,0,0,0,0,0,0,0,0,0,0,0,0,0,0,0,0,0,0
2025-08-29,0.5,8.5,13.0,8.5,0.0,0.0,0.0,0.0,0.5,0.0,0.0,0.0,0.0,0.0,20.0,6.0,12.0,14.5,0.0,12.5,0.0,2.0,20.0,0.5,4.5,0.0,0.0,0.0,0.0,0.0,0.0,0.0,0.0,0.0,0.0,0.0,0.0,25.0,0.0,1.5,0,0,0,0,0,0,0,0,0,0,0,0,0,0,0,0,0,0,0,0,0,0,0,0,0,0,0,0,0,0,0,0,0,0,0,0,0,0,0,0
2025-08-30,10.5,7.5,1.5,13.0,10.0,3.0,2.0,0.0,11.5,12.5,3.0,0.0,8.0,4.5,13.5,22.5,4.0,5.5,1.5,8.0,1.5,21.5,2.0,6.0,10.5,0.5,0.5,3.0,8.5,7.0,21.5,1.5,0.5,0.0,2.0,0.0,0.5,8.0,4.5,29.5,0,0,0,0,0,0,0,0,0,0,0,0,0,0,0,0,0,0,0,0,0,0,0,0,0,0,0,0,0,0,0,0,0,0,0,0,0,0,0,0
2025-08-31,0.5,0.5,0.5,0.0,0.5,0.5,0.0,0.0,0.5,0.5,0.5,0.0,0.5,0.0,0.5,0.0,0.0,0.0,0.5,0.0,0.0,0.5,0.0,0.0,0.5,0.5,0.5,0.5,0.5,0.5,0.0,0.5,0.0,0.0,0.5,0.5,0.0,0.0,0.5,0.0,0,0,0,0,0,0,0,0,0,0,0,0,0,0,0,0,0,0,0,0,0,0,0,0,0,0,0,0,0,0,0,0,0,0,0,0,0,0,0,0
2025-09-01,16.5,5.0,13.5,0.0,0.0,3.5,3.0,3.5,0.0,18.5,50.0,1.0,10.5,2.0,9.5,0.0,10.0,1.0,4.5,0.0,2.5,21.5,16.0,81.0,2.0,10.5,2.5,9.0,1.5,0.0,2.0,17.5,5.0,1.0,53.0,1.5,0.0,0.0,68.5,0.5,0,0,0,0,0,0,0,0,0,0,0,0,0,0,0,0,0,0,0,0,0,0,0,0,0,0,0,0,0,0,0,0,0,0,0,0,0,0,0,0
2025-09-02,1.5,0.5,0.5,1.0,0.0,0.0,6.5,0.5,0.0,1.0,0.0,17.0,0.5,7.5,0.5,0.0,0.5,0.0,0.0,0.0,1.0,1.5,0.0,1.0,0.5,0.0,1.0,0.0,1.5,0.0,0.0,0.0,0.0,17.0,0.5,8.5,0.0,0.0,0.5,0.5,0,0,0,0,0,0,0,0,0,0,0,0,0,0,0,0,0,0,0,0,0,0,0,0,0,0,0,0,0,0,0,0,0,0,0,0,0,0,0,0
2025-09-03,10.0,35.5,81.5,59.0,91.0,43.5,48.5,26.5,27.5,23.5,60.0,31.5,12.0,45.5,62.0,58.0,101.0,73.0,32.0,82.5,25.5,10.5,97.5,63.5,7.5,72.0,28.0,13.5,9.0,7.0,46.0,19.0,10.0,33.0,69.0,27.0,34.0,84.0,36.0,50.0,0,0,0,0,0,0,0,0,0,0,0,0,0,0,0,0,0,0,0,0,0,0,0,0,0,0,0,0,0,0,0,0,0,0,0,0,0,0,0,0
2025-09-04,14.5,0.0,0.0,0.0,0.5,0.0,0.0,1.0,0.0,4.0,1.0,24.5,0.5,0.5,0.0,0.0,0.0,0.0,0.5,0.0,0.0,15.0,0.0,1.5,0.5,6.5,0.5,0.0,12.5,0.5,0.0,0.5,0.5,22.0,1.0,1.0,0.0,0.5,7.0,0.5,0,0,0,0,0,0,0,0,0,0,0,0,0,0,0,0,0,0,0,0,0,0,0,0,0,0,0,0,0,0,0,0,0,0,0,0,0,0,0,0
2025-09-05,48.0,17.0,8.0,55.0,31.0,30.5,27.0,19.5,17.5,78.5,20.0,12.0,27.5,38.5,10.0,5.5,6.5,8.0,54.5,12.5,37.0,74.0,8.5,9.0,1.5,17.5,36.5,2.5,35.0,87.0,37.0,2.0,58.5,12.5,11.5,36.5,0.0,11.0,36.0,18.0,0,0,0,0,0,0,0,0,0,0,0,0,0,0,0,0,0,0,0,0,0,0,0,0,0,0,0,0,0,0,0,0,0,0,0,0,0,0,0,0
2025-09-06,4.0,7.5,27.0,1.5,1.5,0.5,1.0,0.5,10.5,11.5,3.0,1.0,4.5,14.5,35.0,2.5,7.0,2.0,40.5,14.5,16.5,11.5,3.0,3.0,12.5,5.5,14.5,13.5,23.5,3.5,3.0,6.5,6.0,2.0,4.0,53.5,23.0,2.5,1.0,4.0,0,0,0,0,0,0,0,0,0,0,0,0,0,0,0,0,0,0,0,0,0,0,0,0,0,0,0,0,0,0,0,0,0,0,0,0,0,0,0,0
2025-09-07,0.0,10.0,1.0,0.0,0.0,0.0,0.5,0.0,2.5,0.0,0.0,0.0,0.0,0.0,19.5,0.5,0.0,0.0,0.5,0.0,0.5,,0.0,4.0,1.5,0.5,0.5,1.0,1.0,0.5,0.0,1.5,0.0,0.0,0.0,0.0,4.0,0.5,0.5,0.5,0,0,0,0,0,0,0,0,0,0,0,0,0,0,0,0,0,0,0,0,0,0,0,0,0,0,0,0,0,0,0,0,0,0,0,0,0,0,0,0
2025-09-08,9.5,17.0,19.0,11.5,17.0,8.5,7.0,8.0,13.5,15.5,7.0,4.5,7.0,8.5,21.0,16.0,18.5,16.5,12.0,16.5,11.0,,18.5,5.5,12.5,16.5,11.0,16.0,8.5,8.0,10.5,17.0,9.5,5.5,6.0,10.5,31.0,18.5,12.5,17.5,0,0,0,0,0,0,0,0,0,0,0,0,0,0,0,0,0,0,0,0,0,0,0,0,0,0,0,0,0,0,0,0,0,0,0,0,0,0,0,0
2025-09-09,17.5,30.5,36.5,3.5,19.5,14.0,16.5,32.5,23.5,22.5,35.0,18.5,17.5,1.5,17.5,4.0,27.0,24.5,2.5,20.5,6.0,15.0,25.5,15.0,20.0,24.0,4.0,13.5,9.5,4.0,9.0,26.0,6.0,19.0,24.5,2.5,30.0,10.0,8.0,8.0,0,0,0,0,0,0,0,0,0,0,0,0,0,0,0,0,0,0,0,0,0,0,0,0,0,0,0,0,0,0,0,0,0,0,0,0,0,0,0,0
2025-09-10,40.5,22.0,25.5,15.5,17.5,25.5,23.5,60.0,20.0,14.0,67.0,18.5,28.5,26.5,29.5,25.0,23.0,23.0,29.0,21.0,46.0,31.0,23.5,61.5,32.0,18.5,48.5,34.5,29.5,42.5,21.5,30.0,47.0,20.5,60.5,44.5,50.5,23.5,41.0,27.5,0,0,0,0,0,0,0,0,0,0,0,0,0,0,0,0,0,0,0,0,0,0,0,0,0,0,0,0,0,0,0,0,0,0,0,0,0,0,0,0
2025-09-11,5.0,0.5,0.0,1.0,0.0,4.5,5.0,9.0,0.0,15.5,15.0,5.5,23.0,0.0,1.0,5.0,11.5,2.5,0.0,0.0,3.5,8.5,4.0,69.5,2.0,11.0,1.5,1.0,5.0,3.0,0.5,17.5,0.5,8.0,130.0,0.5,4.0,1.5,4.5,1.0,0,0,0,0,0,0,0,0,0,0,0,0,0,0,0,0,0,0,0,0,0,0,0,0,0,0,0,0,0,0,0,0,0,0,0,0,0,0,0,0
2025-09-12,74.0,5.0,7.0,8.0,8.0,17.5,15.0,33.0,2.5,19.5,24.5,33.0,64.0,7.5,11.5,7.0,5.5,4.0,2.5,4.5,4.5,70.5,5.5,33.0,3.5,3.0,3.5,4.0,41.5,74.0,11.5,3.5,43.0,32.0,33.0,4.5,2.5,5.0,21.0,7.5,0,0,0,0,0,0,0,0,0,0,0,0,0,0,0,0,0,0,0,0,0,0,0,0,0,0,0,0,0,0,0,0,0,0,0,0,0,0,0,0
2025-09-13,33.0,6.5,9.0,31.5,5.5,7.5,6.0,6.0,5.0,21.5,6.0,4.5,6.0,6.5,27.5,10.0,30.0,19.0,17.0,26.5,6.5,,10.0,5.0,9.0,8.5,7.0,6.0,23.5,6.5,6.5,6.5,6.5,5.0,5.5,6.0,7.5,41.5,12.0,25.5,0,0,0,0,0,0,0,0,0,0,0,0,0,0,0,0,0,0,0,0,0,0,0,0,0,0,0,0,0,0,0,0,0,0,0,0,0,0,0,0
2025-09-14,2.0,1.5,1.5,2.0,3.5,3.0,3.0,3.5,0.5,2.5,3.0,2.0,1.0,1.5,1.0,3.0,1.5,2.0,2.0,2.5,1.0,2.0,1.5,3.5,0.0,1.5,1.0,1.0,2.0,0.5,3.5,1.5,0.5,2.5,4.5,1.0,0.5,2.5,3.5,2.5,0,0,0,0,0,0,0,0,0,0,0,0,0,0,0,0,0,0,0,0,0,0,0,0,0,0,0,0,0,0,0,0,0,0,0,0,0,0,0,0
2025-09-15,6.5,15.5,7.5,23.5,1.5,0.0,0.0,0.0,28.5,0.0,11.0,0.0,17.5,6.0,8.5,0.5,1.5,0.0,20.0,0.0,16.0,20.0,2.0,5.0,26.0,0.5,24.5,3.5,11.0,12.0,1.5,3.0,28.5,0.0,11.5,16.5,0.0,0.0,15.5,0.5,0,0,0,0,0,0,0,0,0,0,0,0,0,0,0,0,0,0,0,0,0,0,0,0,0,0,0,0,0,0,0,0,0,0,0,0,0,0,0,0
2025-09-16,16.0,5.5,4.0,20.5,35.5,11.5,10.5,9.0,9.0,9.0,10.0,18.5,4.5,11.5,21.5,18.5,5.5,15.5,26.5,19.5,25.5,13.0,4.5,20.0,20.5,10.0,25.5,9.5,11.5,4.5,,8.5,5.0,18.5,35.5,45.5,12.5,21.5,10.0,7.5,0,0,0,0,0,0,0,0,0,0,0,0,0,0,0,0,0,0,0,0,0,0,0,0,0,0,0,0,0,0,0,0,0,0,0,0,0,0,0,0
2025-09-17,19.0,9.5,11.0,18.0,16.0,45.0,34.0,46.0,10.0,15.5,53.0,13.0,11.0,10.0,15.0,39.0,11.0,10.0,9.5,17.0,6.0,43.0,9.0,38.5,8.5,9.0,7.0,7.5,12.5,6.5,21.0,8.0,5.0,12.5,41.5,8.5,13.5,20.5,23.0,12.0,0,0,0,0,0,0,0,0,0,0,0,0,0,0,0,0,0,0,0,0,0,0,0,0,0,0,0,0,0,0,0,0,0,0,0,0,0,0,0,0
2025-09-18,1.0,0.5,0.5,0.5,,1.0,1.0,1.5,0.0,1.0,0.5,0.5,0.0,0.5,0.0,0.5,0.5,1.0,1.0,1.0,0.5,1.0,0.5,0.5,0.0,0.5,0.5,0.5,1.5,0.0,1.0,0.5,0.5,1.0,1.0,0.5,0.0,1.0,1.5,1.0,0,0,0,0,0,0,0,0,0,0,0,0,0,0,0,0,0,0,0,0,0,0,0,0,0,0,0,0,0,0,0,0,0,0,0,0,0,0,0,0
2025-09-19,0.0,0.0,0.5,0.5,,4.0,2.0,0.5,0.0,0.0,5.0,0.5,0.0,0.5,0.0,0.0,0.5,0.0,0.0,0.5,0.0,0.0,1.0,12.0,0.0,0.0,0.0,0.0,6.0,0.0,0.0,0.0,0.0,1.5,0.5,0.0,0.0,0.0,12.0,0.0,0,0,0,0,0,0,0,0,0,0,0,0,0,0,0,0,0,0,0,0,0,0,0,0,0,0,0,0,0,0,0,0,0,0,0,0,0,0,0,0
2025-09-20,0.0,4.0,0.5,3.5,,0.0,0.0,0.5,,,0.0,0.0,1.0,0.5,1.5,0.0,4.5,3.5,1.0,3.0,0.5,,2.0,0.0,3.0,10.5,0.5,2.0,0.5,0.5,0.0,2.0,1.0,0.0,0.0,1.0,29.0,0.5,0.0,3.5,0,0,0,0,0,0,0,0,0,0,0,0,0,0,0,0,0,0,0,0,0,0,0,0,0,0,0,0,0,0,0,0,0,0,0,0,0,0,0,0
2025-09-21,0.0,2.0,4.0,0.0,,1.5,1.0,0.0,0.0,0.0,0.0,0.0,0.0,0.0,2.0,6.5,1.0,0.0,0.0,0.0,0.0,,2.5,0.0,0.0,0.5,0.0,0.0,3.5,0.0,18.0,0.0,0.0,0.0,0.0,0.0,0.0,0.5,10.5,4.0,0,0,0,0,0,0,0,0,0,0,0,0,0,0,0,0,0,0,0,0,0,0,0,0,0,0,0,0,0,0,0,0,0,0,0,0,0,0,0,0
2025-09-22,0.5,0.5,1.0,10.0,,2.0,2.0,0.0,0.0,0.0,0.0,0.0,4.0,0.0,0.0,0.5,3.0,0.5,3.5,0.0,0.0,0.0,0.0,0.0,0.0,4.5,0.0,0.5,0.0,0.0,0.0,1.5,0.0,0.0,0.0,0.5,0.0,0.0,0.0,0.0,0,0,0,0,0,0,0,0,0,0,0,0,0,0,0,0,0,0,0,0,0,0,0,0,0,0,0,0,0,0,0,0,0,0,0,0,0,0,0,0
2025-09-23,18.0,10.5,9.5,0.0,,0.0,0.0,0.0,0.0,4.5,0.0,0.5,16.5,0.0,16.0,7.5,3.5,2.5,0.0,0.0,16.5,30.0,3.5,0.0,6.0,0.0,10.0,0.0,8.5,45.0,0.5,1.5,18.5,0.0,0.0,0.5,0.0,1.0,1.5,0.0,0,0,0,0,0,0,0,0,0,0,0,0,0,0,0,0,0,0,0,0,0,0,0,0,0,0,0,0,0,0,0,0,0,0,0,0,0,0,0,0
2025-09-24,11.0,13.0,13.0,0.0,0.0,0.0,0.0,0.0,0.0,0.5,1.0,0.0,0.5,10.0,2.0,10.5,4.5,0.0,1.5,0.0,0.0,,12.5,0.0,0.0,3.5,0.0,0.0,0.0,0.0,0.5,0.5,1.0,0.0,3.0,0.5,0.0,4.5,4.0,0.5,0,0,0,0,0,0,0,0,0,0,0,0,0,0,0,0,0,0,0,0,0,0,0,0,0,0,0,0,0,0,0,0,0,0,0,0,0,0,0,0
2025-09-25,11.0,0.0,0.0,0.0,0.0,3.0,1.5,0.0,3.5,39.5,0.0,1.0,4.5,0.0,8.0,2.5,0.5,0.0,0.0,0.0,0.0,,0.0,5.5,15.0,0.0,0.0,0.0,5.5,0.0,0.0,0.0,0.5,1.0,0.5,0.0,0.0,0.0,1.5,25.0,0,0,0,0,0,0,0,0,0,0,0,0,0,0,0,0,0,0,0,0,0,0,0,0,0,0,0,0,0,0,0,0,0,0,0,0,0,0,0,0
2025-09-26,0.5,0.0,0.0,0.0,0.0,0.0,0.0,0.0,0.0,0.0,0.0,0.0,0.5,0.0,0.0,0.0,0.0,0.0,0.0,0.0,0.0,1.0,0.0,0.0,0.0,0.0,0.0,0.0,0.0,0.0,0.0,0.0,0.0,0.5,0.0,0.0,0.0,0.0,0.5,0.5,0,0,0,0,0,0,0,0,0,0,0,0,0,0,0,0,0,0,0,0,0,0,0,0,0,0,0,0,0,0,0,0,0,0,0,0,0,0,0,0
2025-09-27,0.0,0.0,0.0,0.0,0.0,11.0,3.5,3.0,0.0,0.0,37.0,0.0,0.0,0.0,0.0,1.5,0.0,0.0,0.0,0.0,0.0,0.5,0.0,21.5,0.0,0.0,0.0,0.0,0.5,0.0,6.0,0.0,7.5,0.0,27.0,0.0,0.0,0.0,2.5,0.0,0,0,0,0,0,0,0,0,0,0,0,0,0,0,0,0,0,0,0,0,0,0,0,0,0,0,0,0,0,0,0,0,0,0,0,0,0,0,0,0
2025-09-28,0.0,1.5,6.5,11.5,6.5,3.0,3.0,1.5,8.5,3.0,6.0,4.0,1.0,11.0,0.0,12.0,25.0,16.5,29.0,20.5,0.5,0.0,34.0,4.0,3.5,33.0,0.5,38.0,8.0,3.5,24.5,33.0,2.0,10.0,,4.0,0.5,7.0,1.5,0.0,0,0,0,0,0,0,0,0,0,0,0,0,0,0,0,0,0,0,0,0,0,0,0,0,0,0,0,0,0,0,0,0,0,0,0,0,0,0,0,0
2025-09-29,2.5,7.0,6.5,4.5,5.5,18.0,9.0,19.0,8.0,4.5,4.0,2.0,4.5,6.5,9.5,5.0,6.5,5.0,5.0,5.0,5.0,3.5,6.5,1.5,8.0,5.5,5.0,6.0,2.0,5.5,4.0,7.0,5.5,2.5,2.0,6.0,9.0,5.0,4.0,6.0,0,0,0,0,0,0,0,0,0,0,0,0,0,0,0,0,0,0,0,0,0,0,0,0,0,0,0,0,0,0,0,0,0,0,0,0,0,0,0,0
2025-09-30,1.0,0.5,0.0,1.0,0.5,9.0,5.0,11.5,1.5,0.0,2.0,0.0,0.5,1.5,0.0,4.0,0.0,0.5,3.5,0.5,4.5,0.0,0.0,25.5,0.5,0.0,2.0,1.5,0.5,0.5,0.5,1.0,1.0,0.0,3.0,7.0,1.0,7.0,6.5,0.0,0,0,0,0,0,0,0,0,0,0,0,0,0,0,0,0,0,0,0,0,0,0,0,0,0,0,0,0,0,0,0,0,0,0,0,0,0,0,0,0
2025-10-01,0.5,0.0,0.0,0.0,0.0,0.0,0.0,0.5,1.5,0.0,0.5,8.0,0.0,0.0,0.0,0.5,0.0,0.0,0.0,3.0,0.0,0.0,0.0,0.0,1.0,0.0,0.0,0.0,0.0,0.5,0.0,0.0,0.0,7.5,0.0,0.0,0.5,0.0,0.0,0.0,0,0,0,0,0,0,0,0,0,0,0,0,0,0,0,0,0,0,0,0,0,0,0,0,0,0,0,0,0,0,0,0,0,0,0,0,0,0,0,0
2025-10-02,7.0,0.0,0.0,0.0,0.0,0.0,0.0,11.5,0.0,2.0,0.0,5.5,38.5,0.0,0.0,0.0,0.0,0.0,0.0,2.0,1.5,17.0,0.0,1.0,0.0,0.0,1.5,0.0,1.5,3.5,0.0,0.0,20.0,4.0,0.0,2.0,0.0,0.0,2.5,0.0,0,0,0,0,0,0,0,0,0,0,0,0,0,0,0,0,0,0,0,0,0,0,0,0,0,0,0,0,0,0,0,0,0,0,0,0,0,0,0,0
2025-10-03,2.5,55.0,42.5,10.0,9.5,7.5,7.0,2.0,38.5,3.0,5.5,3.0,9.5,5.5,49.0,16.0,43.5,14.0,8.0,14.0,7.5,2.5,54.5,3.0,33.0,16.5,8.0,19.5,2.5,15.0,3.5,26.5,10.5,3.5,4.0,6.5,53.0,18.5,3.0,21.5,0,0,0,0,0,0,0,0,0,0,0,0,0,0,0,0,0,0,0,0,0,0,0,0,0,0,0,0,0,0,0,0,0,0,0,0,0,0,0,0
2025-10-04,8.0,5.5,8.5,3.5,5.5,4.5,4.5,4.5,5.0,9.0,8.0,3.0,3.0,5.0,4.5,5.0,5.5,4.0,5.0,5.0,4.0,6.5,6.0,8.5,4.5,5.0,4.5,4.5,6.0,3.0,5.5,4.0,3.0,3.5,7.5,5.5,5.5,5.5,7.5,7.5,0,0,0,0,0,0,0,0,0,0,0,0,0,0,0,0,0,0,0,0,0,0,0,0,0,0,0,0,0,0,0,0,0,0,0,0,0,0,0,0
2025-10-05,1.5,1.0,0.5,0.0,0.5,0.5,0.0,0.5,0.0,1.0,1.0,0.5,1.0,0.0,1.0,0.5,0.5,0.5,1.0,0.5,1.0,1.5,0.5,0.5,0.5,0.0,0.5,1.0,1.0,0.5,0.5,1.0,1.0,0.5,1.0,0.5,0.5,0.5,0.5,0.5,0,0,0,0,0,0,0,0,0,0,0,0,0,0,0,0,0,0,0,0,0,0,0,0,0,0,0,0,0,0,0,0,0,0,0,0,0,0,0,0
2025-10-06,0.0,0.0,0.0,0.0,0.0,0.0,0.0,0.0,0.0,0.5,0.0,0.0,0.0,0.5,0.0,0.0,0.0,0.0,4.5,0.0,0.0,0.0,0.0,13.5,0.0,0.0,0.0,0.0,0.0,0.0,0.0,0.0,0.0,0.0,4.0,0.5,0.0,0.0,0.0,0.0,0,0,0,0,0,0,0,0,0,0,0,0,0,0,0,0,0,0,0,0,0,0,0,0,0,0,0,0,0,0,0,0,0,0,0,0,0,0,0,0
2025-10-07,1.0,0.0,0.0,0.0,2.5,41.5,35.5,27.5,0.0,0.0,16.0,1.0,0.0,0.0,0.0,0.5,0.0,0.0,0.0,0.0,0.0,0.5,0.0,1.5,0.0,0.0,0.0,0.0,1.0,0.0,0.5,0.0,0.0,0.0,17.0,0.0,0.0,0.0,24.5,1.0,0,0,0,0,0,0,0,0,0,0,0,0,0,0,0,0,0,0,0,0,0,0,0,0,0,0,0,0,0,0,0,0,0,0,0,0,0,0,0,0
2025-10-08,39.0,7.5,20.5,0.5,25.5,10.0,7.0,3.0,5.0,0.5,1.0,4.0,13.5,24.5,14.5,1.5,0.0,0.0,15.0,0.0,34.5,17.0,0.0,3.5,8.0,0.5,32.5,33.5,5.0,18.0,11.0,15.5,37.0,5.5,2.5,26.0,10.5,0.0,0.5,0.0,0,0,0,0,0,0,0,0,0,0,0,0,0,0,0,0,0,0,0,0,0,0,0,0,0,0,0,0,0,0,0,0,0,0,0,0,0,0,0,0
2025-10-09,9.0,16.5,8.0,11.5,10.5,1.5,2.0,4.0,7.5,25.5,7.0,0.0,1.0,39.0,14.0,8.5,8.0,13.0,23.0,18.0,12.5,1.5,6.5,17.5,10.0,8.0,10.5,4.0,19.5,10.0,2.5,5.5,62.5,0.0,12.5,18.5,12.0,17.0,11.5,74.5,0,0,0,0,0,0,0,0,0,0,0,0,0,0,0,0,0,0,0,0,0,0,0,0,0,0,0,0,0,0,0,0,0,0,0,0,0,0,0,0
2025-10-10,26.5,18.5,8.0,11.5,2.5,11.5,10.5,16.5,19.0,24.5,3.0,20.5,15.5,34.5,1.0,0.5,4.5,3.0,25.5,5.0,26.5,14.5,3.0,0.0,42.5,6.0,31.0,22.5,8.0,6.5,14.0,23.5,29.5,19.0,0.0,20.5,13.5,1.5,14.5,3.0,0,0,0,0,0,0,0,0,0,0,0,0,0,0,0,0,0,0,0,0,0,0,0,0,0,0,0,0,0,0,0,0,0,0,0,0,0,0,0,0
2025-10-11,0.5,0.0,2.5,3.0,0.5,4.0,1.5,2.5,0.5,0.0,11.5,5.5,16.5,2.0,3.0,4.5,0.0,6.0,0.0,15.5,14.0,0.0,0.5,14.5,0.5,0.0,8.5,0.0,0.5,0.5,0.5,0.0,7.5,7.0,12.5,3.0,0.0,2.5,0.5,0.0,0,0,0,0,0,0,0,0,0,0,0,0,0,0,0,0,0,0,0,0,0,0,0,0,0,0,0,0,0,0,0,0,0,0,0,0,0,0,0,0
2025-10-12,5.5,2.0,16.0,10.5,30.5,7.0,9.0,4.0,4.5,3.5,1.5,18.5,5.5,12.0,4.0,10.0,12.5,28.5,10.0,24.5,45.5,1.5,9.0,39.0,2.5,24.0,17.5,45.0,2.0,3.5,21.0,28.5,13.5,19.0,1.5,9.5,4.0,36.5,4.5,7.0,0,0,0,0,0,0,0,0,0,0,0,0,0,0,0,0,0,0,0,0,0,0,0,0,0,0,0,0,0,0,0,0,0,0,0,0,0,0,0,0
2025-10-13,8.0,5.0,5.5,5.0,9.5,7.0,6.0,6.5,4.5,7.5,5.5,5.5,5.0,5.5,4.5,7.5,6.5,6.0,6.0,7.0,5.5,8.0,6.0,7.0,5.0,5.5,5.0,4.5,15.5,4.5,7.5,5.5,4.5,6.0,6.5,5.5,3.0,6.5,6.5,8.0,0,0,0,0,0,0,0,0,0,0,0,0,0,0,0,0,0,0,0,0,0,0,0,0,0,0,0,0,0,0,0,0,0,0,0,0,0,0,0,0
2025-10-14,3.5,5.5,9.5,13.5,18.0,2.5,2.5,3.0,12.0,19.0,5.0,2.5,6.0,2.5,15.0,29.5,9.0,7.0,3.5,7.0,3.0,13.5,9.5,6.0,3.5,5.5,3.0,2.0,,19.0,5.0,1.5,4.0,3.0,5.5,2.0,6.5,12.5,8.0,19.5,0,0,0,0,0,0,0,0,0,0,0,0,0,0,0,0,0,0,0,0,0,0,0,0,0,0,0,0,0,0,0,0,0,0,0,0,0,0,0,0
2025-10-15,0.5,0.0,0.0,0.0,0.0,0.0,0.5,0.0,0.5,0.0,0.0,5.5,0.0,0.0,0.0,0.5,0.0,0.0,0.5,0.5,0.0,0.0,0.0,0.0,0.5,0.0,0.0,0.0,0.0,0.0,0.0,0.5,0.0,9.0,0.0,0.0,0.0,0.0,0.5,0.0,0,0,0,0,0,0,0,0,0,0,0,0,0,0,0,0,0,0,0,0,0,0,0,0,0,0,0,0,0,0,0,0,0,0,0,0,0,0,0,0
2025-10-16,23.0,9.5,9.5,0.5,0.0,26.5,37.0,37.0,33.5,3.0,51.5,8.0,1.5,,21.5,52.0,16.0,19.0,3.5,12.0,1.0,10.0,10.5,44.5,18.0,13.5,2.5,0.0,2.0,6.5,19.0,34.5,2.0,11.5,48.0,1.0,12.5,30.5,0.5,28.0,0,0,0,0,0,0,0,0,0,0,0,0,0,0,0,0,0,0,0,0,0,0,0,0,0,0,0,0,0,0,0,0,0,0,0,0,0,0,0,0
2025-10-17,39.0,24.5,53.0,11.0,58.0,39.5,48.0,68.5,16.0,77.5,38.5,49.0,16.0,8.5,49.5,55.5,24.5,8.5,8.5,8.5,6.0,,28.0,42.5,15.5,10.0,6.5,12.0,24.0,10.0,40.0,26.0,7.5,53.0,15.0,6.0,21.5,14.5,70.5,46.5,0,0,0,0,0,0,0,0,0,0,0,0,0,0,0,0,0,0,0,0,0,0,0,0,0,0,0,0,0,0,0,0,0,0,0,0,0,0,0,0
2025-10-18,0.5,0.0,0.0,0.0,0.5,0.5,0.5,0.0,0.0,0.0,0.0,1.0,0.0,0.0,0.0,0.0,0.0,0.0,0.0,0.5,0.0,,0.5,1.0,0.0,0.5,0.5,0.5,6.5,0.0,0.5,0.5,0.0,2.0,1.0,0.0,0.0,0.0,0.0,0.0,0,0,0,0,0,0,0,0,0,0,0,0,0,0,0,0,0,0,0,0,0,0,0,0,0,0,0,0,0,0,0,0,0,0,0,0,0,0,0,0
2025-10-19,0.0,0.0,0.0,0.0,0.0,0.0,0.0,0.0,0.0,0.0,6.0,0.0,0.0,0.0,0.0,0.0,0.0,0.0,0.0,0.0,0.0,1.5,0.0,2.5,0.0,0.0,0.0,0.0,0.0,0.0,0.0,0.0,0.0,0.0,1.5,0.0,0.0,0.0,57.5,2.0,0,0,0,0,0,0,0,0,0,0,0,0,0,0,0,0,0,0,0,0,0,0,0,0,0,0,0,0,0,0,0,0,0,0,0,0,0,0,0,0
2025-10-20,0.0,0.5,0.0,10.5,0.0,14.0,11.0,0.0,0.0,6.5,0.5,18.5,0.0,5.0,0.0,0.0,0.0,0.0,0.0,0.0,0.5,0.0,0.0,2.0,0.0,0.0,0.0,28.5,2.5,0.0,7.0,9.5,0.0,8.0,0.0,1.0,0.0,0.0,6.5,0.5,0,0,0,0,0,0,0,0,0,0,0,0,0,0,0,0,0,0,0,0,0,0,0,0,0,0,0,0,0,0,0,0,0,0,0,0,0,0,0,0
2025-10-21,43.0,43.0,27.0,40.0,41.0,63.0,52.5,92.5,39.0,56.0,12.5,17.0,44.5,48.5,29.5,13.5,48.5,20.5,50.5,32.0,70.5,60.5,47.0,7.5,55.5,41.5,86.5,22.0,10.5,6.5,64.5,28.5,131.0,18.5,11.5,43.5,2.5,45.5,83.5,39.0,0,0,0,0,0,0,0,0,0,0,0,0,0,0,0,0,0,0,0,0,0,0,0,0,0,0,0,0,0,0,0,0,0,0,0,0,0,0,0,0
2025-10-22,31.0,85.0,103.5,8.0,14.5,4.5,4.5,5.5,57.0,7.5,8.0,4.0,112.5,3.5,94.0,8.0,82.0,64.0,13.0,74.0,14.0,35.5,94.0,13.0,58.5,80.0,16.5,60.0,20.0,26.5,9.0,66.0,81.5,4.5,7.5,11.5,71.5,16.5,30.0,8.0,0,0,0,0,0,0,0,0,0,0,0,0,0,0,0,0,0,0,0,0,0,0,0,0,0,0,0,0,0,0,0,0,0,0,0,0,0,0,0,0
2025-10-23,4.5,1.0,0.0,2.5,0.5,0.0,0.0,0.0,27.0,0.0,0.0,0.0,1.0,6.0,2.0,0.0,0.0,0.5,3.5,0.5,2.5,7.5,0.5,0.0,9.0,7.0,2.0,15.5,7.0,0.5,0.0,15.5,2.0,0.5,0.5,9.0,32.5,0.0,0.0,0.5,0,0,0,0,0,0,0,0,0,0,0,0,0,0,0,0,0,0,0,0,0,0,0,0,0,0,0,0,0,0,0,0,0,0,0,0,0,0,0,0
2025-10-24,2.0,0.0,0.0,0.0,0.0,0.0,0.0,0.0,0.5,0.0,0.0,6.0,0.0,0.0,1.0,0.0,0.5,0.0,0.0,0.5,1.0,5.0,0.0,0.0,0.0,0.5,1.0,0.5,0.0,0.0,0.0,0.0,1.5,4.5,0.0,0.0,1.0,0.0,0.0,0.0,0,0,0,0,0,0,0,0,0,0,0,0,0,0,0,0,0,0,0,0,0,0,0,0,0,0,0,0,0,0,0,0,0,0,0,0,0,0,0,0
2025-10-25,0.5,0.0,0.0,0.0,0.0,0.0,0.0,0.0,0.0,1.5,0.0,0.0,0.0,0.0,0.0,0.0,0.0,0.0,0.0,0.0,0.0,0.5,0.0,0.0,0.0,0.0,0.5,0.0,3.5,0.0,0.0,0.0,0.0,0.0,0.0,0.5,0.0,0.0,0.0,0.5,0,0,0,0,0,0,0,0,0,0,0,0,0,0,0,0,0,0,0,0,0,0,0,0,0,0,0,0,0,0,0,0,0,0,0,0,0,0,0,0
2025-10-26,0.0,1.5,26.0,0.5,0.0,0.0,0.0,0.0,0.5,0.0,0.0,0.0,4.0,0.0,28.5,0.0,13.0,4.5,0.0,0.0,0.0,0.0,18.0,0.0,0.0,0.0,0.0,0.0,0.0,2.5,0.0,0.5,2.5,0.0,0.0,0.5,0.0,1.0,0.0,0.0,0,0,0,0,0,0,0,0,0,0,0,0,0,0,0,0,0,0,0,0,0,0,0,0,0,0,0,0,0,0,0,0,0,0,0,0,0,0,0,0
2025-10-27,23.5,0.5,0.0,0.0,28.5,8.5,2.0,11.0,0.0,38.0,25.0,0.0,0.0,0.0,5.5,24.5,0.5,0.0,0.5,0.0,0.0,33.0,0.0,24.5,0.0,0.0,0.5,0.0,43.5,0.5,7.0,1.0,0.0,0.0,16.5,0.5,1.5,0.0,27.5,18.5,0,0,0,0,0,0,0,0,0,0,0,0,0,0,0,0,0,0,0,0,0,0,0,0,0,0,0,0,0,0,0,0,0,0,0,0,0,0,0,0
2025-10-28,3.5,0.5,0.0,0.0,0.5,0.0,0.0,0.5,15.0,1.0,0.5,0.0,0.0,0.0,0.5,0.5,0.0,0.0,0.0,0.0,0.0,3.0,0.0,1.0,12.5,0.0,0.0,0.0,2.0,1.0,0.0,0.0,0.0,0.0,1.0,0.0,3.0,0.0,0.5,0.5,0,0,0,0,0,0,0,0,0,0,0,0,0,0,0,0,0,0,0,0,0,0,0,0,0,0,0,0,0,0,0,0,0,0,0,0,0,0,0,0
2025-10-29,0.0,0.0,2.5,0.0,0.0,0.0,0.0,0.0,0.0,0.0,0.0,0.0,0.0,0.0,1.0,0.0,0.0,0.0,0.0,0.0,0.0,0.0,0.0,0.0,0.0,0.0,0.0,0.0,0.0,0.0,0.0,0.0,0.0,0.0,0.0,1.0,0.0,0.0,0.0,0.0,0,0,0,0,0,0,0,0,0,0,0,0,0,0,0,0,0,0,0,0,0,0,0,0,0,0,0,0,0,0,0,0,0,0,0,0,0,0,0,0
2025-10-30,1.5,22.0,20.0,13.0,23.5,10.5,17.0,24.0,31.5,9.5,1.5,20.0,11.5,33.0,32.5,2.5,13.5,22.0,40.5,18.0,34.0,,12.0,0.5,7.5,6.5,28.5,6.5,0.5,35.5,4.5,36.0,21.0,23.0,2.0,46.0,15.5,10.0,6.0,24.0,0,0,0,0,0,0,0,0,0,0,0,0,0,0,0,0,0,0,0,0,0,0,0,0,0,0,0,0,0,0,0,0,0,0,0,0,0,0,0,0
2025-10-31,3.0,1.5,2.0,1.5,2.5,2.0,2.5,11.5,0.5,2.0,22.5,1.0,0.5,0.5,2.0,2.5,2.0,1.5,1.0,1.5,1.0,2.5,2.0,8.0,0.5,1.5,1.0,1.0,4.0,0.5,3.5,1.0,0.0,2.5,19.5,1.0,1.0,2.0,4.0,3.0,0,0,0,0,0,0,0,0,0,0,0,0,0,0,0,0,0,0,0,0,0,0,0,0,0,0,0,0,0,0,0,0,0,0,0,0,0,0,0,0
2025-11-01,25.5,0.0,0.0,0.0,0.0,0.5,0.0,0.0,0.0,0.0,0.0,0.0,0.0,0.0,0.0,0.0,0.5,0.0,0.0,0.5,0.0,24.0,1.0,0.0,0.0,0.0,0.0,0.0,0.0,0.0,0.0,0.0,0.5,0.0,0.0,0.0,0.0,0.0,0.0,0.0,0,0,0,0,0,0,0,0,0,0,0,0,0,0,0,0,0,0,0,0,0,0,0,0,0,0,0,0,0,0,0,0,0,0,0,0,0,0,0,0
2025-11-02,0.5,0.0,0.0,1.0,0.0,0.0,0.0,0.0,4.5,0.5,3.0,0.0,0.0,0.0,0.5,0.0,0.0,0.0,0.0,0.0,1.5,,0.0,3.5,4.5,0.0,0.0,0.0,3.5,0.0,0.0,0.0,0.0,0.0,6.5,0.0,26.5,0.0,0.0,0.0,0,0,0,0,0,0,0,0,0,0,0,0,0,0,0,0,0,0,0,0,0,0,0,0,0,0,0,0,0,0,0,0,0,0,0,0,0,0,0,0
2025-11-03,4.0,17.0,29.5,32.5,9.5,0.0,0.5,1.5,0.0,0.0,11.0,12.0,0.5,36.0,0.0,43.0,14.0,35.0,47.0,19.0,11.0,,19.5,1.5,0.0,7.5,11.0,0.0,0.5,0.0,1.5,12.0,3.5,17.5,1.5,8.5,0.0,42.0,2.0,57.5,0,0,0,0,0,0,0,0,0,0,0,0,0,0,0,0,0,0,0,0,0,0,0,0,0,0,0,0,0,0,0,0,0,0,0,0,0,0,0,0
2025-11-04,0.0,0.0,0.0,0.5,0.0,0.0,0.0,0.0,0.0,0.0,0.0,0.0,0.0,0.0,0.0,0.0,0.0,0.0,0.5,0.0,0.0,0.0,0.0,0.0,0.0,0.0,0.5,0.0,0.0,0.0,0.5,0.0,0.0,0.0,0.0,1.0,0.0,0.0,0.5,0.0,0,0,0,0,0,0,0,0,0,0,0,0,0,0,0,0,0,0,0,0,0,0,0,0,0,0,0,0,0,0,0,0,0,0,0,0,0,0,0,0
2025-11-05,16.5,8.0,15.0,9.0,13.5,11.0,13.5,11.5,6.5,3.5,12.0,37.5,40.0,17.5,7.0,7.5,21.0,20.0,36.5,20.0,44.0,,15.0,11.5,6.0,12.0,48.0,42.0,9.5,3.5,13.0,19.5,44.5,38.0,6.5,37.0,7.5,19.5,4.5,5.5,0,0,0,0,0,0,0,0,0,0,0,0,0,0,0,0,0,0,0,0,0,0,0,0,0,0,0,0,0,0,0,0,0,0,0,0,0,0,0,0
2025-11-06,6.0,1.0,2.0,0.5,5.0,2.0,0.5,0.5,10.0,0.5,0.5,0.0,0.5,3.5,9.5,1.0,3.5,0.5,7.0,0.5,3.0,17.0,2.5,0.5,3.0,1.0,3.5,7.0,0.0,4.5,0.0,3.0,0.5,0.0,0.5,3.0,21.5,0.5,0.5,10.5,0,0,0,0,0,0,0,0,0,0,0,0,0,0,0,0,0,0,0,0,0,0,0,0,0,0,0,0,0,0,0,0,0,0,0,0,0,0,0,0
2025-11-07,0.5,1.5,5.5,24.0,23.0,52.5,41.5,15.0,0.0,44.5,6.5,31.0,0.5,14.5,0.5,9.0,13.5,35.0,13.0,45.0,2.5,0.0,14.5,4.0,0.5,22.0,2.5,11.5,1.0,0.5,27.5,12.5,1.5,34.0,7.5,6.5,1.0,32.5,67.0,3.0,0,0,0,0,0,0,0,0,0,0,0,0,0,0,0,0,0,0,0,0,0,0,0,0,0,0,0,0,0,0,0,0,0,0,0,0,0,0,0,0
2025-11-08,0.0,0.0,0.0,9.0,0.0,0.5,0.0,0.0,0.5,0.0,0.0,0.0,0.0,14.0,0.0,14.0,1.0,10.5,0.5,2.5,10.0,0.0,0.5,0.5,0.5,0.0,5.5,0.0,0.5,0.5,1.0,0.0,0.0,0.5,0.0,7.0,0.0,10.5,0.0,6.0,0,0,0,0,0,0,0,0,0,0,0,0,0,0,0,0,0,0,0,0,0,0,0,0,0,0,0,0,0,0,0,0,0,0,0,0,0,0,0,0
2025-11-09,17.5,7.5,0.5,1.0,0.0,7.5,4.0,0.5,2.0,41.0,5.0,3.0,7.0,0.5,10.5,1.0,5.5,14.0,2.0,13.5,1.0,17.0,2.0,5.5,5.5,19.5,1.0,18.0,1.0,0.0,5.5,12.5,4.0,2.0,0.0,0.0,0.0,7.5,31.0,0.0,0,0,0,0,0,0,0,0,0,0,0,0,0,0,0,0,0,0,0,0,0,0,0,0,0,0,0,0,0,0,0,0,0,0,0,0,0,0,0,0
2025-11-10,2.5,0.5,0.5,0.0,14.5,0.5,0.0,3.5,0.0,0.0,0.5,0.5,2.0,15.0,24.0,3.0,1.0,1.5,7.0,7.0,1.0,0.0,0.5,6.5,11.0,7.0,4.0,9.0,24.5,16.5,2.0,1.0,0.0,3.0,1.5,6.5,1.0,12.5,0.0,3.0,0,0,0,0,0,0,0,0,0,0,0,0,0,0,0,0,0,0,0,0,0,0,0,0,0,0,0,0,0,0,0,0,0,0,0,0,0,0,0,0
2025-11-11,57.5,0.0,0.0,0.5,2.0,25.0,26.0,25.0,1.0,,5.0,44.5,0.5,1.5,0.0,2.5,0.5,0.0,0.5,0.0,0.0,16.5,0.0,15.5,2.5,0.5,0.0,0.5,34.5,0.0,7.0,0.5,0.0,48.0,12.0,0.5,2.0,1.0,20.5,2.0,0,0,0,0,0,0,0,0,0,0,0,0,0,0,0,0,0,0,0,0,0,0,0,0,0,0,0,0,0,0,0,0,0,0,0,0,0,0,0,0
2025-11-12,25.0,25.5,7.5,17.0,21.0,49.5,42.0,96.0,3.0,67.5,60.5,24.0,57.5,16.0,1.0,58.0,62.5,42.0,3.5,34.5,30.5,31.0,52.5,68.0,1.5,28.5,22.0,38.5,39.0,1.5,26.5,31.0,6.5,100.0,51.0,8.5,0.5,34.0,39.0,34.0,0,0,0,0,0,0,0,0,0,0,0,0,0,0,0,0,0,0,0,0,0,0,0,0,0,0,0,0,0,0,0,0,0,0,0,0,0,0,0,0
2025-11-13,12.5,0.0,0.0,0.0,0.0,0.0,0.0,0.0,0.0,0.0,0.0,0.0,0.5,,0.0,0.0,0.0,0.0,0.0,0.5,0.0,19.0,0.0,23.5,0.5,0.0,0.0,0.5,10.0,0.0,0.5,0.5,0.0,0.0,3.5,0.0,0.0,0.0,0.0,0.0,0,0,0,0,0,0,0,0,0,0,0,0,0,0,0,0,0,0,0,0,0,0,0,0,0,0,0,0,0,0,0,0,0,0,0,0,0,0,0,0
2025-11-14,0.5,0.0,0.0,2.5,2.0,0.0,0.0,0.0,0.0,53.5,0.0,0.0,0.0,0.5,0.0,0.5,0.0,0.0,0.5,0.5,0.0,1.5,0.0,0.0,0.0,0.0,0.0,0.0,0.5,9.5,2.5,0.0,0.0,0.0,0.0,0.0,0.5,0.0,2.0,0.0,0,0,0,0,0,0,0,0,0,0,0,0,0,0,0,0,0,0,0,0,0,0,0,0,0,0,0,0,0,0,0,0,0,0,0,0,0,0,0,0
2025-11-15,25.5,0.5,0.5,0.0,1.5,2.5,1.0,1.0,7.5,10.5,11.5,14.0,5.0,8.5,1.5,0.0,0.0,0.0,0.0,0.0,0.0,3.5,0.0,12.5,3.5,0.0,0.0,0.0,16.0,7.0,1.5,0.0,1.0,6.0,14.5,6.0,24.5,0.0,0.5,3.0,0,0,0,0,0,0,0,0,0,0,0,0,0,0,0,0,0,0,0,0,0,0,0,0,0,0,0,0,0,0,0,0,0,0,0,0,0,0,0,0
2025-11-16,15.5,6.0,6.0,6.5,0.5,19.0,24.5,40.0,1.5,7.5,37.0,4.0,1.0,6.5,0.0,0.0,11.0,3.5,2.5,1.5,0.0,20.5,5.5,82.5,0.0,3.0,0.5,0.5,10.0,1.0,33.0,1.5,6.0,6.5,69.0,1.5,5.0,3.5,24.5,0.5,0,0,0,0,0,0,0,0,0,0,0,0,0,0,0,0,0,0,0,0,0,0,0,0,0,0,0,0,0,0,0,0,0,0,0,0,0,0,0,0
2025-11-17,11.0,16.0,32.0,9.0,26.0,10.5,10.0,7.5,8.0,43.0,,8.0,21.0,6.0,18.0,21.5,32.0,54.0,7.0,33.5,14.5,13.5,26.5,41.5,5.5,34.5,8.0,10.5,14.5,3.5,36.0,11.5,25.5,9.5,16.0,6.0,19.5,40.5,33.0,39.5,0,0,0,0,0,0,0,0,0,0,0,0,0,0,0,0,0,0,0,0,0,0,0,0,0,0,0,0,0,0,0,0,0,0,0,0,0,0,0,0
2025-11-18,12.0,3.5,7.0,15.5,44.5,49.0,44.0,28.5,3.5,33.0,,45.0,3.5,7.0,4.5,10.5,14.0,14.0,24.5,21.0,6.5,10.0,10.5,36.5,3.5,17.5,17.0,19.5,32.5,3.0,61.5,6.0,30.0,46.5,23.5,8.0,8.5,13.5,62.5,28.5,0,0,0,0,0,0,0,0,0,0,0,0,0,0,0,0,0,0,0,0,0,0,0,0,0,0,0,0,0,0,0,0,0,0,0,0,0,0,0,0
2025-11-19,16.5,4.0,1.0,3.5,2.0,34.5,29.5,25.0,1.5,28.0,60.0,4.0,6.0,6.5,2.0,2.5,3.0,6.5,13.0,3.5,2.5,28.5,1.5,6.5,0.5,4.5,3.0,13.5,1.5,22.5,11.0,15.0,2.5,6.0,19.0,1.5,2.0,4.5,32.0,9.5,0,0,0,0,0,0,0,0,0,0,0,0,0,0,0,0,0,0,0,0,0,0,0,0,0,0,0,0,0,0,0,0,0,0,0,0,0,0,0,0
2025-11-20,33.0,34.0,22.0,26.5,61.0,23.5,19.5,23.0,11.5,23.0,9.5,16.0,75.0,,17.5,49.0,25.0,26.0,49.5,44.5,51.0,30.0,28.5,22.5,21.0,23.5,52.5,60.0,15.5,30.0,69.5,67.0,53.0,17.5,14.0,,12.0,42.5,37.5,37.0,0,0,0,0,0,0,0,0,0,0,0,0,0,0,0,0,0,0,0,0,0,0,0,0,0,0,0,0,0,0,0,0,0,0,0,0,0,0,0,0
2025-11-21,10.0,4.0,0.5,5.0,33.5,15.0,21.5,7.5,1.5,9.0,0.5,13.0,1.5,8.0,5.0,12.5,1.0,1.5,3.0,2.0,3.5,2.5,1.0,0.5,1.0,0.5,2.5,1.5,12.0,0.0,25.0,0.5,5.5,15.5,1.0,3.0,7.0,4.5,2.0,8.5,0,0,0,0,0,0,0,0,0,0,0,0,0,0,0,0,0,0,0,0,0,0,0,0,0,0,0,0,0,0,0,0,0,0,0,0,0,0,0,0
2025-11-22,10.0,34.5,15.0,5.5,4.5,3.0,3.0,3.0,10.0,2.5,1.5,4.0,28.0,6.0,16.0,13.0,24.0,38.0,5.0,22.0,7.5,,18.0,2.5,23.5,29.5,8.0,17.0,15.0,23.5,4.0,23.5,38.0,6.5,1.5,3.5,15.5,27.5,2.0,26.5,0,0,0,0,0,0,0,0,0,0,0,0,0,0,0,0,0,0,0,0,0,0,0,0,0,0,0,0,0,0,0,0,0,0,0,0,0,0,0,0
2025-11-23,3.5,4.0,15.0,15.0,18.0,17.5,19.0,14.0,3.0,7.0,10.5,20.5,21.5,30.0,3.5,22.0,30.5,45.5,20.5,61.5,21.0,,32.0,11.0,1.5,31.0,16.5,12.0,6.0,4.5,19.5,13.0,13.5,21.5,14.5,19.5,3.5,47.0,9.0,48.0,0,0,0,0,0,0,0,0,0,0,0,0,0,0,0,0,0,0,0,0,0,0,0,0,0,0,0,0,0,0,0,0,0,0,0,0,0,0,0,0
2025-11-24,15.5,9.0,3.0,0.5,22.0,18.0,15.0,5.5,4.5,8.5,8.0,2.5,22.0,8.0,21.0,8.0,5.0,4.5,15.5,4.0,10.5,8.0,2.5,14.0,4.0,4.5,9.5,17.0,29.0,3.0,14.5,17.5,18.5,3.5,6.0,11.0,11.0,3.5,5.5,5.5,0,0,0,0,0,0,0,0,0,0,0,0,0,0,0,0,0,0,0,0,0,0,0,0,0,0,0,0,0,0,0,0,0,0,0,0,0,0,0,0
2025-11-25,27.5,23.5,19.5,21.0,22.0,14.0,10.5,13.5,14.5,14.0,20.5,14.0,14.5,24.5,10.5,40.5,26.0,21.5,21.0,25.0,28.0,49.5,24.0,25.0,19.0,18.5,32.0,38.0,18.0,16.0,20.0,35.0,30.0,18.5,19.5,19.5,13.0,25.5,9.0,46.5,0,0,0,0,0,0,0,0,0,0,0,0,0,0,0,0,0,0,0,0,0,0,0,0,0,0,0,0,0,0,0,0,0,0,0,0,0,0,0,0
2025-11-26,0.0,0.0,0.5,10.5,4.5,0.0,0.0,0.0,0.0,0.0,1.0,0.0,0.5,,2.5,12.0,2.0,4.0,0.0,5.0,0.0,1.0,1.0,2.0,1.0,1.0,1.0,1.5,0.5,0.5,0.0,0.5,0.5,0.0,0.0,0.0,0.5,10.5,0.0,14.0,0,0,0,0,0,0,0,0,0,0,0,0,0,0,0,0,0,0,0,0,0,0,0,0,0,0,0,0,0,0,0,0,0,0,0,0,0,0,0,0
2025-11-27,21.0,16.5,38.0,7.5,9.5,10.5,6.5,2.5,51.0,13.0,0.0,0.5,6.5,0.0,21.5,38.0,39.0,35.5,0.5,31.5,8.5,18.5,31.0,0.0,15.5,17.5,10.5,12.0,62.5,8.5,15.5,13.5,10.0,0.5,0.0,2.0,43.0,38.5,5.5,27.0,0,0,0,0,0,0,0,0,0,0,0,0,0,0,0,0,0,0,0,0,0,0,0,0,0,0,0,0,0,0,0,0,0,0,0,0,0,0,0,0
2025-11-28,13.5,35.5,27.0,15.0,11.0,21.5,13.5,12.0,18.0,8.0,,4.5,8.5,15.5,13.0,21.0,23.5,8.0,36.0,9.0,10.0,14.5,29.5,13.5,27.0,9.5,14.0,21.0,22.0,23.5,38.0,26.5,17.0,5.5,16.0,16.0,46.0,11.5,15.0,15.5,0,0,0,0,0,0,0,0,0,0,0,0,0,0,0,0,0,0,0,0,0,0,0,0,0,0,0,0,0,0,0,0,0,0,0,0,0,0,0,0
2025-11-29,2.5,0.5,3.0,0.0,0.0,0.0,0.0,0.0,0.0,1.5,0.0,0.0,0.0,0.0,0.5,3.5,1.5,0.0,0.5,0.5,0.0,4.5,2.0,0.5,0.0,0.0,0.0,0.0,0.5,0.0,0.5,1.0,0.0,0.0,0.0,0.0,0.5,2.5,0.5,6.0,0,0,0,0,0,0,0,0,0,0,0,0,0,0,0,0,0,0,0,0,0,0,0,0,0,0,0,0,0,0,0,0,0,0,0,0,0,0,0,0
2025-11-30,1.0,5.5,5.5,12.0,20.0,11.5,9.0,14.5,6.5,7.0,,2.5,3.0,7.0,2.5,9.5,15.5,11.5,18.0,11.0,12.5,0.5,10.5,0.5,15.0,10.5,13.0,11.5,0.0,2.5,34.5,10.0,4.5,4.5,2.5,13.5,25.5,10.0,3.0,19.5,0,0,0,0,0,0,0,0,0,0,0,0,0,0,0,0,0,0,0,0,0,0,0,0,0,0,0,0,0,0,0,0,0,0,0,0,0,0,0,0
2025-12-01,52.0,16.0,3.0,36.0,49.0,14.5,14.5,15.0,9.5,21.0,,34.5,14.0,18.5,3.0,57.5,21.5,6.5,4.5,15.0,10.0,53.5,13.0,8.0,8.0,22.5,20.5,10.5,53.0,21.0,83.0,6.5,27.5,48.0,13.0,22.5,3.0,5.5,10.5,2.5,0,0,0,0,0,0,0,0,0,0,0,0,0,0,0,0,0,0,0,0,0,0,0,0,0,0,0,0,0,0,0,0,0,0,0,0,0,0,0,0
2025-12-02,9.5,15.0,40.0,22.0,36.0,7.5,12.0,5.0,1.0,3.5,2.0,15.5,10.5,13.5,0.5,26.0,18.5,51.0,30.0,89.5,17.5,9.0,12.0,7.0,0.0,75.5,20.0,12.5,17.0,26.0,33.5,1.5,17.5,14.5,11.0,23.0,1.0,36.0,15.5,16.0,0,0,0,0,0,0,0,0,0,0,0,0,0,0,0,0,0,0,0,0,0,0,0,0,0,0,0,0,0,0,0,0,0,0,0,0,0,0,0,0
2025-12-03,9.0,51.5,42.0,10.0,11.0,5.0,5.0,5.5,59.0,4.0,3.0,2.0,18.0,10.5,40.5,17.0,29.0,17.0,14.0,14.5,11.5,4.5,29.0,1.0,38.0,13.0,12.0,17.0,2.5,11.0,6.5,26.5,15.0,3.5,2.0,13.0,91.0,18.0,3.0,17.5,0,0,0,0,0,0,0,0,0,0,0,0,0,0,0,0,0,0,0,0,0,0,0,0,0,0,0,0,0,0,0,0,0,0,0,0,0,0,0,0
2025-12-04,7.0,1.0,0.5,0.5,0.0,2.5,1.5,0.5,0.0,5.0,18.0,6.0,0.5,,1.0,0.5,0.0,0.0,0.0,0.0,0.0,3.5,0.5,23.0,0.0,0.0,0.0,0.0,6.0,0.0,2.5,0.0,1.0,3.0,14.0,0.5,0.5,0.5,0.0,0.0,0,0,0,0,0,0,0,0,0,0,0,0,0,0,0,0,0,0,0,0,0,0,0,0,0,0,0,0,0,0,0,0,0,0,0,0,0,0,0,0
2025-12-05,0.5,0.0,0.0,17.0,7.5,0.0,0.0,0.0,0.0,1.0,0.0,0.0,1.5,7.0,0.0,3.5,0.0,24.0,0.5,26.5,0.0,12.5,0.0,0.0,2.0,4.5,0.0,0.0,11.5,0.0,2.0,0.5,0.0,0.5,0.5,7.5,0.0,10.0,0.5,0.0,0,0,0,0,0,0,0,0,0,0,0,0,0,0,0,0,0,0,0,0,0,0,0,0,0,0,0,0,0,0,0,0,0,0,0,0,0,0,0,0
2025-12-06,3.5,2.5,10.0,1.5,7.0,12.5,10.0,0.5,19.5,1.0,4.5,3.0,5.0,0.0,0.5,2.0,17.0,6.0,1.0,15.0,5.0,4.5,11.0,18.0,24.5,19.5,1.5,15.5,19.0,28.0,4.0,14.0,4.5,1.0,10.0,3.0,23.5,5.5,0.0,2.0,0,0,0,0,0,0,0,0,0,0,0,0,0,0,0,0,0,0,0,0,0,0,0,0,0,0,0,0,0,0,0,0,0,0,0,0,0,0,0,0
2025-12-07,3.5,90.5,69.0,5.0,6.5,15.0,10.5,11.0,102.5,9.5,8.0,18.5,79.5,13.0,87.0,25.0,51.5,42.0,21.5,19.0,31.5,6.5,34.5,7.5,83.5,24.0,30.0,54.0,11.0,69.0,4.5,50.0,43.5,20.5,9.5,19.5,64.0,23.5,3.5,12.0,0,0,0,0,0,0,0,0,0,0,0,0,0,0,0,0,0,0,0,0,0,0,0,0,0,0,0,0,0,0,0,0,0,0,0,0,0,0,0,0
2025-12-08,16.0,93.0,88.5,63.5,40.5,78.0,68.5,69.0,34.0,22.0,48.5,83.0,80.0,78.5,47.5,61.5,84.0,74.0,68.5,100.0,120.5,18.5,80.0,41.5,44.5,74.0,102.5,79.5,,44.0,96.5,87.0,71.0,89.5,43.5,84.5,63.5,75.0,32.5,37.5,0,0,0,0,0,0,0,0,0,0,0,0,0,0,0,0,0,0,0,0,0,0,0,0,0,0,0,0,0,0,0,0,0,0,0,0,0,0,0,0
2025-12-09,,,,,,,,,,,,,,,,,,,,,,,,,,,,,,,,,,,,,,,,,0,0,0,0,0,0,0,0,0,0,0,0,0,0,0,0,0,0,0,0,0,0,0,0,0,0,0,0,0,0,0,0,0,0,0,0,0,0,0,0
2025-12-10,0.5,1.5,0.5,0.5,0.0,0.0,0.0,0.5,0.0,0.0,0.0,0.0,0.0,0.0,0.0,0.0,0.5,0.0,0.0,0.0,0.0,0.0,0.0,0.0,0.0,0.0,0.5,0.0,0.0,0.0,0.0,0.0,0.0,0.0,0.0,0.0,0.0,0.0,0.0,0.0,0,0,0,0,0,0,0,0,0,0,0,0,0,0,0,0,0,0,0,0,0,0,0,0,0,0,0,0,0,0,0,0,0,0,0,0,0,0,0,0
2025-12-11,0.0,3.0,5.0,2.5,1.0,2.0,0.5,5.0,2.5,0.0,4.0,7.5,8.0,0.0,11.5,58.0,12.5,4.5,0.0,0.5,1.0,7.5,9.5,5.0,21.0,5.0,1.5,11.0,16.5,24.5,2.5,17.5,2.0,3.5,6.5,1.0,24.5,24.0,0.0,3.0,0,0,0,0,0,0,0,0,0,0,0,0,0,0,0,0,0,0,0,0,0,0,0,0,0,0,0,0,0,0,0,0,0,0,0,0,0,0,0,0
2025-12-12,3.5,16.0,16.0,11.5,12.5,23.0,12.5,12.0,16.0,9.0,6.5,6.0,20.0,12.0,18.5,15.5,13.5,15.5,12.0,18.5,14.5,4.5,14.5,13.0,16.5,14.0,15.5,18.5,8.5,12.5,11.0,18.5,21.5,8.5,8.0,13.0,14.0,17.0,12.0,19.0,0,0,0,0,0,0,0,0,0,0,0,0,0,0,0,0,0,0,0,0,0,0,0,0,0,0,0,0,0,0,0,0,0,0,0,0,0,0,0,0
2025-12-13,0.5,2.0,14.0,1.5,6.0,42.5,41.0,5.5,,7.0,3.5,0.0,5.5,21.5,5.0,1.0,0.0,0.5,2.0,0.0,5.0,0.0,0.5,17.0,6.0,0.0,5.5,1.0,0.0,12.5,17.0,0.5,15.0,0.5,2.0,8.5,1.5,0.0,14.5,2.0,0,0,0,0,0,0,0,0,0,0,0,0,0,0,0,0,0,0,0,0,0,0,0,0,0,0,0,0,0,0,0,0,0,0,0,0,0,0,0,0
2025-12-14,8.5,0.0,6.5,4.5,4.0,7.0,4.5,12.5,0.0,7.0,12.0,3.5,0.5,1.0,0.0,20.0,1.0,1.0,0.5,1.5,0.0,9.0,0.5,11.5,0.0,0.0,0.0,0.0,10.0,0.0,1.5,0.0,0.5,4.5,21.5,2.0,0.5,6.0,33.0,1.0,0,0,0,0,0,0,0,0,0,0,0,0,0,0,0,0,0,0,0,0,0,0,0,0,0,0,0,0,0,0,0,0,0,0,0,0,0,0,0,0
2025-12-15,42.0,4.5,5.0,38.5,52.5,51.0,65.5,42.5,12.5,6.0,25.0,55.5,11.0,14.5,3.5,5.5,7.5,25.5,7.0,26.0,4.0,60.5,7.5,6.0,10.0,7.5,5.5,17.0,,2.5,34.5,6.0,4.0,55.5,9.0,5.5,7.5,31.0,13.0,8.5,0,0,0,0,0,0,0,0,0,0,0,0,0,0,0,0,0,0,0,0,0,0,0,0,0,0,0,0,0,0,0,0,0,0,0,0,0,0,0,0
2025-12-16,44.0,12.5,13.5,15.5,68.0,11.0,15.0,7.0,2.0,11.5,20.5,50.0,11.5,26.5,3.5,35.5,32.0,30.0,28.5,36.5,8.0,59.5,28.0,46.5,7.0,26.5,8.0,21.0,52.5,2.0,64.0,22.0,31.0,51.5,39.5,11.5,0.0,36.5,7.0,19.0,0,0,0,0,0,0,0,0,0,0,0,0,0,0,0,0,0,0,0,0,0,0,0,0,0,0,0,0,0,0,0,0,0,0,0,0,0,0,0,0
2025-12-17,5.5,13.5,16.5,16.5,49.0,35.0,25.0,9.0,2.5,27.5,9.0,15.0,43.5,42.0,1.0,5.5,14.0,4.5,35.0,8.5,9.0,5.5,8.5,31.0,2.5,5.5,14.5,20.0,2.5,19.5,32.5,10.5,14.5,14.5,12.5,40.5,5.5,,6.0,1.5,0,0,0,0,0,0,0,0,0,0,0,0,0,0,0,0,0,0,0,0,0,0,0,0,0,0,0,0,0,0,0,0,0,0,0,0,0,0,0,0
2025-12-18,8.5,0.0,0.0,0.0,0.0,0.5,0.0,0.5,0.5,0.5,0.0,0.0,0.0,0.0,0.0,0.0,0.0,0.0,0.5,0.5,0.5,6.0,0.0,0.5,0.5,0.0,0.5,0.0,6.0,2.0,0.0,0.0,0.0,0.0,0.5,0.0,0.0,,0.0,0.0,0,0,0,0,0,0,0,0,0,0,0,0,0,0,0,0,0,0,0,0,0,0,0,0,0,0,0,0,0,0,0,0,0,0,0,0,0,0,0,0
2025-12-19,16.5,0.5,0.0,1.0,0.0,7.5,6.5,5.0,18.0,6.0,4.5,12.0,17.0,3.0,3.0,0.0,0.0,1.5,4.0,8.5,5.0,2.5,0.0,3.0,4.5,0.5,6.0,3.5,1.0,26.0,3.0,3.0,7.5,13.0,1.5,5.0,12.5,,7.0,0.0,0,0,0,0,0,0,0,0,0,0,0,0,0,0,0,0,0,0,0,0,0,0,0,0,0,0,0,0,0,0,0,0,0,0,0,0,0,0,0,0
2025-12-20,7.5,57.5,46.5,29.5,12.0,0.0,0.0,0.0,5.5,0.0,3.0,0.5,10.5,20.0,33.5,28.0,43.5,22.0,11.0,19.0,11.5,11.5,55.5,9.0,34.0,20.5,10.5,23.5,26.5,21.5,0.5,32.5,15.0,1.0,5.0,11.5,12.0,,0.0,33.0,0,0,0,0,0,0,0,0,0,0,0,0,0,0,0,0,0,0,0,0,0,0,0,0,0,0,0,0,0,0,0,0,0,0,0,0,0,0,0,0
2025-12-21,61.5,83.5,65.5,88.0,55.5,32.0,32.5,32.0,74.0,23.5,15.0,29.5,140.0,67.5,47.0,91.5,77.0,79.5,86.0,103.0,115.5,36.5,58.0,24.0,74.0,71.5,113.0,72.5,20.5,101.0,65.0,54.0,107.0,29.5,30.5,101.5,45.5,,24.0,40.5,0,0,0,0,0,0,0,0,0,0,0,0,0,0,0,0,0,0,0,0,0,0,0,0,0,0,0,0,0,0,0,0,0,0,0,0,0,0,0,0
2025-12-22,2.0,11.5,9.5,12.0,13.0,17.0,19.5,14.5,6.0,23.0,14.0,21.5,21.0,7.5,8.5,18.5,10.5,14.5,10.0,17.0,11.0,3.0,11.0,16.0,3.5,10.5,10.0,6.5,7.0,18.0,12.5,7.0,14.0,27.5,9.5,11.5,8.5,,18.0,20.0,0,0,0,0,0,0,0,0,0,0,0,0,0,0,0,0,0,0,0,0,0,0,0,0,0,0,0,0,0,0,0,0,0,0,0,0,0,0,0,0
2025-12-23,2.0,1.5,2.5,3.0,4.0,5.0,3.0,5.5,12.5,2.0,5.5,5.0,2.5,4.5,3.5,3.0,3.0,2.5,3.0,2.5,4.5,0.5,2.5,9.0,13.5,2.0,6.5,3.0,2.5,32.5,6.5,3.0,7.5,10.0,17.0,4.0,8.0,,6.5,2.5,0,0,0,0,0,0,0,0,0,0,0,0,0,0,0,0,0,0,0,0,0,0,0,0,0,0,0,0,0,0,0,0,0,0,0,0,0,0,0,0
2025-12-24,1.0,1.5,3.0,29.0,8.0,51.5,41.5,4.5,8.0,14.0,47.5,11.0,36.5,29.0,0.0,19.0,1.5,33.5,28.5,30.5,52.0,8.5,0.0,11.0,14.0,14.0,52.0,11.0,16.0,31.5,67.0,21.0,76.0,11.0,17.5,41.0,3.0,,30.5,8.5,0,0,0,0,0,0,0,0,0,0,0,0,0,0,0,0,0,0,0,0,0,0,0,0,0,0,0,0,0,0,0,0,0,0,0,0,0,0,0,0
2025-12-25,15.5,1.0,0.0,10.5,0.5,0.5,1.5,25.0,0.5,0.0,0.5,0.5,0.5,0.0,0.0,3.5,0.5,0.0,0.0,0.0,0.5,,0.0,0.5,1.5,0.0,0.5,0.0,0.5,0.5,0.5,0.5,3.0,1.5,0.5,0.5,0.5,,0.5,0.0,0,0,0,0,0,0,0,0,0,0,0,0,0,0,0,0,0,0,0,0,0,0,0,0,0,0,0,0,0,0,0,0,0,0,0,0,0,0,0,0
2025-12-26,12.5,16.0,7.5,66.0,10.0,1.0,1.0,13.0,15.0,5.0,6.0,0.5,15.0,26.0,63.5,6.5,6.0,4.0,32.5,6.5,19.5,11.5,6.0,45.0,7.0,16.5,30.0,17.0,9.0,3.0,2.0,18.5,21.0,2.0,36.5,31.5,9.5,,1.0,8.0,0,0,0,0,0,0,0,0,0,0,0,0,0,0,0,0,0,0,0,0,0,0,0,0,0,0,0,0,0,0,0,0,0,0,0,0,0,0,0,0
2025-12-27,11.0,53.0,26.0,33.0,24.0,2.0,3.0,1.5,3.5,10.0,7.5,12.0,20.5,34.0,14.5,9.5,28.0,37.5,47.5,33.5,31.5,33.5,14.0,4.0,21.0,48.0,22.0,36.0,16.5,16.5,32.5,20.5,72.5,10.0,8.0,27.5,3.0,,3.5,37.5,0,0,0,0,0,0,0,0,0,0,0,0,0,0,0,0,0,0,0,0,0,0,0,0,0,0,0,0,0,0,0,0,0,0,0,0,0,0,0,0
2025-12-28,58.0,41.5,39.5,24.0,15.0,50.0,44.5,58.5,14.0,78.0,102.5,40.0,54.0,38.5,46.0,21.0,59.0,20.5,65.5,16.0,73.5,58.5,82.5,102.5,52.5,34.0,66.0,74.0,13.5,74.0,38.5,57.5,105.5,38.5,86.0,69.5,61.0,,39.5,21.0,0,0,0,0,0,0,0,0,0,0,0,0,0,0,0,0,0,0,0,0,0,0,0,0,0,0,0,0,0,0,0,0,0,0,0,0,0,0,0,0
2025-12-29,0.5,0.0,0.0,4.0,0.5,0.5,1.0,2.0,0.5,0.5,2.0,0.0,19.0,5.0,0.5,0.5,4.5,5.5,15.0,7.5,16.5,0.0,1.5,1.0,0.5,19.5,24.5,6.5,5.5,1.5,1.0,3.5,46.5,1.5,4.0,13.5,0.5,,0.5,0.5,0,0,0,0,0,0,0,0,0,0,0,0,0,0,0,0,0,0,0,0,0,0,0,0,0,0,0,0,0,0,0,0,0,0,0,0,0,0,0,0
2025-12-30,14.0,13.0,13.0,17.0,48.0,37.0,36.5,18.5,65.5,9.0,27.0,17.0,16.5,32.5,9.0,23.0,22.5,28.5,17.0,20.0,32.5,4.0,20.5,21.5,29.5,11.0,23.0,21.0,18.0,129.0,17.5,10.5,26.5,31.0,16.0,22.0,46.0,,7.5,33.5,0,0,0,0,0,0,0,0,0,0,0,0,0,0,0,0,0,0,0,0,0,0,0,0,0,0,0,0,0,0,0,0,0,0,0,0,0,0,0,0
2025-12-31,19.0,288.0,285.0,209.0,181.0,79.0,81.0,55.5,226.5,53.0,26.0,42.5,182.0,219.0,259.0,234.5,258.5,298.0,333.5,300.5,339.5,19.5,252.5,20.0,260.5,301.5,366.5,308.0,17.0,290.5,93.5,310.0,305.5,52.0,23.5,322.0,231.5,289.5,52.5,198.0,0,0,0,0,0,0,0,0,0,0,0,0,0,0,0,0,0,0,0,0,0,0,0,0,0,0,0,0,0,0,0,0,0,0,0,0,0,0,0,0
2026-01-01,50.0,71.0,68.5,142.5,110.0,111.5,114.0,74.5,143.5,83.0,58.0,63.0,130.0,147.5,64.5,67.5,71.5,95.5,196.5,154.0,185.0,53.5,68.0,50.0,212.5,127.0,171.0,160.0,48.0,149.5,109.0,108.0,163.5,67.0,53.0,160.5,66.5,102.0,84.0,55.5,0,0,0,0,0,0,0,0,0,0,0,0,0,0,0,0,0,0,0,0,0,0,0,0,0,0,0,0,0,0,0,0,0,0,0,0,0,0,0,0
2026-01-02,14.0,22.5,22.5,22.0,7.5,4.0,6.0,5.0,24.0,9.0,39.5,16.0,32.0,13.0,23.5,12.0,24.5,16.5,28.0,12.5,30.5,8.5,22.5,80.5,35.0,12.5,31.5,25.0,37.0,84.0,8.0,30.0,65.0,11.0,94.5,39.5,13.0,9.0,2.5,28.0,0,0,0,0,0,0,0,0,0,0,0,0,0,0,0,0,0,0,0,0,0,0,0,0,0,0,0,0,0,0,0,0,0,0,0,0,0,0,0,0
2026-01-03,44.0,8.5,7.0,9.5,41.0,47.0,44.5,78.0,35.5,32.0,79.5,71.0,58.0,80.0,14.0,18.0,5.0,8.0,42.5,4.0,49.0,58.0,1.0,53.0,37.0,3.0,57.5,5.5,57.5,16.5,60.0,7.0,39.0,64.0,61.0,78.0,45.0,14.0,49.0,2.5,0,0,0,0,0,0,0,0,0,0,0,0,0,0,0,0,0,0,0,0,0,0,0,0,0,0,0,0,0,0,0,0,0,0,0,0,0,0,0,0
2026-01-04,3.0,15.0,18.5,22.0,21.5,8.0,8.0,6.0,21.5,7.5,3.0,6.0,18.5,11.0,22.5,13.5,21.5,15.5,20.5,20.0,16.0,2.5,21.0,2.5,15.5,16.5,15.5,15.5,2.5,38.0,14.0,19.5,18.0,9.0,2.0,15.5,28.0,15.5,9.5,18.5,0,0,0,0,0,0,0,0,0,0,0,0,0,0,0,0,0,0,0,0,0,0,0,0,0,0,0,0,0,0,0,0,0,0,0,0,0,0,0,0
2026-01-05,40.0,6.5,6.5,8.5,11.0,8.0,7.0,7.5,3.0,59.5,9.0,6.0,4.0,11.5,9.0,10.0,9.5,9.0,10.0,9.0,5.5,38.0,9.5,18.5,2.5,8.0,7.0,7.5,21.5,1.5,8.0,7.0,4.5,7.0,11.5,7.0,2.5,9.0,21.5,14.0,0,0,0,0,0,0,0,0,0,0,0,0,0,0,0,0,0,0,0,0,0,0,0,0,0,0,0,0,0,0,0,0,0,0,0,0,0,0,0,0
2026-01-06,1.0,41.5,36.0,8.5,13.0,64.5,75.0,43.5,15.5,4.0,5.5,23.0,22.0,22.0,24.0,20.0,70.5,31.0,22.0,28.5,45.0,1.0,73.5,4.0,10.5,27.0,38.5,20.5,13.0,12.5,22.0,62.5,32.0,22.0,4.5,18.0,4.0,25.0,21.5,23.0,0,0,0,0,0,0,0,0,0,0,0,0,0,0,0,0,0,0,0,0,0,0,0,0,0,0,0,0,0,0,0,0,0,0,0,0,0,0,0,0
2026-01-07,0.0,0.5,0.5,0.0,0.0,0.0,0.5,0.0,2.5,,0.5,0.0,0.0,0.5,2.5,0.5,0.5,0.0,0.5,0.0,1.5,0.0,0.0,4.0,2.0,0.0,5.0,0.0,1.5,1.5,0.0,0.5,0.5,0.5,1.5,2.0,23.5,0.0,0.0,0.5,0,0,0,0,0,0,0,0,0,0,0,0,0,0,0,0,0,0,0,0,0,0,0,0,0,0,0,0,0,0,0,0,0,0,0,0,0,0,0,0
2026-01-08,106.0,41.5,58.0,57.5,100.0,132.5,119.0,105.0,48.0,121.0,185.0,48.0,56.0,69.0,95.0,84.5,53.5,47.0,88.5,71.5,78.5,108.5,49.0,164.5,42.5,55.5,75.5,67.0,86.0,49.5,,61.0,82.0,0.0,172.5,70.0,30.5,59.0,140.5,99.0,0,0,0,0,0,0,0,0,0,0,0,0,0,0,0,0,0,0,0,0,0,0,0,0,0,0,0,0,0,0,0,0,0,0,0,0,0,0,0,0
2026-01-09,144.0,9.0,11.5,19.5,61.0,70.0,51.5,32.5,3.0,51.0,46.5,16.0,8.0,14.0,14.0,49.0,21.0,29.0,20.5,31.5,21.5,153.5,10.0,40.0,2.0,19.0,19.5,10.0,89.0,3.0,31.0,12.5,17.5,0.0,37.5,16.5,4.5,35.0,55.0,23.5,0,0,0,0,0,0,0,0,0,0,0,0,0,0,0,0,0,0,0,0,0,0,0,0,0,0,0,0,0,0,0,0,0,0,0,0,0,0,0,0
2026-01-10,2.5,36.0,50.5,38.0,26.5,24.5,28.0,6.5,12.0,17.0,26.0,8.5,50.0,53.0,50.5,34.5,64.5,61.0,82.0,67.5,103.5,0.5,63.5,16.0,15.0,61.0,74.0,37.0,15.5,20.5,36.0,45.0,56.0,5.5,21.5,95.5,6.0,57.0,22.5,72.5,0,0,0,0,0,0,0,0,0,0,0,0,0,0,0,0,0,0,0,0,0,0,0,0,0,0,0,0,0,0,0,0,0,0,0,0,0,0,0,0
2026-01-11,8.0,27.0,30.5,3.0,5.0,1.5,1.0,0.0,34.5,5.0,3.0,0.5,42.0,6.5,39.0,5.5,14.5,10.5,20.5,9.5,56.5,9.0,11.0,13.5,69.5,21.0,49.5,40.5,19.5,39.5,9.0,35.0,46.5,0.0,6.5,27.5,42.0,10.0,1.5,5.0,0,0,0,0,0,0,0,0,0,0,0,0,0,0,0,0,0,0,0,0,0,0,0,0,0,0,0,0,0,0,0,0,0,0,0,0,0,0,0,0
2026-01-12,0.0,9.5,12.5,4.0,1.0,1.0,1.0,1.5,8.5,0.5,0.0,0.0,13.0,3.0,7.0,8.0,7.5,4.5,6.5,8.0,14.0,0.0,7.0,0.0,8.0,6.0,9.5,14.0,0.5,6.0,4.5,16.0,14.5,0.5,1.0,8.5,0.5,6.0,2.0,6.5,0,0,0,0,0,0,0,0,0,0,0,0,0,0,0,0,0,0,0,0,0,0,0,0,0,0,0,0,0,0,0,0,0,0,0,0,0,0,0,0
2026-01-13,2.5,28.5,27.5,4.0,7.0,18.5,18.5,10.0,16.5,2.0,13.0,7.0,17.5,9.5,22.5,5.0,8.5,8.5,12.5,4.0,14.5,2.5,14.5,18.0,7.0,6.0,13.5,4.5,13.0,24.5,12.0,11.0,9.5,10.5,12.0,12.5,17.5,4.5,10.0,24.5,0,0,0,0,0,0,0,0,0,0,0,0,0,0,0,0,0,0,0,0,0,0,0,0,0,0,0,0,0,0,0,0,0,0,0,0,0,0,0,0
2026-01-14,0.5,1.0,1.5,1.0,9.5,4.0,3.5,11.5,2.0,1.5,10.5,5.0,2.0,3.0,4.5,1.5,2.0,2.5,5.0,4.0,9.0,0.5,2.0,14.5,11.0,1.0,9.5,5.5,10.0,0.0,1.0,0.0,3.0,12.5,10.0,5.0,3.0,1.5,2.5,7.5,0,0,0,0,0,0,0,0,0,0,0,0,0,0,0,0,0,0,0,0,0,0,0,0,0,0,0,0,0,0,0,0,0,0,0,0,0,0,0,0
2026-01-15,0.5,0.0,0.0,0.0,0.5,0.0,0.0,0.0,0.0,0.0,0.0,0.0,0.0,0.0,0.5,0.0,0.0,0.0,0.0,0.0,0.5,,0.0,0.0,0.0,0.0,0.5,0.0,0.0,1.0,0.0,0.0,0.0,0.0,0.0,1.0,1.5,0.5,0.0,0.0,0,0,0,0,0,0,0,0,0,0,0,0,0,0,0,0,0,0,0,0,0,0,0,0,0,0,0,0,0,0,0,0,0,0,0,0,0,0,0,0
2026-01-16,0.0,0.0,0.5,,0.0,0.0,0.0,0.0,0.0,0.0,0.0,0.0,0.0,0.0,0.0,0.0,0.0,0.0,0.0,0.0,0.5,,0.0,0.0,0.0,0.0,0.5,0.0,0.0,0.0,0.0,0.0,1.0,0.0,0.0,1.0,0.0,0.0,0.0,0.0,0,0,0,0,0,0,0,0,0,0,0,0,0,0,0,0,0,0,0,0,0,0,0,0,0,0,0,0,0,0,0,0,0,0,0,0,0,0,0,0
2026-01-17,0.0,0.0,0.5,0.0,0.0,0.0,0.0,0.0,0.0,0.0,0.0,0.0,0.0,0.0,0.0,0.0,0.0,0.0,0.0,0.0,0.0,0.0,0.0,0.0,0.0,0.0,0.0,0.0,0.0,0.0,0.0,0.0,0.0,,0.0,0.5,0.0,0.0,0.0,0.0,0,0,0,0,0,0,0,0,0,0,0,0,0,0,0,0,0,0,0,0,0,0,0,0,0,0,0,0,0,0,0,0,0,0,0,0,0,0,0,0
2026-01-18,0.0,0.0,0.5,0.0,0.0,0.0,0.0,0.0,0.0,0.0,0.0,0.0,0.0,0.0,0.0,0.0,0.0,0.0,0.0,0.0,0.0,0.0,0.0,0.0,0.0,0.0,0.0,0.0,0.0,0.0,0.0,0.0,0.0,0.0,0.5,0.0,0.0,0.0,0.0,0.0,0,0,0,0,0,0,0,0,0,0,0,0,0,0,0,0,0,0,0,0,0,0,0,0,0,0,0,0,0,0,0,0,0,0,0,0,0,0,0,0
2026-01-19,0.0,0.0,0.0,0.0,0.0,0.0,0.0,0.0,0.0,0.0,0.0,0.0,0.0,0.0,0.0,0.0,0.0,0.0,0.0,0.0,0.0,0.0,0.0,0.0,0.0,0.0,0.0,0.0,0.0,0.0,0.0,0.0,0.0,0.0,0.5,0.0,0.5,0.0,0.0,0.0,0,0,0,0,0,0,0,0,0,0,0,0,0,0,0,0,0,0,0,0,0,0,0,0,0,0,0,0,0,0,0,0,0,0,0,0,0,0,0,0
2026-01-20,0.0,0.0,0.0,0.0,0.0,0.0,0.0,0.0,0.0,0.0,0.0,0.0,0.0,0.0,0.0,0.0,0.0,0.0,0.0,0.0,0.0,0.0,0.0,0.0,0.0,0.0,0.0,0.0,0.0,0.0,0.0,0.0,0.0,0.0,0.0,0.5,0.0,0.0,0.0,0.0,0,0,0,0,0,0,0,0,0,0,0,0,0,0,0,0,0,0,0,0,0,0,0,0,0,0,0,0,0,0,0,0,0,0,0,0,0,0,0,0
2026-01-21,0.0,0.0,0.0,0.0,0.0,0.0,0.0,0.0,0.0,0.0,0.0,0.0,0.0,0.0,0.0,0.0,0.0,0.0,0.0,0.0,0.0,0.0,0.0,0.0,0.0,0.0,0.0,0.0,0.0,0.0,0.0,0.0,0.0,0.0,0.0,0.0,0.0,0.0,0.0,0.0,0,0,0,0,0,0,0,0,0,0,0,0,0,0,0,0,0,0,0,0,0,0,0,0,0,0,0,0,0,0,0,0,0,0,0,0,0,0,0,0
2026-01-22,0.0,0.0,0.5,0.0,0.0,0.0,0.0,0.0,0.0,0.0,0.0,0.0,0.0,0.0,0.0,0.0,0.0,0.0,0.0,0.0,0.0,0.0,0.0,0.0,0.0,0.0,0.0,0.0,0.0,0.0,0.0,0.0,0.0,0.0,0.0,0.0,0.0,0.0,0.0,0.0,0,0,0,0,0,0,0,0,0,0,0,0,0,0,0,0,0,0,0,0,0,0,0,0,0,0,0,0,0,0,0,0,0,0,0,0,0,0,0,0
2026-01-23,0.0,0.0,0.0,0.0,0.0,0.0,0.0,0.0,0.0,0.0,0.0,0.0,0.0,0.0,0.0,0.0,0.0,0.0,0.0,0.0,0.0,0.0,0.0,0.0,0.5,0.0,0.0,0.0,0.0,0.0,0.0,0.0,0.0,0.0,0.0,0.5,0.0,0.0,0.0,0.0,0,0,0,0,0,0,0,0,0,0,0,0,0,0,0,0,0,0,0,0,0,0,0,0,0,0,0,0,0,0,0,0,0,0,0,0,0,0,0,0
2026-01-24,14.5,8.0,1.5,40.5,23.0,41.0,37.5,31.5,11.5,22.0,32.0,30.5,24.5,31.5,1.5,6.5,19.0,23.5,33.5,27.5,37.0,19.5,11.5,29.0,11.5,34.5,40.5,28.5,16.0,29.5,33.0,27.5,40.5,35.5,,33.5,7.5,20.0,34.5,14.0,0,0,0,0,0,0,0,0,0,0,0,0,0,0,0,0,0,0,0,0,0,0,0,0,0,0,0,0,0,0,0,0,0,0,0,0,0,0,0,0
2026-01-25,82.5,148.5,199.5,89.5,159.5,60.0,65.5,52.5,39.0,117.5,53.5,54.5,230.0,106.5,176.0,206.5,218.0,158.5,95.5,155.5,163.0,78.0,223.0,70.0,37.0,152.5,122.5,159.5,58.0,38.5,98.0,160.0,167.5,69.5,62.0,111.5,43.0,188.5,85.0,225.5,0,0,0,0,0,0,0,0,0,0,0,0,0,0,0,0,0,0,0,0,0,0,0,0,0,0,0,0,0,0,0,0,0,0,0,0,0,0,0,0
2026-01-26,0.0,101.5,86.5,2.0,1.0,1.5,1.5,2.0,109.5,0.0,6.0,56.0,118.0,3.0,123.0,26.0,53.0,33.0,8.0,23.0,22.0,0.5,56.5,11.5,113.5,32.0,33.0,104.5,2.0,126.0,0.5,,49.0,69.0,8.0,11.0,48.5,22.0,0.5,38.5,0,0,0,0,0,0,0,0,0,0,0,0,0,0,0,0,0,0,0,0,0,0,0,0,0,0,0,0,0,0,0,0,0,0,0,0,0,0,0,0
2026-01-27,0.0,0.0,0.0,0.0,0.0,0.0,0.0,0.0,0.0,0.0,0.0,0.0,0.0,1.0,0.0,0.0,0.0,0.5,1.0,0.0,3.5,0.0,0.0,0.0,0.0,0.0,4.0,0.5,0.0,0.5,0.0,,0.0,0.5,0.0,8.5,0.0,0.0,0.0,0.0,0,0,0,0,0,0,0,0,0,0,0,0,0,0,0,0,0,0,0,0,0,0,0,0,0,0,0,0,0,0,0,0,0,0,0,0,0,0,0,0
2026-01-28,0.0,0.0,0.0,0.0,0.0,0.0,0.0,0.0,0.0,0.0,0.0,0.0,0.0,0.0,0.0,0.0,0.0,0.0,0.0,0.0,1.0,0.0,0.0,0.0,0.0,0.0,0.0,0.0,0.0,0.0,0.0,0.0,0.0,0.0,0.0,0.0,0.0,0.0,0.0,0.0,0,0,0,0,0,0,0,0,0,0,0,0,0,0,0,0,0,0,0,0,0,0,0,0,0,0,0,0,0,0,0,0,0,0,0,0,0,0,0,0
2026-01-29,0.0,0.0,1.0,5.0,5.0,0.0,0.0,0.0,0.0,0.0,0.0,0.0,4.5,3.5,0.0,0.0,0.0,0.0,3.0,0.0,3.5,0.0,0.0,0.0,0.0,0.0,3.5,0.0,0.0,1.0,1.0,0.5,2.5,0.0,0.0,4.0,0.5,0.0,0.0,0.0,0,0,0,0,0,0,0,0,0,0,0,0,0,0,0,0,0,0,0,0,0,0,0,0,0,0,0,0,0,0,0,0,0,0,0,0,0,0,0,0
2026-01-30,0.5,0.0,0.0,0.0,0.0,0.0,0.0,0.0,0.0,0.0,0.0,0.0,0.0,0.0,0.0,0.0,0.0,0.0,0.0,0.0,0.0,0.0,0.0,0.0,0.0,0.0,0.0,0.0,0.0,0.0,0.0,0.0,0.0,0.0,0.0,0.5,0.0,0.0,0.0,0.0,0,0,0,0,0,0,0,0,0,0,0,0,0,0,0,0,0,0,0,0,0,0,0,0,0,0,0,0,0,0,0,0,0,0,0,0,0,0,0,0
2026-01-31,0.0,0.0,0.0,0.0,0.0,0.0,0.5,0.0,1.5,3.0,11.0,8.0,0.5,0.0,0.0,0.0,0.0,0.0,0.0,0.5,4.0,0.0,0.0,60.0,17.0,0.0,0.5,0.0,3.5,0.5,0.0,0.5,2.0,6.5,64.0,3.5,1.5,0.0,1.5,0.0,0,0,0,0,0,0,0,0,0,0,0,0,0,0,0,0,0,0,0,0,0,0,0,0,0,0,0,0,0,0,0,0,0,0,0,0,0,0,0,0
2026-02-01,9.0,35.5,36.0,115.5,101.5,90.5,96.5,76.0,18.5,23.5,33.0,41.0,23.0,43.5,20.0,90.0,137.0,141.0,78.5,168.5,66.0,8.5,94.5,39.5,31.0,124.0,58.0,56.5,16.5,33.0,63.0,114.0,54.0,58.5,49.5,53.0,6.0,141.0,45.0,96.5,0,0,0,0,0,0,0,0,0,0,0,0,0,0,0,0,0,0,0,0,0,0,0,0,0,0,0,0,0,0,0,0,0,0,0,0,0,0,0,0
2026-02-02,1.5,0.0,0.5,0.0,0.5,0.0,0.0,0.5,0.0,1.0,0.5,1.0,1.5,1.0,8.5,0.0,0.5,0.0,1.5,0.5,1.0,2.0,0.0,0.5,0.0,0.0,2.0,0.0,1.0,0.5,0.5,0.0,7.0,3.0,0.5,2.0,0.0,0.0,1.0,1.5,0,0,0,0,0,0,0,0,0,0,0,0,0,0,0,0,0,0,0,0,0,0,0,0,0,0,0,0,0,0,0,0,0,0,0,0,0,0,0,0
2026-02-03,3.5,47.5,120.0,4.0,3.5,1.5,2.0,0.5,,7.5,0.0,3.0,6.0,4.0,45.5,6.5,11.5,6.0,5.0,5.0,8.5,1.5,13.0,3.5,36.5,4.5,8.5,6.5,0.0,6.0,2.5,12.0,15.5,3.0,0.5,6.0,42.0,7.5,9.5,22.5,0,0,0,0,0,0,0,0,0,0,0,0,0,0,0,0,0,0,0,0,0,0,0,0,0,0,0,0,0,0,0,0,0,0,0,0,0,0,0,0
2026-02-04,3.0,3.0,8.0,0.0,0.0,0.0,0.0,0.5,20.5,0.0,2.0,0.0,3.0,0.5,0.0,2.0,1.5,6.5,1.0,1.0,2.0,2.5,0.5,0.5,29.0,4.0,1.0,0.5,1.5,11.0,0.5,3.0,1.5,0.5,1.0,1.0,6.0,3.0,1.0,8.0,0,0,0,0,0,0,0,0,0,0,0,0,0,0,0,0,0,0,0,0,0,0,0,0,0,0,0,0,0,0,0,0,0,0,0,0,0,0,0,0
2026-02-05,0.0,1.5,0.5,10.0,2.5,3.0,3.5,0.0,13.0,0.0,0.0,0.0,8.5,2.0,12.5,8.0,4.0,7.0,18.5,5.0,11.5,0.0,2.5,0.0,4.5,7.5,9.5,4.5,1.0,3.5,1.0,11.0,8.5,0.5,0.5,14.5,1.0,5.5,0.5,0.5,0,0,0,0,0,0,0,0,0,0,0,0,0,0,0,0,0,0,0,0,0,0,0,0,0,0,0,0,0,0,0,0,0,0,0,0,0,0,0,0
2026-02-06,5.5,0.5,3.5,0.0,2.0,1.0,1.5,1.0,4.5,3.0,6.0,1.0,0.0,,30.5,3.5,8.5,11.5,1.0,0.0,2.5,2.5,18.0,8.0,1.5,1.0,1.0,0.5,10.5,0.0,18.5,6.0,1.0,2.0,4.5,1.5,0.0,7.5,6.5,10.0,0,0,0,0,0,0,0,0,0,0,0,0,0,0,0,0,0,0,0,0,0,0,0,0,0,0,0,0,0,0,0,0,0,0,0,0,0,0,0,0
2026-02-07,0.0,0.0,0.0,0.0,0.0,0.0,0.0,0.0,0.0,0.0,0.0,0.0,0.0,0.0,0.0,0.0,0.0,0.0,0.0,0.0,0.0,0.0,0.0,0.5,0.0,0.0,0.0,0.0,0.0,0.0,0.0,0.0,0.0,0.0,0.5,0.0,0.0,0.0,0.0,0.0,0,0,0,0,0,0,0,0,0,0,0,0,0,0,0,0,0,0,0,0,0,0,0,0,0,0,0,0,0,0,0,0,0,0,0,0,0,0,0,0
2026-02-08,0.0,0.0,0.0,0.0,0.0,0.0,0.0,0.0,,0.0,0.0,0.0,0.0,0.0,0.0,0.0,0.0,0.0,0.0,0.0,0.0,0.0,0.0,0.0,0.0,0.0,0.0,0.0,0.0,0.0,0.0,0.0,0.0,0.0,0.0,0.0,0.0,0.0,0.0,0.0,0,0,0,0,0,0,0,0,0,0,0,0,0,0,0,0,0,0,0,0,0,0,0,0,0,0,0,0,0,0,0,0,0,0,0,0,0,0,0,0
2026-02-09,0.0,0.0,0.0,0.0,0.0,0.0,0.0,0.0,,0.0,0.0,0.0,0.0,0.0,0.0,0.0,0.0,0.0,0.0,0.0,0.0,0.0,0.0,0.0,0.0,0.0,0.0,0.0,0.0,0.0,0.5,0.5,0.0,0.0,,0.0,0.0,0.0,0.0,0.0,0,0,0,0,0,0,0,0,0,0,0,0,0,0,0,0,0,0,0,0,0,0,0,0,0,0,0,0,0,0,0,0,0,0,0,0,0,0,0,0
2026-02-10,0.0,0.0,0.0,0.0,0.0,0.0,0.0,0.0,0.0,7.0,0.0,0.0,0.0,0.0,0.0,0.0,0.0,0.0,0.0,0.0,0.0,0.0,0.0,0.0,0.0,0.0,0.0,0.5,0.0,0.0,0.0,0.0,0.0,0.0,0.5,0.0,0.0,0.0,0.0,0.0,0,0,0,0,0,0,0,0,0,0,0,0,0,0,0,0,0,0,0,0,0,0,0,0,0,0,0,0,0,0,0,0,0,0,0,0,0,0,0,0
2026-02-11,0.0,0.5,0.0,0.0,0.0,0.0,0.0,0.0,0.0,0.0,0.0,0.0,0.0,1.0,0.0,0.5,0.5,0.0,0.0,0.0,0.0,0.0,0.5,0.0,0.0,0.0,0.0,0.0,0.0,0.0,0.5,0.0,0.0,0.0,0.0,0.0,6.0,0.0,0.0,0.0,0,0,0,0,0,0,0,0,0,0,0,0,0,0,0,0,0,0,0,0,0,0,0,0,0,0,0,0,0,0,0,0,0,0,0,0,0,0,0,0
2026-02-12,8.0,11.5,23.0,21.0,11.5,17.5,12.0,18.5,52.0,8.5,16.5,4.0,19.0,4.5,7.5,43.5,20.5,14.0,8.0,8.5,5.5,1.5,27.0,5.5,50.0,11.5,4.5,37.0,6.5,18.0,11.5,38.5,11.0,6.0,4.5,5.0,14.0,19.5,19.0,26.5,0,0,0,0,0,0,0,0,0,0,0,0,0,0,0,0,0,0,0,0,0,0,0,0,0,0,0,0,0,0,0,0,0,0,0,0,0,0,0,0
2026-02-13,0.0,9.0,6.0,2.0,2.0,1.0,1.0,1.0,13.5,1.5,0.5,2.5,5.0,2.5,15.0,2.0,4.0,3.0,6.5,3.0,5.0,0.5,4.0,0.5,12.5,4.0,6.5,9.5,,13.0,7.5,8.5,10.5,3.5,0.5,5.5,20.0,2.0,2.0,0.5,0,0,0,0,0,0,0,0,0,0,0,0,0,0,0,0,0,0,0,0,0,0,0,0,0,0,0,0,0,0,0,0,0,0,0,0,0,0,0,0
2026-02-14,8.0,4.5,4.5,20.5,15.5,12.0,10.5,17.5,5.0,9.0,33.0,22.0,14.0,11.0,5.0,4.5,4.5,5.0,18.5,7.0,11.5,8.0,3.5,3.0,5.0,4.5,10.5,9.0,12.0,3.0,8.0,10.0,14.0,19.5,8.0,24.0,4.5,7.0,15.5,2.5,0,0,0,0,0,0,0,0,0,0,0,0,0,0,0,0,0,0,0,0,0,0,0,0,0,0,0,0,0,0,0,0,0,0,0,0,0,0,0,0
2026-02-15,1.0,8.5,27.5,19.5,2.0,10.5,9.0,4.0,0.0,19.5,3.5,10.5,49.5,1.5,0.0,25.5,22.5,17.0,26.0,37.5,13.5,2.0,22.5,8.0,0.0,17.5,22.5,9.0,21.0,6.5,4.5,2.5,24.5,12.5,7.5,21.5,6.5,28.5,5.0,36.0,0,0,0,0,0,0,0,0,0,0,0,0,0,0,0,0,0,0,0,0,0,0,0,0,0,0,0,0,0,0,0,0,0,0,0,0,0,0,0,0
2026-02-16,0.0,0.5,0.5,0.5,5.5,0.0,0.0,0.0,13.0,3.5,14.0,30.0,1.5,2.0,0.5,0.0,12.0,0.0,0.0,0.0,0.0,0.5,8.0,18.0,1.5,7.0,0.0,1.0,0.0,0.0,31.0,4.0,0.0,26.5,11.5,0.5,0.0,0.0,0.0,0.0,0,0,0,0,0,0,0,0,0,0,0,0,0,0,0,0,0,0,0,0,0,0,0,0,0,0,0,0,0,0,0,0,0,0,0,0,0,0,0,0
2026-02-17,42.0,91.0,56.5,45.5,36.5,29.0,26.5,42.5,61.0,22.5,51.5,9.0,36.0,,120.0,39.5,57.0,36.0,27.5,29.0,36.0,61.0,59.0,31.5,105.0,40.5,33.5,48.5,73.5,87.0,27.0,74.5,73.0,16.0,22.5,41.5,191.5,34.5,33.5,69.5,0,0,0,0,0,0,0,0,0,0,0,0,0,0,0,0,0,0,0,0,0,0,0,0,0,0,0,0,0,0,0,0,0,0,0,0,0,0,0,0
2026-02-18,0.5,9.0,6.5,4.0,2.5,1.5,1.5,1.0,,0.5,0.5,1.0,12.0,7.5,9.5,2.0,6.0,5.0,9.5,6.0,11.5,0.5,5.0,23.0,7.5,6.5,10.5,13.0,1.0,18.0,2.5,12.0,12.5,1.5,1.5,10.0,30.5,4.0,1.5,2.0,0,0,0,0,0,0,0,0,0,0,0,0,0,0,0,0,0,0,0,0,0,0,0,0,0,0,0,0,0,0,0,0,0,0,0,0,0,0,0,0
2026-02-19,67.5,20.0,15.5,23.5,89.0,114.5,123.5,109.5,24.5,75.5,63.5,149.0,82.0,,5.0,39.0,27.0,24.0,72.0,31.0,119.5,51.0,24.5,69.5,45.0,19.5,117.5,52.5,60.5,24.5,141.0,22.0,111.5,155.0,59.0,88.0,12.0,31.0,153.0,28.5,0,0,0,0,0,0,0,0,0,0,0,0,0,0,0,0,0,0,0,0,0,0,0,0,0,0,0,0,0,0,0,0,0,0,0,0,0,0,0,0
2026-02-20,70.5,77.5,83.0,70.5,83.0,118.0,117.5,163.5,,135.5,182.0,82.5,170.0,81.0,25.5,84.5,115.5,101.5,77.5,88.0,108.5,53.5,103.5,91.5,141.0,118.0,108.0,90.5,67.0,161.0,119.5,102.5,181.5,88.0,,94.0,141.5,75.0,157.0,67.0,0,0,0,0,0,0,0,0,0,0,0,0,0,0,0,0,0,0,0,0,0,0,0,0,0,0,0,0,0,0,0,0,0,0,0,0,0,0,0,0
2026-02-21,7.0,25.0,24.0,12.5,11.5,13.5,13.0,8.0,47.0,11.0,7.5,5.0,24.0,20.0,12.5,14.5,20.0,16.0,19.0,19.0,26.0,7.5,22.0,5.0,58.0,21.5,25.0,41.0,8.5,27.5,19.5,39.0,24.5,8.0,8.5,24.5,18.0,16.5,16.0,17.5,0,0,0,0,0,0,0,0,0,0,0,0,0,0,0,0,0,0,0,0,0,0,0,0,0,0,0,0,0,0,0,0,0,0,0,0,0,0,0,0
2026-02-22,0.0,0.0,0.0,0.0,0.0,0.0,0.0,0.0,0.5,0.0,0.0,0.0,0.0,0.0,0.0,0.0,0.0,0.0,0.0,0.0,0.0,0.5,0.0,0.0,0.5,0.0,0.5,0.0,0.0,0.0,0.0,0.0,0.0,0.0,2.5,0.0,0.0,0.5,0.5,0.0,0,0,0,0,0,0,0,0,0,0,0,0,0,0,0,0,0,0,0,0,0,0,0,0,0,0,0,0,0,0,0,0,0,0,0,0,0,0,0,0
2026-02-23,6.5,2.0,4.0,24.5,32.5,85.5,82.5,92.0,5.5,33.0,42.5,87.0,1.5,38.5,5.0,39.0,19.5,32.0,44.0,55.0,31.5,22.5,11.5,21.0,3.5,10.5,35.5,3.5,53.0,3.0,53.0,,2.0,66.0,61.5,46.0,3.5,67.5,25.5,50.0,0,0,0,0,0,0,0,0,0,0,0,0,0,0,0,0,0,0,0,0,0,0,0,0,0,0,0,0,0,0,0,0,0,0,0,0,0,0,0,0
2026-02-24,10.0,8.5,21.0,8.5,21.0,24.0,20.0,10.0,1.0,6.5,8.5,15.5,75.0,8.5,3.5,9.0,19.5,21.0,11.0,10.0,32.0,11.5,22.5,6.5,1.5,10.0,38.5,14.5,9.5,18.0,36.5,,68.5,17.0,8.0,18.0,2.0,34.0,11.0,11.5,0,0,0,0,0,0,0,0,0,0,0,0,0,0,0,0,0,0,0,0,0,0,0,0,0,0,0,0,0,0,0,0,0,0,0,0,0,0,0,0
2026-02-25,,17.0,20.0,23.5,43.0,34.0,32.5,44.0,12.0,33.0,25.5,33.0,27.5,18.0,30.5,38.5,27.0,25.5,16.5,34.0,15.0,13.0,25.0,56.5,12.0,17.0,16.0,13.5,29.5,14.0,30.5,14.5,21.5,33.0,41.5,15.5,13.5,31.5,29.5,35.5,0,0,0,0,0,0,0,0,0,0,0,0,0,0,0,0,0,0,0,0,0,0,0,0,0,0,0,0,0,0,0,0,0,0,0,0,0,0,0,0
2026-02-26,5.5,1.0,1.0,3.5,0.5,1.0,2.5,2.0,1.0,4.0,0.5,0.0,0.5,0.5,1.0,1.0,0.5,1.0,0.5,2.5,3.5,4.5,1.0,6.5,1.0,3.5,2.5,0.5,0.5,7.0,0.5,1.5,0.5,0.0,0.5,0.5,1.0,1.0,2.0,0.5,0,0,0,0,0,0,0,0,0,0,0,0,0,0,0,0,0,0,0,0,0,0,0,0,0,0,0,0,0,0,0,0,0,0,0,0,0,0,0,0
2026-02-27,17.5,33.5,15.0,2.0,11.5,4.5,2.0,7.0,2.5,6.5,17.5,1.5,2.0,4.0,21.0,1.5,1.0,0.5,2.0,0.5,1.5,26.5,0.5,21.0,6.0,1.5,2.0,12.5,12.5,0.0,2.0,13.0,3.0,2.0,9.0,1.0,6.0,3.5,8.5,5.0,0,0,0,0,0,0,0,0,0,0,0,0,0,0,0,0,0,0,0,0,0,0,0,0,0,0,0,0,0,0,0,0,0,0,0,0,0,0,0,0
2026-02-28,0.0,0.0,0.5,0.0,1.0,0.0,1.0,0.0,0.5,0.5,0.0,0.0,0.0,0.5,0.0,0.0,0.0,0.0,0.5,0.5,0.0,0.5,0.0,0.0,0.5,0.0,0.5,0.0,0.0,0.0,0.0,0.0,0.0,0.0,0.5,1.0,0.0,0.0,0.0,0.5,0,0,0,0,0,0,0,0,0,0,0,0,0,0,0,0,0,0,0,0,0,0,0,0,0,0,0,0,0,0,0,0,0,0,0,0,0,0,0,0
2026-03-01,0.0,0.0,0.0,0.0,0.0,0.5,0.0,0.0,0.0,0.0,0.0,0.0,0.0,0.0,0.0,0.0,0.0,0.0,0.0,0.0,0.0,0.0,0.0,0.0,0.0,0.0,0.0,0.0,0.0,0.0,0.0,0.0,0.0,0.0,0.0,0.5,0.0,0.0,0.0,0.0,0,0,0,0,0,0,0,0,0,0,0,0,0,0,0,0,0,0,0,0,0,0,0,0,0,0,0,0,0,0,0,0,0,0,0,0,0,0,0,0
2026-03-02,0.5,0.0,0.0,0.5,0.0,0.0,0.0,0.0,0.0,7.5,0.0,0.0,0.0,0.0,0.0,0.0,0.0,0.0,0.0,0.0,0.0,0.5,0.0,0.0,0.0,0.0,0.0,0.0,0.0,0.0,0.5,0.0,0.0,0.0,0.0,0.0,0.0,0.0,1.0,0.0,0,0,0,0,0,0,0,0,0,0,0,0,0,0,0,0,0,0,0,0,0,0,0,0,0,0,0,0,0,0,0,0,0,0,0,0,0,0,0,0
2026-03-03,0.0,0.0,0.0,2.0,4.0,0.0,0.0,1.0,0.0,3.0,0.0,4.5,0.0,0.5,0.0,8.5,0.0,9.0,0.0,7.0,0.0,0.0,0.0,0.0,0.0,0.0,0.0,0.0,0.0,0.0,25.0,0.0,0.0,5.0,0.0,0.0,0.0,8.0,3.5,14.0,0,0,0,0,0,0,0,0,0,0,0,0,0,0,0,0,0,0,0,0,0,0,0,0,0,0,0,0,0,0,0,0,0,0,0,0,0,0,0,0
2026-03-04,0.0,0.0,0.0,0.0,0.0,0.0,0.5,0.0,28.5,0.0,0.0,0.0,0.5,0.0,0.0,0.0,0.0,0.0,1.0,0.0,0.0,7.5,0.0,0.0,17.5,0.0,0.5,0.0,0.5,0.0,0.5,0.0,0.0,0.5,0.0,0.5,0.0,0.0,0.0,0.0,0,0,0,0,0,0,0,0,0,0,0,0,0,0,0,0,0,0,0,0,0,0,0,0,0,0,0,0,0,0,0,0,0,0,0,0,0,0,0,0
2026-03-05,0.0,15.5,8.5,7.0,1.5,0.0,0.0,0.0,13.5,1.0,0.0,0.0,4.0,15.5,17.5,11.0,11.0,14.5,2.5,21.5,18.5,0.0,3.0,29.5,46.0,9.0,11.5,12.5,1.0,1.0,0.0,26.5,3.5,0.0,1.0,13.5,42.0,11.5,0.0,9.0,0,0,0,0,0,0,0,0,0,0,0,0,0,0,0,0,0,0,0,0,0,0,0,0,0,0,0,0,0,0,0,0,0,0,0,0,0,0,0,0
2026-03-06,1.5,26.5,42.5,30.5,7.0,2.5,2.5,2.5,57.5,2.0,1.5,5.5,17.5,20.5,43.5,14.5,25.5,29.0,37.5,38.5,20.0,,19.0,2.0,60.5,38.5,19.5,106.0,0.0,52.0,51.5,22.5,47.5,5.0,1.5,21.0,21.5,39.0,27.0,43.0,0,0,0,0,0,0,0,0,0,0,0,0,0,0,0,0,0,0,0,0,0,0,0,0,0,0,0,0,0,0,0,0,0,0,0,0,0,0,0,0
2026-03-07,9.0,123.5,142.5,10.5,9.0,29.5,23.5,16.5,72.0,7.0,13.0,5.5,43.5,30.5,134.0,36.0,115.0,73.0,25.0,40.0,53.0,7.0,113.0,12.5,109.5,67.0,49.0,109.0,5.0,20.5,20.5,198.5,54.0,7.0,7.5,39.0,15.0,45.0,9.5,49.5,0,0,0,0,0,0,0,0,0,0,0,0,0,0,0,0,0,0,0,0,0,0,0,0,0,0,0,0,0,0,0,0,0,0,0,0,0,0,0,0
2026-03-08,12.5,4.5,2.0,5.0,1.0,11.5,15.0,3.0,14.0,2.0,5.5,27.0,14.5,16.5,24.0,4.5,4.5,9.5,22.0,8.0,47.0,12.0,3.0,5.0,16.5,10.5,38.0,10.0,24.0,7.0,4.0,14.5,63.5,27.5,7.0,28.0,1.0,11.0,8.5,7.5,0,0,0,0,0,0,0,0,0,0,0,0,0,0,0,0,0,0,0,0,0,0,0,0,0,0,0,0,0,0,0,0,0,0,0,0,0,0,0,0
2026-03-09,6.5,20.5,40.0,3.5,11.5,26.0,23.0,20.5,13.5,16.0,23.0,42.5,59.5,22.0,45.5,31.0,17.0,11.5,14.5,7.0,53.0,7.5,21.0,25.5,7.5,11.5,49.0,11.0,18.5,33.0,5.5,11.5,53.5,41.0,17.5,38.5,49.0,17.0,29.0,17.5,0,0,0,0,0,0,0,0,0,0,0,0,0,0,0,0,0,0,0,0,0,0,0,0,0,0,0,0,0,0,0,0,0,0,0,0,0,0,0,0
2026-03-10,46.0,180.5,181.0,146.0,147.0,69.0,66.0,62.5,103.5,61.0,67.5,108.5,193.0,181.5,134.5,174.5,168.5,142.0,184.0,175.0,178.5,47.0,168.0,73.0,104.5,157.5,174.0,181.5,75.0,121.5,62.0,182.0,140.5,111.5,79.0,221.0,76.0,167.0,52.0,178.5,0,0,0,0,0,0,0,0,0,0,0,0,0,0,0,0,0,0,0,0,0,0,0,0,0,0,0,0,0,0,0,0,0,0,0,0,0,0,0,0
2026-03-11,3.5,0.0,0.5,0.0,0.0,8.5,9.5,2.0,0.5,0.0,4.0,0.0,0.5,0.0,1.5,0.5,0.5,0.0,0.0,0.5,0.5,0.0,1.0,17.5,0.5,0.0,0.5,0.5,3.5,0.0,3.5,,1.0,0.5,10.0,0.5,1.0,0.5,10.0,2.0,0,0,0,0,0,0,0,0,0,0,0,0,0,0,0,0,0,0,0,0,0,0,0,0,0,0,0,0,0,0,0,0,0,0,0,0,0,0,0,0
2026-03-12,22.5,0.0,0.0,0.0,0.0,0.0,0.0,0.5,3.0,0.0,0.0,0.0,0.0,0.0,0.0,0.5,1.5,0.5,0.0,3.5,0.0,1.5,5.0,0.0,0.0,1.0,2.5,0.0,0.0,2.5,0.0,0.0,0.5,0.0,0.0,0.0,7.0,0.5,0.5,6.0,0,0,0,0,0,0,0,0,0,0,0,0,0,0,0,0,0,0,0,0,0,0,0,0,0,0,0,0,0,0,0,0,0,0,0,0,0,0,0,0
2026-03-13,29.5,0.0,0.5,0.0,0.0,0.0,0.0,0.0,0.0,0.0,2.5,0.0,0.0,0.0,1.5,0.0,2.0,0.0,0.0,0.5,0.0,25.0,1.5,27.5,0.0,0.0,0.0,0.0,2.0,0.0,0.0,0.0,0.0,0.0,16.5,2.0,15.5,0.0,0.0,0.5,0,0,0,0,0,0,0,0,0,0,0,0,0,0,0,0,0,0,0,0,0,0,0,0,0,0,0,0,0,0,0,0,0,0,0,0,0,0,0,0
2026-03-14,0.0,0.0,0.0,0.0,0.0,0.0,0.0,0.0,5.0,0.0,0.0,0.0,0.0,0.0,41.0,11.0,8.0,9.5,0.0,3.0,7.5,0.0,6.5,0.5,0.0,14.5,9.0,0.0,0.0,0.0,0.0,0.0,0.0,0.0,0.0,0.5,65.0,31.0,0.0,0.0,0,0,0,0,0,0,0,0,0,0,0,0,0,0,0,0,0,0,0,0,0,0,0,0,0,0,0,0,0,0,0,0,0,0,0,0,0,0,0,0
2026-03-15,0.0,2.5,2.5,1.5,2.5,15.0,8.5,1.0,0.0,8.0,4.0,0.0,2.0,0.0,11.0,2.5,0.0,0.0,1.0,1.5,2.0,0.0,0.5,1.0,0.0,3.0,0.0,4.0,0.0,0.0,4.0,0.0,2.0,0.0,13.0,1.0,0.5,1.5,48.0,8.0,0,0,0,0,0,0,0,0,0,0,0,0,0,0,0,0,0,0,0,0,0,0,0,0,0,0,0,0,0,0,0,0,0,0,0,0,0,0,0,0
2026-03-16,0.5,0.0,0.0,10.5,0.0,0.0,0.0,2.5,0.5,0.0,0.0,0.0,0.0,2.0,0.0,0.5,24.5,2.0,5.5,2.5,1.5,10.5,13.0,0.0,13.0,4.5,2.0,4.0,1.5,0.0,3.0,6.0,0.0,0.0,0.5,2.0,0.0,6.0,1.0,0.0,0,0,0,0,0,0,0,0,0,0,0,0,0,0,0,0,0,0,0,0,0,0,0,0,0,0,0,0,0,0,0,0,0,0,0,0,0,0,0,0
2026-03-17,0.5,,10.5,2.0,1.5,0.0,0.0,0.0,30.5,0.0,13.0,0.0,0.5,0.5,0.0,0.5,29.5,17.0,3.0,7.5,1.0,0.0,22.5,0.0,21.0,34.0,1.0,7.5,0.0,1.0,0.5,19.0,0.5,0.0,0.0,4.0,0.0,7.5,0.0,3.0,0,0,0,0,0,0,0,0,0,0,0,0,0,0,0,0,0,0,0,0,0,0,0,0,0,0,0,0,0,0,0,0,0,0,0,0,0,0,0,0
2026-03-18,1.5,2.0,0.0,0.0,0.0,5.0,7.5,4.5,2.0,4.5,23.5,0.0,0.0,0.0,0.0,0.0,0.0,0.0,0.0,0.0,0.0,4.5,0.0,49.5,1.5,0.0,0.0,0.0,14.0,0.0,2.0,0.0,0.0,1.5,13.0,0.0,83.5,0.5,13.0,0.0,0,0,0,0,0,0,0,0,0,0,0,0,0,0,0,0,0,0,0,0,0,0,0,0,0,0,0,0,0,0,0,0,0,0,0,0,0,0,0,0
2026-03-19,18.5,31.0,19.0,1.0,2.0,1.5,2.0,6.0,22.5,8.5,22.5,4.0,23.5,21.5,17.5,15.5,10.5,5.5,11.0,11.5,86.0,23.5,7.0,38.0,6.0,31.0,78.0,9.0,25.5,1.5,7.0,9.0,70.5,6.5,21.5,36.0,1.5,4.5,7.0,24.0,0,0,0,0,0,0,0,0,0,0,0,0,0,0,0,0,0,0,0,0,0,0,0,0,0,0,0,0,0,0,0,0,0,0,0,0,0,0,0,0
2026-03-20,0.0,0.5,0.0,0.0,0.0,0.0,0.0,0.0,54.0,0.5,0.0,0.0,0.0,0.5,135.0,0.5,0.0,0.0,0.0,0.5,1.0,,0.0,0.0,66.0,1.5,1.0,2.0,0.0,23.0,0.0,2.0,0.0,0.0,0.5,1.0,55.5,0.0,0.0,0.0,0,0,0,0,0,0,0,0,0,0,0,0,0,0,0,0,0,0,0,0,0,0,0,0,0,0,0,0,0,0,0,0,0,0,0,0,0,0,0,0
2026-03-21,0.0,0.0,0.0,0.0,0.0,0.0,0.0,0.0,0.0,0.0,0.0,0.0,0.0,0.0,0.0,0.0,0.0,0.0,0.0,0.0,0.5,0.0,0.0,0.0,0.0,0.0,0.5,0.0,0.0,0.0,0.0,0.0,0.0,0.0,0.0,0.0,0.0,0.0,0.0,0.0,0,0,0,0,0,0,0,0,0,0,0,0,0,0,0,0,0,0,0,0,0,0,0,0,0,0,0,0,0,0,0,0,0,0,0,0,0,0,0,0
2026-03-22,0.0,0.0,0.0,0.0,0.0,0.0,0.0,0.0,0.0,0.0,0.0,0.0,0.0,0.0,0.0,0.0,0.0,0.0,0.0,0.0,0.0,0.0,0.0,0.0,0.0,0.0,0.0,0.0,0.0,0.0,0.0,0.0,0.0,0.0,1.5,0.0,0.0,0.5,0.0,0.0,0,0,0,0,0,0,0,0,0,0,0,0,0,0,0,0,0,0,0,0,0,0,0,0,0,0,0,0,0,0,0,0,0,0,0,0,0,0,0,0
2026-03-23,0.0,0.0,0.0,0.0,0.0,0.0,0.0,0.0,0.0,0.0,0.0,0.0,0.0,0.0,0.0,0.0,0.0,0.0,0.0,0.0,0.0,0.0,0.0,0.0,0.0,0.0,0.0,0.0,0.0,0.0,0.0,0.0,0.0,0.0,0.0,0.0,0.0,0.0,0.0,0.0,0,0,0,0,0,0,0,0,0,0,0,0,0,0,0,0,0,0,0,0,0,0,0,0,0,0,0,0,0,0,0,0,0,0,0,0,0,0,0,0
2026-03-24,0.0,0.0,0.0,0.0,0.0,0.0,0.0,0.0,0.0,0.0,0.0,0.0,0.0,0.0,0.0,0.0,0.0,0.0,0.0,0.0,0.0,0.0,0.0,0.0,0.0,0.0,0.0,0.0,0.0,4.5,0.0,0.0,0.0,0.0,0.0,0.0,0.0,0.0,0.0,0.0,0,0,0,0,0,0,0,0,0,0,0,0,0,0,0,0,0,0,0,0,0,0,0,0,0,0,0,0,0,0,0,0,0,0,0,0,0,0,0,0
2026-03-25,0.0,0.0,0.0,0.0,0.0,0.0,0.0,0.0,0.0,0.0,0.0,0.0,0.0,0.0,0.0,0.0,0.0,0.0,0.0,0.0,0.0,0.0,0.0,0.0,0.0,0.0,0.0,0.0,0.0,0.0,0.0,0.0,0.0,0.0,0.5,0.0,0.0,0.0,0.0,0.0,0,0,0,0,0,0,0,0,0,0,0,0,0,0,0,0,0,0,0,0,0,0,0,0,0,0,0,0,0,0,0,0,0,0,0,0,0,0,0,0
2026-03-26,0.0,0.0,0.0,0.0,0.0,0.0,0.0,0.0,0.0,0.0,0.0,0.0,0.0,0.0,0.0,0.0,0.0,0.0,0.0,0.0,0.0,0.0,0.0,0.0,0.0,0.0,0.0,0.0,0.0,0.0,0.0,0.0,0.0,0.0,0.0,0.0,1.0,0.0,0.0,0.0,0,0,0,0,0,0,0,0,0,0,0,0,0,0,0,0,0,0,0,0,0,0,0,0,0,0,0,0,0,0,0,0,0,0,0,0,0,0,0,0
2026-03-27,0.0,0.0,0.0,0.0,0.0,0.0,0.0,0.0,0.0,0.0,0.0,0.0,0.0,0.0,0.0,0.0,0.0,0.0,0.0,0.0,0.0,0.0,0.0,0.5,0.0,0.0,0.0,0.0,0.0,0.0,0.0,0.0,0.0,0.0,0.0,0.0,0.0,0.0,0.0,0.0,0,0,0,0,0,0,0,0,0,0,0,0,0,0,0,0,0,0,0,0,0,0,0,0,0,0,0,0,0,0,0,0,0,0,0,0,0,0,0,0
2026-03-28,0.0,5.0,2.0,0.0,0.0,8.0,29.5,1.5,0.0,0.0,0.5,0.0,0.0,0.0,4.5,0.0,0.0,0.0,0.0,0.5,0.0,0.0,0.0,3.5,0.0,0.0,0.0,6.5,0.5,0.0,0.0,1.5,0.0,0.0,5.5,1.0,0.0,0.0,1.5,0.0,0,0,0,0,0,0,0,0,0,0,0,0,0,0,0,0,0,0,0,0,0,0,0,0,0,0,0,0,0,0,0,0,0,0,0,0,0,0,0,0
2026-03-29,0.5,16.5,11.0,0.5,8.5,2.0,5.0,1.0,3.5,2.0,38.0,14.0,10.5,0.0,0.0,2.5,1.5,1.0,45.5,2.0,42.5,1.0,5.5,10.0,0.0,0.0,28.0,1.0,5.0,0.0,1.0,1.0,9.0,15.5,13.0,95.5,18.0,2.0,1.0,12.5,0,0,0,0,0,0,0,0,0,0,0,0,0,0,0,0,0,0,0,0,0,0,0,0,0,0,0,0,0,0,0,0,0,0,0,0,0,0,0,0
2026-03-30,0.0,0.0,0.5,4.0,0.5,0.0,0.0,1.0,0.5,0.0,3.0,0.0,3.0,0.0,0.0,0.0,0.0,0.0,1.5,0.0,2.0,0.0,0.0,20.0,0.0,0.0,3.0,0.0,0.0,8.0,0.5,,5.0,0.0,1.0,4.0,0.5,0.5,6.0,4.5,0,0,0,0,0,0,0,0,0,0,0,0,0,0,0,0,0,0,0,0,0,0,0,0,0,0,0,0,0,0,0,0,0,0,0,0,0,0,0,0
2026-03-31,0.0,0.0,0.0,0.5,0.0,0.0,0.0,0.0,0.0,1.5,0.0,0.0,0.0,0.0,0.0,0.0,0.0,0.0,0.0,0.0,0.0,0.0,0.0,0.0,0.0,0.0,0.0,0.0,0.0,0.0,0.0,,0.0,0.0,0.0,0.0,0.0,0.0,0.0,0.0,0,0,0,0,0,0,0,0,0,0,0,0,0,0,0,0,0,0,0,0,0,0,0,0,0,0,0,0,0,0,0,0,0,0,0,0,0,0,0,0
2026-04-01,0.0,0.0,0.0,0.0,0.0,0.0,0.0,0.0,0.0,0.0,0.0,0.0,0.0,0.0,0.0,0.5,0.0,0.0,0.0,0.0,0.0,0.0,0.0,1.0,0.0,0.0,0.0,0.0,0.5,0.0,0.0,0.0,0.0,0.0,0.5,0.0,0.0,0.0,0.0,0.0,0,0,0,0,0,0,0,0,0,0,0,0,0,0,0,0,0,0,0,0,0,0,0,0,0,0,0,0,0,0,0,0,0,0,0,0,0,0,0,0
2026-04-02,0.5,2.5,4.5,0.0,0.0,0.0,0.0,0.0,1.0,0.0,0.0,0.0,0.0,0.0,0.5,0.0,0.0,8.5,0.0,0.0,14.5,1.0,0.5,2.0,0.0,0.0,26.5,0.0,0.5,0.0,0.0,0.0,15.0,0.0,1.5,0.5,1.0,1.5,0.0,0.5,0,0,0,0,0,0,0,0,0,0,0,0,0,0,0,0,0,0,0,0,0,0,0,0,0,0,0,0,0,0,0,0,0,0,0,0,0,0,0,0
2026-04-03,0.0,1.5,1.5,0.0,0.0,0.0,0.0,0.0,0.0,0.0,0.0,1.5,0.0,0.0,0.5,0.0,12.5,0.0,0.0,0.0,0.0,0.0,0.5,2.5,0.0,0.0,0.5,0.0,0.0,0.0,0.0,0.5,0.5,1.5,4.5,0.0,0.5,0.0,0.0,0.0,0,0,0,0,0,0,0,0,0,0,0,0,0,0,0,0,0,0,0,0,0,0,0,0,0,0,0,0,0,0,0,0,0,0,0,0,0,0,0,0
2026-04-04,7.0,0.0,0.0,0.0,0.0,32.0,24.5,89.5,0.0,2.5,27.5,39.5,20.0,0.0,0.0,0.0,0.0,0.0,0.0,0.0,0.0,37.0,0.0,6.0,0.0,0.0,0.0,0.0,9.5,2.5,6.0,,8.0,41.0,3.0,0.0,0.0,0.0,15.5,0.0,0,0,0,0,0,0,0,0,0,0,0,0,0,0,0,0,0,0,0,0,0,0,0,0,0,0,0,0,0,0,0,0,0,0,0,0,0,0,0,0
2026-04-05,3.5,0.0,0.0,0.0,12.5,7.5,0.5,2.5,0.0,0.5,4.0,0.0,0.0,4.5,0.0,0.0,0.0,0.0,0.0,0.0,2.0,1.5,0.0,0.5,17.0,0.0,0.0,0.0,5.0,0.0,8.5,0.0,0.0,0.0,11.5,2.0,2.0,0.0,9.0,0.0,0,0,0,0,0,0,0,0,0,0,0,0,0,0,0,0,0,0,0,0,0,0,0,0,0,0,0,0,0,0,0,0,0,0,0,0,0,0,0,0
2026-04-06,0.0,0.5,1.0,5.5,20.5,1.0,1.5,8.0,0.0,0.5,0.5,0.0,1.5,7.0,0.5,43.5,0.5,0.0,0.0,0.0,0.0,0.0,0.0,0.5,0.0,5.0,0.5,0.5,0.5,0.0,20.5,0.5,0.5,1.5,0.0,0.5,0.0,6.0,2.0,2.0,0,0,0,0,0,0,0,0,0,0,0,0,0,0,0,0,0,0,0,0,0,0,0,0,0,0,0,0,0,0,0,0,0,0,0,0,0,0,0,0
2026-04-07,7.0,0.0,0.0,0.0,0.0,5.5,3.0,15.0,0.0,0.5,34.0,0.0,0.0,0.0,0.0,2.5,0.0,0.5,0.0,0.0,0.0,,0.0,71.0,0.0,0.0,0.0,0.0,2.0,0.0,0.0,,0.0,0.0,76.0,0.0,4.0,0.0,2.0,0.0,0,0,0,0,0,0,0,0,0,0,0,0,0,0,0,0,0,0,0,0,0,0,0,0,0,0,0,0,0,0,0,0,0,0,0,0,0,0,0,0
2026-04-08,10.0,6.0,0.0,10.0,0.5,0.0,0.0,0.5,29.5,0.5,16.5,2.0,30.0,0.0,0.0,25.5,10.0,37.5,0.5,17.5,9.0,,7.5,0.5,2.5,30.0,8.0,2.0,4.5,0.0,0.0,,29.5,5.0,2.0,7.0,0.5,23.0,2.5,37.5,0,0,0,0,0,0,0,0,0,0,0,0,0,0,0,0,0,0,0,0,0,0,0,0,0,0,0,0,0,0,0,0,0,0,0,0,0,0,0,0
2026-04-09,21.5,1.5,13.5,4.0,8.0,6.0,8.0,13.5,0.0,16.5,7.0,42.5,0.0,8.5,0.5,33.5,3.0,1.5,0.5,0.5,1.5,13.5,5.0,12.0,0.0,0.0,1.5,0.0,13.5,0.5,15.5,,0.0,42.0,3.0,0.0,0.0,23.0,5.5,14.5,0,0,0,0,0,0,0,0,0,0,0,0,0,0,0,0,0,0,0,0,0,0,0,0,0,0,0,0,0,0,0,0,0,0,0,0,0,0,0,0
2026-04-10,23.5,10.5,8.5,6.5,0.5,3.0,2.0,1.0,0.0,9.5,21.0,0.0,21.0,18.0,8.0,6.0,5.0,2.0,22.5,2.0,13.5,9.5,10.5,53.5,10.5,2.0,11.5,17.0,17.0,0.5,0.0,13.0,8.0,0.5,54.0,19.0,0.0,5.0,1.5,29.0,0,0,0,0,0,0,0,0,0,0,0,0,0,0,0,0,0,0,0,0,0,0,0,0,0,0,0,0,0,0,0,0,0,0,0,0,0,0,0,0
2026-04-11,3.0,1.5,1.5,3.0,26.5,0.0,0.5,0.0,1.0,0.5,0.5,0.0,0.0,5.5,0.5,9.0,8.5,4.5,0.0,1.5,1.5,4.5,13.0,0.5,1.0,0.5,1.0,1.0,0.0,0.0,0.5,,0.0,0.0,0.5,2.5,0.5,7.0,0.0,1.5,0,0,0,0,0,0,0,0,0,0,0,0,0,0,0,0,0,0,0,0,0,0,0,0,0,0,0,0,0,0,0,0,0,0,0,0,0,0,0,0
2026-04-12,5.5,1.5,3.5,29.0,7.5,1.0,0.0,3.0,12.0,1.5,5.5,5.5,0.0,8.5,2.0,43.0,23.5,14.5,12.5,29.0,4.0,0.0,25.0,18.5,14.5,11.5,2.5,10.5,0.0,8.0,8.0,,1.5,10.0,21.5,3.5,7.5,25.0,4.0,56.5,0,0,0,0,0,0,0,0,0,0,0,0,0,0,0,0,0,0,0,0,0,0,0,0,0,0,0,0,0,0,0,0,0,0,0,0,0,0,0,0
2026-04-13,0.0,2.5,3.5,1.0,0.5,11.0,13.0,27.0,2.5,0.5,39.0,31.0,1.0,10.5,0.0,26.5,38.0,72.0,1.0,66.0,0.0,0.0,23.5,26.5,10.5,40.0,0.0,40.5,0.0,0.0,3.5,10.5,0.0,29.0,,2.5,0.0,54.5,26.0,19.0,0,0,0,0,0,0,0,0,0,0,0,0,0,0,0,0,0,0,0,0,0,0,0,0,0,0,0,0,0,0,0,0,0,0,0,0,0,0,0,0
2026-04-14,30.5,1.5,1.0,0.0,15.5,55.5,79.0,36.0,0.0,5.5,42.0,30.0,0.5,13.5,0.0,1.0,1.5,4.5,0.5,5.0,5.0,50.0,0.0,14.0,0.0,7.5,4.5,0.0,44.0,0.0,17.0,4.5,6.5,31.0,14.0,0.5,0.0,0.0,5.0,1.5,0,0,0,0,0,0,0,0,0,0,0,0,0,0,0,0,0,0,0,0,0,0,0,0,0,0,0,0,0,0,0,0,0,0,0,0,0,0,0,0
2026-04-15,4.5,1.0,2.5,0.0,0.5,0.5,0.5,1.5,0.5,2.0,23.5,7.5,4.0,0.0,9.5,3.0,2.5,0.5,0.0,0.0,21.0,2.5,3.5,26.0,0.5,3.0,18.0,28.0,8.0,0.0,1.5,35.0,12.0,7.5,22.0,4.0,0.0,0.0,0.5,9.5,0,0,0,0,0,0,0,0,0,0,0,0,0,0,0,0,0,0,0,0,0,0,0,0,0,0,0,0,0,0,0,0,0,0,0,0,0,0,0,0
2026-04-16,7.0,2.5,0.0,0.0,0.0,1.5,1.0,0.0,0.5,0.0,0.0,4.0,0.0,0.0,0.0,7.0,0.5,8.0,0.0,0.0,0.0,28.0,0.0,0.5,0.0,1.0,0.0,4.0,0.5,0.0,1.0,8.0,0.0,2.0,,0.0,0.5,1.0,0.0,0.0,0,0,0,0,0,0,0,0,0,0,0,0,0,0,0,0,0,0,0,0,0,0,0,0,0,0,0,0,0,0,0,0,0,0,0,0,0,0,0,0
2026-04-17,4.5,0.0,0.5,0.0,0.0,0.0,0.0,2.0,0.0,16.5,5.0,0.0,6.0,2.0,0.0,0.0,0.0,0.0,5.0,0.0,10.0,7.5,0.0,0.0,0.0,4.5,8.5,0.5,8.5,2.0,0.0,0.0,25.5,0.0,0.5,3.0,10.5,0.0,7.5,0.0,0,0,0,0,0,0,0,0,0,0,0,0,0,0,0,0,0,0,0,0,0,0,0,0,0,0,0,0,0,0,0,0,0,0,0,0,0,0,0,0
2026-04-18,0.0,9.5,44.0,0.0,0.0,0.0,0.0,0.5,40.0,0.0,0.5,0.5,0.0,0.0,0.0,5.5,0.5,0.0,1.5,0.5,1.0,3.0,4.0,0.0,5.0,0.0,0.0,0.0,0.0,5.0,0.0,0.0,0.5,0.0,0.0,0.0,3.5,0.0,3.5,2.0,0,0,0,0,0,0,0,0,0,0,0,0,0,0,0,0,0,0,0,0,0,0,0,0,0,0,0,0,0,0,0,0,0,0,0,0,0,0,0,0
2026-04-19,0.0,0.0,0.0,0.0,1.5,34.5,28.0,65.0,0.0,32.0,6.0,1.0,3.5,0.0,0.0,0.0,8.0,4.0,0.0,0.0,0.0,0.5,1.0,8.5,0.0,25.0,0.0,1.5,1.5,0.0,0.0,0.0,2.0,2.0,8.5,0.0,7.5,11.5,10.0,0.0,0,0,0,0,0,0,0,0,0,0,0,0,0,0,0,0,0,0,0,0,0,0,0,0,0,0,0,0,0,0,0,0,0,0,0,0,0,0,0,0
2026-04-20,24.0,0.5,0.0,0.0,0.5,0.0,0.0,0.5,0.0,0.0,2.5,0.0,0.0,2.0,0.0,20.5,2.5,0.0,1.5,0.0,0.5,2.5,1.5,2.0,0.0,0.0,0.0,0.0,1.5,0.0,0.0,0.0,0.0,0.0,8.5,1.0,0.0,0.0,0.0,0.0,0,0,0,0,0,0,0,0,0,0,0,0,0,0,0,0,0,0,0,0,0,0,0,0,0,0,0,0,0,0,0,0,0,0,0,0,0,0,0,0
2026-04-21,4.0,0.5,0.0,0.0,0.0,0.0,0.0,0.0,11.5,0.0,0.5,0.0,7.5,0.5,1.5,0.0,0.0,0.0,0.0,0.0,1.0,2.0,0.5,6.0,50.5,0.0,0.0,1.0,0.5,10.0,0.0,3.5,34.5,0.0,0.5,0.0,57.5,0.0,0.0,0.0,0,0,0,0,0,0,0,0,0,0,0,0,0,0,0,0,0,0,0,0,0,0,0,0,0,0,0,0,0,0,0,0,0,0,0,0,0,0,0,0
2026-04-22,0.0,0.0,0.0,0.0,0.0,0.0,0.0,0.0,0.0,,0.0,0.0,0.0,0.0,0.0,0.0,0.0,0.0,0.0,0.0,0.0,,0.0,0.0,0.0,0.0,0.0,0.0,0.0,0.0,,0.0,0.0,0.0,0.0,0.0,0.0,0.0,0.0,0.0,0,0,0,0,0,0,0,0,0,0,0,0,0,0,0,0,0,0,0,0,0,0,0,0,0,0,0,0,0,0,0,0,0,0,0,0,0,0,0,0
2026-04-23,0.0,3.0,0.5,0.0,0.0,5.5,5.5,18.0,0.0,2.0,39.5,17.0,5.5,0.0,0.0,2.0,2.0,8.0,3.5,6.5,3.5,,1.5,6.0,0.0,8.5,1.5,0.5,0.5,0.0,,0.0,28.5,21.5,7.0,,0.0,1.0,18.0,10.0,0,0,0,0,0,0,0,0,0,0,0,0,0,0,0,0,0,0,0,0,0,0,0,0,0,0,0,0,0,0,0,0,0,0,0,0,0,0,0,0
2026-04-24,,0.0,0.0,0.0,0.0,0.0,0.5,0.0,0.0,0.0,2.0,0.0,0.0,0.0,0.0,1.0,0.0,0.0,0.0,0.0,4.0,0.0,0.0,0.0,0.0,0.0,3.5,0.0,2.0,0.0,0.0,0.0,1.0,0.0,3.0,,3.5,0.0,0.0,3.0,0,0,0,0,0,0,0,0,0,0,0,0,0,0,0,0,0,0,0,0,0,0,0,0,0,0,0,0,0,0,0,0,0,0,0,0,0,0,0,0
2026-04-25,1.0,2.0,9.5,10.0,8.0,3.0,4.5,1.0,0.0,0.5,3.5,2.0,22.0,1.5,8.5,2.5,6.0,2.5,2.0,1.5,9.0,1.0,8.0,8.0,4.5,3.0,9.0,1.5,3.5,53.5,8.0,4.5,16.5,2.0,3.5,6.5,0.5,4.0,16.0,6.0,0,0,0,0,0,0,0,0,0,0,0,0,0,0,0,0,0,0,0,0,0,0,0,0,0,0,0,0,0,0,0,0,0,0,0,0,0,0,0,0
2026-04-26,29.0,0.0,0.0,0.5,15.5,16.5,7.0,7.0,0.0,0.0,0.0,8.0,1.5,0.0,0.0,3.5,0.0,0.0,3.0,3.0,0.0,29.5,0.0,1.5,0.0,0.0,0.0,0.0,1.0,0.0,6.0,0.0,0.0,11.0,1.5,1.5,1.5,0.5,0.0,0.0,0,0,0,0,0,0,0,0,0,0,0,0,0,0,0,0,0,0,0,0,0,0,0,0,0,0,0,0,0,0,0,0,0,0,0,0,0,0,0,0
2026-04-27,2.0,1.5,3.5,0.0,0.0,2.0,1.5,9.5,0.0,22.5,29.0,0.5,20.0,0.0,0.0,0.5,5.0,3.0,0.0,2.0,0.0,6.5,6.0,47.0,0.0,0.0,0.0,0.0,50.5,0.0,0.0,3.0,0.0,1.5,39.0,7.0,0.5,3.0,3.5,0.0,0,0,0,0,0,0,0,0,0,0,0,0,0,0,0,0,0,0,0,0,0,0,0,0,0,0,0,0,0,0,0,0,0,0,0,0,0,0,0,0
2026-04-28,,,,,,,,,,,,,,,,,,,,,,,,,,,,,,,,,,,,,,,,,0,0,0,0,0,0,0,0,0,0,0,0,0,0,0,0,0,0,0,0,0,0,0,0,0,0,0,0,0,0,0,0,0,0,0,0,0,0,0,0
2026-04-29,,0.5,0.0,14.0,2.0,0.0,0.5,4.0,0.0,1.5,1.5,7.0,3.0,,0.0,0.0,3.5,0.5,0.0,0.5,0.0,,2.5,0.0,0.0,5.0,0.0,0.5,0.0,0.0,0.0,1.5,0.0,10.0,4.5,0.0,0.0,0.5,0.0,0.0,0,0,0,0,0,0,0,0,0,0,0,0,0,0,0,0,0,0,0,0,0,0,0,0,0,0,0,0,0,0,0,0,0,0,0,0,0,0,0,0
2026-04-30,0.0,3.5,1.0,9.5,6.5,1.0,0.0,0.0,0.0,5.5,9.5,1.0,0.5,2.0,25.0,17.5,0.0,5.5,3.5,7.5,1.0,0.0,0.0,8.0,0.0,7.5,2.0,2.5,0.0,3.5,2.0,2.5,1.0,2.5,11.0,3.5,0.0,5.0,3.0,6.5,0,0,0,0,0,0,0,0,0,0,0,0,0,0,0,0,0,0,0,0,0,0,0,0,0,0,0,0,0,0,0,0,0,0,0,0,0,0,0,0
2026-05-01,16.0,0.0,0.5,8.5,47.0,14.0,12.5,11.0,0.0,0.5,12.5,10.0,1.0,19.5,0.0,1.5,0.0,1.0,39.0,1.0,15.0,26.0,0.0,30.0,0.0,0.0,24.5,0.0,15.0,0.0,60.5,0.0,3.0,11.0,11.5,12.5,0.0,0.0,2.5,19.0,0,0,0,0,0,0,0,0,0,0,0,0,0,0,0,0,0,0,0,0,0,0,0,0,0,0,0,0,0,0,0,0,0,0,0,0,0,0,0,0
2026-05-02,0.0,17.5,47.5,2.0,20.0,0.5,0.0,15.0,0.0,4.0,4.0,2.0,0.0,29.0,10.0,21.5,44.0,19.0,10.0,7.5,1.5,1.0,37.0,0.5,0.0,13.5,0.5,29.5,1.0,0.0,0.5,48.0,0.0,1.5,36.0,9.5,0.0,22.0,1.0,32.0,0,0,0,0,0,0,0,0,0,0,0,0,0,0,0,0,0,0,0,0,0,0,0,0,0,0,0,0,0,0,0,0,0,0,0,0,0,0,0,0
2026-05-03,,0.0,0.5,0.0,0.0,0.0,0.0,0.0,0.0,0.0,0.0,0.0,0.0,0.0,0.5,0.0,0.0,0.0,0.0,0.5,0.0,,0.0,18.5,0.0,0.0,0.0,0.5,1.5,0.0,0.0,0.0,0.0,0.0,0.0,0.5,0.0,0.5,0.0,0.5,0,0,0,0,0,0,0,0,0,0,0,0,0,0,0,0,0,0,0,0,0,0,0,0,0,0,0,0,0,0,0,0,0,0,0,0,0,0,0,0
2026-05-04,,0.0,2.0,0.0,13.0,13.5,2.5,51.0,1.5,70.0,17.0,4.5,0.0,2.0,0.5,4.0,9.5,0.5,1.5,0.0,0.5,,8.0,30.0,4.0,3.5,1.0,5.5,36.0,4.0,0.5,12.0,1.0,4.5,43.0,0.5,0.0,0.0,16.5,18.0,0,0,0,0,0,0,0,0,0,0,0,0,0,0,0,0,0,0,0,0,0,0,0,0,0,0,0,0,0,0,0,0,0,0,0,0,0,0,0,0
2026-05-05,9.0,0.0,0.5,0.5,8.0,7.0,3.5,24.5,0.5,41.5,6.0,9.0,0.0,0.0,0.0,0.0,0.0,0.0,0.0,1.0,0.0,,0.0,26.5,0.5,0.0,0.0,0.0,28.0,0.0,13.0,0.5,0.0,16.0,14.0,0.0,0.5,0.0,37.0,0.0,0,0,0,0,0,0,0,0,0,0,0,0,0,0,0,0,0,0,0,0,0,0,0,0,0,0,0,0,0,0,0,0,0,0,0,0,0,0,0,0
2026-05-06,,38.5,10.0,8.0,25.0,51.5,52.0,25.5,20.0,10.0,10.0,62.0,1.5,8.5,45.5,30.5,28.0,17.5,12.0,15.0,11.0,,16.5,3.5,10.5,11.5,10.5,27.0,2.5,5.5,21.0,22.5,24.0,58.0,0.0,6.0,64.0,43.0,12.0,10.0,0,0,0,0,0,0,0,0,0,0,0,0,0,0,0,0,0,0,0,0,0,0,0,0,0,0,0,0,0,0,0,0,0,0,0,0,0,0,0,0
2026-05-07,4.5,5.0,6.5,3.5,26.0,82.0,75.5,86.0,4.0,25.5,21.5,37.5,8.0,,16.0,34.5,4.5,3.0,5.5,4.0,5.5,4.0,10.5,14.5,4.5,2.5,5.5,2.5,13.0,6.0,8.5,1.5,5.5,,16.5,6.5,3.5,3.5,46.5,8.0,0,0,0,0,0,0,0,0,0,0,0,0,0,0,0,0,0,0,0,0,0,0,0,0,0,0,0,0,0,0,0,0,0,0,0,0,0,0,0,0
2026-05-08,41.0,0.0,0.0,0.5,18.5,8.0,5.0,17.5,5.0,31.5,49.0,4.5,3.5,1.5,0.0,1.5,0.0,0.0,0.0,0.5,0.5,43.0,0.0,43.5,8.5,0.0,1.0,0.0,80.0,10.5,7.0,0.0,0.5,4.0,51.0,0.5,0.0,0.0,54.5,0.0,0,0,0,0,0,0,0,0,0,0,0,0,0,0,0,0,0,0,0,0,0,0,0,0,0,0,0,0,0,0,0,0,0,0,0,0,0,0,0,0
2026-05-09,4.5,7.5,12.5,18.0,11.5,0.0,0.0,3.5,2.5,0.5,0.0,0.0,6.5,4.5,1.0,4.0,10.0,10.0,6.5,1.5,1.0,3.0,14.0,0.0,3.0,2.5,0.0,5.0,6.5,12.0,4.0,6.0,4.0,0.5,0.0,1.5,1.5,9.0,0.5,18.0,0,0,0,0,0,0,0,0,0,0,0,0,0,0,0,0,0,0,0,0,0,0,0,0,0,0,0,0,0,0,0,0,0,0,0,0,0,0,0,0
2026-05-10,0.5,0.0,0.0,0.0,0.0,0.5,1.0,0.0,0.0,0.0,0.0,17.0,0.0,0.0,0.0,0.0,0.0,0.0,0.0,0.0,0.0,1.5,0.0,1.0,0.0,0.0,0.0,0.0,17.5,0.0,0.0,0.0,0.0,10.5,2.5,3.0,0.5,0.0,0.0,0.0,0,0,0,0,0,0,0,0,0,0,0,0,0,0,0,0,0,0,0,0,0,0,0,0,0,0,0,0,0,0,0,0,0,0,0,0,0,0,0,0
2026-05-11,1.0,0.5,1.0,0.0,0.0,4.0,7.0,0.0,0.5,0.0,0.5,0.0,0.0,0.0,0.5,0.0,0.0,0.0,0.0,0.0,0.0,1.0,1.0,1.5,0.0,0.0,0.0,0.0,0.5,0.0,0.0,0.5,0.0,0.5,0.5,0.0,0.0,0.0,0.0,0.0,0,0,0,0,0,0,0,0,0,0,0,0,0,0,0,0,0,0,0,0,0,0,0,0,0,0,0,0,0,0,0,0,0,0,0,0,0,0,0,0
2026-05-12,6.0,0.5,0.5,4.5,0.0,0.5,0.5,1.0,47.5,3.0,16.5,0.0,13.5,7.5,0.5,14.5,30.5,11.0,7.0,19.5,4.5,0.5,19.0,8.5,37.0,5.0,5.0,64.5,32.5,1.0,0.0,28.0,5.5,0.0,20.5,2.0,45.5,52.0,2.5,8.5,0,0,0,0,0,0,0,0,0,0,0,0,0,0,0,0,0,0,0,0,0,0,0,0,0,0,0,0,0,0,0,0,0,0,0,0,0,0,0,0
2026-05-13,3.0,2.0,6.5,7.5,25.5,9.5,14.5,5.5,6.0,3.5,10.0,46.0,13.0,26.0,5.5,20.5,20.0,4.5,6.5,5.5,8.0,15.0,22.0,1.5,5.0,15.5,11.5,7.5,6.5,43.5,31.5,6.0,6.5,45.5,32.5,6.0,3.0,8.5,1.5,31.0,0,0,0,0,0,0,0,0,0,0,0,0,0,0,0,0,0,0,0,0,0,0,0,0,0,0,0,0,0,0,0,0,0,0,0,0,0,0,0,0
2026-05-14,31.0,0.0,0.0,1.0,0.0,16.5,15.0,30.5,1.0,0.0,4.0,60.5,0.0,0.5,0.0,12.0,0.0,0.0,0.0,0.0,0.5,17.0,0.5,4.0,0.0,0.0,0.0,0.0,4.0,0.5,21.5,0.0,0.5,58.5,2.5,0.0,6.0,0.5,0.5,22.0,0,0,0,0,0,0,0,0,0,0,0,0,0,0,0,0,0,0,0,0,0,0,0,0,0,0,0,0,0,0,0,0,0,0,0,0,0,0,0,0
2026-05-15,4.0,0.0,0.0,0.0,5.0,6.0,2.0,5.5,1.5,1.0,14.5,27.0,0.0,0.0,1.0,6.0,0.5,2.5,0.0,4.5,0.0,22.5,0.0,17.0,0.5,9.0,0.0,0.0,6.0,0.0,1.0,0.5,0.5,29.0,13.0,0.5,1.5,9.5,3.5,17.0,0,0,0,0,0,0,0,0,0,0,0,0,0,0,0,0,0,0,0,0,0,0,0,0,0,0,0,0,0,0,0,0,0,0,0,0,0,0,0,0
2026-05-16,,3.5,13.5,46.5,7.0,4.0,4.0,3.0,0.0,3.5,49.5,4.0,8.0,7.0,0.0,22.5,2.5,4.5,9.0,5.5,3.0,,1.5,3.5,1.0,34.0,4.0,20.0,1.5,0.0,1.5,28.5,1.0,8.5,24.5,3.5,0.0,7.0,3.0,16.5,0,0,0,0,0,0,0,0,0,0,0,0,0,0,0,0,0,0,0,0,0,0,0,0,0,0,0,0,0,0,0,0,0,0,0,0,0,0,0,0
2026-05-17,,0.5,0.5,4.0,34.5,10.0,10.0,7.5,0.5,19.5,7.0,15.0,0.0,1.5,0.5,3.5,0.5,0.0,0.5,0.0,0.0,,0.0,9.5,0.5,0.5,0.0,0.0,13.0,0.5,58.5,0.5,0.5,22.0,7.5,0.0,1.0,0.5,9.5,1.5,0,0,0,0,0,0,0,0,0,0,0,0,0,0,0,0,0,0,0,0,0,0,0,0,0,0,0,0,0,0,0,0,0,0,0,0,0,0,0,0
2026-05-18,0.0,0.0,0.0,0.5,0.0,0.5,0.5,2.5,0.0,0.5,0.5,3.0,0.0,0.0,0.0,0.0,0.0,0.5,1.0,1.0,0.5,1.0,0.0,0.0,0.0,0.0,0.5,0.0,0.0,0.0,0.5,0.0,0.5,4.5,0.5,0.0,0.0,0.5,1.0,0.5,0,0,0,0,0,0,0,0,0,0,0,0,0,0,0,0,0,0,0,0,0,0,0,0,0,0,0,0,0,0,0,0,0,0,0,0,0,0,0,0
2026-05-19,,0.0,0.0,0.0,0.0,0.0,0.0,0.0,0.0,0.0,0.0,0.0,0.0,0.0,0.0,0.0,0.0,0.0,0.0,0.0,0.0,0.0,0.0,0.0,0.0,0.0,0.0,0.0,0.0,0.0,0.0,0.0,0.0,0.0,0.5,0.0,0.0,0.0,0.0,0.0,0,0,0,0,0,0,0,0,0,0,0,0,0,0,0,0,0,0,0,0,0,0,0,0,0,0,0,0,0,0,0,0,0,0,0,0,0,0,0,0
2026-05-20,,0.0,0.0,0.5,0.0,0.0,0.0,0.0,0.0,0.0,0.0,0.0,0.0,0.0,0.0,0.0,0.0,0.0,0.0,0.0,0.0,0.0,0.0,0.0,0.0,0.0,0.0,0.0,0.0,0.0,0.0,0.0,0.0,0.0,0.0,0.0,0.0,0.0,0.0,0.0,0,0,0,0,0,0,0,0,0,0,0,0,0,0,0,0,0,0,0,0,0,0,0,0,0,0,0,0,0,0,0,0,0,0,0,0,0,0,0,0
2026-05-21,4.0,0.0,1.0,0.0,0.0,0.0,0.0,0.0,0.0,4.5,1.0,0.0,0.5,0.0,0.0,0.0,0.0,0.0,0.0,0.0,0.0,,0.0,50.0,0.0,0.0,0.0,18.5,3.5,0.0,0.0,3.5,7.0,0.0,26.5,0.0,0.0,0.0,6.5,0.0,0,0,0,0,0,0,0,0,0,0,0,0,0,0,0,0,0,0,0,0,0,0,0,0,0,0,0,0,0,0,0,0,0,0,0,0,0,0,0,0
2026-05-22,,37.5,62.5,6.5,6.5,57.5,42.0,63.5,1.5,24.5,50.5,77.5,3.5,2.5,20.5,2.0,9.0,2.0,4.0,2.0,27.5,,25.5,7.5,2.5,5.0,34.5,37.5,50.5,4.0,6.5,28.5,14.0,72.5,35.5,7.0,0.5,2.5,47.5,4.0,0,0,0,0,0,0,0,0,0,0,0,0,0,0,0,0,0,0,0,0,0,0,0,0,0,0,0,0,0,0,0,0,0,0,0,0,0,0,0,0
2026-05-23,,0.0,0.0,0.0,0.5,0.0,0.5,0.0,0.0,0.0,0.0,0.0,0.0,0.5,0.0,0.5,1.0,0.0,0.5,0.0,0.0,,3.5,0.0,0.5,0.0,0.5,0.0,0.5,0.0,0.0,0.0,0.5,0.5,0.0,0.0,0.0,0.0,0.0,0.0,0,0,0,0,0,0,0,0,0,0,0,0,0,0,0,0,0,0,0,0,0,0,0,0,0,0,0,0,0,0,0,0,0,0,0,0,0,0,0,0
2026-05-24,5.5,2.0,4.5,5.0,46.0,4.5,6.0,2.0,0.0,7.0,12.5,0.0,3.5,10.0,24.5,24.5,4.5,5.0,1.0,3.5,0.5,,4.0,33.5,0.5,3.0,1.0,1.0,10.0,0.0,4.0,1.0,22.5,0.5,22.0,1.5,0.0,5.5,23.0,57.0,0,0,0,0,0,0,0,0,0,0,0,0,0,0,0,0,0,0,0,0,0,0,0,0,0,0,0,0,0,0,0,0,0,0,0,0,0,0,0,0
2026-05-25,10.0,6.5,5.0,18.0,29.5,26.0,30.0,41.0,41.0,14.5,36.0,9.5,5.0,14.0,5.0,16.0,10.0,10.0,9.5,9.5,10.0,,11.5,37.5,32.5,5.0,7.5,6.0,6.5,74.0,44.5,10.0,6.5,10.0,26.5,10.0,20.5,13.5,25.5,7.5,0,0,0,0,0,0,0,0,0,0,0,0,0,0,0,0,0,0,0,0,0,0,0,0,0,0,0,0,0,0,0,0,0,0,0,0,0,0,0,0
2026-05-26,0.0,16.0,9.0,4.5,1.5,3.5,5.5,8.0,42.0,23.5,17.0,6.0,33.5,16.5,6.5,8.5,4.5,3.5,8.5,3.5,25.0,,5.0,2.0,28.0,3.5,30.0,5.5,3.5,26.0,2.0,4.0,25.0,7.0,1.0,10.0,34.5,9.5,22.0,7.0,0,0,0,0,0,0,0,0,0,0,0,0,0,0,0,0,0,0,0,0,0,0,0,0,0,0,0,0,0,0,0,0,0,0,0,0,0,0,0,0
2026-05-27,0.0,13.5,4.0,0.5,0.0,0.0,0.5,0.0,11.5,3.0,6.0,0.0,5.5,0.0,28.0,0.5,3.5,2.5,0.5,1.5,3.5,,2.5,0.0,7.0,8.0,2.5,0.0,0.0,0.5,0.0,0.5,9.0,0.0,0.5,1.5,7.5,0.0,0.0,0.0,0,0,0,0,0,0,0,0,0,0,0,0,0,0,0,0,0,0,0,0,0,0,0,0,0,0,0,0,0,0,0,0,0,0,0,0,0,0,0,0
2026-05-28,0.0,0.0,0.5,0.0,0.0,0.0,0.0,0.0,0.5,0.0,0.0,0.0,10.0,0.0,5.0,0.5,0.0,0.0,0.0,0.0,0.0,,0.0,0.0,0.0,0.0,0.0,0.0,0.0,11.0,0.0,0.0,8.0,0.0,,0.0,0.0,0.0,0.0,16.5,0,0,0,0,0,0,0,0,0,0,0,0,0,0,0,0,0,0,0,0,0,0,0,0,0,0,0,0,0,0,0,0,0,0,0,0,0,0,0,0
2026-05-29,0.0,1.0,0.5,0.5,3.0,1.5,4.0,0.0,5.5,8.5,13.5,6.0,8.0,1.0,1.5,1.0,0.5,0.0,2.0,0.0,0.0,,0.5,2.5,14.0,0.0,0.0,1.5,0.5,23.0,3.0,3.5,7.5,5.5,12.0,0.0,2.5,0.0,15.0,4.0,0,0,0,0,0,0,0,0,0,0,0,0,0,0,0,0,0,0,0,0,0,0,0,0,0,0,0,0,0,0,0,0,0,0,0,0,0,0,0,0
2026-05-30,0.5,1.0,4.0,9.0,0.0,0.0,0.0,0.0,0.0,0.0,0.0,0.0,0.0,7.5,0.5,0.0,11.5,8.5,5.5,10.5,0.0,0.0,9.0,0.0,0.0,11.0,0.0,0.0,0.0,0.0,0.0,0.5,0.0,0.5,0.0,1.5,0.0,1.5,0.5,0.5,0,0,0,0,0,0,0,0,0,0,0,0,0,0,0,0,0,0,0,0,0,0,0,0,0,0,0,0,0,0,0,0,0,0,0,0,0,0,0,0
2026-05-31,0.0,11.5,1.5,0.0,11.5,13.5,15.5,0.0,29.5,6.5,0.0,30.5,5.5,0.0,36.5,30.0,0.0,0.5,0.0,0.5,1.0,0.0,0.0,0.0,8.5,0.0,0.5,16.0,0.0,11.0,1.5,22.0,10.5,32.0,0.0,0.0,30.5,2.0,2.5,37.0,0,0,0,0,0,0,0,0,0,0,0,0,0,0,0,0,0,0,0,0,0,0,0,0,0,0,0,0,0,0,0,0,0,0,0,0,0,0,0,0
2026-06-01,,,,,,,,,,,,,,,,,,,,,,,,,,,,,,,,,,,,,,,,,0,0,0,0,0,0,0,0,0,0,0,0,0,0,0,0,0,0,0,0,0,0,0,0,0,0,0,0,0,0,0,0,0,0,0,0,0,0,0,0
