{
  "pasir_kemudi": {
    "r2_daily": -0.19524645805358887,
    "r2_weekly": -0.7503886699018474,
    "r2_monthly": -2.1888872585463113,
    "wet_dry_acc": 0.5391120507399577,
    "n_test": 473
  },
  "felda_panching": {
    "r2_daily": -4989267.5,
    "r2_weekly": -14747274.038233284,
    "r2_monthly": -14738698.428959912,
    "wet_dry_acc": 0.02748414376321353,
    "n_test": 473
  },
  "komtur": {
    "r2_daily": -0.005204319953918457,
    "r2_weekly": -0.025234794899270385,
    "r2_monthly": -0.07053207248003956,
    "wet_dry_acc": 0.9351464435146444,
    "n_test": 478
  },
  "sg_belat": {
    "r2_daily": -0.15097296237945557,
    "r2_weekly": -0.5944397117421141,
    "r2_monthly": -1.8402851749286122,
    "wet_dry_acc": 0.4503171247357294,
    "n_test": 473
  },
  "sg_cherating": {
    "r2_daily": -0.11361980438232422,
    "r2_weekly": -0.35945284399880895,
    "r2_monthly": -0.7692790079869609,
    "wet_dry_acc": 0.5591182364729459,
    "n_test": 499
  }
}