{
  "pasir_kemudi": {
    "r2_monthly": 0.5902789837268572,
    "r2_ridge": 0.3278963063644873,
    "r2_xgb_log": -0.03924740442840968,
    "r2_xgb_lin": 0.3155592969589184,
    "r2_era5_only": 0.5902789837268572,
    "r2_blend": 0.526416615094931,
    "rmse_mm": 87.02913838427868,
    "bias_mm": -5.724283752069027,
    "corr": 0.778224093445684,
    "n_test_months": 19,
    "best_model": "era5_log"
  },
  "felda_panching": {
    "r2_monthly": null,
    "note": "sensor offline, n_test=0"
  },
  "komtur": {
    "r2_monthly": null,
    "note": "sensor offline, n_test=0"
  },
  "sg_belat": {
    "r2_monthly": 0.49310998987085597,
    "r2_ridge": -1.5709695916628466,
    "r2_xgb_log": 0.38935384356384817,
    "r2_xgb_lin": 0.3254183492031697,
    "r2_era5_only": 0.49254992950232557,
    "r2_blend": 0.49310998987085597,
    "rmse_mm": 124.70308602849975,
    "bias_mm": -23.4655840543698,
    "corr": 0.889071609203196,
    "n_test_months": 19,
    "best_model": "blend"
  },
  "sg_cherating": {
    "r2_monthly": 0.7218519245258673,
    "r2_ridge": 0.667765671698698,
    "r2_xgb_log": 0.37211258970773076,
    "r2_xgb_lin": 0.6012074050258793,
    "r2_era5_only": 0.6981603749194217,
    "r2_blend": 0.7218519245258673,
    "rmse_mm": 120.78080172425486,
    "bias_mm": -4.039259007164134,
    "corr": 0.9183772924502757,
    "n_test_months": 19,
    "best_model": "blend"
  }
}